Return,Q
1.0101,720.185527402396
2,3291.3366220903376
5,5033.624839568866
10,6133.681739763731
25,7437.2602117094875
50,8346.13025153486
100,9202.959736243303
200,10009.415867359126
