WaterYear,Class,Flow_Exceedance,Flow_min,Flow_mean,Flow_max,Volume,ExceedanceMean,ExceedanceMedian,ExceedanceMeanQ3070
1967,Very Wet,Q3,257.70968865072973,1845.1831841526596,5513.419393582916,58.349120722549024,0.043000000000000003,0.057,0.022
2013,Wet,Q12,195.0615901578589,1340.744245857123,3574.946118586839,42.28171053735021,0.253,0.14200000000000002,0.116
2002,Median,Q50,193.63700368409016,1072.9937056285282,3846.3561435461793,33.83792950070126,0.506,0.443,0.485
1990,Dry,Q90,199.0925590239552,771.1967288680877,2293.9632006513275,24.32046004158404,0.769,0.916,0.874
1996,Very Dry,Q97,102.69188909931223,547.3046510979088,1399.6225280663384,17.259799477023662,0.937,0.969,0.9580000000000001
