Return,Q
1.0101,558.0310588126417
2,2926.017958280294
5,4545.404843147694
10,5547.325560908341
25,6711.355003912636
50,7503.008829182417
100,8233.607678856484
200,8910.28650182524
