Return,Q
1.0101,557.0135574863369
2,2943.0213780566655
5,4586.595756311503
10,5603.7416800337905
25,6786.667495979886
50,7591.824788562804
100,8335.319121637423
200,9024.265275610167
