Month,WC1,WC2
10,-0.16,-0.243919665
11,-0.2,-0.296010551
12,-0.17,-0.396367468
1,-0.18,-0.326545808
2,-0.16,-0.324661126
3,-0.41,-0.395765397
4,-0.29,-0.386357678
5,-0.24,-0.362866476
6,-0.24,-0.350233472
7,-0.17,-0.335436778
8,-0.17,-0.334548382
9,-0.14,-0.293764322
