ModelName,OutputPrefix,Description,EWRCatSet,HeadpondLift,Capacity,MinimumHead,MinimumFlowUnit,FixedTailwater,UnitsAvailable,RatedDischarge,RatedHead,RatedTurbineEfficiency,RatedGeneratorEfficiency,MaximumLoadFactor,RatedPower,Mean,P95,P90,P75,P50,P25,P10,P5,StDev,CoefVar,Max,Min,CapFactor,CalYearMean,CalYearStDev,CalYearCoefVar,AutoCorrel,Power_max,CapFactor_Power_max,Power_Turbine1_max
Base Case,base,Base Case,Recommendation 1,0.0,180,10,50,0,4,250,21.7,0.943,0.98,1.1,49.182037695,832484.4512577092,718504.4353064356,756610.1338770951,792216.1229578069,838164.5791294983,876248.25314342,921914.6890414895,958252.9067786762,81971.23794086132,0.09846578854057873,1018971.1326182806,493939.1830730327,0.5279581755820074,832586.9236161226,78237.12554264748,0.09396871764793649,,193.90840486585117,0.49014981804591756,60.655002779664876
Fixed Tailwater,fixedtail,Tailwater level remains fixed at 970m,Recommendation 1,0.0,180,10,50,970,4,250,21.7,0.943,0.98,1.1,49.1820377,831864.8096,629301.1178,681795.7285,778222.7409999998,838962.4869,919204.9103,988499.0616,1016993.835,125135.9845,0.15042827,1064820.88,406078.8421,0.527565201,831901.9985,128528.7165,0.154499829,,185.716331,0.511349654,47.91267712
MW162,mw162,Capacity reduced to 162MW,Recommendation 1,0.0,162,10,45,0,4,225,21.7,0.943,0.98,1.1,44.26383393,810286.4426,703321.3542,746949.5818,773727.1113,811626.3581,854645.6829,889702.0511,925105.9907,75364.94082,0.093010245,985903.4592,497224.261,0.570978101,810485.0343,71980.39705,0.088811507,,182.0784121,0.5081388920000001,55.28189423
Headpond50cm,head50,Headpond level increased by 50cm,Recommendation 1,0.5,180,10,50,0,4,250,21.7,0.943,0.98,1.1,49.1820377,858428.0503,738237.6762,780003.1496,815966.1459,862798.9157,906300.4029,947996.5943,984739.5547,84862.83487,0.098858413,1045924.325,504541.8933,0.544411498,858553.1815,81936.85035,0.095435964,,198.8666897,0.49283444200000004,61.90595798
EWRAllCs,allcs,All river reaches at a C rather than B environmental assurance level,All Cs,0.0,180,10,50,0,4,250,21.7,0.943,0.98,1.1,49.1820377,860379.6637,745576.2876,784348.7527,823073.7695,864005.3692,904172.3793,950793.4933,986760.036,81491.36085,0.09471558199999999,1048284.688,526114.4351,0.545649203,860548.4912,77696.67115,0.09028738300000001,,195.05991740000002,0.503620274,60.98303798
