ModelName,OutputPrefix,EWRCatSet,HeadpondLift,Capacity,FixedTailwater,Mean,P95,P90,P75,P50,P25,P10,P5,StDev,CoefVar,aa,Max,Min
Base Case,base,Recommendation 1,0,180,0,832122.5454981165,717411.2506404635,754939.0906845229,791546.596541212,838317.5622570866,875946.936581258,921509.9426769661,957736.9175488441,82094.79736464543,0.0986571002177362,,1018276.0420125171,493500.3847431797
Fixed Tailwater,fixedtail,Recommendation 1,0,180,970,831428.8904331613,628030.2044698995,681507.5974159226,777448.679780939,837482.6233185688,919293.1836702208,988011.2124593692,1016481.9640953252,125170.39989269721,0.1505485331733967,1.0,,
