ModelName,OutputPrefix,EWRCatSet,HeadpondLift,Capacity,FixedTailwater,Mean,P95,P90,P75,P50,P25,P10,P5,StDev,CoefVar,Max,Min,CapFactor,CalYearMean,CalYearStDev,CalYearCoefVar
Base Case,base,Recommendation 1,0,180,0,832122.5455,717411.2506,754939.0907,791546.5965,838317.5623,875946.9366,921509.9427,957736.9175,82094.79736,0.0986571,1018276.042,493500.3847,0.527728656,832218.3715,78428.05657,0.094239756
Fixed Tailwater,fixedtail,Recommendation 1,0,180,970,831428.8904,628030.2045,681507.5974,777448.6798,837482.6233,919293.1837,988011.2125,1016481.964,125170.3999,0.150548533,1064406.452,405736.9641,0.527288743,831459.4225,128603.4597,0.154671961
MW162,mw162,Recommendation 1,0,162,0,807544.2514725762,700369.4107675343,743105.6796626779,771463.9320380188,809637.4755043016,851674.101822633,887605.1008420406,921990.9572263316,75470.2471383744,0.09345648489324591,982122.3859873639,494262.82312154263,0.5121412046376053,807733.5639037613,72182.23308156613,0.08936391442335358
