ModelName,OutputPrefix,EWRCatSet,HeadpondLift,Capacity,FixedTailwater,Mean,P95,P90,P75,P50,P25,P10,P5,StDev,CoefVar,aa
Base Case,base,Recommendation 1,0,180,0,832122.5455,717411.2506,754939.0907,791546.5965,838317.5623,875946.9366,921509.9427,957736.9175,82094.79736,0.0986571,
Fixed Tailwater,fixedtail,Recommendation 1,0,180,970,831428.8904331613,628030.2044698995,681507.5974159226,777448.679780939,837482.6233185687,919293.1836702207,988011.2124593691,1016481.9640953252,125170.3998926972,0.1505485331733967,1.0
