ModelName,OutputPrefix,Description,EWRCatSet,HeadpondLift,Capacity,FixedTailwater,Mean,P95,P90,P75,P50,P25,P10,P5,StDev,CoefVar,Max,Min,CapFactor,CalYearMean,CalYearStDev,CalYearCoefVar
Base Case,base,Base Case,Recommendation 1,0.0,180,0,832122.5455,717411.2506,754939.0907,791546.5965,838317.5623,875946.9366,921509.9427,957736.9175,82094.79736,0.0986571,1018276.042,493500.3847,0.527728656,832218.3715,78428.05657,0.094239756
Fixed Tailwater,fixedtail,Tailwater level remains fixed at 970m,Recommendation 1,0.0,180,970,831428.8904,628030.2045,681507.5974,777448.6798,837482.6233,919293.1837,988011.2125,1016481.964,125170.3999,0.150548533,1064406.452,405736.9641,0.527288743,831459.4225,128603.4597,0.154671961
MW162,mw162,Installed capacity reduced to 162MW,Recommendation 1,0.0,162,0,807544.2515,700369.4108,743105.6797,771463.932,809637.4755,851674.1018,887605.1008,921990.9572,75470.24713999999,0.093456485,982122.3859999999,494262.8231,0.569045783,807733.5639,72182.23307999999,0.089363914
MW144,mw144,Installed capacity reduced to 142MW,Recommendation 1,0.0,142,0,766570.7141112336,679744.3859353596,708282.1281575715,737361.9103321213,763755.6018157473,805508.3760849987,839574.4661904402,870811.1618326574,66555.61300990584,0.08682253546180771,925512.6164111965,496517.70123378036,0.6162540308952613,766929.0358302081,63119.329871288464,0.08230139546478532
Headpond50cm,head50,Headpond level increased by 50cm,Recommendation 1,0.5,180,0,858051.9244,737056.6656,779147.8918,815574.3487,862354.2486,906247.8602,947605.1557,984197.4094,84985.16937,0.09904432,1045190.215,504075.0113,0.544172961,858170.2247,82120.18338999999,0.095692184
EWRAllCs,allcs,All river reaches at a C rather than B environmental assurance level,All Cs,0.0,180,0,860068.2569,744670.6317,784275.8964,823016.5457,864336.6172,903050.7716,950632.4827,986114.6324,81610.66276,0.09488858800000001,1047437.656,525711.0948,0.54545171,860230.0755,77888.5693,0.09054388099999999
