ModelName,OutputPrefix,Description,EWRCatSet,HeadpondLift,Capacity,FixedTailwater,Mean,P95,P90,P75,P50,P25,P10,P5,StDev,CoefVar,Max,Min,CapFactor,CalYearMean,CalYearStDev,CalYearCoefVar
Base Case,base,Base Case,Recommendation 1,0.0,180,0,832122.5454981165,717411.2506404635,754939.0906845229,791546.596541212,838317.5622570866,875946.936581258,921509.9426769661,957736.9175488441,82094.79736464543,0.0986571002177362,1018276.0420125171,493500.3847431797,0.5277286564549192,832218.3715456757,78428.05656614655,0.09423975635202868
Fixed Tailwater,fixedtail,Tailwater level remains fixed at 970m,Recommendation 1,0.0,180,970,831428.8904331613,628030.2044698995,681507.5974159226,777448.679780939,837482.6233185688,919293.1836702208,988011.2124593692,1016481.9640953252,125170.39989269721,0.1505485331733967,1064406.452257879,405736.96414287563,0.5272887432985547,831459.4225411225,128603.45968482885,0.15467196137099326
MW162,mw162,Installed capacity reduced to 162,Recommendation 1,0.0,162,0,807544.2514725763,700369.4107675343,743105.6796626779,771463.9320380187,809637.4755043016,851674.101822633,887605.1008420406,921990.9572263316,75470.2471383744,0.09345648489324593,982122.3859873641,494262.8231215426,0.5690457829306725,807733.5639037612,72182.23308156613,0.08936391442335358
Headpond50cm,head50,Headpond level increased by 50cm,Recommendation 1,0.5,180,0,858051.9243995148,737056.6656267184,779147.8918365758,815574.3486564639,862354.2485669103,906247.8602079331,947605.1557003056,984197.409415043,84985.169373036,0.09904431999556512,1045190.2149303568,504075.01125725405,0.5441729606795503,858170.2247300522,82120.18338982166,0.0956921843980937
EWRAllCs,allcs,All river reaches at a C rather than B environmental assurance level,All Cs,0.0,180,0,860068.2569202287,744670.6317065515,784275.8964232468,823016.545716016,864336.6171775172,903050.7716023941,950632.4827421523,986114.6324036649,81610.6627634331,0.09488858832631288,1047437.6557399995,525711.0947830093,0.5454517103755891,860230.0755220854,77888.56929519848,0.09054388065649394
