ModelName,OutputPrefix,Description,EWRCatSet,HeadpondLift,Capacity,FixedTailwater,Mean,P95,P90,P75,P50,P25,P10,P5,StDev,CoefVar,Max,Min,CapFactor,CalYearMean,CalYearStDev,CalYearCoefVar,AutoCorrel,Power_max,CapFactor_Power_max
Base Case,base,Base Case,Recommendation 1,0.0,180,0,832484.2481867719,718504.4353064356,756610.1338770952,792216.1229578069,838164.5791294983,876248.25314342,921914.6890414895,958252.9067786764,81971.20769583028,0.0984657762286448,1018971.1326182806,493939.1830730327,0.5279580467952638,832586.7183378923,78237.15475241077,0.09396877589952073,,193.90840486585117,0.4901496971971697
Fixed Tailwater,fixedtail,Tailwater level remains fixed at 970m,Recommendation 1,0.0,180,970,831428.8904,628030.2045,681507.5974,777448.6798,837482.6233,919293.1837,988011.2125,1016481.964,125170.3999,0.150548533,1064406.452,405736.9641,0.527288743,831459.4225,128603.4597,0.154671961,,,
MW162,mw162,Capacity reduced to 162MW,Recommendation 1,0.0,162,0,807544.2515,700369.4108,743105.6797,771463.932,809637.4755,851674.1018,887605.1008,921990.9572,75470.24713999999,0.093456485,982122.386,494262.8231,0.569045783,807733.5639,72182.23307999999,0.089363914,,,
Headpond50cm,head50,Headpond level increased by 50cm,Recommendation 1,0.5,180,0,858051.9244,737056.6656,779147.8918,815574.3487,862354.2486,906247.8602,947605.1557,984197.4094,84985.16937,0.09904432,1045190.215,504075.0113,0.544172961,858170.2247,82120.18338999999,0.095692184,,,
EWRAllCs,allcs,All river reaches at a C rather than B environmental assurance level,All Cs,0.0,180,0,860068.2569,744670.6317,784275.8964,823016.5457,864336.6172,903050.7716,950632.4827,986114.6324,81610.66276,0.094888588,1047437.656,525711.0948,0.54545171,860230.0755,77888.5693,0.090543881,,,
