ModelName,OutputPrefix,Description,EWRCatSet,HeadpondLift,Capacity,FixedTailwater,UnitsAvailable,Mean,P95,P90,P75,P50,P25,P10,P5,StDev,CoefVar,Max,Min,CapFactor,CalYearMean,CalYearStDev,CalYearCoefVar,AutoCorrel,Power_max,CapFactor_Power_max
Base Case,base,Base Case,Recommendation 1,0.0,180,0,4,832484.2482,718504.4353,756610.1339,792216.123,838164.5791,876248.2531,921914.689,958252.9068,81971.2077,0.09846577599999999,1018971.1329999999,493939.1831,0.527958047,832586.7183,78237.15475,0.09396877599999999,,193.90840490000002,0.49014969700000005
1 Unit Available,oneunit,Base Case,Recommendation 1,0.0,180,0,1,393443.79458556324,363576.7155984236,370691.9718527562,378172.0759773263,391930.56430013705,405428.8692578409,426912.5271209671,432169.0020374784,21870.722040668716,0.05558791965115727,445254.6523311289,343325.66463165963,0.24952041767222424,393917.6141259368,18551.91229015431,0.04709591961587988,,60.655002779664876,0.7413694189905028
Fixed Tailwater,fixedtail,Tailwater level remains fixed at 970m,Recommendation 1,0.0,180,970,4,,,,,,,,,,,,,,,,,,,
MW162,mw162,Capacity reduced to 162MW,Recommendation 1,0.0,162,0,4,,,,,,,,,,,,,,,,,,,
Headpond50cm,head50,Headpond level increased by 50cm,Recommendation 1,0.5,180,0,4,,,,,,,,,,,,,,,,,,,
EWRAllCs,allcs,All river reaches at a C rather than B environmental assurance level,All Cs,0.0,180,0,4,,,,,,,,,,,,,,,,,,,
