ModelName,OutputPrefix,Description,EWRCatSet,HeadpondLift,Capacity,FixedTailwater,Mean,P95,P90,P75,P50,P25,P10,P5,StDev,CoefVar,Max,Min,CapFactor,CalYearMean,CalYearStDev,CalYearCoefVar
Base Case,base,Base Case,Recommendation 1,0,180,0,832122.5455,717411.2506,754939.0907,791546.5965,838317.5623,875946.9366,921509.9427,957736.9175,82094.79736,0.0986571,1018276.042,493500.3847,0.527728656,832218.3715,78428.05657,0.094239756
Fixed Tailwater,fixedtail,Tailwater level remains fixed at 970m,Recommendation 1,0,180,970,831428.8904,628030.2045,681507.5974,777448.6798,837482.6233,919293.1837,988011.2125,1016481.964,125170.3999,0.150548533,1064406.452,405736.9641,0.527288743,831459.4225,128603.4597,0.154671961
MW171,mw171,Capacity reduced to 171MW,Recommendation 1,0,171,0,821322.4706,710283.2893,749082.5842,784712.4021,824799.1508,864568.7328,905799.6,941266.9657,78909.88382,0.096076616,1001264.823,493939.2722,0.548293994,821466.8551,75593.89241,0.092023058
MW162,mw162,Capacity reduced to 162MW,Recommendation 1,0,162,0,807544.2515,700369.4108,743105.6797,771463.932,809637.4755,851674.1018,887605.1008,921990.9572,75470.24714,0.093456485,982122.386,494262.8231,0.569045783,807733.5639,72182.23308,0.089363914
MW153,mw153,Capacity reduced to 153MW,Recommendation 1,0,153,0,788302.1616,690333.335,725082.5335,756159.3665,786385.8478,831144.3279,861285.7064,897324.2239,71059.28405,0.090142191,955229.1272,495335.578,0.588162296,788555.7913,67709.47448,0.085865167
MW144,mw144,Capacity reduced to 142MW,Recommendation 1,0,142,0,766570.7141,679744.3859,708282.1282,737361.9103,763755.6018,805508.3761,839574.4662,870811.1618,66555.61301,0.086822535,925512.6164,496517.7012,0.616254031,766929.0358,63119.32987,0.082301395
Headpond50cm,head50,Headpond level increased by 50cm,Recommendation 1,0.5,180,0,858051.9244,737056.6656,779147.8918,815574.3487,862354.2486,906247.8602,947605.1557,984197.4094,84985.16937,0.09904432,1045190.215,504075.0113,0.544172961,858170.2247,82120.18339,0.095692184
EWRAllCs,allcs,All river reaches at a C rather than B environmental assurance level,All Cs,0,180,0,860068.2569,744670.6317,784275.8964,823016.5457,864336.6172,903050.7716,950632.4827,986114.6324,81610.66276,0.094888588,1047437.656,525711.0948,0.54545171,860230.0755,77888.5693,0.090543881
