ModelName,OutputPrefix,EWRCatSet,HeadpondLift,Capacity,FixedTailwater,Mean,aa,P95,P90,P75,P50,P25,P10,P5,StDev,CoefVar
Base Case,base,Recommendation 1,0,180,False,832122.5454981165,1.0,717411.2506404635,754939.0906845229,791546.596541212,838317.5622570866,875946.936581258,921509.9426769661,957736.9175488441,82094.79736464543,0.0986571002177362
