Date,LaggedDate,VicFalls,Conversion,Flow,Exceedance,Year,Month,Day,MonthId,WaterYear,WaterMonth,WaterDay,WaterWeek,Volume,Flow_difference,Flow_difference_pct,EWRRefExceedance,EWRBandNo,EWRBandLabel,EWRChannelA,EWRChannelC,EWRChannelD,EWRChannelE,EWRChannelFG,EWRTotal,EWRProportion,FlowAvailableForGeneration,FlowCanal,LowFlowShutoff,Turbines,FlowTurbine1,FlowTurbine2,FlowTurbine3,FlowTurbine4,FlowSpill,SpillChannelA,SpillChannelC,SpillChannelD,SpillChannelE,SpillChannelFG,FlowChannelA,FlowChannelC,FlowChannelD,FlowChannelE,FlowChannelFG,FlowLeftChannel,LevelHeadpond,LevelTailwater,HeadGross,HeadlossLeftChannel,HeadlossCanal,LevelForebay,HeadlossTurbine1,HeadlossTurbine2,HeadlossTurbine3,HeadlossTurbine4,HeadTurbine1,HeadTurbine2,HeadTurbine3,HeadTurbine4,LowHeadShutoff,EffTurbine1,EffTurbine2,EffTurbine3,EffTurbine4,PowerTurbine1,PowerTurbine2,PowerTurbine3,PowerTurbine4,LoadFactorTurbine1,LoadFactorTurbine2,LoadFactorTurbine3,LoadFactorTurbine4,EffGen1,EffGen2,EffGen3,EffGen4,PowerGenerator1,PowerGenerator2,PowerGenerator3,PowerGenerator4,Power,Energy,PerfMwPerCumec,PerfMWhPerm3,ExceedanceRnd
1929-10-01,1929-10-12,197.3191,0.9892995851469644,195.20770377157243,0.965,1929,10,1,1929.1,1929,1,1,1,0.0168659456058638,0.0,0.0,0.89,4,Mod_Dry,31,4,3,2,33,73.0,0.37396065108897,122.20770377157244,122.20770377157244,,1,122.20770377157244,0.0,0.0,0.0,0.0,0.0,0.0,0.0,0.0,0.0,31.0,4.0,3.0,2.0,33.0,160.20770377157243,990.0,964.4095845924568,25.59041540754322,0.0920735865739738,0.0022207703771572,989.9057056430488,0.105741404562536,0.0,0.0,0.0,25.3903796460296,25.4,25.4,25.4,,0.904240422632142,0.0,0.0,0.0,27.516322804984352,0.0,0.0,0.0,0.5604139064151599,0.0,0.0,0.0,0.97,0.96,0.96,0.96,26.69083312083482,0.0,0.0,0.0,26.69083312083482,640.5799949000357,0.1367304292051292,6.066819097756139e-05,0.965
1929-10-02,1929-10-13,197.3191,0.9892995851469644,195.20770377157243,0.965,1929,10,2,1929.1,1929,1,2,1,0.0168659456058638,0.0,0.0,0.89,4,Mod_Dry,31,4,3,2,33,73.0,0.37396065108897,122.20770377157244,122.20770377157244,,1,122.20770377157244,0.0,0.0,0.0,0.0,0.0,0.0,0.0,0.0,0.0,31.0,4.0,3.0,2.0,33.0,160.20770377157243,990.0,964.4095845924568,25.59041540754322,0.0920735865739738,0.0022207703771572,989.9057056430488,0.105741404562536,0.0,0.0,0.0,25.3903796460296,25.4,25.4,25.4,,0.904240422632142,0.0,0.0,0.0,27.516322804984352,0.0,0.0,0.0,0.5604139064151599,0.0,0.0,0.0,0.97,0.96,0.96,0.96,26.69083312083482,0.0,0.0,0.0,26.69083312083482,640.5799949000357,0.1367304292051292,6.066819097756139e-05,0.965
1929-10-03,1929-10-14,194.4177,1.0019441346365396,194.7956741845264,0.967,1929,10,3,1929.1,1929,1,3,1,0.016830346249543,0.4120295870460211,0.0021151885880982,0.89,4,Mod_Dry,31,4,3,2,33,73.0,0.3747516483905511,121.7956741845264,121.7956741845264,,1,121.7956741845264,0.0,0.0,0.0,0.0,0.0,0.0,0.0,0.0,0.0,31.0,4.0,3.0,2.0,33.0,159.7956741845264,990.0,964.410408651631,25.589591348369023,0.091928168015909,0.0021795674184526,989.9058922645656,0.1050244730810759,0.0,0.0,0.0,25.390459139853583,25.4,25.4,25.4,,0.90389497770613,0.0,0.0,0.0,27.4131593707418,0.0,0.0,0.0,0.5583128181413809,0.0,0.0,0.0,0.97,0.96,0.96,0.96,26.590764589619543,0.0,0.0,0.0,26.590764589619543,638.1783501508692,0.1365059296154112,6.064520391689691e-05,0.965
1929-10-04,1929-10-15,191.5433,1.0070581277156851,192.89523707448373,0.971,1929,10,4,1929.1,1929,1,4,1,0.0166661484832353,1.9004371100426736,0.0098521722924078,0.89,4,Mod_Dry,31,4,3,2,33,73.0,0.3784437661973587,119.89523707448372,119.89523707448372,,1,119.89523707448372,0.0,0.0,0.0,0.0,0.0,0.0,0.0,0.0,0.0,31.0,4.0,3.0,2.0,33.0,157.89523707448373,990.0,964.414209525851,25.585790474149007,0.0912574423376475,0.0019895237074483,989.9067530339548,0.101726093543643,0.0,0.0,0.0,25.390817414560196,25.4,25.4,25.4,,0.9023016723041202,0.0,0.0,0.0,26.93823114113493,0.0,0.0,0.0,0.54864014544063,0.0,0.0,0.0,0.97,0.96,0.96,0.96,26.13008420690088,0.0,0.0,0.0,26.13008420690088,627.1220209656212,0.135462568196078,6.0539158195499897e-05,0.97
1929-10-05,1929-10-16,191.5433,1.0070581277156851,192.89523707448373,0.971,1929,10,5,1929.1,1929,1,5,1,0.0166661484832353,0.0,0.0,0.89,4,Mod_Dry,31,4,3,2,33,73.0,0.3784437661973587,119.89523707448372,119.89523707448372,,1,119.89523707448372,0.0,0.0,0.0,0.0,0.0,0.0,0.0,0.0,0.0,31.0,4.0,3.0,2.0,33.0,157.89523707448373,990.0,964.414209525851,25.585790474149007,0.0912574423376475,0.0019895237074483,989.9067530339548,0.101726093543643,0.0,0.0,0.0,25.390817414560196,25.4,25.4,25.4,,0.9023016723041202,0.0,0.0,0.0,26.93823114113493,0.0,0.0,0.0,0.54864014544063,0.0,0.0,0.0,0.97,0.96,0.96,0.96,26.13008420690088,0.0,0.0,0.0,26.13008420690088,627.1220209656212,0.135462568196078,6.0539158195499897e-05,0.97
1929-10-06,1929-10-17,191.5433,1.0070581277156851,192.89523707448373,0.971,1929,10,6,1929.1,1929,1,6,1,0.0166661484832353,0.0,0.0,0.89,4,Mod_Dry,31,4,3,2,33,73.0,0.3784437661973587,119.89523707448372,119.89523707448372,,1,119.89523707448372,0.0,0.0,0.0,0.0,0.0,0.0,0.0,0.0,0.0,31.0,4.0,3.0,2.0,33.0,157.89523707448373,990.0,964.414209525851,25.585790474149007,0.0912574423376475,0.0019895237074483,989.9067530339548,0.101726093543643,0.0,0.0,0.0,25.390817414560196,25.4,25.4,25.4,,0.9023016723041202,0.0,0.0,0.0,26.93823114113493,0.0,0.0,0.0,0.54864014544063,0.0,0.0,0.0,0.97,0.96,0.96,0.96,26.13008420690088,0.0,0.0,0.0,26.13008420690088,627.1220209656212,0.135462568196078,6.0539158195499897e-05,0.97
1929-10-07,1929-10-18,188.6959,1.0242652879741163,193.27466035303507,0.97,1929,10,7,1929.1,1929,1,7,1,0.0166989306545022,0.3794232785513429,0.0019631299719181,0.89,4,Mod_Dry,31,4,3,2,33,73.0,0.377700831897251,120.27466035303507,120.27466035303507,,1,120.27466035303507,0.0,0.0,0.0,0.0,0.0,0.0,0.0,0.0,0.0,31.0,4.0,3.0,2.0,33.0,158.27466035303507,990.0,964.413450679294,25.586549320706126,0.0913913530756087,0.0020274660353035,989.906581180889,0.102377909014281,0.0,0.0,0.0,25.390752592580867,25.4,25.4,25.4,,0.9026197809386576,0.0,0.0,0.0,27.03293867795027,0.0,0.0,0.0,0.550569015844201,0.0,0.0,0.0,0.97,0.96,0.96,0.96,26.22195051761176,0.0,0.0,0.0,26.22195051761176,629.3268124226822,0.135671952390007,6.05603468128791e-05,0.97
1929-10-08,1929-10-19,180.3141,1.0466171465371623,188.71982882241664,0.978,1929,10,8,1929.1,1929,1,8,2,0.0163053932102567,4.554831530618458,0.0241354157591172,0.89,4,Mod_Dry,31,4,3,2,33,73.0,0.3868167985076556,115.71982882241664,115.71982882241664,,1,115.71982882241664,0.0,0.0,0.0,0.0,0.0,0.0,0.0,0.0,0.0,31.0,4.0,3.0,2.0,33.0,153.71982882241664,990.0,964.4225603423552,25.577439657644845,0.0897838058162983,0.0015719828822416,989.9086442113014,0.0947949158452116,0.0,0.0,0.0,25.39128895310104,25.4,25.4,25.4,,0.898800792403316,0.0,0.0,0.0,25.899696591050983,0.0,0.0,0.0,0.5274887289419753,0.0,0.0,0.0,0.97,0.96,0.96,0.96,25.122705693319457,0.0,0.0,0.0,25.122705693319457,602.9449366396669,0.1331217066594504,6.030538957990198e-05,0.98
1929-10-09,1929-10-20,183.0814,1.0336364301739838,189.2396047272552,0.977,1929,10,9,1929.1,1929,1,9,2,0.0163503018484348,0.5197759048385535,0.0027466549911034,0.89,4,Mod_Dry,31,4,3,2,33,73.0,0.3857543462173919,116.2396047272552,116.2396047272552,,1,116.2396047272552,0.0,0.0,0.0,0.0,0.0,0.0,0.0,0.0,0.0,31.0,4.0,3.0,2.0,33.0,154.2396047272552,990.0,964.4215207905456,25.578479209454485,0.0899672515322731,0.0016239604727255,989.9084087879952,0.0956577438472436,0.0,0.0,0.0,25.391230253602327,25.4,25.4,25.4,,0.8992365925313872,0.0,0.0,0.0,26.028583798769493,0.0,0.0,0.0,0.5301137229891953,0.0,0.0,0.0,0.97,0.96,0.96,0.96,25.247726284806408,0.0,0.0,0.0,25.247726284806408,605.9454308353538,0.1334167143352213,6.033449027799976e-05,0.975
1929-10-10,1929-10-21,180.3141,1.0466171465371623,188.71982882241664,0.978,1929,10,10,1929.1,1929,1,10,2,0.0163053932102567,0.5197759048385535,0.0027542198828913,0.89,4,Mod_Dry,31,4,3,2,33,73.0,0.3868167985076556,115.71982882241664,115.71982882241664,,1,115.71982882241664,0.0,0.0,0.0,0.0,0.0,0.0,0.0,0.0,0.0,31.0,4.0,3.0,2.0,33.0,153.71982882241664,990.0,964.4225603423552,25.577439657644845,0.0897838058162983,0.0015719828822416,989.9086442113014,0.0947949158452116,0.0,0.0,0.0,25.39128895310104,25.4,25.4,25.4,,0.898800792403316,0.0,0.0,0.0,25.899696591050983,0.0,0.0,0.0,0.5274887289419753,0.0,0.0,0.0,0.97,0.96,0.96,0.96,25.122705693319457,0.0,0.0,0.0,25.122705693319457,602.9449366396669,0.1331217066594504,6.030538957990198e-05,0.98
1929-10-11,1929-10-22,180.3141,1.0466171465371623,188.71982882241664,0.978,1929,10,11,1929.1,1929,1,11,2,0.0163053932102567,0.0,0.0,0.87,4,Mod_Dry,31,4,3,2,33,73.0,0.3868167985076556,115.71982882241664,115.71982882241664,,1,115.71982882241664,0.0,0.0,0.0,0.0,0.0,0.0,0.0,0.0,0.0,31.0,4.0,3.0,2.0,33.0,153.71982882241664,990.0,964.4225603423552,25.577439657644845,0.0897838058162983,0.0015719828822416,989.9086442113014,0.0947949158452116,0.0,0.0,0.0,25.39128895310104,25.4,25.4,25.4,,0.898800792403316,0.0,0.0,0.0,25.899696591050983,0.0,0.0,0.0,0.5274887289419753,0.0,0.0,0.0,0.97,0.96,0.96,0.96,25.122705693319457,0.0,0.0,0.0,25.122705693319457,602.9449366396669,0.1331217066594504,6.030538957990198e-05,0.98
1929-10-12,1929-10-23,180.3141,1.0466171465371623,188.71982882241664,0.978,1929,10,12,1929.1,1929,1,12,2,0.0163053932102567,0.0,0.0,0.87,4,Mod_Dry,31,4,3,2,33,73.0,0.3868167985076556,115.71982882241664,115.71982882241664,,1,115.71982882241664,0.0,0.0,0.0,0.0,0.0,0.0,0.0,0.0,0.0,31.0,4.0,3.0,2.0,33.0,153.71982882241664,990.0,964.4225603423552,25.577439657644845,0.0897838058162983,0.0015719828822416,989.9086442113014,0.0947949158452116,0.0,0.0,0.0,25.39128895310104,25.4,25.4,25.4,,0.898800792403316,0.0,0.0,0.0,25.899696591050983,0.0,0.0,0.0,0.5274887289419753,0.0,0.0,0.0,0.97,0.96,0.96,0.96,25.122705693319457,0.0,0.0,0.0,25.122705693319457,602.9449366396669,0.1331217066594504,6.030538957990198e-05,0.98
1929-10-13,1929-10-24,180.3141,1.0466171465371623,188.71982882241664,0.978,1929,10,13,1929.1,1929,1,13,2,0.0163053932102567,0.0,0.0,0.87,4,Mod_Dry,31,4,3,2,33,73.0,0.3868167985076556,115.71982882241664,115.71982882241664,,1,115.71982882241664,0.0,0.0,0.0,0.0,0.0,0.0,0.0,0.0,0.0,31.0,4.0,3.0,2.0,33.0,153.71982882241664,990.0,964.4225603423552,25.577439657644845,0.0897838058162983,0.0015719828822416,989.9086442113014,0.0947949158452116,0.0,0.0,0.0,25.39128895310104,25.4,25.4,25.4,,0.898800792403316,0.0,0.0,0.0,25.899696591050983,0.0,0.0,0.0,0.5274887289419753,0.0,0.0,0.0,0.97,0.96,0.96,0.96,25.122705693319457,0.0,0.0,0.0,25.122705693319457,602.9449366396669,0.1331217066594504,6.030538957990198e-05,0.98
1929-10-14,1929-10-25,180.3141,1.0466171465371623,188.71982882241664,0.978,1929,10,14,1929.1,1929,1,14,2,0.0163053932102567,0.0,0.0,0.87,4,Mod_Dry,31,4,3,2,33,73.0,0.3868167985076556,115.71982882241664,115.71982882241664,,1,115.71982882241664,0.0,0.0,0.0,0.0,0.0,0.0,0.0,0.0,0.0,31.0,4.0,3.0,2.0,33.0,153.71982882241664,990.0,964.4225603423552,25.577439657644845,0.0897838058162983,0.0015719828822416,989.9086442113014,0.0947949158452116,0.0,0.0,0.0,25.39128895310104,25.4,25.4,25.4,,0.898800792403316,0.0,0.0,0.0,25.899696591050983,0.0,0.0,0.0,0.5274887289419753,0.0,0.0,0.0,0.97,0.96,0.96,0.96,25.122705693319457,0.0,0.0,0.0,25.122705693319457,602.9449366396669,0.1331217066594504,6.030538957990198e-05,0.98
1929-10-15,1929-10-26,180.3141,1.0466171465371623,188.71982882241664,0.978,1929,10,15,1929.1,1929,1,15,3,0.0163053932102567,0.0,0.0,0.87,4,Mod_Dry,31,4,3,2,33,73.0,0.3868167985076556,115.71982882241664,115.71982882241664,,1,115.71982882241664,0.0,0.0,0.0,0.0,0.0,0.0,0.0,0.0,0.0,31.0,4.0,3.0,2.0,33.0,153.71982882241664,990.0,964.4225603423552,25.577439657644845,0.0897838058162983,0.0015719828822416,989.9086442113014,0.0947949158452116,0.0,0.0,0.0,25.39128895310104,25.4,25.4,25.4,,0.898800792403316,0.0,0.0,0.0,25.899696591050983,0.0,0.0,0.0,0.5274887289419753,0.0,0.0,0.0,0.97,0.96,0.96,0.96,25.122705693319457,0.0,0.0,0.0,25.122705693319457,602.9449366396669,0.1331217066594504,6.030538957990198e-05,0.98
1929-10-16,1929-10-27,183.0814,1.0336364301739838,189.2396047272552,0.977,1929,10,16,1929.1,1929,1,16,3,0.0163503018484348,0.5197759048385535,0.0027466549911034,0.87,4,Mod_Dry,31,4,3,2,33,73.0,0.3857543462173919,116.2396047272552,116.2396047272552,,1,116.2396047272552,0.0,0.0,0.0,0.0,0.0,0.0,0.0,0.0,0.0,31.0,4.0,3.0,2.0,33.0,154.2396047272552,990.0,964.4215207905456,25.578479209454485,0.0899672515322731,0.0016239604727255,989.9084087879952,0.0956577438472436,0.0,0.0,0.0,25.391230253602327,25.4,25.4,25.4,,0.8992365925313872,0.0,0.0,0.0,26.028583798769493,0.0,0.0,0.0,0.5301137229891953,0.0,0.0,0.0,0.97,0.96,0.96,0.96,25.247726284806408,0.0,0.0,0.0,25.247726284806408,605.9454308353538,0.1334167143352213,6.033449027799976e-05,0.975
1929-10-17,1929-10-28,188.6959,1.0242652879741163,193.27466035303507,0.97,1929,10,17,1929.1,1929,1,17,3,0.0166989306545022,4.035055625779903,0.0208773132412157,0.87,4,Mod_Dry,31,4,3,2,33,73.0,0.377700831897251,120.27466035303507,120.27466035303507,,1,120.27466035303507,0.0,0.0,0.0,0.0,0.0,0.0,0.0,0.0,0.0,31.0,4.0,3.0,2.0,33.0,158.27466035303507,990.0,964.413450679294,25.586549320706126,0.0913913530756087,0.0020274660353035,989.906581180889,0.102377909014281,0.0,0.0,0.0,25.390752592580867,25.4,25.4,25.4,,0.9026197809386576,0.0,0.0,0.0,27.03293867795027,0.0,0.0,0.0,0.550569015844201,0.0,0.0,0.0,0.97,0.96,0.96,0.96,26.22195051761176,0.0,0.0,0.0,26.22195051761176,629.3268124226822,0.135671952390007,6.05603468128791e-05,0.97
1929-10-18,1929-10-29,183.0814,1.0336364301739838,189.2396047272552,0.977,1929,10,18,1929.1,1929,1,18,3,0.0163503018484348,4.035055625779903,0.0213224691078566,0.87,4,Mod_Dry,31,4,3,2,33,73.0,0.3857543462173919,116.2396047272552,116.2396047272552,,1,116.2396047272552,0.0,0.0,0.0,0.0,0.0,0.0,0.0,0.0,0.0,31.0,4.0,3.0,2.0,33.0,154.2396047272552,990.0,964.4215207905456,25.578479209454485,0.0899672515322731,0.0016239604727255,989.9084087879952,0.0956577438472436,0.0,0.0,0.0,25.391230253602327,25.4,25.4,25.4,,0.8992365925313872,0.0,0.0,0.0,26.028583798769493,0.0,0.0,0.0,0.5301137229891953,0.0,0.0,0.0,0.97,0.96,0.96,0.96,25.247726284806408,0.0,0.0,0.0,25.247726284806408,605.9454308353538,0.1334167143352213,6.033449027799976e-05,0.975
1929-10-19,1929-10-30,183.0814,1.0336364301739838,189.2396047272552,0.977,1929,10,19,1929.1,1929,1,19,3,0.0163503018484348,0.0,0.0,0.87,4,Mod_Dry,31,4,3,2,33,73.0,0.3857543462173919,116.2396047272552,116.2396047272552,,1,116.2396047272552,0.0,0.0,0.0,0.0,0.0,0.0,0.0,0.0,0.0,31.0,4.0,3.0,2.0,33.0,154.2396047272552,990.0,964.4215207905456,25.578479209454485,0.0899672515322731,0.0016239604727255,989.9084087879952,0.0956577438472436,0.0,0.0,0.0,25.391230253602327,25.4,25.4,25.4,,0.8992365925313872,0.0,0.0,0.0,26.028583798769493,0.0,0.0,0.0,0.5301137229891953,0.0,0.0,0.0,0.97,0.96,0.96,0.96,25.247726284806408,0.0,0.0,0.0,25.247726284806408,605.9454308353538,0.1334167143352213,6.033449027799976e-05,0.975
1929-10-20,1929-10-31,180.3141,1.0466171465371623,188.71982882241664,0.978,1929,10,20,1929.1,1929,1,20,3,0.0163053932102567,0.5197759048385535,0.0027542198828913,0.87,4,Mod_Dry,31,4,3,2,33,73.0,0.3868167985076556,115.71982882241664,115.71982882241664,,1,115.71982882241664,0.0,0.0,0.0,0.0,0.0,0.0,0.0,0.0,0.0,31.0,4.0,3.0,2.0,33.0,153.71982882241664,990.0,964.4225603423552,25.577439657644845,0.0897838058162983,0.0015719828822416,989.9086442113014,0.0947949158452116,0.0,0.0,0.0,25.39128895310104,25.4,25.4,25.4,,0.898800792403316,0.0,0.0,0.0,25.899696591050983,0.0,0.0,0.0,0.5274887289419753,0.0,0.0,0.0,0.97,0.96,0.96,0.96,25.122705693319457,0.0,0.0,0.0,25.122705693319457,602.9449366396669,0.1331217066594504,6.030538957990198e-05,0.98
1929-10-21,1929-11-01,185.8753,1.0287508888495398,191.21938009017487,0.974,1929,10,21,1929.1,1929,1,21,3,0.0165213544397911,2.4995512677582497,0.0130716419359769,0.85,4,Mod_Dry,31,4,3,2,33,73.0,0.3817604678227426,118.21938009017488,118.21938009017488,,1,118.21938009017488,0.0,0.0,0.0,0.0,0.0,0.0,0.0,0.0,0.0,31.0,4.0,3.0,2.0,33.0,156.21938009017487,990.0,964.4175612398196,25.582438760180366,0.0906659782441872,0.0018219380090174,989.9075120837468,0.0989441709496902,0.0,0.0,0.0,25.391006672977515,25.4,25.4,25.4,,0.9008965308517958,0.0,0.0,0.0,26.52053075533073,0.0,0.0,0.0,0.5401330092735382,0.0,0.0,0.0,0.97,0.96,0.96,0.96,25.724914832670805,0.0,0.0,0.0,25.724914832670805,617.3979559840993,0.1345308975509673,6.044533197764394e-05,0.975
1929-10-22,1929-11-02,191.5433,1.0070581277156851,192.89523707448373,0.971,1929,10,22,1929.1,1929,1,22,4,0.0166661484832353,1.675856984308865,0.0086879127226026,0.85,4,Mod_Dry,31,4,3,2,33,73.0,0.3784437661973587,119.89523707448372,119.89523707448372,,1,119.89523707448372,0.0,0.0,0.0,0.0,0.0,0.0,0.0,0.0,0.0,31.0,4.0,3.0,2.0,33.0,157.89523707448373,990.0,964.414209525851,25.585790474149007,0.0912574423376475,0.0019895237074483,989.9067530339548,0.101726093543643,0.0,0.0,0.0,25.390817414560196,25.4,25.4,25.4,,0.9023016723041202,0.0,0.0,0.0,26.93823114113493,0.0,0.0,0.0,0.54864014544063,0.0,0.0,0.0,0.97,0.96,0.96,0.96,26.13008420690088,0.0,0.0,0.0,26.13008420690088,627.1220209656212,0.135462568196078,6.0539158195499897e-05,0.97
1929-10-23,1929-11-03,191.5433,1.0070581277156851,192.89523707448373,0.971,1929,10,23,1929.1,1929,1,23,4,0.0166661484832353,0.0,0.0,0.85,4,Mod_Dry,31,4,3,2,33,73.0,0.3784437661973587,119.89523707448372,119.89523707448372,,1,119.89523707448372,0.0,0.0,0.0,0.0,0.0,0.0,0.0,0.0,0.0,31.0,4.0,3.0,2.0,33.0,157.89523707448373,990.0,964.414209525851,25.585790474149007,0.0912574423376475,0.0019895237074483,989.9067530339548,0.101726093543643,0.0,0.0,0.0,25.390817414560196,25.4,25.4,25.4,,0.9023016723041202,0.0,0.0,0.0,26.93823114113493,0.0,0.0,0.0,0.54864014544063,0.0,0.0,0.0,0.97,0.96,0.96,0.96,26.13008420690088,0.0,0.0,0.0,26.13008420690088,627.1220209656212,0.135462568196078,6.0539158195499897e-05,0.97
1929-10-24,1929-11-04,191.5433,1.0070581277156851,192.89523707448373,0.971,1929,10,24,1929.1,1929,1,24,4,0.0166661484832353,0.0,0.0,0.85,4,Mod_Dry,31,4,3,2,33,73.0,0.3784437661973587,119.89523707448372,119.89523707448372,,1,119.89523707448372,0.0,0.0,0.0,0.0,0.0,0.0,0.0,0.0,0.0,31.0,4.0,3.0,2.0,33.0,157.89523707448373,990.0,964.414209525851,25.585790474149007,0.0912574423376475,0.0019895237074483,989.9067530339548,0.101726093543643,0.0,0.0,0.0,25.390817414560196,25.4,25.4,25.4,,0.9023016723041202,0.0,0.0,0.0,26.93823114113493,0.0,0.0,0.0,0.54864014544063,0.0,0.0,0.0,0.97,0.96,0.96,0.96,26.13008420690088,0.0,0.0,0.0,26.13008420690088,627.1220209656212,0.135462568196078,6.0539158195499897e-05,0.97
1929-10-25,1929-11-05,191.5433,1.0070581277156851,192.89523707448373,0.971,1929,10,25,1929.1,1929,1,25,4,0.0166661484832353,0.0,0.0,0.85,4,Mod_Dry,31,4,3,2,33,73.0,0.3784437661973587,119.89523707448372,119.89523707448372,,1,119.89523707448372,0.0,0.0,0.0,0.0,0.0,0.0,0.0,0.0,0.0,31.0,4.0,3.0,2.0,33.0,157.89523707448373,990.0,964.414209525851,25.585790474149007,0.0912574423376475,0.0019895237074483,989.9067530339548,0.101726093543643,0.0,0.0,0.0,25.390817414560196,25.4,25.4,25.4,,0.9023016723041202,0.0,0.0,0.0,26.93823114113493,0.0,0.0,0.0,0.54864014544063,0.0,0.0,0.0,0.97,0.96,0.96,0.96,26.13008420690088,0.0,0.0,0.0,26.13008420690088,627.1220209656212,0.135462568196078,6.0539158195499897e-05,0.97
1929-10-26,1929-11-06,191.5433,1.0070581277156851,192.89523707448373,0.971,1929,10,26,1929.1,1929,1,26,4,0.0166661484832353,0.0,0.0,0.85,4,Mod_Dry,31,4,3,2,33,73.0,0.3784437661973587,119.89523707448372,119.89523707448372,,1,119.89523707448372,0.0,0.0,0.0,0.0,0.0,0.0,0.0,0.0,0.0,31.0,4.0,3.0,2.0,33.0,157.89523707448373,990.0,964.414209525851,25.585790474149007,0.0912574423376475,0.0019895237074483,989.9067530339548,0.101726093543643,0.0,0.0,0.0,25.390817414560196,25.4,25.4,25.4,,0.9023016723041202,0.0,0.0,0.0,26.93823114113493,0.0,0.0,0.0,0.54864014544063,0.0,0.0,0.0,0.97,0.96,0.96,0.96,26.13008420690088,0.0,0.0,0.0,26.13008420690088,627.1220209656212,0.135462568196078,6.0539158195499897e-05,0.97
1929-10-27,1929-11-07,194.4177,1.0019441346365396,194.7956741845264,0.967,1929,10,27,1929.1,1929,1,27,4,0.016830346249543,1.9004371100426736,0.0097560539678228,0.85,4,Mod_Dry,31,4,3,2,33,73.0,0.3747516483905511,121.7956741845264,121.7956741845264,,1,121.7956741845264,0.0,0.0,0.0,0.0,0.0,0.0,0.0,0.0,0.0,31.0,4.0,3.0,2.0,33.0,159.7956741845264,990.0,964.410408651631,25.589591348369023,0.091928168015909,0.0021795674184526,989.9058922645656,0.1050244730810759,0.0,0.0,0.0,25.390459139853583,25.4,25.4,25.4,,0.90389497770613,0.0,0.0,0.0,27.4131593707418,0.0,0.0,0.0,0.5583128181413809,0.0,0.0,0.0,0.97,0.96,0.96,0.96,26.590764589619543,0.0,0.0,0.0,26.590764589619543,638.1783501508692,0.1365059296154112,6.064520391689691e-05,0.965
1929-10-28,1929-11-08,194.4177,1.0019441346365396,194.7956741845264,0.967,1929,10,28,1929.1,1929,1,28,4,0.016830346249543,0.0,0.0,0.85,4,Mod_Dry,31,4,3,2,33,73.0,0.3747516483905511,121.7956741845264,121.7956741845264,,1,121.7956741845264,0.0,0.0,0.0,0.0,0.0,0.0,0.0,0.0,0.0,31.0,4.0,3.0,2.0,33.0,159.7956741845264,990.0,964.410408651631,25.589591348369023,0.091928168015909,0.0021795674184526,989.9058922645656,0.1050244730810759,0.0,0.0,0.0,25.390459139853583,25.4,25.4,25.4,,0.90389497770613,0.0,0.0,0.0,27.4131593707418,0.0,0.0,0.0,0.5583128181413809,0.0,0.0,0.0,0.97,0.96,0.96,0.96,26.590764589619543,0.0,0.0,0.0,26.590764589619543,638.1783501508692,0.1365059296154112,6.064520391689691e-05,0.965
1929-10-29,1929-11-09,194.4177,1.0019441346365396,194.7956741845264,0.967,1929,10,29,1929.1,1929,1,29,5,0.016830346249543,0.0,0.0,0.85,4,Mod_Dry,31,4,3,2,33,73.0,0.3747516483905511,121.7956741845264,121.7956741845264,,1,121.7956741845264,0.0,0.0,0.0,0.0,0.0,0.0,0.0,0.0,0.0,31.0,4.0,3.0,2.0,33.0,159.7956741845264,990.0,964.410408651631,25.589591348369023,0.091928168015909,0.0021795674184526,989.9058922645656,0.1050244730810759,0.0,0.0,0.0,25.390459139853583,25.4,25.4,25.4,,0.90389497770613,0.0,0.0,0.0,27.4131593707418,0.0,0.0,0.0,0.5583128181413809,0.0,0.0,0.0,0.97,0.96,0.96,0.96,26.590764589619543,0.0,0.0,0.0,26.590764589619543,638.1783501508692,0.1365059296154112,6.064520391689691e-05,0.965
1929-10-30,1929-11-10,197.3191,0.9892995851469644,195.20770377157243,0.965,1929,10,30,1929.1,1929,1,30,5,0.0168659456058638,0.4120295870460211,0.0021107240087623,0.85,4,Mod_Dry,31,4,3,2,33,73.0,0.37396065108897,122.20770377157244,122.20770377157244,,1,122.20770377157244,0.0,0.0,0.0,0.0,0.0,0.0,0.0,0.0,0.0,31.0,4.0,3.0,2.0,33.0,160.20770377157243,990.0,964.4095845924568,25.59041540754322,0.0920735865739738,0.0022207703771572,989.9057056430488,0.105741404562536,0.0,0.0,0.0,25.3903796460296,25.4,25.4,25.4,,0.904240422632142,0.0,0.0,0.0,27.516322804984352,0.0,0.0,0.0,0.5604139064151599,0.0,0.0,0.0,0.97,0.96,0.96,0.96,26.69083312083482,0.0,0.0,0.0,26.69083312083482,640.5799949000357,0.1367304292051292,6.066819097756139e-05,0.965
1929-10-31,1929-11-11,197.3191,0.9892995851469644,195.20770377157243,0.965,1929,10,31,1929.1,1929,1,31,5,0.0168659456058638,0.0,0.0,0.85,4,Mod_Dry,31,4,3,2,33,73.0,0.37396065108897,122.20770377157244,122.20770377157244,,1,122.20770377157244,0.0,0.0,0.0,0.0,0.0,0.0,0.0,0.0,0.0,31.0,4.0,3.0,2.0,33.0,160.20770377157243,990.0,964.4095845924568,25.59041540754322,0.0920735865739738,0.0022207703771572,989.9057056430488,0.105741404562536,0.0,0.0,0.0,25.3903796460296,25.4,25.4,25.4,,0.904240422632142,0.0,0.0,0.0,27.516322804984352,0.0,0.0,0.0,0.5604139064151599,0.0,0.0,0.0,0.97,0.96,0.96,0.96,26.69083312083482,0.0,0.0,0.0,26.69083312083482,640.5799949000357,0.1367304292051292,6.066819097756139e-05,0.965
1929-11-01,1929-11-12,200.2476,0.9942319359830292,199.0925590239552,0.959,1929,11,1,1929.11,1929,2,32,5,0.0172015970996697,3.8848552523827777,0.0195128098781197,0.74,4,Mod_Dry,29,4,2,2,30,67.0,0.3365268914542327,132.0925590239552,132.0925590239552,,1,132.0925590239552,0.0,0.0,0.0,0.0,0.0,0.0,0.0,0.0,0.0,29.0,4.0,2.0,2.0,30.0,167.0925590239552,990.0,964.401814881952,25.598185118047923,0.0945034745110614,0.0032092559023955,989.9022872695864,0.1235340109650357,0.0,0.0,0.0,25.3769383766694,25.4,25.4,25.4,,0.9097725265091396,0.0,0.0,0.0,29.90811873849934,0.0,0.0,0.0,0.6091266545519214,0.0,0.0,0.0,0.97,0.96,0.96,0.96,29.01087517634436,0.0,0.0,0.0,29.01087517634436,696.2610042322647,0.1457155170367453,6.10070430720628e-05,0.96
1929-11-02,1929-11-13,209.197,0.9663848551669614,202.1648125463628,0.946,1929,11,2,1929.11,1929,2,33,5,0.0174670398040057,3.072253522407607,0.0151967767472049,0.74,4,Mod_Dry,29,4,2,2,30,67.0,0.3314127674153719,135.1648125463628,135.1648125463628,,1,135.1648125463628,0.0,0.0,0.0,0.0,0.0,0.0,0.0,0.0,0.0,29.0,4.0,2.0,2.0,30.0,170.1648125463628,990.0,964.4129888752782,25.58701112472181,0.0955877720743529,0.0035164812546362,989.9008957466708,0.1293197363399438,0.0,0.0,0.0,25.358587135052797,25.4,25.4,25.4,,0.9111446868736842,0.0,0.0,0.0,30.627725489129176,0.0,0.0,0.0,0.6237825965199425,0.0,0.0,0.0,0.97,0.96,0.96,0.96,29.7088937244553,0.0,0.0,0.0,29.7088937244553,713.0134493869273,0.1469538311353866,6.105487311044572e-05,0.945
1929-11-03,1929-11-14,212.2351,0.9734329677943336,206.5966432631272,0.942,1929,11,3,1929.11,1929,2,34,5,0.0178499499779341,4.4318307167643525,0.0214516104751994,0.74,4,Mod_Dry,29,4,2,2,30,67.0,0.3243034298222694,139.5966432631272,139.5966432631272,,1,139.5966432631272,0.0,0.0,0.0,0.0,0.0,0.0,0.0,0.0,0.0,29.0,4.0,2.0,2.0,30.0,174.5966432631272,990.0,964.4395798595788,25.56042014042123,0.0971519083710678,0.0039596643263127,989.8988884273026,0.1379174879304667,0.0,0.0,0.0,25.32139107979337,25.4,25.4,25.4,,0.9131188901161944,0.0,0.0,0.0,31.653997447693374,0.0,0.0,0.0,0.644684265737136,0.0,0.0,0.0,0.97,0.96,0.96,0.96,30.704377524262576,0.0,0.0,0.0,30.704377524262576,736.9050605823018,0.1486199245026291,6.109741292749577e-05,0.94
1929-11-04,1929-11-15,212.2351,0.9734329677943336,206.5966432631272,0.942,1929,11,4,1929.11,1929,2,35,5,0.0178499499779341,0.0,0.0,0.74,4,Mod_Dry,29,4,2,2,30,67.0,0.3243034298222694,139.5966432631272,139.5966432631272,,1,139.5966432631272,0.0,0.0,0.0,0.0,0.0,0.0,0.0,0.0,0.0,29.0,4.0,2.0,2.0,30.0,174.5966432631272,990.0,964.4395798595788,25.56042014042123,0.0971519083710678,0.0039596643263127,989.8988884273026,0.1379174879304667,0.0,0.0,0.0,25.32139107979337,25.4,25.4,25.4,,0.9131188901161944,0.0,0.0,0.0,31.653997447693374,0.0,0.0,0.0,0.644684265737136,0.0,0.0,0.0,0.97,0.96,0.96,0.96,30.704377524262576,0.0,0.0,0.0,30.704377524262576,736.9050605823018,0.1486199245026291,6.109741292749577e-05,0.94
1929-11-05,1929-11-16,212.2351,0.9734329677943336,206.5966432631272,0.942,1929,11,5,1929.11,1929,2,36,6,0.0178499499779341,0.0,0.0,0.74,4,Mod_Dry,29,4,2,2,30,67.0,0.3243034298222694,139.5966432631272,139.5966432631272,,1,139.5966432631272,0.0,0.0,0.0,0.0,0.0,0.0,0.0,0.0,0.0,29.0,4.0,2.0,2.0,30.0,174.5966432631272,990.0,964.4395798595788,25.56042014042123,0.0971519083710678,0.0039596643263127,989.8988884273026,0.1379174879304667,0.0,0.0,0.0,25.32139107979337,25.4,25.4,25.4,,0.9131188901161944,0.0,0.0,0.0,31.653997447693374,0.0,0.0,0.0,0.644684265737136,0.0,0.0,0.0,0.97,0.96,0.96,0.96,30.704377524262576,0.0,0.0,0.0,30.704377524262576,736.9050605823018,0.1486199245026291,6.109741292749577e-05,0.94
1929-11-06,1929-11-17,212.2351,0.9734329677943336,206.5966432631272,0.942,1929,11,6,1929.11,1929,2,37,6,0.0178499499779341,0.0,0.0,0.74,4,Mod_Dry,29,4,2,2,30,67.0,0.3243034298222694,139.5966432631272,139.5966432631272,,1,139.5966432631272,0.0,0.0,0.0,0.0,0.0,0.0,0.0,0.0,0.0,29.0,4.0,2.0,2.0,30.0,174.5966432631272,990.0,964.4395798595788,25.56042014042123,0.0971519083710678,0.0039596643263127,989.8988884273026,0.1379174879304667,0.0,0.0,0.0,25.32139107979337,25.4,25.4,25.4,,0.9131188901161944,0.0,0.0,0.0,31.653997447693374,0.0,0.0,0.0,0.644684265737136,0.0,0.0,0.0,0.97,0.96,0.96,0.96,30.704377524262576,0.0,0.0,0.0,30.704377524262576,736.9050605823018,0.1486199245026291,6.109741292749577e-05,0.94
1929-11-07,1929-11-18,209.197,0.9663848551669614,202.1648125463628,0.946,1929,11,7,1929.11,1929,2,38,6,0.0174670398040057,4.4318307167643525,0.0219218698889451,0.74,4,Mod_Dry,29,4,2,2,30,67.0,0.3314127674153719,135.1648125463628,135.1648125463628,,1,135.1648125463628,0.0,0.0,0.0,0.0,0.0,0.0,0.0,0.0,0.0,29.0,4.0,2.0,2.0,30.0,170.1648125463628,990.0,964.4129888752782,25.58701112472181,0.0955877720743529,0.0035164812546362,989.9008957466708,0.1293197363399438,0.0,0.0,0.0,25.358587135052797,25.4,25.4,25.4,,0.9111446868736842,0.0,0.0,0.0,30.627725489129176,0.0,0.0,0.0,0.6237825965199425,0.0,0.0,0.0,0.97,0.96,0.96,0.96,29.7088937244553,0.0,0.0,0.0,29.7088937244553,713.0134493869273,0.1469538311353866,6.105487311044572e-05,0.945
1929-11-08,1929-11-19,209.197,0.9663848551669614,202.1648125463628,0.946,1929,11,8,1929.11,1929,2,39,6,0.0174670398040057,0.0,0.0,0.74,4,Mod_Dry,29,4,2,2,30,67.0,0.3314127674153719,135.1648125463628,135.1648125463628,,1,135.1648125463628,0.0,0.0,0.0,0.0,0.0,0.0,0.0,0.0,0.0,29.0,4.0,2.0,2.0,30.0,170.1648125463628,990.0,964.4129888752782,25.58701112472181,0.0955877720743529,0.0035164812546362,989.9008957466708,0.1293197363399438,0.0,0.0,0.0,25.358587135052797,25.4,25.4,25.4,,0.9111446868736842,0.0,0.0,0.0,30.627725489129176,0.0,0.0,0.0,0.6237825965199425,0.0,0.0,0.0,0.97,0.96,0.96,0.96,29.7088937244553,0.0,0.0,0.0,29.7088937244553,713.0134493869273,0.1469538311353866,6.105487311044572e-05,0.945
1929-11-09,1929-11-20,209.197,0.9663848551669614,202.1648125463628,0.946,1929,11,9,1929.11,1929,2,40,6,0.0174670398040057,0.0,0.0,0.74,4,Mod_Dry,29,4,2,2,30,67.0,0.3314127674153719,135.1648125463628,135.1648125463628,,1,135.1648125463628,0.0,0.0,0.0,0.0,0.0,0.0,0.0,0.0,0.0,29.0,4.0,2.0,2.0,30.0,170.1648125463628,990.0,964.4129888752782,25.58701112472181,0.0955877720743529,0.0035164812546362,989.9008957466708,0.1293197363399438,0.0,0.0,0.0,25.358587135052797,25.4,25.4,25.4,,0.9111446868736842,0.0,0.0,0.0,30.627725489129176,0.0,0.0,0.0,0.6237825965199425,0.0,0.0,0.0,0.97,0.96,0.96,0.96,29.7088937244553,0.0,0.0,0.0,29.7088937244553,713.0134493869273,0.1469538311353866,6.105487311044572e-05,0.945
1929-11-10,1929-11-21,209.197,0.9663848551669614,202.1648125463628,0.946,1929,11,10,1929.11,1929,2,41,6,0.0174670398040057,0.0,0.0,0.74,4,Mod_Dry,29,4,2,2,30,67.0,0.3314127674153719,135.1648125463628,135.1648125463628,,1,135.1648125463628,0.0,0.0,0.0,0.0,0.0,0.0,0.0,0.0,0.0,29.0,4.0,2.0,2.0,30.0,170.1648125463628,990.0,964.4129888752782,25.58701112472181,0.0955877720743529,0.0035164812546362,989.9008957466708,0.1293197363399438,0.0,0.0,0.0,25.358587135052797,25.4,25.4,25.4,,0.9111446868736842,0.0,0.0,0.0,30.627725489129176,0.0,0.0,0.0,0.6237825965199425,0.0,0.0,0.0,0.97,0.96,0.96,0.96,29.7088937244553,0.0,0.0,0.0,29.7088937244553,713.0134493869273,0.1469538311353866,6.105487311044572e-05,0.945
1929-11-11,1929-11-22,212.2351,0.9734329677943336,206.5966432631272,0.942,1929,11,11,1929.11,1929,2,42,6,0.0178499499779341,4.4318307167643525,0.0214516104751994,0.73,4,Mod_Dry,29,4,2,2,30,67.0,0.3243034298222694,139.5966432631272,139.5966432631272,,1,139.5966432631272,0.0,0.0,0.0,0.0,0.0,0.0,0.0,0.0,0.0,29.0,4.0,2.0,2.0,30.0,174.5966432631272,990.0,964.4395798595788,25.56042014042123,0.0971519083710678,0.0039596643263127,989.8988884273026,0.1379174879304667,0.0,0.0,0.0,25.32139107979337,25.4,25.4,25.4,,0.9131188901161944,0.0,0.0,0.0,31.653997447693374,0.0,0.0,0.0,0.644684265737136,0.0,0.0,0.0,0.97,0.96,0.96,0.96,30.704377524262576,0.0,0.0,0.0,30.704377524262576,736.9050605823018,0.1486199245026291,6.109741292749577e-05,0.94
1929-11-12,1929-11-23,221.5156,0.969471677754902,214.75310038088367,0.933,1929,11,12,1929.11,1929,2,43,7,0.0185546678729083,8.156457117756588,0.0379806256733448,0.73,4,Mod_Dry,29,4,2,2,30,67.0,0.3119861826496081,147.75310038088367,147.75310038088367,,1,147.75310038088367,0.0,0.0,0.0,0.0,0.0,0.0,0.0,0.0,0.0,29.0,4.0,2.0,2.0,30.0,182.75310038088367,990.0,964.4885186022854,25.511481397714647,0.1000305857046181,0.0047753100380883,989.8951941042571,0.154526448792238,0.0,0.0,0.0,25.252149053179664,25.4,25.4,25.4,,0.91660597873081,0.0,0.0,0.0,33.53948054109508,0.0,0.0,0.0,0.6830851434031584,0.0,0.0,0.0,0.97,0.96,0.96,0.96,32.533296124862225,0.0,0.0,0.0,32.533296124862225,780.7991069966934,0.1514916248806724,6.116302587258486e-05,0.935
1929-11-13,1929-11-24,244.1538,0.9479000783611428,231.4334061521708,0.906,1929,11,13,1929.11,1929,2,44,7,0.0199958462915475,16.68030577128707,0.0720738896281875,0.73,4,Mod_Dry,29,4,2,2,30,67.0,0.2895001249558006,164.4334061521708,164.4334061521708,,1,164.4334061521708,0.0,0.0,0.0,0.0,0.0,0.0,0.0,0.0,0.0,29.0,4.0,2.0,2.0,30.0,199.4334061521708,990.0,964.588600436913,25.411399563087,0.1059176047187879,0.006443340615217,989.887639054666,0.1912968341499928,0.0,0.0,0.0,25.10774178360302,25.299038617753013,25.299038617753013,25.299038617753013,,0.9231365999119188,0.0,0.0,0.0,37.3768223227108,0.0,0.0,0.0,0.761238743843397,0.0,0.0,0.0,0.97,0.96,0.96,0.96,36.25551765302947,0.0,0.0,0.0,36.25551765302947,870.1324236727073,0.1566563715058099,6.124653962663515e-05,0.905
1929-11-14,1929-11-25,244.1538,0.9479000783611428,231.4334061521708,0.906,1929,11,14,1929.11,1929,2,45,7,0.0199958462915475,0.0,0.0,0.73,4,Mod_Dry,29,4,2,2,30,67.0,0.2895001249558006,164.4334061521708,164.4334061521708,,1,164.4334061521708,0.0,0.0,0.0,0.0,0.0,0.0,0.0,0.0,0.0,29.0,4.0,2.0,2.0,30.0,199.4334061521708,990.0,964.588600436913,25.411399563087,0.1059176047187879,0.006443340615217,989.887639054666,0.1912968341499928,0.0,0.0,0.0,25.10774178360302,25.299038617753013,25.299038617753013,25.299038617753013,,0.9231365999119188,0.0,0.0,0.0,37.3768223227108,0.0,0.0,0.0,0.761238743843397,0.0,0.0,0.0,0.97,0.96,0.96,0.96,36.25551765302947,0.0,0.0,0.0,36.25551765302947,870.1324236727073,0.1566563715058099,6.124653962663515e-05,0.905
1929-11-15,1929-11-26,237.5439,0.9621267175397727,228.5473327785961,0.91,1929,11,15,1929.11,1929,2,46,7,0.0197464895520707,2.886073373574732,0.0126279022313972,0.73,4,Mod_Dry,29,4,2,2,30,67.0,0.2931559042297197,161.5473327785961,161.5473327785961,,1,161.5473327785961,0.0,0.0,0.0,0.0,0.0,0.0,0.0,0.0,0.0,29.0,4.0,2.0,2.0,30.0,196.5473327785961,990.0,964.5712839966716,25.428716003328415,0.1048990161473619,0.0061547332778596,989.8889462505748,0.184658865390771,0.0,0.0,0.0,25.133003388512453,25.317662253903222,25.317662253903222,25.317662253903222,,0.9220030051195948,0.0,0.0,0.0,36.71260637109362,0.0,0.0,0.0,0.7477109240548598,0.0,0.0,0.0,0.97,0.96,0.96,0.96,35.61122817996081,0.0,0.0,0.0,35.61122817996081,854.6694763190594,0.1558155492213028,6.123287619563544e-05,0.91
1929-11-16,1929-11-27,250.8784,0.9414693900674836,236.1943342291061,0.893,1929,11,16,1929.11,1929,2,47,7,0.0204071904773947,7.647001450510062,0.0323758885896583,0.73,4,Mod_Dry,29,4,2,2,30,67.0,0.2836647213349778,169.19433422910612,169.19433422910612,,1,169.19433422910612,0.0,0.0,0.0,0.0,0.0,0.0,0.0,0.0,0.0,29.0,4.0,2.0,2.0,30.0,204.1943342291061,990.0,964.6171660053748,25.382833994625344,0.1075979322386755,0.0069194334229106,989.8854826343384,0.2025825154652725,0.0,0.0,0.0,25.06573411349843,25.268316628963703,25.268316628963703,25.268316628963703,,0.9249028977030472,0.0,0.0,0.0,38.46813078927929,0.0,0.0,0.0,0.7834649855250365,0.0,0.0,0.0,0.97,0.96,0.96,0.96,37.31408686560091,0.0,0.0,0.0,37.31408686560091,895.5380847744219,0.1579804485462662,6.126105922257599e-05,0.895
1929-11-17,1929-11-28,250.8784,0.9414693900674836,236.1943342291061,0.893,1929,11,17,1929.11,1929,2,48,7,0.0204071904773947,0.0,0.0,0.73,4,Mod_Dry,29,4,2,2,30,67.0,0.2836647213349778,169.19433422910612,169.19433422910612,,1,169.19433422910612,0.0,0.0,0.0,0.0,0.0,0.0,0.0,0.0,0.0,29.0,4.0,2.0,2.0,30.0,204.1943342291061,990.0,964.6171660053748,25.382833994625344,0.1075979322386755,0.0069194334229106,989.8854826343384,0.2025825154652725,0.0,0.0,0.0,25.06573411349843,25.268316628963703,25.268316628963703,25.268316628963703,,0.9249028977030472,0.0,0.0,0.0,38.46813078927929,0.0,0.0,0.0,0.7834649855250365,0.0,0.0,0.0,0.97,0.96,0.96,0.96,37.31408686560091,0.0,0.0,0.0,37.31408686560091,895.5380847744219,0.1579804485462662,6.126105922257599e-05,0.895
1929-11-18,1929-11-29,250.8784,0.9414693900674836,236.1943342291061,0.893,1929,11,18,1929.11,1929,2,49,7,0.0204071904773947,0.0,0.0,0.73,4,Mod_Dry,29,4,2,2,30,67.0,0.2836647213349778,169.19433422910612,169.19433422910612,,1,169.19433422910612,0.0,0.0,0.0,0.0,0.0,0.0,0.0,0.0,0.0,29.0,4.0,2.0,2.0,30.0,204.1943342291061,990.0,964.6171660053748,25.382833994625344,0.1075979322386755,0.0069194334229106,989.8854826343384,0.2025825154652725,0.0,0.0,0.0,25.06573411349843,25.268316628963703,25.268316628963703,25.268316628963703,,0.9249028977030472,0.0,0.0,0.0,38.46813078927929,0.0,0.0,0.0,0.7834649855250365,0.0,0.0,0.0,0.97,0.96,0.96,0.96,37.31408686560091,0.0,0.0,0.0,37.31408686560091,895.5380847744219,0.1579804485462662,6.126105922257599e-05,0.895
1929-11-19,1929-11-30,271.7487,0.9523418217225876,258.7976520087449,0.862,1929,11,19,1929.11,1929,2,50,8,0.0223601171335555,22.60331777963873,0.0873397328151762,0.73,4,Mod_Dry,29,4,2,2,30,67.0,0.2588895203644894,191.79765200874488,191.79765200874488,,1,191.79765200874488,0.0,0.0,0.0,0.0,0.0,0.0,0.0,0.0,0.0,29.0,4.0,2.0,2.0,30.0,226.79765200874488,990.0,964.735190608035,25.264809391964945,0.1155756006524828,0.0091797652008744,989.8752446341466,0.2602896134637861,0.0,0.0,0.0,24.87976441264777,25.14005402611156,25.14005402611156,25.14005402611156,,0.932611991760856,0.0,0.0,0.0,43.64447209548517,0.0,0.0,0.0,0.8888894520465411,0.0,0.0,0.0,0.978888945204654,0.96,0.96,0.96,42.72309125356344,0.0,0.0,0.0,42.72309125356344,1025.3541900855223,0.1650829940764679,6.187523790787061e-05,0.86
1929-11-20,1929-12-01,278.9403,0.9468161724841248,264.1051871975735,0.852,1929,11,20,1929.11,1929,2,51,8,0.0228186881738703,5.307535188828638,0.0200962928640176,0.73,4,Mod_Dry,29,4,2,2,30,67.0,0.2536868007438195,197.1051871975735,197.1051871975735,,1,197.1051871975735,0.0,0.0,0.0,0.0,0.0,0.0,0.0,0.0,0.0,29.0,4.0,2.0,2.0,30.0,232.1051871975735,990.0,964.7564207487904,25.243579251209667,0.117448854669609,0.0097105187197573,989.8728406266106,0.2748945241532058,0.0,0.0,0.0,24.841525353667045,25.11641987782025,25.11641987782025,25.11641987782025,,0.934115403598588,0.0,0.0,0.0,44.85548391554498,0.0,0.0,0.0,0.9135536439011196,0.0,0.0,0.0,0.98,0.96,0.96,0.96,43.95837423723408,0.0,0.0,0.0,43.95837423723408,1055.000981693618,0.1664426765096038,6.194996531523611e-05,0.85
1929-11-21,1929-12-02,264.675,0.9437959007304476,249.7991800258312,0.875,1929,11,21,1929.11,1929,2,52,8,0.0215826491542318,14.306007171742325,0.0572700325528009,0.66,3,Normal,36,5,3,2,47,93.0,0.3722990603507308,156.7991800258312,156.7991800258312,,1,156.7991800258312,0.0,0.0,0.0,0.0,0.0,0.0,0.0,0.0,0.0,36.0,5.0,3.0,2.0,47.0,200.7991800258312,990.0,964.698795080155,25.301204919844963,0.1063996384876639,0.0056799180025831,989.8879204435098,0.1739941796573452,0.0,0.0,0.0,25.01513118369737,25.18912536335472,25.18912536335472,25.18912536335472,,0.9200506011777168,0.0,0.0,0.0,35.391338250752334,0.0,0.0,0.0,0.7208011863697013,0.0,0.0,0.0,0.97,0.96,0.96,0.96,34.32959810322976,0.0,0.0,0.0,34.32959810322976,823.9103544775144,0.1374287861940932,6.081664120659568e-05,0.875
1929-11-22,1929-12-03,264.675,0.9437959007304476,249.7991800258312,0.875,1929,11,22,1929.11,1929,2,53,8,0.0215826491542318,0.0,0.0,0.66,3,Normal,36,5,3,2,47,93.0,0.3722990603507308,156.7991800258312,156.7991800258312,,1,156.7991800258312,0.0,0.0,0.0,0.0,0.0,0.0,0.0,0.0,0.0,36.0,5.0,3.0,2.0,47.0,200.7991800258312,990.0,964.698795080155,25.301204919844963,0.1063996384876639,0.0056799180025831,989.8879204435098,0.1739941796573452,0.0,0.0,0.0,25.01513118369737,25.18912536335472,25.18912536335472,25.18912536335472,,0.9200506011777168,0.0,0.0,0.0,35.391338250752334,0.0,0.0,0.0,0.7208011863697013,0.0,0.0,0.0,0.97,0.96,0.96,0.96,34.32959810322976,0.0,0.0,0.0,34.32959810322976,823.9103544775144,0.1374287861940932,6.081664120659568e-05,0.875
1929-11-23,1929-12-04,261.1822,0.9426194585361816,246.1954239432886,0.879,1929,11,23,1929.11,1929,2,54,8,0.0212712846287001,3.603756082542589,0.0146377866201636,0.66,3,Normal,36,5,3,2,47,93.0,0.3777486945550322,153.1954239432886,153.1954239432886,,1,153.1954239432886,0.0,0.0,0.0,0.0,0.0,0.0,0.0,0.0,0.0,36.0,5.0,3.0,2.0,47.0,197.1954239432886,990.0,964.6771725436598,25.32282745634018,0.1051277484656884,0.0053195423943288,989.88955270914,0.1661021157175033,0.0,0.0,0.0,25.046278049762723,25.212380165480223,25.212380165480223,25.212380165480223,,0.9186340991256268,0.0,0.0,0.0,34.5676815131587,0.0,0.0,0.0,0.704026100064332,0.0,0.0,0.0,0.97,0.96,0.96,0.96,33.53065106776394,0.0,0.0,0.0,33.53065106776394,804.7356256263346,0.1361952652519153,6.07986159201042e-05,0.88
1929-11-24,1929-12-05,254.284,0.9424159355737844,239.64129376144416,0.89,1929,11,24,1929.11,1929,2,55,8,0.0207050077809887,6.5541301818444415,0.0273497529535493,0.66,3,Normal,36,5,3,2,47,93.0,0.3880800280296381,146.64129376144416,146.64129376144416,,1,146.64129376144416,0.0,0.0,0.0,0.0,0.0,0.0,0.0,0.0,0.0,36.0,5.0,3.0,2.0,47.0,190.64129376144416,990.0,964.6378477625686,25.36215223743136,0.102814584095028,0.0046641293761444,989.8925212865288,0.1522138910238038,0.0,0.0,0.0,25.10245963293646,25.254673523960264,25.254673523960264,25.254673523960264,,0.9160639274770712,0.0,0.0,0.0,33.0702168258047,0.0,0.0,0.0,0.6735278375927637,0.0,0.0,0.0,0.97,0.96,0.96,0.96,32.07811032103056,0.0,0.0,0.0,32.07811032103056,769.8746477047334,0.1338588597045523,6.076450890280602e-05,0.89
1929-11-25,1929-12-06,254.284,0.9424159355737844,239.64129376144416,0.89,1929,11,25,1929.11,1929,2,56,8,0.0207050077809887,0.0,0.0,0.66,3,Normal,36,5,3,2,47,93.0,0.3880800280296381,146.64129376144416,146.64129376144416,,1,146.64129376144416,0.0,0.0,0.0,0.0,0.0,0.0,0.0,0.0,0.0,36.0,5.0,3.0,2.0,47.0,190.64129376144416,990.0,964.6378477625686,25.36215223743136,0.102814584095028,0.0046641293761444,989.8925212865288,0.1522138910238038,0.0,0.0,0.0,25.10245963293646,25.254673523960264,25.254673523960264,25.254673523960264,,0.9160639274770712,0.0,0.0,0.0,33.0702168258047,0.0,0.0,0.0,0.6735278375927637,0.0,0.0,0.0,0.97,0.96,0.96,0.96,32.07811032103056,0.0,0.0,0.0,32.07811032103056,769.8746477047334,0.1338588597045523,6.076450890280602e-05,0.89
1929-11-26,1929-12-07,264.675,0.9437959007304476,249.7991800258312,0.875,1929,11,26,1929.11,1929,2,57,9,0.0215826491542318,10.157886264387033,0.0406642097997944,0.66,3,Normal,36,5,3,2,47,93.0,0.3722990603507308,156.7991800258312,156.7991800258312,,1,156.7991800258312,0.0,0.0,0.0,0.0,0.0,0.0,0.0,0.0,0.0,36.0,5.0,3.0,2.0,47.0,200.7991800258312,990.0,964.698795080155,25.301204919844963,0.1063996384876639,0.0056799180025831,989.8879204435098,0.1739941796573452,0.0,0.0,0.0,25.01513118369737,25.18912536335472,25.18912536335472,25.18912536335472,,0.9200506011777168,0.0,0.0,0.0,35.391338250752334,0.0,0.0,0.0,0.7208011863697013,0.0,0.0,0.0,0.97,0.96,0.96,0.96,34.32959810322976,0.0,0.0,0.0,34.32959810322976,823.9103544775144,0.1374287861940932,6.081664120659568e-05,0.875
1929-11-27,1929-12-08,264.675,0.9437959007304476,249.7991800258312,0.875,1929,11,27,1929.11,1929,2,58,9,0.0215826491542318,0.0,0.0,0.66,3,Normal,36,5,3,2,47,93.0,0.3722990603507308,156.7991800258312,156.7991800258312,,1,156.7991800258312,0.0,0.0,0.0,0.0,0.0,0.0,0.0,0.0,0.0,36.0,5.0,3.0,2.0,47.0,200.7991800258312,990.0,964.698795080155,25.301204919844963,0.1063996384876639,0.0056799180025831,989.8879204435098,0.1739941796573452,0.0,0.0,0.0,25.01513118369737,25.18912536335472,25.18912536335472,25.18912536335472,,0.9200506011777168,0.0,0.0,0.0,35.391338250752334,0.0,0.0,0.0,0.7208011863697013,0.0,0.0,0.0,0.97,0.96,0.96,0.96,34.32959810322976,0.0,0.0,0.0,34.32959810322976,823.9103544775144,0.1374287861940932,6.081664120659568e-05,0.875
1929-11-28,1929-12-09,271.7487,0.9523418217225876,258.7976520087449,0.862,1929,11,28,1929.11,1929,2,59,9,0.0223601171335555,8.998471982913687,0.0347702999353704,0.66,3,Normal,36,5,3,2,47,93.0,0.3593541103566793,165.79765200874488,165.79765200874488,,1,165.79765200874488,0.0,0.0,0.0,0.0,0.0,0.0,0.0,0.0,0.0,36.0,5.0,3.0,2.0,47.0,209.79765200874488,990.0,964.735190608035,25.264809391964945,0.109575580462664,0.0065797652008744,989.8838446543364,0.1944984117808127,0.0,0.0,0.0,24.954155634520617,25.14865404630143,25.14865404630143,25.14865404630143,,0.9235675264773962,0.0,0.0,0.0,37.473875451748256,0.0,0.0,0.0,0.7632153859826528,0.0,0.0,0.0,0.97,0.96,0.96,0.96,36.34965918819581,0.0,0.0,0.0,36.34965918819581,872.3918205166995,0.1404559079499204,6.0900304859227126e-05,0.86
1929-11-29,1929-12-10,282.5805,0.9441063439037743,266.78604271350054,0.847,1929,11,29,1929.11,1929,2,60,9,0.0230503140904464,7.988390704755659,0.0299430608269651,0.66,3,Normal,36,5,3,2,47,93.0,0.3485939483718493,173.78604271350054,173.78604271350054,,1,173.78604271350054,0.0,0.0,0.0,0.0,0.0,0.0,0.0,0.0,0.0,36.0,5.0,3.0,2.0,47.0,217.7860427135005,990.0,964.767144170854,25.232855829145933,0.1123950219634107,0.00737860427135,989.8802263737653,0.2137379442209413,0.0,0.0,0.0,24.899344258690245,25.113082202911187,25.113082202911187,25.113082202911187,,0.926491635339558,0.0,0.0,0.0,39.31723841413353,0.0,0.0,0.0,0.8007584198397867,0.0,0.0,0.0,0.9700758419839788,0.96,0.96,0.96,38.14070315907541,0.0,0.0,0.0,38.14070315907541,915.37687581781,0.142963637719363,6.09636976651566e-05,0.845
1929-11-30,1929-12-11,282.5805,0.9441063439037743,266.78604271350054,0.847,1929,11,30,1929.11,1929,2,61,9,0.0230503140904464,0.0,0.0,0.66,3,Normal,36,5,3,2,47,93.0,0.3485939483718493,173.78604271350054,173.78604271350054,,1,173.78604271350054,0.0,0.0,0.0,0.0,0.0,0.0,0.0,0.0,0.0,36.0,5.0,3.0,2.0,47.0,217.7860427135005,990.0,964.767144170854,25.232855829145933,0.1123950219634107,0.00737860427135,989.8802263737653,0.2137379442209413,0.0,0.0,0.0,24.899344258690245,25.113082202911187,25.113082202911187,25.113082202911187,,0.926491635339558,0.0,0.0,0.0,39.31723841413353,0.0,0.0,0.0,0.8007584198397867,0.0,0.0,0.0,0.9700758419839788,0.96,0.96,0.96,38.14070315907541,0.0,0.0,0.0,38.14070315907541,915.37687581781,0.142963637719363,6.09636976651566e-05,0.845
1929-12-01,1929-12-12,286.2506,0.9441456049247084,270.26224589706084,0.836,1929,12,1,1929.12,1929,3,62,9,0.023350658045506,3.476203183560301,0.012862333664186,0.75,4,Mod_Dry,31,5,3,2,36,77.0,0.28490845898368,193.26224589706084,193.26224589706084,,1,193.26224589706084,0.0,0.0,0.0,0.0,0.0,0.0,0.0,0.0,0.0,31.0,5.0,3.0,2.0,36.0,232.26224589706084,990.0,964.7810489835882,25.21895101641178,0.1175042873383096,0.009326224589706,989.873169488072,0.2642733088400055,0.0,0.0,0.0,24.827847195643766,25.092120504483773,25.092120504483773,25.092120504483773,,0.9329851561620238,0.0,0.0,0.0,43.903538003400016,0.0,0.0,0.0,0.8941657434501021,0.0,0.0,0.0,0.9794165743450102,0.96,0.96,0.96,42.99985279291601,0.0,0.0,0.0,42.99985279291601,1031.9964670299842,0.1591041791656466,6.180412267355025e-05,0.835
1929-12-02,1929-12-13,308.9022,0.9297022486736368,287.1870699602335,0.8029999999999999,1929,12,2,1929.12,1929,3,63,9,0.0248129628445641,16.92482406317265,0.0589330991312255,0.75,4,Mod_Dry,31,5,3,2,36,77.0,0.26811792052707,210.1870699602335,210.1870699602335,,1,210.1870699602335,0.0,0.0,0.0,0.0,0.0,0.0,0.0,0.0,0.0,31.0,5.0,3.0,2.0,36.0,249.1870699602335,990.0,964.848748279841,25.151251720159053,0.1234776113048986,0.0120374139920466,989.864484974703,0.3125612098807004,0.0,0.0,0.0,24.703175484981383,25.015736694862085,25.015736694862085,25.015736694862085,,0.9376121601087,0.0,0.0,0.0,47.74420984454772,0.0,0.0,0.0,0.9723871658767356,0.0,0.0,0.0,0.98,0.96,0.96,0.96,46.78932564765676,0.0,0.0,0.0,46.78932564765676,1122.9438155437622,0.1629228142274498,6.183555869819138e-05,0.805
1929-12-03,1929-12-14,392.4543,0.9019707790507928,353.9823107128336,0.7040000000000001,1929,12,3,1929.12,1929,3,64,10,0.0305840716455888,66.79524075260015,0.1886965498871706,0.75,4,Mod_Dry,31,5,3,2,36,77.0,0.2175249939606893,276.9823107128336,276.9823107128336,,2,138.4911553564168,138.4911553564168,0.0,0.0,0.0,0.0,0.0,0.0,0.0,0.0,31.0,5.0,3.0,2.0,36.0,315.9823107128336,990.0,965.169911553564,24.830088446435862,0.1470517242108551,0.0253964621425667,989.8275518136466,0.1357728413914486,0.1357728413914486,0.0,0.0,24.521867418690967,24.521867418690967,24.657640260082417,24.657640260082417,,0.9117852186671996,0.9117852186671996,0.0,0.0,30.367345126663736,30.367345126663736,0.0,0.0,0.6184795341479375,0.6184795341479375,0.0,0.0,0.97,0.97,0.96,0.96,29.456324772863823,29.456324772863823,0.0,0.0,58.912649545727646,1413.9035890974635,0.1664282303460079,5.908184111720967e-05,0.705
1929-12-04,1929-12-15,392.4543,0.9019707790507928,353.9823107128336,0.7040000000000001,1929,12,4,1929.12,1929,3,65,10,0.0305840716455888,0.0,0.0,0.75,4,Mod_Dry,31,5,3,2,36,77.0,0.2175249939606893,276.9823107128336,276.9823107128336,,2,138.4911553564168,138.4911553564168,0.0,0.0,0.0,0.0,0.0,0.0,0.0,0.0,31.0,5.0,3.0,2.0,36.0,315.9823107128336,990.0,965.169911553564,24.830088446435862,0.1470517242108551,0.0253964621425667,989.8275518136466,0.1357728413914486,0.1357728413914486,0.0,0.0,24.521867418690967,24.521867418690967,24.657640260082417,24.657640260082417,,0.9117852186671996,0.9117852186671996,0.0,0.0,30.367345126663736,30.367345126663736,0.0,0.0,0.6184795341479375,0.6184795341479375,0.0,0.0,0.97,0.97,0.96,0.96,29.456324772863823,29.456324772863823,0.0,0.0,58.912649545727646,1413.9035890974635,0.1664282303460079,5.908184111720967e-05,0.705
1929-12-05,1929-12-16,387.9749,0.9026852126280548,350.2192051008483,0.7090000000000001,1929,12,5,1929.12,1929,3,66,10,0.0302589393207132,3.7631056119853374,0.0107450007229093,0.75,4,Mod_Dry,31,5,3,2,36,77.0,0.2198623001780478,273.2192051008483,273.2192051008483,,2,136.60960255042414,136.60960255042414,0.0,0.0,0.0,0.0,0.0,0.0,0.0,0.0,31.0,5.0,3.0,2.0,36.0,312.2192051008483,990.0,965.1510960255042,24.848903974495784,0.1457236074831595,0.0246438410201696,989.8296325514966,0.1321226289478228,0.1321226289478228,0.0,0.0,24.546413897044577,24.546413897044577,24.6785365259924,24.6785365259924,,0.9109345726938114,0.9109345726938114,0.0,0.0,29.9567824409605,29.9567824409605,0.0,0.0,0.610117768655,0.610117768655,0.0,0.0,0.97,0.97,0.96,0.96,29.05807896773168,29.05807896773168,0.0,0.0,58.11615793546336,1394.7877904511206,0.1659422358597621,5.908580693782736e-05,0.71
1929-12-06,1929-12-17,439.0488,0.9068394067509818,398.1467533267305,0.657,1929,12,6,1929.12,1929,3,67,10,0.0343998794874295,47.92754822588221,0.1203765893490823,0.75,4,Mod_Dry,31,5,3,2,36,77.0,0.1933960263561703,321.1467533267305,321.1467533267305,,2,160.57337666336525,160.57337666336525,0.0,0.0,0.0,0.0,0.0,0.0,0.0,0.0,31.0,5.0,3.0,2.0,36.0,360.1467533267305,990.0,965.3907337666336,24.609266233366384,0.1626387262918097,0.0342293506653461,989.8031319230428,0.18241876632574,0.18241876632574,0.0,0.0,24.22997939008353,24.22997939008353,24.412398156409267,24.412398156409267,,0.9208436910533092,0.9208436910533092,0.0,0.0,35.135909623902435,35.135909623902435,0.0,0.0,0.7155989740102329,0.7155989740102329,0.0,0.0,0.97,0.97,0.96,0.96,34.08183233518536,34.08183233518536,0.0,0.0,68.16366467037072,1635.9279520888972,0.1712023621964177,5.89585636509974e-05,0.655
1929-12-07,1929-12-18,509.9149,0.8935905892579125,455.65515596238953,0.59,1929,12,7,1929.12,1929,3,68,10,0.0393686054751504,57.508402635659024,0.1262103629974196,0.75,4,Mod_Dry,31,5,3,2,36,77.0,0.1689874436674995,378.65515596238953,378.65515596238953,,2,189.3275779811948,189.3275779811948,0.0,0.0,0.0,0.0,0.0,0.0,0.0,0.0,31.0,5.0,3.0,2.0,36.0,417.65515596238953,990.0,965.6504482018308,24.349551798169276,0.1829352258851802,0.0457310311924779,989.7713337429224,0.2536113574299781,0.2536113574299781,0.0,0.0,23.867274183661547,23.867274183661547,24.120885541091525,24.120885541091525,,0.9308478296313456,0.9308478296313456,0.0,0.0,41.25096297769674,41.25096297769674,0.0,0.0,0.8401418121730496,0.8401418121730496,0.0,0.0,0.974014181217305,0.974014181217305,0.96,0.96,40.17902292914665,40.17902292914665,0.0,0.0,80.3580458582933,1928.5931005990392,0.1763571525676452,5.8949888978399656e-05,0.59
1929-12-08,1929-12-19,525.9775,0.8881694527338079,467.1571483252964,0.58,1929,12,8,1929.12,1929,3,69,10,0.0403623776153056,11.50199236290689,0.0246212487685143,0.75,4,Mod_Dry,31,5,3,2,36,77.0,0.1648267617782066,390.1571483252964,390.1571483252964,,2,195.0785741626482,195.0785741626482,0.0,0.0,0.0,0.0,0.0,0.0,0.0,0.0,31.0,5.0,3.0,2.0,36.0,429.1571483252964,990.0,965.7022071674638,24.29779283253617,0.1869946358603746,0.0480314296650592,989.7649739344744,0.269220007655415,0.269220007655415,0.0,0.0,23.79354675935524,23.79354675935524,24.062766767010658,24.062766767010658,,0.932550685323901,0.932550685323901,0.0,0.0,42.45021578645043,42.45021578645043,0.0,0.0,0.8645665129623304,0.8645665129623304,0.0,0.0,0.976456651296233,0.976456651296233,0.96,0.96,41.45079555363987,41.45079555363987,0.0,0.0,82.90159110727974,1989.638186574714,0.1774597507594012,5.902293435060224e-05,0.58
1929-12-09,1929-12-20,564.6867,0.8760275090430032,494.6810831907137,0.5529999999999999,1929,12,9,1929.12,1929,3,70,10,0.0427404455876776,27.523934865417232,0.0556397561998665,0.75,4,Mod_Dry,31,5,3,2,36,77.0,0.1556558409376537,417.6810831907137,417.6810831907137,,2,208.84054159535685,208.84054159535685,0.0,0.0,0.0,0.0,0.0,0.0,0.0,0.0,31.0,5.0,3.0,2.0,36.0,456.6810831907137,990.0,965.8260648743582,24.173935125641837,0.1967086864547395,0.0535362166381427,989.7497550969072,0.3085911922903491,0.3085911922903491,0.0,0.0,23.615099030258648,23.615099030258648,23.923690222549,23.923690222549,,0.9363995425587364,0.9363995425587364,0.0,0.0,45.29022458927175,45.29022458927175,0.0,0.0,0.922407832775392,0.922407832775392,0.0,0.0,0.98,0.98,0.96,0.96,44.38442009748631,44.38442009748631,0.0,0.0,88.76884019497263,2130.452164679343,0.1794466035014112,5.903549899101198e-05,0.555
1929-12-10,1929-12-21,564.6867,0.8760275090430032,494.6810831907137,0.5529999999999999,1929,12,10,1929.12,1929,3,71,11,0.0427404455876776,0.0,0.0,0.75,4,Mod_Dry,31,5,3,2,36,77.0,0.1556558409376537,417.6810831907137,417.6810831907137,,2,208.84054159535685,208.84054159535685,0.0,0.0,0.0,0.0,0.0,0.0,0.0,0.0,31.0,5.0,3.0,2.0,36.0,456.6810831907137,990.0,965.8260648743582,24.173935125641837,0.1967086864547395,0.0535362166381427,989.7497550969072,0.3085911922903491,0.3085911922903491,0.0,0.0,23.615099030258648,23.615099030258648,23.923690222549,23.923690222549,,0.9363995425587364,0.9363995425587364,0.0,0.0,45.29022458927175,45.29022458927175,0.0,0.0,0.922407832775392,0.922407832775392,0.0,0.0,0.98,0.98,0.96,0.96,44.38442009748631,44.38442009748631,0.0,0.0,88.76884019497263,2130.452164679343,0.1794466035014112,5.903549899101198e-05,0.555
1929-12-11,1929-12-22,515.2343,0.8913623235036077,459.2604427967548,0.585,1929,12,11,1929.12,1929,3,72,11,0.0396801022576396,35.42064039395882,0.0771253891980289,0.2,2,Mod_Wet,42,7,5,3,61,118.0,0.2569348217351712,341.2604427967548,341.2604427967548,,2,170.6302213983774,170.6302213983774,0.0,0.0,0.0,0.0,0.0,0.0,0.0,0.0,42.0,7.0,5.0,3.0,61.0,395.2604427967548,990.0,965.6666719925854,24.333328007414597,0.1750314367721417,0.0382520885593509,989.7867164746684,0.2060377402120408,0.2060377402120408,0.0,0.0,23.91400674187109,23.91400674187109,24.12004448208313,24.12004448208313,,0.9243883652241878,0.9243883652241878,0.0,0.0,36.99145992322399,36.99145992322399,0.0,0.0,0.7533902224689204,0.7533902224689204,0.0,0.0,0.97,0.97,0.96,0.96,35.88171612552727,35.88171612552727,0.0,0.0,71.76343225105454,1722.3223740253088,0.1562586836654977,5.8413704714895256e-05,0.585
1929-12-12,1929-12-23,531.4016,0.8847902403509693,470.1789493868897,0.5740000000000001,1929,12,12,1929.12,1929,3,73,11,0.0406234612270272,10.918506590134882,0.0232220234537776,0.2,2,Mod_Wet,42,7,5,3,61,118.0,0.2509682752787449,352.1789493868897,352.1789493868897,,2,176.08947469344486,176.08947469344486,0.0,0.0,0.0,0.0,0.0,0.0,0.0,0.0,42.0,7.0,5.0,3.0,61.0,406.1789493868897,990.0,965.715805272241,24.28419472775897,0.178884916514413,0.0404357898773779,989.7806792936082,0.2194236867336121,0.2194236867336121,0.0,0.0,23.84545033463352,23.84545033463352,24.06487402136713,24.06487402136713,,0.926293570014574,0.926293570014574,0.0,0.0,38.1440036656756,38.1440036656756,0.0,0.0,0.7768636184455315,0.7768636184455315,0.0,0.0,0.97,0.97,0.96,0.96,36.99968355570533,36.99968355570533,0.0,0.0,73.99936711141066,1775.984810673856,0.1573855384378763,5.8366293013692624e-05,0.575
1929-12-13,1929-12-24,599.256,0.8886339443648977,532.5192229643311,0.53,1929,12,13,1929.12,1929,3,74,11,0.0460096608641182,62.34027357744139,0.117066710250227,0.2,2,Mod_Wet,42,7,5,3,61,118.0,0.2215882449146888,414.5192229643311,414.5192229643311,,2,207.25961148216555,207.25961148216555,0.0,0.0,0.0,0.0,0.0,0.0,0.0,0.0,42.0,7.0,5.0,3.0,61.0,468.5192229643311,990.0,965.9963365033394,24.00366349666058,0.2008867332807611,0.0529038445928662,989.7462094221264,0.3039432577575667,0.3039432577575667,0.0,0.0,23.445929661029425,23.445929661029425,23.74987291878699,23.74987291878699,,0.9358516058316004,0.9358516058316004,0.0,0.0,44.59927786598314,44.59927786598314,0.0,0.0,0.9083355980851964,0.9083355980851964,0.0,0.0,0.98,0.98,0.96,0.96,43.70729230866348,43.70729230866348,0.0,0.0,87.41458461732695,2097.9500308158467,0.1641529185194918,5.8578294359241376e-05,0.53
1929-12-14,1929-12-25,587.589,0.8901106602929673,523.0192327708844,0.536,1929,12,14,1929.12,1929,3,75,11,0.0451888617114044,9.499990193446706,0.0181637492432487,0.2,2,Mod_Wet,42,7,5,3,61,118.0,0.2256131182305708,405.0192327708844,405.0192327708844,,2,202.5096163854422,202.5096163854422,0.0,0.0,0.0,0.0,0.0,0.0,0.0,0.0,42.0,7.0,5.0,3.0,61.0,459.0192327708844,990.0,965.953586547469,24.046413452531056,0.1975338919869437,0.0510038465541768,989.7514622614588,0.2901775028623647,0.2901775028623647,0.0,0.0,23.50769821112756,23.50769821112756,23.797875713989924,23.797875713989924,,0.9345882217300976,0.9345882217300976,0.0,0.0,43.63296850663021,43.63296850663021,0.0,0.0,0.8886551630678251,0.8886551630678251,0.0,0.0,0.9788655163067824,0.9788655163067824,0.96,0.96,42.710808245240166,42.710808245240166,0.0,0.0,85.42161649048033,2050.118795771528,0.1633240445823154,5.858543220423816e-05,0.535
1929-12-15,1929-12-26,559.0506,0.8753118667840304,489.3436243127323,0.555,1929,12,15,1929.12,1929,3,76,11,0.04227928914062,33.675608458152105,0.0688179160512174,0.2,2,Mod_Wet,42,7,5,3,61,118.0,0.2411393428610156,371.3436243127323,371.3436243127323,,2,185.67181215636612,185.67181215636612,0.0,0.0,0.0,0.0,0.0,0.0,0.0,0.0,42.0,7.0,5.0,3.0,61.0,425.3436243127323,990.0,965.8020463094072,24.19795369059273,0.1856487249147918,0.0442687248625464,989.7700825502228,0.2438870203359339,0.2438870203359339,0.0,0.0,23.72414922047949,23.72414922047949,23.968036240815422,23.968036240815422,,0.9296071048650952,0.9296071048650952,0.0,0.0,40.15824795743039,40.15824795743039,0.0,0.0,0.8178869237765863,0.8178869237765863,0.0,0.0,0.9717886923776586,0.9717886923776586,0.96,0.96,39.02533127072906,39.02533127072906,0.0,0.0,78.05066254145812,1873.215900994995,0.1595007243653737,5.8384574758689646e-05,0.555
1929-12-16,1929-12-27,542.3552,0.8801399653154843,477.3484869166725,0.5650000000000001,1929,12,16,1929.12,1929,3,77,11,0.0412429092696005,11.99513739605976,0.0251286800415765,0.2,2,Mod_Wet,42,7,5,3,61,118.0,0.2471988562532061,359.3484869166725,359.3484869166725,,2,179.67424345833626,179.67424345833626,0.0,0.0,0.0,0.0,0.0,0.0,0.0,0.0,42.0,7.0,5.0,3.0,61.0,413.3484869166725,990.0,965.748068191125,24.25193180887504,0.1814152687566723,0.0418696973833345,989.77671503386,0.2283856086458406,0.2283856086458406,0.0,0.0,23.80026123408909,23.80026123408909,24.02864684273493,24.02864684273493,,0.9275458841874288,0.9275458841874288,0.0,0.0,38.89928788883778,38.89928788883778,0.0,0.0,0.7922461891820323,0.7922461891820323,0.0,0.0,0.97,0.97,0.96,0.96,37.73230925217265,37.73230925217265,0.0,0.0,75.4646185043453,1811.150844104287,0.1580912489988025,5.833444356159391e-05,0.565
1929-12-17,1929-12-28,536.8608,0.8801028281077824,472.4927083802066,0.5690000000000001,1929,12,17,1929.12,1929,3,78,12,0.0408233700040498,4.855778536465948,0.0102769385650679,0.2,2,Mod_Wet,42,7,5,3,61,118.0,0.2497393037122754,354.4927083802066,354.4927083802066,,2,177.2463541901033,177.2463541901033,0.0,0.0,0.0,0.0,0.0,0.0,0.0,0.0,42.0,7.0,5.0,3.0,61.0,408.4927083802066,990.0,965.7262171877107,24.27378281228914,0.1797015138517539,0.0408985416760413,989.7793999444722,0.2223158854752582,0.2223158854752582,0.0,0.0,23.83086687128606,23.83086687128606,24.05318275676132,24.05318275676132,,0.9266975939401978,0.9266975939401978,0.0,0.0,38.38785858957801,38.38785858957801,0.0,0.0,0.7818301138406927,0.7818301138406927,0.0,0.0,0.97,0.97,0.96,0.96,37.236222831890665,37.236222831890665,0.0,0.0,74.47244566378133,1787.3386959307518,0.1576160739476526,5.835603941386047e-05,0.57
1929-12-18,1929-12-29,525.9775,0.8881694527338079,467.1571483252964,0.58,1929,12,18,1929.12,1929,3,79,12,0.0403623776153056,5.335560054910161,0.011421338780831,0.2,2,Mod_Wet,42,7,5,3,61,118.0,0.2525916609068622,349.1571483252964,349.1571483252964,,2,174.5785741626482,174.5785741626482,0.0,0.0,0.0,0.0,0.0,0.0,0.0,0.0,42.0,7.0,5.0,3.0,61.0,403.1571483252964,990.0,965.7022071674638,24.29779283253617,0.1778184291628786,0.0398314296650592,989.782350141172,0.2156717209568616,0.2156717209568616,0.0,0.0,23.86447125275137,23.86447125275137,24.080142973708234,24.080142973708234,,0.9257660651414968,0.9257660651414968,0.0,0.0,37.825329105564,37.825329105564,0.0,0.0,0.7703733015389815,0.7703733015389815,0.0,0.0,0.97,0.97,0.96,0.96,36.690569232397074,36.690569232397074,0.0,0.0,73.38113846479415,1761.1473231550594,0.1570802003733795,5.837958544260781e-05,0.58
1929-12-19,1929-12-30,520.5884,0.8885427859104034,462.56506724863937,0.581,1929,12,19,1929.12,1929,3,80,12,0.0399656218102824,4.592081076657053,0.0099274273000574,0.2,2,Mod_Wet,42,7,5,3,61,118.0,0.2550992462571158,344.56506724863937,344.56506724863937,,2,172.28253362431968,172.28253362431968,0.0,0.0,0.0,0.0,0.0,0.0,0.0,0.0,42.0,7.0,5.0,3.0,61.0,398.56506724863937,990.0,965.6815428026188,24.31845719738112,0.1761977412732222,0.0389130134497278,989.7848892452772,0.21006938204334,0.21006938204334,0.0,0.0,23.89327706061488,23.89327706061488,24.10334644265822,24.10334644265822,,0.9249647404393774,0.9249647404393774,0.0,0.0,37.3405616790469,37.3405616790469,0.0,0.0,0.7605002378624623,0.7605002378624623,0.0,0.0,0.97,0.97,0.96,0.96,36.22034482867549,36.22034482867549,0.0,0.0,72.44068965735099,1738.5765517764237,0.1566064858469142,5.839945980126941e-05,0.58
1929-12-20,1929-12-31,525.9775,0.8881694527338079,467.1571483252964,0.58,1929,12,20,1929.12,1929,3,81,12,0.0403623776153056,4.592081076657053,0.009829842255693,0.2,2,Mod_Wet,42,7,5,3,61,118.0,0.2525916609068622,349.1571483252964,349.1571483252964,,2,174.5785741626482,174.5785741626482,0.0,0.0,0.0,0.0,0.0,0.0,0.0,0.0,42.0,7.0,5.0,3.0,61.0,403.1571483252964,990.0,965.7022071674638,24.29779283253617,0.1778184291628786,0.0398314296650592,989.782350141172,0.2156717209568616,0.2156717209568616,0.0,0.0,23.86447125275137,23.86447125275137,24.080142973708234,24.080142973708234,,0.9257660651414968,0.9257660651414968,0.0,0.0,37.825329105564,37.825329105564,0.0,0.0,0.7703733015389815,0.7703733015389815,0.0,0.0,0.97,0.97,0.96,0.96,36.690569232397074,36.690569232397074,0.0,0.0,73.38113846479415,1761.1473231550594,0.1570802003733795,5.837958544260781e-05,0.58
1929-12-21,1930-01-01,520.5884,0.8885427859104034,462.56506724863937,0.581,1929,12,21,1929.12,1929,3,82,12,0.0399656218102824,4.592081076657053,0.0099274273000574,0.33,2,Mod_Wet,42,7,5,3,61,118.0,0.2550992462571158,344.56506724863937,344.56506724863937,,2,172.28253362431968,172.28253362431968,0.0,0.0,0.0,0.0,0.0,0.0,0.0,0.0,42.0,7.0,5.0,3.0,61.0,398.56506724863937,990.0,965.6815428026188,24.31845719738112,0.1761977412732222,0.0389130134497278,989.7848892452772,0.21006938204334,0.21006938204334,0.0,0.0,23.89327706061488,23.89327706061488,24.10334644265822,24.10334644265822,,0.9249647404393774,0.9249647404393774,0.0,0.0,37.3405616790469,37.3405616790469,0.0,0.0,0.7605002378624623,0.7605002378624623,0.0,0.0,0.97,0.97,0.96,0.96,36.22034482867549,36.22034482867549,0.0,0.0,72.44068965735099,1738.5765517764237,0.1566064858469142,5.839945980126941e-05,0.58
1929-12-22,1930-01-02,515.2343,0.8913623235036077,459.2604427967548,0.585,1929,12,22,1929.12,1929,3,83,12,0.0396801022576396,3.304624451884536,0.0071955346987003,0.33,2,Mod_Wet,42,7,5,3,61,118.0,0.2569348217351712,341.2604427967548,341.2604427967548,,2,170.6302213983774,170.6302213983774,0.0,0.0,0.0,0.0,0.0,0.0,0.0,0.0,42.0,7.0,5.0,3.0,61.0,395.2604427967548,990.0,965.6666719925854,24.333328007414597,0.1750314367721417,0.0382520885593509,989.7867164746684,0.2060377402120408,0.2060377402120408,0.0,0.0,23.91400674187109,23.91400674187109,24.12004448208313,24.12004448208313,,0.9243883652241878,0.9243883652241878,0.0,0.0,36.99145992322399,36.99145992322399,0.0,0.0,0.7533902224689204,0.7533902224689204,0.0,0.0,0.97,0.97,0.96,0.96,35.88171612552727,35.88171612552727,0.0,0.0,71.76343225105454,1722.3223740253088,0.1562586836654977,5.8413704714895256e-05,0.585
1929-12-23,1930-01-03,515.2343,0.8913623235036077,459.2604427967548,0.585,1929,12,23,1929.12,1929,3,84,12,0.0396801022576396,0.0,0.0,0.33,2,Mod_Wet,42,7,5,3,61,118.0,0.2569348217351712,341.2604427967548,341.2604427967548,,2,170.6302213983774,170.6302213983774,0.0,0.0,0.0,0.0,0.0,0.0,0.0,0.0,42.0,7.0,5.0,3.0,61.0,395.2604427967548,990.0,965.6666719925854,24.333328007414597,0.1750314367721417,0.0382520885593509,989.7867164746684,0.2060377402120408,0.2060377402120408,0.0,0.0,23.91400674187109,23.91400674187109,24.12004448208313,24.12004448208313,,0.9243883652241878,0.9243883652241878,0.0,0.0,36.99145992322399,36.99145992322399,0.0,0.0,0.7533902224689204,0.7533902224689204,0.0,0.0,0.97,0.97,0.96,0.96,35.88171612552727,35.88171612552727,0.0,0.0,71.76343225105454,1722.3223740253088,0.1562586836654977,5.8413704714895256e-05,0.585
1929-12-24,1930-01-04,525.9775,0.8881694527338079,467.1571483252964,0.58,1929,12,24,1929.12,1929,3,85,13,0.0403623776153056,7.896705528541587,0.016903745467345,0.33,2,Mod_Wet,42,7,5,3,61,118.0,0.2525916609068622,349.1571483252964,349.1571483252964,,2,174.5785741626482,174.5785741626482,0.0,0.0,0.0,0.0,0.0,0.0,0.0,0.0,42.0,7.0,5.0,3.0,61.0,403.1571483252964,990.0,965.7022071674638,24.29779283253617,0.1778184291628786,0.0398314296650592,989.782350141172,0.2156717209568616,0.2156717209568616,0.0,0.0,23.86447125275137,23.86447125275137,24.080142973708234,24.080142973708234,,0.9257660651414968,0.9257660651414968,0.0,0.0,37.825329105564,37.825329105564,0.0,0.0,0.7703733015389815,0.7703733015389815,0.0,0.0,0.97,0.97,0.96,0.96,36.690569232397074,36.690569232397074,0.0,0.0,73.38113846479415,1761.1473231550594,0.1570802003733795,5.837958544260781e-05,0.58
1929-12-25,1930-01-05,525.9775,0.8881694527338079,467.1571483252964,0.58,1929,12,25,1929.12,1929,3,86,13,0.0403623776153056,0.0,0.0,0.33,2,Mod_Wet,42,7,5,3,61,118.0,0.2525916609068622,349.1571483252964,349.1571483252964,,2,174.5785741626482,174.5785741626482,0.0,0.0,0.0,0.0,0.0,0.0,0.0,0.0,42.0,7.0,5.0,3.0,61.0,403.1571483252964,990.0,965.7022071674638,24.29779283253617,0.1778184291628786,0.0398314296650592,989.782350141172,0.2156717209568616,0.2156717209568616,0.0,0.0,23.86447125275137,23.86447125275137,24.080142973708234,24.080142973708234,,0.9257660651414968,0.9257660651414968,0.0,0.0,37.825329105564,37.825329105564,0.0,0.0,0.7703733015389815,0.7703733015389815,0.0,0.0,0.97,0.97,0.96,0.96,36.690569232397074,36.690569232397074,0.0,0.0,73.38113846479415,1761.1473231550594,0.1570802003733795,5.837958544260781e-05,0.58
1929-12-26,1930-01-06,525.9775,0.8881694527338079,467.1571483252964,0.58,1929,12,26,1929.12,1929,3,87,13,0.0403623776153056,0.0,0.0,0.33,2,Mod_Wet,42,7,5,3,61,118.0,0.2525916609068622,349.1571483252964,349.1571483252964,,2,174.5785741626482,174.5785741626482,0.0,0.0,0.0,0.0,0.0,0.0,0.0,0.0,42.0,7.0,5.0,3.0,61.0,403.1571483252964,990.0,965.7022071674638,24.29779283253617,0.1778184291628786,0.0398314296650592,989.782350141172,0.2156717209568616,0.2156717209568616,0.0,0.0,23.86447125275137,23.86447125275137,24.080142973708234,24.080142973708234,,0.9257660651414968,0.9257660651414968,0.0,0.0,37.825329105564,37.825329105564,0.0,0.0,0.7703733015389815,0.7703733015389815,0.0,0.0,0.97,0.97,0.96,0.96,36.690569232397074,36.690569232397074,0.0,0.0,73.38113846479415,1761.1473231550594,0.1570802003733795,5.837958544260781e-05,0.58
1929-12-27,1930-01-07,525.9775,0.8881694527338079,467.1571483252964,0.58,1929,12,27,1929.12,1929,3,88,13,0.0403623776153056,0.0,0.0,0.33,2,Mod_Wet,42,7,5,3,61,118.0,0.2525916609068622,349.1571483252964,349.1571483252964,,2,174.5785741626482,174.5785741626482,0.0,0.0,0.0,0.0,0.0,0.0,0.0,0.0,42.0,7.0,5.0,3.0,61.0,403.1571483252964,990.0,965.7022071674638,24.29779283253617,0.1778184291628786,0.0398314296650592,989.782350141172,0.2156717209568616,0.2156717209568616,0.0,0.0,23.86447125275137,23.86447125275137,24.080142973708234,24.080142973708234,,0.9257660651414968,0.9257660651414968,0.0,0.0,37.825329105564,37.825329105564,0.0,0.0,0.7703733015389815,0.7703733015389815,0.0,0.0,0.97,0.97,0.96,0.96,36.690569232397074,36.690569232397074,0.0,0.0,73.38113846479415,1761.1473231550594,0.1570802003733795,5.837958544260781e-05,0.58
1929-12-28,1930-01-08,525.9775,0.8881694527338079,467.1571483252964,0.58,1929,12,28,1929.12,1929,3,89,13,0.0403623776153056,0.0,0.0,0.33,2,Mod_Wet,42,7,5,3,61,118.0,0.2525916609068622,349.1571483252964,349.1571483252964,,2,174.5785741626482,174.5785741626482,0.0,0.0,0.0,0.0,0.0,0.0,0.0,0.0,42.0,7.0,5.0,3.0,61.0,403.1571483252964,990.0,965.7022071674638,24.29779283253617,0.1778184291628786,0.0398314296650592,989.782350141172,0.2156717209568616,0.2156717209568616,0.0,0.0,23.86447125275137,23.86447125275137,24.080142973708234,24.080142973708234,,0.9257660651414968,0.9257660651414968,0.0,0.0,37.825329105564,37.825329105564,0.0,0.0,0.7703733015389815,0.7703733015389815,0.0,0.0,0.97,0.97,0.96,0.96,36.690569232397074,36.690569232397074,0.0,0.0,73.38113846479415,1761.1473231550594,0.1570802003733795,5.837958544260781e-05,0.58
1929-12-29,1930-01-09,525.9775,0.8881694527338079,467.1571483252964,0.58,1929,12,29,1929.12,1929,3,90,13,0.0403623776153056,0.0,0.0,0.33,2,Mod_Wet,42,7,5,3,61,118.0,0.2525916609068622,349.1571483252964,349.1571483252964,,2,174.5785741626482,174.5785741626482,0.0,0.0,0.0,0.0,0.0,0.0,0.0,0.0,42.0,7.0,5.0,3.0,61.0,403.1571483252964,990.0,965.7022071674638,24.29779283253617,0.1778184291628786,0.0398314296650592,989.782350141172,0.2156717209568616,0.2156717209568616,0.0,0.0,23.86447125275137,23.86447125275137,24.080142973708234,24.080142973708234,,0.9257660651414968,0.9257660651414968,0.0,0.0,37.825329105564,37.825329105564,0.0,0.0,0.7703733015389815,0.7703733015389815,0.0,0.0,0.97,0.97,0.96,0.96,36.690569232397074,36.690569232397074,0.0,0.0,73.38113846479415,1761.1473231550594,0.1570802003733795,5.837958544260781e-05,0.58
1929-12-30,1930-01-10,531.4016,0.8847902403509693,470.1789493868897,0.5740000000000001,1929,12,30,1929.12,1929,3,91,13,0.0406234612270272,3.021801061593294,0.0064269169547758,0.33,2,Mod_Wet,42,7,5,3,61,118.0,0.2509682752787449,352.1789493868897,352.1789493868897,,2,176.08947469344486,176.08947469344486,0.0,0.0,0.0,0.0,0.0,0.0,0.0,0.0,42.0,7.0,5.0,3.0,61.0,406.1789493868897,990.0,965.715805272241,24.28419472775897,0.178884916514413,0.0404357898773779,989.7806792936082,0.2194236867336121,0.2194236867336121,0.0,0.0,23.84545033463352,23.84545033463352,24.06487402136713,24.06487402136713,,0.926293570014574,0.926293570014574,0.0,0.0,38.1440036656756,38.1440036656756,0.0,0.0,0.7768636184455315,0.7768636184455315,0.0,0.0,0.97,0.97,0.96,0.96,36.99968355570533,36.99968355570533,0.0,0.0,73.99936711141066,1775.984810673856,0.1573855384378763,5.8366293013692624e-05,0.575
1929-12-31,1930-01-11,542.3552,0.8801399653154843,477.3484869166725,0.5650000000000001,1929,12,31,1929.12,1929,3,92,14,0.0412429092696005,7.169537529782815,0.0150195040442944,0.33,2,Mod_Wet,42,7,5,3,61,118.0,0.2471988562532061,359.3484869166725,359.3484869166725,,2,179.67424345833626,179.67424345833626,0.0,0.0,0.0,0.0,0.0,0.0,0.0,0.0,42.0,7.0,5.0,3.0,61.0,413.3484869166725,990.0,965.748068191125,24.25193180887504,0.1814152687566723,0.0418696973833345,989.77671503386,0.2283856086458406,0.2283856086458406,0.0,0.0,23.80026123408909,23.80026123408909,24.02864684273493,24.02864684273493,,0.9275458841874288,0.9275458841874288,0.0,0.0,38.89928788883778,38.89928788883778,0.0,0.0,0.7922461891820323,0.7922461891820323,0.0,0.0,0.97,0.97,0.96,0.96,37.73230925217265,37.73230925217265,0.0,0.0,75.4646185043453,1811.150844104287,0.1580912489988025,5.833444356159391e-05,0.565
1930-01-01,1930-01-12,547.8849,0.8752989863551575,479.5630976092969,0.5630000000000001,1930,1,1,1930.01,1929,4,93,14,0.0414342516334432,2.2146106926243188,0.0046179756191928,0.53,3,Normal,41,6,4,3,66,120.0,0.2502277606392574,359.5630976092969,359.5630976092969,,2,179.78154880464845,179.78154880464845,0.0,0.0,0.0,0.0,0.0,0.0,0.0,0.0,41.0,6.0,4.0,3.0,66.0,410.5630976092969,990.0,965.7580339392418,24.24196606075816,0.1804322184483079,0.0419126195218593,989.7776551620298,0.2286538720116211,0.2286538720116211,0.0,0.0,23.7909673507763,23.7909673507763,24.01962122278792,24.01962122278792,,0.9275766518030416,0.9275766518030416,0.0,0.0,38.90861092998621,38.90861092998621,0.0,0.0,0.792436067820493,0.792436067820493,0.0,0.0,0.97,0.97,0.96,0.96,37.74135260208662,37.74135260208662,0.0,0.0,75.48270520417324,1811.5849249001576,0.1573989024186124,5.831359850796938e-05,0.565
1930-01-02,1930-01-13,553.45,0.8781733244038457,486.0250263913084,0.5579999999999999,1930,1,2,1930.01,1929,4,94,14,0.041992562280209,6.461928782011513,0.0132954651121378,0.53,3,Normal,41,6,4,3,66,120.0,0.2469008661775898,366.0250263913084,366.0250263913084,,2,183.0125131956542,183.0125131956542,0.0,0.0,0.0,0.0,0.0,0.0,0.0,0.0,41.0,6.0,4.0,3.0,66.0,417.0250263913084,990.0,965.7871126187608,24.21288738123917,0.1827128336086246,0.0432050052782616,989.774082161113,0.2369722840447878,0.2369722840447878,0.0,0.0,23.74999725830741,23.74999725830741,23.9869695423522,23.9869695423522,,0.9287062571482072,0.9287062571482072,0.0,0.0,39.58780477329879,39.58780477329879,0.0,0.0,0.806268936319731,0.806268936319731,0.0,0.0,0.9706268936319732,0.9706268936319732,0.96,0.96,38.424987972816005,38.424987972816005,0.0,0.0,76.84997594563201,1844.399422695168,0.158119380222529,5.832173758969025e-05,0.56
1930-01-03,1930-01-14,564.6867,0.8760275090430032,494.6810831907137,0.5529999999999999,1930,1,3,1930.01,1929,4,95,14,0.0427404455876776,8.656056799405293,0.0174982571469548,0.53,3,Normal,41,6,4,3,66,120.0,0.2425805313314084,374.6810831907137,374.6810831907137,,2,187.34054159535685,187.34054159535685,0.0,0.0,0.0,0.0,0.0,0.0,0.0,0.0,41.0,6.0,4.0,3.0,66.0,425.6810831907137,990.0,965.8260648743582,24.173935125641837,0.1857678246231096,0.0449362166381427,989.7692959587388,0.2483258406436492,0.2483258406436492,0.0,0.0,23.694905243736965,23.694905243736965,23.943231084380614,23.943231084380614,,0.9300946035351088,0.9300946035351088,0.0,0.0,40.49044704974939,40.49044704974939,0.0,0.0,0.8246526894042646,0.8246526894042646,0.0,0.0,0.9724652689404264,0.9724652689404264,0.96,0.96,39.37555347975264,39.37555347975264,0.0,0.0,78.75110695950528,1890.0265670281267,0.159195711409778,5.838380550858201e-05,0.555
1930-01-04,1930-01-15,570.3586,0.8854392210789449,505.01787451967766,0.547,1930,1,4,1930.01,1929,4,96,14,0.0436335443585001,10.336791328964011,0.0204681692480594,0.53,3,Normal,41,6,4,3,66,120.0,0.237615351959833,385.01787451967766,385.01787451967766,,2,192.50893725983883,192.50893725983883,0.0,0.0,0.0,0.0,0.0,0.0,0.0,0.0,41.0,6.0,4.0,3.0,66.0,436.01787451967766,990.0,965.8725804353384,24.127419564661523,0.1894159990009349,0.0470035749039355,989.7635804260952,0.2622243093467616,0.2622243093467616,0.0,0.0,23.62877568140989,23.62877568140989,23.89099999075665,23.89099999075665,,0.9316243400542232,0.9316243400542232,0.0,0.0,41.55962708296686,41.55962708296686,0.0,0.0,0.8464282501622579,0.8464282501622579,0.0,0.0,0.9746428250162258,0.9746428250162258,0.96,0.96,40.50579234676367,40.50579234676367,0.0,0.0,81.01158469352734,1944.278032644656,0.160413301748136,5.844720325906364e-05,0.545
1930-01-05,1930-01-16,576.0661,0.8889914195501405,512.1178199937132,0.544,1930,1,5,1930.01,1929,4,97,14,0.0442469796474568,7.099945474035508,0.0138638906846136,0.53,3,Normal,41,6,4,3,66,120.0,0.2343210786952759,392.1178199937132,392.1178199937132,,2,196.05890999685656,196.05890999685656,0.0,0.0,0.0,0.0,0.0,0.0,0.0,0.0,41.0,6.0,4.0,3.0,66.0,443.1178199937132,990.0,965.9045301899716,24.09546981002836,0.1919217900475004,0.0484235639987426,989.7596546459538,0.2719649479911984,0.2719649479911984,0.0,0.0,23.583159507990956,23.583159507990956,23.85512445598215,23.85512445598215,,0.9326744979591832,0.9326744979591832,0.0,0.0,42.29191724925433,42.29191724925433,0.0,0.0,0.8613425101681127,0.8613425101681127,0.0,0.0,0.9761342510168112,0.9761342510168112,0.96,0.96,41.28258896816584,41.28258896816584,0.0,0.0,82.56517793633168,1981.5642704719603,0.1612230129725719,5.848949086105991e-05,0.545
1930-01-06,1930-01-17,581.8096,0.8882166996280455,516.7730027239134,0.54,1930,1,6,1930.01,1929,4,98,14,0.0446491874353461,4.655182730200182,0.0090081771022531,0.53,3,Normal,41,6,4,3,66,120.0,0.2322102729195978,396.77300272391335,396.77300272391335,,2,198.38650136195668,198.38650136195668,0.0,0.0,0.0,0.0,0.0,0.0,0.0,0.0,41.0,6.0,4.0,3.0,66.0,447.77300272391335,990.0,965.9254785122577,24.07452148774246,0.1935647484685362,0.0493546005447826,989.7570806509866,0.2784822038134786,0.2784822038134786,0.0,0.0,23.55311993491559,23.55311993491559,23.831602138729068,23.831602138729068,,0.9333627633035008,0.9333627633035008,0.0,0.0,42.77103228866603,42.77103228866603,0.0,0.0,0.8711004539443182,0.8711004539443182,0.0,0.0,0.9771100453944318,0.9771100453944318,0.96,0.96,41.79200530114517,41.79200530114517,0.0,0.0,83.58401060229035,2006.0162544549685,0.16174221594727,5.851653354301946e-05,0.54
1930-01-07,1930-01-18,599.256,0.8886339443648977,532.5192229643311,0.53,1930,1,7,1930.01,1929,4,99,15,0.0460096608641182,15.746220240417758,0.0295692992128332,0.53,3,Normal,41,6,4,3,66,120.0,0.2253439778793446,412.5192229643311,412.5192229643311,,2,206.25961148216555,206.25961148216555,0.0,0.0,0.0,0.0,0.0,0.0,0.0,0.0,41.0,6.0,4.0,3.0,66.0,463.5192229643311,990.0,965.9963365033394,24.00366349666058,0.1991220781466273,0.0525038445928662,989.7483740772606,0.3010032577575667,0.3010032577575667,0.0,0.0,23.45103431616357,23.45103431616357,23.752037573921143,23.752037573921143,,0.9356115782944368,0.9356115782944368,0.0,0.0,44.38236948782349,44.38236948782349,0.0,0.0,0.9039179121756312,0.9039179121756312,0.0,0.0,0.98,0.98,0.96,0.96,43.494722098067015,43.494722098067015,0.0,0.0,86.98944419613403,2087.7466607072165,0.1633545615722509,5.857602059193119e-05,0.53
1930-01-08,1930-01-19,611.0679,0.8869861279741288,542.0087505502821,0.523,1930,1,8,1930.01,1929,4,100,15,0.0468295560475443,9.48952758595101,0.0175080708130941,0.53,3,Normal,41,6,4,3,66,120.0,0.2213986395573287,422.0087505502821,422.0087505502821,,2,211.00437527514103,211.00437527514103,0.0,0.0,0.0,0.0,0.0,0.0,0.0,0.0,41.0,6.0,4.0,3.0,66.0,473.0087505502821,990.0,966.0390393774762,23.96096062252377,0.2024712268616379,0.0544017501100564,989.7431270230284,0.3150131258254232,0.3150131258254232,0.0,0.0,23.3890745197266,23.3890745197266,23.704087645552026,23.704087645552026,,0.9367098066277516,0.9367098066277516,0.0,0.0,45.336528750553015,45.336528750553015,0.0,0.0,0.9233508910499596,0.9233508910499596,0.0,0.0,0.98,0.98,0.96,0.96,44.429798175541954,44.429798175541954,0.0,0.0,88.85959635108391,2132.630312426014,0.1639449478645279,5.848983267870278e-05,0.525
1930-01-09,1930-01-20,635.1294,0.8861628436789661,562.8280752081156,0.506,1930,1,9,1930.01,1929,4,101,15,0.0486283456979812,20.81932465783348,0.0369905581737996,0.53,3,Normal,41,6,4,3,66,120.0,0.2132089803011832,442.8280752081156,442.8280752081156,,3,147.6093584027052,147.6093584027052,147.6093584027052,0.0,0.0,0.0,0.0,0.0,0.0,0.0,41.0,6.0,4.0,3.0,66.0,493.8280752081156,990.0,966.1327263384364,23.86727366156356,0.209819012490967,0.0585656150416231,989.7316153724674,0.1542274654776268,0.1542274654776268,0.1542274654776268,0.0,23.44466156855337,23.44466156855337,23.44466156855337,23.598889034031004,,0.91476755210699,0.91476755210699,0.91476755210699,0.0,31.046118529875216,31.046118529875216,31.046118529875216,0.0,0.6323038397123262,0.6323038397123262,0.6323038397123262,0.0,0.97,0.97,0.97,0.96,30.11473497397896,30.11473497397896,30.11473497397896,0.0,90.34420492193688,2168.260918126485,0.1605182983960608,5.667123175630097e-05,0.505
1930-01-10,1930-01-21,635.1294,0.8861628436789661,562.8280752081156,0.506,1930,1,10,1930.01,1929,4,102,15,0.0486283456979812,0.0,0.0,0.53,3,Normal,41,6,4,3,66,120.0,0.2132089803011832,442.8280752081156,442.8280752081156,,3,147.6093584027052,147.6093584027052,147.6093584027052,0.0,0.0,0.0,0.0,0.0,0.0,0.0,41.0,6.0,4.0,3.0,66.0,493.8280752081156,990.0,966.1327263384364,23.86727366156356,0.209819012490967,0.0585656150416231,989.7316153724674,0.1542274654776268,0.1542274654776268,0.1542274654776268,0.0,23.44466156855337,23.44466156855337,23.44466156855337,23.598889034031004,,0.91476755210699,0.91476755210699,0.91476755210699,0.0,31.046118529875216,31.046118529875216,31.046118529875216,0.0,0.6323038397123262,0.6323038397123262,0.6323038397123262,0.0,0.97,0.97,0.97,0.96,30.11473497397896,30.11473497397896,30.11473497397896,0.0,90.34420492193688,2168.260918126485,0.1605182983960608,5.667123175630097e-05,0.505
1930-01-11,1930-01-22,641.2365,0.8794376863729334,563.9275439778775,0.503,1930,1,11,1930.01,1929,4,103,15,0.0487233397996886,1.09946876976187,0.0019496631819157,0.5700000000000001,3,Normal,41,6,4,3,66,120.0,0.2127932946022362,443.9275439778775,443.9275439778775,,3,147.97584799262583,147.97584799262583,147.97584799262583,0.0,0.0,0.0,0.0,0.0,0.0,0.0,41.0,6.0,4.0,3.0,66.0,494.9275439778775,990.0,966.1376739479005,23.862326052099547,0.2102070491328431,0.0587855087955754,989.7310074420716,0.1549897638246617,0.1549897638246617,0.1549897638246617,0.0,23.43834373034647,23.43834373034647,23.43834373034647,23.593333494171134,,0.9149121615646194,0.9149121615646194,0.9149121615646194,0.0,31.11973259083455,31.11973259083455,31.11973259083455,0.0,0.6338031077563044,0.6338031077563044,0.6338031077563044,0.0,0.97,0.97,0.97,0.96,30.18614061310951,30.18614061310951,30.18614061310951,0.0,90.55842183932852,2173.402124143885,0.1605852078097485,5.666491642348922e-05,0.505
1930-01-12,1930-01-23,653.5614,0.8750395785925671,571.8920920403683,0.4970000000000001,1930,1,12,1930.01,1929,4,104,15,0.0494114767522878,7.964548062490849,0.0139266623430223,0.5700000000000001,3,Normal,41,6,4,3,66,120.0,0.2098297942394516,451.8920920403683,451.8920920403683,,3,150.63069734678945,150.63069734678945,150.63069734678945,0.0,0.0,0.0,0.0,0.0,0.0,0.0,41.0,6.0,4.0,3.0,66.0,502.8920920403683,990.0,966.1735144141816,23.826485585818432,0.2130179852587491,0.0603784184080736,989.7266035963332,0.1605623062690652,0.1605623062690652,0.1605623062690652,0.0,23.3925268758826,23.3925268758826,23.3925268758826,23.553089182151663,,0.9159607669843912,0.9159607669843912,0.9159607669843912,0.0,31.652367200998903,31.652367200998903,31.652367200998903,0.0,0.6446510631568005,0.6446510631568005,0.6446510631568005,0.0,0.97,0.97,0.97,0.96,30.70279618496894,30.70279618496894,30.70279618496894,0.0,92.1083885549068,2210.6013253177634,0.1610590351516962,5.661896709002047e-05,0.495
1930-01-13,1930-01-24,653.5614,0.8750395785925671,571.8920920403683,0.4970000000000001,1930,1,13,1930.01,1929,4,105,15,0.0494114767522878,0.0,0.0,0.5700000000000001,3,Normal,41,6,4,3,66,120.0,0.2098297942394516,451.8920920403683,451.8920920403683,,3,150.63069734678945,150.63069734678945,150.63069734678945,0.0,0.0,0.0,0.0,0.0,0.0,0.0,41.0,6.0,4.0,3.0,66.0,502.8920920403683,990.0,966.1735144141816,23.826485585818432,0.2130179852587491,0.0603784184080736,989.7266035963332,0.1605623062690652,0.1605623062690652,0.1605623062690652,0.0,23.3925268758826,23.3925268758826,23.3925268758826,23.553089182151663,,0.9159607669843912,0.9159607669843912,0.9159607669843912,0.0,31.652367200998903,31.652367200998903,31.652367200998903,0.0,0.6446510631568005,0.6446510631568005,0.6446510631568005,0.0,0.97,0.97,0.97,0.96,30.70279618496894,30.70279618496894,30.70279618496894,0.0,92.1083885549068,2210.6013253177634,0.1610590351516962,5.661896709002047e-05,0.495
1930-01-14,1930-01-25,678.6565,0.8777769920279594,595.7090611902229,0.485,1930,1,14,1930.01,1929,4,106,16,0.0514692628868352,23.816969149854568,0.0399808743923895,0.5700000000000001,3,Normal,41,6,4,3,66,120.0,0.2014406155921831,475.7090611902229,475.7090611902229,,3,158.56968706340763,158.56968706340763,158.56968706340763,0.0,0.0,0.0,0.0,0.0,0.0,0.0,41.0,6.0,4.0,3.0,66.0,526.7090611902229,990.0,966.280690775356,23.719309224644007,0.225844793496853,0.0651418122380445,989.7090133942652,0.1779247052807649,0.1779247052807649,0.1779247052807649,0.0,23.250397913628312,23.250397913628312,23.250397913628312,23.42832261890908,,0.9191032290361894,0.9191032290361894,0.9191032290361894,0.0,33.23177589233188,33.23177589233188,33.23177589233188,0.0,0.6768182462796717,0.6768182462796717,0.6768182462796717,0.0,0.97,0.97,0.97,0.96,32.234822615561924,32.234822615561924,32.234822615561924,0.0,96.70446784668576,2320.9072283204587,0.1623350627795905,5.646802714336658e-05,0.485
1930-01-15,1930-01-26,685.0236,0.878477532975807,601.777842158206,0.482,1930,1,15,1930.01,1929,4,107,16,0.051993605562469,6.068780967983116,0.0100847531145682,0.5700000000000001,3,Normal,41,6,4,3,66,120.0,0.1994091367166893,481.777842158206,481.777842158206,,3,160.59261405273534,160.59261405273534,160.59261405273534,0.0,0.0,0.0,0.0,0.0,0.0,0.0,41.0,6.0,4.0,3.0,66.0,532.777842158206,990.0,966.3071113686328,23.69288863136717,0.2292936219576187,0.0663555684316412,989.7043508096108,0.1824630123212913,0.1824630123212913,0.1824630123212913,0.0,23.214776428656663,23.214776428656663,23.214776428656663,23.397239440977955,,0.9199073990526369,0.9199073990526369,0.9199073990526369,0.0,33.63356356735391,33.63356356735391,33.63356356735391,0.0,0.6850012946507924,0.6850012946507924,0.6850012946507924,0.0,0.97,0.97,0.97,0.96,32.62455666033329,32.62455666033329,32.62455666033329,0.0,97.87366998099986,2348.9680795439967,0.1626408669850444,5.643084461603372e-05,0.48
1930-01-16,1930-01-27,685.0236,0.878477532975807,601.777842158206,0.482,1930,1,16,1930.01,1929,4,108,16,0.051993605562469,0.0,0.0,0.5700000000000001,3,Normal,41,6,4,3,66,120.0,0.1994091367166893,481.777842158206,481.777842158206,,3,160.59261405273534,160.59261405273534,160.59261405273534,0.0,0.0,0.0,0.0,0.0,0.0,0.0,41.0,6.0,4.0,3.0,66.0,532.777842158206,990.0,966.3071113686328,23.69288863136717,0.2292936219576187,0.0663555684316412,989.7043508096108,0.1824630123212913,0.1824630123212913,0.1824630123212913,0.0,23.214776428656663,23.214776428656663,23.214776428656663,23.397239440977955,,0.9199073990526369,0.9199073990526369,0.9199073990526369,0.0,33.63356356735391,33.63356356735391,33.63356356735391,0.0,0.6850012946507924,0.6850012946507924,0.6850012946507924,0.0,0.97,0.97,0.97,0.96,32.62455666033329,32.62455666033329,32.62455666033329,0.0,97.87366998099986,2348.9680795439967,0.1626408669850444,5.643084461603372e-05,0.48
1930-01-17,1930-01-28,730.6486,0.8864028278959922,647.6489852382476,0.462,1930,1,17,1930.01,1929,4,109,16,0.0559568723245846,45.87114308004164,0.0708271673785873,0.5700000000000001,3,Normal,41,6,4,3,66,120.0,0.1852855524136367,527.6489852382476,527.6489852382476,,3,175.88299507941588,175.88299507941588,175.88299507941588,0.0,0.0,0.0,0.0,0.0,0.0,0.0,41.0,6.0,4.0,3.0,66.0,578.6489852382476,990.0,966.490595940953,23.50940405904703,0.2553617408462265,0.081059594095299,989.6635786650584,0.2189074876985396,0.2189074876985396,0.2189074876985396,0.0,22.95407523640697,22.95407523640697,22.95407523640697,23.17298272410551,,0.9253913439100214,0.9253913439100214,0.9253913439100214,0.0,36.6393521214461,36.6393521214461,36.6393521214461,0.0,0.7462189841435051,0.7462189841435051,0.7462189841435051,0.0,0.97,0.97,0.97,0.96,35.540171557802715,35.540171557802715,35.540171557802715,0.0,106.62051467340814,2558.8923521617958,0.1646270079990724,5.612975758520501e-05,0.46
1930-01-18,1930-01-29,744.0263,0.8869874635023101,659.9420006160087,0.456,1930,1,18,1930.01,1929,4,110,16,0.0570189888532231,12.293015377761094,0.0186274178129084,0.5700000000000001,3,Normal,41,6,4,3,66,120.0,0.1818341610141324,539.9420006160087,539.9420006160087,,3,179.9806668720029,179.9806668720029,179.9806668720029,0.0,0.0,0.0,0.0,0.0,0.0,0.0,41.0,6.0,4.0,3.0,66.0,590.9420006160087,990.0,966.539768002464,23.46023199753597,0.2623477404278762,0.0859768002464035,989.6516754593256,0.2291516671800072,0.2291516671800072,0.2291516671800072,0.0,22.882755789681664,22.882755789681664,22.882755789681664,23.111907456861672,,0.9267358206461912,0.9267358206461912,0.9267358206461912,0.0,37.43077608104298,37.43077608104298,37.43077608104298,0.0,0.762337598391914,0.762337598391914,0.762337598391914,0.0,0.97,0.97,0.97,0.96,36.30785279861169,36.30785279861169,36.30785279861169,0.0,108.92355839583507,2614.1654015000418,0.1650501987965044,5.603665572288136e-05,0.455
1930-01-19,1930-01-30,685.0236,0.878477532975807,601.777842158206,0.482,1930,1,19,1930.01,1929,4,111,16,0.051993605562469,58.16415845780273,0.096653871882693,0.5700000000000001,3,Normal,41,6,4,3,66,120.0,0.1994091367166893,481.777842158206,481.777842158206,,3,160.59261405273534,160.59261405273534,160.59261405273534,0.0,0.0,0.0,0.0,0.0,0.0,0.0,41.0,6.0,4.0,3.0,66.0,532.777842158206,990.0,966.3071113686328,23.69288863136717,0.2292936219576187,0.0663555684316412,989.7043508096108,0.1824630123212913,0.1824630123212913,0.1824630123212913,0.0,23.214776428656663,23.214776428656663,23.214776428656663,23.397239440977955,,0.9199073990526369,0.9199073990526369,0.9199073990526369,0.0,33.63356356735391,33.63356356735391,33.63356356735391,0.0,0.6850012946507924,0.6850012946507924,0.6850012946507924,0.0,0.97,0.97,0.97,0.96,32.62455666033329,32.62455666033329,32.62455666033329,0.0,97.87366998099986,2348.9680795439967,0.1626408669850444,5.643084461603372e-05,0.48
1930-01-20,1930-01-31,691.4282,0.8804892019345739,608.7950640130589,0.48,1930,1,20,1930.01,1929,4,112,16,0.0525998935307282,7.017221854852892,0.0115264105602248,0.5700000000000001,3,Normal,41,6,4,3,66,120.0,0.1971106651374327,488.7950640130589,488.7950640130589,,3,162.93168800435296,162.93168800435296,162.93168800435296,0.0,0.0,0.0,0.0,0.0,0.0,0.0,41.0,6.0,4.0,3.0,66.0,539.7950640130589,990.0,966.3351802560522,23.66481974394776,0.2332814400344617,0.0677590128026117,989.6989595471628,0.1878428824100118,0.1878428824100118,0.1878428824100118,0.0,23.17593640870062,23.17593640870062,23.17593640870062,23.36377929111063,,0.920840836108718,0.920840836108718,0.920840836108718,0.0,34.10092169574594,34.10092169574594,34.10092169574594,0.0,0.6945197901373918,0.6945197901373918,0.6945197901373918,0.0,0.97,0.97,0.97,0.96,33.07789404487356,33.07789404487356,33.07789404487356,0.0,99.23368213462068,2381.6083712308964,0.1630001424132638,5.639359669009437e-05,0.48
1930-01-21,1930-02-01,697.8704,0.8821520065429723,615.6277736669467,0.475,1930,1,21,1930.01,1929,4,113,17,0.0531902396448241,6.832709653887832,0.0110987677069688,0.46,3,Normal,41,6,4,3,66,120.0,0.1949229796525063,495.6277736669467,495.6277736669467,,3,165.20925788898225,165.20925788898225,165.20925788898225,0.0,0.0,0.0,0.0,0.0,0.0,0.0,41.0,6.0,4.0,3.0,66.0,546.6277736669467,990.0,966.3625110946678,23.637488905332248,0.2371644016445111,0.0691255547333893,989.693710043622,0.1930980337757777,0.1930980337757777,0.1930980337757777,0.0,23.138100915178573,23.138100915178573,23.138100915178573,23.331198948954352,,0.9217401502918904,0.9217401502918904,0.9217401502918904,0.0,34.55487260602481,34.55487260602481,34.55487260602481,0.0,0.7037652261919513,0.7037652261919513,0.7037652261919513,0.0,0.97,0.97,0.97,0.96,33.51822642784406,33.51822642784406,33.51822642784406,0.0,100.55467928353218,2413.312302804772,0.1633368141995686,5.635651761377368e-05,0.475
1930-01-22,1930-02-02,710.868,0.8775314292741972,623.8090120652902,0.47,1930,1,22,1930.01,1929,4,114,17,0.053897098642441,8.181238398343453,0.0131149730768672,0.46,3,Normal,41,6,4,3,66,120.0,0.1923665700223009,503.8090120652902,503.8090120652902,,3,167.93633735509673,167.93633735509673,167.93633735509673,0.0,0.0,0.0,0.0,0.0,0.0,0.0,41.0,6.0,4.0,3.0,66.0,554.8090120652902,990.0,966.3952360482612,23.60476395173885,0.2418137188601715,0.071523604826116,989.6866626763136,0.1995884829051302,0.1995884829051302,0.1995884829051302,0.0,23.09183814514746,23.09183814514746,23.09183814514746,23.29142662805259,,0.922687600953316,0.922687600953316,0.922687600953316,0.0,35.09106636724401,35.09106636724401,35.09106636724401,0.0,0.7146856693939717,0.7146856693939717,0.7146856693939717,0.0,0.97,0.97,0.97,0.96,34.038334376226686,34.038334376226686,34.038334376226686,0.0,102.11500312868006,2450.760075088321,0.1636959408306725,5.63016499656811e-05,0.47
1930-01-23,1930-02-03,710.868,0.8775314292741972,623.8090120652902,0.47,1930,1,23,1930.01,1929,4,115,17,0.053897098642441,0.0,0.0,0.46,3,Normal,41,6,4,3,66,120.0,0.1923665700223009,503.8090120652902,503.8090120652902,,3,167.93633735509673,167.93633735509673,167.93633735509673,0.0,0.0,0.0,0.0,0.0,0.0,0.0,41.0,6.0,4.0,3.0,66.0,554.8090120652902,990.0,966.3952360482612,23.60476395173885,0.2418137188601715,0.071523604826116,989.6866626763136,0.1995884829051302,0.1995884829051302,0.1995884829051302,0.0,23.09183814514746,23.09183814514746,23.09183814514746,23.29142662805259,,0.922687600953316,0.922687600953316,0.922687600953316,0.0,35.09106636724401,35.09106636724401,35.09106636724401,0.0,0.7146856693939717,0.7146856693939717,0.7146856693939717,0.0,0.97,0.97,0.97,0.96,34.038334376226686,34.038334376226686,34.038334376226686,0.0,102.11500312868006,2450.760075088321,0.1636959408306725,5.63016499656811e-05,0.47
1930-01-24,1930-02-04,710.868,0.8775314292741972,623.8090120652902,0.47,1930,1,24,1930.01,1929,4,116,17,0.053897098642441,0.0,0.0,0.46,3,Normal,41,6,4,3,66,120.0,0.1923665700223009,503.8090120652902,503.8090120652902,,3,167.93633735509673,167.93633735509673,167.93633735509673,0.0,0.0,0.0,0.0,0.0,0.0,0.0,41.0,6.0,4.0,3.0,66.0,554.8090120652902,990.0,966.3952360482612,23.60476395173885,0.2418137188601715,0.071523604826116,989.6866626763136,0.1995884829051302,0.1995884829051302,0.1995884829051302,0.0,23.09183814514746,23.09183814514746,23.09183814514746,23.29142662805259,,0.922687600953316,0.922687600953316,0.922687600953316,0.0,35.09106636724401,35.09106636724401,35.09106636724401,0.0,0.7146856693939717,0.7146856693939717,0.7146856693939717,0.0,0.97,0.97,0.97,0.96,34.038334376226686,34.038334376226686,34.038334376226686,0.0,102.11500312868006,2450.760075088321,0.1636959408306725,5.63016499656811e-05,0.47
1930-01-25,1930-02-05,717.4235,0.8782993569127185,630.1125986840717,0.468,1930,1,25,1930.01,1929,4,117,17,0.0544417285263038,6.303586618781537,0.0100039050670403,0.46,3,Normal,41,6,4,3,66,120.0,0.1904421531177256,510.1125986840717,510.1125986840717,,3,170.03753289469057,170.03753289469057,170.03753289469057,0.0,0.0,0.0,0.0,0.0,0.0,0.0,41.0,6.0,4.0,3.0,66.0,561.1125986840717,990.0,966.4204503947362,23.579549605263765,0.245395985059998,0.0740450394736287,989.6805589754664,0.2045915802630449,0.2045915802630449,0.2045915802630449,0.0,23.05551700046712,23.05551700046712,23.05551700046712,23.26010858073016,,0.923417610900687,0.923417610900687,0.923417610900687,0.0,35.50230190504791,35.50230190504791,35.50230190504791,0.0,0.7230611385956803,0.7230611385956803,0.7230611385956803,0.0,0.97,0.97,0.97,0.96,34.43723284789647,34.43723284789647,34.43723284789647,0.0,103.3116985436894,2479.480765048545,0.1639575192742467,5.6257567670245046e-05,0.47
1930-01-26,1930-02-06,730.6486,0.8864028278959922,647.6489852382476,0.462,1930,1,26,1930.01,1929,4,118,17,0.0559568723245846,17.53638655417592,0.0270769922502463,0.46,3,Normal,41,6,4,3,66,120.0,0.1852855524136367,527.6489852382476,527.6489852382476,,3,175.88299507941588,175.88299507941588,175.88299507941588,0.0,0.0,0.0,0.0,0.0,0.0,0.0,41.0,6.0,4.0,3.0,66.0,578.6489852382476,990.0,966.490595940953,23.50940405904703,0.2553617408462265,0.081059594095299,989.6635786650584,0.2189074876985396,0.2189074876985396,0.2189074876985396,0.0,22.95407523640697,22.95407523640697,22.95407523640697,23.17298272410551,,0.9253913439100214,0.9253913439100214,0.9253913439100214,0.0,36.6393521214461,36.6393521214461,36.6393521214461,0.0,0.7462189841435051,0.7462189841435051,0.7462189841435051,0.0,0.97,0.97,0.97,0.96,35.540171557802715,35.540171557802715,35.540171557802715,0.0,106.62051467340814,2558.8923521617958,0.1646270079990724,5.612975758520501e-05,0.46
1930-01-27,1930-02-07,730.6486,0.8864028278959922,647.6489852382476,0.462,1930,1,27,1930.01,1929,4,119,17,0.0559568723245846,0.0,0.0,0.46,3,Normal,41,6,4,3,66,120.0,0.1852855524136367,527.6489852382476,527.6489852382476,,3,175.88299507941588,175.88299507941588,175.88299507941588,0.0,0.0,0.0,0.0,0.0,0.0,0.0,41.0,6.0,4.0,3.0,66.0,578.6489852382476,990.0,966.490595940953,23.50940405904703,0.2553617408462265,0.081059594095299,989.6635786650584,0.2189074876985396,0.2189074876985396,0.2189074876985396,0.0,22.95407523640697,22.95407523640697,22.95407523640697,23.17298272410551,,0.9253913439100214,0.9253913439100214,0.9253913439100214,0.0,36.6393521214461,36.6393521214461,36.6393521214461,0.0,0.7462189841435051,0.7462189841435051,0.7462189841435051,0.0,0.97,0.97,0.97,0.96,35.540171557802715,35.540171557802715,35.540171557802715,0.0,106.62051467340814,2558.8923521617958,0.1646270079990724,5.612975758520501e-05,0.46
1930-01-28,1930-02-08,730.6486,0.8864028278959922,647.6489852382476,0.462,1930,1,28,1930.01,1929,4,120,18,0.0559568723245846,0.0,0.0,0.46,3,Normal,41,6,4,3,66,120.0,0.1852855524136367,527.6489852382476,527.6489852382476,,3,175.88299507941588,175.88299507941588,175.88299507941588,0.0,0.0,0.0,0.0,0.0,0.0,0.0,41.0,6.0,4.0,3.0,66.0,578.6489852382476,990.0,966.490595940953,23.50940405904703,0.2553617408462265,0.081059594095299,989.6635786650584,0.2189074876985396,0.2189074876985396,0.2189074876985396,0.0,22.95407523640697,22.95407523640697,22.95407523640697,23.17298272410551,,0.9253913439100214,0.9253913439100214,0.9253913439100214,0.0,36.6393521214461,36.6393521214461,36.6393521214461,0.0,0.7462189841435051,0.7462189841435051,0.7462189841435051,0.0,0.97,0.97,0.97,0.96,35.540171557802715,35.540171557802715,35.540171557802715,0.0,106.62051467340814,2558.8923521617958,0.1646270079990724,5.612975758520501e-05,0.46
1930-01-29,1930-02-09,730.6486,0.8864028278959922,647.6489852382476,0.462,1930,1,29,1930.01,1929,4,121,18,0.0559568723245846,0.0,0.0,0.46,3,Normal,41,6,4,3,66,120.0,0.1852855524136367,527.6489852382476,527.6489852382476,,3,175.88299507941588,175.88299507941588,175.88299507941588,0.0,0.0,0.0,0.0,0.0,0.0,0.0,41.0,6.0,4.0,3.0,66.0,578.6489852382476,990.0,966.490595940953,23.50940405904703,0.2553617408462265,0.081059594095299,989.6635786650584,0.2189074876985396,0.2189074876985396,0.2189074876985396,0.0,22.95407523640697,22.95407523640697,22.95407523640697,23.17298272410551,,0.9253913439100214,0.9253913439100214,0.9253913439100214,0.0,36.6393521214461,36.6393521214461,36.6393521214461,0.0,0.7462189841435051,0.7462189841435051,0.7462189841435051,0.0,0.97,0.97,0.97,0.96,35.540171557802715,35.540171557802715,35.540171557802715,0.0,106.62051467340814,2558.8923521617958,0.1646270079990724,5.612975758520501e-05,0.46
1930-01-30,1930-02-10,730.6486,0.8864028278959922,647.6489852382476,0.462,1930,1,30,1930.01,1929,4,122,18,0.0559568723245846,0.0,0.0,0.46,3,Normal,41,6,4,3,66,120.0,0.1852855524136367,527.6489852382476,527.6489852382476,,3,175.88299507941588,175.88299507941588,175.88299507941588,0.0,0.0,0.0,0.0,0.0,0.0,0.0,41.0,6.0,4.0,3.0,66.0,578.6489852382476,990.0,966.490595940953,23.50940405904703,0.2553617408462265,0.081059594095299,989.6635786650584,0.2189074876985396,0.2189074876985396,0.2189074876985396,0.0,22.95407523640697,22.95407523640697,22.95407523640697,23.17298272410551,,0.9253913439100214,0.9253913439100214,0.9253913439100214,0.0,36.6393521214461,36.6393521214461,36.6393521214461,0.0,0.7462189841435051,0.7462189841435051,0.7462189841435051,0.0,0.97,0.97,0.97,0.96,35.540171557802715,35.540171557802715,35.540171557802715,0.0,106.62051467340814,2558.8923521617958,0.1646270079990724,5.612975758520501e-05,0.46
1930-01-31,1930-02-11,730.6486,0.8864028278959922,647.6489852382476,0.462,1930,1,31,1930.01,1929,4,123,18,0.0559568723245846,0.0,0.0,0.46,3,Normal,41,6,4,3,66,120.0,0.1852855524136367,527.6489852382476,527.6489852382476,,3,175.88299507941588,175.88299507941588,175.88299507941588,0.0,0.0,0.0,0.0,0.0,0.0,0.0,41.0,6.0,4.0,3.0,66.0,578.6489852382476,990.0,966.490595940953,23.50940405904703,0.2553617408462265,0.081059594095299,989.6635786650584,0.2189074876985396,0.2189074876985396,0.2189074876985396,0.0,22.95407523640697,22.95407523640697,22.95407523640697,23.17298272410551,,0.9253913439100214,0.9253913439100214,0.9253913439100214,0.0,36.6393521214461,36.6393521214461,36.6393521214461,0.0,0.7462189841435051,0.7462189841435051,0.7462189841435051,0.0,0.97,0.97,0.97,0.96,35.540171557802715,35.540171557802715,35.540171557802715,0.0,106.62051467340814,2558.8923521617958,0.1646270079990724,5.612975758520501e-05,0.46
1930-02-01,1930-02-12,730.6486,0.8864028278959922,647.6489852382476,0.462,1930,2,1,1930.02,1929,5,124,18,0.0559568723245846,0.0,0.0,0.75,4,Mod_Dry,36,6,5,4,54,105.0,0.1621248583619322,542.6489852382476,542.6489852382476,,3,180.88299507941588,180.88299507941588,180.88299507941588,0.0,0.0,0.0,0.0,0.0,0.0,0.0,36.0,6.0,5.0,4.0,54.0,589.6489852382476,990.0,966.490595940953,23.50940405904703,0.2616129325218804,0.087059594095299,989.6513274733828,0.2314781273048929,0.2314781273048929,0.2314781273048929,0.0,22.92925340512496,22.92925340512496,22.92925340512496,23.16073153242985,,0.9271608722799995,0.9271608722799995,0.9271608722799995,0.0,37.71216361324521,37.71216361324521,37.71216361324521,0.0,0.7680685053614096,0.7680685053614096,0.7680685053614096,0.0,0.97,0.97,0.97,0.96,36.58079870484785,36.58079870484785,36.58079870484785,0.0,109.74239611454357,2633.817506749045,0.1694473373939945,5.617627554822142e-05,0.46
1930-02-02,1930-02-13,730.6486,0.8864028278959922,647.6489852382476,0.462,1930,2,2,1930.02,1929,5,125,18,0.0559568723245846,0.0,0.0,0.75,4,Mod_Dry,36,6,5,4,54,105.0,0.1621248583619322,542.6489852382476,542.6489852382476,,3,180.88299507941588,180.88299507941588,180.88299507941588,0.0,0.0,0.0,0.0,0.0,0.0,0.0,36.0,6.0,5.0,4.0,54.0,589.6489852382476,990.0,966.490595940953,23.50940405904703,0.2616129325218804,0.087059594095299,989.6513274733828,0.2314781273048929,0.2314781273048929,0.2314781273048929,0.0,22.92925340512496,22.92925340512496,22.92925340512496,23.16073153242985,,0.9271608722799995,0.9271608722799995,0.9271608722799995,0.0,37.71216361324521,37.71216361324521,37.71216361324521,0.0,0.7680685053614096,0.7680685053614096,0.7680685053614096,0.0,0.97,0.97,0.97,0.96,36.58079870484785,36.58079870484785,36.58079870484785,0.0,109.74239611454357,2633.817506749045,0.1694473373939945,5.617627554822142e-05,0.46
1930-02-03,1930-02-14,730.6486,0.8864028278959922,647.6489852382476,0.462,1930,2,3,1930.02,1929,5,126,18,0.0559568723245846,0.0,0.0,0.75,4,Mod_Dry,36,6,5,4,54,105.0,0.1621248583619322,542.6489852382476,542.6489852382476,,3,180.88299507941588,180.88299507941588,180.88299507941588,0.0,0.0,0.0,0.0,0.0,0.0,0.0,36.0,6.0,5.0,4.0,54.0,589.6489852382476,990.0,966.490595940953,23.50940405904703,0.2616129325218804,0.087059594095299,989.6513274733828,0.2314781273048929,0.2314781273048929,0.2314781273048929,0.0,22.92925340512496,22.92925340512496,22.92925340512496,23.16073153242985,,0.9271608722799995,0.9271608722799995,0.9271608722799995,0.0,37.71216361324521,37.71216361324521,37.71216361324521,0.0,0.7680685053614096,0.7680685053614096,0.7680685053614096,0.0,0.97,0.97,0.97,0.96,36.58079870484785,36.58079870484785,36.58079870484785,0.0,109.74239611454357,2633.817506749045,0.1694473373939945,5.617627554822142e-05,0.46
1930-02-04,1930-02-15,737.3183,0.8872912629151888,654.21608557748,0.458,1930,2,4,1930.02,1929,5,127,19,0.0565242697938942,6.567100339232411,0.0100381211712879,0.75,4,Mod_Dry,36,6,5,4,54,105.0,0.1604974293888172,549.21608557748,549.21608557748,,3,183.07202852582668,183.07202852582668,183.07202852582668,0.0,0.0,0.0,0.0,0.0,0.0,0.0,36.0,6.0,5.0,4.0,54.0,596.21608557748,990.0,966.51686434231,23.483135657690127,0.2653449509740435,0.089686434230992,989.644968614795,0.2371258335966328,0.2371258335966328,0.2371258335966328,0.0,22.890978438888443,22.890978438888443,22.890978438888443,23.128104272485075,,0.9278827199301298,0.9278827199301298,0.9278827199301298,0.0,38.134507017223534,38.134507017223534,38.134507017223534,0.0,0.7766702040167726,0.7766702040167726,0.7766702040167726,0.0,0.97,0.97,0.97,0.96,36.99047180670683,36.99047180670683,36.99047180670683,0.0,110.97141542012048,2663.3139700828915,0.1696250181958846,5.612616596952718e-05,0.46
1930-02-05,1930-02-16,750.7725,0.8881602932782826,666.8063237852695,0.452,1930,2,5,1930.02,1929,5,128,19,0.0576120663750472,12.590238207789412,0.0188814019284013,0.75,4,Mod_Dry,36,6,5,4,54,105.0,0.1574670129160517,561.8063237852695,561.8063237852695,,3,187.2687745950898,187.2687745950898,187.2687745950898,0.0,0.0,0.0,0.0,0.0,0.0,0.0,36.0,6.0,5.0,4.0,54.0,608.8063237852695,990.0,966.567225295141,23.43277470485896,0.2724998593630465,0.0947225295141077,989.6327776111228,0.2481349404229389,0.2481349404229389,0.2481349404229389,0.0,22.81741737555885,22.81741737555885,22.81741737555885,23.06555231598179,,0.9291597493270688,0.9291597493270688,0.9291597493270688,0.0,38.93686154675827,38.93686154675827,38.93686154675827,0.0,0.7930114367975208,0.7930114367975208,0.7930114367975208,0.0,0.97,0.97,0.97,0.96,37.76875570035553,37.76875570035553,37.76875570035553,0.0,113.30626710106658,2719.350410425598,0.1699238040483167,5.602279958610685e-05,0.45
1930-02-06,1930-02-17,730.6486,0.8864028278959922,647.6489852382476,0.462,1930,2,6,1930.02,1929,5,129,19,0.0559568723245846,19.157338547021823,0.0295798171288333,0.75,4,Mod_Dry,36,6,5,4,54,105.0,0.1621248583619322,542.6489852382476,542.6489852382476,,3,180.88299507941588,180.88299507941588,180.88299507941588,0.0,0.0,0.0,0.0,0.0,0.0,0.0,36.0,6.0,5.0,4.0,54.0,589.6489852382476,990.0,966.490595940953,23.50940405904703,0.2616129325218804,0.087059594095299,989.6513274733828,0.2314781273048929,0.2314781273048929,0.2314781273048929,0.0,22.92925340512496,22.92925340512496,22.92925340512496,23.16073153242985,,0.9271608722799995,0.9271608722799995,0.9271608722799995,0.0,37.71216361324521,37.71216361324521,37.71216361324521,0.0,0.7680685053614096,0.7680685053614096,0.7680685053614096,0.0,0.97,0.97,0.97,0.96,36.58079870484785,36.58079870484785,36.58079870484785,0.0,109.74239611454357,2633.817506749045,0.1694473373939945,5.617627554822142e-05,0.46
1930-02-07,1930-02-18,737.3183,0.8872912629151888,654.21608557748,0.458,1930,2,7,1930.02,1929,5,130,19,0.0565242697938942,6.567100339232411,0.0100381211712879,0.75,4,Mod_Dry,36,6,5,4,54,105.0,0.1604974293888172,549.21608557748,549.21608557748,,3,183.07202852582668,183.07202852582668,183.07202852582668,0.0,0.0,0.0,0.0,0.0,0.0,0.0,36.0,6.0,5.0,4.0,54.0,596.21608557748,990.0,966.51686434231,23.483135657690127,0.2653449509740435,0.089686434230992,989.644968614795,0.2371258335966328,0.2371258335966328,0.2371258335966328,0.0,22.890978438888443,22.890978438888443,22.890978438888443,23.128104272485075,,0.9278827199301298,0.9278827199301298,0.9278827199301298,0.0,38.134507017223534,38.134507017223534,38.134507017223534,0.0,0.7766702040167726,0.7766702040167726,0.7766702040167726,0.0,0.97,0.97,0.97,0.96,36.99047180670683,36.99047180670683,36.99047180670683,0.0,110.97141542012048,2663.3139700828915,0.1696250181958846,5.612616596952718e-05,0.46
1930-02-08,1930-02-19,757.5572,0.8885900059140133,673.1577568282033,0.45,1930,2,8,1930.02,1929,5,131,19,0.0581608301899567,18.94167125072329,0.0281385322513001,0.75,4,Mod_Dry,36,6,5,4,54,105.0,0.1559812672957092,568.1577568282033,568.1577568282033,,3,189.38591894273443,189.38591894273443,189.38591894273443,0.0,0.0,0.0,0.0,0.0,0.0,0.0,36.0,6.0,5.0,4.0,54.0,615.1577568282033,990.0,966.5926310273128,23.40736897268721,0.276109316214543,0.0972631027312813,989.6266275810542,0.2537665443876736,0.2537665443876736,0.2537665443876736,0.0,22.780230009353744,22.780230009353744,22.780230009353744,23.033996553741417,,0.9297636621696976,0.9297636621696976,0.9297636621696976,0.0,39.33843320299199,39.33843320299199,39.33843320299199,0.0,0.8011900856006514,0.8011900856006514,0.8011900856006514,0.0,0.9701190085600652,0.9701190085600652,0.9701190085600652,0.96,38.16296181719294,38.16296181719294,38.16296181719294,0.0,114.4888854515788,2747.733250837892,0.1700773470858147,5.59747144147684e-05,0.45
1930-02-09,1930-02-20,757.5572,0.8885900059140133,673.1577568282033,0.45,1930,2,9,1930.02,1929,5,132,19,0.0581608301899567,0.0,0.0,0.75,4,Mod_Dry,36,6,5,4,54,105.0,0.1559812672957092,568.1577568282033,568.1577568282033,,3,189.38591894273443,189.38591894273443,189.38591894273443,0.0,0.0,0.0,0.0,0.0,0.0,0.0,36.0,6.0,5.0,4.0,54.0,615.1577568282033,990.0,966.5926310273128,23.40736897268721,0.276109316214543,0.0972631027312813,989.6266275810542,0.2537665443876736,0.2537665443876736,0.2537665443876736,0.0,22.780230009353744,22.780230009353744,22.780230009353744,23.033996553741417,,0.9297636621696976,0.9297636621696976,0.9297636621696976,0.0,39.33843320299199,39.33843320299199,39.33843320299199,0.0,0.8011900856006514,0.8011900856006514,0.8011900856006514,0.0,0.9701190085600652,0.9701190085600652,0.9701190085600652,0.96,38.16296181719294,38.16296181719294,38.16296181719294,0.0,114.4888854515788,2747.733250837892,0.1700773470858147,5.59747144147684e-05,0.45
1930-02-10,1930-02-21,764.3804,0.8926299826267534,682.3088631722309,0.445,1930,2,10,1930.02,1929,5,133,19,0.0589514857780807,9.15110634402754,0.0134119704989345,0.75,4,Mod_Dry,36,6,5,4,54,105.0,0.1538892511403527,577.3088631722309,577.3088631722309,,3,192.43628772407692,192.43628772407692,192.43628772407692,0.0,0.0,0.0,0.0,0.0,0.0,0.0,36.0,6.0,5.0,4.0,54.0,624.3088631722309,990.0,966.6292354526888,23.37076454731107,0.2813097998327983,0.1009235452688923,989.6177666548984,0.2620267026094893,0.2620267026094893,0.2620267026094893,0.0,22.726504499599912,22.726504499599912,22.726504499599912,22.9885312022094,,0.9306479449618624,0.9306479449618624,0.9306479449618624,0.0,39.91569870343466,39.91569870343466,39.91569870343466,0.0,0.812947020436551,0.812947020436551,0.812947020436551,0.0,0.9712947020436552,0.9712947020436552,0.9712947020436552,0.96,38.76990667901688,38.76990667901688,38.76990667901688,0.0,116.30972003705062,2791.433280889215,0.1704649115890076,5.596355370038507e-05,0.445
1930-02-11,1930-02-22,778.1427,0.8891770066630039,691.9065967426677,0.441,1930,2,11,1930.02,1929,5,134,20,0.0597807299585664,9.597733570436844,0.0138714294900795,0.8300000000000001,4,Mod_Dry,36,6,5,4,54,105.0,0.1517545872438781,586.9065967426677,586.9065967426677,,3,195.63553224755591,195.63553224755591,195.63553224755591,0.0,0.0,0.0,0.0,0.0,0.0,0.0,36.0,6.0,5.0,4.0,54.0,633.9065967426677,990.0,966.6676263869706,23.332373613029404,0.2867640973055855,0.104762638697067,989.6084732639974,0.2707794902931565,0.2707794902931565,0.2707794902931565,0.0,22.670067386733685,22.670067386733685,22.670067386733685,22.940846877026843,,0.9315935727371742,0.9315935727371742,0.9315935727371742,0.0,40.5196541987893,40.5196541987893,40.5196541987893,0.0,0.8252475396902097,0.8252475396902097,0.8252475396902097,0.0,0.9725247539690208,0.9725247539690208,0.9725247539690208,0.96,39.406366730587365,39.406366730587365,39.406366730587365,0.0,118.2191001917621,2837.2584046022903,0.1708599119423194,5.595206992801005e-05,0.44
1930-02-12,1930-02-23,806.1332,0.8935666243082664,720.3337222668207,0.431,1930,2,12,1930.02,1929,5,135,20,0.0622368336038533,28.427125524152984,0.0394638271754036,0.8300000000000001,4,Mod_Dry,36,6,5,4,54,105.0,0.145765770439811,615.3337222668207,615.3337222668207,,3,205.1112407556069,205.1112407556069,205.1112407556069,0.0,0.0,0.0,0.0,0.0,0.0,0.0,36.0,6.0,5.0,4.0,54.0,662.3337222668207,990.0,966.7813348890672,23.21866511093276,0.3029189528000723,0.1146001166800462,989.58248093052,0.2976270478214843,0.2976270478214843,0.2976270478214843,0.0,22.50351899363114,22.50351899363114,22.50351899363114,22.801146041452625,,0.9344940381454218,0.9344940381454218,0.9344940381454218,0.0,42.30143814807342,42.30143814807342,42.30143814807342,0.0,0.861536418494367,0.861536418494367,0.861536418494367,0.0,0.9761536418494366,0.9761536418494366,0.9761536418494366,0.96,41.29270290371056,41.29270290371056,41.29270290371056,0.0,123.87810871113167,2973.0746090671605,0.1719732186371883,5.5921826657455706e-05,0.43
1930-02-13,1930-02-24,806.1332,0.8935666243082664,720.3337222668207,0.431,1930,2,13,1930.02,1929,5,136,20,0.0622368336038533,0.0,0.0,0.8300000000000001,4,Mod_Dry,36,6,5,4,54,105.0,0.145765770439811,615.3337222668207,615.3337222668207,,3,205.1112407556069,205.1112407556069,205.1112407556069,0.0,0.0,0.0,0.0,0.0,0.0,0.0,36.0,6.0,5.0,4.0,54.0,662.3337222668207,990.0,966.7813348890672,23.21866511093276,0.3029189528000723,0.1146001166800462,989.58248093052,0.2976270478214843,0.2976270478214843,0.2976270478214843,0.0,22.50351899363114,22.50351899363114,22.50351899363114,22.801146041452625,,0.9344940381454218,0.9344940381454218,0.9344940381454218,0.0,42.30143814807342,42.30143814807342,42.30143814807342,0.0,0.861536418494367,0.861536418494367,0.861536418494367,0.0,0.9761536418494366,0.9761536418494366,0.9761536418494366,0.96,41.29270290371056,41.29270290371056,41.29270290371056,0.0,123.87810871113167,2973.0746090671605,0.1719732186371883,5.5921826657455706e-05,0.43
1930-02-14,1930-02-25,799.0771,0.8911326595966059,712.0837013457431,0.433,1930,2,14,1930.02,1929,5,137,20,0.0615240317962722,8.250020921077635,0.0115857460372793,0.8300000000000001,4,Mod_Dry,36,6,5,4,54,105.0,0.147454575637055,607.0837013457431,607.0837013457431,,3,202.3612337819144,202.3612337819144,202.3612337819144,0.0,0.0,0.0,0.0,0.0,0.0,0.0,36.0,6.0,5.0,4.0,54.0,654.0837013457431,990.0,966.7483348053828,23.25166519461709,0.2982305471540895,0.1121251104037229,989.5896443424424,0.289753128616275,0.289753128616275,0.289753128616275,0.0,22.551556408443098,22.551556408443098,22.551556408443098,22.841309537059374,,0.9336429203033428,0.9336429203033428,0.9336429203033428,0.0,41.7852828953481,41.7852828953481,41.7852828953481,0.0,0.8510240915549511,0.8510240915549511,0.8510240915549511,0.0,0.9751024091554952,0.9751024091554952,0.9751024091554952,0.96,40.74493001849783,40.74493001849783,40.74493001849783,0.0,122.2347900554935,2933.6349613318444,0.1716578961496887,5.592986316957773e-05,0.435
1930-02-15,1930-02-26,806.1332,0.8935666243082664,720.3337222668207,0.431,1930,2,15,1930.02,1929,5,138,20,0.0622368336038533,8.250020921077635,0.0114530538638613,0.8300000000000001,4,Mod_Dry,36,6,5,4,54,105.0,0.145765770439811,615.3337222668207,615.3337222668207,,3,205.1112407556069,205.1112407556069,205.1112407556069,0.0,0.0,0.0,0.0,0.0,0.0,0.0,36.0,6.0,5.0,4.0,54.0,662.3337222668207,990.0,966.7813348890672,23.21866511093276,0.3029189528000723,0.1146001166800462,989.58248093052,0.2976270478214843,0.2976270478214843,0.2976270478214843,0.0,22.50351899363114,22.50351899363114,22.50351899363114,22.801146041452625,,0.9344940381454218,0.9344940381454218,0.9344940381454218,0.0,42.30143814807342,42.30143814807342,42.30143814807342,0.0,0.861536418494367,0.861536418494367,0.861536418494367,0.0,0.9761536418494366,0.9761536418494366,0.9761536418494366,0.96,41.29270290371056,41.29270290371056,41.29270290371056,0.0,123.87810871113167,2973.0746090671605,0.1719732186371883,5.5921826657455706e-05,0.43
1930-02-16,1930-02-27,806.1332,0.8935666243082664,720.3337222668207,0.431,1930,2,16,1930.02,1929,5,139,20,0.0622368336038533,0.0,0.0,0.8300000000000001,4,Mod_Dry,36,6,5,4,54,105.0,0.145765770439811,615.3337222668207,615.3337222668207,,3,205.1112407556069,205.1112407556069,205.1112407556069,0.0,0.0,0.0,0.0,0.0,0.0,0.0,36.0,6.0,5.0,4.0,54.0,662.3337222668207,990.0,966.7813348890672,23.21866511093276,0.3029189528000723,0.1146001166800462,989.58248093052,0.2976270478214843,0.2976270478214843,0.2976270478214843,0.0,22.50351899363114,22.50351899363114,22.50351899363114,22.801146041452625,,0.9344940381454218,0.9344940381454218,0.9344940381454218,0.0,42.30143814807342,42.30143814807342,42.30143814807342,0.0,0.861536418494367,0.861536418494367,0.861536418494367,0.0,0.9761536418494366,0.9761536418494366,0.9761536418494366,0.96,41.29270290371056,41.29270290371056,41.29270290371056,0.0,123.87810871113167,2973.0746090671605,0.1719732186371883,5.5921826657455706e-05,0.43
1930-02-17,1930-02-28,806.1332,0.8935666243082664,720.3337222668207,0.431,1930,2,17,1930.02,1929,5,140,20,0.0622368336038533,0.0,0.0,0.8300000000000001,4,Mod_Dry,36,6,5,4,54,105.0,0.145765770439811,615.3337222668207,615.3337222668207,,3,205.1112407556069,205.1112407556069,205.1112407556069,0.0,0.0,0.0,0.0,0.0,0.0,0.0,36.0,6.0,5.0,4.0,54.0,662.3337222668207,990.0,966.7813348890672,23.21866511093276,0.3029189528000723,0.1146001166800462,989.58248093052,0.2976270478214843,0.2976270478214843,0.2976270478214843,0.0,22.50351899363114,22.50351899363114,22.50351899363114,22.801146041452625,,0.9344940381454218,0.9344940381454218,0.9344940381454218,0.0,42.30143814807342,42.30143814807342,42.30143814807342,0.0,0.861536418494367,0.861536418494367,0.861536418494367,0.0,0.9761536418494366,0.9761536418494366,0.9761536418494366,0.96,41.29270290371056,41.29270290371056,41.29270290371056,0.0,123.87810871113167,2973.0746090671605,0.1719732186371883,5.5921826657455706e-05,0.43
1930-02-18,1930-03-01,806.1332,0.8935666243082664,720.3337222668207,0.431,1930,2,18,1930.02,1929,5,141,21,0.0622368336038533,0.0,0.0,0.8300000000000001,4,Mod_Dry,36,6,5,4,54,105.0,0.145765770439811,615.3337222668207,615.3337222668207,,3,205.1112407556069,205.1112407556069,205.1112407556069,0.0,0.0,0.0,0.0,0.0,0.0,0.0,36.0,6.0,5.0,4.0,54.0,662.3337222668207,990.0,966.7813348890672,23.21866511093276,0.3029189528000723,0.1146001166800462,989.58248093052,0.2976270478214843,0.2976270478214843,0.2976270478214843,0.0,22.50351899363114,22.50351899363114,22.50351899363114,22.801146041452625,,0.9344940381454218,0.9344940381454218,0.9344940381454218,0.0,42.30143814807342,42.30143814807342,42.30143814807342,0.0,0.861536418494367,0.861536418494367,0.861536418494367,0.0,0.9761536418494366,0.9761536418494366,0.9761536418494366,0.96,41.29270290371056,41.29270290371056,41.29270290371056,0.0,123.87810871113167,2973.0746090671605,0.1719732186371883,5.5921826657455706e-05,0.43
1930-02-19,1930-03-02,806.1332,0.8935666243082664,720.3337222668207,0.431,1930,2,19,1930.02,1929,5,142,21,0.0622368336038533,0.0,0.0,0.8300000000000001,4,Mod_Dry,36,6,5,4,54,105.0,0.145765770439811,615.3337222668207,615.3337222668207,,3,205.1112407556069,205.1112407556069,205.1112407556069,0.0,0.0,0.0,0.0,0.0,0.0,0.0,36.0,6.0,5.0,4.0,54.0,662.3337222668207,990.0,966.7813348890672,23.21866511093276,0.3029189528000723,0.1146001166800462,989.58248093052,0.2976270478214843,0.2976270478214843,0.2976270478214843,0.0,22.50351899363114,22.50351899363114,22.50351899363114,22.801146041452625,,0.9344940381454218,0.9344940381454218,0.9344940381454218,0.0,42.30143814807342,42.30143814807342,42.30143814807342,0.0,0.861536418494367,0.861536418494367,0.861536418494367,0.0,0.9761536418494366,0.9761536418494366,0.9761536418494366,0.96,41.29270290371056,41.29270290371056,41.29270290371056,0.0,123.87810871113167,2973.0746090671605,0.1719732186371883,5.5921826657455706e-05,0.43
1930-02-20,1930-03-03,813.2284,0.8958086931444238,728.4970702319307,0.424,1930,2,20,1930.02,1929,5,143,21,0.0629421468680388,8.163347965110006,0.0112057389091641,0.8300000000000001,4,Mod_Dry,36,6,5,4,54,105.0,0.1441323572743693,623.4970702319307,623.4970702319307,,3,207.8323567439769,207.8323567439769,207.8323567439769,0.0,0.0,0.0,0.0,0.0,0.0,0.0,36.0,6.0,5.0,4.0,54.0,670.4970702319307,990.0,966.8139882809276,23.18601171907233,0.3075581030587052,0.1170491210695792,989.5753927758716,0.3056271288272921,0.3056271288272921,0.3056271288272921,0.0,22.455777366116735,22.455777366116735,22.455777366116735,22.76140449494403,,0.9350825096298172,0.9350825096298172,0.9350825096298172,0.0,42.79863219047771,42.79863219047771,42.79863219047771,0.0,0.8716625700708291,0.8716625700708291,0.8716625700708291,0.0,0.9771662570070828,0.9771662570070828,0.9771662570070828,0.96,41.82137922259196,41.82137922259196,41.82137922259196,0.0,125.46413766777589,3011.139304026621,0.1722232563376432,5.5896251989116674e-05,0.425
1930-02-21,1930-03-04,842.0024,0.8927119306975572,751.6655881559767,0.414,1930,2,21,1930.02,1929,5,144,21,0.0649439068166763,23.168517924046,0.0308229062087093,0.87,4,Mod_Dry,36,6,5,4,54,105.0,0.1396897791444613,646.6655881559767,646.6655881559767,,3,215.55519605199223,215.55519605199223,215.55519605199223,0.0,0.0,0.0,0.0,0.0,0.0,0.0,36.0,6.0,5.0,4.0,54.0,693.6655881559767,990.0,966.906662352624,23.093337647376075,0.320724543639072,0.123999676446793,989.5552757799142,0.328710003840136,0.328710003840136,0.328710003840136,0.0,22.319903423450093,22.319903423450093,22.319903423450093,22.64861342729023,,0.936751605921078,0.936751605921078,0.936751605921078,0.0,44.19915362512162,44.19915362512162,44.19915362512162,0.0,0.9001864282102162,0.9001864282102162,0.9001864282102162,0.0,0.98,0.98,0.98,0.96,43.31517055261919,43.31517055261919,43.31517055261919,0.0,129.94551165785757,3118.692279788582,0.1728767602314299,5.581861184765809e-05,0.415
1930-02-22,1930-03-05,893.8841,0.8990978772765416,803.6892968412517,0.396,1930,2,22,1930.02,1929,5,145,21,0.0694387552470841,52.023708685274975,0.0647311204587945,0.87,4,Mod_Dry,36,6,5,4,54,105.0,0.1306475032237987,698.6892968412517,698.6892968412517,,4,174.67232421031292,174.67232421031292,174.67232421031292,174.67232421031292,0.0,0.0,0.0,0.0,0.0,0.0,36.0,6.0,5.0,4.0,54.0,745.6892968412517,990.0,967.114757187365,22.885242812635056,0.3502891049727116,0.1396067890523755,989.510104105975,0.2159004710731635,0.2159004710731635,0.2159004710731635,0.2159004710731635,22.17944644753685,22.17944644753685,22.17944644753685,22.17944644753685,,0.9232560628067084,0.9232560628067084,0.9232560628067084,0.9232560628067084,35.078068323768065,35.078068323768065,35.078068323768065,35.078068323768065,0.714420943457598,0.714420943457598,0.714420943457598,0.714420943457598,0.97,0.97,0.97,0.97,34.025726274055025,34.025726274055025,34.025726274055025,34.025726274055025,136.1029050962201,3266.4697223092826,0.169347664117398,5.411040744097407e-05,0.395
1930-02-23,1930-03-06,849.2947,0.8954821115912885,760.52821131929,0.409,1930,2,23,1930.02,1929,5,146,21,0.0657096374579866,43.161085521961695,0.0567514588934052,0.87,4,Mod_Dry,36,6,5,4,54,105.0,0.1380619396325302,655.52821131929,655.52821131929,,3,218.50940377309664,218.50940377309664,218.50940377309664,0.0,0.0,0.0,0.0,0.0,0.0,0.0,36.0,6.0,5.0,4.0,54.0,702.52821131929,990.0,966.9421128452772,23.057887154722835,0.3257610851066139,0.126658463395787,989.5475804514977,0.3378089636211377,0.3378089636211377,0.3378089636211377,0.0,22.267658642599347,22.267658642599347,22.267658642599347,22.605467606220486,,0.937389558994462,0.937389558994462,0.937389558994462,0.0,44.73047380491615,44.73047380491615,44.73047380491615,0.0,0.9110076131347484,0.9110076131347484,0.9110076131347484,0.0,0.98,0.98,0.98,0.96,43.83586432881783,43.83586432881783,43.83586432881783,0.0,131.5075929864535,3156.182231674884,0.1729161272772866,5.572588076287812e-05,0.41
1930-02-24,1930-03-07,849.2947,0.8954821115912885,760.52821131929,0.409,1930,2,24,1930.02,1929,5,147,21,0.0657096374579866,0.0,0.0,0.87,4,Mod_Dry,36,6,5,4,54,105.0,0.1380619396325302,655.52821131929,655.52821131929,,3,218.50940377309664,218.50940377309664,218.50940377309664,0.0,0.0,0.0,0.0,0.0,0.0,0.0,36.0,6.0,5.0,4.0,54.0,702.52821131929,990.0,966.9421128452772,23.057887154722835,0.3257610851066139,0.126658463395787,989.5475804514977,0.3378089636211377,0.3378089636211377,0.3378089636211377,0.0,22.267658642599347,22.267658642599347,22.267658642599347,22.605467606220486,,0.937389558994462,0.937389558994462,0.937389558994462,0.0,44.73047380491615,44.73047380491615,44.73047380491615,0.0,0.9110076131347484,0.9110076131347484,0.9110076131347484,0.0,0.98,0.98,0.98,0.96,43.83586432881783,43.83586432881783,43.83586432881783,0.0,131.5075929864535,3156.182231674884,0.1729161272772866,5.572588076287812e-05,0.41
1930-02-25,1930-03-08,863.9982,0.9020463209442272,779.3663976124346,0.405,1930,2,25,1930.02,1929,5,148,22,0.0673372567537143,18.838186293144645,0.02417115537808,0.87,4,Mod_Dry,36,6,5,4,54,105.0,0.1347248230378732,674.3663976124346,674.3663976124346,,4,168.59159940310866,168.59159940310866,168.59159940310866,168.59159940310866,0.0,0.0,0.0,0.0,0.0,0.0,36.0,6.0,5.0,4.0,54.0,721.3663976124346,990.0,967.0174655904495,22.98253440955034,0.336466640864807,0.1323099192837304,989.5312234398514,0.2011480065793986,0.2011480065793986,0.2011480065793986,0.2011480065793986,22.312609842822315,22.312609842822315,22.312609842822315,22.312609842822315,,0.9212439233963292,0.9212439233963292,0.9212439233963292,0.9212439233963292,33.98596751311521,33.98596751311521,33.98596751311521,33.98596751311521,0.6921785644218984,0.6921785644218984,0.6921785644218984,0.6921785644218984,0.97,0.97,0.97,0.97,32.96638848772176,32.96638848772176,32.96638848772176,32.96638848772176,131.86555395088703,3164.773294821289,0.1691958421030893,5.431664547877476e-05,0.405
1930-02-26,1930-03-09,893.8841,0.8990978772765416,803.6892968412517,0.396,1930,2,26,1930.02,1929,5,149,22,0.0694387552470841,24.32289922881705,0.0302640576705619,0.87,4,Mod_Dry,36,6,5,4,54,105.0,0.1306475032237987,698.6892968412517,698.6892968412517,,4,174.67232421031292,174.67232421031292,174.67232421031292,174.67232421031292,0.0,0.0,0.0,0.0,0.0,0.0,36.0,6.0,5.0,4.0,54.0,745.6892968412517,990.0,967.114757187365,22.885242812635056,0.3502891049727116,0.1396067890523755,989.510104105975,0.2159004710731635,0.2159004710731635,0.2159004710731635,0.2159004710731635,22.17944644753685,22.17944644753685,22.17944644753685,22.17944644753685,,0.9232560628067084,0.9232560628067084,0.9232560628067084,0.9232560628067084,35.078068323768065,35.078068323768065,35.078068323768065,35.078068323768065,0.714420943457598,0.714420943457598,0.714420943457598,0.714420943457598,0.97,0.97,0.97,0.97,34.025726274055025,34.025726274055025,34.025726274055025,34.025726274055025,136.1029050962201,3266.4697223092826,0.169347664117398,5.411040744097407e-05,0.395
1930-02-27,1930-03-10,916.7204,0.9105214280240044,834.6935677067364,0.383,1930,2,27,1930.02,1929,5,150,22,0.072117524249862,31.004270865484727,0.0371444947762887,0.87,4,Mod_Dry,36,6,5,4,54,105.0,0.1257946677227672,729.6935677067364,729.6935677067364,,4,182.4233919266841,182.4233919266841,182.4233919266841,182.4233919266841,0.0,0.0,0.0,0.0,0.0,0.0,36.0,6.0,5.0,4.0,54.0,776.6935677067364,990.0,967.2387742708268,22.76122572917313,0.3679085267858059,0.1548467838533682,989.4772446893608,0.2354523511708449,0.2354523511708449,0.2354523511708449,0.2354523511708449,22.00301806736316,22.00301806736316,22.00301806736316,22.00301806736316,,0.9258614933717232,0.9258614933717232,0.9258614933717232,0.9258614933717232,36.4458013430674,36.4458013430674,36.4458013430674,36.4458013430674,0.7422770130970957,0.7422770130970957,0.7422770130970957,0.7422770130970957,0.97,0.97,0.97,0.97,35.352427302775375,35.352427302775375,35.352427302775375,35.352427302775375,141.4097092111015,3393.833021066436,0.1694151179331776,5.383146641173126e-05,0.385
1930-02-28,1930-03-11,916.7204,0.9105214280240044,834.6935677067364,0.383,1930,2,28,1930.02,1929,5,151,22,0.072117524249862,0.0,0.0,0.87,4,Mod_Dry,36,6,5,4,54,105.0,0.1257946677227672,729.6935677067364,729.6935677067364,,4,182.4233919266841,182.4233919266841,182.4233919266841,182.4233919266841,0.0,0.0,0.0,0.0,0.0,0.0,36.0,6.0,5.0,4.0,54.0,776.6935677067364,990.0,967.2387742708268,22.76122572917313,0.3679085267858059,0.1548467838533682,989.4772446893608,0.2354523511708449,0.2354523511708449,0.2354523511708449,0.2354523511708449,22.00301806736316,22.00301806736316,22.00301806736316,22.00301806736316,,0.9258614933717232,0.9258614933717232,0.9258614933717232,0.9258614933717232,36.4458013430674,36.4458013430674,36.4458013430674,36.4458013430674,0.7422770130970957,0.7422770130970957,0.7422770130970957,0.7422770130970957,0.97,0.97,0.97,0.97,35.352427302775375,35.352427302775375,35.352427302775375,35.352427302775375,141.4097092111015,3393.833021066436,0.1694151179331776,5.383146641173126e-05,0.385
1930-03-01,1930-03-12,916.7204,0.9105214280240044,834.6935677067364,0.383,1930,3,1,1930.03,1929,6,152,22,0.072117524249862,0.0,0.0,0.84,4,Mod_Dry,41,8,7,6,67,129.0,0.1545477346308282,705.6935677067364,705.6935677067364,,4,176.4233919266841,176.4233919266841,176.4233919266841,176.4233919266841,0.0,0.0,0.0,0.0,0.0,0.0,41.0,8.0,7.0,6.0,67.0,761.6935677067364,990.0,967.2387742708268,22.76122572917313,0.3593841745008233,0.1428467838533682,989.4977690416458,0.2202584798167102,0.2202584798167102,0.2202584798167102,0.2202584798167102,22.038736291002248,22.038736291002248,22.038736291002248,22.038736291002248,,0.9236226062488356,0.9236226062488356,0.9236226062488356,0.9236226062488356,35.21892610916019,35.21892610916019,35.21892610916019,35.21892610916019,0.7172897374574377,0.7172897374574377,0.7172897374574377,0.7172897374574377,0.97,0.97,0.97,0.97,34.162358325885386,34.162358325885386,34.162358325885386,34.162358325885386,136.64943330354154,3279.586399284997,0.1637120957802233,5.378846804711791e-05,0.385
1930-03-02,1930-03-13,924.4132,0.9124994692702046,843.5265543863715,0.38,1930,3,2,1930.03,1929,6,153,22,0.0728806942989824,8.832986679635043,0.0104714980621572,0.84,4,Mod_Dry,41,8,7,6,67,129.0,0.1529293883271307,714.5265543863715,714.5265543863715,,4,178.63163859659286,178.63163859659286,178.63163859659286,178.63163859659286,0.0,0.0,0.0,0.0,0.0,0.0,41.0,8.0,7.0,6.0,67.0,770.5265543863715,990.0,967.2741062175454,22.72589378245459,0.3644038738465411,0.1472632771931857,989.4883328489605,0.2257790964914821,0.2257790964914821,0.2257790964914821,0.2257790964914821,21.98844753492345,21.98844753492345,21.98844753492345,21.98844753492345,,0.9243835108315992,0.9243835108315992,0.9243835108315992,0.9243835108315992,35.6076931804959,35.6076931804959,35.6076931804959,35.6076931804959,0.7252076004174317,0.7252076004174317,0.7252076004174317,0.7252076004174317,0.97,0.97,0.97,0.97,34.53946238508102,34.53946238508102,34.53946238508102,34.53946238508102,138.1578495403241,3315.7883889677782,0.1637860110294072,5.370994288774301e-05,0.38
1930-03-03,1930-03-14,932.1467,0.9087491724907756,847.0875422650073,0.377,1930,3,3,1930.03,1929,6,154,22,0.0731883636516966,3.5609878786358418,0.0042038014974393,0.84,4,Mod_Dry,41,8,7,6,67,129.0,0.1522865035354787,718.0875422650073,718.0875422650073,,4,179.52188556625185,179.52188556625185,179.52188556625185,179.52188556625185,0.0,0.0,0.0,0.0,0.0,0.0,41.0,8.0,7.0,6.0,67.0,774.0875422650073,990.0,967.28835016906,22.71164983094002,0.3664275481905441,0.1490437711325036,989.4845286806768,0.2280047139156295,0.2280047139156295,0.2280047139156295,0.2280047139156295,21.96817379770132,21.96817379770132,21.96817379770132,21.96817379770132,,0.9247123931740844,0.9247123931740844,0.9247123931740844,0.9247123931740844,35.764876895785584,35.764876895785584,35.764876895785584,35.764876895785584,0.7284088980811727,0.7284088980811727,0.7284088980811727,0.7284088980811727,0.97,0.97,0.97,0.97,34.691930588912015,34.691930588912015,34.691930588912015,34.691930588912015,138.76772235564806,3330.425336535553,0.1638174514815792,5.3679512976441685e-05,0.375
1930-03-04,1930-03-15,932.1467,0.9087491724907756,847.0875422650073,0.377,1930,3,4,1930.03,1929,6,155,23,0.0731883636516966,0.0,0.0,0.84,4,Mod_Dry,41,8,7,6,67,129.0,0.1522865035354787,718.0875422650073,718.0875422650073,,4,179.52188556625185,179.52188556625185,179.52188556625185,179.52188556625185,0.0,0.0,0.0,0.0,0.0,0.0,41.0,8.0,7.0,6.0,67.0,774.0875422650073,990.0,967.28835016906,22.71164983094002,0.3664275481905441,0.1490437711325036,989.4845286806768,0.2280047139156295,0.2280047139156295,0.2280047139156295,0.2280047139156295,21.96817379770132,21.96817379770132,21.96817379770132,21.96817379770132,,0.9247123931740844,0.9247123931740844,0.9247123931740844,0.9247123931740844,35.764876895785584,35.764876895785584,35.764876895785584,35.764876895785584,0.7284088980811727,0.7284088980811727,0.7284088980811727,0.7284088980811727,0.97,0.97,0.97,0.97,34.691930588912015,34.691930588912015,34.691930588912015,34.691930588912015,138.76772235564806,3330.425336535553,0.1638174514815792,5.3679512976441685e-05,0.375
1930-03-05,1930-03-16,955.5912,0.91769253620946,876.9389119074414,0.3720000000000001,1930,3,5,1930.03,1929,6,156,23,0.0757675219888029,29.85136964243407,0.0340404208743616,0.84,4,Mod_Dry,41,8,7,6,67,129.0,0.147102606861646,747.9389119074414,747.9389119074414,,4,186.98472797686037,186.98472797686037,186.98472797686037,186.98472797686037,0.0,0.0,0.0,0.0,0.0,0.0,41.0,8.0,7.0,6.0,67.0,803.9389119074414,990.0,967.4077556476298,22.592244352370244,0.3909092788133081,0.1639694559537207,989.445121265233,0.2473793764184485,0.2473793764184485,0.2473793764184485,0.2473793764184485,21.789986241184756,21.789986241184756,21.789986241184756,21.789986241184756,,0.92739675395719,0.92739675395719,0.92739675395719,0.92739675395719,37.05675309398605,37.05675309398605,37.05675309398605,37.05675309398605,0.754720022280775,0.754720022280775,0.754720022280775,0.754720022280775,0.97,0.97,0.97,0.97,35.94505050116647,35.94505050116647,35.94505050116647,35.94505050116647,143.78020200466588,3450.7248481119814,0.1639569188370575,5.339867249243825e-05,0.37
1930-03-06,1930-03-17,963.4877,0.9186515277026396,885.1094475277025,0.3670000000000001,1930,3,6,1930.03,1929,6,157,23,0.0764734562663935,8.170535620261147,0.0092311020327296,0.84,4,Mod_Dry,41,8,7,6,67,129.0,0.1457446876884257,756.1094475277025,756.1094475277025,,4,189.02736188192563,189.02736188192563,189.02736188192563,189.02736188192563,0.0,0.0,0.0,0.0,0.0,0.0,41.0,8.0,7.0,6.0,67.0,812.1094475277025,990.0,967.4404377901108,22.55956220988924,0.3983854299046624,0.1680547237638512,989.4335598463316,0.2528127826059222,0.2528127826059222,0.2528127826059222,0.2528127826059222,21.740309273614805,21.740309273614805,21.740309273614805,21.740309273614805,,0.9280839719163512,0.9280839719163512,0.9280839719163512,0.9280839719163512,37.40385486357837,37.40385486357837,37.40385486357837,37.40385486357837,0.761789304757197,0.761789304757197,0.761789304757197,0.761789304757197,0.97,0.97,0.97,0.97,36.281739217671024,36.281739217671024,36.281739217671024,36.281739217671024,145.1269568706841,3483.046964896418,0.1639649845293758,5.3316412996827454e-05,0.365
1930-03-07,1930-03-18,963.4877,0.9186515277026396,885.1094475277025,0.3670000000000001,1930,3,7,1930.03,1929,6,158,23,0.0764734562663935,0.0,0.0,0.84,4,Mod_Dry,41,8,7,6,67,129.0,0.1457446876884257,756.1094475277025,756.1094475277025,,4,189.02736188192563,189.02736188192563,189.02736188192563,189.02736188192563,0.0,0.0,0.0,0.0,0.0,0.0,41.0,8.0,7.0,6.0,67.0,812.1094475277025,990.0,967.4404377901108,22.55956220988924,0.3983854299046624,0.1680547237638512,989.4335598463316,0.2528127826059222,0.2528127826059222,0.2528127826059222,0.2528127826059222,21.740309273614805,21.740309273614805,21.740309273614805,21.740309273614805,,0.9280839719163512,0.9280839719163512,0.9280839719163512,0.9280839719163512,37.40385486357837,37.40385486357837,37.40385486357837,37.40385486357837,0.761789304757197,0.761789304757197,0.761789304757197,0.761789304757197,0.97,0.97,0.97,0.97,36.281739217671024,36.281739217671024,36.281739217671024,36.281739217671024,145.1269568706841,3483.046964896418,0.1639649845293758,5.3316412996827454e-05,0.365
1930-03-08,1930-03-19,963.4877,0.9186515277026396,885.1094475277025,0.3670000000000001,1930,3,8,1930.03,1929,6,159,23,0.0764734562663935,0.0,0.0,0.84,4,Mod_Dry,41,8,7,6,67,129.0,0.1457446876884257,756.1094475277025,756.1094475277025,,4,189.02736188192563,189.02736188192563,189.02736188192563,189.02736188192563,0.0,0.0,0.0,0.0,0.0,0.0,41.0,8.0,7.0,6.0,67.0,812.1094475277025,990.0,967.4404377901108,22.55956220988924,0.3983854299046624,0.1680547237638512,989.4335598463316,0.2528127826059222,0.2528127826059222,0.2528127826059222,0.2528127826059222,21.740309273614805,21.740309273614805,21.740309273614805,21.740309273614805,,0.9280839719163512,0.9280839719163512,0.9280839719163512,0.9280839719163512,37.40385486357837,37.40385486357837,37.40385486357837,37.40385486357837,0.761789304757197,0.761789304757197,0.761789304757197,0.761789304757197,0.97,0.97,0.97,0.97,36.281739217671024,36.281739217671024,36.281739217671024,36.281739217671024,145.1269568706841,3483.046964896418,0.1639649845293758,5.3316412996827454e-05,0.365
1930-03-09,1930-03-20,963.4877,0.9186515277026396,885.1094475277025,0.3670000000000001,1930,3,9,1930.03,1929,6,160,23,0.0764734562663935,0.0,0.0,0.84,4,Mod_Dry,41,8,7,6,67,129.0,0.1457446876884257,756.1094475277025,756.1094475277025,,4,189.02736188192563,189.02736188192563,189.02736188192563,189.02736188192563,0.0,0.0,0.0,0.0,0.0,0.0,41.0,8.0,7.0,6.0,67.0,812.1094475277025,990.0,967.4404377901108,22.55956220988924,0.3983854299046624,0.1680547237638512,989.4335598463316,0.2528127826059222,0.2528127826059222,0.2528127826059222,0.2528127826059222,21.740309273614805,21.740309273614805,21.740309273614805,21.740309273614805,,0.9280839719163512,0.9280839719163512,0.9280839719163512,0.9280839719163512,37.40385486357837,37.40385486357837,37.40385486357837,37.40385486357837,0.761789304757197,0.761789304757197,0.761789304757197,0.761789304757197,0.97,0.97,0.97,0.97,36.281739217671024,36.281739217671024,36.281739217671024,36.281739217671024,145.1269568706841,3483.046964896418,0.1639649845293758,5.3316412996827454e-05,0.365
1930-03-10,1930-03-21,971.4252,0.9180964110207984,891.8619896951615,0.363,1930,3,10,1930.03,1929,6,161,23,0.0770568759096619,6.752542167458955,0.0075712859674252,0.84,4,Mod_Dry,41,8,7,6,67,129.0,0.1446412129797035,762.8619896951615,762.8619896951615,,4,190.7154974237904,190.7154974237904,190.7154974237904,190.7154974237904,0.0,0.0,0.0,0.0,0.0,0.0,41.0,8.0,7.0,6.0,67.0,818.8619896951615,990.0,967.4674479587808,22.532552041219333,0.4045640977228991,0.1714309948475807,989.4240049074295,0.2573461529927098,0.2573461529927098,0.2573461529927098,0.2573461529927098,21.69921079565617,21.69921079565617,21.69921079565617,21.69921079565617,,0.9286503566831904,0.9286503566831904,0.9286503566831904,0.9286503566831904,37.6895414044084,37.6895414044084,37.6895414044084,37.6895414044084,0.7676077679105581,0.7676077679105581,0.7676077679105581,0.7676077679105581,0.97,0.97,0.97,0.97,36.55885516227615,36.55885516227615,36.55885516227615,36.55885516227615,146.23542064910458,3509.65009557851,0.1639664234363075,5.324809825239674e-05,0.365
1930-03-11,1930-03-22,979.4038,0.924461588505012,905.4211927358452,0.359,1930,3,11,1930.03,1929,6,162,24,0.078228391052377,13.55920304068377,0.0149755750687841,0.87,4,Mod_Dry,41,8,7,6,67,129.0,0.1424751276366859,776.4211927358452,776.4211927358452,,4,194.1052981839613,194.1052981839613,194.1052981839613,194.1052981839613,0.0,0.0,0.0,0.0,0.0,0.0,41.0,8.0,7.0,6.0,67.0,832.4211927358452,990.0,967.5216847709434,22.478315229056648,0.4169709527103646,0.1782105963679226,989.4048184509218,0.2665664110603747,0.2665664110603747,0.2665664110603747,0.2665664110603747,21.61656726891804,21.61656726891804,21.61656726891804,21.61656726891804,,0.9297833751807358,0.9297833751807358,0.9297833751807358,0.9297833751807358,38.2599673082448,38.2599673082448,38.2599673082448,38.2599673082448,0.7792254034265742,0.7792254034265742,0.7792254034265742,0.7792254034265742,0.97,0.97,0.97,0.97,37.11216828899745,37.11216828899745,37.11216828899745,37.11216828899745,148.4486731559898,3562.7681557437554,0.1639553771736149,5.311001673979263e-05,0.36
1930-03-12,1930-03-23,979.4038,0.924461588505012,905.4211927358452,0.359,1930,3,12,1930.03,1929,6,163,24,0.078228391052377,0.0,0.0,0.87,4,Mod_Dry,41,8,7,6,67,129.0,0.1424751276366859,776.4211927358452,776.4211927358452,,4,194.1052981839613,194.1052981839613,194.1052981839613,194.1052981839613,0.0,0.0,0.0,0.0,0.0,0.0,41.0,8.0,7.0,6.0,67.0,832.4211927358452,990.0,967.5216847709434,22.478315229056648,0.4169709527103646,0.1782105963679226,989.4048184509218,0.2665664110603747,0.2665664110603747,0.2665664110603747,0.2665664110603747,21.61656726891804,21.61656726891804,21.61656726891804,21.61656726891804,,0.9297833751807358,0.9297833751807358,0.9297833751807358,0.9297833751807358,38.2599673082448,38.2599673082448,38.2599673082448,38.2599673082448,0.7792254034265742,0.7792254034265742,0.7792254034265742,0.7792254034265742,0.97,0.97,0.97,0.97,37.11216828899745,37.11216828899745,37.11216828899745,37.11216828899745,148.4486731559898,3562.7681557437554,0.1639553771736149,5.311001673979263e-05,0.36
1930-03-13,1930-03-24,979.4038,0.924461588505012,905.4211927358452,0.359,1930,3,13,1930.03,1929,6,164,24,0.078228391052377,0.0,0.0,0.87,4,Mod_Dry,41,8,7,6,67,129.0,0.1424751276366859,776.4211927358452,776.4211927358452,,4,194.1052981839613,194.1052981839613,194.1052981839613,194.1052981839613,0.0,0.0,0.0,0.0,0.0,0.0,41.0,8.0,7.0,6.0,67.0,832.4211927358452,990.0,967.5216847709434,22.478315229056648,0.4169709527103646,0.1782105963679226,989.4048184509218,0.2665664110603747,0.2665664110603747,0.2665664110603747,0.2665664110603747,21.61656726891804,21.61656726891804,21.61656726891804,21.61656726891804,,0.9297833751807358,0.9297833751807358,0.9297833751807358,0.9297833751807358,38.2599673082448,38.2599673082448,38.2599673082448,38.2599673082448,0.7792254034265742,0.7792254034265742,0.7792254034265742,0.7792254034265742,0.97,0.97,0.97,0.97,37.11216828899745,37.11216828899745,37.11216828899745,37.11216828899745,148.4486731559898,3562.7681557437554,0.1639553771736149,5.311001673979263e-05,0.36
1930-03-14,1930-03-25,979.4038,0.924461588505012,905.4211927358452,0.359,1930,3,14,1930.03,1929,6,165,24,0.078228391052377,0.0,0.0,0.87,4,Mod_Dry,41,8,7,6,67,129.0,0.1424751276366859,776.4211927358452,776.4211927358452,,4,194.1052981839613,194.1052981839613,194.1052981839613,194.1052981839613,0.0,0.0,0.0,0.0,0.0,0.0,41.0,8.0,7.0,6.0,67.0,832.4211927358452,990.0,967.5216847709434,22.478315229056648,0.4169709527103646,0.1782105963679226,989.4048184509218,0.2665664110603747,0.2665664110603747,0.2665664110603747,0.2665664110603747,21.61656726891804,21.61656726891804,21.61656726891804,21.61656726891804,,0.9297833751807358,0.9297833751807358,0.9297833751807358,0.9297833751807358,38.2599673082448,38.2599673082448,38.2599673082448,38.2599673082448,0.7792254034265742,0.7792254034265742,0.7792254034265742,0.7792254034265742,0.97,0.97,0.97,0.97,37.11216828899745,37.11216828899745,37.11216828899745,37.11216828899745,148.4486731559898,3562.7681557437554,0.1639553771736149,5.311001673979263e-05,0.36
1930-03-15,1930-03-26,979.4038,0.924461588505012,905.4211927358452,0.359,1930,3,15,1930.03,1929,6,166,24,0.078228391052377,0.0,0.0,0.87,4,Mod_Dry,41,8,7,6,67,129.0,0.1424751276366859,776.4211927358452,776.4211927358452,,4,194.1052981839613,194.1052981839613,194.1052981839613,194.1052981839613,0.0,0.0,0.0,0.0,0.0,0.0,41.0,8.0,7.0,6.0,67.0,832.4211927358452,990.0,967.5216847709434,22.478315229056648,0.4169709527103646,0.1782105963679226,989.4048184509218,0.2665664110603747,0.2665664110603747,0.2665664110603747,0.2665664110603747,21.61656726891804,21.61656726891804,21.61656726891804,21.61656726891804,,0.9297833751807358,0.9297833751807358,0.9297833751807358,0.9297833751807358,38.2599673082448,38.2599673082448,38.2599673082448,38.2599673082448,0.7792254034265742,0.7792254034265742,0.7792254034265742,0.7792254034265742,0.97,0.97,0.97,0.97,37.11216828899745,37.11216828899745,37.11216828899745,37.11216828899745,148.4486731559898,3562.7681557437554,0.1639553771736149,5.311001673979263e-05,0.36
1930-03-16,1930-03-27,979.4038,0.924461588505012,905.4211927358452,0.359,1930,3,16,1930.03,1929,6,167,24,0.078228391052377,0.0,0.0,0.87,4,Mod_Dry,41,8,7,6,67,129.0,0.1424751276366859,776.4211927358452,776.4211927358452,,4,194.1052981839613,194.1052981839613,194.1052981839613,194.1052981839613,0.0,0.0,0.0,0.0,0.0,0.0,41.0,8.0,7.0,6.0,67.0,832.4211927358452,990.0,967.5216847709434,22.478315229056648,0.4169709527103646,0.1782105963679226,989.4048184509218,0.2665664110603747,0.2665664110603747,0.2665664110603747,0.2665664110603747,21.61656726891804,21.61656726891804,21.61656726891804,21.61656726891804,,0.9297833751807358,0.9297833751807358,0.9297833751807358,0.9297833751807358,38.2599673082448,38.2599673082448,38.2599673082448,38.2599673082448,0.7792254034265742,0.7792254034265742,0.7792254034265742,0.7792254034265742,0.97,0.97,0.97,0.97,37.11216828899745,37.11216828899745,37.11216828899745,37.11216828899745,148.4486731559898,3562.7681557437554,0.1639553771736149,5.311001673979263e-05,0.36
1930-03-17,1930-03-28,979.4038,0.924461588505012,905.4211927358452,0.359,1930,3,17,1930.03,1929,6,168,24,0.078228391052377,0.0,0.0,0.87,4,Mod_Dry,41,8,7,6,67,129.0,0.1424751276366859,776.4211927358452,776.4211927358452,,4,194.1052981839613,194.1052981839613,194.1052981839613,194.1052981839613,0.0,0.0,0.0,0.0,0.0,0.0,41.0,8.0,7.0,6.0,67.0,832.4211927358452,990.0,967.5216847709434,22.478315229056648,0.4169709527103646,0.1782105963679226,989.4048184509218,0.2665664110603747,0.2665664110603747,0.2665664110603747,0.2665664110603747,21.61656726891804,21.61656726891804,21.61656726891804,21.61656726891804,,0.9297833751807358,0.9297833751807358,0.9297833751807358,0.9297833751807358,38.2599673082448,38.2599673082448,38.2599673082448,38.2599673082448,0.7792254034265742,0.7792254034265742,0.7792254034265742,0.7792254034265742,0.97,0.97,0.97,0.97,37.11216828899745,37.11216828899745,37.11216828899745,37.11216828899745,148.4486731559898,3562.7681557437554,0.1639553771736149,5.311001673979263e-05,0.36
1930-03-18,1930-03-29,979.4038,0.924461588505012,905.4211927358452,0.359,1930,3,18,1930.03,1929,6,169,25,0.078228391052377,0.0,0.0,0.87,4,Mod_Dry,41,8,7,6,67,129.0,0.1424751276366859,776.4211927358452,776.4211927358452,,4,194.1052981839613,194.1052981839613,194.1052981839613,194.1052981839613,0.0,0.0,0.0,0.0,0.0,0.0,41.0,8.0,7.0,6.0,67.0,832.4211927358452,990.0,967.5216847709434,22.478315229056648,0.4169709527103646,0.1782105963679226,989.4048184509218,0.2665664110603747,0.2665664110603747,0.2665664110603747,0.2665664110603747,21.61656726891804,21.61656726891804,21.61656726891804,21.61656726891804,,0.9297833751807358,0.9297833751807358,0.9297833751807358,0.9297833751807358,38.2599673082448,38.2599673082448,38.2599673082448,38.2599673082448,0.7792254034265742,0.7792254034265742,0.7792254034265742,0.7792254034265742,0.97,0.97,0.97,0.97,37.11216828899745,37.11216828899745,37.11216828899745,37.11216828899745,148.4486731559898,3562.7681557437554,0.1639553771736149,5.311001673979263e-05,0.36
1930-03-19,1930-03-30,979.4038,0.924461588505012,905.4211927358452,0.359,1930,3,19,1930.03,1929,6,170,25,0.078228391052377,0.0,0.0,0.87,4,Mod_Dry,41,8,7,6,67,129.0,0.1424751276366859,776.4211927358452,776.4211927358452,,4,194.1052981839613,194.1052981839613,194.1052981839613,194.1052981839613,0.0,0.0,0.0,0.0,0.0,0.0,41.0,8.0,7.0,6.0,67.0,832.4211927358452,990.0,967.5216847709434,22.478315229056648,0.4169709527103646,0.1782105963679226,989.4048184509218,0.2665664110603747,0.2665664110603747,0.2665664110603747,0.2665664110603747,21.61656726891804,21.61656726891804,21.61656726891804,21.61656726891804,,0.9297833751807358,0.9297833751807358,0.9297833751807358,0.9297833751807358,38.2599673082448,38.2599673082448,38.2599673082448,38.2599673082448,0.7792254034265742,0.7792254034265742,0.7792254034265742,0.7792254034265742,0.97,0.97,0.97,0.97,37.11216828899745,37.11216828899745,37.11216828899745,37.11216828899745,148.4486731559898,3562.7681557437554,0.1639553771736149,5.311001673979263e-05,0.36
1930-03-20,1930-03-31,979.4038,0.924461588505012,905.4211927358452,0.359,1930,3,20,1930.03,1929,6,171,25,0.078228391052377,0.0,0.0,0.87,4,Mod_Dry,41,8,7,6,67,129.0,0.1424751276366859,776.4211927358452,776.4211927358452,,4,194.1052981839613,194.1052981839613,194.1052981839613,194.1052981839613,0.0,0.0,0.0,0.0,0.0,0.0,41.0,8.0,7.0,6.0,67.0,832.4211927358452,990.0,967.5216847709434,22.478315229056648,0.4169709527103646,0.1782105963679226,989.4048184509218,0.2665664110603747,0.2665664110603747,0.2665664110603747,0.2665664110603747,21.61656726891804,21.61656726891804,21.61656726891804,21.61656726891804,,0.9297833751807358,0.9297833751807358,0.9297833751807358,0.9297833751807358,38.2599673082448,38.2599673082448,38.2599673082448,38.2599673082448,0.7792254034265742,0.7792254034265742,0.7792254034265742,0.7792254034265742,0.97,0.97,0.97,0.97,37.11216828899745,37.11216828899745,37.11216828899745,37.11216828899745,148.4486731559898,3562.7681557437554,0.1639553771736149,5.311001673979263e-05,0.36
1930-03-21,1930-04-01,979.4038,0.924461588505012,905.4211927358452,0.359,1930,3,21,1930.03,1929,6,172,25,0.078228391052377,0.0,0.0,0.93,5,Dry,36,8,6,4,53,107.0,0.1181770438536852,798.4211927358452,798.4211927358452,,4,199.6052981839613,199.6052981839613,199.6052981839613,199.6052981839613,0.0,0.0,0.0,0.0,0.0,0.0,36.0,8.0,6.0,4.0,53.0,848.4211927358452,990.0,967.5216847709434,22.478315229056648,0.4316111700744553,0.1892105963679226,989.3791782335576,0.2818948349150916,0.2818948349150916,0.2818948349150916,0.2818948349150916,21.575598627699137,21.575598627699137,21.575598627699137,21.575598627699137,,0.931694166620988,0.931694166620988,0.931694166620988,0.931694166620988,39.35020460669261,39.35020460669261,39.35020460669261,39.35020460669261,0.8014298290568759,0.8014298290568759,0.8014298290568759,0.8014298290568759,0.9701429829056876,0.9701429829056876,0.9701429829056876,0.9701429829056876,38.17532487508589,38.17532487508589,38.17532487508589,38.17532487508589,152.70129950034357,3664.8311880082456,0.1686522258651105,5.312612944759076e-05,0.36
1930-03-22,1930-04-02,987.4235,0.9179659771125324,906.4211780013768,0.357,1930,3,22,1930.03,1929,6,173,25,0.0783147897793189,0.9999852655314498,0.0011032236335611,0.93,5,Dry,36,8,6,4,53,107.0,0.1180466681459614,799.4211780013768,799.4211780013768,,4,199.8552945003442,199.8552945003442,199.8552945003442,199.8552945003442,0.0,0.0,0.0,0.0,0.0,0.0,36.0,8.0,6.0,4.0,53.0,849.4211780013768,990.0,967.5256847120056,22.4743152879945,0.4325261701774722,0.1897105890006884,989.377763240822,0.2825948246009637,0.2825948246009637,0.2825948246009637,0.2825948246009637,21.56948370421541,21.56948370421541,21.56948370421541,21.56948370421541,,0.931777048582716,0.931777048582716,0.931777048582716,0.931777048582716,39.39182627680187,39.39182627680187,39.39182627680187,39.39182627680187,0.8022775209124617,0.8022775209124617,0.8022775209124617,0.8022775209124617,0.970227752091246,0.970227752091246,0.970227752091246,0.970227752091246,38.21904305931036,38.21904305931036,38.21904305931036,38.21904305931036,152.87617223724143,3669.028133693794,0.1686590913225653,5.312043834690678e-05,0.355
1930-03-23,1930-04-03,1028.1428,0.9210811262601332,947.0029281802472,0.345,1930,3,23,1930.03,1929,6,174,25,0.0818210529947733,40.58175017887038,0.0428528243907882,0.93,5,Dry,36,8,6,4,53,107.0,0.1129880350059849,840.0029281802472,840.0029281802472,,4,210.0007320450618,210.0007320450618,210.0007320450618,210.0007320450618,0.0,0.0,0.0,0.0,0.0,0.0,36.0,8.0,6.0,4.0,53.0,890.0029281802472,990.0,967.6880117127208,22.311988287279064,0.46965902290459,0.2220023425441977,989.3083386345512,0.3120021961351854,0.3120021961351854,0.3120021961351854,0.3120021961351854,21.308324725695083,21.308324725695083,21.308324725695083,21.308324725695083,,0.9344594666545504,0.9344594666545504,0.9344594666545504,0.9344594666545504,41.00806552114364,41.00806552114364,41.00806552114364,41.00806552114364,0.8351948171312349,0.8351948171312349,0.8351948171312349,0.8351948171312349,0.9735194817131234,0.9735194817131234,0.9735194817131234,0.9735194817131234,39.92215069220156,39.92215069220156,39.92215069220156,39.92215069220156,159.68860276880622,3832.526466451349,0.1686252470999878,5.2806893554112696e-05,0.345
1930-03-24,1930-04-04,1028.1428,0.9210811262601332,947.0029281802472,0.345,1930,3,24,1930.03,1929,6,175,25,0.0818210529947733,0.0,0.0,0.93,5,Dry,36,8,6,4,53,107.0,0.1129880350059849,840.0029281802472,840.0029281802472,,4,210.0007320450618,210.0007320450618,210.0007320450618,210.0007320450618,0.0,0.0,0.0,0.0,0.0,0.0,36.0,8.0,6.0,4.0,53.0,890.0029281802472,990.0,967.6880117127208,22.311988287279064,0.46965902290459,0.2220023425441977,989.3083386345512,0.3120021961351854,0.3120021961351854,0.3120021961351854,0.3120021961351854,21.308324725695083,21.308324725695083,21.308324725695083,21.308324725695083,,0.9344594666545504,0.9344594666545504,0.9344594666545504,0.9344594666545504,41.00806552114364,41.00806552114364,41.00806552114364,41.00806552114364,0.8351948171312349,0.8351948171312349,0.8351948171312349,0.8351948171312349,0.9735194817131234,0.9735194817131234,0.9735194817131234,0.9735194817131234,39.92215069220156,39.92215069220156,39.92215069220156,39.92215069220156,159.68860276880622,3832.526466451349,0.1686252470999878,5.2806893554112696e-05,0.345
1930-03-25,1930-04-05,1028.1428,0.9210811262601332,947.0029281802472,0.345,1930,3,25,1930.03,1929,6,176,26,0.0818210529947733,0.0,0.0,0.93,5,Dry,36,8,6,4,53,107.0,0.1129880350059849,840.0029281802472,840.0029281802472,,4,210.0007320450618,210.0007320450618,210.0007320450618,210.0007320450618,0.0,0.0,0.0,0.0,0.0,0.0,36.0,8.0,6.0,4.0,53.0,890.0029281802472,990.0,967.6880117127208,22.311988287279064,0.46965902290459,0.2220023425441977,989.3083386345512,0.3120021961351854,0.3120021961351854,0.3120021961351854,0.3120021961351854,21.308324725695083,21.308324725695083,21.308324725695083,21.308324725695083,,0.9344594666545504,0.9344594666545504,0.9344594666545504,0.9344594666545504,41.00806552114364,41.00806552114364,41.00806552114364,41.00806552114364,0.8351948171312349,0.8351948171312349,0.8351948171312349,0.8351948171312349,0.9735194817131234,0.9735194817131234,0.9735194817131234,0.9735194817131234,39.92215069220156,39.92215069220156,39.92215069220156,39.92215069220156,159.68860276880622,3832.526466451349,0.1686252470999878,5.2806893554112696e-05,0.345
1930-03-26,1930-04-06,1036.4114,0.9189739555961264,952.4350838829192,0.343,1930,3,26,1930.03,1929,6,177,26,0.0822903912474842,5.432155702672277,0.0057034393152825,0.93,5,Dry,36,8,6,4,53,107.0,0.1123436146049753,845.4350838829192,845.4350838829192,,4,211.3587709707298,211.3587709707298,211.3587709707298,211.3587709707298,0.0,0.0,0.0,0.0,0.0,0.0,36.0,8.0,6.0,4.0,53.0,895.4350838829192,990.0,967.7097403355316,22.29025966446829,0.474629519169759,0.2263480671063354,989.299022413724,0.3160763129121894,0.3160763129121894,0.3160763129121894,0.3160763129121894,21.27320576528005,21.27320576528005,21.27320576528005,21.27320576528005,,0.934725121905779,0.934725121905779,0.934725121905779,0.934725121905779,41.216947993841686,41.216947993841686,41.216947993841686,41.216947993841686,0.8394490426444335,0.8394490426444335,0.8394490426444335,0.8394490426444335,0.9739449042644434,0.9739449042644434,0.9739449042644434,0.9739449042644434,40.14303646793468,40.14303646793468,40.14303646793468,40.14303646793468,160.5721458717387,3853.731500921729,0.168591170767369,5.2757893188446975e-05,0.345
1930-03-27,1930-04-07,1053.0739999999996,0.9224728423044594,971.4321659369264,0.34,1930,3,27,1930.03,1929,6,178,26,0.0839317391369504,18.997082054007024,0.0195557474007304,0.93,5,Dry,36,8,6,4,53,107.0,0.1101466512556753,864.4321659369264,864.4321659369264,,4,216.1080414842316,216.1080414842316,216.1080414842316,216.1080414842316,0.0,0.0,0.0,0.0,0.0,0.0,36.0,8.0,6.0,4.0,53.0,914.4321659369264,990.0,967.7857286637476,22.214271336252292,0.4920121073293921,0.2415457327495411,989.2664421599212,0.3304127677714333,0.3304127677714333,0.3304127677714333,0.3304127677714333,21.15030072840196,21.15030072840196,21.15030072840196,21.15030072840196,,0.935643934644374,0.935643934644374,0.935643934644374,0.935643934644374,41.94080678417145,41.94080678417145,41.94080678417145,41.94080678417145,0.8541915841990112,0.8541915841990112,0.8541915841990112,0.8541915841990112,0.9754191584199012,0.9754191584199012,0.9754191584199012,0.9754191584199012,40.909866456868194,40.909866456868194,40.909866456868194,40.909866456868194,163.63946582747278,3927.3471798593455,0.1684517679828378,5.258412280971815e-05,0.34
1930-03-28,1930-04-08,1053.0739999999996,0.9224728423044594,971.4321659369264,0.34,1930,3,28,1930.03,1929,6,179,26,0.0839317391369504,0.0,0.0,0.93,5,Dry,36,8,6,4,53,107.0,0.1101466512556753,864.4321659369264,864.4321659369264,,4,216.1080414842316,216.1080414842316,216.1080414842316,216.1080414842316,0.0,0.0,0.0,0.0,0.0,0.0,36.0,8.0,6.0,4.0,53.0,914.4321659369264,990.0,967.7857286637476,22.214271336252292,0.4920121073293921,0.2415457327495411,989.2664421599212,0.3304127677714333,0.3304127677714333,0.3304127677714333,0.3304127677714333,21.15030072840196,21.15030072840196,21.15030072840196,21.15030072840196,,0.935643934644374,0.935643934644374,0.935643934644374,0.935643934644374,41.94080678417145,41.94080678417145,41.94080678417145,41.94080678417145,0.8541915841990112,0.8541915841990112,0.8541915841990112,0.8541915841990112,0.9754191584199012,0.9754191584199012,0.9754191584199012,0.9754191584199012,40.909866456868194,40.909866456868194,40.909866456868194,40.909866456868194,163.63946582747278,3927.3471798593455,0.1684517679828378,5.258412280971815e-05,0.34
1930-03-29,1930-04-09,1061.4682,0.9202131020126134,976.7769450097452,0.335,1930,3,29,1930.03,1929,6,180,26,0.0843935280488419,5.344779072818824,0.0054718521972951,0.93,5,Dry,36,8,6,4,53,107.0,0.1095439450599773,869.7769450097452,869.7769450097452,,4,217.4442362524363,217.4442362524363,217.4442362524363,217.4442362524363,0.0,0.0,0.0,0.0,0.0,0.0,36.0,8.0,6.0,4.0,53.0,919.7769450097452,990.0,967.8071077800388,22.19289221996109,0.4969026527912115,0.2458215560077961,989.2572757912012,0.3345282476575038,0.3345282476575038,0.3345282476575038,0.3345282476575038,21.11563976350469,21.11563976350469,21.11563976350469,21.11563976350469,,0.9358995069493744,0.9358995069493744,0.9358995069493744,0.9358995069493744,42.14247740394527,42.14247740394527,42.14247740394527,42.14247740394527,0.858298928797256,0.858298928797256,0.858298928797256,0.858298928797256,0.9758298928797255,0.9758298928797255,0.9758298928797255,0.9758298928797255,41.12388921077817,41.12388921077817,41.12388921077817,41.12388921077817,164.49555684311267,3947.893364234704,0.1684064695460963,5.2534400338337326e-05,0.335
1930-03-30,1930-04-10,1053.0739999999996,0.9224728423044594,971.4321659369264,0.34,1930,3,30,1930.03,1929,6,181,26,0.0839317391369504,5.344779072818824,0.0055019580988075,0.93,5,Dry,36,8,6,4,53,107.0,0.1101466512556753,864.4321659369264,864.4321659369264,,4,216.1080414842316,216.1080414842316,216.1080414842316,216.1080414842316,0.0,0.0,0.0,0.0,0.0,0.0,36.0,8.0,6.0,4.0,53.0,914.4321659369264,990.0,967.7857286637476,22.214271336252292,0.4920121073293921,0.2415457327495411,989.2664421599212,0.3304127677714333,0.3304127677714333,0.3304127677714333,0.3304127677714333,21.15030072840196,21.15030072840196,21.15030072840196,21.15030072840196,,0.935643934644374,0.935643934644374,0.935643934644374,0.935643934644374,41.94080678417145,41.94080678417145,41.94080678417145,41.94080678417145,0.8541915841990112,0.8541915841990112,0.8541915841990112,0.8541915841990112,0.9754191584199012,0.9754191584199012,0.9754191584199012,0.9754191584199012,40.909866456868194,40.909866456868194,40.909866456868194,40.909866456868194,163.63946582747278,3927.3471798593455,0.1684517679828378,5.258412280971815e-05,0.34
1930-03-31,1930-04-11,1053.0739999999996,0.9224728423044594,971.4321659369264,0.34,1930,3,31,1930.03,1929,6,182,26,0.0839317391369504,0.0,0.0,0.93,5,Dry,36,8,6,4,53,107.0,0.1101466512556753,864.4321659369264,864.4321659369264,,4,216.1080414842316,216.1080414842316,216.1080414842316,216.1080414842316,0.0,0.0,0.0,0.0,0.0,0.0,36.0,8.0,6.0,4.0,53.0,914.4321659369264,990.0,967.7857286637476,22.214271336252292,0.4920121073293921,0.2415457327495411,989.2664421599212,0.3304127677714333,0.3304127677714333,0.3304127677714333,0.3304127677714333,21.15030072840196,21.15030072840196,21.15030072840196,21.15030072840196,,0.935643934644374,0.935643934644374,0.935643934644374,0.935643934644374,41.94080678417145,41.94080678417145,41.94080678417145,41.94080678417145,0.8541915841990112,0.8541915841990112,0.8541915841990112,0.8541915841990112,0.9754191584199012,0.9754191584199012,0.9754191584199012,0.9754191584199012,40.909866456868194,40.909866456868194,40.909866456868194,40.909866456868194,163.63946582747278,3927.3471798593455,0.1684517679828378,5.258412280971815e-05,0.34
1930-04-01,1930-04-12,1053.0739999999996,0.9224728423044594,971.4321659369264,0.34,1930,4,1,1930.04,1929,7,183,27,0.0839317391369504,0.0,0.0,0.94,5,Dry,40,10,8,5,62,125.0,0.1286759944575647,846.4321659369264,846.4321659369264,,4,211.6080414842316,211.6080414842316,211.6080414842316,211.6080414842316,0.0,0.0,0.0,0.0,0.0,0.0,40.0,10.0,8.0,5.0,62.0,904.4321659369264,990.0,967.7857286637476,22.214271336252292,0.4828619714768354,0.2271457327495411,989.2899922957736,0.3168241244526947,0.3168241244526947,0.3168241244526947,0.3168241244526947,21.18743950757317,21.18743950757317,21.18743950757317,21.18743950757317,,0.9346905202001394,0.9346905202001394,0.9346905202001394,0.9346905202001394,41.097668121770894,41.097668121770894,41.097668121770894,41.097668121770894,0.837019717347676,0.837019717347676,0.837019717347676,0.837019717347676,0.9737019717347676,0.9737019717347676,0.9737019717347676,0.9737019717347676,40.01688048386942,40.01688048386942,40.01688048386942,40.01688048386942,160.06752193547769,3841.6205264514647,0.1647747805232451,5.253014042586132e-05,0.34
1930-04-02,1930-04-13,1053.0739999999996,0.9224728423044594,971.4321659369264,0.34,1930,4,2,1930.04,1929,7,184,27,0.0839317391369504,0.0,0.0,0.94,5,Dry,40,10,8,5,62,125.0,0.1286759944575647,846.4321659369264,846.4321659369264,,4,211.6080414842316,211.6080414842316,211.6080414842316,211.6080414842316,0.0,0.0,0.0,0.0,0.0,0.0,40.0,10.0,8.0,5.0,62.0,904.4321659369264,990.0,967.7857286637476,22.214271336252292,0.4828619714768354,0.2271457327495411,989.2899922957736,0.3168241244526947,0.3168241244526947,0.3168241244526947,0.3168241244526947,21.18743950757317,21.18743950757317,21.18743950757317,21.18743950757317,,0.9346905202001394,0.9346905202001394,0.9346905202001394,0.9346905202001394,41.097668121770894,41.097668121770894,41.097668121770894,41.097668121770894,0.837019717347676,0.837019717347676,0.837019717347676,0.837019717347676,0.9737019717347676,0.9737019717347676,0.9737019717347676,0.9737019717347676,40.01688048386942,40.01688048386942,40.01688048386942,40.01688048386942,160.06752193547769,3841.6205264514647,0.1647747805232451,5.253014042586132e-05,0.34
1930-04-03,1930-04-14,1061.4682,0.9202131020126134,976.7769450097452,0.335,1930,4,3,1930.04,1929,7,185,27,0.0843935280488419,5.344779072818824,0.0054718521972951,0.94,5,Dry,40,10,8,5,62,125.0,0.1279718984345529,851.7769450097452,851.7769450097452,,4,212.9442362524363,212.9442362524363,212.9442362524363,212.9442362524363,0.0,0.0,0.0,0.0,0.0,0.0,40.0,10.0,8.0,5.0,62.0,909.7769450097452,990.0,967.8071077800388,22.19289221996109,0.4877525169386548,0.2314215560077961,989.2808259270536,0.3208327087573089,0.3208327087573089,0.3208327087573089,0.3208327087573089,21.15288543825736,21.15288543825736,21.15288543825736,21.15288543825736,,0.9349489821754388,0.9349489821754388,0.9349489821754388,0.9349489821754388,41.30114762929073,41.30114762929073,41.30114762929073,41.30114762929073,0.8411639028368785,0.8411639028368785,0.8411639028368785,0.8411639028368785,0.9741163902836878,0.9741163902836878,0.9741163902836878,0.9741163902836878,40.23212484321838,40.23212484321838,40.23212484321838,40.23212484321838,160.92849937287352,3862.2839849489646,0.164754604615763,5.248129947494396e-05,0.335
1930-04-04,1930-04-15,1112.7189,0.9371977043562544,1042.8375986738165,0.321,1930,4,4,1930.04,1929,7,186,27,0.0901011685254177,66.06065366407107,0.0633470194669629,0.94,5,Dry,40,10,8,5,62,125.0,0.119865260093195,917.8375986738164,917.8375986738164,,4,229.45939966845413,229.45939966845413,229.45939966845413,229.45939966845413,0.0,0.0,0.0,0.0,0.0,0.0,40.0,10.0,8.0,5.0,62.0,975.8375986738164,990.0,968.0346324529748,21.965367547025156,0.5481989124921495,0.2842700789390532,989.1675310085687,0.3724592669324222,0.3724592669324222,0.3724592669324222,0.3724592669324222,20.760439288661587,20.760439288661587,20.760439288661587,20.760439288661587,,0.9377560706582488,0.9377560706582488,0.9377560706582488,0.9377560706582488,43.809770254984045,43.809770254984045,43.809770254984045,43.809770254984045,0.8922560133397972,0.8922560133397972,0.8922560133397972,0.8922560133397972,0.9792256013339796,0.9792256013339796,0.9792256013339796,0.9792256013339796,42.89964862224025,42.89964862224025,42.89964862224025,42.89964862224025,171.598594488961,4118.366267735064,0.1645496812803681,5.193323559179381e-05,0.32
1930-04-05,1930-04-16,1121.4092,0.9368114987301732,1050.5490333418047,0.319,1930,4,5,1930.04,1929,7,187,27,0.0907674364807319,7.711434667988442,0.0073403852873561,0.94,5,Dry,40,10,8,5,62,125.0,0.1189854029015418,925.5490333418048,925.5490333418048,,4,231.3872583354512,231.3872583354512,231.3872583354512,231.3872583354512,0.0,0.0,0.0,0.0,0.0,0.0,40.0,10.0,8.0,5.0,62.0,983.5490333418048,990.0,968.0588683905028,21.941131609497237,0.5552549799751703,0.2904392266734438,989.1543057933512,0.3787502073402798,0.3787502073402798,0.3787502073402798,0.3787502073402798,20.716687195508296,20.716687195508296,20.716687195508296,20.716687195508296,,0.9380048918124492,0.9380048918124492,0.9380048918124492,0.9380048918124492,44.09644226081916,44.09644226081916,44.09644226081916,44.09644226081916,0.8980945470635266,0.8980945470635266,0.8980945470635266,0.8980945470635266,0.9798094547063526,0.9798094547063526,0.9798094547063526,0.9798094547063526,43.20611104606338,43.20611104606338,43.20611104606338,43.20611104606338,172.82444418425354,4147.786660422085,0.1645086889799875,5.186844599453292e-05,0.32
1930-04-06,1930-04-17,1156.5974,0.9338086699838878,1080.0406798008228,0.311,1930,4,6,1930.04,1929,7,188,27,0.093315514734791,29.491646459018053,0.0273060515317411,0.94,5,Dry,40,10,8,5,62,125.0,0.1157363813583874,955.0406798008228,955.0406798008228,,4,238.7601699502057,238.7601699502057,238.7601699502057,238.7601699502057,0.0,0.0,0.0,0.0,0.0,0.0,40.0,10.0,8.0,5.0,62.0,1013.0406798008228,990.0,968.1515564222312,21.84844357776888,0.5822402371367289,0.3140325438406582,989.1037272190226,0.4032341710326911,0.4032341710326911,0.4032341710326911,0.4032341710326911,20.548936625758817,20.548936625758817,20.548936625758817,20.548936625758817,,0.9389393262389888,0.9389393262389888,0.9389393262389888,0.9389393262389888,45.17804783211993,45.17804783211993,45.17804783211993,45.17804783211993,0.9201231737702632,0.9201231737702632,0.9201231737702632,0.9201231737702632,0.98,0.98,0.98,0.98,44.27448687547753,44.27448687547753,44.27448687547753,44.27448687547753,177.0979475019101,4250.350740045843,0.1639734047189499,5.1509716126799656e-05,0.31
1930-04-07,1930-04-18,1147.7361,0.9351417914976156,1073.2959927204863,0.312,1930,4,7,1930.04,1929,7,189,27,0.09273277377105,6.7446870803362335,0.0062840885702372,0.94,5,Dry,40,10,8,5,62,125.0,0.1164636790296422,948.2959927204864,948.2959927204864,,4,237.0739981801216,237.0739981801216,237.0739981801216,237.0739981801216,0.0,0.0,0.0,0.0,0.0,0.0,40.0,10.0,8.0,5.0,62.0,1006.2959927204864,990.0,968.1303588342644,21.86964116573563,0.5760687568299226,0.308636794176389,989.1152944489936,0.3975686338852085,0.3975686338852085,0.3975686338852085,0.3975686338852085,20.58736698084403,20.58736698084403,20.58736698084403,20.58736698084403,,0.9387280395417688,0.9387280395417688,0.9387280395417688,0.9387280395417688,44.93277282192207,44.93277282192207,44.93277282192207,44.93277282192207,0.9151277560472926,0.9151277560472926,0.9151277560472926,0.9151277560472926,0.98,0.98,0.98,0.98,44.03411736548362,44.03411736548362,44.03411736548362,44.03411736548362,176.1364694619345,4227.275267086428,0.164108009958633,5.159443617640693e-05,0.31
1930-04-08,1930-04-19,1130.1421,0.9379332643780708,1059.9978690640885,0.316,1930,4,8,1930.04,1929,7,190,28,0.0915838158871372,13.298123656398046,0.0125454248961268,0.94,5,Dry,40,10,8,5,62,125.0,0.1179247653680352,934.9978690640884,934.9978690640884,,4,233.74946726602207,233.74946726602207,233.74946726602207,233.74946726602207,0.0,0.0,0.0,0.0,0.0,0.0,40.0,10.0,8.0,5.0,62.0,992.9978690640884,990.0,968.0885647313444,21.911435268655737,0.563900793025909,0.2979982952512708,989.1381009117227,0.3864982526325525,0.3864982526325525,0.3864982526325525,0.3864982526325525,20.66303792774593,20.66303792774593,20.66303792774593,20.66303792774593,,0.9383072835765212,0.9383072835765212,0.9383072835765212,0.9383072835765212,44.44558119372328,44.44558119372328,44.44558119372328,44.44558119372328,0.9052053196277652,0.9052053196277652,0.9052053196277652,0.9052053196277652,0.98,0.98,0.98,0.98,43.556669569848815,43.556669569848815,43.556669569848815,43.556669569848815,174.22667827939526,4181.440278705486,0.1643651212555988,5.176086611886916e-05,0.315
1930-04-09,1930-04-20,1112.7189,0.9371977043562544,1042.8375986738165,0.321,1930,4,9,1930.04,1929,7,191,28,0.0901011685254177,17.160270390272213,0.0164553621887962,0.94,5,Dry,40,10,8,5,62,125.0,0.119865260093195,917.8375986738164,917.8375986738164,,4,229.45939966845413,229.45939966845413,229.45939966845413,229.45939966845413,0.0,0.0,0.0,0.0,0.0,0.0,40.0,10.0,8.0,5.0,62.0,975.8375986738164,990.0,968.0346324529748,21.965367547025156,0.5481989124921495,0.2842700789390532,989.1675310085687,0.3724592669324222,0.3724592669324222,0.3724592669324222,0.3724592669324222,20.760439288661587,20.760439288661587,20.760439288661587,20.760439288661587,,0.9377560706582488,0.9377560706582488,0.9377560706582488,0.9377560706582488,43.809770254984045,43.809770254984045,43.809770254984045,43.809770254984045,0.8922560133397972,0.8922560133397972,0.8922560133397972,0.8922560133397972,0.9792256013339796,0.9792256013339796,0.9792256013339796,0.9792256013339796,42.89964862224025,42.89964862224025,42.89964862224025,42.89964862224025,171.598594488961,4118.366267735064,0.1645496812803681,5.193323559179381e-05,0.32
1930-04-10,1930-04-21,1112.7189,0.9371977043562544,1042.8375986738165,0.321,1930,4,10,1930.04,1929,7,192,28,0.0901011685254177,0.0,0.0,0.94,5,Dry,40,10,8,5,62,125.0,0.119865260093195,917.8375986738164,917.8375986738164,,4,229.45939966845413,229.45939966845413,229.45939966845413,229.45939966845413,0.0,0.0,0.0,0.0,0.0,0.0,40.0,10.0,8.0,5.0,62.0,975.8375986738164,990.0,968.0346324529748,21.965367547025156,0.5481989124921495,0.2842700789390532,989.1675310085687,0.3724592669324222,0.3724592669324222,0.3724592669324222,0.3724592669324222,20.760439288661587,20.760439288661587,20.760439288661587,20.760439288661587,,0.9377560706582488,0.9377560706582488,0.9377560706582488,0.9377560706582488,43.809770254984045,43.809770254984045,43.809770254984045,43.809770254984045,0.8922560133397972,0.8922560133397972,0.8922560133397972,0.8922560133397972,0.9792256013339796,0.9792256013339796,0.9792256013339796,0.9792256013339796,42.89964862224025,42.89964862224025,42.89964862224025,42.89964862224025,171.598594488961,4118.366267735064,0.1645496812803681,5.193323559179381e-05,0.32
1930-04-11,1930-04-22,1121.4092,0.9368114987301732,1050.5490333418047,0.319,1930,4,11,1930.04,1929,7,193,28,0.0907674364807319,7.711434667988442,0.0073403852873561,0.96,5,Dry,40,10,8,5,62,125.0,0.1189854029015418,925.5490333418048,925.5490333418048,,4,231.3872583354512,231.3872583354512,231.3872583354512,231.3872583354512,0.0,0.0,0.0,0.0,0.0,0.0,40.0,10.0,8.0,5.0,62.0,983.5490333418048,990.0,968.0588683905028,21.941131609497237,0.5552549799751703,0.2904392266734438,989.1543057933512,0.3787502073402798,0.3787502073402798,0.3787502073402798,0.3787502073402798,20.716687195508296,20.716687195508296,20.716687195508296,20.716687195508296,,0.9380048918124492,0.9380048918124492,0.9380048918124492,0.9380048918124492,44.09644226081916,44.09644226081916,44.09644226081916,44.09644226081916,0.8980945470635266,0.8980945470635266,0.8980945470635266,0.8980945470635266,0.9798094547063526,0.9798094547063526,0.9798094547063526,0.9798094547063526,43.20611104606338,43.20611104606338,43.20611104606338,43.20611104606338,172.82444418425354,4147.786660422085,0.1645086889799875,5.186844599453292e-05,0.32
1930-04-12,1930-04-23,1130.1421,0.9379332643780708,1059.9978690640885,0.316,1930,4,12,1930.04,1929,7,194,28,0.0915838158871372,9.448835722283777,0.0089140138844113,0.96,5,Dry,40,10,8,5,62,125.0,0.1179247653680352,934.9978690640884,934.9978690640884,,4,233.74946726602207,233.74946726602207,233.74946726602207,233.74946726602207,0.0,0.0,0.0,0.0,0.0,0.0,40.0,10.0,8.0,5.0,62.0,992.9978690640884,990.0,968.0885647313444,21.911435268655737,0.563900793025909,0.2979982952512708,989.1381009117227,0.3864982526325525,0.3864982526325525,0.3864982526325525,0.3864982526325525,20.66303792774593,20.66303792774593,20.66303792774593,20.66303792774593,,0.9383072835765212,0.9383072835765212,0.9383072835765212,0.9383072835765212,44.44558119372328,44.44558119372328,44.44558119372328,44.44558119372328,0.9052053196277652,0.9052053196277652,0.9052053196277652,0.9052053196277652,0.98,0.98,0.98,0.98,43.556669569848815,43.556669569848815,43.556669569848815,43.556669569848815,174.22667827939526,4181.440278705486,0.1643651212555988,5.176086611886916e-05,0.315
1930-04-13,1930-04-24,1130.1421,0.9379332643780708,1059.9978690640885,0.316,1930,4,13,1930.04,1929,7,195,28,0.0915838158871372,0.0,0.0,0.96,5,Dry,40,10,8,5,62,125.0,0.1179247653680352,934.9978690640884,934.9978690640884,,4,233.74946726602207,233.74946726602207,233.74946726602207,233.74946726602207,0.0,0.0,0.0,0.0,0.0,0.0,40.0,10.0,8.0,5.0,62.0,992.9978690640884,990.0,968.0885647313444,21.911435268655737,0.563900793025909,0.2979982952512708,989.1381009117227,0.3864982526325525,0.3864982526325525,0.3864982526325525,0.3864982526325525,20.66303792774593,20.66303792774593,20.66303792774593,20.66303792774593,,0.9383072835765212,0.9383072835765212,0.9383072835765212,0.9383072835765212,44.44558119372328,44.44558119372328,44.44558119372328,44.44558119372328,0.9052053196277652,0.9052053196277652,0.9052053196277652,0.9052053196277652,0.98,0.98,0.98,0.98,43.556669569848815,43.556669569848815,43.556669569848815,43.556669569848815,174.22667827939526,4181.440278705486,0.1643651212555988,5.176086611886916e-05,0.315
1930-04-14,1930-04-25,1130.1421,0.9379332643780708,1059.9978690640885,0.316,1930,4,14,1930.04,1929,7,196,28,0.0915838158871372,0.0,0.0,0.96,5,Dry,40,10,8,5,62,125.0,0.1179247653680352,934.9978690640884,934.9978690640884,,4,233.74946726602207,233.74946726602207,233.74946726602207,233.74946726602207,0.0,0.0,0.0,0.0,0.0,0.0,40.0,10.0,8.0,5.0,62.0,992.9978690640884,990.0,968.0885647313444,21.911435268655737,0.563900793025909,0.2979982952512708,989.1381009117227,0.3864982526325525,0.3864982526325525,0.3864982526325525,0.3864982526325525,20.66303792774593,20.66303792774593,20.66303792774593,20.66303792774593,,0.9383072835765212,0.9383072835765212,0.9383072835765212,0.9383072835765212,44.44558119372328,44.44558119372328,44.44558119372328,44.44558119372328,0.9052053196277652,0.9052053196277652,0.9052053196277652,0.9052053196277652,0.98,0.98,0.98,0.98,43.556669569848815,43.556669569848815,43.556669569848815,43.556669569848815,174.22667827939526,4181.440278705486,0.1643651212555988,5.176086611886916e-05,0.315
1930-04-15,1930-04-26,1130.1421,0.9379332643780708,1059.9978690640885,0.316,1930,4,15,1930.04,1929,7,197,29,0.0915838158871372,0.0,0.0,0.96,5,Dry,40,10,8,5,62,125.0,0.1179247653680352,934.9978690640884,934.9978690640884,,4,233.74946726602207,233.74946726602207,233.74946726602207,233.74946726602207,0.0,0.0,0.0,0.0,0.0,0.0,40.0,10.0,8.0,5.0,62.0,992.9978690640884,990.0,968.0885647313444,21.911435268655737,0.563900793025909,0.2979982952512708,989.1381009117227,0.3864982526325525,0.3864982526325525,0.3864982526325525,0.3864982526325525,20.66303792774593,20.66303792774593,20.66303792774593,20.66303792774593,,0.9383072835765212,0.9383072835765212,0.9383072835765212,0.9383072835765212,44.44558119372328,44.44558119372328,44.44558119372328,44.44558119372328,0.9052053196277652,0.9052053196277652,0.9052053196277652,0.9052053196277652,0.98,0.98,0.98,0.98,43.556669569848815,43.556669569848815,43.556669569848815,43.556669569848815,174.22667827939526,4181.440278705486,0.1643651212555988,5.176086611886916e-05,0.315
1930-04-16,1930-04-27,1156.5974,0.9338086699838878,1080.0406798008228,0.311,1930,4,16,1930.04,1929,7,198,29,0.093315514734791,20.04281073673428,0.0185574590953652,0.96,5,Dry,40,10,8,5,62,125.0,0.1157363813583874,955.0406798008228,955.0406798008228,,4,238.7601699502057,238.7601699502057,238.7601699502057,238.7601699502057,0.0,0.0,0.0,0.0,0.0,0.0,40.0,10.0,8.0,5.0,62.0,1013.0406798008228,990.0,968.1515564222312,21.84844357776888,0.5822402371367289,0.3140325438406582,989.1037272190226,0.4032341710326911,0.4032341710326911,0.4032341710326911,0.4032341710326911,20.548936625758817,20.548936625758817,20.548936625758817,20.548936625758817,,0.9389393262389888,0.9389393262389888,0.9389393262389888,0.9389393262389888,45.17804783211993,45.17804783211993,45.17804783211993,45.17804783211993,0.9201231737702632,0.9201231737702632,0.9201231737702632,0.9201231737702632,0.98,0.98,0.98,0.98,44.27448687547753,44.27448687547753,44.27448687547753,44.27448687547753,177.0979475019101,4250.350740045843,0.1639734047189499,5.1509716126799656e-05,0.31
1930-04-17,1930-04-28,1165.5017,0.9291100950872416,1082.8793953113418,0.307,1930,4,17,1930.04,1929,7,199,29,0.0935607797548999,2.838715510519023,0.0026214512186769,0.96,5,Dry,40,10,8,5,62,125.0,0.1154329840804302,957.8793953113418,957.8793953113418,,4,239.46984882783545,239.46984882783545,239.46984882783545,239.46984882783545,0.0,0.0,0.0,0.0,0.0,0.0,40.0,10.0,8.0,5.0,62.0,1015.8793953113418,990.0,968.16047809955,21.83952190045011,0.5848377003935298,0.3163035162490734,989.0988587833574,0.4056186920615271,0.4056186920615271,0.4056186920615271,0.4056186920615271,20.532761991745986,20.532761991745986,20.532761991745986,20.532761991745986,,0.9390278460518038,0.9390278460518038,0.9390278460518038,0.9390278460518038,45.28093475449823,45.28093475449823,45.28093475449823,45.28093475449823,0.9222186304378456,0.9222186304378456,0.9222186304378456,0.9222186304378456,0.98,0.98,0.98,0.98,44.37531605940826,44.37531605940826,44.37531605940826,44.37531605940826,177.50126423763305,4260.030341703194,0.1639160048719914,5.147402373829102e-05,0.305
1930-04-18,1930-04-29,1183.4396,0.9205844129984858,1089.4560494851628,0.303,1930,4,18,1930.04,1929,7,200,29,0.094129002675518,6.576654173820997,0.0060366401902388,0.96,5,Dry,40,10,8,5,62,125.0,0.114736156689451,964.4560494851628,964.4560494851628,,4,241.1140123712907,241.1140123712907,241.1140123712907,241.1140123712907,0.0,0.0,0.0,0.0,0.0,0.0,40.0,10.0,8.0,5.0,62.0,1022.4560494851628,990.0,968.1811475840964,21.81885241590373,0.5908554283081043,0.3215648395881302,989.0875797321036,0.4112322025572399,0.4112322025572399,0.4112322025572399,0.4112322025572399,20.49519994545017,20.49519994545017,20.49519994545017,20.49519994545017,,0.9392318263289178,0.9392318263289178,0.9392318263289178,0.9392318263289178,45.51830794603199,45.51830794603199,45.51830794603199,45.51830794603199,0.9270531149904682,0.9270531149904682,0.9270531149904682,0.9270531149904682,0.98,0.98,0.98,0.98,44.60794178711135,44.60794178711135,44.60794178711135,44.60794178711135,178.4317671484454,4282.36241156269,0.1637806015513574,5.139101962180139e-05,0.305
1930-04-19,1930-04-30,1183.4396,0.9205844129984858,1089.4560494851628,0.303,1930,4,19,1930.04,1929,7,201,29,0.094129002675518,0.0,0.0,0.96,5,Dry,40,10,8,5,62,125.0,0.114736156689451,964.4560494851628,964.4560494851628,,4,241.1140123712907,241.1140123712907,241.1140123712907,241.1140123712907,0.0,0.0,0.0,0.0,0.0,0.0,40.0,10.0,8.0,5.0,62.0,1022.4560494851628,990.0,968.1811475840964,21.81885241590373,0.5908554283081043,0.3215648395881302,989.0875797321036,0.4112322025572399,0.4112322025572399,0.4112322025572399,0.4112322025572399,20.49519994545017,20.49519994545017,20.49519994545017,20.49519994545017,,0.9392318263289178,0.9392318263289178,0.9392318263289178,0.9392318263289178,45.51830794603199,45.51830794603199,45.51830794603199,45.51830794603199,0.9270531149904682,0.9270531149904682,0.9270531149904682,0.9270531149904682,0.98,0.98,0.98,0.98,44.60794178711135,44.60794178711135,44.60794178711135,44.60794178711135,178.4317671484454,4282.36241156269,0.1637806015513574,5.139101962180139e-05,0.305
1930-04-20,1930-05-01,1192.4734,0.9195163786021252,1096.498822347363,0.301,1930,4,20,1930.04,1929,7,202,29,0.0947374982508122,7.042772862200537,0.006422964364999,0.96,5,Dry,40,10,8,5,62,125.0,0.1139992104436578,971.4988223473632,971.4988223473632,,4,242.8747055868408,242.8747055868408,242.8747055868408,242.8747055868408,0.0,0.0,0.0,0.0,0.0,0.0,40.0,10.0,8.0,5.0,62.0,1029.498822347363,990.0,968.2032820130916,21.79671798690833,0.5972996611548874,0.3271990578778905,989.0755012809672,0.4172889872187322,0.4172889872187322,0.4172889872187322,0.4172889872187322,20.45493028065676,20.45493028065676,20.45493028065676,20.45493028065676,,0.9394487362309316,0.9394487362309316,0.9394487362309316,0.9394487362309316,45.771176615422974,45.771176615422974,45.771176615422974,45.771176615422974,0.9322031897234822,0.9322031897234822,0.9322031897234822,0.9322031897234822,0.98,0.98,0.98,0.98,44.855753083114514,44.855753083114514,44.855753083114514,44.855753083114514,179.42301233245806,4306.152295978994,0.1636326539305831,5.130188992661963e-05,0.3
1930-04-21,1930-05-02,1201.5505,0.921902008637954,1107.711819429938,0.298,1930,4,21,1930.04,1929,7,203,29,0.0957063011987466,11.212997082574704,0.0101226662800666,0.95,5,Dry,40,10,8,5,62,125.0,0.1128452344801455,982.711819429938,982.711819429938,,4,245.6779548574845,245.6779548574845,245.6779548574845,245.6779548574845,0.0,0.0,0.0,0.0,0.0,0.0,40.0,10.0,8.0,5.0,62.0,1040.711819429938,990.0,968.2385228610656,21.761477138934534,0.6115923772710266,0.3361694555439504,989.052238167185,0.4269728420011958,0.4269728420011958,0.4269728420011958,0.4269728420011958,20.386742464118356,20.386742464118356,20.386742464118356,20.386742464118356,,0.9397209623125472,0.9397209623125472,0.9397209623125472,0.9397209623125472,46.15849488797899,46.15849488797899,46.15849488797899,46.15849488797899,0.9400915455800202,0.9400915455800202,0.9400915455800202,0.9400915455800202,0.98,0.98,0.98,0.98,45.23532499021941,45.23532499021941,45.23532499021941,45.23532499021941,180.94129996087764,4342.591199061064,0.1633469073698207,5.114568810265365e-05,0.3
1930-04-22,1930-05-03,1219.8351,0.9229021768936402,1125.7884692412713,0.294,1930,4,22,1930.04,1929,7,204,30,0.0972681237424458,18.07664981133325,0.016056879516199,0.95,5,Dry,40,10,8,5,62,125.0,0.1110332921461206,1000.7884692412712,1000.7884692412712,,4,250.19711731031785,250.19711731031785,250.19711731031785,250.19711731031785,0.0,0.0,0.0,0.0,0.0,0.0,40.0,10.0,8.0,5.0,62.0,1058.7884692412713,990.0,968.295335189044,21.704664810956046,0.6380829438852894,0.3510250100136526,989.010892046101,0.4428017376247314,0.4428017376247314,0.4428017376247314,0.4428017376247314,20.272755119432365,20.272755119432365,20.272755119432365,20.272755119432365,,0.9398245374718256,0.9398245374718256,0.9398245374718256,0.9398245374718256,46.74988588973786,46.74988588973786,46.74988588973786,46.74988588973786,0.952136168833765,0.952136168833765,0.952136168833765,0.952136168833765,0.98,0.98,0.98,0.98,45.8148881719431,45.8148881719431,45.8148881719431,45.8148881719431,183.2595526877724,4398.229264506538,0.1627832916171905,5.0865325557509656e-05,0.295
1930-04-23,1930-05-04,1229.0427,0.91756512366433,1127.726717014242,0.293,1930,4,23,1930.04,1929,7,205,30,0.0974355883500305,1.938247772970726,0.0017187211615438,0.95,5,Dry,40,10,8,5,62,125.0,0.1108424568772732,1002.726717014242,1002.726717014242,,4,250.6816792535605,250.6816792535605,250.6816792535605,250.6816792535605,0.0,0.0,0.0,0.0,0.0,0.0,40.0,10.0,8.0,5.0,62.0,1060.726717014242,990.0,968.301426824902,21.69857317509809,0.640923364111422,0.3535447321185146,989.00553190377,0.4445267781426754,0.4445267781426754,0.4445267781426754,0.4445267781426754,20.25957830072544,20.25957830072544,20.25957830072544,20.25957830072544,,0.9398324118206038,0.9398324118206038,0.9398324118206038,0.9398324118206038,46.81037437471273,46.81037437471273,46.81037437471273,46.81037437471273,0.9533681135379376,0.9533681135379376,0.9533681135379376,0.9533681135379376,0.98,0.98,0.98,0.98,45.87416688721847,45.87416688721847,45.87416688721847,45.87416688721847,183.4966675488739,4403.920021172973,0.1627137716792751,5.083269018015992e-05,0.295
1930-04-24,1930-05-05,1229.0427,0.91756512366433,1127.726717014242,0.293,1930,4,24,1930.04,1929,7,206,30,0.0974355883500305,0.0,0.0,0.95,5,Dry,40,10,8,5,62,125.0,0.1108424568772732,1002.726717014242,1002.726717014242,,4,250.6816792535605,250.6816792535605,250.6816792535605,250.6816792535605,0.0,0.0,0.0,0.0,0.0,0.0,40.0,10.0,8.0,5.0,62.0,1060.726717014242,990.0,968.301426824902,21.69857317509809,0.640923364111422,0.3535447321185146,989.00553190377,0.4445267781426754,0.4445267781426754,0.4445267781426754,0.4445267781426754,20.25957830072544,20.25957830072544,20.25957830072544,20.25957830072544,,0.9398324118206038,0.9398324118206038,0.9398324118206038,0.9398324118206038,46.81037437471273,46.81037437471273,46.81037437471273,46.81037437471273,0.9533681135379376,0.9533681135379376,0.9533681135379376,0.9533681135379376,0.98,0.98,0.98,0.98,45.87416688721847,45.87416688721847,45.87416688721847,45.87416688721847,183.4966675488739,4403.920021172973,0.1627137716792751,5.083269018015992e-05,0.295
1930-04-25,1930-05-06,1238.2939,0.9143826532177884,1132.2744617454025,0.29,1930,4,25,1930.04,1929,7,207,30,0.0978285134948028,4.547744731160492,0.0040164685196115,0.95,5,Dry,40,10,8,5,62,125.0,0.1103972616385892,1007.2744617454024,1007.2744617454024,,4,251.81861543635063,251.81861543635063,251.81861543635063,251.81861543635063,0.0,0.0,0.0,0.0,0.0,0.0,40.0,10.0,8.0,5.0,62.0,1065.2744617454025,990.0,968.3157197369142,21.68428026308584,0.6475878918863607,0.3594568002690232,988.9929553078446,0.4485742709534082,0.4485742709534082,0.4485742709534082,0.4485742709534082,20.228661299977,20.228661299977,20.228661299977,20.228661299977,,0.9398498849060204,0.9398498849060204,0.9398498849060204,0.9398498849060204,46.951791358521255,46.951791358521255,46.951791358521255,46.951791358521255,0.9562482965075612,0.9562482965075612,0.9562482965075612,0.9562482965075612,0.98,0.98,0.98,0.98,46.01275553135083,46.01275553135083,46.01275553135083,46.01275553135083,184.0510221254033,4417.22453100968,0.1625498307554234,5.075606090035618e-05,0.29
1930-04-26,1930-05-07,1247.589,0.9151467263536076,1141.726989184771,0.287,1930,4,26,1930.04,1929,7,208,30,0.0986452118655642,9.452527439368398,0.008279148630898,0.95,5,Dry,40,10,8,5,62,125.0,0.1094832663010392,1016.7269891847708,1016.7269891847708,,4,254.18174729619275,254.18174729619275,254.18174729619275,254.18174729619275,0.0,0.0,0.0,0.0,0.0,0.0,40.0,10.0,8.0,5.0,62.0,1074.726989184771,990.0,968.345427680295,21.65457231970504,0.6614401715078171,0.3717450859402021,988.966814742552,0.456987020374446,0.456987020374446,0.456987020374446,0.456987020374446,20.16440004188254,20.16440004188254,20.16440004188254,20.16440004188254,,0.9398817044922884,0.9398817044922884,0.9398817044922884,0.9398817044922884,47.24344521821887,47.24344521821887,47.24344521821887,47.24344521821887,0.9621882936500789,0.9621882936500789,0.9621882936500789,0.9621882936500789,0.98,0.98,0.98,0.98,46.29857631385449,46.29857631385449,46.29857631385449,46.29857631385449,185.194305255418,4444.663326130031,0.1622054195177189,5.059653487923755e-05,0.285
1930-04-27,1930-05-08,1275.7375,0.914516856089578,1166.683447695578,0.283,1930,4,27,1930.04,1929,7,209,30,0.1008014498808979,24.956458510807124,0.0213909424703855,0.95,5,Dry,40,10,8,5,62,125.0,0.1071413160501238,1041.683447695578,1041.683447695578,,4,260.4208619238945,260.4208619238945,260.4208619238945,260.4208619238945,0.0,0.0,0.0,0.0,0.0,0.0,40.0,10.0,8.0,5.0,62.0,1099.683447695578,990.0,968.423862264186,21.57613773581386,0.6980128071198726,0.4041884820042514,988.897798710876,0.4797571891184097,0.4797571891184097,0.4797571891184097,0.4797571891184097,19.994179257571368,19.994179257571368,19.994179257571368,19.994179257571368,,0.939932668405189,0.939932668405189,0.939932668405189,0.939932668405189,47.99707780824966,47.99707780824966,47.99707780824966,47.99707780824966,0.9775372262372638,0.9775372262372638,0.9775372262372638,0.9775372262372638,0.98,0.98,0.98,0.98,47.037136252084665,47.037136252084665,47.037136252084665,47.037136252084665,188.14854500833863,4515.565080200127,0.1612678618008748,5.017213707307751e-05,0.285
1930-04-28,1930-05-09,1285.2084,0.9120856039266032,1172.2200796855432,0.281,1930,4,28,1930.04,1929,7,210,30,0.1012798148848309,5.536631989965144,0.0047232017996572,0.95,5,Dry,40,10,8,5,62,125.0,0.1066352659933382,1047.2200796855432,1047.2200796855432,,4,261.8050199213858,261.8050199213858,261.8050199213858,261.8050199213858,0.0,0.0,0.0,0.0,0.0,0.0,40.0,10.0,8.0,5.0,62.0,1105.2200796855432,990.0,968.4412631075832,21.55873689241685,0.7061265073950682,0.4113861035912061,988.8824873890136,0.4848785737091274,0.4848785737091274,0.4848785737091274,0.4848785737091274,19.95634570772142,19.95634570772142,19.95634570772142,19.95634570772142,,0.9399227255499047,0.9399227255499047,0.9399227255499047,0.9399227255499047,48.1603725627416,48.1603725627416,48.1603725627416,48.1603725627416,0.980862984984554,0.980862984984554,0.980862984984554,0.980862984984554,0.98,0.98,0.98,0.98,47.19716511148677,47.19716511148677,47.19716511148677,47.19716511148677,188.78866044594707,4530.92785070273,0.1610522321854365,5.007667021058801e-05,0.28
1930-04-29,1930-05-10,1304.2828,0.9098196316199432,1186.6620966242278,0.277,1930,4,29,1930.04,1929,7,211,31,0.1025276051483333,14.442016938684676,0.0121702858629839,0.95,5,Dry,40,10,8,5,62,125.0,0.1053374843231239,1061.6620966242278,1061.6620966242278,,4,265.41552415605696,265.41552415605696,265.41552415605696,265.41552415605696,0.0,0.0,0.0,0.0,0.0,0.0,40.0,10.0,8.0,5.0,62.0,1119.6620966242278,990.0,968.486652303676,21.51334769632388,0.7272906730868038,0.4301607256114961,988.8425486013016,0.4982706813098952,0.4982706813098952,0.4982706813098952,0.4982706813098952,19.857625616315683,19.857625616315683,19.857625616315683,19.857625616315683,,0.9398606436882552,0.9398606436882552,0.9398606436882552,0.9398606436882552,48.57980902838906,48.57980902838906,48.57980902838906,48.57980902838906,0.9894054791932598,0.9894054791932598,0.9894054791932598,0.9894054791932598,0.98,0.98,0.98,0.98,47.60821284782128,47.60821284782128,47.60821284782128,47.60821284782128,190.4328513912851,4570.388433390843,0.1604777399842983,4.982565963648608e-05,0.275
1930-04-30,1930-05-11,1304.2828,0.9098196316199432,1186.6620966242278,0.277,1930,4,30,1930.04,1929,7,212,31,0.1025276051483333,0.0,0.0,0.95,5,Dry,40,10,8,5,62,125.0,0.1053374843231239,1061.6620966242278,1061.6620966242278,,4,265.41552415605696,265.41552415605696,265.41552415605696,265.41552415605696,0.0,0.0,0.0,0.0,0.0,0.0,40.0,10.0,8.0,5.0,62.0,1119.6620966242278,990.0,968.486652303676,21.51334769632388,0.7272906730868038,0.4301607256114961,988.8425486013016,0.4982706813098952,0.4982706813098952,0.4982706813098952,0.4982706813098952,19.857625616315683,19.857625616315683,19.857625616315683,19.857625616315683,,0.9398606436882552,0.9398606436882552,0.9398606436882552,0.9398606436882552,48.57980902838906,48.57980902838906,48.57980902838906,48.57980902838906,0.9894054791932598,0.9894054791932598,0.9894054791932598,0.9894054791932598,0.98,0.98,0.98,0.98,47.60821284782128,47.60821284782128,47.60821284782128,47.60821284782128,190.4328513912851,4570.388433390843,0.1604777399842983,4.982565963648608e-05,0.275
1930-05-01,1930-05-12,1313.8865,0.9097424573913048,1195.2983332432605,0.275,1930,5,1,1930.05,1929,8,213,31,0.1032737759922177,8.636236619032617,0.0072251724768991,0.94,5,Dry,42,9,8,6,82,147.0,0.1229818497287935,1048.2983332432605,1048.2983332432605,,4,262.0745833108151,262.0745833108151,262.0745833108151,262.0745833108151,0.0,0.0,0.0,0.0,0.0,0.0,42.0,9.0,8.0,6.0,82.0,1107.2983332432605,990.0,968.5137947616216,21.48620523837837,0.7091721001839224,0.4127878332162386,988.8780400666,0.4858759582500159,0.4858759582500159,0.4858759582500159,0.4858759582500159,19.87836934672821,19.87836934672821,19.87836934672821,19.87836934672821,,0.939726467587802,0.939726467587802,0.939726467587802,0.939726467587802,48.011560085258886,48.011560085258886,48.011560085258886,48.011560085258886,0.9778321809625028,0.9778321809625028,0.9778321809625028,0.9778321809625028,0.98,0.98,0.98,0.98,47.05132888355371,47.05132888355371,47.05132888355371,47.05132888355371,188.20531553421483,4516.927572821156,0.1574546791373399,4.987058803510292e-05,0.275
1930-05-02,1930-05-13,1333.2273,0.906175230008076,1208.137555230546,0.272,1930,5,2,1930.05,1929,8,214,31,0.1043830847719191,12.839221987285557,0.0106272848912767,0.94,5,Dry,42,9,8,6,82,147.0,0.1216748865752694,1061.137555230546,1061.137555230546,,4,265.2843888076365,265.2843888076365,265.2843888076365,265.2843888076365,0.0,0.0,0.0,0.0,0.0,0.0,42.0,9.0,8.0,6.0,82.0,1120.137555230546,990.0,968.5541466021532,21.44585339784692,0.7279874375876628,0.4294788217997098,988.8425337406126,0.4977749896928659,0.4977749896928659,0.4977749896928659,0.4977749896928659,19.79061214876662,19.79061214876662,19.79061214876662,19.79061214876662,,0.9396759207657828,0.9396759207657828,0.9396759207657828,0.9396759207657828,48.382434703909226,48.382434703909226,48.382434703909226,48.382434703909226,0.9853856355174996,0.9853856355174996,0.9853856355174996,0.9853856355174996,0.98,0.98,0.98,0.98,47.41478600983104,47.41478600983104,47.41478600983104,47.41478600983104,189.65914403932416,4551.81945694378,0.1569847267955609,4.964775330662276e-05,0.27
1930-05-03,1930-05-14,1342.9646,0.905877929951145,1216.5619918456675,0.269,1930,5,3,1930.05,1929,8,215,31,0.1051109560954656,8.424436615121522,0.0069247902462748,0.94,5,Dry,42,9,8,6,82,147.0,0.1208323135074964,1069.5619918456675,1069.5619918456675,,4,267.3904979614169,267.3904979614169,267.3904979614169,267.3904979614169,0.0,0.0,0.0,0.0,0.0,0.0,42.0,9.0,8.0,6.0,82.0,1128.5619918456675,990.0,968.5806234029436,21.419376597056495,0.7403330935399397,0.4404305893993677,988.8192363170608,0.5057360822941558,0.5057360822941558,0.5057360822941558,0.5057360822941558,19.73287683182304,19.73287683182304,19.73287683182304,19.73287683182304,,0.9394809858298055,0.9394809858298055,0.9394809858298055,0.9394809858298055,48.6141917303186,48.6141917303186,48.6141917303186,48.6141917303186,0.9901057378883624,0.9901057378883624,0.9901057378883624,0.9901057378883624,0.98,0.98,0.98,0.98,47.64190789571223,47.64190789571223,47.64190789571223,47.64190789571223,190.5676315828489,4573.623157988374,0.1566444068285706,4.949264616827965e-05,0.27
1930-05-04,1930-05-15,1362.5733,0.9145051960029634,1246.0803627849048,0.265,1930,5,4,1930.05,1929,8,216,31,0.1076613433446157,29.51837093923724,0.0236889785128028,0.94,5,Dry,42,9,8,6,82,147.0,0.117969919429165,1099.0803627849048,1099.0803627849048,,4,274.7700906962262,274.7700906962262,274.7700906962262,274.7700906962262,0.0,0.0,0.0,0.0,0.0,0.0,42.0,9.0,8.0,6.0,82.0,1158.0803627849048,990.0,968.6733954258954,21.32660457410464,0.7835910190887397,0.4788044716203762,988.7376045092908,0.5340125500874331,0.5340125500874331,0.5340125500874331,0.5340125500874331,19.53019653330812,19.53019653330812,19.53019653330812,19.53019653330812,,0.9387296029756256,0.9387296029756256,0.9387296029756256,0.9387296029756256,49.403223136401365,49.403223136401365,49.403223136401365,49.403223136401365,1.0061756239592945,1.0061756239592945,1.0061756239592945,1.0061756239592945,0.98,0.98,0.98,0.98,48.2,48.2,48.2,48.2,192.8,4627.200000000001,0.1547251732377076,4.872760661454621e-05,0.265
1930-05-05,1930-05-16,1412.3815,0.928274988254288,1311.0784203230735,0.258,1930,5,5,1930.05,1929,8,217,31,0.1132771755159135,64.99805753816872,0.0495760257591243,0.94,5,Dry,42,9,8,6,82,147.0,0.1121214396647429,1164.0784203230735,1100.0,,4,275.0,275.0,275.0,275.0,64.07842032307349,18.30812009230671,3.9231685912085807,3.4872609699631827,2.615445727472387,35.74442494212262,60.30812009230671,12.92316859120858,11.487260969963184,8.615445727472387,117.74442494212262,1184.7185496534785,990.0,968.8776750353012,21.12232496469892,0.8226281565611222,0.48,988.6973718434388,0.5349,0.5349,0.5349,0.5349,19.28479680813779,19.28479680813779,19.28479680813779,19.28479680813779,,0.93795856604139,0.93795856604139,0.93795856604139,0.93795856604139,48.78318086163977,48.78318086163977,48.78318086163977,48.78318086163977,0.9935474717238242,0.9935474717238242,0.9935474717238242,0.9935474717238242,0.98,0.98,0.98,0.98,47.807517244406974,47.807517244406974,47.807517244406974,47.807517244406974,191.2300689776279,4589.52165546307,0.1458570791902023,4.829042145899695e-05,0.26
1930-05-06,1930-05-17,1442.8091,0.9395485585172468,1355.589210120566,0.252,1930,5,6,1930.05,1929,8,218,32,0.1171229077544169,44.51078979749241,0.0328350133397223,0.94,5,Dry,42,9,8,6,82,147.0,0.1084399306976822,1208.589210120566,1100.0,,4,275.0,275.0,275.0,275.0,108.5892101205659,31.025488605875967,6.648318986973422,5.909616877309708,4.432212657982281,60.57357299242451,73.02548860587596,15.648318986973422,13.909616877309707,10.43221265798228,142.57357299242452,1202.5834244701591,990.0,969.0180574480818,20.981942551918223,0.8488083758675801,0.48,988.6711916241323,0.5349,0.5349,0.5349,0.5349,19.11823417605057,19.11823417605057,19.11823417605057,19.11823417605057,,0.9374388906292778,0.9374388906292778,0.9374388906292778,0.9374388906292778,48.33504607751089,48.33504607751089,48.33504607751089,48.33504607751089,0.984420490377004,0.984420490377004,0.984420490377004,0.984420490377004,0.98,0.98,0.98,0.98,47.36834515596067,47.36834515596067,47.36834515596067,47.36834515596067,189.47338062384267,4547.361134972224,0.1397719745843882,4.784681328884916e-05,0.25
1930-05-07,1930-05-18,1494.4335,0.9462756211754526,1414.1459885179058,0.242,1930,5,7,1930.05,1929,8,219,32,0.122182213407947,58.55677839733993,0.0414078736373677,0.94,5,Dry,42,9,8,6,82,147.0,0.1039496637501077,1267.1459885179058,1100.0,,4,275.0,275.0,275.0,275.0,167.14598851790583,47.75599671940167,9.0,9.09638032750508,6.822285245628809,94.47132622537028,89.75599671940167,18.0,17.09638032750508,12.822285245628809,176.47132622537026,1224.852377046907,990.0,969.2072408859808,20.79275911401908,0.8814425850723376,0.48,988.6385574149276,0.5349,0.5349,0.5349,0.5349,18.89641652894669,18.89641652894669,18.89641652894669,18.89641652894669,,0.936743712066182,0.936743712066182,0.936743712066182,0.936743712066182,47.73881486718858,47.73881486718858,47.73881486718858,47.73881486718858,0.9722772885374455,0.9722772885374455,0.9722772885374455,0.9722772885374455,0.98,0.98,0.98,0.98,46.78403856984481,46.78403856984481,46.78403856984481,46.78403856984481,187.13615427937924,4491.267702705101,0.1323315667539439,4.7256604616004855e-05,0.24
1930-05-08,1930-05-19,1525.9589,0.9480519815469955,1446.688358904274,0.237,1930,5,8,1930.05,1929,8,220,32,0.1249938742093292,32.54237038636825,0.0224943887783931,0.94,5,Dry,42,9,8,6,82,147.0,0.1016113796003295,1299.688358904274,1100.0,,4,275.0,275.0,275.0,275.0,199.68835890427408,57.0538168297926,9.0,10.867393681865256,8.15054526139894,114.61660313121727,99.0538168297926,18.0,18.867393681865256,14.15054526139894,196.6166031312173,1235.9212105116578,990.0,969.3123777749216,20.687622225078485,0.9079529812104524,0.48,988.6120470187896,0.5349,0.5349,0.5349,0.5349,18.76476924386804,18.76476924386804,18.76476924386804,18.76476924386804,,0.9363290231181842,0.9363290231181842,0.9363290231181842,0.9363290231181842,47.38524241460252,47.38524241460252,47.38524241460252,47.38524241460252,0.9650762202566704,0.9650762202566704,0.9650762202566704,0.9650762202566704,0.98,0.98,0.98,0.98,46.43753756631048,46.43753756631048,46.43753756631048,46.43753756631048,185.7501502652419,4458.003606365805,0.1283967961185017,4.690660360233381e-05,0.235
1930-05-09,1930-05-20,1579.4263,0.9567215637917794,1511.0711996298642,0.229,1930,5,9,1930.05,1929,8,221,32,0.1305565516480202,64.3828407255901,0.0426074170041495,0.94,5,Dry,42,9,8,6,82,147.0,0.0972819811773313,1364.0711996298642,1100.0,,4,275.0,275.0,275.0,275.0,264.07119962986417,58.0,9.0,14.371221748564036,10.778416311423026,171.9215615698771,100.0,18.0,22.37122174856404,16.778416311423026,253.9215615698771,1240.371221748564,990.0,969.5203838757272,20.479616124272752,0.9194799980117164,0.48,988.6005200019882,0.5349,0.5349,0.5349,0.5349,18.54523612626098,18.54523612626098,18.54523612626098,18.54523612626098,,0.935637493797722,0.935637493797722,0.935637493797722,0.935637493797722,46.796285038360935,46.796285038360935,46.796285038360935,46.796285038360935,0.953081161677412,0.953081161677412,0.953081161677412,0.953081161677412,0.98,0.98,0.98,0.98,45.860359337593714,45.860359337593714,45.860359337593714,45.860359337593714,183.44143735037483,4402.594496408997,0.121398275207223,4.63235952904987e-05,0.23
1930-05-10,1930-05-21,1656.2409,0.9717907482149442,1609.5195834351923,0.217,1930,5,10,1930.05,1929,8,222,32,0.1390624920088006,98.44838380532838,0.0611663162216456,0.94,5,Dry,42,9,8,6,82,147.0,0.0913316007539705,1462.5195834351923,1100.0,,4,275.0,275.0,275.0,275.0,362.5195834351923,58.000000000000014,9.0,17.0,14.796717691232338,263.7228657439599,100.0,18.0,25.0,20.796717691232335,345.7228657439599,1243.0,990.0,969.8384478849443,20.161552115055542,0.9262894125183112,0.48,988.5937105874816,0.5349,0.5349,0.5349,0.5349,18.220362702537265,18.220362702537265,18.220362702537265,18.220362702537265,,0.9346141425129924,0.9346141425129924,0.9346141425129924,0.9346141425129924,45.92622611954096,45.92622611954096,45.92622611954096,45.92622611954096,0.9353610207645816,0.9353610207645816,0.9353610207645816,0.9353610207645816,0.98,0.98,0.98,0.98,45.00770159715015,45.00770159715015,45.00770159715015,45.00770159715015,180.03080638860058,4320.739353326414,0.1118537532823064,4.546232484560621e-05,0.215
1930-05-11,1930-05-22,1723.9214,0.982538593168556,1693.8193070891668,0.208,1930,5,11,1930.05,1929,8,223,32,0.146345988132504,84.29972365397451,0.0497690180417436,0.84,4,Mod_Dry,47,10,10,10,115,192.0,0.1133532952401826,1501.8193070891668,1100.0,,4,275.0,275.0,275.0,275.0,401.8193070891669,53.0,8.0,15.0,20.928088910894107,304.8912181782728,100.0,18.0,25.0,30.928088910894107,419.8912181782728,1243.0,990.0,970.110800838288,19.889199161711872,0.9262894125183112,0.48,988.5937105874816,0.5349,0.5349,0.5349,0.5349,17.948009749193595,17.948009749193595,17.948009749193595,17.948009749193595,,0.9336530300621092,0.9336530300621092,0.9336530300621092,0.9336530300621092,45.193211189221294,45.193211189221294,45.193211189221294,45.193211189221294,0.9204319997804744,0.9204319997804744,0.9204319997804744,0.9204319997804744,0.98,0.98,0.98,0.98,44.28934696543687,44.28934696543687,44.28934696543687,44.28934696543687,177.15738786174748,4251.77730868194,0.1045904879701678,4.473671410650189e-05,0.21
1930-05-12,1930-05-23,1769.9945,0.9864250135611264,1745.9668486656192,0.202,1930,5,12,1930.05,1929,8,224,32,0.1508515357247095,52.14754157645211,0.0298674293938093,0.84,4,Mod_Dry,47,10,10,10,115,192.0,0.1099677236980409,1553.9668486656192,1100.0,,4,275.0,275.0,275.0,275.0,453.9668486656192,53.000000000000014,7.9999999999999964,14.999999999999996,23.644106701334334,354.3227419642849,100.0,18.0,25.0,33.64410670133434,469.3227419642849,1243.0,990.0,970.2792775110736,19.720722488926413,0.9262894125183112,0.48,988.5937105874816,0.5349,0.5349,0.5349,0.5349,17.779533076408136,17.779533076408136,17.779533076408136,17.779533076408136,,0.9327879023473558,0.9327879023473558,0.9327879023473558,0.9327879023473558,44.72750260272614,44.72750260272614,44.72750260272614,44.72750260272614,0.9109470998518562,0.9109470998518562,0.9109470998518562,0.9109470998518562,0.98,0.98,0.98,0.98,43.832952550671614,43.832952550671614,43.832952550671614,43.832952550671614,175.33181020268646,4207.963444864475,0.1004210419783665,4.427570964714304e-05,0.2
1930-05-13,1930-05-24,1852.4742,0.9909847503011144,1835.7736825262568,0.192,1930,5,13,1930.05,1929,8,225,33,0.1586108461702685,89.80683386063744,0.0489204277822808,0.84,4,Mod_Dry,47,10,10,10,115,192.0,0.104588055612489,1643.7736825262568,1100.0,,4,275.0,275.0,275.0,275.0,543.7736825262568,53.0,8.0,15.0,28.321545964909213,439.4521365613476,100.0,18.0,25.0,38.32154596490921,554.4521365613476,1243.0,990.0,970.5694226666232,19.43057733337673,0.9262894125183112,0.48,988.5937105874816,0.5349,0.5349,0.5349,0.5349,17.489387920858455,17.489387920858455,17.489387920858455,17.489387920858455,,0.931298006973608,0.931298006973608,0.931298006973608,0.931298006973608,43.92731693550439,43.92731693550439,43.92731693550439,43.92731693550439,0.8946500394196413,0.8946500394196413,0.8946500394196413,0.8946500394196413,0.979465003941964,0.979465003941964,0.979465003941964,0.979465003941964,43.025269655393714,43.025269655393714,43.025269655393714,43.025269655393714,172.10107862157486,4130.425886917797,0.0937485269887636,4.3459868338781527e-05,0.19
1930-05-14,1930-05-25,1974.4395,1.004560374130299,1983.4436828176408,0.178,1930,5,14,1930.05,1929,8,226,33,0.1713695341954441,147.670000291384,0.0744513199798075,0.84,4,Mod_Dry,47,10,10,10,115,192.0,0.0968013368180177,1791.4436828176408,1100.0,,4,275.0,275.0,275.0,275.0,691.4436828176408,53.0,8.0,15.0,36.0126918134188,579.430991004222,100.0,18.0,25.0,46.0126918134188,694.430991004222,1243.0,990.0,971.0465103598724,18.9534896401276,0.9262894125183112,0.48,988.5937105874816,0.5349,0.5349,0.5349,0.5349,17.012300227609323,17.012300227609323,17.012300227609323,17.012300227609323,,0.9288481616687738,0.9288481616687738,0.9288481616687738,0.9288481616687738,42.61663526310541,42.61663526310541,42.61663526310541,42.61663526310541,0.8679559116722079,0.8679559116722079,0.8679559116722079,0.8679559116722079,0.9767955911672208,0.9767955911672208,0.9767955911672208,0.9767955911672208,41.62774143538287,41.62774143538287,41.62774143538287,41.62774143538287,166.5109657415315,3996.263177796756,0.0839504379095802,4.204822367210391e-05,0.18
1930-05-15,1930-05-26,2024.6043,1.0084233130046596,2041.65817572948,0.172,1930,5,15,1930.05,1929,8,227,33,0.176399266383027,58.21449291183944,0.0285133396000726,0.84,4,Mod_Dry,47,10,10,10,115,192.0,0.0940412074275846,1849.65817572948,1100.0,,4,275.0,275.0,275.0,275.0,749.65817572948,53.0,8.0,15.0,39.04469665257709,634.6134790769029,100.0,18.0,25.0,49.04469665257709,749.6134790769029,1243.0,990.0,971.200554217278,18.79944578272193,0.9262894125183112,0.48,988.5937105874816,0.5349,0.5349,0.5349,0.5349,16.858256370203655,16.858256370203655,16.858256370203655,16.858256370203655,,0.9280791167236142,0.9280791167236142,0.9280791167236142,0.9280791167236142,42.19578276633541,42.19578276633541,42.19578276633541,42.19578276633541,0.8593845777257721,0.8593845777257721,0.8593845777257721,0.8593845777257721,0.9759384577725772,0.9759384577725772,0.9759384577725772,0.9759384577725772,41.18048715748407,41.18048715748407,41.18048715748407,41.18048715748407,164.7219486299363,3953.3267671184713,0.0806804736405404,4.159645167422634e-05,0.17
1930-05-16,1930-05-27,2037.2697,1.0148234027606982,2067.468969295266,0.17,1930,5,16,1930.05,1929,8,228,33,0.1786293189471109,25.81079356578607,0.0124842471394306,0.84,4,Mod_Dry,47,10,10,10,115,192.0,0.0928671737527681,1875.468969295266,1100.0,,4,275.0,275.0,275.0,275.0,775.4689692952661,53.0,8.0,15.0,40.38900881746178,659.0799604778044,100.0,18.0,25.0,50.38900881746178,774.0799604778044,1243.0,990.0,971.2628561327816,18.737143867218265,0.9262894125183112,0.48,988.5937105874816,0.5349,0.5349,0.5349,0.5349,16.795954454699988,16.795954454699988,16.795954454699988,16.795954454699988,,0.927768853184406,0.927768853184406,0.927768853184406,0.927768853184406,42.02578844930464,42.02578844930464,42.02578844930464,42.02578844930464,0.8559223716762655,0.8559223716762655,0.8559223716762655,0.8559223716762655,0.9755922371676266,0.9755922371676266,0.9755922371676266,0.9755922371676266,41.00003297199051,41.00003297199051,41.00003297199051,41.00003297199051,164.00013188796203,3936.0031653110887,0.0793241080391472,4.141417471918233e-05,0.17
1930-05-17,1930-05-28,2075.5648,1.01276353090847,2102.056335477332,0.166,1930,5,17,1930.05,1929,8,229,33,0.1816176673852414,34.58736618206558,0.0164540624332085,0.84,4,Mod_Dry,47,10,10,10,115,192.0,0.0913391314778444,1910.056335477332,1100.0,,4,275.0,275.0,275.0,275.0,810.0563354773321,53.0,8.0,15.0,42.19043413944439,691.8659013378879,100.0,18.0,25.0,52.19043413944439,806.8659013378879,1243.0,990.0,971.3463428787384,18.65365712126163,0.9262894125183112,0.48,988.5937105874816,0.5349,0.5349,0.5349,0.5349,16.712467708743354,16.712467708743354,16.712467708743354,16.712467708743354,,0.9273530891895418,0.9273530891895418,0.9273530891895418,0.9273530891895418,41.79815358995128,41.79815358995128,41.79815358995128,41.79815358995128,0.8512862238279282,0.8512862238279282,0.8512862238279282,0.8512862238279282,0.9751286223827929,0.9751286223827929,0.9751286223827929,0.9751286223827929,40.75857592831357,40.75857592831357,40.75857592831357,40.75857592831357,163.03430371325427,3912.8232891181024,0.0775594359492904,4.117027871546825e-05,0.165
1930-05-18,1930-05-29,2140.3921,1.0098948620755834,2161.5709846171685,0.159,1930,5,18,1930.05,1929,8,230,33,0.1867597330709233,59.51464913983682,0.0275330533039965,0.84,4,Mod_Dry,47,10,10,10,115,192.0,0.0888242863021242,1969.5709846171685,1100.0,,4,275.0,275.0,275.0,275.0,869.5709846171685,52.99999999999997,8.0,15.0,45.290155448810864,748.2808291683577,100.0,18.0,25.0,55.290155448810864,863.2808291683577,1243.0,990.0,971.4899989283864,18.510001071613715,0.9262894125183112,0.48,988.5937105874816,0.5349,0.5349,0.5349,0.5349,16.568811659095438,16.568811659095438,16.568811659095438,16.568811659095438,,0.9266376820622952,0.9266376820622952,0.9266376820622952,0.9266376820622952,41.40689943250229,41.40689943250229,41.40689943250229,41.40689943250229,0.8433177073829388,0.8433177073829388,0.8433177073829388,0.8433177073829388,0.9743317707382938,0.9743317707382938,0.9743317707382938,0.9743317707382938,40.34405764485241,40.34405764485241,40.34405764485241,40.34405764485241,161.37623057940965,3873.029533905832,0.0746569193090786,4.07515733786388e-05,0.16
1930-05-19,1930-05-30,2166.6756,1.0097605349112566,2187.823512835168,0.156,1930,5,19,1930.05,1929,8,231,33,0.1890279515089585,26.252528217999497,0.011999381149341,0.84,4,Mod_Dry,47,10,10,10,115,192.0,0.0877584498354668,1995.823512835168,1100.0,,4,275.0,275.0,275.0,275.0,895.823512835168,52.99999999999997,8.0,15.0,46.65747462683167,773.1660382083364,100.0,18.0,25.0,56.65747462683167,888.1660382083364,1243.0,990.0,971.553367099947,18.446632900053032,0.9262894125183112,0.48,988.5937105874816,0.5349,0.5349,0.5349,0.5349,16.505443487534755,16.505443487534755,16.505443487534755,16.505443487534755,,0.9263221085679232,0.9263221085679232,0.9263221085679232,0.9263221085679232,41.2344893656397,41.2344893656397,41.2344893656397,41.2344893656397,0.8398063007258595,0.8398063007258595,0.8398063007258595,0.8398063007258595,0.973980630072586,0.973980630072586,0.973980630072586,0.973980630072586,40.1615939330671,40.1615939330671,40.1615939330671,40.1615939330671,160.6463757322684,3855.5130175744416,0.0734274838851554,4.056726659905768e-05,0.155
1930-05-20,1930-05-31,2166.6756,1.0097605349112566,2187.823512835168,0.156,1930,5,20,1930.05,1929,8,232,34,0.1890279515089585,0.0,0.0,0.84,4,Mod_Dry,47,10,10,10,115,192.0,0.0877584498354668,1995.823512835168,1100.0,,4,275.0,275.0,275.0,275.0,895.823512835168,52.99999999999997,8.0,15.0,46.65747462683167,773.1660382083364,100.0,18.0,25.0,56.65747462683167,888.1660382083364,1243.0,990.0,971.553367099947,18.446632900053032,0.9262894125183112,0.48,988.5937105874816,0.5349,0.5349,0.5349,0.5349,16.505443487534755,16.505443487534755,16.505443487534755,16.505443487534755,,0.9263221085679232,0.9263221085679232,0.9263221085679232,0.9263221085679232,41.2344893656397,41.2344893656397,41.2344893656397,41.2344893656397,0.8398063007258595,0.8398063007258595,0.8398063007258595,0.8398063007258595,0.973980630072586,0.973980630072586,0.973980630072586,0.973980630072586,40.1615939330671,40.1615939330671,40.1615939330671,40.1615939330671,160.6463757322684,3855.5130175744416,0.0734274838851554,4.056726659905768e-05,0.155
1930-05-21,1930-06-01,2127.3261,1.0131069972131326,2155.2089572641244,0.16,1930,5,21,1930.05,1929,8,233,34,0.1862100539076203,32.61455557104364,0.0151328971889785,0.49,3,Normal,55,13,13,17,178,276.0,0.1280618285617935,1879.2089572641244,1100.0,,4,275.0,275.0,275.0,275.0,779.2089572641244,45.0,5.0,12.0,47.99475461409462,669.2142026500297,100.0,18.0,25.0,64.99475461409462,847.2142026500297,1243.0,990.0,971.4746423106376,18.52535768936241,0.9262894125183112,0.48,988.5937105874816,0.5349,0.5349,0.5349,0.5349,16.58416827684413,16.58416827684413,16.58416827684413,16.58416827684413,,0.9267141580186836,0.9267141580186836,0.9267141580186836,0.9267141580186836,41.44869745730567,41.44869745730567,41.44869745730567,41.44869745730567,0.8441689909838221,0.8441689909838221,0.8441689909838221,0.8441689909838221,0.974416899098382,0.974416899098382,0.974416899098382,0.974416899098382,40.38831124801479,40.38831124801479,40.38831124801479,40.38831124801479,161.55324499205915,3877.27787980942,0.0749594346513568,4.079627398789373e-05,0.16
1930-05-22,1930-06-02,2127.3261,1.0131069972131326,2155.2089572641244,0.16,1930,5,22,1930.05,1929,8,234,34,0.1862100539076203,0.0,0.0,0.49,3,Normal,55,13,13,17,178,276.0,0.1280618285617935,1879.2089572641244,1100.0,,4,275.0,275.0,275.0,275.0,779.2089572641244,45.0,5.0,12.0,47.99475461409462,669.2142026500297,100.0,18.0,25.0,64.99475461409462,847.2142026500297,1243.0,990.0,971.4746423106376,18.52535768936241,0.9262894125183112,0.48,988.5937105874816,0.5349,0.5349,0.5349,0.5349,16.58416827684413,16.58416827684413,16.58416827684413,16.58416827684413,,0.9267141580186836,0.9267141580186836,0.9267141580186836,0.9267141580186836,41.44869745730567,41.44869745730567,41.44869745730567,41.44869745730567,0.8441689909838221,0.8441689909838221,0.8441689909838221,0.8441689909838221,0.974416899098382,0.974416899098382,0.974416899098382,0.974416899098382,40.38831124801479,40.38831124801479,40.38831124801479,40.38831124801479,161.55324499205915,3877.27787980942,0.0749594346513568,4.079627398789373e-05,0.16
1930-05-23,1930-06-03,2127.3261,1.0131069972131326,2155.2089572641244,0.16,1930,5,23,1930.05,1929,8,235,34,0.1862100539076203,0.0,0.0,0.49,3,Normal,55,13,13,17,178,276.0,0.1280618285617935,1879.2089572641244,1100.0,,4,275.0,275.0,275.0,275.0,779.2089572641244,45.0,5.0,12.0,47.99475461409462,669.2142026500297,100.0,18.0,25.0,64.99475461409462,847.2142026500297,1243.0,990.0,971.4746423106376,18.52535768936241,0.9262894125183112,0.48,988.5937105874816,0.5349,0.5349,0.5349,0.5349,16.58416827684413,16.58416827684413,16.58416827684413,16.58416827684413,,0.9267141580186836,0.9267141580186836,0.9267141580186836,0.9267141580186836,41.44869745730567,41.44869745730567,41.44869745730567,41.44869745730567,0.8441689909838221,0.8441689909838221,0.8441689909838221,0.8441689909838221,0.974416899098382,0.974416899098382,0.974416899098382,0.974416899098382,40.38831124801479,40.38831124801479,40.38831124801479,40.38831124801479,161.55324499205915,3877.27787980942,0.0749594346513568,4.079627398789373e-05,0.16
1930-05-24,1930-06-04,2088.4298,1.0116219640558364,2112.7014560687376,0.165,1930,5,24,1930.05,1929,8,236,34,0.1825374058043389,42.5075011953868,0.0201199753392908,0.49,3,Normal,55,13,13,17,178,276.0,0.1306384293943612,1836.7014560687376,1100.0,,4,275.0,275.0,275.0,275.0,736.7014560687376,45.0,5.0,12.0,45.376538960755575,629.3249171079821,100.0,18.0,25.0,62.376538960755575,807.3249171079821,1243.0,990.0,971.3720379974072,18.627962002592653,0.9262894125183112,0.48,988.5937105874816,0.5349,0.5349,0.5349,0.5349,16.686772590074376,16.686772590074376,16.686772590074376,16.686772590074376,,0.9272251274985704,0.9272251274985704,0.9272251274985704,0.9272251274985704,41.728130990051554,41.728130990051554,41.728130990051554,41.728130990051554,0.8498601016303778,0.8498601016303778,0.8498601016303778,0.8498601016303778,0.9749860101630378,0.9749860101630378,0.9749860101630378,0.9749860101630378,40.68434394555098,40.68434394555098,40.68434394555098,40.68434394555098,162.7373757822039,3905.697018772894,0.0770280984635763,4.109529691469796e-05,0.165
1930-05-25,1930-06-05,2049.9848,1.0130719634467324,2076.782126371957,0.1689999999999999,1930,5,25,1930.05,1929,8,237,34,0.1794339757185371,35.919329696780096,0.0172956658479767,0.49,3,Normal,55,13,13,17,178,276.0,0.1328979080160706,1800.782126371957,1100.0,,4,275.0,275.0,275.0,275.0,700.782126371957,45.0,5.0,12.0,43.16411647943214,595.6180098925249,100.0,18.0,25.0,60.16411647943214,773.6180098925249,1243.0,990.0,971.2853361671048,18.71466383289521,0.9262894125183112,0.48,988.5937105874816,0.5349,0.5349,0.5349,0.5349,16.773474420376935,16.773474420376935,16.773474420376935,16.773474420376935,,0.9276569026134772,0.9276569026134772,0.9276569026134772,0.9276569026134772,41.96447599583736,41.96447599583736,41.96447599583736,41.96447599583736,0.8546736455364025,0.8546736455364025,0.8546736455364025,0.8546736455364025,0.9754673645536402,0.9754673645536402,0.9754673645536402,0.9754673645536402,40.93497680453397,40.93497680453397,40.93497680453397,40.93497680453397,163.73990721813587,3929.757773235261,0.078843083797231,4.134846141872118e-05,0.17
1930-05-26,1930-06-06,2037.2697,1.0148234027606982,2067.468969295266,0.17,1930,5,26,1930.05,1929,8,238,34,0.1786293189471109,9.313157076691368,0.004504617585562,0.49,3,Normal,55,13,13,17,178,276.0,0.1334965622696042,1791.468969295266,1100.0,,4,275.0,275.0,275.0,275.0,691.4689692952661,45.0,5.0,12.0,42.59047999282436,586.8784893024418,100.0,18.0,25.0,59.59047999282436,764.8784893024418,1243.0,990.0,971.2628561327816,18.737143867218265,0.9262894125183112,0.48,988.5937105874816,0.5349,0.5349,0.5349,0.5349,16.795954454699988,16.795954454699988,16.795954454699988,16.795954454699988,,0.927768853184406,0.927768853184406,0.927768853184406,0.927768853184406,42.02578844930464,42.02578844930464,42.02578844930464,42.02578844930464,0.8559223716762655,0.8559223716762655,0.8559223716762655,0.8559223716762655,0.9755922371676266,0.9755922371676266,0.9755922371676266,0.9755922371676266,41.00003297199051,41.00003297199051,41.00003297199051,41.00003297199051,164.00013188796203,3936.0031653110887,0.0793241080391472,4.141417471918233e-05,0.17
1930-05-27,1930-06-07,2024.6043,1.0084233130046596,2041.65817572948,0.172,1930,5,27,1930.05,1929,8,239,35,0.176399266383027,25.81079356578607,0.0126420739145346,0.49,3,Normal,55,13,13,17,178,276.0,0.1351842356771528,1765.65817572948,1100.0,,4,275.0,275.0,275.0,275.0,665.65817572948,45.0,5.0,12.0,41.00068473696073,562.6574909925193,100.0,18.0,25.0,58.00068473696073,740.6574909925193,1243.0,990.0,971.200554217278,18.79944578272193,0.9262894125183112,0.48,988.5937105874816,0.5349,0.5349,0.5349,0.5349,16.858256370203655,16.858256370203655,16.858256370203655,16.858256370203655,,0.9280791167236142,0.9280791167236142,0.9280791167236142,0.9280791167236142,42.19578276633541,42.19578276633541,42.19578276633541,42.19578276633541,0.8593845777257721,0.8593845777257721,0.8593845777257721,0.8593845777257721,0.9759384577725772,0.9759384577725772,0.9759384577725772,0.9759384577725772,41.18048715748407,41.18048715748407,41.18048715748407,41.18048715748407,164.7219486299363,3953.3267671184713,0.0806804736405404,4.159645167422634e-05,0.17
1930-05-28,1930-06-08,1949.6538,1.008719832298274,1966.6544541756928,0.18,1930,5,28,1930.05,1929,8,240,35,0.1699189448407798,75.00372155378727,0.0381377223612088,0.49,3,Normal,55,13,13,17,178,276.0,0.1403398545250203,1690.6544541756928,1100.0,,4,275.0,275.0,275.0,275.0,590.6544541756928,44.99999999999999,5.0,12.0,36.38089029343036,492.2735638822624,100.0,18.0,25.0,53.38089029343036,670.2735638822624,1243.0,990.0,970.9922682365676,19.00773176343239,0.9262894125183112,0.48,988.5937105874816,0.5349,0.5349,0.5349,0.5349,17.066542350914112,17.066542350914112,17.066542350914112,17.066542350914112,,0.929126694971944,0.929126694971944,0.929126694971944,0.929126694971944,42.76533458496847,42.76533458496847,42.76533458496847,42.76533458496847,0.8709844110991541,0.8709844110991541,0.8709844110991541,0.8709844110991541,0.9770984411099154,0.9770984411099154,0.9770984411099154,0.9770984411099154,41.78594175651664,41.78594175651664,41.78594175651664,41.78594175651664,167.14376702606657,4011.450408625597,0.0849888838739205,4.220802197627943e-05,0.18
1930-05-29,1930-06-09,1937.3349,1.0078456066936932,1952.5344676593647,0.182,1930,5,29,1930.05,1929,8,241,35,0.1686989780057691,14.119986516327572,0.0072316195950456,0.49,3,Normal,55,13,13,17,178,276.0,0.1413547389669693,1676.5344676593647,1100.0,,4,275.0,275.0,275.0,275.0,576.5344676593647,45.0,4.9999999999999964,11.999999999999996,35.511180979018846,479.0232866803459,100.0,18.0,25.0,52.511180979018846,657.0232866803459,1243.0,990.0,970.9466498185918,19.053350181408177,0.9262894125183112,0.48,988.5937105874816,0.5349,0.5349,0.5349,0.5349,17.1121607688899,17.1121607688899,17.1121607688899,17.1121607688899,,0.9293609455482496,0.9293609455482496,0.9293609455482496,0.9293609455482496,42.89045597448777,42.89045597448777,42.89045597448777,42.89045597448777,0.8735327082380401,0.8735327082380401,0.8735327082380401,0.8735327082380401,0.977353270823804,0.977353270823804,0.977353270823804,0.977353270823804,41.91912743378999,41.91912743378999,41.91912743378999,41.91912743378999,167.67650973515995,4024.236233643839,0.0858763379148769,4.234255296342423e-05,0.18
1930-05-30,1930-06-10,1912.8444,1.0019327227762016,1916.5413979392097,0.185,1930,5,30,1930.05,1929,8,242,35,0.1655891767819477,35.993069720155525,0.0187802203275429,0.49,3,Normal,55,13,13,17,178,276.0,0.1440094121091113,1640.5413979392097,1100.0,,4,275.0,275.0,275.0,275.0,540.5413979392097,45.000000000000014,5.0,12.0,33.29421653973393,445.2471813994757,100.0,18.0,25.0,50.29421653973393,623.2471813994757,1243.0,990.0,970.830364516419,19.169635483581036,0.9262894125183112,0.48,988.5937105874816,0.5349,0.5349,0.5349,0.5349,17.228446071062756,17.228446071062756,17.228446071062756,17.228446071062756,,0.9299580705749072,0.9299580705749072,0.9299580705749072,0.9299580705749072,43.20966197489292,43.20966197489292,43.20966197489292,43.20966197489292,0.8800338487758231,0.8800338487758231,0.8800338487758231,0.8800338487758231,0.9780033848775824,0.9780033848775824,0.9780033848775824,0.9780033848775824,42.25919567086143,42.25919567086143,42.25919567086143,42.25919567086143,169.03678268344572,4056.882784402697,0.0881988684748501,4.2686056233193365e-05,0.185
1930-05-31,1930-06-11,1864.4507,0.9977817706837708,1860.314920798596,0.19,1930,5,31,1930.05,1929,8,243,35,0.1607312091569987,56.22647714061373,0.0302241714625805,0.49,3,Normal,55,13,13,17,178,276.0,0.1483619772729225,1584.314920798596,1100.0,,4,275.0,275.0,275.0,275.0,484.314920798596,45.0,5.0,12.0,29.830991498464243,392.4839293001317,100.0,18.0,25.0,46.83099149846424,570.4839293001316,1243.0,990.0,970.6487097441186,19.351290255881395,0.9262894125183112,0.48,988.5937105874816,0.5349,0.5349,0.5349,0.5349,17.410100843363118,17.410100843363118,17.410100843363118,17.410100843363118,,0.9308908678306697,0.9308908678306697,0.9308908678306697,0.9308908678306697,43.70905829814181,43.70905829814181,43.70905829814181,43.70905829814181,0.8902048533226438,0.8902048533226438,0.8902048533226438,0.8902048533226438,0.9790204853322644,0.9790204853322644,0.9790204853322644,0.9790204853322644,42.79206346846304,42.79206346846304,42.79206346846304,42.79206346846304,171.16825387385214,4108.038092972452,0.0920103644604285,4.3224306533801046e-05,0.19
1930-06-01,1930-06-12,1840.5463,0.9955175444855696,1832.2961330880007,0.193,1930,6,1,1930.06,1929,9,244,35,0.1583103858988032,28.01878771059524,0.0152916262849797,0.42,3,Normal,53,12,12,13,120,210.0,0.1146102948141266,1622.2961330880007,1100.0,,4,275.0,275.0,275.0,275.0,522.2961330880007,47.0,5.9999999999999964,12.999999999999996,32.33261776259052,423.96351532541007,100.0,18.0,25.0,45.33261776259052,543.9635153254101,1243.0,990.0,970.5581875068996,19.441812493100315,0.9262894125183112,0.48,988.5937105874816,0.5349,0.5349,0.5349,0.5349,17.500623080582038,17.500623080582038,17.500623080582038,17.500623080582038,,0.9313556995187888,0.9313556995187888,0.9313556995187888,0.9313556995187888,43.95825876689554,43.95825876689554,43.95825876689554,43.95825876689554,0.8952802192850415,0.8952802192850415,0.8952802192850415,0.8952802192850415,0.979528021928504,0.979528021928504,0.979528021928504,0.979528021928504,43.05834625735851,43.05834625735851,43.05834625735851,43.05834625735851,172.23338502943403,4133.601240706417,0.0939986620717067,4.349327904783688e-05,0.195
1930-06-02,1930-06-13,1828.6668,0.9885857895968824,1807.794012387604,0.195,1930,6,2,1930.06,1929,9,245,35,0.1561934026702889,24.50212070039675,0.0135536020876826,0.42,3,Normal,53,12,12,13,120,210.0,0.1161636771451893,1597.794012387604,1100.0,,4,275.0,275.0,275.0,275.0,497.794012387604,47.0,5.9999999999999964,12.999999999999996,30.81581981447072,400.9781925731333,100.0,18.0,25.0,43.81581981447072,520.9781925731332,1243.0,990.0,970.4790268092522,19.52097319074778,0.9262894125183112,0.48,988.5937105874816,0.5349,0.5349,0.5349,0.5349,17.579783778229505,17.579783778229505,17.579783778229505,17.579783778229505,,0.9317621897012084,0.9317621897012084,0.9317621897012084,0.9317621897012084,44.176367847195,44.176367847195,44.176367847195,44.176367847195,0.8997223594133401,0.8997223594133401,0.8997223594133401,0.8997223594133401,0.979972235941334,0.979972235941334,0.979972235941334,0.979972235941334,43.29161397498254,43.29161397498254,43.29161397498254,43.29161397498254,173.16645589993016,4155.994941598324,0.0957888203596959,4.372890300503287e-05,0.195
1930-06-03,1930-06-14,1816.8359,0.9916635128780744,1801.689870916998,0.196,1930,6,3,1930.06,1929,9,246,36,0.1556660048472286,6.1041414706060095,0.0033880089848644,0.42,3,Normal,53,12,12,13,120,210.0,0.1165572407270721,1591.689870916998,1100.0,,4,275.0,275.0,275.0,275.0,491.689870916998,46.99999999999999,6.0,13.0,30.43794439009988,395.25192652689816,100.0,18.0,25.0,43.43794439009987,515.2519265268982,1243.0,990.0,970.4593057368088,19.5406942631912,0.9262894125183112,0.48,988.5937105874816,0.5349,0.5349,0.5349,0.5349,17.599504850672922,17.599504850672922,17.599504850672922,17.599504850672922,,0.9318634574082054,0.9318634574082054,0.9318634574082054,0.9318634574082054,44.230731728599125,44.230731728599125,44.230731728599125,44.230731728599125,0.9008295667739128,0.9008295667739128,0.9008295667739128,0.9008295667739128,0.98,0.98,0.98,0.98,43.34611709402714,43.34611709402714,43.34611709402714,43.34611709402714,173.38446837610857,4161.227241026606,0.0962343581849976,4.378395666063348e-05,0.195
1930-06-04,1930-06-15,1769.9945,0.9864250135611264,1745.9668486656192,0.202,1930,6,4,1930.06,1929,9,247,36,0.1508515357247095,55.72302225137879,0.0319152808049969,0.42,3,Normal,53,12,12,13,120,210.0,0.1202771977947322,1535.9668486656192,1100.0,,4,275.0,275.0,275.0,275.0,435.9668486656192,46.99999999999999,6.0,13.0,26.988423965014523,342.97842470060465,100.0,18.0,25.0,39.98842396501452,462.9784247006047,1243.0,990.0,970.2792775110736,19.720722488926413,0.9262894125183112,0.48,988.5937105874816,0.5349,0.5349,0.5349,0.5349,17.779533076408136,17.779533076408136,17.779533076408136,17.779533076408136,,0.9327879023473558,0.9327879023473558,0.9327879023473558,0.9327879023473558,44.72750260272614,44.72750260272614,44.72750260272614,44.72750260272614,0.9109470998518562,0.9109470998518562,0.9109470998518562,0.9109470998518562,0.98,0.98,0.98,0.98,43.832952550671614,43.832952550671614,43.832952550671614,43.832952550671614,175.33181020268646,4207.963444864475,0.1004210419783665,4.427570964714304e-05,0.2
1930-06-05,1930-06-16,1758.4044,0.981668277899988,1726.1698191997614,0.204,1930,6,5,1930.06,1929,9,248,36,0.1491410723788594,19.797029465857804,0.0114687612108961,0.42,3,Normal,53,12,12,13,120,210.0,0.1216566282553557,1516.1698191997614,1100.0,,4,275.0,275.0,275.0,275.0,416.1698191997614,47.0,6.0,13.0,25.76289356950904,324.4069256302523,100.0,18.0,25.0,38.76289356950904,444.4069256302523,1243.0,990.0,970.2153178774146,19.784682122585423,0.9262894125183112,0.48,988.5937105874816,0.5349,0.5349,0.5349,0.5349,17.843492710067146,17.843492710067146,17.843492710067146,17.843492710067146,,0.9331163350661948,0.9331163350661948,0.9331163350661948,0.9331163350661948,44.904209282423466,44.904209282423466,44.904209282423466,44.904209282423466,0.9145460138986448,0.9145460138986448,0.9145460138986448,0.9145460138986448,0.98,0.98,0.98,0.98,44.006125096774994,44.006125096774994,44.006125096774994,44.006125096774994,176.02450038709998,4224.588009290399,0.1019740343210864,4.445063141088383e-05,0.205
1930-06-06,1930-06-17,1735.3679,0.9841314895494252,1707.8301963432584,0.206,1930,6,6,1930.06,1929,9,249,36,0.1475565289640575,18.339622856502963,0.0107385516989751,0.42,3,Normal,53,12,12,13,120,210.0,0.1229630442473988,1497.8301963432584,1100.0,,4,275.0,275.0,275.0,275.0,397.8301963432584,46.99999999999999,5.9999999999999964,12.999999999999996,24.62758358315409,307.2026127601044,100.0,18.0,25.0,37.62758358315409,427.20261276010433,1243.0,990.0,970.156066788186,19.843933211814036,0.9262894125183112,0.48,988.5937105874816,0.5349,0.5349,0.5349,0.5349,17.902743799295756,17.902743799295756,17.902743799295756,17.902743799295756,,0.9334205894093838,0.9334205894093838,0.9334205894093838,0.9334205894093838,45.06800837019168,45.06800837019168,45.06800837019168,45.06800837019168,0.9178820441994232,0.9178820441994232,0.9178820441994232,0.9178820441994232,0.98,0.98,0.98,0.98,44.16664820278785,44.16664820278785,44.16664820278785,44.16664820278785,176.6665928111514,4239.998227467633,0.1034450574708324,4.4612775962411966e-05,0.205
1930-06-07,1930-06-18,1712.5226,0.9796730877109254,1677.712303316742,0.209,1930,6,7,1930.06,1929,9,250,36,0.1449543430065665,30.11789302651641,0.0179517626275822,0.42,3,Normal,53,12,12,13,120,210.0,0.125170447629693,1467.712303316742,1100.0,,4,275.0,275.0,275.0,275.0,367.712303316742,47.0,5.9999999999999964,12.999999999999996,22.763142586274505,278.9491607304675,100.0,18.0,25.0,35.763142586274505,398.9491607304675,1243.0,990.0,970.0587628261004,19.941237173899708,0.9262894125183112,0.48,988.5937105874816,0.5349,0.5349,0.5349,0.5349,18.00004776138143,18.00004776138143,18.00004776138143,18.00004776138143,,0.9339201504483516,0.9339201504483516,0.9339201504483516,0.9339201504483516,45.3372106349255,45.3372106349255,45.3372106349255,45.3372106349255,0.9233647787153868,0.9233647787153868,0.9233647787153868,0.9233647787153868,0.98,0.98,0.98,0.98,44.430466422226985,44.430466422226985,44.430466422226985,44.430466422226985,177.72186568890794,4265.324776533791,0.1059310737231657,4.4879259012350496e-05,0.21
1930-06-08,1930-06-19,1678.6114,0.9718781251926132,1631.4057003589478,0.215,1930,6,8,1930.06,1929,9,251,36,0.1409534525110131,46.30660295779421,0.0283844802967193,0.42,3,Normal,53,12,12,13,120,210.0,0.1287233457341696,1421.4057003589478,1100.0,,4,275.0,275.0,275.0,275.0,321.4057003589478,47.000000000000014,6.0,13.0,19.896543355553916,235.50915700339385,100.0,18.0,25.0,32.89654335555392,355.50915700339385,1243.0,990.0,969.9091568780829,20.09084312191726,0.9262894125183112,0.48,988.5937105874816,0.5349,0.5349,0.5349,0.5349,18.149653709398983,18.149653709398983,18.149653709398983,18.149653709398983,,0.934391409184607,0.934391409184607,0.934391409184607,0.934391409184607,45.73709463838924,45.73709463838924,45.73709463838924,45.73709463838924,0.9315090557716748,0.9315090557716748,0.9315090557716748,0.9315090557716748,0.98,0.98,0.98,0.98,44.82235274562145,44.82235274562145,44.82235274562145,44.82235274562145,179.2894109824858,4302.945863579659,0.1098987277922578,4.527510378345601e-05,0.215
1930-06-09,1930-06-20,1656.2409,0.9717907482149442,1609.5195834351923,0.217,1930,6,9,1930.06,1929,9,252,36,0.1390624920088006,21.886116923755253,0.0135979189995587,0.42,3,Normal,53,12,12,13,120,210.0,0.1304737153628151,1399.5195834351923,1100.0,,4,275.0,275.0,275.0,275.0,299.5195834351923,47.0,6.0,13.0,18.541688498369048,214.97789493682325,100.0,18.0,25.0,31.541688498369048,334.97789493682325,1243.0,990.0,969.8384478849443,20.161552115055542,0.9262894125183112,0.48,988.5937105874816,0.5349,0.5349,0.5349,0.5349,18.220362702537265,18.220362702537265,18.220362702537265,18.220362702537265,,0.9346141425129924,0.9346141425129924,0.9346141425129924,0.9346141425129924,45.92622611954096,45.92622611954096,45.92622611954096,45.92622611954096,0.9353610207645816,0.9353610207645816,0.9353610207645816,0.9353610207645816,0.98,0.98,0.98,0.98,45.00770159715015,45.00770159715015,45.00770159715015,45.00770159715015,180.03080638860058,4320.739353326414,0.1118537532823064,4.546232484560621e-05,0.215
1930-06-10,1930-06-21,1612.0655,0.96221627423111,1551.1556592265113,0.223,1930,6,10,1930.06,1929,9,253,37,0.1340198489571705,58.36392420868128,0.0376260911414813,0.42,3,Normal,53,12,12,13,120,210.0,0.135382931268624,1341.1556592265113,1100.0,,4,275.0,275.0,275.0,275.0,241.1556592265113,47.0,6.0,13.0,14.928683666403078,160.2269755601082,100.0,18.0,25.0,27.92868366640308,280.2269755601082,1243.0,990.0,969.649887514424,20.35011248557589,0.9262894125183112,0.48,988.5937105874816,0.5349,0.5349,0.5349,0.5349,18.40892307305761,18.40892307305761,18.40892307305761,18.40892307305761,,0.9352081076801314,0.9352081076801314,0.9352081076801314,0.9352081076801314,46.43100022941105,46.43100022941105,46.43100022941105,46.43100022941105,0.94564155253383,0.94564155253383,0.94564155253383,0.94564155253383,0.98,0.98,0.98,0.98,45.50238022482283,45.50238022482283,45.50238022482283,45.50238022482283,182.0095208992913,4368.228501582991,0.1173380117054473,4.596200022709376e-05,0.225
1930-06-11,1930-06-22,1612.0655,0.96221627423111,1551.1556592265113,0.223,1930,6,11,1930.06,1929,9,254,37,0.1340198489571705,0.0,0.0,0.34,2,Mod_Wet,62,12,14,16,153,257.0,0.1656829206477922,1294.1556592265113,1100.0,,4,275.0,275.0,275.0,275.0,194.1556592265113,38.0,6.000000000000002,10.576572876152364,12.087511858459845,127.49157449189906,100.0,18.0,24.576572876152365,28.087511858459845,280.4915744918991,1242.5765728761523,990.0,969.649887514424,20.35011248557589,0.9251925947102516,0.48,988.5948074052898,0.5349,0.5349,0.5349,0.5349,18.410019890865662,18.410019890865662,18.410019890865662,18.410019890865662,,0.935211562656227,0.935211562656227,0.935211562656227,0.935211562656227,46.43393816623809,46.43393816623809,46.43393816623809,46.43393816623809,0.9457013883144214,0.9457013883144214,0.9457013883144214,0.9457013883144214,0.98,0.98,0.98,0.98,45.50525940291333,45.50525940291333,45.50525940291333,45.50525940291333,182.02103761165333,4368.50490267968,0.1173454363067718,4.596490848779125e-05,0.225
1930-06-12,1930-06-23,1590.2593,0.9608539838546808,1528.006983766956,0.227,1930,6,12,1930.06,1929,9,255,37,0.132019803397465,23.148675459555307,0.0151495874727532,0.34,2,Mod_Wet,62,12,14,16,153,257.0,0.1681929485468872,1271.006983766956,1100.0,,4,275.0,275.0,275.0,275.0,171.00698376695595,37.99999999999999,6.0,9.315555535943126,10.646349183935,107.04507904707783,100.0,18.0,23.31555553594313,26.646349183935,260.0450790470778,1241.315555535943,990.0,969.5750994860164,20.42490051398363,0.9219261382243163,0.48,988.5980738617756,0.5349,0.5349,0.5349,0.5349,18.488074375759304,18.488074375759304,18.488074375759304,18.488074375759304,,0.9354574342836418,0.9354574342836418,0.9354574342836418,0.9354574342836418,46.64306744079701,46.64306744079701,46.64306744079701,46.64306744079701,0.949960640342098,0.949960640342098,0.949960640342098,0.949960640342098,0.98,0.98,0.98,0.98,45.71020609198107,45.71020609198107,45.71020609198107,45.71020609198107,182.84082436792428,4388.179784830183,0.1196596784637538,4.617192534543543e-05,0.225
1930-06-13,1930-06-24,1515.4044,0.9482599209629142,1436.9972565708524,0.239,1930,6,13,1930.06,1929,9,256,37,0.1241565629677216,91.00972719610355,0.063333264402524,0.34,2,Mod_Wet,62,12,14,16,153,257.0,0.1788451570278474,1179.9972565708524,1100.0,,4,275.0,275.0,275.0,275.0,79.99725657085241,19.298949056003305,3.735280462452253,4.357827206194295,4.980373949936337,47.62482589626622,81.29894905600331,15.735280462452252,18.35782720619429,20.980373949936336,200.62482589626623,1215.3920567246498,990.0,969.2810680596904,20.71893194030952,0.8675788853102341,0.48,988.6524211146898,0.5349,0.5349,0.5349,0.5349,18.836453054999303,18.836453054999303,18.836453054999303,18.836453054999303,,0.9365548271232478,0.9365548271232478,0.9365548271232478,0.9365548271232478,47.57773110581788,47.57773110581788,47.57773110581788,47.57773110581788,0.9689965601999568,0.9689965601999568,0.9689965601999568,0.9689965601999568,0.98,0.98,0.98,0.98,46.62617648370152,46.62617648370152,46.62617648370152,46.62617648370152,186.50470593480608,4476.112942435346,0.1297877954060035,4.709714796333487e-05,0.24
1930-06-14,1930-06-25,1473.6465,0.944675992155444,1392.1184694738974,0.245,1930,6,14,1930.06,1929,9,257,37,0.1202790357625447,44.878787096954966,0.032237764300272,0.34,2,Mod_Wet,62,12,14,16,153,257.0,0.1846107250463562,1135.1184694738974,1100.0,,4,275.0,275.0,275.0,275.0,35.11846947389745,8.47215995090133,1.6397728937228382,1.9130683760099776,2.186363858297117,20.907104394966183,70.47215995090133,13.63977289372284,15.913068376009978,18.18636385829712,173.90710439496618,1200.025001220634,990.0,969.1360750552234,20.863924944776613,0.8450591146811113,0.48,988.6749408853188,0.5349,0.5349,0.5349,0.5349,19.00396583009546,19.00396583009546,19.00396583009546,19.00396583009546,,0.937082373389898,0.937082373389898,0.937082373389898,0.937082373389898,48.02787846998727,48.02787846998727,48.02787846998727,48.02787846998727,0.9781645309569708,0.9781645309569708,0.9781645309569708,0.9781645309569708,0.98,0.98,0.98,0.98,47.067320900587525,47.067320900587525,47.067320900587525,47.067320900587525,188.2692836023501,4518.462806456402,0.1352394122559841,4.754274838443184e-05,0.245
1930-06-15,1930-06-26,1442.8091,0.9395485585172468,1355.589210120566,0.252,1930,6,15,1930.06,1929,9,258,37,0.1171229077544169,36.52925935333155,0.0269471452565505,0.34,2,Mod_Wet,62,12,14,16,153,257.0,0.1895854570700975,1098.589210120566,1098.589210120566,,4,274.6473025301415,274.6473025301415,274.6473025301415,274.6473025301415,0.0,0.0,0.0,0.0,0.0,0.0,62.0,12.0,14.0,16.0,153.0,1186.589210120566,990.0,969.0180574480818,20.981942551918223,0.8253695304458439,0.4781659731567356,988.6964644963974,0.5335385877663461,0.5335385877663461,0.5335385877663461,0.5335385877663461,19.1448684605493,19.1448684605493,19.1448684605493,19.1448684605493,,0.9375350145747654,0.9375350145747654,0.9375350145747654,0.9375350145747654,48.34526228032766,48.34526228032766,48.34526228032766,48.34526228032766,0.9846285596808078,0.9846285596808078,0.9846285596808078,0.9846285596808078,0.98,0.98,0.98,0.98,47.37835703472111,47.37835703472111,47.37835703472111,47.37835703472111,189.5134281388844,4548.322275333227,0.1398015170997334,4.7918383361593885e-05,0.25
1930-06-16,1930-06-27,1412.3815,0.928274988254288,1311.0784203230735,0.258,1930,6,16,1930.06,1929,9,259,37,0.1132771755159135,44.51078979749241,0.0339497539640109,0.34,2,Mod_Wet,62,12,14,16,153,257.0,0.1960218366927819,1054.0784203230735,1054.0784203230735,,4,263.5196050807684,263.5196050807684,263.5196050807684,263.5196050807684,0.0,0.0,0.0,0.0,0.0,0.0,62.0,12.0,14.0,16.0,153.0,1142.0784203230735,990.0,968.8776750353012,21.12232496469892,0.7601408484450083,0.4203019464199955,988.8195572051352,0.491222538798843,0.491222538798843,0.491222538798843,0.491222538798843,19.45065963103516,19.45065963103516,19.45065963103516,19.45065963103516,,0.9386429463879522,0.9386429463879522,0.9386429463879522,0.9386429463879522,47.18309068423358,47.18309068423358,47.18309068423358,47.18309068423358,0.960959077071967,0.960959077071967,0.960959077071967,0.960959077071967,0.98,0.98,0.98,0.98,46.23942887054891,46.23942887054891,46.23942887054891,46.23942887054891,184.95771548219565,4438.985171572695,0.1410729614759571,4.874129115910728e-05,0.26
1930-06-17,1930-06-28,1392.323,0.9273803807430936,1291.2130338573666,0.261,1930,6,17,1930.06,1929,9,260,38,0.1115608061252764,19.865386465706933,0.0153850572638359,0.34,2,Mod_Wet,62,12,14,16,153,257.0,0.1990376438752626,1034.2130338573666,1034.2130338573666,,4,258.55325846434164,258.55325846434164,258.55325846434164,258.55325846434164,0.0,0.0,0.0,0.0,0.0,0.0,62.0,12.0,14.0,16.0,153.0,1122.2130338573666,990.0,968.8152409635516,21.184759036448327,0.7310289638325203,0.3944769440145765,988.8744940921528,0.4729049259794904,0.4729049259794904,0.4729049259794904,0.4729049259794904,19.586348202621707,19.586348202621707,19.586348202621707,19.586348202621707,,0.93869313968729,0.93869313968729,0.93869313968729,0.93869313968729,46.61930876490887,46.61930876490887,46.61930876490887,46.61930876490887,0.9494767569227874,0.9494767569227874,0.9494767569227874,0.9494767569227874,0.98,0.98,0.98,0.98,45.68692258961069,45.68692258961069,45.68692258961069,45.68692258961069,182.74769035844275,4385.9445686026265,0.1415317887649435,4.908393692589129e-05,0.26
1930-06-18,1930-06-29,1362.5733,0.9145051960029634,1246.0803627849048,0.265,1930,6,18,1930.06,1929,9,261,38,0.1076613433446157,45.13267107246179,0.0362197113608253,0.34,2,Mod_Wet,62,12,14,16,153,257.0,0.2062467298863634,989.0803627849048,989.0803627849048,,4,247.2700906962262,247.2700906962262,247.2700906962262,247.2700906962262,0.0,0.0,0.0,0.0,0.0,0.0,62.0,12.0,14.0,16.0,153.0,1077.0803627849048,990.0,968.6733954258954,21.32660457410464,0.6648889410958361,0.3412642902279238,988.9938467686762,0.4325453174367916,0.4325453174367916,0.4325453174367916,0.4325453174367916,19.88790602534408,19.88790602534408,19.88790602534408,19.88790602534408,,0.9387567840615734,0.9387567840615734,0.9387567840615734,0.9387567840615734,45.27437203811648,45.27437203811648,45.27437203811648,45.27437203811648,0.9220849702264048,0.9220849702264048,0.9220849702264048,0.9220849702264048,0.98,0.98,0.98,0.98,44.36888459735415,44.36888459735415,44.36888459735415,44.36888459735415,177.47553838941658,4259.412921345998,0.1424270405744705,4.984302845212572e-05,0.265
1930-06-19,1930-06-30,1362.5733,0.9145051960029634,1246.0803627849048,0.265,1930,6,19,1930.06,1929,9,262,38,0.1076613433446157,0.0,0.0,0.34,2,Mod_Wet,62,12,14,16,153,257.0,0.2062467298863634,989.0803627849048,989.0803627849048,,4,247.2700906962262,247.2700906962262,247.2700906962262,247.2700906962262,0.0,0.0,0.0,0.0,0.0,0.0,62.0,12.0,14.0,16.0,153.0,1077.0803627849048,990.0,968.6733954258954,21.32660457410464,0.6648889410958361,0.3412642902279238,988.9938467686762,0.4325453174367916,0.4325453174367916,0.4325453174367916,0.4325453174367916,19.88790602534408,19.88790602534408,19.88790602534408,19.88790602534408,,0.9387567840615734,0.9387567840615734,0.9387567840615734,0.9387567840615734,45.27437203811648,45.27437203811648,45.27437203811648,45.27437203811648,0.9220849702264048,0.9220849702264048,0.9220849702264048,0.9220849702264048,0.98,0.98,0.98,0.98,44.36888459735415,44.36888459735415,44.36888459735415,44.36888459735415,177.47553838941658,4259.412921345998,0.1424270405744705,4.984302845212572e-05,0.265
1930-06-20,1930-07-01,1238.2939,0.9143826532177884,1132.2744617454025,0.29,1930,6,20,1930.06,1929,9,263,38,0.0978285134948028,113.80590103950226,0.1005108786645866,0.34,2,Mod_Wet,62,12,14,16,153,257.0,0.2269767699289394,875.2744617454025,875.2744617454025,,4,218.81861543635063,218.81861543635063,218.81861543635063,218.81861543635063,0.0,0.0,0.0,0.0,0.0,0.0,62.0,12.0,14.0,16.0,153.0,963.2744617454024,990.0,968.3157197369142,21.68428026308584,0.5367034715292236,0.250219569396322,989.2130769590744,0.3387613355439599,0.3387613355439599,0.3387613355439599,0.3387613355439599,20.55859588661632,20.55859588661632,20.55859588661632,20.55859588661632,,0.9352004492495491,0.9352004492495491,0.9352004492495491,0.9352004492495491,41.25923029852078,41.25923029852078,41.25923029852078,41.25923029852078,0.8403101893792418,0.8403101893792418,0.8403101893792418,0.8403101893792418,0.9740310189379242,0.9740310189379242,0.9740310189379242,0.9740310189379242,40.18777012826267,40.18777012826267,40.18777012826267,40.18777012826267,160.75108051305068,3858.025932313216,0.1419718327526814,5.10160868069294e-05,0.29
1930-06-21,1930-07-02,1121.4092,0.9368114987301732,1050.5490333418047,0.319,1930,6,21,1930.06,1929,9,264,38,0.0907674364807319,81.72542840359779,0.0777930642072255,0.33,2,Mod_Wet,62,12,14,16,153,257.0,0.2446339883655701,793.5490333418047,793.5490333418047,,4,198.3872583354512,198.3872583354512,198.3872583354512,198.3872583354512,0.0,0.0,0.0,0.0,0.0,0.0,62.0,12.0,14.0,16.0,153.0,881.5490333418047,990.0,968.0588683905028,21.941131609497237,0.4619235942790924,0.1867745166709023,989.35130188905,0.2784843233392632,0.2784843233392632,0.2784843233392632,0.2784843233392632,21.013949175207948,21.013949175207948,21.013949175207948,21.013949175207948,,0.930761234686016,0.930761234686016,0.930761234686016,0.930761234686016,38.05383578120016,38.05383578120016,38.05383578120016,38.05383578120016,0.7750272053197588,0.7750272053197588,0.7750272053197588,0.7750272053197588,0.97,0.97,0.97,0.97,36.91222070776415,36.91222070776415,36.91222070776415,36.91222070776415,147.6488828310566,3543.5731879453583,0.1405444944929265,5.168373577555181e-05,0.32
1930-06-22,1930-07-03,1130.1421,0.9379332643780708,1059.9978690640885,0.316,1930,6,22,1930.06,1929,9,265,38,0.0915838158871372,9.448835722283777,0.0089140138844113,0.33,2,Mod_Wet,62,12,14,16,153,257.0,0.2424533175966805,802.9978690640885,802.9978690640885,,4,200.74946726602207,200.74946726602207,200.74946726602207,200.74946726602207,0.0,0.0,0.0,0.0,0.0,0.0,62.0,12.0,14.0,16.0,153.0,890.9978690640885,990.0,968.0885647313444,21.911435268655737,0.4705694073298311,0.1923982952512708,989.337032297419,0.2851434763808232,0.2851434763808232,0.2851434763808232,0.2851434763808232,20.963324089693916,20.963324089693916,20.963324089693916,20.963324089693916,,0.9314832371290228,0.9314832371290228,0.9314832371290228,0.9314832371290228,38.443975626674806,38.443975626674806,38.443975626674806,38.443975626674806,0.7829730270198535,0.7829730270198535,0.7829730270198535,0.7829730270198535,0.97,0.97,0.97,0.97,37.29065635787456,37.29065635787456,37.29065635787456,37.29065635787456,149.16262543149824,3579.903010355958,0.1407197408455164,5.159921864818015e-05,0.315
1930-06-23,1930-07-04,1112.7189,0.9371977043562544,1042.8375986738165,0.321,1930,6,23,1930.06,1929,9,266,38,0.0901011685254177,17.160270390272213,0.0164553621887962,0.33,2,Mod_Wet,62,12,14,16,153,257.0,0.2464429747516091,785.8375986738165,785.8375986738165,,4,196.45939966845413,196.45939966845413,196.45939966845413,196.45939966845413,0.0,0.0,0.0,0.0,0.0,0.0,62.0,12.0,14.0,16.0,153.0,873.8375986738165,990.0,968.0346324529748,21.965367547025156,0.4548675267960717,0.1829187993369082,989.362213673867,0.2730863190716716,0.2730863190716716,0.2730863190716716,0.2730863190716716,21.054494901820497,21.054494901820497,21.054494901820497,21.054494901820497,,0.9301255319986044,0.9301255319986044,0.9301255319986044,0.9301255319986044,37.73096434089546,37.73096434089546,37.73096434089546,37.73096434089546,0.7684514122381968,0.7684514122381968,0.7684514122381968,0.7684514122381968,0.97,0.97,0.97,0.97,36.5990354106686,36.5990354106686,36.5990354106686,36.5990354106686,146.3961416426744,3513.5073994241857,0.1403824927571151,5.174809015166792e-05,0.32
1930-06-24,1930-07-05,1104.0713,0.9309189777098624,1027.8009259147989,0.324,1930,6,24,1930.06,1929,9,267,39,0.0888019999990386,15.03667275901762,0.0146299466948175,0.33,2,Mod_Wet,62,12,14,16,153,257.0,0.2500484223355373,770.8009259147989,770.8009259147989,,4,192.7002314786997,192.7002314786997,192.7002314786997,192.7002314786997,0.0,0.0,0.0,0.0,0.0,0.0,62.0,12.0,14.0,16.0,153.0,858.8009259147989,990.0,967.9873743385892,22.01262566141065,0.4411087669445268,0.1754004629573994,989.383490770098,0.2627446296220632,0.2627446296220632,0.2627446296220632,0.2627446296220632,21.133371801886568,21.133371801886568,21.133371801886568,21.133371801886568,,0.928881313061494,0.928881313061494,0.928881313061494,0.928881313061494,37.09795375455255,37.09795375455255,37.09795375455255,37.09795375455255,0.7555591396039215,0.7555591396039215,0.7555591396039215,0.7555591396039215,0.97,0.97,0.97,0.97,35.98501514191597,35.98501514191597,35.98501514191597,35.98501514191597,143.9400605676639,3454.5614536239336,0.1400466344584671,5.187247292189165e-05,0.325
1930-06-25,1930-07-06,1086.9032,0.940956999887256,1022.729174239858,0.328,1930,6,25,1930.06,1929,9,268,39,0.0883638006543237,5.071751674940742,0.0049590368620415,0.33,2,Mod_Wet,62,12,14,16,153,257.0,0.2512884216791947,765.729174239858,765.729174239858,,4,191.4322935599645,191.4322935599645,191.4322935599645,191.4322935599645,0.0,0.0,0.0,0.0,0.0,0.0,62.0,12.0,14.0,16.0,153.0,853.729174239858,990.0,967.971434547611,22.02856545238899,0.4364680452609127,0.172864587119929,989.3906673676192,0.2592958384831034,0.2592958384831034,0.2592958384831034,0.2592958384831034,21.159936981525128,21.159936981525128,21.159936981525128,21.159936981525128,,0.9284602778809894,0.9284602778809894,0.9284602778809894,0.9284602778809894,36.88345534960099,36.88345534960099,36.88345534960099,36.88345534960099,0.7511905366517514,0.7511905366517514,0.7511905366517514,0.7511905366517514,0.97,0.97,0.97,0.97,35.77695168911296,35.77695168911296,35.77695168911296,35.77695168911296,143.10780675645185,3434.5873621548444,0.1399273731120621,5.1914136068958006e-05,0.33
1930-06-26,1930-07-07,1086.9032,0.940956999887256,1022.729174239858,0.328,1930,6,26,1930.06,1929,9,269,39,0.0883638006543237,0.0,0.0,0.33,2,Mod_Wet,62,12,14,16,153,257.0,0.2512884216791947,765.729174239858,765.729174239858,,4,191.4322935599645,191.4322935599645,191.4322935599645,191.4322935599645,0.0,0.0,0.0,0.0,0.0,0.0,62.0,12.0,14.0,16.0,153.0,853.729174239858,990.0,967.971434547611,22.02856545238899,0.4364680452609127,0.172864587119929,989.3906673676192,0.2592958384831034,0.2592958384831034,0.2592958384831034,0.2592958384831034,21.159936981525128,21.159936981525128,21.159936981525128,21.159936981525128,,0.9284602778809894,0.9284602778809894,0.9284602778809894,0.9284602778809894,36.88345534960099,36.88345534960099,36.88345534960099,36.88345534960099,0.7511905366517514,0.7511905366517514,0.7511905366517514,0.7511905366517514,0.97,0.97,0.97,0.97,35.77695168911296,35.77695168911296,35.77695168911296,35.77695168911296,143.10780675645185,3434.5873621548444,0.1399273731120621,5.1914136068958006e-05,0.33
1930-06-27,1930-07-08,1086.9032,0.940956999887256,1022.729174239858,0.328,1930,6,27,1930.06,1929,9,270,39,0.0883638006543237,0.0,0.0,0.33,2,Mod_Wet,62,12,14,16,153,257.0,0.2512884216791947,765.729174239858,765.729174239858,,4,191.4322935599645,191.4322935599645,191.4322935599645,191.4322935599645,0.0,0.0,0.0,0.0,0.0,0.0,62.0,12.0,14.0,16.0,153.0,853.729174239858,990.0,967.971434547611,22.02856545238899,0.4364680452609127,0.172864587119929,989.3906673676192,0.2592958384831034,0.2592958384831034,0.2592958384831034,0.2592958384831034,21.159936981525128,21.159936981525128,21.159936981525128,21.159936981525128,,0.9284602778809894,0.9284602778809894,0.9284602778809894,0.9284602778809894,36.88345534960099,36.88345534960099,36.88345534960099,36.88345534960099,0.7511905366517514,0.7511905366517514,0.7511905366517514,0.7511905366517514,0.97,0.97,0.97,0.97,35.77695168911296,35.77695168911296,35.77695168911296,35.77695168911296,143.10780675645185,3434.5873621548444,0.1399273731120621,5.1914136068958006e-05,0.33
1930-06-28,1930-07-09,1053.0739999999996,0.9224728423044594,971.4321659369264,0.34,1930,6,28,1930.06,1929,9,271,39,0.0839317391369504,51.29700830293154,0.0528055484486213,0.33,2,Mod_Wet,62,12,14,16,153,257.0,0.264557844604753,714.4321659369264,714.4321659369264,,4,178.6080414842316,178.6080414842316,178.6080414842316,178.6080414842316,0.0,0.0,0.0,0.0,0.0,0.0,62.0,12.0,14.0,16.0,153.0,802.4321659369264,990.0,967.7857286637476,22.214271336252292,0.3895305857807577,0.1472160829684632,989.4632533312508,0.2257201037105789,0.2257201037105789,0.2257201037105789,0.2257201037105789,21.45180456379243,21.45180456379243,21.45180456379243,21.45180456379243,,0.9239888517575596,0.9239888517575596,0.9239888517575596,0.9239888517575596,34.719244862214666,34.719244862214666,34.719244862214666,34.719244862214666,0.7071129299840054,0.7071129299840054,0.7071129299840054,0.7071129299840054,0.97,0.97,0.97,0.97,33.67766751634822,33.67766751634822,33.67766751634822,33.67766751634822,134.7106700653929,3233.0560815694294,0.1386722354776745,5.237674387833182e-05,0.34
1930-06-29,1930-07-10,1053.0739999999996,0.9224728423044594,971.4321659369264,0.34,1930,6,29,1930.06,1929,9,272,39,0.0839317391369504,0.0,0.0,0.33,2,Mod_Wet,62,12,14,16,153,257.0,0.264557844604753,714.4321659369264,714.4321659369264,,4,178.6080414842316,178.6080414842316,178.6080414842316,178.6080414842316,0.0,0.0,0.0,0.0,0.0,0.0,62.0,12.0,14.0,16.0,153.0,802.4321659369264,990.0,967.7857286637476,22.214271336252292,0.3895305857807577,0.1472160829684632,989.4632533312508,0.2257201037105789,0.2257201037105789,0.2257201037105789,0.2257201037105789,21.45180456379243,21.45180456379243,21.45180456379243,21.45180456379243,,0.9239888517575596,0.9239888517575596,0.9239888517575596,0.9239888517575596,34.719244862214666,34.719244862214666,34.719244862214666,34.719244862214666,0.7071129299840054,0.7071129299840054,0.7071129299840054,0.7071129299840054,0.97,0.97,0.97,0.97,33.67766751634822,33.67766751634822,33.67766751634822,33.67766751634822,134.7106700653929,3233.0560815694294,0.1386722354776745,5.237674387833182e-05,0.34
1930-06-30,1930-07-11,1053.0739999999996,0.9224728423044594,971.4321659369264,0.34,1930,6,30,1930.06,1929,9,273,39,0.0839317391369504,0.0,0.0,0.33,2,Mod_Wet,62,12,14,16,153,257.0,0.264557844604753,714.4321659369264,714.4321659369264,,4,178.6080414842316,178.6080414842316,178.6080414842316,178.6080414842316,0.0,0.0,0.0,0.0,0.0,0.0,62.0,12.0,14.0,16.0,153.0,802.4321659369264,990.0,967.7857286637476,22.214271336252292,0.3895305857807577,0.1472160829684632,989.4632533312508,0.2257201037105789,0.2257201037105789,0.2257201037105789,0.2257201037105789,21.45180456379243,21.45180456379243,21.45180456379243,21.45180456379243,,0.9239888517575596,0.9239888517575596,0.9239888517575596,0.9239888517575596,34.719244862214666,34.719244862214666,34.719244862214666,34.719244862214666,0.7071129299840054,0.7071129299840054,0.7071129299840054,0.7071129299840054,0.97,0.97,0.97,0.97,33.67766751634822,33.67766751634822,33.67766751634822,33.67766751634822,134.7106700653929,3233.0560815694294,0.1386722354776745,5.237674387833182e-05,0.34
1930-07-01,1930-07-12,1044.7218,0.9169267811345148,957.9333972550564,0.342,1930,7,1,1930.07,1929,10,274,40,0.0827654455228368,13.498768681870049,0.0140915524195633,0.34,2,Mod_Wet,58,11,11,11,136,227.0,0.2369684579851428,730.9333972550564,730.9333972550564,,4,182.7333493137641,182.7333493137641,182.7333493137641,182.7333493137641,0.0,0.0,0.0,0.0,0.0,0.0,58.0,11.0,11.0,11.0,136.0,810.9333972550564,990.0,967.7317335890202,22.268266410979777,0.3973093279282477,0.1554666986275282,989.4472239734442,0.2362520412295114,0.2362520412295114,0.2362520412295114,0.2362520412295114,21.479238343194503,21.479238343194503,21.479238343194503,21.479238343194503,,0.9255869664769248,0.9255869664769248,0.9255869664769248,0.9255869664769248,35.62809663876593,35.62809663876593,35.62809663876593,35.62809663876593,0.7256231494657013,0.7256231494657013,0.7256231494657013,0.7256231494657013,0.97,0.97,0.97,0.97,34.55925373960295,34.55925373960295,34.55925373960295,34.55925373960295,138.2370149584118,3317.688359001884,0.1443075430447752,5.253443195506609e-05,0.34
1930-07-02,1930-07-13,1028.1428,0.9210811262601332,947.0029281802472,0.345,1930,7,2,1930.07,1929,10,275,40,0.0818210529947733,10.93046907480925,0.0115421703033306,0.34,2,Mod_Wet,58,11,11,11,136,227.0,0.239703588283725,720.0029281802472,720.0029281802472,,4,180.0007320450618,180.0007320450618,180.0007320450618,180.0007320450618,0.0,0.0,0.0,0.0,0.0,0.0,58.0,11.0,11.0,11.0,136.0,800.0029281802472,990.0,967.6880117127208,22.311988287279064,0.3873078002315802,0.1500014640901236,989.4626907356784,0.2292018886762594,0.2292018886762594,0.2292018886762594,0.2292018886762594,21.54547713428109,21.54547713428109,21.54547713428109,21.54547713428109,,0.9245896150218303,0.9245896150218303,0.9245896150218303,0.9245896150218303,35.16560537196307,35.16560537196307,35.16560537196307,35.16560537196307,0.7162037753963965,0.7162037753963965,0.7162037753963965,0.7162037753963965,0.97,0.97,0.97,0.97,34.11063721080418,34.11063721080418,34.11063721080418,34.11063721080418,136.4425488432167,3274.621172237201,0.1440782755607773,5.263965815777417e-05,0.345
1930-07-03,1930-07-14,1028.1428,0.9210811262601332,947.0029281802472,0.345,1930,7,3,1930.07,1929,10,276,40,0.0818210529947733,0.0,0.0,0.34,2,Mod_Wet,58,11,11,11,136,227.0,0.239703588283725,720.0029281802472,720.0029281802472,,4,180.0007320450618,180.0007320450618,180.0007320450618,180.0007320450618,0.0,0.0,0.0,0.0,0.0,0.0,58.0,11.0,11.0,11.0,136.0,800.0029281802472,990.0,967.6880117127208,22.311988287279064,0.3873078002315802,0.1500014640901236,989.4626907356784,0.2292018886762594,0.2292018886762594,0.2292018886762594,0.2292018886762594,21.54547713428109,21.54547713428109,21.54547713428109,21.54547713428109,,0.9245896150218303,0.9245896150218303,0.9245896150218303,0.9245896150218303,35.16560537196307,35.16560537196307,35.16560537196307,35.16560537196307,0.7162037753963965,0.7162037753963965,0.7162037753963965,0.7162037753963965,0.97,0.97,0.97,0.97,34.11063721080418,34.11063721080418,34.11063721080418,34.11063721080418,136.4425488432167,3274.621172237201,0.1440782755607773,5.263965815777417e-05,0.345
1930-07-04,1930-07-15,1028.1428,0.9210811262601332,947.0029281802472,0.345,1930,7,4,1930.07,1929,10,277,40,0.0818210529947733,0.0,0.0,0.34,2,Mod_Wet,58,11,11,11,136,227.0,0.239703588283725,720.0029281802472,720.0029281802472,,4,180.0007320450618,180.0007320450618,180.0007320450618,180.0007320450618,0.0,0.0,0.0,0.0,0.0,0.0,58.0,11.0,11.0,11.0,136.0,800.0029281802472,990.0,967.6880117127208,22.311988287279064,0.3873078002315802,0.1500014640901236,989.4626907356784,0.2292018886762594,0.2292018886762594,0.2292018886762594,0.2292018886762594,21.54547713428109,21.54547713428109,21.54547713428109,21.54547713428109,,0.9245896150218303,0.9245896150218303,0.9245896150218303,0.9245896150218303,35.16560537196307,35.16560537196307,35.16560537196307,35.16560537196307,0.7162037753963965,0.7162037753963965,0.7162037753963965,0.7162037753963965,0.97,0.97,0.97,0.97,34.11063721080418,34.11063721080418,34.11063721080418,34.11063721080418,136.4425488432167,3274.621172237201,0.1440782755607773,5.263965815777417e-05,0.345
1930-07-05,1930-07-16,1019.9159,0.9227467245233664,941.1240560143012,0.348,1930,7,5,1930.07,1929,10,278,40,0.0813131184396356,5.878872165945723,0.0062466495552594,0.34,2,Mod_Wet,58,11,11,11,136,227.0,0.2412009325968717,714.1240560143012,714.1240560143012,,4,178.5310140035753,178.5310140035753,178.5310140035753,178.5310140035753,0.0,0.0,0.0,0.0,0.0,0.0,58.0,11.0,11.0,11.0,136.0,794.1240560143012,990.0,967.6644962240572,22.33550377594281,0.3819285523337583,0.1470620280071506,989.4710094196593,0.2255275350089382,0.2255275350089382,0.2255275350089382,0.2255275350089382,21.58098566059301,21.58098566059301,21.58098566059301,21.58098566059301,,0.9240521393937412,0.9240521393937412,0.9240521393937412,0.9240521393937412,34.915649419126915,34.915649419126915,34.915649419126915,34.915649419126915,0.7111130227928089,0.7111130227928089,0.7111130227928089,0.7111130227928089,0.97,0.97,0.97,0.97,33.868179936553105,33.868179936553105,33.868179936553105,33.868179936553105,135.47271974621242,3251.345273909098,0.1439477812520752,5.269576164489402e-05,0.35
1930-07-06,1930-07-17,939.9208,0.9134042636758518,858.5276662376176,0.375,1930,7,6,1930.07,1929,10,279,40,0.0741767903629301,82.59638977668374,0.0962070216544696,0.34,2,Mod_Wet,58,11,11,11,136,227.0,0.2644061559422972,631.5276662376176,631.5276662376176,,3,210.50922207920587,210.50922207920587,210.50922207920587,0.0,0.0,0.0,0.0,0.0,0.0,0.0,58.0,11.0,11.0,11.0,136.0,711.5276662376176,990.0,967.3341106649503,22.665889335049545,0.3308753867130569,0.1194582998712852,989.5496663134156,0.3135276662376176,0.3135276662376176,0.3135276662376176,0.0,21.90202798222755,21.90202798222755,21.90202798222755,22.21555564846517,,0.9351867997656677,0.9351867997656677,0.9351867997656677,0.0,42.28560254559584,42.28560254559584,42.28560254559584,0.0,0.8612139011322982,0.8612139011322982,0.8612139011322982,0.0,0.9761213901132298,0.9761213901132298,0.9761213901132298,0.96,41.27588113858255,41.27588113858255,41.27588113858255,0.0,123.82764341574764,2971.863441977944,0.1442325603301821,5.446565440340259e-05,0.375
1930-07-07,1930-07-18,813.2284,0.8958086931444238,728.4970702319307,0.424,1930,7,7,1930.07,1929,10,280,40,0.0629421468680388,130.0305960056869,0.1784915840008652,0.34,2,Mod_Wet,58,11,11,11,136,227.0,0.3116004295360176,501.4970702319307,501.4970702319307,,3,167.16569007731024,167.16569007731024,167.16569007731024,0.0,0.0,0.0,0.0,0.0,0.0,0.0,58.0,11.0,11.0,11.0,136.0,581.4970702319307,990.0,966.8139882809276,23.18601171907233,0.2569802795011416,0.0705988280927722,989.672420892406,0.1977543423839983,0.1977543423839983,0.1977543423839983,0.0,22.660678269094408,22.660678269094408,22.660678269094408,22.85843261147841,,0.9215252820378108,0.9215252820378108,0.9215252820378108,0.0,34.234658843316225,34.234658843316225,34.234658843316225,0.0,0.6972435609636706,0.6972435609636706,0.6972435609636706,0.0,0.97,0.97,0.97,0.96,33.20761907801674,33.20761907801674,33.20761907801674,0.0,99.62285723405024,2390.948573617205,0.1367512119195392,5.518081269258295e-05,0.425
1930-07-08,1930-07-19,799.0771,0.8911326595966059,712.0837013457431,0.433,1930,7,8,1930.07,1929,10,281,41,0.0615240317962722,16.41336888618764,0.023049774703688,0.34,2,Mod_Wet,58,11,11,11,136,227.0,0.3187827492343952,485.0837013457431,485.0837013457431,,3,161.69456711524768,161.69456711524768,161.69456711524768,0.0,0.0,0.0,0.0,0.0,0.0,0.0,58.0,11.0,11.0,11.0,136.0,565.0837013457431,990.0,966.7483348053828,23.25166519461709,0.2476527235965259,0.0670167402691486,989.6853305361344,0.1849975043650696,0.1849975043650696,0.1849975043650696,0.0,22.751998226386323,22.751998226386323,22.751998226386323,22.93699573075139,,0.9195701247817968,0.9195701247817968,0.9195701247817968,0.0,33.17710796330723,33.17710796330723,33.17710796330723,0.0,0.6757048465032022,0.6757048465032022,0.6757048465032022,0.0,0.97,0.97,0.97,0.96,32.181794724408014,32.181794724408014,32.181794724408014,0.0,96.54538417322404,2317.089220157377,0.1355815109807543,5.528563873809766e-05,0.435
1930-07-09,1930-07-20,778.1427,0.8891770066630039,691.9065967426677,0.441,1930,7,9,1930.07,1929,10,282,41,0.0597807299585664,20.17710460307536,0.0291616017220595,0.34,2,Mod_Wet,58,11,11,11,136,227.0,0.3280789648034318,464.9065967426677,464.9065967426677,,3,154.96886558088923,154.96886558088923,154.96886558088923,0.0,0.0,0.0,0.0,0.0,0.0,0.0,58.0,11.0,11.0,11.0,136.0,544.9065967426677,990.0,966.6676263869706,23.332373613029404,0.236186273748022,0.0629813193485335,989.7008324069036,0.1699327496547207,0.1699327496547207,0.1699327496547207,0.0,22.86327327027817,22.86327327027817,22.86327327027817,23.03320601993289,,0.917042336997736,0.917042336997736,0.917042336997736,0.0,31.86478164171153,31.86478164171153,31.86478164171153,0.0,0.6489772228454487,0.6489772228454487,0.6489772228454487,0.0,0.97,0.97,0.97,0.96,30.908838192460184,30.908838192460184,30.908838192460184,0.0,92.72651457738056,2225.4363498571333,0.1340159423452746,5.540331184984356e-05,0.44
1930-07-10,1930-07-21,764.3804,0.8926299826267534,682.3088631722309,0.445,1930,7,10,1930.07,1929,10,283,41,0.0589514857780807,9.597733570436844,0.0140665526838014,0.34,2,Mod_Wet,58,11,11,11,136,227.0,0.3326939048462863,455.3088631722309,455.3088631722309,,3,151.7696210574103,151.7696210574103,151.7696210574103,0.0,0.0,0.0,0.0,0.0,0.0,0.0,58.0,11.0,11.0,11.0,136.0,535.3088631722309,990.0,966.6292354526888,23.37076454731107,0.2307319762752348,0.0610617726344461,989.7082062510902,0.1630223814840062,0.1630223814840062,0.1630223814840062,0.0,22.91594841691731,22.91594841691731,22.91594841691731,23.078970798401315,,0.9158374901646856,0.9158374901646856,0.9158374901646856,0.0,31.237754168738512,31.237754168738512,31.237754168738512,0.0,0.6362068058806214,0.6362068058806214,0.6362068058806214,0.0,0.97,0.97,0.97,0.96,30.30062154367636,30.30062154367636,30.30062154367636,0.0,90.90186463102908,2181.6447511446977,0.1332268559555312,5.545799784598538e-05,0.445
1930-07-11,1930-07-22,744.0263,0.8869874635023101,659.9420006160087,0.456,1930,7,11,1930.07,1929,10,284,41,0.0570189888532231,22.36686255622214,0.0338921640619088,0.33,2,Mod_Wet,58,11,11,11,136,227.0,0.3439696212517338,432.9420006160087,432.9420006160087,,2,216.4710003080044,216.4710003080044,0.0,0.0,0.0,0.0,0.0,0.0,0.0,0.0,58.0,11.0,11.0,11.0,136.0,512.9420006160087,990.0,966.539768002464,23.46023199753597,0.2180211085459665,0.0565884001232017,989.7253904913308,0.3315306809486534,0.3315306809486534,0.0,0.0,22.85409180791813,22.85409180791813,23.185622488866784,23.185622488866784,,0.9374533942603582,0.9374533942603582,0.0,0.0,45.48331152428892,45.48331152428892,0.0,0.0,0.9263403569101614,0.9263403569101614,0.0,0.0,0.98,0.98,0.96,0.96,44.573645293803146,44.573645293803146,0.0,0.0,89.14729058760629,2139.534974102551,0.1350835232556704,5.719735262252453e-05,0.455
1930-07-12,1930-07-23,724.0169999999998,0.8797110956815125,636.9257883620418,0.466,1930,7,12,1930.07,1929,10,285,41,0.0550303881144804,23.016212253966952,0.0361364112970788,0.33,2,Mod_Wet,58,11,11,11,136,227.0,0.3563994489589869,409.92578836204177,409.92578836204177,,2,204.96289418102089,204.96289418102089,0.0,0.0,0.0,0.0,0.0,0.0,0.0,0.0,58.0,11.0,11.0,11.0,136.0,489.92578836204177,990.0,966.4477031534482,23.552296846551823,0.2084417743874096,0.0519851576724083,989.73957306794,0.2971938773577197,0.2971938773577197,0.0,0.0,22.99467603713422,22.99467603713422,23.29186991449194,23.29186991449194,,0.9349037905405844,0.9349037905405844,0.0,0.0,43.21237739685588,43.21237739685588,0.0,0.0,0.8800891526854557,0.8800891526854557,0.0,0.0,0.9780089152685456,0.9780089152685456,0.96,0.96,42.26209034407403,42.26209034407403,0.0,0.0,84.52418068814806,2028.5803365155532,0.1327064820306863,5.727607227117119e-05,0.465
1930-07-13,1930-07-24,685.0236,0.878477532975807,601.777842158206,0.482,1930,7,13,1930.07,1929,10,286,41,0.051993605562469,35.147946203835765,0.0584068467489294,0.33,2,Mod_Wet,58,11,11,11,136,227.0,0.3772156169557373,374.777842158206,374.777842158206,,2,187.388921079103,187.388921079103,0.0,0.0,0.0,0.0,0.0,0.0,0.0,0.0,58.0,11.0,11.0,11.0,136.0,454.777842158206,990.0,966.3071113686328,23.69288863136717,0.1960369736428377,0.0449555684316412,989.7590074579256,0.248454530070414,0.248454530070414,0.0,0.0,23.203441559222217,23.203441559222217,23.45189608929263,23.45189608929263,,0.929700352350189,0.929700352350189,0.0,0.0,39.64404956310064,39.64404956310064,0.0,0.0,0.8074144513869784,0.8074144513869784,0.0,0.0,0.970741445138698,0.970741445138698,0.96,0.96,38.484121964034486,38.484121964034486,0.0,0.0,76.96824392806897,1847.2378542736556,0.1279014256357983,5.704731004020166e-05,0.48
1930-07-14,1930-07-25,666.0345,0.8753352736866753,583.0034913422678,0.493,1930,7,14,1930.07,1929,10,287,41,0.0503715016519719,18.77435081593819,0.0322028102657042,0.33,2,Mod_Wet,58,11,11,11,136,227.0,0.3893630198978235,356.0034913422678,356.0034913422678,,2,178.0017456711339,178.0017456711339,0.0,0.0,0.0,0.0,0.0,0.0,0.0,0.0,58.0,11.0,11.0,11.0,136.0,436.0034913422678,990.0,966.22351571104,23.776484288959864,0.1894109227313626,0.0412006982684535,989.7693883790002,0.2242043641778347,0.2242043641778347,0.0,0.0,23.32166830378228,23.32166830378228,23.54587266796011,23.54587266796011,,0.9265344972788588,0.9265344972788588,0.0,0.0,37.721084381435126,37.721084381435126,0.0,0.0,0.7682501910679251,0.7682501910679251,0.0,0.0,0.97,0.97,0.96,0.96,36.58945184999208,36.58945184999208,0.0,0.0,73.17890369998415,1756.2936887996195,0.1255205239534706,5.709908398188269e-05,0.495
1930-07-15,1930-07-26,635.1294,0.8861628436789661,562.8280752081156,0.506,1930,7,15,1930.07,1929,10,288,42,0.0486283456979812,20.17541613415221,0.0358464991759552,0.33,2,Mod_Wet,58,11,11,11,136,227.0,0.4033203210697383,335.8280752081156,335.8280752081156,,2,167.9140376040578,167.9140376040578,0.0,0.0,0.0,0.0,0.0,0.0,0.0,0.0,58.0,11.0,11.0,11.0,136.0,415.8280752081156,990.0,966.1327263384364,23.86727366156356,0.1822903923984789,0.0371656150416231,989.7805439925598,0.1995354094976575,0.1995354094976575,0.0,0.0,23.448282244625744,23.448282244625744,23.6478176541234,23.6478176541234,,0.9229966775808228,0.9229966775808228,0.0,0.0,35.639932669436845,35.639932669436845,0.0,0.0,0.7258642091534999,0.7258642091534999,0.0,0.0,0.97,0.97,0.96,0.96,34.57073468935374,34.57073468935374,0.0,0.0,69.14146937870748,1659.3952650889796,0.1228465181896642,5.718986926392479e-05,0.505
1930-07-16,1930-07-27,617.0284,0.8884164098844547,548.1781559247493,0.519,1930,7,16,1930.07,1929,10,289,42,0.0473625926718983,14.64991928336633,0.0267247410810316,0.33,2,Mod_Wet,58,11,11,11,136,227.0,0.4140989522230456,321.17815592474926,321.17815592474926,,2,160.58907796237463,160.58907796237463,0.0,0.0,0.0,0.0,0.0,0.0,0.0,0.0,58.0,11.0,11.0,11.0,136.0,401.17815592474926,990.0,966.0668017016612,23.93319829833865,0.1771199813428711,0.0342356311849498,989.788644387472,0.1824548793134616,0.1824548793134616,0.0,0.0,23.53938780649731,23.53938780649731,23.72184268581077,23.72184268581077,,0.9202095390386956,0.9202095390386956,0.0,0.0,34.11431056798755,34.11431056798755,0.0,0.0,0.6947924759264267,0.6947924759264267,0.0,0.0,0.97,0.97,0.96,0.96,33.09088125094792,33.09088125094792,0.0,0.0,66.18176250189585,1588.3623000455004,0.1207303899044472,5.723870872930894e-05,0.52
1930-07-17,1930-07-28,599.256,0.8886339443648977,532.5192229643311,0.53,1930,7,17,1930.07,1929,10,290,42,0.0460096608641182,15.658932960418156,0.0294053853553884,0.33,2,Mod_Wet,58,11,11,11,136,227.0,0.4262756914884268,305.5192229643311,305.5192229643311,,2,152.75961148216555,152.75961148216555,0.0,0.0,0.0,0.0,0.0,0.0,0.0,0.0,58.0,11.0,11.0,11.0,136.0,385.5192229643311,990.0,965.9963365033394,24.00366349666058,0.1715934580541392,0.0311038445928662,989.797302697353,0.1651607608014776,0.1651607608014776,0.0,0.0,23.635805433212063,23.635805433212063,23.80096619401354,23.80096619401354,,0.9170824833106658,0.9170824833106658,0.0,0.0,32.473271922197355,32.473271922197355,0.0,0.0,0.6613701002484186,0.6613701002484186,0.0,0.0,0.97,0.97,0.96,0.96,31.499073764531435,31.499073764531435,0.0,0.0,62.99814752906287,1511.955540697509,0.1183021096935735,5.727785392666674e-05,0.53
1930-07-18,1930-07-29,587.589,0.8901106602929673,523.0192327708844,0.536,1930,7,18,1930.07,1929,10,291,42,0.0451888617114044,9.499990193446706,0.0181637492432487,0.33,2,Mod_Wet,58,11,11,11,136,227.0,0.4340184562571151,296.0192327708844,296.0192327708844,,2,148.0096163854422,148.0096163854422,0.0,0.0,0.0,0.0,0.0,0.0,0.0,0.0,58.0,11.0,11.0,11.0,136.0,376.0192327708844,990.0,965.953586547469,24.046413452531056,0.1682406167603218,0.0292038465541768,989.8025555366856,0.1550600020817197,0.1550600020817197,0.0,0.0,23.69390898713487,23.69390898713487,23.848968989216587,23.848968989216587,,0.9151908367438456,0.9151908367438456,0.0,0.0,31.47581699232004,31.47581699232004,0.0,0.0,0.6410553358924651,0.6410553358924651,0.0,0.0,0.97,0.97,0.96,0.96,30.531542482550435,30.531542482550435,0.0,0.0,61.06308496510087,1465.5140391624209,0.1167511271843618,5.7300222985814326e-05,0.535
1930-07-19,1930-07-30,570.3586,0.8854392210789449,505.01787451967766,0.547,1930,7,19,1930.07,1929,10,292,42,0.0436335443585001,18.00135825120674,0.0356449923051294,0.33,2,Mod_Wet,58,11,11,11,136,227.0,0.4494890407906841,278.01787451967766,278.01787451967766,,2,139.00893725983883,139.00893725983883,0.0,0.0,0.0,0.0,0.0,0.0,0.0,0.0,58.0,11.0,11.0,11.0,136.0,358.01787451967766,990.0,965.8725804353384,24.127419564661523,0.1618873789084468,0.0256035749039355,989.8125090461876,0.1367773382840873,0.1367773382840873,0.0,0.0,23.80315127256508,23.80315127256508,23.939928610849165,23.939928610849165,,0.9111490937758036,0.9111490937758036,0.0,0.0,29.566868297656278,29.566868297656278,0.0,0.0,0.6021765437404536,0.6021765437404536,0.0,0.0,0.97,0.97,0.96,0.96,28.679862248726582,28.679862248726582,0.0,0.0,57.35972449745317,1376.6333879388762,0.1135795927065116,5.731018853509137e-05,0.545
1930-07-20,1930-07-31,570.3586,0.8854392210789449,505.01787451967766,0.547,1930,7,20,1930.07,1929,10,293,42,0.0436335443585001,0.0,0.0,0.33,2,Mod_Wet,58,11,11,11,136,227.0,0.4494890407906841,278.01787451967766,278.01787451967766,,2,139.00893725983883,139.00893725983883,0.0,0.0,0.0,0.0,0.0,0.0,0.0,0.0,58.0,11.0,11.0,11.0,136.0,358.01787451967766,990.0,965.8725804353384,24.127419564661523,0.1618873789084468,0.0256035749039355,989.8125090461876,0.1367773382840873,0.1367773382840873,0.0,0.0,23.80315127256508,23.80315127256508,23.939928610849165,23.939928610849165,,0.9111490937758036,0.9111490937758036,0.0,0.0,29.566868297656278,29.566868297656278,0.0,0.0,0.6021765437404536,0.6021765437404536,0.0,0.0,0.97,0.97,0.96,0.96,28.679862248726582,28.679862248726582,0.0,0.0,57.35972449745317,1376.6333879388762,0.1135795927065116,5.731018853509137e-05,0.545
1930-07-21,1930-08-01,559.0506,0.8753118667840304,489.3436243127323,0.555,1930,7,21,1930.07,1929,10,294,42,0.04227928914062,15.674250206945374,0.0320311728367961,0.46,3,Normal,50,10,9,9,108,186.0,0.3801009980690586,303.3436243127323,303.3436243127323,,2,151.67181215636614,151.67181215636614,0.0,0.0,0.0,0.0,0.0,0.0,0.0,0.0,50.0,10.0,9.0,9.0,108.0,372.3436243127323,990.0,965.8020463094072,24.19795369059273,0.166943380492973,0.0306687248625464,989.8023878946444,0.1628111142577508,0.1628111142577508,0.0,0.0,23.83753047097952,23.83753047097952,24.000341585237265,24.000341585237265,,0.9168385533884658,0.9168385533884658,0.0,0.0,32.50855784637645,32.50855784637645,0.0,0.0,0.6620887545086853,0.6620887545086853,0.0,0.0,0.97,0.97,0.96,0.96,31.533301110985157,31.533301110985157,0.0,0.0,63.06660222197031,1513.5984533272874,0.1288799916634151,5.775133944847071e-05,0.555
1930-07-22,1930-08-02,553.45,0.8781733244038457,486.0250263913084,0.5579999999999999,1930,7,22,1930.07,1929,10,295,43,0.041992562280209,3.3185979214239296,0.0068280391774559,0.46,3,Normal,50,10,9,9,108,186.0,0.3826963425752642,300.0250263913084,300.0250263913084,,2,150.0125131956542,150.0125131956542,0.0,0.0,0.0,0.0,0.0,0.0,0.0,0.0,50.0,10.0,9.0,9.0,108.0,369.0250263913084,990.0,965.7871126187608,24.21288738123917,0.1657721443209397,0.0300050052782616,989.8042228504008,0.1592270285026131,0.1592270285026131,0.0,0.0,23.85788320313739,23.85788320313739,24.017110231640004,24.017110231640004,,0.9161801604777094,0.9161801604777094,0.0,0.0,32.157255603296285,32.157255603296285,0.0,0.0,0.6549339226740587,0.6549339226740587,0.0,0.0,0.97,0.97,0.96,0.96,31.1925379351974,31.1925379351974,0.0,0.0,62.38507587039479,1497.241820889475,0.1283577439079594,5.775914079639042e-05,0.56
1930-07-23,1930-08-03,553.45,0.8781733244038457,486.0250263913084,0.5579999999999999,1930,7,23,1930.07,1929,10,296,43,0.041992562280209,0.0,0.0,0.46,3,Normal,50,10,9,9,108,186.0,0.3826963425752642,300.0250263913084,300.0250263913084,,2,150.0125131956542,150.0125131956542,0.0,0.0,0.0,0.0,0.0,0.0,0.0,0.0,50.0,10.0,9.0,9.0,108.0,369.0250263913084,990.0,965.7871126187608,24.21288738123917,0.1657721443209397,0.0300050052782616,989.8042228504008,0.1592270285026131,0.1592270285026131,0.0,0.0,23.85788320313739,23.85788320313739,24.017110231640004,24.017110231640004,,0.9161801604777094,0.9161801604777094,0.0,0.0,32.157255603296285,32.157255603296285,0.0,0.0,0.6549339226740587,0.6549339226740587,0.0,0.0,0.97,0.97,0.96,0.96,31.1925379351974,31.1925379351974,0.0,0.0,62.38507587039479,1497.241820889475,0.1283577439079594,5.775914079639042e-05,0.56
1930-07-24,1930-08-04,547.8849,0.8752989863551575,479.5630976092969,0.5630000000000001,1930,7,24,1930.07,1929,10,297,43,0.0414342516334432,6.461928782011513,0.0134746164044425,0.46,3,Normal,50,10,9,9,108,186.0,0.387853028990849,293.5630976092969,293.5630976092969,,2,146.78154880464845,146.78154880464845,0.0,0.0,0.0,0.0,0.0,0.0,0.0,0.0,50.0,10.0,9.0,9.0,108.0,362.5630976092969,990.0,965.7580339392418,24.24196606075816,0.1634915291606229,0.0287126195218593,989.8077958513176,0.1525056215136687,0.1525056215136687,0.0,0.0,23.89725629056194,23.89725629056194,24.04976191207561,24.04976191207561,,0.914899427923754,0.914899427923754,0.0,0.0,31.472523228959563,31.472523228959563,0.0,0.0,0.6409882531356327,0.6409882531356327,0.0,0.0,0.97,0.97,0.96,0.96,30.528347532090777,30.528347532090777,0.0,0.0,61.056695064181554,1465.3606815403573,0.1273173339828679,5.777358670590159e-05,0.565
1930-07-25,1930-08-05,547.8849,0.8752989863551575,479.5630976092969,0.5630000000000001,1930,7,25,1930.07,1929,10,298,43,0.0414342516334432,0.0,0.0,0.46,3,Normal,50,10,9,9,108,186.0,0.387853028990849,293.5630976092969,293.5630976092969,,2,146.78154880464845,146.78154880464845,0.0,0.0,0.0,0.0,0.0,0.0,0.0,0.0,50.0,10.0,9.0,9.0,108.0,362.5630976092969,990.0,965.7580339392418,24.24196606075816,0.1634915291606229,0.0287126195218593,989.8077958513176,0.1525056215136687,0.1525056215136687,0.0,0.0,23.89725629056194,23.89725629056194,24.04976191207561,24.04976191207561,,0.914899427923754,0.914899427923754,0.0,0.0,31.472523228959563,31.472523228959563,0.0,0.0,0.6409882531356327,0.6409882531356327,0.0,0.0,0.97,0.97,0.96,0.96,30.528347532090777,30.528347532090777,0.0,0.0,61.056695064181554,1465.3606815403573,0.1273173339828679,5.777358670590159e-05,0.565
1930-07-26,1930-08-06,547.8849,0.8752989863551575,479.5630976092969,0.5630000000000001,1930,7,26,1930.07,1929,10,299,43,0.0414342516334432,0.0,0.0,0.46,3,Normal,50,10,9,9,108,186.0,0.387853028990849,293.5630976092969,293.5630976092969,,2,146.78154880464845,146.78154880464845,0.0,0.0,0.0,0.0,0.0,0.0,0.0,0.0,50.0,10.0,9.0,9.0,108.0,362.5630976092969,990.0,965.7580339392418,24.24196606075816,0.1634915291606229,0.0287126195218593,989.8077958513176,0.1525056215136687,0.1525056215136687,0.0,0.0,23.89725629056194,23.89725629056194,24.04976191207561,24.04976191207561,,0.914899427923754,0.914899427923754,0.0,0.0,31.472523228959563,31.472523228959563,0.0,0.0,0.6409882531356327,0.6409882531356327,0.0,0.0,0.97,0.97,0.96,0.96,30.528347532090777,30.528347532090777,0.0,0.0,61.056695064181554,1465.3606815403573,0.1273173339828679,5.777358670590159e-05,0.565
1930-07-27,1930-08-07,547.8849,0.8752989863551575,479.5630976092969,0.5630000000000001,1930,7,27,1930.07,1929,10,300,43,0.0414342516334432,0.0,0.0,0.46,3,Normal,50,10,9,9,108,186.0,0.387853028990849,293.5630976092969,293.5630976092969,,2,146.78154880464845,146.78154880464845,0.0,0.0,0.0,0.0,0.0,0.0,0.0,0.0,50.0,10.0,9.0,9.0,108.0,362.5630976092969,990.0,965.7580339392418,24.24196606075816,0.1634915291606229,0.0287126195218593,989.8077958513176,0.1525056215136687,0.1525056215136687,0.0,0.0,23.89725629056194,23.89725629056194,24.04976191207561,24.04976191207561,,0.914899427923754,0.914899427923754,0.0,0.0,31.472523228959563,31.472523228959563,0.0,0.0,0.6409882531356327,0.6409882531356327,0.0,0.0,0.97,0.97,0.96,0.96,30.528347532090777,30.528347532090777,0.0,0.0,61.056695064181554,1465.3606815403573,0.1273173339828679,5.777358670590159e-05,0.565
1930-07-28,1930-08-08,542.3552,0.8801399653154843,477.3484869166725,0.5650000000000001,1930,7,28,1930.07,1929,10,301,43,0.0412429092696005,2.2146106926243188,0.0046394002564648,0.46,3,Normal,50,10,9,9,108,186.0,0.3896524344330199,291.3484869166725,291.3484869166725,,2,145.67424345833626,145.67424345833626,0.0,0.0,0.0,0.0,0.0,0.0,0.0,0.0,50.0,10.0,9.0,9.0,108.0,360.3484869166725,990.0,965.748068191125,24.25193180887504,0.1627099243348534,0.0282696973833345,989.8090203782818,0.1502024263933394,0.1502024263933394,0.0,0.0,23.910749760763547,23.910749760763547,24.06095218715689,24.06095218715689,,0.91446096748853,0.91446096748853,0.0,0.0,31.23775670525271,31.23775670525271,0.0,0.0,0.6362068575407884,0.6362068575407884,0.0,0.0,0.97,0.97,0.96,0.96,30.300624004095127,30.300624004095127,0.0,0.0,60.601248008190254,1454.429952196566,0.1269538914842501,5.7778504980153215e-05,0.565
1930-07-29,1930-08-09,536.8608,0.8801028281077824,472.4927083802066,0.5690000000000001,1930,7,29,1930.07,1929,10,302,44,0.0408233700040498,4.855778536465948,0.0102769385650679,0.46,3,Normal,50,10,9,9,108,186.0,0.3936568685634172,286.4927083802066,286.4927083802066,,2,143.2463541901033,143.2463541901033,0.0,0.0,0.0,0.0,0.0,0.0,0.0,0.0,50.0,10.0,9.0,9.0,108.0,355.4927083802066,990.0,965.7262171877107,24.27378281228914,0.1609961694299351,0.0272985416760413,989.811705288894,0.1452576354640086,0.1452576354640086,0.0,0.0,23.94023046571915,23.94023046571915,24.08548810118316,24.08548810118316,,0.913371368914896,0.913371368914896,0.0,0.0,30.718358012225085,30.718358012225085,0.0,0.0,0.6256284727540751,0.6256284727540751,0.0,0.0,0.97,0.97,0.96,0.96,29.79680727185833,29.79680727185833,0.0,0.0,59.59361454371666,1430.2467490492,0.1261259983207248,5.778081372922911e-05,0.57
1930-07-30,1930-08-10,525.9775,0.8881694527338079,467.1571483252964,0.58,1930,7,30,1930.07,1929,10,303,44,0.0403623776153056,5.335560054910161,0.011421338780831,0.46,3,Normal,50,10,9,9,108,186.0,0.3981529570226811,281.1571483252964,281.1571483252964,,2,140.5785741626482,140.5785741626482,0.0,0.0,0.0,0.0,0.0,0.0,0.0,0.0,50.0,10.0,9.0,9.0,108.0,350.1571483252964,990.0,965.7022071674638,24.29779283253617,0.1591130847410597,0.0262314296650592,989.814655485594,0.1398687198085493,0.1398687198085493,0.0,0.0,23.972579598321527,23.972579598321527,24.11244831813008,24.11244831813008,,0.9121257687197676,0.9121257687197676,0.0,0.0,30.14583572538187,30.14583572538187,0.0,0.0,0.6139681410464739,0.6139681410464739,0.0,0.0,0.97,0.97,0.96,0.96,29.24146065362041,29.24146065362041,0.0,0.0,58.48292130724082,1403.5901113737798,0.1251889680311972,5.7779985376300605e-05,0.58
1930-07-31,1930-08-11,520.5884,0.8885427859104034,462.56506724863937,0.581,1930,7,31,1930.07,1929,10,304,44,0.0399656218102824,4.592081076657053,0.0099274273000574,0.46,3,Normal,50,10,9,9,108,186.0,0.4021055915578266,276.56506724863937,276.56506724863937,,2,138.28253362431968,138.28253362431968,0.0,0.0,0.0,0.0,0.0,0.0,0.0,0.0,50.0,10.0,9.0,9.0,108.0,345.56506724863937,990.0,965.6815428026188,24.31845719738112,0.1574923968514034,0.0253130134497278,989.8171945896988,0.1353681152311801,0.1353681152311801,0.0,0.0,24.000283671848884,24.000283671848884,24.135651787080064,24.135651787080064,,0.9110593165344774,0.9110593165344774,0.0,0.0,29.65302857598738,29.65302857598738,0.0,0.0,0.6039313355598245,0.6039313355598245,0.0,0.0,0.97,0.97,0.96,0.96,28.76343771870776,28.76343771870776,0.0,0.0,57.52687543741552,1380.6450104979724,0.12436493697976,5.777912510960085e-05,0.58
1930-08-01,1930-08-12,515.2343,0.8913623235036077,459.2604427967548,0.585,1930,8,1,1930.08,1929,11,305,44,0.0396801022576396,3.304624451884536,0.0071955346987003,0.44,3,Normal,47,8,6,5,89,155.0,0.337499130245352,304.2604427967548,304.2604427967548,,2,152.1302213983774,152.1302213983774,0.0,0.0,0.0,0.0,0.0,0.0,0.0,0.0,47.0,8.0,6.0,5.0,89.0,365.2604427967548,990.0,965.6666719925854,24.333328007414597,0.1644435059673386,0.0308520885593509,989.8047044054732,0.1638012782204951,0.1638012782204951,0.0,0.0,23.974231134667427,23.974231134667427,24.138032412887924,24.138032412887924,,0.9171632852350056,0.9171632852350056,0.0,0.0,32.805415753525985,32.805415753525985,0.0,0.0,0.6681347403976778,0.6681347403976778,0.0,0.0,0.97,0.97,0.96,0.96,31.821253280920203,31.821253280920203,0.0,0.0,63.642506561840406,1527.4201574841695,0.1385760684597113,5.810309707846197e-05,0.585
1930-08-02,1930-08-13,509.9149,0.8935905892579125,455.65515596238953,0.59,1930,8,2,1930.08,1929,11,306,44,0.0393686054751504,3.6052868343653017,0.0079123143613958,0.44,3,Normal,47,8,6,5,89,155.0,0.3401695294605509,300.6551559623896,300.6551559623896,,2,150.32757798119476,150.32757798119476,0.0,0.0,0.0,0.0,0.0,0.0,0.0,0.0,47.0,8.0,6.0,5.0,89.0,361.65515596238953,990.0,965.6504482018308,24.349551798169276,0.163171088382881,0.0301310311924779,989.8066978804246,0.1599075684393807,0.1599075684393807,0.0,0.0,23.996342110154515,23.996342110154515,24.15624967859389,24.15624967859389,,0.9164499303546384,0.9164499303546384,0.0,0.0,32.42135393732106,32.42135393732106,0.0,0.0,0.6603127074810806,0.6603127074810806,0.0,0.0,0.97,0.97,0.96,0.96,31.448713319201424,31.448713319201424,0.0,0.0,62.89742663840285,1509.5382393216682,0.1380373420894517,5.811145111957416e-05,0.59
1930-08-03,1930-08-14,499.3804,0.8921883077628417,445.541354005931,0.598,1930,8,3,1930.08,1929,11,307,44,0.0384947729861124,10.113801956458529,0.0227000296729445,0.44,3,Normal,47,8,6,5,89,155.0,0.347891387873137,290.541354005931,290.541354005931,,2,145.2706770029655,145.2706770029655,0.0,0.0,0.0,0.0,0.0,0.0,0.0,0.0,47.0,8.0,6.0,5.0,89.0,351.541354005931,990.0,965.6049360930268,24.39506390697329,0.1596016138732656,0.0281082708011862,989.8122901153256,0.1493630081661682,0.1493630081661682,0.0,0.0,24.057991014132604,24.057991014132604,24.207354022298773,24.207354022298773,,0.9144517575722684,0.9144517575722684,0.0,0.0,31.34272969402072,31.34272969402072,0.0,0.0,0.6383448002855543,0.6383448002855543,0.0,0.0,0.97,0.97,0.96,0.96,30.402447803200097,30.402447803200097,0.0,0.0,60.804895606400194,1459.3174945536048,0.136474190464463,5.813371675555288e-05,0.6
1930-08-04,1930-08-15,499.3804,0.8921883077628417,445.541354005931,0.598,1930,8,4,1930.08,1929,11,308,44,0.0384947729861124,0.0,0.0,0.44,3,Normal,47,8,6,5,89,155.0,0.347891387873137,290.541354005931,290.541354005931,,2,145.2706770029655,145.2706770029655,0.0,0.0,0.0,0.0,0.0,0.0,0.0,0.0,47.0,8.0,6.0,5.0,89.0,351.541354005931,990.0,965.6049360930268,24.39506390697329,0.1596016138732656,0.0281082708011862,989.8122901153256,0.1493630081661682,0.1493630081661682,0.0,0.0,24.057991014132604,24.057991014132604,24.207354022298773,24.207354022298773,,0.9144517575722684,0.9144517575722684,0.0,0.0,31.34272969402072,31.34272969402072,0.0,0.0,0.6383448002855543,0.6383448002855543,0.0,0.0,0.97,0.97,0.96,0.96,30.402447803200097,30.402447803200097,0.0,0.0,60.804895606400194,1459.3174945536048,0.136474190464463,5.813371675555288e-05,0.6
1930-08-05,1930-08-16,494.165,0.8960553284209241,442.799181369126,0.602,1930,8,5,1930.08,1929,11,309,45,0.0382578492702924,2.742172636805037,0.006192813248494,0.44,3,Normal,47,8,6,5,89,155.0,0.3500458142689947,287.799181369126,287.799181369126,,2,143.899590684563,143.899590684563,0.0,0.0,0.0,0.0,0.0,0.0,0.0,0.0,47.0,8.0,6.0,5.0,89.0,348.799181369126,990.0,965.592596316161,24.407403683838996,0.1586338160688217,0.0275598362738252,989.8138063476574,0.1465771731828172,0.1465771731828172,0.0,0.0,24.0746328583136,24.0746328583136,24.22121003149641,24.22121003149641,,0.9138332302869496,0.9138332302869496,0.0,0.0,31.0473742975096,31.0473742975096,0.0,0.0,0.632329415427894,0.632329415427894,0.0,0.0,0.97,0.97,0.96,0.96,30.11595306858431,30.11595306858431,0.0,0.0,60.23190613716862,1445.565747292047,0.1360253330887668,5.813458175422469e-05,0.6
1930-08-06,1930-08-17,494.165,0.8960553284209241,442.799181369126,0.602,1930,8,6,1930.08,1929,11,310,45,0.0382578492702924,0.0,0.0,0.44,3,Normal,47,8,6,5,89,155.0,0.3500458142689947,287.799181369126,287.799181369126,,2,143.899590684563,143.899590684563,0.0,0.0,0.0,0.0,0.0,0.0,0.0,0.0,47.0,8.0,6.0,5.0,89.0,348.799181369126,990.0,965.592596316161,24.407403683838996,0.1586338160688217,0.0275598362738252,989.8138063476574,0.1465771731828172,0.1465771731828172,0.0,0.0,24.0746328583136,24.0746328583136,24.22121003149641,24.22121003149641,,0.9138332302869496,0.9138332302869496,0.0,0.0,31.0473742975096,31.0473742975096,0.0,0.0,0.632329415427894,0.632329415427894,0.0,0.0,0.97,0.97,0.96,0.96,30.11595306858431,30.11595306858431,0.0,0.0,60.23190613716862,1445.565747292047,0.1360253330887668,5.813458175422469e-05,0.6
1930-08-07,1930-08-18,488.9841,0.8998924733267547,440.0331111664572,0.609,1930,8,7,1930.08,1929,11,311,45,0.0380188608047818,2.766070202668743,0.0062860501459454,0.44,3,Normal,47,8,6,5,89,155.0,0.352246219810868,285.0331111664572,285.0331111664572,,2,142.5165555832286,142.5165555832286,0.0,0.0,0.0,0.0,0.0,0.0,0.0,0.0,47.0,8.0,6.0,5.0,89.0,346.0331111664572,990.0,965.580149000249,24.41985099975102,0.1576575840719188,0.0270066222332914,989.8153357936948,0.1437834422781218,0.1437834422781218,0.0,0.0,24.09140335116767,24.09140335116767,24.23518679344579,24.23518679344579,,0.9131909563499516,0.9131909563499516,0.0,0.0,30.748767861069844,30.748767861069844,0.0,0.0,0.626247817944396,0.626247817944396,0.0,0.0,0.97,0.97,0.96,0.96,29.82630482523775,29.82630482523775,0.0,0.0,59.6526096504755,1431.662631611412,0.1355639112982793,5.813419107535704e-05,0.61
1930-08-08,1930-08-19,473.647,0.9007401735700734,426.6328809909446,0.62,1930,8,8,1930.08,1929,11,312,45,0.0368610809176176,13.400230175512604,0.0314092766230013,0.44,3,Normal,47,8,6,5,89,155.0,0.3633100187683141,271.6328809909446,271.6328809909446,,2,135.8164404954723,135.8164404954723,0.0,0.0,0.0,0.0,0.0,0.0,0.0,0.0,47.0,8.0,6.0,5.0,89.0,332.6328809909446,990.0,965.5198479644592,24.480152035540755,0.1529282270763601,0.0243265761981889,989.8227451967256,0.1305838945612162,0.1305838945612162,0.0,0.0,24.172313337705003,24.172313337705003,24.30289723226622,24.30289723226622,,0.9100931580260364,0.9100931580260364,0.0,0.0,29.301854555032133,29.301854555032133,0.0,0.0,0.5967791151737705,0.5967791151737705,0.0,0.0,0.97,0.97,0.96,0.96,28.42279891838117,28.42279891838117,0.0,0.0,56.84559783676234,1364.294348082296,0.1332424207546461,5.813156266627196e-05,0.62
1930-08-09,1930-08-20,473.647,0.9007401735700734,426.6328809909446,0.62,1930,8,9,1930.08,1929,11,313,45,0.0368610809176176,0.0,0.0,0.44,3,Normal,47,8,6,5,89,155.0,0.3633100187683141,271.6328809909446,271.6328809909446,,2,135.8164404954723,135.8164404954723,0.0,0.0,0.0,0.0,0.0,0.0,0.0,0.0,47.0,8.0,6.0,5.0,89.0,332.6328809909446,990.0,965.5198479644592,24.480152035540755,0.1529282270763601,0.0243265761981889,989.8227451967256,0.1305838945612162,0.1305838945612162,0.0,0.0,24.172313337705003,24.172313337705003,24.30289723226622,24.30289723226622,,0.9100931580260364,0.9100931580260364,0.0,0.0,29.301854555032133,29.301854555032133,0.0,0.0,0.5967791151737705,0.5967791151737705,0.0,0.0,0.97,0.97,0.96,0.96,28.42279891838117,28.42279891838117,0.0,0.0,56.84559783676234,1364.294348082296,0.1332424207546461,5.813156266627196e-05,0.62
1930-08-10,1930-08-21,468.6029,0.9015518661337044,422.4698189706656,0.626,1930,8,10,1930.08,1929,11,314,45,0.0365013923590655,4.163062020279028,0.00985410515341,0.44,3,Normal,47,8,6,5,89,155.0,0.3668901138965444,267.4698189706656,267.4698189706656,,2,133.7349094853328,133.7349094853328,0.0,0.0,0.0,0.0,0.0,0.0,0.0,0.0,47.0,8.0,6.0,5.0,89.0,328.4698189706656,990.0,965.501114185368,24.49888581463199,0.1514589533227995,0.0234939637941331,989.825047082883,0.1266216298324256,0.1266216298324256,0.0,0.0,24.19731126768254,24.19731126768254,24.323932897514965,24.323932897514965,,0.9091353277216956,0.9091353277216956,0.0,0.0,28.85221321482672,28.85221321482672,0.0,0.0,0.5876214504038028,0.5876214504038028,0.0,0.0,0.97,0.97,0.96,0.96,27.98664681838192,27.98664681838192,0.0,0.0,55.97329363676384,1343.359047282332,0.1324906327584323,5.813043572975428e-05,0.625
1930-08-11,1930-08-22,468.6029,0.9015518661337044,422.4698189706656,0.626,1930,8,11,1930.08,1929,11,315,45,0.0365013923590655,0.0,0.0,0.44,3,Normal,47,8,6,5,89,155.0,0.3668901138965444,267.4698189706656,267.4698189706656,,2,133.7349094853328,133.7349094853328,0.0,0.0,0.0,0.0,0.0,0.0,0.0,0.0,47.0,8.0,6.0,5.0,89.0,328.4698189706656,990.0,965.501114185368,24.49888581463199,0.1514589533227995,0.0234939637941331,989.825047082883,0.1266216298324256,0.1266216298324256,0.0,0.0,24.19731126768254,24.19731126768254,24.323932897514965,24.323932897514965,,0.9091353277216956,0.9091353277216956,0.0,0.0,28.85221321482672,28.85221321482672,0.0,0.0,0.5876214504038028,0.5876214504038028,0.0,0.0,0.97,0.97,0.96,0.96,27.98664681838192,27.98664681838192,0.0,0.0,55.97329363676384,1343.359047282332,0.1324906327584323,5.813043572975428e-05,0.625
1930-08-12,1930-08-23,463.5928,0.9065907191323836,420.28892993659525,0.63,1930,8,12,1930.08,1929,11,316,46,0.0363129635465218,2.180889034070333,0.0051890232616865,0.44,3,Normal,47,8,6,5,89,155.0,0.3687939152320364,265.28892993659525,265.28892993659525,,2,132.64446496829763,132.64446496829763,0.0,0.0,0.0,0.0,0.0,0.0,0.0,0.0,47.0,8.0,6.0,5.0,89.0,326.28892993659525,990.0,965.4913001847146,24.508699815285357,0.1506892499166098,0.023057785987319,989.826252964096,0.1245715941403995,0.1245715941403995,0.0,0.0,24.21038118524101,24.21038118524101,24.33495277938141,24.33495277938141,,0.9086344115088956,0.9086344115088956,0.0,0.0,28.616639954473005,28.616639954473005,0.0,0.0,0.5828236243273525,0.5828236243273525,0.0,0.0,0.97,0.97,0.96,0.96,27.758140755838813,27.758140755838813,0.0,0.0,55.516281511677626,1332.390756280263,0.1320907536633258,5.8129788199172304e-05,0.63
1930-08-13,1930-08-24,453.6742,0.9119592484433596,413.7323824701425,0.64,1930,8,13,1930.08,1929,11,317,46,0.0357464778454203,6.556547466452741,0.0158473151830843,0.44,3,Normal,47,8,6,5,89,155.0,0.3746383086443222,258.7323824701425,258.7323824701425,,2,129.36619123507126,129.36619123507126,0.0,0.0,0.0,0.0,0.0,0.0,0.0,0.0,47.0,8.0,6.0,5.0,89.0,319.7323824701425,990.0,965.4617957211155,24.538204278884336,0.1483752408868362,0.0217464764940285,989.8298782826192,0.1184591442231282,0.1184591442231282,0.0,0.0,24.24962341728033,24.24962341728033,24.368082561503456,24.368082561503456,,0.9071320946620676,0.9071320946620676,0.0,0.0,27.90840539020665,27.90840539020665,0.0,0.0,0.568399295116225,0.568399295116225,0.0,0.0,0.97,0.97,0.96,0.96,27.07115322850045,27.07115322850045,0.0,0.0,54.14230645700089,1299.4153549680211,0.1308631104332476,5.812774353100035e-05,0.64
1930-08-14,1930-08-25,448.7655,0.9091709283658698,408.00454625357366,0.643,1930,8,14,1930.08,1929,11,318,46,0.0352515927963087,5.727836216568846,0.0140386578266434,0.44,3,Normal,47,8,6,5,89,155.0,0.3798977276681322,253.0045462535737,253.0045462535737,,2,126.50227312678685,126.50227312678685,0.0,0.0,0.0,0.0,0.0,0.0,0.0,0.0,47.0,8.0,6.0,5.0,89.0,314.00454625357366,990.0,965.436020458141,24.563979541859,0.146353709769427,0.0206009092507147,989.83304538098,0.1133040916282163,0.1133040916282163,0.0,0.0,24.28372083121069,24.28372083121069,24.39702492283891,24.39702492283891,,0.9058239201399232,0.9058239201399232,0.0,0.0,27.289529333433705,27.289529333433705,0.0,0.0,0.5557948947746171,0.5557948947746171,0.0,0.0,0.97,0.97,0.96,0.96,26.47084345343069,26.47084345343069,0.0,0.0,52.94168690686138,1270.600485764673,0.1297575906763506,5.812553315170757e-05,0.645
1930-08-15,1930-08-26,443.8904,0.9076618404997884,402.90237744418727,0.648,1930,8,15,1930.08,1929,11,319,46,0.0348107654111777,5.102168809386399,0.0126635361194739,0.44,3,Normal,47,8,6,5,89,155.0,0.3847085762641637,247.90237744418727,247.90237744418727,,2,123.95118872209363,123.95118872209363,0.0,0.0,0.0,0.0,0.0,0.0,0.0,0.0,47.0,8.0,6.0,5.0,89.0,308.90237744418727,990.0,965.4130606984988,24.58693930150116,0.1445529960924867,0.0195804754888374,989.8358665284188,0.1087750683764429,0.1087750683764429,0.0,0.0,24.314030761543425,24.314030761543425,24.422805829919863,24.422805829919863,,0.9042932613963692,0.9042932613963692,0.0,0.0,26.72733468462468,26.72733468462468,0.0,0.0,0.5443449019271829,0.5443449019271829,0.0,0.0,0.97,0.97,0.96,0.96,25.92551464408594,25.92551464408594,0.0,0.0,51.85102928817188,1244.4247029161252,0.1286937784211874,5.809974006562951e-05,0.65
1930-08-16,1930-08-27,439.0488,0.9068394067509818,398.1467533267305,0.657,1930,8,16,1930.08,1929,11,320,46,0.0343998794874295,4.755624117456762,0.0119444000929832,0.44,3,Normal,47,8,6,5,89,155.0,0.3893036894182649,243.1467533267305,243.1467533267305,,2,121.57337666336524,121.57337666336524,0.0,0.0,0.0,0.0,0.0,0.0,0.0,0.0,47.0,8.0,6.0,5.0,89.0,304.1467533267305,990.0,965.3907337666336,24.609266233366384,0.1428745887895106,0.0186293506653461,989.8384960605453,0.1046376753942555,0.1046376753942555,0.0,0.0,24.34312461851727,24.34312461851727,24.447762293911524,24.447762293911524,,0.9023723950586484,0.9023723950586484,0.0,0.0,26.19022938756505,26.19022938756505,0.0,0.0,0.5334058938404288,0.5334058938404288,0.0,0.0,0.97,0.97,0.96,0.96,25.4045225059381,25.4045225059381,0.0,0.0,50.8090450118762,1219.4170802850288,0.1276138624447876,5.804570047227714e-05,0.655
1930-08-17,1930-08-28,424.724,0.9100759486875,386.53109723034976,0.6709999999999999,1930,8,17,1930.08,1929,11,321,46,0.0333962868007022,11.615656096380745,0.0300510261130645,0.44,3,Normal,47,8,6,5,89,155.0,0.4010026647548855,231.53109723034976,231.53109723034976,,2,115.76554861517488,115.76554861517488,0.0,0.0,0.0,0.0,0.0,0.0,0.0,0.0,47.0,8.0,6.0,5.0,89.0,292.53109723034976,990.0,965.3326554861516,24.66734451384832,0.1387750633561482,0.0163062194460699,989.844918717198,0.0948708107011903,0.0948708107011903,0.0,0.0,24.417392420344985,24.417392420344985,24.512263231046177,24.512263231046177,,0.8976612917762802,0.8976612917762802,0.0,0.0,24.884551340343812,24.884551340343812,0.0,0.0,0.5068136729194259,0.5068136729194259,0.0,0.0,0.97,0.97,0.96,0.96,24.1380148001335,24.1380148001335,0.0,0.0,48.276029600267,1158.624710406408,0.1248955904096309,5.79188211981512e-05,0.67
1930-08-18,1930-08-29,424.724,0.9100759486875,386.53109723034976,0.6709999999999999,1930,8,18,1930.08,1929,11,322,46,0.0333962868007022,0.0,0.0,0.44,3,Normal,47,8,6,5,89,155.0,0.4010026647548855,231.53109723034976,231.53109723034976,,2,115.76554861517488,115.76554861517488,0.0,0.0,0.0,0.0,0.0,0.0,0.0,0.0,47.0,8.0,6.0,5.0,89.0,292.53109723034976,990.0,965.3326554861516,24.66734451384832,0.1387750633561482,0.0163062194460699,989.844918717198,0.0948708107011903,0.0948708107011903,0.0,0.0,24.417392420344985,24.417392420344985,24.512263231046177,24.512263231046177,,0.8976612917762802,0.8976612917762802,0.0,0.0,24.884551340343812,24.884551340343812,0.0,0.0,0.5068136729194259,0.5068136729194259,0.0,0.0,0.97,0.97,0.96,0.96,24.1380148001335,24.1380148001335,0.0,0.0,48.276029600267,1158.624710406408,0.1248955904096309,5.79188211981512e-05,0.67
1930-08-19,1930-08-30,420.0154,0.9067213782142306,380.8369423592014,0.675,1930,8,19,1930.08,1929,11,323,47,0.032904311819835,5.694154871148385,0.0149516872913492,0.44,3,Normal,47,8,6,5,89,155.0,0.4069983312012983,225.83694235920137,225.83694235920137,,2,112.91847117960069,112.91847117960069,0.0,0.0,0.0,0.0,0.0,0.0,0.0,0.0,47.0,8.0,6.0,5.0,89.0,286.8369423592014,990.0,965.304184711796,24.695815288204017,0.1367654194305632,0.0151673884718402,989.8480671920976,0.0902695538873611,0.0902695538873611,0.0,0.0,24.45361292641423,24.45361292641423,24.54388248030159,24.54388248030159,,0.8953392085212638,0.8953392085212638,0.0,0.0,24.24567760223816,24.24567760223816,0.0,0.0,0.4938019878256244,0.4938019878256244,0.0,0.0,0.9693801987825624,0.9693801987825624,0.96,0.96,23.50327977367555,23.50327977367555,0.0,0.0,47.0065595473511,1128.1574291364263,0.1234296212341055,5.7817722448941794e-05,0.675
1930-08-20,1930-08-31,420.0154,0.9067213782142306,380.8369423592014,0.675,1930,8,20,1930.08,1929,11,324,47,0.032904311819835,0.0,0.0,0.44,3,Normal,47,8,6,5,89,155.0,0.4069983312012983,225.83694235920137,225.83694235920137,,2,112.91847117960069,112.91847117960069,0.0,0.0,0.0,0.0,0.0,0.0,0.0,0.0,47.0,8.0,6.0,5.0,89.0,286.8369423592014,990.0,965.304184711796,24.695815288204017,0.1367654194305632,0.0151673884718402,989.8480671920976,0.0902695538873611,0.0902695538873611,0.0,0.0,24.45361292641423,24.45361292641423,24.54388248030159,24.54388248030159,,0.8953392085212638,0.8953392085212638,0.0,0.0,24.24567760223816,24.24567760223816,0.0,0.0,0.4938019878256244,0.4938019878256244,0.0,0.0,0.9693801987825624,0.9693801987825624,0.96,0.96,23.50327977367555,23.50327977367555,0.0,0.0,47.0065595473511,1128.1574291364263,0.1234296212341055,5.7817722448941794e-05,0.675
1930-08-21,1930-09-01,420.0154,0.9067213782142306,380.8369423592014,0.675,1930,8,21,1930.08,1929,11,325,47,0.032904311819835,0.0,0.0,0.42,3,Normal,47,8,6,5,89,155.0,0.4069983312012983,225.83694235920137,225.83694235920137,,2,112.91847117960069,112.91847117960069,0.0,0.0,0.0,0.0,0.0,0.0,0.0,0.0,47.0,8.0,6.0,5.0,89.0,286.8369423592014,990.0,965.304184711796,24.695815288204017,0.1367654194305632,0.0151673884718402,989.8480671920976,0.0902695538873611,0.0902695538873611,0.0,0.0,24.45361292641423,24.45361292641423,24.54388248030159,24.54388248030159,,0.8953392085212638,0.8953392085212638,0.0,0.0,24.24567760223816,24.24567760223816,0.0,0.0,0.4938019878256244,0.4938019878256244,0.0,0.0,0.9693801987825624,0.9693801987825624,0.96,0.96,23.50327977367555,23.50327977367555,0.0,0.0,47.0065595473511,1128.1574291364263,0.1234296212341055,5.7817722448941794e-05,0.675
1930-08-22,1930-09-02,415.3399,0.9079714249478594,377.11676084070143,0.68,1930,8,22,1930.08,1929,11,326,47,0.0325828881366366,3.720181518499942,0.0098648002549836,0.42,3,Normal,47,8,6,5,89,155.0,0.4110132884427108,222.11676084070143,222.11676084070143,,2,111.05838042035072,111.05838042035072,0.0,0.0,0.0,0.0,0.0,0.0,0.0,0.0,47.0,8.0,6.0,5.0,89.0,283.11676084070143,990.0,965.2855838042036,24.714416195796503,0.135452451947257,0.0144233521681402,989.8501241958846,0.0872934086725611,0.0872934086725611,0.0,0.0,24.477246983008573,24.477246983008573,24.56454039168113,24.56454039168113,,0.8938176858686432,0.8938176858686432,0.0,0.0,23.828765812687717,23.828765812687717,0.0,0.0,0.4853109126820308,0.4853109126820308,0.0,0.0,0.968531091268203,0.968531091268203,0.96,0.96,23.07890055613688,23.07890055613688,0.0,0.0,46.15780111227376,1107.78722669457,0.1223965782092919,5.772464613452335e-05,0.68
1930-08-23,1930-09-03,406.0875,0.9120318780949216,370.3647452958713,0.6890000000000001,1930,8,23,1930.08,1929,11,327,47,0.0319995139935632,6.752015544830102,0.0182307188537509,0.42,3,Normal,47,8,6,5,89,155.0,0.4185063561494656,215.36474529587127,215.36474529587127,,1,215.36474529587127,0.0,0.0,0.0,0.0,0.0,0.0,0.0,0.0,0.0,47.0,8.0,6.0,5.0,89.0,276.3647452958713,990.0,965.2518237264792,24.7481762735207,0.1330694561678698,0.0130729490591742,989.853857594773,0.3281234155112835,0.0,0.0,0.0,24.27391045278241,24.602033868293688,24.602033868293688,24.602033868293688,,0.9386380137215852,0.0,0.0,0.0,48.12283399580007,0.0,0.0,0.0,0.9800984520529544,0.0,0.0,0.0,0.98,0.96,0.96,0.96,47.16037731588406,0.0,0.0,0.0,47.16037731588406,1131.8490555812175,0.1273349526780939,6.0827526770784496e-05,0.69
1930-08-24,1930-09-04,406.0875,0.9120318780949216,370.3647452958713,0.6890000000000001,1930,8,24,1930.08,1929,11,328,47,0.0319995139935632,0.0,0.0,0.42,3,Normal,47,8,6,5,89,155.0,0.4185063561494656,215.36474529587127,215.36474529587127,,1,215.36474529587127,0.0,0.0,0.0,0.0,0.0,0.0,0.0,0.0,0.0,47.0,8.0,6.0,5.0,89.0,276.3647452958713,990.0,965.2518237264792,24.7481762735207,0.1330694561678698,0.0130729490591742,989.853857594773,0.3281234155112835,0.0,0.0,0.0,24.27391045278241,24.602033868293688,24.602033868293688,24.602033868293688,,0.9386380137215852,0.0,0.0,0.0,48.12283399580007,0.0,0.0,0.0,0.9800984520529544,0.0,0.0,0.0,0.98,0.96,0.96,0.96,47.16037731588406,0.0,0.0,0.0,47.16037731588406,1131.8490555812175,0.1273349526780939,6.0827526770784496e-05,0.69
1930-08-25,1930-09-05,406.0875,0.9120318780949216,370.3647452958713,0.6890000000000001,1930,8,25,1930.08,1929,11,329,47,0.0319995139935632,0.0,0.0,0.42,3,Normal,47,8,6,5,89,155.0,0.4185063561494656,215.36474529587127,215.36474529587127,,1,215.36474529587127,0.0,0.0,0.0,0.0,0.0,0.0,0.0,0.0,0.0,47.0,8.0,6.0,5.0,89.0,276.3647452958713,990.0,965.2518237264792,24.7481762735207,0.1330694561678698,0.0130729490591742,989.853857594773,0.3281234155112835,0.0,0.0,0.0,24.27391045278241,24.602033868293688,24.602033868293688,24.602033868293688,,0.9386380137215852,0.0,0.0,0.0,48.12283399580007,0.0,0.0,0.0,0.9800984520529544,0.0,0.0,0.0,0.98,0.96,0.96,0.96,47.16037731588406,0.0,0.0,0.0,47.16037731588406,1131.8490555812175,0.1273349526780939,6.0827526770784496e-05,0.69
1930-08-26,1930-09-06,401.5105,0.9082764151386006,364.6825175805071,0.6940000000000001,1930,8,26,1930.08,1929,11,330,48,0.0315085695189558,5.682227715364206,0.0155813000114813,0.42,3,Normal,47,8,6,5,89,155.0,0.4250272292413422,209.68251758050712,209.68251758050712,,1,209.68251758050712,0.0,0.0,0.0,0.0,0.0,0.0,0.0,0.0,0.0,47.0,8.0,6.0,5.0,89.0,270.6825175805071,990.0,965.2234125879024,24.776587412097456,0.1310640217056228,0.0119365035161014,989.8569994747784,0.3110666016866909,0.0,0.0,0.0,24.32252028518903,24.63358688687572,24.63358688687572,24.63358688687572,,0.937214371556378,0.0,0.0,0.0,46.87577227155099,0.0,0.0,0.0,0.9547000462637676,0.0,0.0,0.0,0.98,0.96,0.96,0.96,45.938256826119975,0.0,0.0,0.0,45.938256826119975,1102.5181638268791,0.125967806548277,6.0856894715817325e-05,0.695
1930-08-27,1930-09-07,392.4543,0.9019707790507928,353.9823107128336,0.7040000000000001,1930,8,27,1930.08,1929,11,331,48,0.0305840716455888,10.7002068676735,0.0302280835619325,0.42,3,Normal,47,8,6,5,89,155.0,0.4378749878429461,198.9823107128336,198.9823107128336,,1,198.9823107128336,0.0,0.0,0.0,0.0,0.0,0.0,0.0,0.0,0.0,47.0,8.0,6.0,5.0,89.0,259.9823107128336,990.0,965.169911553564,24.830088446435862,0.1272875867085559,0.0098982310712833,989.8628141822202,0.2801504699959341,0.0,0.0,0.0,24.41275215866011,24.692902628656043,24.692902628656043,24.692902628656043,,0.9342846954071684,0.0,0.0,0.0,44.50913417947978,0.0,0.0,0.0,0.9064996777898122,0.0,0.0,0.0,0.98,0.96,0.96,0.96,43.61895149589019,0.0,0.0,0.0,43.61895149589019,1046.8548359013644,0.1232235345547417,6.089172134004971e-05,0.705
1930-08-28,1930-09-08,383.5279,0.9045977994923856,346.9384943839358,0.7120000000000001,1930,8,28,1930.08,1929,11,332,48,0.029975485914772,7.043816328897831,0.0203027811641531,0.42,3,Normal,47,8,6,5,89,155.0,0.4467650678983776,191.9384943839358,191.9384943839358,,1,191.9384943839358,0.0,0.0,0.0,0.0,0.0,0.0,0.0,0.0,0.0,47.0,8.0,6.0,5.0,89.0,252.9384943839358,990.0,965.1346924719196,24.865307528080397,0.1248016053788188,0.0091938494383935,989.8660045451828,0.2606727047243053,0.0,0.0,0.0,24.470639368538905,24.73131207326321,24.73131207326321,24.73131207326321,,0.9322376752416864,0.0,0.0,0.0,42.94105897448405,0.0,0.0,0.0,0.8745633192359276,0.0,0.0,0.0,0.9774563319235928,0.96,0.96,0.96,41.973009994113845,0.0,0.0,0.0,41.973009994113845,1007.3522398587322,0.1209811268381906,6.074429978328104e-05,0.71
1930-08-29,1930-09-09,379.1131,0.9090149185803196,344.6194637292325,0.718,1930,8,29,1930.08,1929,11,333,48,0.0297751216662056,2.319030654703284,0.0067292503725945,0.42,3,Normal,47,8,6,5,89,155.0,0.4497714618979951,189.6194637292325,189.6194637292325,,1,189.6194637292325,0.0,0.0,0.0,0.0,0.0,0.0,0.0,0.0,0.0,47.0,8.0,6.0,5.0,89.0,250.6194637292325,990.0,965.1230973186462,24.87690268135384,0.1239831475086117,0.0089619463729232,989.8670549061184,0.2543877735197585,0.0,0.0,0.0,24.489569813952563,24.743957587472323,24.743957587472323,24.743957587472323,,0.9315670804259496,0.0,0.0,0.0,42.42451663987822,0.0,0.0,0.0,0.8640431087551572,0.0,0.0,0.0,0.9764043108755156,0.96,0.96,0.96,41.42348093398714,0.0,0.0,0.0,41.42348093398714,994.1635424156914,0.1202006424295685,6.068218027498409e-05,0.72
1930-08-30,1930-09-10,379.1131,0.9090149185803196,344.6194637292325,0.718,1930,8,30,1930.08,1929,11,334,48,0.0297751216662056,0.0,0.0,0.42,3,Normal,47,8,6,5,89,155.0,0.4497714618979951,189.6194637292325,189.6194637292325,,1,189.6194637292325,0.0,0.0,0.0,0.0,0.0,0.0,0.0,0.0,0.0,47.0,8.0,6.0,5.0,89.0,250.6194637292325,990.0,965.1230973186462,24.87690268135384,0.1239831475086117,0.0089619463729232,989.8670549061184,0.2543877735197585,0.0,0.0,0.0,24.489569813952563,24.743957587472323,24.743957587472323,24.743957587472323,,0.9315670804259496,0.0,0.0,0.0,42.42451663987822,0.0,0.0,0.0,0.8640431087551572,0.0,0.0,0.0,0.9764043108755156,0.96,0.96,0.96,41.42348093398714,0.0,0.0,0.0,41.42348093398714,994.1635424156914,0.1202006424295685,6.068218027498409e-05,0.72
1930-08-31,1930-09-11,374.7305,0.908907350449394,340.5953058875766,0.721,1930,8,31,1930.08,1929,11,335,48,0.0294274344286866,4.024157841655892,0.0118150713532857,0.42,3,Normal,47,8,6,5,89,155.0,0.4550855438129915,185.5953058875766,185.5953058875766,,1,185.5953058875766,0.0,0.0,0.0,0.0,0.0,0.0,0.0,0.0,0.0,47.0,8.0,6.0,5.0,89.0,246.5953058875766,990.0,965.102976529438,24.89702347056209,0.122562897349443,0.0085595305887576,989.8688775720618,0.2436835136609538,0.0,0.0,0.0,24.522217528962955,24.76590104262391,24.76590104262391,24.76590104262391,,0.9304072469219864,0.0,0.0,0.0,41.52776060460214,0.0,0.0,0.0,0.8457792383829357,0.0,0.0,0.0,0.9745779238382936,0.96,0.96,0.96,40.47203871168684,0.0,0.0,0.0,40.47203871168684,971.328929080484,0.118827353202119,6.057390795367685e-05,0.72
1930-09-01,1930-09-12,374.7305,0.908907350449394,340.5953058875766,0.721,1930,9,1,1930.09,1929,12,336,48,0.0294274344286866,0.0,0.0,0.42,3,Normal,40,6,4,3,65,118.0,0.3464522204511806,222.5953058875766,222.5953058875766,,2,111.29765294378832,111.29765294378832,0.0,0.0,0.0,0.0,0.0,0.0,0.0,0.0,40.0,6.0,4.0,3.0,65.0,272.5953058875766,990.0,965.102976529438,24.89702347056209,0.1317391040469391,0.0145190611775153,989.8537418347756,0.0876762447100612,0.0876762447100612,0.0,0.0,24.66308906062755,24.66308906062755,24.75076530533761,24.75076530533761,,0.8941928047713942,0.8941928047713942,0.0,0.0,24.07151073739216,24.07151073739216,0.0,0.0,0.4902548011688831,0.4902548011688831,0.0,0.0,0.9690254801168884,0.9690254801168884,0.96,0.96,23.32590724944027,23.32590724944027,0.0,0.0,46.65181449888054,1119.643547973133,0.1369713959424894,5.821702892218719e-05,0.72
1930-09-02,1930-09-13,370.3799,0.9134433097017404,338.3210417029997,0.727,1930,9,2,1930.09,1929,12,337,49,0.0292309380031391,2.2742641845769067,0.0067222073245252,0.42,3,Normal,40,6,4,3,65,118.0,0.3487811441050956,220.3210417029997,220.3210417029997,,2,110.16052085149984,110.16052085149984,0.0,0.0,0.0,0.0,0.0,0.0,0.0,0.0,40.0,6.0,4.0,3.0,65.0,270.3210417029997,990.0,965.0916052085148,24.90839479148508,0.130936445653001,0.0140642083405999,989.8549993460064,0.0858568333623997,0.0858568333623997,0.0,0.0,24.677537304129046,24.677537304129046,24.76339413749145,24.76339413749145,,0.8932527286370404,0.8932527286370404,0.0,0.0,23.814466061764044,23.814466061764044,0.0,0.0,0.485019675392343,0.485019675392343,0.0,0.0,0.9685019675392342,0.9685019675392342,0.96,0.96,23.064357236714795,23.064357236714795,0.0,0.0,46.12871447342959,1107.08914736231,0.1363459814418648,5.8158456855192086e-05,0.725
1930-09-03,1930-09-14,357.5196,0.9208048873506705,329.2057950036568,0.742,1930,9,3,1930.09,1929,12,338,49,0.0284433806883159,9.11524669934289,0.027688597338457,0.42,3,Normal,40,6,4,3,65,118.0,0.3584384047634679,211.2057950036568,211.2057950036568,,1,211.2057950036568,0.0,0.0,0.0,0.0,0.0,0.0,0.0,0.0,0.0,40.0,6.0,4.0,3.0,65.0,261.2057950036568,990.0,965.0460289750184,24.953971024981684,0.1277193922756226,0.0122411590007313,989.8600394487236,0.3156173850109705,0.0,0.0,0.0,24.4983930886944,24.81401047370537,24.81401047370537,24.81401047370537,,0.93772670683479,0.0,0.0,0.0,47.58372242733921,0.0,0.0,0.0,0.9691185830415318,0.0,0.0,0.0,0.98,0.96,0.96,0.96,46.63204797879243,0.0,0.0,0.0,46.63204797879243,1119.1691514910185,0.1416501431217954,6.133045099710167e-05,0.74
1930-09-04,1930-09-15,353.2963,0.921778111561846,325.6607962357874,0.746,1930,9,4,1930.09,1929,12,339,49,0.028137092794772,3.544998767869401,0.010885555795616,0.42,3,Normal,40,6,4,3,65,118.0,0.3623402060178123,207.66079623578744,207.66079623578744,,1,207.66079623578744,0.0,0.0,0.0,0.0,0.0,0.0,0.0,0.0,0.0,40.0,6.0,4.0,3.0,65.0,257.6607962357874,990.0,965.028303981179,24.971696018821035,0.1264682522203788,0.0115321592471574,989.8619995885324,0.305122740933215,0.0,0.0,0.0,24.52857286642022,24.833695607353437,24.833695607353437,24.833695607353437,,0.9368474245423865,0.0,0.0,0.0,46.79876175016042,0.0,0.0,0.0,0.9531316038729212,0.0,0.0,0.0,0.98,0.96,0.96,0.96,45.86278651515721,0.0,0.0,0.0,45.86278651515721,1100.706876363773,0.1408299280885848,6.1348425662453e-05,0.745
1930-09-05,1930-09-16,353.2963,0.921778111561846,325.6607962357874,0.746,1930,9,5,1930.09,1929,12,340,49,0.028137092794772,0.0,0.0,0.42,3,Normal,40,6,4,3,65,118.0,0.3623402060178123,207.66079623578744,207.66079623578744,,1,207.66079623578744,0.0,0.0,0.0,0.0,0.0,0.0,0.0,0.0,0.0,40.0,6.0,4.0,3.0,65.0,257.6607962357874,990.0,965.028303981179,24.971696018821035,0.1264682522203788,0.0115321592471574,989.8619995885324,0.305122740933215,0.0,0.0,0.0,24.52857286642022,24.833695607353437,24.833695607353437,24.833695607353437,,0.9368474245423865,0.0,0.0,0.0,46.79876175016042,0.0,0.0,0.0,0.9531316038729212,0.0,0.0,0.0,0.98,0.96,0.96,0.96,45.86278651515721,0.0,0.0,0.0,45.86278651515721,1100.706876363773,0.1408299280885848,6.1348425662453e-05,0.745
1930-09-06,1930-09-17,349.1046,0.9270188758292952,323.62655383883583,0.7509999999999999,1930,9,6,1930.09,1929,12,341,49,0.0279613342516754,2.0342423969515835,0.0062857709691047,0.42,3,Normal,40,6,4,3,65,118.0,0.3646177935657385,205.62655383883583,205.62655383883583,,1,205.62655383883583,0.0,0.0,0.0,0.0,0.0,0.0,0.0,0.0,0.0,40.0,6.0,4.0,3.0,65.0,255.62655383883583,990.0,965.0181327691942,24.981867230805847,0.1257503049624081,0.0111253107677671,989.86312438427,0.2991420682861773,0.0,0.0,0.0,24.545849546789565,24.84499161507574,24.84499161507574,24.84499161507574,,0.9363438453333838,0.0,0.0,0.0,46.34803482984257,0.0,0.0,0.0,0.943951829528362,0.0,0.0,0.0,0.98,0.96,0.96,0.96,45.42107413324572,0.0,0.0,0.0,45.42107413324572,1090.1057791978972,0.1403502697614397,6.135863681740984e-05,0.75
1930-09-07,1930-09-18,332.6514,0.9289857410847936,309.0284073518941,0.77,1930,9,7,1930.09,1929,12,342,49,0.0267000543952036,14.598146486941744,0.0472388496968133,0.42,3,Normal,40,6,4,3,65,118.0,0.3818419187127742,191.0284073518941,191.0284073518941,,1,191.0284073518941,0.0,0.0,0.0,0.0,0.0,0.0,0.0,0.0,0.0,40.0,6.0,4.0,3.0,65.0,241.0284073518941,990.0,964.9451420367594,25.05485796324058,0.1205981661330042,0.0091028407351894,989.8702989931318,0.2581972679971519,0.0,0.0,0.0,24.6669596883752,24.925156956372348,24.925156956372348,24.925156956372348,,0.9321693209572308,0.0,0.0,0.0,43.07716205415583,0.0,0.0,0.0,0.8773352760520535,0.0,0.0,0.0,0.9777335276052054,0.96,0.96,0.96,42.11798561443087,0.0,0.0,0.0,42.11798561443087,1010.831654746341,0.1362916308417907,6.124450604302763e-05,0.77
1930-09-08,1930-09-19,328.6161,0.9312389803097992,306.020121877383,0.775,1930,9,8,1930.09,1929,12,343,49,0.0264401385302058,3.008285474511069,0.0098303518607068,0.42,3,Normal,40,6,4,3,65,118.0,0.3855955591288881,188.02012187738305,188.02012187738305,,1,188.02012187738305,0.0,0.0,0.0,0.0,0.0,0.0,0.0,0.0,0.0,40.0,6.0,4.0,3.0,65.0,238.02012187738305,990.0,964.9301006093868,25.06989939061316,0.1195364488514969,0.0088020121877383,989.8716615389608,0.2501335241938388,0.0,0.0,0.0,24.6914274053801,24.94156092957394,24.94156092957394,24.94156092957394,,0.9313115991293884,0.0,0.0,0.0,42.40179464923501,0.0,0.0,0.0,0.8635803390882894,0.0,0.0,0.0,0.9763580339088288,0.96,0.96,0.96,41.399332857933,0.0,0.0,0.0,41.399332857933,993.583988590392,0.1352830415332002,6.116268071700725e-05,0.775
1930-09-09,1930-09-20,324.6118,0.9312809696570542,302.30479186612183,0.7809999999999999,1930,9,9,1930.09,1929,12,344,50,0.0261191340172329,3.7153300112611873,0.0122900136260709,0.42,3,Normal,40,6,4,3,65,118.0,0.3903345338047346,184.30479186612183,184.30479186612183,,1,184.30479186612183,0.0,0.0,0.0,0.0,0.0,0.0,0.0,0.0,0.0,40.0,6.0,4.0,3.0,65.0,234.30479186612183,990.0,964.9115239593306,25.088476040669438,0.1182251883414272,0.0084304791866121,989.873344332472,0.2403063630145943,0.0,0.0,0.0,24.721514010126857,24.96182037314145,24.96182037314145,24.96182037314145,,0.9302027913537972,0.0,0.0,0.0,41.56502340075697,0.0,0.0,0.0,0.8465381548015676,0.0,0.0,0.0,0.9746538154801568,0.96,0.96,0.96,40.51150864806978,0.0,0.0,0.0,40.51150864806978,972.2762075536748,0.1340088206938202,6.105753807454078e-05,0.78
1930-09-10,1930-09-21,312.7836,0.9288272938647332,290.5219447532691,0.797,1930,9,10,1930.09,1929,12,345,50,0.0251010960266824,11.78284711285272,0.0405575114914624,0.42,3,Normal,40,6,4,3,65,118.0,0.4061655311450348,172.5219447532691,172.5219447532691,,1,172.5219447532691,0.0,0.0,0.0,0.0,0.0,0.0,0.0,0.0,0.0,40.0,6.0,4.0,3.0,65.0,222.5219447532691,990.0,964.8620877790132,25.13791222098689,0.1140665224255058,0.0072521944753269,989.8786812830992,0.2106535451979766,0.0,0.0,0.0,24.80593995888804,25.016593504086018,25.016593504086018,25.016593504086018,,0.925930178204866,0.0,0.0,0.0,38.86126842103981,0.0,0.0,0.0,0.7914718619356377,0.0,0.0,0.0,0.97,0.96,0.96,0.96,37.695430368408616,0.0,0.0,0.0,37.695430368408616,904.6903288418068,0.1297507160790284,6.0693454940404565e-05,0.795
1930-09-11,1930-09-22,312.7836,0.9288272938647332,290.5219447532691,0.797,1930,9,11,1930.09,1929,12,346,50,0.0251010960266824,0.0,0.0,0.43,3,Normal,40,6,4,3,65,118.0,0.4061655311450348,172.5219447532691,172.5219447532691,,1,172.5219447532691,0.0,0.0,0.0,0.0,0.0,0.0,0.0,0.0,0.0,40.0,6.0,4.0,3.0,65.0,222.5219447532691,990.0,964.8620877790132,25.13791222098689,0.1140665224255058,0.0072521944753269,989.8786812830992,0.2106535451979766,0.0,0.0,0.0,24.80593995888804,25.016593504086018,25.016593504086018,25.016593504086018,,0.925930178204866,0.0,0.0,0.0,38.86126842103981,0.0,0.0,0.0,0.7914718619356377,0.0,0.0,0.0,0.97,0.96,0.96,0.96,37.695430368408616,0.0,0.0,0.0,37.695430368408616,904.6903288418068,0.1297507160790284,6.0693454940404565e-05,0.795
1930-09-12,1930-09-23,308.9022,0.9297022486736368,287.1870699602335,0.8029999999999999,1930,9,12,1930.09,1929,12,347,50,0.0248129628445641,3.3348747930356235,0.0116122038276214,0.43,3,Normal,40,6,4,3,65,118.0,0.410882008080445,169.1870699602335,169.1870699602335,,1,169.1870699602335,0.0,0.0,0.0,0.0,0.0,0.0,0.0,0.0,0.0,40.0,6.0,4.0,3.0,65.0,219.1870699602335,990.0,964.848748279841,25.151251720159053,0.112889503832051,0.0069187069960233,989.880191789172,0.2025652265053557,0.0,0.0,0.0,24.828878282825627,25.031443509330984,25.031443509330984,25.031443509330984,,0.924714963755784,0.0,0.0,0.0,38.09525225096261,0.0,0.0,0.0,0.775870717942212,0.0,0.0,0.0,0.97,0.96,0.96,0.96,36.95239468343373,0.0,0.0,0.0,36.95239468343373,886.8574724024095,0.128670119753478,6.066984954077294e-05,0.805
1930-09-13,1930-09-24,308.9022,0.9297022486736368,287.1870699602335,0.8029999999999999,1930,9,13,1930.09,1929,12,348,50,0.0248129628445641,0.0,0.0,0.43,3,Normal,40,6,4,3,65,118.0,0.410882008080445,169.1870699602335,169.1870699602335,,1,169.1870699602335,0.0,0.0,0.0,0.0,0.0,0.0,0.0,0.0,0.0,40.0,6.0,4.0,3.0,65.0,219.1870699602335,990.0,964.848748279841,25.151251720159053,0.112889503832051,0.0069187069960233,989.880191789172,0.2025652265053557,0.0,0.0,0.0,24.828878282825627,25.031443509330984,25.031443509330984,25.031443509330984,,0.924714963755784,0.0,0.0,0.0,38.09525225096261,0.0,0.0,0.0,0.775870717942212,0.0,0.0,0.0,0.97,0.96,0.96,0.96,36.95239468343373,0.0,0.0,0.0,36.95239468343373,886.8574724024095,0.128670119753478,6.066984954077294e-05,0.805
1930-09-14,1930-09-25,305.0513,0.9297058187130764,283.6079686159883,0.8130000000000001,1930,9,14,1930.09,1929,12,349,50,0.0245037284884213,3.5791013442452027,0.0126198899195649,0.43,3,Normal,40,6,4,3,65,118.0,0.4160672937923501,165.60796861598828,165.60796861598828,,1,165.60796861598828,0.0,0.0,0.0,0.0,0.0,0.0,0.0,0.0,0.0,40.0,6.0,4.0,3.0,65.0,215.60796861598828,990.0,964.834431874464,25.165568125536083,0.1116262873422345,0.0065607968615988,989.8818129157962,0.1940469653060521,0.0,0.0,0.0,24.85333407602625,25.0473810413323,25.0473810413323,25.0473810413323,,0.9234082285683112,0.0,0.0,0.0,37.27334141857948,0.0,0.0,0.0,0.7591311897877694,0.0,0.0,0.0,0.97,0.96,0.96,0.96,36.15514117602209,0.0,0.0,0.0,36.15514117602209,867.7233882245303,0.127482811404982,6.064378939642194e-05,0.815
1930-09-15,1930-09-26,305.0513,0.9297058187130764,283.6079686159883,0.8130000000000001,1930,9,15,1930.09,1929,12,350,50,0.0245037284884213,0.0,0.0,0.43,3,Normal,40,6,4,3,65,118.0,0.4160672937923501,165.60796861598828,165.60796861598828,,1,165.60796861598828,0.0,0.0,0.0,0.0,0.0,0.0,0.0,0.0,0.0,40.0,6.0,4.0,3.0,65.0,215.60796861598828,990.0,964.834431874464,25.165568125536083,0.1116262873422345,0.0065607968615988,989.8818129157962,0.1940469653060521,0.0,0.0,0.0,24.85333407602625,25.0473810413323,25.0473810413323,25.0473810413323,,0.9234082285683112,0.0,0.0,0.0,37.27334141857948,0.0,0.0,0.0,0.7591311897877694,0.0,0.0,0.0,0.97,0.96,0.96,0.96,36.15514117602209,0.0,0.0,0.0,36.15514117602209,867.7233882245303,0.127482811404982,6.064378939642194e-05,0.815
1930-09-16,1930-09-27,312.7836,0.9288272938647332,290.5219447532691,0.797,1930,9,16,1930.09,1929,12,351,51,0.0251010960266824,6.913976137280827,0.0237984643230742,0.43,3,Normal,40,6,4,3,65,118.0,0.4061655311450348,172.5219447532691,172.5219447532691,,1,172.5219447532691,0.0,0.0,0.0,0.0,0.0,0.0,0.0,0.0,0.0,40.0,6.0,4.0,3.0,65.0,222.5219447532691,990.0,964.8620877790132,25.13791222098689,0.1140665224255058,0.0072521944753269,989.8786812830992,0.2106535451979766,0.0,0.0,0.0,24.80593995888804,25.016593504086018,25.016593504086018,25.016593504086018,,0.925930178204866,0.0,0.0,0.0,38.86126842103981,0.0,0.0,0.0,0.7914718619356377,0.0,0.0,0.0,0.97,0.96,0.96,0.96,37.695430368408616,0.0,0.0,0.0,37.695430368408616,904.6903288418068,0.1297507160790284,6.0693454940404565e-05,0.795
1930-09-17,1930-09-28,305.0513,0.9297058187130764,283.6079686159883,0.8130000000000001,1930,9,17,1930.09,1929,12,352,51,0.0245037284884213,6.913976137280827,0.0243786384812145,0.43,3,Normal,40,6,4,3,65,118.0,0.4160672937923501,165.60796861598828,165.60796861598828,,1,165.60796861598828,0.0,0.0,0.0,0.0,0.0,0.0,0.0,0.0,0.0,40.0,6.0,4.0,3.0,65.0,215.60796861598828,990.0,964.834431874464,25.165568125536083,0.1116262873422345,0.0065607968615988,989.8818129157962,0.1940469653060521,0.0,0.0,0.0,24.85333407602625,25.0473810413323,25.0473810413323,25.0473810413323,,0.9234082285683112,0.0,0.0,0.0,37.27334141857948,0.0,0.0,0.0,0.7591311897877694,0.0,0.0,0.0,0.97,0.96,0.96,0.96,36.15514117602209,0.0,0.0,0.0,36.15514117602209,867.7233882245303,0.127482811404982,6.064378939642194e-05,0.815
1930-09-18,1930-09-29,289.9506,0.935581823043148,271.2725109404546,0.835,1930,9,18,1930.09,1929,12,353,51,0.0234379449452552,12.335457675533693,0.0454725679088117,0.43,3,Normal,40,6,4,3,65,118.0,0.4349869420639582,153.2725109404546,153.2725109404546,,1,153.2725109404546,0.0,0.0,0.0,0.0,0.0,0.0,0.0,0.0,0.0,40.0,6.0,4.0,3.0,65.0,203.2725109404546,990.0,964.7850900437618,25.214909956238216,0.10727258174789,0.0053272510940454,989.887400167158,0.1662686236313819,0.0,0.0,0.0,24.93604149976487,25.10231012339625,25.10231012339625,25.10231012339625,,0.9185738260247548,0.0,0.0,0.0,34.43059676188801,0.0,0.0,0.0,0.7012341499366194,0.0,0.0,0.0,0.97,0.96,0.96,0.96,33.39767885903137,0.0,0.0,0.0,33.39767885903137,801.544292616753,0.1231148660925776,6.052705054203562e-05,0.835
1930-09-19,1930-09-30,289.9506,0.935581823043148,271.2725109404546,0.835,1930,9,19,1930.09,1929,12,354,51,0.0234379449452552,0.0,0.0,0.43,3,Normal,40,6,4,3,65,118.0,0.4349869420639582,153.2725109404546,153.2725109404546,,1,153.2725109404546,0.0,0.0,0.0,0.0,0.0,0.0,0.0,0.0,0.0,40.0,6.0,4.0,3.0,65.0,203.2725109404546,990.0,964.7850900437618,25.214909956238216,0.10727258174789,0.0053272510940454,989.887400167158,0.1662686236313819,0.0,0.0,0.0,24.93604149976487,25.10231012339625,25.10231012339625,25.10231012339625,,0.9185738260247548,0.0,0.0,0.0,34.43059676188801,0.0,0.0,0.0,0.7012341499366194,0.0,0.0,0.0,0.97,0.96,0.96,0.96,33.39767885903137,0.0,0.0,0.0,33.39767885903137,801.544292616753,0.1231148660925776,6.052705054203562e-05,0.835
1930-09-20,1930-10-01,289.9506,0.935581823043148,271.2725109404546,0.835,1930,9,20,1930.09,1929,12,355,51,0.0234379449452552,0.0,0.0,0.43,3,Normal,40,6,4,3,65,118.0,0.4349869420639582,153.2725109404546,153.2725109404546,,1,153.2725109404546,0.0,0.0,0.0,0.0,0.0,0.0,0.0,0.0,0.0,40.0,6.0,4.0,3.0,65.0,203.2725109404546,990.0,964.7850900437618,25.214909956238216,0.10727258174789,0.0053272510940454,989.887400167158,0.1662686236313819,0.0,0.0,0.0,24.93604149976487,25.10231012339625,25.10231012339625,25.10231012339625,,0.9185738260247548,0.0,0.0,0.0,34.43059676188801,0.0,0.0,0.0,0.7012341499366194,0.0,0.0,0.0,0.97,0.96,0.96,0.96,33.39767885903137,0.0,0.0,0.0,33.39767885903137,801.544292616753,0.1231148660925776,6.052705054203562e-05,0.835
1930-09-21,1930-10-02,289.9506,0.935581823043148,271.2725109404546,0.835,1930,9,21,1930.09,1929,12,356,51,0.0234379449452552,0.0,0.0,0.48,3,Normal,40,6,4,3,65,118.0,0.4349869420639582,153.2725109404546,153.2725109404546,,1,153.2725109404546,0.0,0.0,0.0,0.0,0.0,0.0,0.0,0.0,0.0,40.0,6.0,4.0,3.0,65.0,203.2725109404546,990.0,964.7850900437618,25.214909956238216,0.10727258174789,0.0053272510940454,989.887400167158,0.1662686236313819,0.0,0.0,0.0,24.93604149976487,25.10231012339625,25.10231012339625,25.10231012339625,,0.9185738260247548,0.0,0.0,0.0,34.43059676188801,0.0,0.0,0.0,0.7012341499366194,0.0,0.0,0.0,0.97,0.96,0.96,0.96,33.39767885903137,0.0,0.0,0.0,33.39767885903137,801.544292616753,0.1231148660925776,6.052705054203562e-05,0.835
1930-09-22,1930-10-03,286.2506,0.9441456049247084,270.26224589706084,0.836,1930,9,22,1930.09,1929,12,357,51,0.023350658045506,1.0102650433937583,0.0037380916451739,0.48,3,Normal,40,6,4,3,65,118.0,0.4366129631178473,152.26224589706084,152.26224589706084,,1,152.26224589706084,0.0,0.0,0.0,0.0,0.0,0.0,0.0,0.0,0.0,40.0,6.0,4.0,3.0,65.0,202.26224589706084,990.0,964.7810489835882,25.21895101641178,0.1069160164150999,0.005226224589706,989.8878577589952,0.1640864511376514,0.0,0.0,0.0,24.942722324269337,25.10680877540699,25.10680877540699,25.10680877540699,,0.9181772423170772,0.0,0.0,0.0,34.19804717944044,0.0,0.0,0.0,0.6964979058949172,0.0,0.0,0.0,0.97,0.96,0.96,0.96,33.17210576405722,0.0,0.0,0.0,33.17210576405722,796.1305383373733,0.1227404355127427,6.051712799231145e-05,0.835
1930-09-23,1930-10-04,286.2506,0.9441456049247084,270.26224589706084,0.836,1930,9,23,1930.09,1929,12,358,52,0.023350658045506,0.0,0.0,0.48,3,Normal,40,6,4,3,65,118.0,0.4366129631178473,152.26224589706084,152.26224589706084,,1,152.26224589706084,0.0,0.0,0.0,0.0,0.0,0.0,0.0,0.0,0.0,40.0,6.0,4.0,3.0,65.0,202.26224589706084,990.0,964.7810489835882,25.21895101641178,0.1069160164150999,0.005226224589706,989.8878577589952,0.1640864511376514,0.0,0.0,0.0,24.942722324269337,25.10680877540699,25.10680877540699,25.10680877540699,,0.9181772423170772,0.0,0.0,0.0,34.19804717944044,0.0,0.0,0.0,0.6964979058949172,0.0,0.0,0.0,0.97,0.96,0.96,0.96,33.17210576405722,0.0,0.0,0.0,33.17210576405722,796.1305383373733,0.1227404355127427,6.051712799231145e-05,0.835
1930-09-24,1930-10-05,286.2506,0.9441456049247084,270.26224589706084,0.836,1930,9,24,1930.09,1929,12,359,52,0.023350658045506,0.0,0.0,0.48,3,Normal,40,6,4,3,65,118.0,0.4366129631178473,152.26224589706084,152.26224589706084,,1,152.26224589706084,0.0,0.0,0.0,0.0,0.0,0.0,0.0,0.0,0.0,40.0,6.0,4.0,3.0,65.0,202.26224589706084,990.0,964.7810489835882,25.21895101641178,0.1069160164150999,0.005226224589706,989.8878577589952,0.1640864511376514,0.0,0.0,0.0,24.942722324269337,25.10680877540699,25.10680877540699,25.10680877540699,,0.9181772423170772,0.0,0.0,0.0,34.19804717944044,0.0,0.0,0.0,0.6964979058949172,0.0,0.0,0.0,0.97,0.96,0.96,0.96,33.17210576405722,0.0,0.0,0.0,33.17210576405722,796.1305383373733,0.1227404355127427,6.051712799231145e-05,0.835
1930-09-25,1930-10-06,286.2506,0.9441456049247084,270.26224589706084,0.836,1930,9,25,1930.09,1929,12,360,52,0.023350658045506,0.0,0.0,0.48,3,Normal,40,6,4,3,65,118.0,0.4366129631178473,152.26224589706084,152.26224589706084,,1,152.26224589706084,0.0,0.0,0.0,0.0,0.0,0.0,0.0,0.0,0.0,40.0,6.0,4.0,3.0,65.0,202.26224589706084,990.0,964.7810489835882,25.21895101641178,0.1069160164150999,0.005226224589706,989.8878577589952,0.1640864511376514,0.0,0.0,0.0,24.942722324269337,25.10680877540699,25.10680877540699,25.10680877540699,,0.9181772423170772,0.0,0.0,0.0,34.19804717944044,0.0,0.0,0.0,0.6964979058949172,0.0,0.0,0.0,0.97,0.96,0.96,0.96,33.17210576405722,0.0,0.0,0.0,33.17210576405722,796.1305383373733,0.1227404355127427,6.051712799231145e-05,0.835
1930-09-26,1930-10-07,282.5805,0.9441063439037743,266.78604271350054,0.847,1930,9,26,1930.09,1929,12,361,52,0.0230503140904464,3.476203183560301,0.0130299289580653,0.48,3,Normal,40,6,4,3,65,118.0,0.4423019990094433,148.78604271350054,148.78604271350054,,1,148.78604271350054,0.0,0.0,0.0,0.0,0.0,0.0,0.0,0.0,0.0,40.0,6.0,4.0,3.0,65.0,198.7860427135005,990.0,964.767144170854,25.232855829145933,0.1056891292384948,0.00487860427135,989.8894322664902,0.1566749688440811,0.0,0.0,0.0,24.965613126792043,25.12228809563612,25.12228809563612,25.12228809563612,,0.9168135247423516,0.0,0.0,0.0,33.39828297447517,0.0,0.0,0.0,0.6802094292153803,0.0,0.0,0.0,0.97,0.96,0.96,0.96,32.396334485240914,0.0,0.0,0.0,32.396334485240914,777.5120276457819,0.1214318940966154,6.0482701450592856e-05,0.845
1930-09-27,1930-10-08,282.5805,0.9441063439037743,266.78604271350054,0.847,1930,9,27,1930.09,1929,12,362,52,0.0230503140904464,0.0,0.0,0.48,3,Normal,40,6,4,3,65,118.0,0.4423019990094433,148.78604271350054,148.78604271350054,,1,148.78604271350054,0.0,0.0,0.0,0.0,0.0,0.0,0.0,0.0,0.0,40.0,6.0,4.0,3.0,65.0,198.7860427135005,990.0,964.767144170854,25.232855829145933,0.1056891292384948,0.00487860427135,989.8894322664902,0.1566749688440811,0.0,0.0,0.0,24.965613126792043,25.12228809563612,25.12228809563612,25.12228809563612,,0.9168135247423516,0.0,0.0,0.0,33.39828297447517,0.0,0.0,0.0,0.6802094292153803,0.0,0.0,0.0,0.97,0.96,0.96,0.96,32.396334485240914,0.0,0.0,0.0,32.396334485240914,777.5120276457819,0.1214318940966154,6.0482701450592856e-05,0.845
1930-09-28,1930-10-09,282.5805,0.9441063439037743,266.78604271350054,0.847,1930,9,28,1930.09,1929,12,363,52,0.0230503140904464,0.0,0.0,0.48,3,Normal,40,6,4,3,65,118.0,0.4423019990094433,148.78604271350054,148.78604271350054,,1,148.78604271350054,0.0,0.0,0.0,0.0,0.0,0.0,0.0,0.0,0.0,40.0,6.0,4.0,3.0,65.0,198.7860427135005,990.0,964.767144170854,25.232855829145933,0.1056891292384948,0.00487860427135,989.8894322664902,0.1566749688440811,0.0,0.0,0.0,24.965613126792043,25.12228809563612,25.12228809563612,25.12228809563612,,0.9168135247423516,0.0,0.0,0.0,33.39828297447517,0.0,0.0,0.0,0.6802094292153803,0.0,0.0,0.0,0.97,0.96,0.96,0.96,32.396334485240914,0.0,0.0,0.0,32.396334485240914,777.5120276457819,0.1214318940966154,6.0482701450592856e-05,0.845
1930-09-29,1930-10-10,275.3297,0.9493451834369376,261.382924552137,0.855,1930,9,29,1930.09,1929,12,364,52,0.0225834846813046,5.403118161363523,0.0206712744171082,0.48,3,Normal,40,6,4,3,65,118.0,0.4514449450062029,143.382924552137,143.382924552137,,1,143.382924552137,0.0,0.0,0.0,0.0,0.0,0.0,0.0,0.0,0.0,40.0,6.0,4.0,3.0,65.0,193.382924552137,990.0,964.7455316982084,25.254468301791466,0.1037821942105707,0.0043382924552137,989.8918795133342,0.1455335075953167,0.0,0.0,0.0,25.00081430753032,25.14634781512564,25.14634781512564,25.14634781512564,,0.914599971187296,0.0,0.0,0.0,32.15299786067527,0.0,0.0,0.0,0.6548472069383965,0.0,0.0,0.0,0.97,0.96,0.96,0.96,31.18840792485501,0.0,0.0,0.0,31.18840792485501,748.5217901965202,0.119320755088705,6.042174598442402e-05,0.855
1930-09-30,1930-10-11,271.7487,0.9523418217225876,258.7976520087449,0.862,1930,9,30,1930.09,1929,12,365,53,0.0223601171335555,2.5852725433921364,0.0099895517726906,0.48,3,Normal,40,6,4,3,65,118.0,0.4559546776568619,140.79765200874488,140.79765200874488,,1,140.79765200874488,0.0,0.0,0.0,0.0,0.0,0.0,0.0,0.0,0.0,40.0,6.0,4.0,3.0,65.0,190.79765200874488,990.0,964.735190608035,25.264809391964945,0.102869767973999,0.0040797652008744,989.8930504668252,0.1403112570576646,0.0,0.0,0.0,25.0175486017324,25.15785985879006,25.15785985879006,25.15785985879006,,0.9134288254391834,0.0,0.0,0.0,31.55393864704913,0.0,0.0,0.0,0.6426464082902063,0.0,0.0,0.0,0.97,0.96,0.96,0.96,30.60732048763765,0.0,0.0,0.0,30.60732048763765,734.5756917033036,0.1182673809057719,6.038476741259988e-05,0.86
