Date,LaggedDate,VicFalls,Conversion,Flow,Exceedance,Year,Month,Day,MonthId,WaterYear,WaterMonth,WaterDay,WaterWeek,Volume,Flow_difference,Flow_difference_pct,EWRRefExceedance,EWRBandNo,EWRBandLabel,EWRChannelA,EWRChannelC,EWRChannelD,EWRChannelE,EWRChannelFG,EWRTotal,EWRProportion,FlowAvailableForGeneration,FlowCanal,LowFlowShutoff,Turbines,FlowTurbine1,FlowTurbine2,FlowTurbine3,FlowTurbine4,FlowSpill,SpillChannelA,SpillChannelC,SpillChannelD,SpillChannelE,SpillChannelFG,FlowChannelA,FlowChannelC,FlowChannelD,FlowChannelE,FlowChannelFG,FlowLeftChannel,LevelHeadpond,LevelTailwater,HeadGross,HeadlossLeftChannel,HeadlossCanal,LevelForebay,HeadlossTurbine1,HeadlossTurbine2,HeadlossTurbine3,HeadlossTurbine4,HeadTurbine1,HeadTurbine2,HeadTurbine3,HeadTurbine4,LowHeadShutoff,EffTurbine1,EffTurbine2,EffTurbine3,EffTurbine4,PowerTurbine1,PowerTurbine2,PowerTurbine3,PowerTurbine4,LoadFactorTurbine1,LoadFactorTurbine2,LoadFactorTurbine3,LoadFactorTurbine4,EffGen1,EffGen2,EffGen3,EffGen4,PowerGenerator1,PowerGenerator2,PowerGenerator3,PowerGenerator4,Power,Energy,PerfMwPerCumec,PerfMWhPerm3,ExceedanceRnd
1938-10-01,1938-10-12,244.1538,0.9479000783611428,231.4334061521708,0.906,1938,10,1,1938.1,1938,1,1,1,0.0199958462915475,8.207887609273342,0.035465440126982,0.5700000000000001,3,Normal,37,5,3,2,50,97.0,0.4191270465778009,134.4334061521708,134.4334061521708,,1,134.4334061521708,0.0,0.0,0.0,0.0,0.0,0.0,0.0,0.0,0.0,37.0,5.0,3.0,2.0,50.0,179.4334061521708,990.0,964.588600436913,25.411399563087,0.0988589583187879,0.003443340615217,989.897697701066,0.127934803566081,0.0,0.0,0.0,25.18116246058683,25.30909726415291,25.30909726415291,25.30909726415291,,0.9106588991974396,0.0,0.0,0.0,30.23273330338848,0.0,0.0,0.0,0.6157379491525148,0.0,0.0,0.0,0.97,0.96,0.96,0.96,29.325751304286825,0.0,0.0,0.0,29.325751304286825,703.8180313028837,0.1267135621942353,6.05953703185034e-05,0.905
1938-10-02,1938-10-13,244.1538,0.9479000783611428,231.4334061521708,0.906,1938,10,2,1938.1,1938,1,2,1,0.0199958462915475,0.0,0.0,0.5700000000000001,3,Normal,37,5,3,2,50,97.0,0.4191270465778009,134.4334061521708,134.4334061521708,,1,134.4334061521708,0.0,0.0,0.0,0.0,0.0,0.0,0.0,0.0,0.0,37.0,5.0,3.0,2.0,50.0,179.4334061521708,990.0,964.588600436913,25.411399563087,0.0988589583187879,0.003443340615217,989.897697701066,0.127934803566081,0.0,0.0,0.0,25.18116246058683,25.30909726415291,25.30909726415291,25.30909726415291,,0.9106588991974396,0.0,0.0,0.0,30.23273330338848,0.0,0.0,0.0,0.6157379491525148,0.0,0.0,0.0,0.97,0.96,0.96,0.96,29.325751304286825,0.0,0.0,0.0,29.325751304286825,703.8180313028837,0.1267135621942353,6.05953703185034e-05,0.905
1938-10-03,1938-10-14,240.8345,0.9523763640910288,229.3650854576809,0.908,1938,10,3,1938.1,1938,1,3,1,0.0198171433835436,2.068320694489956,0.0090175917156823,0.5700000000000001,3,Normal,37,5,3,2,50,97.0,0.4229065631608392,132.3650854576809,132.3650854576809,,1,132.3650854576809,0.0,0.0,0.0,0.0,0.0,0.0,0.0,0.0,0.0,37.0,5.0,3.0,2.0,50.0,177.3650854576809,990.0,964.576190512746,25.423809487253948,0.0981289810975775,0.003236508545768,989.8986345103566,0.12404636066044,0.0,0.0,0.0,25.19839763695011,25.32244399761055,25.32244399761055,25.32244399761055,,0.9097334486490892,0.0,0.0,0.0,29.75769113183482,0.0,0.0,0.0,0.6060629558418497,0.0,0.0,0.0,0.97,0.96,0.96,0.96,28.864960397879777,0.0,0.0,0.0,28.864960397879777,692.7590495491147,0.1258472288416604,6.057522289388084e-05,0.91
1938-10-04,1938-10-15,237.5439,0.9621267175397727,228.5473327785961,0.91,1938,10,4,1938.1,1938,1,4,1,0.0197464895520707,0.8177526790847764,0.0035780451652742,0.5700000000000001,3,Normal,37,5,3,2,50,97.0,0.4244197419445196,131.5473327785961,131.5473327785961,,1,131.5473327785961,0.0,0.0,0.0,0.0,0.0,0.0,0.0,0.0,0.0,37.0,5.0,3.0,2.0,50.0,176.5473327785961,990.0,964.5712839966716,25.428716003328415,0.0978403697473619,0.0031547332778596,989.8990048969748,0.1225089856237606,0.0,0.0,0.0,25.205211914679477,25.327720900303238,25.327720900303238,25.327720900303238,,0.9093678774382404,0.0,0.0,0.0,29.56995806325628,0.0,0.0,0.0,0.6022394717567471,0.0,0.0,0.0,0.97,0.96,0.96,0.96,28.682859321358592,0.0,0.0,0.0,28.682859321358592,688.3886237126062,0.1255007397051749,6.056725555971124e-05,0.91
1938-10-05,1938-10-16,234.2817,0.966268687364318,226.3790707324809,0.913,1938,10,5,1938.1,1938,1,5,1,0.0195591517112863,2.1682620461151885,0.0095780146066483,0.5700000000000001,3,Normal,37,5,3,2,50,97.0,0.4284848404322142,129.3790707324809,129.3790707324809,,1,129.3790707324809,0.0,0.0,0.0,0.0,0.0,0.0,0.0,0.0,0.0,37.0,5.0,3.0,2.0,50.0,174.3790707324809,990.0,964.5582744243948,25.44172557560512,0.0970751199930585,0.002937907073248,989.8999869729336,0.1184823273184656,0.0,0.0,0.0,25.22323022122033,25.341712548538798,25.341712548538798,25.341712548538798,,0.9083994120980154,0.0,0.0,0.0,29.072359163098067,0.0,0.0,0.0,0.5921050746048486,0.0,0.0,0.0,0.97,0.96,0.96,0.96,28.200188388205124,0.0,0.0,0.0,28.200188388205124,676.804521316923,0.1245706517698809,6.054600345358427e-05,0.915
1938-10-06,1938-10-17,234.2817,0.966268687364318,226.3790707324809,0.913,1938,10,6,1938.1,1938,1,6,1,0.0195591517112863,0.0,0.0,0.5700000000000001,3,Normal,37,5,3,2,50,97.0,0.4284848404322142,129.3790707324809,129.3790707324809,,1,129.3790707324809,0.0,0.0,0.0,0.0,0.0,0.0,0.0,0.0,0.0,37.0,5.0,3.0,2.0,50.0,174.3790707324809,990.0,964.5582744243948,25.44172557560512,0.0970751199930585,0.002937907073248,989.8999869729336,0.1184823273184656,0.0,0.0,0.0,25.22323022122033,25.341712548538798,25.341712548538798,25.341712548538798,,0.9083994120980154,0.0,0.0,0.0,29.072359163098067,0.0,0.0,0.0,0.5921050746048486,0.0,0.0,0.0,0.97,0.96,0.96,0.96,28.200188388205124,0.0,0.0,0.0,28.200188388205124,676.804521316923,0.1245706517698809,6.054600345358427e-05,0.915
1938-10-07,1938-10-18,234.2817,0.966268687364318,226.3790707324809,0.913,1938,10,7,1938.1,1938,1,7,1,0.0195591517112863,0.0,0.0,0.5700000000000001,3,Normal,37,5,3,2,50,97.0,0.4284848404322142,129.3790707324809,129.3790707324809,,1,129.3790707324809,0.0,0.0,0.0,0.0,0.0,0.0,0.0,0.0,0.0,37.0,5.0,3.0,2.0,50.0,174.3790707324809,990.0,964.5582744243948,25.44172557560512,0.0970751199930585,0.002937907073248,989.8999869729336,0.1184823273184656,0.0,0.0,0.0,25.22323022122033,25.341712548538798,25.341712548538798,25.341712548538798,,0.9083994120980154,0.0,0.0,0.0,29.072359163098067,0.0,0.0,0.0,0.5921050746048486,0.0,0.0,0.0,0.97,0.96,0.96,0.96,28.200188388205124,0.0,0.0,0.0,28.200188388205124,676.804521316923,0.1245706517698809,6.054600345358427e-05,0.915
1938-10-08,1938-10-19,231.0479,0.97240029822707,224.67104686473823,0.918,1938,10,8,1938.1,1938,1,8,2,0.0194115784491133,1.7080238677426678,0.0076023319051474,0.5700000000000001,3,Normal,37,5,3,2,50,97.0,0.431742324405504,127.67104686473824,127.67104686473824,,1,127.67104686473824,0.0,0.0,0.0,0.0,0.0,0.0,0.0,0.0,0.0,37.0,5.0,3.0,2.0,50.0,172.67104686473823,990.0,964.5480262811884,25.451973718811587,0.0964723031668007,0.0027671046864738,989.9007605921468,0.1154078843565288,0.0,0.0,0.0,25.23732642660181,25.35273431095834,25.35273431095834,25.35273431095834,,0.907637326168323,0.0,0.0,0.0,28.6805061706392,0.0,0.0,0.0,0.5841243619274786,0.0,0.0,0.0,0.97,0.96,0.96,0.96,27.820090985520025,0.0,0.0,0.0,27.820090985520025,667.6821836524806,0.1238258839923816,6.052901766929664e-05,0.92
1938-10-09,1938-10-20,231.0479,0.97240029822707,224.67104686473823,0.918,1938,10,9,1938.1,1938,1,9,2,0.0194115784491133,0.0,0.0,0.5700000000000001,3,Normal,37,5,3,2,50,97.0,0.431742324405504,127.67104686473824,127.67104686473824,,1,127.67104686473824,0.0,0.0,0.0,0.0,0.0,0.0,0.0,0.0,0.0,37.0,5.0,3.0,2.0,50.0,172.67104686473823,990.0,964.5480262811884,25.451973718811587,0.0964723031668007,0.0027671046864738,989.9007605921468,0.1154078843565288,0.0,0.0,0.0,25.23732642660181,25.35273431095834,25.35273431095834,25.35273431095834,,0.907637326168323,0.0,0.0,0.0,28.6805061706392,0.0,0.0,0.0,0.5841243619274786,0.0,0.0,0.0,0.97,0.96,0.96,0.96,27.820090985520025,0.0,0.0,0.0,27.820090985520025,667.6821836524806,0.1238258839923816,6.052901766929664e-05,0.92
1938-10-10,1938-10-21,231.0479,0.97240029822707,224.67104686473823,0.918,1938,10,10,1938.1,1938,1,10,2,0.0194115784491133,0.0,0.0,0.5700000000000001,3,Normal,37,5,3,2,50,97.0,0.431742324405504,127.67104686473824,127.67104686473824,,1,127.67104686473824,0.0,0.0,0.0,0.0,0.0,0.0,0.0,0.0,0.0,37.0,5.0,3.0,2.0,50.0,172.67104686473823,990.0,964.5480262811884,25.451973718811587,0.0964723031668007,0.0027671046864738,989.9007605921468,0.1154078843565288,0.0,0.0,0.0,25.23732642660181,25.35273431095834,25.35273431095834,25.35273431095834,,0.907637326168323,0.0,0.0,0.0,28.6805061706392,0.0,0.0,0.0,0.5841243619274786,0.0,0.0,0.0,0.97,0.96,0.96,0.96,27.820090985520025,0.0,0.0,0.0,27.820090985520025,667.6821836524806,0.1238258839923816,6.052901766929664e-05,0.92
1938-10-11,1938-10-22,227.8423,0.9755995102100816,222.2828362851385,0.922,1938,10,11,1938.1,1938,1,11,2,0.0192052370550359,2.388210579599729,0.0107440170348384,0.5700000000000001,3,Normal,37,5,3,2,50,97.0,0.4363809712935774,125.2828362851385,125.2828362851385,,1,125.2828362851385,0.0,0.0,0.0,0.0,0.0,0.0,0.0,0.0,0.0,37.0,5.0,3.0,2.0,50.0,170.2828362851385,990.0,964.5336970177108,25.466302982289108,0.0956294264662941,0.0025282836285138,989.9018422899052,0.1111091053132493,0.0,0.0,0.0,25.257036166881036,25.368145272194283,25.368145272194283,25.368145272194283,,0.9065730867344304,0.0,0.0,0.0,28.13296361697082,0.0,0.0,0.0,0.572972782423031,0.0,0.0,0.0,0.97,0.96,0.96,0.96,27.28897470846169,0.0,0.0,0.0,27.28897470846169,654.9353930030807,0.122766899885406,6.050526135198672e-05,0.92
1938-10-12,1938-10-23,224.6649,0.98159746285063,220.53049583159049,0.926,1938,10,12,1938.1,1938,1,12,2,0.0190538348398494,1.7523404535480438,0.0079460232787316,0.5700000000000001,3,Normal,37,5,3,2,50,97.0,0.4398484646498716,123.53049583159049,123.53049583159049,,1,123.53049583159049,0.0,0.0,0.0,0.0,0.0,0.0,0.0,0.0,0.0,37.0,5.0,3.0,2.0,50.0,168.53049583159049,990.0,964.5231829749896,25.476817025010405,0.0950109688845935,0.002353049583159,989.9026359815324,0.1080430627469674,0.0,0.0,0.0,25.27140994379572,25.37945300654269,25.37945300654269,25.37945300654269,,0.9052214310981528,0.0,0.0,0.0,27.71387055790461,0.0,0.0,0.0,0.5644372822383831,0.0,0.0,0.0,0.97,0.96,0.96,0.96,26.88245444116747,0.0,0.0,0.0,26.88245444116747,645.1789065880193,0.1218990341439962,6.044943319955677e-05,0.925
1938-10-13,1938-10-24,224.6649,0.98159746285063,220.53049583159049,0.926,1938,10,13,1938.1,1938,1,13,2,0.0190538348398494,0.0,0.0,0.5700000000000001,3,Normal,37,5,3,2,50,97.0,0.4398484646498716,123.53049583159049,123.53049583159049,,1,123.53049583159049,0.0,0.0,0.0,0.0,0.0,0.0,0.0,0.0,0.0,37.0,5.0,3.0,2.0,50.0,168.53049583159049,990.0,964.5231829749896,25.476817025010405,0.0950109688845935,0.002353049583159,989.9026359815324,0.1080430627469674,0.0,0.0,0.0,25.27140994379572,25.37945300654269,25.37945300654269,25.37945300654269,,0.9052214310981528,0.0,0.0,0.0,27.71387055790461,0.0,0.0,0.0,0.5644372822383831,0.0,0.0,0.0,0.97,0.96,0.96,0.96,26.88245444116747,0.0,0.0,0.0,26.88245444116747,645.1789065880193,0.1218990341439962,6.044943319955677e-05,0.925
1938-10-14,1938-10-25,227.8423,0.9755995102100816,222.2828362851385,0.922,1938,10,14,1938.1,1938,1,14,2,0.0192052370550359,1.7523404535480438,0.0078833817438796,0.5700000000000001,3,Normal,37,5,3,2,50,97.0,0.4363809712935774,125.2828362851385,125.2828362851385,,1,125.2828362851385,0.0,0.0,0.0,0.0,0.0,0.0,0.0,0.0,0.0,37.0,5.0,3.0,2.0,50.0,170.2828362851385,990.0,964.5336970177108,25.466302982289108,0.0956294264662941,0.0025282836285138,989.9018422899052,0.1111091053132493,0.0,0.0,0.0,25.257036166881036,25.368145272194283,25.368145272194283,25.368145272194283,,0.9065730867344304,0.0,0.0,0.0,28.13296361697082,0.0,0.0,0.0,0.572972782423031,0.0,0.0,0.0,0.97,0.96,0.96,0.96,27.28897470846169,0.0,0.0,0.0,27.28897470846169,654.9353930030807,0.122766899885406,6.050526135198672e-05,0.92
1938-10-15,1938-10-26,231.0479,0.97240029822707,224.67104686473823,0.918,1938,10,15,1938.1,1938,1,15,3,0.0194115784491133,2.388210579599729,0.0106298101732598,0.5700000000000001,3,Normal,37,5,3,2,50,97.0,0.431742324405504,127.67104686473824,127.67104686473824,,1,127.67104686473824,0.0,0.0,0.0,0.0,0.0,0.0,0.0,0.0,0.0,37.0,5.0,3.0,2.0,50.0,172.67104686473823,990.0,964.5480262811884,25.451973718811587,0.0964723031668007,0.0027671046864738,989.9007605921468,0.1154078843565288,0.0,0.0,0.0,25.23732642660181,25.35273431095834,25.35273431095834,25.35273431095834,,0.907637326168323,0.0,0.0,0.0,28.6805061706392,0.0,0.0,0.0,0.5841243619274786,0.0,0.0,0.0,0.97,0.96,0.96,0.96,27.820090985520025,0.0,0.0,0.0,27.820090985520025,667.6821836524806,0.1238258839923816,6.052901766929664e-05,0.92
1938-10-16,1938-10-27,231.0479,0.97240029822707,224.67104686473823,0.918,1938,10,16,1938.1,1938,1,16,3,0.0194115784491133,0.0,0.0,0.5700000000000001,3,Normal,37,5,3,2,50,97.0,0.431742324405504,127.67104686473824,127.67104686473824,,1,127.67104686473824,0.0,0.0,0.0,0.0,0.0,0.0,0.0,0.0,0.0,37.0,5.0,3.0,2.0,50.0,172.67104686473823,990.0,964.5480262811884,25.451973718811587,0.0964723031668007,0.0027671046864738,989.9007605921468,0.1154078843565288,0.0,0.0,0.0,25.23732642660181,25.35273431095834,25.35273431095834,25.35273431095834,,0.907637326168323,0.0,0.0,0.0,28.6805061706392,0.0,0.0,0.0,0.5841243619274786,0.0,0.0,0.0,0.97,0.96,0.96,0.96,27.820090985520025,0.0,0.0,0.0,27.820090985520025,667.6821836524806,0.1238258839923816,6.052901766929664e-05,0.92
1938-10-17,1938-10-28,234.2817,0.966268687364318,226.3790707324809,0.913,1938,10,17,1938.1,1938,1,17,3,0.0195591517112863,1.7080238677426678,0.0075449725198363,0.5700000000000001,3,Normal,37,5,3,2,50,97.0,0.4284848404322142,129.3790707324809,129.3790707324809,,1,129.3790707324809,0.0,0.0,0.0,0.0,0.0,0.0,0.0,0.0,0.0,37.0,5.0,3.0,2.0,50.0,174.3790707324809,990.0,964.5582744243948,25.44172557560512,0.0970751199930585,0.002937907073248,989.8999869729336,0.1184823273184656,0.0,0.0,0.0,25.22323022122033,25.341712548538798,25.341712548538798,25.341712548538798,,0.9083994120980154,0.0,0.0,0.0,29.072359163098067,0.0,0.0,0.0,0.5921050746048486,0.0,0.0,0.0,0.97,0.96,0.96,0.96,28.200188388205124,0.0,0.0,0.0,28.200188388205124,676.804521316923,0.1245706517698809,6.054600345358427e-05,0.915
1938-10-18,1938-10-29,234.2817,0.966268687364318,226.3790707324809,0.913,1938,10,18,1938.1,1938,1,18,3,0.0195591517112863,0.0,0.0,0.5700000000000001,3,Normal,37,5,3,2,50,97.0,0.4284848404322142,129.3790707324809,129.3790707324809,,1,129.3790707324809,0.0,0.0,0.0,0.0,0.0,0.0,0.0,0.0,0.0,37.0,5.0,3.0,2.0,50.0,174.3790707324809,990.0,964.5582744243948,25.44172557560512,0.0970751199930585,0.002937907073248,989.8999869729336,0.1184823273184656,0.0,0.0,0.0,25.22323022122033,25.341712548538798,25.341712548538798,25.341712548538798,,0.9083994120980154,0.0,0.0,0.0,29.072359163098067,0.0,0.0,0.0,0.5921050746048486,0.0,0.0,0.0,0.97,0.96,0.96,0.96,28.200188388205124,0.0,0.0,0.0,28.200188388205124,676.804521316923,0.1245706517698809,6.054600345358427e-05,0.915
1938-10-19,1938-10-30,234.2817,0.966268687364318,226.3790707324809,0.913,1938,10,19,1938.1,1938,1,19,3,0.0195591517112863,0.0,0.0,0.5700000000000001,3,Normal,37,5,3,2,50,97.0,0.4284848404322142,129.3790707324809,129.3790707324809,,1,129.3790707324809,0.0,0.0,0.0,0.0,0.0,0.0,0.0,0.0,0.0,37.0,5.0,3.0,2.0,50.0,174.3790707324809,990.0,964.5582744243948,25.44172557560512,0.0970751199930585,0.002937907073248,989.8999869729336,0.1184823273184656,0.0,0.0,0.0,25.22323022122033,25.341712548538798,25.341712548538798,25.341712548538798,,0.9083994120980154,0.0,0.0,0.0,29.072359163098067,0.0,0.0,0.0,0.5921050746048486,0.0,0.0,0.0,0.97,0.96,0.96,0.96,28.200188388205124,0.0,0.0,0.0,28.200188388205124,676.804521316923,0.1245706517698809,6.054600345358427e-05,0.915
1938-10-20,1938-10-31,234.2817,0.966268687364318,226.3790707324809,0.913,1938,10,20,1938.1,1938,1,20,3,0.0195591517112863,0.0,0.0,0.5700000000000001,3,Normal,37,5,3,2,50,97.0,0.4284848404322142,129.3790707324809,129.3790707324809,,1,129.3790707324809,0.0,0.0,0.0,0.0,0.0,0.0,0.0,0.0,0.0,37.0,5.0,3.0,2.0,50.0,174.3790707324809,990.0,964.5582744243948,25.44172557560512,0.0970751199930585,0.002937907073248,989.8999869729336,0.1184823273184656,0.0,0.0,0.0,25.22323022122033,25.341712548538798,25.341712548538798,25.341712548538798,,0.9083994120980154,0.0,0.0,0.0,29.072359163098067,0.0,0.0,0.0,0.5921050746048486,0.0,0.0,0.0,0.97,0.96,0.96,0.96,28.200188388205124,0.0,0.0,0.0,28.200188388205124,676.804521316923,0.1245706517698809,6.054600345358427e-05,0.915
1938-10-21,1938-11-01,231.0479,0.97240029822707,224.67104686473823,0.918,1938,10,21,1938.1,1938,1,21,3,0.0194115784491133,1.7080238677426678,0.0076023319051474,0.46,3,Normal,37,5,3,2,50,97.0,0.431742324405504,127.67104686473824,127.67104686473824,,1,127.67104686473824,0.0,0.0,0.0,0.0,0.0,0.0,0.0,0.0,0.0,37.0,5.0,3.0,2.0,50.0,172.67104686473823,990.0,964.5480262811884,25.451973718811587,0.0964723031668007,0.0027671046864738,989.9007605921468,0.1154078843565288,0.0,0.0,0.0,25.23732642660181,25.35273431095834,25.35273431095834,25.35273431095834,,0.907637326168323,0.0,0.0,0.0,28.6805061706392,0.0,0.0,0.0,0.5841243619274786,0.0,0.0,0.0,0.97,0.96,0.96,0.96,27.820090985520025,0.0,0.0,0.0,27.820090985520025,667.6821836524806,0.1238258839923816,6.052901766929664e-05,0.92
1938-10-22,1938-11-02,227.8423,0.9755995102100816,222.2828362851385,0.922,1938,10,22,1938.1,1938,1,22,4,0.0192052370550359,2.388210579599729,0.0107440170348384,0.46,3,Normal,37,5,3,2,50,97.0,0.4363809712935774,125.2828362851385,125.2828362851385,,1,125.2828362851385,0.0,0.0,0.0,0.0,0.0,0.0,0.0,0.0,0.0,37.0,5.0,3.0,2.0,50.0,170.2828362851385,990.0,964.5336970177108,25.466302982289108,0.0956294264662941,0.0025282836285138,989.9018422899052,0.1111091053132493,0.0,0.0,0.0,25.257036166881036,25.368145272194283,25.368145272194283,25.368145272194283,,0.9065730867344304,0.0,0.0,0.0,28.13296361697082,0.0,0.0,0.0,0.572972782423031,0.0,0.0,0.0,0.97,0.96,0.96,0.96,27.28897470846169,0.0,0.0,0.0,27.28897470846169,654.9353930030807,0.122766899885406,6.050526135198672e-05,0.92
1938-10-23,1938-11-03,224.6649,0.98159746285063,220.53049583159049,0.926,1938,10,23,1938.1,1938,1,23,4,0.0190538348398494,1.7523404535480438,0.0079460232787316,0.46,3,Normal,37,5,3,2,50,97.0,0.4398484646498716,123.53049583159049,123.53049583159049,,1,123.53049583159049,0.0,0.0,0.0,0.0,0.0,0.0,0.0,0.0,0.0,37.0,5.0,3.0,2.0,50.0,168.53049583159049,990.0,964.5231829749896,25.476817025010405,0.0950109688845935,0.002353049583159,989.9026359815324,0.1080430627469674,0.0,0.0,0.0,25.27140994379572,25.37945300654269,25.37945300654269,25.37945300654269,,0.9052214310981528,0.0,0.0,0.0,27.71387055790461,0.0,0.0,0.0,0.5644372822383831,0.0,0.0,0.0,0.97,0.96,0.96,0.96,26.88245444116747,0.0,0.0,0.0,26.88245444116747,645.1789065880193,0.1218990341439962,6.044943319955677e-05,0.925
1938-10-24,1938-11-04,224.6649,0.98159746285063,220.53049583159049,0.926,1938,10,24,1938.1,1938,1,24,4,0.0190538348398494,0.0,0.0,0.46,3,Normal,37,5,3,2,50,97.0,0.4398484646498716,123.53049583159049,123.53049583159049,,1,123.53049583159049,0.0,0.0,0.0,0.0,0.0,0.0,0.0,0.0,0.0,37.0,5.0,3.0,2.0,50.0,168.53049583159049,990.0,964.5231829749896,25.476817025010405,0.0950109688845935,0.002353049583159,989.9026359815324,0.1080430627469674,0.0,0.0,0.0,25.27140994379572,25.37945300654269,25.37945300654269,25.37945300654269,,0.9052214310981528,0.0,0.0,0.0,27.71387055790461,0.0,0.0,0.0,0.5644372822383831,0.0,0.0,0.0,0.97,0.96,0.96,0.96,26.88245444116747,0.0,0.0,0.0,26.88245444116747,645.1789065880193,0.1218990341439962,6.044943319955677e-05,0.925
1938-10-25,1938-11-05,224.6649,0.98159746285063,220.53049583159049,0.926,1938,10,25,1938.1,1938,1,25,4,0.0190538348398494,0.0,0.0,0.46,3,Normal,37,5,3,2,50,97.0,0.4398484646498716,123.53049583159049,123.53049583159049,,1,123.53049583159049,0.0,0.0,0.0,0.0,0.0,0.0,0.0,0.0,0.0,37.0,5.0,3.0,2.0,50.0,168.53049583159049,990.0,964.5231829749896,25.476817025010405,0.0950109688845935,0.002353049583159,989.9026359815324,0.1080430627469674,0.0,0.0,0.0,25.27140994379572,25.37945300654269,25.37945300654269,25.37945300654269,,0.9052214310981528,0.0,0.0,0.0,27.71387055790461,0.0,0.0,0.0,0.5644372822383831,0.0,0.0,0.0,0.97,0.96,0.96,0.96,26.88245444116747,0.0,0.0,0.0,26.88245444116747,645.1789065880193,0.1218990341439962,6.044943319955677e-05,0.925
1938-10-26,1938-11-06,224.6649,0.98159746285063,220.53049583159049,0.926,1938,10,26,1938.1,1938,1,26,4,0.0190538348398494,0.0,0.0,0.46,3,Normal,37,5,3,2,50,97.0,0.4398484646498716,123.53049583159049,123.53049583159049,,1,123.53049583159049,0.0,0.0,0.0,0.0,0.0,0.0,0.0,0.0,0.0,37.0,5.0,3.0,2.0,50.0,168.53049583159049,990.0,964.5231829749896,25.476817025010405,0.0950109688845935,0.002353049583159,989.9026359815324,0.1080430627469674,0.0,0.0,0.0,25.27140994379572,25.37945300654269,25.37945300654269,25.37945300654269,,0.9052214310981528,0.0,0.0,0.0,27.71387055790461,0.0,0.0,0.0,0.5644372822383831,0.0,0.0,0.0,0.97,0.96,0.96,0.96,26.88245444116747,0.0,0.0,0.0,26.88245444116747,645.1789065880193,0.1218990341439962,6.044943319955677e-05,0.925
1938-10-27,1938-11-07,224.6649,0.98159746285063,220.53049583159049,0.926,1938,10,27,1938.1,1938,1,27,4,0.0190538348398494,0.0,0.0,0.46,3,Normal,37,5,3,2,50,97.0,0.4398484646498716,123.53049583159049,123.53049583159049,,1,123.53049583159049,0.0,0.0,0.0,0.0,0.0,0.0,0.0,0.0,0.0,37.0,5.0,3.0,2.0,50.0,168.53049583159049,990.0,964.5231829749896,25.476817025010405,0.0950109688845935,0.002353049583159,989.9026359815324,0.1080430627469674,0.0,0.0,0.0,25.27140994379572,25.37945300654269,25.37945300654269,25.37945300654269,,0.9052214310981528,0.0,0.0,0.0,27.71387055790461,0.0,0.0,0.0,0.5644372822383831,0.0,0.0,0.0,0.97,0.96,0.96,0.96,26.88245444116747,0.0,0.0,0.0,26.88245444116747,645.1789065880193,0.1218990341439962,6.044943319955677e-05,0.925
1938-10-28,1938-11-08,227.8423,0.9755995102100816,222.2828362851385,0.922,1938,10,28,1938.1,1938,1,28,4,0.0192052370550359,1.7523404535480438,0.0078833817438796,0.46,3,Normal,37,5,3,2,50,97.0,0.4363809712935774,125.2828362851385,125.2828362851385,,1,125.2828362851385,0.0,0.0,0.0,0.0,0.0,0.0,0.0,0.0,0.0,37.0,5.0,3.0,2.0,50.0,170.2828362851385,990.0,964.5336970177108,25.466302982289108,0.0956294264662941,0.0025282836285138,989.9018422899052,0.1111091053132493,0.0,0.0,0.0,25.257036166881036,25.368145272194283,25.368145272194283,25.368145272194283,,0.9065730867344304,0.0,0.0,0.0,28.13296361697082,0.0,0.0,0.0,0.572972782423031,0.0,0.0,0.0,0.97,0.96,0.96,0.96,27.28897470846169,0.0,0.0,0.0,27.28897470846169,654.9353930030807,0.122766899885406,6.050526135198672e-05,0.92
1938-10-29,1938-11-09,231.0479,0.97240029822707,224.67104686473823,0.918,1938,10,29,1938.1,1938,1,29,5,0.0194115784491133,2.388210579599729,0.0106298101732598,0.46,3,Normal,37,5,3,2,50,97.0,0.431742324405504,127.67104686473824,127.67104686473824,,1,127.67104686473824,0.0,0.0,0.0,0.0,0.0,0.0,0.0,0.0,0.0,37.0,5.0,3.0,2.0,50.0,172.67104686473823,990.0,964.5480262811884,25.451973718811587,0.0964723031668007,0.0027671046864738,989.9007605921468,0.1154078843565288,0.0,0.0,0.0,25.23732642660181,25.35273431095834,25.35273431095834,25.35273431095834,,0.907637326168323,0.0,0.0,0.0,28.6805061706392,0.0,0.0,0.0,0.5841243619274786,0.0,0.0,0.0,0.97,0.96,0.96,0.96,27.820090985520025,0.0,0.0,0.0,27.820090985520025,667.6821836524806,0.1238258839923816,6.052901766929664e-05,0.92
1938-10-30,1938-11-10,231.0479,0.97240029822707,224.67104686473823,0.918,1938,10,30,1938.1,1938,1,30,5,0.0194115784491133,0.0,0.0,0.46,3,Normal,37,5,3,2,50,97.0,0.431742324405504,127.67104686473824,127.67104686473824,,1,127.67104686473824,0.0,0.0,0.0,0.0,0.0,0.0,0.0,0.0,0.0,37.0,5.0,3.0,2.0,50.0,172.67104686473823,990.0,964.5480262811884,25.451973718811587,0.0964723031668007,0.0027671046864738,989.9007605921468,0.1154078843565288,0.0,0.0,0.0,25.23732642660181,25.35273431095834,25.35273431095834,25.35273431095834,,0.907637326168323,0.0,0.0,0.0,28.6805061706392,0.0,0.0,0.0,0.5841243619274786,0.0,0.0,0.0,0.97,0.96,0.96,0.96,27.820090985520025,0.0,0.0,0.0,27.820090985520025,667.6821836524806,0.1238258839923816,6.052901766929664e-05,0.92
1938-10-31,1938-11-11,234.2817,0.966268687364318,226.3790707324809,0.913,1938,10,31,1938.1,1938,1,31,5,0.0195591517112863,1.7080238677426678,0.0075449725198363,0.46,3,Normal,37,5,3,2,50,97.0,0.4284848404322142,129.3790707324809,129.3790707324809,,1,129.3790707324809,0.0,0.0,0.0,0.0,0.0,0.0,0.0,0.0,0.0,37.0,5.0,3.0,2.0,50.0,174.3790707324809,990.0,964.5582744243948,25.44172557560512,0.0970751199930585,0.002937907073248,989.8999869729336,0.1184823273184656,0.0,0.0,0.0,25.22323022122033,25.341712548538798,25.341712548538798,25.341712548538798,,0.9083994120980154,0.0,0.0,0.0,29.072359163098067,0.0,0.0,0.0,0.5921050746048486,0.0,0.0,0.0,0.97,0.96,0.96,0.96,28.200188388205124,0.0,0.0,0.0,28.200188388205124,676.804521316923,0.1245706517698809,6.054600345358427e-05,0.915
1938-11-01,1938-11-12,244.1538,0.9479000783611428,231.4334061521708,0.906,1938,11,1,1938.11,1938,2,32,5,0.0199958462915475,5.05433541968992,0.0218392647099815,0.53,3,Normal,36,5,3,2,47,93.0,0.4018434570282008,138.4334061521708,138.4334061521708,,1,138.4334061521708,0.0,0.0,0.0,0.0,0.0,0.0,0.0,0.0,0.0,36.0,5.0,3.0,2.0,47.0,182.4334061521708,990.0,964.588600436913,25.411399563087,0.0999177552787879,0.003843340615217,989.896238904106,0.1356608079352113,0.0,0.0,0.0,25.17197765925789,25.3076384671931,25.3076384671931,25.3076384671931,,0.9124715179519224,0.0,0.0,0.0,31.182882564305697,0.0,0.0,0.0,0.6350892579288329,0.0,0.0,0.0,0.97,0.96,0.96,0.96,30.24739608737653,0.0,0.0,0.0,30.24739608737653,725.9375060970366,0.1306958947295985,6.069383613576533e-05,0.905
1938-11-02,1938-11-13,247.5017,0.9485505757172864,234.76788002600708,0.898,1938,11,2,1938.11,1938,2,33,5,0.020283944834247,3.33447387383626,0.0142032797394041,0.53,3,Normal,36,5,3,2,47,93.0,0.39613596199658,141.76788002600708,141.76788002600708,,1,141.76788002600708,0.0,0.0,0.0,0.0,0.0,0.0,0.0,0.0,0.0,36.0,5.0,3.0,2.0,47.0,185.76788002600708,990.0,964.608607280156,25.391392719843907,0.1010945988790603,0.0041767880026007,989.8947286131184,0.1422711176525342,0.0,0.0,0.0,25.143850215309705,25.28612133296224,25.28612133296224,25.28612133296224,,0.9139680557316718,0.0,0.0,0.0,31.950623844662825,0.0,0.0,0.0,0.6507255365511777,0.0,0.0,0.0,0.97,0.96,0.96,0.96,30.99210512932294,0.0,0.0,0.0,30.99210512932294,743.8105231037506,0.1320116922548762,6.072544845771344e-05,0.9
1938-11-03,1938-11-14,247.5017,0.9485505757172864,234.76788002600708,0.898,1938,11,3,1938.11,1938,2,34,5,0.020283944834247,0.0,0.0,0.53,3,Normal,36,5,3,2,47,93.0,0.39613596199658,141.76788002600708,141.76788002600708,,1,141.76788002600708,0.0,0.0,0.0,0.0,0.0,0.0,0.0,0.0,0.0,36.0,5.0,3.0,2.0,47.0,185.76788002600708,990.0,964.608607280156,25.391392719843907,0.1010945988790603,0.0041767880026007,989.8947286131184,0.1422711176525342,0.0,0.0,0.0,25.143850215309705,25.28612133296224,25.28612133296224,25.28612133296224,,0.9139680557316718,0.0,0.0,0.0,31.950623844662825,0.0,0.0,0.0,0.6507255365511777,0.0,0.0,0.0,0.97,0.96,0.96,0.96,30.99210512932294,0.0,0.0,0.0,30.99210512932294,743.8105231037506,0.1320116922548762,6.072544845771344e-05,0.9
1938-11-04,1938-11-15,247.5017,0.9485505757172864,234.76788002600708,0.898,1938,11,4,1938.11,1938,2,35,5,0.020283944834247,0.0,0.0,0.53,3,Normal,36,5,3,2,47,93.0,0.39613596199658,141.76788002600708,141.76788002600708,,1,141.76788002600708,0.0,0.0,0.0,0.0,0.0,0.0,0.0,0.0,0.0,36.0,5.0,3.0,2.0,47.0,185.76788002600708,990.0,964.608607280156,25.391392719843907,0.1010945988790603,0.0041767880026007,989.8947286131184,0.1422711176525342,0.0,0.0,0.0,25.143850215309705,25.28612133296224,25.28612133296224,25.28612133296224,,0.9139680557316718,0.0,0.0,0.0,31.950623844662825,0.0,0.0,0.0,0.6507255365511777,0.0,0.0,0.0,0.97,0.96,0.96,0.96,30.99210512932294,0.0,0.0,0.0,30.99210512932294,743.8105231037506,0.1320116922548762,6.072544845771344e-05,0.9
1938-11-05,1938-11-16,250.8784,0.9414693900674836,236.1943342291061,0.893,1938,11,5,1938.11,1938,2,36,6,0.0204071904773947,1.4264542030990697,0.0060393243883463,0.53,3,Normal,36,5,3,2,47,93.0,0.3937435684201931,143.19433422910612,143.19433422910612,,1,143.19433422910612,0.0,0.0,0.0,0.0,0.0,0.0,0.0,0.0,0.0,36.0,5.0,3.0,2.0,47.0,187.1943342291061,990.0,964.6171660053748,25.382833994625344,0.1015980406703338,0.0043194334229106,989.8940825259068,0.1451525551427943,0.0,0.0,0.0,25.13176396538936,25.276916520532158,25.276916520532158,25.276916520532158,,0.9146091655604583,0.0,0.0,0.0,32.27922176338376,0.0,0.0,0.0,0.6574179585210541,0.0,0.0,0.0,0.97,0.96,0.96,0.96,31.310845110482244,0.0,0.0,0.0,31.310845110482244,751.4602826515738,0.1325639127317552,6.073883454926588e-05,0.895
1938-11-06,1938-11-17,250.8784,0.9414693900674836,236.1943342291061,0.893,1938,11,6,1938.11,1938,2,37,6,0.0204071904773947,0.0,0.0,0.53,3,Normal,36,5,3,2,47,93.0,0.3937435684201931,143.19433422910612,143.19433422910612,,1,143.19433422910612,0.0,0.0,0.0,0.0,0.0,0.0,0.0,0.0,0.0,36.0,5.0,3.0,2.0,47.0,187.1943342291061,990.0,964.6171660053748,25.382833994625344,0.1015980406703338,0.0043194334229106,989.8940825259068,0.1451525551427943,0.0,0.0,0.0,25.13176396538936,25.276916520532158,25.276916520532158,25.276916520532158,,0.9146091655604583,0.0,0.0,0.0,32.27922176338376,0.0,0.0,0.0,0.6574179585210541,0.0,0.0,0.0,0.97,0.96,0.96,0.96,31.310845110482244,0.0,0.0,0.0,31.310845110482244,751.4602826515738,0.1325639127317552,6.073883454926588e-05,0.895
1938-11-07,1938-11-18,254.284,0.9424159355737844,239.64129376144416,0.89,1938,11,7,1938.11,1938,2,38,6,0.0207050077809887,3.4469595323380133,0.0143838295906103,0.53,3,Normal,36,5,3,2,47,93.0,0.3880800280296381,146.64129376144416,146.64129376144416,,1,146.64129376144416,0.0,0.0,0.0,0.0,0.0,0.0,0.0,0.0,0.0,36.0,5.0,3.0,2.0,47.0,190.64129376144416,990.0,964.6378477625686,25.36215223743136,0.102814584095028,0.0046641293761444,989.8925212865288,0.1522138910238038,0.0,0.0,0.0,25.10245963293646,25.254673523960264,25.254673523960264,25.254673523960264,,0.9160639274770712,0.0,0.0,0.0,33.0702168258047,0.0,0.0,0.0,0.6735278375927637,0.0,0.0,0.0,0.97,0.96,0.96,0.96,32.07811032103056,0.0,0.0,0.0,32.07811032103056,769.8746477047334,0.1338588597045523,6.076450890280602e-05,0.89
1938-11-08,1938-11-19,257.7185,0.9439744768586136,243.27968621428656,0.884,1938,11,8,1938.11,1938,2,39,6,0.0210193648889143,3.638392452842453,0.0149555949757254,0.53,3,Normal,36,5,3,2,47,93.0,0.3822760603122588,150.27968621428656,150.27968621428656,,1,150.27968621428656,0.0,0.0,0.0,0.0,0.0,0.0,0.0,0.0,0.0,36.0,5.0,3.0,2.0,47.0,194.27968621428656,990.0,964.6596781172858,25.340321882714196,0.1040986903844801,0.0050279686214286,989.890873340994,0.1598041222228589,0.0,0.0,0.0,25.0713911014854,25.23119522370825,25.23119522370825,25.23119522370825,,0.9174897825786752,0.0,0.0,0.0,33.90147915532531,0.0,0.0,0.0,0.6904578239373791,0.0,0.0,0.0,0.97,0.96,0.96,0.96,32.88443478066555,0.0,0.0,0.0,32.88443478066555,789.2264347359733,0.1351713136940671,6.0783765570460376e-05,0.885
1938-11-09,1938-11-20,257.7185,0.9439744768586136,243.27968621428656,0.884,1938,11,9,1938.11,1938,2,40,6,0.0210193648889143,0.0,0.0,0.53,3,Normal,36,5,3,2,47,93.0,0.3822760603122588,150.27968621428656,150.27968621428656,,1,150.27968621428656,0.0,0.0,0.0,0.0,0.0,0.0,0.0,0.0,0.0,36.0,5.0,3.0,2.0,47.0,194.27968621428656,990.0,964.6596781172858,25.340321882714196,0.1040986903844801,0.0050279686214286,989.890873340994,0.1598041222228589,0.0,0.0,0.0,25.0713911014854,25.23119522370825,25.23119522370825,25.23119522370825,,0.9174897825786752,0.0,0.0,0.0,33.90147915532531,0.0,0.0,0.0,0.6904578239373791,0.0,0.0,0.0,0.97,0.96,0.96,0.96,32.88443478066555,0.0,0.0,0.0,32.88443478066555,789.2264347359733,0.1351713136940671,6.0783765570460376e-05,0.885
1938-11-10,1938-11-21,257.7185,0.9439744768586136,243.27968621428656,0.884,1938,11,10,1938.11,1938,2,41,6,0.0210193648889143,0.0,0.0,0.53,3,Normal,36,5,3,2,47,93.0,0.3822760603122588,150.27968621428656,150.27968621428656,,1,150.27968621428656,0.0,0.0,0.0,0.0,0.0,0.0,0.0,0.0,0.0,36.0,5.0,3.0,2.0,47.0,194.27968621428656,990.0,964.6596781172858,25.340321882714196,0.1040986903844801,0.0050279686214286,989.890873340994,0.1598041222228589,0.0,0.0,0.0,25.0713911014854,25.23119522370825,25.23119522370825,25.23119522370825,,0.9174897825786752,0.0,0.0,0.0,33.90147915532531,0.0,0.0,0.0,0.6904578239373791,0.0,0.0,0.0,0.97,0.96,0.96,0.96,32.88443478066555,0.0,0.0,0.0,32.88443478066555,789.2264347359733,0.1351713136940671,6.0783765570460376e-05,0.885
1938-11-11,1938-11-22,261.1822,0.9426194585361816,246.1954239432886,0.879,1938,11,11,1938.11,1938,2,42,6,0.0212712846287001,2.915737729001989,0.0118431840945737,0.47,3,Normal,36,5,3,2,47,93.0,0.3777486945550322,153.1954239432886,153.1954239432886,,1,153.1954239432886,0.0,0.0,0.0,0.0,0.0,0.0,0.0,0.0,0.0,36.0,5.0,3.0,2.0,47.0,197.1954239432886,990.0,964.6771725436598,25.32282745634018,0.1051277484656884,0.0053195423943288,989.88955270914,0.1661021157175033,0.0,0.0,0.0,25.046278049762723,25.212380165480223,25.212380165480223,25.212380165480223,,0.9186340991256268,0.0,0.0,0.0,34.5676815131587,0.0,0.0,0.0,0.704026100064332,0.0,0.0,0.0,0.97,0.96,0.96,0.96,33.53065106776394,0.0,0.0,0.0,33.53065106776394,804.7356256263346,0.1361952652519153,6.07986159201042e-05,0.88
1938-11-12,1938-11-23,271.7487,0.9523418217225876,258.7976520087449,0.862,1938,11,12,1938.11,1938,2,43,7,0.0223601171335555,12.602228065456272,0.0486952952147743,0.47,3,Normal,36,5,3,2,47,93.0,0.3593541103566793,165.79765200874488,165.79765200874488,,1,165.79765200874488,0.0,0.0,0.0,0.0,0.0,0.0,0.0,0.0,0.0,36.0,5.0,3.0,2.0,47.0,209.79765200874488,990.0,964.735190608035,25.264809391964945,0.109575580462664,0.0065797652008744,989.8838446543364,0.1944984117808127,0.0,0.0,0.0,24.954155634520617,25.14865404630143,25.14865404630143,25.14865404630143,,0.9235675264773962,0.0,0.0,0.0,37.473875451748256,0.0,0.0,0.0,0.7632153859826528,0.0,0.0,0.0,0.97,0.96,0.96,0.96,36.34965918819581,0.0,0.0,0.0,36.34965918819581,872.3918205166995,0.1404559079499204,6.0900304859227126e-05,0.86
1938-11-13,1938-11-24,271.7487,0.9523418217225876,258.7976520087449,0.862,1938,11,13,1938.11,1938,2,44,7,0.0223601171335555,0.0,0.0,0.47,3,Normal,36,5,3,2,47,93.0,0.3593541103566793,165.79765200874488,165.79765200874488,,1,165.79765200874488,0.0,0.0,0.0,0.0,0.0,0.0,0.0,0.0,0.0,36.0,5.0,3.0,2.0,47.0,209.79765200874488,990.0,964.735190608035,25.264809391964945,0.109575580462664,0.0065797652008744,989.8838446543364,0.1944984117808127,0.0,0.0,0.0,24.954155634520617,25.14865404630143,25.14865404630143,25.14865404630143,,0.9235675264773962,0.0,0.0,0.0,37.473875451748256,0.0,0.0,0.0,0.7632153859826528,0.0,0.0,0.0,0.97,0.96,0.96,0.96,36.34965918819581,0.0,0.0,0.0,36.34965918819581,872.3918205166995,0.1404559079499204,6.0900304859227126e-05,0.86
1938-11-14,1938-11-25,271.7487,0.9523418217225876,258.7976520087449,0.862,1938,11,14,1938.11,1938,2,45,7,0.0223601171335555,0.0,0.0,0.47,3,Normal,36,5,3,2,47,93.0,0.3593541103566793,165.79765200874488,165.79765200874488,,1,165.79765200874488,0.0,0.0,0.0,0.0,0.0,0.0,0.0,0.0,0.0,36.0,5.0,3.0,2.0,47.0,209.79765200874488,990.0,964.735190608035,25.264809391964945,0.109575580462664,0.0065797652008744,989.8838446543364,0.1944984117808127,0.0,0.0,0.0,24.954155634520617,25.14865404630143,25.14865404630143,25.14865404630143,,0.9235675264773962,0.0,0.0,0.0,37.473875451748256,0.0,0.0,0.0,0.7632153859826528,0.0,0.0,0.0,0.97,0.96,0.96,0.96,36.34965918819581,0.0,0.0,0.0,36.34965918819581,872.3918205166995,0.1404559079499204,6.0900304859227126e-05,0.86
1938-11-15,1938-11-26,271.7487,0.9523418217225876,258.7976520087449,0.862,1938,11,15,1938.11,1938,2,46,7,0.0223601171335555,0.0,0.0,0.47,3,Normal,36,5,3,2,47,93.0,0.3593541103566793,165.79765200874488,165.79765200874488,,1,165.79765200874488,0.0,0.0,0.0,0.0,0.0,0.0,0.0,0.0,0.0,36.0,5.0,3.0,2.0,47.0,209.79765200874488,990.0,964.735190608035,25.264809391964945,0.109575580462664,0.0065797652008744,989.8838446543364,0.1944984117808127,0.0,0.0,0.0,24.954155634520617,25.14865404630143,25.14865404630143,25.14865404630143,,0.9235675264773962,0.0,0.0,0.0,37.473875451748256,0.0,0.0,0.0,0.7632153859826528,0.0,0.0,0.0,0.97,0.96,0.96,0.96,36.34965918819581,0.0,0.0,0.0,36.34965918819581,872.3918205166995,0.1404559079499204,6.0900304859227126e-05,0.86
1938-11-16,1938-11-27,271.7487,0.9523418217225876,258.7976520087449,0.862,1938,11,16,1938.11,1938,2,47,7,0.0223601171335555,0.0,0.0,0.47,3,Normal,36,5,3,2,47,93.0,0.3593541103566793,165.79765200874488,165.79765200874488,,1,165.79765200874488,0.0,0.0,0.0,0.0,0.0,0.0,0.0,0.0,0.0,36.0,5.0,3.0,2.0,47.0,209.79765200874488,990.0,964.735190608035,25.264809391964945,0.109575580462664,0.0065797652008744,989.8838446543364,0.1944984117808127,0.0,0.0,0.0,24.954155634520617,25.14865404630143,25.14865404630143,25.14865404630143,,0.9235675264773962,0.0,0.0,0.0,37.473875451748256,0.0,0.0,0.0,0.7632153859826528,0.0,0.0,0.0,0.97,0.96,0.96,0.96,36.34965918819581,0.0,0.0,0.0,36.34965918819581,872.3918205166995,0.1404559079499204,6.0900304859227126e-05,0.86
1938-11-17,1938-11-28,271.7487,0.9523418217225876,258.7976520087449,0.862,1938,11,17,1938.11,1938,2,48,7,0.0223601171335555,0.0,0.0,0.47,3,Normal,36,5,3,2,47,93.0,0.3593541103566793,165.79765200874488,165.79765200874488,,1,165.79765200874488,0.0,0.0,0.0,0.0,0.0,0.0,0.0,0.0,0.0,36.0,5.0,3.0,2.0,47.0,209.79765200874488,990.0,964.735190608035,25.264809391964945,0.109575580462664,0.0065797652008744,989.8838446543364,0.1944984117808127,0.0,0.0,0.0,24.954155634520617,25.14865404630143,25.14865404630143,25.14865404630143,,0.9235675264773962,0.0,0.0,0.0,37.473875451748256,0.0,0.0,0.0,0.7632153859826528,0.0,0.0,0.0,0.97,0.96,0.96,0.96,36.34965918819581,0.0,0.0,0.0,36.34965918819581,872.3918205166995,0.1404559079499204,6.0900304859227126e-05,0.86
1938-11-18,1938-11-29,271.7487,0.9523418217225876,258.7976520087449,0.862,1938,11,18,1938.11,1938,2,49,7,0.0223601171335555,0.0,0.0,0.47,3,Normal,36,5,3,2,47,93.0,0.3593541103566793,165.79765200874488,165.79765200874488,,1,165.79765200874488,0.0,0.0,0.0,0.0,0.0,0.0,0.0,0.0,0.0,36.0,5.0,3.0,2.0,47.0,209.79765200874488,990.0,964.735190608035,25.264809391964945,0.109575580462664,0.0065797652008744,989.8838446543364,0.1944984117808127,0.0,0.0,0.0,24.954155634520617,25.14865404630143,25.14865404630143,25.14865404630143,,0.9235675264773962,0.0,0.0,0.0,37.473875451748256,0.0,0.0,0.0,0.7632153859826528,0.0,0.0,0.0,0.97,0.96,0.96,0.96,36.34965918819581,0.0,0.0,0.0,36.34965918819581,872.3918205166995,0.1404559079499204,6.0900304859227126e-05,0.86
1938-11-19,1938-11-30,271.7487,0.9523418217225876,258.7976520087449,0.862,1938,11,19,1938.11,1938,2,50,8,0.0223601171335555,0.0,0.0,0.47,3,Normal,36,5,3,2,47,93.0,0.3593541103566793,165.79765200874488,165.79765200874488,,1,165.79765200874488,0.0,0.0,0.0,0.0,0.0,0.0,0.0,0.0,0.0,36.0,5.0,3.0,2.0,47.0,209.79765200874488,990.0,964.735190608035,25.264809391964945,0.109575580462664,0.0065797652008744,989.8838446543364,0.1944984117808127,0.0,0.0,0.0,24.954155634520617,25.14865404630143,25.14865404630143,25.14865404630143,,0.9235675264773962,0.0,0.0,0.0,37.473875451748256,0.0,0.0,0.0,0.7632153859826528,0.0,0.0,0.0,0.97,0.96,0.96,0.96,36.34965918819581,0.0,0.0,0.0,36.34965918819581,872.3918205166995,0.1404559079499204,6.0900304859227126e-05,0.86
1938-11-20,1938-12-01,320.6383,0.9330769620260724,299.18021087320443,0.7859999999999999,1938,11,20,1938.11,1938,2,51,8,0.0258491702194448,40.38255886445955,0.1349773728235457,0.47,3,Normal,36,5,3,2,47,93.0,0.3108494366273922,206.18021087320443,206.18021087320443,,1,206.18021087320443,0.0,0.0,0.0,0.0,0.0,0.0,0.0,0.0,0.0,36.0,5.0,3.0,2.0,47.0,250.18021087320443,990.0,964.8967208434927,25.103279156507256,0.1238281215470971,0.0112360421746408,989.8649358362782,0.300769819967221,0.0,0.0,0.0,24.6674451728182,24.96821499278542,24.96821499278542,24.96821499278542,,0.9365752519294108,0.0,0.0,0.0,46.71458858185687,0.0,0.0,0.0,0.9514172827262092,0.0,0.0,0.0,0.98,0.96,0.96,0.96,45.78029681021973,0.0,0.0,0.0,45.78029681021973,1098.7271234452735,0.1530191341085118,6.167783542413e-05,0.785
1938-11-21,1938-12-02,328.6161,0.9312389803097992,306.020121877383,0.775,1938,11,21,1938.11,1938,2,52,8,0.0264401385302058,6.839911004178588,0.0223511805766786,0.54,3,Normal,36,5,3,2,47,93.0,0.3039015847371745,213.02012187738305,213.02012187738305,,1,213.02012187738305,0.0,0.0,0.0,0.0,0.0,0.0,0.0,0.0,0.0,36.0,5.0,3.0,2.0,47.0,257.020121877383,990.0,964.9301006093868,25.06989939061316,0.1262421383612056,0.0126040243754766,989.8611538372631,0.321060365632149,0.0,0.0,0.0,24.60999286224427,24.93105322787642,24.93105322787642,24.93105322787642,,0.9382634479229414,0.0,0.0,0.0,48.23870205300543,0.0,0.0,0.0,0.9824582902852428,0.0,0.0,0.0,0.98,0.96,0.96,0.96,47.27392801194532,0.0,0.0,0.0,47.27392801194532,1134.5742722866876,0.1544798025761428,6.164509978800758e-05,0.775
1938-11-22,1938-12-03,353.2963,0.921778111561846,325.6607962357874,0.746,1938,11,22,1938.11,1938,2,53,8,0.028137092794772,19.6406743584044,0.0603102202826526,0.54,3,Normal,36,5,3,2,47,93.0,0.2855732132174283,232.66079623578744,232.66079623578744,,2,116.33039811789372,116.33039811789372,0.0,0.0,0.0,0.0,0.0,0.0,0.0,0.0,36.0,5.0,3.0,2.0,47.0,276.6607962357874,990.0,965.028303981179,24.971696018821035,0.1331739417300874,0.0165321592471574,989.8502938990227,0.0958084608757035,0.0958084608757035,0.0,0.0,24.72618145696808,24.72618145696808,24.82198991784378,24.82198991784378,,0.8984836133296319,0.8984836133296319,0.0,0.0,25.34539866314747,25.34539866314747,0.0,0.0,0.5161995654408853,0.5161995654408853,0.0,0.0,0.97,0.97,0.96,0.96,24.58503670325305,24.58503670325305,0.0,0.0,49.17007340650609,1180.081761756146,0.1509855468476641,5.87050072251432e-05,0.745
1938-11-23,1938-12-04,353.2963,0.921778111561846,325.6607962357874,0.746,1938,11,23,1938.11,1938,2,54,8,0.028137092794772,0.0,0.0,0.54,3,Normal,36,5,3,2,47,93.0,0.2855732132174283,232.66079623578744,232.66079623578744,,2,116.33039811789372,116.33039811789372,0.0,0.0,0.0,0.0,0.0,0.0,0.0,0.0,36.0,5.0,3.0,2.0,47.0,276.6607962357874,990.0,965.028303981179,24.971696018821035,0.1331739417300874,0.0165321592471574,989.8502938990227,0.0958084608757035,0.0958084608757035,0.0,0.0,24.72618145696808,24.72618145696808,24.82198991784378,24.82198991784378,,0.8984836133296319,0.8984836133296319,0.0,0.0,25.34539866314747,25.34539866314747,0.0,0.0,0.5161995654408853,0.5161995654408853,0.0,0.0,0.97,0.97,0.96,0.96,24.58503670325305,24.58503670325305,0.0,0.0,49.17007340650609,1180.081761756146,0.1509855468476641,5.87050072251432e-05,0.745
1938-11-24,1938-12-05,353.2963,0.921778111561846,325.6607962357874,0.746,1938,11,24,1938.11,1938,2,55,8,0.028137092794772,0.0,0.0,0.54,3,Normal,36,5,3,2,47,93.0,0.2855732132174283,232.66079623578744,232.66079623578744,,2,116.33039811789372,116.33039811789372,0.0,0.0,0.0,0.0,0.0,0.0,0.0,0.0,36.0,5.0,3.0,2.0,47.0,276.6607962357874,990.0,965.028303981179,24.971696018821035,0.1331739417300874,0.0165321592471574,989.8502938990227,0.0958084608757035,0.0958084608757035,0.0,0.0,24.72618145696808,24.72618145696808,24.82198991784378,24.82198991784378,,0.8984836133296319,0.8984836133296319,0.0,0.0,25.34539866314747,25.34539866314747,0.0,0.0,0.5161995654408853,0.5161995654408853,0.0,0.0,0.97,0.97,0.96,0.96,24.58503670325305,24.58503670325305,0.0,0.0,49.17007340650609,1180.081761756146,0.1509855468476641,5.87050072251432e-05,0.745
1938-11-25,1938-12-06,353.2963,0.921778111561846,325.6607962357874,0.746,1938,11,25,1938.11,1938,2,56,8,0.028137092794772,0.0,0.0,0.54,3,Normal,36,5,3,2,47,93.0,0.2855732132174283,232.66079623578744,232.66079623578744,,2,116.33039811789372,116.33039811789372,0.0,0.0,0.0,0.0,0.0,0.0,0.0,0.0,36.0,5.0,3.0,2.0,47.0,276.6607962357874,990.0,965.028303981179,24.971696018821035,0.1331739417300874,0.0165321592471574,989.8502938990227,0.0958084608757035,0.0958084608757035,0.0,0.0,24.72618145696808,24.72618145696808,24.82198991784378,24.82198991784378,,0.8984836133296319,0.8984836133296319,0.0,0.0,25.34539866314747,25.34539866314747,0.0,0.0,0.5161995654408853,0.5161995654408853,0.0,0.0,0.97,0.97,0.96,0.96,24.58503670325305,24.58503670325305,0.0,0.0,49.17007340650609,1180.081761756146,0.1509855468476641,5.87050072251432e-05,0.745
1938-11-26,1938-12-07,353.2963,0.921778111561846,325.6607962357874,0.746,1938,11,26,1938.11,1938,2,57,9,0.028137092794772,0.0,0.0,0.54,3,Normal,36,5,3,2,47,93.0,0.2855732132174283,232.66079623578744,232.66079623578744,,2,116.33039811789372,116.33039811789372,0.0,0.0,0.0,0.0,0.0,0.0,0.0,0.0,36.0,5.0,3.0,2.0,47.0,276.6607962357874,990.0,965.028303981179,24.971696018821035,0.1331739417300874,0.0165321592471574,989.8502938990227,0.0958084608757035,0.0958084608757035,0.0,0.0,24.72618145696808,24.72618145696808,24.82198991784378,24.82198991784378,,0.8984836133296319,0.8984836133296319,0.0,0.0,25.34539866314747,25.34539866314747,0.0,0.0,0.5161995654408853,0.5161995654408853,0.0,0.0,0.97,0.97,0.96,0.96,24.58503670325305,24.58503670325305,0.0,0.0,49.17007340650609,1180.081761756146,0.1509855468476641,5.87050072251432e-05,0.745
1938-11-27,1938-12-08,353.2963,0.921778111561846,325.6607962357874,0.746,1938,11,27,1938.11,1938,2,58,9,0.028137092794772,0.0,0.0,0.54,3,Normal,36,5,3,2,47,93.0,0.2855732132174283,232.66079623578744,232.66079623578744,,2,116.33039811789372,116.33039811789372,0.0,0.0,0.0,0.0,0.0,0.0,0.0,0.0,36.0,5.0,3.0,2.0,47.0,276.6607962357874,990.0,965.028303981179,24.971696018821035,0.1331739417300874,0.0165321592471574,989.8502938990227,0.0958084608757035,0.0958084608757035,0.0,0.0,24.72618145696808,24.72618145696808,24.82198991784378,24.82198991784378,,0.8984836133296319,0.8984836133296319,0.0,0.0,25.34539866314747,25.34539866314747,0.0,0.0,0.5161995654408853,0.5161995654408853,0.0,0.0,0.97,0.97,0.96,0.96,24.58503670325305,24.58503670325305,0.0,0.0,49.17007340650609,1180.081761756146,0.1509855468476641,5.87050072251432e-05,0.745
1938-11-28,1938-12-09,349.1046,0.9270188758292952,323.62655383883583,0.7509999999999999,1938,11,28,1938.11,1938,2,59,9,0.0279613342516754,2.0342423969515835,0.0062857709691047,0.54,3,Normal,36,5,3,2,47,93.0,0.2873682610306244,230.62655383883583,230.62655383883583,,2,115.31327691941792,115.31327691941792,0.0,0.0,0.0,0.0,0.0,0.0,0.0,0.0,36.0,5.0,3.0,2.0,47.0,274.62655383883583,990.0,965.0181327691942,24.981867230805847,0.1324559944721168,0.0161253107677671,989.85141869476,0.0941200396862337,0.0941200396862337,0.0,0.0,24.73916588587974,24.73916588587974,24.83328592556597,24.83328592556597,,0.8976429142662665,0.8976429142662665,0.0,0.0,25.113467026100963,25.113467026100963,0.0,0.0,0.5114759068452335,0.5114759068452335,0.0,0.0,0.97,0.97,0.96,0.96,24.36006301531793,24.36006301531793,0.0,0.0,48.72012603063587,1169.2830247352608,0.1505442784367385,5.868087657980855e-05,0.75
1938-11-29,1938-12-10,336.7179,0.9260439379072553,311.8155700798613,0.7659999999999999,1938,11,29,1938.11,1938,2,60,9,0.0269408652549,11.810983758974546,0.0378781077415394,0.54,3,Normal,36,5,3,2,47,93.0,0.2982532269834412,218.8155700798613,218.8155700798613,,1,218.8155700798613,0.0,0.0,0.0,0.0,0.0,0.0,0.0,0.0,0.0,36.0,5.0,3.0,2.0,47.0,262.8155700798613,990.0,964.9590778503992,25.04092214960076,0.1282875318462276,0.0137631140159722,989.8579493541378,0.3387519558459727,0.0,0.0,0.0,24.560119547892548,24.89887150373852,24.89887150373852,24.89887150373852,,0.9396995783980188,0.0,0.0,0.0,49.526362197081326,0.0,0.0,0.0,1.0086835478020637,0.0,0.0,0.0,0.98,0.96,0.96,0.96,48.2,0.0,0.0,0.0,48.2,1156.8000000000002,0.1545785542000201,6.118800816597438e-05,0.765
1938-11-30,1938-12-11,336.7179,0.9260439379072553,311.8155700798613,0.7659999999999999,1938,11,30,1938.11,1938,2,61,9,0.0269408652549,0.0,0.0,0.54,3,Normal,36,5,3,2,47,93.0,0.2982532269834412,218.8155700798613,218.8155700798613,,1,218.8155700798613,0.0,0.0,0.0,0.0,0.0,0.0,0.0,0.0,0.0,36.0,5.0,3.0,2.0,47.0,262.8155700798613,990.0,964.9590778503992,25.04092214960076,0.1282875318462276,0.0137631140159722,989.8579493541378,0.3387519558459727,0.0,0.0,0.0,24.560119547892548,24.89887150373852,24.89887150373852,24.89887150373852,,0.9396995783980188,0.0,0.0,0.0,49.526362197081326,0.0,0.0,0.0,1.0086835478020637,0.0,0.0,0.0,0.98,0.96,0.96,0.96,48.2,0.0,0.0,0.0,48.2,1156.8000000000002,0.1545785542000201,6.118800816597438e-05,0.765
1938-12-01,1938-12-12,336.7179,0.9260439379072553,311.8155700798613,0.7659999999999999,1938,12,1,1938.12,1938,3,62,9,0.0269408652549,0.0,0.0,0.41,3,Normal,38,5,4,3,54,104.0,0.3335304903900848,207.8155700798613,207.8155700798613,,1,207.8155700798613,0.0,0.0,0.0,0.0,0.0,0.0,0.0,0.0,0.0,38.0,5.0,4.0,3.0,54.0,254.8155700798613,990.0,964.9590778503992,25.04092214960076,0.1254640836316134,0.0115631140159722,989.8629728023524,0.3055777760347922,0.0,0.0,0.0,24.598317175918343,24.90389495195313,24.90389495195313,24.90389495195313,,0.9369376731480648,0.0,0.0,0.0,46.97133257249759,0.0,0.0,0.0,0.9566462845722524,0.0,0.0,0.0,0.98,0.96,0.96,0.96,46.03190592104764,0.0,0.0,0.0,46.03190592104764,1104.765742105143,0.1476254245715122,6.152878982412422e-05,0.765
1938-12-02,1938-12-13,344.9443,0.9283094176295976,320.2150422476492,0.757,1938,12,2,1938.12,1938,3,63,9,0.0276665796501968,8.399472167787906,0.0262307232940415,0.41,3,Normal,38,5,4,3,54,104.0,0.3247817443865365,216.2150422476492,216.2150422476492,,1,216.2150422476492,0.0,0.0,0.0,0.0,0.0,0.0,0.0,0.0,0.0,38.0,5.0,4.0,3.0,54.0,263.2150422476492,990.0,965.0010752112382,24.99892478876177,0.1284285179685937,0.0132430084495298,989.858328473582,0.3307423301227595,0.0,0.0,0.0,24.526510932220887,24.857253262343647,24.857253262343647,24.857253262343647,,0.9390184509270914,0.0,0.0,0.0,48.83537212701211,0.0,0.0,0.0,0.994610430285379,0.0,0.0,0.0,0.98,0.96,0.96,0.96,47.85866468447186,0.0,0.0,0.0,47.85866468447186,1148.6079524273246,0.1494578903868567,6.148542388756464e-05,0.755
1938-12-03,1938-12-14,366.0613,0.9164389073302937,335.4728177879068,0.731,1938,12,3,1938.12,1938,3,64,10,0.0289848514568751,15.257775540257626,0.0454814063352933,0.41,3,Normal,38,5,4,3,54,104.0,0.3100102138998071,231.4728177879068,231.4728177879068,,2,115.7364088939534,115.7364088939534,0.0,0.0,0.0,0.0,0.0,0.0,0.0,0.0,38.0,5.0,4.0,3.0,54.0,278.4728177879068,990.0,965.0773640889396,24.922635911060524,0.1338134603571092,0.0162945635575813,989.8498919760852,0.0948224387639626,0.0948224387639626,0.0,0.0,24.677705448381808,24.677705448381808,24.77252788714577,24.77252788714577,,0.8979297646864951,0.8979297646864951,0.0,0.0,25.151034118198,25.151034118198,0.0,0.0,0.5122410207372301,0.5122410207372301,0.0,0.0,0.97,0.97,0.96,0.96,24.396503094652054,24.396503094652054,0.0,0.0,48.79300618930412,1171.0321485432987,0.1454454835150075,5.855379892934606e-05,0.73
1938-12-04,1938-12-15,370.3799,0.9134433097017404,338.3210417029997,0.727,1938,12,4,1938.12,1938,3,65,10,0.0292309380031391,2.848223915092888,0.0084187016590982,0.41,3,Normal,38,5,4,3,54,104.0,0.3074003303977113,234.3210417029997,234.3210417029997,,2,117.16052085149984,117.16052085149984,0.0,0.0,0.0,0.0,0.0,0.0,0.0,0.0,38.0,5.0,4.0,3.0,54.0,281.3210417029997,990.0,965.0916052085148,24.90839479148508,0.1348186869480955,0.0168642083405999,989.8483171047112,0.0971864646134897,0.0971864646134897,0.0,0.0,24.65952543158292,24.65952543158292,24.756711896196407,24.756711896196407,,0.8991028075576588,0.8991028075576588,0.0,0.0,25.474992301309012,25.474992301309012,0.0,0.0,0.5188389470735033,0.5188389470735033,0.0,0.0,0.97,0.97,0.96,0.96,24.710742532269744,24.710742532269744,0.0,0.0,49.42148506453949,1186.1156415489477,0.1460786618998557,5.858709997160988e-05,0.725
1938-12-05,1938-12-16,374.7305,0.908907350449394,340.5953058875766,0.721,1938,12,5,1938.12,1938,3,66,10,0.0294274344286866,2.2742641845769067,0.0066773209884683,0.41,3,Normal,38,5,4,3,54,104.0,0.3053477197196846,236.5953058875766,236.5953058875766,,2,118.29765294378832,118.29765294378832,0.0,0.0,0.0,0.0,0.0,0.0,0.0,0.0,38.0,5.0,4.0,3.0,54.0,283.5953058875766,990.0,965.102976529438,24.89702347056209,0.1356213453420335,0.0173190611775153,989.8470595934804,0.0990741038866886,0.0990741038866886,0.0,0.0,24.645008960155767,24.645008960155767,24.744083064042456,24.744083064042456,,0.9000379961217275,0.9000379961217275,0.0,0.0,25.733843301893646,25.733843301893646,0.0,0.0,0.5241108615456954,0.5241108615456954,0.0,0.0,0.97,0.97,0.96,0.96,24.961828002836835,24.961828002836835,0.0,0.0,49.92365600567367,1198.167744136168,0.1465776396288692,5.86135137879184e-05,0.72
1938-12-06,1938-12-17,387.9749,0.9026852126280548,350.2192051008483,0.7090000000000001,1938,12,6,1938.12,1938,3,67,10,0.0302589393207132,9.62389921327167,0.0274796443858651,0.41,3,Normal,38,5,4,3,54,104.0,0.2969568729677529,246.21920510084828,246.21920510084828,,2,123.10960255042414,123.10960255042414,0.0,0.0,0.0,0.0,0.0,0.0,0.0,0.0,38.0,5.0,4.0,3.0,54.0,293.2192051008483,990.0,965.1510960255042,24.848903974495784,0.1390179179734509,0.0192438410201696,989.8417382410064,0.107310708437738,0.107310708437738,0.0,0.0,24.583331507064443,24.583331507064443,24.69064221550218,24.69064221550218,,0.9039806034449386,0.9039806034449386,0.0,0.0,26.8306057871698,26.8306057871698,0.0,0.0,0.5464481830380814,0.5464481830380814,0.0,0.0,0.97,0.97,0.96,0.96,26.0256876135547,26.0256876135547,0.0,0.0,52.0513752271094,1249.2330054506256,0.1486251309722458,5.872293891510866e-05,0.71
1938-12-07,1938-12-18,387.9749,0.9026852126280548,350.2192051008483,0.7090000000000001,1938,12,7,1938.12,1938,3,68,10,0.0302589393207132,0.0,0.0,0.41,3,Normal,38,5,4,3,54,104.0,0.2969568729677529,246.21920510084828,246.21920510084828,,2,123.10960255042414,123.10960255042414,0.0,0.0,0.0,0.0,0.0,0.0,0.0,0.0,38.0,5.0,4.0,3.0,54.0,293.2192051008483,990.0,965.1510960255042,24.848903974495784,0.1390179179734509,0.0192438410201696,989.8417382410064,0.107310708437738,0.107310708437738,0.0,0.0,24.583331507064443,24.583331507064443,24.69064221550218,24.69064221550218,,0.9039806034449386,0.9039806034449386,0.0,0.0,26.8306057871698,26.8306057871698,0.0,0.0,0.5464481830380814,0.5464481830380814,0.0,0.0,0.97,0.97,0.96,0.96,26.0256876135547,26.0256876135547,0.0,0.0,52.0513752271094,1249.2330054506256,0.1486251309722458,5.872293891510866e-05,0.71
1938-12-08,1938-12-19,387.9749,0.9026852126280548,350.2192051008483,0.7090000000000001,1938,12,8,1938.12,1938,3,69,10,0.0302589393207132,0.0,0.0,0.41,3,Normal,38,5,4,3,54,104.0,0.2969568729677529,246.21920510084828,246.21920510084828,,2,123.10960255042414,123.10960255042414,0.0,0.0,0.0,0.0,0.0,0.0,0.0,0.0,38.0,5.0,4.0,3.0,54.0,293.2192051008483,990.0,965.1510960255042,24.848903974495784,0.1390179179734509,0.0192438410201696,989.8417382410064,0.107310708437738,0.107310708437738,0.0,0.0,24.583331507064443,24.583331507064443,24.69064221550218,24.69064221550218,,0.9039806034449386,0.9039806034449386,0.0,0.0,26.8306057871698,26.8306057871698,0.0,0.0,0.5464481830380814,0.5464481830380814,0.0,0.0,0.97,0.97,0.96,0.96,26.0256876135547,26.0256876135547,0.0,0.0,52.0513752271094,1249.2330054506256,0.1486251309722458,5.872293891510866e-05,0.71
1938-12-09,1938-12-20,401.5105,0.9082764151386006,364.6825175805071,0.6940000000000001,1938,12,9,1938.12,1938,3,70,10,0.0315085695189558,14.46331247965884,0.0396600105089104,0.41,3,Normal,38,5,4,3,54,104.0,0.2851795602651586,260.6825175805071,260.6825175805071,,2,130.34125879025356,130.34125879025356,0.0,0.0,0.0,0.0,0.0,0.0,0.0,0.0,38.0,5.0,4.0,3.0,54.0,307.6825175805071,990.0,965.2234125879024,24.776587412097456,0.1441224696982133,0.0221365035161014,989.8337410267856,0.1202415665256766,0.1202415665256766,0.0,0.0,24.49008687235745,24.49008687235745,24.61032843888313,24.61032843888313,,0.9079250828922174,0.9079250828922174,0.0,0.0,28.422413304948492,28.422413304948492,0.0,0.0,0.5788678880844907,0.5788678880844907,0.0,0.0,0.97,0.97,0.96,0.96,27.56974090580004,27.56974090580004,0.0,0.0,55.13948181160008,1323.3475634784018,0.1511985882334694,5.875546571976861e-05,0.695
1938-12-10,1938-12-21,434.2405,0.9023039355474278,391.8169121240828,0.66,1938,12,10,1938.12,1938,3,71,11,0.0338529812075207,27.13439454357569,0.0692527394912004,0.41,3,Normal,38,5,4,3,54,104.0,0.2654300944699005,287.8169121240828,287.8169121240828,,2,143.9084560620414,143.9084560620414,0.0,0.0,0.0,0.0,0.0,0.0,0.0,0.0,38.0,5.0,4.0,3.0,54.0,334.8169121240828,990.0,965.3590845606204,24.64091543937957,0.1536990394268002,0.0275633824248165,989.8187375781484,0.1465950812453236,0.1465950812453236,0.0,0.0,24.31305793628269,24.31305793628269,24.45965301752801,24.45965301752801,,0.9140957929987992,0.9140957929987992,0.0,0.0,31.3657956347956,31.3657956347956,0.0,0.0,0.6388145750467535,0.6388145750467535,0.0,0.0,0.97,0.97,0.96,0.96,30.42482176575173,30.42482176575173,0.0,0.0,60.84964353150346,1460.391444756083,0.1553012176060262,5.8727190956255984e-05,0.66
1938-12-11,1938-12-22,434.2405,0.9023039355474278,391.8169121240828,0.66,1938,12,11,1938.12,1938,3,72,11,0.0338529812075207,0.0,0.0,0.56,3,Normal,38,5,4,3,54,104.0,0.2654300944699005,287.8169121240828,287.8169121240828,,2,143.9084560620414,143.9084560620414,0.0,0.0,0.0,0.0,0.0,0.0,0.0,0.0,38.0,5.0,4.0,3.0,54.0,334.8169121240828,990.0,965.3590845606204,24.64091543937957,0.1536990394268002,0.0275633824248165,989.8187375781484,0.1465950812453236,0.1465950812453236,0.0,0.0,24.31305793628269,24.31305793628269,24.45965301752801,24.45965301752801,,0.9140957929987992,0.9140957929987992,0.0,0.0,31.3657956347956,31.3657956347956,0.0,0.0,0.6388145750467535,0.6388145750467535,0.0,0.0,0.97,0.97,0.96,0.96,30.42482176575173,30.42482176575173,0.0,0.0,60.84964353150346,1460.391444756083,0.1553012176060262,5.8727190956255984e-05,0.66
1938-12-12,1938-12-23,453.6742,0.9119592484433596,413.7323824701425,0.64,1938,12,12,1938.12,1938,3,73,11,0.0357464778454203,21.91547034605969,0.0529701596360812,0.56,3,Normal,38,5,4,3,54,104.0,0.2513702199936097,309.7323824701425,309.7323824701425,,2,154.86619123507126,154.86619123507126,0.0,0.0,0.0,0.0,0.0,0.0,0.0,0.0,38.0,5.0,4.0,3.0,54.0,356.7323824701425,990.0,965.4617957211155,24.538204278884336,0.1614336888794267,0.0319464764940285,989.8066198346264,0.1697109730677539,0.1697109730677539,0.0,0.0,24.175113140443116,24.175113140443116,24.344824113510867,24.344824113510867,,0.9184746128053304,0.9184746128053304,0.0,0.0,33.72337166315709,33.72337166315709,0.0,0.0,0.6868303801050323,0.6868303801050323,0.0,0.0,0.97,0.97,0.96,0.96,32.711670513262376,32.711670513262376,0.0,0.0,65.42334102652475,1570.160184636594,0.158129611793793,5.8673717420869326e-05,0.64
1938-12-13,1938-12-24,504.6303,0.897830776149602,453.0726139176065,0.595,1938,12,13,1938.12,1938,3,74,11,0.0391454738424812,39.34023144746402,0.0868298595832107,0.56,3,Normal,38,5,4,3,54,104.0,0.2295437790881638,349.0726139176065,349.0726139176065,,2,174.53630695880324,174.53630695880324,0.0,0.0,0.0,0.0,0.0,0.0,0.0,0.0,38.0,5.0,4.0,3.0,54.0,396.0726139176065,990.0,965.6388267626292,24.36117323737085,0.175318077159783,0.0398145227835212,989.7848674000568,0.2155685889794799,0.2155685889794799,0.0,0.0,23.93047204844804,23.93047204844804,24.14604063742752,24.14604063742752,,0.9258080478349018,0.9258080478349018,0.0,0.0,37.92247721886375,37.92247721886375,0.0,0.0,0.7723518781845977,0.7723518781845977,0.0,0.0,0.97,0.97,0.96,0.96,36.78480290229784,36.78480290229784,0.0,0.0,73.56960580459567,1765.670539310296,0.1623792821385904,5.854369777977287e-05,0.595
1938-12-14,1938-12-25,509.9149,0.8935905892579125,455.65515596238953,0.59,1938,12,14,1938.12,1938,3,75,11,0.0393686054751504,2.582542044782997,0.0056677555624898,0.56,3,Normal,38,5,4,3,54,104.0,0.2282427810574019,351.6551559623896,351.6551559623896,,2,175.82757798119476,175.82757798119476,0.0,0.0,0.0,0.0,0.0,0.0,0.0,0.0,38.0,5.0,4.0,3.0,54.0,398.65515596238953,990.0,965.6504482018308,24.349551798169276,0.1762295363754716,0.0403310311924779,989.783439432432,0.2187689449529869,0.2187689449529869,0.0,0.0,23.91422228564832,23.91422228564832,24.132991230601306,24.132991230601306,,0.9262585650184424,0.9262585650184424,0.0,0.0,38.195675221442215,38.195675221442215,0.0,0.0,0.7779159922900655,0.7779159922900655,0.0,0.0,0.97,0.97,0.96,0.96,37.04980496479895,37.04980496479895,0.0,0.0,74.09960992959789,1778.3906383103497,0.1626221254384624,5.853241344951384e-05,0.59
1938-12-15,1938-12-26,509.9149,0.8935905892579125,455.65515596238953,0.59,1938,12,15,1938.12,1938,3,76,11,0.0393686054751504,0.0,0.0,0.56,3,Normal,38,5,4,3,54,104.0,0.2282427810574019,351.6551559623896,351.6551559623896,,2,175.82757798119476,175.82757798119476,0.0,0.0,0.0,0.0,0.0,0.0,0.0,0.0,38.0,5.0,4.0,3.0,54.0,398.65515596238953,990.0,965.6504482018308,24.349551798169276,0.1762295363754716,0.0403310311924779,989.783439432432,0.2187689449529869,0.2187689449529869,0.0,0.0,23.91422228564832,23.91422228564832,24.132991230601306,24.132991230601306,,0.9262585650184424,0.9262585650184424,0.0,0.0,38.195675221442215,38.195675221442215,0.0,0.0,0.7779159922900655,0.7779159922900655,0.0,0.0,0.97,0.97,0.96,0.96,37.04980496479895,37.04980496479895,0.0,0.0,74.09960992959789,1778.3906383103497,0.1626221254384624,5.853241344951384e-05,0.59
1938-12-16,1938-12-27,515.2343,0.8913623235036077,459.2604427967548,0.585,1938,12,16,1938.12,1938,3,77,11,0.0396801022576396,3.6052868343653017,0.0078502011024729,0.56,3,Normal,38,5,4,3,54,104.0,0.2264510293259136,355.2604427967548,355.2604427967548,,2,177.6302213983774,177.6302213983774,0.0,0.0,0.0,0.0,0.0,0.0,0.0,0.0,38.0,5.0,4.0,3.0,54.0,402.2604427967548,990.0,965.6666719925854,24.333328007414597,0.1775019539599291,0.0410520885593509,989.7814459574809,0.2232755534959434,0.2232755534959434,0.0,0.0,23.89149841139939,23.89149841139939,24.11477396489533,24.11477396489533,,0.9268877095597774,0.9268877095597774,0.0,0.0,38.57678836638233,38.57678836638233,0.0,0.0,0.7856779708020841,0.7856779708020841,0.0,0.0,0.97,0.97,0.96,0.96,37.41948471539086,37.41948471539086,0.0,0.0,74.83896943078172,1796.135266338761,0.1629554005893375,5.851651384546291e-05,0.585
1938-12-17,1938-12-28,531.4016,0.8847902403509693,470.1789493868897,0.5740000000000001,1938,12,17,1938.12,1938,3,78,12,0.0406234612270272,10.918506590134882,0.0232220234537776,0.56,3,Normal,38,5,4,3,54,104.0,0.2211923782117751,366.1789493868897,366.1789493868897,,2,183.08947469344488,183.08947469344488,0.0,0.0,0.0,0.0,0.0,0.0,0.0,0.0,38.0,5.0,4.0,3.0,54.0,413.1789493868897,990.0,965.715805272241,24.28419472775897,0.1813554337022003,0.0432357898773779,989.7754087764204,0.2371708447090877,0.2371708447090877,0.0,0.0,23.82243265947036,23.82243265947036,24.05960350417945,24.05960350417945,,0.928794597895512,0.928794597895512,0.0,0.0,39.729021323231024,39.729021323231024,0.0,0.0,0.8091450371330147,0.8091450371330147,0.0,0.0,0.9709145037133016,0.9709145037133016,0.96,0.96,38.57348302106002,38.57348302106002,0.0,0.0,77.14696604212004,1851.527185010881,0.1640800085642268,5.852251426620385e-05,0.575
1938-12-18,1938-12-29,531.4016,0.8847902403509693,470.1789493868897,0.5740000000000001,1938,12,18,1938.12,1938,3,79,12,0.0406234612270272,0.0,0.0,0.56,3,Normal,38,5,4,3,54,104.0,0.2211923782117751,366.1789493868897,366.1789493868897,,2,183.08947469344488,183.08947469344488,0.0,0.0,0.0,0.0,0.0,0.0,0.0,0.0,38.0,5.0,4.0,3.0,54.0,413.1789493868897,990.0,965.715805272241,24.28419472775897,0.1813554337022003,0.0432357898773779,989.7754087764204,0.2371708447090877,0.2371708447090877,0.0,0.0,23.82243265947036,23.82243265947036,24.05960350417945,24.05960350417945,,0.928794597895512,0.928794597895512,0.0,0.0,39.729021323231024,39.729021323231024,0.0,0.0,0.8091450371330147,0.8091450371330147,0.0,0.0,0.9709145037133016,0.9709145037133016,0.96,0.96,38.57348302106002,38.57348302106002,0.0,0.0,77.14696604212004,1851.527185010881,0.1640800085642268,5.852251426620385e-05,0.575
1938-12-19,1938-12-30,536.8608,0.8801028281077824,472.4927083802066,0.5690000000000001,1938,12,19,1938.12,1938,3,80,12,0.0408233700040498,2.313758993316867,0.0048969199995675,0.56,3,Normal,38,5,4,3,54,104.0,0.220109216831158,368.4927083802066,368.4927083802066,,2,184.2463541901033,184.2463541901033,0.0,0.0,0.0,0.0,0.0,0.0,0.0,0.0,38.0,5.0,4.0,3.0,54.0,415.4927083802066,990.0,965.7262171877107,24.27378281228914,0.1821720310395413,0.0436985416760413,989.7741294272844,0.2401555938104665,0.2401555938104665,0.0,0.0,23.807756645763167,23.807756645763167,24.047912239573638,24.047912239573638,,0.9291989952554311,0.9291989952554311,0.0,0.0,39.97282190632457,39.97282190632457,0.0,0.0,0.8141104257907243,0.8141104257907243,0.0,0.0,0.9714110425790724,0.9714110425790724,0.96,0.96,38.83004060285033,38.83004060285033,0.0,0.0,77.66008120570066,1863.841948936816,0.1643624966656817,5.854184978092782e-05,0.57
1938-12-20,1938-12-31,559.0506,0.8753118667840304,489.3436243127323,0.555,1938,12,20,1938.12,1938,3,81,12,0.04227928914062,16.850915932525712,0.0344357524964022,0.56,3,Normal,38,5,4,3,54,104.0,0.2125295903181833,385.3436243127323,385.3436243127323,,2,192.67181215636612,192.67181215636612,0.0,0.0,0.0,0.0,0.0,0.0,0.0,0.0,38.0,5.0,4.0,3.0,54.0,432.3436243127323,990.0,965.8020463094072,24.19795369059273,0.1881192421025792,0.0470687248625464,989.7648120330348,0.2626673290653159,0.2626673290653159,0.0,0.0,23.7000983945622,23.7000983945622,23.962765723627516,23.962765723627516,,0.9317340272107086,0.9317340272107086,0.0,0.0,41.725253798406605,41.725253798406605,0.0,0.0,0.8498015030225378,0.8498015030225378,0.0,0.0,0.9749801503022536,0.9749801503022536,0.96,0.96,40.68129421977015,40.68129421977015,0.0,0.0,81.3625884395403,1952.7021225489675,0.1662688229642544,5.865081860713859e-05,0.555
1938-12-21,1939-01-01,576.0661,0.8889914195501405,512.1178199937132,0.544,1938,12,21,1938.12,1938,3,82,12,0.0442469796474568,22.77419568098088,0.0444706174865394,0.31,2,Mod_Wet,42,7,5,3,61,118.0,0.2304157273836879,394.1178199937132,394.1178199937132,,2,197.05890999685656,197.05890999685656,0.0,0.0,0.0,0.0,0.0,0.0,0.0,0.0,42.0,7.0,5.0,3.0,61.0,448.1178199937132,990.0,965.9045301899716,24.09546981002836,0.1936864451816342,0.0488235639987426,989.7574899908196,0.2747649479911984,0.2747649479911984,0.0,0.0,23.5781948528568,23.5781948528568,23.852959800848,23.852959800848,,0.9329769005866004,0.9329769005866004,0.0,0.0,42.51245834488291,42.51245834488291,0.0,0.0,0.8658341821768413,0.8658341821768413,0.0,0.0,0.976583418217684,0.976583418217684,0.96,0.96,41.51696188728266,41.51696188728266,0.0,0.0,83.03392377456532,1992.814170589568,0.1621383215596455,5.85230549246316e-05,0.545
1938-12-22,1939-01-02,576.0661,0.8889914195501405,512.1178199937132,0.544,1938,12,22,1938.12,1938,3,83,12,0.0442469796474568,0.0,0.0,0.31,2,Mod_Wet,42,7,5,3,61,118.0,0.2304157273836879,394.1178199937132,394.1178199937132,,2,197.05890999685656,197.05890999685656,0.0,0.0,0.0,0.0,0.0,0.0,0.0,0.0,42.0,7.0,5.0,3.0,61.0,448.1178199937132,990.0,965.9045301899716,24.09546981002836,0.1936864451816342,0.0488235639987426,989.7574899908196,0.2747649479911984,0.2747649479911984,0.0,0.0,23.5781948528568,23.5781948528568,23.852959800848,23.852959800848,,0.9329769005866004,0.9329769005866004,0.0,0.0,42.51245834488291,42.51245834488291,0.0,0.0,0.8658341821768413,0.8658341821768413,0.0,0.0,0.976583418217684,0.976583418217684,0.96,0.96,41.51696188728266,41.51696188728266,0.0,0.0,83.03392377456532,1992.814170589568,0.1621383215596455,5.85230549246316e-05,0.545
1938-12-23,1939-01-03,581.8096,0.8882166996280455,516.7730027239134,0.54,1938,12,23,1938.12,1938,3,84,12,0.0446491874353461,4.655182730200182,0.0090081771022531,0.31,2,Mod_Wet,42,7,5,3,61,118.0,0.2283401017042712,398.77300272391335,398.77300272391335,,2,199.38650136195668,199.38650136195668,0.0,0.0,0.0,0.0,0.0,0.0,0.0,0.0,42.0,7.0,5.0,3.0,61.0,452.77300272391335,990.0,965.9254785122577,24.07452148774246,0.19532940360267,0.0497546005447826,989.7549159958526,0.2812822038134787,0.2812822038134787,0.0,0.0,23.54815527978155,23.54815527978155,23.82943748359503,23.82943748359503,,0.9336651243356566,0.9336651243356566,0.0,0.0,42.9914882992228,42.9914882992228,0.0,0.0,0.8755903930595275,0.8755903930595275,0.0,0.0,0.9775590393059528,0.9775590393059528,0.96,0.96,42.02671800012135,42.02671800012135,0.0,0.0,84.0534360002427,2017.2824640058247,0.1626505942787192,5.855004352664005e-05,0.54
1938-12-24,1939-01-04,611.0679,0.8869861279741288,542.0087505502821,0.523,1938,12,24,1938.12,1938,3,85,13,0.0468295560475443,25.235747826368765,0.0465596686414154,0.31,2,Mod_Wet,42,7,5,3,61,118.0,0.2177086622313732,424.0087505502821,424.0087505502821,,2,212.00437527514103,212.00437527514103,0.0,0.0,0.0,0.0,0.0,0.0,0.0,0.0,42.0,7.0,5.0,3.0,61.0,478.0087505502821,990.0,966.0390393774762,23.96096062252377,0.2042358819957718,0.0548017501100564,989.740962367894,0.3180131258254232,0.3180131258254232,0.0,0.0,23.383909864592447,23.383909864592447,23.70192299041787,23.70192299041787,,0.9369474449529868,0.9369474449529868,0.0,0.0,45.55288453175337,45.55288453175337,0.0,0.0,0.9277573224389688,0.9277573224389688,0.0,0.0,0.98,0.98,0.96,0.96,44.6418268411183,44.6418268411183,0.0,0.0,89.2836536822366,2142.8076883736785,0.1647273288329572,5.849175253941204e-05,0.525
1938-12-25,1939-01-05,617.0284,0.8884164098844547,548.1781559247493,0.519,1938,12,25,1938.12,1938,3,86,13,0.0473625926718983,6.169405374467146,0.0112543801824056,0.31,2,Mod_Wet,42,7,5,3,61,118.0,0.2152584861776184,430.17815592474926,430.17815592474926,,2,215.08907796237463,215.08907796237463,0.0,0.0,0.0,0.0,0.0,0.0,0.0,0.0,42.0,7.0,5.0,3.0,61.0,484.17815592474926,990.0,966.0668017016612,23.93319829833865,0.2064132565694931,0.0560356311849498,989.7375511122456,0.3272743601241138,0.3272743601241138,0.0,0.0,23.343475050460107,23.343475050460107,23.67074941058422,23.67074941058422,,0.9376512287763232,0.9376512287763232,0.0,0.0,46.17042716736707,46.17042716736707,0.0,0.0,0.9403345655268244,0.9403345655268244,0.0,0.0,0.98,0.98,0.96,0.96,45.24701862401973,45.24701862401973,0.0,0.0,90.49403724803946,2171.856893952947,0.1650814361535084,5.843447005081561e-05,0.52
1938-12-26,1939-01-06,617.0284,0.8884164098844547,548.1781559247493,0.519,1938,12,26,1938.12,1938,3,87,13,0.0473625926718983,0.0,0.0,0.31,2,Mod_Wet,42,7,5,3,61,118.0,0.2152584861776184,430.17815592474926,430.17815592474926,,2,215.08907796237463,215.08907796237463,0.0,0.0,0.0,0.0,0.0,0.0,0.0,0.0,42.0,7.0,5.0,3.0,61.0,484.17815592474926,990.0,966.0668017016612,23.93319829833865,0.2064132565694931,0.0560356311849498,989.7375511122456,0.3272743601241138,0.3272743601241138,0.0,0.0,23.343475050460107,23.343475050460107,23.67074941058422,23.67074941058422,,0.9376512287763232,0.9376512287763232,0.0,0.0,46.17042716736707,46.17042716736707,0.0,0.0,0.9403345655268244,0.9403345655268244,0.0,0.0,0.98,0.98,0.96,0.96,45.24701862401973,45.24701862401973,0.0,0.0,90.49403724803946,2171.856893952947,0.1650814361535084,5.843447005081561e-05,0.52
1938-12-27,1939-01-07,617.0284,0.8884164098844547,548.1781559247493,0.519,1938,12,27,1938.12,1938,3,88,13,0.0473625926718983,0.0,0.0,0.31,2,Mod_Wet,42,7,5,3,61,118.0,0.2152584861776184,430.17815592474926,430.17815592474926,,2,215.08907796237463,215.08907796237463,0.0,0.0,0.0,0.0,0.0,0.0,0.0,0.0,42.0,7.0,5.0,3.0,61.0,484.17815592474926,990.0,966.0668017016612,23.93319829833865,0.2064132565694931,0.0560356311849498,989.7375511122456,0.3272743601241138,0.3272743601241138,0.0,0.0,23.343475050460107,23.343475050460107,23.67074941058422,23.67074941058422,,0.9376512287763232,0.9376512287763232,0.0,0.0,46.17042716736707,46.17042716736707,0.0,0.0,0.9403345655268244,0.9403345655268244,0.0,0.0,0.98,0.98,0.96,0.96,45.24701862401973,45.24701862401973,0.0,0.0,90.49403724803946,2171.856893952947,0.1650814361535084,5.843447005081561e-05,0.52
1938-12-28,1939-01-08,617.0284,0.8884164098844547,548.1781559247493,0.519,1938,12,28,1938.12,1938,3,89,13,0.0473625926718983,0.0,0.0,0.31,2,Mod_Wet,42,7,5,3,61,118.0,0.2152584861776184,430.17815592474926,430.17815592474926,,2,215.08907796237463,215.08907796237463,0.0,0.0,0.0,0.0,0.0,0.0,0.0,0.0,42.0,7.0,5.0,3.0,61.0,484.17815592474926,990.0,966.0668017016612,23.93319829833865,0.2064132565694931,0.0560356311849498,989.7375511122456,0.3272743601241138,0.3272743601241138,0.0,0.0,23.343475050460107,23.343475050460107,23.67074941058422,23.67074941058422,,0.9376512287763232,0.9376512287763232,0.0,0.0,46.17042716736707,46.17042716736707,0.0,0.0,0.9403345655268244,0.9403345655268244,0.0,0.0,0.98,0.98,0.96,0.96,45.24701862401973,45.24701862401973,0.0,0.0,90.49403724803946,2171.856893952947,0.1650814361535084,5.843447005081561e-05,0.52
1938-12-29,1939-01-09,617.0284,0.8884164098844547,548.1781559247493,0.519,1938,12,29,1938.12,1938,3,90,13,0.0473625926718983,0.0,0.0,0.31,2,Mod_Wet,42,7,5,3,61,118.0,0.2152584861776184,430.17815592474926,430.17815592474926,,2,215.08907796237463,215.08907796237463,0.0,0.0,0.0,0.0,0.0,0.0,0.0,0.0,42.0,7.0,5.0,3.0,61.0,484.17815592474926,990.0,966.0668017016612,23.93319829833865,0.2064132565694931,0.0560356311849498,989.7375511122456,0.3272743601241138,0.3272743601241138,0.0,0.0,23.343475050460107,23.343475050460107,23.67074941058422,23.67074941058422,,0.9376512287763232,0.9376512287763232,0.0,0.0,46.17042716736707,46.17042716736707,0.0,0.0,0.9403345655268244,0.9403345655268244,0.0,0.0,0.98,0.98,0.96,0.96,45.24701862401973,45.24701862401973,0.0,0.0,90.49403724803946,2171.856893952947,0.1650814361535084,5.843447005081561e-05,0.52
1938-12-30,1939-01-10,617.0284,0.8884164098844547,548.1781559247493,0.519,1938,12,30,1938.12,1938,3,91,13,0.0473625926718983,0.0,0.0,0.31,2,Mod_Wet,42,7,5,3,61,118.0,0.2152584861776184,430.17815592474926,430.17815592474926,,2,215.08907796237463,215.08907796237463,0.0,0.0,0.0,0.0,0.0,0.0,0.0,0.0,42.0,7.0,5.0,3.0,61.0,484.17815592474926,990.0,966.0668017016612,23.93319829833865,0.2064132565694931,0.0560356311849498,989.7375511122456,0.3272743601241138,0.3272743601241138,0.0,0.0,23.343475050460107,23.343475050460107,23.67074941058422,23.67074941058422,,0.9376512287763232,0.9376512287763232,0.0,0.0,46.17042716736707,46.17042716736707,0.0,0.0,0.9403345655268244,0.9403345655268244,0.0,0.0,0.98,0.98,0.96,0.96,45.24701862401973,45.24701862401973,0.0,0.0,90.49403724803946,2171.856893952947,0.1650814361535084,5.843447005081561e-05,0.52
1938-12-31,1939-01-11,635.1294,0.8861628436789661,562.8280752081156,0.506,1938,12,31,1938.12,1938,3,92,14,0.0486283456979812,14.64991928336633,0.0260291195991764,0.31,2,Mod_Wet,42,7,5,3,61,118.0,0.2096554972961635,444.8280752081156,444.8280752081156,,3,148.27602506937183,148.27602506937183,148.27602506937183,0.0,0.0,0.0,0.0,0.0,0.0,0.0,42.0,7.0,5.0,3.0,61.0,498.8280752081156,990.0,966.1327263384364,23.86727366156356,0.2115836676251009,0.0589656150416231,989.7294507173332,0.1556141321442934,0.1556141321442934,0.1556141321442934,0.0,23.44111024675256,23.44111024675256,23.44111024675256,23.59672437889685,,0.9150388425846026,0.9150388425846026,0.9150388425846026,0.0,31.19085946269199,31.19085946269199,31.19085946269199,0.0,0.6352517202177594,0.6352517202177594,0.6352517202177594,0.0,0.97,0.97,0.97,0.96,30.25513367881123,30.25513367881123,30.25513367881123,0.0,90.76540103643369,2178.3696248744086,0.1612666550133832,5.667945168976458e-05,0.505
1939-01-01,1939-01-12,635.1294,0.8861628436789661,562.8280752081156,0.506,1939,1,1,1939.01,1938,4,93,14,0.0486283456979812,0.0,0.0,0.35,2,Mod_Wet,46,7,6,4,76,139.0,0.2469670688488706,423.8280752081156,423.8280752081156,,2,211.9140376040578,211.9140376040578,0.0,0.0,0.0,0.0,0.0,0.0,0.0,0.0,46.0,7.0,6.0,4.0,76.0,482.8280752081156,990.0,966.1327263384364,23.86727366156356,0.2059367711958725,0.0547656150416231,989.7392976137623,0.3177421128121734,0.3177421128121734,0.0,0.0,23.28882916251385,23.28882916251385,23.60657127532602,23.60657127532602,,0.9368269368747312,0.9368269368747312,0.0,0.0,45.342498823964895,45.342498823964895,0.0,0.0,0.9234724811398144,0.9234724811398144,0.0,0.0,0.98,0.98,0.96,0.96,44.4356488474856,44.4356488474856,0.0,0.0,88.87129769497119,2132.911144679309,0.1579013229965642,5.824642827121456e-05,0.505
1939-01-02,1939-01-13,641.2365,0.8794376863729334,563.9275439778775,0.503,1939,1,2,1939.01,1938,4,94,14,0.0487233397996886,1.09946876976187,0.0019496631819157,0.35,2,Mod_Wet,46,7,6,4,76,139.0,0.2464855662475903,424.9275439778775,424.9275439778775,,2,212.46377198893876,212.46377198893876,0.0,0.0,0.0,0.0,0.0,0.0,0.0,0.0,46.0,7.0,6.0,4.0,76.0,483.9275439778775,990.0,966.1376739479005,23.862326052099547,0.2063248078377486,0.0549855087955755,989.7386896833668,0.3193913159668162,0.3193913159668162,0.0,0.0,23.281624419499447,23.281624419499447,23.601015735466262,23.601015735466262,,0.9369514612162516,0.9369514612162516,0.0,0.0,45.4521005438196,45.4521005438196,0.0,0.0,0.9257046953934746,0.9257046953934746,0.0,0.0,0.98,0.98,0.96,0.96,44.54305853294321,44.54305853294321,0.0,0.0,89.08611706588643,2138.0668095812744,0.1579744029480873,5.823614868021177e-05,0.505
1939-01-03,1939-01-14,672.3268,0.8764068829576366,589.2318351168824,0.488,1939,1,3,1939.01,1938,4,95,14,0.0509096305540986,25.30429113900493,0.0429445417421912,0.35,2,Mod_Wet,46,7,6,4,76,139.0,0.235900356559023,450.2318351168824,450.2318351168824,,3,150.07727837229413,150.07727837229413,150.07727837229413,0.0,0.0,0.0,0.0,0.0,0.0,0.0,46.0,7.0,6.0,4.0,76.0,509.2318351168824,990.0,966.251543258026,23.74845674197411,0.2159126580292905,0.0600463670233764,989.7240409749472,0.1593669212841553,0.1593669212841553,0.1593669212841553,0.0,23.313130795637296,23.313130795637296,23.313130795637296,23.472497716921453,,0.9156513476285189,0.9156513476285189,0.9156513476285189,0.0,31.41842310154717,31.41842310154717,31.41842310154717,0.0,0.6398864175467854,0.6398864175467854,0.6398864175467854,0.0,0.97,0.97,0.97,0.96,30.47587040850075,30.47587040850075,30.47587040850075,0.0,91.42761122550225,2194.262669412054,0.1551640725714799,5.640773639908772e-05,0.49
1939-01-04,1939-01-15,672.3268,0.8764068829576366,589.2318351168824,0.488,1939,1,4,1939.01,1938,4,96,14,0.0509096305540986,0.0,0.0,0.35,2,Mod_Wet,46,7,6,4,76,139.0,0.235900356559023,450.2318351168824,450.2318351168824,,3,150.07727837229413,150.07727837229413,150.07727837229413,0.0,0.0,0.0,0.0,0.0,0.0,0.0,46.0,7.0,6.0,4.0,76.0,509.2318351168824,990.0,966.251543258026,23.74845674197411,0.2159126580292905,0.0600463670233764,989.7240409749472,0.1593669212841553,0.1593669212841553,0.1593669212841553,0.0,23.313130795637296,23.313130795637296,23.313130795637296,23.472497716921453,,0.9156513476285189,0.9156513476285189,0.9156513476285189,0.0,31.41842310154717,31.41842310154717,31.41842310154717,0.0,0.6398864175467854,0.6398864175467854,0.6398864175467854,0.0,0.97,0.97,0.97,0.96,30.47587040850075,30.47587040850075,30.47587040850075,0.0,91.42761122550225,2194.262669412054,0.1551640725714799,5.640773639908772e-05,0.49
1939-01-05,1939-01-16,672.3268,0.8764068829576366,589.2318351168824,0.488,1939,1,5,1939.01,1938,4,97,14,0.0509096305540986,0.0,0.0,0.35,2,Mod_Wet,46,7,6,4,76,139.0,0.235900356559023,450.2318351168824,450.2318351168824,,3,150.07727837229413,150.07727837229413,150.07727837229413,0.0,0.0,0.0,0.0,0.0,0.0,0.0,46.0,7.0,6.0,4.0,76.0,509.2318351168824,990.0,966.251543258026,23.74845674197411,0.2159126580292905,0.0600463670233764,989.7240409749472,0.1593669212841553,0.1593669212841553,0.1593669212841553,0.0,23.313130795637296,23.313130795637296,23.313130795637296,23.472497716921453,,0.9156513476285189,0.9156513476285189,0.9156513476285189,0.0,31.41842310154717,31.41842310154717,31.41842310154717,0.0,0.6398864175467854,0.6398864175467854,0.6398864175467854,0.0,0.97,0.97,0.97,0.96,30.47587040850075,30.47587040850075,30.47587040850075,0.0,91.42761122550225,2194.262669412054,0.1551640725714799,5.640773639908772e-05,0.49
1939-01-06,1939-01-17,685.0236,0.878477532975807,601.777842158206,0.482,1939,1,6,1939.01,1938,4,98,14,0.051993605562469,12.546007041323604,0.0208482369445987,0.35,2,Mod_Wet,46,7,6,4,76,139.0,0.2309822500301651,462.777842158206,462.777842158206,,3,154.259280719402,154.259280719402,154.259280719402,0.0,0.0,0.0,0.0,0.0,0.0,0.0,46.0,7.0,6.0,4.0,76.0,521.777842158206,990.0,966.3071113686328,23.69288863136717,0.2230424302819648,0.0625555684316412,989.7144020012864,0.1684000463539083,0.1684000463539083,0.1684000463539083,0.0,23.238890586299576,23.238890586299576,23.238890586299576,23.407290632653485,,0.9173073891607508,0.9173073891607508,0.9173073891607508,0.0,32.24929942442139,32.24929942442139,32.24929942442139,0.0,0.6568085422489081,0.6568085422489081,0.6568085422489081,0.0,0.97,0.97,0.97,0.96,31.281820441688744,31.281820441688744,31.281820441688744,0.0,93.84546132506622,2252.291071801589,0.1559470202300909,5.632980088207328e-05,0.48
1939-01-07,1939-01-18,724.0169999999998,0.8797110956815125,636.9257883620418,0.466,1939,1,7,1939.01,1938,4,99,15,0.0550303881144804,35.147946203835765,0.0551837385862871,0.35,2,Mod_Wet,46,7,6,4,76,139.0,0.2182357859264281,497.92578836204177,497.92578836204177,,3,165.97526278734725,165.97526278734725,165.97526278734725,0.0,0.0,0.0,0.0,0.0,0.0,0.0,46.0,7.0,6.0,4.0,76.0,556.9257883620418,990.0,966.4477031534482,23.552296846551823,0.2430166619843057,0.0695851576724083,989.6873981803432,0.1949211254338864,0.1949211254338864,0.1949211254338864,0.0,23.04477390146122,23.04477390146122,23.04477390146122,23.239695026895102,,0.9219341640710024,0.9219341640710024,0.9219341640710024,0.0,34.58234386482432,34.58234386482432,34.58234386482432,0.0,0.7043247222978476,0.7043247222978476,0.7043247222978476,0.0,0.97,0.97,0.97,0.96,33.544873548879586,33.544873548879586,33.544873548879586,0.0,100.63462064663877,2415.2308955193303,0.1580005433685407,5.6141019292633216e-05,0.465
1939-01-08,1939-01-19,730.6486,0.8864028278959922,647.6489852382476,0.462,1939,1,8,1939.01,1938,4,100,15,0.0559568723245846,10.72319687620586,0.0165571121403998,0.35,2,Mod_Wet,46,7,6,4,76,139.0,0.2146224315457959,508.6489852382476,508.6489852382476,,3,169.5496617460825,169.5496617460825,169.5496617460825,0.0,0.0,0.0,0.0,0.0,0.0,0.0,46.0,7.0,6.0,4.0,76.0,567.6489852382476,990.0,966.490595940953,23.50940405904703,0.2491105491705726,0.073459594095299,989.677429856734,0.2034281949556764,0.2034281949556764,0.2034281949556764,0.0,22.98340572082543,22.98340572082543,22.98340572082543,23.186833915781108,,0.9231532714632322,0.9231532714632322,0.9231532714632322,0.0,35.27961392587947,35.27961392587947,35.27961392587947,0.0,0.7185257418712722,0.7185257418712722,0.7185257418712722,0.0,0.97,0.97,0.97,0.96,34.22122550810308,34.22122550810308,34.22122550810308,0.0,102.66367652430924,2463.928236583421,0.1585174668135129,5.6065555522659184e-05,0.46
1939-01-09,1939-01-20,737.3183,0.8872912629151888,654.21608557748,0.458,1939,1,9,1939.01,1938,4,101,15,0.0565242697938942,6.567100339232411,0.0100381211712879,0.35,2,Mod_Wet,46,7,6,4,76,139.0,0.2124680255718627,515.21608557748,515.21608557748,,3,171.73869519249334,171.73869519249334,171.73869519249334,0.0,0.0,0.0,0.0,0.0,0.0,0.0,46.0,7.0,6.0,4.0,76.0,574.21608557748,990.0,966.51686434231,23.483135657690127,0.2528425676227357,0.076086434230992,989.6710709981462,0.2087424162696837,0.2087424162696837,0.2087424162696837,0.0,22.94546423956665,22.94546423956665,22.94546423956665,23.154206655836333,,0.9238631676691638,0.9238631676691638,0.9238631676691638,0.0,35.70354674091531,35.70354674091531,35.70354674091531,0.0,0.727159811423937,0.727159811423937,0.727159811423937,0.0,0.97,0.97,0.97,0.96,34.63244033868785,34.63244033868785,34.63244033868785,0.0,103.89732101606356,2493.5357043855256,0.1588119327948851,5.601604405762758e-05,0.46
1939-01-10,1939-01-21,764.3804,0.8926299826267534,682.3088631722309,0.445,1939,1,10,1939.01,1938,4,102,15,0.0589514857780807,28.092777594750828,0.0411731095857969,0.35,2,Mod_Wet,46,7,6,4,76,139.0,0.2037200562715145,543.3088631722309,543.3088631722309,,3,181.10295439074363,181.10295439074363,181.10295439074363,0.0,0.0,0.0,0.0,0.0,0.0,0.0,46.0,7.0,6.0,4.0,76.0,602.3088631722309,990.0,966.6292354526888,23.37076454731107,0.2688074164814905,0.0873235452688923,989.6438690382496,0.2320456223281185,0.2320456223281185,0.2320456223281185,0.0,22.78258796323254,22.78258796323254,22.78258796323254,23.01463358556066,,0.926941931885808,0.926941931885808,0.926941931885808,0.0,37.50764691917826,37.50764691917826,37.50764691917826,0.0,0.7639031959099443,0.7639031959099443,0.7639031959099443,0.0,0.97,0.97,0.97,0.96,36.38241751160292,36.38241751160292,36.38241751160292,0.0,109.14725253480876,2619.53406083541,0.1599675138724636,5.5803767092343504e-05,0.445
1939-01-11,1939-01-22,764.3804,0.8926299826267534,682.3088631722309,0.445,1939,1,11,1939.01,1938,4,103,15,0.0589514857780807,0.0,0.0,0.32,2,Mod_Wet,46,7,6,4,76,139.0,0.2037200562715145,543.3088631722309,543.3088631722309,,3,181.10295439074363,181.10295439074363,181.10295439074363,0.0,0.0,0.0,0.0,0.0,0.0,0.0,46.0,7.0,6.0,4.0,76.0,602.3088631722309,990.0,966.6292354526888,23.37076454731107,0.2688074164814905,0.0873235452688923,989.6438690382496,0.2320456223281185,0.2320456223281185,0.2320456223281185,0.0,22.78258796323254,22.78258796323254,22.78258796323254,23.01463358556066,,0.926941931885808,0.926941931885808,0.926941931885808,0.0,37.50764691917826,37.50764691917826,37.50764691917826,0.0,0.7639031959099443,0.7639031959099443,0.7639031959099443,0.0,0.97,0.97,0.97,0.96,36.38241751160292,36.38241751160292,36.38241751160292,0.0,109.14725253480876,2619.53406083541,0.1599675138724636,5.5803767092343504e-05,0.445
1939-01-12,1939-01-23,764.3804,0.8926299826267534,682.3088631722309,0.445,1939,1,12,1939.01,1938,4,104,15,0.0589514857780807,0.0,0.0,0.32,2,Mod_Wet,46,7,6,4,76,139.0,0.2037200562715145,543.3088631722309,543.3088631722309,,3,181.10295439074363,181.10295439074363,181.10295439074363,0.0,0.0,0.0,0.0,0.0,0.0,0.0,46.0,7.0,6.0,4.0,76.0,602.3088631722309,990.0,966.6292354526888,23.37076454731107,0.2688074164814905,0.0873235452688923,989.6438690382496,0.2320456223281185,0.2320456223281185,0.2320456223281185,0.0,22.78258796323254,22.78258796323254,22.78258796323254,23.01463358556066,,0.926941931885808,0.926941931885808,0.926941931885808,0.0,37.50764691917826,37.50764691917826,37.50764691917826,0.0,0.7639031959099443,0.7639031959099443,0.7639031959099443,0.0,0.97,0.97,0.97,0.96,36.38241751160292,36.38241751160292,36.38241751160292,0.0,109.14725253480876,2619.53406083541,0.1599675138724636,5.5803767092343504e-05,0.445
1939-01-13,1939-01-24,764.3804,0.8926299826267534,682.3088631722309,0.445,1939,1,13,1939.01,1938,4,105,15,0.0589514857780807,0.0,0.0,0.32,2,Mod_Wet,46,7,6,4,76,139.0,0.2037200562715145,543.3088631722309,543.3088631722309,,3,181.10295439074363,181.10295439074363,181.10295439074363,0.0,0.0,0.0,0.0,0.0,0.0,0.0,46.0,7.0,6.0,4.0,76.0,602.3088631722309,990.0,966.6292354526888,23.37076454731107,0.2688074164814905,0.0873235452688923,989.6438690382496,0.2320456223281185,0.2320456223281185,0.2320456223281185,0.0,22.78258796323254,22.78258796323254,22.78258796323254,23.01463358556066,,0.926941931885808,0.926941931885808,0.926941931885808,0.0,37.50764691917826,37.50764691917826,37.50764691917826,0.0,0.7639031959099443,0.7639031959099443,0.7639031959099443,0.0,0.97,0.97,0.97,0.96,36.38241751160292,36.38241751160292,36.38241751160292,0.0,109.14725253480876,2619.53406083541,0.1599675138724636,5.5803767092343504e-05,0.445
1939-01-14,1939-01-25,764.3804,0.8926299826267534,682.3088631722309,0.445,1939,1,14,1939.01,1938,4,106,16,0.0589514857780807,0.0,0.0,0.32,2,Mod_Wet,46,7,6,4,76,139.0,0.2037200562715145,543.3088631722309,543.3088631722309,,3,181.10295439074363,181.10295439074363,181.10295439074363,0.0,0.0,0.0,0.0,0.0,0.0,0.0,46.0,7.0,6.0,4.0,76.0,602.3088631722309,990.0,966.6292354526888,23.37076454731107,0.2688074164814905,0.0873235452688923,989.6438690382496,0.2320456223281185,0.2320456223281185,0.2320456223281185,0.0,22.78258796323254,22.78258796323254,22.78258796323254,23.01463358556066,,0.926941931885808,0.926941931885808,0.926941931885808,0.0,37.50764691917826,37.50764691917826,37.50764691917826,0.0,0.7639031959099443,0.7639031959099443,0.7639031959099443,0.0,0.97,0.97,0.97,0.96,36.38241751160292,36.38241751160292,36.38241751160292,0.0,109.14725253480876,2619.53406083541,0.1599675138724636,5.5803767092343504e-05,0.445
1939-01-15,1939-01-26,764.3804,0.8926299826267534,682.3088631722309,0.445,1939,1,15,1939.01,1938,4,107,16,0.0589514857780807,0.0,0.0,0.32,2,Mod_Wet,46,7,6,4,76,139.0,0.2037200562715145,543.3088631722309,543.3088631722309,,3,181.10295439074363,181.10295439074363,181.10295439074363,0.0,0.0,0.0,0.0,0.0,0.0,0.0,46.0,7.0,6.0,4.0,76.0,602.3088631722309,990.0,966.6292354526888,23.37076454731107,0.2688074164814905,0.0873235452688923,989.6438690382496,0.2320456223281185,0.2320456223281185,0.2320456223281185,0.0,22.78258796323254,22.78258796323254,22.78258796323254,23.01463358556066,,0.926941931885808,0.926941931885808,0.926941931885808,0.0,37.50764691917826,37.50764691917826,37.50764691917826,0.0,0.7639031959099443,0.7639031959099443,0.7639031959099443,0.0,0.97,0.97,0.97,0.96,36.38241751160292,36.38241751160292,36.38241751160292,0.0,109.14725253480876,2619.53406083541,0.1599675138724636,5.5803767092343504e-05,0.445
1939-01-16,1939-01-27,778.1427,0.8891770066630039,691.9065967426677,0.441,1939,1,16,1939.01,1938,4,108,16,0.0597807299585664,9.597733570436844,0.0138714294900795,0.32,2,Mod_Wet,46,7,6,4,76,139.0,0.2008941678752292,552.9065967426677,552.9065967426677,,3,184.30219891422257,184.30219891422257,184.30219891422257,0.0,0.0,0.0,0.0,0.0,0.0,0.0,46.0,7.0,6.0,4.0,76.0,611.9065967426677,990.0,966.6676263869706,23.332373613029404,0.2742617139542777,0.091162638697067,989.6345756473488,0.2402996731986942,0.2402996731986942,0.2402996731986942,0.0,22.72664958717941,22.72664958717941,22.72664958717941,22.9669492603781,,0.9280092777839208,0.9280092777839208,0.9280092777839208,0.0,38.12035621257379,38.12035621257379,38.12035621257379,0.0,0.7763820002560853,0.7763820002560853,0.7763820002560853,0.0,0.97,0.97,0.97,0.96,36.976745526196574,36.976745526196574,36.976745526196574,0.0,110.93023657858971,2662.325677886153,0.1603254501414251,5.573084999654139e-05,0.44
1939-01-17,1939-01-28,806.1332,0.8935666243082664,720.3337222668207,0.431,1939,1,17,1939.01,1938,4,109,16,0.0622368336038533,28.427125524152984,0.0394638271754036,0.32,2,Mod_Wet,46,7,6,4,76,139.0,0.1929661151536546,581.3337222668207,581.3337222668207,,3,193.7779074222736,193.7779074222736,193.7779074222736,0.0,0.0,0.0,0.0,0.0,0.0,0.0,46.0,7.0,6.0,4.0,76.0,640.3337222668207,990.0,966.7813348890672,23.21866511093276,0.2904165694487645,0.1025334889067282,989.6070499416444,0.2656759081885841,0.2656759081885841,0.2656759081885841,0.0,22.56003914438868,22.56003914438868,22.56003914438868,22.825715052577262,,0.9308289366570928,0.9308289366570928,0.9308289366570928,0.0,39.90733124177772,39.90733124177772,39.90733124177772,0.0,0.8127766037021938,0.8127766037021938,0.8127766037021938,0.0,0.9712776603702192,0.9712776603702192,0.9712776603702192,0.96,38.761099320133226,38.761099320133226,38.761099320133226,0.0,116.28329796039968,2790.799151049592,0.1614297572998073,5.5563465291775286e-05,0.43
1939-01-18,1939-01-29,806.1332,0.8935666243082664,720.3337222668207,0.431,1939,1,18,1939.01,1938,4,110,16,0.0622368336038533,0.0,0.0,0.32,2,Mod_Wet,46,7,6,4,76,139.0,0.1929661151536546,581.3337222668207,581.3337222668207,,3,193.7779074222736,193.7779074222736,193.7779074222736,0.0,0.0,0.0,0.0,0.0,0.0,0.0,46.0,7.0,6.0,4.0,76.0,640.3337222668207,990.0,966.7813348890672,23.21866511093276,0.2904165694487645,0.1025334889067282,989.6070499416444,0.2656759081885841,0.2656759081885841,0.2656759081885841,0.0,22.56003914438868,22.56003914438868,22.56003914438868,22.825715052577262,,0.9308289366570928,0.9308289366570928,0.9308289366570928,0.0,39.90733124177772,39.90733124177772,39.90733124177772,0.0,0.8127766037021938,0.8127766037021938,0.8127766037021938,0.0,0.9712776603702192,0.9712776603702192,0.9712776603702192,0.96,38.761099320133226,38.761099320133226,38.761099320133226,0.0,116.28329796039968,2790.799151049592,0.1614297572998073,5.5563465291775286e-05,0.43
1939-01-19,1939-01-30,806.1332,0.8935666243082664,720.3337222668207,0.431,1939,1,19,1939.01,1938,4,111,16,0.0622368336038533,0.0,0.0,0.32,2,Mod_Wet,46,7,6,4,76,139.0,0.1929661151536546,581.3337222668207,581.3337222668207,,3,193.7779074222736,193.7779074222736,193.7779074222736,0.0,0.0,0.0,0.0,0.0,0.0,0.0,46.0,7.0,6.0,4.0,76.0,640.3337222668207,990.0,966.7813348890672,23.21866511093276,0.2904165694487645,0.1025334889067282,989.6070499416444,0.2656759081885841,0.2656759081885841,0.2656759081885841,0.0,22.56003914438868,22.56003914438868,22.56003914438868,22.825715052577262,,0.9308289366570928,0.9308289366570928,0.9308289366570928,0.0,39.90733124177772,39.90733124177772,39.90733124177772,0.0,0.8127766037021938,0.8127766037021938,0.8127766037021938,0.0,0.9712776603702192,0.9712776603702192,0.9712776603702192,0.96,38.761099320133226,38.761099320133226,38.761099320133226,0.0,116.28329796039968,2790.799151049592,0.1614297572998073,5.5563465291775286e-05,0.43
1939-01-20,1939-01-31,806.1332,0.8935666243082664,720.3337222668207,0.431,1939,1,20,1939.01,1938,4,112,16,0.0622368336038533,0.0,0.0,0.32,2,Mod_Wet,46,7,6,4,76,139.0,0.1929661151536546,581.3337222668207,581.3337222668207,,3,193.7779074222736,193.7779074222736,193.7779074222736,0.0,0.0,0.0,0.0,0.0,0.0,0.0,46.0,7.0,6.0,4.0,76.0,640.3337222668207,990.0,966.7813348890672,23.21866511093276,0.2904165694487645,0.1025334889067282,989.6070499416444,0.2656759081885841,0.2656759081885841,0.2656759081885841,0.0,22.56003914438868,22.56003914438868,22.56003914438868,22.825715052577262,,0.9308289366570928,0.9308289366570928,0.9308289366570928,0.0,39.90733124177772,39.90733124177772,39.90733124177772,0.0,0.8127766037021938,0.8127766037021938,0.8127766037021938,0.0,0.9712776603702192,0.9712776603702192,0.9712776603702192,0.96,38.761099320133226,38.761099320133226,38.761099320133226,0.0,116.28329796039968,2790.799151049592,0.1614297572998073,5.5563465291775286e-05,0.43
1939-01-21,1939-02-01,849.2947,0.8954821115912885,760.52821131929,0.409,1939,1,21,1939.01,1938,4,113,17,0.0657096374579866,40.194489052469294,0.0528507535344991,0.36,2,Mod_Wet,46,7,6,4,76,139.0,0.182767710561159,621.52821131929,621.52821131929,,3,207.1760704397633,207.1760704397633,207.1760704397633,0.0,0.0,0.0,0.0,0.0,0.0,0.0,46.0,7.0,6.0,4.0,76.0,680.52821131929,990.0,966.9421128452772,23.057887154722835,0.3132587017553061,0.116458463395787,989.5702828348489,0.3036976470929041,0.3036976470929041,0.3036976470929041,0.0,22.324472342478785,22.324472342478785,22.324472342478785,22.62816998957169,,0.9348104712110176,0.9348104712110176,0.9348104712110176,0.0,42.40167980630495,42.40167980630495,42.40167980630495,0.0,0.8635780001284104,0.8635780001284104,0.8635780001284104,0.0,0.976357800012841,0.976357800012841,0.976357800012841,0.96,41.39921081253281,41.39921081253281,41.39921081253281,0.0,124.19763243759844,2980.7431785023623,0.1633044384009799,5.550728304117867e-05,0.41
1939-01-22,1939-02-02,849.2947,0.8954821115912885,760.52821131929,0.409,1939,1,22,1939.01,1938,4,114,17,0.0657096374579866,0.0,0.0,0.36,2,Mod_Wet,46,7,6,4,76,139.0,0.182767710561159,621.52821131929,621.52821131929,,3,207.1760704397633,207.1760704397633,207.1760704397633,0.0,0.0,0.0,0.0,0.0,0.0,0.0,46.0,7.0,6.0,4.0,76.0,680.52821131929,990.0,966.9421128452772,23.057887154722835,0.3132587017553061,0.116458463395787,989.5702828348489,0.3036976470929041,0.3036976470929041,0.3036976470929041,0.0,22.324472342478785,22.324472342478785,22.324472342478785,22.62816998957169,,0.9348104712110176,0.9348104712110176,0.9348104712110176,0.0,42.40167980630495,42.40167980630495,42.40167980630495,0.0,0.8635780001284104,0.8635780001284104,0.8635780001284104,0.0,0.976357800012841,0.976357800012841,0.976357800012841,0.96,41.39921081253281,41.39921081253281,41.39921081253281,0.0,124.19763243759844,2980.7431785023623,0.1633044384009799,5.550728304117867e-05,0.41
1939-01-23,1939-02-03,863.9982,0.9020463209442272,779.3663976124346,0.405,1939,1,23,1939.01,1938,4,115,17,0.0673372567537143,18.838186293144645,0.02417115537808,0.36,2,Mod_Wet,46,7,6,4,76,139.0,0.1783500038310893,640.3663976124346,640.3663976124346,,3,213.45546587081157,213.45546587081157,213.45546587081157,0.0,0.0,0.0,0.0,0.0,0.0,0.0,46.0,7.0,6.0,4.0,76.0,699.3663976124346,990.0,967.0174655904495,22.98253440955034,0.3239642575134992,0.1221099192837304,989.5539258232028,0.3223663976124346,0.3223663976124346,0.3223663976124346,0.0,22.21409383514071,22.21409383514071,22.21409383514071,22.536460232753143,,0.9361673986035643,0.9361673986035643,0.9361673986035643,0.0,43.533952059598,43.533952059598,43.533952059598,0.0,0.8866385348186965,0.8866385348186965,0.8866385348186965,0.0,0.9786638534818696,0.9786638534818696,0.9786638534818696,0.96,42.60510527994115,42.60510527994115,42.60510527994115,0.0,127.81531583982346,3067.5675801557627,0.1639990076957151,5.54436562135776e-05,0.405
1939-01-24,1939-02-04,901.4559,0.907115570001353,817.7246825595828,0.391,1939,1,24,1939.01,1938,4,116,17,0.0706514125731479,38.35828494714815,0.0469085570794828,0.36,2,Mod_Wet,46,7,6,4,76,139.0,0.1699838624962527,678.7246825595828,678.7246825595828,,4,169.6811706398957,169.6811706398957,169.6811706398957,169.6811706398957,0.0,0.0,0.0,0.0,0.0,0.0,46.0,7.0,6.0,4.0,76.0,737.7246825595828,990.0,967.1708987302384,22.829101269761736,0.3457628931093149,0.1336174047678748,989.5206197021228,0.2037411861229517,0.2037411861229517,0.2037411861229517,0.2037411861229517,22.145979785761657,22.145979785761657,22.145979785761657,22.145979785761657,,0.9212730259560814,0.9212730259560814,0.9212730259560814,0.9212730259560814,33.95123729241473,33.95123729241473,33.95123729241473,33.95123729241473,0.6914712279514201,0.6914712279514201,0.6914712279514201,0.6914712279514201,0.97,0.97,0.97,0.97,32.93270017364229,32.93270017364229,32.93270017364229,32.93270017364229,131.73080069456915,3161.53921666966,0.1610943187898339,5.391271309572935e-05,0.39
1939-01-25,1939-02-05,901.4559,0.907115570001353,817.7246825595828,0.391,1939,1,25,1939.01,1938,4,117,17,0.0706514125731479,0.0,0.0,0.36,2,Mod_Wet,46,7,6,4,76,139.0,0.1699838624962527,678.7246825595828,678.7246825595828,,4,169.6811706398957,169.6811706398957,169.6811706398957,169.6811706398957,0.0,0.0,0.0,0.0,0.0,0.0,46.0,7.0,6.0,4.0,76.0,737.7246825595828,990.0,967.1708987302384,22.829101269761736,0.3457628931093149,0.1336174047678748,989.5206197021228,0.2037411861229517,0.2037411861229517,0.2037411861229517,0.2037411861229517,22.145979785761657,22.145979785761657,22.145979785761657,22.145979785761657,,0.9212730259560814,0.9212730259560814,0.9212730259560814,0.9212730259560814,33.95123729241473,33.95123729241473,33.95123729241473,33.95123729241473,0.6914712279514201,0.6914712279514201,0.6914712279514201,0.6914712279514201,0.97,0.97,0.97,0.97,32.93270017364229,32.93270017364229,32.93270017364229,32.93270017364229,131.73080069456915,3161.53921666966,0.1610943187898339,5.391271309572935e-05,0.39
1939-01-26,1939-02-06,901.4559,0.907115570001353,817.7246825595828,0.391,1939,1,26,1939.01,1938,4,118,17,0.0706514125731479,0.0,0.0,0.36,2,Mod_Wet,46,7,6,4,76,139.0,0.1699838624962527,678.7246825595828,678.7246825595828,,4,169.6811706398957,169.6811706398957,169.6811706398957,169.6811706398957,0.0,0.0,0.0,0.0,0.0,0.0,46.0,7.0,6.0,4.0,76.0,737.7246825595828,990.0,967.1708987302384,22.829101269761736,0.3457628931093149,0.1336174047678748,989.5206197021228,0.2037411861229517,0.2037411861229517,0.2037411861229517,0.2037411861229517,22.145979785761657,22.145979785761657,22.145979785761657,22.145979785761657,,0.9212730259560814,0.9212730259560814,0.9212730259560814,0.9212730259560814,33.95123729241473,33.95123729241473,33.95123729241473,33.95123729241473,0.6914712279514201,0.6914712279514201,0.6914712279514201,0.6914712279514201,0.97,0.97,0.97,0.97,32.93270017364229,32.93270017364229,32.93270017364229,32.93270017364229,131.73080069456915,3161.53921666966,0.1610943187898339,5.391271309572935e-05,0.39
1939-01-27,1939-02-07,909.0679,0.9012241447918772,819.2739407352476,0.39,1939,1,27,1939.01,1938,4,119,17,0.0707852684795253,1.5492581756648178,0.0018910136141697,0.36,2,Mod_Wet,46,7,6,4,76,139.0,0.1696624206980831,680.2739407352476,680.2739407352476,,4,170.0684851838119,170.0684851838119,170.0684851838119,170.0684851838119,0.0,0.0,0.0,0.0,0.0,0.0,46.0,7.0,6.0,4.0,76.0,739.2739407352476,990.0,967.177095762941,22.822904237058992,0.3466433212739654,0.1340821822205743,989.5192744965054,0.204667103848501,0.204667103848501,0.204667103848501,0.204667103848501,22.137511629715924,22.137511629715924,22.137511629715924,22.137511629715924,,0.9214018078684368,0.9214018078684368,0.9214018078684368,0.9214018078684368,34.02047752924725,34.02047752924725,34.02047752924725,34.02047752924725,0.6928814160742821,0.6928814160742821,0.6928814160742821,0.6928814160742821,0.97,0.97,0.97,0.97,32.999863203369834,32.999863203369834,32.999863203369834,32.999863203369834,131.99945281347934,3167.986867523504,0.1611176021234338,5.389963142022073e-05,0.39
1939-01-28,1939-02-08,932.1467,0.9087491724907756,847.0875422650073,0.377,1939,1,28,1939.01,1938,4,120,18,0.0731883636516966,27.81360152975969,0.0328343885867918,0.36,2,Mod_Wet,46,7,6,4,76,139.0,0.1640916588483065,708.0875422650073,708.0875422650073,,4,177.02188556625185,177.02188556625185,177.02188556625185,177.02188556625185,0.0,0.0,0.0,0.0,0.0,0.0,46.0,7.0,6.0,4.0,76.0,767.0875422650073,990.0,967.28835016906,22.71164983094002,0.3624495171242189,0.1440437711325036,989.4935067117432,0.2217547139156295,0.2217547139156295,0.2217547139156295,0.2217547139156295,21.983401828767683,21.983401828767683,21.983401828767683,21.983401828767683,,0.9237586939621484,0.9237586939621484,0.9237586939621484,0.9237586939621484,35.254868489372726,35.254868489372726,35.254868489372726,35.254868489372726,0.7180217614943528,0.7180217614943528,0.7180217614943528,0.7180217614943528,0.97,0.97,0.97,0.97,34.19722243469154,34.19722243469154,34.19722243469154,34.19722243469154,136.78888973876616,3282.933353730388,0.1614814088435412,5.366132229184636e-05,0.375
1939-01-29,1939-02-09,932.1467,0.9087491724907756,847.0875422650073,0.377,1939,1,29,1939.01,1938,4,121,18,0.0731883636516966,0.0,0.0,0.36,2,Mod_Wet,46,7,6,4,76,139.0,0.1640916588483065,708.0875422650073,708.0875422650073,,4,177.02188556625185,177.02188556625185,177.02188556625185,177.02188556625185,0.0,0.0,0.0,0.0,0.0,0.0,46.0,7.0,6.0,4.0,76.0,767.0875422650073,990.0,967.28835016906,22.71164983094002,0.3624495171242189,0.1440437711325036,989.4935067117432,0.2217547139156295,0.2217547139156295,0.2217547139156295,0.2217547139156295,21.983401828767683,21.983401828767683,21.983401828767683,21.983401828767683,,0.9237586939621484,0.9237586939621484,0.9237586939621484,0.9237586939621484,35.254868489372726,35.254868489372726,35.254868489372726,35.254868489372726,0.7180217614943528,0.7180217614943528,0.7180217614943528,0.7180217614943528,0.97,0.97,0.97,0.97,34.19722243469154,34.19722243469154,34.19722243469154,34.19722243469154,136.78888973876616,3282.933353730388,0.1614814088435412,5.366132229184636e-05,0.375
1939-01-30,1939-02-10,939.9208,0.9134042636758518,858.5276662376176,0.375,1939,1,30,1939.01,1938,4,122,18,0.0741767903629301,11.440123972610309,0.0133252828330449,0.36,2,Mod_Wet,46,7,6,4,76,139.0,0.1619050910836093,719.5276662376176,719.5276662376176,,4,179.8819165594044,179.8819165594044,179.8819165594044,179.8819165594044,0.0,0.0,0.0,0.0,0.0,0.0,46.0,7.0,6.0,4.0,76.0,778.5276662376176,990.0,967.3341106649503,22.665889335049545,0.3689508269193126,0.1497638331188088,989.481285339962,0.228904791398511,0.228904791398511,0.228904791398511,0.228904791398511,21.918269883612947,21.918269883612947,21.918269883612947,21.918269883612947,,0.9248150238635852,0.9248150238635852,0.9248150238635852,0.9248150238635852,35.75916359806675,35.75916359806675,35.75916359806675,35.75916359806675,0.728292537638834,0.728292537638834,0.728292537638834,0.728292537638834,0.97,0.97,0.97,0.97,34.686388690124744,34.686388690124744,34.686388690124744,34.686388690124744,138.74555476049898,3329.8933142519754,0.161608717129097,5.356351629874472e-05,0.375
1939-01-31,1939-02-11,963.4877,0.9186515277026396,885.1094475277025,0.3670000000000001,1939,1,31,1939.01,1938,4,123,18,0.0764734562663935,26.581781290084905,0.030032196994771,0.36,2,Mod_Wet,46,7,6,4,76,139.0,0.15704272549373,746.1094475277025,746.1094475277025,,4,186.52736188192563,186.52736188192563,186.52736188192563,186.52736188192563,0.0,0.0,0.0,0.0,0.0,0.0,46.0,7.0,6.0,4.0,76.0,805.1094475277025,990.0,967.4404377901108,22.55956220988924,0.3919803348078727,0.1630547237638512,989.4449649414285,0.2461627826059221,0.2461627826059221,0.2461627826059221,0.2461627826059221,21.758364368711653,21.758364368711653,21.758364368711653,21.758364368711653,,0.9272094618234248,0.9272094618234248,0.9272094618234248,0.9272094618234248,36.90501170600304,36.90501170600304,36.90501170600304,36.90501170600304,0.7516295663137075,0.7516295663137075,0.7516295663137075,0.7516295663137075,0.97,0.97,0.97,0.97,35.79786135482294,35.79786135482294,35.79786135482294,35.79786135482294,143.19144541929177,3436.5946900630024,0.1617782363743328,5.3310411277002346e-05,0.365
1939-02-01,1939-02-12,963.4877,0.9186515277026396,885.1094475277025,0.3670000000000001,1939,2,1,1939.02,1938,5,124,18,0.0764734562663935,0.0,0.0,0.35,2,Mod_Wet,49,8,7,5,93,162.0,0.1830282124459299,723.1094475277025,723.1094475277025,,4,180.77736188192563,180.77736188192563,180.77736188192563,180.77736188192563,0.0,0.0,0.0,0.0,0.0,0.0,49.0,8.0,7.0,5.0,93.0,787.1094475277025,990.0,967.4404377901108,22.55956220988924,0.3755100902732708,0.1515547237638512,989.4729351859628,0.2312055936553681,0.2312055936553681,0.2312055936553681,0.2312055936553681,21.80129180219678,21.80129180219678,21.80129180219678,21.80129180219678,,0.9250744974293604,0.9250744974293604,0.9250744974293604,0.9250744974293604,35.755403227282144,35.755403227282144,35.755403227282144,35.755403227282144,0.7282159516758074,0.7282159516758074,0.7282159516758074,0.7282159516758074,0.97,0.97,0.97,0.97,34.68274113046368,34.68274113046368,34.68274113046368,34.68274113046368,138.73096452185473,3329.543148524513,0.1567387681934246,5.329259514670108e-05,0.365
1939-02-02,1939-02-13,963.4877,0.9186515277026396,885.1094475277025,0.3670000000000001,1939,2,2,1939.02,1938,5,125,18,0.0764734562663935,0.0,0.0,0.35,2,Mod_Wet,49,8,7,5,93,162.0,0.1830282124459299,723.1094475277025,723.1094475277025,,4,180.77736188192563,180.77736188192563,180.77736188192563,180.77736188192563,0.0,0.0,0.0,0.0,0.0,0.0,49.0,8.0,7.0,5.0,93.0,787.1094475277025,990.0,967.4404377901108,22.55956220988924,0.3755100902732708,0.1515547237638512,989.4729351859628,0.2312055936553681,0.2312055936553681,0.2312055936553681,0.2312055936553681,21.80129180219678,21.80129180219678,21.80129180219678,21.80129180219678,,0.9250744974293604,0.9250744974293604,0.9250744974293604,0.9250744974293604,35.755403227282144,35.755403227282144,35.755403227282144,35.755403227282144,0.7282159516758074,0.7282159516758074,0.7282159516758074,0.7282159516758074,0.97,0.97,0.97,0.97,34.68274113046368,34.68274113046368,34.68274113046368,34.68274113046368,138.73096452185473,3329.543148524513,0.1567387681934246,5.329259514670108e-05,0.365
1939-02-03,1939-02-14,979.4038,0.924461588505012,905.4211927358452,0.359,1939,2,3,1939.02,1938,5,126,18,0.078228391052377,20.311745208142728,0.022433476674837,0.35,2,Mod_Wet,49,8,7,5,93,162.0,0.178922253311187,743.4211927358452,743.4211927358452,,4,185.8552981839613,185.8552981839613,185.8552981839613,185.8552981839613,0.0,0.0,0.0,0.0,0.0,0.0,49.0,8.0,7.0,5.0,93.0,807.4211927358452,990.0,967.5216847709434,22.478315229056648,0.394095613078973,0.1617105963679226,989.4441937905532,0.2443750931693371,0.2443750931693371,0.2443750931693371,0.2443750931693371,21.67813392644038,21.67813392644038,21.67813392644038,21.67813392644038,,0.9269088256192708,0.9269088256192708,0.9269088256192708,0.9269088256192708,36.62457197731945,36.62457197731945,36.62457197731945,36.62457197731945,0.7459179628781964,0.7459179628781964,0.7459179628781964,0.7459179628781964,0.97,0.97,0.97,0.97,35.525834817999865,35.525834817999865,35.525834817999865,35.525834817999865,142.10333927199946,3410.480142527987,0.1569472201579644,5.309661627013013e-05,0.36
1939-02-04,1939-02-15,1061.4682,0.9202131020126134,976.7769450097452,0.335,1939,2,4,1939.02,1938,5,127,19,0.0843935280488419,71.35575227389995,0.0730522486617331,0.35,2,Mod_Wet,49,8,7,5,93,162.0,0.1658515803711805,814.7769450097452,814.7769450097452,,4,203.6942362524363,203.6942362524363,203.6942362524363,203.6942362524363,0.0,0.0,0.0,0.0,0.0,0.0,49.0,8.0,7.0,5.0,93.0,878.7769450097452,990.0,967.8071077800388,22.19289221996109,0.4593870957957293,0.2018215560077961,989.3387913481964,0.2935655156819678,0.2935655156819678,0.2935655156819678,0.2935655156819678,21.238118052475663,21.238118052475663,21.238118052475663,21.238118052475663,,0.9328210782870188,0.9328210782870188,0.9328210782870188,0.9328210782870188,39.57599306960576,39.57599306960576,39.57599306960576,39.57599306960576,0.8060283720897303,0.8060283720897303,0.8060283720897303,0.8060283720897303,0.970602837208973,0.970602837208973,0.970602837208973,0.970602837208973,38.412571158722,38.412571158722,38.412571158722,38.412571158722,153.650284634888,3687.606831237312,0.1573033489578882,5.238321344535803e-05,0.335
1939-02-05,1939-02-16,1069.9044,0.9248279637273736,989.4775076349576,0.333,1939,2,5,1939.02,1938,5,128,19,0.0854908566596603,12.700562625212342,0.0128356253954363,0.35,2,Mod_Wet,49,8,7,5,93,162.0,0.163722771614295,827.4775076349576,827.4775076349576,,4,206.8693769087394,206.8693769087394,206.8693769087394,206.8693769087394,0.0,0.0,0.0,0.0,0.0,0.0,49.0,8.0,7.0,5.0,93.0,891.4775076349576,990.0,967.8579100305398,22.142089969460244,0.471008283138189,0.2119820061079661,989.3170097107538,0.3027959681116939,0.3027959681116939,0.3027959681116939,0.3027959681116939,21.156303712102385,21.156303712102385,21.156303712102385,21.156303712102385,,0.933612454990605,0.933612454990605,0.933612454990605,0.933612454990605,40.07202924646685,40.07202924646685,40.07202924646685,40.07202924646685,0.8161309418832352,0.8161309418832352,0.8161309418832352,0.8161309418832352,0.9716130941883236,0.9716130941883236,0.9716130941883236,0.9716130941883236,38.93450832656465,38.93450832656465,38.93450832656465,38.93450832656465,155.7380333062586,3737.7127993502063,0.157394212707778,5.228004919546223e-05,0.335
1939-02-06,1939-02-17,1069.9044,0.9248279637273736,989.4775076349576,0.333,1939,2,6,1939.02,1938,5,129,19,0.0854908566596603,0.0,0.0,0.35,2,Mod_Wet,49,8,7,5,93,162.0,0.163722771614295,827.4775076349576,827.4775076349576,,4,206.8693769087394,206.8693769087394,206.8693769087394,206.8693769087394,0.0,0.0,0.0,0.0,0.0,0.0,49.0,8.0,7.0,5.0,93.0,891.4775076349576,990.0,967.8579100305398,22.142089969460244,0.471008283138189,0.2119820061079661,989.3170097107538,0.3027959681116939,0.3027959681116939,0.3027959681116939,0.3027959681116939,21.156303712102385,21.156303712102385,21.156303712102385,21.156303712102385,,0.933612454990605,0.933612454990605,0.933612454990605,0.933612454990605,40.07202924646685,40.07202924646685,40.07202924646685,40.07202924646685,0.8161309418832352,0.8161309418832352,0.8161309418832352,0.8161309418832352,0.9716130941883236,0.9716130941883236,0.9716130941883236,0.9716130941883236,38.93450832656465,38.93450832656465,38.93450832656465,38.93450832656465,155.7380333062586,3737.7127993502063,0.157394212707778,5.228004919546223e-05,0.335
1939-02-07,1939-02-18,1069.9044,0.9248279637273736,989.4775076349576,0.333,1939,2,7,1939.02,1938,5,130,19,0.0854908566596603,0.0,0.0,0.35,2,Mod_Wet,49,8,7,5,93,162.0,0.163722771614295,827.4775076349576,827.4775076349576,,4,206.8693769087394,206.8693769087394,206.8693769087394,206.8693769087394,0.0,0.0,0.0,0.0,0.0,0.0,49.0,8.0,7.0,5.0,93.0,891.4775076349576,990.0,967.8579100305398,22.142089969460244,0.471008283138189,0.2119820061079661,989.3170097107538,0.3027959681116939,0.3027959681116939,0.3027959681116939,0.3027959681116939,21.156303712102385,21.156303712102385,21.156303712102385,21.156303712102385,,0.933612454990605,0.933612454990605,0.933612454990605,0.933612454990605,40.07202924646685,40.07202924646685,40.07202924646685,40.07202924646685,0.8161309418832352,0.8161309418832352,0.8161309418832352,0.8161309418832352,0.9716130941883236,0.9716130941883236,0.9716130941883236,0.9716130941883236,38.93450832656465,38.93450832656465,38.93450832656465,38.93450832656465,155.7380333062586,3737.7127993502063,0.157394212707778,5.228004919546223e-05,0.335
1939-02-08,1939-02-19,1069.9044,0.9248279637273736,989.4775076349576,0.333,1939,2,8,1939.02,1938,5,131,19,0.0854908566596603,0.0,0.0,0.35,2,Mod_Wet,49,8,7,5,93,162.0,0.163722771614295,827.4775076349576,827.4775076349576,,4,206.8693769087394,206.8693769087394,206.8693769087394,206.8693769087394,0.0,0.0,0.0,0.0,0.0,0.0,49.0,8.0,7.0,5.0,93.0,891.4775076349576,990.0,967.8579100305398,22.142089969460244,0.471008283138189,0.2119820061079661,989.3170097107538,0.3027959681116939,0.3027959681116939,0.3027959681116939,0.3027959681116939,21.156303712102385,21.156303712102385,21.156303712102385,21.156303712102385,,0.933612454990605,0.933612454990605,0.933612454990605,0.933612454990605,40.07202924646685,40.07202924646685,40.07202924646685,40.07202924646685,0.8161309418832352,0.8161309418832352,0.8161309418832352,0.8161309418832352,0.9716130941883236,0.9716130941883236,0.9716130941883236,0.9716130941883236,38.93450832656465,38.93450832656465,38.93450832656465,38.93450832656465,155.7380333062586,3737.7127993502063,0.157394212707778,5.228004919546223e-05,0.335
1939-02-09,1939-02-20,1069.9044,0.9248279637273736,989.4775076349576,0.333,1939,2,9,1939.02,1938,5,132,19,0.0854908566596603,0.0,0.0,0.35,2,Mod_Wet,49,8,7,5,93,162.0,0.163722771614295,827.4775076349576,827.4775076349576,,4,206.8693769087394,206.8693769087394,206.8693769087394,206.8693769087394,0.0,0.0,0.0,0.0,0.0,0.0,49.0,8.0,7.0,5.0,93.0,891.4775076349576,990.0,967.8579100305398,22.142089969460244,0.471008283138189,0.2119820061079661,989.3170097107538,0.3027959681116939,0.3027959681116939,0.3027959681116939,0.3027959681116939,21.156303712102385,21.156303712102385,21.156303712102385,21.156303712102385,,0.933612454990605,0.933612454990605,0.933612454990605,0.933612454990605,40.07202924646685,40.07202924646685,40.07202924646685,40.07202924646685,0.8161309418832352,0.8161309418832352,0.8161309418832352,0.8161309418832352,0.9716130941883236,0.9716130941883236,0.9716130941883236,0.9716130941883236,38.93450832656465,38.93450832656465,38.93450832656465,38.93450832656465,155.7380333062586,3737.7127993502063,0.157394212707778,5.228004919546223e-05,0.335
1939-02-10,1939-02-21,1078.3827,0.9251619817921662,997.6786758623872,0.331,1939,2,10,1939.02,1938,5,133,19,0.0861994375945102,8.201168227429662,0.0082202500923863,0.35,2,Mod_Wet,49,8,7,5,93,162.0,0.1623769294858068,835.6786758623872,835.6786758623872,,4,208.9196689655968,208.9196689655968,208.9196689655968,208.9196689655968,0.0,0.0,0.0,0.0,0.0,0.0,49.0,8.0,7.0,5.0,93.0,899.6786758623872,990.0,967.8907147034496,22.109285296550524,0.4785124634812542,0.2185429406899097,989.3029445958288,0.3088238267588546,0.3088238267588546,0.3088238267588546,0.3088238267588546,21.103406065620547,21.103406065620547,21.103406065620547,21.103406065620547,,0.9340111892788532,0.9340111892788532,0.9340111892788532,0.9340111892788532,40.385239534313584,40.385239534313584,40.385239534313584,40.385239534313584,0.8225099701489528,0.8225099701489528,0.8225099701489528,0.8225099701489528,0.9722509970148951,0.9722509970148951,0.9722509970148951,0.9722509970148951,39.26458940192175,39.26458940192175,39.26458940192175,39.26458940192175,157.058357607687,3769.400582584488,0.1574237892495063,5.220585712884102e-05,0.33
1939-02-11,1939-02-22,1112.7189,0.9371977043562544,1042.8375986738165,0.321,1939,2,11,1939.02,1938,5,134,20,0.0901011685254177,45.15892281142908,0.0433038882265637,0.34,2,Mod_Wet,49,8,7,5,93,162.0,0.1553453770807808,880.8375986738165,880.8375986738165,,4,220.20939966845413,220.20939966845413,220.20939966845413,220.20939966845413,0.0,0.0,0.0,0.0,0.0,0.0,49.0,8.0,7.0,5.0,93.0,944.8375986738164,990.0,968.0346324529748,21.965367547025156,0.519833491349224,0.2546700789390532,989.2254964297116,0.3430575149589459,0.3430575149589459,0.3430575149589459,0.3430575149589459,20.84780646177792,20.84780646177792,20.84780646177792,20.84780646177792,,0.9360801118278748,0.9360801118278748,0.9360801118278748,0.9360801118278748,42.14518235786193,42.14518235786193,42.14518235786193,42.14518235786193,0.8583540195083895,0.8583540195083895,0.8583540195083895,0.8583540195083895,0.975835401950839,0.975835401950839,0.975835401950839,0.975835401950839,41.1267609664756,41.1267609664756,41.1267609664756,41.1267609664756,164.5070438659024,3948.1690527816577,0.1577494368011923,5.187834981461054e-05,0.32
1939-02-12,1939-02-23,1112.7189,0.9371977043562544,1042.8375986738165,0.321,1939,2,12,1939.02,1938,5,135,20,0.0901011685254177,0.0,0.0,0.34,2,Mod_Wet,49,8,7,5,93,162.0,0.1553453770807808,880.8375986738165,880.8375986738165,,4,220.20939966845413,220.20939966845413,220.20939966845413,220.20939966845413,0.0,0.0,0.0,0.0,0.0,0.0,49.0,8.0,7.0,5.0,93.0,944.8375986738164,990.0,968.0346324529748,21.965367547025156,0.519833491349224,0.2546700789390532,989.2254964297116,0.3430575149589459,0.3430575149589459,0.3430575149589459,0.3430575149589459,20.84780646177792,20.84780646177792,20.84780646177792,20.84780646177792,,0.9360801118278748,0.9360801118278748,0.9360801118278748,0.9360801118278748,42.14518235786193,42.14518235786193,42.14518235786193,42.14518235786193,0.8583540195083895,0.8583540195083895,0.8583540195083895,0.8583540195083895,0.975835401950839,0.975835401950839,0.975835401950839,0.975835401950839,41.1267609664756,41.1267609664756,41.1267609664756,41.1267609664756,164.5070438659024,3948.1690527816577,0.1577494368011923,5.187834981461054e-05,0.32
1939-02-13,1939-02-24,1130.1421,0.9379332643780708,1059.9978690640885,0.316,1939,2,13,1939.02,1938,5,136,20,0.0915838158871372,17.160270390272213,0.0161889668753991,0.34,2,Mod_Wet,49,8,7,5,93,162.0,0.1528304959169737,897.9978690640885,897.9978690640885,,4,224.49946726602207,224.49946726602207,224.49946726602207,224.49946726602207,0.0,0.0,0.0,0.0,0.0,0.0,49.0,8.0,7.0,5.0,93.0,961.9978690640884,990.0,968.0885647313444,21.911435268655737,0.5355353718829833,0.2683982952512708,989.1960663328658,0.3565283272153094,0.3565283272153094,0.3565283272153094,0.3565283272153094,20.75097327430625,20.75097327430625,20.75097327430625,20.75097327430625,,0.9368635643220417,0.9368635643220417,0.9368635643220417,0.9368635643220417,42.80247028042688,42.80247028042688,42.80247028042688,42.80247028042688,0.8717407389088976,0.8717407389088976,0.8717407389088976,0.8717407389088976,0.9771740738908896,0.9771740738908896,0.9771740738908896,0.9771740738908896,41.82546425651847,41.82546425651847,41.82546425651847,41.82546425651847,167.30185702607386,4015.244568625773,0.1578322578834907,5.175150149435558e-05,0.315
1939-02-14,1939-02-25,1156.5974,0.9338086699838878,1080.0406798008228,0.311,1939,2,14,1939.02,1938,5,137,20,0.093315514734791,20.04281073673428,0.0185574590953652,0.34,2,Mod_Wet,49,8,7,5,93,162.0,0.14999435024047,918.0406798008228,918.0406798008228,,4,229.5101699502057,229.5101699502057,229.5101699502057,229.5101699502057,0.0,0.0,0.0,0.0,0.0,0.0,49.0,8.0,7.0,5.0,93.0,982.0406798008228,990.0,968.1515564222312,21.84844357776888,0.5538748159938033,0.2844325438406582,989.1616926401656,0.3726227472396623,0.3726227472396623,0.3726227472396623,0.3726227472396623,20.637513470694696,20.637513470694696,20.637513470694696,20.637513470694696,,0.9375401222677532,0.9375401222677532,0.9375401222677532,0.9375401222677532,43.54997061779268,43.54997061779268,43.54997061779268,43.54997061779268,0.8869647783664497,0.8869647783664497,0.8869647783664497,0.8869647783664497,0.9786964778366448,0.9786964778366448,0.9786964778366448,0.9786964778366448,42.62220285352307,42.62220285352307,42.62220285352307,42.62220285352307,170.48881141409228,4091.731473938215,0.1578540647612766,5.158595279335109e-05,0.31
1939-02-15,1939-02-26,1156.5974,0.9338086699838878,1080.0406798008228,0.311,1939,2,15,1939.02,1938,5,138,20,0.093315514734791,0.0,0.0,0.34,2,Mod_Wet,49,8,7,5,93,162.0,0.14999435024047,918.0406798008228,918.0406798008228,,4,229.5101699502057,229.5101699502057,229.5101699502057,229.5101699502057,0.0,0.0,0.0,0.0,0.0,0.0,49.0,8.0,7.0,5.0,93.0,982.0406798008228,990.0,968.1515564222312,21.84844357776888,0.5538748159938033,0.2844325438406582,989.1616926401656,0.3726227472396623,0.3726227472396623,0.3726227472396623,0.3726227472396623,20.637513470694696,20.637513470694696,20.637513470694696,20.637513470694696,,0.9375401222677532,0.9375401222677532,0.9375401222677532,0.9375401222677532,43.54997061779268,43.54997061779268,43.54997061779268,43.54997061779268,0.8869647783664497,0.8869647783664497,0.8869647783664497,0.8869647783664497,0.9786964778366448,0.9786964778366448,0.9786964778366448,0.9786964778366448,42.62220285352307,42.62220285352307,42.62220285352307,42.62220285352307,170.48881141409228,4091.731473938215,0.1578540647612766,5.158595279335109e-05,0.31
1939-02-16,1939-02-27,1156.5974,0.9338086699838878,1080.0406798008228,0.311,1939,2,16,1939.02,1938,5,139,20,0.093315514734791,0.0,0.0,0.34,2,Mod_Wet,49,8,7,5,93,162.0,0.14999435024047,918.0406798008228,918.0406798008228,,4,229.5101699502057,229.5101699502057,229.5101699502057,229.5101699502057,0.0,0.0,0.0,0.0,0.0,0.0,49.0,8.0,7.0,5.0,93.0,982.0406798008228,990.0,968.1515564222312,21.84844357776888,0.5538748159938033,0.2844325438406582,989.1616926401656,0.3726227472396623,0.3726227472396623,0.3726227472396623,0.3726227472396623,20.637513470694696,20.637513470694696,20.637513470694696,20.637513470694696,,0.9375401222677532,0.9375401222677532,0.9375401222677532,0.9375401222677532,43.54997061779268,43.54997061779268,43.54997061779268,43.54997061779268,0.8869647783664497,0.8869647783664497,0.8869647783664497,0.8869647783664497,0.9786964778366448,0.9786964778366448,0.9786964778366448,0.9786964778366448,42.62220285352307,42.62220285352307,42.62220285352307,42.62220285352307,170.48881141409228,4091.731473938215,0.1578540647612766,5.158595279335109e-05,0.31
1939-02-17,1939-02-28,1156.5974,0.9338086699838878,1080.0406798008228,0.311,1939,2,17,1939.02,1938,5,140,20,0.093315514734791,0.0,0.0,0.34,2,Mod_Wet,49,8,7,5,93,162.0,0.14999435024047,918.0406798008228,918.0406798008228,,4,229.5101699502057,229.5101699502057,229.5101699502057,229.5101699502057,0.0,0.0,0.0,0.0,0.0,0.0,49.0,8.0,7.0,5.0,93.0,982.0406798008228,990.0,968.1515564222312,21.84844357776888,0.5538748159938033,0.2844325438406582,989.1616926401656,0.3726227472396623,0.3726227472396623,0.3726227472396623,0.3726227472396623,20.637513470694696,20.637513470694696,20.637513470694696,20.637513470694696,,0.9375401222677532,0.9375401222677532,0.9375401222677532,0.9375401222677532,43.54997061779268,43.54997061779268,43.54997061779268,43.54997061779268,0.8869647783664497,0.8869647783664497,0.8869647783664497,0.8869647783664497,0.9786964778366448,0.9786964778366448,0.9786964778366448,0.9786964778366448,42.62220285352307,42.62220285352307,42.62220285352307,42.62220285352307,170.48881141409228,4091.731473938215,0.1578540647612766,5.158595279335109e-05,0.31
1939-02-18,1939-03-01,1201.5505,0.921902008637954,1107.711819429938,0.298,1939,2,18,1939.02,1938,5,141,21,0.0957063011987466,27.671139629115263,0.0249804499182428,0.34,2,Mod_Wet,49,8,7,5,93,162.0,0.1462474238862686,945.711819429938,945.711819429938,,4,236.4279548574845,236.4279548574845,236.4279548574845,236.4279548574845,0.0,0.0,0.0,0.0,0.0,0.0,49.0,8.0,7.0,5.0,93.0,1009.711819429938,990.0,968.2385228610656,21.761477138934534,0.5791942846739502,0.3065694555439504,989.1142362597822,0.3953979283211479,0.3953979283211479,0.3953979283211479,0.3953979283211479,20.48031547039555,20.48031547039555,20.48031547039555,20.48031547039555,,0.9384153529259608,0.9384153529259608,0.9384153529259608,0.9384153529259608,44.56247171006011,44.56247171006011,44.56247171006011,44.56247171006011,0.9075859818749512,0.9075859818749512,0.9075859818749512,0.9075859818749512,0.98,0.98,0.98,0.98,43.67122227585891,43.67122227585891,43.67122227585891,43.67122227585891,174.68488910343564,4192.437338482456,0.1576988581681233,5.13090555807574e-05,0.3
1939-02-19,1939-03-02,1201.5505,0.921902008637954,1107.711819429938,0.298,1939,2,19,1939.02,1938,5,142,21,0.0957063011987466,0.0,0.0,0.34,2,Mod_Wet,49,8,7,5,93,162.0,0.1462474238862686,945.711819429938,945.711819429938,,4,236.4279548574845,236.4279548574845,236.4279548574845,236.4279548574845,0.0,0.0,0.0,0.0,0.0,0.0,49.0,8.0,7.0,5.0,93.0,1009.711819429938,990.0,968.2385228610656,21.761477138934534,0.5791942846739502,0.3065694555439504,989.1142362597822,0.3953979283211479,0.3953979283211479,0.3953979283211479,0.3953979283211479,20.48031547039555,20.48031547039555,20.48031547039555,20.48031547039555,,0.9384153529259608,0.9384153529259608,0.9384153529259608,0.9384153529259608,44.56247171006011,44.56247171006011,44.56247171006011,44.56247171006011,0.9075859818749512,0.9075859818749512,0.9075859818749512,0.9075859818749512,0.98,0.98,0.98,0.98,43.67122227585891,43.67122227585891,43.67122227585891,43.67122227585891,174.68488910343564,4192.437338482456,0.1576988581681233,5.13090555807574e-05,0.3
1939-02-20,1939-03-03,1247.589,0.9151467263536076,1141.726989184771,0.287,1939,2,20,1939.02,1938,5,143,21,0.0986452118655642,34.01516975483288,0.0297927351083473,0.34,2,Mod_Wet,49,8,7,5,93,162.0,0.1418903131261468,979.7269891847708,979.7269891847708,,4,244.93174729619275,244.93174729619275,244.93174729619275,244.93174729619275,0.0,0.0,0.0,0.0,0.0,0.0,49.0,8.0,7.0,5.0,93.0,1043.726989184771,990.0,968.345427680295,21.65457231970504,0.6160109811648539,0.3337815913478167,989.0502074274872,0.4243652106989029,0.4243652106989029,0.4243652106989029,0.4243652106989029,20.28041453649343,20.28041453649343,20.28041453649343,20.28041453649343,,0.9394466987768731,0.9394466987768731,0.9394466987768731,0.9394466987768731,45.76492475524085,45.76492475524085,45.76492475524085,45.76492475524085,0.9320758605955366,0.9320758605955366,0.9320758605955366,0.9320758605955366,0.98,0.98,0.98,0.98,44.84962626013603,44.84962626013603,44.84962626013603,44.84962626013603,179.3985050405441,4305.564120973058,0.1571290744108977,5.086408623721154e-05,0.285
1939-02-21,1939-03-04,1453.0426,0.9400588702282704,1365.945584949549,0.25,1939,2,21,1939.02,1938,5,144,21,0.118017698539641,224.218595764778,0.1641489955641677,0.39,2,Mod_Wet,49,8,7,5,93,162.0,0.1185991607462045,1203.945584949549,1100.0,,4,275.0,275.0,275.0,275.0,103.9455849495489,31.4403312501722,5.133115306150563,4.491475892881742,3.208197066344102,59.67246543400029,80.44033125017219,13.133115306150565,11.49147589288174,8.208197066344102,152.6724654340003,1205.0649224492045,990.0,969.0515165052216,20.94848349477843,0.8524449063200229,0.48,988.66755509368,0.5349,0.5349,0.5349,0.5349,19.081138588458423,19.081138588458423,19.081138588458423,19.081138588458423,,0.9373231523959902,0.9373231523959902,0.9373231523959902,0.9373231523959902,48.235304409212056,48.235304409212056,48.235304409212056,48.235304409212056,0.9823890918373128,0.9823890918373128,0.9823890918373128,0.9823890918373128,0.98,0.98,0.98,0.98,47.27059832102781,47.27059832102781,47.27059832102781,47.27059832102781,189.08239328411125,4537.97743881867,0.1384260071319715,4.77480791121493e-05,0.25
1939-02-22,1939-03-05,1463.3217,0.94550510416192,1383.5781363808978,0.248,1939,2,22,1939.02,1938,5,145,21,0.1195411509833096,17.63255143134893,0.0127441674363772,0.39,2,Mod_Wet,49,8,7,5,93,162.0,0.1170877131838411,1221.5781363808978,1100.0,,4,275.0,275.0,275.0,275.0,121.57813638089785,36.7736338436049,6.003858586711004,5.253376263372128,3.752411616694377,69.79485607051542,85.7736338436049,14.003858586711004,12.253376263372129,8.752411616694378,162.79485607051544,1212.030868693688,990.0,969.108483209846,20.89151679015401,0.8626532062509744,0.48,988.657346793749,0.5349,0.5349,0.5349,0.5349,19.01396358390297,19.01396358390297,19.01396358390297,19.01396358390297,,0.9371135663817772,0.9371135663817772,0.9371135663817772,0.9371135663817772,48.05474491098947,48.05474491098947,48.05474491098947,48.05474491098947,0.9787117089814557,0.9787117089814557,0.9787117089814557,0.9787117089814557,0.98,0.98,0.98,0.98,47.09365001276968,47.09365001276968,47.09365001276968,47.09365001276968,188.37460005107872,4520.990401225889,0.1361503156907499,4.75693434472421e-05,0.25
1939-02-23,1939-03-06,1463.3217,0.94550510416192,1383.5781363808978,0.248,1939,2,23,1939.02,1938,5,146,21,0.1195411509833096,0.0,0.0,0.39,2,Mod_Wet,49,8,7,5,93,162.0,0.1170877131838411,1221.5781363808978,1100.0,,4,275.0,275.0,275.0,275.0,121.57813638089785,36.7736338436049,6.003858586711004,5.253376263372128,3.752411616694377,69.79485607051542,85.7736338436049,14.003858586711004,12.253376263372129,8.752411616694378,162.79485607051544,1212.030868693688,990.0,969.108483209846,20.89151679015401,0.8626532062509744,0.48,988.657346793749,0.5349,0.5349,0.5349,0.5349,19.01396358390297,19.01396358390297,19.01396358390297,19.01396358390297,,0.9371135663817772,0.9371135663817772,0.9371135663817772,0.9371135663817772,48.05474491098947,48.05474491098947,48.05474491098947,48.05474491098947,0.9787117089814557,0.9787117089814557,0.9787117089814557,0.9787117089814557,0.98,0.98,0.98,0.98,47.09365001276968,47.09365001276968,47.09365001276968,47.09365001276968,188.37460005107872,4520.990401225889,0.1361503156907499,4.75693434472421e-05,0.25
1939-02-24,1939-03-07,1525.9589,0.9480519815469955,1446.688358904274,0.237,1939,2,24,1939.02,1938,5,147,21,0.1249938742093292,63.11022252337624,0.0436239236563541,0.39,2,Mod_Wet,49,8,7,5,93,162.0,0.1119798877228121,1284.688358904274,1100.0,,4,275.0,275.0,275.0,275.0,184.68835890427408,51.0,9.120412785396253,7.980361187221719,5.7002579908726565,110.88732694078344,100.0,17.12041278539625,14.98036118722172,10.700257990872656,203.88732694078345,1232.100773972618,990.0,969.3123777749216,20.687622225078485,0.8980567733518202,0.48,988.621943226648,0.5349,0.5349,0.5349,0.5349,18.7746654517266,18.7746654517266,18.7746654517266,18.7746654517266,,0.9363601961729388,0.9363601961729388,0.9363601961729388,0.9363601961729388,47.4118109758985,47.4118109758985,47.4118109758985,47.4118109758985,0.9656173314846944,0.9656173314846944,0.9656173314846944,0.9656173314846944,0.98,0.98,0.98,0.98,46.46357475638053,46.46357475638053,46.46357475638053,46.46357475638053,185.8542990255221,4460.50317661253,0.1284687872696291,4.693290379432376e-05,0.235
1939-02-25,1939-03-08,1746.8622,0.982614654600295,1716.4923972873114,0.205,1939,2,25,1939.02,1938,5,148,22,0.1483049431256237,269.8040383830373,0.1571833576480891,0.39,2,Mod_Wet,49,8,7,5,93,162.0,0.0943785129814845,1554.4923972873114,1100.0,,4,275.0,275.0,275.0,275.0,454.4923972873114,51.0,10.0,18.0,14.027543126151588,361.4648541611598,100.0,18.0,25.0,19.027543126151585,454.4648541611598,1243.0,990.0,970.1840523604668,19.815947639533302,0.9262894125183112,0.48,988.5937105874816,0.5349,0.5349,0.5349,0.5349,17.87475822701503,17.87475822701503,17.87475822701503,17.87475822701503,,0.9332768834957222,0.9332768834957222,0.9332768834957222,0.9332768834957222,44.99063039718336,44.99063039718336,44.99063039718336,44.99063039718336,0.9163061180689076,0.9163061180689076,0.9163061180689076,0.9163061180689076,0.98,0.98,0.98,0.98,44.09081778923969,44.09081778923969,44.09081778923969,44.09081778923969,176.36327115695877,4232.718507767011,0.1027463165206426,4.45361795850906e-05,0.205
1939-02-26,1939-03-09,1769.9945,0.9864250135611264,1745.9668486656192,0.202,1939,2,26,1939.02,1938,5,149,22,0.1508515357247095,29.474451378307773,0.0168814496110473,0.39,2,Mod_Wet,49,8,7,5,93,162.0,0.092785266870222,1583.9668486656192,1100.0,,4,275.0,275.0,275.0,275.0,483.9668486656192,51.0,10.0,18.0,14.937248415605527,390.0296002500136,100.0,18.0,25.0,19.93724841560553,483.0296002500136,1243.0,990.0,970.2792775110736,19.720722488926413,0.9262894125183112,0.48,988.5937105874816,0.5349,0.5349,0.5349,0.5349,17.779533076408136,17.779533076408136,17.779533076408136,17.779533076408136,,0.9327879023473558,0.9327879023473558,0.9327879023473558,0.9327879023473558,44.72750260272614,44.72750260272614,44.72750260272614,44.72750260272614,0.9109470998518562,0.9109470998518562,0.9109470998518562,0.9109470998518562,0.98,0.98,0.98,0.98,43.832952550671614,43.832952550671614,43.832952550671614,43.832952550671614,175.33181020268646,4207.963444864475,0.1004210419783665,4.427570964714304e-05,0.2
1939-02-27,1939-03-10,1805.0532,0.988013942331584,1783.4177282502417,0.198,1939,2,27,1939.02,1938,5,150,22,0.1540872917208208,37.45087958462227,0.0209994994394085,0.39,2,Mod_Wet,49,8,7,5,93,162.0,0.0908368227105954,1621.4177282502417,1100.0,,4,275.0,275.0,275.0,275.0,521.4177282502417,51.0,10.0,18.0,16.093139760809926,426.3245884894318,100.0,18.0,25.0,21.09313976080993,519.3245884894318,1243.0,990.0,970.4002726605008,19.599727339499168,0.9262894125183112,0.48,988.5937105874816,0.5349,0.5349,0.5349,0.5349,17.65853792698089,17.65853792698089,17.65853792698089,17.65853792698089,,0.932166592255047,0.932166592255047,0.932166592255047,0.932166592255047,44.39352900537445,44.39352900537445,44.39352900537445,44.39352900537445,0.9041451935921476,0.9041451935921476,0.9041451935921476,0.9041451935921476,0.98,0.98,0.98,0.98,43.505658425266965,43.505658425266965,43.505658425266965,43.505658425266965,174.02263370106786,4176.543208825628,0.0975781674391036,4.394510952047168e-05,0.2
1939-02-28,1939-03-11,1925.0651,0.9982266222520412,1921.651232388288,0.184,1939,2,28,1939.02,1938,5,151,22,0.166030666478348,138.23350413804658,0.0719347516386965,0.39,2,Mod_Wet,49,8,7,5,93,162.0,0.0843024984292604,1759.651232388288,1100.0,,4,275.0,275.0,275.0,275.0,659.651232388288,51.0,10.0,18.0,20.35960593791012,560.2916264503779,100.0,18.0,25.0,25.35960593791012,653.2916264503779,1243.0,990.0,970.8468732123314,19.15312678766861,0.9262894125183112,0.48,988.5937105874816,0.5349,0.5349,0.5349,0.5349,17.211937375150335,17.211937375150335,17.211937375150335,17.211937375150335,,0.929873298421397,0.929873298421397,0.929873298421397,0.929873298421397,43.16432238910978,43.16432238910978,43.16432238910978,43.16432238910978,0.8791104356234171,0.8791104356234171,0.8791104356234171,0.8791104356234171,0.9779110435623416,0.9779110435623416,0.9779110435623416,0.9779110435623416,42.210867552195694,42.210867552195694,42.210867552195694,42.210867552195694,168.84347020878278,4052.2432850107866,0.0878637430991777,4.263723995171282e-05,0.185
1939-03-01,1939-03-12,1937.3349,1.0078456066936932,1952.5344676593647,0.182,1939,3,1,1939.03,1938,6,152,22,0.1686989780057691,30.883235271077183,0.0158169987688355,0.32,2,Mod_Wet,59,11,12,13,144,239.0,0.1224050094677742,1713.5344676593647,1100.0,,4,275.0,275.0,275.0,275.0,613.5344676593647,41.0,7.0,12.999999999999996,33.37216769695289,519.1622999624118,100.0,18.0,25.0,46.37216769695289,663.1622999624118,1243.0,990.0,970.9466498185918,19.053350181408177,0.9262894125183112,0.48,988.5937105874816,0.5349,0.5349,0.5349,0.5349,17.1121607688899,17.1121607688899,17.1121607688899,17.1121607688899,,0.9293609455482496,0.9293609455482496,0.9293609455482496,0.9293609455482496,42.89045597448777,42.89045597448777,42.89045597448777,42.89045597448777,0.8735327082380401,0.8735327082380401,0.8735327082380401,0.8735327082380401,0.977353270823804,0.977353270823804,0.977353270823804,0.977353270823804,41.91912743378999,41.91912743378999,41.91912743378999,41.91912743378999,167.67650973515995,4024.236233643839,0.0858763379148769,4.234255296342423e-05,0.18
1939-03-02,1939-03-13,1937.3349,1.0078456066936932,1952.5344676593647,0.182,1939,3,2,1939.03,1938,6,153,22,0.1686989780057691,0.0,0.0,0.32,2,Mod_Wet,59,11,12,13,144,239.0,0.1224050094677742,1713.5344676593647,1100.0,,4,275.0,275.0,275.0,275.0,613.5344676593647,41.0,7.0,12.999999999999996,33.37216769695289,519.1622999624118,100.0,18.0,25.0,46.37216769695289,663.1622999624118,1243.0,990.0,970.9466498185918,19.053350181408177,0.9262894125183112,0.48,988.5937105874816,0.5349,0.5349,0.5349,0.5349,17.1121607688899,17.1121607688899,17.1121607688899,17.1121607688899,,0.9293609455482496,0.9293609455482496,0.9293609455482496,0.9293609455482496,42.89045597448777,42.89045597448777,42.89045597448777,42.89045597448777,0.8735327082380401,0.8735327082380401,0.8735327082380401,0.8735327082380401,0.977353270823804,0.977353270823804,0.977353270823804,0.977353270823804,41.91912743378999,41.91912743378999,41.91912743378999,41.91912743378999,167.67650973515995,4024.236233643839,0.0858763379148769,4.234255296342423e-05,0.18
1939-03-03,1939-03-14,2049.9848,1.0130719634467324,2076.782126371957,0.1689999999999999,1939,3,3,1939.03,1938,6,154,22,0.1794339757185371,124.24765871259228,0.0598270069521674,0.32,2,Mod_Wet,59,11,12,13,144,239.0,0.1150818841153655,1837.782126371957,1100.0,,4,275.0,275.0,275.0,275.0,737.782126371957,41.0,7.0,13.0,40.13040854742863,636.6517178245283,100.0,18.0,25.0,53.13040854742863,780.6517178245283,1243.0,990.0,971.2853361671048,18.71466383289521,0.9262894125183112,0.48,988.5937105874816,0.5349,0.5349,0.5349,0.5349,16.773474420376935,16.773474420376935,16.773474420376935,16.773474420376935,,0.9276569026134772,0.9276569026134772,0.9276569026134772,0.9276569026134772,41.96447599583736,41.96447599583736,41.96447599583736,41.96447599583736,0.8546736455364025,0.8546736455364025,0.8546736455364025,0.8546736455364025,0.9754673645536402,0.9754673645536402,0.9754673645536402,0.9754673645536402,40.93497680453397,40.93497680453397,40.93497680453397,40.93497680453397,163.73990721813587,3929.757773235261,0.078843083797231,4.134846141872118e-05,0.17
1939-03-04,1939-03-15,2469.2967,1.0111383888554557,2496.800686844093,0.124,1939,3,4,1939.03,1938,6,155,23,0.2157235793433296,420.01856047213545,0.1682227030316267,0.32,2,Mod_Wet,59,11,12,13,144,239.0,0.0957224984995063,2257.800686844093,1100.0,,4,275.0,275.0,275.0,275.0,1157.800686844093,41.0,6.999999999999993,13.000000000000009,62.976606397377445,1033.8240804467157,100.0,18.0,25.0,75.97660639737745,1177.8240804467157,1243.0,990.0,972.2991740716926,17.70082592830738,0.9262894125183112,0.48,988.5937105874816,0.5349,0.5349,0.5349,0.5349,15.759636515789104,15.759636515789104,15.759636515789104,15.759636515789104,,0.921245128893154,0.921245128893154,0.921245128893154,0.921245128893154,39.15550183346031,39.15550183346031,39.15550183346031,39.15550183346031,0.797464395793489,0.797464395793489,0.797464395793489,0.797464395793489,0.97,0.97,0.97,0.97,37.980836778456506,37.980836778456506,37.980836778456506,37.980836778456506,151.92334711382605,3646.1603307318246,0.0608472065529003,3.836448159440051e-05,0.125
1939-03-05,1939-03-16,2498.0517,1.0179830997411152,2542.9744128795624,0.122,1939,3,5,1939.03,1938,6,156,23,0.2197129892727941,46.17372603546937,0.0181573694967634,0.32,2,Mod_Wet,59,11,12,13,144,239.0,0.0939844297250973,2303.9744128795624,1100.0,,4,275.0,275.0,275.0,275.0,1203.9744128795624,41.0,6.999999999999993,13.0,65.4881479808967,1077.4862648986657,100.0,18.0,25.0,78.4881479808967,1221.4862648986657,1243.0,990.0,972.4106278931577,17.58937210684246,0.9262894125183112,0.48,988.5937105874816,0.5349,0.5349,0.5349,0.5349,15.648182694324184,15.648182694324184,15.648182694324184,15.648182694324184,,0.9200581456945526,0.9200581456945526,0.9200581456945526,0.9200581456945526,38.82849664371838,38.82849664371838,38.82849664371838,38.82849664371838,0.79080441229569,0.79080441229569,0.79080441229569,0.79080441229569,0.97,0.97,0.97,0.97,37.66364174440683,37.66364174440683,37.66364174440683,37.66364174440683,150.65456697762733,3615.709607463056,0.0592434458697648,3.8044082570107913e-05,0.12
1939-03-06,1939-03-17,2556.1926,1.0139677253419703,2591.896796157977,0.117,1939,3,6,1939.03,1938,6,157,23,0.2239398831880492,48.9223832784146,0.0188751278025164,0.32,2,Mod_Wet,59,11,12,13,144,239.0,0.0922104616025895,2352.896796157977,1100.0,,4,275.0,275.0,275.0,275.0,1252.896796157977,41.0,7.000000000000007,12.999999999999991,67.0,1124.896796157977,100.0,18.0,25.0,80.0,1268.896796157977,1243.0,990.0,972.5287164045192,17.471283595480713,0.9262894125183112,0.48,988.5937105874816,0.5349,0.5349,0.5349,0.5349,15.530094182962436,15.530094182962436,15.530094182962436,15.530094182962436,,0.91880050304855,0.91880050304855,0.91880050304855,0.91880050304855,38.482803851853,38.482803851853,38.482803851853,38.482803851853,0.7837638259033197,0.7837638259033197,0.7837638259033197,0.7837638259033197,0.97,0.97,0.97,0.97,37.32831973629741,37.32831973629741,37.32831973629741,37.32831973629741,149.31327894518964,3583.5186946845515,0.0576077254181261,3.770537347100749e-05,0.115
1939-03-07,1939-03-18,2797.2606,1.0153902476925185,2840.311133494523,0.098,1939,3,7,1939.03,1938,6,158,23,0.2454028819339268,248.414337336546,0.087460255465363,0.32,2,Mod_Wet,59,11,12,13,144,239.0,0.084145711074248,2601.311133494523,1100.0,,4,275.0,275.0,275.0,275.0,1501.311133494523,41.0,7.0,13.0,67.0,1373.3111334945231,100.0,18.0,25.0,80.0,1517.3111334945231,1243.0,990.0,973.1283372187798,16.871662781220152,0.9262894125183112,0.48,988.5937105874816,0.5349,0.5349,0.5349,0.5349,14.930473368701875,14.930473368701875,14.930473368701875,14.930473368701875,,0.9123804733273388,0.9123804733273388,0.9123804733273388,0.9123804733273388,36.73846041128599,36.73846041128599,36.73846041128599,36.73846041128599,0.7482374829182483,0.7482374829182483,0.7482374829182483,0.7482374829182483,0.97,0.97,0.97,0.97,35.636306598947414,35.636306598947414,35.636306598947414,35.636306598947414,142.54522639578963,3421.085433498952,0.050186482992943,3.5996269291866074e-05,0.1
1939-03-08,1939-03-19,2812.7838,1.0214266739181483,2873.0524012848505,0.096,1939,3,8,1939.03,1938,6,159,23,0.2482317274710111,32.741267790327576,0.0113959869912868,0.32,2,Mod_Wet,59,11,12,13,144,239.0,0.0831867876454733,2634.0524012848505,1100.0,,4,275.0,275.0,275.0,275.0,1534.0524012848505,41.0,7.0,13.0,67.0,1406.0524012848507,100.0,18.0,25.0,80.0,1550.0524012848507,1243.0,990.0,973.2073678651705,16.79263213482966,0.9262894125183112,0.48,988.5937105874816,0.5349,0.5349,0.5349,0.5349,14.851442722311385,14.851442722311385,14.851442722311385,14.851442722311385,,0.9115000719265488,0.9115000719265488,0.9115000719265488,0.9115000719265488,36.5087316346607,36.5087316346607,36.5087316346607,36.5087316346607,0.7435586890969592,0.7435586890969592,0.7435586890969592,0.7435586890969592,0.97,0.97,0.97,0.97,35.413469685620875,35.413469685620875,35.413469685620875,35.413469685620875,141.6538787424835,3399.693089819604,0.0493043143519188,3.577118150062715e-05,0.095
1939-03-09,1939-03-20,2812.7838,1.0214266739181483,2873.0524012848505,0.096,1939,3,9,1939.03,1938,6,160,23,0.2482317274710111,0.0,0.0,0.32,2,Mod_Wet,59,11,12,13,144,239.0,0.0831867876454733,2634.0524012848505,1100.0,,4,275.0,275.0,275.0,275.0,1534.0524012848505,41.0,7.0,13.0,67.0,1406.0524012848507,100.0,18.0,25.0,80.0,1550.0524012848507,1243.0,990.0,973.2073678651705,16.79263213482966,0.9262894125183112,0.48,988.5937105874816,0.5349,0.5349,0.5349,0.5349,14.851442722311385,14.851442722311385,14.851442722311385,14.851442722311385,,0.9115000719265488,0.9115000719265488,0.9115000719265488,0.9115000719265488,36.5087316346607,36.5087316346607,36.5087316346607,36.5087316346607,0.7435586890969592,0.7435586890969592,0.7435586890969592,0.7435586890969592,0.97,0.97,0.97,0.97,35.413469685620875,35.413469685620875,35.413469685620875,35.413469685620875,141.6538787424835,3399.693089819604,0.0493043143519188,3.577118150062715e-05,0.095
1939-03-10,1939-03-21,2781.7915,1.0178649970908706,2831.488197054909,0.099,1939,3,10,1939.03,1938,6,161,23,0.2446405802255441,41.56420422994142,0.0146792786468872,0.32,2,Mod_Wet,59,11,12,13,144,239.0,0.0844079096810606,2592.488197054909,1100.0,,4,275.0,275.0,275.0,275.0,1492.488197054909,41.0,7.0,13.0,67.0,1364.488197054909,100.0,18.0,25.0,80.0,1508.488197054909,1243.0,990.0,973.1070404756498,16.892959524350204,0.9262894125183112,0.48,988.5937105874816,0.5349,0.5349,0.5349,0.5349,14.951770111831928,14.951770111831928,14.951770111831928,14.951770111831928,,0.9126177190458076,0.9126177190458076,0.9126177190458076,0.9126177190458076,36.80043064944319,36.80043064944319,36.80043064944319,36.80043064944319,0.7494996058949732,0.7494996058949732,0.7494996058949732,0.7494996058949732,0.97,0.97,0.97,0.97,35.69641772995989,35.69641772995989,35.69641772995989,35.69641772995989,142.78567091983956,3426.856102076149,0.0504277824884998,3.605698760602009e-05,0.1
1939-03-11,1939-03-22,2705.2546,1.016250048483886,2749.2151184112568,0.106,1939,3,11,1939.03,1938,6,162,24,0.2375321862307325,82.2730786436523,0.0299260243742574,0.24,2,Mod_Wet,59,11,12,13,144,239.0,0.0869339028435561,2510.2151184112568,1100.0,,4,275.0,275.0,275.0,275.0,1410.2151184112568,41.0,7.0,13.0,67.0,1282.2151184112568,100.0,18.0,25.0,80.0,1426.2151184112568,1243.0,990.0,972.9084502858204,17.091549714179678,0.9262894125183112,0.48,988.5937105874816,0.5349,0.5349,0.5349,0.5349,15.1503603016614,15.1503603016614,15.1503603016614,15.1503603016614,,0.914756337212694,0.914756337212694,0.914756337212694,0.914756337212694,37.376599019073694,37.376599019073694,37.376599019073694,37.376599019073694,0.7612341959078145,0.7612341959078145,0.7612341959078145,0.7612341959078145,0.97,0.97,0.97,0.97,36.25530104850148,36.25530104850148,36.25530104850148,36.25530104850148,145.02120419400592,3480.508900656142,0.0527500388102813,3.662151621060756e-05,0.105
1939-03-12,1939-03-23,2690.1084,1.0194753303873465,2742.499149867776,0.106,1939,3,12,1939.03,1938,6,163,24,0.2369519265485758,6.7159685434808125,0.0024488498178038,0.24,2,Mod_Wet,59,11,12,13,144,239.0,0.0871467909156956,2503.499149867776,1100.0,,4,275.0,275.0,275.0,275.0,1403.499149867776,41.0,7.0,13.0,67.0,1275.499149867776,100.0,18.0,25.0,80.0,1419.499149867776,1243.0,990.0,972.892239327267,17.10776067273298,0.9262894125183112,0.48,988.5937105874816,0.5349,0.5349,0.5349,0.5349,15.166571260214702,15.166571260214702,15.166571260214702,15.166571260214702,,0.9149289839212866,0.9149289839212866,0.9149289839212866,0.9149289839212866,37.42365398772122,37.42365398772122,37.42365398772122,37.42365398772122,0.7621925455747703,0.7621925455747703,0.7621925455747703,0.7621925455747703,0.97,0.97,0.97,0.97,36.30094436808959,36.30094436808959,36.30094436808959,36.30094436808959,145.20377747235835,3484.8906593366005,0.0529457875964552,3.6667620573827867e-05,0.105
1939-03-13,1939-03-24,2690.1084,1.0194753303873465,2742.499149867776,0.106,1939,3,13,1939.03,1938,6,164,24,0.2369519265485758,0.0,0.0,0.24,2,Mod_Wet,59,11,12,13,144,239.0,0.0871467909156956,2503.499149867776,1100.0,,4,275.0,275.0,275.0,275.0,1403.499149867776,41.0,7.0,13.0,67.0,1275.499149867776,100.0,18.0,25.0,80.0,1419.499149867776,1243.0,990.0,972.892239327267,17.10776067273298,0.9262894125183112,0.48,988.5937105874816,0.5349,0.5349,0.5349,0.5349,15.166571260214702,15.166571260214702,15.166571260214702,15.166571260214702,,0.9149289839212866,0.9149289839212866,0.9149289839212866,0.9149289839212866,37.42365398772122,37.42365398772122,37.42365398772122,37.42365398772122,0.7621925455747703,0.7621925455747703,0.7621925455747703,0.7621925455747703,0.97,0.97,0.97,0.97,36.30094436808959,36.30094436808959,36.30094436808959,36.30094436808959,145.20377747235835,3484.8906593366005,0.0529457875964552,3.6667620573827867e-05,0.105
1939-03-14,1939-03-25,2690.1084,1.0194753303873465,2742.499149867776,0.106,1939,3,14,1939.03,1938,6,165,24,0.2369519265485758,0.0,0.0,0.24,2,Mod_Wet,59,11,12,13,144,239.0,0.0871467909156956,2503.499149867776,1100.0,,4,275.0,275.0,275.0,275.0,1403.499149867776,41.0,7.0,13.0,67.0,1275.499149867776,100.0,18.0,25.0,80.0,1419.499149867776,1243.0,990.0,972.892239327267,17.10776067273298,0.9262894125183112,0.48,988.5937105874816,0.5349,0.5349,0.5349,0.5349,15.166571260214702,15.166571260214702,15.166571260214702,15.166571260214702,,0.9149289839212866,0.9149289839212866,0.9149289839212866,0.9149289839212866,37.42365398772122,37.42365398772122,37.42365398772122,37.42365398772122,0.7621925455747703,0.7621925455747703,0.7621925455747703,0.7621925455747703,0.97,0.97,0.97,0.97,36.30094436808959,36.30094436808959,36.30094436808959,36.30094436808959,145.20377747235835,3484.8906593366005,0.0529457875964552,3.6667620573827867e-05,0.105
1939-03-15,1939-03-26,2690.1084,1.0194753303873465,2742.499149867776,0.106,1939,3,15,1939.03,1938,6,166,24,0.2369519265485758,0.0,0.0,0.24,2,Mod_Wet,59,11,12,13,144,239.0,0.0871467909156956,2503.499149867776,1100.0,,4,275.0,275.0,275.0,275.0,1403.499149867776,41.0,7.0,13.0,67.0,1275.499149867776,100.0,18.0,25.0,80.0,1419.499149867776,1243.0,990.0,972.892239327267,17.10776067273298,0.9262894125183112,0.48,988.5937105874816,0.5349,0.5349,0.5349,0.5349,15.166571260214702,15.166571260214702,15.166571260214702,15.166571260214702,,0.9149289839212866,0.9149289839212866,0.9149289839212866,0.9149289839212866,37.42365398772122,37.42365398772122,37.42365398772122,37.42365398772122,0.7621925455747703,0.7621925455747703,0.7621925455747703,0.7621925455747703,0.97,0.97,0.97,0.97,36.30094436808959,36.30094436808959,36.30094436808959,36.30094436808959,145.20377747235835,3484.8906593366005,0.0529457875964552,3.6667620573827867e-05,0.105
1939-03-16,1939-03-27,2705.2546,1.016250048483886,2749.2151184112568,0.106,1939,3,16,1939.03,1938,6,167,24,0.2375321862307325,6.7159685434808125,0.0024428676019219,0.24,2,Mod_Wet,59,11,12,13,144,239.0,0.0869339028435561,2510.2151184112568,1100.0,,4,275.0,275.0,275.0,275.0,1410.2151184112568,41.0,7.0,13.0,67.0,1282.2151184112568,100.0,18.0,25.0,80.0,1426.2151184112568,1243.0,990.0,972.9084502858204,17.091549714179678,0.9262894125183112,0.48,988.5937105874816,0.5349,0.5349,0.5349,0.5349,15.1503603016614,15.1503603016614,15.1503603016614,15.1503603016614,,0.914756337212694,0.914756337212694,0.914756337212694,0.914756337212694,37.376599019073694,37.376599019073694,37.376599019073694,37.376599019073694,0.7612341959078145,0.7612341959078145,0.7612341959078145,0.7612341959078145,0.97,0.97,0.97,0.97,36.25530104850148,36.25530104850148,36.25530104850148,36.25530104850148,145.02120419400592,3480.508900656142,0.0527500388102813,3.662151621060756e-05,0.105
1939-03-17,1939-03-28,2735.7079,1.0169969211617809,2782.206511497961,0.102,1939,3,17,1939.03,1938,6,168,24,0.2403826425934238,32.99139308670419,0.01185799578513,0.24,2,Mod_Wet,59,11,12,13,144,239.0,0.0859030409900523,2543.206511497961,1100.0,,4,275.0,275.0,275.0,275.0,1443.206511497961,41.0,7.0,13.0,67.0,1315.206511497961,100.0,18.0,25.0,80.0,1459.206511497961,1243.0,990.0,972.988084682926,17.011915317073885,0.9262894125183112,0.48,988.5937105874816,0.5349,0.5349,0.5349,0.5349,15.070725904555609,15.070725904555609,15.070725904555609,15.070725904555609,,0.9139082308835172,0.9139082308835172,0.9139082308835172,0.9139082308835172,37.14566633379473,37.14566633379473,37.14566633379473,37.14566633379473,0.7565308825620107,0.7565308825620107,0.7565308825620107,0.7565308825620107,0.97,0.97,0.97,0.97,36.03129634378089,36.03129634378089,36.03129634378089,36.03129634378089,144.12518537512355,3459.004449002965,0.0518024757614148,3.63952488321019e-05,0.1
1939-03-18,1939-03-29,2735.7079,1.0169969211617809,2782.206511497961,0.102,1939,3,18,1939.03,1938,6,169,25,0.2403826425934238,0.0,0.0,0.24,2,Mod_Wet,59,11,12,13,144,239.0,0.0859030409900523,2543.206511497961,1100.0,,4,275.0,275.0,275.0,275.0,1443.206511497961,41.0,7.0,13.0,67.0,1315.206511497961,100.0,18.0,25.0,80.0,1459.206511497961,1243.0,990.0,972.988084682926,17.011915317073885,0.9262894125183112,0.48,988.5937105874816,0.5349,0.5349,0.5349,0.5349,15.070725904555609,15.070725904555609,15.070725904555609,15.070725904555609,,0.9139082308835172,0.9139082308835172,0.9139082308835172,0.9139082308835172,37.14566633379473,37.14566633379473,37.14566633379473,37.14566633379473,0.7565308825620107,0.7565308825620107,0.7565308825620107,0.7565308825620107,0.97,0.97,0.97,0.97,36.03129634378089,36.03129634378089,36.03129634378089,36.03129634378089,144.12518537512355,3459.004449002965,0.0518024757614148,3.63952488321019e-05,0.1
1939-03-19,1939-03-30,2735.7079,1.0169969211617809,2782.206511497961,0.102,1939,3,19,1939.03,1938,6,170,25,0.2403826425934238,0.0,0.0,0.24,2,Mod_Wet,59,11,12,13,144,239.0,0.0859030409900523,2543.206511497961,1100.0,,4,275.0,275.0,275.0,275.0,1443.206511497961,41.0,7.0,13.0,67.0,1315.206511497961,100.0,18.0,25.0,80.0,1459.206511497961,1243.0,990.0,972.988084682926,17.011915317073885,0.9262894125183112,0.48,988.5937105874816,0.5349,0.5349,0.5349,0.5349,15.070725904555609,15.070725904555609,15.070725904555609,15.070725904555609,,0.9139082308835172,0.9139082308835172,0.9139082308835172,0.9139082308835172,37.14566633379473,37.14566633379473,37.14566633379473,37.14566633379473,0.7565308825620107,0.7565308825620107,0.7565308825620107,0.7565308825620107,0.97,0.97,0.97,0.97,36.03129634378089,36.03129634378089,36.03129634378089,36.03129634378089,144.12518537512355,3459.004449002965,0.0518024757614148,3.63952488321019e-05,0.1
1939-03-20,1939-03-31,2735.7079,1.0169969211617809,2782.206511497961,0.102,1939,3,20,1939.03,1938,6,171,25,0.2403826425934238,0.0,0.0,0.24,2,Mod_Wet,59,11,12,13,144,239.0,0.0859030409900523,2543.206511497961,1100.0,,4,275.0,275.0,275.0,275.0,1443.206511497961,41.0,7.0,13.0,67.0,1315.206511497961,100.0,18.0,25.0,80.0,1459.206511497961,1243.0,990.0,972.988084682926,17.011915317073885,0.9262894125183112,0.48,988.5937105874816,0.5349,0.5349,0.5349,0.5349,15.070725904555609,15.070725904555609,15.070725904555609,15.070725904555609,,0.9139082308835172,0.9139082308835172,0.9139082308835172,0.9139082308835172,37.14566633379473,37.14566633379473,37.14566633379473,37.14566633379473,0.7565308825620107,0.7565308825620107,0.7565308825620107,0.7565308825620107,0.97,0.97,0.97,0.97,36.03129634378089,36.03129634378089,36.03129634378089,36.03129634378089,144.12518537512355,3459.004449002965,0.0518024757614148,3.63952488321019e-05,0.1
1939-03-21,1939-04-01,2690.1084,1.0194753303873465,2742.499149867776,0.106,1939,3,21,1939.03,1938,6,172,25,0.2369519265485758,39.707361630185005,0.014478531974057,0.39,2,Mod_Wet,59,11,12,13,144,239.0,0.0871467909156956,2503.499149867776,1100.0,,4,275.0,275.0,275.0,275.0,1403.499149867776,41.0,7.0,13.0,67.0,1275.499149867776,100.0,18.0,25.0,80.0,1419.499149867776,1243.0,990.0,972.892239327267,17.10776067273298,0.9262894125183112,0.48,988.5937105874816,0.5349,0.5349,0.5349,0.5349,15.166571260214702,15.166571260214702,15.166571260214702,15.166571260214702,,0.9149289839212866,0.9149289839212866,0.9149289839212866,0.9149289839212866,37.42365398772122,37.42365398772122,37.42365398772122,37.42365398772122,0.7621925455747703,0.7621925455747703,0.7621925455747703,0.7621925455747703,0.97,0.97,0.97,0.97,36.30094436808959,36.30094436808959,36.30094436808959,36.30094436808959,145.20377747235835,3484.8906593366005,0.0529457875964552,3.6667620573827867e-05,0.105
1939-03-22,1939-04-02,2690.1084,1.0194753303873465,2742.499149867776,0.106,1939,3,22,1939.03,1938,6,173,25,0.2369519265485758,0.0,0.0,0.39,2,Mod_Wet,59,11,12,13,144,239.0,0.0871467909156956,2503.499149867776,1100.0,,4,275.0,275.0,275.0,275.0,1403.499149867776,41.0,7.0,13.0,67.0,1275.499149867776,100.0,18.0,25.0,80.0,1419.499149867776,1243.0,990.0,972.892239327267,17.10776067273298,0.9262894125183112,0.48,988.5937105874816,0.5349,0.5349,0.5349,0.5349,15.166571260214702,15.166571260214702,15.166571260214702,15.166571260214702,,0.9149289839212866,0.9149289839212866,0.9149289839212866,0.9149289839212866,37.42365398772122,37.42365398772122,37.42365398772122,37.42365398772122,0.7621925455747703,0.7621925455747703,0.7621925455747703,0.7621925455747703,0.97,0.97,0.97,0.97,36.30094436808959,36.30094436808959,36.30094436808959,36.30094436808959,145.20377747235835,3484.8906593366005,0.0529457875964552,3.6667620573827867e-05,0.105
1939-03-23,1939-04-03,2690.1084,1.0194753303873465,2742.499149867776,0.106,1939,3,23,1939.03,1938,6,174,25,0.2369519265485758,0.0,0.0,0.39,2,Mod_Wet,59,11,12,13,144,239.0,0.0871467909156956,2503.499149867776,1100.0,,4,275.0,275.0,275.0,275.0,1403.499149867776,41.0,7.0,13.0,67.0,1275.499149867776,100.0,18.0,25.0,80.0,1419.499149867776,1243.0,990.0,972.892239327267,17.10776067273298,0.9262894125183112,0.48,988.5937105874816,0.5349,0.5349,0.5349,0.5349,15.166571260214702,15.166571260214702,15.166571260214702,15.166571260214702,,0.9149289839212866,0.9149289839212866,0.9149289839212866,0.9149289839212866,37.42365398772122,37.42365398772122,37.42365398772122,37.42365398772122,0.7621925455747703,0.7621925455747703,0.7621925455747703,0.7621925455747703,0.97,0.97,0.97,0.97,36.30094436808959,36.30094436808959,36.30094436808959,36.30094436808959,145.20377747235835,3484.8906593366005,0.0529457875964552,3.6667620573827867e-05,0.105
1939-03-24,1939-04-04,2644.9907,1.019687481531927,2697.0639055583683,0.109,1939,3,24,1939.03,1938,6,175,25,0.233026321440243,45.43524430940761,0.0168461875210929,0.39,2,Mod_Wet,59,11,12,13,144,239.0,0.0886148820973228,2458.0639055583683,1100.0,,4,275.0,275.0,275.0,275.0,1358.0639055583683,41.0,7.000000000000007,13.0,67.0,1230.0639055583683,100.0,18.0,25.0,80.0,1374.0639055583683,1243.0,990.0,972.7825680478996,17.21743195210047,0.9262894125183112,0.48,988.5937105874816,0.5349,0.5349,0.5349,0.5349,15.276242539582192,15.276242539582192,15.276242539582192,15.276242539582192,,0.9160969830465504,0.9160969830465504,0.9160969830465504,0.9160969830465504,37.74238941356651,37.74238941356651,37.74238941356651,37.74238941356651,0.7686841021092975,0.7686841021092975,0.7686841021092975,0.7686841021092975,0.97,0.97,0.97,0.97,36.61011773115951,36.61011773115951,36.61011773115951,36.61011773115951,146.44047092463805,3514.5713021913134,0.0542962555031934,3.697991690016113e-05,0.11
1939-03-25,1939-04-05,2498.0517,1.0179830997411152,2542.9744128795624,0.122,1939,3,25,1939.03,1938,6,176,26,0.2197129892727941,154.08949267880595,0.0605941970545905,0.39,2,Mod_Wet,59,11,12,13,144,239.0,0.0939844297250973,2303.9744128795624,1100.0,,4,275.0,275.0,275.0,275.0,1203.9744128795624,41.0,6.999999999999993,13.0,65.4881479808967,1077.4862648986657,100.0,18.0,25.0,78.4881479808967,1221.4862648986657,1243.0,990.0,972.4106278931577,17.58937210684246,0.9262894125183112,0.48,988.5937105874816,0.5349,0.5349,0.5349,0.5349,15.648182694324184,15.648182694324184,15.648182694324184,15.648182694324184,,0.9200581456945526,0.9200581456945526,0.9200581456945526,0.9200581456945526,38.82849664371838,38.82849664371838,38.82849664371838,38.82849664371838,0.79080441229569,0.79080441229569,0.79080441229569,0.79080441229569,0.97,0.97,0.97,0.97,37.66364174440683,37.66364174440683,37.66364174440683,37.66364174440683,150.65456697762733,3615.709607463056,0.0592434458697648,3.8044082570107913e-05,0.12
1939-03-26,1939-04-06,2498.0517,1.0179830997411152,2542.9744128795624,0.122,1939,3,26,1939.03,1938,6,177,26,0.2197129892727941,0.0,0.0,0.39,2,Mod_Wet,59,11,12,13,144,239.0,0.0939844297250973,2303.9744128795624,1100.0,,4,275.0,275.0,275.0,275.0,1203.9744128795624,41.0,6.999999999999993,13.0,65.4881479808967,1077.4862648986657,100.0,18.0,25.0,78.4881479808967,1221.4862648986657,1243.0,990.0,972.4106278931577,17.58937210684246,0.9262894125183112,0.48,988.5937105874816,0.5349,0.5349,0.5349,0.5349,15.648182694324184,15.648182694324184,15.648182694324184,15.648182694324184,,0.9200581456945526,0.9200581456945526,0.9200581456945526,0.9200581456945526,38.82849664371838,38.82849664371838,38.82849664371838,38.82849664371838,0.79080441229569,0.79080441229569,0.79080441229569,0.79080441229569,0.97,0.97,0.97,0.97,37.66364174440683,37.66364174440683,37.66364174440683,37.66364174440683,150.65456697762733,3615.709607463056,0.0592434458697648,3.8044082570107913e-05,0.12
1939-03-27,1939-04-07,2498.0517,1.0179830997411152,2542.9744128795624,0.122,1939,3,27,1939.03,1938,6,178,26,0.2197129892727941,0.0,0.0,0.39,2,Mod_Wet,59,11,12,13,144,239.0,0.0939844297250973,2303.9744128795624,1100.0,,4,275.0,275.0,275.0,275.0,1203.9744128795624,41.0,6.999999999999993,13.0,65.4881479808967,1077.4862648986657,100.0,18.0,25.0,78.4881479808967,1221.4862648986657,1243.0,990.0,972.4106278931577,17.58937210684246,0.9262894125183112,0.48,988.5937105874816,0.5349,0.5349,0.5349,0.5349,15.648182694324184,15.648182694324184,15.648182694324184,15.648182694324184,,0.9200581456945526,0.9200581456945526,0.9200581456945526,0.9200581456945526,38.82849664371838,38.82849664371838,38.82849664371838,38.82849664371838,0.79080441229569,0.79080441229569,0.79080441229569,0.79080441229569,0.97,0.97,0.97,0.97,37.66364174440683,37.66364174440683,37.66364174440683,37.66364174440683,150.65456697762733,3615.709607463056,0.0592434458697648,3.8044082570107913e-05,0.12
1939-03-28,1939-04-08,2541.5783,1.0133665021153897,2575.550311723379,0.118,1939,3,28,1939.03,1938,6,179,26,0.2225275469328999,32.575898843816496,0.012648131428665,0.39,2,Mod_Wet,59,11,12,13,144,239.0,0.0927957023056862,2336.550311723379,1100.0,,4,275.0,275.0,275.0,275.0,1236.5503117233789,41.0,7.000000000000007,13.0,67.0,1108.5503117233789,100.0,18.0,25.0,80.0,1252.5503117233789,1243.0,990.0,972.4892593731254,17.51074062687462,0.9262894125183112,0.48,988.5937105874816,0.5349,0.5349,0.5349,0.5349,15.569551214356345,15.569551214356345,15.569551214356345,15.569551214356345,,0.919220720432895,0.919220720432895,0.919220720432895,0.919220720432895,38.598221414013466,38.598221414013466,38.598221414013466,38.598221414013466,0.7861144890837772,0.7861144890837772,0.7861144890837772,0.7861144890837772,0.97,0.97,0.97,0.97,37.44027477159306,37.44027477159306,37.44027477159306,37.44027477159306,149.76109908637224,3594.266378072933,0.0581472232961982,3.781845936524551e-05,0.12
1939-03-29,1939-04-09,2541.5783,1.0133665021153897,2575.550311723379,0.118,1939,3,29,1939.03,1938,6,180,26,0.2225275469328999,0.0,0.0,0.39,2,Mod_Wet,59,11,12,13,144,239.0,0.0927957023056862,2336.550311723379,1100.0,,4,275.0,275.0,275.0,275.0,1236.5503117233789,41.0,7.000000000000007,13.0,67.0,1108.5503117233789,100.0,18.0,25.0,80.0,1252.5503117233789,1243.0,990.0,972.4892593731254,17.51074062687462,0.9262894125183112,0.48,988.5937105874816,0.5349,0.5349,0.5349,0.5349,15.569551214356345,15.569551214356345,15.569551214356345,15.569551214356345,,0.919220720432895,0.919220720432895,0.919220720432895,0.919220720432895,38.598221414013466,38.598221414013466,38.598221414013466,38.598221414013466,0.7861144890837772,0.7861144890837772,0.7861144890837772,0.7861144890837772,0.97,0.97,0.97,0.97,37.44027477159306,37.44027477159306,37.44027477159306,37.44027477159306,149.76109908637224,3594.266378072933,0.0581472232961982,3.781845936524551e-05,0.12
1939-03-30,1939-04-10,2541.5783,1.0133665021153897,2575.550311723379,0.118,1939,3,30,1939.03,1938,6,181,26,0.2225275469328999,0.0,0.0,0.39,2,Mod_Wet,59,11,12,13,144,239.0,0.0927957023056862,2336.550311723379,1100.0,,4,275.0,275.0,275.0,275.0,1236.5503117233789,41.0,7.000000000000007,13.0,67.0,1108.5503117233789,100.0,18.0,25.0,80.0,1252.5503117233789,1243.0,990.0,972.4892593731254,17.51074062687462,0.9262894125183112,0.48,988.5937105874816,0.5349,0.5349,0.5349,0.5349,15.569551214356345,15.569551214356345,15.569551214356345,15.569551214356345,,0.919220720432895,0.919220720432895,0.919220720432895,0.919220720432895,38.598221414013466,38.598221414013466,38.598221414013466,38.598221414013466,0.7861144890837772,0.7861144890837772,0.7861144890837772,0.7861144890837772,0.97,0.97,0.97,0.97,37.44027477159306,37.44027477159306,37.44027477159306,37.44027477159306,149.76109908637224,3594.266378072933,0.0581472232961982,3.781845936524551e-05,0.12
1939-03-31,1939-04-11,2527.0168,1.0161275825449274,2567.771472034419,0.119,1939,3,31,1939.03,1938,6,182,26,0.2218554551837738,7.7788396889600335,0.0030294127704429,0.39,2,Mod_Wet,59,11,12,13,144,239.0,0.0930768187912932,2328.771472034419,1100.0,,4,275.0,275.0,275.0,275.0,1228.7714720344188,41.0,7.0,13.0,66.83694199350396,1100.934530040915,100.0,18.0,25.0,79.83694199350396,1244.934530040915,1243.0,990.0,972.4704828635314,17.5295171364686,0.9262894125183112,0.48,988.5937105874816,0.5349,0.5349,0.5349,0.5349,15.588327723950322,15.588327723950322,15.588327723950322,15.588327723950322,,0.9194206902600708,0.9194206902600708,0.9194206902600708,0.9194206902600708,38.65317684436336,38.65317684436336,38.65317684436336,38.65317684436336,0.7872337442843861,0.7872337442843861,0.7872337442843861,0.7872337442843861,0.97,0.97,0.97,0.97,37.493581539032455,37.493581539032455,37.493581539032455,37.493581539032455,149.97432615612982,3599.383827747116,0.0584064149748134,3.787230458488127e-05,0.12
1939-04-01,1939-04-12,2498.0517,1.0179830997411152,2542.9744128795624,0.122,1939,4,1,1939.04,1938,7,183,27,0.2197129892727941,24.797059154856463,0.0097512027762706,0.56,3,Normal,54,13,14,19,117,217.0,0.0853331433068875,2325.9744128795624,1100.0,,4,275.0,275.0,275.0,275.0,1225.9744128795624,46.0,5.0,11.0,61.0,1102.9744128795624,100.0,18.0,25.0,80.0,1219.9744128795624,1243.0,990.0,972.4106278931577,17.58937210684246,0.9262894125183112,0.48,988.5937105874816,0.5349,0.5349,0.5349,0.5349,15.648182694324184,15.648182694324184,15.648182694324184,15.648182694324184,,0.9200581456945526,0.9200581456945526,0.9200581456945526,0.9200581456945526,38.82849664371838,38.82849664371838,38.82849664371838,38.82849664371838,0.79080441229569,0.79080441229569,0.79080441229569,0.79080441229569,0.97,0.97,0.97,0.97,37.66364174440683,37.66364174440683,37.66364174440683,37.66364174440683,150.65456697762733,3615.709607463056,0.0592434458697648,3.8044082570107913e-05,0.12
1939-04-02,1939-04-13,2498.0517,1.0179830997411152,2542.9744128795624,0.122,1939,4,2,1939.04,1938,7,184,27,0.2197129892727941,0.0,0.0,0.56,3,Normal,54,13,14,19,117,217.0,0.0853331433068875,2325.9744128795624,1100.0,,4,275.0,275.0,275.0,275.0,1225.9744128795624,46.0,5.0,11.0,61.0,1102.9744128795624,100.0,18.0,25.0,80.0,1219.9744128795624,1243.0,990.0,972.4106278931577,17.58937210684246,0.9262894125183112,0.48,988.5937105874816,0.5349,0.5349,0.5349,0.5349,15.648182694324184,15.648182694324184,15.648182694324184,15.648182694324184,,0.9200581456945526,0.9200581456945526,0.9200581456945526,0.9200581456945526,38.82849664371838,38.82849664371838,38.82849664371838,38.82849664371838,0.79080441229569,0.79080441229569,0.79080441229569,0.79080441229569,0.97,0.97,0.97,0.97,37.66364174440683,37.66364174440683,37.66364174440683,37.66364174440683,150.65456697762733,3615.709607463056,0.0592434458697648,3.8044082570107913e-05,0.12
1939-04-03,1939-04-14,2469.2967,1.0111383888554557,2496.800686844093,0.124,1939,4,3,1939.04,1938,7,185,27,0.2157235793433296,46.17372603546937,0.0184931565738361,0.56,3,Normal,54,13,14,19,117,217.0,0.0869112224869994,2279.800686844093,1100.0,,4,275.0,275.0,275.0,275.0,1179.800686844093,46.0,5.0,11.0,61.0,1056.800686844093,100.0,18.0,25.0,80.0,1173.800686844093,1243.0,990.0,972.2991740716926,17.70082592830738,0.9262894125183112,0.48,988.5937105874816,0.5349,0.5349,0.5349,0.5349,15.759636515789104,15.759636515789104,15.759636515789104,15.759636515789104,,0.921245128893154,0.921245128893154,0.921245128893154,0.921245128893154,39.15550183346031,39.15550183346031,39.15550183346031,39.15550183346031,0.797464395793489,0.797464395793489,0.797464395793489,0.797464395793489,0.97,0.97,0.97,0.97,37.980836778456506,37.980836778456506,37.980836778456506,37.980836778456506,151.92334711382605,3646.1603307318246,0.0608472065529003,3.836448159440051e-05,0.125
1939-04-04,1939-04-15,2398.3241,1.0053053197487325,2411.0479762115906,0.131,1939,4,4,1939.04,1938,7,186,27,0.2083145451446814,85.7527106325024,0.0355665716645104,0.56,3,Normal,54,13,14,19,117,217.0,0.0900023567100335,2194.0479762115906,1100.0,,4,275.0,275.0,275.0,275.0,1094.0479762115906,46.0,5.0,11.0,61.0,971.0479762115904,100.0,18.0,25.0,80.0,1088.0479762115906,1243.0,990.0,972.092184770166,17.907815229834114,0.9262894125183112,0.48,988.5937105874816,0.5349,0.5349,0.5349,0.5349,15.966625817315837,15.966625817315837,15.966625817315837,15.966625817315837,,0.9234495649544135,0.9234495649544135,0.9234495649544135,0.9234495649544135,39.764701063971565,39.764701063971565,39.764701063971565,39.764701063971565,0.8098717120971806,0.8098717120971806,0.8098717120971806,0.8098717120971806,0.970987171209718,0.970987171209718,0.970987171209718,0.970987171209718,38.61101460010581,38.61101460010581,38.61101460010581,38.61101460010581,154.44405840042324,3706.6574016101576,0.0640568167553002,3.9001024848591726e-05,0.13
1939-04-05,1939-04-16,2384.2857,1.004803744062384,2395.739198274402,0.132,1939,4,5,1939.04,1938,7,187,27,0.2069918667309084,15.308777937188554,0.0063900018617281,0.56,3,Normal,54,13,14,19,117,217.0,0.0905774719369705,2178.739198274402,1100.0,,4,275.0,275.0,275.0,275.0,1078.739198274402,46.0,5.0,11.0,61.0,955.739198274402,100.0,18.0,25.0,80.0,1072.739198274402,1243.0,990.0,972.055232547559,17.944767452441056,0.9262894125183112,0.48,988.5937105874816,0.5349,0.5349,0.5349,0.5349,16.00357803992278,16.00357803992278,16.00357803992278,16.00357803992278,,0.9238228186388155,0.9238228186388155,0.9238228186388155,0.9238228186388155,39.87284004706264,39.87284004706264,39.87284004706264,39.87284004706264,0.8120741353780578,0.8120741353780578,0.8120741353780578,0.8120741353780578,0.9712074135378056,0.9712074135378056,0.9712074135378056,0.9712074135378056,38.72479785251434,38.72479785251434,38.72479785251434,38.72479785251434,154.89919141005737,3717.580593841377,0.0646561159585433,3.911595742678216e-05,0.13
1939-04-06,1939-04-17,2384.2857,1.004803744062384,2395.739198274402,0.132,1939,4,6,1939.04,1938,7,188,27,0.2069918667309084,0.0,0.0,0.56,3,Normal,54,13,14,19,117,217.0,0.0905774719369705,2178.739198274402,1100.0,,4,275.0,275.0,275.0,275.0,1078.739198274402,46.0,5.0,11.0,61.0,955.739198274402,100.0,18.0,25.0,80.0,1072.739198274402,1243.0,990.0,972.055232547559,17.944767452441056,0.9262894125183112,0.48,988.5937105874816,0.5349,0.5349,0.5349,0.5349,16.00357803992278,16.00357803992278,16.00357803992278,16.00357803992278,,0.9238228186388155,0.9238228186388155,0.9238228186388155,0.9238228186388155,39.87284004706264,39.87284004706264,39.87284004706264,39.87284004706264,0.8120741353780578,0.8120741353780578,0.8120741353780578,0.8120741353780578,0.9712074135378056,0.9712074135378056,0.9712074135378056,0.9712074135378056,38.72479785251434,38.72479785251434,38.72479785251434,38.72479785251434,154.89919141005737,3717.580593841377,0.0646561159585433,3.911595742678216e-05,0.13
1939-04-07,1939-04-18,2384.2857,1.004803744062384,2395.739198274402,0.132,1939,4,7,1939.04,1938,7,189,27,0.2069918667309084,0.0,0.0,0.56,3,Normal,54,13,14,19,117,217.0,0.0905774719369705,2178.739198274402,1100.0,,4,275.0,275.0,275.0,275.0,1078.739198274402,46.0,5.0,11.0,61.0,955.739198274402,100.0,18.0,25.0,80.0,1072.739198274402,1243.0,990.0,972.055232547559,17.944767452441056,0.9262894125183112,0.48,988.5937105874816,0.5349,0.5349,0.5349,0.5349,16.00357803992278,16.00357803992278,16.00357803992278,16.00357803992278,,0.9238228186388155,0.9238228186388155,0.9238228186388155,0.9238228186388155,39.87284004706264,39.87284004706264,39.87284004706264,39.87284004706264,0.8120741353780578,0.8120741353780578,0.8120741353780578,0.8120741353780578,0.9712074135378056,0.9712074135378056,0.9712074135378056,0.9712074135378056,38.72479785251434,38.72479785251434,38.72479785251434,38.72479785251434,154.89919141005737,3717.580593841377,0.0646561159585433,3.911595742678216e-05,0.13
1939-04-08,1939-04-19,2384.2857,1.004803744062384,2395.739198274402,0.132,1939,4,8,1939.04,1938,7,190,28,0.2069918667309084,0.0,0.0,0.56,3,Normal,54,13,14,19,117,217.0,0.0905774719369705,2178.739198274402,1100.0,,4,275.0,275.0,275.0,275.0,1078.739198274402,46.0,5.0,11.0,61.0,955.739198274402,100.0,18.0,25.0,80.0,1072.739198274402,1243.0,990.0,972.055232547559,17.944767452441056,0.9262894125183112,0.48,988.5937105874816,0.5349,0.5349,0.5349,0.5349,16.00357803992278,16.00357803992278,16.00357803992278,16.00357803992278,,0.9238228186388155,0.9238228186388155,0.9238228186388155,0.9238228186388155,39.87284004706264,39.87284004706264,39.87284004706264,39.87284004706264,0.8120741353780578,0.8120741353780578,0.8120741353780578,0.8120741353780578,0.9712074135378056,0.9712074135378056,0.9712074135378056,0.9712074135378056,38.72479785251434,38.72479785251434,38.72479785251434,38.72479785251434,154.89919141005737,3717.580593841377,0.0646561159585433,3.911595742678216e-05,0.13
1939-04-09,1939-04-20,2384.2857,1.004803744062384,2395.739198274402,0.132,1939,4,9,1939.04,1938,7,191,28,0.2069918667309084,0.0,0.0,0.56,3,Normal,54,13,14,19,117,217.0,0.0905774719369705,2178.739198274402,1100.0,,4,275.0,275.0,275.0,275.0,1078.739198274402,46.0,5.0,11.0,61.0,955.739198274402,100.0,18.0,25.0,80.0,1072.739198274402,1243.0,990.0,972.055232547559,17.944767452441056,0.9262894125183112,0.48,988.5937105874816,0.5349,0.5349,0.5349,0.5349,16.00357803992278,16.00357803992278,16.00357803992278,16.00357803992278,,0.9238228186388155,0.9238228186388155,0.9238228186388155,0.9238228186388155,39.87284004706264,39.87284004706264,39.87284004706264,39.87284004706264,0.8120741353780578,0.8120741353780578,0.8120741353780578,0.8120741353780578,0.9712074135378056,0.9712074135378056,0.9712074135378056,0.9712074135378056,38.72479785251434,38.72479785251434,38.72479785251434,38.72479785251434,154.89919141005737,3717.580593841377,0.0646561159585433,3.911595742678216e-05,0.13
1939-04-10,1939-04-21,2370.2993,1.0061312558588449,2384.832211470341,0.134,1939,4,10,1939.04,1938,7,192,28,0.2060495030710374,10.906986804061034,0.0045734818372553,0.56,3,Normal,54,13,14,19,117,217.0,0.0909917263597388,2167.832211470341,1100.0,,4,275.0,275.0,275.0,275.0,1067.832211470341,46.0,5.0,11.0,61.0,944.832211470341,100.0,18.0,25.0,80.0,1061.832211470341,1243.0,990.0,972.028905338032,17.971094661968095,0.9262894125183112,0.48,988.5937105874816,0.5349,0.5349,0.5349,0.5349,16.02990524944982,16.02990524944982,16.02990524944982,16.02990524944982,,0.92395392814226,0.92395392814226,0.92395392814226,0.92395392814226,39.944102253988056,39.944102253988056,39.944102253988056,39.944102253988056,0.8135255041545428,0.8135255041545428,0.8135255041545428,0.8135255041545428,0.9713525504154542,0.9713525504154542,0.9713525504154542,0.9713525504154542,38.79980559846699,38.79980559846699,38.79980559846699,38.79980559846699,155.19922239386796,3724.781337452831,0.0650776275359773,3.919172282673433e-05,0.135
1939-04-11,1939-04-22,2314.871,1.0053953122300698,2327.3604518173347,0.14,1939,4,11,1939.04,1938,7,193,28,0.2010839430370177,57.471759653006295,0.0246939659080866,0.64,3,Normal,54,13,14,19,117,217.0,0.0932386729483841,2110.3604518173347,1100.0,,4,275.0,275.0,275.0,275.0,1010.3604518173348,46.00000000000003,5.0,11.0,61.0,887.3604518173347,100.0,18.0,25.0,80.0,1004.3604518173348,1243.0,990.0,971.8901804009384,18.109819599061552,0.9262894125183112,0.48,988.5937105874816,0.5349,0.5349,0.5349,0.5349,16.168630186543275,16.168630186543275,16.168630186543275,16.168630186543275,,0.9246447783289854,0.9246447783289854,0.9246447783289854,0.9246447783289854,40.31990894036205,40.31990894036205,40.31990894036205,40.31990894036205,0.8211794081540131,0.8211794081540131,0.8211794081540131,0.8211794081540131,0.9721179408154011,0.9721179408154011,0.9721179408154011,0.9721179408154011,39.19570685296924,39.19570685296924,39.19570685296924,39.19570685296924,156.78282741187695,3762.787857885047,0.0673650818846956,3.959162308380731e-05,0.14
1939-04-12,1939-04-23,2314.871,1.0053953122300698,2327.3604518173347,0.14,1939,4,12,1939.04,1938,7,194,28,0.2010839430370177,0.0,0.0,0.64,3,Normal,54,13,14,19,117,217.0,0.0932386729483841,2110.3604518173347,1100.0,,4,275.0,275.0,275.0,275.0,1010.3604518173348,46.00000000000003,5.0,11.0,61.0,887.3604518173347,100.0,18.0,25.0,80.0,1004.3604518173348,1243.0,990.0,971.8901804009384,18.109819599061552,0.9262894125183112,0.48,988.5937105874816,0.5349,0.5349,0.5349,0.5349,16.168630186543275,16.168630186543275,16.168630186543275,16.168630186543275,,0.9246447783289854,0.9246447783289854,0.9246447783289854,0.9246447783289854,40.31990894036205,40.31990894036205,40.31990894036205,40.31990894036205,0.8211794081540131,0.8211794081540131,0.8211794081540131,0.8211794081540131,0.9721179408154011,0.9721179408154011,0.9721179408154011,0.9721179408154011,39.19570685296924,39.19570685296924,39.19570685296924,39.19570685296924,156.78282741187695,3762.787857885047,0.0673650818846956,3.959162308380731e-05,0.14
1939-04-13,1939-04-24,2314.871,1.0053953122300698,2327.3604518173347,0.14,1939,4,13,1939.04,1938,7,195,28,0.2010839430370177,0.0,0.0,0.64,3,Normal,54,13,14,19,117,217.0,0.0932386729483841,2110.3604518173347,1100.0,,4,275.0,275.0,275.0,275.0,1010.3604518173348,46.00000000000003,5.0,11.0,61.0,887.3604518173347,100.0,18.0,25.0,80.0,1004.3604518173348,1243.0,990.0,971.8901804009384,18.109819599061552,0.9262894125183112,0.48,988.5937105874816,0.5349,0.5349,0.5349,0.5349,16.168630186543275,16.168630186543275,16.168630186543275,16.168630186543275,,0.9246447783289854,0.9246447783289854,0.9246447783289854,0.9246447783289854,40.31990894036205,40.31990894036205,40.31990894036205,40.31990894036205,0.8211794081540131,0.8211794081540131,0.8211794081540131,0.8211794081540131,0.9721179408154011,0.9721179408154011,0.9721179408154011,0.9721179408154011,39.19570685296924,39.19570685296924,39.19570685296924,39.19570685296924,156.78282741187695,3762.787857885047,0.0673650818846956,3.959162308380731e-05,0.14
1939-04-14,1939-04-25,2287.4661,1.006148957666809,2301.531632213161,0.143,1939,4,14,1939.04,1938,7,196,28,0.1988523330232171,25.82881960417353,0.0112224482351939,0.64,3,Normal,54,13,14,19,117,217.0,0.0942850391290655,2084.531632213161,1100.0,,4,275.0,275.0,275.0,275.0,984.5316322131612,46.0,5.0,10.999999999999991,61.0,861.5316322131613,100.0,18.0,25.0,80.0,978.5316322131612,1243.0,990.0,971.8278349743076,18.17216502569238,0.9262894125183112,0.48,988.5937105874816,0.5349,0.5349,0.5349,0.5349,16.230975613174103,16.230975613174103,16.230975613174103,16.230975613174103,,0.924955258553607,0.924955258553607,0.924955258553607,0.924955258553607,40.48897144053996,40.48897144053996,40.48897144053996,40.48897144053996,0.824622636263543,0.824622636263543,0.824622636263543,0.824622636263543,0.9724622636263542,0.9724622636263542,0.9724622636263542,0.9724622636263542,39.3739968189703,39.3739968189703,39.3739968189703,39.3739968189703,157.4959872758812,3779.9036946211486,0.0684309461888353,3.977171395855586e-05,0.145
1939-04-15,1939-04-26,2206.4807,1.0070089693244375,2221.9458555412634,0.154,1939,4,15,1939.04,1938,7,197,29,0.1919761219187651,79.58577667189776,0.0358180540148719,0.64,3,Normal,54,13,14,19,117,217.0,0.0976621457533847,2004.9458555412637,1100.0,,4,275.0,275.0,275.0,275.0,904.9458555412634,46.00000000000003,5.000000000000007,11.0,61.0,781.9458555412634,100.0,18.0,25.0,80.0,898.9458555412634,1243.0,990.0,971.6357313754444,18.364268624555507,0.9262894125183112,0.48,988.5937105874816,0.5349,0.5349,0.5349,0.5349,16.42307921203723,16.42307921203723,16.42307921203723,16.42307921203723,,0.9259119344759452,0.9259119344759452,0.9259119344759452,0.9259119344759452,41.01055652646351,41.01055652646351,41.01055652646351,41.01055652646351,0.8352455504371387,0.8352455504371387,0.8352455504371387,0.8352455504371387,0.9735245550437138,0.9735245550437138,0.9735245550437138,0.9735245550437138,39.92478379452047,39.92478379452047,39.92478379452047,39.92478379452047,159.69913517808186,3832.7792442739647,0.0718735493845683,4.032806443890956e-05,0.155
1939-04-16,1939-04-27,2193.1616,1.0110393405717577,2217.372657831301,0.154,1939,4,16,1939.04,1938,7,198,29,0.1915809976366244,4.573197709962642,0.0020624398401464,0.64,3,Normal,54,13,14,19,117,217.0,0.0978635680536607,2000.3726578313008,1100.0,,4,275.0,275.0,275.0,275.0,900.3726578313008,46.00000000000003,5.0,10.999999999999991,61.0,777.3726578313007,100.0,18.0,25.0,80.0,894.3726578313007,1243.0,990.0,971.6246926223514,18.3753073776486,0.9262894125183112,0.48,988.5937105874816,0.5349,0.5349,0.5349,0.5349,16.43411796513032,16.43411796513032,16.43411796513032,16.43411796513032,,0.9259669074663488,0.9259669074663488,0.9259669074663488,0.9259669074663488,41.04055822724167,41.04055822724167,41.04055822724167,41.04055822724167,0.8358565830395451,0.8358565830395451,0.8358565830395451,0.8358565830395451,0.9735856583039544,0.9735856583039544,0.9735856583039544,0.9735856583039544,39.95649889883086,39.95649889883086,39.95649889883086,39.95649889883086,159.82599559532343,3835.8238942877615,0.0720789962980968,4.036009989780895e-05,0.155
1939-04-17,1939-04-28,2179.8933,1.0070301010933984,2195.2181702718217,0.155,1939,4,17,1939.04,1938,7,199,29,0.1896668499114853,22.154487559479094,0.0100921575174169,0.64,3,Normal,54,13,14,19,117,217.0,0.0988512225976746,1978.2181702718217,1100.0,,4,275.0,275.0,275.0,275.0,878.2181702718217,45.99999999999997,5.0,11.000000000000009,61.0,755.2181702718217,100.0,18.0,25.0,80.0,872.2181702718217,1243.0,990.0,971.57121627307,18.42878372693008,0.9262894125183112,0.48,988.5937105874816,0.5349,0.5349,0.5349,0.5349,16.4875943144118,16.4875943144118,16.4875943144118,16.4875943144118,,0.9262332196857708,0.9262332196857708,0.9262332196857708,0.9262332196857708,41.185945384130456,41.185945384130456,41.185945384130456,41.185945384130456,0.8388176249313738,0.8388176249313738,0.8388176249313738,0.8388176249313738,0.9738817624931374,0.9738817624931374,0.9738817624931374,0.9738817624931374,40.11024108064306,40.11024108064306,40.11024108064306,40.11024108064306,160.44096432257226,3850.583143741734,0.0730865690232081,4.051539503095259e-05,0.155
1939-04-18,1939-04-29,2101.345,1.0136734641144909,2130.077665449665,0.163,1939,4,18,1939.04,1938,7,200,29,0.184038710294851,65.1405048221568,0.0305812815554805,0.64,3,Normal,54,13,14,19,117,217.0,0.1018742196680376,1913.077665449665,1100.0,,4,275.0,275.0,275.0,275.0,813.0776654496649,46.0,5.0,11.0,61.0,690.0776654496649,100.0,18.0,25.0,80.0,807.0776654496649,1243.0,990.0,971.413980571775,18.58601942822497,0.9262894125183112,0.48,988.5937105874816,0.5349,0.5349,0.5349,0.5349,16.644830015706695,16.644830015706695,16.644830015706695,16.644830015706695,,0.9270162534782194,0.9270162534782194,0.9270162534782194,0.9270162534782194,41.613870024252414,41.613870024252414,41.613870024252414,41.613870024252414,0.8475329943839596,0.8475329943839596,0.8475329943839596,0.8475329943839596,0.974753299438396,0.974753299438396,0.974753299438396,0.974753299438396,40.56325710854061,40.56325710854061,40.56325710854061,40.56325710854061,162.25302843416242,3894.072682419898,0.0761723532742222,4.097298697832384e-05,0.165
1939-04-19,1939-04-30,2101.345,1.0136734641144909,2130.077665449665,0.163,1939,4,19,1939.04,1938,7,201,29,0.184038710294851,0.0,0.0,0.64,3,Normal,54,13,14,19,117,217.0,0.1018742196680376,1913.077665449665,1100.0,,4,275.0,275.0,275.0,275.0,813.0776654496649,46.0,5.0,11.0,61.0,690.0776654496649,100.0,18.0,25.0,80.0,807.0776654496649,1243.0,990.0,971.413980571775,18.58601942822497,0.9262894125183112,0.48,988.5937105874816,0.5349,0.5349,0.5349,0.5349,16.644830015706695,16.644830015706695,16.644830015706695,16.644830015706695,,0.9270162534782194,0.9270162534782194,0.9270162534782194,0.9270162534782194,41.613870024252414,41.613870024252414,41.613870024252414,41.613870024252414,0.8475329943839596,0.8475329943839596,0.8475329943839596,0.8475329943839596,0.974753299438396,0.974753299438396,0.974753299438396,0.974753299438396,40.56325710854061,40.56325710854061,40.56325710854061,40.56325710854061,162.25302843416242,3894.072682419898,0.0761723532742222,4.097298697832384e-05,0.165
1939-04-20,1939-05-01,2101.345,1.0136734641144909,2130.077665449665,0.163,1939,4,20,1939.04,1938,7,202,29,0.184038710294851,0.0,0.0,0.64,3,Normal,54,13,14,19,117,217.0,0.1018742196680376,1913.077665449665,1100.0,,4,275.0,275.0,275.0,275.0,813.0776654496649,46.0,5.0,11.0,61.0,690.0776654496649,100.0,18.0,25.0,80.0,807.0776654496649,1243.0,990.0,971.413980571775,18.58601942822497,0.9262894125183112,0.48,988.5937105874816,0.5349,0.5349,0.5349,0.5349,16.644830015706695,16.644830015706695,16.644830015706695,16.644830015706695,,0.9270162534782194,0.9270162534782194,0.9270162534782194,0.9270162534782194,41.613870024252414,41.613870024252414,41.613870024252414,41.613870024252414,0.8475329943839596,0.8475329943839596,0.8475329943839596,0.8475329943839596,0.974753299438396,0.974753299438396,0.974753299438396,0.974753299438396,40.56325710854061,40.56325710854061,40.56325710854061,40.56325710854061,162.25302843416242,3894.072682419898,0.0761723532742222,4.097298697832384e-05,0.165
1939-04-21,1939-05-02,2088.4298,1.0116219640558364,2112.7014560687376,0.165,1939,4,21,1939.04,1938,7,203,29,0.1825374058043389,17.37620938092732,0.0082246402259127,0.74,4,Mod_Dry,45,11,10,10,72,148.0,0.0700524911245125,1964.7014560687376,1100.0,,4,275.0,275.0,275.0,275.0,864.7014560687376,55.0,7.0,14.999999999999991,58.42577405869849,729.2756820100392,100.0,18.0,25.0,68.4257740586985,801.2756820100392,1243.0,990.0,971.3720379974072,18.627962002592653,0.9262894125183112,0.48,988.5937105874816,0.5349,0.5349,0.5349,0.5349,16.686772590074376,16.686772590074376,16.686772590074376,16.686772590074376,,0.9272251274985704,0.9272251274985704,0.9272251274985704,0.9272251274985704,41.728130990051554,41.728130990051554,41.728130990051554,41.728130990051554,0.8498601016303778,0.8498601016303778,0.8498601016303778,0.8498601016303778,0.9749860101630378,0.9749860101630378,0.9749860101630378,0.9749860101630378,40.68434394555098,40.68434394555098,40.68434394555098,40.68434394555098,162.7373757822039,3905.697018772894,0.0770280984635763,4.109529691469796e-05,0.165
1939-04-22,1939-05-03,2037.2697,1.0148234027606982,2067.468969295266,0.17,1939,4,22,1939.04,1938,7,204,30,0.1786293189471109,45.23248677347146,0.0218781937940716,0.74,4,Mod_Dry,45,11,10,10,72,148.0,0.0715851131010921,1919.468969295266,1100.0,,4,275.0,275.0,275.0,275.0,819.4689692952661,55.00000000000003,6.999999999999993,15.0,55.36952495238285,687.0994443428833,100.0,18.0,25.0,65.36952495238285,759.0994443428833,1243.0,990.0,971.2628561327816,18.737143867218265,0.9262894125183112,0.48,988.5937105874816,0.5349,0.5349,0.5349,0.5349,16.795954454699988,16.795954454699988,16.795954454699988,16.795954454699988,,0.927768853184406,0.927768853184406,0.927768853184406,0.927768853184406,42.02578844930464,42.02578844930464,42.02578844930464,42.02578844930464,0.8559223716762655,0.8559223716762655,0.8559223716762655,0.8559223716762655,0.9755922371676266,0.9755922371676266,0.9755922371676266,0.9755922371676266,41.00003297199051,41.00003297199051,41.00003297199051,41.00003297199051,164.00013188796203,3936.0031653110887,0.0793241080391472,4.141417471918233e-05,0.17
1939-04-23,1939-05-04,2037.2697,1.0148234027606982,2067.468969295266,0.17,1939,4,23,1939.04,1938,7,205,30,0.1786293189471109,0.0,0.0,0.74,4,Mod_Dry,45,11,10,10,72,148.0,0.0715851131010921,1919.468969295266,1100.0,,4,275.0,275.0,275.0,275.0,819.4689692952661,55.00000000000003,6.999999999999993,15.0,55.36952495238285,687.0994443428833,100.0,18.0,25.0,65.36952495238285,759.0994443428833,1243.0,990.0,971.2628561327816,18.737143867218265,0.9262894125183112,0.48,988.5937105874816,0.5349,0.5349,0.5349,0.5349,16.795954454699988,16.795954454699988,16.795954454699988,16.795954454699988,,0.927768853184406,0.927768853184406,0.927768853184406,0.927768853184406,42.02578844930464,42.02578844930464,42.02578844930464,42.02578844930464,0.8559223716762655,0.8559223716762655,0.8559223716762655,0.8559223716762655,0.9755922371676266,0.9755922371676266,0.9755922371676266,0.9755922371676266,41.00003297199051,41.00003297199051,41.00003297199051,41.00003297199051,164.00013188796203,3936.0031653110887,0.0793241080391472,4.141417471918233e-05,0.17
1939-04-24,1939-05-05,2011.9887,1.00817989886424,2028.446564081993,0.174,1939,4,24,1939.04,1938,7,206,30,0.1752577831366842,39.02240521327303,0.0192375810653574,0.74,4,Mod_Dry,45,11,10,10,72,148.0,0.0729622375174471,1880.446564081993,1100.0,,4,275.0,275.0,275.0,275.0,780.4465640819931,55.0,7.0,15.0,52.73287595148602,650.7136881305071,100.0,18.0,25.0,62.73287595148602,722.7136881305071,1243.0,990.0,971.168664120198,18.83133587980205,0.9262894125183112,0.48,988.5937105874816,0.5349,0.5349,0.5349,0.5349,16.890146467283778,16.890146467283778,16.890146467283778,16.890146467283778,,0.9282379294070732,0.9282379294070732,0.9282379294070732,0.9282379294070732,42.28283705174174,42.28283705174174,42.28283705174174,42.28283705174174,0.8611575774285486,0.8611575774285486,0.8611575774285486,0.8611575774285486,0.9761157577428548,0.9761157577428548,0.9761157577428548,0.9761157577428548,41.27294352827855,41.27294352827855,41.27294352827855,41.27294352827855,165.09177411311418,3962.202578714741,0.0813882786149849,4.168984194775611e-05,0.175
1939-04-25,1939-05-06,1937.3349,1.0078456066936932,1952.5344676593647,0.182,1939,4,25,1939.04,1938,7,207,30,0.1686989780057691,75.91209642262788,0.0388787484574491,0.74,4,Mod_Dry,45,11,10,10,72,148.0,0.0757989179967806,1804.5344676593647,1100.0,,4,275.0,275.0,275.0,275.0,704.5344676593647,55.0,7.0,15.0,47.60368024725437,579.9307874121104,100.0,18.0,25.0,57.60368024725437,651.9307874121104,1243.0,990.0,970.9466498185918,19.053350181408177,0.9262894125183112,0.48,988.5937105874816,0.5349,0.5349,0.5349,0.5349,17.1121607688899,17.1121607688899,17.1121607688899,17.1121607688899,,0.9293609455482496,0.9293609455482496,0.9293609455482496,0.9293609455482496,42.89045597448777,42.89045597448777,42.89045597448777,42.89045597448777,0.8735327082380401,0.8735327082380401,0.8735327082380401,0.8735327082380401,0.977353270823804,0.977353270823804,0.977353270823804,0.977353270823804,41.91912743378999,41.91912743378999,41.91912743378999,41.91912743378999,167.67650973515995,4024.236233643839,0.0858763379148769,4.234255296342423e-05,0.18
1939-04-26,1939-05-07,1937.3349,1.0078456066936932,1952.5344676593647,0.182,1939,4,26,1939.04,1938,7,208,30,0.1686989780057691,0.0,0.0,0.74,4,Mod_Dry,45,11,10,10,72,148.0,0.0757989179967806,1804.5344676593647,1100.0,,4,275.0,275.0,275.0,275.0,704.5344676593647,55.0,7.0,15.0,47.60368024725437,579.9307874121104,100.0,18.0,25.0,57.60368024725437,651.9307874121104,1243.0,990.0,970.9466498185918,19.053350181408177,0.9262894125183112,0.48,988.5937105874816,0.5349,0.5349,0.5349,0.5349,17.1121607688899,17.1121607688899,17.1121607688899,17.1121607688899,,0.9293609455482496,0.9293609455482496,0.9293609455482496,0.9293609455482496,42.89045597448777,42.89045597448777,42.89045597448777,42.89045597448777,0.8735327082380401,0.8735327082380401,0.8735327082380401,0.8735327082380401,0.977353270823804,0.977353270823804,0.977353270823804,0.977353270823804,41.91912743378999,41.91912743378999,41.91912743378999,41.91912743378999,167.67650973515995,4024.236233643839,0.0858763379148769,4.234255296342423e-05,0.18
1939-04-27,1939-05-08,1937.3349,1.0078456066936932,1952.5344676593647,0.182,1939,4,27,1939.04,1938,7,209,30,0.1686989780057691,0.0,0.0,0.74,4,Mod_Dry,45,11,10,10,72,148.0,0.0757989179967806,1804.5344676593647,1100.0,,4,275.0,275.0,275.0,275.0,704.5344676593647,55.0,7.0,15.0,47.60368024725437,579.9307874121104,100.0,18.0,25.0,57.60368024725437,651.9307874121104,1243.0,990.0,970.9466498185918,19.053350181408177,0.9262894125183112,0.48,988.5937105874816,0.5349,0.5349,0.5349,0.5349,17.1121607688899,17.1121607688899,17.1121607688899,17.1121607688899,,0.9293609455482496,0.9293609455482496,0.9293609455482496,0.9293609455482496,42.89045597448777,42.89045597448777,42.89045597448777,42.89045597448777,0.8735327082380401,0.8735327082380401,0.8735327082380401,0.8735327082380401,0.977353270823804,0.977353270823804,0.977353270823804,0.977353270823804,41.91912743378999,41.91912743378999,41.91912743378999,41.91912743378999,167.67650973515995,4024.236233643839,0.0858763379148769,4.234255296342423e-05,0.18
1939-04-28,1939-05-09,1900.6727,1.0007678191571476,1902.1320729105275,0.186,1939,4,28,1939.04,1938,7,210,30,0.1643442110994695,50.40239474883765,0.0264978417990265,0.74,4,Mod_Dry,45,11,10,10,72,148.0,0.0778074257343967,1754.1320729105275,1100.0,,4,275.0,275.0,275.0,275.0,654.1320729105275,55.0,7.0,15.0,44.19811303449511,532.9339598760324,100.0,18.0,25.0,54.19811303449511,604.9339598760324,1243.0,990.0,970.7838113124802,19.21618868751977,0.9262894125183112,0.48,988.5937105874816,0.5349,0.5349,0.5349,0.5349,17.2749992750015,17.2749992750015,17.2749992750015,17.2749992750015,,0.9301971212771326,0.9301971212771326,0.9301971212771326,0.9301971212771326,43.33755664192816,43.33755664192816,43.33755664192816,43.33755664192816,0.8826386281451764,0.8826386281451764,0.8826386281451764,0.8826386281451764,0.9782638628145176,0.9782638628145176,0.9782638628145176,0.9782638628145176,42.39556556547559,42.39556556547559,42.39556556547559,42.39556556547559,169.58226226190237,4069.974294285657,0.0891537788973916,4.28238036014905e-05,0.185
1939-04-29,1939-05-10,1840.5463,0.9955175444855696,1832.2961330880007,0.193,1939,4,29,1939.04,1938,7,211,31,0.1583103858988032,69.83593982252683,0.0381138935794352,0.74,4,Mod_Dry,45,11,10,10,72,148.0,0.0807729696785273,1684.2961330880007,1100.0,,4,275.0,275.0,275.0,275.0,584.2961330880007,55.0,7.0,15.0,39.47946845189194,467.8166646361088,100.0,18.0,25.0,49.47946845189194,539.8166646361087,1243.0,990.0,970.5581875068996,19.441812493100315,0.9262894125183112,0.48,988.5937105874816,0.5349,0.5349,0.5349,0.5349,17.500623080582038,17.500623080582038,17.500623080582038,17.500623080582038,,0.9313556995187888,0.9313556995187888,0.9313556995187888,0.9313556995187888,43.95825876689554,43.95825876689554,43.95825876689554,43.95825876689554,0.8952802192850415,0.8952802192850415,0.8952802192850415,0.8952802192850415,0.979528021928504,0.979528021928504,0.979528021928504,0.979528021928504,43.05834625735851,43.05834625735851,43.05834625735851,43.05834625735851,172.23338502943403,4133.601240706417,0.0939986620717067,4.349327904783688e-05,0.195
1939-04-30,1939-05-11,1828.6668,0.9885857895968824,1807.794012387604,0.195,1939,4,30,1939.04,1938,7,212,31,0.1561934026702889,24.50212070039675,0.0135536020876826,0.74,4,Mod_Dry,45,11,10,10,72,148.0,0.0818677343689905,1659.794012387604,1100.0,,4,275.0,275.0,275.0,275.0,559.794012387604,55.0,7.0,15.0,37.82391975591919,444.9700926316848,100.0,18.0,25.0,47.82391975591919,516.9700926316848,1243.0,990.0,970.4790268092522,19.52097319074778,0.9262894125183112,0.48,988.5937105874816,0.5349,0.5349,0.5349,0.5349,17.579783778229505,17.579783778229505,17.579783778229505,17.579783778229505,,0.9317621897012084,0.9317621897012084,0.9317621897012084,0.9317621897012084,44.176367847195,44.176367847195,44.176367847195,44.176367847195,0.8997223594133401,0.8997223594133401,0.8997223594133401,0.8997223594133401,0.979972235941334,0.979972235941334,0.979972235941334,0.979972235941334,43.29161397498254,43.29161397498254,43.29161397498254,43.29161397498254,173.16645589993016,4155.994941598324,0.0957888203596959,4.372890300503287e-05,0.195
1939-05-01,1939-05-12,1793.3188,0.9856727560705408,1767.625484109115,0.199,1939,5,1,1939.05,1938,8,213,31,0.1527228418270275,40.16852827848902,0.0227245695649913,0.77,4,Mod_Dry,47,10,10,10,115,192.0,0.1086202941324803,1575.625484109115,1100.0,,4,275.0,275.0,275.0,275.0,475.62548410911495,53.0,7.9999999999999964,14.999999999999996,24.77216063068307,374.8533234784319,100.0,18.0,25.0,34.772160630683075,489.8533234784319,1243.0,990.0,970.3492515640448,19.650748435955165,0.9262894125183112,0.48,988.5937105874816,0.5349,0.5349,0.5349,0.5349,17.70955902343689,17.70955902343689,17.70955902343689,17.70955902343689,,0.9324285855853484,0.9324285855853484,0.9324285855853484,0.9324285855853484,44.53430916826936,44.53430916826936,44.53430916826936,44.53430916826936,0.9070124066857304,0.9070124066857304,0.9070124066857304,0.9070124066857304,0.98,0.98,0.98,0.98,43.64362298490397,43.64362298490397,43.64362298490397,43.64362298490397,174.57449193961588,4189.787806550781,0.098762149283903,4.408446766151916e-05,0.2
1939-05-02,1939-05-13,1712.5226,0.9796730877109254,1677.712303316742,0.209,1939,5,2,1939.05,1938,8,214,31,0.1449543430065665,89.91318079237293,0.0535927289885278,0.77,4,Mod_Dry,47,10,10,10,115,192.0,0.1144415521185765,1485.712303316742,1100.0,,4,275.0,275.0,275.0,275.0,385.712303316742,53.0,8.0,15.0,20.089182464413646,289.6231208523283,100.0,18.0,25.0,30.089182464413646,404.6231208523283,1243.0,990.0,970.0587628261004,19.941237173899708,0.9262894125183112,0.48,988.5937105874816,0.5349,0.5349,0.5349,0.5349,18.00004776138143,18.00004776138143,18.00004776138143,18.00004776138143,,0.9339201504483516,0.9339201504483516,0.9339201504483516,0.9339201504483516,45.3372106349255,45.3372106349255,45.3372106349255,45.3372106349255,0.9233647787153868,0.9233647787153868,0.9233647787153868,0.9233647787153868,0.98,0.98,0.98,0.98,44.430466422226985,44.430466422226985,44.430466422226985,44.430466422226985,177.72186568890794,4265.324776533791,0.1059310737231657,4.4879259012350496e-05,0.21
1939-05-03,1939-05-14,1701.1714,0.9756355469043254,1659.7232892169968,0.212,1939,5,3,1939.05,1938,8,215,31,0.1434000921883485,17.98901409974519,0.0108385621968538,0.77,4,Mod_Dry,47,10,10,10,115,192.0,0.1156819339991182,1467.7232892169968,1100.0,,4,275.0,275.0,275.0,275.0,367.7232892169968,53.0,8.0,15.0,19.152254646718585,272.57103457027824,100.0,18.0,25.0,29.152254646718585,387.57103457027824,1243.0,990.0,970.0006444728548,19.9993555271451,0.9262894125183112,0.48,988.5937105874816,0.5349,0.5349,0.5349,0.5349,18.05816611462682,18.05816611462682,18.05816611462682,18.05816611462682,,0.9341032232610744,0.9341032232610744,0.9341032232610744,0.9341032232610744,45.49251089045048,45.49251089045048,45.49251089045048,45.49251089045048,0.9265277167097856,0.9265277167097856,0.9265277167097856,0.9265277167097856,0.98,0.98,0.98,0.98,44.58266067264147,44.58266067264147,44.58266067264147,44.58266067264147,178.33064269056587,4279.935424573581,0.1074460085299498,4.503299057842573e-05,0.21
1939-05-04,1939-05-15,1701.1714,0.9756355469043254,1659.7232892169968,0.212,1939,5,4,1939.05,1938,8,216,31,0.1434000921883485,0.0,0.0,0.77,4,Mod_Dry,47,10,10,10,115,192.0,0.1156819339991182,1467.7232892169968,1100.0,,4,275.0,275.0,275.0,275.0,367.7232892169968,53.0,8.0,15.0,19.152254646718585,272.57103457027824,100.0,18.0,25.0,29.152254646718585,387.57103457027824,1243.0,990.0,970.0006444728548,19.9993555271451,0.9262894125183112,0.48,988.5937105874816,0.5349,0.5349,0.5349,0.5349,18.05816611462682,18.05816611462682,18.05816611462682,18.05816611462682,,0.9341032232610744,0.9341032232610744,0.9341032232610744,0.9341032232610744,45.49251089045048,45.49251089045048,45.49251089045048,45.49251089045048,0.9265277167097856,0.9265277167097856,0.9265277167097856,0.9265277167097856,0.98,0.98,0.98,0.98,44.58266067264147,44.58266067264147,44.58266067264147,44.58266067264147,178.33064269056587,4279.935424573581,0.1074460085299498,4.503299057842573e-05,0.21
1939-05-05,1939-05-16,1678.6114,0.9718781251926132,1631.4057003589478,0.215,1939,5,5,1939.05,1938,8,217,31,0.1409534525110131,28.31758885804902,0.0173577846711081,0.77,4,Mod_Dry,47,10,10,10,115,192.0,0.1176899160998122,1439.4057003589478,1100.0,,4,275.0,275.0,275.0,275.0,339.4057003589478,53.000000000000014,8.0,15.0,17.677380227028532,245.72832013191925,100.0,18.0,25.0,27.67738022702853,360.7283201319193,1243.0,990.0,969.9091568780829,20.09084312191726,0.9262894125183112,0.48,988.5937105874816,0.5349,0.5349,0.5349,0.5349,18.149653709398983,18.149653709398983,18.149653709398983,18.149653709398983,,0.934391409184607,0.934391409184607,0.934391409184607,0.934391409184607,45.73709463838924,45.73709463838924,45.73709463838924,45.73709463838924,0.9315090557716748,0.9315090557716748,0.9315090557716748,0.9315090557716748,0.98,0.98,0.98,0.98,44.82235274562145,44.82235274562145,44.82235274562145,44.82235274562145,179.2894109824858,4302.945863579659,0.1098987277922578,4.527510378345601e-05,0.215
1939-05-06,1939-05-17,1612.0655,0.96221627423111,1551.1556592265113,0.223,1939,5,6,1939.05,1938,8,218,32,0.1340198489571705,80.25004113243654,0.0517356466806519,0.77,4,Mod_Dry,47,10,10,10,115,192.0,0.1237786800170277,1359.1556592265113,1100.0,,4,275.0,275.0,275.0,275.0,259.15565922651126,53.00000000000001,8.0,13.497690584714128,13.497690584714128,171.160278057083,100.0,18.0,23.497690584714128,23.497690584714128,286.160278057083,1241.497690584714,990.0,969.649887514424,20.35011248557589,0.9223979288907918,0.48,988.5976020711092,0.5349,0.5349,0.5349,0.5349,18.412814556685127,18.412814556685127,18.412814556685127,18.412814556685127,,0.9352203658535582,0.9352203658535582,0.9352203658535582,0.9352203658535582,46.4414240521395,46.4414240521395,46.4414240521395,46.4414240521395,0.9458538503490732,0.9458538503490732,0.9458538503490732,0.9458538503490732,0.98,0.98,0.98,0.98,45.51259557109671,45.51259557109671,45.51259557109671,45.51259557109671,182.05038228438684,4369.209174825284,0.1173643542487327,4.5972318758683545e-05,0.225
1939-05-07,1939-05-18,1612.0655,0.96221627423111,1551.1556592265113,0.223,1939,5,7,1939.05,1938,8,219,32,0.1340198489571705,0.0,0.0,0.77,4,Mod_Dry,47,10,10,10,115,192.0,0.1237786800170277,1359.1556592265113,1100.0,,4,275.0,275.0,275.0,275.0,259.15565922651126,53.00000000000001,8.0,13.497690584714128,13.497690584714128,171.160278057083,100.0,18.0,23.497690584714128,23.497690584714128,286.160278057083,1241.497690584714,990.0,969.649887514424,20.35011248557589,0.9223979288907918,0.48,988.5976020711092,0.5349,0.5349,0.5349,0.5349,18.412814556685127,18.412814556685127,18.412814556685127,18.412814556685127,,0.9352203658535582,0.9352203658535582,0.9352203658535582,0.9352203658535582,46.4414240521395,46.4414240521395,46.4414240521395,46.4414240521395,0.9458538503490732,0.9458538503490732,0.9458538503490732,0.9458538503490732,0.98,0.98,0.98,0.98,45.51259557109671,45.51259557109671,45.51259557109671,45.51259557109671,182.05038228438684,4369.209174825284,0.1173643542487327,4.5972318758683545e-05,0.225
1939-05-08,1939-05-19,1590.2593,0.9608539838546808,1528.006983766956,0.227,1939,5,8,1939.05,1938,8,220,32,0.132019803397465,23.148675459555307,0.0151495874727532,0.77,4,Mod_Dry,47,10,10,10,115,192.0,0.1256538759572076,1336.006983766956,1100.0,,4,275.0,275.0,275.0,275.0,236.00698376695595,52.99999999999999,7.999999999999998,12.292030404528957,12.292030404528957,150.42292295789807,100.0,18.0,22.29203040452896,22.29203040452896,265.4229229578981,1240.292030404529,990.0,969.5750994860164,20.42490051398363,0.9192748659559506,0.48,988.600725134044,0.5349,0.5349,0.5349,0.5349,18.4907256480277,18.4907256480277,18.4907256480277,18.4907256480277,,0.9354657857912873,0.9354657857912873,0.9354657857912873,0.9354657857912873,46.65017274080139,46.65017274080139,46.65017274080139,46.65017274080139,0.9501053511364844,0.9501053511364844,0.9501053511364844,0.9501053511364844,0.98,0.98,0.98,0.98,45.71716928598536,45.71716928598536,45.71716928598536,45.71716928598536,182.86867714394143,4388.848251454594,0.1196779066369971,4.617895887473268e-05,0.225
1939-05-09,1939-05-20,1525.9589,0.9480519815469955,1446.688358904274,0.237,1939,5,9,1939.05,1938,8,221,32,0.1249938742093292,81.31862486268187,0.0562101881598555,0.77,4,Mod_Dry,47,10,10,10,115,192.0,0.1327169039677773,1254.688358904274,1100.0,,4,275.0,275.0,275.0,275.0,154.68835890427408,37.86642119010876,8.0,8.056685359597608,8.056685359597608,92.70856699497013,84.86642119010875,18.0,18.05668535959761,18.05668535959761,207.7085669949701,1220.9231065497063,990.0,969.3123777749216,20.687622225078485,0.8756844051585859,0.48,988.6443155948414,0.5349,0.5349,0.5349,0.5349,18.797037819919854,18.797037819919854,18.797037819919854,18.797037819919854,,0.9364306691327476,0.9364306691327476,0.9364306691327476,0.9364306691327476,47.47188068519736,47.47188068519736,47.47188068519736,47.47188068519736,0.9668407471526956,0.9668407471526956,0.9668407471526956,0.9668407471526956,0.98,0.98,0.98,0.98,46.52244307149341,46.52244307149341,46.52244307149341,46.52244307149341,186.08977228597365,4466.154534863368,0.1286315543638704,4.699236673888224e-05,0.235
1939-05-10,1939-05-21,1515.4044,0.9482599209629142,1436.9972565708524,0.239,1939,5,10,1939.05,1938,8,222,32,0.1241565629677216,9.691102333421668,0.0067439950139834,0.77,4,Mod_Dry,47,10,10,10,115,192.0,0.1336119461064074,1244.9972565708524,1100.0,,4,275.0,275.0,275.0,275.0,144.9972565708524,35.494120098073246,7.5519404463985635,7.5519404463985635,7.5519404463985635,86.84731513358348,82.49412009807324,17.551940446398564,17.551940446398564,17.551940446398564,201.8473151335835,1217.5980009908703,990.0,969.2810680596904,20.71893194030952,0.8708116034378502,0.48,988.6491883965622,0.5349,0.5349,0.5349,0.5349,18.833220336871697,18.833220336871697,18.833220336871697,18.833220336871697,,0.936544644061146,0.936544644061146,0.936544644061146,0.936544644061146,47.5690485814291,47.5690485814291,47.5690485814291,47.5690485814291,0.9688197267093503,0.9688197267093503,0.9688197267093503,0.9688197267093503,0.98,0.98,0.98,0.98,46.61766760980052,46.61766760980052,46.61766760980052,46.61766760980052,186.47067043920208,4475.29609054085,0.1297641102559808,4.708855314121264e-05,0.24
1939-05-11,1939-05-22,1515.4044,0.9482599209629142,1436.9972565708524,0.239,1939,5,11,1939.05,1938,8,223,32,0.1241565629677216,0.0,0.0,0.8300000000000001,4,Mod_Dry,47,10,10,10,115,192.0,0.1336119461064074,1244.9972565708524,1100.0,,4,275.0,275.0,275.0,275.0,144.9972565708524,35.494120098073246,7.5519404463985635,7.5519404463985635,7.5519404463985635,86.84731513358348,82.49412009807324,17.551940446398564,17.551940446398564,17.551940446398564,201.8473151335835,1217.5980009908703,990.0,969.2810680596904,20.71893194030952,0.8708116034378502,0.48,988.6491883965622,0.5349,0.5349,0.5349,0.5349,18.833220336871697,18.833220336871697,18.833220336871697,18.833220336871697,,0.936544644061146,0.936544644061146,0.936544644061146,0.936544644061146,47.5690485814291,47.5690485814291,47.5690485814291,47.5690485814291,0.9688197267093503,0.9688197267093503,0.9688197267093503,0.9688197267093503,0.98,0.98,0.98,0.98,46.61766760980052,46.61766760980052,46.61766760980052,46.61766760980052,186.47067043920208,4475.29609054085,0.1297641102559808,4.708855314121264e-05,0.24
1939-05-12,1939-05-23,1484.0171,0.9431309976592172,1399.6225280663384,0.244,1939,5,12,1939.05,1938,8,224,32,0.1209273864249316,37.374728504514,0.0267034345011218,0.8300000000000001,4,Mod_Dry,47,10,10,10,115,192.0,0.1371798439578272,1207.6225280663384,1100.0,,4,275.0,275.0,275.0,275.0,107.62252806633842,26.34509801623909,5.605340003455126,5.605340003455126,5.605340003455126,64.46141003973395,73.34509801623909,15.605340003455126,15.605340003455126,15.605340003455126,179.46141003973395,1204.5557780231493,990.0,969.1603189368298,20.839681063170246,0.8516987766734644,0.48,988.6683012233264,0.5349,0.5349,0.5349,0.5349,18.973082286496712,18.973082286496712,18.973082286496712,18.973082286496712,,0.9369852092024646,0.9369852092024646,0.9369852092024646,0.9369852092024646,47.94485604119347,47.94485604119347,47.94485604119347,47.94485604119347,0.976473646460152,0.976473646460152,0.976473646460152,0.976473646460152,0.98,0.98,0.98,0.98,46.9859589203696,46.9859589203696,46.9859589203696,46.9859589203696,187.9438356814784,4510.652056355481,0.1342818023521913,4.7460564566029895e-05,0.245
1939-05-13,1939-05-24,1412.3815,0.928274988254288,1311.0784203230735,0.258,1939,5,13,1939.05,1938,8,225,33,0.1132771755159135,88.54410774326495,0.0675353254013944,0.8300000000000001,4,Mod_Dry,47,10,10,10,115,192.0,0.1464443293580316,1119.0784203230735,1100.0,,4,275.0,275.0,275.0,275.0,19.078420323073487,4.670238308252364,0.9936677251600776,0.9936677251600776,0.9936677251600776,11.427178839340892,51.670238308252365,10.993667725160078,10.993667725160078,10.993667725160078,126.4271788393409,1173.6575737585724,990.0,968.8776750353012,21.12232496469892,0.8064187636801992,0.48,988.7135812363198,0.5349,0.5349,0.5349,0.5349,19.3010062010187,19.3010062010187,19.3010062010187,19.3010062010187,,0.9380091393471784,0.9380091393471784,0.9380091393471784,0.9380091393471784,48.82681696960347,48.82681696960347,48.82681696960347,48.82681696960347,0.9944361908269546,0.9944361908269546,0.9944361908269546,0.9944361908269546,0.98,0.98,0.98,0.98,47.8502806302114,47.8502806302114,47.8502806302114,47.8502806302114,191.4011225208456,4593.626940500295,0.1459875470101025,4.833361679819334e-05,0.26
1939-05-14,1939-05-25,1402.3296,0.9252414293343468,1297.4934435018629,0.26,1939,5,14,1939.05,1938,8,226,33,0.1121034335185609,13.584976821210606,0.0104701699181966,0.8300000000000001,4,Mod_Dry,47,10,10,10,115,192.0,0.1479776263699666,1105.4934435018629,1100.0,,4,275.0,275.0,275.0,275.0,5.493443501862885,1.3447491905601852,0.2861168490553586,0.2861168490553586,0.2861168490553586,3.290343764136624,48.34474919056019,10.28611684905536,10.28611684905536,10.28611684905536,118.29034376413662,1168.9169828886709,990.0,968.834979393863,21.165020606136977,0.7994716280361066,0.48,988.7205283719638,0.5349,0.5349,0.5349,0.5349,19.35064897810081,19.35064897810081,19.35064897810081,19.35064897810081,,0.9381640248116746,0.9381640248116746,0.9381640248116746,0.9381640248116746,48.96048412649317,48.96048412649317,48.96048412649317,48.96048412649317,0.9971585361811236,0.9971585361811236,0.9971585361811236,0.9971585361811236,0.98,0.98,0.98,0.98,47.98127444396331,47.98127444396331,47.98127444396331,47.98127444396331,191.92509777585323,4606.202346620477,0.1479198979671589,4.846593378178112e-05,0.26
1939-05-15,1939-05-26,1392.323,0.9273803807430936,1291.2130338573666,0.261,1939,5,15,1939.05,1938,8,227,33,0.1115608061252764,6.280409644496332,0.004863960849074,0.8300000000000001,4,Mod_Dry,47,10,10,10,115,192.0,0.148697383751169,1099.2130338573666,1099.2130338573666,,4,274.80325846434164,274.80325846434164,274.80325846434164,274.80325846434164,0.0,0.0,0.0,0.0,0.0,0.0,47.0,10.0,10.0,10.0,115.0,1166.2130338573666,990.0,968.8152409635516,21.184759036448327,0.795509104964468,0.4789769440145764,988.725513951021,0.5341405776723588,0.5341405776723588,0.5341405776723588,0.5341405776723588,19.376132409796924,19.376132409796924,19.376132409796924,19.376132409796924,,0.938249206232687,0.938249206232687,0.938249206232687,0.938249206232687,48.99433606709032,48.99433606709032,48.99433606709032,48.99433606709032,0.9978479850731228,0.9978479850731228,0.9978479850731228,0.9978479850731228,0.98,0.98,0.98,0.98,48.01444934574852,48.01444934574852,48.01444934574852,48.01444934574852,192.05779738299407,4609.387137191858,0.1487421458326215,4.853416627960526e-05,0.26
1939-05-16,1939-05-27,1342.9646,0.905877929951145,1216.5619918456675,0.269,1939,5,16,1939.05,1938,8,228,33,0.1051109560954656,74.65104201169902,0.0613623000817612,0.8300000000000001,4,Mod_Dry,47,10,10,10,115,192.0,0.157821797234281,1024.5619918456675,1024.5619918456675,,4,256.1404979614169,256.1404979614169,256.1404979614169,256.1404979614169,0.0,0.0,0.0,0.0,0.0,0.0,47.0,10.0,10.0,10.0,115.0,1091.5619918456675,990.0,968.5806234029436,21.419376597056495,0.6861111566789837,0.3819305893993677,988.9319582539216,0.4640742225387858,0.4640742225387858,0.4640742225387858,0.4640742225387858,19.88726062843932,19.88726062843932,19.88726062843932,19.88726062843932,,0.9393517580976524,0.9393517580976524,0.9393517580976524,0.9393517580976524,46.92671644736997,46.92671644736997,46.92671644736997,46.92671644736997,0.9557376058527488,0.9557376058527488,0.9557376058527488,0.9557376058527488,0.98,0.98,0.98,0.98,45.98818211842257,45.98818211842257,45.98818211842257,45.98818211842257,183.95272847369029,4414.865483368567,0.1512070323638932,4.987299991436502e-05,0.27
1939-05-17,1939-05-28,1333.2273,0.906175230008076,1208.137555230546,0.272,1939,5,17,1939.05,1938,8,229,33,0.1043830847719191,8.424436615121522,0.0069730773442548,0.8300000000000001,4,Mod_Dry,47,10,10,10,115,192.0,0.158922300833005,1016.137555230546,1016.137555230546,,4,254.0343888076365,254.0343888076365,254.0343888076365,254.0343888076365,0.0,0.0,0.0,0.0,0.0,0.0,47.0,10.0,10.0,10.0,115.0,1083.137555230546,990.0,968.5541466021532,21.44585339784692,0.6737655007267067,0.3709788217997098,988.9552556774736,0.4564624241551859,0.4564624241551859,0.4564624241551859,0.4564624241551859,19.94464665116532,19.94464665116532,19.94464665116532,19.94464665116532,,0.9393649550541068,0.9393649550541068,0.9393649550541068,0.9393649550541068,46.67581515349519,46.67581515349519,46.67581515349519,46.67581515349519,0.9506275998675192,0.9506275998675192,0.9506275998675192,0.9506275998675192,0.98,0.98,0.98,0.98,45.742298850425286,45.742298850425286,45.742298850425286,45.742298850425286,182.96919540170117,4391.260689640827,0.1514473203895938,5.001761448423307e-05,0.27
1939-05-18,1939-05-29,1333.2273,0.906175230008076,1208.137555230546,0.272,1939,5,18,1939.05,1938,8,230,33,0.1043830847719191,0.0,0.0,0.8300000000000001,4,Mod_Dry,47,10,10,10,115,192.0,0.158922300833005,1016.137555230546,1016.137555230546,,4,254.0343888076365,254.0343888076365,254.0343888076365,254.0343888076365,0.0,0.0,0.0,0.0,0.0,0.0,47.0,10.0,10.0,10.0,115.0,1083.137555230546,990.0,968.5541466021532,21.44585339784692,0.6737655007267067,0.3709788217997098,988.9552556774736,0.4564624241551859,0.4564624241551859,0.4564624241551859,0.4564624241551859,19.94464665116532,19.94464665116532,19.94464665116532,19.94464665116532,,0.9393649550541068,0.9393649550541068,0.9393649550541068,0.9393649550541068,46.67581515349519,46.67581515349519,46.67581515349519,46.67581515349519,0.9506275998675192,0.9506275998675192,0.9506275998675192,0.9506275998675192,0.98,0.98,0.98,0.98,45.742298850425286,45.742298850425286,45.742298850425286,45.742298850425286,182.96919540170117,4391.260689640827,0.1514473203895938,5.001761448423307e-05,0.27
1939-05-19,1939-05-30,1323.5347,0.9063317221724048,1199.561484005937,0.273,1939,5,19,1939.05,1938,8,231,33,0.1036421122181129,8.576071224608995,0.0071493386032779,0.8300000000000001,4,Mod_Dry,47,10,10,10,115,192.0,0.1600584901732721,1007.561484005937,1007.561484005937,,4,251.89037100148423,251.89037100148423,251.89037100148423,251.89037100148423,0.0,0.0,0.0,0.0,0.0,0.0,47.0,10.0,10.0,10.0,115.0,1074.561484005937,990.0,968.5271932354472,21.47280676455273,0.6611976306603335,0.3598299292077181,988.978972440132,0.4488297207652839,0.4488297207652839,0.4488297207652839,0.4488297207652839,20.002949483919327,20.002949483919327,20.002949483919327,20.002949483919327,,0.9393748211618697,0.9393748211618697,0.9393748211618697,0.9393748211618697,46.41765742317872,46.41765742317872,46.41765742317872,46.41765742317872,0.9453698049527234,0.9453698049527234,0.9453698049527234,0.9453698049527234,0.98,0.98,0.98,0.98,45.489304274715145,45.489304274715145,45.489304274715145,45.489304274715145,181.95721709886055,4366.973210372654,0.1516864450259058,5.0164354452489504e-05,0.275
1939-05-20,1939-05-31,1294.7235,0.9135144469019452,1182.7486219934508,0.279,1939,5,20,1939.05,1938,8,232,34,0.1021894809402341,16.81286201248622,0.0142150763905766,0.8300000000000001,4,Mod_Dry,47,10,10,10,115,192.0,0.1623337338380455,990.7486219934508,990.7486219934508,,4,247.6871554983627,247.6871554983627,247.6871554983627,247.6871554983627,0.0,0.0,0.0,0.0,0.0,0.0,47.0,10.0,10.0,10.0,115.0,1057.7486219934508,990.0,968.4743528119794,21.52564718802057,0.6365590916740365,0.3425988975947606,989.0208420107311,0.4340050442442694,0.4340050442442694,0.4340050442442694,0.4340050442442694,20.11248415450756,20.11248415450756,20.11248415450756,20.11248415450756,,0.939312615289644,0.939312615289644,0.939312615289644,0.939312615289644,45.88999973304143,45.88999973304143,45.88999973304143,45.88999973304143,0.9346232124855688,0.9346232124855688,0.9346232124855688,0.9346232124855688,0.98,0.98,0.98,0.98,44.9721997383806,44.9721997383806,44.9721997383806,44.9721997383806,179.88879895352238,4317.331174884537,0.1520938563008687,5.0435710644625246e-05,0.28
1939-05-21,1939-06-01,1285.2084,0.9120856039266032,1172.2200796855432,0.281,1939,5,21,1939.05,1938,8,233,34,0.1012798148848309,10.528542307907626,0.0089817112762067,0.87,4,Mod_Dry,47,10,10,10,115,192.0,0.1637917685657675,980.2200796855432,980.2200796855432,,4,245.0550199213858,245.0550199213858,245.0550199213858,245.0550199213858,0.0,0.0,0.0,0.0,0.0,0.0,47.0,10.0,10.0,10.0,115.0,1047.2200796855432,990.0,968.4412631075832,21.55873689241685,0.6211299577211372,0.3341760637484345,989.0446939785304,0.4247925697248502,0.4247925697248502,0.4247925697248502,0.4247925697248502,20.1786383012224,20.1786383012224,20.1786383012224,20.1786383012224,,0.9392594281473926,0.9392594281473926,0.9392594281473926,0.9392594281473926,45.549091774099125,45.549091774099125,45.549091774099125,45.549091774099125,0.9276800768655626,0.9276800768655626,0.9276800768655626,0.9276800768655626,0.98,0.98,0.98,0.98,44.63810993861714,44.63810993861714,44.63810993861714,44.63810993861714,178.55243975446857,4285.258554107246,0.152319895255818,5.059873895636575e-05,0.28
1939-05-22,1939-06-02,1247.589,0.9151467263536076,1141.726989184771,0.287,1939,5,22,1939.05,1938,8,234,34,0.0986452118655642,30.493090500772272,0.0267078651811019,0.87,4,Mod_Dry,47,10,10,10,115,192.0,0.1681662970383962,949.7269891847708,949.7269891847708,,4,237.43174729619275,237.43174729619275,237.43174729619275,237.43174729619275,0.0,0.0,0.0,0.0,0.0,0.0,47.0,10.0,10.0,10.0,115.0,1016.7269891847708,990.0,968.345427680295,21.65457231970504,0.5856132603024968,0.3097815913478167,989.1046051483496,0.3987706709152075,0.3987706709152075,0.3987706709152075,0.3987706709152075,20.36040679713955,20.36040679713955,20.36040679713955,20.36040679713955,,0.9383549440135596,0.9383549440135596,0.9383549440135596,0.9383549440135596,44.48679160413073,44.48679160413073,44.48679160413073,44.48679160413073,0.9060446355220108,0.9060446355220108,0.9060446355220108,0.9060446355220108,0.98,0.98,0.98,0.98,43.59705577204812,43.59705577204812,43.59705577204812,43.59705577204812,174.38822308819246,4185.317354116619,0.1527407381450369,5.100536641760021e-05,0.285
1939-05-23,1939-06-03,1165.5017,0.9291100950872416,1082.8793953113418,0.307,1939,5,23,1939.05,1938,8,235,34,0.0935607797548999,58.84759387342911,0.0543436269341053,0.87,4,Mod_Dry,47,10,10,10,115,192.0,0.1773050635475407,890.8793953113418,890.8793953113418,,4,222.71984882783545,222.71984882783545,222.71984882783545,222.71984882783545,0.0,0.0,0.0,0.0,0.0,0.0,47.0,10.0,10.0,10.0,115.0,957.8793953113418,990.0,968.16047809955,21.83952190045011,0.5317669124487012,0.2627035162490734,989.2055295713022,0.3509403253194033,0.3509403253194033,0.3509403253194033,0.3509403253194033,20.69411114643294,20.69411114643294,20.69411114643294,20.69411114643294,,0.9363560318882784,0.9363560318882784,0.9363560318882784,0.9363560318882784,42.32387396666387,42.32387396666387,42.32387396666387,42.32387396666387,0.8619933598098547,0.8619933598098547,0.8619933598098547,0.8619933598098547,0.9761993359809854,0.9761993359809854,0.9761993359809854,0.9761993359809854,41.31653766240018,41.31653766240018,41.31653766240018,41.31653766240018,165.26615064960072,3966.387615590417,0.1526173194957547,5.15302793070997e-05,0.305
1939-05-24,1939-06-04,1156.5974,0.9338086699838878,1080.0406798008228,0.311,1939,5,24,1939.05,1938,8,236,34,0.093315514734791,2.838715510519023,0.0026283412871471,0.87,4,Mod_Dry,47,10,10,10,115,192.0,0.177771081766483,888.0406798008228,888.0406798008228,,4,222.0101699502057,222.0101699502057,222.0101699502057,222.0101699502057,0.0,0.0,0.0,0.0,0.0,0.0,47.0,10.0,10.0,10.0,115.0,955.0406798008228,990.0,968.1515564222312,21.84844357776888,0.5291694491919003,0.2604325438406582,989.2103980069674,0.3487119336436458,0.3487119336436458,0.3487119336436458,0.3487119336436458,20.710129651092583,20.710129651092583,20.710129651092583,20.710129651092583,,0.9362243196891336,0.9362243196891336,0.9362243196891336,0.9362243196891336,42.21573012086989,42.21573012086989,42.21573012086989,42.21573012086989,0.8597908374922585,0.8597908374922585,0.8597908374922585,0.8597908374922585,0.9759790837492258,0.9759790837492258,0.9759790837492258,0.9759790837492258,41.20166960317119,41.20166960317119,41.20166960317119,41.20166960317119,164.80667841268476,3955.3602819044345,0.1525930286654367,5.155127905027986e-05,0.31
1939-05-25,1939-06-05,1156.5974,0.9338086699838878,1080.0406798008228,0.311,1939,5,25,1939.05,1938,8,237,34,0.093315514734791,0.0,0.0,0.87,4,Mod_Dry,47,10,10,10,115,192.0,0.177771081766483,888.0406798008228,888.0406798008228,,4,222.0101699502057,222.0101699502057,222.0101699502057,222.0101699502057,0.0,0.0,0.0,0.0,0.0,0.0,47.0,10.0,10.0,10.0,115.0,955.0406798008228,990.0,968.1515564222312,21.84844357776888,0.5291694491919003,0.2604325438406582,989.2103980069674,0.3487119336436458,0.3487119336436458,0.3487119336436458,0.3487119336436458,20.710129651092583,20.710129651092583,20.710129651092583,20.710129651092583,,0.9362243196891336,0.9362243196891336,0.9362243196891336,0.9362243196891336,42.21573012086989,42.21573012086989,42.21573012086989,42.21573012086989,0.8597908374922585,0.8597908374922585,0.8597908374922585,0.8597908374922585,0.9759790837492258,0.9759790837492258,0.9759790837492258,0.9759790837492258,41.20166960317119,41.20166960317119,41.20166960317119,41.20166960317119,164.80667841268476,3955.3602819044345,0.1525930286654367,5.155127905027986e-05,0.31
1939-05-26,1939-06-06,1138.9177,0.936281984298218,1066.3481241083623,0.314,1939,5,26,1939.05,1938,8,238,34,0.0921324779229625,13.692555692460244,0.0128406055985791,0.87,4,Mod_Dry,47,10,10,10,115,192.0,0.1800537701142792,874.3481241083623,874.3481241083623,,4,218.58703102709055,218.58703102709055,218.58703102709055,218.58703102709055,0.0,0.0,0.0,0.0,0.0,0.0,47.0,10.0,10.0,10.0,115.0,941.3481241083624,990.0,968.1085226757692,21.89147732423089,0.5166405747164292,0.2494784992866898,989.2338809259968,0.338048055563439,0.338048055563439,0.338048055563439,0.338048055563439,20.78731019466425,20.78731019466425,20.78731019466425,20.78731019466425,,0.9355985772456864,0.9355985772456864,0.9355985772456864,0.9355985772456864,41.69182827310741,41.69182827310741,41.69182827310741,41.69182827310741,0.8491207387598251,0.8491207387598251,0.8491207387598251,0.8491207387598251,0.9749120738759824,0.9749120738759824,0.9749120738759824,0.9749120738759824,40.645866765416464,40.645866765416464,40.645866765416464,40.645866765416464,162.58346706166586,3902.003209479981,0.1524675323057483,5.165228006848095e-05,0.315
1939-05-27,1939-06-07,1078.3827,0.9251619817921662,997.6786758623872,0.331,1939,5,27,1939.05,1938,8,239,35,0.0861994375945102,68.66944824597533,0.0688292231831234,0.87,4,Mod_Dry,47,10,10,10,115,192.0,0.1924467312424377,805.6786758623872,805.6786758623872,,4,201.4196689655968,201.4196689655968,201.4196689655968,201.4196689655968,0.0,0.0,0.0,0.0,0.0,0.0,47.0,10.0,10.0,10.0,115.0,872.6786758623872,990.0,967.8907147034496,22.109285296550524,0.4538070966793512,0.1945429406899097,989.3516499626307,0.2870602532416068,0.2870602532416068,0.2870602532416068,0.2870602532416068,21.173875005939664,21.173875005939664,21.173875005939664,21.173875005939664,,0.931964739504931,0.931964739504931,0.931964739504931,0.931964739504931,38.97987155247892,38.97987155247892,38.97987155247892,38.97987155247892,0.7938874043274728,0.7938874043274728,0.7938874043274728,0.7938874043274728,0.97,0.97,0.97,0.97,37.81047540590455,37.81047540590455,37.81047540590455,37.81047540590455,151.2419016236182,3629.805638966836,0.1515937999706024,5.214441017062449e-05,0.33
1939-05-28,1939-06-08,1069.9044,0.9248279637273736,989.4775076349576,0.333,1939,5,28,1939.05,1938,8,240,35,0.0854908566596603,8.201168227429662,0.0082883826708017,0.87,4,Mod_Dry,47,10,10,10,115,192.0,0.19404180339472,797.4775076349576,797.4775076349576,,4,199.3693769087394,199.3693769087394,199.3693769087394,199.3693769087394,0.0,0.0,0.0,0.0,0.0,0.0,47.0,10.0,10.0,10.0,115.0,864.4775076349576,990.0,967.8579100305398,22.142089969460244,0.4463029163362861,0.1887387538174788,989.3649583298462,0.2812342553444703,0.2812342553444703,0.2812342553444703,0.2812342553444703,21.225814043961996,21.225814043961996,21.225814043961996,21.225814043961996,,0.931294609908742,0.931294609908742,0.931294609908742,0.931294609908742,38.64991966443267,38.64991966443267,38.64991966443267,38.64991966443267,0.7871674066075901,0.7871674066075901,0.7871674066075901,0.7871674066075901,0.97,0.97,0.97,0.97,37.49042207449969,37.49042207449969,37.49042207449969,37.49042207449969,149.96168829799876,3599.0805191519703,0.1515564397784404,5.22347328023824e-05,0.335
1939-05-29,1939-06-09,1061.4682,0.9202131020126134,976.7769450097452,0.335,1939,5,29,1939.05,1938,8,241,35,0.0843935280488419,12.700562625212342,0.0130025208826828,0.87,4,Mod_Dry,47,10,10,10,115,192.0,0.1965648359954732,784.7769450097452,784.7769450097452,,4,196.1942362524363,196.1942362524363,196.1942362524363,196.1942362524363,0.0,0.0,0.0,0.0,0.0,0.0,47.0,10.0,10.0,10.0,115.0,851.7769450097452,990.0,967.8071077800388,22.19289221996109,0.4346817289938263,0.1823884725048726,989.3829297985012,0.2723438615068216,0.2723438615068216,0.2723438615068216,0.2723438615068216,21.303478156955595,21.303478156955595,21.303478156955595,21.303478156955595,,0.9302502096769982,0.9302502096769982,0.9302502096769982,0.9302502096769982,38.13074019813852,38.13074019813852,38.13074019813852,38.13074019813852,0.7765934867237987,0.7765934867237987,0.7765934867237987,0.7765934867237987,0.97,0.97,0.97,0.97,36.98681799219436,36.98681799219436,36.98681799219436,36.98681799219436,147.94727196877744,3550.734527250658,0.1514647460964605,5.236706391172231e-05,0.335
1939-05-30,1939-06-10,1028.1428,0.9210811262601332,947.0029281802472,0.345,1939,5,30,1939.05,1938,8,242,35,0.0818210529947733,29.774016829498123,0.0314402584654216,0.87,4,Mod_Dry,47,10,10,10,115,192.0,0.2027448852443841,755.0029281802472,755.0029281802472,,4,188.7507320450618,188.7507320450618,188.7507320450618,188.7507320450618,0.0,0.0,0.0,0.0,0.0,0.0,47.0,10.0,10.0,10.0,115.0,822.0029281802472,990.0,967.6880117127208,22.311988287279064,0.4074380991072049,0.1675014640901236,989.4250604368026,0.2520769472398644,0.2520769472398644,0.2520769472398644,0.2520769472398644,21.4849717768418,21.4849717768418,21.4849717768418,21.4849717768418,,0.9277820232939248,0.9277820232939248,0.9277820232939248,0.9277820232939248,36.89844677042972,36.89844677042972,36.89844677042972,36.89844677042972,0.7514958609048822,0.7514958609048822,0.7514958609048822,0.7514958609048822,0.97,0.97,0.97,0.97,35.791493367316825,35.791493367316825,35.791493367316825,35.791493367316825,143.1659734692673,3435.983363262415,0.1511779628225372,5.267307513566515e-05,0.345
1939-05-31,1939-06-11,1028.1428,0.9210811262601332,947.0029281802472,0.345,1939,5,31,1939.05,1938,8,243,35,0.0818210529947733,0.0,0.0,0.87,4,Mod_Dry,47,10,10,10,115,192.0,0.2027448852443841,755.0029281802472,755.0029281802472,,4,188.7507320450618,188.7507320450618,188.7507320450618,188.7507320450618,0.0,0.0,0.0,0.0,0.0,0.0,47.0,10.0,10.0,10.0,115.0,822.0029281802472,990.0,967.6880117127208,22.311988287279064,0.4074380991072049,0.1675014640901236,989.4250604368026,0.2520769472398644,0.2520769472398644,0.2520769472398644,0.2520769472398644,21.4849717768418,21.4849717768418,21.4849717768418,21.4849717768418,,0.9277820232939248,0.9277820232939248,0.9277820232939248,0.9277820232939248,36.89844677042972,36.89844677042972,36.89844677042972,36.89844677042972,0.7514958609048822,0.7514958609048822,0.7514958609048822,0.7514958609048822,0.97,0.97,0.97,0.97,35.791493367316825,35.791493367316825,35.791493367316825,35.791493367316825,143.1659734692673,3435.983363262415,0.1511779628225372,5.267307513566515e-05,0.345
1939-06-01,1939-06-12,1028.1428,0.9210811262601332,947.0029281802472,0.345,1939,6,1,1939.06,1938,9,244,35,0.0818210529947733,0.0,0.0,0.91,5,Dry,39,9,7,5,59,119.0,0.1256595903337589,828.0029281802472,828.0029281802472,,4,207.0007320450618,207.0007320450618,207.0007320450618,207.0007320450618,0.0,0.0,0.0,0.0,0.0,0.0,39.0,9.0,7.0,5.0,59.0,883.0029281802472,990.0,967.6880117127208,22.311988287279064,0.4632539278078004,0.2124023425441977,989.324343729648,0.3031821522124817,0.3031821522124817,0.3031821522124817,0.3031821522124817,21.333149864714503,21.333149864714503,21.333149864714503,21.333149864714503,,0.9338159821607088,0.9338159821607088,0.9338159821607088,0.9338159821607088,40.4414638857423,40.4414638857423,40.4414638857423,40.4414638857423,0.823655068956055,0.823655068956055,0.823655068956055,0.823655068956055,0.9723655068956056,0.9723655068956056,0.9723655068956056,0.9723655068956056,39.32388453086013,39.32388453086013,39.32388453086013,39.32388453086013,157.29553812344054,3775.0929149625726,0.1660982595119302,5.276938468118256e-05,0.345
1939-06-02,1939-06-13,995.4845,0.9181998096202312,914.0536783798912,0.355,1939,6,2,1939.06,1938,9,245,35,0.0789742378120225,32.949249800355915,0.0360473904101087,0.91,5,Dry,39,9,7,5,59,119.0,0.1301892906452943,795.0536783798912,795.0536783798912,,4,198.7634195949728,198.7634195949728,198.7634195949728,198.7634195949728,0.0,0.0,0.0,0.0,0.0,0.0,39.0,9.0,7.0,5.0,59.0,850.0536783798912,990.0,967.5562147135196,22.44378528648042,0.4331049166164921,0.1875268391899456,989.3793682441936,0.2795375748659238,0.2795375748659238,0.2795375748659238,0.2795375748659238,21.54361595580814,21.54361595580814,21.54361595580814,21.54361595580814,,0.931367638290448,0.931367638290448,0.931367638290448,0.931367638290448,39.11243925293614,39.11243925293614,39.11243925293614,39.11243925293614,0.7965873574936078,0.7965873574936078,0.7965873574936078,0.7965873574936078,0.97,0.97,0.97,0.97,37.93906607534806,37.93906607534806,37.93906607534806,37.93906607534806,151.75626430139224,3642.150343233414,0.1660255495830088,5.302097079457275e-05,0.355
1939-06-03,1939-06-14,901.4559,0.907115570001353,817.7246825595828,0.391,1939,6,3,1939.06,1938,9,246,36,0.0706514125731479,96.32899582030836,0.1178012574095064,0.91,5,Dry,39,9,7,5,59,119.0,0.1455257527845616,698.7246825595828,698.7246825595828,,4,174.6811706398957,174.6811706398957,174.6811706398957,174.6811706398957,0.0,0.0,0.0,0.0,0.0,0.0,39.0,9.0,7.0,5.0,59.0,753.7246825595828,990.0,967.1708987302384,22.829101269761736,0.3548555355466297,0.1396174047678748,989.5055270596856,0.2159220563613455,0.2159220563613455,0.2159220563613455,0.2159220563613455,22.11870627308589,22.11870627308589,22.11870627308589,22.11870627308589,,0.923126582024364,0.923126582024364,0.923126582024364,0.923126582024364,34.97886969139745,34.97886969139745,34.97886969139745,34.97886969139745,0.712400604712779,0.712400604712779,0.712400604712779,0.712400604712779,0.97,0.97,0.97,0.97,33.92950360065552,33.92950360065552,33.92950360065552,33.92950360065552,135.7180144026221,3257.23234566293,0.1659703043056097,5.395465393761588e-05,0.39
1939-06-04,1939-06-15,901.4559,0.907115570001353,817.7246825595828,0.391,1939,6,4,1939.06,1938,9,247,36,0.0706514125731479,0.0,0.0,0.91,5,Dry,39,9,7,5,59,119.0,0.1455257527845616,698.7246825595828,698.7246825595828,,4,174.6811706398957,174.6811706398957,174.6811706398957,174.6811706398957,0.0,0.0,0.0,0.0,0.0,0.0,39.0,9.0,7.0,5.0,59.0,753.7246825595828,990.0,967.1708987302384,22.829101269761736,0.3548555355466297,0.1396174047678748,989.5055270596856,0.2159220563613455,0.2159220563613455,0.2159220563613455,0.2159220563613455,22.11870627308589,22.11870627308589,22.11870627308589,22.11870627308589,,0.923126582024364,0.923126582024364,0.923126582024364,0.923126582024364,34.97886969139745,34.97886969139745,34.97886969139745,34.97886969139745,0.712400604712779,0.712400604712779,0.712400604712779,0.712400604712779,0.97,0.97,0.97,0.97,33.92950360065552,33.92950360065552,33.92950360065552,33.92950360065552,135.7180144026221,3257.23234566293,0.1659703043056097,5.395465393761588e-05,0.39
1939-06-05,1939-06-16,893.8841,0.8990978772765416,803.6892968412517,0.396,1939,6,5,1939.06,1938,9,248,36,0.0694387552470841,14.0353857183311,0.0174636961988849,0.91,5,Dry,39,9,7,5,59,119.0,0.1480671703203052,684.6892968412517,684.6892968412517,,4,171.17232421031292,171.17232421031292,171.17232421031292,171.17232421031292,0.0,0.0,0.0,0.0,0.0,0.0,39.0,9.0,7.0,5.0,59.0,739.6892968412517,990.0,967.114757187365,22.885242812635056,0.3468793640587185,0.1354067890523755,989.5177138468888,0.2073604710731635,0.2073604710731635,0.2073604710731635,0.2073604710731635,22.195596188450804,22.195596188450804,22.195596188450804,22.195596188450804,,0.9219561364482906,0.9219561364482906,0.9219561364482906,0.9219561364482906,34.35178598226841,34.35178598226841,34.35178598226841,34.35178598226841,0.6996290424087253,0.6996290424087253,0.6996290424087253,0.6996290424087253,0.97,0.97,0.97,0.97,33.321232402800355,33.321232402800355,33.321232402800355,33.321232402800355,133.28492961120142,3198.8383106688343,0.1658413644863164,5.407356552741783e-05,0.395
1939-06-06,1939-06-17,849.2947,0.8954821115912885,760.52821131929,0.409,1939,6,6,1939.06,1938,9,249,36,0.0657096374579866,43.161085521961695,0.0567514588934052,0.91,5,Dry,39,9,7,5,59,119.0,0.1564701982502009,641.52821131929,641.52821131929,,3,213.84273710643,213.84273710643,213.84273710643,0.0,0.0,0.0,0.0,0.0,0.0,0.0,39.0,9.0,7.0,5.0,59.0,696.52821131929,990.0,966.9421128452772,23.057887154722835,0.3223513441926209,0.122458463395787,989.5551901924116,0.32352821131929,0.32352821131929,0.32352821131929,0.0,22.289549135815147,22.289549135815147,22.289549135815147,22.61307734713444,,0.9363262849257272,0.9363262849257272,0.9363262849257272,0.0,43.76850404020328,43.76850404020328,43.76850404020328,0.0,0.8914155609002703,0.8914155609002703,0.8914155609002703,0.0,0.979141556090027,0.979141556090027,0.979141556090027,0.96,42.85556115365727,42.85556115365727,42.85556115365727,0.0,128.5666834609718,3085.600403063323,0.1690491970546982,5.5668584791625467e-05,0.41
1939-06-07,1939-06-18,849.2947,0.8954821115912885,760.52821131929,0.409,1939,6,7,1939.06,1938,9,250,36,0.0657096374579866,0.0,0.0,0.91,5,Dry,39,9,7,5,59,119.0,0.1564701982502009,641.52821131929,641.52821131929,,3,213.84273710643,213.84273710643,213.84273710643,0.0,0.0,0.0,0.0,0.0,0.0,0.0,39.0,9.0,7.0,5.0,59.0,696.52821131929,990.0,966.9421128452772,23.057887154722835,0.3223513441926209,0.122458463395787,989.5551901924116,0.32352821131929,0.32352821131929,0.32352821131929,0.0,22.289549135815147,22.289549135815147,22.289549135815147,22.61307734713444,,0.9363262849257272,0.9363262849257272,0.9363262849257272,0.0,43.76850404020328,43.76850404020328,43.76850404020328,0.0,0.8914155609002703,0.8914155609002703,0.8914155609002703,0.0,0.979141556090027,0.979141556090027,0.979141556090027,0.96,42.85556115365727,42.85556115365727,42.85556115365727,0.0,128.5666834609718,3085.600403063323,0.1690491970546982,5.5668584791625467e-05,0.41
1939-06-08,1939-06-19,849.2947,0.8954821115912885,760.52821131929,0.409,1939,6,8,1939.06,1938,9,251,36,0.0657096374579866,0.0,0.0,0.91,5,Dry,39,9,7,5,59,119.0,0.1564701982502009,641.52821131929,641.52821131929,,3,213.84273710643,213.84273710643,213.84273710643,0.0,0.0,0.0,0.0,0.0,0.0,0.0,39.0,9.0,7.0,5.0,59.0,696.52821131929,990.0,966.9421128452772,23.057887154722835,0.3223513441926209,0.122458463395787,989.5551901924116,0.32352821131929,0.32352821131929,0.32352821131929,0.0,22.289549135815147,22.289549135815147,22.289549135815147,22.61307734713444,,0.9363262849257272,0.9363262849257272,0.9363262849257272,0.0,43.76850404020328,43.76850404020328,43.76850404020328,0.0,0.8914155609002703,0.8914155609002703,0.8914155609002703,0.0,0.979141556090027,0.979141556090027,0.979141556090027,0.96,42.85556115365727,42.85556115365727,42.85556115365727,0.0,128.5666834609718,3085.600403063323,0.1690491970546982,5.5668584791625467e-05,0.41
1939-06-09,1939-06-20,834.7498,0.8963571399655789,748.233943314839,0.416,1939,6,9,1939.06,1938,9,252,36,0.0646474127024021,12.294268004450943,0.0164310482226784,0.91,5,Dry,39,9,7,5,59,119.0,0.159041167623062,629.233943314839,629.233943314839,,3,209.74464777161305,209.74464777161305,209.74464777161305,0.0,0.0,0.0,0.0,0.0,0.0,0.0,39.0,9.0,7.0,5.0,59.0,684.233943314839,990.0,966.8929357732592,23.107064226740704,0.3153646327555589,0.1187701829944517,989.56586518425,0.3112492644485423,0.3112492644485423,0.3112492644485423,0.0,22.361680146542177,22.361680146542177,22.361680146542177,22.67292941099072,,0.935440745238818,0.935440745238818,0.935440745238818,0.0,43.02791487203248,43.02791487203248,43.02791487203248,0.0,0.8763322784528,0.8763322784528,0.8763322784528,0.0,0.97763322784528,0.97763322784528,0.97763322784528,0.96,42.06551930379704,42.06551930379704,42.06551930379704,0.0,126.19655791139112,3028.717389873387,0.1686592262204958,5.570996255408808e-05,0.415
1939-06-10,1939-06-21,771.2422,0.8877747482097623,684.6893499137433,0.444,1939,6,10,1939.06,1938,9,253,37,0.0591571598325474,63.544593401095774,0.0928079185240738,0.91,5,Dry,39,9,7,5,59,119.0,0.1738014473497967,565.6893499137433,565.6893499137433,,3,188.5631166379144,188.5631166379144,188.5631166379144,0.0,0.0,0.0,0.0,0.0,0.0,0.0,39.0,9.0,7.0,5.0,59.0,620.6893499137433,990.0,966.6387573996548,23.36124260034512,0.2792528660917641,0.0962757399654973,989.6244713939428,0.2515778902568523,0.2515778902568523,0.2515778902568523,0.0,22.734136104031094,22.734136104031094,22.734136104031094,22.98571399428795,,0.9294211389057622,0.9294211389057622,0.9294211389057622,0.0,39.07387194209667,39.07387194209667,39.07387194209667,0.0,0.7958018725477938,0.7958018725477938,0.7958018725477938,0.0,0.97,0.97,0.97,0.96,37.901655783833775,37.901655783833775,37.901655783833775,0.0,113.70496735150132,2728.919216436032,0.1660679655172463,5.583402473108408e-05,0.445
1939-06-11,1939-06-22,764.3804,0.8926299826267534,682.3088631722309,0.445,1939,6,11,1939.06,1938,9,254,37,0.0589514857780807,2.3804867415124136,0.0034888697333417,0.9,5,Dry,39,9,7,5,59,119.0,0.1744078179590664,563.3088631722309,563.3088631722309,,3,187.7696210574103,187.7696210574103,187.7696210574103,0.0,0.0,0.0,0.0,0.0,0.0,0.0,39.0,9.0,7.0,5.0,59.0,618.3088631722309,990.0,966.6292354526888,23.37076454731107,0.2779000589188053,0.0953235452688923,989.6267763958124,0.2494671920127114,0.2494671920127114,0.2494671920127114,0.0,22.748073751110628,22.748073751110628,22.748073751110628,22.99754094312334,,0.929192530350913,0.929192530350913,0.929192530350913,0.0,38.92372242325619,38.92372242325619,38.92372242325619,0.0,0.7927438375408592,0.7927438375408592,0.7927438375408592,0.0,0.97,0.97,0.97,0.96,37.7560107505585,37.7560107505585,37.7560107505585,0.0,113.2680322516755,2718.4327740402123,0.1660069777271587,5.58545131261537e-05,0.445
1939-06-12,1939-06-23,757.5572,0.8885900059140133,673.1577568282033,0.45,1939,6,12,1939.06,1938,9,255,37,0.0581608301899567,9.15110634402754,0.0135942968066592,0.9,5,Dry,39,9,7,5,59,119.0,0.1767787696018037,554.1577568282033,554.1577568282033,,3,184.71925227606775,184.71925227606775,184.71925227606775,0.0,0.0,0.0,0.0,0.0,0.0,0.0,39.0,9.0,7.0,5.0,59.0,609.1577568282033,990.0,966.5926310273128,23.40736897268721,0.27269957530055,0.0916631027312813,989.635637321968,0.2413756708722548,0.2413756708722548,0.2413756708722548,0.0,22.8016306237831,22.8016306237831,22.8016306237831,23.04300629465536,,0.9283099873823196,0.9283099873823196,0.9283099873823196,0.0,38.345092552408445,38.345092552408445,38.345092552408445,0.0,0.7809591151203349,0.7809591151203349,0.7809591151203349,0.0,0.97,0.97,0.97,0.96,37.19473977583619,37.19473977583619,37.19473977583619,0.0,111.58421932750858,2678.021263860206,0.1657623613419729,5.5932838795347896e-05,0.45
1939-06-13,1939-06-24,710.868,0.8775314292741972,623.8090120652902,0.47,1939,6,13,1939.06,1938,9,256,37,0.053897098642441,49.34874476291317,0.0791087397078965,0.9,5,Dry,39,9,7,5,59,119.0,0.190763515272115,504.8090120652902,504.8090120652902,,3,168.26967068843007,168.26967068843007,168.26967068843007,0.0,0.0,0.0,0.0,0.0,0.0,0.0,39.0,9.0,7.0,5.0,59.0,559.8090120652902,990.0,966.3952360482612,23.60476395173885,0.2446551696218324,0.071923604826116,989.683421225552,0.2003818162384635,0.2003818162384635,0.2003818162384635,0.0,23.08780336105241,23.08780336105241,23.08780336105241,23.28818517729087,,0.9228049086765814,0.9228049086765814,0.9228049086765814,0.0,35.159043787836,35.159043787836,35.159043787836,0.0,0.7160701382451323,0.7160701382451323,0.7160701382451323,0.0,0.97,0.97,0.97,0.96,34.10427247420092,34.10427247420092,34.10427247420092,0.0,102.31281742260276,2455.5076181424665,0.1640130479742,5.629896927861965e-05,0.47
1939-06-14,1939-06-25,710.868,0.8775314292741972,623.8090120652902,0.47,1939,6,14,1939.06,1938,9,257,37,0.053897098642441,0.0,0.0,0.9,5,Dry,39,9,7,5,59,119.0,0.190763515272115,504.8090120652902,504.8090120652902,,3,168.26967068843007,168.26967068843007,168.26967068843007,0.0,0.0,0.0,0.0,0.0,0.0,0.0,39.0,9.0,7.0,5.0,59.0,559.8090120652902,990.0,966.3952360482612,23.60476395173885,0.2446551696218324,0.071923604826116,989.683421225552,0.2003818162384635,0.2003818162384635,0.2003818162384635,0.0,23.08780336105241,23.08780336105241,23.08780336105241,23.28818517729087,,0.9228049086765814,0.9228049086765814,0.9228049086765814,0.0,35.159043787836,35.159043787836,35.159043787836,0.0,0.7160701382451323,0.7160701382451323,0.7160701382451323,0.0,0.97,0.97,0.97,0.96,34.10427247420092,34.10427247420092,34.10427247420092,0.0,102.31281742260276,2455.5076181424665,0.1640130479742,5.629896927861965e-05,0.47
1939-06-15,1939-06-26,710.868,0.8775314292741972,623.8090120652902,0.47,1939,6,15,1939.06,1938,9,258,37,0.053897098642441,0.0,0.0,0.9,5,Dry,39,9,7,5,59,119.0,0.190763515272115,504.8090120652902,504.8090120652902,,3,168.26967068843007,168.26967068843007,168.26967068843007,0.0,0.0,0.0,0.0,0.0,0.0,0.0,39.0,9.0,7.0,5.0,59.0,559.8090120652902,990.0,966.3952360482612,23.60476395173885,0.2446551696218324,0.071923604826116,989.683421225552,0.2003818162384635,0.2003818162384635,0.2003818162384635,0.0,23.08780336105241,23.08780336105241,23.08780336105241,23.28818517729087,,0.9228049086765814,0.9228049086765814,0.9228049086765814,0.0,35.159043787836,35.159043787836,35.159043787836,0.0,0.7160701382451323,0.7160701382451323,0.7160701382451323,0.0,0.97,0.97,0.97,0.96,34.10427247420092,34.10427247420092,34.10427247420092,0.0,102.31281742260276,2455.5076181424665,0.1640130479742,5.629896927861965e-05,0.47
1939-06-16,1939-06-27,691.4282,0.8804892019345739,608.7950640130589,0.48,1939,6,16,1939.06,1938,9,259,37,0.0525998935307282,15.013948052231283,0.024661744057618,0.9,5,Dry,39,9,7,5,59,119.0,0.1954680762612875,489.7950640130589,489.7950640130589,,3,163.2650213376863,163.2650213376863,163.2650213376863,0.0,0.0,0.0,0.0,0.0,0.0,0.0,39.0,9.0,7.0,5.0,59.0,544.7950640130589,990.0,966.3351802560522,23.66481974394776,0.2361228907961226,0.0679590128026117,989.6959180964012,0.1886095490766785,0.1886095490766785,0.1886095490766785,0.0,23.17212829127241,23.17212829127241,23.17212829127241,23.36073784034909,,0.920975553449923,0.920975553449923,0.920975553449923,0.0,34.17007055547722,34.17007055547722,34.17007055547722,0.0,0.6959281172194952,0.6959281172194952,0.6959281172194952,0.0,0.97,0.97,0.97,0.96,33.1449684388129,33.1449684388129,33.1449684388129,0.0,99.43490531643872,2386.437727594529,0.1633306693733407,5.639257939032162e-05,0.48
1939-06-17,1939-06-28,641.2365,0.8794376863729334,563.9275439778775,0.503,1939,6,17,1939.06,1938,9,260,38,0.0487233397996886,44.86752003518143,0.0795625617409841,0.9,5,Dry,39,9,7,5,59,119.0,0.2110200171472175,444.9275439778775,444.9275439778775,,3,148.30918132595914,148.30918132595914,148.30918132595914,0.0,0.0,0.0,0.0,0.0,0.0,0.0,39.0,9.0,7.0,5.0,59.0,499.9275439778775,990.0,966.1376739479005,23.862326052099547,0.2119717042669769,0.0589855087955755,989.7290427869376,0.155683097157995,0.155683097157995,0.155683097157995,0.0,23.43568574187905,23.43568574187905,23.43568574187905,23.591368839037045,,0.9150469122130228,0.9150469122130228,0.9150469122130228,0.0,31.190889683457883,31.190889683457883,31.190889683457883,0.0,0.6352523357119731,0.6352523357119731,0.6352523357119731,0.0,0.97,0.97,0.97,0.96,30.255162992954144,30.255162992954144,30.255162992954144,0.0,90.76548897886244,2178.3717354926985,0.1609523952999591,5.6666835238043614e-05,0.505
1939-06-18,1939-06-29,635.1294,0.8861628436789661,562.8280752081156,0.506,1939,6,18,1939.06,1938,9,261,38,0.0486283456979812,1.09946876976187,0.0019534717939493,0.9,5,Dry,39,9,7,5,59,119.0,0.2114322387986734,443.8280752081156,443.8280752081156,,3,147.94269173603854,147.94269173603854,147.94269173603854,0.0,0.0,0.0,0.0,0.0,0.0,0.0,39.0,9.0,7.0,5.0,59.0,498.8280752081156,990.0,966.1327263384364,23.86727366156356,0.2115836676251009,0.0587656150416231,989.7296507173334,0.1549207988109601,0.1549207988109601,0.1549207988109601,0.0,23.44200358008596,23.44200358008596,23.44200358008596,23.596924378896915,,0.9149022781148236,0.9149022781148236,0.9149022781148236,0.0,31.11728178016701,31.11728178016701,31.11728178016701,0.0,0.6337531930787578,0.6337531930787578,0.6337531930787578,0.0,0.97,0.97,0.97,0.96,30.183763326762,30.183763326762,30.183763326762,0.0,90.551289980286,2173.2309595268634,0.1608862350137793,5.667315230980019e-05,0.505
1939-06-19,1939-06-30,635.1294,0.8861628436789661,562.8280752081156,0.506,1939,6,19,1939.06,1938,9,262,38,0.0486283456979812,0.0,0.0,0.9,5,Dry,39,9,7,5,59,119.0,0.2114322387986734,443.8280752081156,443.8280752081156,,3,147.94269173603854,147.94269173603854,147.94269173603854,0.0,0.0,0.0,0.0,0.0,0.0,0.0,39.0,9.0,7.0,5.0,59.0,498.8280752081156,990.0,966.1327263384364,23.86727366156356,0.2115836676251009,0.0587656150416231,989.7296507173334,0.1549207988109601,0.1549207988109601,0.1549207988109601,0.0,23.44200358008596,23.44200358008596,23.44200358008596,23.596924378896915,,0.9149022781148236,0.9149022781148236,0.9149022781148236,0.0,31.11728178016701,31.11728178016701,31.11728178016701,0.0,0.6337531930787578,0.6337531930787578,0.6337531930787578,0.0,0.97,0.97,0.97,0.96,30.183763326762,30.183763326762,30.183763326762,0.0,90.551289980286,2173.2309595268634,0.1608862350137793,5.667315230980019e-05,0.505
1939-06-20,1939-07-01,599.256,0.8886339443648977,532.5192229643311,0.53,1939,6,20,1939.06,1938,9,263,38,0.0460096608641182,30.30885224378449,0.0569159777464307,0.9,5,Dry,39,9,7,5,59,119.0,0.2234661113970167,413.5192229643311,413.5192229643311,,2,206.75961148216555,206.75961148216555,0.0,0.0,0.0,0.0,0.0,0.0,0.0,0.0,39.0,9.0,7.0,5.0,59.0,468.5192229643311,990.0,965.9963365033394,24.00366349666058,0.2008867332807611,0.0527038445928662,989.7464094221264,0.3024732577575667,0.3024732577575667,0.0,0.0,23.447599661029376,23.447599661029376,23.75007291878694,23.75007291878694,,0.9357308346220584,0.9357308346220584,0.0,0.0,44.48911208150238,44.48911208150238,0.0,0.0,0.9060918957536124,0.9060918957536124,0.0,0.0,0.98,0.98,0.96,0.96,43.599329839872325,43.599329839872325,0.0,0.0,87.19865967974465,2092.767832313872,0.1637474403165073,5.857490671752757e-05,0.53
1939-06-21,1939-07-02,599.256,0.8886339443648977,532.5192229643311,0.53,1939,6,21,1939.06,1938,9,264,38,0.0460096608641182,0.0,0.0,0.9,5,Dry,39,9,7,5,59,119.0,0.2234661113970167,413.5192229643311,413.5192229643311,,2,206.75961148216555,206.75961148216555,0.0,0.0,0.0,0.0,0.0,0.0,0.0,0.0,39.0,9.0,7.0,5.0,59.0,468.5192229643311,990.0,965.9963365033394,24.00366349666058,0.2008867332807611,0.0527038445928662,989.7464094221264,0.3024732577575667,0.3024732577575667,0.0,0.0,23.447599661029376,23.447599661029376,23.75007291878694,23.75007291878694,,0.9357308346220584,0.9357308346220584,0.0,0.0,44.48911208150238,44.48911208150238,0.0,0.0,0.9060918957536124,0.9060918957536124,0.0,0.0,0.98,0.98,0.96,0.96,43.599329839872325,43.599329839872325,0.0,0.0,87.19865967974465,2092.767832313872,0.1637474403165073,5.857490671752757e-05,0.53
1939-06-22,1939-07-03,599.256,0.8886339443648977,532.5192229643311,0.53,1939,6,22,1939.06,1938,9,265,38,0.0460096608641182,0.0,0.0,0.9,5,Dry,39,9,7,5,59,119.0,0.2234661113970167,413.5192229643311,413.5192229643311,,2,206.75961148216555,206.75961148216555,0.0,0.0,0.0,0.0,0.0,0.0,0.0,0.0,39.0,9.0,7.0,5.0,59.0,468.5192229643311,990.0,965.9963365033394,24.00366349666058,0.2008867332807611,0.0527038445928662,989.7464094221264,0.3024732577575667,0.3024732577575667,0.0,0.0,23.447599661029376,23.447599661029376,23.75007291878694,23.75007291878694,,0.9357308346220584,0.9357308346220584,0.0,0.0,44.48911208150238,44.48911208150238,0.0,0.0,0.9060918957536124,0.9060918957536124,0.0,0.0,0.98,0.98,0.96,0.96,43.599329839872325,43.599329839872325,0.0,0.0,87.19865967974465,2092.767832313872,0.1637474403165073,5.857490671752757e-05,0.53
1939-06-23,1939-07-04,593.4044,0.8886647923374786,527.3375978981461,0.532,1939,6,23,1939.06,1938,9,266,38,0.0455619684583998,5.181625066185006,0.009826011054091,0.9,5,Dry,39,9,7,5,59,119.0,0.2256618918778185,408.3375978981461,408.3375978981461,,2,204.16879894907305,204.16879894907305,0.0,0.0,0.0,0.0,0.0,0.0,0.0,0.0,39.0,9.0,7.0,5.0,59.0,463.3375978981461,990.0,965.9730191905415,24.026980809458337,0.1990579770255211,0.0516675195796292,989.7492745033948,0.2949227649943489,0.2949227649943489,0.0,0.0,23.48133254785886,23.48133254785886,23.77625531285321,23.77625531285321,,0.9350743850599768,0.9350743850599768,0.0,0.0,43.96397709817455,43.96397709817455,0.0,0.0,0.8953966822438809,0.8953966822438809,0.0,0.0,0.979539668224388,0.979539668224388,0.96,0.96,43.064459540570496,43.064459540570496,0.0,0.0,86.12891908114099,2067.094057947384,0.163327855674301,5.859048950650156e-05,0.53
1939-06-24,1939-07-05,559.0506,0.8753118667840304,489.3436243127323,0.555,1939,6,24,1939.06,1938,9,267,39,0.04227928914062,37.99397358541381,0.0776427273141141,0.9,5,Dry,39,9,7,5,59,119.0,0.2431828966140751,370.3436243127323,370.3436243127323,,2,185.17181215636612,185.17181215636612,0.0,0.0,0.0,0.0,0.0,0.0,0.0,0.0,39.0,9.0,7.0,5.0,59.0,425.3436243127323,990.0,965.8020463094072,24.19795369059273,0.1856487249147918,0.0440687248625464,989.7702825502226,0.2425570203359339,0.2425570203359339,0.0,0.0,23.72567922047944,23.72567922047944,23.96823624081537,23.96823624081537,,0.9294550129533576,0.9294550129533576,0.0,0.0,40.04613477351233,40.04613477351233,0.0,0.0,0.8156035595420026,0.8156035595420026,0.0,0.0,0.9715603559542002,0.9715603559542002,0.96,0.96,38.90723695514351,38.90723695514351,0.0,0.0,77.81447391028702,1867.5473738468888,0.159018060201714,5.836507022865272e-05,0.555
1939-06-25,1939-07-06,553.45,0.8781733244038457,486.0250263913084,0.5579999999999999,1939,6,25,1939.06,1938,9,268,39,0.041992562280209,3.3185979214239296,0.0068280391774559,0.9,5,Dry,39,9,7,5,59,119.0,0.2448433589594432,367.0250263913084,367.0250263913084,,2,183.5125131956542,183.5125131956542,0.0,0.0,0.0,0.0,0.0,0.0,0.0,0.0,39.0,9.0,7.0,5.0,59.0,422.0250263913084,990.0,965.7871126187608,24.21288738123917,0.1844774887427585,0.0434050052782616,989.7721175059788,0.2382622840447878,0.2382622840447878,0.0,0.0,23.746742603173324,23.746742603173324,23.98500488721811,23.98500488721811,,0.9288837263448458,0.9288837263448458,0.0,0.0,39.69810549651177,39.69810549651177,0.0,0.0,0.8085153868943334,0.8085153868943334,0.0,0.0,0.9708515386894332,0.9708515386894332,0.96,0.96,38.5409668043439,38.5409668043439,0.0,0.0,77.0819336086878,1849.9664066085077,0.1585966347885707,5.8338387534933935e-05,0.56
1939-06-26,1939-07-07,553.45,0.8781733244038457,486.0250263913084,0.5579999999999999,1939,6,26,1939.06,1938,9,269,39,0.041992562280209,0.0,0.0,0.9,5,Dry,39,9,7,5,59,119.0,0.2448433589594432,367.0250263913084,367.0250263913084,,2,183.5125131956542,183.5125131956542,0.0,0.0,0.0,0.0,0.0,0.0,0.0,0.0,39.0,9.0,7.0,5.0,59.0,422.0250263913084,990.0,965.7871126187608,24.21288738123917,0.1844774887427585,0.0434050052782616,989.7721175059788,0.2382622840447878,0.2382622840447878,0.0,0.0,23.746742603173324,23.746742603173324,23.98500488721811,23.98500488721811,,0.9288837263448458,0.9288837263448458,0.0,0.0,39.69810549651177,39.69810549651177,0.0,0.0,0.8085153868943334,0.8085153868943334,0.0,0.0,0.9708515386894332,0.9708515386894332,0.96,0.96,38.5409668043439,38.5409668043439,0.0,0.0,77.0819336086878,1849.9664066085077,0.1585966347885707,5.8338387534933935e-05,0.56
1939-06-27,1939-07-08,531.4016,0.8847902403509693,470.1789493868897,0.5740000000000001,1939,6,27,1939.06,1938,9,270,39,0.0406234612270272,15.846077004418644,0.0337022255570604,0.9,5,Dry,39,9,7,5,59,119.0,0.2530951250692427,351.1789493868897,351.1789493868897,,2,175.58947469344486,175.58947469344486,0.0,0.0,0.0,0.0,0.0,0.0,0.0,0.0,39.0,9.0,7.0,5.0,59.0,406.1789493868897,990.0,965.715805272241,24.28419472775897,0.178884916514413,0.0402357898773779,989.7808792936082,0.2181736867336121,0.2181736867336121,0.0,0.0,23.846900334633585,23.846900334633585,24.065074021367195,24.065074021367195,,0.9261148008110756,0.9261148008110756,0.0,0.0,38.03066685308138,38.03066685308138,0.0,0.0,0.7745553330566471,0.7745553330566471,0.0,0.0,0.97,0.97,0.96,0.96,36.88974684748894,36.88974684748894,0.0,0.0,73.77949369497787,1770.707848679469,0.1569179007082002,5.8358577129810216e-05,0.575
1939-06-28,1939-07-09,531.4016,0.8847902403509693,470.1789493868897,0.5740000000000001,1939,6,28,1939.06,1938,9,271,39,0.0406234612270272,0.0,0.0,0.9,5,Dry,39,9,7,5,59,119.0,0.2530951250692427,351.1789493868897,351.1789493868897,,2,175.58947469344486,175.58947469344486,0.0,0.0,0.0,0.0,0.0,0.0,0.0,0.0,39.0,9.0,7.0,5.0,59.0,406.1789493868897,990.0,965.715805272241,24.28419472775897,0.178884916514413,0.0402357898773779,989.7808792936082,0.2181736867336121,0.2181736867336121,0.0,0.0,23.846900334633585,23.846900334633585,24.065074021367195,24.065074021367195,,0.9261148008110756,0.9261148008110756,0.0,0.0,38.03066685308138,38.03066685308138,0.0,0.0,0.7745553330566471,0.7745553330566471,0.0,0.0,0.97,0.97,0.96,0.96,36.88974684748894,36.88974684748894,0.0,0.0,73.77949369497787,1770.707848679469,0.1569179007082002,5.8358577129810216e-05,0.575
1939-06-29,1939-07-10,531.4016,0.8847902403509693,470.1789493868897,0.5740000000000001,1939,6,29,1939.06,1938,9,272,39,0.0406234612270272,0.0,0.0,0.9,5,Dry,39,9,7,5,59,119.0,0.2530951250692427,351.1789493868897,351.1789493868897,,2,175.58947469344486,175.58947469344486,0.0,0.0,0.0,0.0,0.0,0.0,0.0,0.0,39.0,9.0,7.0,5.0,59.0,406.1789493868897,990.0,965.715805272241,24.28419472775897,0.178884916514413,0.0402357898773779,989.7808792936082,0.2181736867336121,0.2181736867336121,0.0,0.0,23.846900334633585,23.846900334633585,24.065074021367195,24.065074021367195,,0.9261148008110756,0.9261148008110756,0.0,0.0,38.03066685308138,38.03066685308138,0.0,0.0,0.7745553330566471,0.7745553330566471,0.0,0.0,0.97,0.97,0.96,0.96,36.88974684748894,36.88974684748894,0.0,0.0,73.77949369497787,1770.707848679469,0.1569179007082002,5.8358577129810216e-05,0.575
1939-06-30,1939-07-11,520.5884,0.8885427859104034,462.56506724863937,0.581,1939,6,30,1939.06,1938,9,273,39,0.0399656218102824,7.613882138250346,0.0164601321572727,0.9,5,Dry,39,9,7,5,59,119.0,0.2572611042762439,343.56506724863937,343.56506724863937,,2,171.78253362431968,171.78253362431968,0.0,0.0,0.0,0.0,0.0,0.0,0.0,0.0,39.0,9.0,7.0,5.0,59.0,398.56506724863937,990.0,965.6815428026188,24.31845719738112,0.1761977412732222,0.0387130134497278,989.785089245277,0.20884938204334,0.20884938204334,0.0,0.0,23.89469706061483,23.89469706061483,24.10354644265817,24.10354644265817,,0.9247860479650412,0.9247860479650412,0.0,0.0,37.22721103609346,37.22721103609346,0.0,0.0,0.7581916707962008,0.7581916707962008,0.0,0.0,0.97,0.97,0.96,0.96,36.110394705010656,36.110394705010656,0.0,0.0,72.22078941002131,1733.2989458405114,0.1561310927338163,5.8391647766547e-05,0.58
1939-07-01,1939-07-12,488.9841,0.8998924733267547,440.0331111664572,0.609,1939,7,1,1939.07,1938,10,274,40,0.0380188608047818,22.53195608218215,0.0512051377735042,0.87,4,Mod_Dry,42,9,8,6,70,135.0,0.3067950946739818,305.0331111664572,305.0331111664572,,2,152.5165555832286,152.5165555832286,0.0,0.0,0.0,0.0,0.0,0.0,0.0,0.0,42.0,9.0,8.0,6.0,70.0,364.0331111664572,990.0,965.580149000249,24.41985099975102,0.1640103425548008,0.0310066222332914,989.804983035212,0.1646357600597738,0.1646357600597738,0.0,0.0,24.06019827490324,24.06019827490324,24.22483403496301,24.22483403496301,,0.9174062662544012,0.9174062662544012,0.0,0.0,33.015402200031524,33.015402200031524,0.0,0.0,0.672411450102475,0.672411450102475,0.0,0.0,0.97,0.97,0.96,0.96,32.02494013403058,32.02494013403058,0.0,0.0,64.04988026806116,1537.197126433468,0.1455569561533112,5.832689225034929e-05,0.61
1939-07-02,1939-07-13,483.8375,0.9000891520783358,435.49688511870175,0.611,1939,7,2,1939.07,1938,10,275,40,0.0376269308742558,4.536226047755463,0.0104162077910592,0.87,4,Mod_Dry,42,9,8,6,70,135.0,0.3099907361293837,300.4968851187017,300.4968851187017,,2,150.24844255935088,150.24844255935088,0.0,0.0,0.0,0.0,0.0,0.0,0.0,0.0,42.0,9.0,8.0,6.0,70.0,359.4968851187017,990.0,965.559735983034,24.440264016965894,0.162409367637848,0.0300993770237403,989.8074912553384,0.1597366359281979,0.1597366359281979,0.0,0.0,24.088018636376205,24.088018636376205,24.247755272304403,24.247755272304403,,0.9165102756915808,0.9165102756915808,0.0,0.0,32.53022711801651,32.53022711801651,0.0,0.0,0.66253008386999,0.66253008386999,0.0,0.0,0.97,0.97,0.96,0.96,31.55432030447601,31.55432030447601,0.0,0.0,63.10864060895203,1514.6073746148486,0.1449118070999537,5.833730336341548e-05,0.61
1939-07-03,1939-07-14,483.8375,0.9000891520783358,435.49688511870175,0.611,1939,7,3,1939.07,1938,10,276,40,0.0376269308742558,0.0,0.0,0.87,4,Mod_Dry,42,9,8,6,70,135.0,0.3099907361293837,300.4968851187017,300.4968851187017,,2,150.24844255935088,150.24844255935088,0.0,0.0,0.0,0.0,0.0,0.0,0.0,0.0,42.0,9.0,8.0,6.0,70.0,359.4968851187017,990.0,965.559735983034,24.440264016965894,0.162409367637848,0.0300993770237403,989.8074912553384,0.1597366359281979,0.1597366359281979,0.0,0.0,24.088018636376205,24.088018636376205,24.247755272304403,24.247755272304403,,0.9165102756915808,0.9165102756915808,0.0,0.0,32.53022711801651,32.53022711801651,0.0,0.0,0.66253008386999,0.66253008386999,0.0,0.0,0.97,0.97,0.96,0.96,31.55432030447601,31.55432030447601,0.0,0.0,63.10864060895203,1514.6073746148486,0.1449118070999537,5.833730336341548e-05,0.61
1939-07-04,1939-07-15,473.647,0.9007401735700734,426.6328809909446,0.62,1939,7,4,1939.07,1938,10,277,40,0.0368610809176176,8.86400412775714,0.0207766548775345,0.87,4,Mod_Dry,42,9,8,6,70,135.0,0.3164313066691768,291.6328809909446,291.6328809909446,,2,145.8164404954723,145.8164404954723,0.0,0.0,0.0,0.0,0.0,0.0,0.0,0.0,42.0,9.0,8.0,6.0,70.0,350.6328809909446,990.0,965.5198479644592,24.480152035540755,0.159280985559242,0.0283265761981889,989.8123924382426,0.1504981962305824,0.1504981962305824,0.0,0.0,24.14204627755274,24.14204627755274,24.292544473783323,24.292544473783323,,0.9147625750391928,0.9147625750391928,0.0,0.0,31.58112949576,31.58112949576,0.0,0.0,0.6432001933963339,0.6432001933963339,0.0,0.0,0.97,0.97,0.96,0.96,30.633695610887195,30.633695610887195,0.0,0.0,61.26739122177439,1470.4173893225852,0.1436068197075387,5.835665623848039e-05,0.62
1939-07-05,1939-07-16,473.647,0.9007401735700734,426.6328809909446,0.62,1939,7,5,1939.07,1938,10,278,40,0.0368610809176176,0.0,0.0,0.87,4,Mod_Dry,42,9,8,6,70,135.0,0.3164313066691768,291.6328809909446,291.6328809909446,,2,145.8164404954723,145.8164404954723,0.0,0.0,0.0,0.0,0.0,0.0,0.0,0.0,42.0,9.0,8.0,6.0,70.0,350.6328809909446,990.0,965.5198479644592,24.480152035540755,0.159280985559242,0.0283265761981889,989.8123924382426,0.1504981962305824,0.1504981962305824,0.0,0.0,24.14204627755274,24.14204627755274,24.292544473783323,24.292544473783323,,0.9147625750391928,0.9147625750391928,0.0,0.0,31.58112949576,31.58112949576,0.0,0.0,0.6432001933963339,0.6432001933963339,0.0,0.0,0.97,0.97,0.96,0.96,30.633695610887195,30.633695610887195,0.0,0.0,61.26739122177439,1470.4173893225852,0.1436068197075387,5.835665623848039e-05,0.62
1939-07-06,1939-07-17,473.647,0.9007401735700734,426.6328809909446,0.62,1939,7,6,1939.07,1938,10,279,40,0.0368610809176176,0.0,0.0,0.87,4,Mod_Dry,42,9,8,6,70,135.0,0.3164313066691768,291.6328809909446,291.6328809909446,,2,145.8164404954723,145.8164404954723,0.0,0.0,0.0,0.0,0.0,0.0,0.0,0.0,42.0,9.0,8.0,6.0,70.0,350.6328809909446,990.0,965.5198479644592,24.480152035540755,0.159280985559242,0.0283265761981889,989.8123924382426,0.1504981962305824,0.1504981962305824,0.0,0.0,24.14204627755274,24.14204627755274,24.292544473783323,24.292544473783323,,0.9147625750391928,0.9147625750391928,0.0,0.0,31.58112949576,31.58112949576,0.0,0.0,0.6432001933963339,0.6432001933963339,0.0,0.0,0.97,0.97,0.96,0.96,30.633695610887195,30.633695610887195,0.0,0.0,61.26739122177439,1470.4173893225852,0.1436068197075387,5.835665623848039e-05,0.62
1939-07-07,1939-07-18,468.6029,0.9015518661337044,422.4698189706656,0.626,1939,7,7,1939.07,1938,10,280,40,0.0365013923590655,4.163062020279028,0.00985410515341,0.87,4,Mod_Dry,42,9,8,6,70,135.0,0.3195494540389257,287.4698189706656,287.4698189706656,,2,143.7349094853328,143.7349094853328,0.0,0.0,0.0,0.0,0.0,0.0,0.0,0.0,42.0,9.0,8.0,6.0,70.0,346.4698189706656,990.0,965.501114185368,24.49888581463199,0.1578117118056814,0.0274939637941331,989.8146943244002,0.1462445171603722,0.1462445171603722,0.0,0.0,24.16733562187181,24.16733562187181,24.313580139032183,24.313580139032183,,0.9138553162936232,0.9138553162936232,0.0,0.0,31.13201100662628,31.13201100662628,0.0,0.0,0.6340531773243642,0.6340531773243642,0.0,0.0,0.97,0.97,0.96,0.96,30.19805067642749,30.19805067642749,0.0,0.0,60.39610135285498,1449.5064324685195,0.1429595645435884,5.83598475843805e-05,0.625
1939-07-08,1939-07-19,463.5928,0.9065907191323836,420.28892993659525,0.63,1939,7,8,1939.07,1938,10,281,41,0.0363129635465218,2.180889034070333,0.0051890232616865,0.87,4,Mod_Dry,42,9,8,6,70,135.0,0.321207603589193,285.28892993659525,285.28892993659525,,2,142.64446496829763,142.64446496829763,0.0,0.0,0.0,0.0,0.0,0.0,0.0,0.0,42.0,9.0,8.0,6.0,70.0,344.28892993659525,990.0,965.4913001847146,24.508699815285357,0.1570420083994917,0.027057785987319,989.8159002056132,0.1440418192359611,0.1440418192359611,0.0,0.0,24.180558201662667,24.180558201662667,24.32460002089863,24.32460002089863,,0.9133510568362008,0.9133510568362008,0.0,0.0,30.89567455389808,30.89567455389808,0.0,0.0,0.6292398076150322,0.6292398076150322,0.0,0.0,0.97,0.97,0.96,0.96,29.968804317281137,29.968804317281137,0.0,0.0,59.937608634562274,1438.5026072294943,0.1426104861805531,5.835955757387126e-05,0.63
1939-07-09,1939-07-20,463.5928,0.9065907191323836,420.28892993659525,0.63,1939,7,9,1939.07,1938,10,282,41,0.0363129635465218,0.0,0.0,0.87,4,Mod_Dry,42,9,8,6,70,135.0,0.321207603589193,285.28892993659525,285.28892993659525,,2,142.64446496829763,142.64446496829763,0.0,0.0,0.0,0.0,0.0,0.0,0.0,0.0,42.0,9.0,8.0,6.0,70.0,344.28892993659525,990.0,965.4913001847146,24.508699815285357,0.1570420083994917,0.027057785987319,989.8159002056132,0.1440418192359611,0.1440418192359611,0.0,0.0,24.180558201662667,24.180558201662667,24.32460002089863,24.32460002089863,,0.9133510568362008,0.9133510568362008,0.0,0.0,30.89567455389808,30.89567455389808,0.0,0.0,0.6292398076150322,0.6292398076150322,0.0,0.0,0.97,0.97,0.96,0.96,29.968804317281137,29.968804317281137,0.0,0.0,59.937608634562274,1438.5026072294943,0.1426104861805531,5.835955757387126e-05,0.63
1939-07-10,1939-07-21,458.6166,0.911126574868046,417.8577719356288,0.633,1939,7,10,1939.07,1938,10,283,41,0.0361029114952383,2.4311580009666045,0.0058181471406044,0.87,4,Mod_Dry,42,9,8,6,70,135.0,0.3230764366895557,282.8577719356288,282.8577719356288,,2,141.4288859678144,141.4288859678144,0.0,0.0,0.0,0.0,0.0,0.0,0.0,0.0,42.0,9.0,8.0,6.0,70.0,341.8577719356288,990.0,965.4803599737104,24.51964002628972,0.1561839773098325,0.0265715543871257,989.817244468303,0.1415863496549851,0.1415863496549851,0.0,0.0,24.195298144937723,24.195298144937723,24.33688449459271,24.33688449459271,,0.9127896616420368,0.9127896616420368,0.0,0.0,30.632222688366664,30.632222688366664,0.0,0.0,0.6238741891724371,0.6238741891724371,0.0,0.0,0.97,0.97,0.96,0.96,29.713256007715664,29.713256007715664,0.0,0.0,59.42651201543133,1426.2362883703518,0.1422170796061823,5.835923947137495e-05,0.635
1939-07-11,1939-07-22,453.6742,0.9119592484433596,413.7323824701425,0.64,1939,7,11,1939.07,1938,10,284,41,0.0357464778454203,4.125389465486137,0.0099711543990247,0.87,4,Mod_Dry,42,9,8,6,70,135.0,0.3262978817224741,278.7323824701425,278.7323824701425,,2,139.36619123507126,139.36619123507126,0.0,0.0,0.0,0.0,0.0,0.0,0.0,0.0,42.0,9.0,8.0,6.0,70.0,337.7323824701425,990.0,965.4617957211155,24.538204278884336,0.1547279993697181,0.0257464764940285,989.8195255241362,0.1374704109960382,0.1374704109960382,0.0,0.0,24.220259392024523,24.220259392024523,24.35772980302056,24.35772980302056,,0.9118387429875696,0.9118387429875696,0.0,0.0,30.185123822378376,30.185123822378376,0.0,0.0,0.6147683059547531,0.6147683059547531,0.0,0.0,0.97,0.97,0.96,0.96,29.279570107707023,29.279570107707023,0.0,0.0,58.55914021541405,1405.419365169937,0.1415386919094737,5.835858644575483e-05,0.64
1939-07-12,1939-07-23,453.6742,0.9119592484433596,413.7323824701425,0.64,1939,7,12,1939.07,1938,10,285,41,0.0357464778454203,0.0,0.0,0.87,4,Mod_Dry,42,9,8,6,70,135.0,0.3262978817224741,278.7323824701425,278.7323824701425,,2,139.36619123507126,139.36619123507126,0.0,0.0,0.0,0.0,0.0,0.0,0.0,0.0,42.0,9.0,8.0,6.0,70.0,337.7323824701425,990.0,965.4617957211155,24.538204278884336,0.1547279993697181,0.0257464764940285,989.8195255241362,0.1374704109960382,0.1374704109960382,0.0,0.0,24.220259392024523,24.220259392024523,24.35772980302056,24.35772980302056,,0.9118387429875696,0.9118387429875696,0.0,0.0,30.185123822378376,30.185123822378376,0.0,0.0,0.6147683059547531,0.6147683059547531,0.0,0.0,0.97,0.97,0.96,0.96,29.279570107707023,29.279570107707023,0.0,0.0,58.55914021541405,1405.419365169937,0.1415386919094737,5.835858644575483e-05,0.64
1939-07-13,1939-07-24,453.6742,0.9119592484433596,413.7323824701425,0.64,1939,7,13,1939.07,1938,10,286,41,0.0357464778454203,0.0,0.0,0.87,4,Mod_Dry,42,9,8,6,70,135.0,0.3262978817224741,278.7323824701425,278.7323824701425,,2,139.36619123507126,139.36619123507126,0.0,0.0,0.0,0.0,0.0,0.0,0.0,0.0,42.0,9.0,8.0,6.0,70.0,337.7323824701425,990.0,965.4617957211155,24.538204278884336,0.1547279993697181,0.0257464764940285,989.8195255241362,0.1374704109960382,0.1374704109960382,0.0,0.0,24.220259392024523,24.220259392024523,24.35772980302056,24.35772980302056,,0.9118387429875696,0.9118387429875696,0.0,0.0,30.185123822378376,30.185123822378376,0.0,0.0,0.6147683059547531,0.6147683059547531,0.0,0.0,0.97,0.97,0.96,0.96,29.279570107707023,29.279570107707023,0.0,0.0,58.55914021541405,1405.419365169937,0.1415386919094737,5.835858644575483e-05,0.64
1939-07-14,1939-07-25,448.7655,0.9091709283658698,408.00454625357366,0.643,1939,7,14,1939.07,1938,10,287,41,0.0352515927963087,5.727836216568846,0.0140386578266434,0.87,4,Mod_Dry,42,9,8,6,70,135.0,0.3308786660335345,273.00454625357366,273.00454625357366,,2,136.50227312678683,136.50227312678683,0.0,0.0,0.0,0.0,0.0,0.0,0.0,0.0,42.0,9.0,8.0,6.0,70.0,332.00454625357366,990.0,965.436020458141,24.563979541859,0.1527064682523088,0.0246009092507147,989.822692622497,0.1319144098659664,0.1319144098659664,0.0,0.0,24.254757754490047,24.254757754490047,24.38667216435601,24.38667216435601,,0.9105219277131082,0.9105219277131082,0.0,0.0,29.56418653007607,29.56418653007607,0.0,0.0,0.6021219252561317,0.6021219252561317,0.0,0.0,0.97,0.97,0.96,0.96,28.677260934173788,28.677260934173788,0.0,0.0,57.354521868347575,1376.5085248403418,0.1405732421243706,5.83573125382999e-05,0.645
1939-07-15,1939-07-26,434.2405,0.9023039355474278,391.8169121240828,0.66,1939,7,15,1939.07,1938,10,288,42,0.0338529812075207,16.187634129490846,0.0413142813099513,0.87,4,Mod_Dry,42,9,8,6,70,135.0,0.3445486803215054,256.8169121240828,256.8169121240828,,2,128.4084560620414,128.4084560620414,0.0,0.0,0.0,0.0,0.0,0.0,0.0,0.0,42.0,9.0,8.0,6.0,70.0,315.8169121240828,990.0,965.3590845606204,24.64091543937957,0.1469933499170916,0.0213633824248165,989.831643267658,0.1167352209116745,0.1167352209116745,0.0,0.0,24.35582348612592,24.35582348612592,24.472558707037592,24.472558707037592,,0.906828456288633,0.906828456288633,0.0,0.0,27.813797053960936,27.813797053960936,0.0,0.0,0.566472445090854,0.566472445090854,0.0,0.0,0.97,0.97,0.96,0.96,26.979383142342108,26.979383142342108,0.0,0.0,53.958766284684216,1295.0103908324213,0.1377142349271443,5.836276928268744e-05,0.66
1939-07-16,1939-07-27,429.4657,0.9060885103777592,389.1339363713416,0.6629999999999999,1939,7,16,1939.07,1938,10,289,42,0.0336211721024839,2.6829757527411857,0.0068947359815487,0.87,4,Mod_Dry,42,9,8,6,70,135.0,0.3469242525051133,254.1339363713416,254.1339363713416,,2,127.0669681856708,127.0669681856708,0.0,0.0,0.0,0.0,0.0,0.0,0.0,0.0,42.0,9.0,8.0,6.0,70.0,313.1339363713416,990.0,965.3456696818566,24.65433031814337,0.1460464445297253,0.0208267872742683,989.833126768196,0.1143205427342074,0.1143205427342074,0.0,0.0,24.37313654360521,24.37313654360521,24.48745708633942,24.48745708633942,,0.9062205025756632,0.9062205025756632,0.0,0.0,27.524324689280803,27.524324689280803,0.0,0.0,0.5605768775820937,0.5605768775820937,0.0,0.0,0.97,0.97,0.96,0.96,26.698594948602377,26.698594948602377,0.0,0.0,53.397189897204754,1281.532557532914,0.137220594007121,5.8365100548988285e-05,0.665
1939-07-17,1939-07-28,429.4657,0.9060885103777592,389.1339363713416,0.6629999999999999,1939,7,17,1939.07,1938,10,290,42,0.0336211721024839,0.0,0.0,0.87,4,Mod_Dry,42,9,8,6,70,135.0,0.3469242525051133,254.1339363713416,254.1339363713416,,2,127.0669681856708,127.0669681856708,0.0,0.0,0.0,0.0,0.0,0.0,0.0,0.0,42.0,9.0,8.0,6.0,70.0,313.1339363713416,990.0,965.3456696818566,24.65433031814337,0.1460464445297253,0.0208267872742683,989.833126768196,0.1143205427342074,0.1143205427342074,0.0,0.0,24.37313654360521,24.37313654360521,24.48745708633942,24.48745708633942,,0.9062205025756632,0.9062205025756632,0.0,0.0,27.524324689280803,27.524324689280803,0.0,0.0,0.5605768775820937,0.5605768775820937,0.0,0.0,0.97,0.97,0.96,0.96,26.698594948602377,26.698594948602377,0.0,0.0,53.397189897204754,1281.532557532914,0.137220594007121,5.8365100548988285e-05,0.665
1939-07-18,1939-07-29,424.724,0.9100759486875,386.53109723034976,0.6709999999999999,1939,7,18,1939.07,1938,10,291,42,0.0333962868007022,2.6028391409918754,0.0067338414933294,0.87,4,Mod_Dry,42,9,8,6,70,135.0,0.3492603854316745,251.53109723034976,251.53109723034976,,2,125.76554861517488,125.76554861517488,0.0,0.0,0.0,0.0,0.0,0.0,0.0,0.0,42.0,9.0,8.0,6.0,70.0,310.53109723034976,990.0,965.3326554861516,24.66734451384832,0.1451278218390301,0.0203062194460699,989.8345659587148,0.1119779875073147,0.1119779875073147,0.0,0.0,24.38993248505585,24.38993248505585,24.501910472563168,24.501910472563168,,0.9056316619498196,0.9056316619498196,0.0,0.0,27.24348016007175,27.24348016007175,0.0,0.0,0.5548570297366955,0.5548570297366955,0.0,0.0,0.97,0.97,0.96,0.96,26.4261757552696,26.4261757552696,0.0,0.0,52.8523515105392,1268.4564362529406,0.1367350567373426,5.836737053423912e-05,0.67
1939-07-19,1939-07-30,424.724,0.9100759486875,386.53109723034976,0.6709999999999999,1939,7,19,1939.07,1938,10,292,42,0.0333962868007022,0.0,0.0,0.87,4,Mod_Dry,42,9,8,6,70,135.0,0.3492603854316745,251.53109723034976,251.53109723034976,,2,125.76554861517488,125.76554861517488,0.0,0.0,0.0,0.0,0.0,0.0,0.0,0.0,42.0,9.0,8.0,6.0,70.0,310.53109723034976,990.0,965.3326554861516,24.66734451384832,0.1451278218390301,0.0203062194460699,989.8345659587148,0.1119779875073147,0.1119779875073147,0.0,0.0,24.38993248505585,24.38993248505585,24.501910472563168,24.501910472563168,,0.9056316619498196,0.9056316619498196,0.0,0.0,27.24348016007175,27.24348016007175,0.0,0.0,0.5548570297366955,0.5548570297366955,0.0,0.0,0.97,0.97,0.96,0.96,26.4261757552696,26.4261757552696,0.0,0.0,52.8523515105392,1268.4564362529406,0.1367350567373426,5.836737053423912e-05,0.67
1939-07-20,1939-07-31,424.724,0.9100759486875,386.53109723034976,0.6709999999999999,1939,7,20,1939.07,1938,10,293,42,0.0333962868007022,0.0,0.0,0.87,4,Mod_Dry,42,9,8,6,70,135.0,0.3492603854316745,251.53109723034976,251.53109723034976,,2,125.76554861517488,125.76554861517488,0.0,0.0,0.0,0.0,0.0,0.0,0.0,0.0,42.0,9.0,8.0,6.0,70.0,310.53109723034976,990.0,965.3326554861516,24.66734451384832,0.1451278218390301,0.0203062194460699,989.8345659587148,0.1119779875073147,0.1119779875073147,0.0,0.0,24.38993248505585,24.38993248505585,24.501910472563168,24.501910472563168,,0.9056316619498196,0.9056316619498196,0.0,0.0,27.24348016007175,27.24348016007175,0.0,0.0,0.5548570297366955,0.5548570297366955,0.0,0.0,0.97,0.97,0.96,0.96,26.4261757552696,26.4261757552696,0.0,0.0,52.8523515105392,1268.4564362529406,0.1367350567373426,5.836737053423912e-05,0.67
1939-07-21,1939-08-01,420.0154,0.9067213782142306,380.8369423592014,0.675,1939,7,21,1939.07,1938,10,294,42,0.032904311819835,5.694154871148385,0.0149516872913492,0.87,4,Mod_Dry,42,9,8,6,70,135.0,0.354482417497905,245.83694235920137,245.83694235920137,,2,122.91847117960069,122.91847117960069,0.0,0.0,0.0,0.0,0.0,0.0,0.0,0.0,42.0,9.0,8.0,6.0,70.0,304.8369423592014,990.0,965.304184711796,24.695815288204017,0.1431181779134451,0.0191673884718402,989.8377144336148,0.1069781398525052,0.1069781398525052,0.0,0.0,24.42655158196619,24.42655158196619,24.53352972181869,24.53352972181869,,0.9036002892182212,0.9036002892182212,0.0,0.0,26.60690570814384,26.60690570814384,0.0,0.0,0.5418921732819519,0.5418921732819519,0.0,0.0,0.97,0.97,0.96,0.96,25.808698536899527,25.808698536899527,0.0,0.0,51.617397073799054,1238.8175297711773,0.1355367385160709,5.832388621594167e-05,0.675
1939-07-22,1939-08-02,415.3399,0.9079714249478594,377.11676084070143,0.68,1939,7,22,1939.07,1938,10,295,43,0.0325828881366366,3.720181518499942,0.0098648002549836,0.87,4,Mod_Dry,42,9,8,6,70,135.0,0.3579793157404255,242.11676084070143,242.11676084070143,,2,121.05838042035072,121.05838042035072,0.0,0.0,0.0,0.0,0.0,0.0,0.0,0.0,42.0,9.0,8.0,6.0,70.0,301.11676084070143,990.0,965.2855838042036,24.714416195796503,0.1418052104301389,0.0184233521681402,989.8397714374016,0.1037415819314102,0.1037415819314102,0.0,0.0,24.45044605126683,24.45044605126683,24.55418763319824,24.55418763319824,,0.90209043778219,0.90209043778219,0.0,0.0,26.18607603545156,26.18607603545156,0.0,0.0,0.5333213041843494,0.5333213041843494,0.0,0.0,0.97,0.97,0.96,0.96,25.40049375438801,25.40049375438801,0.0,0.0,50.800987508776025,1219.2237002106249,0.1347089092394781,5.828338926270748e-05,0.68
1939-07-23,1939-08-03,415.3399,0.9079714249478594,377.11676084070143,0.68,1939,7,23,1939.07,1938,10,296,43,0.0325828881366366,0.0,0.0,0.87,4,Mod_Dry,42,9,8,6,70,135.0,0.3579793157404255,242.11676084070143,242.11676084070143,,2,121.05838042035072,121.05838042035072,0.0,0.0,0.0,0.0,0.0,0.0,0.0,0.0,42.0,9.0,8.0,6.0,70.0,301.11676084070143,990.0,965.2855838042036,24.714416195796503,0.1418052104301389,0.0184233521681402,989.8397714374016,0.1037415819314102,0.1037415819314102,0.0,0.0,24.45044605126683,24.45044605126683,24.55418763319824,24.55418763319824,,0.90209043778219,0.90209043778219,0.0,0.0,26.18607603545156,26.18607603545156,0.0,0.0,0.5333213041843494,0.5333213041843494,0.0,0.0,0.97,0.97,0.96,0.96,25.40049375438801,25.40049375438801,0.0,0.0,50.800987508776025,1219.2237002106249,0.1347089092394781,5.828338926270748e-05,0.68
1939-07-24,1939-08-04,415.3399,0.9079714249478594,377.11676084070143,0.68,1939,7,24,1939.07,1938,10,297,43,0.0325828881366366,0.0,0.0,0.87,4,Mod_Dry,42,9,8,6,70,135.0,0.3579793157404255,242.11676084070143,242.11676084070143,,2,121.05838042035072,121.05838042035072,0.0,0.0,0.0,0.0,0.0,0.0,0.0,0.0,42.0,9.0,8.0,6.0,70.0,301.11676084070143,990.0,965.2855838042036,24.714416195796503,0.1418052104301389,0.0184233521681402,989.8397714374016,0.1037415819314102,0.1037415819314102,0.0,0.0,24.45044605126683,24.45044605126683,24.55418763319824,24.55418763319824,,0.90209043778219,0.90209043778219,0.0,0.0,26.18607603545156,26.18607603545156,0.0,0.0,0.5333213041843494,0.5333213041843494,0.0,0.0,0.97,0.97,0.96,0.96,25.40049375438801,25.40049375438801,0.0,0.0,50.800987508776025,1219.2237002106249,0.1347089092394781,5.828338926270748e-05,0.68
1939-07-25,1939-08-05,406.0875,0.9120318780949216,370.3647452958713,0.6890000000000001,1939,7,25,1939.07,1938,10,298,43,0.0319995139935632,6.752015544830102,0.0182307188537509,0.87,4,Mod_Dry,42,9,8,6,70,135.0,0.3645055360011474,235.36474529587127,235.36474529587127,,2,117.68237264793564,117.68237264793564,0.0,0.0,0.0,0.0,0.0,0.0,0.0,0.0,42.0,9.0,8.0,6.0,70.0,294.3647452958713,990.0,965.2518237264792,24.7481762735207,0.1394222146507517,0.0170729490591742,989.84350483629,0.0980527385955731,0.0980527385955731,0.0,0.0,24.49362837121522,24.49362837121522,24.591681109810796,24.591681109810796,,0.8993409114186315,0.8993409114186315,0.0,0.0,25.423046374038915,25.423046374038915,0.0,0.0,0.5177809852146419,0.5177809852146419,0.0,0.0,0.97,0.97,0.96,0.96,24.660354982817747,24.660354982817747,0.0,0.0,49.32070996563549,1183.6970391752518,0.1331679394220822,5.820836589377199e-05,0.69
1939-07-26,1939-08-06,406.0875,0.9120318780949216,370.3647452958713,0.6890000000000001,1939,7,26,1939.07,1938,10,299,43,0.0319995139935632,0.0,0.0,0.87,4,Mod_Dry,42,9,8,6,70,135.0,0.3645055360011474,235.36474529587127,235.36474529587127,,2,117.68237264793564,117.68237264793564,0.0,0.0,0.0,0.0,0.0,0.0,0.0,0.0,42.0,9.0,8.0,6.0,70.0,294.3647452958713,990.0,965.2518237264792,24.7481762735207,0.1394222146507517,0.0170729490591742,989.84350483629,0.0980527385955731,0.0980527385955731,0.0,0.0,24.49362837121522,24.49362837121522,24.591681109810796,24.591681109810796,,0.8993409114186315,0.8993409114186315,0.0,0.0,25.423046374038915,25.423046374038915,0.0,0.0,0.5177809852146419,0.5177809852146419,0.0,0.0,0.97,0.97,0.96,0.96,24.660354982817747,24.660354982817747,0.0,0.0,49.32070996563549,1183.6970391752518,0.1331679394220822,5.820836589377199e-05,0.69
1939-07-27,1939-08-07,406.0875,0.9120318780949216,370.3647452958713,0.6890000000000001,1939,7,27,1939.07,1938,10,300,43,0.0319995139935632,0.0,0.0,0.87,4,Mod_Dry,42,9,8,6,70,135.0,0.3645055360011474,235.36474529587127,235.36474529587127,,2,117.68237264793564,117.68237264793564,0.0,0.0,0.0,0.0,0.0,0.0,0.0,0.0,42.0,9.0,8.0,6.0,70.0,294.3647452958713,990.0,965.2518237264792,24.7481762735207,0.1394222146507517,0.0170729490591742,989.84350483629,0.0980527385955731,0.0980527385955731,0.0,0.0,24.49362837121522,24.49362837121522,24.591681109810796,24.591681109810796,,0.8993409114186315,0.8993409114186315,0.0,0.0,25.423046374038915,25.423046374038915,0.0,0.0,0.5177809852146419,0.5177809852146419,0.0,0.0,0.97,0.97,0.96,0.96,24.660354982817747,24.660354982817747,0.0,0.0,49.32070996563549,1183.6970391752518,0.1331679394220822,5.820836589377199e-05,0.69
1939-07-28,1939-08-08,401.5105,0.9082764151386006,364.6825175805071,0.6940000000000001,1939,7,28,1939.07,1938,10,301,43,0.0315085695189558,5.682227715364206,0.0155813000114813,0.87,4,Mod_Dry,42,9,8,6,70,135.0,0.3701850061134271,229.68251758050712,229.68251758050712,,2,114.84125879025356,114.84125879025356,0.0,0.0,0.0,0.0,0.0,0.0,0.0,0.0,42.0,9.0,8.0,6.0,70.0,288.6825175805071,990.0,965.2234125879024,24.776587412097456,0.1374167801885047,0.0159365035161014,989.8466467162956,0.0933460140644057,0.0933460140644057,0.0,0.0,24.52988811432853,24.52988811432853,24.623234128392937,24.623234128392937,,0.8970180070772038,0.8970180070772038,0.0,0.0,24.78182993596541,24.78182993596541,0.0,0.0,0.5047215872905378,0.5047215872905378,0.0,0.0,0.97,0.97,0.96,0.96,24.038375037886446,24.038375037886446,0.0,0.0,48.07675007577289,1153.8420018185493,0.1318317927460273,5.814396733153536e-05,0.695
1939-07-29,1939-08-09,387.9749,0.9026852126280548,350.2192051008483,0.7090000000000001,1939,7,29,1939.07,1938,10,302,44,0.0302589393207132,14.46331247965884,0.0412978850645669,0.87,4,Mod_Dry,42,9,8,6,70,135.0,0.3854728639485253,215.21920510084828,215.21920510084828,,1,215.21920510084828,0.0,0.0,0.0,0.0,0.0,0.0,0.0,0.0,0.0,42.0,9.0,8.0,6.0,70.0,274.2192051008483,990.0,965.1510960255042,24.848903974495784,0.1323122284637422,0.0130438410201696,989.854643930516,0.3276751517106127,0.0,0.0,0.0,24.375872753301262,24.703547905011877,24.703547905011877,24.703547905011877,,0.938667215248222,0.0,0.0,0.0,48.29381856684904,0.0,0.0,0.0,0.983580826208738,0.0,0.0,0.0,0.98,0.96,0.96,0.96,47.32794219551206,0.0,0.0,0.0,47.32794219551206,1135.8706126922891,0.1351380549844021,6.108493247014899e-05,0.71
1939-07-30,1939-08-10,387.9749,0.9026852126280548,350.2192051008483,0.7090000000000001,1939,7,30,1939.07,1938,10,303,44,0.0302589393207132,0.0,0.0,0.87,4,Mod_Dry,42,9,8,6,70,135.0,0.3854728639485253,215.21920510084828,215.21920510084828,,1,215.21920510084828,0.0,0.0,0.0,0.0,0.0,0.0,0.0,0.0,0.0,42.0,9.0,8.0,6.0,70.0,274.2192051008483,990.0,965.1510960255042,24.848903974495784,0.1323122284637422,0.0130438410201696,989.854643930516,0.3276751517106127,0.0,0.0,0.0,24.375872753301262,24.703547905011877,24.703547905011877,24.703547905011877,,0.938667215248222,0.0,0.0,0.0,48.29381856684904,0.0,0.0,0.0,0.983580826208738,0.0,0.0,0.0,0.98,0.96,0.96,0.96,47.32794219551206,0.0,0.0,0.0,47.32794219551206,1135.8706126922891,0.1351380549844021,6.108493247014899e-05,0.71
1939-07-31,1939-08-11,383.5279,0.9045977994923856,346.9384943839358,0.7120000000000001,1939,7,31,1939.07,1938,10,304,44,0.029975485914772,3.2807107169124947,0.009456173846428,0.87,4,Mod_Dry,42,9,8,6,70,135.0,0.3891179623631031,211.9384943839358,211.9384943839358,,1,211.9384943839358,0.0,0.0,0.0,0.0,0.0,0.0,0.0,0.0,0.0,42.0,9.0,8.0,6.0,70.0,270.9384943839358,990.0,965.1346924719196,24.865307528080397,0.1311543638617007,0.0123876988767871,989.8564579372616,0.3178154831518073,0.0,0.0,0.0,24.403949982190134,24.721765465341942,24.721765465341942,24.721765465341942,,0.9378481118299262,0.0,0.0,0.0,47.57087928388477,0.0,0.0,0.0,0.9688570118917468,0.0,0.0,0.0,0.98,0.96,0.96,0.96,46.61946169820708,0.0,0.0,0.0,46.61946169820708,1118.8670807569697,0.1343738514257116,6.11019272802088e-05,0.71
1939-08-01,1939-08-12,370.3799,0.9134433097017404,338.3210417029997,0.727,1939,8,1,1939.08,1938,11,305,44,0.0292309380031391,8.617452680936083,0.0254712288587153,0.8200000000000001,4,Mod_Dry,39,7,5,4,60,115.0,0.3399138268820847,223.3210417029997,223.3210417029997,,2,111.66052085149984,111.66052085149984,0.0,0.0,0.0,0.0,0.0,0.0,0.0,0.0,39.0,7.0,5.0,4.0,60.0,274.3210417029997,990.0,965.0916052085148,24.90839479148508,0.1323481697603081,0.0146642083405999,989.852987621899,0.0882568333623997,0.0882568333623997,0.0,0.0,24.67312558002173,24.67312558002173,24.761382413384126,24.761382413384126,,0.8945066238324089,0.8945066238324089,0.0,0.0,24.168298648194074,24.168298648194074,0.0,0.0,0.4922260417147469,0.4922260417147469,0.0,0.0,0.9692226041714748,0.9692226041714748,0.96,0.96,23.42446135419659,23.42446135419659,0.0,0.0,46.84892270839318,1124.3741450014363,0.1384747530705471,5.827301154419398e-05,0.725
1939-08-02,1939-08-13,370.3799,0.9134433097017404,338.3210417029997,0.727,1939,8,2,1939.08,1938,11,306,44,0.0292309380031391,0.0,0.0,0.8200000000000001,4,Mod_Dry,39,7,5,4,60,115.0,0.3399138268820847,223.3210417029997,223.3210417029997,,2,111.66052085149984,111.66052085149984,0.0,0.0,0.0,0.0,0.0,0.0,0.0,0.0,39.0,7.0,5.0,4.0,60.0,274.3210417029997,990.0,965.0916052085148,24.90839479148508,0.1323481697603081,0.0146642083405999,989.852987621899,0.0882568333623997,0.0882568333623997,0.0,0.0,24.67312558002173,24.67312558002173,24.761382413384126,24.761382413384126,,0.8945066238324089,0.8945066238324089,0.0,0.0,24.168298648194074,24.168298648194074,0.0,0.0,0.4922260417147469,0.4922260417147469,0.0,0.0,0.9692226041714748,0.9692226041714748,0.96,0.96,23.42446135419659,23.42446135419659,0.0,0.0,46.84892270839318,1124.3741450014363,0.1384747530705471,5.827301154419398e-05,0.725
1939-08-03,1939-08-14,370.3799,0.9134433097017404,338.3210417029997,0.727,1939,8,3,1939.08,1938,11,307,44,0.0292309380031391,0.0,0.0,0.8200000000000001,4,Mod_Dry,39,7,5,4,60,115.0,0.3399138268820847,223.3210417029997,223.3210417029997,,2,111.66052085149984,111.66052085149984,0.0,0.0,0.0,0.0,0.0,0.0,0.0,0.0,39.0,7.0,5.0,4.0,60.0,274.3210417029997,990.0,965.0916052085148,24.90839479148508,0.1323481697603081,0.0146642083405999,989.852987621899,0.0882568333623997,0.0882568333623997,0.0,0.0,24.67312558002173,24.67312558002173,24.761382413384126,24.761382413384126,,0.8945066238324089,0.8945066238324089,0.0,0.0,24.168298648194074,24.168298648194074,0.0,0.0,0.4922260417147469,0.4922260417147469,0.0,0.0,0.9692226041714748,0.9692226041714748,0.96,0.96,23.42446135419659,23.42446135419659,0.0,0.0,46.84892270839318,1124.3741450014363,0.1384747530705471,5.827301154419398e-05,0.725
1939-08-04,1939-08-15,366.0613,0.9164389073302937,335.4728177879068,0.731,1939,8,4,1939.08,1938,11,308,44,0.0289848514568751,2.848223915092888,0.0084901779341585,0.8200000000000001,4,Mod_Dry,39,7,5,4,60,115.0,0.3427997557545943,220.4728177879068,220.4728177879068,,2,110.2364088939534,110.2364088939534,0.0,0.0,0.0,0.0,0.0,0.0,0.0,0.0,39.0,7.0,5.0,4.0,60.0,271.4728177879068,990.0,965.0773640889396,24.922635911060524,0.1313429431693218,0.0140945635575813,989.8545624932732,0.0859782542303254,0.0859782542303254,0.0,0.0,24.69122015010328,24.69122015010328,24.777198404333603,24.777198404333603,,0.8933287888249589,0.8933287888249589,0.0,0.0,23.846115229647868,23.846115229647868,0.0,0.0,0.4856642612962906,0.4856642612962906,0.0,0.0,0.9685664261296292,0.9685664261296292,0.96,0.96,23.096546605055355,23.096546605055355,0.0,0.0,46.19309321011071,1108.634237042657,0.1376954875650014,5.819953184854757e-05,0.73
1939-08-05,1939-08-16,361.7746,0.9166247913690906,331.6115672476363,0.736,1939,8,5,1939.08,1938,11,309,45,0.0286512394101957,3.861250540270533,0.0116438958155735,0.8200000000000001,4,Mod_Dry,39,7,5,4,60,115.0,0.3467912803962049,216.6115672476363,216.6115672476363,,1,216.6115672476363,0.0,0.0,0.0,0.0,0.0,0.0,0.0,0.0,0.0,39.0,7.0,5.0,4.0,60.0,267.6115672476363,990.0,965.0580578362382,24.94194216376184,0.1299801880513087,0.0133223134495272,989.8566974984992,0.3319636271227197,0.0,0.0,0.0,24.46667603513833,24.798639662261053,24.798639662261053,24.798639662261053,,0.9390809776657356,0.0,0.0,0.0,48.80882570019753,0.0,0.0,0.0,0.9940697698614568,0.0,0.0,0.0,0.98,0.96,0.96,0.96,47.83264918619358,0.0,0.0,0.0,47.83264918619358,1147.983580468646,0.144243005704544,6.133950815735982e-05,0.735
1939-08-06,1939-08-17,361.7746,0.9166247913690906,331.6115672476363,0.736,1939,8,6,1939.08,1938,11,310,45,0.0286512394101957,0.0,0.0,0.8200000000000001,4,Mod_Dry,39,7,5,4,60,115.0,0.3467912803962049,216.6115672476363,216.6115672476363,,1,216.6115672476363,0.0,0.0,0.0,0.0,0.0,0.0,0.0,0.0,0.0,39.0,7.0,5.0,4.0,60.0,267.6115672476363,990.0,965.0580578362382,24.94194216376184,0.1299801880513087,0.0133223134495272,989.8566974984992,0.3319636271227197,0.0,0.0,0.0,24.46667603513833,24.798639662261053,24.798639662261053,24.798639662261053,,0.9390809776657356,0.0,0.0,0.0,48.80882570019753,0.0,0.0,0.0,0.9940697698614568,0.0,0.0,0.0,0.98,0.96,0.96,0.96,47.83264918619358,0.0,0.0,0.0,47.83264918619358,1147.983580468646,0.144243005704544,6.133950815735982e-05,0.735
1939-08-07,1939-08-18,361.7746,0.9166247913690906,331.6115672476363,0.736,1939,8,7,1939.08,1938,11,311,45,0.0286512394101957,0.0,0.0,0.8200000000000001,4,Mod_Dry,39,7,5,4,60,115.0,0.3467912803962049,216.6115672476363,216.6115672476363,,1,216.6115672476363,0.0,0.0,0.0,0.0,0.0,0.0,0.0,0.0,0.0,39.0,7.0,5.0,4.0,60.0,267.6115672476363,990.0,965.0580578362382,24.94194216376184,0.1299801880513087,0.0133223134495272,989.8566974984992,0.3319636271227197,0.0,0.0,0.0,24.46667603513833,24.798639662261053,24.798639662261053,24.798639662261053,,0.9390809776657356,0.0,0.0,0.0,48.80882570019753,0.0,0.0,0.0,0.9940697698614568,0.0,0.0,0.0,0.98,0.96,0.96,0.96,47.83264918619358,0.0,0.0,0.0,47.83264918619358,1147.983580468646,0.144243005704544,6.133950815735982e-05,0.735
1939-08-08,1939-08-19,353.2963,0.921778111561846,325.6607962357874,0.746,1939,8,8,1939.08,1938,11,312,45,0.028137092794772,5.950771011848872,0.0182729118169334,0.8200000000000001,4,Mod_Dry,39,7,5,4,60,115.0,0.3531281668817662,210.66079623578744,210.66079623578744,,1,210.66079623578744,0.0,0.0,0.0,0.0,0.0,0.0,0.0,0.0,0.0,39.0,7.0,5.0,4.0,60.0,261.6607962357874,990.0,965.028303981179,24.971696018821035,0.1278799763276859,0.0121321592471574,989.8599878644252,0.3139823887073622,0.0,0.0,0.0,24.517701494538866,24.831683883246228,24.831683883246228,24.831683883246228,,0.9376016584309852,0.0,0.0,0.0,47.49200893772499,0.0,0.0,0.0,0.9672506911960282,0.0,0.0,0.0,0.98,0.96,0.96,0.96,46.54216875897049,0.0,0.0,0.0,46.54216875897049,1117.0120502152918,0.1429160933613657,6.137060355717406e-05,0.745
1939-08-09,1939-08-20,353.2963,0.921778111561846,325.6607962357874,0.746,1939,8,9,1939.08,1938,11,313,45,0.028137092794772,0.0,0.0,0.8200000000000001,4,Mod_Dry,39,7,5,4,60,115.0,0.3531281668817662,210.66079623578744,210.66079623578744,,1,210.66079623578744,0.0,0.0,0.0,0.0,0.0,0.0,0.0,0.0,0.0,39.0,7.0,5.0,4.0,60.0,261.6607962357874,990.0,965.028303981179,24.971696018821035,0.1278799763276859,0.0121321592471574,989.8599878644252,0.3139823887073622,0.0,0.0,0.0,24.517701494538866,24.831683883246228,24.831683883246228,24.831683883246228,,0.9376016584309852,0.0,0.0,0.0,47.49200893772499,0.0,0.0,0.0,0.9672506911960282,0.0,0.0,0.0,0.98,0.96,0.96,0.96,46.54216875897049,0.0,0.0,0.0,46.54216875897049,1117.0120502152918,0.1429160933613657,6.137060355717406e-05,0.745
1939-08-10,1939-08-21,353.2963,0.921778111561846,325.6607962357874,0.746,1939,8,10,1939.08,1938,11,314,45,0.028137092794772,0.0,0.0,0.8200000000000001,4,Mod_Dry,39,7,5,4,60,115.0,0.3531281668817662,210.66079623578744,210.66079623578744,,1,210.66079623578744,0.0,0.0,0.0,0.0,0.0,0.0,0.0,0.0,0.0,39.0,7.0,5.0,4.0,60.0,261.6607962357874,990.0,965.028303981179,24.971696018821035,0.1278799763276859,0.0121321592471574,989.8599878644252,0.3139823887073622,0.0,0.0,0.0,24.517701494538866,24.831683883246228,24.831683883246228,24.831683883246228,,0.9376016584309852,0.0,0.0,0.0,47.49200893772499,0.0,0.0,0.0,0.9672506911960282,0.0,0.0,0.0,0.98,0.96,0.96,0.96,46.54216875897049,0.0,0.0,0.0,46.54216875897049,1117.0120502152918,0.1429160933613657,6.137060355717406e-05,0.745
1939-08-11,1939-08-22,353.2963,0.921778111561846,325.6607962357874,0.746,1939,8,11,1939.08,1938,11,315,45,0.028137092794772,0.0,0.0,0.8300000000000001,4,Mod_Dry,39,7,5,4,60,115.0,0.3531281668817662,210.66079623578744,210.66079623578744,,1,210.66079623578744,0.0,0.0,0.0,0.0,0.0,0.0,0.0,0.0,0.0,39.0,7.0,5.0,4.0,60.0,261.6607962357874,990.0,965.028303981179,24.971696018821035,0.1278799763276859,0.0121321592471574,989.8599878644252,0.3139823887073622,0.0,0.0,0.0,24.517701494538866,24.831683883246228,24.831683883246228,24.831683883246228,,0.9376016584309852,0.0,0.0,0.0,47.49200893772499,0.0,0.0,0.0,0.9672506911960282,0.0,0.0,0.0,0.98,0.96,0.96,0.96,46.54216875897049,0.0,0.0,0.0,46.54216875897049,1117.0120502152918,0.1429160933613657,6.137060355717406e-05,0.745
1939-08-12,1939-08-23,344.9443,0.9283094176295976,320.2150422476492,0.757,1939,8,12,1939.08,1938,11,316,46,0.0276665796501968,5.445753988138222,0.0170065526900718,0.8300000000000001,4,Mod_Dry,39,7,5,4,60,115.0,0.3591336596581894,205.2150422476492,205.2150422476492,,1,205.2150422476492,0.0,0.0,0.0,0.0,0.0,0.0,0.0,0.0,0.0,39.0,7.0,5.0,4.0,60.0,256.2150422476492,990.0,965.0010752112382,24.99892478876177,0.1259580007808063,0.0110430084495298,989.8629989907696,0.2979322242080886,0.0,0.0,0.0,24.56399155532339,24.86192377953148,24.86192377953148,24.86192377953148,,0.9362531635841876,0.0,0.0,0.0,46.2849851193969,0.0,0.0,0.0,0.9426677213726457,0.0,0.0,0.0,0.98,0.96,0.96,0.96,45.35928541700896,0.0,0.0,0.0,45.35928541700896,1088.6228500082152,0.1416525754025284,6.139804064421136e-05,0.755
1939-08-13,1939-08-24,344.9443,0.9283094176295976,320.2150422476492,0.757,1939,8,13,1939.08,1938,11,317,46,0.0276665796501968,0.0,0.0,0.8300000000000001,4,Mod_Dry,39,7,5,4,60,115.0,0.3591336596581894,205.2150422476492,205.2150422476492,,1,205.2150422476492,0.0,0.0,0.0,0.0,0.0,0.0,0.0,0.0,0.0,39.0,7.0,5.0,4.0,60.0,256.2150422476492,990.0,965.0010752112382,24.99892478876177,0.1259580007808063,0.0110430084495298,989.8629989907696,0.2979322242080886,0.0,0.0,0.0,24.56399155532339,24.86192377953148,24.86192377953148,24.86192377953148,,0.9362531635841876,0.0,0.0,0.0,46.2849851193969,0.0,0.0,0.0,0.9426677213726457,0.0,0.0,0.0,0.98,0.96,0.96,0.96,45.35928541700896,0.0,0.0,0.0,45.35928541700896,1088.6228500082152,0.1416525754025284,6.139804064421136e-05,0.755
1939-08-14,1939-08-25,340.8154,0.928721014594374,316.52242407738737,0.763,1939,8,14,1939.08,1938,11,318,46,0.0273475374402862,3.692618170261824,0.0116662134792668,0.8300000000000001,4,Mod_Dry,39,7,5,4,60,115.0,0.3633233895993522,201.52242407738737,201.52242407738737,,1,201.52242407738737,0.0,0.0,0.0,0.0,0.0,0.0,0.0,0.0,0.0,39.0,7.0,5.0,4.0,60.0,252.52242407738737,990.0,964.9826121203868,25.017387879613125,0.1246547612582966,0.0103044848154774,989.8650407539262,0.2873541328613279,0.0,0.0,0.0,24.59507450067802,24.882428633539348,24.882428633539348,24.882428633539348,,0.9351949944390096,0.0,0.0,0.0,45.458216648585854,0.0,0.0,0.0,0.925829259645333,0.0,0.0,0.0,0.98,0.96,0.96,0.96,44.54905231561413,0.0,0.0,0.0,44.54905231561413,1069.177255574739,0.140745327745633,6.140625198903518e-05,0.765
1939-08-15,1939-08-26,336.7179,0.9260439379072553,311.8155700798613,0.7659999999999999,1939,8,15,1939.08,1938,11,319,46,0.0269408652549,4.706853997526082,0.0150949934806673,0.8300000000000001,4,Mod_Dry,39,7,5,4,60,115.0,0.3688077537967284,196.8155700798613,196.8155700798613,,1,196.8155700798613,0.0,0.0,0.0,0.0,0.0,0.0,0.0,0.0,0.0,39.0,7.0,5.0,4.0,60.0,247.8155700798613,990.0,964.9590778503992,25.04092214960076,0.122993566443826,0.0096815570079861,989.8673248765482,0.2740835962236116,0.0,0.0,0.0,24.634163429925344,24.90824702614896,24.90824702614896,24.90824702614896,,0.9338405544111884,0.0,0.0,0.0,44.40263063445457,0.0,0.0,0.0,0.9043305628198486,0.0,0.0,0.0,0.98,0.96,0.96,0.96,43.51457802176547,0.0,0.0,0.0,43.51457802176547,1044.3498725223712,0.1395522937184331,6.141476905978057e-05,0.765
1939-08-16,1939-08-27,336.7179,0.9260439379072553,311.8155700798613,0.7659999999999999,1939,8,16,1939.08,1938,11,320,46,0.0269408652549,0.0,0.0,0.8300000000000001,4,Mod_Dry,39,7,5,4,60,115.0,0.3688077537967284,196.8155700798613,196.8155700798613,,1,196.8155700798613,0.0,0.0,0.0,0.0,0.0,0.0,0.0,0.0,0.0,39.0,7.0,5.0,4.0,60.0,247.8155700798613,990.0,964.9590778503992,25.04092214960076,0.122993566443826,0.0096815570079861,989.8673248765482,0.2740835962236116,0.0,0.0,0.0,24.634163429925344,24.90824702614896,24.90824702614896,24.90824702614896,,0.9338405544111884,0.0,0.0,0.0,44.40263063445457,0.0,0.0,0.0,0.9043305628198486,0.0,0.0,0.0,0.98,0.96,0.96,0.96,43.51457802176547,0.0,0.0,0.0,43.51457802176547,1044.3498725223712,0.1395522937184331,6.141476905978057e-05,0.765
1939-08-17,1939-08-28,336.7179,0.9260439379072553,311.8155700798613,0.7659999999999999,1939,8,17,1939.08,1938,11,321,46,0.0269408652549,0.0,0.0,0.8300000000000001,4,Mod_Dry,39,7,5,4,60,115.0,0.3688077537967284,196.8155700798613,196.8155700798613,,1,196.8155700798613,0.0,0.0,0.0,0.0,0.0,0.0,0.0,0.0,0.0,39.0,7.0,5.0,4.0,60.0,247.8155700798613,990.0,964.9590778503992,25.04092214960076,0.122993566443826,0.0096815570079861,989.8673248765482,0.2740835962236116,0.0,0.0,0.0,24.634163429925344,24.90824702614896,24.90824702614896,24.90824702614896,,0.9338405544111884,0.0,0.0,0.0,44.40263063445457,0.0,0.0,0.0,0.9043305628198486,0.0,0.0,0.0,0.98,0.96,0.96,0.96,43.51457802176547,0.0,0.0,0.0,43.51457802176547,1044.3498725223712,0.1395522937184331,6.141476905978057e-05,0.765
1939-08-18,1939-08-29,336.7179,0.9260439379072553,311.8155700798613,0.7659999999999999,1939,8,18,1939.08,1938,11,322,46,0.0269408652549,0.0,0.0,0.8300000000000001,4,Mod_Dry,39,7,5,4,60,115.0,0.3688077537967284,196.8155700798613,196.8155700798613,,1,196.8155700798613,0.0,0.0,0.0,0.0,0.0,0.0,0.0,0.0,0.0,39.0,7.0,5.0,4.0,60.0,247.8155700798613,990.0,964.9590778503992,25.04092214960076,0.122993566443826,0.0096815570079861,989.8673248765482,0.2740835962236116,0.0,0.0,0.0,24.634163429925344,24.90824702614896,24.90824702614896,24.90824702614896,,0.9338405544111884,0.0,0.0,0.0,44.40263063445457,0.0,0.0,0.0,0.9043305628198486,0.0,0.0,0.0,0.98,0.96,0.96,0.96,43.51457802176547,0.0,0.0,0.0,43.51457802176547,1044.3498725223712,0.1395522937184331,6.141476905978057e-05,0.765
1939-08-19,1939-08-30,336.7179,0.9260439379072553,311.8155700798613,0.7659999999999999,1939,8,19,1939.08,1938,11,323,47,0.0269408652549,0.0,0.0,0.8300000000000001,4,Mod_Dry,39,7,5,4,60,115.0,0.3688077537967284,196.8155700798613,196.8155700798613,,1,196.8155700798613,0.0,0.0,0.0,0.0,0.0,0.0,0.0,0.0,0.0,39.0,7.0,5.0,4.0,60.0,247.8155700798613,990.0,964.9590778503992,25.04092214960076,0.122993566443826,0.0096815570079861,989.8673248765482,0.2740835962236116,0.0,0.0,0.0,24.634163429925344,24.90824702614896,24.90824702614896,24.90824702614896,,0.9338405544111884,0.0,0.0,0.0,44.40263063445457,0.0,0.0,0.0,0.9043305628198486,0.0,0.0,0.0,0.98,0.96,0.96,0.96,43.51457802176547,0.0,0.0,0.0,43.51457802176547,1044.3498725223712,0.1395522937184331,6.141476905978057e-05,0.765
1939-08-20,1939-08-31,332.6514,0.9289857410847936,309.0284073518941,0.77,1939,8,20,1939.08,1938,11,324,47,0.0267000543952036,2.7871627279672,0.0090191149475569,0.8300000000000001,4,Mod_Dry,39,7,5,4,60,115.0,0.3721340733217714,194.0284073518941,194.0284073518941,,1,194.0284073518941,0.0,0.0,0.0,0.0,0.0,0.0,0.0,0.0,0.0,39.0,7.0,5.0,4.0,60.0,245.0284073518941,990.0,964.9451420367594,25.05485796324058,0.1220098902403112,0.0094028407351894,989.8685872690244,0.2663572679971519,0.0,0.0,0.0,24.65708796426792,24.923445232265067,24.923445232265067,24.923445232265067,,0.9330416892886946,0.0,0.0,0.0,43.77708622053112,0.0,0.0,0.0,0.891590350723648,0.0,0.0,0.0,0.9791590350723648,0.96,0.96,0.96,42.86472950197496,0.0,0.0,0.0,42.86472950197496,1028.753508047399,0.1387080555774421,6.136662908596473e-05,0.77
1939-08-21,1939-09-01,332.6514,0.9289857410847936,309.0284073518941,0.77,1939,8,21,1939.08,1938,11,325,47,0.0267000543952036,0.0,0.0,0.77,4,Mod_Dry,39,7,5,4,60,115.0,0.3721340733217714,194.0284073518941,194.0284073518941,,1,194.0284073518941,0.0,0.0,0.0,0.0,0.0,0.0,0.0,0.0,0.0,39.0,7.0,5.0,4.0,60.0,245.0284073518941,990.0,964.9451420367594,25.05485796324058,0.1220098902403112,0.0094028407351894,989.8685872690244,0.2663572679971519,0.0,0.0,0.0,24.65708796426792,24.923445232265067,24.923445232265067,24.923445232265067,,0.9330416892886946,0.0,0.0,0.0,43.77708622053112,0.0,0.0,0.0,0.891590350723648,0.0,0.0,0.0,0.9791590350723648,0.96,0.96,0.96,42.86472950197496,0.0,0.0,0.0,42.86472950197496,1028.753508047399,0.1387080555774421,6.136662908596473e-05,0.77
1939-08-22,1939-09-02,332.6514,0.9289857410847936,309.0284073518941,0.77,1939,8,22,1939.08,1938,11,326,47,0.0267000543952036,0.0,0.0,0.77,4,Mod_Dry,39,7,5,4,60,115.0,0.3721340733217714,194.0284073518941,194.0284073518941,,1,194.0284073518941,0.0,0.0,0.0,0.0,0.0,0.0,0.0,0.0,0.0,39.0,7.0,5.0,4.0,60.0,245.0284073518941,990.0,964.9451420367594,25.05485796324058,0.1220098902403112,0.0094028407351894,989.8685872690244,0.2663572679971519,0.0,0.0,0.0,24.65708796426792,24.923445232265067,24.923445232265067,24.923445232265067,,0.9330416892886946,0.0,0.0,0.0,43.77708622053112,0.0,0.0,0.0,0.891590350723648,0.0,0.0,0.0,0.9791590350723648,0.96,0.96,0.96,42.86472950197496,0.0,0.0,0.0,42.86472950197496,1028.753508047399,0.1387080555774421,6.136662908596473e-05,0.77
1939-08-23,1939-09-03,332.6514,0.9289857410847936,309.0284073518941,0.77,1939,8,23,1939.08,1938,11,327,47,0.0267000543952036,0.0,0.0,0.77,4,Mod_Dry,39,7,5,4,60,115.0,0.3721340733217714,194.0284073518941,194.0284073518941,,1,194.0284073518941,0.0,0.0,0.0,0.0,0.0,0.0,0.0,0.0,0.0,39.0,7.0,5.0,4.0,60.0,245.0284073518941,990.0,964.9451420367594,25.05485796324058,0.1220098902403112,0.0094028407351894,989.8685872690244,0.2663572679971519,0.0,0.0,0.0,24.65708796426792,24.923445232265067,24.923445232265067,24.923445232265067,,0.9330416892886946,0.0,0.0,0.0,43.77708622053112,0.0,0.0,0.0,0.891590350723648,0.0,0.0,0.0,0.9791590350723648,0.96,0.96,0.96,42.86472950197496,0.0,0.0,0.0,42.86472950197496,1028.753508047399,0.1387080555774421,6.136662908596473e-05,0.77
1939-08-24,1939-09-04,332.6514,0.9289857410847936,309.0284073518941,0.77,1939,8,24,1939.08,1938,11,328,47,0.0267000543952036,0.0,0.0,0.77,4,Mod_Dry,39,7,5,4,60,115.0,0.3721340733217714,194.0284073518941,194.0284073518941,,1,194.0284073518941,0.0,0.0,0.0,0.0,0.0,0.0,0.0,0.0,0.0,39.0,7.0,5.0,4.0,60.0,245.0284073518941,990.0,964.9451420367594,25.05485796324058,0.1220098902403112,0.0094028407351894,989.8685872690244,0.2663572679971519,0.0,0.0,0.0,24.65708796426792,24.923445232265067,24.923445232265067,24.923445232265067,,0.9330416892886946,0.0,0.0,0.0,43.77708622053112,0.0,0.0,0.0,0.891590350723648,0.0,0.0,0.0,0.9791590350723648,0.96,0.96,0.96,42.86472950197496,0.0,0.0,0.0,42.86472950197496,1028.753508047399,0.1387080555774421,6.136662908596473e-05,0.77
1939-08-25,1939-09-05,328.6161,0.9312389803097992,306.020121877383,0.775,1939,8,25,1939.08,1938,11,329,47,0.0264401385302058,3.008285474511069,0.0098303518607068,0.77,4,Mod_Dry,39,7,5,4,60,115.0,0.3757922822018825,191.02012187738305,191.02012187738305,,1,191.02012187738305,0.0,0.0,0.0,0.0,0.0,0.0,0.0,0.0,0.0,39.0,7.0,5.0,4.0,60.0,242.02012187738305,990.0,964.9301006093868,25.06989939061316,0.120948172958804,0.0091020121877383,989.8699498148534,0.2581747315064818,0.0,0.0,0.0,24.68167447396006,24.939849205466544,24.939849205466544,24.939849205466544,,0.9321820796748388,0.0,0.0,0.0,43.101579658541866,0.0,0.0,0.0,0.877832579603704,0.0,0.0,0.0,0.9777832579603704,0.96,0.96,0.96,42.14400298176749,0.0,0.0,0.0,42.14400298176749,1011.4560715624198,0.1377164440142725,6.128499646990067e-05,0.775
1939-08-26,1939-09-06,312.7836,0.9288272938647332,290.5219447532691,0.797,1939,8,26,1939.08,1938,11,330,48,0.0251010960266824,15.498177124113909,0.053345977486403,0.77,4,Mod_Dry,39,7,5,4,60,115.0,0.3958392888277881,175.5219447532691,175.5219447532691,,1,175.5219447532691,0.0,0.0,0.0,0.0,0.0,0.0,0.0,0.0,0.0,39.0,7.0,5.0,4.0,60.0,226.5219447532691,990.0,964.8620877790132,25.13791222098689,0.1154782918819337,0.0075521944753269,989.8769695136428,0.2180048618831727,0.0,0.0,0.0,24.79687687274645,25.014881734629625,25.014881734629625,25.014881734629625,,0.9270333077401124,0.0,0.0,0.0,39.569671567001706,0.0,0.0,0.0,0.8058996245825194,0.0,0.0,0.0,0.970589962458252,0.96,0.96,0.96,38.40592604070154,0.0,0.0,0.0,38.40592604070154,921.7422249768372,0.1321962995715124,6.078050698492539e-05,0.795
1939-08-27,1939-09-07,312.7836,0.9288272938647332,290.5219447532691,0.797,1939,8,27,1939.08,1938,11,331,48,0.0251010960266824,0.0,0.0,0.77,4,Mod_Dry,39,7,5,4,60,115.0,0.3958392888277881,175.5219447532691,175.5219447532691,,1,175.5219447532691,0.0,0.0,0.0,0.0,0.0,0.0,0.0,0.0,0.0,39.0,7.0,5.0,4.0,60.0,226.5219447532691,990.0,964.8620877790132,25.13791222098689,0.1154782918819337,0.0075521944753269,989.8769695136428,0.2180048618831727,0.0,0.0,0.0,24.79687687274645,25.014881734629625,25.014881734629625,25.014881734629625,,0.9270333077401124,0.0,0.0,0.0,39.569671567001706,0.0,0.0,0.0,0.8058996245825194,0.0,0.0,0.0,0.970589962458252,0.96,0.96,0.96,38.40592604070154,0.0,0.0,0.0,38.40592604070154,921.7422249768372,0.1321962995715124,6.078050698492539e-05,0.795
1939-08-28,1939-09-08,308.9022,0.9297022486736368,287.1870699602335,0.8029999999999999,1939,8,28,1939.08,1938,11,332,48,0.0248129628445641,3.3348747930356235,0.0116122038276214,0.77,4,Mod_Dry,39,7,5,4,60,115.0,0.4004358553326371,172.1870699602335,172.1870699602335,,1,172.1870699602335,0.0,0.0,0.0,0.0,0.0,0.0,0.0,0.0,0.0,39.0,7.0,5.0,4.0,60.0,223.1870699602335,990.0,964.848748279841,25.151251720159053,0.1143012732884789,0.0072187069960233,989.8784800197157,0.2098364507029697,0.0,0.0,0.0,24.819895289171622,25.02973173987459,25.02973173987459,25.02973173987459,,0.92581955757953,0.0,0.0,0.0,38.80302031739496,0.0,0.0,0.0,0.7902855461791234,0.0,0.0,0.0,0.97,0.96,0.96,0.96,37.63892970787311,0.0,0.0,0.0,37.63892970787311,903.3343129889548,0.1310606696641493,6.072034476573422e-05,0.805
1939-08-29,1939-09-09,301.2308,0.93390939438871,281.3222739992266,0.8160000000000001,1939,8,29,1939.08,1938,11,333,48,0.0243062444735331,5.864795961006905,0.0208472506553925,0.77,4,Mod_Dry,39,7,5,4,60,115.0,0.4087838419801631,166.32227399922658,166.32227399922658,,1,166.32227399922658,0.0,0.0,0.0,0.0,0.0,0.0,0.0,0.0,0.0,39.0,7.0,5.0,4.0,60.0,217.32227399922655,990.0,964.8252890959968,25.174710904003064,0.112231338336996,0.0066322273999226,989.8811364342632,0.1957470121181592,0.0,0.0,0.0,24.860100326148014,25.055847338266176,25.055847338266176,25.055847338266176,,0.9236795668226426,0.0,0.0,0.0,37.45530406683673,0.0,0.0,0.0,0.7628371500374079,0.0,0.0,0.0,0.97,0.96,0.96,0.96,36.33164494483163,0.0,0.0,0.0,36.33164494483163,871.9594786759592,0.1291459948348473,6.0678124180971066e-05,0.815
1939-08-30,1939-09-10,301.2308,0.93390939438871,281.3222739992266,0.8160000000000001,1939,8,30,1939.08,1938,11,334,48,0.0243062444735331,0.0,0.0,0.77,4,Mod_Dry,39,7,5,4,60,115.0,0.4087838419801631,166.32227399922658,166.32227399922658,,1,166.32227399922658,0.0,0.0,0.0,0.0,0.0,0.0,0.0,0.0,0.0,39.0,7.0,5.0,4.0,60.0,217.32227399922655,990.0,964.8252890959968,25.174710904003064,0.112231338336996,0.0066322273999226,989.8811364342632,0.1957470121181592,0.0,0.0,0.0,24.860100326148014,25.055847338266176,25.055847338266176,25.055847338266176,,0.9236795668226426,0.0,0.0,0.0,37.45530406683673,0.0,0.0,0.0,0.7628371500374079,0.0,0.0,0.0,0.97,0.96,0.96,0.96,36.33164494483163,0.0,0.0,0.0,36.33164494483163,871.9594786759592,0.1291459948348473,6.0678124180971066e-05,0.815
1939-08-31,1939-09-11,301.2308,0.93390939438871,281.3222739992266,0.8160000000000001,1939,8,31,1939.08,1938,11,335,48,0.0243062444735331,0.0,0.0,0.77,4,Mod_Dry,39,7,5,4,60,115.0,0.4087838419801631,166.32227399922658,166.32227399922658,,1,166.32227399922658,0.0,0.0,0.0,0.0,0.0,0.0,0.0,0.0,0.0,39.0,7.0,5.0,4.0,60.0,217.32227399922655,990.0,964.8252890959968,25.174710904003064,0.112231338336996,0.0066322273999226,989.8811364342632,0.1957470121181592,0.0,0.0,0.0,24.860100326148014,25.055847338266176,25.055847338266176,25.055847338266176,,0.9236795668226426,0.0,0.0,0.0,37.45530406683673,0.0,0.0,0.0,0.7628371500374079,0.0,0.0,0.0,0.97,0.96,0.96,0.96,36.33164494483163,0.0,0.0,0.0,36.33164494483163,871.9594786759592,0.1291459948348473,6.0678124180971066e-05,0.815
1939-09-01,1939-09-12,301.2308,0.93390939438871,281.3222739992266,0.8160000000000001,1939,9,1,1939.09,1938,12,336,48,0.0243062444735331,0.0,0.0,0.71,4,Mod_Dry,34,6,4,3,44,91.0,0.3234724314799552,190.32227399922655,190.32227399922655,,1,190.32227399922655,0.0,0.0,0.0,0.0,0.0,0.0,0.0,0.0,0.0,34.0,6.0,4.0,3.0,44.0,234.32227399922655,990.0,964.8252890959968,25.174710904003064,0.1182313585268148,0.0090322273999226,989.8727364140732,0.2562765852778963,0.0,0.0,0.0,24.79117073279847,25.047447318076365,25.047447318076365,25.047447318076365,,0.9320916733257884,0.0,0.0,0.0,43.130449282781306,0.0,0.0,0.0,0.8784205556574604,0.0,0.0,0.0,0.977842055565746,0.96,0.96,0.96,42.17476718414903,0.0,0.0,0.0,42.17476718414903,1012.1944124195766,0.1499162031665682,6.155460871992141e-05,0.815
1939-09-02,1939-09-13,293.6805,0.9321845933144058,273.7644374568714,0.8280000000000001,1939,9,2,1939.09,1938,12,337,49,0.0236532473962736,7.557836542355176,0.0276070793290886,0.71,4,Mod_Dry,34,6,4,3,44,91.0,0.3324025605565955,182.7644374568714,182.7644374568714,,1,182.7644374568714,0.0,0.0,0.0,0.0,0.0,0.0,0.0,0.0,0.0,34.0,6.0,4.0,3.0,44.0,226.7644374568714,990.0,964.7950577498276,25.204942250172508,0.1155638778300218,0.0082764437456871,989.8761596784244,0.2363322486387282,0.0,0.0,0.0,24.84476967995808,25.08110192859681,25.08110192859681,25.08110192859681,,0.9297713609013398,0.0,0.0,0.0,41.40392691729636,0.0,0.0,0.0,0.843257167358378,0.0,0.0,0.0,0.9743257167358378,0.96,0.96,0.96,40.34091076937303,0.0,0.0,0.0,40.34091076937303,968.1818584649526,0.147356286098074,6.131285004333733e-05,0.83
1939-09-03,1939-09-14,293.6805,0.9321845933144058,273.7644374568714,0.8280000000000001,1939,9,3,1939.09,1938,12,338,49,0.0236532473962736,0.0,0.0,0.71,4,Mod_Dry,34,6,4,3,44,91.0,0.3324025605565955,182.7644374568714,182.7644374568714,,1,182.7644374568714,0.0,0.0,0.0,0.0,0.0,0.0,0.0,0.0,0.0,34.0,6.0,4.0,3.0,44.0,226.7644374568714,990.0,964.7950577498276,25.204942250172508,0.1155638778300218,0.0082764437456871,989.8761596784244,0.2363322486387282,0.0,0.0,0.0,24.84476967995808,25.08110192859681,25.08110192859681,25.08110192859681,,0.9297713609013398,0.0,0.0,0.0,41.40392691729636,0.0,0.0,0.0,0.843257167358378,0.0,0.0,0.0,0.9743257167358378,0.96,0.96,0.96,40.34091076937303,0.0,0.0,0.0,40.34091076937303,968.1818584649526,0.147356286098074,6.131285004333733e-05,0.83
1939-09-04,1939-09-15,293.6805,0.9321845933144058,273.7644374568714,0.8280000000000001,1939,9,4,1939.09,1938,12,339,49,0.0236532473962736,0.0,0.0,0.71,4,Mod_Dry,34,6,4,3,44,91.0,0.3324025605565955,182.7644374568714,182.7644374568714,,1,182.7644374568714,0.0,0.0,0.0,0.0,0.0,0.0,0.0,0.0,0.0,34.0,6.0,4.0,3.0,44.0,226.7644374568714,990.0,964.7950577498276,25.204942250172508,0.1155638778300218,0.0082764437456871,989.8761596784244,0.2363322486387282,0.0,0.0,0.0,24.84476967995808,25.08110192859681,25.08110192859681,25.08110192859681,,0.9297713609013398,0.0,0.0,0.0,41.40392691729636,0.0,0.0,0.0,0.843257167358378,0.0,0.0,0.0,0.9743257167358378,0.96,0.96,0.96,40.34091076937303,0.0,0.0,0.0,40.34091076937303,968.1818584649526,0.147356286098074,6.131285004333733e-05,0.83
1939-09-05,1939-09-16,286.2506,0.9441456049247084,270.26224589706084,0.836,1939,9,5,1939.09,1938,12,340,49,0.023350658045506,3.5021915598105693,0.0129584935113153,0.71,4,Mod_Dry,34,6,4,3,44,91.0,0.3367099969807127,179.26224589706084,179.26224589706084,,1,179.26224589706084,0.0,0.0,0.0,0.0,0.0,0.0,0.0,0.0,0.0,34.0,6.0,4.0,3.0,44.0,223.26224589706084,990.0,964.7810489835882,25.21895101641178,0.1143278060613467,0.007926224589706,989.8777459693488,0.2273556147426521,0.0,0.0,0.0,24.86934137101802,25.096696985760676,25.096696985760676,25.096696985760676,,0.9284971870384064,0.0,0.0,0.0,40.59498719875222,0.0,0.0,0.0,0.826781816675198,0.0,0.0,0.0,0.9726781816675196,0.96,0.96,0.96,39.48585833329855,0.0,0.0,0.0,39.48585833329855,947.6605999991652,0.1461020136284154,6.118574453078218e-05,0.835
1939-09-06,1939-09-17,286.2506,0.9441456049247084,270.26224589706084,0.836,1939,9,6,1939.09,1938,12,341,49,0.023350658045506,0.0,0.0,0.71,4,Mod_Dry,34,6,4,3,44,91.0,0.3367099969807127,179.26224589706084,179.26224589706084,,1,179.26224589706084,0.0,0.0,0.0,0.0,0.0,0.0,0.0,0.0,0.0,34.0,6.0,4.0,3.0,44.0,223.26224589706084,990.0,964.7810489835882,25.21895101641178,0.1143278060613467,0.007926224589706,989.8777459693488,0.2273556147426521,0.0,0.0,0.0,24.86934137101802,25.096696985760676,25.096696985760676,25.096696985760676,,0.9284971870384064,0.0,0.0,0.0,40.59498719875222,0.0,0.0,0.0,0.826781816675198,0.0,0.0,0.0,0.9726781816675196,0.96,0.96,0.96,39.48585833329855,0.0,0.0,0.0,39.48585833329855,947.6605999991652,0.1461020136284154,6.118574453078218e-05,0.835
1939-09-07,1939-09-18,286.2506,0.9441456049247084,270.26224589706084,0.836,1939,9,7,1939.09,1938,12,342,49,0.023350658045506,0.0,0.0,0.71,4,Mod_Dry,34,6,4,3,44,91.0,0.3367099969807127,179.26224589706084,179.26224589706084,,1,179.26224589706084,0.0,0.0,0.0,0.0,0.0,0.0,0.0,0.0,0.0,34.0,6.0,4.0,3.0,44.0,223.26224589706084,990.0,964.7810489835882,25.21895101641178,0.1143278060613467,0.007926224589706,989.8777459693488,0.2273556147426521,0.0,0.0,0.0,24.86934137101802,25.096696985760676,25.096696985760676,25.096696985760676,,0.9284971870384064,0.0,0.0,0.0,40.59498719875222,0.0,0.0,0.0,0.826781816675198,0.0,0.0,0.0,0.9726781816675196,0.96,0.96,0.96,39.48585833329855,0.0,0.0,0.0,39.48585833329855,947.6605999991652,0.1461020136284154,6.118574453078218e-05,0.835
1939-09-08,1939-09-19,282.5805,0.9441063439037743,266.78604271350054,0.847,1939,9,8,1939.09,1938,12,343,49,0.0230503140904464,3.476203183560301,0.0130299289580653,0.71,4,Mod_Dry,34,6,4,3,44,91.0,0.3410973043208418,175.78604271350054,175.78604271350054,,1,175.78604271350054,0.0,0.0,0.0,0.0,0.0,0.0,0.0,0.0,0.0,34.0,6.0,4.0,3.0,44.0,219.7860427135005,990.0,964.767144170854,25.232855829145933,0.1131009066916247,0.00757860427135,989.879320489037,0.2186651067837513,0.0,0.0,0.0,24.893511211399197,25.112176318182943,25.112176318182943,25.112176318182943,,0.9272298614106969,0.0,0.0,0.0,39.79208140513285,0.0,0.0,0.0,0.8104293565200172,0.0,0.0,0.0,0.9710429356520016,0.96,0.96,0.96,38.63981954334363,0.0,0.0,0.0,38.63981954334363,927.355669040247,0.1448344866558054,6.105879079363344e-05,0.845
1939-09-09,1939-09-20,278.9403,0.9468161724841248,264.1051871975735,0.852,1939,9,9,1939.09,1938,12,344,50,0.0228186881738703,2.6808555159270213,0.0101507113297305,0.71,4,Mod_Dry,34,6,4,3,44,91.0,0.344559684592352,173.1051871975735,173.1051871975735,,1,173.1051871975735,0.0,0.0,0.0,0.0,0.0,0.0,0.0,0.0,0.0,34.0,6.0,4.0,3.0,44.0,217.1051871975735,990.0,964.7564207487904,25.243579251209667,0.1121547192080041,0.0073105187197573,989.8805347620722,0.2120766567620793,0.0,0.0,0.0,24.912037356519804,25.124114013281883,25.124114013281883,25.124114013281883,,0.9262507785667808,0.0,0.0,0.0,39.17298028198897,0.0,0.0,0.0,0.7978203723419341,0.0,0.0,0.0,0.97,0.96,0.96,0.96,37.9977908735293,0.0,0.0,0.0,37.9977908735293,911.9469809647032,0.1438737015229605,6.0974151498226415e-05,0.85
1939-09-10,1939-09-21,278.9403,0.9468161724841248,264.1051871975735,0.852,1939,9,10,1939.09,1938,12,345,50,0.0228186881738703,0.0,0.0,0.71,4,Mod_Dry,34,6,4,3,44,91.0,0.344559684592352,173.1051871975735,173.1051871975735,,1,173.1051871975735,0.0,0.0,0.0,0.0,0.0,0.0,0.0,0.0,0.0,34.0,6.0,4.0,3.0,44.0,217.1051871975735,990.0,964.7564207487904,25.243579251209667,0.1121547192080041,0.0073105187197573,989.8805347620722,0.2120766567620793,0.0,0.0,0.0,24.912037356519804,25.124114013281883,25.124114013281883,25.124114013281883,,0.9262507785667808,0.0,0.0,0.0,39.17298028198897,0.0,0.0,0.0,0.7978203723419341,0.0,0.0,0.0,0.97,0.96,0.96,0.96,37.9977908735293,0.0,0.0,0.0,37.9977908735293,911.9469809647032,0.1438737015229605,6.0974151498226415e-05,0.85
1939-09-11,1939-09-22,271.7487,0.9523418217225876,258.7976520087449,0.862,1939,9,11,1939.09,1938,12,346,50,0.0223601171335555,5.307535188828638,0.0205084364082611,0.68,3,Normal,40,6,4,3,65,118.0,0.4559546776568619,140.79765200874488,140.79765200874488,,1,140.79765200874488,0.0,0.0,0.0,0.0,0.0,0.0,0.0,0.0,0.0,40.0,6.0,4.0,3.0,65.0,190.79765200874488,990.0,964.735190608035,25.264809391964945,0.102869767973999,0.0040797652008744,989.8930504668252,0.1403112570576646,0.0,0.0,0.0,25.0175486017324,25.15785985879006,25.15785985879006,25.15785985879006,,0.9134288254391834,0.0,0.0,0.0,31.55393864704913,0.0,0.0,0.0,0.6426464082902063,0.0,0.0,0.0,0.97,0.96,0.96,0.96,30.60732048763765,0.0,0.0,0.0,30.60732048763765,734.5756917033036,0.1182673809057719,6.038476741259988e-05,0.86
1939-09-12,1939-09-23,264.675,0.9437959007304476,249.7991800258312,0.875,1939,9,12,1939.09,1938,12,347,50,0.0215826491542318,8.998471982913687,0.0360228243422703,0.68,3,Normal,40,6,4,3,65,118.0,0.4723794529181316,131.7991800258312,131.7991800258312,,1,131.7991800258312,0.0,0.0,0.0,0.0,0.0,0.0,0.0,0.0,0.0,40.0,6.0,4.0,3.0,65.0,181.7991800258312,990.0,964.698795080155,25.301204919844963,0.0996939163806142,0.0031799180025831,989.8971261656168,0.1229824584485626,0.0,0.0,0.0,25.075348627013184,25.198331085461746,25.198331085461746,25.198331085461746,,0.9093631804411382,0.0,0.0,0.0,29.4737743023615,0.0,0.0,0.0,0.6002805356896436,0.0,0.0,0.0,0.97,0.96,0.96,0.96,28.589561073290657,0.0,0.0,0.0,28.589561073290657,686.1494657589758,0.1144501798217843,6.025488732952878e-05,0.875
1939-09-13,1939-09-24,264.675,0.9437959007304476,249.7991800258312,0.875,1939,9,13,1939.09,1938,12,348,50,0.0215826491542318,0.0,0.0,0.68,3,Normal,40,6,4,3,65,118.0,0.4723794529181316,131.7991800258312,131.7991800258312,,1,131.7991800258312,0.0,0.0,0.0,0.0,0.0,0.0,0.0,0.0,0.0,40.0,6.0,4.0,3.0,65.0,181.7991800258312,990.0,964.698795080155,25.301204919844963,0.0996939163806142,0.0031799180025831,989.8971261656168,0.1229824584485626,0.0,0.0,0.0,25.075348627013184,25.198331085461746,25.198331085461746,25.198331085461746,,0.9093631804411382,0.0,0.0,0.0,29.4737743023615,0.0,0.0,0.0,0.6002805356896436,0.0,0.0,0.0,0.97,0.96,0.96,0.96,28.589561073290657,0.0,0.0,0.0,28.589561073290657,686.1494657589758,0.1144501798217843,6.025488732952878e-05,0.875
1939-09-14,1939-09-25,264.675,0.9437959007304476,249.7991800258312,0.875,1939,9,14,1939.09,1938,12,349,50,0.0215826491542318,0.0,0.0,0.68,3,Normal,40,6,4,3,65,118.0,0.4723794529181316,131.7991800258312,131.7991800258312,,1,131.7991800258312,0.0,0.0,0.0,0.0,0.0,0.0,0.0,0.0,0.0,40.0,6.0,4.0,3.0,65.0,181.7991800258312,990.0,964.698795080155,25.301204919844963,0.0996939163806142,0.0031799180025831,989.8971261656168,0.1229824584485626,0.0,0.0,0.0,25.075348627013184,25.198331085461746,25.198331085461746,25.198331085461746,,0.9093631804411382,0.0,0.0,0.0,29.4737743023615,0.0,0.0,0.0,0.6002805356896436,0.0,0.0,0.0,0.97,0.96,0.96,0.96,28.589561073290657,0.0,0.0,0.0,28.589561073290657,686.1494657589758,0.1144501798217843,6.025488732952878e-05,0.875
1939-09-15,1939-09-26,264.675,0.9437959007304476,249.7991800258312,0.875,1939,9,15,1939.09,1938,12,350,50,0.0215826491542318,0.0,0.0,0.68,3,Normal,40,6,4,3,65,118.0,0.4723794529181316,131.7991800258312,131.7991800258312,,1,131.7991800258312,0.0,0.0,0.0,0.0,0.0,0.0,0.0,0.0,0.0,40.0,6.0,4.0,3.0,65.0,181.7991800258312,990.0,964.698795080155,25.301204919844963,0.0996939163806142,0.0031799180025831,989.8971261656168,0.1229824584485626,0.0,0.0,0.0,25.075348627013184,25.198331085461746,25.198331085461746,25.198331085461746,,0.9093631804411382,0.0,0.0,0.0,29.4737743023615,0.0,0.0,0.0,0.6002805356896436,0.0,0.0,0.0,0.97,0.96,0.96,0.96,28.589561073290657,0.0,0.0,0.0,28.589561073290657,686.1494657589758,0.1144501798217843,6.025488732952878e-05,0.875
1939-09-16,1939-09-27,257.7185,0.9439744768586136,243.27968621428656,0.884,1939,9,16,1939.09,1938,12,351,51,0.0210193648889143,6.519493811544577,0.026798348489327,0.68,3,Normal,40,6,4,3,65,118.0,0.4850384421166294,125.27968621428656,125.27968621428656,,1,125.27968621428656,0.0,0.0,0.0,0.0,0.0,0.0,0.0,0.0,0.0,40.0,6.0,4.0,3.0,65.0,175.27968621428656,990.0,964.6596781172858,25.340321882714196,0.0973929763044801,0.0025279686214286,989.900079055074,0.1111034351857158,0.0,0.0,0.0,25.129297502602597,25.24040093778831,25.24040093778831,25.24040093778831,,0.9064406760287952,0.0,0.0,0.0,27.985887911814604,0.0,0.0,0.0,0.5699773505461223,0.0,0.0,0.0,0.97,0.96,0.96,0.96,27.146311274460164,0.0,0.0,0.0,27.146311274460164,651.511470587044,0.1115847841506546,6.019046062891132e-05,0.885
1939-09-17,1939-09-28,257.7185,0.9439744768586136,243.27968621428656,0.884,1939,9,17,1939.09,1938,12,352,51,0.0210193648889143,0.0,0.0,0.68,3,Normal,40,6,4,3,65,118.0,0.4850384421166294,125.27968621428656,125.27968621428656,,1,125.27968621428656,0.0,0.0,0.0,0.0,0.0,0.0,0.0,0.0,0.0,40.0,6.0,4.0,3.0,65.0,175.27968621428656,990.0,964.6596781172858,25.340321882714196,0.0973929763044801,0.0025279686214286,989.900079055074,0.1111034351857158,0.0,0.0,0.0,25.129297502602597,25.24040093778831,25.24040093778831,25.24040093778831,,0.9064406760287952,0.0,0.0,0.0,27.985887911814604,0.0,0.0,0.0,0.5699773505461223,0.0,0.0,0.0,0.97,0.96,0.96,0.96,27.146311274460164,0.0,0.0,0.0,27.146311274460164,651.511470587044,0.1115847841506546,6.019046062891132e-05,0.885
1939-09-18,1939-09-29,257.7185,0.9439744768586136,243.27968621428656,0.884,1939,9,18,1939.09,1938,12,353,51,0.0210193648889143,0.0,0.0,0.68,3,Normal,40,6,4,3,65,118.0,0.4850384421166294,125.27968621428656,125.27968621428656,,1,125.27968621428656,0.0,0.0,0.0,0.0,0.0,0.0,0.0,0.0,0.0,40.0,6.0,4.0,3.0,65.0,175.27968621428656,990.0,964.6596781172858,25.340321882714196,0.0973929763044801,0.0025279686214286,989.900079055074,0.1111034351857158,0.0,0.0,0.0,25.129297502602597,25.24040093778831,25.24040093778831,25.24040093778831,,0.9064406760287952,0.0,0.0,0.0,27.985887911814604,0.0,0.0,0.0,0.5699773505461223,0.0,0.0,0.0,0.97,0.96,0.96,0.96,27.146311274460164,0.0,0.0,0.0,27.146311274460164,651.511470587044,0.1115847841506546,6.019046062891132e-05,0.885
1939-09-19,1939-09-30,257.7185,0.9439744768586136,243.27968621428656,0.884,1939,9,19,1939.09,1938,12,354,51,0.0210193648889143,0.0,0.0,0.68,3,Normal,40,6,4,3,65,118.0,0.4850384421166294,125.27968621428656,125.27968621428656,,1,125.27968621428656,0.0,0.0,0.0,0.0,0.0,0.0,0.0,0.0,0.0,40.0,6.0,4.0,3.0,65.0,175.27968621428656,990.0,964.6596781172858,25.340321882714196,0.0973929763044801,0.0025279686214286,989.900079055074,0.1111034351857158,0.0,0.0,0.0,25.129297502602597,25.24040093778831,25.24040093778831,25.24040093778831,,0.9064406760287952,0.0,0.0,0.0,27.985887911814604,0.0,0.0,0.0,0.5699773505461223,0.0,0.0,0.0,0.97,0.96,0.96,0.96,27.146311274460164,0.0,0.0,0.0,27.146311274460164,651.511470587044,0.1115847841506546,6.019046062891132e-05,0.885
1939-09-20,1939-10-01,257.7185,0.9439744768586136,243.27968621428656,0.884,1939,9,20,1939.09,1938,12,355,51,0.0210193648889143,0.0,0.0,0.68,3,Normal,40,6,4,3,65,118.0,0.4850384421166294,125.27968621428656,125.27968621428656,,1,125.27968621428656,0.0,0.0,0.0,0.0,0.0,0.0,0.0,0.0,0.0,40.0,6.0,4.0,3.0,65.0,175.27968621428656,990.0,964.6596781172858,25.340321882714196,0.0973929763044801,0.0025279686214286,989.900079055074,0.1111034351857158,0.0,0.0,0.0,25.129297502602597,25.24040093778831,25.24040093778831,25.24040093778831,,0.9064406760287952,0.0,0.0,0.0,27.985887911814604,0.0,0.0,0.0,0.5699773505461223,0.0,0.0,0.0,0.97,0.96,0.96,0.96,27.146311274460164,0.0,0.0,0.0,27.146311274460164,651.511470587044,0.1115847841506546,6.019046062891132e-05,0.885
1939-09-21,1939-10-02,257.7185,0.9439744768586136,243.27968621428656,0.884,1939,9,21,1939.09,1938,12,356,51,0.0210193648889143,0.0,0.0,0.66,3,Normal,40,6,4,3,65,118.0,0.4850384421166294,125.27968621428656,125.27968621428656,,1,125.27968621428656,0.0,0.0,0.0,0.0,0.0,0.0,0.0,0.0,0.0,40.0,6.0,4.0,3.0,65.0,175.27968621428656,990.0,964.6596781172858,25.340321882714196,0.0973929763044801,0.0025279686214286,989.900079055074,0.1111034351857158,0.0,0.0,0.0,25.129297502602597,25.24040093778831,25.24040093778831,25.24040093778831,,0.9064406760287952,0.0,0.0,0.0,27.985887911814604,0.0,0.0,0.0,0.5699773505461223,0.0,0.0,0.0,0.97,0.96,0.96,0.96,27.146311274460164,0.0,0.0,0.0,27.146311274460164,651.511470587044,0.1115847841506546,6.019046062891132e-05,0.885
1939-09-22,1939-10-03,257.7185,0.9439744768586136,243.27968621428656,0.884,1939,9,22,1939.09,1938,12,357,51,0.0210193648889143,0.0,0.0,0.66,3,Normal,40,6,4,3,65,118.0,0.4850384421166294,125.27968621428656,125.27968621428656,,1,125.27968621428656,0.0,0.0,0.0,0.0,0.0,0.0,0.0,0.0,0.0,40.0,6.0,4.0,3.0,65.0,175.27968621428656,990.0,964.6596781172858,25.340321882714196,0.0973929763044801,0.0025279686214286,989.900079055074,0.1111034351857158,0.0,0.0,0.0,25.129297502602597,25.24040093778831,25.24040093778831,25.24040093778831,,0.9064406760287952,0.0,0.0,0.0,27.985887911814604,0.0,0.0,0.0,0.5699773505461223,0.0,0.0,0.0,0.97,0.96,0.96,0.96,27.146311274460164,0.0,0.0,0.0,27.146311274460164,651.511470587044,0.1115847841506546,6.019046062891132e-05,0.885
1939-09-23,1939-10-04,257.7185,0.9439744768586136,243.27968621428656,0.884,1939,9,23,1939.09,1938,12,358,52,0.0210193648889143,0.0,0.0,0.66,3,Normal,40,6,4,3,65,118.0,0.4850384421166294,125.27968621428656,125.27968621428656,,1,125.27968621428656,0.0,0.0,0.0,0.0,0.0,0.0,0.0,0.0,0.0,40.0,6.0,4.0,3.0,65.0,175.27968621428656,990.0,964.6596781172858,25.340321882714196,0.0973929763044801,0.0025279686214286,989.900079055074,0.1111034351857158,0.0,0.0,0.0,25.129297502602597,25.24040093778831,25.24040093778831,25.24040093778831,,0.9064406760287952,0.0,0.0,0.0,27.985887911814604,0.0,0.0,0.0,0.5699773505461223,0.0,0.0,0.0,0.97,0.96,0.96,0.96,27.146311274460164,0.0,0.0,0.0,27.146311274460164,651.511470587044,0.1115847841506546,6.019046062891132e-05,0.885
1939-09-24,1939-10-05,257.7185,0.9439744768586136,243.27968621428656,0.884,1939,9,24,1939.09,1938,12,359,52,0.0210193648889143,0.0,0.0,0.66,3,Normal,40,6,4,3,65,118.0,0.4850384421166294,125.27968621428656,125.27968621428656,,1,125.27968621428656,0.0,0.0,0.0,0.0,0.0,0.0,0.0,0.0,0.0,40.0,6.0,4.0,3.0,65.0,175.27968621428656,990.0,964.6596781172858,25.340321882714196,0.0973929763044801,0.0025279686214286,989.900079055074,0.1111034351857158,0.0,0.0,0.0,25.129297502602597,25.24040093778831,25.24040093778831,25.24040093778831,,0.9064406760287952,0.0,0.0,0.0,27.985887911814604,0.0,0.0,0.0,0.5699773505461223,0.0,0.0,0.0,0.97,0.96,0.96,0.96,27.146311274460164,0.0,0.0,0.0,27.146311274460164,651.511470587044,0.1115847841506546,6.019046062891132e-05,0.885
1939-09-25,1939-10-06,257.7185,0.9439744768586136,243.27968621428656,0.884,1939,9,25,1939.09,1938,12,360,52,0.0210193648889143,0.0,0.0,0.66,3,Normal,40,6,4,3,65,118.0,0.4850384421166294,125.27968621428656,125.27968621428656,,1,125.27968621428656,0.0,0.0,0.0,0.0,0.0,0.0,0.0,0.0,0.0,40.0,6.0,4.0,3.0,65.0,175.27968621428656,990.0,964.6596781172858,25.340321882714196,0.0973929763044801,0.0025279686214286,989.900079055074,0.1111034351857158,0.0,0.0,0.0,25.129297502602597,25.24040093778831,25.24040093778831,25.24040093778831,,0.9064406760287952,0.0,0.0,0.0,27.985887911814604,0.0,0.0,0.0,0.5699773505461223,0.0,0.0,0.0,0.97,0.96,0.96,0.96,27.146311274460164,0.0,0.0,0.0,27.146311274460164,651.511470587044,0.1115847841506546,6.019046062891132e-05,0.885
1939-09-26,1939-10-07,257.7185,0.9439744768586136,243.27968621428656,0.884,1939,9,26,1939.09,1938,12,361,52,0.0210193648889143,0.0,0.0,0.66,3,Normal,40,6,4,3,65,118.0,0.4850384421166294,125.27968621428656,125.27968621428656,,1,125.27968621428656,0.0,0.0,0.0,0.0,0.0,0.0,0.0,0.0,0.0,40.0,6.0,4.0,3.0,65.0,175.27968621428656,990.0,964.6596781172858,25.340321882714196,0.0973929763044801,0.0025279686214286,989.900079055074,0.1111034351857158,0.0,0.0,0.0,25.129297502602597,25.24040093778831,25.24040093778831,25.24040093778831,,0.9064406760287952,0.0,0.0,0.0,27.985887911814604,0.0,0.0,0.0,0.5699773505461223,0.0,0.0,0.0,0.97,0.96,0.96,0.96,27.146311274460164,0.0,0.0,0.0,27.146311274460164,651.511470587044,0.1115847841506546,6.019046062891132e-05,0.885
1939-09-27,1939-10-08,257.7185,0.9439744768586136,243.27968621428656,0.884,1939,9,27,1939.09,1938,12,362,52,0.0210193648889143,0.0,0.0,0.66,3,Normal,40,6,4,3,65,118.0,0.4850384421166294,125.27968621428656,125.27968621428656,,1,125.27968621428656,0.0,0.0,0.0,0.0,0.0,0.0,0.0,0.0,0.0,40.0,6.0,4.0,3.0,65.0,175.27968621428656,990.0,964.6596781172858,25.340321882714196,0.0973929763044801,0.0025279686214286,989.900079055074,0.1111034351857158,0.0,0.0,0.0,25.129297502602597,25.24040093778831,25.24040093778831,25.24040093778831,,0.9064406760287952,0.0,0.0,0.0,27.985887911814604,0.0,0.0,0.0,0.5699773505461223,0.0,0.0,0.0,0.97,0.96,0.96,0.96,27.146311274460164,0.0,0.0,0.0,27.146311274460164,651.511470587044,0.1115847841506546,6.019046062891132e-05,0.885
1939-09-28,1939-10-09,257.7185,0.9439744768586136,243.27968621428656,0.884,1939,9,28,1939.09,1938,12,363,52,0.0210193648889143,0.0,0.0,0.66,3,Normal,40,6,4,3,65,118.0,0.4850384421166294,125.27968621428656,125.27968621428656,,1,125.27968621428656,0.0,0.0,0.0,0.0,0.0,0.0,0.0,0.0,0.0,40.0,6.0,4.0,3.0,65.0,175.27968621428656,990.0,964.6596781172858,25.340321882714196,0.0973929763044801,0.0025279686214286,989.900079055074,0.1111034351857158,0.0,0.0,0.0,25.129297502602597,25.24040093778831,25.24040093778831,25.24040093778831,,0.9064406760287952,0.0,0.0,0.0,27.985887911814604,0.0,0.0,0.0,0.5699773505461223,0.0,0.0,0.0,0.97,0.96,0.96,0.96,27.146311274460164,0.0,0.0,0.0,27.146311274460164,651.511470587044,0.1115847841506546,6.019046062891132e-05,0.885
1939-09-29,1939-10-10,257.7185,0.9439744768586136,243.27968621428656,0.884,1939,9,29,1939.09,1938,12,364,52,0.0210193648889143,0.0,0.0,0.66,3,Normal,40,6,4,3,65,118.0,0.4850384421166294,125.27968621428656,125.27968621428656,,1,125.27968621428656,0.0,0.0,0.0,0.0,0.0,0.0,0.0,0.0,0.0,40.0,6.0,4.0,3.0,65.0,175.27968621428656,990.0,964.6596781172858,25.340321882714196,0.0973929763044801,0.0025279686214286,989.900079055074,0.1111034351857158,0.0,0.0,0.0,25.129297502602597,25.24040093778831,25.24040093778831,25.24040093778831,,0.9064406760287952,0.0,0.0,0.0,27.985887911814604,0.0,0.0,0.0,0.5699773505461223,0.0,0.0,0.0,0.97,0.96,0.96,0.96,27.146311274460164,0.0,0.0,0.0,27.146311274460164,651.511470587044,0.1115847841506546,6.019046062891132e-05,0.885
1939-09-30,1939-10-11,250.8784,0.9414693900674836,236.1943342291061,0.893,1939,9,30,1939.09,1938,12,365,53,0.0204071904773947,7.085351985180466,0.0299979760662156,0.66,3,Normal,40,6,4,3,65,118.0,0.4995886136944385,118.19433422910612,118.19433422910612,,1,118.19433422910612,0.0,0.0,0.0,0.0,0.0,0.0,0.0,0.0,0.0,40.0,6.0,4.0,3.0,65.0,168.19433422910612,990.0,964.6171660053748,25.382833994625344,0.0948923265903338,0.0018194334229106,989.9032882399868,0.0989025948203161,0.0,0.0,0.0,25.187219639791778,25.28612223461209,25.28612223461209,25.28612223461209,,0.900619858916777,0.0,0.0,0.0,26.294027122125616,0.0,0.0,0.0,0.5355199006542896,0.0,0.0,0.0,0.97,0.96,0.96,0.96,25.505206308461847,0.0,0.0,0.0,25.505206308461847,612.1249514030843,0.1079839886579246,5.994178634988764e-05,0.895
