Date,LaggedDate,VicFalls,Conversion,Flow,Exceedance,Year,Month,Day,MonthId,WaterYear,WaterMonth,WaterDay,WaterWeek,Volume,Flow_difference,Flow_difference_pct,EWRRefExceedance,EWRBandNo,EWRBandLabel,EWRChannelA,EWRChannelC,EWRChannelD,EWRChannelE,EWRChannelFG,EWRTotal,EWRProportion,FlowAvailableForGeneration,FlowCanal,LowFlowShutoff,Turbines,FlowTurbine1,FlowTurbine2,FlowTurbine3,FlowTurbine4,FlowSpill,SpillChannelA,SpillChannelC,SpillChannelD,SpillChannelE,SpillChannelFG,FlowChannelA,FlowChannelC,FlowChannelD,FlowChannelE,FlowChannelFG,FlowLeftChannel,LevelHeadpond,LevelTailwater,HeadGross,HeadlossLeftChannel,HeadlossCanal,LevelForebay,HeadlossTurbine1,HeadlossTurbine2,HeadlossTurbine3,HeadlossTurbine4,HeadTurbine1,HeadTurbine2,HeadTurbine3,HeadTurbine4,LowHeadShutoff,EffTurbine1,EffTurbine2,EffTurbine3,EffTurbine4,PowerTurbine1,PowerTurbine2,PowerTurbine3,PowerTurbine4,LoadFactorTurbine1,LoadFactorTurbine2,LoadFactorTurbine3,LoadFactorTurbine4,EffGen1,EffGen2,EffGen3,EffGen4,PowerGenerator1,PowerGenerator2,PowerGenerator3,PowerGenerator4,Power,Energy,PerfMwPerCumec,PerfMWhPerm3,ExceedanceRnd
1946-10-01,1946-10-12,200.2476,0.9942319359830292,199.0925590239552,0.959,1946,10,1,1946.1,1946,1,1,1,0.0172015970996697,1.155423244384593,0.0058034476529359,0.84,4,Mod_Dry,31,4,3,2,33,73.0,0.366663628002373,126.0925590239552,126.0925590239552,,1,126.0925590239552,0.0,0.0,0.0,0.0,0.0,0.0,0.0,0.0,0.0,31.0,4.0,3.0,2.0,33.0,164.0925590239552,990.0,964.401814881952,25.598185118047923,0.0934446775510614,0.0026092559023955,989.9039460665466,0.1125666062431193,0.0,0.0,0.0,25.38956457835141,25.4,25.4,25.4,,0.9070746207807978,0.0,0.0,0.0,28.47911091970249,0.0,0.0,0.0,0.5800226256558552,0.0,0.0,0.0,0.97,0.96,0.96,0.96,27.62473759211141,0.0,0.0,0.0,27.62473759211141,662.9937022106739,0.1387532398374946,6.085639215691641e-05,0.96
1946-10-02,1946-10-13,200.2476,0.9942319359830292,199.0925590239552,0.959,1946,10,2,1946.1,1946,1,2,1,0.0172015970996697,0.0,0.0,0.84,4,Mod_Dry,31,4,3,2,33,73.0,0.366663628002373,126.0925590239552,126.0925590239552,,1,126.0925590239552,0.0,0.0,0.0,0.0,0.0,0.0,0.0,0.0,0.0,31.0,4.0,3.0,2.0,33.0,164.0925590239552,990.0,964.401814881952,25.598185118047923,0.0934446775510614,0.0026092559023955,989.9039460665466,0.1125666062431193,0.0,0.0,0.0,25.38956457835141,25.4,25.4,25.4,,0.9070746207807978,0.0,0.0,0.0,28.47911091970249,0.0,0.0,0.0,0.5800226256558552,0.0,0.0,0.0,0.97,0.96,0.96,0.96,27.62473759211141,0.0,0.0,0.0,27.62473759211141,662.9937022106739,0.1387532398374946,6.085639215691641e-05,0.96
1946-10-03,1946-10-14,200.2476,0.9942319359830292,199.0925590239552,0.959,1946,10,3,1946.1,1946,1,3,1,0.0172015970996697,0.0,0.0,0.84,4,Mod_Dry,31,4,3,2,33,73.0,0.366663628002373,126.0925590239552,126.0925590239552,,1,126.0925590239552,0.0,0.0,0.0,0.0,0.0,0.0,0.0,0.0,0.0,31.0,4.0,3.0,2.0,33.0,164.0925590239552,990.0,964.401814881952,25.598185118047923,0.0934446775510614,0.0026092559023955,989.9039460665466,0.1125666062431193,0.0,0.0,0.0,25.38956457835141,25.4,25.4,25.4,,0.9070746207807978,0.0,0.0,0.0,28.47911091970249,0.0,0.0,0.0,0.5800226256558552,0.0,0.0,0.0,0.97,0.96,0.96,0.96,27.62473759211141,0.0,0.0,0.0,27.62473759211141,662.9937022106739,0.1387532398374946,6.085639215691641e-05,0.96
1946-10-04,1946-10-15,200.2476,0.9942319359830292,199.0925590239552,0.959,1946,10,4,1946.1,1946,1,4,1,0.0172015970996697,0.0,0.0,0.84,4,Mod_Dry,31,4,3,2,33,73.0,0.366663628002373,126.0925590239552,126.0925590239552,,1,126.0925590239552,0.0,0.0,0.0,0.0,0.0,0.0,0.0,0.0,0.0,31.0,4.0,3.0,2.0,33.0,164.0925590239552,990.0,964.401814881952,25.598185118047923,0.0934446775510614,0.0026092559023955,989.9039460665466,0.1125666062431193,0.0,0.0,0.0,25.38956457835141,25.4,25.4,25.4,,0.9070746207807978,0.0,0.0,0.0,28.47911091970249,0.0,0.0,0.0,0.5800226256558552,0.0,0.0,0.0,0.97,0.96,0.96,0.96,27.62473759211141,0.0,0.0,0.0,27.62473759211141,662.9937022106739,0.1387532398374946,6.085639215691641e-05,0.96
1946-10-05,1946-10-16,200.2476,0.9942319359830292,199.0925590239552,0.959,1946,10,5,1946.1,1946,1,5,1,0.0172015970996697,0.0,0.0,0.84,4,Mod_Dry,31,4,3,2,33,73.0,0.366663628002373,126.0925590239552,126.0925590239552,,1,126.0925590239552,0.0,0.0,0.0,0.0,0.0,0.0,0.0,0.0,0.0,31.0,4.0,3.0,2.0,33.0,164.0925590239552,990.0,964.401814881952,25.598185118047923,0.0934446775510614,0.0026092559023955,989.9039460665466,0.1125666062431193,0.0,0.0,0.0,25.38956457835141,25.4,25.4,25.4,,0.9070746207807978,0.0,0.0,0.0,28.47911091970249,0.0,0.0,0.0,0.5800226256558552,0.0,0.0,0.0,0.97,0.96,0.96,0.96,27.62473759211141,0.0,0.0,0.0,27.62473759211141,662.9937022106739,0.1387532398374946,6.085639215691641e-05,0.96
1946-10-06,1946-10-17,200.2476,0.9942319359830292,199.0925590239552,0.959,1946,10,6,1946.1,1946,1,6,1,0.0172015970996697,0.0,0.0,0.84,4,Mod_Dry,31,4,3,2,33,73.0,0.366663628002373,126.0925590239552,126.0925590239552,,1,126.0925590239552,0.0,0.0,0.0,0.0,0.0,0.0,0.0,0.0,0.0,31.0,4.0,3.0,2.0,33.0,164.0925590239552,990.0,964.401814881952,25.598185118047923,0.0934446775510614,0.0026092559023955,989.9039460665466,0.1125666062431193,0.0,0.0,0.0,25.38956457835141,25.4,25.4,25.4,,0.9070746207807978,0.0,0.0,0.0,28.47911091970249,0.0,0.0,0.0,0.5800226256558552,0.0,0.0,0.0,0.97,0.96,0.96,0.96,27.62473759211141,0.0,0.0,0.0,27.62473759211141,662.9937022106739,0.1387532398374946,6.085639215691641e-05,0.96
1946-10-07,1946-10-18,197.3191,0.9892995851469644,195.20770377157243,0.965,1946,10,7,1946.1,1946,1,7,1,0.0168659456058638,3.8848552523827777,0.0199011369803762,0.84,4,Mod_Dry,31,4,3,2,33,73.0,0.37396065108897,122.20770377157244,122.20770377157244,,1,122.20770377157244,0.0,0.0,0.0,0.0,0.0,0.0,0.0,0.0,0.0,31.0,4.0,3.0,2.0,33.0,160.20770377157243,990.0,964.4095845924568,25.59041540754322,0.0920735865739738,0.0022207703771572,989.9057056430488,0.105741404562536,0.0,0.0,0.0,25.3903796460296,25.4,25.4,25.4,,0.904240422632142,0.0,0.0,0.0,27.516322804984352,0.0,0.0,0.0,0.5604139064151599,0.0,0.0,0.0,0.97,0.96,0.96,0.96,26.69083312083482,0.0,0.0,0.0,26.69083312083482,640.5799949000357,0.1367304292051292,6.066819097756139e-05,0.965
1946-10-08,1946-10-19,197.3191,0.9892995851469644,195.20770377157243,0.965,1946,10,8,1946.1,1946,1,8,2,0.0168659456058638,0.0,0.0,0.84,4,Mod_Dry,31,4,3,2,33,73.0,0.37396065108897,122.20770377157244,122.20770377157244,,1,122.20770377157244,0.0,0.0,0.0,0.0,0.0,0.0,0.0,0.0,0.0,31.0,4.0,3.0,2.0,33.0,160.20770377157243,990.0,964.4095845924568,25.59041540754322,0.0920735865739738,0.0022207703771572,989.9057056430488,0.105741404562536,0.0,0.0,0.0,25.3903796460296,25.4,25.4,25.4,,0.904240422632142,0.0,0.0,0.0,27.516322804984352,0.0,0.0,0.0,0.5604139064151599,0.0,0.0,0.0,0.97,0.96,0.96,0.96,26.69083312083482,0.0,0.0,0.0,26.69083312083482,640.5799949000357,0.1367304292051292,6.066819097756139e-05,0.965
1946-10-09,1946-10-20,197.3191,0.9892995851469644,195.20770377157243,0.965,1946,10,9,1946.1,1946,1,9,2,0.0168659456058638,0.0,0.0,0.84,4,Mod_Dry,31,4,3,2,33,73.0,0.37396065108897,122.20770377157244,122.20770377157244,,1,122.20770377157244,0.0,0.0,0.0,0.0,0.0,0.0,0.0,0.0,0.0,31.0,4.0,3.0,2.0,33.0,160.20770377157243,990.0,964.4095845924568,25.59041540754322,0.0920735865739738,0.0022207703771572,989.9057056430488,0.105741404562536,0.0,0.0,0.0,25.3903796460296,25.4,25.4,25.4,,0.904240422632142,0.0,0.0,0.0,27.516322804984352,0.0,0.0,0.0,0.5604139064151599,0.0,0.0,0.0,0.97,0.96,0.96,0.96,26.69083312083482,0.0,0.0,0.0,26.69083312083482,640.5799949000357,0.1367304292051292,6.066819097756139e-05,0.965
1946-10-10,1946-10-21,197.3191,0.9892995851469644,195.20770377157243,0.965,1946,10,10,1946.1,1946,1,10,2,0.0168659456058638,0.0,0.0,0.84,4,Mod_Dry,31,4,3,2,33,73.0,0.37396065108897,122.20770377157244,122.20770377157244,,1,122.20770377157244,0.0,0.0,0.0,0.0,0.0,0.0,0.0,0.0,0.0,31.0,4.0,3.0,2.0,33.0,160.20770377157243,990.0,964.4095845924568,25.59041540754322,0.0920735865739738,0.0022207703771572,989.9057056430488,0.105741404562536,0.0,0.0,0.0,25.3903796460296,25.4,25.4,25.4,,0.904240422632142,0.0,0.0,0.0,27.516322804984352,0.0,0.0,0.0,0.5604139064151599,0.0,0.0,0.0,0.97,0.96,0.96,0.96,26.69083312083482,0.0,0.0,0.0,26.69083312083482,640.5799949000357,0.1367304292051292,6.066819097756139e-05,0.965
1946-10-11,1946-10-22,197.3191,0.9892995851469644,195.20770377157243,0.965,1946,10,11,1946.1,1946,1,11,2,0.0168659456058638,0.0,0.0,0.81,4,Mod_Dry,31,4,3,2,33,73.0,0.37396065108897,122.20770377157244,122.20770377157244,,1,122.20770377157244,0.0,0.0,0.0,0.0,0.0,0.0,0.0,0.0,0.0,31.0,4.0,3.0,2.0,33.0,160.20770377157243,990.0,964.4095845924568,25.59041540754322,0.0920735865739738,0.0022207703771572,989.9057056430488,0.105741404562536,0.0,0.0,0.0,25.3903796460296,25.4,25.4,25.4,,0.904240422632142,0.0,0.0,0.0,27.516322804984352,0.0,0.0,0.0,0.5604139064151599,0.0,0.0,0.0,0.97,0.96,0.96,0.96,26.69083312083482,0.0,0.0,0.0,26.69083312083482,640.5799949000357,0.1367304292051292,6.066819097756139e-05,0.965
1946-10-12,1946-10-23,197.3191,0.9892995851469644,195.20770377157243,0.965,1946,10,12,1946.1,1946,1,12,2,0.0168659456058638,0.0,0.0,0.81,4,Mod_Dry,31,4,3,2,33,73.0,0.37396065108897,122.20770377157244,122.20770377157244,,1,122.20770377157244,0.0,0.0,0.0,0.0,0.0,0.0,0.0,0.0,0.0,31.0,4.0,3.0,2.0,33.0,160.20770377157243,990.0,964.4095845924568,25.59041540754322,0.0920735865739738,0.0022207703771572,989.9057056430488,0.105741404562536,0.0,0.0,0.0,25.3903796460296,25.4,25.4,25.4,,0.904240422632142,0.0,0.0,0.0,27.516322804984352,0.0,0.0,0.0,0.5604139064151599,0.0,0.0,0.0,0.97,0.96,0.96,0.96,26.69083312083482,0.0,0.0,0.0,26.69083312083482,640.5799949000357,0.1367304292051292,6.066819097756139e-05,0.965
1946-10-13,1946-10-24,194.4177,1.0019441346365396,194.7956741845264,0.967,1946,10,13,1946.1,1946,1,13,2,0.016830346249543,0.4120295870460211,0.0021151885880982,0.81,4,Mod_Dry,31,4,3,2,33,73.0,0.3747516483905511,121.7956741845264,121.7956741845264,,1,121.7956741845264,0.0,0.0,0.0,0.0,0.0,0.0,0.0,0.0,0.0,31.0,4.0,3.0,2.0,33.0,159.7956741845264,990.0,964.410408651631,25.589591348369023,0.091928168015909,0.0021795674184526,989.9058922645656,0.1050244730810759,0.0,0.0,0.0,25.390459139853583,25.4,25.4,25.4,,0.90389497770613,0.0,0.0,0.0,27.4131593707418,0.0,0.0,0.0,0.5583128181413809,0.0,0.0,0.0,0.97,0.96,0.96,0.96,26.590764589619543,0.0,0.0,0.0,26.590764589619543,638.1783501508692,0.1365059296154112,6.064520391689691e-05,0.965
1946-10-14,1946-10-25,194.4177,1.0019441346365396,194.7956741845264,0.967,1946,10,14,1946.1,1946,1,14,2,0.016830346249543,0.0,0.0,0.81,4,Mod_Dry,31,4,3,2,33,73.0,0.3747516483905511,121.7956741845264,121.7956741845264,,1,121.7956741845264,0.0,0.0,0.0,0.0,0.0,0.0,0.0,0.0,0.0,31.0,4.0,3.0,2.0,33.0,159.7956741845264,990.0,964.410408651631,25.589591348369023,0.091928168015909,0.0021795674184526,989.9058922645656,0.1050244730810759,0.0,0.0,0.0,25.390459139853583,25.4,25.4,25.4,,0.90389497770613,0.0,0.0,0.0,27.4131593707418,0.0,0.0,0.0,0.5583128181413809,0.0,0.0,0.0,0.97,0.96,0.96,0.96,26.590764589619543,0.0,0.0,0.0,26.590764589619543,638.1783501508692,0.1365059296154112,6.064520391689691e-05,0.965
1946-10-15,1946-10-26,194.4177,1.0019441346365396,194.7956741845264,0.967,1946,10,15,1946.1,1946,1,15,3,0.016830346249543,0.0,0.0,0.81,4,Mod_Dry,31,4,3,2,33,73.0,0.3747516483905511,121.7956741845264,121.7956741845264,,1,121.7956741845264,0.0,0.0,0.0,0.0,0.0,0.0,0.0,0.0,0.0,31.0,4.0,3.0,2.0,33.0,159.7956741845264,990.0,964.410408651631,25.589591348369023,0.091928168015909,0.0021795674184526,989.9058922645656,0.1050244730810759,0.0,0.0,0.0,25.390459139853583,25.4,25.4,25.4,,0.90389497770613,0.0,0.0,0.0,27.4131593707418,0.0,0.0,0.0,0.5583128181413809,0.0,0.0,0.0,0.97,0.96,0.96,0.96,26.590764589619543,0.0,0.0,0.0,26.590764589619543,638.1783501508692,0.1365059296154112,6.064520391689691e-05,0.965
1946-10-16,1946-10-27,194.4177,1.0019441346365396,194.7956741845264,0.967,1946,10,16,1946.1,1946,1,16,3,0.016830346249543,0.0,0.0,0.81,4,Mod_Dry,31,4,3,2,33,73.0,0.3747516483905511,121.7956741845264,121.7956741845264,,1,121.7956741845264,0.0,0.0,0.0,0.0,0.0,0.0,0.0,0.0,0.0,31.0,4.0,3.0,2.0,33.0,159.7956741845264,990.0,964.410408651631,25.589591348369023,0.091928168015909,0.0021795674184526,989.9058922645656,0.1050244730810759,0.0,0.0,0.0,25.390459139853583,25.4,25.4,25.4,,0.90389497770613,0.0,0.0,0.0,27.4131593707418,0.0,0.0,0.0,0.5583128181413809,0.0,0.0,0.0,0.97,0.96,0.96,0.96,26.590764589619543,0.0,0.0,0.0,26.590764589619543,638.1783501508692,0.1365059296154112,6.064520391689691e-05,0.965
1946-10-17,1946-10-28,194.4177,1.0019441346365396,194.7956741845264,0.967,1946,10,17,1946.1,1946,1,17,3,0.016830346249543,0.0,0.0,0.81,4,Mod_Dry,31,4,3,2,33,73.0,0.3747516483905511,121.7956741845264,121.7956741845264,,1,121.7956741845264,0.0,0.0,0.0,0.0,0.0,0.0,0.0,0.0,0.0,31.0,4.0,3.0,2.0,33.0,159.7956741845264,990.0,964.410408651631,25.589591348369023,0.091928168015909,0.0021795674184526,989.9058922645656,0.1050244730810759,0.0,0.0,0.0,25.390459139853583,25.4,25.4,25.4,,0.90389497770613,0.0,0.0,0.0,27.4131593707418,0.0,0.0,0.0,0.5583128181413809,0.0,0.0,0.0,0.97,0.96,0.96,0.96,26.590764589619543,0.0,0.0,0.0,26.590764589619543,638.1783501508692,0.1365059296154112,6.064520391689691e-05,0.965
1946-10-18,1946-10-29,194.4177,1.0019441346365396,194.7956741845264,0.967,1946,10,18,1946.1,1946,1,18,3,0.016830346249543,0.0,0.0,0.81,4,Mod_Dry,31,4,3,2,33,73.0,0.3747516483905511,121.7956741845264,121.7956741845264,,1,121.7956741845264,0.0,0.0,0.0,0.0,0.0,0.0,0.0,0.0,0.0,31.0,4.0,3.0,2.0,33.0,159.7956741845264,990.0,964.410408651631,25.589591348369023,0.091928168015909,0.0021795674184526,989.9058922645656,0.1050244730810759,0.0,0.0,0.0,25.390459139853583,25.4,25.4,25.4,,0.90389497770613,0.0,0.0,0.0,27.4131593707418,0.0,0.0,0.0,0.5583128181413809,0.0,0.0,0.0,0.97,0.96,0.96,0.96,26.590764589619543,0.0,0.0,0.0,26.590764589619543,638.1783501508692,0.1365059296154112,6.064520391689691e-05,0.965
1946-10-19,1946-10-30,194.4177,1.0019441346365396,194.7956741845264,0.967,1946,10,19,1946.1,1946,1,19,3,0.016830346249543,0.0,0.0,0.81,4,Mod_Dry,31,4,3,2,33,73.0,0.3747516483905511,121.7956741845264,121.7956741845264,,1,121.7956741845264,0.0,0.0,0.0,0.0,0.0,0.0,0.0,0.0,0.0,31.0,4.0,3.0,2.0,33.0,159.7956741845264,990.0,964.410408651631,25.589591348369023,0.091928168015909,0.0021795674184526,989.9058922645656,0.1050244730810759,0.0,0.0,0.0,25.390459139853583,25.4,25.4,25.4,,0.90389497770613,0.0,0.0,0.0,27.4131593707418,0.0,0.0,0.0,0.5583128181413809,0.0,0.0,0.0,0.97,0.96,0.96,0.96,26.590764589619543,0.0,0.0,0.0,26.590764589619543,638.1783501508692,0.1365059296154112,6.064520391689691e-05,0.965
1946-10-20,1946-10-31,194.4177,1.0019441346365396,194.7956741845264,0.967,1946,10,20,1946.1,1946,1,20,3,0.016830346249543,0.0,0.0,0.81,4,Mod_Dry,31,4,3,2,33,73.0,0.3747516483905511,121.7956741845264,121.7956741845264,,1,121.7956741845264,0.0,0.0,0.0,0.0,0.0,0.0,0.0,0.0,0.0,31.0,4.0,3.0,2.0,33.0,159.7956741845264,990.0,964.410408651631,25.589591348369023,0.091928168015909,0.0021795674184526,989.9058922645656,0.1050244730810759,0.0,0.0,0.0,25.390459139853583,25.4,25.4,25.4,,0.90389497770613,0.0,0.0,0.0,27.4131593707418,0.0,0.0,0.0,0.5583128181413809,0.0,0.0,0.0,0.97,0.96,0.96,0.96,26.590764589619543,0.0,0.0,0.0,26.590764589619543,638.1783501508692,0.1365059296154112,6.064520391689691e-05,0.965
1946-10-21,1946-11-01,194.4177,1.0019441346365396,194.7956741845264,0.967,1946,10,21,1946.1,1946,1,21,3,0.016830346249543,0.0,0.0,0.77,4,Mod_Dry,31,4,3,2,33,73.0,0.3747516483905511,121.7956741845264,121.7956741845264,,1,121.7956741845264,0.0,0.0,0.0,0.0,0.0,0.0,0.0,0.0,0.0,31.0,4.0,3.0,2.0,33.0,159.7956741845264,990.0,964.410408651631,25.589591348369023,0.091928168015909,0.0021795674184526,989.9058922645656,0.1050244730810759,0.0,0.0,0.0,25.390459139853583,25.4,25.4,25.4,,0.90389497770613,0.0,0.0,0.0,27.4131593707418,0.0,0.0,0.0,0.5583128181413809,0.0,0.0,0.0,0.97,0.96,0.96,0.96,26.590764589619543,0.0,0.0,0.0,26.590764589619543,638.1783501508692,0.1365059296154112,6.064520391689691e-05,0.965
1946-10-22,1946-11-02,194.4177,1.0019441346365396,194.7956741845264,0.967,1946,10,22,1946.1,1946,1,22,4,0.016830346249543,0.0,0.0,0.77,4,Mod_Dry,31,4,3,2,33,73.0,0.3747516483905511,121.7956741845264,121.7956741845264,,1,121.7956741845264,0.0,0.0,0.0,0.0,0.0,0.0,0.0,0.0,0.0,31.0,4.0,3.0,2.0,33.0,159.7956741845264,990.0,964.410408651631,25.589591348369023,0.091928168015909,0.0021795674184526,989.9058922645656,0.1050244730810759,0.0,0.0,0.0,25.390459139853583,25.4,25.4,25.4,,0.90389497770613,0.0,0.0,0.0,27.4131593707418,0.0,0.0,0.0,0.5583128181413809,0.0,0.0,0.0,0.97,0.96,0.96,0.96,26.590764589619543,0.0,0.0,0.0,26.590764589619543,638.1783501508692,0.1365059296154112,6.064520391689691e-05,0.965
1946-10-23,1946-11-03,194.4177,1.0019441346365396,194.7956741845264,0.967,1946,10,23,1946.1,1946,1,23,4,0.016830346249543,0.0,0.0,0.77,4,Mod_Dry,31,4,3,2,33,73.0,0.3747516483905511,121.7956741845264,121.7956741845264,,1,121.7956741845264,0.0,0.0,0.0,0.0,0.0,0.0,0.0,0.0,0.0,31.0,4.0,3.0,2.0,33.0,159.7956741845264,990.0,964.410408651631,25.589591348369023,0.091928168015909,0.0021795674184526,989.9058922645656,0.1050244730810759,0.0,0.0,0.0,25.390459139853583,25.4,25.4,25.4,,0.90389497770613,0.0,0.0,0.0,27.4131593707418,0.0,0.0,0.0,0.5583128181413809,0.0,0.0,0.0,0.97,0.96,0.96,0.96,26.590764589619543,0.0,0.0,0.0,26.590764589619543,638.1783501508692,0.1365059296154112,6.064520391689691e-05,0.965
1946-10-24,1946-11-04,191.5433,1.0070581277156851,192.89523707448373,0.971,1946,10,24,1946.1,1946,1,24,4,0.0166661484832353,1.9004371100426736,0.0098521722924078,0.77,4,Mod_Dry,31,4,3,2,33,73.0,0.3784437661973587,119.89523707448372,119.89523707448372,,1,119.89523707448372,0.0,0.0,0.0,0.0,0.0,0.0,0.0,0.0,0.0,31.0,4.0,3.0,2.0,33.0,157.89523707448373,990.0,964.414209525851,25.585790474149007,0.0912574423376475,0.0019895237074483,989.9067530339548,0.101726093543643,0.0,0.0,0.0,25.390817414560196,25.4,25.4,25.4,,0.9023016723041202,0.0,0.0,0.0,26.93823114113493,0.0,0.0,0.0,0.54864014544063,0.0,0.0,0.0,0.97,0.96,0.96,0.96,26.13008420690088,0.0,0.0,0.0,26.13008420690088,627.1220209656212,0.135462568196078,6.0539158195499897e-05,0.97
1946-10-25,1946-11-05,191.5433,1.0070581277156851,192.89523707448373,0.971,1946,10,25,1946.1,1946,1,25,4,0.0166661484832353,0.0,0.0,0.77,4,Mod_Dry,31,4,3,2,33,73.0,0.3784437661973587,119.89523707448372,119.89523707448372,,1,119.89523707448372,0.0,0.0,0.0,0.0,0.0,0.0,0.0,0.0,0.0,31.0,4.0,3.0,2.0,33.0,157.89523707448373,990.0,964.414209525851,25.585790474149007,0.0912574423376475,0.0019895237074483,989.9067530339548,0.101726093543643,0.0,0.0,0.0,25.390817414560196,25.4,25.4,25.4,,0.9023016723041202,0.0,0.0,0.0,26.93823114113493,0.0,0.0,0.0,0.54864014544063,0.0,0.0,0.0,0.97,0.96,0.96,0.96,26.13008420690088,0.0,0.0,0.0,26.13008420690088,627.1220209656212,0.135462568196078,6.0539158195499897e-05,0.97
1946-10-26,1946-11-06,191.5433,1.0070581277156851,192.89523707448373,0.971,1946,10,26,1946.1,1946,1,26,4,0.0166661484832353,0.0,0.0,0.77,4,Mod_Dry,31,4,3,2,33,73.0,0.3784437661973587,119.89523707448372,119.89523707448372,,1,119.89523707448372,0.0,0.0,0.0,0.0,0.0,0.0,0.0,0.0,0.0,31.0,4.0,3.0,2.0,33.0,157.89523707448373,990.0,964.414209525851,25.585790474149007,0.0912574423376475,0.0019895237074483,989.9067530339548,0.101726093543643,0.0,0.0,0.0,25.390817414560196,25.4,25.4,25.4,,0.9023016723041202,0.0,0.0,0.0,26.93823114113493,0.0,0.0,0.0,0.54864014544063,0.0,0.0,0.0,0.97,0.96,0.96,0.96,26.13008420690088,0.0,0.0,0.0,26.13008420690088,627.1220209656212,0.135462568196078,6.0539158195499897e-05,0.97
1946-10-27,1946-11-07,191.5433,1.0070581277156851,192.89523707448373,0.971,1946,10,27,1946.1,1946,1,27,4,0.0166661484832353,0.0,0.0,0.77,4,Mod_Dry,31,4,3,2,33,73.0,0.3784437661973587,119.89523707448372,119.89523707448372,,1,119.89523707448372,0.0,0.0,0.0,0.0,0.0,0.0,0.0,0.0,0.0,31.0,4.0,3.0,2.0,33.0,157.89523707448373,990.0,964.414209525851,25.585790474149007,0.0912574423376475,0.0019895237074483,989.9067530339548,0.101726093543643,0.0,0.0,0.0,25.390817414560196,25.4,25.4,25.4,,0.9023016723041202,0.0,0.0,0.0,26.93823114113493,0.0,0.0,0.0,0.54864014544063,0.0,0.0,0.0,0.97,0.96,0.96,0.96,26.13008420690088,0.0,0.0,0.0,26.13008420690088,627.1220209656212,0.135462568196078,6.0539158195499897e-05,0.97
1946-10-28,1946-11-08,191.5433,1.0070581277156851,192.89523707448373,0.971,1946,10,28,1946.1,1946,1,28,4,0.0166661484832353,0.0,0.0,0.77,4,Mod_Dry,31,4,3,2,33,73.0,0.3784437661973587,119.89523707448372,119.89523707448372,,1,119.89523707448372,0.0,0.0,0.0,0.0,0.0,0.0,0.0,0.0,0.0,31.0,4.0,3.0,2.0,33.0,157.89523707448373,990.0,964.414209525851,25.585790474149007,0.0912574423376475,0.0019895237074483,989.9067530339548,0.101726093543643,0.0,0.0,0.0,25.390817414560196,25.4,25.4,25.4,,0.9023016723041202,0.0,0.0,0.0,26.93823114113493,0.0,0.0,0.0,0.54864014544063,0.0,0.0,0.0,0.97,0.96,0.96,0.96,26.13008420690088,0.0,0.0,0.0,26.13008420690088,627.1220209656212,0.135462568196078,6.0539158195499897e-05,0.97
1946-10-29,1946-11-09,191.5433,1.0070581277156851,192.89523707448373,0.971,1946,10,29,1946.1,1946,1,29,5,0.0166661484832353,0.0,0.0,0.77,4,Mod_Dry,31,4,3,2,33,73.0,0.3784437661973587,119.89523707448372,119.89523707448372,,1,119.89523707448372,0.0,0.0,0.0,0.0,0.0,0.0,0.0,0.0,0.0,31.0,4.0,3.0,2.0,33.0,157.89523707448373,990.0,964.414209525851,25.585790474149007,0.0912574423376475,0.0019895237074483,989.9067530339548,0.101726093543643,0.0,0.0,0.0,25.390817414560196,25.4,25.4,25.4,,0.9023016723041202,0.0,0.0,0.0,26.93823114113493,0.0,0.0,0.0,0.54864014544063,0.0,0.0,0.0,0.97,0.96,0.96,0.96,26.13008420690088,0.0,0.0,0.0,26.13008420690088,627.1220209656212,0.135462568196078,6.0539158195499897e-05,0.97
1946-10-30,1946-11-10,191.5433,1.0070581277156851,192.89523707448373,0.971,1946,10,30,1946.1,1946,1,30,5,0.0166661484832353,0.0,0.0,0.77,4,Mod_Dry,31,4,3,2,33,73.0,0.3784437661973587,119.89523707448372,119.89523707448372,,1,119.89523707448372,0.0,0.0,0.0,0.0,0.0,0.0,0.0,0.0,0.0,31.0,4.0,3.0,2.0,33.0,157.89523707448373,990.0,964.414209525851,25.585790474149007,0.0912574423376475,0.0019895237074483,989.9067530339548,0.101726093543643,0.0,0.0,0.0,25.390817414560196,25.4,25.4,25.4,,0.9023016723041202,0.0,0.0,0.0,26.93823114113493,0.0,0.0,0.0,0.54864014544063,0.0,0.0,0.0,0.97,0.96,0.96,0.96,26.13008420690088,0.0,0.0,0.0,26.13008420690088,627.1220209656212,0.135462568196078,6.0539158195499897e-05,0.97
1946-10-31,1946-11-11,191.5433,1.0070581277156851,192.89523707448373,0.971,1946,10,31,1946.1,1946,1,31,5,0.0166661484832353,0.0,0.0,0.77,4,Mod_Dry,31,4,3,2,33,73.0,0.3784437661973587,119.89523707448372,119.89523707448372,,1,119.89523707448372,0.0,0.0,0.0,0.0,0.0,0.0,0.0,0.0,0.0,31.0,4.0,3.0,2.0,33.0,157.89523707448373,990.0,964.414209525851,25.585790474149007,0.0912574423376475,0.0019895237074483,989.9067530339548,0.101726093543643,0.0,0.0,0.0,25.390817414560196,25.4,25.4,25.4,,0.9023016723041202,0.0,0.0,0.0,26.93823114113493,0.0,0.0,0.0,0.54864014544063,0.0,0.0,0.0,0.97,0.96,0.96,0.96,26.13008420690088,0.0,0.0,0.0,26.13008420690088,627.1220209656212,0.135462568196078,6.0539158195499897e-05,0.97
1946-11-01,1946-11-12,191.5433,1.0070581277156851,192.89523707448373,0.971,1946,11,1,1946.11,1946,2,32,5,0.0166661484832353,0.0,0.0,0.8,4,Mod_Dry,29,4,2,2,30,67.0,0.3473387991126443,125.89523707448372,125.89523707448372,,1,125.89523707448372,0.0,0.0,0.0,0.0,0.0,0.0,0.0,0.0,0.0,29.0,4.0,2.0,2.0,30.0,160.89523707448373,990.0,964.414209525851,25.585790474149007,0.0923162392976475,0.0025895237074483,989.9050942369948,0.1122114267340707,0.0,0.0,0.0,25.37867328440978,25.4,25.4,25.4,,0.9069744585240608,0.0,0.0,0.0,28.41920804331749,0.0,0.0,0.0,0.5788026078068735,0.0,0.0,0.0,0.97,0.96,0.96,0.96,27.56663180201796,0.0,0.0,0.0,27.56663180201796,661.5991632484311,0.142909862473035,6.082356966572453e-05,0.97
1946-11-02,1946-11-13,191.5433,1.0070581277156851,192.89523707448373,0.971,1946,11,2,1946.11,1946,2,33,5,0.0166661484832353,0.0,0.0,0.8,4,Mod_Dry,29,4,2,2,30,67.0,0.3473387991126443,125.89523707448372,125.89523707448372,,1,125.89523707448372,0.0,0.0,0.0,0.0,0.0,0.0,0.0,0.0,0.0,29.0,4.0,2.0,2.0,30.0,160.89523707448373,990.0,964.414209525851,25.585790474149007,0.0923162392976475,0.0025895237074483,989.9050942369948,0.1122114267340707,0.0,0.0,0.0,25.37867328440978,25.4,25.4,25.4,,0.9069744585240608,0.0,0.0,0.0,28.41920804331749,0.0,0.0,0.0,0.5788026078068735,0.0,0.0,0.0,0.97,0.96,0.96,0.96,27.56663180201796,0.0,0.0,0.0,27.56663180201796,661.5991632484311,0.142909862473035,6.082356966572453e-05,0.97
1946-11-03,1946-11-14,191.5433,1.0070581277156851,192.89523707448373,0.971,1946,11,3,1946.11,1946,2,34,5,0.0166661484832353,0.0,0.0,0.8,4,Mod_Dry,29,4,2,2,30,67.0,0.3473387991126443,125.89523707448372,125.89523707448372,,1,125.89523707448372,0.0,0.0,0.0,0.0,0.0,0.0,0.0,0.0,0.0,29.0,4.0,2.0,2.0,30.0,160.89523707448373,990.0,964.414209525851,25.585790474149007,0.0923162392976475,0.0025895237074483,989.9050942369948,0.1122114267340707,0.0,0.0,0.0,25.37867328440978,25.4,25.4,25.4,,0.9069744585240608,0.0,0.0,0.0,28.41920804331749,0.0,0.0,0.0,0.5788026078068735,0.0,0.0,0.0,0.97,0.96,0.96,0.96,27.56663180201796,0.0,0.0,0.0,27.56663180201796,661.5991632484311,0.142909862473035,6.082356966572453e-05,0.97
1946-11-04,1946-11-15,191.5433,1.0070581277156851,192.89523707448373,0.971,1946,11,4,1946.11,1946,2,35,5,0.0166661484832353,0.0,0.0,0.8,4,Mod_Dry,29,4,2,2,30,67.0,0.3473387991126443,125.89523707448372,125.89523707448372,,1,125.89523707448372,0.0,0.0,0.0,0.0,0.0,0.0,0.0,0.0,0.0,29.0,4.0,2.0,2.0,30.0,160.89523707448373,990.0,964.414209525851,25.585790474149007,0.0923162392976475,0.0025895237074483,989.9050942369948,0.1122114267340707,0.0,0.0,0.0,25.37867328440978,25.4,25.4,25.4,,0.9069744585240608,0.0,0.0,0.0,28.41920804331749,0.0,0.0,0.0,0.5788026078068735,0.0,0.0,0.0,0.97,0.96,0.96,0.96,27.56663180201796,0.0,0.0,0.0,27.56663180201796,661.5991632484311,0.142909862473035,6.082356966572453e-05,0.97
1946-11-05,1946-11-16,191.5433,1.0070581277156851,192.89523707448373,0.971,1946,11,5,1946.11,1946,2,36,6,0.0166661484832353,0.0,0.0,0.8,4,Mod_Dry,29,4,2,2,30,67.0,0.3473387991126443,125.89523707448372,125.89523707448372,,1,125.89523707448372,0.0,0.0,0.0,0.0,0.0,0.0,0.0,0.0,0.0,29.0,4.0,2.0,2.0,30.0,160.89523707448373,990.0,964.414209525851,25.585790474149007,0.0923162392976475,0.0025895237074483,989.9050942369948,0.1122114267340707,0.0,0.0,0.0,25.37867328440978,25.4,25.4,25.4,,0.9069744585240608,0.0,0.0,0.0,28.41920804331749,0.0,0.0,0.0,0.5788026078068735,0.0,0.0,0.0,0.97,0.96,0.96,0.96,27.56663180201796,0.0,0.0,0.0,27.56663180201796,661.5991632484311,0.142909862473035,6.082356966572453e-05,0.97
1946-11-06,1946-11-17,191.5433,1.0070581277156851,192.89523707448373,0.971,1946,11,6,1946.11,1946,2,37,6,0.0166661484832353,0.0,0.0,0.8,4,Mod_Dry,29,4,2,2,30,67.0,0.3473387991126443,125.89523707448372,125.89523707448372,,1,125.89523707448372,0.0,0.0,0.0,0.0,0.0,0.0,0.0,0.0,0.0,29.0,4.0,2.0,2.0,30.0,160.89523707448373,990.0,964.414209525851,25.585790474149007,0.0923162392976475,0.0025895237074483,989.9050942369948,0.1122114267340707,0.0,0.0,0.0,25.37867328440978,25.4,25.4,25.4,,0.9069744585240608,0.0,0.0,0.0,28.41920804331749,0.0,0.0,0.0,0.5788026078068735,0.0,0.0,0.0,0.97,0.96,0.96,0.96,27.56663180201796,0.0,0.0,0.0,27.56663180201796,661.5991632484311,0.142909862473035,6.082356966572453e-05,0.97
1946-11-07,1946-11-18,191.5433,1.0070581277156851,192.89523707448373,0.971,1946,11,7,1946.11,1946,2,38,6,0.0166661484832353,0.0,0.0,0.8,4,Mod_Dry,29,4,2,2,30,67.0,0.3473387991126443,125.89523707448372,125.89523707448372,,1,125.89523707448372,0.0,0.0,0.0,0.0,0.0,0.0,0.0,0.0,0.0,29.0,4.0,2.0,2.0,30.0,160.89523707448373,990.0,964.414209525851,25.585790474149007,0.0923162392976475,0.0025895237074483,989.9050942369948,0.1122114267340707,0.0,0.0,0.0,25.37867328440978,25.4,25.4,25.4,,0.9069744585240608,0.0,0.0,0.0,28.41920804331749,0.0,0.0,0.0,0.5788026078068735,0.0,0.0,0.0,0.97,0.96,0.96,0.96,27.56663180201796,0.0,0.0,0.0,27.56663180201796,661.5991632484311,0.142909862473035,6.082356966572453e-05,0.97
1946-11-08,1946-11-19,191.5433,1.0070581277156851,192.89523707448373,0.971,1946,11,8,1946.11,1946,2,39,6,0.0166661484832353,0.0,0.0,0.8,4,Mod_Dry,29,4,2,2,30,67.0,0.3473387991126443,125.89523707448372,125.89523707448372,,1,125.89523707448372,0.0,0.0,0.0,0.0,0.0,0.0,0.0,0.0,0.0,29.0,4.0,2.0,2.0,30.0,160.89523707448373,990.0,964.414209525851,25.585790474149007,0.0923162392976475,0.0025895237074483,989.9050942369948,0.1122114267340707,0.0,0.0,0.0,25.37867328440978,25.4,25.4,25.4,,0.9069744585240608,0.0,0.0,0.0,28.41920804331749,0.0,0.0,0.0,0.5788026078068735,0.0,0.0,0.0,0.97,0.96,0.96,0.96,27.56663180201796,0.0,0.0,0.0,27.56663180201796,661.5991632484311,0.142909862473035,6.082356966572453e-05,0.97
1946-11-09,1946-11-20,191.5433,1.0070581277156851,192.89523707448373,0.971,1946,11,9,1946.11,1946,2,40,6,0.0166661484832353,0.0,0.0,0.8,4,Mod_Dry,29,4,2,2,30,67.0,0.3473387991126443,125.89523707448372,125.89523707448372,,1,125.89523707448372,0.0,0.0,0.0,0.0,0.0,0.0,0.0,0.0,0.0,29.0,4.0,2.0,2.0,30.0,160.89523707448373,990.0,964.414209525851,25.585790474149007,0.0923162392976475,0.0025895237074483,989.9050942369948,0.1122114267340707,0.0,0.0,0.0,25.37867328440978,25.4,25.4,25.4,,0.9069744585240608,0.0,0.0,0.0,28.41920804331749,0.0,0.0,0.0,0.5788026078068735,0.0,0.0,0.0,0.97,0.96,0.96,0.96,27.56663180201796,0.0,0.0,0.0,27.56663180201796,661.5991632484311,0.142909862473035,6.082356966572453e-05,0.97
1946-11-10,1946-11-21,191.5433,1.0070581277156851,192.89523707448373,0.971,1946,11,10,1946.11,1946,2,41,6,0.0166661484832353,0.0,0.0,0.8,4,Mod_Dry,29,4,2,2,30,67.0,0.3473387991126443,125.89523707448372,125.89523707448372,,1,125.89523707448372,0.0,0.0,0.0,0.0,0.0,0.0,0.0,0.0,0.0,29.0,4.0,2.0,2.0,30.0,160.89523707448373,990.0,964.414209525851,25.585790474149007,0.0923162392976475,0.0025895237074483,989.9050942369948,0.1122114267340707,0.0,0.0,0.0,25.37867328440978,25.4,25.4,25.4,,0.9069744585240608,0.0,0.0,0.0,28.41920804331749,0.0,0.0,0.0,0.5788026078068735,0.0,0.0,0.0,0.97,0.96,0.96,0.96,27.56663180201796,0.0,0.0,0.0,27.56663180201796,661.5991632484311,0.142909862473035,6.082356966572453e-05,0.97
1946-11-11,1946-11-22,191.5433,1.0070581277156851,192.89523707448373,0.971,1946,11,11,1946.11,1946,2,42,6,0.0166661484832353,0.0,0.0,0.85,4,Mod_Dry,29,4,2,2,30,67.0,0.3473387991126443,125.89523707448372,125.89523707448372,,1,125.89523707448372,0.0,0.0,0.0,0.0,0.0,0.0,0.0,0.0,0.0,29.0,4.0,2.0,2.0,30.0,160.89523707448373,990.0,964.414209525851,25.585790474149007,0.0923162392976475,0.0025895237074483,989.9050942369948,0.1122114267340707,0.0,0.0,0.0,25.37867328440978,25.4,25.4,25.4,,0.9069744585240608,0.0,0.0,0.0,28.41920804331749,0.0,0.0,0.0,0.5788026078068735,0.0,0.0,0.0,0.97,0.96,0.96,0.96,27.56663180201796,0.0,0.0,0.0,27.56663180201796,661.5991632484311,0.142909862473035,6.082356966572453e-05,0.97
1946-11-12,1946-11-23,191.5433,1.0070581277156851,192.89523707448373,0.971,1946,11,12,1946.11,1946,2,43,7,0.0166661484832353,0.0,0.0,0.85,4,Mod_Dry,29,4,2,2,30,67.0,0.3473387991126443,125.89523707448372,125.89523707448372,,1,125.89523707448372,0.0,0.0,0.0,0.0,0.0,0.0,0.0,0.0,0.0,29.0,4.0,2.0,2.0,30.0,160.89523707448373,990.0,964.414209525851,25.585790474149007,0.0923162392976475,0.0025895237074483,989.9050942369948,0.1122114267340707,0.0,0.0,0.0,25.37867328440978,25.4,25.4,25.4,,0.9069744585240608,0.0,0.0,0.0,28.41920804331749,0.0,0.0,0.0,0.5788026078068735,0.0,0.0,0.0,0.97,0.96,0.96,0.96,27.56663180201796,0.0,0.0,0.0,27.56663180201796,661.5991632484311,0.142909862473035,6.082356966572453e-05,0.97
1946-11-13,1946-11-24,191.5433,1.0070581277156851,192.89523707448373,0.971,1946,11,13,1946.11,1946,2,44,7,0.0166661484832353,0.0,0.0,0.85,4,Mod_Dry,29,4,2,2,30,67.0,0.3473387991126443,125.89523707448372,125.89523707448372,,1,125.89523707448372,0.0,0.0,0.0,0.0,0.0,0.0,0.0,0.0,0.0,29.0,4.0,2.0,2.0,30.0,160.89523707448373,990.0,964.414209525851,25.585790474149007,0.0923162392976475,0.0025895237074483,989.9050942369948,0.1122114267340707,0.0,0.0,0.0,25.37867328440978,25.4,25.4,25.4,,0.9069744585240608,0.0,0.0,0.0,28.41920804331749,0.0,0.0,0.0,0.5788026078068735,0.0,0.0,0.0,0.97,0.96,0.96,0.96,27.56663180201796,0.0,0.0,0.0,27.56663180201796,661.5991632484311,0.142909862473035,6.082356966572453e-05,0.97
1946-11-14,1946-11-25,191.5433,1.0070581277156851,192.89523707448373,0.971,1946,11,14,1946.11,1946,2,45,7,0.0166661484832353,0.0,0.0,0.85,4,Mod_Dry,29,4,2,2,30,67.0,0.3473387991126443,125.89523707448372,125.89523707448372,,1,125.89523707448372,0.0,0.0,0.0,0.0,0.0,0.0,0.0,0.0,0.0,29.0,4.0,2.0,2.0,30.0,160.89523707448373,990.0,964.414209525851,25.585790474149007,0.0923162392976475,0.0025895237074483,989.9050942369948,0.1122114267340707,0.0,0.0,0.0,25.37867328440978,25.4,25.4,25.4,,0.9069744585240608,0.0,0.0,0.0,28.41920804331749,0.0,0.0,0.0,0.5788026078068735,0.0,0.0,0.0,0.97,0.96,0.96,0.96,27.56663180201796,0.0,0.0,0.0,27.56663180201796,661.5991632484311,0.142909862473035,6.082356966572453e-05,0.97
1946-11-15,1946-11-26,191.5433,1.0070581277156851,192.89523707448373,0.971,1946,11,15,1946.11,1946,2,46,7,0.0166661484832353,0.0,0.0,0.85,4,Mod_Dry,29,4,2,2,30,67.0,0.3473387991126443,125.89523707448372,125.89523707448372,,1,125.89523707448372,0.0,0.0,0.0,0.0,0.0,0.0,0.0,0.0,0.0,29.0,4.0,2.0,2.0,30.0,160.89523707448373,990.0,964.414209525851,25.585790474149007,0.0923162392976475,0.0025895237074483,989.9050942369948,0.1122114267340707,0.0,0.0,0.0,25.37867328440978,25.4,25.4,25.4,,0.9069744585240608,0.0,0.0,0.0,28.41920804331749,0.0,0.0,0.0,0.5788026078068735,0.0,0.0,0.0,0.97,0.96,0.96,0.96,27.56663180201796,0.0,0.0,0.0,27.56663180201796,661.5991632484311,0.142909862473035,6.082356966572453e-05,0.97
1946-11-16,1946-11-27,194.4177,1.0019441346365396,194.7956741845264,0.967,1946,11,16,1946.11,1946,2,47,7,0.016830346249543,1.9004371100426736,0.0097560539678228,0.85,4,Mod_Dry,29,4,2,2,30,67.0,0.3439501430433825,127.7956741845264,127.7956741845264,,1,127.7956741845264,0.0,0.0,0.0,0.0,0.0,0.0,0.0,0.0,0.0,29.0,4.0,2.0,2.0,30.0,162.7956741845264,990.0,964.410408651631,25.589591348369023,0.092986964975909,0.0027795674184526,989.9042334676056,0.1156322135321475,0.0,0.0,0.0,25.378192602442528,25.4,25.4,25.4,,0.9078325116526544,0.0,0.0,0.0,28.8749521876112,0.0,0.0,0.0,0.5880845659391283,0.0,0.0,0.0,0.97,0.96,0.96,0.96,28.008703621982864,0.0,0.0,0.0,28.008703621982864,672.2088869275888,0.1437850390632942,6.087995935853694e-05,0.965
1946-11-17,1946-11-28,197.3191,0.9892995851469644,195.20770377157243,0.965,1946,11,17,1946.11,1946,2,48,7,0.0168659456058638,0.4120295870460211,0.0021107240087623,0.85,4,Mod_Dry,29,4,2,2,30,67.0,0.3432241592186436,128.20770377157243,128.20770377157243,,1,128.20770377157243,0.0,0.0,0.0,0.0,0.0,0.0,0.0,0.0,0.0,29.0,4.0,2.0,2.0,30.0,163.20770377157243,990.0,964.4095845924568,25.59041540754322,0.0931323835339738,0.0028207703771572,989.9040468460888,0.1163738667888303,0.0,0.0,0.0,25.378088386843206,25.4,25.4,25.4,,0.9080185482393452,0.0,0.0,0.0,28.97386598799397,0.0,0.0,0.0,0.5900991036251318,0.0,0.0,0.0,0.97,0.96,0.96,0.96,28.10465000835416,0.0,0.0,0.0,28.10465000835416,674.5116002004997,0.1439730577500239,6.089218506285921e-05,0.965
1946-11-18,1946-11-29,200.2476,0.9942319359830292,199.0925590239552,0.959,1946,11,18,1946.11,1946,2,49,7,0.0172015970996697,3.8848552523827777,0.0195128098781197,0.85,4,Mod_Dry,29,4,2,2,30,67.0,0.3365268914542327,132.0925590239552,132.0925590239552,,1,132.0925590239552,0.0,0.0,0.0,0.0,0.0,0.0,0.0,0.0,0.0,29.0,4.0,2.0,2.0,30.0,167.0925590239552,990.0,964.401814881952,25.598185118047923,0.0945034745110614,0.0032092559023955,989.9022872695864,0.1235340109650357,0.0,0.0,0.0,25.3769383766694,25.4,25.4,25.4,,0.9097725265091396,0.0,0.0,0.0,29.90811873849934,0.0,0.0,0.0,0.6091266545519214,0.0,0.0,0.0,0.97,0.96,0.96,0.96,29.01087517634436,0.0,0.0,0.0,29.01087517634436,696.2610042322647,0.1457155170367453,6.10070430720628e-05,0.96
1946-11-19,1946-11-30,203.2033,0.9854563497164652,200.2479822683398,0.956,1946,11,19,1946.11,1946,2,50,8,0.0173014256679845,1.155423244384593,0.005769961980622,0.85,4,Mod_Dry,29,4,2,2,30,67.0,0.3345851440850849,133.2479822683398,133.2479822683398,,1,133.2479822683398,0.0,0.0,0.0,0.0,0.0,0.0,0.0,0.0,0.0,29.0,4.0,2.0,2.0,30.0,168.2479822683398,990.0,964.40148789361,25.59851210638999,0.094911260717284,0.0033247982268339,989.901763941056,0.1257062066644788,0.0,0.0,0.0,25.374569840781454,25.4,25.4,25.4,,0.9102924069657218,0.0,0.0,0.0,30.184149948002272,0.0,0.0,0.0,0.6147484714460748,0.0,0.0,0.0,0.97,0.96,0.96,0.96,29.2786254495622,0.0,0.0,0.0,29.2786254495622,702.6870107894929,0.1462118375321642,6.103620764319595e-05,0.955
1946-11-20,1946-12-01,209.197,0.9663848551669614,202.1648125463628,0.946,1946,11,20,1946.11,1946,2,51,8,0.0174670398040057,1.916830278023013,0.0094815227926146,0.85,4,Mod_Dry,29,4,2,2,30,67.0,0.3314127674153719,135.1648125463628,135.1648125463628,,1,135.1648125463628,0.0,0.0,0.0,0.0,0.0,0.0,0.0,0.0,0.0,29.0,4.0,2.0,2.0,30.0,170.1648125463628,990.0,964.4129888752782,25.58701112472181,0.0955877720743529,0.0035164812546362,989.9008957466708,0.1293197363399438,0.0,0.0,0.0,25.358587135052797,25.4,25.4,25.4,,0.9111446868736842,0.0,0.0,0.0,30.627725489129176,0.0,0.0,0.0,0.6237825965199425,0.0,0.0,0.0,0.97,0.96,0.96,0.96,29.7088937244553,0.0,0.0,0.0,29.7088937244553,713.0134493869273,0.1469538311353866,6.105487311044572e-05,0.945
1946-11-21,1946-12-02,218.3943,0.9709568849264008,212.05144921368185,0.936,1946,11,21,1946.11,1946,2,52,8,0.0183212452120621,9.88663666731901,0.0466237637327173,0.91,5,Dry,23,4,2,2,19,50.0,0.2357918334696952,162.05144921368185,162.05144921368185,,1,162.05144921368185,0.0,0.0,0.0,0.0,0.0,0.0,0.0,0.0,0.0,23.0,4.0,2.0,2.0,19.0,191.05144921368185,990.0,964.472308695282,25.527691304717905,0.1029593412103469,0.0062051449213681,989.8908355138684,0.1858183331914682,0.0,0.0,0.0,25.23270848539473,25.4,25.4,25.4,,0.9222542502653052,0.0,0.0,0.0,36.983342067455794,0.0,0.0,0.0,0.7532248893575518,0.0,0.0,0.0,0.97,0.96,0.96,0.96,35.87384180543212,0.0,0.0,0.0,35.87384180543212,860.9722033303709,0.1691751786580928,6.149254514795876e-05,0.935
1946-11-22,1946-12-03,224.6649,0.98159746285063,220.53049583159049,0.926,1946,11,22,1946.11,1946,2,53,8,0.0190538348398494,8.479046617908638,0.0384484086245546,0.91,5,Dry,23,4,2,2,19,50.0,0.2267260127061194,170.53049583159049,170.53049583159049,,1,170.53049583159049,0.0,0.0,0.0,0.0,0.0,0.0,0.0,0.0,0.0,23.0,4.0,2.0,2.0,19.0,199.53049583159049,990.0,964.5231829749896,25.476817025010405,0.1059518708045935,0.007053049583159,989.8869950796122,0.2057944098290807,0.0,0.0,0.0,25.15801769479356,25.36381210462264,25.36381210462264,25.36381210462264,,0.9254348842787548,0.0,0.0,0.0,38.937049453934215,0.0,0.0,0.0,0.7930152638275807,0.0,0.0,0.0,0.97,0.96,0.96,0.96,37.76893797031619,0.0,0.0,0.0,37.76893797031619,906.4545112875884,0.1712640142030908,6.152196771175784e-05,0.925
1946-11-23,1946-12-04,234.2817,0.966268687364318,226.3790707324809,0.913,1946,11,23,1946.11,1946,2,54,8,0.0195591517112863,5.848574900890441,0.0258353163212772,0.91,5,Dry,23,4,2,2,19,50.0,0.2208684744495949,176.3790707324809,176.3790707324809,,1,176.3790707324809,0.0,0.0,0.0,0.0,0.0,0.0,0.0,0.0,0.0,23.0,4.0,2.0,2.0,19.0,205.3790707324809,990.0,964.5582744243948,25.44172557560512,0.1080160759410205,0.007637907073248,989.8843460169858,0.2201476768312022,0.0,0.0,0.0,25.10592391575969,25.326071592590893,25.326071592590893,25.326071592590893,,0.927588025399282,0.0,0.0,0.0,40.28256267845642,0.0,0.0,0.0,0.820418791821923,0.0,0.0,0.0,0.9720418791821924,0.96,0.96,0.96,39.15633792424123,0.0,0.0,0.0,39.15633792424123,939.7521101817896,0.1729680124471995,6.166695679561972e-05,0.915
1946-11-24,1946-12-05,244.1538,0.9479000783611428,231.4334061521708,0.906,1946,11,24,1946.11,1946,2,55,8,0.0199958462915475,5.05433541968992,0.0218392647099815,0.91,5,Dry,23,4,2,2,19,50.0,0.2160448693700004,181.4334061521708,181.4334061521708,,1,181.4334061521708,0.0,0.0,0.0,0.0,0.0,0.0,0.0,0.0,0.0,23.0,4.0,2.0,2.0,19.0,210.4334061521708,990.0,964.588600436913,25.411399563087,0.1097999650330355,0.008143340615217,989.8820566943516,0.2328981878726006,0.0,0.0,0.0,25.06055806956612,25.29345625743872,25.29345625743872,25.29345625743872,,0.9294580367395212,0.0,0.0,0.0,41.44541363670248,0.0,0.0,0.0,0.8441021107271381,0.0,0.0,0.0,0.9744102110727138,0.96,0.96,0.96,40.38483424973519,0.0,0.0,0.0,40.38483424973519,969.2360219936446,0.1744987248002632,6.182990085302498e-05,0.905
1946-11-25,1946-12-06,250.8784,0.9414693900674836,236.1943342291061,0.893,1946,11,25,1946.11,1946,2,56,8,0.0204071904773947,4.760928076935329,0.0201568259140258,0.91,5,Dry,23,4,2,2,19,50.0,0.2116900905484909,186.1943342291061,186.1943342291061,,1,186.1943342291061,0.0,0.0,0.0,0.0,0.0,0.0,0.0,0.0,0.0,23.0,4.0,2.0,2.0,19.0,215.1943342291061,990.0,964.6171660053748,25.382833994625344,0.1114802982438524,0.0086194334229106,989.8799002683332,0.2452769290494222,0.0,0.0,0.0,25.017457333909167,25.26273426295859,25.26273426295859,25.26273426295859,,0.9311251793739334,0.0,0.0,0.0,42.53597575604563,0.0,0.0,0.0,0.8663131518542898,0.0,0.0,0.0,0.976631315185429,0.96,0.96,0.96,41.54196594532237,0.0,0.0,0.0,41.54196594532237,997.0071826877368,0.1758804506505523,6.197522084970032e-05,0.895
1946-11-26,1946-12-07,254.284,0.9424159355737844,239.64129376144416,0.89,1946,11,26,1946.11,1946,2,57,9,0.0207050077809887,3.4469595323380133,0.0143838295906103,0.91,5,Dry,23,4,2,2,19,50.0,0.2086451763600205,189.64129376144416,189.64129376144416,,1,189.64129376144416,0.0,0.0,0.0,0.0,0.0,0.0,0.0,0.0,0.0,23.0,4.0,2.0,2.0,19.0,218.64129376144416,990.0,964.6378477625686,25.36215223743136,0.1126968762901769,0.0089641293761444,989.8783389943336,0.2544458414054414,0.0,0.0,0.0,24.98604539035952,25.240491231764963,25.240491231764963,25.240491231764963,,0.9320995871204608,0.0,0.0,0.0,43.31431485827762,0.0,0.0,0.0,0.8821652720626806,0.0,0.0,0.0,0.978216527206268,0.96,0.96,0.96,42.37077865898319,0.0,0.0,0.0,42.37077865898319,1016.8986878155964,0.1768091717162988,6.206275281696757e-05,0.89
1946-11-27,1946-12-08,257.7185,0.9439744768586136,243.27968621428656,0.884,1946,11,27,1946.11,1946,2,58,9,0.0210193648889143,3.638392452842453,0.0149555949757254,0.91,5,Dry,23,4,2,2,19,50.0,0.2055247636087412,193.27968621428656,193.27968621428656,,1,193.27968621428656,0.0,0.0,0.0,0.0,0.0,0.0,0.0,0.0,0.0,23.0,4.0,2.0,2.0,19.0,222.27968621428656,990.0,964.6596781172858,25.340321882714196,0.1139810191240321,0.0093279686214286,989.8766910122546,0.2643207465028594,0.0,0.0,0.0,24.952692148465918,25.21701289496877,25.21701289496877,25.21701289496877,,0.9331136437935836,0.0,0.0,0.0,44.13436268006517,0.0,0.0,0.0,0.8988668570278039,0.0,0.0,0.0,0.9798866857027804,0.96,0.96,0.96,43.24667437217354,0.0,0.0,0.0,43.24667437217354,1037.920184932165,0.1777652505441035,6.215327300388374e-05,0.885
1946-11-28,1946-12-09,264.675,0.9437959007304476,249.7991800258312,0.875,1946,11,28,1946.11,1946,2,59,9,0.0215826491542318,6.519493811544577,0.0260989400000048,0.91,5,Dry,23,4,2,2,19,50.0,0.2001607851348015,199.7991800258312,199.7991800258312,,1,199.7991800258312,0.0,0.0,0.0,0.0,0.0,0.0,0.0,0.0,0.0,23.0,4.0,2.0,2.0,19.0,228.7991800258312,990.0,964.698795080155,25.301204919844963,0.1162820246826596,0.0099799180025831,989.8737380573148,0.2824377040723273,0.0,0.0,0.0,24.892505273087405,25.17494297715973,25.17494297715973,25.17494297715973,,0.9349421665808776,0.0,0.0,0.0,45.60219591543568,0.0,0.0,0.0,0.9287616276056146,0.0,0.0,0.0,0.98,0.96,0.96,0.96,44.69015199712697,0.0,0.0,0.0,44.69015199712697,1072.5636479310472,0.178904318230771,6.213204232724129e-05,0.875
1946-11-29,1946-12-10,268.1972,0.9570673705328404,256.6827889882703,0.865,1946,11,29,1946.11,1946,2,60,9,0.0221773929685865,6.8836089624391255,0.0268175711724625,0.91,5,Dry,23,4,2,2,19,50.0,0.1947929590335129,206.68278898827032,206.68278898827032,,1,206.68278898827032,0.0,0.0,0.0,0.0,0.0,0.0,0.0,0.0,0.0,23.0,4.0,2.0,2.0,19.0,235.68278898827032,990.0,964.7267311559532,25.273268844046925,0.1187115315549064,0.011336557797654,989.8699519106474,0.3022473996255147,0.0,0.0,0.0,24.8409733550688,25.143220754694312,25.143220754694312,25.143220754694312,,0.9368309640949444,0.0,0.0,0.0,47.17075835529688,0.0,0.0,0.0,0.9607079094765149,0.0,0.0,0.0,0.98,0.96,0.96,0.96,46.22734318819094,0.0,0.0,0.0,46.22734318819094,1109.4562365165823,0.1800952193577084,6.212867905568625e-05,0.865
1946-11-30,1946-12-11,278.9403,0.9468161724841248,264.1051871975735,0.852,1946,11,30,1946.11,1946,2,61,9,0.0228186881738703,7.422398209303196,0.0281039470979818,0.91,5,Dry,23,4,2,2,19,50.0,0.1893185080177758,214.1051871975735,214.1051871975735,,1,214.1051871975735,0.0,0.0,0.0,0.0,0.0,0.0,0.0,0.0,0.0,23.0,4.0,2.0,2.0,19.0,243.1051871975735,990.0,964.7564207487904,25.243579251209667,0.1213311261764329,0.0128210374395147,989.865847836384,0.3243155615927205,0.0,0.0,0.0,24.78511152600104,25.10942708759376,25.10942708759376,25.10942708759376,,0.9386544206696714,0.0,0.0,0.0,48.84976693233269,0.0,0.0,0.0,0.9949036035098308,0.0,0.0,0.0,0.98,0.96,0.96,0.96,47.87277159368604,0.0,0.0,0.0,47.87277159368604,1148.946518248465,0.181264033855848,6.210962136609056e-05,0.85
1946-12-01,1946-12-12,286.2506,0.9441456049247084,270.26224589706084,0.836,1946,12,1,1946.12,1946,3,62,9,0.023350658045506,6.157058699487322,0.0227817935836752,0.78,4,Mod_Dry,31,5,3,2,36,77.0,0.28490845898368,193.26224589706084,193.26224589706084,,1,193.26224589706084,0.0,0.0,0.0,0.0,0.0,0.0,0.0,0.0,0.0,31.0,5.0,3.0,2.0,36.0,232.26224589706084,990.0,964.7810489835882,25.21895101641178,0.1175042873383096,0.009326224589706,989.873169488072,0.2642733088400055,0.0,0.0,0.0,24.827847195643766,25.092120504483773,25.092120504483773,25.092120504483773,,0.9329851561620238,0.0,0.0,0.0,43.903538003400016,0.0,0.0,0.0,0.8941657434501021,0.0,0.0,0.0,0.9794165743450102,0.96,0.96,0.96,42.99985279291601,0.0,0.0,0.0,42.99985279291601,1031.9964670299842,0.1591041791656466,6.180412267355025e-05,0.835
1946-12-02,1946-12-13,293.6805,0.9321845933144058,273.7644374568714,0.8280000000000001,1946,12,2,1946.12,1946,3,63,9,0.0236532473962736,3.5021915598105693,0.0127927191433047,0.78,4,Mod_Dry,31,5,3,2,36,77.0,0.28126370508635,196.7644374568714,196.7644374568714,,1,196.7644374568714,0.0,0.0,0.0,0.0,0.0,0.0,0.0,0.0,0.0,31.0,5.0,3.0,2.0,36.0,235.7644374568714,990.0,964.7950577498276,25.204942250172508,0.1187403478327686,0.0096764437456871,989.8715832084216,0.2739404248792399,0.0,0.0,0.0,24.80258503371488,25.07652545859412,25.07652545859412,25.07652545859412,,0.9339805368400887,0.0,0.0,0.0,44.70129255380257,0.0,0.0,0.0,0.910413290301478,0.0,0.0,0.0,0.98,0.96,0.96,0.96,43.80726670272652,0.0,0.0,0.0,43.80726670272652,1051.3744008654364,0.1600181057469448,6.184392541903845e-05,0.83
1946-12-03,1946-12-14,305.0513,0.9297058187130764,283.6079686159883,0.8130000000000001,1946,12,3,1946.12,1946,3,64,10,0.0245037284884213,9.843531159116877,0.0347082319553765,0.78,4,Mod_Dry,31,5,3,2,36,77.0,0.2715015391695843,206.60796861598828,206.60796861598828,,1,206.60796861598828,0.0,0.0,0.0,0.0,0.0,0.0,0.0,0.0,0.0,31.0,5.0,3.0,2.0,36.0,245.60796861598828,990.0,964.834431874464,25.165568125536083,0.122214435392357,0.0113215937231976,989.8664639708844,0.3020274277310055,0.0,0.0,0.0,24.73000466868949,25.03203209642049,25.03203209642049,25.03203209642049,,0.9367297462457866,0.0,0.0,0.0,46.93796720604261,0.0,0.0,0.0,0.9559667455405826,0.0,0.0,0.0,0.98,0.96,0.96,0.96,45.99920786192176,0.0,0.0,0.0,45.99920786192176,1103.980988686122,0.1621929316245896,6.18444575251195e-05,0.815
1946-12-04,1946-12-15,316.6956,0.9306200236043244,294.72326674738565,0.794,1946,12,4,1946.12,1946,3,65,10,0.0254640902469741,11.115298131397369,0.0377143557550363,0.78,4,Mod_Dry,31,5,3,2,36,77.0,0.2612620335333027,217.72326674738565,217.72326674738565,,1,217.72326674738565,0.0,0.0,0.0,0.0,0.0,0.0,0.0,0.0,0.0,31.0,5.0,3.0,2.0,36.0,256.72326674738565,990.0,964.8788930669896,25.121106933010424,0.1261373689753568,0.0135446533494771,989.8603179776752,0.3353876615819478,0.0,0.0,0.0,24.64603724910357,24.98142491068552,24.98142491068552,24.98142491068552,,0.93947636913565,0.0,0.0,0.0,49.43977693117871,0.0,0.0,0.0,1.0069201004313384,0.0,0.0,0.0,0.98,0.96,0.96,0.96,48.2,0.0,0.0,0.0,48.2,1156.8000000000002,0.1635432469650025,6.149498438503315e-05,0.795
1946-12-05,1946-12-16,324.6118,0.9312809696570542,302.30479186612183,0.7809999999999999,1946,12,5,1946.12,1946,3,66,10,0.0261191340172329,7.581525118736181,0.0250790768877184,0.78,4,Mod_Dry,31,5,3,2,36,77.0,0.2547098229064793,225.30479186612183,225.30479186612183,,2,112.65239593306092,112.65239593306092,0.0,0.0,0.0,0.0,0.0,0.0,0.0,0.0,31.0,5.0,3.0,2.0,36.0,264.30479186612183,990.0,964.9115239593306,25.088476040669438,0.1288131244204253,0.0150609583732243,989.8561259172064,0.0898438334928974,0.0898438334928974,0.0,0.0,24.85475812438298,24.85475812438298,24.944601957875875,24.944601957875875,,0.8955204436147073,0.8955204436147073,0.0,0.0,24.590319878597192,24.590319878597192,0.0,0.0,0.5008211787901669,0.5008211787901669,0.0,0.0,0.97,0.97,0.96,0.96,23.85261028223928,23.85261028223928,0.0,0.0,47.70522056447855,1144.9252935474851,0.1578050426193879,5.881566054162633e-05,0.78
1946-12-06,1946-12-17,332.6514,0.9289857410847936,309.0284073518941,0.77,1946,12,6,1946.12,1946,3,67,10,0.0267000543952036,6.723615485772258,0.0217572732014762,0.78,4,Mod_Dry,31,5,3,2,36,77.0,0.2491680317024034,232.0284073518941,232.0284073518941,,2,116.01420367594704,116.01420367594704,0.0,0.0,0.0,0.0,0.0,0.0,0.0,0.0,31.0,5.0,3.0,2.0,36.0,271.0284073518941,990.0,964.9451420367594,25.05485796324058,0.1311860969378073,0.0164056814703788,989.852408221592,0.0952835781020721,0.0952835781020721,0.0,0.0,24.81198260673038,24.81198260673038,24.90726618483245,24.90726618483245,,0.8983151832111484,0.8983151832111484,0.0,0.0,25.3594640598328,25.3594640598328,0.0,0.0,0.5164860297318288,0.5164860297318288,0.0,0.0,0.97,0.97,0.96,0.96,24.59868013803781,24.59868013803781,0.0,0.0,49.19736027607562,1180.736646625815,0.1592001224018672,5.8897673633967e-05,0.77
1946-12-07,1946-12-18,340.8154,0.928721014594374,316.52242407738737,0.763,1946,12,7,1946.12,1946,3,68,10,0.0273475374402862,7.494016725493282,0.0236761005080039,0.78,4,Mod_Dry,31,5,3,2,36,77.0,0.2432687043404358,239.52242407738737,239.52242407738737,,2,119.76121203869369,119.76121203869369,0.0,0.0,0.0,0.0,0.0,0.0,0.0,0.0,31.0,5.0,3.0,2.0,36.0,278.52242407738737,990.0,964.9826121203868,25.017387879613125,0.1338309679557926,0.0179044848154774,989.8482645472288,0.1015036119842315,0.1015036119842315,0.0,0.0,24.764148814857617,24.764148814857617,24.865652426841848,24.865652426841848,,0.9014165589718862,0.9014165589718862,0.0,0.0,26.21825716792933,26.21825716792933,0.0,0.0,0.5339767243977461,0.5339767243977461,0.0,0.0,0.97,0.97,0.96,0.96,25.43170945289145,25.43170945289145,0.0,0.0,50.86341890578291,1220.7220537387898,0.160694519682268,5.898707617147249e-05,0.765
1946-12-08,1946-12-19,353.2963,0.921778111561846,325.6607962357874,0.746,1946,12,8,1946.12,1946,3,69,10,0.028137092794772,9.138372158400044,0.028061013987645,0.78,4,Mod_Dry,31,5,3,2,36,77.0,0.2364423378251826,248.66079623578744,248.66079623578744,,2,124.33039811789372,124.33039811789372,0.0,0.0,0.0,0.0,0.0,0.0,0.0,0.0,31.0,5.0,3.0,2.0,36.0,287.6607962357874,990.0,965.028303981179,24.971696018821035,0.1370561830251819,0.0197321592471574,989.8432116577276,0.109434892725135,0.109434892725135,0.0,0.0,24.70547278382359,24.70547278382359,24.814907676548728,24.814907676548728,,0.9051787784764258,0.9051787784764258,0.0,0.0,27.26738917430206,27.26738917430206,0.0,0.0,0.5553439750367019,0.5553439750367019,0.0,0.0,0.97,0.97,0.96,0.96,26.449367499073,26.449367499073,0.0,0.0,52.898734998146,1269.569639955504,0.1624350723500837,5.9092922074886256e-05,0.745
1946-12-09,1946-12-20,361.7746,0.9166247913690906,331.6115672476363,0.736,1946,12,9,1946.12,1946,3,70,10,0.0286512394101957,5.950771011848872,0.0179450043351625,0.78,4,Mod_Dry,31,5,3,2,36,77.0,0.2321993790478937,254.6115672476363,254.6115672476363,,2,127.30578362381814,127.30578362381814,0.0,0.0,0.0,0.0,0.0,0.0,0.0,0.0,31.0,5.0,3.0,2.0,36.0,293.6115672476363,990.0,965.0580578362382,24.94194216376184,0.1391563947488047,0.0209223134495272,989.8399212918016,0.1147504105228726,0.1147504105228726,0.0,0.0,24.66711304504057,24.66711304504057,24.78186345556344,24.78186345556344,,0.9067565499905396,0.9067565499905396,0.0,0.0,27.925172178348728,27.925172178348728,0.0,0.0,0.5687407775631105,0.5687407775631105,0.0,0.0,0.97,0.97,0.96,0.96,27.087417012998262,27.087417012998262,0.0,0.0,54.17483402599653,1300.1960166239169,0.1633683483228454,5.910401153371387e-05,0.735
1946-12-10,1946-12-21,370.3799,0.9134433097017404,338.3210417029997,0.727,1946,12,10,1946.12,1946,3,71,11,0.0292309380031391,6.70947445536342,0.0198316794651319,0.78,4,Mod_Dry,31,5,3,2,36,77.0,0.2275944753906132,261.3210417029997,261.3210417029997,,2,130.66052085149985,130.66052085149985,0.0,0.0,0.0,0.0,0.0,0.0,0.0,0.0,31.0,5.0,3.0,2.0,36.0,300.3210417029997,990.0,965.0916052085148,24.90839479148508,0.1415243764578041,0.0222642083405999,989.8362114152015,0.1208417792008197,0.1208417792008197,0.0,0.0,24.623764427485806,24.623764427485806,24.744606206686623,24.744606206686623,,0.9082577158669616,0.9082577158669616,0.0,0.0,28.6580494829183,28.6580494829183,0.0,0.0,0.5836669955787841,0.5836669955787841,0.0,0.0,0.97,0.97,0.96,0.96,27.79830799843075,27.79830799843075,0.0,0.0,55.5966159968615,1334.3187839246762,0.1643309435233645,5.9097822138351606e-05,0.725
1946-12-11,1946-12-22,379.1131,0.9090149185803196,344.6194637292325,0.718,1946,12,11,1946.12,1946,3,72,11,0.0297751216662056,6.2984220262328,0.0182764547250919,0.65,3,Normal,38,5,4,3,54,104.0,0.3017821421767193,240.6194637292325,240.6194637292325,,2,120.30973186461624,120.30973186461624,0.0,0.0,0.0,0.0,0.0,0.0,0.0,0.0,38.0,5.0,4.0,3.0,54.0,287.6194637292325,990.0,965.1230973186462,24.87690268135384,0.1370415955012022,0.0181238927458465,989.844834511753,0.1024389334444322,0.1024389334444322,0.0,0.0,24.6192982596624,24.6192982596624,24.721737193106836,24.721737193106836,,0.9016895220226684,0.9016895220226684,0.0,0.0,26.192210427319623,26.192210427319623,0.0,0.0,0.5334462408822734,0.5334462408822734,0.0,0.0,0.97,0.97,0.96,0.96,25.40644411450004,25.40644411450004,0.0,0.0,50.81288822900007,1219.5093174960018,0.1474463678839793,5.865980646771539e-05,0.72
1946-12-12,1946-12-23,387.9749,0.9026852126280548,350.2192051008483,0.7090000000000001,1946,12,12,1946.12,1946,3,73,11,0.0302589393207132,5.599741371615778,0.0159892469917613,0.65,3,Normal,38,5,4,3,54,104.0,0.2969568729677529,246.21920510084828,246.21920510084828,,2,123.10960255042414,123.10960255042414,0.0,0.0,0.0,0.0,0.0,0.0,0.0,0.0,38.0,5.0,4.0,3.0,54.0,293.2192051008483,990.0,965.1510960255042,24.848903974495784,0.1390179179734509,0.0192438410201696,989.8417382410064,0.107310708437738,0.107310708437738,0.0,0.0,24.583331507064443,24.583331507064443,24.69064221550218,24.69064221550218,,0.9039806034449386,0.9039806034449386,0.0,0.0,26.8306057871698,26.8306057871698,0.0,0.0,0.5464481830380814,0.5464481830380814,0.0,0.0,0.97,0.97,0.96,0.96,26.0256876135547,26.0256876135547,0.0,0.0,52.0513752271094,1249.2330054506256,0.1486251309722458,5.872293891510866e-05,0.71
1946-12-13,1946-12-24,396.9661,0.9077571128687334,360.34880084276085,0.7000000000000001,1946,12,13,1946.12,1946,3,74,11,0.0311341363928145,10.129595741912569,0.0281105299038656,0.65,3,Normal,38,5,4,3,54,104.0,0.2886092579100344,256.34880084276085,256.34880084276085,,2,128.17440042138043,128.17440042138043,0.0,0.0,0.0,0.0,0.0,0.0,0.0,0.0,38.0,5.0,4.0,3.0,54.0,303.34880084276085,990.0,965.2017440042138,24.798255995786235,0.1425929665999842,0.0212697601685521,989.8361372732314,0.1163139207584847,0.1163139207584847,0.0,0.0,24.518079348259175,24.518079348259175,24.634393269017664,24.634393269017664,,0.9069487045179776,0.9069487045179776,0.0,0.0,27.95176040939044,27.95176040939044,0.0,0.0,0.5692822893969539,0.5692822893969539,0.0,0.0,0.97,0.97,0.96,0.96,27.113207597108723,27.113207597108723,0.0,0.0,54.226415194217445,1301.4339646612186,0.1504831293108126,5.875936637887422e-05,0.7
1946-12-14,1946-12-25,406.0875,0.9120318780949216,370.3647452958713,0.6890000000000001,1946,12,14,1946.12,1946,3,75,11,0.0319995139935632,10.015944453110476,0.0270434607513981,0.65,3,Normal,38,5,4,3,54,104.0,0.2808042647712543,266.3647452958713,266.3647452958713,,2,133.18237264793564,133.18237264793564,0.0,0.0,0.0,0.0,0.0,0.0,0.0,0.0,38.0,5.0,4.0,3.0,54.0,313.3647452958713,990.0,965.2518237264792,24.7481762735207,0.1461279041604603,0.0232729490591742,989.8305991467804,0.125582860578119,0.125582860578119,0.0,0.0,24.453192559722865,24.453192559722865,24.578775420300985,24.578775420300985,,0.9092089785049664,0.9092089785049664,0.0,0.0,29.03920553614225,29.03920553614225,0.0,0.0,0.5914298479866039,0.5914298479866039,0.0,0.0,0.97,0.97,0.96,0.96,28.168029370057987,28.168029370057987,0.0,0.0,56.33605874011597,1352.0654097627837,0.1521096687945044,5.874991147272647e-05,0.69
1946-12-15,1946-12-26,410.6973,0.908236127635729,373.01012538244936,0.6880000000000001,1946,12,15,1946.12,1946,3,76,11,0.0322280748330436,2.645380086578029,0.0070919792964486,0.65,3,Normal,38,5,4,3,54,104.0,0.278812806739142,269.01012538244936,269.01012538244936,,2,134.50506269122468,134.50506269122468,0.0,0.0,0.0,0.0,0.0,0.0,0.0,0.0,38.0,5.0,4.0,3.0,54.0,316.01012538244936,990.0,965.2650506269122,24.73494937308783,0.1470615408707634,0.0238020250764898,989.8291364340528,0.1280695178595024,0.1280695178595024,0.0,0.0,24.4360162892811,24.4360162892811,24.5640858071406,24.5640858071406,,0.9098082380449448,0.9098082380449448,0.0,0.0,29.32632219152961,29.32632219152961,0.0,0.0,0.5972774377093607,0.5972774377093607,0.0,0.0,0.97,0.97,0.96,0.96,28.44653252578372,28.44653252578372,0.0,0.0,56.89306505156744,1365.4335612376185,0.1525241841444241,5.874733956026032e-05,0.69
1946-12-16,1946-12-27,415.3399,0.9079714249478594,377.11676084070143,0.68,1946,12,16,1946.12,1946,3,77,11,0.0325828881366366,4.106635458252072,0.0108895596395588,0.65,3,Normal,38,5,4,3,54,104.0,0.2757766580518834,273.11676084070143,273.11676084070143,,2,136.55838042035072,136.55838042035072,0.0,0.0,0.0,0.0,0.0,0.0,0.0,0.0,38.0,5.0,4.0,3.0,54.0,320.11676084070143,990.0,965.2855838042036,24.714416195796503,0.1485108999398475,0.0246233521681402,989.826865747892,0.1320232580154804,0.1320232580154804,0.0,0.0,24.409258685672956,24.409258685672956,24.541281943688432,24.541281943688432,,0.910740335950255,0.910740335950255,0.0,0.0,29.771877163400376,29.771877163400376,0.0,0.0,0.6063518770549975,0.6063518770549975,0.0,0.0,0.97,0.97,0.96,0.96,28.878720848498364,28.878720848498364,0.0,0.0,57.75744169699673,1386.1786007279215,0.1531553293156178,5.874313152856632e-05,0.68
1946-12-17,1946-12-28,420.0154,0.9067213782142306,380.8369423592014,0.675,1946,12,17,1946.12,1946,3,78,12,0.032904311819835,3.720181518499942,0.009768436579325,0.65,3,Normal,38,5,4,3,54,104.0,0.2730827512576453,276.8369423592014,276.8369423592014,,2,138.4184711796007,138.4184711796007,0.0,0.0,0.0,0.0,0.0,0.0,0.0,0.0,38.0,5.0,4.0,3.0,54.0,323.8369423592014,990.0,965.304184711796,24.695815288204017,0.1498238674231537,0.0253673884718402,989.824808744105,0.1356318340884253,0.1356318340884253,0.0,0.0,24.384992198220576,24.384992198220576,24.520624032309,24.520624032309,,0.9115867261615692,0.9115867261615692,0.0,0.0,30.17542262287316,30.17542262287316,0.0,0.0,0.614570725516765,0.614570725516765,0.0,0.0,0.97,0.97,0.96,0.96,29.270159944186965,29.270159944186965,0.0,0.0,58.54031988837393,1404.9676773209744,0.1537149193713443,5.87392702376171e-05,0.675
1946-12-18,1946-12-29,424.724,0.9100759486875,386.53109723034976,0.6709999999999999,1946,12,18,1946.12,1946,3,79,12,0.0333962868007022,5.694154871148385,0.0147314275926291,0.65,3,Normal,38,5,4,3,54,104.0,0.2690598524806973,282.53109723034976,282.53109723034976,,2,141.26554861517488,141.26554861517488,0.0,0.0,0.0,0.0,0.0,0.0,0.0,0.0,38.0,5.0,4.0,3.0,54.0,329.53109723034976,990.0,965.3326554861516,24.66734451384832,0.1518335113487388,0.0265062194460699,989.8216602692052,0.1412564082026532,0.1412564082026532,0.0,0.0,24.34774837485082,24.34774837485082,24.489004783053478,24.489004783053478,,0.912885864800419,0.912885864800419,0.0,0.0,30.79287558109209,30.79287558109209,0.0,0.0,0.6271461421811017,0.6271461421811017,0.0,0.0,0.97,0.97,0.96,0.96,29.86908931365933,29.86908931365933,0.0,0.0,59.73817862731866,1433.716287055648,0.1545494762397299,5.873314006938978e-05,0.67
1946-12-19,1946-12-30,429.4657,0.9060885103777592,389.1339363713416,0.6629999999999999,1946,12,19,1946.12,1946,3,80,12,0.0336211721024839,2.6028391409918754,0.0066888001731826,0.65,3,Normal,38,5,4,3,54,104.0,0.267260164892828,285.1339363713416,285.1339363713416,,2,142.5669681856708,142.5669681856708,0.0,0.0,0.0,0.0,0.0,0.0,0.0,0.0,38.0,5.0,4.0,3.0,54.0,332.1339363713416,990.0,965.3456696818566,24.65433031814337,0.1527521340394339,0.0270267872742683,989.8202210786862,0.1438852757350549,0.1438852757350549,0.0,0.0,24.33066612109456,24.33066612109456,24.47455139682961,24.47455139682961,,0.9134811645390292,0.9134811645390292,0.0,0.0,31.075005168219235,31.075005168219235,0.0,0.0,0.6328921622855241,0.6328921622855241,0.0,0.0,0.97,0.97,0.96,0.96,30.142755013172657,30.142755013172657,0.0,0.0,60.285510026345314,1446.8522406322877,0.1549222629835508,5.873020665456382e-05,0.665
1946-12-20,1946-12-31,434.2405,0.9023039355474278,391.8169121240828,0.66,1946,12,20,1946.12,1946,3,81,12,0.0338529812075207,2.6829757527411857,0.0068475241106783,0.65,3,Normal,38,5,4,3,54,104.0,0.2654300944699005,287.8169121240828,287.8169121240828,,2,143.9084560620414,143.9084560620414,0.0,0.0,0.0,0.0,0.0,0.0,0.0,0.0,38.0,5.0,4.0,3.0,54.0,334.8169121240828,990.0,965.3590845606204,24.64091543937957,0.1536990394268002,0.0275633824248165,989.8187375781484,0.1465950812453236,0.1465950812453236,0.0,0.0,24.31305793628269,24.31305793628269,24.45965301752801,24.45965301752801,,0.9140957929987992,0.9140957929987992,0.0,0.0,31.3657956347956,31.3657956347956,0.0,0.0,0.6388145750467535,0.6388145750467535,0.0,0.0,0.97,0.97,0.96,0.96,30.42482176575173,30.42482176575173,0.0,0.0,60.84964353150346,1460.391444756083,0.1553012176060262,5.8727190956255984e-05,0.66
1946-12-21,1947-01-01,439.0488,0.9068394067509818,398.1467533267305,0.657,1946,12,21,1946.12,1946,3,82,12,0.0343998794874295,6.3298412026476845,0.0158982615072418,0.66,3,Normal,38,5,4,3,54,104.0,0.2612102174161261,294.1467533267305,294.1467533267305,,2,147.07337666336525,147.07337666336525,0.0,0.0,0.0,0.0,0.0,0.0,0.0,0.0,38.0,5.0,4.0,3.0,54.0,341.1467533267305,990.0,965.3907337666336,24.609266233366384,0.1559330367821011,0.0288293506653461,989.8152376125526,0.1531126234597997,0.1531126234597997,0.0,0.0,24.271391222459133,24.271391222459133,24.42450384591893,24.42450384591893,,0.9154082667603004,0.9154082667603004,0.0,0.0,32.04662243524606,32.04662243524606,0.0,0.0,0.6526807013288403,0.6526807013288403,0.0,0.0,0.97,0.97,0.96,0.96,31.08522376218868,31.08522376218868,0.0,0.0,62.17044752437735,1492.0907405850564,0.156149578025966,5.871072368284447e-05,0.655
1946-12-22,1947-01-02,453.6742,0.9119592484433596,413.7323824701425,0.64,1946,12,22,1946.12,1946,3,83,12,0.0357464778454203,15.585629143412008,0.0376707983319066,0.66,3,Normal,38,5,4,3,54,104.0,0.2513702199936097,309.7323824701425,309.7323824701425,,2,154.86619123507126,154.86619123507126,0.0,0.0,0.0,0.0,0.0,0.0,0.0,0.0,38.0,5.0,4.0,3.0,54.0,356.7323824701425,990.0,965.4617957211155,24.538204278884336,0.1614336888794267,0.0319464764940285,989.8066198346264,0.1697109730677539,0.1697109730677539,0.0,0.0,24.175113140443116,24.175113140443116,24.344824113510867,24.344824113510867,,0.9184746128053304,0.9184746128053304,0.0,0.0,33.72337166315709,33.72337166315709,0.0,0.0,0.6868303801050323,0.6868303801050323,0.0,0.0,0.97,0.97,0.96,0.96,32.711670513262376,32.711670513262376,0.0,0.0,65.42334102652475,1570.160184636594,0.158129611793793,5.8673717420869326e-05,0.64
1946-12-23,1947-01-03,463.5928,0.9065907191323836,420.28892993659525,0.63,1946,12,23,1946.12,1946,3,84,12,0.0363129635465218,6.556547466452741,0.0156000955519857,0.66,3,Normal,38,5,4,3,54,104.0,0.2474488205427857,316.28892993659525,316.28892993659525,,2,158.14446496829763,158.14446496829763,0.0,0.0,0.0,0.0,0.0,0.0,0.0,0.0,38.0,5.0,4.0,3.0,54.0,363.28892993659525,990.0,965.4913001847146,24.508699815285357,0.1637476979092003,0.033257785987319,989.8029945161036,0.1769807122296207,0.1769807122296207,0.0,0.0,24.1347136191592,24.1347136191592,24.31169433138882,24.31169433138882,,0.9197689161281204,0.9197689161281204,0.0,0.0,34.4281410848333,34.4281410848333,0.0,0.0,0.7011841361473177,0.7011841361473177,0.0,0.0,0.97,0.97,0.96,0.96,33.3952968522883,33.3952968522883,0.0,0.0,66.7905937045766,1602.9742489098385,0.1589159003418258,5.865821070448128e-05,0.63
1946-12-24,1947-01-04,468.6029,0.9015518661337044,422.4698189706656,0.626,1946,12,24,1946.12,1946,3,85,13,0.0365013923590655,2.180889034070333,0.0051622362974567,0.66,3,Normal,38,5,4,3,54,104.0,0.2461714312596169,318.4698189706656,318.4698189706656,,2,159.2349094853328,159.2349094853328,0.0,0.0,0.0,0.0,0.0,0.0,0.0,0.0,38.0,5.0,4.0,3.0,54.0,365.4698189706656,990.0,965.501114185368,24.49888581463199,0.16451740131539,0.0336939637941331,989.8017886348904,0.1794014990574388,0.1794014990574388,0.0,0.0,24.12127295046505,24.12127295046505,24.30067444952249,24.30067444952249,,0.9201999924575164,0.9201999924575164,0.0,0.0,34.6624641394416,34.6624641394416,0.0,0.0,0.7059564997849612,0.7059564997849612,0.0,0.0,0.97,0.97,0.96,0.96,33.62259021525835,33.62259021525835,0.0,0.0,67.2451804305167,1613.8843303324006,0.1591715606912642,5.865302039178536e-05,0.625
1946-12-25,1947-01-05,483.8375,0.9000891520783358,435.49688511870175,0.611,1946,12,25,1946.12,1946,3,86,13,0.0376269308742558,13.02706614803617,0.0299131098135993,0.66,3,Normal,38,5,4,3,54,104.0,0.238807678203377,331.4968851187017,331.4968851187017,,2,165.74844255935088,165.74844255935088,0.0,0.0,0.0,0.0,0.0,0.0,0.0,0.0,38.0,5.0,4.0,3.0,54.0,378.49688511870175,990.0,965.559735983034,24.440264016965894,0.1691150571475567,0.0362993770237403,989.7945855658288,0.1943812932912551,0.1943812932912551,0.0,0.0,24.04046828950334,24.04046828950334,24.234849582794595,24.234849582794595,,0.922744696546617,0.922744696546617,0.0,0.0,36.058913494351806,36.058913494351806,0.0,0.0,0.7343974235102201,0.7343974235102201,0.0,0.0,0.97,0.97,0.96,0.96,34.97714608952125,34.97714608952125,0.0,0.0,69.9542921790425,1678.9030122970198,0.1606309816888249,5.861819130081333e-05,0.61
1946-12-26,1947-01-06,488.9841,0.8998924733267547,440.0331111664572,0.609,1946,12,26,1946.12,1946,3,87,13,0.0380188608047818,4.536226047755463,0.0103088288872868,0.66,3,Normal,38,5,4,3,54,104.0,0.2363458507118082,336.0331111664572,336.0331111664572,,2,168.0165555832286,168.0165555832286,0.0,0.0,0.0,0.0,0.0,0.0,0.0,0.0,38.0,5.0,4.0,3.0,54.0,383.0331111664572,990.0,965.580149000249,24.41985099975102,0.1707160320645094,0.0372066222332914,989.7920773457022,0.199779402288084,0.199779402288084,0.0,0.0,24.01214894316512,24.01214894316512,24.2119283454532,24.2119283454532,,0.923535534384197,0.923535534384197,0.0,0.0,36.54057822890884,36.54057822890884,0.0,0.0,0.7442072959044569,0.7442072959044569,0.0,0.0,0.97,0.97,0.96,0.96,35.44436088204157,35.44436088204157,0.0,0.0,70.88872176408314,1701.3293223379956,0.1610986081846625,5.85993193729648e-05,0.61
1946-12-27,1947-01-07,499.3804,0.8921883077628417,445.541354005931,0.598,1946,12,27,1946.12,1946,3,88,13,0.0384947729861124,5.50824283947378,0.0123630338462374,0.66,3,Normal,38,5,4,3,54,104.0,0.2334238989600403,341.541354005931,341.541354005931,,2,170.7706770029655,170.7706770029655,0.0,0.0,0.0,0.0,0.0,0.0,0.0,0.0,38.0,5.0,4.0,3.0,54.0,388.541354005931,990.0,965.6049360930268,24.39506390697329,0.172660061865856,0.0383082708011862,989.789031667333,0.2063804518872358,0.2063804518872358,0.0,0.0,23.977715122419063,23.977715122419063,24.184095574306298,24.184095574306298,,0.9244949520886504,0.9244949520886504,0.0,0.0,37.12481856576728,37.12481856576728,0.0,0.0,0.7561062844351788,0.7561062844351788,0.0,0.0,0.97,0.97,0.96,0.96,36.01107400879426,36.01107400879426,0.0,0.0,72.02214801758852,1728.5315524221246,0.1616508711706024,5.857607575907341e-05,0.6
1946-12-28,1947-01-08,504.6303,0.897830776149602,453.0726139176065,0.595,1946,12,28,1946.12,1946,3,89,13,0.0391454738424812,7.5312599116755345,0.016622633282896,0.66,3,Normal,38,5,4,3,54,104.0,0.2295437790881638,349.0726139176065,349.0726139176065,,2,174.53630695880324,174.53630695880324,0.0,0.0,0.0,0.0,0.0,0.0,0.0,0.0,38.0,5.0,4.0,3.0,54.0,396.0726139176065,990.0,965.6388267626292,24.36117323737085,0.175318077159783,0.0398145227835212,989.7848674000568,0.2155685889794799,0.2155685889794799,0.0,0.0,23.93047204844804,23.93047204844804,24.14604063742752,24.14604063742752,,0.9258080478349018,0.9258080478349018,0.0,0.0,37.92247721886375,37.92247721886375,0.0,0.0,0.7723518781845977,0.7723518781845977,0.0,0.0,0.97,0.97,0.96,0.96,36.78480290229784,36.78480290229784,0.0,0.0,73.56960580459567,1765.670539310296,0.1623792821385904,5.854369777977287e-05,0.595
1946-12-29,1947-01-09,515.2343,0.8913623235036077,459.2604427967548,0.585,1946,12,29,1946.12,1946,3,90,13,0.0396801022576396,6.187828879148299,0.0134734636439975,0.66,3,Normal,38,5,4,3,54,104.0,0.2264510293259136,355.2604427967548,355.2604427967548,,2,177.6302213983774,177.6302213983774,0.0,0.0,0.0,0.0,0.0,0.0,0.0,0.0,38.0,5.0,4.0,3.0,54.0,402.2604427967548,990.0,965.6666719925854,24.333328007414597,0.1775019539599291,0.0410520885593509,989.7814459574809,0.2232755534959434,0.2232755534959434,0.0,0.0,23.89149841139939,23.89149841139939,24.11477396489533,24.11477396489533,,0.9268877095597774,0.9268877095597774,0.0,0.0,38.57678836638233,38.57678836638233,0.0,0.0,0.7856779708020841,0.7856779708020841,0.0,0.0,0.97,0.97,0.96,0.96,37.41948471539086,37.41948471539086,0.0,0.0,74.83896943078172,1796.135266338761,0.1629554005893375,5.851651384546291e-05,0.585
1946-12-30,1947-01-10,531.4016,0.8847902403509693,470.1789493868897,0.5740000000000001,1946,12,30,1946.12,1946,3,91,13,0.0406234612270272,10.918506590134882,0.0232220234537776,0.66,3,Normal,38,5,4,3,54,104.0,0.2211923782117751,366.1789493868897,366.1789493868897,,2,183.08947469344488,183.08947469344488,0.0,0.0,0.0,0.0,0.0,0.0,0.0,0.0,38.0,5.0,4.0,3.0,54.0,413.1789493868897,990.0,965.715805272241,24.28419472775897,0.1813554337022003,0.0432357898773779,989.7754087764204,0.2371708447090877,0.2371708447090877,0.0,0.0,23.82243265947036,23.82243265947036,24.05960350417945,24.05960350417945,,0.928794597895512,0.928794597895512,0.0,0.0,39.729021323231024,39.729021323231024,0.0,0.0,0.8091450371330147,0.8091450371330147,0.0,0.0,0.9709145037133016,0.9709145037133016,0.96,0.96,38.57348302106002,38.57348302106002,0.0,0.0,77.14696604212004,1851.527185010881,0.1640800085642268,5.852251426620385e-05,0.575
1946-12-31,1947-01-11,536.8608,0.8801028281077824,472.4927083802066,0.5690000000000001,1946,12,31,1946.12,1946,3,92,14,0.0408233700040498,2.313758993316867,0.0048969199995675,0.66,3,Normal,38,5,4,3,54,104.0,0.220109216831158,368.4927083802066,368.4927083802066,,2,184.2463541901033,184.2463541901033,0.0,0.0,0.0,0.0,0.0,0.0,0.0,0.0,38.0,5.0,4.0,3.0,54.0,415.4927083802066,990.0,965.7262171877107,24.27378281228914,0.1821720310395413,0.0436985416760413,989.7741294272844,0.2401555938104665,0.2401555938104665,0.0,0.0,23.807756645763167,23.807756645763167,24.047912239573638,24.047912239573638,,0.9291989952554311,0.9291989952554311,0.0,0.0,39.97282190632457,39.97282190632457,0.0,0.0,0.8141104257907243,0.8141104257907243,0.0,0.0,0.9714110425790724,0.9714110425790724,0.96,0.96,38.83004060285033,38.83004060285033,0.0,0.0,77.66008120570066,1863.841948936816,0.1643624966656817,5.854184978092782e-05,0.57
1947-01-01,1947-01-12,542.3552,0.8801399653154843,477.3484869166725,0.5650000000000001,1947,1,1,1947.01,1946,4,93,14,0.0412429092696005,4.855778536465948,0.0101723974612987,0.6,3,Normal,41,6,4,3,66,120.0,0.2513886673761418,357.3484869166725,357.3484869166725,,2,178.67424345833626,178.67424345833626,0.0,0.0,0.0,0.0,0.0,0.0,0.0,0.0,41.0,6.0,4.0,3.0,66.0,408.3484869166725,990.0,965.748068191125,24.25193180887504,0.1796506136225384,0.0414696973833345,989.778879688994,0.2258856086458406,0.2258856086458406,0.0,0.0,23.80492588922324,23.80492588922324,24.03081149786908,24.03081149786908,,0.927189660041664,0.927189660041664,0.0,0.0,38.67551138802355,38.67551138802355,0.0,0.0,0.7876886229740031,0.7876886229740031,0.0,0.0,0.97,0.97,0.96,0.96,37.51524604638284,37.51524604638284,0.0,0.0,75.03049209276568,1800.7318102263764,0.1571817951648043,5.832346888868043e-05,0.565
1947-01-02,1947-01-13,547.8849,0.8752989863551575,479.5630976092969,0.5630000000000001,1947,1,2,1947.01,1946,4,94,14,0.0414342516334432,2.2146106926243188,0.0046179756191928,0.6,3,Normal,41,6,4,3,66,120.0,0.2502277606392574,359.5630976092969,359.5630976092969,,2,179.78154880464845,179.78154880464845,0.0,0.0,0.0,0.0,0.0,0.0,0.0,0.0,41.0,6.0,4.0,3.0,66.0,410.5630976092969,990.0,965.7580339392418,24.24196606075816,0.1804322184483079,0.0419126195218593,989.7776551620298,0.2286538720116211,0.2286538720116211,0.0,0.0,23.7909673507763,23.7909673507763,24.01962122278792,24.01962122278792,,0.9275766518030416,0.9275766518030416,0.0,0.0,38.90861092998621,38.90861092998621,0.0,0.0,0.792436067820493,0.792436067820493,0.0,0.0,0.97,0.97,0.96,0.96,37.74135260208662,37.74135260208662,0.0,0.0,75.48270520417324,1811.5849249001576,0.1573989024186124,5.831359850796938e-05,0.565
1947-01-03,1947-01-14,553.45,0.8781733244038457,486.0250263913084,0.5579999999999999,1947,1,3,1947.01,1946,4,95,14,0.041992562280209,6.461928782011513,0.0132954651121378,0.6,3,Normal,41,6,4,3,66,120.0,0.2469008661775898,366.0250263913084,366.0250263913084,,2,183.0125131956542,183.0125131956542,0.0,0.0,0.0,0.0,0.0,0.0,0.0,0.0,41.0,6.0,4.0,3.0,66.0,417.0250263913084,990.0,965.7871126187608,24.21288738123917,0.1827128336086246,0.0432050052782616,989.774082161113,0.2369722840447878,0.2369722840447878,0.0,0.0,23.74999725830741,23.74999725830741,23.9869695423522,23.9869695423522,,0.9287062571482072,0.9287062571482072,0.0,0.0,39.58780477329879,39.58780477329879,0.0,0.0,0.806268936319731,0.806268936319731,0.0,0.0,0.9706268936319732,0.9706268936319732,0.96,0.96,38.424987972816005,38.424987972816005,0.0,0.0,76.84997594563201,1844.399422695168,0.158119380222529,5.832173758969025e-05,0.56
1947-01-04,1947-01-15,559.0506,0.8753118667840304,489.3436243127323,0.555,1947,1,4,1947.01,1946,4,96,14,0.04227928914062,3.3185979214239296,0.0067817332372211,0.6,3,Normal,41,6,4,3,66,120.0,0.2452264503671345,369.3436243127323,369.3436243127323,,2,184.67181215636612,184.67181215636612,0.0,0.0,0.0,0.0,0.0,0.0,0.0,0.0,41.0,6.0,4.0,3.0,66.0,420.3436243127323,990.0,965.8020463094072,24.19795369059273,0.183884069780658,0.0438687248625464,989.7722472053568,0.2412532753634246,0.2412532753634246,0.0,0.0,23.72894762058604,23.72894762058604,23.97020089594946,23.97020089594946,,0.9292867316489642,0.9292867316489642,0.0,0.0,39.93627225612321,39.93627225612321,0.0,0.0,0.8133660337295969,0.8133660337295969,0.0,0.0,0.9713366033729596,0.9713366033729596,0.96,0.96,38.79156304464048,38.79156304464048,0.0,0.0,77.58312608928097,1861.9950261427432,0.158545288493835,5.834910078178568e-05,0.555
1947-01-05,1947-01-16,564.6867,0.8760275090430032,494.6810831907137,0.5529999999999999,1947,1,5,1947.01,1946,4,97,14,0.0427404455876776,5.337458877981362,0.0107896967548355,0.6,3,Normal,41,6,4,3,66,120.0,0.2425805313314084,374.6810831907137,374.6810831907137,,2,187.34054159535685,187.34054159535685,0.0,0.0,0.0,0.0,0.0,0.0,0.0,0.0,41.0,6.0,4.0,3.0,66.0,425.6810831907137,990.0,965.8260648743582,24.173935125641837,0.1857678246231096,0.0449362166381427,989.7692959587388,0.2483258406436492,0.2483258406436492,0.0,0.0,23.694905243736965,23.694905243736965,23.943231084380614,23.943231084380614,,0.9300946035351088,0.9300946035351088,0.0,0.0,40.49044704974939,40.49044704974939,0.0,0.0,0.8246526894042646,0.8246526894042646,0.0,0.0,0.9724652689404264,0.9724652689404264,0.96,0.96,39.37555347975264,39.37555347975264,0.0,0.0,78.75110695950528,1890.0265670281267,0.159195711409778,5.838380550858201e-05,0.555
1947-01-06,1947-01-17,576.0661,0.8889914195501405,512.1178199937132,0.544,1947,1,6,1947.01,1946,4,98,14,0.0442469796474568,17.43673680299952,0.0340482914717038,0.6,3,Normal,41,6,4,3,66,120.0,0.2343210786952759,392.1178199937132,392.1178199937132,,2,196.05890999685656,196.05890999685656,0.0,0.0,0.0,0.0,0.0,0.0,0.0,0.0,41.0,6.0,4.0,3.0,66.0,443.1178199937132,990.0,965.9045301899716,24.09546981002836,0.1919217900475004,0.0484235639987426,989.7596546459538,0.2719649479911984,0.2719649479911984,0.0,0.0,23.583159507990956,23.583159507990956,23.85512445598215,23.85512445598215,,0.9326744979591832,0.9326744979591832,0.0,0.0,42.29191724925433,42.29191724925433,0.0,0.0,0.8613425101681127,0.8613425101681127,0.0,0.0,0.9761342510168112,0.9761342510168112,0.96,0.96,41.28258896816584,41.28258896816584,0.0,0.0,82.56517793633168,1981.5642704719603,0.1612230129725719,5.848949086105991e-05,0.545
1947-01-07,1947-01-18,581.8096,0.8882166996280455,516.7730027239134,0.54,1947,1,7,1947.01,1946,4,99,15,0.0446491874353461,4.655182730200182,0.0090081771022531,0.6,3,Normal,41,6,4,3,66,120.0,0.2322102729195978,396.77300272391335,396.77300272391335,,2,198.38650136195668,198.38650136195668,0.0,0.0,0.0,0.0,0.0,0.0,0.0,0.0,41.0,6.0,4.0,3.0,66.0,447.77300272391335,990.0,965.9254785122577,24.07452148774246,0.1935647484685362,0.0493546005447826,989.7570806509866,0.2784822038134786,0.2784822038134786,0.0,0.0,23.55311993491559,23.55311993491559,23.831602138729068,23.831602138729068,,0.9333627633035008,0.9333627633035008,0.0,0.0,42.77103228866603,42.77103228866603,0.0,0.0,0.8711004539443182,0.8711004539443182,0.0,0.0,0.9771100453944318,0.9771100453944318,0.96,0.96,41.79200530114517,41.79200530114517,0.0,0.0,83.58401060229035,2006.0162544549685,0.16174221594727,5.851653354301946e-05,0.54
1947-01-08,1947-01-19,587.589,0.8901106602929673,523.0192327708844,0.536,1947,1,8,1947.01,1946,4,100,15,0.0451888617114044,6.246230046971049,0.0119426393057849,0.6,3,Normal,41,6,4,3,66,120.0,0.2294370693870212,403.0192327708844,403.0192327708844,,2,201.5096163854422,201.5096163854422,0.0,0.0,0.0,0.0,0.0,0.0,0.0,0.0,41.0,6.0,4.0,3.0,66.0,454.0192327708844,990.0,965.953586547469,24.046413452531056,0.1957692368528099,0.0506038465541768,989.753626916593,0.2873175028623647,0.2873175028623647,0.0,0.0,23.51272286626171,23.51272286626171,23.80004036912408,23.80004036912408,,0.9342859674507764,0.9342859674507764,0.0,0.0,43.41274295256311,43.41274295256311,0.0,0.0,0.8841699175674766,0.8841699175674766,0.0,0.0,0.9784169917567476,0.9784169917567476,0.96,0.96,42.47576536355575,42.47576536355575,0.0,0.0,84.95153072711149,2038.836737450676,0.1624252520830828,5.8552162044367865e-05,0.535
1947-01-09,1947-01-20,593.4044,0.8886647923374786,527.3375978981461,0.532,1947,1,9,1947.01,1946,4,101,15,0.0455619684583998,4.3183651272617,0.0081889953314039,0.6,3,Normal,41,6,4,3,66,120.0,0.2275582102969598,407.3375978981461,407.3375978981461,,2,203.66879894907305,203.66879894907305,0.0,0.0,0.0,0.0,0.0,0.0,0.0,0.0,41.0,6.0,4.0,3.0,66.0,458.3375978981461,990.0,965.9730191905415,24.026980809458337,0.1972933218913873,0.0514675195796292,989.751239158529,0.2934927649943489,0.2934927649943489,0.0,0.0,23.48472720299295,23.48472720299295,23.778219967987297,23.778219967987297,,0.9349240253315982,0.9349240253315982,0.0,0.0,43.85559846661763,43.85559846661763,0.0,0.0,0.8931893781388519,0.8931893781388519,0.0,0.0,0.9793189378138852,0.9793189378138852,0.96,0.96,42.94861810752023,42.94861810752023,0.0,0.0,85.89723621504045,2061.533669160971,0.1628885111879151,5.857633451020895e-05,0.53
1947-01-10,1947-01-21,605.1438,0.8886028945088347,537.7325322740754,0.526,1947,1,10,1947.01,1946,4,102,15,0.0464600907884801,10.394934375929324,0.0193310498287486,0.6,3,Normal,41,6,4,3,66,120.0,0.2231592711947685,417.7325322740754,417.7325322740754,,2,208.8662661370377,208.8662661370377,0.0,0.0,0.0,0.0,0.0,0.0,0.0,0.0,41.0,6.0,4.0,3.0,66.0,468.7325322740754,990.0,966.0197963952334,23.980203604766643,0.2009620167544809,0.053546506454815,989.7454914767908,0.3086668224428909,0.3086668224428909,0.0,0.0,23.417028259114428,23.417028259114428,23.72569508155732,23.72569508155732,,0.9362169141374914,0.9362169141374914,0.0,0.0,44.907126405155786,44.907126405155786,0.0,0.0,0.9146054257669204,0.9146054257669204,0.0,0.0,0.98,0.98,0.96,0.96,44.00898387705267,44.00898387705267,0.0,0.0,88.01796775410534,2112.431226098528,0.1636835461337565,5.8528923649188376e-05,0.525
1947-01-11,1947-01-22,611.0679,0.8869861279741288,542.0087505502821,0.523,1947,1,11,1947.01,1946,4,103,15,0.0468295560475443,4.276218276206691,0.0078895742400195,0.62,3,Normal,41,6,4,3,66,120.0,0.2213986395573287,422.0087505502821,422.0087505502821,,2,211.00437527514103,211.00437527514103,0.0,0.0,0.0,0.0,0.0,0.0,0.0,0.0,41.0,6.0,4.0,3.0,66.0,473.0087505502821,990.0,966.0390393774762,23.96096062252377,0.2024712268616379,0.0544017501100564,989.7431270230284,0.3150131258254232,0.3150131258254232,0.0,0.0,23.3890745197266,23.3890745197266,23.704087645552026,23.704087645552026,,0.9367098066277516,0.9367098066277516,0.0,0.0,45.336528750553015,45.336528750553015,0.0,0.0,0.9233508910499596,0.9233508910499596,0.0,0.0,0.98,0.98,0.96,0.96,44.429798175541954,44.429798175541954,0.0,0.0,88.85959635108391,2132.630312426014,0.1639449478645279,5.848983267870278e-05,0.525
1947-01-12,1947-01-23,617.0284,0.8884164098844547,548.1781559247493,0.519,1947,1,12,1947.01,1946,4,104,15,0.0473625926718983,6.169405374467146,0.0112543801824056,0.62,3,Normal,41,6,4,3,66,120.0,0.2189069350958831,428.17815592474926,428.17815592474926,,2,214.08907796237463,214.08907796237463,0.0,0.0,0.0,0.0,0.0,0.0,0.0,0.0,41.0,6.0,4.0,3.0,66.0,479.17815592474926,990.0,966.0668017016612,23.93319829833865,0.2046486014353592,0.0556356311849498,989.7397157673796,0.3242672338871239,0.3242672338871239,0.0,0.0,23.34864683183125,23.34864683183125,23.672914065718373,23.672914065718373,,0.9374151201456764,0.9374151201456764,0.0,0.0,45.95437687786247,45.95437687786247,0.0,0.0,0.9359343559646124,0.9359343559646124,0.0,0.0,0.98,0.98,0.96,0.96,45.03528934030521,45.03528934030521,0.0,0.0,90.07057868061042,2161.69388833465,0.1643089526773752,5.843269873266388e-05,0.52
1947-01-13,1947-01-24,623.0255,0.8843912864860217,550.9983234585969,0.515,1947,1,13,1947.01,1946,4,105,15,0.0476062551468227,2.8201675338476657,0.0051182869598324,0.62,3,Normal,41,6,4,3,66,120.0,0.217786506584565,430.9983234585969,430.9983234585969,,2,215.4991617292985,215.4991617292985,0.0,0.0,0.0,0.0,0.0,0.0,0.0,0.0,41.0,6.0,4.0,3.0,66.0,481.9983234585969,990.0,966.0794924555636,23.920507544436305,0.2056439260589036,0.0561996646917193,989.7381564092494,0.3285374181262392,0.3285374181262392,0.0,0.0,23.330126535559494,23.330126535559494,23.65866395368573,23.65866395368573,,0.9377352460582628,0.9377352460582628,0.0,0.0,46.23614518417596,46.23614518417596,0.0,0.0,0.941673018007657,0.941673018007657,0.0,0.0,0.98,0.98,0.96,0.96,45.31142228049245,45.31142228049245,0.0,0.0,90.62284456098487,2174.948269463637,0.1644702727807745,5.840628839585163e-05,0.515
1947-01-14,1947-01-25,635.1294,0.8861628436789661,562.8280752081156,0.506,1947,1,14,1947.01,1946,4,106,16,0.0486283456979812,11.829751749518664,0.0210184108977584,0.62,3,Normal,41,6,4,3,66,120.0,0.2132089803011832,442.8280752081156,442.8280752081156,,3,147.6093584027052,147.6093584027052,147.6093584027052,0.0,0.0,0.0,0.0,0.0,0.0,0.0,41.0,6.0,4.0,3.0,66.0,493.8280752081156,990.0,966.1327263384364,23.86727366156356,0.209819012490967,0.0585656150416231,989.7316153724674,0.1542274654776268,0.1542274654776268,0.1542274654776268,0.0,23.44466156855337,23.44466156855337,23.44466156855337,23.598889034031004,,0.91476755210699,0.91476755210699,0.91476755210699,0.0,31.046118529875216,31.046118529875216,31.046118529875216,0.0,0.6323038397123262,0.6323038397123262,0.6323038397123262,0.0,0.97,0.97,0.97,0.96,30.11473497397896,30.11473497397896,30.11473497397896,0.0,90.34420492193688,2168.260918126485,0.1605182983960608,5.667123175630097e-05,0.505
1947-01-15,1947-01-26,635.1294,0.8861628436789661,562.8280752081156,0.506,1947,1,15,1947.01,1946,4,107,16,0.0486283456979812,0.0,0.0,0.62,3,Normal,41,6,4,3,66,120.0,0.2132089803011832,442.8280752081156,442.8280752081156,,3,147.6093584027052,147.6093584027052,147.6093584027052,0.0,0.0,0.0,0.0,0.0,0.0,0.0,41.0,6.0,4.0,3.0,66.0,493.8280752081156,990.0,966.1327263384364,23.86727366156356,0.209819012490967,0.0585656150416231,989.7316153724674,0.1542274654776268,0.1542274654776268,0.1542274654776268,0.0,23.44466156855337,23.44466156855337,23.44466156855337,23.598889034031004,,0.91476755210699,0.91476755210699,0.91476755210699,0.0,31.046118529875216,31.046118529875216,31.046118529875216,0.0,0.6323038397123262,0.6323038397123262,0.6323038397123262,0.0,0.97,0.97,0.97,0.96,30.11473497397896,30.11473497397896,30.11473497397896,0.0,90.34420492193688,2168.260918126485,0.1605182983960608,5.667123175630097e-05,0.505
1947-01-16,1947-01-27,641.2365,0.8794376863729334,563.9275439778775,0.503,1947,1,16,1947.01,1946,4,108,16,0.0487233397996886,1.09946876976187,0.0019496631819157,0.62,3,Normal,41,6,4,3,66,120.0,0.2127932946022362,443.9275439778775,443.9275439778775,,3,147.97584799262583,147.97584799262583,147.97584799262583,0.0,0.0,0.0,0.0,0.0,0.0,0.0,41.0,6.0,4.0,3.0,66.0,494.9275439778775,990.0,966.1376739479005,23.862326052099547,0.2102070491328431,0.0587855087955754,989.7310074420716,0.1549897638246617,0.1549897638246617,0.1549897638246617,0.0,23.43834373034647,23.43834373034647,23.43834373034647,23.593333494171134,,0.9149121615646194,0.9149121615646194,0.9149121615646194,0.0,31.11973259083455,31.11973259083455,31.11973259083455,0.0,0.6338031077563044,0.6338031077563044,0.6338031077563044,0.0,0.97,0.97,0.97,0.96,30.18614061310951,30.18614061310951,30.18614061310951,0.0,90.55842183932852,2173.402124143885,0.1605852078097485,5.666491642348922e-05,0.505
1947-01-17,1947-01-28,653.5614,0.8750395785925671,571.8920920403683,0.4970000000000001,1947,1,17,1947.01,1946,4,109,16,0.0494114767522878,7.964548062490849,0.0139266623430223,0.62,3,Normal,41,6,4,3,66,120.0,0.2098297942394516,451.8920920403683,451.8920920403683,,3,150.63069734678945,150.63069734678945,150.63069734678945,0.0,0.0,0.0,0.0,0.0,0.0,0.0,41.0,6.0,4.0,3.0,66.0,502.8920920403683,990.0,966.1735144141816,23.826485585818432,0.2130179852587491,0.0603784184080736,989.7266035963332,0.1605623062690652,0.1605623062690652,0.1605623062690652,0.0,23.3925268758826,23.3925268758826,23.3925268758826,23.553089182151663,,0.9159607669843912,0.9159607669843912,0.9159607669843912,0.0,31.652367200998903,31.652367200998903,31.652367200998903,0.0,0.6446510631568005,0.6446510631568005,0.6446510631568005,0.0,0.97,0.97,0.97,0.96,30.70279618496894,30.70279618496894,30.70279618496894,0.0,92.1083885549068,2210.6013253177634,0.1610590351516962,5.661896709002047e-05,0.495
1947-01-18,1947-01-29,659.7793,0.8759751691964408,577.9502839498093,0.495,1947,1,18,1947.01,1946,4,110,16,0.0499349045332635,6.058191909441008,0.0104822024967931,0.62,3,Normal,41,6,4,3,66,120.0,0.2076303158463732,457.9502839498093,457.9502839498093,,3,152.65009464993645,152.65009464993645,152.65009464993645,0.0,0.0,0.0,0.0,0.0,0.0,0.0,41.0,6.0,4.0,3.0,66.0,508.9502839498093,990.0,966.200776277774,23.79922372222586,0.2157526552736652,0.0615900567899618,989.7226572879364,0.1649242044438627,0.1649242044438627,0.1649242044438627,0.0,23.35695680571827,23.35695680571827,23.35695680571827,23.521881010162133,,0.9167589675616372,0.9167589675616372,0.9167589675616372,0.0,32.05584295967497,32.05584295967497,32.05584295967497,0.0,0.6528684920504066,0.6528684920504066,0.6528684920504066,0.0,0.97,0.97,0.97,0.96,31.09416767088472,31.09416767088472,31.09416767088472,0.0,93.28250301265416,2238.7800723037,0.161402296362147,5.658213849965388e-05,0.495
1947-01-19,1947-01-30,672.3268,0.8764068829576366,589.2318351168824,0.488,1947,1,19,1947.01,1946,4,111,16,0.0509096305540986,11.281551167073074,0.0191462010277079,0.62,3,Normal,41,6,4,3,66,120.0,0.203654984079732,469.2318351168824,469.2318351168824,,3,156.41061170562747,156.41061170562747,156.41061170562747,0.0,0.0,0.0,0.0,0.0,0.0,0.0,41.0,6.0,4.0,3.0,66.0,520.2318351168824,990.0,966.251543258026,23.74845674197411,0.2221638497049443,0.0638463670233764,989.7139897832716,0.173131557986493,0.173131557986493,0.173131557986493,0.0,23.2893149672592,23.2893149672592,23.2893149672592,23.462446525245696,,0.9182470782488196,0.9182470782488196,0.9182470782488196,0.0,32.80357552352977,32.80357552352977,32.80357552352977,0.0,0.6680972611716858,0.6680972611716858,0.6680972611716858,0.0,0.97,0.97,0.97,0.96,31.81946825782388,31.81946825782388,31.81946825782388,0.0,95.45840477347164,2291.001714563319,0.1620048325368165,5.65098562453282e-05,0.49
1947-01-20,1947-01-31,685.0236,0.878477532975807,601.777842158206,0.482,1947,1,20,1947.01,1946,4,112,16,0.051993605562469,12.546007041323604,0.0208482369445987,0.62,3,Normal,41,6,4,3,66,120.0,0.1994091367166893,481.777842158206,481.777842158206,,3,160.59261405273534,160.59261405273534,160.59261405273534,0.0,0.0,0.0,0.0,0.0,0.0,0.0,41.0,6.0,4.0,3.0,66.0,532.777842158206,990.0,966.3071113686328,23.69288863136717,0.2292936219576187,0.0663555684316412,989.7043508096108,0.1824630123212913,0.1824630123212913,0.1824630123212913,0.0,23.214776428656663,23.214776428656663,23.214776428656663,23.397239440977955,,0.9199073990526369,0.9199073990526369,0.9199073990526369,0.0,33.63356356735391,33.63356356735391,33.63356356735391,0.0,0.6850012946507924,0.6850012946507924,0.6850012946507924,0.0,0.97,0.97,0.97,0.96,32.62455666033329,32.62455666033329,32.62455666033329,0.0,97.87366998099986,2348.9680795439967,0.1626408669850444,5.643084461603372e-05,0.48
1947-01-21,1947-02-01,730.6486,0.8864028278959922,647.6489852382476,0.462,1947,1,21,1947.01,1946,4,113,17,0.0559568723245846,45.87114308004164,0.0708271673785873,0.7000000000000001,4,Mod_Dry,34,5,4,3,45,91.0,0.1405082105803412,556.6489852382476,556.6489852382476,,3,185.5496617460825,185.5496617460825,185.5496617460825,0.0,0.0,0.0,0.0,0.0,0.0,0.0,34.0,5.0,4.0,3.0,45.0,599.6489852382476,990.0,966.490595940953,23.50940405904703,0.2672958340452022,0.092659594095299,989.6400445718596,0.2435621002445795,0.2435621002445795,0.2435621002445795,0.0,22.905886530662013,22.905886530662013,22.905886530662013,23.14944863090659,,0.9287873652189342,0.9287873652189342,0.9287873652189342,0.0,38.71348517018424,38.71348517018424,38.71348517018424,0.0,0.7884620197593531,0.7884620197593531,0.7884620197593531,0.0,0.97,0.97,0.97,0.96,37.55208061507872,37.55208061507872,37.55208061507872,0.0,112.65624184523614,2703.749804285668,0.173946450026157,5.621747518172859e-05,0.46
1947-01-22,1947-02-02,792.06,0.8911767402221192,705.8654488603318,0.435,1947,1,22,1947.01,1946,4,114,17,0.0609867747815326,58.21646362208412,0.0824752985375309,0.7000000000000001,4,Mod_Dry,34,5,4,3,45,91.0,0.1289197539657533,614.8654488603318,614.8654488603318,,3,204.95514962011055,204.95514962011055,204.95514962011055,0.0,0.0,0.0,0.0,0.0,0.0,0.0,34.0,5.0,4.0,3.0,45.0,657.8654488603318,990.0,966.7234617954412,23.276538204558733,0.3003796770252369,0.1144596346580995,989.5851606883166,0.2971717279135162,0.2971717279135162,0.2971717279135162,0.0,22.56452716496181,22.56452716496181,22.56452716496181,22.861698892875324,,0.9345089798855208,0.9345089798855208,0.9345089798855208,0.0,42.38451818074587,42.38451818074587,42.38451818074587,0.0,0.8632284761862703,0.8632284761862703,0.8632284761862703,0.0,0.976322847618627,0.976322847618627,0.976322847618627,0.96,41.38097348516928,41.38097348516928,41.38097348516928,0.0,124.14292045550783,2979.4300909321883,0.1758733490298258,5.608404998994757e-05,0.435
1947-01-23,1947-02-03,785.0819,0.8950098277210273,702.6560160658968,0.4370000000000001,1947,1,23,1947.01,1946,4,115,17,0.0607094797880934,3.2094327944349743,0.0045675732094407,0.7000000000000001,4,Mod_Dry,34,5,4,3,45,91.0,0.1295086043801349,611.6560160658968,611.6560160658968,,3,203.88533868863223,203.88533868863223,203.88533868863223,0.0,0.0,0.0,0.0,0.0,0.0,0.0,34.0,5.0,4.0,3.0,45.0,654.6560160658968,990.0,966.7106240642636,23.289375935736416,0.2985557879735875,0.113496804819769,989.5879474072068,0.2941120686494882,0.2941120686494882,0.2941120686494882,0.0,22.58321127429361,22.58321127429361,22.58321127429361,22.8773233429431,,0.9341754778284156,0.9341754778284156,0.9341754778284156,0.0,42.18313538626653,42.18313538626653,42.18313538626653,0.0,0.8591269936103162,0.8591269936103162,0.8591269936103162,0.0,0.9759126993610316,0.9759126993610316,0.9759126993610316,0.96,41.16705752232322,41.16705752232322,41.16705752232322,0.0,123.50117256696966,2964.028141607272,0.175763346136906,5.608688603972913e-05,0.435
1947-01-24,1947-02-04,750.7725,0.8881602932782826,666.8063237852695,0.452,1947,1,24,1947.01,1946,4,116,17,0.0576120663750472,35.84969228062732,0.0537632757846668,0.7000000000000001,4,Mod_Dry,34,5,4,3,45,91.0,0.1364714111939115,575.8063237852695,575.8063237852695,,3,191.9354412617565,191.9354412617565,191.9354412617565,0.0,0.0,0.0,0.0,0.0,0.0,0.0,34.0,5.0,4.0,3.0,45.0,618.8063237852695,990.0,966.567225295141,23.43277470485896,0.2781827608863683,0.1003225295141077,989.6214947095996,0.2606644002319777,0.2606644002319777,0.2606644002319777,0.0,22.793605014226557,22.793605014226557,22.793605014226557,23.05426941445853,,0.930594209699468,0.930594209699468,0.930594209699468,0.0,39.927051424016575,39.927051424016575,39.927051424016575,0.0,0.8131782367416818,0.8131782367416818,0.8131782367416818,0.0,0.9713178236741682,0.9713178236741682,0.9713178236741682,0.96,38.78185669490238,38.78185669490238,38.78185669490238,0.0,116.34557008470712,2792.2936820329714,0.1744818036881331,5.612688256003039e-05,0.45
1947-01-25,1947-02-05,750.7725,0.8881602932782826,666.8063237852695,0.452,1947,1,25,1947.01,1946,4,117,17,0.0576120663750472,0.0,0.0,0.7000000000000001,4,Mod_Dry,34,5,4,3,45,91.0,0.1364714111939115,575.8063237852695,575.8063237852695,,3,191.9354412617565,191.9354412617565,191.9354412617565,0.0,0.0,0.0,0.0,0.0,0.0,0.0,34.0,5.0,4.0,3.0,45.0,618.8063237852695,990.0,966.567225295141,23.43277470485896,0.2781827608863683,0.1003225295141077,989.6214947095996,0.2606644002319777,0.2606644002319777,0.2606644002319777,0.0,22.793605014226557,22.793605014226557,22.793605014226557,23.05426941445853,,0.930594209699468,0.930594209699468,0.930594209699468,0.0,39.927051424016575,39.927051424016575,39.927051424016575,0.0,0.8131782367416818,0.8131782367416818,0.8131782367416818,0.0,0.9713178236741682,0.9713178236741682,0.9713178236741682,0.96,38.78185669490238,38.78185669490238,38.78185669490238,0.0,116.34557008470712,2792.2936820329714,0.1744818036881331,5.612688256003039e-05,0.45
1947-01-26,1947-02-06,750.7725,0.8881602932782826,666.8063237852695,0.452,1947,1,26,1947.01,1946,4,118,17,0.0576120663750472,0.0,0.0,0.7000000000000001,4,Mod_Dry,34,5,4,3,45,91.0,0.1364714111939115,575.8063237852695,575.8063237852695,,3,191.9354412617565,191.9354412617565,191.9354412617565,0.0,0.0,0.0,0.0,0.0,0.0,0.0,34.0,5.0,4.0,3.0,45.0,618.8063237852695,990.0,966.567225295141,23.43277470485896,0.2781827608863683,0.1003225295141077,989.6214947095996,0.2606644002319777,0.2606644002319777,0.2606644002319777,0.0,22.793605014226557,22.793605014226557,22.793605014226557,23.05426941445853,,0.930594209699468,0.930594209699468,0.930594209699468,0.0,39.927051424016575,39.927051424016575,39.927051424016575,0.0,0.8131782367416818,0.8131782367416818,0.8131782367416818,0.0,0.9713178236741682,0.9713178236741682,0.9713178236741682,0.96,38.78185669490238,38.78185669490238,38.78185669490238,0.0,116.34557008470712,2792.2936820329714,0.1744818036881331,5.612688256003039e-05,0.45
1947-01-27,1947-02-07,750.7725,0.8881602932782826,666.8063237852695,0.452,1947,1,27,1947.01,1946,4,119,17,0.0576120663750472,0.0,0.0,0.7000000000000001,4,Mod_Dry,34,5,4,3,45,91.0,0.1364714111939115,575.8063237852695,575.8063237852695,,3,191.9354412617565,191.9354412617565,191.9354412617565,0.0,0.0,0.0,0.0,0.0,0.0,0.0,34.0,5.0,4.0,3.0,45.0,618.8063237852695,990.0,966.567225295141,23.43277470485896,0.2781827608863683,0.1003225295141077,989.6214947095996,0.2606644002319777,0.2606644002319777,0.2606644002319777,0.0,22.793605014226557,22.793605014226557,22.793605014226557,23.05426941445853,,0.930594209699468,0.930594209699468,0.930594209699468,0.0,39.927051424016575,39.927051424016575,39.927051424016575,0.0,0.8131782367416818,0.8131782367416818,0.8131782367416818,0.0,0.9713178236741682,0.9713178236741682,0.9713178236741682,0.96,38.78185669490238,38.78185669490238,38.78185669490238,0.0,116.34557008470712,2792.2936820329714,0.1744818036881331,5.612688256003039e-05,0.45
1947-01-28,1947-02-08,750.7725,0.8881602932782826,666.8063237852695,0.452,1947,1,28,1947.01,1946,4,120,18,0.0576120663750472,0.0,0.0,0.7000000000000001,4,Mod_Dry,34,5,4,3,45,91.0,0.1364714111939115,575.8063237852695,575.8063237852695,,3,191.9354412617565,191.9354412617565,191.9354412617565,0.0,0.0,0.0,0.0,0.0,0.0,0.0,34.0,5.0,4.0,3.0,45.0,618.8063237852695,990.0,966.567225295141,23.43277470485896,0.2781827608863683,0.1003225295141077,989.6214947095996,0.2606644002319777,0.2606644002319777,0.2606644002319777,0.0,22.793605014226557,22.793605014226557,22.793605014226557,23.05426941445853,,0.930594209699468,0.930594209699468,0.930594209699468,0.0,39.927051424016575,39.927051424016575,39.927051424016575,0.0,0.8131782367416818,0.8131782367416818,0.8131782367416818,0.0,0.9713178236741682,0.9713178236741682,0.9713178236741682,0.96,38.78185669490238,38.78185669490238,38.78185669490238,0.0,116.34557008470712,2792.2936820329714,0.1744818036881331,5.612688256003039e-05,0.45
1947-01-29,1947-02-09,750.7725,0.8881602932782826,666.8063237852695,0.452,1947,1,29,1947.01,1946,4,121,18,0.0576120663750472,0.0,0.0,0.7000000000000001,4,Mod_Dry,34,5,4,3,45,91.0,0.1364714111939115,575.8063237852695,575.8063237852695,,3,191.9354412617565,191.9354412617565,191.9354412617565,0.0,0.0,0.0,0.0,0.0,0.0,0.0,34.0,5.0,4.0,3.0,45.0,618.8063237852695,990.0,966.567225295141,23.43277470485896,0.2781827608863683,0.1003225295141077,989.6214947095996,0.2606644002319777,0.2606644002319777,0.2606644002319777,0.0,22.793605014226557,22.793605014226557,22.793605014226557,23.05426941445853,,0.930594209699468,0.930594209699468,0.930594209699468,0.0,39.927051424016575,39.927051424016575,39.927051424016575,0.0,0.8131782367416818,0.8131782367416818,0.8131782367416818,0.0,0.9713178236741682,0.9713178236741682,0.9713178236741682,0.96,38.78185669490238,38.78185669490238,38.78185669490238,0.0,116.34557008470712,2792.2936820329714,0.1744818036881331,5.612688256003039e-05,0.45
1947-01-30,1947-02-10,757.5572,0.8885900059140133,673.1577568282033,0.45,1947,1,30,1947.01,1946,4,122,18,0.0581608301899567,6.351433042933878,0.0094352816683873,0.7000000000000001,4,Mod_Dry,34,5,4,3,45,91.0,0.1351837649896146,582.1577568282033,582.1577568282033,,3,194.05258560940112,194.05258560940112,194.05258560940112,0.0,0.0,0.0,0.0,0.0,0.0,0.0,34.0,5.0,4.0,3.0,45.0,625.1577568282033,990.0,966.5926310273128,23.40736897268721,0.2817922177378648,0.1028631027312813,989.6153446795308,0.2664230328575711,0.2664230328575711,0.2664230328575711,0.0,22.756290619360477,22.756290619360477,22.756290619360477,23.022713652218044,,0.9312095803058964,0.9312095803058964,0.9312095803058964,0.0,40.32803302738129,40.32803302738129,40.32803302738129,0.0,0.8213448681747716,0.8213448681747716,0.8213448681747716,0.0,0.9721344868174772,0.9721344868174772,0.9721344868174772,0.96,39.20427169143158,39.20427169143158,39.20427169143158,0.0,117.61281507429472,2822.7075617830733,0.1747180566238512,5.611919797740907e-05,0.45
1947-01-31,1947-02-11,764.3804,0.8926299826267534,682.3088631722309,0.445,1947,1,31,1947.01,1946,4,123,18,0.0589514857780807,9.15110634402754,0.0134119704989345,0.7000000000000001,4,Mod_Dry,34,5,4,3,45,91.0,0.133370684321639,591.3088631722309,591.3088631722309,,3,197.10295439074363,197.10295439074363,197.10295439074363,0.0,0.0,0.0,0.0,0.0,0.0,0.0,34.0,5.0,4.0,3.0,45.0,634.3088631722309,990.0,966.6292354526888,23.37076454731107,0.2869927013561201,0.1065235452688923,989.606483753375,0.2748882722940822,0.2748882722940822,0.2748882722940822,0.0,22.702360028391947,22.702360028391947,22.702360028391947,22.97724830068603,,0.932110426894996,0.932110426894996,0.932110426894996,0.0,40.90441692525649,40.90441692525649,40.90441692525649,0.0,0.833083847764898,0.833083847764898,0.833083847764898,0.0,0.9733083847764896,0.9733083847764896,0.9733083847764896,0.96,39.812611967745504,39.812611967745504,39.812611967745504,0.0,119.4378359032365,2866.508061677676,0.1750495154759371,5.6108032038958935e-05,0.445
1947-02-01,1947-02-12,785.0819,0.8950098277210273,702.6560160658968,0.4370000000000001,1947,2,1,1947.02,1946,5,124,18,0.0607094797880934,20.347152893665907,0.0289574876304164,0.7000000000000001,4,Mod_Dry,36,6,5,4,54,105.0,0.1494330050540019,597.6560160658968,597.6560160658968,,3,199.2186720219656,199.2186720219656,199.2186720219656,0.0,0.0,0.0,0.0,0.0,0.0,0.0,36.0,6.0,5.0,4.0,54.0,644.6560160658968,990.0,966.7106240642636,23.289375935736416,0.2928728864502657,0.1090624064263587,989.5980647071234,0.2808122816615037,0.2808122816615037,0.2808122816615037,0.0,22.60662836119831,22.60662836119831,22.60662836119831,22.88744064285981,,0.932674686503431,0.932674686503431,0.932674686503431,0.0,41.19407211714432,41.19407211714432,41.19407211714432,0.0,0.8389831388420432,0.8389831388420432,0.8389831388420432,0.0,0.9738983138842044,0.9738983138842044,0.9738983138842044,0.96,40.11883737691117,40.11883737691117,40.11883737691117,0.0,120.35651213073352,2888.5562911376046,0.1712879551001328,5.593914154973236e-05,0.435
1947-02-02,1947-02-13,785.0819,0.8950098277210273,702.6560160658968,0.4370000000000001,1947,2,2,1947.02,1946,5,125,18,0.0607094797880934,0.0,0.0,0.7000000000000001,4,Mod_Dry,36,6,5,4,54,105.0,0.1494330050540019,597.6560160658968,597.6560160658968,,3,199.2186720219656,199.2186720219656,199.2186720219656,0.0,0.0,0.0,0.0,0.0,0.0,0.0,36.0,6.0,5.0,4.0,54.0,644.6560160658968,990.0,966.7106240642636,23.289375935736416,0.2928728864502657,0.1090624064263587,989.5980647071234,0.2808122816615037,0.2808122816615037,0.2808122816615037,0.0,22.60662836119831,22.60662836119831,22.60662836119831,22.88744064285981,,0.932674686503431,0.932674686503431,0.932674686503431,0.0,41.19407211714432,41.19407211714432,41.19407211714432,0.0,0.8389831388420432,0.8389831388420432,0.8389831388420432,0.0,0.9738983138842044,0.9738983138842044,0.9738983138842044,0.96,40.11883737691117,40.11883737691117,40.11883737691117,0.0,120.35651213073352,2888.5562911376046,0.1712879551001328,5.593914154973236e-05,0.435
1947-02-03,1947-02-14,785.0819,0.8950098277210273,702.6560160658968,0.4370000000000001,1947,2,3,1947.02,1946,5,126,18,0.0607094797880934,0.0,0.0,0.7000000000000001,4,Mod_Dry,36,6,5,4,54,105.0,0.1494330050540019,597.6560160658968,597.6560160658968,,3,199.2186720219656,199.2186720219656,199.2186720219656,0.0,0.0,0.0,0.0,0.0,0.0,0.0,36.0,6.0,5.0,4.0,54.0,644.6560160658968,990.0,966.7106240642636,23.289375935736416,0.2928728864502657,0.1090624064263587,989.5980647071234,0.2808122816615037,0.2808122816615037,0.2808122816615037,0.0,22.60662836119831,22.60662836119831,22.60662836119831,22.88744064285981,,0.932674686503431,0.932674686503431,0.932674686503431,0.0,41.19407211714432,41.19407211714432,41.19407211714432,0.0,0.8389831388420432,0.8389831388420432,0.8389831388420432,0.0,0.9738983138842044,0.9738983138842044,0.9738983138842044,0.96,40.11883737691117,40.11883737691117,40.11883737691117,0.0,120.35651213073352,2888.5562911376046,0.1712879551001328,5.593914154973236e-05,0.435
1947-02-04,1947-02-15,785.0819,0.8950098277210273,702.6560160658968,0.4370000000000001,1947,2,4,1947.02,1946,5,127,19,0.0607094797880934,0.0,0.0,0.7000000000000001,4,Mod_Dry,36,6,5,4,54,105.0,0.1494330050540019,597.6560160658968,597.6560160658968,,3,199.2186720219656,199.2186720219656,199.2186720219656,0.0,0.0,0.0,0.0,0.0,0.0,0.0,36.0,6.0,5.0,4.0,54.0,644.6560160658968,990.0,966.7106240642636,23.289375935736416,0.2928728864502657,0.1090624064263587,989.5980647071234,0.2808122816615037,0.2808122816615037,0.2808122816615037,0.0,22.60662836119831,22.60662836119831,22.60662836119831,22.88744064285981,,0.932674686503431,0.932674686503431,0.932674686503431,0.0,41.19407211714432,41.19407211714432,41.19407211714432,0.0,0.8389831388420432,0.8389831388420432,0.8389831388420432,0.0,0.9738983138842044,0.9738983138842044,0.9738983138842044,0.96,40.11883737691117,40.11883737691117,40.11883737691117,0.0,120.35651213073352,2888.5562911376046,0.1712879551001328,5.593914154973236e-05,0.435
1947-02-05,1947-02-16,785.0819,0.8950098277210273,702.6560160658968,0.4370000000000001,1947,2,5,1947.02,1946,5,128,19,0.0607094797880934,0.0,0.0,0.7000000000000001,4,Mod_Dry,36,6,5,4,54,105.0,0.1494330050540019,597.6560160658968,597.6560160658968,,3,199.2186720219656,199.2186720219656,199.2186720219656,0.0,0.0,0.0,0.0,0.0,0.0,0.0,36.0,6.0,5.0,4.0,54.0,644.6560160658968,990.0,966.7106240642636,23.289375935736416,0.2928728864502657,0.1090624064263587,989.5980647071234,0.2808122816615037,0.2808122816615037,0.2808122816615037,0.0,22.60662836119831,22.60662836119831,22.60662836119831,22.88744064285981,,0.932674686503431,0.932674686503431,0.932674686503431,0.0,41.19407211714432,41.19407211714432,41.19407211714432,0.0,0.8389831388420432,0.8389831388420432,0.8389831388420432,0.0,0.9738983138842044,0.9738983138842044,0.9738983138842044,0.96,40.11883737691117,40.11883737691117,40.11883737691117,0.0,120.35651213073352,2888.5562911376046,0.1712879551001328,5.593914154973236e-05,0.435
1947-02-06,1947-02-17,785.0819,0.8950098277210273,702.6560160658968,0.4370000000000001,1947,2,6,1947.02,1946,5,129,19,0.0607094797880934,0.0,0.0,0.7000000000000001,4,Mod_Dry,36,6,5,4,54,105.0,0.1494330050540019,597.6560160658968,597.6560160658968,,3,199.2186720219656,199.2186720219656,199.2186720219656,0.0,0.0,0.0,0.0,0.0,0.0,0.0,36.0,6.0,5.0,4.0,54.0,644.6560160658968,990.0,966.7106240642636,23.289375935736416,0.2928728864502657,0.1090624064263587,989.5980647071234,0.2808122816615037,0.2808122816615037,0.2808122816615037,0.0,22.60662836119831,22.60662836119831,22.60662836119831,22.88744064285981,,0.932674686503431,0.932674686503431,0.932674686503431,0.0,41.19407211714432,41.19407211714432,41.19407211714432,0.0,0.8389831388420432,0.8389831388420432,0.8389831388420432,0.0,0.9738983138842044,0.9738983138842044,0.9738983138842044,0.96,40.11883737691117,40.11883737691117,40.11883737691117,0.0,120.35651213073352,2888.5562911376046,0.1712879551001328,5.593914154973236e-05,0.435
1947-02-07,1947-02-18,785.0819,0.8950098277210273,702.6560160658968,0.4370000000000001,1947,2,7,1947.02,1946,5,130,19,0.0607094797880934,0.0,0.0,0.7000000000000001,4,Mod_Dry,36,6,5,4,54,105.0,0.1494330050540019,597.6560160658968,597.6560160658968,,3,199.2186720219656,199.2186720219656,199.2186720219656,0.0,0.0,0.0,0.0,0.0,0.0,0.0,36.0,6.0,5.0,4.0,54.0,644.6560160658968,990.0,966.7106240642636,23.289375935736416,0.2928728864502657,0.1090624064263587,989.5980647071234,0.2808122816615037,0.2808122816615037,0.2808122816615037,0.0,22.60662836119831,22.60662836119831,22.60662836119831,22.88744064285981,,0.932674686503431,0.932674686503431,0.932674686503431,0.0,41.19407211714432,41.19407211714432,41.19407211714432,0.0,0.8389831388420432,0.8389831388420432,0.8389831388420432,0.0,0.9738983138842044,0.9738983138842044,0.9738983138842044,0.96,40.11883737691117,40.11883737691117,40.11883737691117,0.0,120.35651213073352,2888.5562911376046,0.1712879551001328,5.593914154973236e-05,0.435
1947-02-08,1947-02-19,792.06,0.8911767402221192,705.8654488603318,0.435,1947,2,8,1947.02,1946,5,131,19,0.0609867747815326,3.2094327944349743,0.0045468053431667,0.7000000000000001,4,Mod_Dry,36,6,5,4,54,105.0,0.1487535622681769,600.8654488603318,600.8654488603318,,3,200.28848295344392,200.28848295344392,200.28848295344392,0.0,0.0,0.0,0.0,0.0,0.0,0.0,36.0,6.0,5.0,4.0,54.0,647.8654488603318,990.0,966.7234617954412,23.276538204558733,0.2946967755019151,0.1102596346580995,989.59504358984,0.2838250612468496,0.2838250612468496,0.2838250612468496,0.0,22.587756733151856,22.587756733151856,22.587756733151856,22.871581794398708,,0.9330021352696096,0.9330021352696096,0.9330021352696096,0.0,41.39524106501588,41.39524106501588,41.39524106501588,0.0,0.8430802660899365,0.8430802660899365,0.8430802660899365,0.0,0.9743080266089936,0.9743080266089936,0.9743080266089936,0.96,40.3317156330592,40.3317156330592,40.3317156330592,0.0,120.9951468991776,2903.8835255802624,0.1714138963658478,5.5935589392429446e-05,0.435
1947-02-09,1947-02-20,806.1332,0.8935666243082664,720.3337222668207,0.431,1947,2,9,1947.02,1946,5,132,19,0.0622368336038533,14.468273406488947,0.0200855144764827,0.7000000000000001,4,Mod_Dry,36,6,5,4,54,105.0,0.145765770439811,615.3337222668207,615.3337222668207,,3,205.1112407556069,205.1112407556069,205.1112407556069,0.0,0.0,0.0,0.0,0.0,0.0,0.0,36.0,6.0,5.0,4.0,54.0,662.3337222668207,990.0,966.7813348890672,23.21866511093276,0.3029189528000723,0.1146001166800462,989.58248093052,0.2976270478214843,0.2976270478214843,0.2976270478214843,0.0,22.50351899363114,22.50351899363114,22.50351899363114,22.801146041452625,,0.9344940381454218,0.9344940381454218,0.9344940381454218,0.0,42.30143814807342,42.30143814807342,42.30143814807342,0.0,0.861536418494367,0.861536418494367,0.861536418494367,0.0,0.9761536418494366,0.9761536418494366,0.9761536418494366,0.96,41.29270290371056,41.29270290371056,41.29270290371056,0.0,123.87810871113167,2973.0746090671605,0.1719732186371883,5.5921826657455706e-05,0.43
1947-02-10,1947-02-21,806.1332,0.8935666243082664,720.3337222668207,0.431,1947,2,10,1947.02,1946,5,133,19,0.0622368336038533,0.0,0.0,0.7000000000000001,4,Mod_Dry,36,6,5,4,54,105.0,0.145765770439811,615.3337222668207,615.3337222668207,,3,205.1112407556069,205.1112407556069,205.1112407556069,0.0,0.0,0.0,0.0,0.0,0.0,0.0,36.0,6.0,5.0,4.0,54.0,662.3337222668207,990.0,966.7813348890672,23.21866511093276,0.3029189528000723,0.1146001166800462,989.58248093052,0.2976270478214843,0.2976270478214843,0.2976270478214843,0.0,22.50351899363114,22.50351899363114,22.50351899363114,22.801146041452625,,0.9344940381454218,0.9344940381454218,0.9344940381454218,0.0,42.30143814807342,42.30143814807342,42.30143814807342,0.0,0.861536418494367,0.861536418494367,0.861536418494367,0.0,0.9761536418494366,0.9761536418494366,0.9761536418494366,0.96,41.29270290371056,41.29270290371056,41.29270290371056,0.0,123.87810871113167,2973.0746090671605,0.1719732186371883,5.5921826657455706e-05,0.43
1947-02-11,1947-02-22,820.3628,0.8945448145815545,733.8512888156049,0.422,1947,2,11,1947.02,1946,5,134,20,0.0634047513536682,13.517566548784204,0.0184200351689792,0.77,4,Mod_Dry,36,6,5,4,54,105.0,0.1430807598218763,628.8512888156049,628.8512888156049,,3,209.6170962718683,209.6170962718683,209.6170962718683,0.0,0.0,0.0,0.0,0.0,0.0,0.0,36.0,6.0,5.0,4.0,54.0,675.8512888156049,990.0,966.8354051552624,23.16459484473762,0.3106008527532412,0.1186553866446814,989.570743760602,0.3108742630392928,0.3108742630392928,0.3108742630392928,0.0,22.42446434230033,22.42446434230033,22.42446434230033,22.73533860533962,,0.935468408782933,0.935468408782933,0.935468408782933,0.0,43.123758336512,43.123758336512,43.123758336512,0.0,0.8782842838393482,0.8782842838393482,0.8782842838393482,0.0,0.9778284283839348,0.9778284283839348,0.9778284283839348,0.96,42.16763684020013,42.16763684020013,42.16763684020013,0.0,126.5029105206004,3036.0698524944096,0.1723822148282509,5.587918477994453e-05,0.42
1947-02-12,1947-02-23,827.5366,0.8937943571986156,739.6475434553279,0.419,1947,2,12,1947.02,1946,5,135,20,0.0639055477545403,5.7962546397229735,0.0078365090116371,0.77,4,Mod_Dry,36,6,5,4,54,105.0,0.1419595061581403,634.6475434553279,634.6475434553279,,3,211.549181151776,211.549181151776,211.549181151776,0.0,0.0,0.0,0.0,0.0,0.0,0.0,36.0,6.0,5.0,4.0,54.0,681.6475434553279,990.0,966.8585901738212,23.141409826178688,0.3138948071854054,0.1203942630365983,989.565710929778,0.3166475434553279,0.3166475434553279,0.3166475434553279,0.0,22.39047321250135,22.39047321250135,22.39047321250135,22.70712075595668,,0.93588601929049,0.93588601929049,0.93588601929049,0.0,43.47466859113722,43.47466859113722,43.47466859113722,0.0,0.8854311322023872,0.8854311322023872,0.8854311322023872,0.0,0.9785431132202388,0.9785431132202388,0.9785431132202388,0.96,42.54183754938954,42.54183754938954,42.54183754938954,0.0,127.62551264816862,3063.012303556047,0.1725490928448906,5.586018831514369e-05,0.42
1947-02-13,1947-02-24,849.2947,0.8954821115912885,760.52821131929,0.409,1947,2,13,1947.02,1946,5,136,20,0.0657096374579866,20.88066786396212,0.0274554810106785,0.77,4,Mod_Dry,36,6,5,4,54,105.0,0.1380619396325302,655.52821131929,655.52821131929,,3,218.50940377309664,218.50940377309664,218.50940377309664,0.0,0.0,0.0,0.0,0.0,0.0,0.0,36.0,6.0,5.0,4.0,54.0,702.52821131929,990.0,966.9421128452772,23.057887154722835,0.3257610851066139,0.126658463395787,989.5475804514977,0.3378089636211377,0.3378089636211377,0.3378089636211377,0.0,22.267658642599347,22.267658642599347,22.267658642599347,22.605467606220486,,0.937389558994462,0.937389558994462,0.937389558994462,0.0,44.73047380491615,44.73047380491615,44.73047380491615,0.0,0.9110076131347484,0.9110076131347484,0.9110076131347484,0.0,0.98,0.98,0.98,0.96,43.83586432881783,43.83586432881783,43.83586432881783,0.0,131.5075929864535,3156.182231674884,0.1729161272772866,5.572588076287812e-05,0.41
1947-02-14,1947-02-25,849.2947,0.8954821115912885,760.52821131929,0.409,1947,2,14,1947.02,1946,5,137,20,0.0657096374579866,0.0,0.0,0.77,4,Mod_Dry,36,6,5,4,54,105.0,0.1380619396325302,655.52821131929,655.52821131929,,3,218.50940377309664,218.50940377309664,218.50940377309664,0.0,0.0,0.0,0.0,0.0,0.0,0.0,36.0,6.0,5.0,4.0,54.0,702.52821131929,990.0,966.9421128452772,23.057887154722835,0.3257610851066139,0.126658463395787,989.5475804514977,0.3378089636211377,0.3378089636211377,0.3378089636211377,0.0,22.267658642599347,22.267658642599347,22.267658642599347,22.605467606220486,,0.937389558994462,0.937389558994462,0.937389558994462,0.0,44.73047380491615,44.73047380491615,44.73047380491615,0.0,0.9110076131347484,0.9110076131347484,0.9110076131347484,0.0,0.98,0.98,0.98,0.96,43.83586432881783,43.83586432881783,43.83586432881783,0.0,131.5075929864535,3156.182231674884,0.1729161272772866,5.572588076287812e-05,0.41
1947-02-15,1947-02-26,863.9982,0.9020463209442272,779.3663976124346,0.405,1947,2,15,1947.02,1946,5,138,20,0.0673372567537143,18.838186293144645,0.02417115537808,0.77,4,Mod_Dry,36,6,5,4,54,105.0,0.1347248230378732,674.3663976124346,674.3663976124346,,4,168.59159940310866,168.59159940310866,168.59159940310866,168.59159940310866,0.0,0.0,0.0,0.0,0.0,0.0,36.0,6.0,5.0,4.0,54.0,721.3663976124346,990.0,967.0174655904495,22.98253440955034,0.336466640864807,0.1323099192837304,989.5312234398514,0.2011480065793986,0.2011480065793986,0.2011480065793986,0.2011480065793986,22.312609842822315,22.312609842822315,22.312609842822315,22.312609842822315,,0.9212439233963292,0.9212439233963292,0.9212439233963292,0.9212439233963292,33.98596751311521,33.98596751311521,33.98596751311521,33.98596751311521,0.6921785644218984,0.6921785644218984,0.6921785644218984,0.6921785644218984,0.97,0.97,0.97,0.97,32.96638848772176,32.96638848772176,32.96638848772176,32.96638848772176,131.86555395088703,3164.773294821289,0.1691958421030893,5.431664547877476e-05,0.405
1947-02-16,1947-02-27,878.8611,0.9037319275970654,794.2548359930772,0.399,1947,2,16,1947.02,1946,5,139,20,0.0686236178298018,14.888438380642588,0.0187451655387495,0.77,4,Mod_Dry,36,6,5,4,54,105.0,0.1321993839278495,689.2548359930772,689.2548359930772,,4,172.3137089982693,172.3137089982693,172.3137089982693,172.3137089982693,0.0,0.0,0.0,0.0,0.0,0.0,36.0,6.0,5.0,4.0,54.0,736.2548359930772,990.0,967.0770193439724,22.92298065602768,0.3449275937801306,0.1367764507979231,989.518295955422,0.2101454499557771,0.2101454499557771,0.2101454499557771,0.2101454499557771,22.231131161493888,22.231131161493888,22.231131161493888,22.231131161493888,,0.9224712379732536,0.9224712379732536,0.9224712379732536,0.9224712379732536,34.6555603247479,34.6555603247479,34.6555603247479,34.6555603247479,0.705815892561057,0.705815892561057,0.705815892561057,0.705815892561057,0.97,0.97,0.97,0.97,33.61589351500547,33.61589351500547,33.61589351500547,33.61589351500547,134.46357406002187,3227.125777440525,0.1692952538235396,5.419039641649416e-05,0.4
1947-02-17,1947-02-28,901.4559,0.907115570001353,817.7246825595828,0.391,1947,2,17,1947.02,1946,5,140,20,0.0706514125731479,23.46984656650557,0.0287014041120074,0.77,4,Mod_Dry,36,6,5,4,54,105.0,0.1284050759863779,712.7246825595828,712.7246825595828,,4,178.1811706398957,178.1811706398957,178.1811706398957,178.1811706398957,0.0,0.0,0.0,0.0,0.0,0.0,36.0,6.0,5.0,4.0,54.0,759.7246825595828,990.0,967.1708987302384,22.829101269761736,0.3582652764606228,0.1463623412797914,989.4953723822596,0.2246529265997392,0.2246529265997392,0.2246529265997392,0.2246529265997392,22.099820725421573,22.099820725421573,22.099820725421573,22.099820725421573,,0.9244282374729166,0.9244282374729166,0.9244282374729166,0.9244282374729166,35.69952691882429,35.69952691882429,35.69952691882429,35.69952691882429,0.7270779413202503,0.7270779413202503,0.7270779413202503,0.7270779413202503,0.97,0.97,0.97,0.97,34.62854111125956,34.62854111125956,34.62854111125956,34.62854111125956,138.51416444503823,3324.339946680918,0.1693897315309979,5.398459984872469e-05,0.39
1947-02-18,1947-03-01,909.0679,0.9012241447918772,819.2739407352476,0.39,1947,2,18,1947.02,1946,5,141,21,0.0707852684795253,1.5492581756648178,0.0018910136141697,0.77,4,Mod_Dry,36,6,5,4,54,105.0,0.1281622602395592,714.2739407352476,714.2739407352476,,4,178.5684851838119,178.5684851838119,178.5684851838119,178.5684851838119,0.0,0.0,0.0,0.0,0.0,0.0,36.0,6.0,5.0,4.0,54.0,761.2739407352476,990.0,967.177095762941,22.822904237058992,0.3591457046252732,0.1471369703676238,989.4937173250072,0.2256212129595297,0.2256212129595297,0.2256212129595297,0.2256212129595297,22.091000349106658,22.091000349106658,22.091000349106658,22.091000349106658,,0.9245583471738612,0.9245583471738612,0.9245583471738612,0.9245583471738612,35.76788169203361,35.76788169203361,35.76788169203361,35.76788169203361,0.728470095560766,0.728470095560766,0.728470095560766,0.728470095560766,0.97,0.97,0.97,0.97,34.6948452412726,34.6948452412726,34.6948452412726,34.6948452412726,138.7793809650904,3330.70514316217,0.169393134658408,5.397064886082314e-05,0.39
1947-02-19,1947-03-02,916.7204,0.9105214280240044,834.6935677067364,0.383,1947,2,19,1947.02,1946,5,142,21,0.072117524249862,15.41962697148881,0.01847339858369,0.77,4,Mod_Dry,36,6,5,4,54,105.0,0.1257946677227672,729.6935677067364,729.6935677067364,,4,182.4233919266841,182.4233919266841,182.4233919266841,182.4233919266841,0.0,0.0,0.0,0.0,0.0,0.0,36.0,6.0,5.0,4.0,54.0,776.6935677067364,990.0,967.2387742708268,22.76122572917313,0.3679085267858059,0.1548467838533682,989.4772446893608,0.2354523511708449,0.2354523511708449,0.2354523511708449,0.2354523511708449,22.00301806736316,22.00301806736316,22.00301806736316,22.00301806736316,,0.9258614933717232,0.9258614933717232,0.9258614933717232,0.9258614933717232,36.4458013430674,36.4458013430674,36.4458013430674,36.4458013430674,0.7422770130970957,0.7422770130970957,0.7422770130970957,0.7422770130970957,0.97,0.97,0.97,0.97,35.352427302775375,35.352427302775375,35.352427302775375,35.352427302775375,141.4097092111015,3393.833021066436,0.1694151179331776,5.383146641173126e-05,0.385
1947-02-20,1947-03-03,939.9208,0.9134042636758518,858.5276662376176,0.375,1947,2,20,1947.02,1946,5,143,21,0.0741767903629301,23.83409853088119,0.0277615963563887,0.77,4,Mod_Dry,36,6,5,4,54,105.0,0.1223024069336616,753.5276662376176,753.5276662376176,,4,188.3819165594044,188.3819165594044,188.3819165594044,188.3819165594044,0.0,0.0,0.0,0.0,0.0,0.0,36.0,6.0,5.0,4.0,54.0,800.5276662376176,990.0,967.3341106649503,22.665889335049545,0.3877879426827748,0.1667638331188088,989.4454482241983,0.2510958980480157,0.2510958980480157,0.2510958980480157,0.2510958980480157,21.860241661199986,21.860241661199986,21.860241661199986,21.860241661199986,,0.9279497832803756,0.9279497832803756,0.9279497832803756,0.9279497832803756,37.4763549696016,37.4763549696016,37.4763549696016,37.4763549696016,0.7632658853279348,0.7632658853279348,0.7632658853279348,0.7632658853279348,0.97,0.97,0.97,0.97,36.35206432051356,36.35206432051356,36.35206432051356,36.35206432051356,145.40825728205422,3489.798174769301,0.1693693319392797,5.360278645112338e-05,0.375
1947-02-21,1947-03-04,995.4845,0.9181998096202312,914.0536783798912,0.355,1947,2,21,1947.02,1946,5,144,21,0.0789742378120225,55.52601214227354,0.0607469927156688,0.77,4,Mod_Dry,36,6,5,4,54,105.0,0.1148729035105537,809.0536783798912,809.0536783798912,,4,202.2634195949728,202.2634195949728,202.2634195949728,202.2634195949728,0.0,0.0,0.0,0.0,0.0,0.0,36.0,6.0,5.0,4.0,54.0,856.0536783798912,990.0,967.5562147135196,22.44378528648042,0.4385949981280261,0.1972429427039129,989.364162059168,0.2894733800416221,0.2894733800416221,0.2894733800416221,0.2894733800416221,21.51847396560685,21.51847396560685,21.51847396560685,21.51847396560685,,0.9325812165690852,0.9325812165690852,0.9325812165690852,0.9325812165690852,39.80651687657541,39.80651687657541,39.80651687657541,39.80651687657541,0.8107233579750592,0.8107233579750592,0.8107233579750592,0.8107233579750592,0.9710723357975058,0.9710723357975058,0.9710723357975058,0.9710723357975058,38.65500732329892,38.65500732329892,38.65500732329892,38.65500732329892,154.62002929319567,3710.880703036696,0.1691585876742501,5.3086722531198506e-05,0.355
1947-02-22,1947-03-05,1003.5869,0.9213790990341242,924.6839937244496,0.353,1947,2,22,1947.02,1946,5,145,21,0.0798926970577924,10.630315344558426,0.011496160219819,0.77,4,Mod_Dry,36,6,5,4,54,105.0,0.1135523062068806,819.6839937244496,819.6839937244496,,4,204.9209984311124,204.9209984311124,204.9209984311124,204.9209984311124,0.0,0.0,0.0,0.0,0.0,0.0,36.0,6.0,5.0,4.0,54.0,866.6839937244496,990.0,967.5987359748976,22.40126402510225,0.4483218810838488,0.2057471949795596,989.3459309239364,0.2970740555129814,0.2970740555129814,0.2970740555129814,0.2970740555129814,21.45012089352579,21.45012089352579,21.45012089352579,21.45012089352579,,0.933454267909244,0.933454267909244,0.933454267909244,0.933454267909244,40.239071651773386,40.239071651773386,40.239071651773386,40.239071651773386,0.8195330275310262,0.8195330275310262,0.8195330275310262,0.8195330275310262,0.9719533027531024,0.9719533027531024,0.9719533027531024,0.9719533027531024,39.11049859165988,39.11049859165988,39.11049859165988,39.11049859165988,156.44199436663953,3754.607864799349,0.169184278551769,5.301568638523062e-05,0.355
1947-02-23,1947-03-06,1036.4114,0.9189739555961264,952.4350838829192,0.343,1947,2,23,1947.02,1946,5,146,21,0.0822903912474842,27.75109015846977,0.0291369885759911,0.77,4,Mod_Dry,36,6,5,4,54,105.0,0.1102437339581533,847.4350838829192,847.4350838829192,,4,211.8587709707298,211.8587709707298,211.8587709707298,211.8587709707298,0.0,0.0,0.0,0.0,0.0,0.0,36.0,6.0,5.0,4.0,54.0,894.4350838829192,990.0,967.7097403355316,22.29025966446829,0.4737145055845033,0.2279480671063354,989.2983374273092,0.3175763129121894,0.3175763129121894,0.3175763129121894,0.3175763129121894,21.2710207788652,21.2710207788652,21.2710207788652,21.2710207788652,,0.9348339161423974,0.9348339161423974,0.9348339161423974,0.9348339161423974,41.315017423555,41.315017423555,41.315017423555,41.315017423555,0.8414463833717922,0.8414463833717922,0.8414463833717922,0.8414463833717922,0.9741446383371792,0.9741446383371792,0.9741446383371792,0.9741446383371792,40.24680270596324,40.24680270596324,40.24680270596324,40.24680270596324,160.98721082385296,3863.6930597724713,0.1690269641974284,5.276943393515531e-05,0.345
1947-02-24,1947-03-07,1053.0739999999996,0.9224728423044594,971.4321659369264,0.34,1947,2,24,1947.02,1946,5,147,21,0.0839317391369504,18.997082054007024,0.0195557474007304,0.77,4,Mod_Dry,36,6,5,4,54,105.0,0.1080878353443543,866.4321659369264,866.4321659369264,,4,216.6080414842316,216.6080414842316,216.6080414842316,216.6080414842316,0.0,0.0,0.0,0.0,0.0,0.0,36.0,6.0,5.0,4.0,54.0,913.4321659369264,990.0,967.7857286637476,22.214271336252292,0.4910970937441364,0.2431457327495411,989.2657571735064,0.3319527677714333,0.3319527677714333,0.3319527677714333,0.3319527677714333,21.14807574198722,21.14807574198722,21.14807574198722,21.14807574198722,,0.9357517145129156,0.9357517145129156,0.9357517145129156,0.9357517145129156,42.038263083607845,42.038263083607845,42.038263083607845,42.038263083607845,0.8561764375480213,0.8561764375480213,0.8561764375480213,0.8561764375480213,0.975617643754802,0.975617643754802,0.975617643754802,0.975617643754802,41.01327117717397,41.01327117717397,41.01327117717397,41.01327117717397,164.05308470869588,3937.274033008701,0.1688775505497803,5.25953480255354e-05,0.34
1947-02-25,1947-03-08,1095.466,0.935818257253338,1025.1570830002852,0.326,1947,2,25,1947.02,1946,5,148,22,0.0885735719712246,53.72491706335882,0.0524065218435835,0.77,4,Mod_Dry,36,6,5,4,54,105.0,0.1024233278403547,920.1570830002852,920.1570830002852,,4,230.0392707500713,230.0392707500713,230.0392707500713,230.0392707500713,0.0,0.0,0.0,0.0,0.0,0.0,36.0,6.0,5.0,4.0,54.0,967.1570830002852,990.0,967.9790651180008,22.020934881999096,0.5402561227238436,0.2861256664002282,989.173618210876,0.3743288080602338,0.3743288080602338,0.3743288080602338,0.3743288080602338,20.820224284814792,20.820224284814792,20.820224284814792,20.820224284814792,,0.937964800347825,0.937964800347825,0.937964800347825,0.937964800347825,44.05676715815176,44.05676715815176,44.05676715815176,44.05676715815176,0.8972865001660235,0.8972865001660235,0.8972865001660235,0.8972865001660235,0.9797286500166024,0.9797286500166024,0.9797286500166024,0.9797286500166024,43.163677011951805,43.163677011951805,43.163677011951805,43.163677011951805,172.65470804780722,4143.712993147374,0.1684178072910599,5.212114541140367e-05,0.325
1947-02-26,1947-03-09,1156.5974,0.9338086699838878,1080.0406798008228,0.311,1947,2,26,1947.02,1946,5,149,22,0.093315514734791,54.8835968005376,0.0508162311170159,0.77,4,Mod_Dry,36,6,5,4,54,105.0,0.0972185603410454,975.0406798008228,975.0406798008228,,4,243.7601699502057,243.7601699502057,243.7601699502057,243.7601699502057,0.0,0.0,0.0,0.0,0.0,0.0,36.0,6.0,5.0,4.0,54.0,1022.0406798008228,990.0,968.1515564222312,21.84844357776888,0.5904753594040298,0.3300325438406582,989.0794920967552,0.4203349846287075,0.4203349846287075,0.4203349846287075,0.4203349846287075,20.507600689895472,20.507600689895472,20.507600689895472,20.507600689895472,,0.939701425019595,0.939701425019595,0.939701425019595,0.939701425019595,46.0687237946061,46.0687237946061,46.0687237946061,46.0687237946061,0.9382632137394318,0.9382632137394318,0.9382632137394318,0.9382632137394318,0.98,0.98,0.98,0.98,45.14734931871398,45.14734931871398,45.14734931871398,45.14734931871398,180.5893972748559,4334.145534596542,0.1672061068182724,5.144782418256128e-05,0.31
1947-02-27,1947-03-10,1183.4396,0.9205844129984858,1089.4560494851628,0.303,1947,2,27,1947.02,1946,5,150,22,0.094129002675518,9.41536968434002,0.0086422666511323,0.77,4,Mod_Dry,36,6,5,4,54,105.0,0.0963783716191389,984.4560494851628,984.4560494851628,,4,246.1140123712907,246.1140123712907,246.1140123712907,246.1140123712907,0.0,0.0,0.0,0.0,0.0,0.0,36.0,6.0,5.0,4.0,54.0,1031.4560494851628,990.0,968.1811475840964,21.81885241590373,0.5990905505754053,0.3375648395881302,989.0633446098363,0.4284990432995174,0.4284990432995174,0.4284990432995174,0.4284990432995174,20.45369798244068,20.45369798244068,20.45369798244068,20.45369798244068,,0.93988872032961,0.93988872032961,0.93988872032961,0.93988872032961,46.40057012344632,46.40057012344632,46.40057012344632,46.40057012344632,0.945021794774874,0.945021794774874,0.945021794774874,0.945021794774874,0.98,0.98,0.98,0.98,45.47255872097739,45.47255872097739,45.47255872097739,45.47255872097739,181.8902348839096,4365.365637213829,0.1669550919193704,5.132282469283757e-05,0.305
1947-02-28,1947-03-11,1210.671,0.922658798487674,1117.0362502238706,0.296,1947,2,28,1947.02,1946,5,151,22,0.0965119320193424,27.58020073870784,0.0246905154001764,0.77,4,Mod_Dry,36,6,5,4,54,105.0,0.0939987399504326,1012.0362502238706,1012.0362502238706,,4,253.0090625559677,253.0090625559677,253.0090625559677,253.0090625559677,0.0,0.0,0.0,0.0,0.0,0.0,36.0,6.0,5.0,4.0,54.0,1059.0362502238706,990.0,968.2678282149892,21.73217178501068,0.6384460564472852,0.3656471252910318,988.9959068182616,0.4528122626992448,0.4528122626992448,0.4528122626992448,0.4528122626992448,20.27526634057312,20.27526634057312,20.27526634057312,20.27526634057312,,0.9400364887783704,0.9400364887783704,0.9400364887783704,0.9400364887783704,47.29182311627306,47.29182311627306,47.29182311627306,47.29182311627306,0.9631735868894716,0.9631735868894716,0.9631735868894716,0.9631735868894716,0.98,0.98,0.98,0.98,46.3459866539476,46.3459866539476,46.3459866539476,46.3459866539476,185.3839466157904,4449.21471877897,0.1659605465611673,5.088309901470152e-05,0.295
1947-03-01,1947-03-12,1229.0427,0.91756512366433,1127.726717014242,0.293,1947,3,1,1947.03,1946,6,152,22,0.0974355883500305,10.690466790371373,0.0094796608336772,0.6,3,Normal,49,9,9,9,107,183.0,0.1622733568683279,944.726717014242,944.726717014242,,4,236.1816792535605,236.1816792535605,236.1816792535605,236.1816792535605,0.0,0.0,0.0,0.0,0.0,0.0,49.0,9.0,9.0,9.0,107.0,1011.726717014242,990.0,968.301426824902,21.69857317509809,0.5810379433364871,0.3057813736113936,989.1131806830522,0.3945704422919633,0.3945704422919633,0.3945704422919633,0.3945704422919633,20.417183415858304,20.417183415858304,20.417183415858304,20.417183415858304,,0.9382541807155916,0.9382541807155916,0.9382541807155916,0.9382541807155916,44.37120714179064,44.37120714179064,44.37120714179064,44.37120714179064,0.9036905731525589,0.9036905731525589,0.9036905731525589,0.9036905731525589,0.98,0.98,0.98,0.98,43.48378299895483,43.48378299895483,43.48378299895483,43.48378299895483,173.93513199581932,4174.443167899663,0.1542351789415154,5.114210657234411e-05,0.295
1947-03-02,1947-03-13,1285.2084,0.9120856039266032,1172.2200796855432,0.281,1947,3,2,1947.03,1946,6,153,22,0.1012798148848309,44.49336267130116,0.0379564925071381,0.6,3,Normal,49,9,9,9,107,183.0,0.1561140294142471,989.2200796855432,989.2200796855432,,4,247.3050199213858,247.3050199213858,247.3050199213858,247.3050199213858,0.0,0.0,0.0,0.0,0.0,0.0,49.0,9.0,9.0,9.0,107.0,1056.2200796855432,990.0,968.4412631075832,21.55873689241685,0.6343190774981265,0.3413760637484345,989.0243048587536,0.4326675697248502,0.4326675697248502,0.4326675697248502,0.4326675697248502,20.15037418144545,20.15037418144545,20.15037418144545,20.15037418144545,,0.9393629182854089,0.9393629182854089,0.9393629182854089,0.9393629182854089,45.90797736850797,45.90797736850797,45.90797736850797,45.90797736850797,0.934989355774093,0.934989355774093,0.934989355774093,0.934989355774093,0.98,0.98,0.98,0.98,44.98981782113781,44.98981782113781,44.98981782113781,44.98981782113781,179.95927128455125,4319.02251082923,0.1535200380911634,5.0533432847240105e-05,0.28
1947-03-03,1947-03-14,1342.9646,0.905877929951145,1216.5619918456675,0.269,1947,3,3,1947.03,1946,6,154,22,0.1051109560954656,44.341912160124366,0.0364485430724762,0.6,3,Normal,49,9,9,9,107,183.0,0.1504239004889241,1033.5619918456675,1033.5619918456675,,4,258.3904979614169,258.3904979614169,258.3904979614169,258.3904979614169,0.0,0.0,0.0,0.0,0.0,0.0,49.0,9.0,9.0,9.0,107.0,1100.5619918456675,990.0,968.5806234029436,21.419376597056495,0.699300276455973,0.3936305893993678,988.9070691341446,0.4723092225387858,0.4723092225387858,0.4723092225387858,0.4723092225387858,19.85413650866236,19.85413650866236,19.85413650866236,19.85413650866236,,0.9394127785431527,0.9394127785431527,0.9394127785431527,0.9394127785431527,47.26315459824519,47.26315459824519,47.26315459824519,47.26315459824519,0.962589706685238,0.962589706685238,0.962589706685238,0.962589706685238,0.98,0.98,0.98,0.98,46.31789150628028,46.31789150628028,46.31789150628028,46.31789150628028,185.27156602512116,4446.517584602907,0.1522911017004915,4.979316606250714e-05,0.27
1947-03-04,1947-03-15,1432.6212,0.9362992295163016,1341.3621257487196,0.254,1947,3,4,1947.03,1946,6,155,23,0.1158936876646893,124.80013390305204,0.0930398521826395,0.6,3,Normal,49,9,9,9,107,183.0,0.1364284830226985,1158.3621257487196,1100.0,,4,275.0,275.0,275.0,275.0,58.36212574871956,15.627017276979556,2.870268479445224,2.870268479445224,2.870268479445224,34.12430303340433,64.62701727697956,11.870268479445224,11.870268479445224,11.870268479445224,141.12430303340432,1188.36755423587,990.0,968.9728523952102,21.02714760478977,0.8279756186171163,0.48,988.6920243813828,0.5349,0.5349,0.5349,0.5349,19.18427198617268,19.18427198617268,19.18427198617268,19.18427198617268,,0.9376449285968588,0.9376449285968588,0.9376449285968588,0.9376449285968588,48.51266416276921,48.51266416276921,48.51266416276921,48.51266416276921,0.9880379666551774,0.9880379666551774,0.9880379666551774,0.9880379666551774,0.98,0.98,0.98,0.98,47.542410879513824,47.542410879513824,47.542410879513824,47.542410879513824,190.1696435180553,4564.071444433327,0.1417735299570253,4.802263725203416e-05,0.255
1947-03-05,1947-03-16,1484.0171,0.9431309976592172,1399.6225280663384,0.244,1947,3,5,1947.03,1946,6,156,23,0.1209273864249316,58.260402317618855,0.0416257963481832,0.6,3,Normal,49,9,9,9,107,183.0,0.1307495387723041,1216.6225280663384,1100.0,,4,275.0,275.0,275.0,275.0,116.62252806633842,31.226797132516847,5.735534167196971,5.735534167196971,5.735534167196971,68.18912843223066,80.22679713251685,14.73553416719697,14.73553416719697,14.73553416719697,175.18912843223066,1209.6978654669108,990.0,969.1603189368298,20.839681063170246,0.8592342885845226,0.48,988.6607657114156,0.5349,0.5349,0.5349,0.5349,18.965546774585725,18.965546774585725,18.965546774585725,18.965546774585725,,0.9369614723399452,0.9369614723399452,0.9369614723399452,0.9369614723399452,47.924599735703694,47.924599735703694,47.924599735703694,47.924599735703694,0.9760610944135172,0.9760610944135172,0.9760610944135172,0.9760610944135172,0.98,0.98,0.98,0.98,46.96610774098962,46.96610774098962,46.96610774098962,46.96610774098962,187.86443096395848,4508.746343135003,0.134225069400322,4.7440512869686485e-05,0.245
1947-03-06,1947-03-17,1494.4335,0.9462756211754526,1414.1459885179058,0.242,1947,3,6,1947.03,1946,6,157,23,0.122182213407947,14.523460451567416,0.0102701280981525,0.6,3,Normal,49,9,9,9,107,183.0,0.1294067242603381,1231.1459885179058,1100.0,,4,275.0,275.0,275.0,275.0,131.14598851790583,35.115592553974786,6.449802713995369,6.449802713995369,6.449802713995369,76.68098782194494,84.11559255397478,15.449802713995368,15.449802713995368,15.449802713995368,183.6809878219449,1215.0151979819657,990.0,969.2072408859808,20.79275911401908,0.8670266147439819,0.48,988.652973385256,0.5349,0.5349,0.5349,0.5349,18.91083249927509,18.91083249927509,18.91083249927509,18.91083249927509,,0.9367891223727164,0.9367891223727164,0.9367891223727164,0.9367891223727164,47.77755053056524,47.77755053056524,47.77755053056524,47.77755053056524,0.973066202251838,0.973066202251838,0.973066202251838,0.973066202251838,0.98,0.98,0.98,0.98,46.821999519953934,46.821999519953934,46.821999519953934,46.821999519953934,187.2879980798157,4494.911953915578,0.1324389416654943,4.7294949010054485e-05,0.24
1947-03-07,1947-03-18,1515.4044,0.9482599209629142,1436.9972565708524,0.239,1947,3,7,1947.03,1946,6,158,23,0.1241565629677216,22.851268052946576,0.0159020958101737,0.6,3,Normal,49,9,9,9,107,183.0,0.1273488861326695,1253.9972565708524,1100.0,,4,275.0,275.0,275.0,275.0,153.9972565708524,41.23423809820639,7.5736355690583155,7.5736355690583155,7.5736355690583155,90.04211176547108,90.2342380982064,16.573635569058315,16.573635569058315,16.573635569058315,197.04211176547108,1223.381509236323,990.0,969.2810680596904,20.71893194030952,0.8792870904356813,0.48,988.6407129095644,0.5349,0.5349,0.5349,0.5349,18.8247448498738,18.8247448498738,18.8247448498738,18.8247448498738,,0.9365179462771024,0.9365179462771024,0.9365179462771024,0.9365179462771024,47.54628572539859,47.54628572539859,47.54628572539859,47.54628572539859,0.9683561247535354,0.9683561247535354,0.9683561247535354,0.9683561247535354,0.98,0.98,0.98,0.98,46.595360010890616,46.595360010890616,46.595360010890616,46.595360010890616,186.3814400435625,4473.1545610455,0.1297020152204951,4.706602021302083e-05,0.24
1947-03-08,1947-03-19,1525.9589,0.9480519815469955,1446.688358904274,0.237,1947,3,8,1947.03,1946,6,159,23,0.1249938742093292,9.691102333421668,0.0066988182173261,0.6,3,Normal,49,9,9,9,107,183.0,0.1264957990942878,1263.688358904274,1100.0,,4,275.0,275.0,275.0,275.0,163.68835890427408,43.82912342245591,8.050247159226593,8.050247159226593,8.050247159226593,95.7084940041384,92.82912342245592,17.050247159226593,17.050247159226593,17.050247159226593,202.7084940041384,1226.9296177409092,990.0,969.3123777749216,20.687622225078485,0.8846617499256976,0.48,988.6353382500744,0.5349,0.5349,0.5349,0.5349,18.78806047515274,18.78806047515274,18.78806047515274,18.78806047515274,,0.9364023904967312,0.9364023904967312,0.9364023904967312,0.9364023904967312,47.44777553276149,47.44777553276149,47.44777553276149,47.44777553276149,0.9663498071845515,0.9663498071845515,0.9663498071845515,0.9663498071845515,0.98,0.98,0.98,0.98,46.49882002210626,46.49882002210626,46.49882002210626,46.49882002210626,185.99528008842503,4463.886722122201,0.1285662381560175,4.696850507283461e-05,0.235
1947-03-09,1947-03-20,1547.2067,0.947753481275309,1466.3705361774826,0.234,1947,3,9,1947.03,1946,6,160,23,0.1266944143257345,19.68217727320848,0.0134223763964296,0.6,3,Normal,49,9,9,9,107,183.0,0.1247979248662771,1283.3705361774826,1100.0,,4,275.0,275.0,275.0,275.0,183.37053617748256,49.09921460489971,9.000000000000002,9.018223090695864,9.018223090695864,107.23487539119114,98.09921460489971,18.0,18.018223090695862,18.018223090695862,214.23487539119117,1234.1174376955955,990.0,969.3759663476504,20.62403365234968,0.903280606591716,0.48,988.6167193934084,0.5349,0.5349,0.5349,0.5349,18.70585304575797,18.70585304575797,18.70585304575797,18.70585304575797,,0.9361434370941376,0.9361434370941376,0.9361434370941376,0.9361434370941376,47.227103276674136,47.227103276674136,47.227103276674136,47.227103276674136,0.9618554638833836,0.9618554638833836,0.9618554638833836,0.9618554638833836,0.98,0.98,0.98,0.98,46.28256121114065,46.28256121114065,46.28256121114065,46.28256121114065,185.1302448445626,4443.125876269502,0.1262506578502033,4.6750061829435e-05,0.235
1947-03-10,1947-03-21,1568.6399,0.9517310164019286,1492.9232463956196,0.231,1947,3,10,1947.03,1946,6,161,23,0.1289885684885815,26.55271021813701,0.0177857169028906,0.6,3,Normal,49,9,9,9,107,183.0,0.1225783043045373,1309.9232463956196,1100.0,,4,275.0,275.0,275.0,275.0,209.9232463956196,51.0,9.0,10.32409408503047,10.32409408503047,129.27505822555864,100.0,18.0,19.32409408503047,19.32409408503047,236.27505822555864,1237.3240940850303,990.0,969.4617520268166,20.53824797318339,0.9115869186680412,0.48,988.608413081332,0.5349,0.5349,0.5349,0.5349,18.61176105451533,18.61176105451533,18.61176105451533,18.61176105451533,,0.9358470473217232,0.9358470473217232,0.9358470473217232,0.9358470473217232,46.97466980288559,46.97466980288559,46.97466980288559,46.97466980288559,0.9567142526045944,0.9567142526045944,0.9567142526045944,0.9567142526045944,0.98,0.98,0.98,0.98,46.03517640682788,46.03517640682788,46.03517640682788,46.03517640682788,184.14070562731152,4419.376935055477,0.1233423795040263,4.650017818871503e-05,0.23
1947-03-11,1947-03-22,1590.2593,0.9608539838546808,1528.006983766956,0.227,1947,3,11,1947.03,1946,6,162,24,0.132019803397465,35.083737371336376,0.0229604561654851,0.6,3,Normal,49,9,9,9,107,183.0,0.1197638505217134,1345.006983766956,1100.0,,4,275.0,275.0,275.0,275.0,245.00698376695595,51.0,9.0,12.049523791817506,12.049523791817506,160.90793618332097,100.0,18.0,21.049523791817503,21.049523791817503,267.907936183321,1239.0495237918176,990.0,969.5750994860164,20.42490051398363,0.9160563584426162,0.48,988.6039436415574,0.5349,0.5349,0.5349,0.5349,18.49394415554104,18.49394415554104,18.49394415554104,18.49394415554104,,0.9354759240899544,0.9354759240899544,0.9354759240899544,0.9354759240899544,46.65879836829127,46.65879836829127,46.65879836829127,46.65879836829127,0.9502810258307792,0.9502810258307792,0.9502810258307792,0.9502810258307792,0.98,0.98,0.98,0.98,45.72562240092544,45.72562240092544,45.72562240092544,45.72562240092544,182.90248960370172,4389.659750488842,0.1197000351089999,4.618749737467216e-05,0.225
1947-03-12,1947-03-23,1678.6114,0.9718781251926132,1631.4057003589478,0.215,1947,3,12,1947.03,1946,6,163,24,0.1409534525110131,103.39871659199184,0.0633801368778113,0.6,3,Normal,49,9,9,9,107,183.0,0.1121732012826335,1448.4057003589478,1100.0,,4,275.0,275.0,275.0,275.0,348.4057003589478,51.000000000000014,9.0,16.0,17.13470657503022,255.27099378391756,100.0,18.0,25.0,26.13470657503022,362.2709937839176,1243.0,990.0,969.9091568780829,20.09084312191726,0.9262894125183112,0.48,988.5937105874816,0.5349,0.5349,0.5349,0.5349,18.149653709398983,18.149653709398983,18.149653709398983,18.149653709398983,,0.934391409184607,0.934391409184607,0.934391409184607,0.934391409184607,45.73709463838924,45.73709463838924,45.73709463838924,45.73709463838924,0.9315090557716748,0.9315090557716748,0.9315090557716748,0.9315090557716748,0.98,0.98,0.98,0.98,44.82235274562145,44.82235274562145,44.82235274562145,44.82235274562145,179.2894109824858,4302.945863579659,0.1098987277922578,4.527510378345601e-05,0.215
1947-03-13,1947-03-24,1769.9945,0.9864250135611264,1745.9668486656192,0.202,1947,3,13,1947.03,1946,6,164,24,0.1508515357247095,114.56114830667136,0.0656147328308246,0.6,3,Normal,49,9,9,9,107,183.0,0.1048129866496952,1562.9668486656192,1100.0,,4,275.0,275.0,275.0,275.0,462.9668486656192,51.0,9.0,16.0,22.76886140978455,364.1979872558346,100.0,18.0,25.0,31.76886140978455,471.1979872558346,1243.0,990.0,970.2792775110736,19.720722488926413,0.9262894125183112,0.48,988.5937105874816,0.5349,0.5349,0.5349,0.5349,17.779533076408136,17.779533076408136,17.779533076408136,17.779533076408136,,0.9327879023473558,0.9327879023473558,0.9327879023473558,0.9327879023473558,44.72750260272614,44.72750260272614,44.72750260272614,44.72750260272614,0.9109470998518562,0.9109470998518562,0.9109470998518562,0.9109470998518562,0.98,0.98,0.98,0.98,43.832952550671614,43.832952550671614,43.832952550671614,43.832952550671614,175.33181020268646,4207.963444864475,0.1004210419783665,4.427570964714304e-05,0.2
1947-03-14,1947-03-25,1805.0532,0.988013942331584,1783.4177282502417,0.198,1947,3,14,1947.03,1946,6,165,24,0.1540872917208208,37.45087958462227,0.0209994994394085,0.6,3,Normal,49,9,9,9,107,183.0,0.1026119663953022,1600.4177282502417,1100.0,,4,275.0,275.0,275.0,275.0,500.4177282502417,51.0,8.999999999999996,15.999999999999996,24.6107079467332,399.80702030350847,100.0,18.0,25.0,33.6107079467332,506.80702030350847,1243.0,990.0,970.4002726605008,19.599727339499168,0.9262894125183112,0.48,988.5937105874816,0.5349,0.5349,0.5349,0.5349,17.65853792698089,17.65853792698089,17.65853792698089,17.65853792698089,,0.932166592255047,0.932166592255047,0.932166592255047,0.932166592255047,44.39352900537445,44.39352900537445,44.39352900537445,44.39352900537445,0.9041451935921476,0.9041451935921476,0.9041451935921476,0.9041451935921476,0.98,0.98,0.98,0.98,43.505658425266965,43.505658425266965,43.505658425266965,43.505658425266965,174.02263370106786,4176.543208825628,0.0975781674391036,4.394510952047168e-05,0.2
1947-03-15,1947-03-26,1828.6668,0.9885857895968824,1807.794012387604,0.195,1947,3,15,1947.03,1946,6,166,24,0.1561934026702889,24.37628413736252,0.0134839942882475,0.6,3,Normal,49,9,9,9,107,183.0,0.1012283472265221,1624.794012387604,1100.0,,4,275.0,275.0,275.0,275.0,524.794012387604,51.0,8.999999999999996,15.999999999999996,25.809541592832986,422.984470794771,100.0,18.0,25.0,34.809541592832986,529.984470794771,1243.0,990.0,970.4790268092522,19.52097319074778,0.9262894125183112,0.48,988.5937105874816,0.5349,0.5349,0.5349,0.5349,17.579783778229505,17.579783778229505,17.579783778229505,17.579783778229505,,0.9317621897012084,0.9317621897012084,0.9317621897012084,0.9317621897012084,44.176367847195,44.176367847195,44.176367847195,44.176367847195,0.8997223594133401,0.8997223594133401,0.8997223594133401,0.8997223594133401,0.979972235941334,0.979972235941334,0.979972235941334,0.979972235941334,43.29161397498254,43.29161397498254,43.29161397498254,43.29161397498254,173.16645589993016,4155.994941598324,0.0957888203596959,4.372890300503287e-05,0.195
1947-03-16,1947-03-27,1840.5463,0.9955175444855696,1832.2961330880007,0.193,1947,3,16,1947.03,1946,6,167,24,0.1583103858988032,24.50212070039675,0.0133723584621132,0.6,3,Normal,49,9,9,9,107,183.0,0.0998746854808818,1649.2961330880007,1100.0,,4,275.0,275.0,275.0,275.0,549.2961330880007,51.0,8.999999999999996,15.999999999999996,27.01456392236069,446.28156916564,100.0,18.0,25.0,36.01456392236069,553.28156916564,1243.0,990.0,970.5581875068996,19.441812493100315,0.9262894125183112,0.48,988.5937105874816,0.5349,0.5349,0.5349,0.5349,17.500623080582038,17.500623080582038,17.500623080582038,17.500623080582038,,0.9313556995187888,0.9313556995187888,0.9313556995187888,0.9313556995187888,43.95825876689554,43.95825876689554,43.95825876689554,43.95825876689554,0.8952802192850415,0.8952802192850415,0.8952802192850415,0.8952802192850415,0.979528021928504,0.979528021928504,0.979528021928504,0.979528021928504,43.05834625735851,43.05834625735851,43.05834625735851,43.05834625735851,172.23338502943403,4133.601240706417,0.0939986620717067,4.349327904783688e-05,0.195
1947-03-17,1947-03-28,1876.4759,0.9974557133713636,1871.701607458672,0.189,1947,3,17,1947.03,1946,6,168,24,0.1617150188844292,39.40547437067085,0.0210532887366454,0.6,3,Normal,49,9,9,9,107,183.0,0.0977719948899711,1688.701607458672,1100.0,,4,275.0,275.0,275.0,275.0,588.701607458672,51.0,9.0,16.0,28.95253807173797,483.7490693869341,100.0,18.0,25.0,37.95253807173797,590.7490693869341,1243.0,990.0,970.6854975010204,19.314502498979664,0.9262894125183112,0.48,988.5937105874816,0.5349,0.5349,0.5349,0.5349,17.373313086461387,17.373313086461387,17.373313086461387,17.373313086461387,,0.9307019626989792,0.9307019626989792,0.9307019626989792,0.9307019626989792,43.60784940998383,43.60784940998383,43.60784940998383,43.60784940998383,0.8881435725047623,0.8881435725047623,0.8881435725047623,0.8881435725047623,0.9788143572504762,0.9788143572504762,0.9788143572504762,0.9788143572504762,42.68398909130888,42.68398909130888,42.68398909130888,42.68398909130888,170.7359563652355,4097.662952765651,0.0912196450998696,4.311514049627158e-05,0.19
1947-03-18,1947-03-29,1925.0651,0.9982266222520412,1921.651232388288,0.184,1947,3,18,1947.03,1946,6,169,25,0.166030666478348,49.94962492961645,0.025993075167723,0.6,3,Normal,49,9,9,9,107,183.0,0.0952306000774978,1738.651232388288,1100.0,,4,275.0,275.0,275.0,275.0,638.651232388288,51.0,9.0,16.0,31.409077002702688,531.2421553855853,100.0,18.0,25.0,40.40907700270269,638.2421553855853,1243.0,990.0,970.8468732123314,19.15312678766861,0.9262894125183112,0.48,988.5937105874816,0.5349,0.5349,0.5349,0.5349,17.211937375150335,17.211937375150335,17.211937375150335,17.211937375150335,,0.929873298421397,0.929873298421397,0.929873298421397,0.929873298421397,43.16432238910978,43.16432238910978,43.16432238910978,43.16432238910978,0.8791104356234171,0.8791104356234171,0.8791104356234171,0.8791104356234171,0.9779110435623416,0.9779110435623416,0.9779110435623416,0.9779110435623416,42.210867552195694,42.210867552195694,42.210867552195694,42.210867552195694,168.84347020878278,4052.2432850107866,0.0878637430991777,4.263723995171282e-05,0.185
1947-03-19,1947-03-30,1962.022,1.0050074595714835,1971.8467458433613,0.179,1947,3,19,1947.03,1946,6,170,25,0.1703675588408663,50.195513455073296,0.025456092650651,0.6,3,Normal,49,9,9,9,107,183.0,0.092806401098748,1788.8467458433613,1100.0,,4,275.0,275.0,275.0,275.0,688.8467458433613,51.0,9.0,16.0,33.87770881196859,578.9690370313926,100.0,18.0,25.0,42.87770881196859,685.9690370313926,1243.0,990.0,971.0090433327248,18.990956667275327,0.9262894125183112,0.48,988.5937105874816,0.5349,0.5349,0.5349,0.5349,17.04976725475705,17.04976725475705,17.04976725475705,17.04976725475705,,0.9290405548531774,0.9290405548531774,0.9290405548531774,0.9290405548531774,42.71933864303224,42.71933864303224,42.71933864303224,42.71933864303224,0.8700476302043225,0.8700476302043225,0.8700476302043225,0.8700476302043225,0.9770047630204324,0.9770047630204324,0.9770047630204324,0.9770047630204324,41.736997327325305,41.736997327325305,41.736997327325305,41.736997327325305,166.94798930930122,4006.7517434232295,0.0846658035981885,4.215858315891445e-05,0.18
1947-03-20,1947-03-31,2011.9887,1.00817989886424,2028.446564081993,0.174,1947,3,20,1947.03,1946,6,171,25,0.1752577831366842,56.59981823863178,0.0279030363633202,0.6,3,Normal,49,9,9,9,107,183.0,0.0902168207141407,1845.446564081993,1100.0,,4,275.0,275.0,275.0,275.0,745.4465640819931,51.0,9.0,16.0,36.66130643026195,632.785257651731,100.0,18.0,25.0,45.66130643026195,739.785257651731,1243.0,990.0,971.168664120198,18.83133587980205,0.9262894125183112,0.48,988.5937105874816,0.5349,0.5349,0.5349,0.5349,16.890146467283778,16.890146467283778,16.890146467283778,16.890146467283778,,0.9282379294070732,0.9282379294070732,0.9282379294070732,0.9282379294070732,42.28283705174174,42.28283705174174,42.28283705174174,42.28283705174174,0.8611575774285486,0.8611575774285486,0.8611575774285486,0.8611575774285486,0.9761157577428548,0.9761157577428548,0.9761157577428548,0.9761157577428548,41.27294352827855,41.27294352827855,41.27294352827855,41.27294352827855,165.09177411311418,3962.202578714741,0.0813882786149849,4.168984194775611e-05,0.175
1947-03-21,1947-04-01,2101.345,1.0136734641144909,2130.077665449665,0.163,1947,3,21,1947.03,1946,6,172,25,0.184038710294851,101.63110136767182,0.0477123923771189,0.62,3,Normal,49,9,9,9,107,183.0,0.0859123603652114,1947.077665449665,1100.0,,4,275.0,275.0,275.0,275.0,847.0776654496649,51.0,9.0,16.0,41.65955731719664,729.4181081324684,100.0,18.0,25.0,50.65955731719664,836.4181081324684,1243.0,990.0,971.413980571775,18.58601942822497,0.9262894125183112,0.48,988.5937105874816,0.5349,0.5349,0.5349,0.5349,16.644830015706695,16.644830015706695,16.644830015706695,16.644830015706695,,0.9270162534782194,0.9270162534782194,0.9270162534782194,0.9270162534782194,41.613870024252414,41.613870024252414,41.613870024252414,41.613870024252414,0.8475329943839596,0.8475329943839596,0.8475329943839596,0.8475329943839596,0.974753299438396,0.974753299438396,0.974753299438396,0.974753299438396,40.56325710854061,40.56325710854061,40.56325710854061,40.56325710854061,162.25302843416242,3894.072682419898,0.0761723532742222,4.097298697832384e-05,0.165
1947-03-22,1947-04-02,2246.7435,1.0085781674414218,2266.0164419409257,0.147,1947,3,22,1947.03,1946,6,173,25,0.1957838205836959,135.9387764912608,0.0599901986478192,0.62,3,Normal,49,9,9,9,107,183.0,0.0807584608005994,2083.0164419409257,1100.0,,4,275.0,275.0,275.0,275.0,983.0164419409256,51.0,9.0,16.0,48.34507091512749,858.6713710257982,100.0,18.0,25.0,57.34507091512749,965.6713710257982,1243.0,990.0,971.7421086529608,18.257891347039163,0.9262894125183112,0.48,988.5937105874816,0.5349,0.5349,0.5349,0.5349,16.316701934520886,16.316701934520886,16.316701934520886,16.316701934520886,,0.925382175633914,0.925382175633914,0.925382175633914,0.925382175633914,40.72160655084582,40.72160655084582,40.72160655084582,40.72160655084582,0.8293606222168192,0.8293606222168192,0.8293606222168192,0.8293606222168192,0.972936062221682,0.972936062221682,0.972936062221682,0.972936062221682,39.61951952492058,39.61951952492058,39.61951952492058,39.61951952492058,158.4780780996823,3803.473874392376,0.0699368615189482,4.001971669183896e-05,0.145
1947-03-23,1947-04-03,2412.4143,1.0045395565552413,2423.365591149523,0.13,1947,3,23,1947.03,1946,6,174,25,0.2093787870753188,157.34914920859728,0.0649300088204845,0.62,3,Normal,49,9,9,9,107,183.0,0.0755148132284877,2240.365591149523,1100.0,,4,275.0,275.0,275.0,275.0,1140.365591149523,51.0,9.0,16.0,56.083553663091294,1008.2820374864316,100.0,18.0,25.0,65.0835536630913,1115.2820374864316,1243.0,990.0,972.121916944154,17.87808305584599,0.9262894125183112,0.48,988.5937105874816,0.5349,0.5349,0.5349,0.5349,15.936893643327714,15.936893643327714,15.936893643327714,15.936893643327714,,0.9231329173014402,0.9231329173014402,0.9231329173014402,0.9231329173014402,39.677043633437954,39.677043633437954,39.677043633437954,39.677043633437954,0.8080864283795917,0.8080864283795917,0.8080864283795917,0.8080864283795917,0.9708086428379592,0.9708086428379592,0.9708086428379592,0.9708086428379592,38.51881688160039,38.51881688160039,38.51881688160039,38.51881688160039,154.07526752640155,3697.806420633637,0.0635790439911775,3.890789584000039e-05,0.13
1947-03-24,1947-04-04,2527.0168,1.0161275825449274,2567.771472034419,0.119,1947,3,24,1947.03,1946,6,175,25,0.2218554551837738,144.40588088489585,0.056237824299249,0.62,3,Normal,49,9,9,9,107,183.0,0.0712680244301534,2384.771472034419,1100.0,,4,275.0,275.0,275.0,275.0,1284.7714720344188,51.0,9.0,16.0,63.18548223120092,1145.585989803218,100.0,18.0,25.0,72.18548223120092,1252.585989803218,1243.0,990.0,972.4704828635314,17.5295171364686,0.9262894125183112,0.48,988.5937105874816,0.5349,0.5349,0.5349,0.5349,15.588327723950322,15.588327723950322,15.588327723950322,15.588327723950322,,0.9194206902600708,0.9194206902600708,0.9194206902600708,0.9194206902600708,38.65317684436336,38.65317684436336,38.65317684436336,38.65317684436336,0.7872337442843861,0.7872337442843861,0.7872337442843861,0.7872337442843861,0.97,0.97,0.97,0.97,37.493581539032455,37.493581539032455,37.493581539032455,37.493581539032455,149.97432615612982,3599.383827747116,0.0584064149748134,3.787230458488127e-05,0.12
1947-03-25,1947-04-05,2828.3612,1.023722638518117,2895.457390346268,0.095,1947,3,25,1947.03,1946,6,176,26,0.2501675185259175,327.68591831184904,0.1131724194610444,0.62,3,Normal,49,9,9,9,107,183.0,0.0632024496751841,2712.457390346268,1100.0,,4,275.0,275.0,275.0,275.0,1612.457390346268,51.0,9.0,16.0,71.0,1465.4573903462674,100.0,18.0,25.0,80.0,1572.4573903462674,1243.0,990.0,973.2614488732496,16.738551126750394,0.9262894125183112,0.48,988.5937105874816,0.5349,0.5349,0.5349,0.5349,14.797361714232116,14.797361714232116,14.797361714232116,14.797361714232116,,0.9108976094965456,0.9108976094965456,0.9108976094965456,0.9108976094965456,36.351743534467474,36.351743534467474,36.351743534467474,36.351743534467474,0.7403613754474027,0.7403613754474027,0.7403613754474027,0.7403613754474027,0.97,0.97,0.97,0.97,35.26119122843345,35.26119122843345,35.26119122843345,35.26119122843345,141.0447649137338,3385.074357929611,0.0487124298164395,3.5617364877205505e-05,0.095
1947-03-26,1947-04-06,2922.9672,1.0138852549041557,2963.5533446484865,0.089,1947,3,26,1947.03,1946,6,177,26,0.2560510089776292,68.09595430221862,0.022977806161372,0.62,3,Normal,49,9,9,9,107,183.0,0.0617501960376238,2780.5533446484865,1100.0,,4,275.0,275.0,275.0,275.0,1680.5533446484865,51.0,9.0,16.0,71.0,1533.5533446484867,100.0,18.0,25.0,80.0,1640.5533446484867,1243.0,990.0,973.425818418117,16.574181581882954,0.9262894125183112,0.48,988.5937105874816,0.5349,0.5349,0.5349,0.5349,14.632992169364677,14.632992169364677,14.632992169364677,14.632992169364677,,0.9090665327667224,0.9090665327667224,0.9090665327667224,0.9090665327667224,35.87568507652055,35.87568507652055,35.87568507652055,35.87568507652055,0.7306656838395224,0.7306656838395224,0.7306656838395224,0.7306656838395224,0.97,0.97,0.97,0.97,34.79941452422493,34.79941452422493,34.79941452422493,34.79941452422493,139.19765809689972,3340.743794325593,0.046969850685583,3.515092376184336e-05,0.09
1947-03-27,1947-04-07,3019.5429,1.0200701869153206,3080.145690401829,0.08,1947,3,27,1947.03,1946,6,178,26,0.2661245876507181,116.59234575334268,0.0378528671928282,0.62,3,Normal,49,9,9,9,107,183.0,0.0594127740678806,2897.145690401829,1100.0,,4,275.0,275.0,275.0,275.0,1797.1456904018291,50.99999999999994,9.0,16.0,71.0,1650.1456904018294,100.0,18.0,25.0,80.0,1757.1456904018294,1243.0,990.0,973.7072482182112,16.292751781788752,0.9262894125183112,0.48,988.5937105874816,0.5349,0.5349,0.5349,0.5349,14.351562369270477,14.351562369270477,14.351562369270477,14.351562369270477,,0.9059314047936732,0.9059314047936732,0.9059314047936732,0.9059314047936732,35.06435794807393,35.06435794807393,35.06435794807393,35.06435794807393,0.71414170973674,0.71414170973674,0.71414170973674,0.71414170973674,0.97,0.97,0.97,0.97,34.01242720963172,34.01242720963172,34.01242720963172,34.01242720963172,136.04970883852687,3265.193012124645,0.0441698940613351,3.435598708043608e-05,0.08
1947-03-28,1947-04-08,3286.8346,1.039672960363583,3417.233058807453,0.063,1947,3,28,1947.03,1946,6,179,26,0.2952489362809639,337.0873684056237,0.0986433651450336,0.62,3,Normal,49,9,9,9,107,183.0,0.0535520981012232,3234.233058807453,1100.0,,4,275.0,275.0,275.0,275.0,2134.233058807453,51.0,9.0,16.0,71.0,1987.233058807453,100.0,18.0,25.0,80.0,2094.233058807453,1243.0,990.0,974.4450891008064,15.554910899193716,0.9262894125183112,0.48,988.5937105874816,0.5349,0.5349,0.5349,0.5349,13.613721486675438,13.613721486675438,13.613721486675438,13.613721486675438,,0.895747631121309,0.895747631121309,0.895747631121309,0.895747631121309,32.887731872989946,32.887731872989946,32.887731872989946,32.887731872989946,0.6698112397757626,0.6698112397757626,0.6698112397757626,0.6698112397757626,0.97,0.97,0.97,0.97,31.901099916800245,31.901099916800245,31.901099916800245,31.901099916800245,127.60439966720098,3062.5055920128234,0.0373414389569707,3.222333324929318e-05,0.065
1947-03-29,1947-04-09,3408.2971,1.0258396885498031,3496.366435549196,0.056,1947,3,29,1947.03,1946,6,180,26,0.3020860600314505,79.13337674174318,0.0226330329501956,0.62,3,Normal,49,9,9,9,107,183.0,0.0523400517003461,3313.366435549196,1100.0,,4,275.0,275.0,275.0,275.0,2213.366435549196,51.0,9.0,16.0,71.0,2066.366435549196,100.0,18.0,25.0,80.0,2173.366435549196,1243.0,990.0,974.612776494378,15.387223505621932,0.9262894125183112,0.48,988.5937105874816,0.5349,0.5349,0.5349,0.5349,13.446034093103655,13.446034093103655,13.446034093103655,13.446034093103655,,0.8930269031606068,0.8930269031606068,0.8930269031606068,0.8930269031606068,32.38397413649035,32.38397413649035,32.38397413649035,32.38397413649035,0.6595514080751599,0.6595514080751599,0.6595514080751599,0.6595514080751599,0.97,0.97,0.97,0.97,31.41245491239564,31.41245491239564,31.41245491239564,31.41245491239564,125.64981964958255,3015.595671589981,0.0359372571398815,3.1729752436763274e-05,0.055
1947-03-30,1947-04-10,3623.0245,1.0307021203505466,3734.2590342319786,0.047,1947,3,30,1947.03,1946,6,181,26,0.3226399805576429,237.8925986827826,0.0637054356706429,0.62,3,Normal,49,9,9,9,107,183.0,0.0490057059037516,3551.2590342319786,1100.0,,4,275.0,275.0,275.0,275.0,2451.2590342319786,51.0,9.0,16.0,71.0,2304.259034231979,100.0,18.0,25.0,80.0,2411.259034231979,1243.0,990.0,975.1168822392058,14.88311776079422,0.9262894125183112,0.48,988.5937105874816,0.5349,0.5349,0.5349,0.5349,12.941928348275944,12.941928348275944,12.941928348275944,12.941928348275944,,0.8845086490047087,0.8845086490047087,0.8845086490047087,0.8845086490047087,30.872547558255125,30.872547558255125,30.872547558255125,30.872547558255125,0.6287687893738314,0.6287687893738314,0.6287687893738314,0.6287687893738314,0.97,0.97,0.97,0.97,29.94637113150747,29.94637113150747,29.94637113150747,29.94637113150747,119.78548452602988,2874.851628624717,0.0320774438591312,3.024885972879542e-05,0.045
1947-03-31,1947-04-11,3827.1734,1.0193419091144624,3901.198240068088,0.041,1947,3,31,1947.03,1946,6,182,26,0.3370635279418828,166.9392058361091,0.0427917771831034,0.62,3,Normal,49,9,9,9,107,183.0,0.0469086646560176,3718.198240068088,1100.0,,4,275.0,275.0,275.0,275.0,2618.198240068088,51.0,9.0,16.0,71.0,2471.198240068088,100.0,18.0,25.0,80.0,2578.198240068088,1243.0,990.0,975.4706343658584,14.529365634141527,0.9262894125183112,0.48,988.5937105874816,0.5349,0.5349,0.5349,0.5349,12.58817622162325,12.58817622162325,12.58817622162325,12.58817622162325,,0.8767031083301171,0.8767031083301171,0.8767031083301171,0.8767031083301171,29.76368870270632,29.76368870270632,29.76368870270632,29.76368870270632,0.6061851059614322,0.6061851059614322,0.6061851059614322,0.6061851059614322,0.97,0.97,0.97,0.97,28.87077804162513,28.87077804162513,28.87077804162513,28.87077804162513,115.4831121665005,2771.594691996012,0.029601959464763,2.91624020622476e-05,0.04
1947-04-01,1947-04-12,4097.2828,0.9948355616753416,4076.122635680716,0.035,1947,4,1,1947.04,1946,7,183,27,0.3521769957228138,174.92439561262836,0.0429144094148226,0.37,2,Mod_Wet,70,14,18,25,168,295.0,0.0723726998343205,3781.122635680716,1100.0,,4,275.0,275.0,275.0,275.0,2681.122635680716,30.0,4.000000000000014,7.0,55.0,2585.1226356807165,100.0,18.0,25.0,80.0,2753.1226356807165,1243.0,990.0,975.8193044232956,14.180695576704352,0.9262894125183112,0.48,988.5937105874816,0.5349,0.5349,0.5349,0.5349,12.239506164186077,12.239506164186077,12.239506164186077,12.239506164186077,,0.8690097035127659,0.8690097035127659,0.8690097035127659,0.8690097035127659,28.685334237403907,28.685334237403907,28.685334237403907,28.685334237403907,0.5842226932261488,0.5842226932261488,0.5842226932261488,0.5842226932261488,0.97,0.97,0.97,0.97,27.824774210281788,27.824774210281788,27.824774210281788,27.824774210281788,111.29909684112717,2671.178324187052,0.0273051394153012,2.810583253563817e-05,0.035
1947-04-02,1947-04-13,4337.6663,0.9996331882875896,4336.075193196632,0.029,1947,4,2,1947.04,1946,7,184,27,0.3746368966921889,259.9525575159164,0.0599511184501103,0.37,2,Mod_Wet,70,14,18,25,168,295.0,0.0680338755339989,4041.075193196632,1100.0,,4,275.0,275.0,275.0,275.0,2941.0751931966324,30.0,4.0,7.0,55.00000000000003,2845.075193196632,100.0,18.0,25.0,80.0,3013.075193196632,1243.0,990.0,976.2950176035498,13.704982396450191,0.9262894125183112,0.48,988.5937105874816,0.5349,0.5349,0.5349,0.5349,11.763792983931914,11.763792983931914,11.763792983931914,11.763792983931914,,0.8467235079205494,0.8467235079205494,0.8467235079205494,0.8467235079205494,26.86336320934605,26.86336320934605,26.86336320934605,26.86336320934605,0.5471153403125469,0.5471153403125469,0.5471153403125469,0.5471153403125469,0.97,0.97,0.97,0.97,26.057462313065678,26.057462313065678,26.057462313065678,26.057462313065678,104.2298492522627,2501.516382054305,0.0240378325117149,2.6320669003096643e-05,0.03
1947-04-03,1947-04-14,4471.6466,1.0054853034328617,4496.174938445523,0.025,1947,4,3,1947.04,1946,7,185,27,0.3884695146816933,160.09974524889094,0.0356079884436709,0.37,2,Mod_Wet,70,14,18,25,168,295.0,0.0656113260802061,4201.174938445523,1100.0,,4,275.0,275.0,275.0,275.0,3101.174938445524,30.0,4.0,7.0,55.0,3005.174938445524,100.0,18.0,25.0,80.0,3173.174938445524,1243.0,990.0,976.5880001373552,13.411999862644734,0.9262894125183112,0.48,988.5937105874816,0.5349,0.5349,0.5349,0.5349,11.470810450126455,11.470810450126455,11.470810450126455,11.470810450126455,,0.8256354796696228,0.8256354796696228,0.8256354796696228,0.8256354796696228,25.541937864089697,25.541937864089697,25.541937864089697,25.541937864089697,0.5202024004906252,0.5202024004906252,0.5202024004906252,0.5202024004906252,0.97,0.97,0.97,0.97,24.77567972816701,24.77567972816701,24.77567972816701,24.77567972816701,99.10271891266802,2378.4652539040326,0.0220415620542849,2.502593911936061e-05,0.025
1947-04-04,1947-04-15,4522.3293,0.9984176938383548,4515.173590483621,0.024,1947,4,4,1947.04,1946,7,186,27,0.3901109982177849,18.998652038098047,0.0042077345770582,0.37,2,Mod_Wet,70,14,18,25,168,295.0,0.0653352510348118,4220.173590483621,1100.0,,4,275.0,275.0,275.0,275.0,3120.1735904836214,30.0,4.0,7.0,55.0,3024.1735904836214,100.0,18.0,25.0,80.0,3192.1735904836214,1243.0,990.0,976.622767670585,13.377232329415053,0.9262894125183112,0.48,988.5937105874816,0.5349,0.5349,0.5349,0.5349,11.436042916896774,11.436042916896774,11.436042916896774,11.436042916896774,,0.8231330140330555,0.8231330140330555,0.8231330140330555,0.8231330140330555,25.387339479492518,25.387339479492518,25.387339479492518,25.387339479492518,0.5170537572198068,0.5170537572198068,0.5170537572198068,0.5170537572198068,0.97,0.97,0.97,0.97,24.62571929510774,24.62571929510774,24.62571929510774,24.62571929510774,98.50287718043096,2364.069052330343,0.0218159668075752,2.487446393445226e-05,0.025
1947-04-05,1947-04-16,4573.2514,0.993176831573204,4542.047335439719,0.023,1947,4,5,1947.04,1946,7,187,27,0.3924328897819917,26.87374495609765,0.0059166589362495,0.37,2,Mod_Wet,70,14,18,25,168,295.0,0.0649486846379246,4247.047335439719,1100.0,,4,275.0,275.0,275.0,275.0,3147.047335439719,30.0,4.0,7.0,55.0,3051.047335439719,100.0,18.0,25.0,80.0,3219.047335439719,1243.0,990.0,976.6719466238546,13.328053376145364,0.9262894125183112,0.48,988.5937105874816,0.5349,0.5349,0.5349,0.5349,11.386863963627086,11.386863963627086,11.386863963627086,11.386863963627086,,0.819593256415317,0.819593256415317,0.819593256415317,0.819593256415317,25.16946022696886,25.16946022696886,25.16946022696886,25.16946022696886,0.5126162979016061,0.5126162979016061,0.5126162979016061,0.5126162979016061,0.97,0.97,0.97,0.97,24.414376420159797,24.414376420159797,24.414376420159797,24.414376420159797,97.65750568063918,2343.78013633534,0.0215007679287395,2.466098628298969e-05,0.025
1947-04-06,1947-04-17,4590.2785,1.0010095903033338,4594.912800663202,0.022,1947,4,6,1947.04,1946,7,188,27,0.3970004659773007,52.86546522348272,0.0115052162069,0.37,2,Mod_Wet,70,14,18,25,168,295.0,0.0642014359788115,4299.912800663202,1100.0,,4,275.0,275.0,275.0,275.0,3199.912800663202,30.0,4.0,7.0,55.0,3103.9128006632027,100.0,18.0,25.0,80.0,3271.9128006632027,1243.0,990.0,976.7686904252135,13.231309574786335,0.9262894125183112,0.48,988.5937105874816,0.5349,0.5349,0.5349,0.5349,11.29012016226806,11.29012016226806,11.29012016226806,11.29012016226806,,0.812629919762915,0.812629919762915,0.812629919762915,0.812629919762915,24.74359313548357,24.74359313548357,24.74359313548357,24.74359313548357,0.5039428337165697,0.5039428337165697,0.5039428337165697,0.5039428337165697,0.97,0.97,0.97,0.97,24.001285341419063,24.001285341419063,24.001285341419063,24.001285341419063,96.00514136567624,2304.12339277623,0.0208937896170346,2.4243722567089964e-05,0.02
1947-04-07,1947-04-18,4590.2785,1.0010095903033338,4594.912800663202,0.022,1947,4,7,1947.04,1946,7,189,27,0.3970004659773007,0.0,0.0,0.37,2,Mod_Wet,70,14,18,25,168,295.0,0.0642014359788115,4299.912800663202,1100.0,,4,275.0,275.0,275.0,275.0,3199.912800663202,30.0,4.0,7.0,55.0,3103.9128006632027,100.0,18.0,25.0,80.0,3271.9128006632027,1243.0,990.0,976.7686904252135,13.231309574786335,0.9262894125183112,0.48,988.5937105874816,0.5349,0.5349,0.5349,0.5349,11.29012016226806,11.29012016226806,11.29012016226806,11.29012016226806,,0.812629919762915,0.812629919762915,0.812629919762915,0.812629919762915,24.74359313548357,24.74359313548357,24.74359313548357,24.74359313548357,0.5039428337165697,0.5039428337165697,0.5039428337165697,0.5039428337165697,0.97,0.97,0.97,0.97,24.001285341419063,24.001285341419063,24.001285341419063,24.001285341419063,96.00514136567624,2304.12339277623,0.0208937896170346,2.4243722567089964e-05,0.02
1947-04-08,1947-04-19,4624.4124,1.0010095903033338,4629.081161917657,0.022,1947,4,8,1947.04,1946,7,190,28,0.3999526123896856,34.1683612544548,0.0073812404793309,0.37,2,Mod_Wet,70,14,18,25,168,295.0,0.0637275497407335,4334.081161917657,1100.0,,4,275.0,275.0,275.0,275.0,3234.0811619176566,30.0,4.0,7.0,55.0,3138.0811619176566,100.0,18.0,25.0,80.0,3306.0811619176566,1243.0,990.0,976.8312185263092,13.168781473690728,0.9262894125183112,0.48,988.5937105874816,0.5349,0.5349,0.5349,0.5349,11.227592061172452,11.227592061172452,11.227592061172452,11.227592061172452,,0.8081293294196813,0.8081293294196813,0.8081293294196813,0.8081293294196813,24.47027708155325,24.47027708155325,24.47027708155325,24.47027708155325,0.4983763153065834,0.4983763153065834,0.4983763153065834,0.4983763153065834,0.9698376315306584,0.9698376315306584,0.9698376315306584,0.9698376315306584,23.73219556767255,23.73219556767255,23.73219556767255,23.73219556767255,94.9287822706902,2278.290774496565,0.0205070464202802,2.397191471482076e-05,0.02
1947-04-09,1947-04-20,4590.2785,1.0010095903033338,4594.912800663202,0.022,1947,4,9,1947.04,1946,7,191,28,0.3970004659773007,34.1683612544548,0.0074361283307755,0.37,2,Mod_Wet,70,14,18,25,168,295.0,0.0642014359788115,4299.912800663202,1100.0,,4,275.0,275.0,275.0,275.0,3199.912800663202,30.0,4.0,7.0,55.0,3103.9128006632027,100.0,18.0,25.0,80.0,3271.9128006632027,1243.0,990.0,976.7686904252135,13.231309574786335,0.9262894125183112,0.48,988.5937105874816,0.5349,0.5349,0.5349,0.5349,11.29012016226806,11.29012016226806,11.29012016226806,11.29012016226806,,0.812629919762915,0.812629919762915,0.812629919762915,0.812629919762915,24.74359313548357,24.74359313548357,24.74359313548357,24.74359313548357,0.5039428337165697,0.5039428337165697,0.5039428337165697,0.5039428337165697,0.97,0.97,0.97,0.97,24.001285341419063,24.001285341419063,24.001285341419063,24.001285341419063,96.00514136567624,2304.12339277623,0.0208937896170346,2.4243722567089964e-05,0.02
1947-04-10,1947-04-21,4590.2785,1.0010095903033338,4594.912800663202,0.022,1947,4,10,1947.04,1946,7,192,28,0.3970004659773007,0.0,0.0,0.37,2,Mod_Wet,70,14,18,25,168,295.0,0.0642014359788115,4299.912800663202,1100.0,,4,275.0,275.0,275.0,275.0,3199.912800663202,30.0,4.0,7.0,55.0,3103.9128006632027,100.0,18.0,25.0,80.0,3271.9128006632027,1243.0,990.0,976.7686904252135,13.231309574786335,0.9262894125183112,0.48,988.5937105874816,0.5349,0.5349,0.5349,0.5349,11.29012016226806,11.29012016226806,11.29012016226806,11.29012016226806,,0.812629919762915,0.812629919762915,0.812629919762915,0.812629919762915,24.74359313548357,24.74359313548357,24.74359313548357,24.74359313548357,0.5039428337165697,0.5039428337165697,0.5039428337165697,0.5039428337165697,0.97,0.97,0.97,0.97,24.001285341419063,24.001285341419063,24.001285341419063,24.001285341419063,96.00514136567624,2304.12339277623,0.0208937896170346,2.4243722567089964e-05,0.02
1947-04-11,1947-04-22,4590.2785,1.0010095903033338,4594.912800663202,0.022,1947,4,11,1947.04,1946,7,193,28,0.3970004659773007,0.0,0.0,0.16,2,Mod_Wet,70,14,18,25,168,295.0,0.0642014359788115,4299.912800663202,1100.0,,4,275.0,275.0,275.0,275.0,3199.912800663202,30.0,4.0,7.0,55.0,3103.9128006632027,100.0,18.0,25.0,80.0,3271.9128006632027,1243.0,990.0,976.7686904252135,13.231309574786335,0.9262894125183112,0.48,988.5937105874816,0.5349,0.5349,0.5349,0.5349,11.29012016226806,11.29012016226806,11.29012016226806,11.29012016226806,,0.812629919762915,0.812629919762915,0.812629919762915,0.812629919762915,24.74359313548357,24.74359313548357,24.74359313548357,24.74359313548357,0.5039428337165697,0.5039428337165697,0.5039428337165697,0.5039428337165697,0.97,0.97,0.97,0.97,24.001285341419063,24.001285341419063,24.001285341419063,24.001285341419063,96.00514136567624,2304.12339277623,0.0208937896170346,2.4243722567089964e-05,0.02
1947-04-12,1947-04-23,4505.4084,0.9991072065460684,4501.386000873192,0.025,1947,4,12,1947.04,1946,7,194,28,0.3889197504754438,93.52679979001005,0.0207773338638071,0.16,2,Mod_Wet,70,14,18,25,168,295.0,0.0655353706486791,4206.386000873192,1100.0,,4,275.0,275.0,275.0,275.0,3106.386000873192,30.0,4.0,7.0,55.0,3010.386000873192,100.0,18.0,25.0,80.0,3178.386000873192,1243.0,990.0,976.597536381598,13.402463618402066,0.9262894125183112,0.48,988.5937105874816,0.5349,0.5349,0.5349,0.5349,11.46127420588379,11.46127420588379,11.46127420588379,11.46127420588379,,0.8249490886230813,0.8249490886230813,0.8249490886230813,0.8249490886230813,25.49948699953703,25.49948699953703,25.49948699953703,25.49948699953703,0.5193378207645016,0.5193378207645016,0.5193378207645016,0.5193378207645016,0.97,0.97,0.97,0.97,24.73450238955092,24.73450238955092,24.73450238955092,24.73450238955092,98.93800955820367,2374.512229396888,0.0219794546699641,2.498434584803123e-05,0.025
1947-04-13,1947-04-24,4454.8056,1.0054853034328617,4479.24156045041,0.026,1947,4,13,1947.04,1946,7,195,28,0.3870064708229154,22.14444042278137,0.0049437924085868,0.16,2,Mod_Wet,70,14,18,25,168,295.0,0.0658593639165859,4184.24156045041,1100.0,,4,275.0,275.0,275.0,275.0,3084.2415604504104,30.0,4.0,7.0,55.0,2988.2415604504104,100.0,18.0,25.0,80.0,3156.2415604504104,1243.0,990.0,976.5570120556242,13.442987944375773,0.9262894125183112,0.48,988.5937105874816,0.5349,0.5349,0.5349,0.5349,11.501798531857496,11.501798531857496,11.501798531857496,11.501798531857496,,0.827865911410718,0.827865911410718,0.827865911410718,0.827865911410718,25.680125965709784,25.680125965709784,25.680125965709784,25.680125965709784,0.5230168221122156,0.5230168221122156,0.5230168221122156,0.5230168221122156,0.97,0.97,0.97,0.97,24.90972218673849,24.90972218673849,24.90972218673849,24.90972218673849,99.63888874695397,2391.333329926895,0.0222445892685758,2.516133554216009e-05,0.025
1947-04-14,1947-04-25,4404.4427,1.002491267285598,4415.415344009801,0.027,1947,4,14,1947.04,1946,7,196,28,0.3814918857224468,63.82621644060964,0.014455314272348,0.16,2,Mod_Wet,70,14,18,25,168,295.0,0.0668113817197771,4120.415344009801,1100.0,,4,275.0,275.0,275.0,275.0,3020.4153440098007,30.0,4.0,7.0,55.00000000000003,2924.4153440098003,100.0,18.0,25.0,80.0,3092.4153440098003,1243.0,990.0,976.440210079538,13.559789920462094,0.9262894125183112,0.48,988.5937105874816,0.5349,0.5349,0.5349,0.5349,11.618600507943816,11.618600507943816,11.618600507943816,11.618600507943816,,0.8362729769769811,0.8362729769769811,0.8362729769769811,0.8362729769769811,26.20434302904174,26.20434302904174,26.20434302904174,26.20434302904174,0.533693340713681,0.533693340713681,0.533693340713681,0.533693340713681,0.97,0.97,0.97,0.97,25.41821273817049,25.41821273817049,25.41821273817049,25.41821273817049,101.67285095268196,2440.1484228643667,0.0230267920526699,2.567496236178837e-05,0.025
1947-04-15,1947-04-26,4354.3203,0.9996331882875896,4352.723084314373,0.029,1947,4,15,1947.04,1946,7,197,29,0.3760752744847618,62.69225969542731,0.0144029974985882,0.16,2,Mod_Wet,70,14,18,25,168,295.0,0.0677736658835643,4057.723084314373,1100.0,,4,275.0,275.0,275.0,275.0,2957.7230843143734,30.0,4.0,7.0,55.0,2861.723084314373,100.0,18.0,25.0,80.0,3029.723084314373,1243.0,990.0,976.3254832442952,13.674516755704758,0.9262894125183112,0.48,988.5937105874816,0.5349,0.5349,0.5349,0.5349,11.73332734318648,11.73332734318648,11.73332734318648,11.73332734318648,,0.8445306799578121,0.8445306799578121,0.8445306799578121,0.8445306799578121,26.724402956760425,26.724402956760425,26.724402956760425,26.724402956760425,0.5442851926020453,0.5442851926020453,0.5442851926020453,0.5442851926020453,0.97,0.97,0.97,0.97,25.92267086805761,25.92267086805761,25.92267086805761,25.92267086805761,103.69068347223045,2488.576403333531,0.02382202622673,2.6184516028341025e-05,0.03
1947-04-16,1947-04-27,4277.0944,0.9991151427865818,4273.309782167689,0.031,1947,4,16,1947.04,1946,7,198,29,0.3692139651792883,79.41330214668416,0.0185835584581468,0.16,2,Mod_Wet,70,14,18,25,168,295.0,0.0690331417654344,3978.309782167689,1100.0,,4,275.0,275.0,275.0,275.0,2878.3097821676893,30.0,4.0,7.0,55.0,2782.3097821676893,100.0,18.0,25.0,80.0,2950.3097821676893,1243.0,990.0,976.1801569013668,13.819843098633214,0.9262894125183112,0.48,988.5937105874816,0.5349,0.5349,0.5349,0.5349,11.878653686114935,11.878653686114935,11.878653686114935,11.878653686114935,,0.854990846253302,0.854990846253302,0.854990846253302,0.854990846253302,27.3905075185738,27.3905075185738,27.3905075185738,27.3905075185738,0.5578514769566965,0.5578514769566965,0.5578514769566965,0.5578514769566965,0.97,0.97,0.97,0.97,26.568792293016585,26.568792293016585,26.568792293016585,26.568792293016585,106.27516917206634,2550.604060129592,0.0248695214223755,2.6837163932339987e-05,0.03
1947-04-17,1947-04-28,4236.7153,0.9976583455247472,4226.794376657384,0.032,1947,4,17,1947.04,1946,7,199,29,0.3651950341431981,46.51540551030485,0.0110048896078758,0.16,2,Mod_Wet,70,14,18,25,168,295.0,0.0697928438698479,3931.794376657384,1100.0,,4,275.0,275.0,275.0,275.0,2831.7943766573844,30.0,4.0,7.0,55.0,2735.794376657385,100.0,18.0,25.0,80.0,2903.794376657385,1243.0,990.0,976.095033709283,13.90496629071697,0.9262894125183112,0.48,988.5937105874816,0.5349,0.5349,0.5349,0.5349,11.963776878198694,11.963776878198694,11.963776878198694,11.963776878198694,,0.8611177653435138,0.8611177653435138,0.8611177653435138,0.8611177653435138,27.784478346460872,27.784478346460872,27.784478346460872,27.784478346460872,0.5658753227385106,0.5658753227385106,0.5658753227385106,0.5658753227385106,0.97,0.97,0.97,0.97,26.950943996067046,26.950943996067046,26.950943996067046,26.950943996067046,107.8037759842682,2587.290623622436,0.025504854596102,2.7223175753603077e-05,0.03
1947-04-18,1947-04-29,4196.5773,0.9961693822117608,4180.501816344899,0.033,1947,4,18,1947.04,1946,7,200,29,0.3611953569321993,46.29256031248497,0.0110734458077474,0.16,2,Mod_Wet,70,14,18,25,168,295.0,0.0705656911442092,3885.5018163449,1100.0,,4,275.0,275.0,275.0,275.0,2785.5018163448995,30.0,4.0,7.0,55.0,2689.5018163448995,100.0,18.0,25.0,80.0,2857.5018163448995,1243.0,990.0,976.0103183239112,13.98968167608882,0.9262894125183112,0.48,988.5937105874816,0.5349,0.5349,0.5349,0.5349,12.048492263570544,12.048492263570544,12.048492263570544,12.048492263570544,,0.864794981795684,0.864794981795684,0.864794981795684,0.864794981795684,28.10070768656179,28.10070768656179,28.10070768656179,28.10070768656179,0.572315838830179,0.572315838830179,0.572315838830179,0.572315838830179,0.97,0.97,0.97,0.97,27.257686455964937,27.257686455964937,27.257686455964937,27.257686455964937,109.03074582385976,2616.7378997726337,0.0260807794407771,2.7533016622186804e-05,0.035
1947-04-19,1947-04-30,4196.5773,0.9961693822117608,4180.501816344899,0.033,1947,4,19,1947.04,1946,7,201,29,0.3611953569321993,0.0,0.0,0.16,2,Mod_Wet,70,14,18,25,168,295.0,0.0705656911442092,3885.5018163449,1100.0,,4,275.0,275.0,275.0,275.0,2785.5018163448995,30.0,4.0,7.0,55.0,2689.5018163448995,100.0,18.0,25.0,80.0,2857.5018163448995,1243.0,990.0,976.0103183239112,13.98968167608882,0.9262894125183112,0.48,988.5937105874816,0.5349,0.5349,0.5349,0.5349,12.048492263570544,12.048492263570544,12.048492263570544,12.048492263570544,,0.864794981795684,0.864794981795684,0.864794981795684,0.864794981795684,28.10070768656179,28.10070768656179,28.10070768656179,28.10070768656179,0.572315838830179,0.572315838830179,0.572315838830179,0.572315838830179,0.97,0.97,0.97,0.97,27.257686455964937,27.257686455964937,27.257686455964937,27.257686455964937,109.03074582385976,2616.7378997726337,0.0260807794407771,2.7533016622186804e-05,0.035
1947-04-20,1947-05-01,4136.8208,0.9937528900407524,4110.977625580697,0.034,1947,4,20,1947.04,1946,7,202,29,0.3551884668501723,69.5241907642021,0.0169118387635061,0.16,2,Mod_Wet,70,14,18,25,168,295.0,0.0717590867350755,3815.977625580697,1100.0,,4,275.0,275.0,275.0,275.0,2715.9776255806973,30.0,4.0,7.0,55.0,2619.9776255806973,100.0,18.0,25.0,80.0,2787.9776255806973,1243.0,990.0,975.8830890548128,14.116910945187328,0.9262894125183112,0.48,988.5937105874816,0.5349,0.5349,0.5349,0.5349,12.175721532669051,12.175721532669051,12.175721532669051,12.175721532669051,,0.8676022956183426,0.8676022956183426,0.8676022956183426,0.8676022956183426,28.48962892948591,28.48962892948591,28.48962892948591,28.48962892948591,0.5802368417410572,0.5802368417410572,0.5802368417410572,0.5802368417410572,0.97,0.97,0.97,0.97,27.63494006160133,27.63494006160133,27.63494006160133,27.63494006160133,110.53976024640532,2652.954245913728,0.0268889228582923,2.791408087030437e-05,0.035
1947-04-21,1947-05-02,4117.0219,0.9937528900407524,4091.3024114860686,0.034,1947,4,21,1947.04,1946,7,203,29,0.3534885283523964,19.6752140946287,0.0048090344139293,0.17,2,Mod_Wet,70,14,18,25,168,295.0,0.0721041786526966,3796.3024114860686,1100.0,,4,275.0,275.0,275.0,275.0,2696.3024114860686,30.0,3.999999999999986,7.0,55.0,2600.302411486069,100.0,18.0,25.0,80.0,2768.302411486069,1243.0,990.0,975.8470834130196,14.152916586980496,0.9262894125183112,0.48,988.5937105874816,0.5349,0.5349,0.5349,0.5349,12.21172717446222,12.21172717446222,12.21172717446222,12.21172717446222,,0.8683967601045088,0.8683967601045088,0.8683967601045088,0.8683967601045088,28.60004265439643,28.60004265439643,28.60004265439643,28.60004265439643,0.5824855937758947,0.5824855937758947,0.5824855937758947,0.5824855937758947,0.97,0.97,0.97,0.97,27.742041374764536,27.742041374764536,27.742041374764536,27.742041374764536,110.96816549905814,2663.235971977396,0.0271229438301901,2.802226401491367e-05,0.035
1947-04-22,1947-05-03,4097.2828,0.9948355616753416,4076.122635680716,0.035,1947,4,22,1947.04,1946,7,204,30,0.3521769957228138,15.17977580535262,0.0037240723997053,0.17,2,Mod_Wet,70,14,18,25,168,295.0,0.0723726998343205,3781.122635680716,1100.0,,4,275.0,275.0,275.0,275.0,2681.122635680716,30.0,4.000000000000014,7.0,55.0,2585.1226356807165,100.0,18.0,25.0,80.0,2753.1226356807165,1243.0,990.0,975.8193044232956,14.180695576704352,0.9262894125183112,0.48,988.5937105874816,0.5349,0.5349,0.5349,0.5349,12.239506164186077,12.239506164186077,12.239506164186077,12.239506164186077,,0.8690097035127659,0.8690097035127659,0.8690097035127659,0.8690097035127659,28.685334237403907,28.685334237403907,28.685334237403907,28.685334237403907,0.5842226932261488,0.5842226932261488,0.5842226932261488,0.5842226932261488,0.97,0.97,0.97,0.97,27.824774210281788,27.824774210281788,27.824774210281788,27.824774210281788,111.29909684112717,2671.178324187052,0.0273051394153012,2.810583253563817e-05,0.035
1947-04-23,1947-05-04,4097.2828,0.9948355616753416,4076.122635680716,0.035,1947,4,23,1947.04,1946,7,205,30,0.3521769957228138,0.0,0.0,0.17,2,Mod_Wet,70,14,18,25,168,295.0,0.0723726998343205,3781.122635680716,1100.0,,4,275.0,275.0,275.0,275.0,2681.122635680716,30.0,4.000000000000014,7.0,55.0,2585.1226356807165,100.0,18.0,25.0,80.0,2753.1226356807165,1243.0,990.0,975.8193044232956,14.180695576704352,0.9262894125183112,0.48,988.5937105874816,0.5349,0.5349,0.5349,0.5349,12.239506164186077,12.239506164186077,12.239506164186077,12.239506164186077,,0.8690097035127659,0.8690097035127659,0.8690097035127659,0.8690097035127659,28.685334237403907,28.685334237403907,28.685334237403907,28.685334237403907,0.5842226932261488,0.5842226932261488,0.5842226932261488,0.5842226932261488,0.97,0.97,0.97,0.97,27.824774210281788,27.824774210281788,27.824774210281788,27.824774210281788,111.29909684112717,2671.178324187052,0.0273051394153012,2.810583253563817e-05,0.035
1947-04-24,1947-05-05,4077.6034,0.9948355616753416,4056.5448687282815,0.035,1947,4,24,1947.04,1946,7,206,30,0.3504854766581235,19.57776695243456,0.0048262172824362,0.17,2,Mod_Wet,70,14,18,25,168,295.0,0.0727219862090375,3761.5448687282815,1100.0,,4,275.0,275.0,275.0,275.0,2661.544868728281,30.0,4.000000000000014,7.0,55.0,2565.544868728281,100.0,18.0,25.0,80.0,2733.544868728281,1243.0,990.0,975.7834771097728,14.216522890227338,0.9262894125183112,0.48,988.5937105874816,0.5349,0.5349,0.5349,0.5349,12.27533347770906,12.27533347770906,12.27533347770906,12.27533347770906,,0.8698002331856505,0.8698002331856505,0.8698002331856505,0.8698002331856505,28.79547270562104,28.79547270562104,28.79547270562104,28.79547270562104,0.586465839218351,0.586465839218351,0.586465839218351,0.586465839218351,0.97,0.97,0.97,0.97,27.931608524452404,27.931608524452404,27.931608524452404,27.931608524452404,111.72643409780962,2681.434418347431,0.0275422650835452,2.821374598429536e-05,0.035
1947-04-25,1947-05-06,4038.4235,0.9996429456641102,4036.981563379165,0.036,1947,4,25,1947.04,1946,7,207,30,0.3487952070759598,19.563305349116487,0.0048460229609621,0.17,2,Mod_Wet,70,14,18,25,168,295.0,0.0730743986239732,3741.981563379165,1100.0,,4,275.0,275.0,275.0,275.0,2641.981563379165,30.0,4.000000000000014,7.0,55.0,2545.981563379165,100.0,18.0,25.0,80.0,2713.981563379165,1243.0,990.0,975.7476762609838,14.25232373901622,0.9262894125183112,0.48,988.5937105874816,0.5349,0.5349,0.5349,0.5349,12.311134326497942,12.311134326497942,12.311134326497942,12.311134326497942,,0.8705901789141771,0.8705901789141771,0.8705901789141771,0.8705901789141771,28.90568241659629,28.90568241659629,28.90568241659629,28.90568241659629,0.5887104361832238,0.5887104361832238,0.5887104361832238,0.5887104361832238,0.97,0.97,0.97,0.97,28.0385119440984,28.0385119440984,28.0385119440984,28.0385119440984,112.1540477763936,2691.697146633446,0.0277816596423875,2.832172923646303e-05,0.035
1947-04-26,1947-05-07,4038.4235,0.9996429456641102,4036.981563379165,0.036,1947,4,26,1947.04,1946,7,208,30,0.3487952070759598,0.0,0.0,0.17,2,Mod_Wet,70,14,18,25,168,295.0,0.0730743986239732,3741.981563379165,1100.0,,4,275.0,275.0,275.0,275.0,2641.981563379165,30.0,4.000000000000014,7.0,55.0,2545.981563379165,100.0,18.0,25.0,80.0,2713.981563379165,1243.0,990.0,975.7476762609838,14.25232373901622,0.9262894125183112,0.48,988.5937105874816,0.5349,0.5349,0.5349,0.5349,12.311134326497942,12.311134326497942,12.311134326497942,12.311134326497942,,0.8705901789141771,0.8705901789141771,0.8705901789141771,0.8705901789141771,28.90568241659629,28.90568241659629,28.90568241659629,28.90568241659629,0.5887104361832238,0.5887104361832238,0.5887104361832238,0.5887104361832238,0.97,0.97,0.97,0.97,28.0385119440984,28.0385119440984,28.0385119440984,28.0385119440984,112.1540477763936,2691.697146633446,0.0277816596423875,2.832172923646303e-05,0.035
1947-04-27,1947-05-08,4038.4235,0.9996429456641102,4036.981563379165,0.036,1947,4,27,1947.04,1946,7,209,30,0.3487952070759598,0.0,0.0,0.17,2,Mod_Wet,70,14,18,25,168,295.0,0.0730743986239732,3741.981563379165,1100.0,,4,275.0,275.0,275.0,275.0,2641.981563379165,30.0,4.000000000000014,7.0,55.0,2545.981563379165,100.0,18.0,25.0,80.0,2713.981563379165,1243.0,990.0,975.7476762609838,14.25232373901622,0.9262894125183112,0.48,988.5937105874816,0.5349,0.5349,0.5349,0.5349,12.311134326497942,12.311134326497942,12.311134326497942,12.311134326497942,,0.8705901789141771,0.8705901789141771,0.8705901789141771,0.8705901789141771,28.90568241659629,28.90568241659629,28.90568241659629,28.90568241659629,0.5887104361832238,0.5887104361832238,0.5887104361832238,0.5887104361832238,0.97,0.97,0.97,0.97,28.0385119440984,28.0385119440984,28.0385119440984,28.0385119440984,112.1540477763936,2691.697146633446,0.0277816596423875,2.832172923646303e-05,0.035
1947-04-28,1947-05-09,3960.7774,1.0068859865754054,3988.051260004569,0.037,1947,4,28,1947.04,1946,7,210,30,0.3445676288643948,48.93030337459596,0.0122692262923771,0.17,2,Mod_Wet,70,14,18,25,168,295.0,0.0739709649568702,3693.051260004569,1100.0,,4,275.0,275.0,275.0,275.0,2593.051260004569,30.0,4.0,7.0,55.0,2497.051260004569,100.0,18.0,25.0,80.0,2665.051260004569,1243.0,990.0,975.654680050962,14.345319949037956,0.9262894125183112,0.48,988.5937105874816,0.5349,0.5349,0.5349,0.5349,12.40413053651968,12.40413053651968,12.40413053651968,12.40413053651968,,0.8726421402883067,0.8726421402883067,0.8726421402883067,0.8726421402883067,29.192675696838144,29.192675696838144,29.192675696838144,29.192675696838144,0.594555513173893,0.594555513173893,0.594555513173893,0.594555513173893,0.97,0.97,0.97,0.97,28.316895425933,28.316895425933,28.316895425933,28.316895425933,113.267581703732,2718.421960889568,0.0284017366676481,2.8602924672659596e-05,0.035
1947-04-29,1947-05-10,3827.1734,1.0193419091144624,3901.198240068088,0.041,1947,4,29,1947.04,1946,7,211,31,0.3370635279418828,86.85301993648136,0.0222631649538951,0.17,2,Mod_Wet,70,14,18,25,168,295.0,0.0756177927515037,3606.198240068088,1100.0,,4,275.0,275.0,275.0,275.0,2506.198240068088,30.0,4.0,7.0,55.0,2410.198240068088,100.0,18.0,25.0,80.0,2578.198240068088,1243.0,990.0,975.4706343658584,14.529365634141527,0.9262894125183112,0.48,988.5937105874816,0.5349,0.5349,0.5349,0.5349,12.58817622162325,12.58817622162325,12.58817622162325,12.58817622162325,,0.8767031083301171,0.8767031083301171,0.8767031083301171,0.8767031083301171,29.76368870270632,29.76368870270632,29.76368870270632,29.76368870270632,0.6061851059614322,0.6061851059614322,0.6061851059614322,0.6061851059614322,0.97,0.97,0.97,0.97,28.87077804162513,28.87077804162513,28.87077804162513,28.87077804162513,115.4831121665005,2771.594691996012,0.029601959464763,2.91624020622476e-05,0.04
1947-04-30,1947-05-11,3770.7964,1.0254302252497345,3866.688601822888,0.042,1947,4,30,1947.04,1946,7,212,31,0.3340818951974975,34.509638245199305,0.0089248558130412,0.17,2,Mod_Wet,70,14,18,25,168,295.0,0.0762926706487114,3571.688601822888,1100.0,,4,275.0,275.0,275.0,275.0,2471.688601822888,30.0,4.000000000000014,7.0,55.0,2375.688601822888,100.0,18.0,25.0,80.0,2543.688601822888,1243.0,990.0,975.3975067991008,14.602493200899175,0.9262894125183112,0.48,988.5937105874816,0.5349,0.5349,0.5349,0.5349,12.6613037883809,12.6613037883809,12.6613037883809,12.6613037883809,,0.8783166680906246,0.8783166680906246,0.8783166680906246,0.8783166680906246,29.99169059006092,29.99169059006092,29.99169059006092,29.99169059006092,0.610828728921811,0.610828728921811,0.610828728921811,0.610828728921811,0.97,0.97,0.97,0.97,29.091939872359088,29.091939872359088,29.091939872359088,29.091939872359088,116.36775948943637,2792.8262277464723,0.0300949394876475,2.9385797850867764e-05,0.04
1947-05-01,1947-05-12,3752.1211,1.0249522745569744,3845.745055858216,0.043,1947,5,1,1947.05,1946,8,213,31,0.3322723728261498,20.943545964672467,0.0054459007709752,0.12,2,Mod_Wet,65,14,17,23,202,321.0,0.0834688715288137,3524.745055858216,1100.0,,4,275.0,275.0,275.0,275.0,2424.745055858216,35.0,4.0,8.0,57.0,2320.745055858216,100.0,18.0,25.0,80.0,2522.745055858216,1243.0,990.0,975.35312642789,14.646873572110051,0.9262894125183112,0.48,988.5937105874816,0.5349,0.5349,0.5349,0.5349,12.705684159591776,12.705684159591776,12.705684159591776,12.705684159591776,,0.8792959209813926,0.8792959209813926,0.8792959209813926,0.8792959209813926,30.13037293697701,30.13037293697701,30.13037293697701,30.13037293697701,0.6136532166390429,0.6136532166390429,0.6136532166390429,0.6136532166390429,0.97,0.97,0.97,0.97,29.2264617488677,29.2264617488677,29.2264617488677,29.2264617488677,116.9058469954708,2805.740327891299,0.030398751164586,2.9521678534209797e-05,0.045
1947-05-02,1947-05-13,3752.1211,1.0249522745569744,3845.745055858216,0.043,1947,5,2,1947.05,1946,8,214,31,0.3322723728261498,0.0,0.0,0.12,2,Mod_Wet,65,14,17,23,202,321.0,0.0834688715288137,3524.745055858216,1100.0,,4,275.0,275.0,275.0,275.0,2424.745055858216,35.0,4.0,8.0,57.0,2320.745055858216,100.0,18.0,25.0,80.0,2522.745055858216,1243.0,990.0,975.35312642789,14.646873572110051,0.9262894125183112,0.48,988.5937105874816,0.5349,0.5349,0.5349,0.5349,12.705684159591776,12.705684159591776,12.705684159591776,12.705684159591776,,0.8792959209813926,0.8792959209813926,0.8792959209813926,0.8792959209813926,30.13037293697701,30.13037293697701,30.13037293697701,30.13037293697701,0.6136532166390429,0.6136532166390429,0.6136532166390429,0.6136532166390429,0.97,0.97,0.97,0.97,29.2264617488677,29.2264617488677,29.2264617488677,29.2264617488677,116.9058469954708,2805.740327891299,0.030398751164586,2.9521678534209797e-05,0.045
1947-05-03,1947-05-14,3752.1211,1.0249522745569744,3845.745055858216,0.043,1947,5,3,1947.05,1946,8,215,31,0.3322723728261498,0.0,0.0,0.12,2,Mod_Wet,65,14,17,23,202,321.0,0.0834688715288137,3524.745055858216,1100.0,,4,275.0,275.0,275.0,275.0,2424.745055858216,35.0,4.0,8.0,57.0,2320.745055858216,100.0,18.0,25.0,80.0,2522.745055858216,1243.0,990.0,975.35312642789,14.646873572110051,0.9262894125183112,0.48,988.5937105874816,0.5349,0.5349,0.5349,0.5349,12.705684159591776,12.705684159591776,12.705684159591776,12.705684159591776,,0.8792959209813926,0.8792959209813926,0.8792959209813926,0.8792959209813926,30.13037293697701,30.13037293697701,30.13037293697701,30.13037293697701,0.6136532166390429,0.6136532166390429,0.6136532166390429,0.6136532166390429,0.97,0.97,0.97,0.97,29.2264617488677,29.2264617488677,29.2264617488677,29.2264617488677,116.9058469954708,2805.740327891299,0.030398751164586,2.9521678534209797e-05,0.045
1947-05-04,1947-05-15,3733.5042,1.0249522745569744,3826.663621858017,0.044,1947,5,4,1947.05,1946,8,216,31,0.3306237369285326,19.081434000198893,0.0049864414241181,0.12,2,Mod_Wet,65,14,17,23,202,321.0,0.0838850841674294,3505.663621858017,1100.0,,4,275.0,275.0,275.0,275.0,2405.663621858017,34.99999999999994,4.0,7.999999999999986,57.0,2301.663621858017,100.0,18.0,25.0,80.0,2503.663621858017,1243.0,990.0,975.3126919606038,14.687308039396155,0.9262894125183112,0.48,988.5937105874816,0.5349,0.5349,0.5349,0.5349,12.74611862687788,12.74611862687788,12.74611862687788,12.74611862687788,,0.8801881075020603,0.8801881075020603,0.8801881075020603,0.8801881075020603,30.25692897470306,30.25692897470306,30.25692897470306,30.25692897470306,0.6162307326823434,0.6162307326823434,0.6162307326823434,0.6162307326823434,0.97,0.97,0.97,0.97,29.349221105461968,29.349221105461968,29.349221105461968,29.349221105461968,117.39688442184789,2817.525226124349,0.0306786527436781,2.964567788430502e-05,0.045
1947-05-05,1947-05-16,3696.4452,1.0311736660449222,3811.676948218156,0.045,1947,5,5,1947.05,1946,8,217,31,0.3293288883260487,14.986673639860784,0.0039317795929339,0.12,2,Mod_Wet,65,14,17,23,202,321.0,0.0842149018295104,3490.676948218156,1100.0,,4,275.0,275.0,275.0,275.0,2390.676948218156,35.0,4.0,8.0,57.0,2286.676948218156,100.0,18.0,25.0,80.0,2488.676948218156,1243.0,990.0,975.28093448551,14.719065514490126,0.9262894125183112,0.48,988.5937105874816,0.5349,0.5349,0.5349,0.5349,12.777876101971849,12.777876101971849,12.777876101971849,12.777876101971849,,0.8808888361900089,0.8808888361900089,0.8808888361900089,0.8808888361900089,30.35646328199933,30.35646328199933,30.35646328199933,30.35646328199933,0.6182579079836931,0.6182579079836931,0.6182579079836931,0.6182579079836931,0.97,0.97,0.97,0.97,29.445769383539343,29.445769383539343,29.445769383539343,29.445769383539343,117.7830775341574,2826.7938608197774,0.0309005928713915,2.9743201397514493e-05,0.045
1947-05-06,1947-05-17,3678.0029,1.0340162096523977,3803.114617748527,0.045,1947,5,6,1947.05,1946,8,218,32,0.3285891029734727,8.56233046962916,0.0022513995317601,0.12,2,Mod_Wet,65,14,17,23,202,321.0,0.0844045032200566,3482.114617748527,1100.0,,4,275.0,275.0,275.0,275.0,2382.114617748527,35.0,4.0,8.0,57.0,2278.114617748527,100.0,18.0,25.0,80.0,2480.114617748527,1243.0,990.0,975.2627904995148,14.737209500485278,0.9262894125183112,0.48,988.5937105874816,0.5349,0.5349,0.5349,0.5349,12.796020087967,12.796020087967,12.796020087967,12.796020087967,,0.8812891832409919,0.8812891832409919,0.8812891832409919,0.8812891832409919,30.41338405861068,30.41338405861068,30.41338405861068,30.41338405861068,0.6194171906030688,0.6194171906030688,0.6194171906030688,0.6194171906030688,0.97,0.97,0.97,0.97,29.500982536852355,29.500982536852355,29.500982536852355,29.500982536852355,118.00393014740942,2832.0943235378263,0.0310282339629481,2.9798972259446822e-05,0.045
1947-05-07,1947-05-18,3604.8141,1.0291719585543644,3709.973587521388,0.048,1947,5,7,1947.05,1946,8,219,32,0.3205417179618479,93.14103022713924,0.0251055777163541,0.12,2,Mod_Wet,65,14,17,23,202,321.0,0.086523527035258,3388.973587521388,1100.0,,4,275.0,275.0,275.0,275.0,2288.973587521388,34.99999999999994,4.0,8.0,57.0,2184.973587521388,100.0,18.0,25.0,80.0,2386.973587521388,1243.0,990.0,975.0654202211764,14.934579778823718,0.9262894125183112,0.48,988.5937105874816,0.5349,0.5349,0.5349,0.5349,12.99339036630544,12.99339036630544,12.99339036630544,12.99339036630544,,0.8856441584325296,0.8856441584325296,0.8856441584325296,0.8856441584325296,31.03509950114135,31.03509950114135,31.03509950114135,31.03509950114135,0.6320794195751802,0.6320794195751802,0.6320794195751802,0.6320794195751802,0.97,0.97,0.97,0.97,30.104046516107108,30.104046516107108,30.104046516107108,30.104046516107108,120.41618606442844,2889.9884655462824,0.0324574240823309,3.0408127794047586e-05,0.05
1947-05-08,1947-05-19,3514.6276,1.0243778615521175,3600.306705040052,0.051,1947,5,8,1947.05,1946,8,220,32,0.3110664993154605,109.66688248133596,0.0304604278096123,0.12,2,Mod_Wet,65,14,17,23,202,321.0,0.0891590706843485,3279.306705040052,1100.0,,4,275.0,275.0,275.0,275.0,2179.306705040052,35.0,4.0,8.000000000000014,57.0,2075.3067050400514,100.0,18.0,25.0,80.0,2277.3067050400514,1243.0,990.0,974.8330308749656,15.166969125034257,0.9262894125183112,0.48,988.5937105874816,0.5349,0.5349,0.5349,0.5349,13.22577971251598,13.22577971251598,13.22577971251598,13.22577971251598,,0.8894532758355718,0.8894532758355718,0.8894532758355718,0.8894532758355718,31.726036323546417,31.726036323546417,31.726036323546417,31.726036323546417,0.6461514526180533,0.6461514526180533,0.6461514526180533,0.6461514526180533,0.97,0.97,0.97,0.97,30.774255233840023,30.774255233840023,30.774255233840023,30.774255233840023,123.09702093536008,2954.328502448642,0.0341907040205872,3.1085106296808105e-05,0.05
1947-05-09,1947-05-20,3461.205,1.021913524541566,3537.052200710891,0.054,1947,5,9,1947.05,1946,8,221,32,0.305601310141421,63.25450432916068,0.0178833957600194,0.12,2,Mod_Wet,65,14,17,23,202,321.0,0.0907535376309923,3216.052200710891,1100.0,,4,275.0,275.0,275.0,275.0,2116.052200710891,35.0,4.0,8.000000000000014,57.0,2012.052200710891,100.0,18.0,25.0,80.0,2214.052200710891,1243.0,990.0,974.698991568173,15.301008431826972,0.9262894125183112,0.48,988.5937105874816,0.5349,0.5349,0.5349,0.5349,13.359819019308697,13.359819019308697,13.359819019308697,13.359819019308697,,0.8916280635882835,0.8916280635882835,0.8916280635882835,0.8916280635882835,32.12592917013856,32.12592917013856,32.12592917013856,32.12592917013856,0.6542959097787895,0.6542959097787895,0.6542959097787895,0.6542959097787895,0.97,0.97,0.97,0.97,31.16215129503441,31.16215129503441,31.16215129503441,31.16215129503441,124.64860518013762,2991.566524323303,0.0352408158282439,3.147692050003475e-05,0.055
1947-05-10,1947-05-21,3390.7751,1.0310770263443272,3496.150307110389,0.057,1947,5,10,1947.05,1946,8,222,32,0.3020673865343376,40.901893600502255,0.0116991233235358,0.12,2,Mod_Wet,65,14,17,23,202,321.0,0.0918152744597844,3175.150307110389,1100.0,,4,275.0,275.0,275.0,275.0,2075.150307110389,35.0,4.0,8.0,57.0,1971.150307110389,100.0,18.0,25.0,80.0,2173.150307110389,1243.0,990.0,974.6123185079244,15.387681492075671,0.9262894125183112,0.48,988.5937105874816,0.5349,0.5349,0.5349,0.5349,13.446492079557396,13.446492079557396,13.446492079557396,13.446492079557396,,0.8930343339908187,0.8930343339908187,0.8930343339908187,0.8930343339908187,32.38534664418558,32.38534664418558,32.38534664418558,32.38534664418558,0.6595793613887083,0.6595793613887083,0.6595793613887083,0.6595793613887083,0.97,0.97,0.97,0.97,31.413786244860013,31.413786244860013,31.413786244860013,31.413786244860013,125.65514497944004,3015.723479506561,0.0359410019425896,3.173109721703032e-05,0.055
1947-05-11,1947-05-22,3321.255,1.0394409287846869,3452.248381930785,0.06,1947,5,11,1947.05,1946,8,223,32,0.2982742601988198,43.90192517960395,0.0127169080328601,0.1,2,Mod_Wet,65,14,17,23,202,321.0,0.0929828808611013,3131.248381930785,1100.0,,4,275.0,275.0,275.0,275.0,2031.248381930785,35.0,4.0,8.0,57.0,1927.248381930785,100.0,18.0,25.0,80.0,2129.248381930785,1243.0,990.0,974.5192882379008,15.480711762099077,0.9262894125183112,0.48,988.5937105874816,0.5349,0.5349,0.5349,0.5349,13.5395223495808,13.5395223495808,13.5395223495808,13.5395223495808,,0.8945437501219484,0.8945437501219484,0.8945437501219484,0.8945437501219484,32.66452315152163,32.66452315152163,32.66452315152163,32.66452315152163,0.6652652373018662,0.6652652373018662,0.6652652373018662,0.6652652373018662,0.97,0.97,0.97,0.97,31.68458745697598,31.68458745697598,31.68458745697598,31.68458745697598,126.73834982790392,3041.720395869694,0.0367118282946435,3.2004633794925234e-05,0.06
1947-05-12,1947-05-23,3304.0166,1.0414612372122911,3441.005216005948,0.061,1947,5,12,1947.05,1946,8,224,32,0.2973028506629138,11.243165924837283,0.0032674074054114,0.1,2,Mod_Wet,65,14,17,23,202,321.0,0.0932866938146033,3120.005216005948,1100.0,,4,275.0,275.0,275.0,275.0,2020.005216005948,35.0,4.0,8.0,57.0,1916.005216005948,100.0,18.0,25.0,80.0,2118.005216005948,1243.0,990.0,974.4954634339172,15.50453656608272,0.9262894125183112,0.48,988.5937105874816,0.5349,0.5349,0.5349,0.5349,13.563347153564443,13.563347153564443,13.563347153564443,13.563347153564443,,0.8949303075665831,0.8949303075665831,0.8949303075665831,0.8949303075665831,32.736141334357114,32.736141334357114,32.736141334357114,32.736141334357114,0.6667238560968862,0.6667238560968862,0.6667238560968862,0.6667238560968862,0.97,0.97,0.97,0.97,31.7540570943264,31.7540570943264,31.7540570943264,31.7540570943264,127.0162283773056,3048.3894810553343,0.0369125358446088,3.2074805145784244e-05,0.06
1947-05-13,1947-05-24,3269.7091,1.0414080913697863,3405.1015131654217,0.064,1947,5,13,1947.05,1946,8,225,33,0.2942007707374925,35.90370284052551,0.0105440917698659,0.1,2,Mod_Wet,65,14,17,23,202,321.0,0.0942703172750919,3084.1015131654217,1100.0,,4,275.0,275.0,275.0,275.0,1984.1015131654217,35.0,4.0,8.0,57.0,1880.1015131654217,100.0,18.0,25.0,80.0,2082.1015131654217,1243.0,990.0,974.419381777898,15.580618222101862,0.9262894125183112,0.48,988.5937105874816,0.5349,0.5349,0.5349,0.5349,13.639428809583585,13.639428809583585,13.639428809583585,13.639428809583585,,0.8961647324354937,0.8961647324354937,0.8961647324354937,0.8961647324354937,32.96517802315613,32.96517802315613,32.96517802315613,32.96517802315613,0.6713885544430983,0.6713885544430983,0.6713885544430983,0.6713885544430983,0.97,0.97,0.97,0.97,31.976222682461444,31.976222682461444,31.976222682461444,31.976222682461444,127.90489072984576,3069.7173775162987,0.0375627247044813,3.229921483076914e-05,0.065
1947-05-14,1947-05-25,3201.7695,1.03475301412095,3313.0406406455268,0.068,1947,5,14,1947.05,1946,8,226,33,0.2862467113517735,92.06087251989538,0.027787426266512,0.1,2,Mod_Wet,65,14,17,23,202,321.0,0.0968898467654942,2992.0406406455268,1100.0,,4,275.0,275.0,275.0,275.0,1892.0406406455268,35.0,4.0,8.0,57.0,1788.0406406455263,100.0,18.0,25.0,80.0,1990.0406406455263,1243.0,990.0,974.2243004051774,15.77569959482264,0.9262894125183112,0.48,988.5937105874816,0.5349,0.5349,0.5349,0.5349,13.834510182304363,13.834510182304363,13.834510182304363,13.834510182304363,,0.8993299277078883,0.8993299277078883,0.8993299277078883,0.8993299277078883,33.55476693747844,33.55476693747844,33.55476693747844,33.55476693747844,0.6833964753050599,0.6833964753050599,0.6833964753050599,0.6833964753050599,0.97,0.97,0.97,0.97,32.548123929354084,32.548123929354084,32.548123929354084,32.548123929354084,130.19249571741634,3124.619897217992,0.0392969811840427,3.2876892857933416e-05,0.07
1947-05-15,1947-05-26,3134.7263,1.0242753271445222,3210.822806441037,0.072,1947,5,15,1947.05,1946,8,227,33,0.2774150904765056,102.21783420448992,0.0318354018164555,0.1,2,Mod_Wet,65,14,17,23,202,321.0,0.0999743739692085,2889.822806441037,1100.0,,4,275.0,275.0,275.0,275.0,1789.8228064410368,35.0,4.0,8.0,57.0,1685.8228064410366,100.0,18.0,25.0,80.0,1887.8228064410368,1243.0,990.0,974.0076959469822,15.992304053017849,0.9262894125183112,0.48,988.5937105874816,0.5349,0.5349,0.5349,0.5349,14.05111464049957,14.05111464049957,14.05111464049957,14.05111464049957,,0.9025844170951652,0.9025844170951652,0.9025844170951652,0.9025844170951652,34.20345688698316,34.20345688698316,34.20345688698316,34.20345688698316,0.6966080832379462,0.6966080832379462,0.6966080832379462,0.6966080832379462,0.97,0.97,0.97,0.97,33.177353180373665,33.177353180373665,33.177353180373665,33.177353180373665,132.70941272149466,3185.025905315872,0.0413319017341207,3.35124779599734e-05,0.07
1947-05-16,1947-05-27,3019.5429,1.0200701869153206,3080.145690401829,0.08,1947,5,16,1947.05,1946,8,228,33,0.2661245876507181,130.6771160392077,0.0424256282572659,0.1,2,Mod_Wet,65,14,17,23,202,321.0,0.104215849594479,2759.145690401829,1100.0,,4,275.0,275.0,275.0,275.0,1659.1456904018291,35.0,4.0,8.0,57.0,1555.1456904018291,100.0,18.0,25.0,80.0,1757.1456904018291,1243.0,990.0,973.7072482182112,16.292751781788752,0.9262894125183112,0.48,988.5937105874816,0.5349,0.5349,0.5349,0.5349,14.351562369270477,14.351562369270477,14.351562369270477,14.351562369270477,,0.9059314047936732,0.9059314047936732,0.9059314047936732,0.9059314047936732,35.06435794807393,35.06435794807393,35.06435794807393,35.06435794807393,0.71414170973674,0.71414170973674,0.71414170973674,0.71414170973674,0.97,0.97,0.97,0.97,34.01242720963172,34.01242720963172,34.01242720963172,34.01242720963172,136.04970883852687,3265.193012124645,0.0441698940613351,3.435598708043608e-05,0.08
1947-05-17,1947-05-28,2971.0078,1.0206875929295791,3032.470799957004,0.084,1947,5,17,1947.05,1946,8,229,33,0.2620054771162851,47.67489044482545,0.0157214672752995,0.1,2,Mod_Wet,65,14,17,23,202,321.0,0.1058542756634462,2711.470799957004,1100.0,,4,275.0,275.0,275.0,275.0,1611.470799957004,35.0,4.0,8.0,57.0,1507.470799957004,100.0,18.0,25.0,80.0,1709.470799957004,1243.0,990.0,973.592170896448,16.407829103552103,0.9262894125183112,0.48,988.5937105874816,0.5349,0.5349,0.5349,0.5349,14.466639691033826,14.466639691033826,14.466639691033826,14.466639691033826,,0.9072133661581168,0.9072133661581168,0.9072133661581168,0.9072133661581168,35.39553641848367,35.39553641848367,35.39553641848367,35.39553641848367,0.7208866887674882,0.7208866887674882,0.7208866887674882,0.7208866887674882,0.97,0.97,0.97,0.97,34.33367032592916,34.33367032592916,34.33367032592916,34.33367032592916,137.33468130371665,3296.0323512892,0.0452880473921344,3.468047507669612e-05,0.085
1947-05-18,1947-05-29,2938.9259,1.022231970362161,3004.2640135053875,0.086,1947,5,18,1947.05,1946,8,230,33,0.2595684107668655,28.20678645161616,0.0093889173271107,0.1,2,Mod_Wet,65,14,17,23,202,321.0,0.1068481327063715,2683.2640135053875,1100.0,,4,275.0,275.0,275.0,275.0,1583.2640135053875,35.0,4.0,8.0,57.0,1479.2640135053873,100.0,18.0,25.0,80.0,1681.2640135053873,1243.0,990.0,973.5240855498406,16.475914450159394,0.9262894125183112,0.48,988.5937105874816,0.5349,0.5349,0.5349,0.5349,14.534725037641117,14.534725037641117,14.534725037641117,14.534725037641117,,0.907971836919322,0.907971836919322,0.907971836919322,0.907971836919322,35.59185239499207,35.59185239499207,35.59185239499207,35.59185239499207,0.7248849774947468,0.7248849774947468,0.7248849774947468,0.7248849774947468,0.97,0.97,0.97,0.97,34.5240968231423,34.5240968231423,34.5240968231423,34.5240968231423,138.0963872925692,3314.313295021661,0.045966794752981,3.487282507388111e-05,0.085
1947-05-19,1947-05-30,2922.9672,1.0138852549041557,2963.5533446484865,0.089,1947,5,19,1947.05,1946,8,231,33,0.2560510089776292,40.710668856901066,0.0137371135668657,0.1,2,Mod_Wet,65,14,17,23,202,321.0,0.1083159176397665,2642.5533446484865,1100.0,,4,275.0,275.0,275.0,275.0,1542.5533446484865,35.0,4.0,8.0,57.0,1438.5533446484865,100.0,18.0,25.0,80.0,1640.5533446484865,1243.0,990.0,973.425818418117,16.574181581882954,0.9262894125183112,0.48,988.5937105874816,0.5349,0.5349,0.5349,0.5349,14.632992169364677,14.632992169364677,14.632992169364677,14.632992169364677,,0.9090665327667224,0.9090665327667224,0.9090665327667224,0.9090665327667224,35.87568507652055,35.87568507652055,35.87568507652055,35.87568507652055,0.7306656838395224,0.7306656838395224,0.7306656838395224,0.7306656838395224,0.97,0.97,0.97,0.97,34.79941452422493,34.79941452422493,34.79941452422493,34.79941452422493,139.19765809689972,3340.743794325593,0.046969850685583,3.515092376184336e-05,0.09
1947-05-20,1947-05-31,2859.6787,1.0192399753140005,2914.698847593973,0.093,1947,5,20,1947.05,1946,8,232,34,0.2518299804321192,48.85449705451356,0.016761421885778,0.1,2,Mod_Wet,65,14,17,23,202,321.0,0.1101314464322718,2593.698847593973,1100.0,,4,275.0,275.0,275.0,275.0,1493.698847593973,35.0,4.0,8.0,57.0,1389.698847593973,100.0,18.0,25.0,80.0,1591.698847593973,1243.0,990.0,973.3078937700544,16.69210622994558,0.9262894125183112,0.48,988.5937105874816,0.5349,0.5349,0.5349,0.5349,14.750916817427305,14.750916817427305,14.750916817427305,14.750916817427305,,0.91038021334614,0.91038021334614,0.91038021334614,0.91038021334614,36.21706205768225,36.21706205768225,36.21706205768225,36.21706205768225,0.7376183718468889,0.7376183718468889,0.7376183718468889,0.7376183718468889,0.97,0.97,0.97,0.97,35.13055019595178,35.13055019595178,35.13055019595178,35.13055019595178,140.5222007838071,3372.532818811371,0.0482115676889931,3.548540423833513e-05,0.095
1947-05-21,1947-06-01,2781.7915,1.0178649970908706,2831.488197054909,0.099,1947,5,21,1947.05,1946,8,233,34,0.2446405802255441,83.21065053906386,0.0293876028251196,0.15,2,Mod_Wet,65,14,17,23,202,321.0,0.1133679456385793,2510.488197054909,1100.0,,4,275.0,275.0,275.0,275.0,1410.488197054909,35.0,3.999999999999993,8.0,57.0,1306.488197054909,100.0,18.0,25.0,80.0,1508.488197054909,1243.0,990.0,973.1070404756498,16.892959524350204,0.9262894125183112,0.48,988.5937105874816,0.5349,0.5349,0.5349,0.5349,14.951770111831928,14.951770111831928,14.951770111831928,14.951770111831928,,0.9126177190458076,0.9126177190458076,0.9126177190458076,0.9126177190458076,36.80043064944319,36.80043064944319,36.80043064944319,36.80043064944319,0.7494996058949732,0.7494996058949732,0.7494996058949732,0.7494996058949732,0.97,0.97,0.97,0.97,35.69641772995989,35.69641772995989,35.69641772995989,35.69641772995989,142.78567091983956,3426.856102076149,0.0504277824884998,3.605698760602009e-05,0.1
1947-05-22,1947-06-02,2690.1084,1.0194753303873465,2742.499149867776,0.106,1947,5,22,1947.05,1946,8,234,34,0.2369519265485758,88.9890471871331,0.0324481585313977,0.15,2,Mod_Wet,65,14,17,23,202,321.0,0.1170465267110388,2421.499149867776,1100.0,,4,275.0,275.0,275.0,275.0,1321.499149867776,35.0,4.000000000000007,8.0,57.0,1217.499149867776,100.0,18.0,25.0,80.0,1419.499149867776,1243.0,990.0,972.892239327267,17.10776067273298,0.9262894125183112,0.48,988.5937105874816,0.5349,0.5349,0.5349,0.5349,15.166571260214702,15.166571260214702,15.166571260214702,15.166571260214702,,0.9149289839212866,0.9149289839212866,0.9149289839212866,0.9149289839212866,37.42365398772122,37.42365398772122,37.42365398772122,37.42365398772122,0.7621925455747703,0.7621925455747703,0.7621925455747703,0.7621925455747703,0.97,0.97,0.97,0.97,36.30094436808959,36.30094436808959,36.30094436808959,36.30094436808959,145.20377747235835,3484.8906593366005,0.0529457875964552,3.6667620573827867e-05,0.105
1947-05-23,1947-06-03,2615.179,1.0214997490135054,2671.4046921253907,0.111,1947,5,23,1947.05,1946,8,235,34,0.2308093653996337,71.0944577423852,0.0266131365090258,0.15,2,Mod_Wet,65,14,17,23,202,321.0,0.120161501904307,2350.4046921253907,1100.0,,4,275.0,275.0,275.0,275.0,1250.4046921253907,34.99999999999997,3.999999999999993,8.0,57.0,1146.4046921253907,100.0,18.0,25.0,80.0,1348.4046921253907,1243.0,990.0,972.7206320154752,17.279367984524924,0.9262894125183112,0.48,988.5937105874816,0.5349,0.5349,0.5349,0.5349,15.338178572006647,15.338178572006647,15.338178572006647,15.338178572006647,,0.9167566017918708,0.9167566017918708,0.9167566017918708,0.9167566017918708,37.92269813588934,37.92269813588934,37.92269813588934,37.92269813588934,0.7723563775130212,0.7723563775130212,0.7723563775130212,0.7723563775130212,0.97,0.97,0.97,0.97,36.78501719181266,36.78501719181266,36.78501719181266,36.78501719181266,147.14006876725065,3531.3616504140155,0.0550796624715759,3.715658302203299e-05,0.11
1947-05-24,1947-06-04,2570.8598,1.0179079879576662,2616.898726339248,0.115,1947,5,24,1947.05,1946,8,236,34,0.226100049955711,54.5059657861425,0.0208284582194704,0.15,2,Mod_Wet,65,14,17,23,202,321.0,0.1226642807263097,2295.898726339248,1100.0,,4,275.0,275.0,275.0,275.0,1195.8987263392478,35.00000000000003,4.0,8.000000000000007,57.0,1091.8987263392478,100.0,18.0,25.0,80.0,1293.8987263392478,1243.0,990.0,972.5890658911636,17.410934108836273,0.9262894125183112,0.48,988.5937105874816,0.5349,0.5349,0.5349,0.5349,15.469744696317996,15.469744696317996,15.469744696317996,15.469744696317996,,0.9181577810157866,0.9181577810157866,0.9181577810157866,0.9181577810157866,38.30644581887789,38.30644581887789,38.30644581887789,38.30644581887789,0.7801720126044377,0.7801720126044377,0.7801720126044377,0.7801720126044377,0.97,0.97,0.97,0.97,37.15725244431155,37.15725244431155,37.15725244431155,37.15725244431155,148.6290097772462,3567.096234653909,0.0567958585027712,3.753257822657733e-05,0.115
1947-05-25,1947-06-05,2512.5079,1.016693272650077,2554.4498794101723,0.12,1947,5,25,1947.05,1946,8,237,34,0.2207044695810389,62.4488469290759,0.0244470824941358,0.15,2,Mod_Wet,65,14,17,23,202,321.0,0.1256630645163096,2233.4498794101723,1100.0,,4,275.0,275.0,275.0,275.0,1133.4498794101723,34.99999999999997,4.0,8.0,57.0,1029.4498794101723,100.0,18.0,25.0,80.0,1231.4498794101723,1243.0,990.0,972.438327295128,17.561672704871967,0.9262894125183112,0.48,988.5937105874816,0.5349,0.5349,0.5349,0.5349,15.62048329235369,15.62048329235369,15.62048329235369,15.62048329235369,,0.9197631470635668,0.9197631470635668,0.9197631470635668,0.9197631470635668,38.747337387914165,38.747337387914165,38.747337387914165,38.747337387914165,0.7891514742956042,0.7891514742956042,0.7891514742956042,0.7891514742956042,0.97,0.97,0.97,0.97,37.58491726627674,37.58491726627674,37.58491726627674,37.58491726627674,150.33966906510696,3608.1520575625673,0.0588540296980971,3.796456289522904e-05,0.12
1947-05-26,1947-06-06,2469.2967,1.0111383888554557,2496.800686844093,0.124,1947,5,26,1947.05,1946,8,238,34,0.2157235793433296,57.64919256607936,0.0230892248908128,0.15,2,Mod_Wet,65,14,17,23,202,321.0,0.1285645272733954,2175.800686844093,1100.0,,4,275.0,275.0,275.0,275.0,1075.800686844093,35.00000000000003,4.0,8.000000000000007,57.0,971.800686844093,100.0,18.0,25.0,80.0,1173.800686844093,1243.0,990.0,972.2991740716926,17.70082592830738,0.9262894125183112,0.48,988.5937105874816,0.5349,0.5349,0.5349,0.5349,15.759636515789104,15.759636515789104,15.759636515789104,15.759636515789104,,0.921245128893154,0.921245128893154,0.921245128893154,0.921245128893154,39.15550183346031,39.15550183346031,39.15550183346031,39.15550183346031,0.797464395793489,0.797464395793489,0.797464395793489,0.797464395793489,0.97,0.97,0.97,0.97,37.980836778456506,37.980836778456506,37.980836778456506,37.980836778456506,151.92334711382605,3646.1603307318246,0.0608472065529003,3.836448159440051e-05,0.125
1947-05-27,1947-06-07,2440.7511,1.0109361405961952,2467.4434971899177,0.127,1947,5,27,1947.05,1946,8,239,35,0.2131871181572089,29.35718965417527,0.0118978163786158,0.15,2,Mod_Wet,65,14,17,23,202,321.0,0.1300941644116979,2146.4434971899177,1100.0,,4,275.0,275.0,275.0,275.0,1046.4434971899177,34.99999999999997,4.0,8.000000000000007,57.0,942.4434971899176,100.0,18.0,25.0,80.0,1144.4434971899177,1243.0,990.0,972.2283118897687,17.771688110231253,0.9262894125183112,0.48,988.5937105874816,0.5349,0.5349,0.5349,0.5349,15.830498697712976,15.830498697712976,15.830498697712976,15.830498697712976,,0.9219998111306432,0.9219998111306432,0.9219998111306432,0.9219998111306432,39.36378234403929,39.36378234403929,39.36378234403929,39.36378234403929,0.8017063613857289,0.8017063613857289,0.8017063613857289,0.8017063613857289,0.9701706361385728,0.9701706361385728,0.9701706361385728,0.9701706361385728,38.189585757536925,38.189585757536925,38.189585757536925,38.189585757536925,152.7583430301477,3666.200232723545,0.0619095607271731,3.85753391490272e-05,0.125
1947-05-28,1947-06-08,2384.2857,1.004803744062384,2395.739198274402,0.132,1947,5,28,1947.05,1946,8,240,35,0.2069918667309084,71.70429891551565,0.0299299268330887,0.15,2,Mod_Wet,65,14,17,23,202,321.0,0.1339878732339518,2074.739198274402,1100.0,,4,275.0,275.0,275.0,275.0,974.739198274402,34.99999999999997,4.0,8.0,57.0,870.739198274402,100.0,18.0,25.0,80.0,1072.739198274402,1243.0,990.0,972.055232547559,17.944767452441056,0.9262894125183112,0.48,988.5937105874816,0.5349,0.5349,0.5349,0.5349,16.00357803992278,16.00357803992278,16.00357803992278,16.00357803992278,,0.9238228186388155,0.9238228186388155,0.9238228186388155,0.9238228186388155,39.87284004706264,39.87284004706264,39.87284004706264,39.87284004706264,0.8120741353780578,0.8120741353780578,0.8120741353780578,0.8120741353780578,0.9712074135378056,0.9712074135378056,0.9712074135378056,0.9712074135378056,38.72479785251434,38.72479785251434,38.72479785251434,38.72479785251434,154.89919141005737,3717.580593841377,0.0646561159585433,3.911595742678216e-05,0.13
1947-05-29,1947-06-09,2342.4819,1.0013569424535649,2345.660513136817,0.138,1947,5,29,1947.05,1946,8,241,35,0.2026650683350209,50.07868513758513,0.0213495025631887,0.15,2,Mod_Wet,65,14,17,23,202,321.0,0.1368484476769963,2024.660513136817,1100.0,,4,275.0,275.0,275.0,275.0,924.6605131368168,35.0,4.0,8.0,57.0,820.6605131368169,100.0,18.0,25.0,80.0,1022.6605131368168,1243.0,990.0,971.934352962744,18.065647037255985,0.9262894125183112,0.48,988.5937105874816,0.5349,0.5349,0.5349,0.5349,16.12445762473771,16.12445762473771,16.12445762473771,16.12445762473771,,0.9244247989711938,0.9244247989711938,0.9244247989711938,0.9244247989711938,40.20018911036579,40.20018911036579,40.20018911036579,40.20018911036579,0.8187411224107085,0.8187411224107085,0.8187411224107085,0.8187411224107085,0.9718741122410708,0.9718741122410708,0.9718741122410708,0.9718741122410708,39.06952310355992,39.06952310355992,39.06952310355992,39.06952310355992,156.2780924142397,3750.674217941752,0.066624343778227,3.946416475107062e-05,0.14
1947-05-30,1947-06-10,2314.871,1.0053953122300698,2327.3604518173347,0.14,1947,5,30,1947.05,1946,8,242,35,0.2010839430370177,18.30006131948221,0.0078630112087676,0.15,2,Mod_Wet,65,14,17,23,202,321.0,0.137924488554983,2006.3604518173347,1100.0,,4,275.0,275.0,275.0,275.0,906.3604518173348,35.0,4.0,8.0,57.0,802.3604518173348,100.0,18.0,25.0,80.0,1004.3604518173348,1243.0,990.0,971.8901804009384,18.109819599061552,0.9262894125183112,0.48,988.5937105874816,0.5349,0.5349,0.5349,0.5349,16.168630186543275,16.168630186543275,16.168630186543275,16.168630186543275,,0.9246447783289854,0.9246447783289854,0.9246447783289854,0.9246447783289854,40.31990894036205,40.31990894036205,40.31990894036205,40.31990894036205,0.8211794081540131,0.8211794081540131,0.8211794081540131,0.8211794081540131,0.9721179408154011,0.9721179408154011,0.9721179408154011,0.9721179408154011,39.19570685296924,39.19570685296924,39.19570685296924,39.19570685296924,156.78282741187695,3762.787857885047,0.0673650818846956,3.959162308380731e-05,0.14
1947-05-31,1947-06-11,2273.8406,1.008849609181632,2293.9632006513275,0.144,1947,5,31,1947.05,1946,8,243,35,0.1981984205362747,33.39725116600721,0.014558756285421,0.15,2,Mod_Wet,65,14,17,23,202,321.0,0.1399324975696463,1972.9632006513275,1100.0,,4,275.0,275.0,275.0,275.0,872.9632006513275,35.0,4.0,8.0,56.99999999999999,768.9632006513275,100.0,18.0,25.0,80.0,970.9632006513276,1243.0,990.0,971.8095663463996,18.19043365360028,0.9262894125183112,0.48,988.5937105874816,0.5349,0.5349,0.5349,0.5349,16.249244241082003,16.249244241082003,16.249244241082003,16.249244241082003,,0.9250462363205884,0.9250462363205884,0.9250462363205884,0.9250462363205884,40.53853037763114,40.53853037763114,40.53853037763114,40.53853037763114,0.8256319832511434,0.8256319832511434,0.8256319832511434,0.8256319832511434,0.9725631983251144,0.9725631983251144,0.9725631983251144,0.9725631983251144,39.42628275946875,39.42628275946875,39.42628275946875,39.42628275946875,157.705131037875,3784.923144909,0.0687478905472841,3.982452803986742e-05,0.145
1947-06-01,1947-06-12,2233.2716,1.0124644434742982,2261.108087620956,0.148,1947,6,1,1947.06,1946,9,244,35,0.1953597387704506,32.855113030371285,0.0145305362491273,0.17,2,Mod_Wet,62,12,14,16,153,257.0,0.1136610856451381,2004.108087620956,1100.0,,4,275.0,275.0,275.0,275.0,904.1080876209562,37.99999999999997,6.0,11.0,56.286884832433074,792.8212027885231,100.0,18.0,25.0,72.28688483243307,945.8212027885232,1243.0,990.0,971.730260901154,18.269739098846003,0.9262894125183112,0.48,988.5937105874816,0.5349,0.5349,0.5349,0.5349,16.328549686327726,16.328549686327726,16.328549686327726,16.328549686327726,,0.925441177437912,0.925441177437912,0.925441177437912,0.925441177437912,40.753773264958376,40.753773264958376,40.753773264958376,40.753773264958376,0.8300157487771563,0.8300157487771563,0.8300157487771563,0.8300157487771563,0.9730015748777155,0.9730015748777155,0.9730015748777155,0.9730015748777155,39.653485569013846,39.653485569013846,39.653485569013846,39.653485569013846,158.61394227605538,3806.7346146253294,0.0701487660605125,4.005402582728671e-05,0.15
1947-06-02,1947-06-13,2153.5086,1.007296810227308,2169.222343577076,0.159,1947,6,2,1947.06,1946,9,245,35,0.1874208104850593,91.8857440438801,0.0423588408610798,0.17,2,Mod_Wet,62,12,14,16,153,257.0,0.1184756374840781,1912.222343577076,1100.0,,4,275.0,275.0,275.0,275.0,812.2223435770761,38.0,6.0,11.0,50.566371584565054,706.655971992511,100.0,18.0,25.0,66.56637158456505,859.655971992511,1243.0,990.0,971.5084677258756,18.491532274124324,0.9262894125183112,0.48,988.5937105874816,0.5349,0.5349,0.5349,0.5349,16.550342861606048,16.550342861606048,16.550342861606048,16.550342861606048,,0.926545707450798,0.926545707450798,0.926545707450798,0.926545707450798,41.3566389897364,41.3566389897364,41.3566389897364,41.3566389897364,0.8422940731107209,0.8422940731107209,0.8422940731107209,0.8422940731107209,0.974229407311072,0.974229407311072,0.974229407311072,0.974229407311072,40.29085389134887,40.29085389134887,40.29085389134887,40.29085389134887,161.16341556539547,3867.921973569492,0.0742954801487222,4.069783221348371e-05,0.16
1947-06-03,1947-06-14,2114.3104,1.0117799479063805,2139.216866369918,0.162,1947,6,3,1947.06,1946,9,246,36,0.1848283372543609,30.00547720715804,0.0140263839907334,0.17,2,Mod_Wet,62,12,14,16,153,257.0,0.1201374222689767,1882.216866369918,1100.0,,4,275.0,275.0,275.0,275.0,782.2168663699181,38.0,6.0,11.0,48.69832631096767,678.5185400589504,100.0,18.0,25.0,64.69832631096767,831.5185400589504,1243.0,990.0,971.4360407119274,18.563959288072624,0.9262894125183112,0.48,988.5937105874816,0.5349,0.5349,0.5349,0.5349,16.622769875554347,16.622769875554347,16.622769875554347,16.622769875554347,,0.9269063939802606,0.9269063939802606,0.9269063939802606,0.9269063939802606,41.55379222502867,41.55379222502867,41.55379222502867,41.55379222502867,0.8463094139517041,0.8463094139517041,0.8463094139517041,0.8463094139517041,0.9746309413951704,0.9746309413951704,0.9746309413951704,0.9746309413951704,40.49961163481901,40.49961163481901,40.49961163481901,40.49961163481901,161.99844653927602,3887.962716942624,0.0757279213183161,4.0908698621029295e-05,0.16
1947-06-04,1947-06-15,2062.7498,1.0155075573385,2094.7380107984795,0.1669999999999999,1947,6,4,1947.06,1946,9,247,36,0.1809853641329886,44.47885557143855,0.0212336126723952,0.17,2,Mod_Wet,62,12,14,16,153,257.0,0.1226883737608961,1837.7380107984795,1100.0,,4,275.0,275.0,275.0,275.0,737.7380107984795,38.0,6.0,11.0,45.92921468006098,636.8087961184184,100.0,18.0,25.0,61.92921468006098,789.8087961184184,1243.0,990.0,971.3286779570998,18.67132204290021,0.9262894125183112,0.48,988.5937105874816,0.5349,0.5349,0.5349,0.5349,16.730132630381938,16.730132630381938,16.730132630381938,16.730132630381938,,0.927441060499302,0.927441060499302,0.927441060499302,0.927441060499302,41.846303127220665,41.846303127220665,41.846303127220665,41.846303127220665,0.8522668661348404,0.8522668661348404,0.8522668661348404,0.8522668661348404,0.975226686613484,0.975226686613484,0.975226686613484,0.975226686613484,40.809631545782885,40.809631545782885,40.809631545782885,40.809631545782885,163.23852618313154,3917.724628395157,0.0779278961577193,4.122185004624534e-05,0.165
1947-06-05,1947-06-16,2011.9887,1.00817989886424,2028.446564081993,0.174,1947,6,5,1947.06,1946,9,248,36,0.1752577831366842,66.29144671648646,0.032680893788537,0.17,2,Mod_Wet,62,12,14,16,153,257.0,0.1266979394728643,1771.446564081993,1100.0,,4,275.0,275.0,275.0,275.0,671.4465640819931,38.0,6.0,11.0,41.80212072105793,574.6444433609352,100.0,18.0,25.0,57.80212072105793,727.6444433609352,1243.0,990.0,971.168664120198,18.83133587980205,0.9262894125183112,0.48,988.5937105874816,0.5349,0.5349,0.5349,0.5349,16.890146467283778,16.890146467283778,16.890146467283778,16.890146467283778,,0.9282379294070732,0.9282379294070732,0.9282379294070732,0.9282379294070732,42.28283705174174,42.28283705174174,42.28283705174174,42.28283705174174,0.8611575774285486,0.8611575774285486,0.8611575774285486,0.8611575774285486,0.9761157577428548,0.9761157577428548,0.9761157577428548,0.9761157577428548,41.27294352827855,41.27294352827855,41.27294352827855,41.27294352827855,165.09177411311418,3962.202578714741,0.0813882786149849,4.168984194775611e-05,0.175
1947-06-06,1947-06-17,1986.9064,1.008700287979832,2004.1930578689712,0.176,1947,6,6,1947.06,1946,9,249,36,0.1731622801998791,24.253506213021865,0.0121013822085634,0.17,2,Mod_Wet,62,12,14,16,153,257.0,0.1282311596634629,1747.1930578689712,1100.0,,4,275.0,275.0,275.0,275.0,647.1930578689712,38.0,6.000000000000004,11.0,40.29217480896319,551.900883060008,100.0,18.0,25.0,56.29217480896319,704.900883060008,1243.0,990.0,971.1101211741664,18.88987882583353,0.9262894125183112,0.48,988.5937105874816,0.5349,0.5349,0.5349,0.5349,16.948689413315257,16.948689413315257,16.948689413315257,16.948689413315257,,0.92852947327831,0.92852947327831,0.92852947327831,0.92852947327831,42.44271997329496,42.44271997329496,42.44271997329496,42.44271997329496,0.8644138487432781,0.8644138487432781,0.8644138487432781,0.8644138487432781,0.9764413848743276,0.9764413848743276,0.9764413848743276,0.9764413848743276,41.44282826855742,41.44282826855742,41.44282826855742,41.44282826855742,165.77131307422968,3978.511513781512,0.0827122479161223,4.186144269551254e-05,0.175
1947-06-07,1947-06-18,1937.3349,1.0078456066936932,1952.5344676593647,0.182,1947,6,7,1947.06,1946,9,250,36,0.1686989780057691,51.658590209606025,0.0264571975886974,0.17,2,Mod_Wet,62,12,14,16,153,257.0,0.131623796791707,1695.5344676593647,1100.0,,4,275.0,275.0,275.0,275.0,595.5344676593647,38.0,6.000000000000004,11.0,37.07607580758691,503.4583918517778,100.0,18.0,25.0,53.07607580758691,656.4583918517778,1243.0,990.0,970.9466498185918,19.053350181408177,0.9262894125183112,0.48,988.5937105874816,0.5349,0.5349,0.5349,0.5349,17.1121607688899,17.1121607688899,17.1121607688899,17.1121607688899,,0.9293609455482496,0.9293609455482496,0.9293609455482496,0.9293609455482496,42.89045597448777,42.89045597448777,42.89045597448777,42.89045597448777,0.8735327082380401,0.8735327082380401,0.8735327082380401,0.8735327082380401,0.977353270823804,0.977353270823804,0.977353270823804,0.977353270823804,41.91912743378999,41.91912743378999,41.91912743378999,41.91912743378999,167.67650973515995,4024.236233643839,0.0858763379148769,4.234255296342423e-05,0.18
1947-06-08,1947-06-19,1925.0651,0.9982266222520412,1921.651232388288,0.184,1947,6,8,1947.06,1946,9,251,36,0.166030666478348,30.883235271077183,0.0160711968699411,0.17,2,Mod_Wet,62,12,14,16,153,257.0,0.1337391487427156,1664.651232388288,1100.0,,4,275.0,275.0,275.0,275.0,564.651232388288,38.0,6.000000000000004,10.999999999999996,35.15338411755879,474.4978482707292,100.0,18.0,25.0,51.15338411755879,627.4978482707293,1243.0,990.0,970.8468732123314,19.15312678766861,0.9262894125183112,0.48,988.5937105874816,0.5349,0.5349,0.5349,0.5349,17.211937375150335,17.211937375150335,17.211937375150335,17.211937375150335,,0.929873298421397,0.929873298421397,0.929873298421397,0.929873298421397,43.16432238910978,43.16432238910978,43.16432238910978,43.16432238910978,0.8791104356234171,0.8791104356234171,0.8791104356234171,0.8791104356234171,0.9779110435623416,0.9779110435623416,0.9779110435623416,0.9779110435623416,42.210867552195694,42.210867552195694,42.210867552195694,42.210867552195694,168.84347020878278,4052.2432850107866,0.0878637430991777,4.263723995171282e-05,0.185
1947-06-09,1947-06-20,1888.5499,0.9960254141200148,1881.0436962338129,0.188,1947,6,9,1947.06,1946,9,252,36,0.1625221753546014,40.60753615447516,0.0215877686604403,0.17,2,Mod_Wet,62,12,14,16,153,257.0,0.1366262785466175,1624.0436962338129,1100.0,,4,275.0,275.0,275.0,275.0,524.0436962338129,38.0,6.000000000000004,11.0,32.625288481482514,436.4184077523303,100.0,18.0,25.0,48.625288481482514,589.4184077523303,1243.0,990.0,970.7156796339862,19.284320366013844,0.9262894125183112,0.48,988.5937105874816,0.5349,0.5349,0.5349,0.5349,17.343130953495567,17.343130953495567,17.343130953495567,17.343130953495567,,0.9305469774461996,0.9305469774461996,0.9305469774461996,0.9305469774461996,43.52484162162183,43.52484162162183,43.52484162162183,43.52484162162183,0.886452986183744,0.886452986183744,0.886452986183744,0.886452986183744,0.9786452986183743,0.9786452986183743,0.9786452986183743,0.9786452986183743,42.59538162610955,42.59538162610955,42.59538162610955,42.59538162610955,170.3815265044382,4089.156636106517,0.0905781863789621,4.302563800617127e-05,0.19
1947-06-10,1947-06-21,1828.6668,0.9885857895968824,1807.794012387604,0.195,1947,6,10,1947.06,1946,9,253,37,0.1561934026702889,73.24968384620888,0.0405188220252295,0.17,2,Mod_Wet,62,12,14,16,153,257.0,0.1421622144110174,1550.794012387604,1100.0,,4,275.0,275.0,275.0,275.0,450.794012387604,38.000000000000014,5.9999999999999964,11.0,28.06499688016212,367.7290155074418,100.0,18.0,25.0,44.06499688016211,520.7290155074418,1243.0,990.0,970.4790268092522,19.52097319074778,0.9262894125183112,0.48,988.5937105874816,0.5349,0.5349,0.5349,0.5349,17.579783778229505,17.579783778229505,17.579783778229505,17.579783778229505,,0.9317621897012084,0.9317621897012084,0.9317621897012084,0.9317621897012084,44.176367847195,44.176367847195,44.176367847195,44.176367847195,0.8997223594133401,0.8997223594133401,0.8997223594133401,0.8997223594133401,0.979972235941334,0.979972235941334,0.979972235941334,0.979972235941334,43.29161397498254,43.29161397498254,43.29161397498254,43.29161397498254,173.16645589993016,4155.994941598324,0.0957888203596959,4.372890300503287e-05,0.195
1947-06-11,1947-06-22,1678.6114,0.9718781251926132,1631.4057003589478,0.215,1947,6,11,1947.06,1946,9,254,37,0.1409534525110131,176.38831202865617,0.1081204460606252,0.17,2,Mod_Wet,62,12,14,16,153,257.0,0.1575328564461028,1374.4057003589478,1100.0,,4,275.0,275.0,275.0,275.0,274.4057003589478,37.99999999999999,5.999999999999998,11.0,17.083623368650446,202.32207699029732,100.0,18.0,25.0,33.08362336865045,355.3220769902973,1243.0,990.0,969.9091568780829,20.09084312191726,0.9262894125183112,0.48,988.5937105874816,0.5349,0.5349,0.5349,0.5349,18.149653709398983,18.149653709398983,18.149653709398983,18.149653709398983,,0.934391409184607,0.934391409184607,0.934391409184607,0.934391409184607,45.73709463838924,45.73709463838924,45.73709463838924,45.73709463838924,0.9315090557716748,0.9315090557716748,0.9315090557716748,0.9315090557716748,0.98,0.98,0.98,0.98,44.82235274562145,44.82235274562145,44.82235274562145,44.82235274562145,179.2894109824858,4302.945863579659,0.1098987277922578,4.527510378345601e-05,0.215
1947-06-12,1947-06-23,1656.2409,0.9717907482149442,1609.5195834351923,0.217,1947,6,12,1947.06,1946,9,255,37,0.1390624920088006,21.886116923755253,0.0135979189995587,0.17,2,Mod_Wet,62,12,14,16,153,257.0,0.159674975467826,1352.5195834351923,1100.0,,4,275.0,275.0,275.0,275.0,252.51958343519232,37.99999999999999,5.999999999999998,11.0,15.721063560167616,181.79851987502477,100.0,18.0,25.0,31.72106356016761,334.79851987502474,1243.0,990.0,969.8384478849443,20.161552115055542,0.9262894125183112,0.48,988.5937105874816,0.5349,0.5349,0.5349,0.5349,18.220362702537265,18.220362702537265,18.220362702537265,18.220362702537265,,0.9346141425129924,0.9346141425129924,0.9346141425129924,0.9346141425129924,45.92622611954096,45.92622611954096,45.92622611954096,45.92622611954096,0.9353610207645816,0.9353610207645816,0.9353610207645816,0.9353610207645816,0.98,0.98,0.98,0.98,45.00770159715015,45.00770159715015,45.00770159715015,45.00770159715015,180.03080638860058,4320.739353326414,0.1118537532823064,4.546232484560621e-05,0.215
1947-06-13,1947-06-24,1645.1264,0.9659758417726594,1589.152359062425,0.219,1947,6,13,1947.06,1946,9,256,37,0.1373027638229935,20.367224372767623,0.0128164076003284,0.17,2,Mod_Wet,62,12,14,16,153,257.0,0.1617214350369941,1332.152359062425,1100.0,,4,275.0,275.0,275.0,275.0,232.1523590624249,37.99999999999999,6.000000000000002,10.999999999999998,14.453065155637349,162.6992939067876,100.0,18.0,25.0,30.453065155637347,315.6992939067876,1243.0,990.0,969.7726460831248,20.227353916875245,0.9262894125183112,0.48,988.5937105874816,0.5349,0.5349,0.5349,0.5349,18.286164504356968,18.286164504356968,18.286164504356968,18.286164504356968,,0.9348214181887244,0.9348214181887244,0.9348214181887244,0.9348214181887244,46.10230822107891,46.10230822107891,46.10230822107891,46.10230822107891,0.9389472142785928,0.9389472142785928,0.9389472142785928,0.9389472142785928,0.98,0.98,0.98,0.98,45.18026205665733,45.18026205665733,45.18026205665733,45.18026205665733,180.7210482266293,4337.305157439103,0.1137216624926082,4.56366283400579e-05,0.22
1947-06-14,1947-06-25,1645.1264,0.9659758417726594,1589.152359062425,0.219,1947,6,14,1947.06,1946,9,257,37,0.1373027638229935,0.0,0.0,0.17,2,Mod_Wet,62,12,14,16,153,257.0,0.1617214350369941,1332.152359062425,1100.0,,4,275.0,275.0,275.0,275.0,232.1523590624249,37.99999999999999,6.000000000000002,10.999999999999998,14.453065155637349,162.6992939067876,100.0,18.0,25.0,30.453065155637347,315.6992939067876,1243.0,990.0,969.7726460831248,20.227353916875245,0.9262894125183112,0.48,988.5937105874816,0.5349,0.5349,0.5349,0.5349,18.286164504356968,18.286164504356968,18.286164504356968,18.286164504356968,,0.9348214181887244,0.9348214181887244,0.9348214181887244,0.9348214181887244,46.10230822107891,46.10230822107891,46.10230822107891,46.10230822107891,0.9389472142785928,0.9389472142785928,0.9389472142785928,0.9389472142785928,0.98,0.98,0.98,0.98,45.18026205665733,45.18026205665733,45.18026205665733,45.18026205665733,180.7210482266293,4337.305157439103,0.1137216624926082,4.56366283400579e-05,0.22
1947-06-15,1947-06-26,1645.1264,0.9659758417726594,1589.152359062425,0.219,1947,6,15,1947.06,1946,9,258,37,0.1373027638229935,0.0,0.0,0.17,2,Mod_Wet,62,12,14,16,153,257.0,0.1617214350369941,1332.152359062425,1100.0,,4,275.0,275.0,275.0,275.0,232.1523590624249,37.99999999999999,6.000000000000002,10.999999999999998,14.453065155637349,162.6992939067876,100.0,18.0,25.0,30.453065155637347,315.6992939067876,1243.0,990.0,969.7726460831248,20.227353916875245,0.9262894125183112,0.48,988.5937105874816,0.5349,0.5349,0.5349,0.5349,18.286164504356968,18.286164504356968,18.286164504356968,18.286164504356968,,0.9348214181887244,0.9348214181887244,0.9348214181887244,0.9348214181887244,46.10230822107891,46.10230822107891,46.10230822107891,46.10230822107891,0.9389472142785928,0.9389472142785928,0.9389472142785928,0.9389472142785928,0.98,0.98,0.98,0.98,45.18026205665733,45.18026205665733,45.18026205665733,45.18026205665733,180.7210482266293,4337.305157439103,0.1137216624926082,4.56366283400579e-05,0.22
1947-06-16,1947-06-27,1645.1264,0.9659758417726594,1589.152359062425,0.219,1947,6,16,1947.06,1946,9,259,37,0.1373027638229935,0.0,0.0,0.17,2,Mod_Wet,62,12,14,16,153,257.0,0.1617214350369941,1332.152359062425,1100.0,,4,275.0,275.0,275.0,275.0,232.1523590624249,37.99999999999999,6.000000000000002,10.999999999999998,14.453065155637349,162.6992939067876,100.0,18.0,25.0,30.453065155637347,315.6992939067876,1243.0,990.0,969.7726460831248,20.227353916875245,0.9262894125183112,0.48,988.5937105874816,0.5349,0.5349,0.5349,0.5349,18.286164504356968,18.286164504356968,18.286164504356968,18.286164504356968,,0.9348214181887244,0.9348214181887244,0.9348214181887244,0.9348214181887244,46.10230822107891,46.10230822107891,46.10230822107891,46.10230822107891,0.9389472142785928,0.9389472142785928,0.9389472142785928,0.9389472142785928,0.98,0.98,0.98,0.98,45.18026205665733,45.18026205665733,45.18026205665733,45.18026205665733,180.7210482266293,4337.305157439103,0.1137216624926082,4.56366283400579e-05,0.22
1947-06-17,1947-06-28,1612.0655,0.96221627423111,1551.1556592265113,0.223,1947,6,17,1947.06,1946,9,260,38,0.1340198489571705,37.99669983591366,0.0244957362015239,0.17,2,Mod_Wet,62,12,14,16,153,257.0,0.1656829206477922,1294.1556592265113,1100.0,,4,275.0,275.0,275.0,275.0,194.1556592265113,38.0,6.000000000000002,10.576572876152364,12.087511858459845,127.49157449189906,100.0,18.0,24.576572876152365,28.087511858459845,280.4915744918991,1242.5765728761523,990.0,969.649887514424,20.35011248557589,0.9251925947102516,0.48,988.5948074052898,0.5349,0.5349,0.5349,0.5349,18.410019890865662,18.410019890865662,18.410019890865662,18.410019890865662,,0.935211562656227,0.935211562656227,0.935211562656227,0.935211562656227,46.43393816623809,46.43393816623809,46.43393816623809,46.43393816623809,0.9457013883144214,0.9457013883144214,0.9457013883144214,0.9457013883144214,0.98,0.98,0.98,0.98,45.50525940291333,45.50525940291333,45.50525940291333,45.50525940291333,182.02103761165333,4368.50490267968,0.1173454363067718,4.596490848779125e-05,0.225
1947-06-18,1947-06-29,1601.139,0.9548448794010084,1528.8393753592509,0.226,1947,6,18,1947.06,1946,9,261,38,0.1320917220310392,22.31628386726038,0.0145968793235825,0.17,2,Mod_Wet,62,12,14,16,153,257.0,0.1681013742464668,1271.8393753592509,1100.0,,4,275.0,275.0,275.0,275.0,171.83937535925088,38.0,6.0,9.360899825017558,10.698171228591494,107.78030430564182,100.0,18.0,23.36089982501756,26.69817122859149,260.78030430564183,1241.3608998250174,990.0,969.5777887511608,20.42221124883929,0.9220435950922152,0.48,988.5979564049078,0.5349,0.5349,0.5349,0.5349,18.48526765374708,18.48526765374708,18.48526765374708,18.48526765374708,,0.9354485931093032,0.9354485931093032,0.9354485931093032,0.9354485931093032,46.63554567205073,46.63554567205073,46.63554567205073,46.63554567205073,0.9498074474959416,0.9498074474959416,0.9498074474959416,0.9498074474959416,0.98,0.98,0.98,0.98,45.70283475860972,45.70283475860972,45.70283475860972,45.70283475860972,182.81133903443887,4387.472136826533,0.1195752424884277,4.6164479554151225e-05,0.225
1947-06-19,1947-06-30,1579.4263,0.9567215637917794,1511.0711996298642,0.229,1947,6,19,1947.06,1946,9,262,38,0.1305565516480202,17.768175729386712,0.0117586621555218,0.17,2,Mod_Wet,62,12,14,16,153,257.0,0.1700780215141099,1254.0711996298642,1100.0,,4,275.0,275.0,275.0,275.0,154.07119962986417,37.16892753716567,6.000000000000001,8.392983637424507,9.591981299913725,92.91730715536026,99.16892753716569,18.0,22.392983637424507,25.591981299913723,245.91730715536028,1239.5619111745905,990.0,969.5203838757272,20.479616124272752,0.9173836130618837,0.48,988.602616386938,0.5349,0.5349,0.5349,0.5349,18.547332511210804,18.547332511210804,18.547332511210804,18.547332511210804,,0.935644097410314,0.935644097410314,0.935644097410314,0.935644097410314,46.80190528947348,46.80190528947348,46.80190528947348,46.80190528947348,0.9531956270768528,0.9531956270768528,0.9531956270768528,0.9531956270768528,0.98,0.98,0.98,0.98,45.86586718368401,45.86586718368401,45.86586718368401,45.86586718368401,183.46346873473604,4403.123249633665,0.1214128551849014,4.632915877139799e-05,0.23
1947-06-20,1947-07-01,1504.8959,0.9514248483621192,1431.7953534582748,0.241,1947,6,20,1947.06,1946,9,263,38,0.1237071185387949,79.27584617158935,0.0553681404120436,0.17,2,Mod_Wet,62,12,14,16,153,257.0,0.1794949252903057,1174.7953534582748,1100.0,,4,275.0,275.0,275.0,275.0,74.7953534582748,18.04401523117913,3.492390044744349,4.07445505220174,4.656520059659131,44.52797307049045,80.04401523117913,15.492390044744347,18.074455052201746,20.65652005965913,197.52797307049045,1213.6108603281252,990.0,969.2642619111728,20.735738088827134,0.8649686172413337,0.48,988.6550313827588,0.5349,0.5349,0.5349,0.5349,18.855869471585827,18.855869471585827,18.855869471585827,18.855869471585827,,0.9366159888354952,0.9366159888354952,0.9366159888354952,0.9366159888354952,47.62988399425964,47.62988399425964,47.62988399425964,47.62988399425964,0.970058737153964,0.970058737153964,0.970058737153964,0.970058737153964,0.98,0.98,0.98,0.98,46.67728631437444,46.67728631437444,46.67728631437444,46.67728631437444,186.70914525749777,4481.019486179946,0.1304021170389549,4.714877405492368e-05,0.24
1947-06-21,1947-07-02,1473.6465,0.944675992155444,1392.1184694738974,0.245,1947,6,21,1947.06,1946,9,264,38,0.1202790357625447,39.67688398437736,0.0285010829569496,0.17,2,Mod_Wet,62,12,14,16,153,257.0,0.1846107250463562,1135.1184694738974,1100.0,,4,275.0,275.0,275.0,275.0,35.11846947389745,8.47215995090133,1.6397728937228382,1.9130683760099776,2.186363858297117,20.907104394966183,70.47215995090133,13.63977289372284,15.913068376009978,18.18636385829712,173.90710439496618,1200.025001220634,990.0,969.1360750552234,20.863924944776613,0.8450591146811113,0.48,988.6749408853188,0.5349,0.5349,0.5349,0.5349,19.00396583009546,19.00396583009546,19.00396583009546,19.00396583009546,,0.937082373389898,0.937082373389898,0.937082373389898,0.937082373389898,48.02787846998727,48.02787846998727,48.02787846998727,48.02787846998727,0.9781645309569708,0.9781645309569708,0.9781645309569708,0.9781645309569708,0.98,0.98,0.98,0.98,47.067320900587525,47.067320900587525,47.067320900587525,47.067320900587525,188.2692836023501,4518.462806456402,0.1352394122559841,4.754274838443184e-05,0.245
1947-06-22,1947-07-03,1453.0426,0.9400588702282704,1365.945584949549,0.25,1947,6,22,1947.06,1946,9,265,38,0.118017698539641,26.17288452434855,0.0191610008573769,0.17,2,Mod_Wet,62,12,14,16,153,257.0,0.1881480513072504,1108.945584949549,1100.0,,4,275.0,275.0,275.0,275.0,8.945584949548902,2.158078859424249,0.4176926824692094,0.487308129547411,0.5569235766256125,5.32558170148242,64.15807885942425,12.417692682469209,14.487308129547412,16.556923576625614,158.3255817014824,1191.0630796714408,990.0,969.0515165052216,20.94848349477843,0.8319257972650789,0.48,988.6880742027348,0.5349,0.5349,0.5349,0.5349,19.101657697513357,19.101657697513357,19.101657697513357,19.101657697513357,,0.9373871720162416,0.9373871720162416,0.9373871720162416,0.9373871720162416,48.290472803424585,48.290472803424585,48.290472803424585,48.290472803424585,0.983512684387466,0.983512684387466,0.983512684387466,0.983512684387466,0.98,0.98,0.98,0.98,47.32466334735609,47.32466334735609,47.32466334735609,47.32466334735609,189.2986533894244,4543.167681346185,0.1385843297677309,4.780269024985464e-05,0.25
1947-06-23,1947-07-04,1422.4786,0.9333766458487232,1327.7083044595877,0.255,1947,6,23,1947.06,1946,9,266,38,0.1147139975053083,38.23728048996145,0.0287994587075547,0.17,2,Mod_Wet,62,12,14,16,153,257.0,0.1935666133417805,1070.7083044595877,1070.7083044595877,,4,267.6770761148969,267.6770761148969,267.6770761148969,267.6770761148969,0.0,0.0,0.0,0.0,0.0,0.0,62.0,12.0,14.0,16.0,153.0,1158.7083044595877,990.0,968.9299403854444,21.07005961455559,0.7845112410843349,0.4419207957974639,988.773567963118,0.5068193477143104,0.5068193477143104,0.5068193477143104,0.5068193477143104,19.33680822995941,19.33680822995941,19.33680822995941,19.33680822995941,,0.9383420797445324,0.9383420797445324,0.9383420797445324,0.9383420797445324,47.63167587915726,47.63167587915726,47.63167587915726,47.63167587915726,0.9700952317547302,0.9700952317547302,0.9700952317547302,0.9700952317547302,0.98,0.98,0.98,0.98,46.67904236157411,46.67904236157411,46.67904236157411,46.67904236157411,186.71616944629645,4481.1880667111145,0.1406304146920997,4.844045984134685e-05,0.255
1947-06-24,1947-07-05,1392.323,0.9273803807430936,1291.2130338573666,0.261,1947,6,24,1947.06,1946,9,267,39,0.1115608061252764,36.4952706022209,0.0282643294679229,0.17,2,Mod_Wet,62,12,14,16,153,257.0,0.1990376438752626,1034.2130338573666,1034.2130338573666,,4,258.55325846434164,258.55325846434164,258.55325846434164,258.55325846434164,0.0,0.0,0.0,0.0,0.0,0.0,62.0,12.0,14.0,16.0,153.0,1122.2130338573666,990.0,968.8152409635516,21.184759036448327,0.7310289638325203,0.3944769440145765,988.8744940921528,0.4729049259794904,0.4729049259794904,0.4729049259794904,0.4729049259794904,19.586348202621707,19.586348202621707,19.586348202621707,19.586348202621707,,0.93869313968729,0.93869313968729,0.93869313968729,0.93869313968729,46.61930876490887,46.61930876490887,46.61930876490887,46.61930876490887,0.9494767569227874,0.9494767569227874,0.9494767569227874,0.9494767569227874,0.98,0.98,0.98,0.98,45.68692258961069,45.68692258961069,45.68692258961069,45.68692258961069,182.74769035844275,4385.9445686026265,0.1415317887649435,4.908393692589129e-05,0.26
1947-06-25,1947-07-06,1352.7466,0.9107314904603608,1231.9889272331854,0.267,1947,6,25,1947.06,1946,9,268,39,0.1064438433129472,59.2241066241811,0.0480719471701643,0.17,2,Mod_Wet,62,12,14,16,153,257.0,0.2086057709765083,974.9889272331854,974.9889272331854,,4,243.7472318082964,243.7472318082964,243.7472318082964,243.7472318082964,0.0,0.0,0.0,0.0,0.0,0.0,62.0,12.0,14.0,16.0,153.0,1062.9889272331854,990.0,968.6291080570186,21.370891942981416,0.6442385376156858,0.3299911417865483,989.0257703205978,0.4202904774205395,0.4202904774205395,0.4202904774205395,0.4202904774205395,19.976371786158637,19.976371786158637,19.976371786158637,19.976371786158637,,0.9386342935201156,0.9386342935201156,0.9386342935201156,0.9386342935201156,44.82201960712114,44.82201960712114,44.82201960712114,44.82201960712114,0.912872089758068,0.912872089758068,0.912872089758068,0.912872089758068,0.98,0.98,0.98,0.98,43.92557921497872,43.92557921497872,43.92557921497872,43.92557921497872,175.70231685991487,4216.855604637957,0.142616798719538,5.005820862628248e-05,0.265
1947-06-26,1947-07-07,1323.5347,0.9063317221724048,1199.561484005937,0.273,1947,6,26,1947.06,1946,9,269,39,0.1036421122181129,32.42744322724843,0.0270327479329837,0.17,2,Mod_Wet,62,12,14,16,153,257.0,0.2142449582006819,942.561484005937,942.561484005937,,4,235.64037100148423,235.64037100148423,235.64037100148423,235.64037100148423,0.0,0.0,0.0,0.0,0.0,0.0,62.0,12.0,14.0,16.0,153.0,1030.561484005937,990.0,968.5271932354472,21.47280676455273,0.5982720110090131,0.3040491872047496,989.0976788017862,0.3927516465649871,0.3927516465649871,0.3927516465649871,0.3927516465649871,20.177733919773917,20.177733919773917,20.177733919773917,20.177733919773917,,0.937710603976322,0.937710603976322,0.937710603976322,0.937710603976322,43.72497957604926,43.72497957604926,43.72497957604926,43.72497957604926,0.8905291156018178,0.8905291156018178,0.8905291156018178,0.8905291156018178,0.9790529115601818,0.9790529115601818,0.9790529115601818,0.9790529115601818,42.80906856184051,42.80906856184051,42.80906856184051,42.80906856184051,171.23627424736205,4109.670581936689,0.1427490599944225,5.046422174309717e-05,0.275
1947-06-27,1947-07-08,1294.7235,0.9135144469019452,1182.7486219934508,0.279,1947,6,27,1947.06,1946,9,270,39,0.1021894809402341,16.81286201248622,0.0142150763905766,0.17,2,Mod_Wet,62,12,14,16,153,257.0,0.2172904666478005,925.7486219934508,925.7486219934508,,4,231.4371554983627,231.4371554983627,231.4371554983627,231.4371554983627,0.0,0.0,0.0,0.0,0.0,0.0,62.0,12.0,14.0,16.0,153.0,1013.7486219934508,990.0,968.4743528119794,21.52564718802057,0.5828880138605591,0.2905988975947606,989.1265130885446,0.3789138700346296,0.3789138700346296,0.3789138700346296,0.3789138700346296,20.273246406530525,20.273246406530525,20.273246406530525,20.273246406530525,,0.9371941037107436,0.9371941037107436,0.9371941037107436,0.9371941037107436,43.12455523051898,43.12455523051898,43.12455523051898,43.12455523051898,0.878300513859857,0.878300513859857,0.878300513859857,0.878300513859857,0.9778300513859856,0.9778300513859856,0.9778300513859856,0.9778300513859856,42.16848605705615,42.16848605705615,42.16848605705615,42.16848605705615,168.6739442282246,4048.17466147739,0.1426118289987393,5.061187484766304e-05,0.28
1947-06-28,1947-07-09,1266.3107,0.909265330658498,1151.4124173518942,0.285,1947,6,28,1947.06,1946,9,271,39,0.0994820328592036,31.336204641556613,0.0272154478875831,0.17,2,Mod_Wet,62,12,14,16,153,257.0,0.2232041240193224,894.4124173518942,894.4124173518942,,4,223.60310433797355,223.60310433797355,223.60310433797355,223.60310433797355,0.0,0.0,0.0,0.0,0.0,0.0,62.0,12.0,14.0,16.0,153.0,982.4124173518942,990.0,968.3758675973916,21.624132402608325,0.5542149609031833,0.2655299338815153,989.1802551052152,0.3537137476212369,0.3537137476212369,0.3537137476212369,0.3537137476212369,20.45067376020231,20.45067376020231,20.45067376020231,20.45067376020231,,0.9361135733720444,0.9361135733720444,0.9361135733720444,0.9361135733720444,41.98099148208876,41.98099148208876,41.98099148208876,41.98099148208876,0.8550100098185084,0.8550100098185084,0.8550100098185084,0.8550100098185084,0.9755010009818508,0.9755010009818508,0.9755010009818508,0.9755010009818508,40.95249921298814,40.95249921298814,40.95249921298814,40.95249921298814,163.80999685195255,3931.439924446861,0.1422687426184748,5.0874491476807976e-05,0.285
1947-06-29,1947-07-10,1229.0427,0.91756512366433,1127.726717014242,0.293,1947,6,29,1947.06,1946,9,272,39,0.0974355883500305,23.68570033765218,0.0210030497462738,0.17,2,Mod_Wet,62,12,14,16,153,257.0,0.2278920913396737,870.726717014242,870.726717014242,,4,217.6816792535605,217.6816792535605,217.6816792535605,217.6816792535605,0.0,0.0,0.0,0.0,0.0,0.0,62.0,12.0,14.0,16.0,153.0,958.726717014242,990.0,968.301426824902,21.69857317509809,0.5325422233179369,0.2465813736113936,989.2208764030706,0.3352595721009663,0.3352595721009663,0.3352595721009663,0.3352595721009663,20.58419000606776,20.58419000606776,20.58419000606776,20.58419000606776,,0.934987992685096,0.934987992685096,0.934987992685096,0.934987992685096,41.08661799399594,41.08661799399594,41.08661799399594,41.08661799399594,0.8367946638288378,0.8367946638288378,0.8367946638288378,0.8367946638288378,0.9736794663828836,0.9736794663828836,0.9736794663828836,0.9736794663828836,40.00519628387135,40.00519628387135,40.00519628387135,40.00519628387135,160.0207851354854,3840.498843251649,0.1418967758067795,5.1049562652231486e-05,0.295
1947-06-30,1947-07-11,1219.8351,0.9229021768936402,1125.7884692412713,0.294,1947,6,30,1947.06,1946,9,273,39,0.0972681237424458,1.938247772970726,0.0017216802498226,0.17,2,Mod_Wet,62,12,14,16,153,257.0,0.2282844486524239,868.7884692412713,868.7884692412713,,4,217.19711731031785,217.19711731031785,217.19711731031785,217.19711731031785,0.0,0.0,0.0,0.0,0.0,0.0,62.0,12.0,14.0,16.0,153.0,956.7884692412712,990.0,968.295335189044,21.704664810956046,0.5307687002740771,0.245030775393017,989.2242005243328,0.3337671213157789,0.3337671213157789,0.3337671213157789,0.3337671213157789,20.595098213973166,20.595098213973166,20.595098213973166,20.595098213973166,,0.9348979832184918,0.9348979832184918,0.9348979832184918,0.9348979832184918,41.012934710932434,41.012934710932434,41.012934710932434,41.012934710932434,0.8352939859660373,0.8352939859660373,0.8352939859660373,0.8352939859660373,0.9735293985966036,0.9735293985966036,0.9735293985966036,0.9735293985966036,39.92729766381583,39.92729766381583,39.92729766381583,39.92729766381583,159.7091906552633,3833.0205757263193,0.1418642977955706,5.1063826974649033e-05,0.295
1947-07-01,1947-07-12,1192.4734,0.9195163786021252,1096.498822347363,0.301,1947,7,1,1947.07,1946,10,274,40,0.0947374982508122,29.28964689390796,0.0267119729606323,0.18,2,Mod_Wet,58,11,11,11,136,227.0,0.2070225661656825,869.4988223473631,869.4988223473631,,4,217.3747055868408,217.3747055868408,217.3747055868408,217.3747055868408,0.0,0.0,0.0,0.0,0.0,0.0,58.0,11.0,11.0,11.0,136.0,949.4988223473632,990.0,968.2032820130916,21.79671798690833,0.5240985743344344,0.2455990578778905,989.2303023677875,0.3343140932074696,0.3343140932074696,0.3343140932074696,0.3343140932074696,20.69270626148852,20.69270626148852,20.69270626148852,20.69270626148852,,0.9351354225567364,0.9351354225567364,0.9351354225567364,0.9351354225567364,41.25147741653531,41.25147741653531,41.25147741653531,41.25147741653531,0.8401522895424707,0.8401522895424707,0.8401522895424707,0.8401522895424707,0.9740152289542472,0.9740152289542472,0.9740152289542472,0.9740152289542472,40.17956722056759,40.17956722056759,40.17956722056759,40.17956722056759,160.71826888227037,3857.2384531744888,0.1465740460516025,5.134447848691077e-05,0.3
1947-07-02,1947-07-13,1165.5017,0.9291100950872416,1082.8793953113418,0.307,1947,7,2,1947.07,1946,10,275,40,0.0935607797548999,13.619427036021536,0.0125770488338692,0.18,2,Mod_Wet,58,11,11,11,136,227.0,0.2096262990900612,855.8793953113418,855.8793953113418,,4,213.96984882783545,213.96984882783545,213.96984882783545,213.96984882783545,0.0,0.0,0.0,0.0,0.0,0.0,58.0,11.0,11.0,11.0,136.0,935.8793953113418,990.0,968.16047809955,21.83952190045011,0.5116366135730765,0.2347035162490734,989.253659870178,0.3239095464835063,0.3239095464835063,0.3239095464835063,0.3239095464835063,20.7692722241445,20.7692722241445,20.7692722241445,20.7692722241445,,0.9345215951793168,0.9345215951793168,0.9345215951793168,0.9345215951793168,40.72882673459573,40.72882673459573,40.72882673459573,40.72882673459573,0.8295076728023569,0.8295076728023569,0.8295076728023569,0.8295076728023569,0.9729507672802356,0.9729507672802356,0.9729507672802356,0.9729507672802356,39.62714322184869,39.62714322184869,39.62714322184869,39.62714322184869,158.50857288739476,3804.2057492974745,0.1463769405657788,5.144434995934288e-05,0.305
1947-07-03,1947-07-14,1147.7361,0.9351417914976156,1073.2959927204863,0.312,1947,7,3,1947.07,1946,10,276,40,0.09273277377105,9.583402590855258,0.0089289465868256,0.18,2,Mod_Wet,58,11,11,11,136,227.0,0.2114980411178303,846.2959927204863,846.2959927204863,,4,211.5739981801216,211.5739981801216,211.5739981801216,211.5739981801216,0.0,0.0,0.0,0.0,0.0,0.0,58.0,11.0,11.0,11.0,136.0,926.2959927204864,990.0,968.1303588342644,21.86964116573563,0.5028676700094695,0.227036794176389,989.2700955358142,0.3167219945403647,0.3167219945403647,0.3167219945403647,0.3167219945403647,20.823014707009484,20.823014707009484,20.823014707009484,20.823014707009484,,0.934098910532427,0.934098910532427,0.934098910532427,0.934098910532427,40.35872744775863,40.35872744775863,40.35872744775863,40.35872744775863,0.8219700091193203,0.8219700091193203,0.8219700091193203,0.8219700091193203,0.972197000911932,0.972197000911932,0.972197000911932,0.972197000911932,39.236633785333005,39.236633785333005,39.236633785333005,39.236633785333005,156.94653514133202,3766.7168433919687,0.1462285671481165,5.1514198503218056e-05,0.31
1947-07-04,1947-07-15,1112.7189,0.9371977043562544,1042.8375986738165,0.321,1947,7,4,1947.07,1946,10,277,40,0.0901011685254177,30.458394046670264,0.0292072265954012,0.18,2,Mod_Wet,58,11,11,11,136,227.0,0.2176753123292422,815.8375986738165,815.8375986738165,,4,203.95939966845413,203.95939966845413,203.95939966845413,203.95939966845413,0.0,0.0,0.0,0.0,0.0,0.0,58.0,11.0,11.0,11.0,136.0,895.8375986738165,990.0,968.0346324529748,21.965367547025156,0.4749978256716963,0.2026700789390532,989.3223320953892,0.2943238830517788,0.2943238830517788,0.2943238830517788,0.2943238830517788,20.993375759362618,20.993375759362618,20.993375759362618,20.993375759362618,,0.9326720425960924,0.9326720425960924,0.9326720425960924,0.9326720425960924,39.16459703739267,39.16459703739267,39.16459703739267,39.16459703739267,0.7976496341627834,0.7976496341627834,0.7976496341627834,0.7976496341627834,0.97,0.97,0.97,0.97,37.98965912627089,37.98965912627089,37.98965912627089,37.98965912627089,151.95863650508355,3647.007276122005,0.145716491904713,5.173913586618072e-05,0.32
1947-07-05,1947-07-16,1078.3827,0.9251619817921662,997.6786758623872,0.331,1947,7,5,1947.07,1946,10,278,40,0.0861994375945102,45.15892281142908,0.0452639952160889,0.18,2,Mod_Wet,58,11,11,11,136,227.0,0.2275281666251738,770.6786758623872,770.6786758623872,,4,192.6696689655968,192.6696689655968,192.6696689655968,192.6696689655968,0.0,0.0,0.0,0.0,0.0,0.0,58.0,11.0,11.0,11.0,136.0,850.6786758623872,990.0,967.8907147034496,22.109285296550524,0.4336767978037266,0.1753393379311936,989.3909838642652,0.2626614995864233,0.2626614995864233,0.2626614995864233,0.2626614995864233,21.237607661229184,21.237607661229184,21.237607661229184,21.237607661229184,,0.928957850343615,0.928957850343615,0.928957850343615,0.928957850343615,37.27809007154791,37.27809007154791,37.27809007154791,37.27809007154791,0.7592279036975134,0.7592279036975134,0.7592279036975134,0.7592279036975134,0.97,0.97,0.97,0.97,36.15974736940147,36.15974736940147,36.15974736940147,36.15974736940147,144.6389894776059,3471.3357474625413,0.1449755246623677,5.213261808775784e-05,0.33
1947-07-06,1947-07-17,1061.4682,0.9202131020126134,976.7769450097452,0.335,1947,7,6,1947.07,1946,10,279,40,0.0843935280488419,20.901730852642004,0.0213986734222453,0.18,2,Mod_Wet,58,11,11,11,136,227.0,0.2323969675571481,749.7769450097452,749.7769450097452,,4,187.4442362524363,187.4442362524363,187.4442362524363,187.4442362524363,0.0,0.0,0.0,0.0,0.0,0.0,58.0,11.0,11.0,11.0,136.0,829.7769450097452,990.0,967.8071077800388,22.19289221996109,0.4145514301182017,0.1648884725048726,989.4205600973768,0.2486016684314805,0.2486016684314805,0.2486016684314805,0.2486016684314805,21.364850648906508,21.364850648906508,21.364850648906508,21.364850648906508,,0.9272267985208448,0.9272267985208448,0.9272267985208448,0.9272267985208448,36.41636778447201,36.41636778447201,36.41636778447201,36.41636778447201,0.7416775516185745,0.7416775516185745,0.7416775516185745,0.7416775516185745,0.97,0.97,0.97,0.97,35.32387675093785,35.32387675093785,35.32387675093785,35.32387675093785,141.2955070037514,3391.0921680900337,0.1446548341723418,5.234723767743535e-05,0.335
1947-07-07,1947-07-18,1036.4114,0.9189739555961264,952.4350838829192,0.343,1947,7,7,1947.07,1946,10,280,40,0.0822903912474842,24.34186112682585,0.0255575015439247,0.18,2,Mod_Wet,58,11,11,11,136,227.0,0.2383364534142933,725.4350838829192,725.4350838829192,,4,181.3587709707298,181.3587709707298,181.3587709707298,181.3587709707298,0.0,0.0,0.0,0.0,0.0,0.0,58.0,11.0,11.0,11.0,136.0,805.4350838829192,990.0,967.7097403355316,22.29025966446829,0.3922782964967492,0.1527175419414596,989.4550041615618,0.2327056291044829,0.2327056291044829,0.2327056291044829,0.2327056291044829,21.51255819692557,21.51255819692557,21.51255819692557,21.51255819692557,,0.9250855665914476,0.9250855665914476,0.9250855665914476,0.9250855665914476,35.39575878023565,35.39575878023565,35.39575878023565,35.39575878023565,0.7208912175200743,0.7208912175200743,0.7208912175200743,0.7208912175200743,0.97,0.97,0.97,0.97,34.33388601682858,34.33388601682858,34.33388601682858,34.33388601682858,137.33554406731432,3296.053057615544,0.1441941255538594,5.2587423862556974e-05,0.345
1947-07-08,1947-07-19,995.4845,0.9181998096202312,914.0536783798912,0.355,1947,7,8,1947.07,1946,10,281,41,0.0789742378120225,38.38140550302819,0.0419903189614171,0.18,2,Mod_Wet,58,11,11,11,136,227.0,0.2483442771132924,687.0536783798912,687.0536783798912,,4,171.7634195949728,171.7634195949728,171.7634195949728,171.7634195949728,0.0,0.0,0.0,0.0,0.0,0.0,58.0,11.0,11.0,11.0,136.0,767.0536783798912,990.0,967.5562147135196,22.44378528648042,0.3624302726117877,0.1361161035139673,989.5014536238745,0.2088027438117336,0.2088027438117336,0.2088027438117336,0.2088027438117336,21.736436166543022,21.736436166543022,21.736436166543022,21.736436166543022,,0.9215630478954092,0.9215630478954092,0.9215630478954092,0.9215630478954092,33.742928354741025,33.742928354741025,33.742928354741025,33.742928354741025,0.6872286833959476,0.6872286833959476,0.6872286833959476,0.6872286833959476,0.97,0.97,0.97,0.97,32.730640504098794,32.730640504098794,32.730640504098794,32.730640504098794,130.92256201639518,3142.141488393484,0.1432329031796557,5.293236828837558e-05,0.355
1947-07-09,1947-07-20,963.4877,0.9186515277026396,885.1094475277025,0.3670000000000001,1947,7,9,1947.07,1946,10,282,41,0.0764734562663935,28.94423085218864,0.0327013014413482,0.18,2,Mod_Wet,58,11,11,11,136,227.0,0.256465458180408,658.1094475277025,658.1094475277025,,3,219.3698158425675,219.3698158425675,219.3698158425675,0.0,0.0,0.0,0.0,0.0,0.0,0.0,58.0,11.0,11.0,11.0,136.0,738.1094475277025,990.0,967.4404377901108,22.55956220988924,0.3459815512516598,0.1274328342583107,989.52658561449,0.3404590327951079,0.3404590327951079,0.3404590327951079,0.0,21.745688791584172,21.745688791584172,21.745688791584172,22.08614782437928,,0.9370503240447694,0.9370503240447694,0.9370503240447694,0.0,43.83809301234768,43.83809301234768,43.83809301234768,0.0,0.8928328515753091,0.8928328515753091,0.8928328515753091,0.0,0.9792832851575308,0.9792832851575308,0.9792832851575308,0.96,42.92991174017323,42.92991174017323,42.92991174017323,0.0,128.7897352205197,3090.953645292473,0.1455071297456564,5.436014721341384e-05,0.365
1947-07-10,1947-07-21,932.1467,0.9087491724907756,847.0875422650073,0.377,1947,7,10,1947.07,1946,10,283,41,0.0731883636516966,38.02190526269521,0.0448854496915742,0.18,2,Mod_Wet,58,11,11,11,136,227.0,0.2679770256011912,620.0875422650073,620.0875422650073,,3,206.6958474216691,206.6958474216691,206.6958474216691,0.0,0.0,0.0,0.0,0.0,0.0,0.0,58.0,11.0,11.0,11.0,136.0,700.0875422650073,990.0,967.28835016906,22.71164983094002,0.3243740769179632,0.1160262626795022,989.5595996604026,0.3022857914197072,0.3022857914197072,0.3022857914197072,0.0,21.96896369992288,21.96896369992288,21.96896369992288,22.271249491342587,,0.9343729312105552,0.9343729312105552,0.9343729312105552,0.0,41.61024479717102,41.61024479717102,41.61024479717102,0.0,0.8474591608385136,0.8474591608385136,0.8474591608385136,0.0,0.9747459160838512,0.9747459160838512,0.9747459160838512,0.96,40.55941618329177,40.55941618329177,40.55941618329177,0.0,121.67824854987532,2920.277965197008,0.1436430622324143,5.450764800501597e-05,0.375
1947-07-11,1947-07-22,916.7204,0.9105214280240044,834.6935677067364,0.383,1947,7,11,1947.07,1946,10,284,41,0.072117524249862,12.393974558270886,0.014848532488782,0.17,2,Mod_Wet,58,11,11,11,136,227.0,0.2719560911720777,607.6935677067364,607.6935677067364,,3,202.5645225689121,202.5645225689121,202.5645225689121,0.0,0.0,0.0,0.0,0.0,0.0,0.0,58.0,11.0,11.0,11.0,136.0,687.6935677067364,990.0,967.2387742708268,22.76122572917313,0.3173307032282424,0.1123080703120209,989.5703612264598,0.2903345345470887,0.2903345345470887,0.2903345345470887,0.0,22.04125242108584,22.04125242108584,22.04125242108584,22.33158695563293,,0.9331808631885664,0.9331808631885664,0.9331808631885664,0.0,40.860547030953065,40.860547030953065,40.860547030953065,0.0,0.8321903672291866,0.8321903672291866,0.8321903672291866,0.0,0.9732190367229188,0.9732190367229188,0.9732190367229188,0.96,39.76626222143565,39.76626222143565,39.76626222143565,0.0,119.29878666430696,2863.1708799433677,0.1429252497920551,5.453168111726424e-05,0.385
1947-07-12,1947-07-23,901.4559,0.907115570001353,817.7246825595828,0.391,1947,7,12,1947.07,1946,10,285,41,0.0706514125731479,16.968885147153628,0.0207513427307084,0.17,2,Mod_Wet,58,11,11,11,136,227.0,0.2775995452276932,590.7246825595828,590.7246825595828,,3,196.90822751986093,196.90822751986093,196.90822751986093,0.0,0.0,0.0,0.0,0.0,0.0,0.0,58.0,11.0,11.0,11.0,136.0,670.7246825595828,990.0,967.1708987302384,22.829101269761736,0.3076874529030592,0.1062898730238331,989.5860226740732,0.2743430370556106,0.2743430370556106,0.2743430370556106,0.0,22.140780906779217,22.140780906779217,22.140780906779217,22.41512394383483,,0.931300492764774,0.931300492764774,0.931300492764774,0.0,39.81853977245771,39.81853977245771,39.81853977245771,0.0,0.8109682234716438,0.8109682234716438,0.8109682234716438,0.0,0.9710968223471644,0.9710968223471644,0.9710968223471644,0.96,38.66765744353786,38.66765744353786,38.66765744353786,0.0,116.0029723306136,2784.071335934726,0.1418606712072203,5.454833498744949e-05,0.39
1947-07-13,1947-07-24,893.8841,0.8990978772765416,803.6892968412517,0.396,1947,7,13,1947.07,1946,10,286,41,0.0694387552470841,14.0353857183311,0.0174636961988849,0.17,2,Mod_Wet,58,11,11,11,136,227.0,0.2824474593504983,576.6892968412517,576.6892968412517,,3,192.22976561375057,192.22976561375057,192.22976561375057,0.0,0.0,0.0,0.0,0.0,0.0,0.0,58.0,11.0,11.0,11.0,136.0,656.6892968412517,990.0,967.114757187365,22.885242812635056,0.2997112814151481,0.1006757187365006,989.5996129998484,0.2614649624694016,0.2614649624694016,0.2614649624694016,0.0,22.22339085001397,22.22339085001397,22.22339085001397,22.48485581248337,,0.9297898849459854,0.9297898849459854,0.9297898849459854,0.0,38.95421684951968,38.95421684951968,38.95421684951968,0.0,0.7933649052855332,0.7933649052855332,0.7933649052855332,0.0,0.97,0.97,0.97,0.96,37.78559034403409,37.78559034403409,37.78559034403409,0.0,113.35677103210227,2720.5625047704543,0.1410455153224381,5.4601311530894615e-05,0.395
1947-07-14,1947-07-25,849.2947,0.8954821115912885,760.52821131929,0.409,1947,7,14,1947.07,1946,10,287,41,0.0657096374579866,43.161085521961695,0.0567514588934052,0.17,2,Mod_Wet,58,11,11,11,136,227.0,0.2984767647293748,533.52821131929,533.52821131929,,3,177.84273710643,177.84273710643,177.84273710643,0.0,0.0,0.0,0.0,0.0,0.0,0.0,58.0,11.0,11.0,11.0,136.0,613.52821131929,990.0,966.9421128452772,23.057887154722835,0.2751832615490505,0.083411284527716,989.6414054539232,0.223806842766075,0.223806842766075,0.223806842766075,0.0,22.47548576587996,22.47548576587996,22.47548576587996,22.699292608646036,,0.9250927668290044,0.9250927668290044,0.9250927668290044,0.0,36.26345720528594,36.26345720528594,36.26345720528594,0.0,0.7385632832033796,0.7385632832033796,0.7385632832033796,0.0,0.97,0.97,0.97,0.96,35.17555348912736,35.17555348912736,35.17555348912736,0.0,105.52666046738209,2532.63985121717,0.1387544326387639,5.4941726827256985e-05,0.41
1947-07-15,1947-07-26,820.3628,0.8945448145815545,733.8512888156049,0.422,1947,7,15,1947.07,1946,10,288,42,0.0634047513536682,26.676922503685088,0.0363519461098721,0.17,2,Mod_Wet,58,11,11,11,136,227.0,0.309326975995866,506.8512888156049,506.8512888156049,,3,168.95042960520163,168.95042960520163,168.95042960520163,0.0,0.0,0.0,0.0,0.0,0.0,0.0,58.0,11.0,11.0,11.0,136.0,586.8512888156049,990.0,966.8354051552624,23.16459484473762,0.2600230291956776,0.0727405155262419,989.6672364552782,0.2020020224603798,0.2020020224603798,0.2020020224603798,0.0,22.6298292775554,22.6298292775554,22.6298292775554,22.83183130001578,,0.922115528173358,0.922115528173358,0.922115528173358,0.0,34.57519299678465,34.57519299678465,34.57519299678465,0.0,0.7041790834375692,0.7041790834375692,0.7041790834375692,0.0,0.97,0.97,0.97,0.96,33.53793720688111,33.53793720688111,33.53793720688111,0.0,100.61381162064332,2414.73147889544,0.1371038153833979,5.514098833810401e-05,0.42
1947-07-16,1947-07-27,799.0771,0.8911326595966059,712.0837013457431,0.433,1947,7,16,1947.07,1946,10,289,42,0.0615240317962722,21.76758746986184,0.0305688606953424,0.17,2,Mod_Wet,58,11,11,11,136,227.0,0.3187827492343952,485.0837013457431,485.0837013457431,,3,161.69456711524768,161.69456711524768,161.69456711524768,0.0,0.0,0.0,0.0,0.0,0.0,0.0,58.0,11.0,11.0,11.0,136.0,565.0837013457431,990.0,966.7483348053828,23.25166519461709,0.2476527235965259,0.0670167402691486,989.6853305361344,0.1849975043650696,0.1849975043650696,0.1849975043650696,0.0,22.751998226386323,22.751998226386323,22.751998226386323,22.93699573075139,,0.9195701247817968,0.9195701247817968,0.9195701247817968,0.0,33.17710796330723,33.17710796330723,33.17710796330723,0.0,0.6757048465032022,0.6757048465032022,0.6757048465032022,0.0,0.97,0.97,0.97,0.96,32.181794724408014,32.181794724408014,32.181794724408014,0.0,96.54538417322404,2317.089220157377,0.1355815109807543,5.528563873809766e-05,0.435
1947-07-17,1947-07-28,778.1427,0.8891770066630039,691.9065967426677,0.441,1947,7,17,1947.07,1946,10,290,42,0.0597807299585664,20.17710460307536,0.0291616017220595,0.17,2,Mod_Wet,58,11,11,11,136,227.0,0.3280789648034318,464.9065967426677,464.9065967426677,,3,154.96886558088923,154.96886558088923,154.96886558088923,0.0,0.0,0.0,0.0,0.0,0.0,0.0,58.0,11.0,11.0,11.0,136.0,544.9065967426677,990.0,966.6676263869706,23.332373613029404,0.236186273748022,0.0629813193485335,989.7008324069036,0.1699327496547207,0.1699327496547207,0.1699327496547207,0.0,22.86327327027817,22.86327327027817,22.86327327027817,23.03320601993289,,0.917042336997736,0.917042336997736,0.917042336997736,0.0,31.86478164171153,31.86478164171153,31.86478164171153,0.0,0.6489772228454487,0.6489772228454487,0.6489772228454487,0.0,0.97,0.97,0.97,0.96,30.908838192460184,30.908838192460184,30.908838192460184,0.0,92.72651457738056,2225.4363498571333,0.1340159423452746,5.540331184984356e-05,0.44
1947-07-18,1947-07-29,764.3804,0.8926299826267534,682.3088631722309,0.445,1947,7,18,1947.07,1946,10,291,42,0.0589514857780807,9.597733570436844,0.0140665526838014,0.17,2,Mod_Wet,58,11,11,11,136,227.0,0.3326939048462863,455.3088631722309,455.3088631722309,,3,151.7696210574103,151.7696210574103,151.7696210574103,0.0,0.0,0.0,0.0,0.0,0.0,0.0,58.0,11.0,11.0,11.0,136.0,535.3088631722309,990.0,966.6292354526888,23.37076454731107,0.2307319762752348,0.0610617726344461,989.7082062510902,0.1630223814840062,0.1630223814840062,0.1630223814840062,0.0,22.91594841691731,22.91594841691731,22.91594841691731,23.078970798401315,,0.9158374901646856,0.9158374901646856,0.9158374901646856,0.0,31.237754168738512,31.237754168738512,31.237754168738512,0.0,0.6362068058806214,0.6362068058806214,0.6362068058806214,0.0,0.97,0.97,0.97,0.96,30.30062154367636,30.30062154367636,30.30062154367636,0.0,90.90186463102908,2181.6447511446977,0.1332268559555312,5.545799784598538e-05,0.445
1947-07-19,1947-07-30,750.7725,0.8881602932782826,666.8063237852695,0.452,1947,7,19,1947.07,1946,10,292,42,0.0576120663750472,15.502539386961416,0.0232489387607452,0.17,2,Mod_Wet,58,11,11,11,136,227.0,0.3404286850661309,439.8063237852695,439.8063237852695,,2,219.90316189263476,219.90316189263476,0.0,0.0,0.0,0.0,0.0,0.0,0.0,0.0,58.0,11.0,11.0,11.0,136.0,519.8063237852695,990.0,966.567225295141,23.43277470485896,0.221922035805483,0.0579612647570539,989.7201166994374,0.3421017386293149,0.3421017386293149,0.0,0.0,22.81078966566707,22.81078966566707,23.152891404296383,23.152891404296383,,0.9382113938196724,0.9382113938196724,0.0,0.0,46.15419665738608,46.15419665738608,0.0,0.0,0.940004005242079,0.940004005242079,0.0,0.0,0.98,0.98,0.96,0.96,45.23111272423836,45.23111272423836,0.0,0.0,90.46222544847672,2171.093410763441,0.1356649183153339,5.713514017178811e-05,0.45
1947-07-20,1947-07-31,737.3183,0.8872912629151888,654.21608557748,0.458,1947,7,20,1947.07,1946,10,293,42,0.0565242697938942,12.590238207789412,0.0192447701689816,0.17,2,Mod_Wet,58,11,11,11,136,227.0,0.3469801568691572,427.21608557748,427.21608557748,,2,213.60804278874,213.60804278874,0.0,0.0,0.0,0.0,0.0,0.0,0.0,0.0,58.0,11.0,11.0,11.0,136.0,507.21608557748,990.0,966.51686434231,23.483135657690127,0.21476712741648,0.055443217115496,989.729789655468,0.3228241283662201,0.3228241283662201,0.0,0.0,22.890101184791945,22.890101184791945,23.212925313158166,23.212925313158166,,0.936820889019691,0.936820889019691,0.0,0.0,44.92215465548577,44.92215465548577,0.0,0.0,0.9149115001117264,0.9149115001117264,0.0,0.0,0.98,0.98,0.96,0.96,44.02371156237605,44.02371156237605,0.0,0.0,88.0474231247521,2113.13815499405,0.1345846197698305,5.7248821756309366e-05,0.46
1947-07-21,1947-08-01,710.868,0.8775314292741972,623.8090120652902,0.47,1947,7,21,1947.07,1946,10,294,42,0.053897098642441,30.40707351218987,0.048744203632966,0.19,2,Mod_Wet,58,11,11,11,136,227.0,0.3638934282921859,396.8090120652902,396.8090120652902,,2,198.4045060326451,198.4045060326451,0.0,0.0,0.0,0.0,0.0,0.0,0.0,0.0,58.0,11.0,11.0,11.0,136.0,476.8090120652902,990.0,966.3952360482612,23.60476395173885,0.20381245706034,0.049361802413058,989.7468257405266,0.2785326168914062,0.2785326168914062,0.0,0.0,23.073057075374,23.073057075374,23.351589692265406,23.351589692265406,,0.9329633955125576,0.9329633955125576,0.0,0.0,41.88514043427679,41.88514043427679,0.0,0.0,0.8530578499852707,0.8530578499852707,0.0,0.0,0.975305784998527,0.975305784998527,0.96,0.96,40.85081977102588,40.85081977102588,0.0,0.0,81.70163954205175,1960.839349009242,0.1309722013658574,5.719350917629357e-05,0.47
1947-07-22,1947-08-02,704.3503,0.8783280558406197,618.6506296297572,0.474,1947,7,22,1947.07,1946,10,295,43,0.053451414400011,5.158382435532985,0.0083381187838119,0.19,2,Mod_Wet,58,11,11,11,136,227.0,0.3669276149219347,391.6506296297572,391.6506296297572,,2,195.8253148148786,195.8253148148786,0.0,0.0,0.0,0.0,0.0,0.0,0.0,0.0,58.0,11.0,11.0,11.0,136.0,471.6506296297572,990.0,966.3746025185188,23.62539748148106,0.2019919038506022,0.0483301259259514,989.7496779702234,0.27131088148166,0.27131088148166,0.0,0.0,23.103764570222783,23.103764570222783,23.375075451704447,23.375075451704447,,0.932199794210777,0.932199794210777,0.0,0.0,41.36178625824476,41.36178625824476,0.0,0.0,0.8423989054632335,0.8423989054632335,0.0,0.0,0.9742398905463232,0.9742398905463232,0.96,0.96,40.2963021170328,40.2963021170328,0.0,0.0,80.59260423406559,1934.2225016175744,0.1302715949425247,5.716021580413601e-05,0.475
1947-07-23,1947-08-03,691.4282,0.8804892019345739,608.7950640130589,0.48,1947,7,23,1947.07,1946,10,296,43,0.0525998935307282,9.855565616698302,0.0161886424501084,0.19,2,Mod_Wet,58,11,11,11,136,227.0,0.372867674884977,381.7950640130589,381.7950640130589,,2,190.89753200652945,190.89753200652945,0.0,0.0,0.0,0.0,0.0,0.0,0.0,0.0,58.0,11.0,11.0,11.0,136.0,461.7950640130589,990.0,966.3351802560522,23.66481974394776,0.1985135689575422,0.0463590128026117,989.7551274182398,0.2578412870577601,0.2578412870577601,0.0,0.0,23.162105875129797,23.162105875129797,23.419947162187555,23.419947162187555,,0.9307401486949428,0.9307401486949428,0.0,0.0,40.35947458966047,40.35947458966047,0.0,0.0,0.8219852258586653,0.8219852258586653,0.0,0.0,0.9721985225858664,0.9721985225858664,0.96,0.96,39.23742156840972,39.23742156840972,0.0,0.0,78.47484313681944,1883.3962352836663,0.1289019043937848,5.709494331561029e-05,0.48
1947-07-24,1947-08-04,685.0236,0.878477532975807,601.777842158206,0.482,1947,7,24,1947.07,1946,10,297,43,0.051993605562469,7.017221854852892,0.0116608179352141,0.19,2,Mod_Wet,58,11,11,11,136,227.0,0.3772156169557373,374.777842158206,374.777842158206,,2,187.388921079103,187.388921079103,0.0,0.0,0.0,0.0,0.0,0.0,0.0,0.0,58.0,11.0,11.0,11.0,136.0,454.777842158206,990.0,966.3071113686328,23.69288863136717,0.1960369736428377,0.0449555684316412,989.7590074579256,0.248454530070414,0.248454530070414,0.0,0.0,23.203441559222217,23.203441559222217,23.45189608929263,23.45189608929263,,0.929700352350189,0.929700352350189,0.0,0.0,39.64404956310064,39.64404956310064,0.0,0.0,0.8074144513869784,0.8074144513869784,0.0,0.0,0.970741445138698,0.970741445138698,0.96,0.96,38.484121964034486,38.484121964034486,0.0,0.0,76.96824392806897,1847.2378542736556,0.1279014256357983,5.704731004020166e-05,0.48
1947-07-25,1947-08-05,672.3268,0.8764068829576366,589.2318351168824,0.488,1947,7,25,1947.07,1946,10,298,43,0.0509096305540986,12.546007041323604,0.0212921405355413,0.19,2,Mod_Wet,58,11,11,11,136,227.0,0.3852473448841598,362.2318351168824,362.2318351168824,,2,181.1159175584412,181.1159175584412,0.0,0.0,0.0,0.0,0.0,0.0,0.0,0.0,58.0,11.0,11.0,11.0,136.0,442.2318351168824,990.0,966.251543258026,23.74845674197411,0.1916090984951675,0.0424463670233764,989.7659445344816,0.2320790673007783,0.2320790673007783,0.0,0.0,23.282322209154824,23.282322209154824,23.5144012764556,23.5144012764556,,0.9276282434768864,0.9276282434768864,0.0,0.0,38.36149980294695,38.36149980294695,0.0,0.0,0.7812932750091027,0.7812932750091027,0.0,0.0,0.97,0.97,0.96,0.96,37.210654808858536,37.210654808858536,0.0,0.0,74.42130961771707,1786.1114308252097,0.1263022552115748,5.707004189251044e-05,0.49
1947-07-26,1947-08-06,666.0345,0.8753352736866753,583.0034913422678,0.493,1947,7,26,1947.07,1946,10,299,43,0.0503715016519719,6.2283437746145855,0.0106832015024041,0.19,2,Mod_Wet,58,11,11,11,136,227.0,0.3893630198978235,356.0034913422678,356.0034913422678,,2,178.0017456711339,178.0017456711339,0.0,0.0,0.0,0.0,0.0,0.0,0.0,0.0,58.0,11.0,11.0,11.0,136.0,436.0034913422678,990.0,966.22351571104,23.776484288959864,0.1894109227313626,0.0412006982684535,989.7693883790002,0.2242043641778347,0.2242043641778347,0.0,0.0,23.32166830378228,23.32166830378228,23.54587266796011,23.54587266796011,,0.9265344972788588,0.9265344972788588,0.0,0.0,37.721084381435126,37.721084381435126,0.0,0.0,0.7682501910679251,0.7682501910679251,0.0,0.0,0.97,0.97,0.96,0.96,36.58945184999208,36.58945184999208,0.0,0.0,73.17890369998415,1756.2936887996195,0.1255205239534706,5.709908398188269e-05,0.495
1947-07-27,1947-08-07,653.5614,0.8750395785925671,571.8920920403683,0.4970000000000001,1947,7,27,1947.07,1946,10,300,43,0.0494114767522878,11.111399301899494,0.0194291885769163,0.19,2,Mod_Wet,58,11,11,11,136,227.0,0.3969280274362959,344.8920920403683,344.8920920403683,,2,172.44604602018416,172.44604602018416,0.0,0.0,0.0,0.0,0.0,0.0,0.0,0.0,58.0,11.0,11.0,11.0,136.0,424.8920920403683,990.0,966.1735144141816,23.826485585818432,0.185489365166261,0.0389784184080736,989.7755322164256,0.2104683522892493,0.2104683522892493,0.0,0.0,23.39154944995481,23.39154944995481,23.602017802244063,23.602017802244063,,0.924585104977004,0.924585104977004,0.0,0.0,36.57613599331633,36.57613599331633,0.0,0.0,0.7449314866255871,0.7449314866255871,0.0,0.0,0.97,0.97,0.96,0.96,35.478851913516834,35.478851913516834,0.0,0.0,70.95770382703367,1702.984891848808,0.1240753366144201,5.714968171256328e-05,0.495
1947-07-28,1947-08-08,641.2365,0.8794376863729334,563.9275439778775,0.503,1947,7,28,1947.07,1946,10,301,43,0.0487233397996886,7.964548062490849,0.0141233535186273,0.19,2,Mod_Wet,58,11,11,11,136,227.0,0.4025339822892302,336.92754397787746,336.92754397787746,,2,168.46377198893873,168.46377198893873,0.0,0.0,0.0,0.0,0.0,0.0,0.0,0.0,58.0,11.0,11.0,11.0,136.0,416.9275439778775,990.0,966.1376739479005,23.862326052099547,0.1826784290403549,0.0373855087955754,989.779936062164,0.2008437773336741,0.2008437773336741,0.0,0.0,23.44141833692997,23.44141833692997,23.642262114263644,23.642262114263644,,0.9231892743315736,0.9231892743315736,0.0,0.0,35.753606463186976,35.753606463186976,0.0,0.0,0.7281793577023824,0.7281793577023824,0.0,0.0,0.97,0.97,0.96,0.96,34.680998269291365,34.680998269291365,0.0,0.0,69.36199653858273,1664.6879169259855,0.1229980646969493,5.718505834590508e-05,0.505
1947-07-29,1947-08-09,635.1294,0.8861628436789661,562.8280752081156,0.506,1947,7,29,1947.07,1946,10,302,44,0.0486283456979812,1.09946876976187,0.0019534717939493,0.19,2,Mod_Wet,58,11,11,11,136,227.0,0.4033203210697383,335.8280752081156,335.8280752081156,,2,167.9140376040578,167.9140376040578,0.0,0.0,0.0,0.0,0.0,0.0,0.0,0.0,58.0,11.0,11.0,11.0,136.0,415.8280752081156,990.0,966.1327263384364,23.86727366156356,0.1822903923984789,0.0371656150416231,989.7805439925598,0.1995354094976575,0.1995354094976575,0.0,0.0,23.448282244625744,23.448282244625744,23.6478176541234,23.6478176541234,,0.9229966775808228,0.9229966775808228,0.0,0.0,35.639932669436845,35.639932669436845,0.0,0.0,0.7258642091534999,0.7258642091534999,0.0,0.0,0.97,0.97,0.96,0.96,34.57073468935374,34.57073468935374,0.0,0.0,69.14146937870748,1659.3952650889796,0.1228465181896642,5.718986926392479e-05,0.505
1947-07-30,1947-08-10,623.0255,0.8843912864860217,550.9983234585969,0.515,1947,7,30,1947.07,1946,10,303,44,0.0476062551468227,11.829751749518664,0.0214696692274193,0.19,2,Mod_Wet,58,11,11,11,136,227.0,0.4119794749558021,323.99832345859693,323.99832345859693,,2,161.99916172929846,161.99916172929846,0.0,0.0,0.0,0.0,0.0,0.0,0.0,0.0,58.0,11.0,11.0,11.0,136.0,403.9983234585969,990.0,966.0794924555636,23.920507544436305,0.1781153059664155,0.0347996646917193,989.7870850293418,0.1856980719773864,0.1856980719773864,0.0,0.0,23.52189450180074,23.52189450180074,23.70759257377813,23.70759257377813,,0.920773885298963,0.920773885298963,0.0,0.0,34.409372916433725,34.409372916433725,0.0,0.0,0.7008018923917255,0.7008018923917255,0.0,0.0,0.97,0.97,0.96,0.96,33.37709172894071,33.37709172894071,0.0,0.0,66.75418345788142,1602.1004029891542,0.1211513367933096,5.723124903968815e-05,0.515
1947-07-31,1947-08-11,611.0679,0.8869861279741288,542.0087505502821,0.523,1947,7,31,1947.07,1946,10,304,44,0.0468295560475443,8.989572908314813,0.0165856601008526,0.19,2,Mod_Wet,58,11,11,11,136,227.0,0.4188124264959468,315.0087505502821,315.0087505502821,,2,157.50437527514106,157.50437527514106,0.0,0.0,0.0,0.0,0.0,0.0,0.0,0.0,58.0,11.0,11.0,11.0,136.0,395.0087505502821,990.0,966.0390393774762,23.96096062252377,0.1749426067691498,0.0330017501100564,989.7920556431208,0.1755597131108131,0.1755597131108131,0.0,0.0,23.57745655253372,23.57745655253372,23.753016265644533,23.753016265644533,,0.9189761581926406,0.9189761581926406,0.0,0.0,33.46821262522959,33.46821262522959,0.0,0.0,0.6816336583549815,0.6816336583549815,0.0,0.0,0.97,0.97,0.96,0.96,32.4641662464727,32.4641662464727,0.0,0.0,64.9283324929454,1558.2799798306896,0.1197920373555334,5.7254434625073e-05,0.525
1947-08-01,1947-08-12,593.4044,0.8886647923374786,527.3375978981461,0.532,1947,8,1,1947.08,1946,11,305,44,0.0455619684583998,14.671152652136016,0.0278211770042797,0.2,2,Mod_Wet,54,9,8,6,107,184.0,0.3489225891220051,343.3375978981461,343.3375978981461,,2,171.66879894907305,171.66879894907305,0.0,0.0,0.0,0.0,0.0,0.0,0.0,0.0,54.0,9.0,8.0,6.0,107.0,414.3375978981461,990.0,965.9730191905415,24.026980809458337,0.1817643567110094,0.0386675195796292,989.7795681237094,0.2085718694357382,0.2085718694357382,0.0,0.0,23.597977063732,23.597977063732,23.806548933167733,23.806548933167733,,0.9244849961150228,0.9244849961150228,0.0,0.0,36.72862837973253,36.72862837973253,0.0,0.0,0.7480372378764263,0.7480372378764263,0.0,0.0,0.97,0.97,0.96,0.96,35.62676952834056,35.62676952834056,0.0,0.0,71.25353905668112,1710.0849373603469,0.1351193985421907,5.764777833576685e-05,0.53
1947-08-02,1947-08-13,587.589,0.8901106602929673,523.0192327708844,0.536,1947,8,2,1947.08,1946,11,306,44,0.0451888617114044,4.3183651272617,0.0082566086611836,0.2,2,Mod_Wet,54,9,8,6,107,184.0,0.3518035063934325,339.0192327708844,339.0192327708844,,2,169.5096163854422,169.5096163854422,0.0,0.0,0.0,0.0,0.0,0.0,0.0,0.0,54.0,9.0,8.0,6.0,107.0,410.0192327708844,990.0,965.953586547469,24.046413452531056,0.180240271672432,0.0378038465541768,989.7819558817732,0.2033328869973524,0.2033328869973524,0.0,0.0,23.62503644730705,23.62503644730705,23.8283693343044,23.8283693343044,,0.9237296581893768,0.9237296581893768,0.0,0.0,36.27859133454903,36.27859133454903,0.0,0.0,0.7388715139419354,0.7388715139419354,0.0,0.0,0.97,0.97,0.96,0.96,35.19023359451256,35.19023359451256,0.0,0.0,70.38046718902511,1689.1312125366026,0.1345657344494943,5.766672768073174e-05,0.535
1947-08-03,1947-08-14,576.0661,0.8889914195501405,512.1178199937132,0.544,1947,8,3,1947.08,1946,11,307,44,0.0442469796474568,10.901412777171233,0.0212869233437435,0.2,2,Mod_Wet,54,9,8,6,107,184.0,0.3592923206660897,328.1178199937132,328.1178199937132,,2,164.05890999685658,164.05890999685658,0.0,0.0,0.0,0.0,0.0,0.0,0.0,0.0,54.0,9.0,8.0,6.0,107.0,399.1178199937132,990.0,965.9045301899716,24.09546981002836,0.1763928248671225,0.0356235639987426,989.787983611134,0.1904354929927701,0.1904354929927701,0.0,0.0,23.693017928169706,23.693017928169706,23.88345342116247,23.88345342116247,,0.9217774402319988,0.9217774402319988,0.0,0.0,35.1386424766993,35.1386424766993,0.0,0.0,0.715654632926666,0.715654632926666,0.0,0.0,0.97,0.97,0.96,0.96,34.084483202398324,34.084483202398324,0.0,0.0,68.16896640479665,1636.0551937151197,0.1331118811792831,5.771044072429598e-05,0.545
1947-08-04,1947-08-15,570.3586,0.8854392210789449,505.01787451967766,0.547,1947,8,4,1947.08,1946,11,308,44,0.0436335443585001,7.099945474035508,0.0140588003559047,0.2,2,Mod_Wet,54,9,8,6,107,184.0,0.364343539671744,321.01787451967766,321.01787451967766,,2,160.50893725983883,160.50893725983883,0.0,0.0,0.0,0.0,0.0,0.0,0.0,0.0,54.0,9.0,8.0,6.0,107.0,392.01787451967766,990.0,965.8725804353384,24.127419564661523,0.173887033820557,0.0342035749039355,989.7919093912756,0.1822705556976293,0.1822705556976293,0.0,0.0,23.73705840023946,23.73705840023946,23.91932895593709,23.91932895593709,,0.9203615518644576,0.9203615518644576,0.0,0.0,34.389295959333644,34.389295959333644,0.0,0.0,0.700392993061785,0.700392993061785,0.0,0.0,0.97,0.97,0.96,0.96,33.35761708055363,33.35761708055363,0.0,0.0,66.71523416110726,1601.1656198665742,0.1321046987189514,5.7728902220553726e-05,0.545
1947-08-05,1947-08-16,564.6867,0.8760275090430032,494.6810831907137,0.5529999999999999,1947,8,5,1947.08,1946,11,309,45,0.0427404455876776,10.336791328964011,0.0208958694403498,0.2,2,Mod_Wet,54,9,8,6,107,184.0,0.3719568147081596,310.6810831907137,310.6810831907137,,2,155.34054159535685,155.34054159535685,0.0,0.0,0.0,0.0,0.0,0.0,0.0,0.0,54.0,9.0,8.0,6.0,107.0,381.6810831907137,990.0,965.8260648743582,24.173935125641837,0.1702388594427317,0.0321362166381427,989.7976249239192,0.1707560023416922,0.1707560023416922,0.0,0.0,23.80080404721924,23.80080404721924,23.97156004956093,23.97156004956093,,0.9183042716132408,0.9183042716132408,0.0,0.0,33.29674251970902,33.29674251970902,0.0,0.0,0.678141395513422,0.678141395513422,0.0,0.0,0.97,0.97,0.96,0.96,32.29784024411775,32.29784024411775,0.0,0.0,64.5956804882355,1550.296331717652,0.1305804541212505,5.775454493652204e-05,0.555
1947-08-06,1947-08-17,553.45,0.8781733244038457,486.0250263913084,0.5579999999999999,1947,8,6,1947.08,1946,11,310,45,0.041992562280209,8.656056799405293,0.0178098993454631,0.2,2,Mod_Wet,54,9,8,6,107,184.0,0.378581328138971,302.0250263913084,302.0250263913084,,2,151.0125131956542,151.0125131956542,0.0,0.0,0.0,0.0,0.0,0.0,0.0,0.0,54.0,9.0,8.0,6.0,107.0,373.0250263913084,990.0,965.7871126187608,24.21288738123917,0.1671838684282467,0.0304050052782616,989.8024111262936,0.1613870285026131,0.1613870285026131,0.0,0.0,23.85391147903013,23.85391147903013,24.015298507532748,24.015298507532748,,0.9165852784248794,0.9165852784248794,0.0,0.0,32.38054213187348,32.38054213187348,0.0,0.0,0.6594815098141237,0.6594815098141237,0.0,0.0,0.97,0.97,0.96,0.96,31.409125867917272,31.409125867917272,0.0,0.0,62.818251735834544,1507.638041660029,0.1292490063778286,5.777506115820113e-05,0.56
1947-08-07,1947-08-18,553.45,0.8781733244038457,486.0250263913084,0.5579999999999999,1947,8,7,1947.08,1946,11,311,45,0.041992562280209,0.0,0.0,0.2,2,Mod_Wet,54,9,8,6,107,184.0,0.378581328138971,302.0250263913084,302.0250263913084,,2,151.0125131956542,151.0125131956542,0.0,0.0,0.0,0.0,0.0,0.0,0.0,0.0,54.0,9.0,8.0,6.0,107.0,373.0250263913084,990.0,965.7871126187608,24.21288738123917,0.1671838684282467,0.0304050052782616,989.8024111262936,0.1613870285026131,0.1613870285026131,0.0,0.0,23.85391147903013,23.85391147903013,24.015298507532748,24.015298507532748,,0.9165852784248794,0.9165852784248794,0.0,0.0,32.38054213187348,32.38054213187348,0.0,0.0,0.6594815098141237,0.6594815098141237,0.0,0.0,0.97,0.97,0.96,0.96,31.409125867917272,31.409125867917272,0.0,0.0,62.818251735834544,1507.638041660029,0.1292490063778286,5.777506115820113e-05,0.56
1947-08-08,1947-08-19,547.8849,0.8752989863551575,479.5630976092969,0.5630000000000001,1947,8,8,1947.08,1946,11,312,45,0.0414342516334432,6.461928782011513,0.0134746164044425,0.2,2,Mod_Wet,54,9,8,6,107,184.0,0.3836825663135281,295.5630976092969,295.5630976092969,,2,147.78154880464845,147.78154880464845,0.0,0.0,0.0,0.0,0.0,0.0,0.0,0.0,54.0,9.0,8.0,6.0,107.0,366.5630976092969,990.0,965.7580339392418,24.24196606075816,0.1649032532679299,0.0291126195218593,989.8059841272104,0.1545856215136687,0.1545856215136687,0.0,0.0,23.8933645664548,23.8933645664548,24.047950187968468,24.047950187968468,,0.9153042112460404,0.9153042112460404,0.0,0.0,31.69579749308281,31.69579749308281,0.0,0.0,0.645535590490485,0.645535590490485,0.0,0.0,0.97,0.97,0.96,0.96,30.74492356829033,30.74492356829033,0.0,0.0,61.48984713658066,1475.7563312779355,0.1282205562586403,5.7789735023258064e-05,0.565
1947-08-09,1947-08-20,542.3552,0.8801399653154843,477.3484869166725,0.5650000000000001,1947,8,9,1947.08,1946,11,313,45,0.0412429092696005,2.2146106926243188,0.0046394002564648,0.2,2,Mod_Wet,54,9,8,6,107,184.0,0.3854626233100842,293.3484869166725,293.3484869166725,,2,146.67424345833626,146.67424345833626,0.0,0.0,0.0,0.0,0.0,0.0,0.0,0.0,54.0,9.0,8.0,6.0,107.0,364.3484869166725,990.0,965.748068191125,24.25193180887504,0.1641216484421605,0.0286696973833345,989.8072086541746,0.1522824263933394,0.1522824263933394,0.0,0.0,23.90685803665629,23.90685803665629,24.05914046304963,24.05914046304963,,0.9148656083884394,0.9148656083884394,0.0,0.0,31.460988273326336,31.460988273326336,0.0,0.0,0.6407533253223286,0.6407533253223286,0.0,0.0,0.97,0.97,0.96,0.96,30.517158625126545,30.517158625126545,0.0,0.0,61.03431725025309,1464.8236140060742,0.1278611306479482,5.7794663242204046e-05,0.565
1947-08-10,1947-08-21,536.8608,0.8801028281077824,472.4927083802066,0.5690000000000001,1947,8,10,1947.08,1946,11,314,45,0.0408233700040498,4.855778536465948,0.0102769385650679,0.2,2,Mod_Wet,54,9,8,6,107,184.0,0.3894239990089718,288.4927083802066,288.4927083802066,,2,144.2463541901033,144.2463541901033,0.0,0.0,0.0,0.0,0.0,0.0,0.0,0.0,54.0,9.0,8.0,6.0,107.0,359.4927083802066,990.0,965.7262171877107,24.27378281228914,0.1624078935372422,0.0276985416760413,989.8098935647868,0.1472776354640086,0.1472776354640086,0.0,0.0,23.936398741611896,23.936398741611896,24.083676377075903,24.083676377075903,,0.913849196321744,0.913849196321744,0.0,0.0,30.944031167574543,30.944031167574543,0.0,0.0,0.6302246673640436,0.6302246673640436,0.0,0.0,0.97,0.97,0.96,0.96,30.015710232547303,30.015710232547303,0.0,0.0,60.03142046509461,1440.7540911622707,0.1270525859984031,5.780178870815956e-05,0.57
1947-08-11,1947-08-22,525.9775,0.8881694527338079,467.1571483252964,0.58,1947,8,11,1947.08,1946,11,315,45,0.0403623776153056,5.335560054910161,0.011421338780831,0.22,2,Mod_Wet,54,9,8,6,107,184.0,0.3938717424310393,283.1571483252964,283.1571483252964,,2,141.5785741626482,141.5785741626482,0.0,0.0,0.0,0.0,0.0,0.0,0.0,0.0,54.0,9.0,8.0,6.0,107.0,354.1571483252964,990.0,965.7022071674638,24.29779283253617,0.1605248088483668,0.0266314296650592,989.8128437614866,0.1418887198085493,0.1418887198085493,0.0,0.0,23.968747874214277,23.968747874214277,24.11063659402282,24.11063659402282,,0.9126018081307704,0.9126018081307704,0.0,0.0,30.371266716945332,30.371266716945332,0.0,0.0,0.6185594036037746,0.6185594036037746,0.0,0.0,0.97,0.97,0.96,0.96,29.460128715436973,29.460128715436973,0.0,0.0,58.920257430873946,1414.0861783409746,0.1261251329281723,5.780090056720142e-05,0.58
1947-08-12,1947-08-23,520.5884,0.8885427859104034,462.56506724863937,0.581,1947,8,12,1947.08,1946,11,316,46,0.0399656218102824,4.592081076657053,0.0099274273000574,0.22,2,Mod_Wet,54,9,8,6,107,184.0,0.3977818755195704,278.56506724863937,278.56506724863937,,2,139.28253362431968,139.28253362431968,0.0,0.0,0.0,0.0,0.0,0.0,0.0,0.0,54.0,9.0,8.0,6.0,107.0,349.56506724863937,990.0,965.6815428026188,24.31845719738112,0.1589041209587104,0.0257130134497278,989.8153828655916,0.1373081152311801,0.1373081152311801,0.0,0.0,23.996531947741516,23.996531947741516,24.13384006297269,24.13384006297269,,0.911533965941636,0.911533965941636,0.0,0.0,29.878355791978613,29.878355791978613,0.0,0.0,0.6085204845616825,0.6085204845616825,0.0,0.0,0.97,0.97,0.96,0.96,28.982005118219256,28.982005118219256,0.0,0.0,57.96401023643851,1391.1362456745242,0.1253099603504678,5.780019050340883e-05,0.58
1947-08-13,1947-08-24,515.2343,0.8913623235036077,459.2604427967548,0.585,1947,8,13,1947.08,1946,11,317,46,0.0396801022576396,3.304624451884536,0.0071955346987003,0.22,2,Mod_Wet,54,9,8,6,107,184.0,0.4006441288073857,275.2604427967548,275.2604427967548,,2,137.6302213983774,137.6302213983774,0.0,0.0,0.0,0.0,0.0,0.0,0.0,0.0,54.0,9.0,8.0,6.0,107.0,346.2604427967548,990.0,965.6666719925854,24.333328007414597,0.15773781645763,0.0250520885593509,989.817210094983,0.1341026295128521,0.1341026295128521,0.0,0.0,24.01643547288475,24.01643547288475,24.150538102397604,24.150538102397604,,0.9107662169664018,0.9107662169664018,0.0,0.0,29.523508771203808,29.523508771203808,0.0,0.0,0.601293457661992,0.601293457661992,0.0,0.0,0.97,0.97,0.96,0.96,28.63780350806769,28.63780350806769,0.0,0.0,57.27560701613539,1374.6145683872494,0.1247126938852921,5.779940872057246e-05,0.585
1947-08-14,1947-08-25,509.9149,0.8935905892579125,455.65515596238953,0.59,1947,8,14,1947.08,1946,11,318,46,0.0393686054751504,3.6052868343653017,0.0079123143613958,0.22,2,Mod_Wet,54,9,8,6,107,184.0,0.4038141511015573,271.6551559623896,271.6551559623896,,2,135.82757798119476,135.82757798119476,0.0,0.0,0.0,0.0,0.0,0.0,0.0,0.0,54.0,9.0,8.0,6.0,107.0,342.6551559623896,990.0,965.6504482018308,24.349551798169276,0.1564653988731724,0.0243310311924779,989.8192035699344,0.1306055012835178,0.1306055012835178,0.0,0.0,24.03814986682017,24.03814986682017,24.16875536810369,24.16875536810369,,0.9099297859243988,0.9099297859243988,0.0,0.0,29.136378897003773,29.136378897003773,0.0,0.0,0.5934089388391807,0.5934089388391807,0.0,0.0,0.97,0.97,0.96,0.96,28.26228753009366,28.26228753009366,0.0,0.0,56.52457506018732,1356.5898014444956,0.1240512135560097,5.779853798256588e-05,0.59
1947-08-15,1947-08-26,504.6303,0.897830776149602,453.0726139176065,0.595,1947,8,15,1947.08,1946,11,319,46,0.0391454738424812,2.582542044782997,0.0057000621212842,0.22,2,Mod_Wet,54,9,8,6,107,184.0,0.4061159168482898,269.0726139176065,269.0726139176065,,2,134.53630695880324,134.53630695880324,0.0,0.0,0.0,0.0,0.0,0.0,0.0,0.0,54.0,9.0,8.0,6.0,107.0,340.0726139176065,990.0,965.6388267626292,24.36117323737085,0.1555539396574838,0.0238145227835212,989.820631537559,0.1281282570825501,0.1281282570825501,0.0,0.0,24.05367651784735,24.05367651784735,24.1818047749299,24.1818047749299,,0.9093316318696992,0.9093316318696992,0.0,0.0,28.859045728212195,28.859045728212195,0.0,0.0,0.5877606054625701,0.5877606054625701,0.0,0.0,0.97,0.97,0.96,0.96,27.993274356365827,27.993274356365827,0.0,0.0,55.98654871273165,1343.6771691055596,0.1235708074002307,5.779785189001833e-05,0.595
1947-08-16,1947-08-27,499.3804,0.8921883077628417,445.541354005931,0.598,1947,8,16,1947.08,1946,11,320,46,0.0384947729861124,7.5312599116755345,0.0169036158910072,0.22,2,Mod_Wet,54,9,8,6,107,184.0,0.4129807443139175,261.541354005931,261.541354005931,,2,130.7706770029655,130.7706770029655,0.0,0.0,0.0,0.0,0.0,0.0,0.0,0.0,54.0,9.0,8.0,6.0,107.0,332.541354005931,990.0,965.6049360930268,24.39506390697329,0.1528959243635569,0.0223082708011862,989.8247958048352,0.1210488727655751,0.1210488727655751,0.0,0.0,24.098810839042997,24.098810839042997,24.219859711808567,24.219859711808567,,0.9075920083562112,0.9075920083562112,0.0,0.0,28.05016029808497,28.05016029808497,0.0,0.0,0.5712863604497956,0.5712863604497956,0.0,0.0,0.97,0.97,0.96,0.96,27.20865548914242,27.20865548914242,0.0,0.0,54.41731097828484,1306.0154634788362,0.1221375086487716,5.779552443491384e-05,0.6
1947-08-17,1947-08-28,494.165,0.8960553284209241,442.799181369126,0.602,1947,8,17,1947.08,1946,11,321,46,0.0382578492702924,2.742172636805037,0.006192813248494,0.22,2,Mod_Wet,54,9,8,6,107,184.0,0.4155382569386776,258.799181369126,258.799181369126,,2,129.399590684563,129.399590684563,0.0,0.0,0.0,0.0,0.0,0.0,0.0,0.0,54.0,9.0,8.0,6.0,107.0,329.799181369126,990.0,965.592596316161,24.407403683838996,0.151928126559113,0.0217598362738252,989.826312037167,0.1185192632322134,0.1185192632322134,0.0,0.0,24.115196457773767,24.115196457773767,24.23371572100598,24.23371572100598,,0.9069603498841866,0.9069603498841866,0.0,0.0,27.755605593569584,27.755605593569584,0.0,0.0,0.5652872829647573,0.5652872829647573,0.0,0.0,0.97,0.97,0.96,0.96,26.92293742576249,26.92293742576249,0.0,0.0,53.84587485152499,1292.3009964365997,0.1216033748866351,5.779457021320118e-05,0.6
1947-08-18,1947-08-29,483.8375,0.9000891520783358,435.49688511870175,0.611,1947,8,18,1947.08,1946,11,322,46,0.0376269308742558,7.302296250424206,0.0167677347415099,0.22,2,Mod_Wet,54,9,8,6,107,184.0,0.4225058922059748,251.49688511870173,251.49688511870173,,2,125.74844255935088,125.74844255935088,0.0,0.0,0.0,0.0,0.0,0.0,0.0,0.0,54.0,9.0,8.0,6.0,107.0,322.4968851187017,990.0,965.559735983034,24.440264016965894,0.1493509196452576,0.0202993770237403,989.830349703331,0.1119471966068315,0.1119471966068315,0.0,0.0,24.158666523690037,24.158666523690037,24.270613720296865,24.270613720296865,,0.9052827381427568,0.9052827381427568,0.0,0.0,26.971090901225367,26.971090901225367,0.0,0.0,0.5493093869903333,0.5493093869903333,0.0,0.0,0.97,0.97,0.96,0.96,26.161958174188605,26.161958174188605,0.0,0.0,52.32391634837721,1255.773992361053,0.1201476247852277,5.7791654958360966e-05,0.61
1947-08-19,1947-08-30,483.8375,0.9000891520783358,435.49688511870175,0.611,1947,8,19,1947.08,1946,11,323,47,0.0376269308742558,0.0,0.0,0.22,2,Mod_Wet,54,9,8,6,107,184.0,0.4225058922059748,251.49688511870173,251.49688511870173,,2,125.74844255935088,125.74844255935088,0.0,0.0,0.0,0.0,0.0,0.0,0.0,0.0,54.0,9.0,8.0,6.0,107.0,322.4968851187017,990.0,965.559735983034,24.440264016965894,0.1493509196452576,0.0202993770237403,989.830349703331,0.1119471966068315,0.1119471966068315,0.0,0.0,24.158666523690037,24.158666523690037,24.270613720296865,24.270613720296865,,0.9052827381427568,0.9052827381427568,0.0,0.0,26.971090901225367,26.971090901225367,0.0,0.0,0.5493093869903333,0.5493093869903333,0.0,0.0,0.97,0.97,0.96,0.96,26.161958174188605,26.161958174188605,0.0,0.0,52.32391634837721,1255.773992361053,0.1201476247852277,5.7791654958360966e-05,0.61
1947-08-20,1947-08-31,478.7252,0.9002196493164109,430.9578316629287,0.615,1947,8,20,1947.08,1946,11,324,47,0.037234756655677,4.5390534557730575,0.0105324770134894,0.22,2,Mod_Wet,54,9,8,6,107,184.0,0.4269559258036981,246.9578316629287,246.9578316629287,,2,123.47891583146436,123.47891583146436,0.0,0.0,0.0,0.0,0.0,0.0,0.0,0.0,54.0,9.0,8.0,6.0,107.0,317.9578316629287,990.0,965.5393102424832,24.46068975751689,0.1477489468482899,0.0193915663325857,989.8328594868192,0.1079533135467479,0.1079533135467479,0.0,0.0,24.185595930789216,24.185595930789216,24.293549244335964,24.293549244335964,,0.9037202664642584,0.9037202664642584,0.0,0.0,26.468072871074064,26.468072871074064,0.0,0.0,0.5390646205921398,0.5390646205921398,0.0,0.0,0.97,0.97,0.96,0.96,25.67403068494184,25.67403068494184,0.0,0.0,51.34806136988368,1232.3534728772083,0.1191486906543684,5.775621807366372e-05,0.615
1947-08-21,1947-09-01,473.647,0.9007401735700734,426.6328809909446,0.62,1947,8,21,1947.08,1946,11,325,47,0.0368610809176176,4.324950671984085,0.0101374058697456,0.24,2,Mod_Wet,54,9,8,6,107,184.0,0.4312841513120631,242.6328809909446,242.6328809909446,,2,121.3164404954723,121.3164404954723,0.0,0.0,0.0,0.0,0.0,0.0,0.0,0.0,54.0,9.0,8.0,6.0,107.0,313.6328809909446,990.0,965.5198479644592,24.480152035540755,0.1462225375666515,0.0185265761981889,989.8352508862351,0.1041906064621218,0.1041906064621218,0.0,0.0,24.211212315313777,24.211212315313777,24.3154029217759,24.3154029217759,,0.9019829245134448,0.9019829245134448,0.0,0.0,25.98203784248653,25.98203784248653,0.0,0.0,0.5291657401728418,0.5291657401728418,0.0,0.0,0.97,0.97,0.96,0.96,25.202576707211936,25.202576707211936,0.0,0.0,50.40515341442387,1209.723681946173,0.1181464337613812,5.770624099595629e-05,0.62
1947-08-22,1947-09-02,468.6029,0.9015518661337044,422.4698189706656,0.626,1947,8,22,1947.08,1946,11,326,47,0.0365013923590655,4.163062020279028,0.00985410515341,0.24,2,Mod_Wet,54,9,8,6,107,184.0,0.4355340706900914,238.4698189706656,238.4698189706656,,2,119.2349094853328,119.2349094853328,0.0,0.0,0.0,0.0,0.0,0.0,0.0,0.0,54.0,9.0,8.0,6.0,107.0,309.4698189706656,990.0,965.501114185368,24.49888581463199,0.1447532638130909,0.0176939637941331,989.8375527723928,0.1006299497456524,0.1006299497456524,0.0,0.0,24.235808637279103,24.235808637279103,24.33643858702476,24.33643858702476,,0.900306402775183,0.900306402775183,0.0,0.0,25.514671389653422,25.514671389653422,0.0,0.0,0.519647075145691,0.519647075145691,0.0,0.0,0.97,0.97,0.96,0.96,24.749231247963824,24.749231247963824,0.0,0.0,49.49846249592765,1187.9630999022636,0.1171644938247401,5.765749718301588e-05,0.625
1947-08-23,1947-09-03,463.5928,0.9065907191323836,420.28892993659525,0.63,1947,8,23,1947.08,1946,11,327,47,0.0363129635465218,2.180889034070333,0.0051890232616865,0.24,2,Mod_Wet,54,9,8,6,107,184.0,0.4377940671141593,236.28892993659525,236.28892993659525,,2,118.14446496829764,118.14446496829764,0.0,0.0,0.0,0.0,0.0,0.0,0.0,0.0,54.0,9.0,8.0,6.0,107.0,307.28892993659525,990.0,965.4913001847146,24.508699815285357,0.1439835604069012,0.017257785987319,989.8387586536056,0.098819811847374,0.098819811847374,0.0,0.0,24.24863865704372,24.24863865704372,24.34745846889109,24.34745846889109,,0.8994264473878206,0.8994264473878206,0.0,0.0,25.269991450940854,25.269991450940854,0.0,0.0,0.5146637770049054,0.5146637770049054,0.0,0.0,0.97,0.97,0.96,0.96,24.511891707412627,24.511891707412627,0.0,0.0,49.02378341482525,1176.570801955806,0.1166430517744566,5.763163606049321e-05,0.63
1947-08-24,1947-09-04,453.6742,0.9119592484433596,413.7323824701425,0.64,1947,8,24,1947.08,1946,11,328,47,0.0357464778454203,6.556547466452741,0.0158473151830843,0.24,2,Mod_Wet,54,9,8,6,107,184.0,0.4447319276810018,229.7323824701425,229.7323824701425,,2,114.86619123507126,114.86619123507126,0.0,0.0,0.0,0.0,0.0,0.0,0.0,0.0,54.0,9.0,8.0,6.0,107.0,300.7323824701425,990.0,965.4617957211155,24.538204278884336,0.1416695513771275,0.0159464764940285,989.8423839721288,0.093385905976114,0.093385905976114,0.0,0.0,24.287202345037024,24.287202345037024,24.380588251013137,24.380588251013137,,0.8967743158581459,0.8967743158581459,0.0,0.0,24.53531130754084,24.53531130754084,0.0,0.0,0.4997008412941108,0.4997008412941108,0.0,0.0,0.9699700841294112,0.9699700841294112,0.96,0.96,23.79851797311668,23.79851797311668,0.0,0.0,47.59703594623336,1142.3288627096008,0.1150430518927733,5.755130701120052e-05,0.64
1947-08-25,1947-09-05,453.6742,0.9119592484433596,413.7323824701425,0.64,1947,8,25,1947.08,1946,11,329,47,0.0357464778454203,0.0,0.0,0.24,2,Mod_Wet,54,9,8,6,107,184.0,0.4447319276810018,229.7323824701425,229.7323824701425,,2,114.86619123507126,114.86619123507126,0.0,0.0,0.0,0.0,0.0,0.0,0.0,0.0,54.0,9.0,8.0,6.0,107.0,300.7323824701425,990.0,965.4617957211155,24.538204278884336,0.1416695513771275,0.0159464764940285,989.8423839721288,0.093385905976114,0.093385905976114,0.0,0.0,24.287202345037024,24.287202345037024,24.380588251013137,24.380588251013137,,0.8967743158581459,0.8967743158581459,0.0,0.0,24.53531130754084,24.53531130754084,0.0,0.0,0.4997008412941108,0.4997008412941108,0.0,0.0,0.9699700841294112,0.9699700841294112,0.96,0.96,23.79851797311668,23.79851797311668,0.0,0.0,47.59703594623336,1142.3288627096008,0.1150430518927733,5.755130701120052e-05,0.64
1947-08-26,1947-09-06,448.7655,0.9091709283658698,408.00454625357366,0.643,1947,8,26,1947.08,1946,11,330,48,0.0352515927963087,5.727836216568846,0.0140386578266434,0.24,2,Mod_Wet,54,9,8,6,107,184.0,0.4509753670382989,224.0045462535737,224.0045462535737,,2,112.00227312678685,112.00227312678685,0.0,0.0,0.0,0.0,0.0,0.0,0.0,0.0,54.0,9.0,8.0,6.0,107.0,295.00454625357366,990.0,965.436020458141,24.563979541859,0.1396480202597184,0.0148009092507147,989.8455510704896,0.0888036370028589,0.0888036370028589,0.0,0.0,24.320726975345615,24.320726975345615,24.40953061234848,24.40953061234848,,0.8944490644679725,0.8944490644679725,0.0,0.0,23.894486561087376,23.894486561087376,0.0,0.0,0.4866494207960768,0.4866494207960768,0.0,0.0,0.9686649420796076,0.9686649420796076,0.96,0.96,23.145751440717667,23.145751440717667,0.0,0.0,46.291502881435335,1110.996069154448,0.1134583016451618,5.7403972443677855e-05,0.645
1947-08-27,1947-09-07,443.8904,0.9076618404997884,402.90237744418727,0.648,1947,8,27,1947.08,1946,11,331,48,0.0348107654111777,5.102168809386399,0.0126635361194739,0.24,2,Mod_Wet,54,9,8,6,107,184.0,0.4566863098877814,218.90237744418727,218.90237744418727,,1,218.90237744418727,0.0,0.0,0.0,0.0,0.0,0.0,0.0,0.0,0.0,54.0,9.0,8.0,6.0,107.0,289.90237744418727,990.0,965.4130606984988,24.58693930150116,0.1378473065827781,0.0137804754888374,989.8483722179284,0.3390193225280967,0.0,0.0,0.0,24.09629219690145,24.435311519429547,24.435311519429547,24.435311519429547,,0.939436792766516,0.0,0.0,0.0,48.596720680436526,0.0,0.0,0.0,0.9897499120251838,0.0,0.0,0.0,0.98,0.96,0.96,0.96,47.6247862668278,0.0,0.0,0.0,47.6247862668278,1142.994870403867,0.1182042820619123,6.043382192006585e-05,0.65
1947-08-28,1947-09-08,439.0488,0.9068394067509818,398.1467533267305,0.657,1947,8,28,1947.08,1946,11,332,48,0.0343998794874295,4.755624117456762,0.0119444000929832,0.24,2,Mod_Wet,54,9,8,6,107,184.0,0.4621411538900692,214.1467533267305,214.1467533267305,,1,214.1467533267305,0.0,0.0,0.0,0.0,0.0,0.0,0.0,0.0,0.0,54.0,9.0,8.0,6.0,107.0,285.1467533267305,990.0,965.3907337666336,24.609266233366384,0.1361688992798019,0.0128293506653461,989.8510017500548,0.3244402599801915,0.0,0.0,0.0,24.13582772344101,24.460267983421204,24.460267983421204,24.460267983421204,,0.9382337665399488,0.0,0.0,0.0,47.55798550041278,0.0,0.0,0.0,0.9685944093770422,0.0,0.0,0.0,0.98,0.96,0.96,0.96,46.60682579040452,0.0,0.0,0.0,46.60682579040452,1118.5638189697086,0.1170594144017988,6.045546008153552e-05,0.655
1947-08-29,1947-09-09,429.4657,0.9060885103777592,389.1339363713416,0.6629999999999999,1947,8,29,1947.08,1946,11,333,48,0.0336211721024839,9.012816955388873,0.0231612206312125,0.24,2,Mod_Wet,54,9,8,6,107,184.0,0.4728449071180803,205.1339363713416,205.1339363713416,,1,205.1339363713416,0.0,0.0,0.0,0.0,0.0,0.0,0.0,0.0,0.0,54.0,9.0,8.0,6.0,107.0,276.1339363713416,990.0,965.3456696818566,24.65433031814337,0.1329879965371347,0.0110267872742683,989.8559852161884,0.2976937729317442,0.0,0.0,0.0,24.212621761400136,24.51031553433188,24.51031553433188,24.51031553433188,,0.9359660500102616,0.0,0.0,0.0,45.59089596080332,0.0,0.0,0.0,0.9285314859634076,0.0,0.0,0.0,0.98,0.96,0.96,0.96,44.67907804158725,0.0,0.0,0.0,44.67907804158725,1072.297872998094,0.1148167092755206,6.050122778848934e-05,0.665
1947-08-30,1947-09-10,424.724,0.9100759486875,386.53109723034976,0.6709999999999999,1947,8,30,1947.08,1946,11,334,48,0.0333962868007022,2.6028391409918754,0.0067338414933294,0.24,2,Mod_Wet,54,9,8,6,107,184.0,0.4760289697735415,202.53109723034976,202.53109723034976,,1,202.53109723034976,0.0,0.0,0.0,0.0,0.0,0.0,0.0,0.0,0.0,54.0,9.0,8.0,6.0,107.0,273.53109723034976,990.0,965.3326554861516,24.66734451384832,0.1320693738464396,0.0105062194460699,989.8574244067077,0.2902389380788003,0.0,0.0,0.0,24.234529982477056,24.524768920555857,24.524768920555857,24.524768920555857,,0.9352015807550044,0.0,0.0,0.0,45.01634685808035,0.0,0.0,0.0,0.9168298749099868,0.0,0.0,0.0,0.98,0.96,0.96,0.96,44.11601992091874,0.0,0.0,0.0,44.11601992091874,1058.7844781020497,0.1141331712688259,6.050651058338622e-05,0.67
1947-08-31,1947-09-11,420.0154,0.9067213782142306,380.8369423592014,0.675,1947,8,31,1947.08,1946,11,335,48,0.032904311819835,5.694154871148385,0.0149516872913492,0.24,2,Mod_Wet,54,9,8,6,107,184.0,0.4831464060712186,196.83694235920137,196.83694235920137,,1,196.83694235920137,0.0,0.0,0.0,0.0,0.0,0.0,0.0,0.0,0.0,54.0,9.0,8.0,6.0,107.0,267.8369423592014,990.0,965.304184711796,24.695815288204017,0.1300597299208545,0.0096836942359201,989.8602565758432,0.2741434386057638,0.0,0.0,0.0,24.28192842544146,24.556071864047222,24.556071864047222,24.556071864047222,,0.9335230841683656,0.0,0.0,0.0,43.75760523426659,0.0,0.0,0.0,0.8911935892925986,0.0,0.0,0.0,0.9791193589292598,0.96,0.96,0.96,42.84391838525473,0.0,0.0,0.0,42.84391838525473,1028.2540412461135,0.1124993760317632,6.046166079246762e-05,0.675
1947-09-01,1947-09-12,415.3399,0.9079714249478594,377.11676084070143,0.68,1947,9,1,1947.09,1946,12,336,48,0.0325828881366366,3.720181518499942,0.0098648002549836,0.22,2,Mod_Wet,46,7,6,4,75,138.0,0.3659344116457683,239.11676084070143,239.11676084070143,,2,119.55838042035072,119.55838042035072,0.0,0.0,0.0,0.0,0.0,0.0,0.0,0.0,46.0,7.0,6.0,4.0,75.0,298.11676084070143,990.0,965.2855838042036,24.714416195796503,0.1407464173496586,0.0178233521681402,989.8414302304822,0.1011669114977821,0.1011669114977821,0.0,0.0,24.45467951478088,24.45467951478088,24.555846426278663,24.555846426278663,,0.9008511467568194,0.9008511467568194,0.0,0.0,25.830554795413533,25.830554795413533,0.0,0.0,0.5260805457314365,0.5260805457314365,0.0,0.0,0.97,0.97,0.96,0.96,25.05563815155113,25.05563815155113,0.0,0.0,50.11127630310225,1202.670631274454,0.1328800029767699,5.821339718781684e-05,0.68
1947-09-02,1947-09-13,410.6973,0.908236127635729,373.01012538244936,0.6880000000000001,1947,9,2,1947.09,1946,12,337,49,0.0322280748330436,4.106635458252072,0.0110094476766321,0.22,2,Mod_Wet,46,7,6,4,75,138.0,0.3699631474038615,235.01012538244936,235.01012538244936,,2,117.50506269122468,117.50506269122468,0.0,0.0,0.0,0.0,0.0,0.0,0.0,0.0,46.0,7.0,6.0,4.0,75.0,294.01012538244936,990.0,965.2650506269122,24.73494937308783,0.1392970582805745,0.0170020250764898,989.8437009166428,0.0977584040674329,0.0977584040674329,0.0,0.0,24.480891885663283,24.480891885663283,24.57865028973072,24.57865028973072,,0.8991782717607666,0.8991782717607666,0.0,0.0,25.36695379087698,25.36695379087698,0.0,0.0,0.5166385700789609,0.5166385700789609,0.0,0.0,0.97,0.97,0.96,0.96,24.60594517715067,24.60594517715067,0.0,0.0,49.21189035430134,1181.085368503232,0.1319317814867468,5.8167576910209e-05,0.69
1947-09-03,1947-09-14,406.0875,0.9120318780949216,370.3647452958713,0.6890000000000001,1947,9,3,1947.09,1946,12,338,49,0.0319995139935632,2.645380086578029,0.0071426347139621,0.22,2,Mod_Wet,46,7,6,4,75,138.0,0.3726056590233951,232.36474529587127,232.36474529587127,,2,116.18237264793564,116.18237264793564,0.0,0.0,0.0,0.0,0.0,0.0,0.0,0.0,46.0,7.0,6.0,4.0,75.0,291.3647452958713,990.0,965.2518237264792,24.7481762735207,0.1383634215702714,0.0164729490591742,989.8451636293704,0.0955627385955731,0.0955627385955731,0.0,0.0,24.497777164295645,24.497777164295645,24.593339902891216,24.593339902891216,,0.8980984006301287,0.8980984006301287,0.0,0.0,25.068569001280636,25.068569001280636,0.0,0.0,0.5105614867877929,0.5105614867877929,0.0,0.0,0.97,0.97,0.96,0.96,24.31651193124221,24.31651193124221,0.0,0.0,48.63302386248443,1167.1925726996262,0.1313111587433443,5.813779227969053e-05,0.69
1947-09-04,1947-09-15,401.5105,0.9082764151386006,364.6825175805071,0.6940000000000001,1947,9,4,1947.09,1946,12,339,49,0.0315085695189558,5.682227715364206,0.0155813000114813,0.22,2,Mod_Wet,46,7,6,4,75,138.0,0.3784113395826143,226.68251758050712,226.68251758050712,,2,113.34125879025356,113.34125879025356,0.0,0.0,0.0,0.0,0.0,0.0,0.0,0.0,46.0,7.0,6.0,4.0,75.0,285.6825175805071,990.0,965.2234125879024,24.776587412097456,0.1363579871080244,0.0153365035161014,989.848305509376,0.0909460140644057,0.0909460140644057,0.0,0.0,24.533946907408957,24.533946907408957,24.62489292147336,24.62489292147336,,0.8957727896516028,0.8957727896516028,0.0,0.0,24.428231008101168,24.428231008101168,0.0,0.0,0.4975199797983944,0.4975199797983944,0.0,0.0,0.9697519979798396,0.9697519979798396,0.96,0.96,23.68932582721917,23.68932582721917,0.0,0.0,47.37865165443835,1137.0876397065203,0.1299175292766236,5.805801307991577e-05,0.695
1947-09-05,1947-09-16,396.9661,0.9077571128687334,360.34880084276085,0.7000000000000001,1947,9,5,1947.09,1946,12,340,49,0.0311341363928145,4.333716737746272,0.0120264497276273,0.22,2,Mod_Wet,46,7,6,4,75,138.0,0.3829622845344688,222.34880084276085,222.34880084276085,,2,111.17440042138044,111.17440042138044,0.0,0.0,0.0,0.0,0.0,0.0,0.0,0.0,46.0,7.0,6.0,4.0,75.0,281.34880084276085,990.0,965.2017440042138,24.798255995786235,0.1348284840097952,0.0144697601685521,989.8507017558215,0.0874790406742086,0.0874790406742086,0.0,0.0,24.561478710933688,24.561478710933688,24.64895775160789,24.64895775160789,,0.8939935866181952,0.8939935866181952,0.0,0.0,23.94045545466625,23.94045545466625,0.0,0.0,0.4875856508078666,0.4875856508078666,0.0,0.0,0.9687585650807866,0.9687585650807866,0.96,0.96,23.192521273642967,23.192521273642967,0.0,0.0,46.385042547285934,1113.2410211348624,0.1287226221893996,5.794829561516052e-05,0.7
1947-09-06,1947-09-17,392.4543,0.9019707790507928,353.9823107128336,0.7040000000000001,1947,9,6,1947.09,1946,12,341,49,0.0305840716455888,6.366490129927229,0.017985334117704,0.22,2,Mod_Wet,46,7,6,4,75,138.0,0.3898499891763004,215.9823107128336,215.9823107128336,,1,215.9823107128336,0.0,0.0,0.0,0.0,0.0,0.0,0.0,0.0,0.0,46.0,7.0,6.0,4.0,75.0,274.9823107128336,990.0,965.169911553564,24.830088446435862,0.1325815521109575,0.0131964621425667,989.8542219857464,0.3300255169955275,0.0,0.0,0.0,24.35428491518679,24.684310432182315,24.684310432182315,24.684310432182315,,0.938848312061818,0.0,0.0,0.0,48.43147489775633,0.0,0.0,0.0,0.9863844174695792,0.0,0.0,0.0,0.98,0.96,0.96,0.96,47.4628453998012,0.0,0.0,0.0,47.4628453998012,1139.1082895952288,0.1340825345318037,6.104260890002417e-05,0.705
1947-09-07,1947-09-18,387.9749,0.9026852126280548,350.2192051008483,0.7090000000000001,1947,9,7,1947.09,1946,12,342,49,0.0302589393207132,3.7631056119853374,0.0107450007229093,0.22,2,Mod_Wet,46,7,6,4,75,138.0,0.3940389275918259,212.21920510084828,212.21920510084828,,1,212.21920510084828,0.0,0.0,0.0,0.0,0.0,0.0,0.0,0.0,0.0,46.0,7.0,6.0,4.0,75.0,271.2192051008483,990.0,965.1510960255042,24.848903974495784,0.1312534353832619,0.0124438410201696,989.8563027235964,0.3186576153025449,0.0,0.0,0.0,24.386549082789752,24.705206698092297,24.705206698092297,24.705206698092297,,0.9379078599669332,0.0,0.0,0.0,47.60295430158605,0.0,0.0,0.0,0.9695102709080662,0.0,0.0,0.0,0.98,0.96,0.96,0.96,46.65089521555433,0.0,0.0,0.0,46.65089521555433,1119.621485173304,0.133204845811128,6.10622492821167e-05,0.71
1947-09-08,1947-09-19,379.1131,0.9090149185803196,344.6194637292325,0.718,1947,9,8,1947.09,1946,12,343,49,0.0297751216662056,5.599741371615778,0.016249057180402,0.22,2,Mod_Wet,46,7,6,4,75,138.0,0.4004416886575698,206.6194637292325,206.6194637292325,,1,206.6194637292325,0.0,0.0,0.0,0.0,0.0,0.0,0.0,0.0,0.0,46.0,7.0,6.0,4.0,75.0,265.6194637292325,990.0,965.1230973186462,24.87690268135384,0.1292771129110132,0.0113238927458465,989.8593989943432,0.3020612233639436,0.0,0.0,0.0,24.434240452333007,24.73630167569695,24.73630167569695,24.73630167569695,,0.9365128895965548,0.0,0.0,0.0,46.368445025374974,0.0,0.0,0.0,0.9443675157917508,0.0,0.0,0.0,0.98,0.96,0.96,0.96,45.44107612486747,0.0,0.0,0.0,45.44107612486747,1090.5858269968194,0.131858704767095,6.109066841029985e-05,0.72
1947-09-09,1947-09-20,374.7305,0.908907350449394,340.5953058875766,0.721,1947,9,9,1947.09,1946,12,344,50,0.0294274344286866,4.024157841655892,0.0118150713532857,0.22,2,Mod_Wet,46,7,6,4,75,138.0,0.4051729357818892,202.5953058875766,202.5953058875766,,1,202.5953058875766,0.0,0.0,0.0,0.0,0.0,0.0,0.0,0.0,0.0,46.0,7.0,6.0,4.0,75.0,261.5953058875766,990.0,965.102976529438,24.89702347056209,0.1278568627518446,0.0105190611775153,989.8616240760706,0.2904225748384691,0.0,0.0,0.0,24.468224971794218,24.758647546632687,24.758647546632687,24.758647546632687,,0.9354095656737924,0.0,0.0,0.0,45.47496251891856,0.0,0.0,0.0,0.9261703160675876,0.0,0.0,0.0,0.98,0.96,0.96,0.96,44.565463268540185,0.0,0.0,0.0,44.565463268540185,1069.5711184449644,0.1308457941086549,6.110356455761982e-05,0.72
1947-09-10,1947-09-21,370.3799,0.9134433097017404,338.3210417029997,0.727,1947,9,10,1947.09,1946,12,345,50,0.0292309380031391,2.2742641845769067,0.0067222073245252,0.22,2,Mod_Wet,46,7,6,4,75,138.0,0.4078965922585016,200.3210417029997,200.3210417029997,,1,200.3210417029997,0.0,0.0,0.0,0.0,0.0,0.0,0.0,0.0,0.0,46.0,7.0,6.0,4.0,75.0,259.3210417029997,990.0,965.0916052085148,24.90839479148508,0.1270542043579065,0.0100642083405999,989.8628815873014,0.2839181792705791,0.0,0.0,0.0,24.487358199515946,24.771276378786524,24.771276378786524,24.771276378786524,,0.934748418443932,0.0,0.0,0.0,44.967831254356845,0.0,0.0,0.0,0.9158417770744774,0.0,0.0,0.0,0.98,0.96,0.96,0.96,44.06847462926971,0.0,0.0,0.0,44.06847462926971,1057.643391102473,0.1302563813573141,6.110812348272455e-05,0.725
1947-09-11,1947-09-22,366.0613,0.9164389073302937,335.4728177879068,0.731,1947,9,11,1947.09,1946,12,346,50,0.0289848514568751,2.848223915092888,0.0084901779341585,0.28,2,Mod_Wet,46,7,6,4,75,138.0,0.4113597069055132,197.4728177879068,197.4728177879068,,1,197.4728177879068,0.0,0.0,0.0,0.0,0.0,0.0,0.0,0.0,0.0,46.0,7.0,6.0,4.0,75.0,256.4728177879068,990.0,965.0773640889396,24.922635911060524,0.1260489777669202,0.0097472817787906,989.8642037404544,0.2759238898061391,0.0,0.0,0.0,24.51091576170867,24.78683965151481,24.78683965151481,24.78683965151481,,0.9339224432824376,0.0,0.0,0.0,44.33190279497671,0.0,0.0,0.0,0.902890077290768,0.0,0.0,0.0,0.98,0.96,0.96,0.96,43.44526473907718,0.0,0.0,0.0,43.44526473907718,1042.6863537378524,0.1295045751412986,6.111286216186841e-05,0.73
1947-09-12,1947-09-23,361.7746,0.9166247913690906,331.6115672476363,0.736,1947,9,12,1947.09,1946,12,347,50,0.0286512394101957,3.861250540270533,0.0116438958155735,0.28,2,Mod_Wet,46,7,6,4,75,138.0,0.4161495364754459,193.6115672476363,193.6115672476363,,1,193.6115672476363,0.0,0.0,0.0,0.0,0.0,0.0,0.0,0.0,0.0,46.0,7.0,6.0,4.0,75.0,252.6115672476363,990.0,965.0580578362382,24.94194216376184,0.1246862226489071,0.0093611567247636,989.8659526206264,0.2652234629135707,0.0,0.0,0.0,24.5426713214746,24.807894784388168,24.807894784388168,24.807894784388168,,0.9328066947784444,0.0,0.0,0.0,43.46938397593859,0.0,0.0,0.0,0.8853235025649407,0.0,0.0,0.0,0.978532350256494,0.96,0.96,0.96,42.536198466177176,0.0,0.0,0.0,42.536198466177176,1020.8687631882522,0.1282711541675884,6.1027400650791776e-05,0.735
1947-09-13,1947-09-24,361.7746,0.9166247913690906,331.6115672476363,0.736,1947,9,13,1947.09,1946,12,348,50,0.0286512394101957,0.0,0.0,0.28,2,Mod_Wet,46,7,6,4,75,138.0,0.4161495364754459,193.6115672476363,193.6115672476363,,1,193.6115672476363,0.0,0.0,0.0,0.0,0.0,0.0,0.0,0.0,0.0,46.0,7.0,6.0,4.0,75.0,252.6115672476363,990.0,965.0580578362382,24.94194216376184,0.1246862226489071,0.0093611567247636,989.8659526206264,0.2652234629135707,0.0,0.0,0.0,24.5426713214746,24.807894784388168,24.807894784388168,24.807894784388168,,0.9328066947784444,0.0,0.0,0.0,43.46938397593859,0.0,0.0,0.0,0.8853235025649407,0.0,0.0,0.0,0.978532350256494,0.96,0.96,0.96,42.536198466177176,0.0,0.0,0.0,42.536198466177176,1020.8687631882522,0.1282711541675884,6.1027400650791776e-05,0.735
1947-09-14,1947-09-25,357.5196,0.9208048873506705,329.2057950036568,0.742,1947,9,14,1947.09,1946,12,349,50,0.0284433806883159,2.40577224397947,0.0073078064860697,0.28,2,Mod_Wet,46,7,6,4,75,138.0,0.419190676757276,191.2057950036568,191.2057950036568,,1,191.2057950036568,0.0,0.0,0.0,0.0,0.0,0.0,0.0,0.0,0.0,46.0,7.0,6.0,4.0,75.0,250.2057950036568,990.0,965.0460289750184,24.953971024981684,0.1238371509805281,0.0091205795003656,989.8670422695192,0.2586797624099465,0.0,0.0,0.0,24.5623335320908,24.821013294500744,24.821013294500744,24.821013294500744,,0.932113812958862,0.0,0.0,0.0,42.93172296777679,0.0,0.0,0.0,0.8743731765331321,0.0,0.0,0.0,0.9774373176533132,0.96,0.96,0.96,41.96306813985888,0.0,0.0,0.0,41.96306813985888,1007.1136353566131,0.1274675864663705,6.096262833668058e-05,0.74
1947-09-15,1947-09-26,353.2963,0.921778111561846,325.6607962357874,0.746,1947,9,15,1947.09,1946,12,350,50,0.028137092794772,3.544998767869401,0.010885555795616,0.28,2,Mod_Wet,46,7,6,4,75,138.0,0.4237538002581194,187.66079623578744,187.66079623578744,,1,187.66079623578744,0.0,0.0,0.0,0.0,0.0,0.0,0.0,0.0,0.0,46.0,7.0,6.0,4.0,75.0,246.66079623578744,990.0,965.028303981179,24.971696018821035,0.1225860109252843,0.0087660796235787,989.8686479094512,0.2491777179871945,0.0,0.0,0.0,24.59116621028501,24.840343928272205,24.840343928272205,24.840343928272205,,0.9310960326160872,0.0,0.0,0.0,42.13915818928911,0.0,0.0,0.0,0.8582313276840959,0.0,0.0,0.0,0.9758231327684096,0.96,0.96,0.96,41.12036535649568,0.0,0.0,0.0,41.12036535649568,986.8887685558964,0.1262674716508504,6.086686158885338e-05,0.745
1947-09-16,1947-09-27,349.1046,0.9270188758292952,323.62655383883583,0.7509999999999999,1947,9,16,1947.09,1946,12,351,51,0.0279613342516754,2.0342423969515835,0.0062857709691047,0.28,2,Mod_Wet,46,7,6,4,75,138.0,0.4264174195938298,185.62655383883583,185.62655383883583,,1,185.62655383883583,0.0,0.0,0.0,0.0,0.0,0.0,0.0,0.0,0.0,46.0,7.0,6.0,4.0,75.0,244.62655383883583,990.0,965.0181327691942,24.981867230805847,0.1218680636673136,0.0085626553838835,989.8695692809488,0.2437666332113033,0.0,0.0,0.0,24.607669878543323,24.851436511754628,24.851436511754628,24.851436511754628,,0.930513747999892,0.0,0.0,0.0,41.6842591791821,0.0,0.0,0.0,0.8489665820607352,0.0,0.0,0.0,0.9748966582060736,0.96,0.96,0.96,40.63784497358047,0.0,0.0,0.0,40.63784497358047,975.3082793659312,0.1255701810977411,6.081182911061155e-05,0.75
1947-09-17,1947-09-28,344.9443,0.9283094176295976,320.2150422476492,0.757,1947,9,17,1947.09,1946,12,352,51,0.0276665796501968,3.4115115911866383,0.0106538142844277,0.28,2,Mod_Wet,46,7,6,4,75,138.0,0.4309603915898273,182.2150422476492,182.2150422476492,,1,182.2150422476492,0.0,0.0,0.0,0.0,0.0,0.0,0.0,0.0,0.0,46.0,7.0,6.0,4.0,75.0,241.2150422476492,990.0,965.0010752112382,24.99892478876177,0.1206640353784047,0.0082215042247649,989.8711144603968,0.2349148089989349,0.0,0.0,0.0,24.63512444015966,24.870039249158594,24.870039249158594,24.870039249158594,,0.929334437667947,0.0,0.0,0.0,40.91190636566266,0.0,0.0,0.0,0.8332363821927221,0.0,0.0,0.0,0.973323638219272,0.96,0.96,0.96,39.82052555031298,0.0,0.0,0.0,39.82052555031298,955.6926132075116,0.1243555745251855,6.070441254940832e-05,0.755
1947-09-18,1947-09-29,340.8154,0.928721014594374,316.52242407738737,0.763,1947,9,18,1947.09,1946,12,353,51,0.0273475374402862,3.692618170261824,0.0116662134792668,0.28,2,Mod_Wet,46,7,6,4,75,138.0,0.4359880675192227,178.52242407738737,178.52242407738737,,1,178.52242407738737,0.0,0.0,0.0,0.0,0.0,0.0,0.0,0.0,0.0,46.0,7.0,6.0,4.0,75.0,237.52242407738737,990.0,964.9826121203868,25.017387879613125,0.119360795855895,0.0078522424077387,989.8727869617364,0.2255060601934684,0.0,0.0,0.0,24.66466878115609,24.89017484134956,24.89017484134956,24.89017484134956,,0.9280054043592436,0.0,0.0,0.0,40.07349933359178,0.0,0.0,0.0,0.8161608825578774,0.0,0.0,0.0,0.9716160882557876,0.96,0.96,0.96,38.936056665225365,0.0,0.0,0.0,38.936056665225365,934.4653599654088,0.1230120007412359,6.058382498328339e-05,0.765
1947-09-19,1947-09-30,336.7179,0.9260439379072553,311.8155700798613,0.7659999999999999,1947,9,19,1947.09,1946,12,354,51,0.0269408652549,4.706853997526082,0.0150949934806673,0.28,2,Mod_Wet,46,7,6,4,75,138.0,0.4425693045560741,173.8155700798613,173.8155700798613,,1,173.8155700798613,0.0,0.0,0.0,0.0,0.0,0.0,0.0,0.0,0.0,46.0,7.0,6.0,4.0,75.0,232.8155700798613,990.0,964.9590778503992,25.04092214960076,0.1176995788835048,0.0073815570079861,989.8749188641084,0.2138099909948615,0.0,0.0,0.0,24.702031022714408,24.91584101370927,24.91584101370927,24.91584101370927,,0.9263066076849772,0.0,0.0,0.0,39.004507764637104,0.0,0.0,0.0,0.7943891601759084,0.0,0.0,0.0,0.97,0.96,0.96,0.96,37.83437253169799,0.0,0.0,0.0,37.83437253169799,908.0249407607516,0.1213357386932537,6.046378883458453e-05,0.765
1947-09-20,1947-10-01,336.7179,0.9260439379072553,311.8155700798613,0.7659999999999999,1947,9,20,1947.09,1946,12,355,51,0.0269408652549,0.0,0.0,0.28,2,Mod_Wet,46,7,6,4,75,138.0,0.4425693045560741,173.8155700798613,173.8155700798613,,1,173.8155700798613,0.0,0.0,0.0,0.0,0.0,0.0,0.0,0.0,0.0,46.0,7.0,6.0,4.0,75.0,232.8155700798613,990.0,964.9590778503992,25.04092214960076,0.1176995788835048,0.0073815570079861,989.8749188641084,0.2138099909948615,0.0,0.0,0.0,24.702031022714408,24.91584101370927,24.91584101370927,24.91584101370927,,0.9263066076849772,0.0,0.0,0.0,39.004507764637104,0.0,0.0,0.0,0.7943891601759084,0.0,0.0,0.0,0.97,0.96,0.96,0.96,37.83437253169799,0.0,0.0,0.0,37.83437253169799,908.0249407607516,0.1213357386932537,6.046378883458453e-05,0.765
1947-09-21,1947-10-02,332.6514,0.9289857410847936,309.0284073518941,0.77,1947,9,21,1947.09,1946,12,356,51,0.0267000543952036,2.7871627279672,0.0090191149475569,0.3,2,Mod_Wet,46,7,6,4,75,138.0,0.4465608879861257,171.0284073518941,171.0284073518941,,1,171.0284073518941,0.0,0.0,0.0,0.0,0.0,0.0,0.0,0.0,0.0,46.0,7.0,6.0,4.0,75.0,230.0284073518941,990.0,964.9451420367594,25.05485796324058,0.1167158710811451,0.0071028407351894,989.8761812881836,0.2070093139386215,0.0,0.0,0.0,24.72402993748556,24.93103925142418,24.93103925142418,24.93103925142418,,0.925298224952192,0.0,0.0,0.0,38.37142614285883,0.0,0.0,0.0,0.7814954407914222,0.0,0.0,0.0,0.97,0.96,0.96,0.96,37.22028335857306,0.0,0.0,0.0,37.22028335857306,893.2868006057536,0.1204429187514464,6.045175628824639e-05,0.77
1947-09-22,1947-10-03,332.6514,0.9289857410847936,309.0284073518941,0.77,1947,9,22,1947.09,1946,12,357,51,0.0267000543952036,0.0,0.0,0.3,2,Mod_Wet,46,7,6,4,75,138.0,0.4465608879861257,171.0284073518941,171.0284073518941,,1,171.0284073518941,0.0,0.0,0.0,0.0,0.0,0.0,0.0,0.0,0.0,46.0,7.0,6.0,4.0,75.0,230.0284073518941,990.0,964.9451420367594,25.05485796324058,0.1167158710811451,0.0071028407351894,989.8761812881836,0.2070093139386215,0.0,0.0,0.0,24.72402993748556,24.93103925142418,24.93103925142418,24.93103925142418,,0.925298224952192,0.0,0.0,0.0,38.37142614285883,0.0,0.0,0.0,0.7814954407914222,0.0,0.0,0.0,0.97,0.96,0.96,0.96,37.22028335857306,0.0,0.0,0.0,37.22028335857306,893.2868006057536,0.1204429187514464,6.045175628824639e-05,0.77
1947-09-23,1947-10-04,328.6161,0.9312389803097992,306.020121877383,0.775,1947,9,23,1947.09,1946,12,358,52,0.0264401385302058,3.008285474511069,0.0098303518607068,0.3,2,Mod_Wet,46,7,6,4,75,138.0,0.450950738642259,168.02012187738302,168.02012187738302,,1,168.02012187738302,0.0,0.0,0.0,0.0,0.0,0.0,0.0,0.0,0.0,46.0,7.0,6.0,4.0,75.0,227.02012187738305,990.0,964.9301006093868,25.06989939061316,0.1156541196938625,0.0068020121877383,989.8775438681184,0.1997878900681715,0.0,0.0,0.0,24.74765536866331,24.94744325873148,24.94744325873148,24.94744325873148,,0.9242078061303552,0.0,0.0,0.0,37.68805167896226,0.0,0.0,0.0,0.7675774272701071,0.0,0.0,0.0,0.97,0.96,0.96,0.96,36.55741012859339,0.0,0.0,0.0,36.55741012859339,877.3778430862413,0.1194608050749071,6.043821438388343e-05,0.775
1947-09-24,1947-10-05,324.6118,0.9312809696570542,302.30479186612183,0.7809999999999999,1947,9,24,1947.09,1946,12,359,52,0.0261191340172329,3.7153300112611873,0.0122900136260709,0.3,2,Mod_Wet,46,7,6,4,75,138.0,0.4564929293648591,164.30479186612183,164.30479186612183,,1,164.30479186612183,0.0,0.0,0.0,0.0,0.0,0.0,0.0,0.0,0.0,46.0,7.0,6.0,4.0,75.0,223.30479186612183,990.0,964.9115239593306,25.088476040669438,0.1143428223362503,0.0064304791866121,989.8792266984772,0.1910010212920802,0.0,0.0,0.0,24.77670171785452,24.967702739146603,24.967702739146603,24.967702739146603,,0.9228372152847536,0.0,0.0,0.0,36.84321509622012,0.0,0.0,0.0,0.750370979556418,0.0,0.0,0.0,0.97,0.96,0.96,0.96,35.737918643333515,0.0,0.0,0.0,35.737918643333515,857.7100474400044,0.1182181679050603,6.041941632010975e-05,0.78
1947-09-25,1947-10-06,324.6118,0.9312809696570542,302.30479186612183,0.7809999999999999,1947,9,25,1947.09,1946,12,360,52,0.0261191340172329,0.0,0.0,0.3,2,Mod_Wet,46,7,6,4,75,138.0,0.4564929293648591,164.30479186612183,164.30479186612183,,1,164.30479186612183,0.0,0.0,0.0,0.0,0.0,0.0,0.0,0.0,0.0,46.0,7.0,6.0,4.0,75.0,223.30479186612183,990.0,964.9115239593306,25.088476040669438,0.1143428223362503,0.0064304791866121,989.8792266984772,0.1910010212920802,0.0,0.0,0.0,24.77670171785452,24.967702739146603,24.967702739146603,24.967702739146603,,0.9228372152847536,0.0,0.0,0.0,36.84321509622012,0.0,0.0,0.0,0.750370979556418,0.0,0.0,0.0,0.97,0.96,0.96,0.96,35.737918643333515,0.0,0.0,0.0,35.737918643333515,857.7100474400044,0.1182181679050603,6.041941632010975e-05,0.78
1947-09-26,1947-10-07,320.6383,0.9330769620260724,299.18021087320443,0.7859999999999999,1947,9,26,1947.09,1946,12,361,52,0.0258491702194448,3.124580992917401,0.0104438090467207,0.3,2,Mod_Wet,46,7,6,4,75,138.0,0.4612604543503239,161.18021087320443,161.18021087320443,,1,161.18021087320443,0.0,0.0,0.0,0.0,0.0,0.0,0.0,0.0,0.0,46.0,7.0,6.0,4.0,75.0,220.18021087320443,990.0,964.8967208434927,25.103279156507256,0.1132400253337663,0.0061180210873204,989.8806419535788,0.1838144850083702,0.0,0.0,0.0,24.800106625077788,24.98392111008616,24.98392111008616,24.98392111008616,,0.9216066530666592,0.0,0.0,0.0,36.12846986055364,0.0,0.0,0.0,0.7358140501131089,0.0,0.0,0.0,0.97,0.96,0.96,0.96,35.04461576473703,0.0,0.0,0.0,35.04461576473703,841.0707783536888,0.1171354738418487,6.039584783682072e-05,0.785
1947-09-27,1947-10-08,320.6383,0.9330769620260724,299.18021087320443,0.7859999999999999,1947,9,27,1947.09,1946,12,362,52,0.0258491702194448,0.0,0.0,0.3,2,Mod_Wet,46,7,6,4,75,138.0,0.4612604543503239,161.18021087320443,161.18021087320443,,1,161.18021087320443,0.0,0.0,0.0,0.0,0.0,0.0,0.0,0.0,0.0,46.0,7.0,6.0,4.0,75.0,220.18021087320443,990.0,964.8967208434927,25.103279156507256,0.1132400253337663,0.0061180210873204,989.8806419535788,0.1838144850083702,0.0,0.0,0.0,24.800106625077788,24.98392111008616,24.98392111008616,24.98392111008616,,0.9216066530666592,0.0,0.0,0.0,36.12846986055364,0.0,0.0,0.0,0.7358140501131089,0.0,0.0,0.0,0.97,0.96,0.96,0.96,35.04461576473703,0.0,0.0,0.0,35.04461576473703,841.0707783536888,0.1171354738418487,6.039584783682072e-05,0.785
1947-09-28,1947-10-09,316.6956,0.9306200236043244,294.72326674738565,0.794,1947,9,28,1947.09,1946,12,363,52,0.0254640902469741,4.4569441258187785,0.0151224712422821,0.3,2,Mod_Wet,46,7,6,4,75,138.0,0.4682358523064386,156.72326674738565,156.72326674738565,,1,156.72326674738565,0.0,0.0,0.0,0.0,0.0,0.0,0.0,0.0,0.0,46.0,7.0,6.0,4.0,75.0,215.72326674738565,990.0,964.8788930669896,25.121106933010424,0.1116669809373071,0.0056723266747385,989.882660692388,0.1738256521791961,0.0,0.0,0.0,24.829941973219185,25.003767625398385,25.003767625398385,25.003767625398385,,0.9198503998287452,0.0,0.0,0.0,35.10468505798243,0.0,0.0,0.0,0.7149630358041228,0.0,0.0,0.0,0.97,0.96,0.96,0.96,34.051544506242955,0.0,0.0,0.0,34.051544506242955,817.237068149831,0.1155373475668934,6.035327465507319e-05,0.795
1947-09-29,1947-10-10,316.6956,0.9306200236043244,294.72326674738565,0.794,1947,9,29,1947.09,1946,12,364,52,0.0254640902469741,0.0,0.0,0.3,2,Mod_Wet,46,7,6,4,75,138.0,0.4682358523064386,156.72326674738565,156.72326674738565,,1,156.72326674738565,0.0,0.0,0.0,0.0,0.0,0.0,0.0,0.0,0.0,46.0,7.0,6.0,4.0,75.0,215.72326674738565,990.0,964.8788930669896,25.121106933010424,0.1116669809373071,0.0056723266747385,989.882660692388,0.1738256521791961,0.0,0.0,0.0,24.829941973219185,25.003767625398385,25.003767625398385,25.003767625398385,,0.9198503998287452,0.0,0.0,0.0,35.10468505798243,0.0,0.0,0.0,0.7149630358041228,0.0,0.0,0.0,0.97,0.96,0.96,0.96,34.051544506242955,0.0,0.0,0.0,34.051544506242955,817.237068149831,0.1155373475668934,6.035327465507319e-05,0.795
1947-09-30,1947-10-11,316.6956,0.9306200236043244,294.72326674738565,0.794,1947,9,30,1947.09,1946,12,365,53,0.0254640902469741,0.0,0.0,0.3,2,Mod_Wet,46,7,6,4,75,138.0,0.4682358523064386,156.72326674738565,156.72326674738565,,1,156.72326674738565,0.0,0.0,0.0,0.0,0.0,0.0,0.0,0.0,0.0,46.0,7.0,6.0,4.0,75.0,215.72326674738565,990.0,964.8788930669896,25.121106933010424,0.1116669809373071,0.0056723266747385,989.882660692388,0.1738256521791961,0.0,0.0,0.0,24.829941973219185,25.003767625398385,25.003767625398385,25.003767625398385,,0.9198503998287452,0.0,0.0,0.0,35.10468505798243,0.0,0.0,0.0,0.7149630358041228,0.0,0.0,0.0,0.97,0.96,0.96,0.96,34.051544506242955,0.0,0.0,0.0,34.051544506242955,817.237068149831,0.1155373475668934,6.035327465507319e-05,0.795
