Date,LaggedDate,VicFalls,Conversion,Flow,Exceedance,Year,Month,Day,MonthId,WaterYear,WaterMonth,WaterDay,WaterWeek,Volume,Flow_difference,Flow_difference_pct,EWRRefExceedance,EWRBandNo,EWRBandLabel,EWRChannelA,EWRChannelC,EWRChannelD,EWRChannelE,EWRChannelFG,EWRTotal,EWRProportion,FlowAvailableForGeneration,FlowCanal,LowFlowShutoff,Turbines,FlowTurbine1,FlowTurbine2,FlowTurbine3,FlowTurbine4,FlowSpill,SpillChannelA,SpillChannelC,SpillChannelD,SpillChannelE,SpillChannelFG,FlowChannelA,FlowChannelC,FlowChannelD,FlowChannelE,FlowChannelFG,FlowLeftChannel,LevelHeadpond,LevelTailwater,HeadGross,HeadlossLeftChannel,HeadlossCanal,LevelForebay,HeadlossTurbine1,HeadlossTurbine2,HeadlossTurbine3,HeadlossTurbine4,HeadTurbine1,HeadTurbine2,HeadTurbine3,HeadTurbine4,LowHeadShutoff,EffTurbine1,EffTurbine2,EffTurbine3,EffTurbine4,PowerTurbine1,PowerTurbine2,PowerTurbine3,PowerTurbine4,LoadFactorTurbine1,LoadFactorTurbine2,LoadFactorTurbine3,LoadFactorTurbine4,EffGen1,EffGen2,EffGen3,EffGen4,PowerGenerator1,PowerGenerator2,PowerGenerator3,PowerGenerator4,Power,Energy,PerfMwPerCumec,PerfMWhPerm3,ExceedanceRnd
1934-10-01,1934-10-12,247.5017,0.9485505757172864,234.76788002600708,0.898,1934,10,1,1934.1,1934,1,1,1,0.020283944834247,1.4264542030990697,0.0060760194407388,0.6,3,Normal,37,5,3,2,50,97.0,0.413174067888906,137.76788002600708,137.76788002600708,,1,137.76788002600708,0.0,0.0,0.0,0.0,0.0,0.0,0.0,0.0,0.0,37.0,5.0,3.0,2.0,50.0,182.76788002600708,990.0,964.608607280156,25.391392719843907,0.1000358019190603,0.0037767880026007,989.8961874100784,0.1343696872504537,0.0,0.0,0.0,25.15321044267182,25.28758012992228,25.28758012992228,25.28758012992228,,0.9121532189607756,0.0,0.0,0.0,30.999015011888837,0.0,0.0,0.0,0.631344501260465,0.0,0.0,0.0,0.97,0.96,0.96,0.96,30.069044561532166,0.0,0.0,0.0,30.069044561532166,721.657069476772,0.1280798913301137,6.06274290975998e-05,0.9
1934-10-02,1934-10-13,244.1538,0.9479000783611428,231.4334061521708,0.906,1934,10,2,1934.1,1934,1,2,1,0.0199958462915475,3.33447387383626,0.0144079194498126,0.6,3,Normal,37,5,3,2,50,97.0,0.4191270465778009,134.4334061521708,134.4334061521708,,1,134.4334061521708,0.0,0.0,0.0,0.0,0.0,0.0,0.0,0.0,0.0,37.0,5.0,3.0,2.0,50.0,179.4334061521708,990.0,964.588600436913,25.411399563087,0.0988589583187879,0.003443340615217,989.897697701066,0.127934803566081,0.0,0.0,0.0,25.18116246058683,25.30909726415291,25.30909726415291,25.30909726415291,,0.9106588991974396,0.0,0.0,0.0,30.23273330338848,0.0,0.0,0.0,0.6157379491525148,0.0,0.0,0.0,0.97,0.96,0.96,0.96,29.325751304286825,0.0,0.0,0.0,29.325751304286825,703.8180313028837,0.1267135621942353,6.05953703185034e-05,0.905
1934-10-03,1934-10-14,234.2817,0.966268687364318,226.3790707324809,0.913,1934,10,3,1934.1,1934,1,3,1,0.0195591517112863,5.05433541968992,0.0223268670700693,0.6,3,Normal,37,5,3,2,50,97.0,0.4284848404322142,129.3790707324809,129.3790707324809,,1,129.3790707324809,0.0,0.0,0.0,0.0,0.0,0.0,0.0,0.0,0.0,37.0,5.0,3.0,2.0,50.0,174.3790707324809,990.0,964.5582744243948,25.44172557560512,0.0970751199930585,0.002937907073248,989.8999869729336,0.1184823273184656,0.0,0.0,0.0,25.22323022122033,25.341712548538798,25.341712548538798,25.341712548538798,,0.9083994120980154,0.0,0.0,0.0,29.072359163098067,0.0,0.0,0.0,0.5921050746048486,0.0,0.0,0.0,0.97,0.96,0.96,0.96,28.200188388205124,0.0,0.0,0.0,28.200188388205124,676.804521316923,0.1245706517698809,6.054600345358427e-05,0.915
1934-10-04,1934-10-15,231.0479,0.97240029822707,224.67104686473823,0.918,1934,10,4,1934.1,1934,1,4,1,0.0194115784491133,1.7080238677426678,0.0076023319051474,0.6,3,Normal,37,5,3,2,50,97.0,0.431742324405504,127.67104686473824,127.67104686473824,,1,127.67104686473824,0.0,0.0,0.0,0.0,0.0,0.0,0.0,0.0,0.0,37.0,5.0,3.0,2.0,50.0,172.67104686473823,990.0,964.5480262811884,25.451973718811587,0.0964723031668007,0.0027671046864738,989.9007605921468,0.1154078843565288,0.0,0.0,0.0,25.23732642660181,25.35273431095834,25.35273431095834,25.35273431095834,,0.907637326168323,0.0,0.0,0.0,28.6805061706392,0.0,0.0,0.0,0.5841243619274786,0.0,0.0,0.0,0.97,0.96,0.96,0.96,27.820090985520025,0.0,0.0,0.0,27.820090985520025,667.6821836524806,0.1238258839923816,6.052901766929664e-05,0.92
1934-10-05,1934-10-16,227.8423,0.9755995102100816,222.2828362851385,0.922,1934,10,5,1934.1,1934,1,5,1,0.0192052370550359,2.388210579599729,0.0107440170348384,0.6,3,Normal,37,5,3,2,50,97.0,0.4363809712935774,125.2828362851385,125.2828362851385,,1,125.2828362851385,0.0,0.0,0.0,0.0,0.0,0.0,0.0,0.0,0.0,37.0,5.0,3.0,2.0,50.0,170.2828362851385,990.0,964.5336970177108,25.466302982289108,0.0956294264662941,0.0025282836285138,989.9018422899052,0.1111091053132493,0.0,0.0,0.0,25.257036166881036,25.368145272194283,25.368145272194283,25.368145272194283,,0.9065730867344304,0.0,0.0,0.0,28.13296361697082,0.0,0.0,0.0,0.572972782423031,0.0,0.0,0.0,0.97,0.96,0.96,0.96,27.28897470846169,0.0,0.0,0.0,27.28897470846169,654.9353930030807,0.122766899885406,6.050526135198672e-05,0.92
1934-10-06,1934-10-17,227.8423,0.9755995102100816,222.2828362851385,0.922,1934,10,6,1934.1,1934,1,6,1,0.0192052370550359,0.0,0.0,0.6,3,Normal,37,5,3,2,50,97.0,0.4363809712935774,125.2828362851385,125.2828362851385,,1,125.2828362851385,0.0,0.0,0.0,0.0,0.0,0.0,0.0,0.0,0.0,37.0,5.0,3.0,2.0,50.0,170.2828362851385,990.0,964.5336970177108,25.466302982289108,0.0956294264662941,0.0025282836285138,989.9018422899052,0.1111091053132493,0.0,0.0,0.0,25.257036166881036,25.368145272194283,25.368145272194283,25.368145272194283,,0.9065730867344304,0.0,0.0,0.0,28.13296361697082,0.0,0.0,0.0,0.572972782423031,0.0,0.0,0.0,0.97,0.96,0.96,0.96,27.28897470846169,0.0,0.0,0.0,27.28897470846169,654.9353930030807,0.122766899885406,6.050526135198672e-05,0.92
1934-10-07,1934-10-18,227.8423,0.9755995102100816,222.2828362851385,0.922,1934,10,7,1934.1,1934,1,7,1,0.0192052370550359,0.0,0.0,0.6,3,Normal,37,5,3,2,50,97.0,0.4363809712935774,125.2828362851385,125.2828362851385,,1,125.2828362851385,0.0,0.0,0.0,0.0,0.0,0.0,0.0,0.0,0.0,37.0,5.0,3.0,2.0,50.0,170.2828362851385,990.0,964.5336970177108,25.466302982289108,0.0956294264662941,0.0025282836285138,989.9018422899052,0.1111091053132493,0.0,0.0,0.0,25.257036166881036,25.368145272194283,25.368145272194283,25.368145272194283,,0.9065730867344304,0.0,0.0,0.0,28.13296361697082,0.0,0.0,0.0,0.572972782423031,0.0,0.0,0.0,0.97,0.96,0.96,0.96,27.28897470846169,0.0,0.0,0.0,27.28897470846169,654.9353930030807,0.122766899885406,6.050526135198672e-05,0.92
1934-10-08,1934-10-19,224.6649,0.98159746285063,220.53049583159049,0.926,1934,10,8,1934.1,1934,1,8,2,0.0190538348398494,1.7523404535480438,0.0079460232787316,0.6,3,Normal,37,5,3,2,50,97.0,0.4398484646498716,123.53049583159049,123.53049583159049,,1,123.53049583159049,0.0,0.0,0.0,0.0,0.0,0.0,0.0,0.0,0.0,37.0,5.0,3.0,2.0,50.0,168.53049583159049,990.0,964.5231829749896,25.476817025010405,0.0950109688845935,0.002353049583159,989.9026359815324,0.1080430627469674,0.0,0.0,0.0,25.27140994379572,25.37945300654269,25.37945300654269,25.37945300654269,,0.9052214310981528,0.0,0.0,0.0,27.71387055790461,0.0,0.0,0.0,0.5644372822383831,0.0,0.0,0.0,0.97,0.96,0.96,0.96,26.88245444116747,0.0,0.0,0.0,26.88245444116747,645.1789065880193,0.1218990341439962,6.044943319955677e-05,0.925
1934-10-09,1934-10-20,215.3008,0.9720099401276424,209.2745177174335,0.939,1934,10,9,1934.1,1934,1,9,2,0.0180813183307862,11.255978114156962,0.053785708059091,0.6,3,Normal,37,5,3,2,50,97.0,0.4635060257597692,112.2745177174335,112.2745177174335,,1,112.2745177174335,0.0,0.0,0.0,0.0,0.0,0.0,0.0,0.0,0.0,37.0,5.0,3.0,2.0,50.0,157.2745177174335,990.0,964.4556471063046,25.544352893695415,0.0910383704148949,0.0012274517717433,989.9077341778132,0.0892392283478935,0.0,0.0,0.0,25.362847843160797,25.4,25.4,25.4,,0.8958703597702308,0.0,0.0,0.0,25.018604514681105,0.0,0.0,0.0,0.5095438801360713,0.0,0.0,0.0,0.97,0.96,0.96,0.96,24.268046379240676,0.0,0.0,0.0,24.268046379240676,582.4331131017761,0.1159627394865525,6.004144245089719e-05,0.94
1934-10-10,1934-10-21,212.2351,0.9734329677943336,206.5966432631272,0.942,1934,10,10,1934.1,1934,1,10,2,0.0178499499779341,2.677874454306334,0.0129618488084325,0.6,3,Normal,37,5,3,2,50,97.0,0.4695139207874647,109.5966432631272,109.5966432631272,,1,109.5966432631272,0.0,0.0,0.0,0.0,0.0,0.0,0.0,0.0,0.0,37.0,5.0,3.0,2.0,50.0,154.5966432631272,990.0,964.4395798595788,25.56042014042123,0.0900932619710678,0.0009596643263127,989.9089470737026,0.0849868977599533,0.0,0.0,0.0,25.38438031636389,25.4,25.4,25.4,,0.893655338119882,0.0,0.0,0.0,24.38218218407675,0.0,0.0,0.0,0.4965821218752902,0.0,0.0,0.0,0.969658212187529,0.96,0.96,0.96,23.642383185842483,0.0,0.0,0.0,23.642383185842483,567.4171964602197,0.1144374023334488,5.992271722197483e-05,0.94
1934-10-11,1934-10-22,209.197,0.9663848551669614,202.1648125463628,0.946,1934,10,11,1934.1,1934,1,11,2,0.0174670398040057,4.4318307167643525,0.0219218698889451,0.6,3,Normal,37,5,3,2,50,97.0,0.479806543870016,105.1648125463628,105.1648125463628,,1,105.1648125463628,0.0,0.0,0.0,0.0,0.0,0.0,0.0,0.0,0.0,37.0,5.0,3.0,2.0,50.0,150.1648125463628,990.0,964.4129888752782,25.58701112472181,0.0885291256743529,0.0005164812546362,989.910954393071,0.0782505150704714,0.0,0.0,0.0,25.4,25.4,25.4,25.4,,0.8899641623576159,0.0,0.0,0.0,23.31392455336314,0.0,0.0,0.0,0.4748253473190049,0.0,0.0,0.0,0.9674825347319004,0.96,0.96,0.96,22.555814821436066,0.0,0.0,0.0,22.555814821436066,541.3395557144655,0.1115714180788177,5.957795164902112e-05,0.945
1934-10-12,1934-10-23,206.1864,0.9756711054590376,201.1701128186193,0.952,1934,10,12,1934.1,1934,1,12,2,0.0173810977475287,0.9946997277434946,0.0049445701143506,0.6,3,Normal,37,5,3,2,50,97.0,0.4821789809675056,104.17011281861927,104.17011281861927,,1,104.17011281861927,0.0,0.0,0.0,0.0,0.0,0.0,0.0,0.0,0.0,37.0,5.0,3.0,2.0,50.0,149.1701128186193,990.0,964.4070206769117,25.592979323088343,0.088178063991737,0.0004170112818619,989.9114049247264,0.0768049624588117,0.0,0.0,0.0,25.4,25.4,25.4,25.4,,0.8889101365066283,0.0,0.0,0.0,23.066059566975262,0.0,0.0,0.0,0.4697771805901275,0.0,0.0,0.0,0.9669777180590128,0.96,0.96,0.96,22.304365644687,0.0,0.0,0.0,22.304365644687,535.3047754724879,0.1108731577080599,5.947634072655779e-05,0.95
1934-10-13,1934-10-24,203.2033,0.9854563497164652,200.2479822683398,0.956,1934,10,13,1934.1,1934,1,13,2,0.0173014256679845,0.9221305502795192,0.0046049430303064,0.6,3,Normal,37,5,3,2,50,97.0,0.4843993877052722,103.2479822683398,103.2479822683398,,1,103.2479822683398,0.0,0.0,0.0,0.0,0.0,0.0,0.0,0.0,0.0,37.0,5.0,3.0,2.0,50.0,148.2479822683398,990.0,964.40148789361,25.59851210638999,0.087852614317284,0.0003247982268339,989.9118225874558,0.0754770944664093,0.0,0.0,0.0,25.4,25.4,25.4,25.4,,0.8878924732313398,0.0,0.0,0.0,22.835701830885707,0.0,0.0,0.0,0.4650855770037822,0.0,0.0,0.0,0.9665085577003782,0.96,0.96,0.96,22.07090124064523,0.0,0.0,0.0,22.07090124064523,529.7016297754856,0.1102178458461039,5.937942578137138e-05,0.955
1934-10-14,1934-10-25,197.3191,0.9892995851469644,195.20770377157243,0.965,1934,10,14,1934.1,1934,1,14,2,0.0168659456058638,5.040278496767371,0.0258200798400117,0.6,3,Normal,37,5,3,2,50,97.0,0.4969066185702751,98.20770377157244,98.20770377157244,,1,98.20770377157244,0.0,0.0,0.0,0.0,0.0,0.0,0.0,0.0,0.0,37.0,5.0,3.0,2.0,50.0,143.20770377157243,990.0,964.4095845924568,25.59041540754322,0.0860737371339738,0.0,989.913926262866,0.0683266312047699,0.0,0.0,0.0,25.4,25.4,25.4,25.4,,0.8823300218823075,0.0,0.0,0.0,21.584849730232072,0.0,0.0,0.0,0.439609974139146,0.0,0.0,0.0,0.9639609974139146,0.96,0.96,0.96,20.80695327498397,0.0,0.0,0.0,20.80695327498397,499.3668785996154,0.106588791697134,5.885189268343448e-05,0.965
1934-10-15,1934-10-26,197.3191,0.9892995851469644,195.20770377157243,0.965,1934,10,15,1934.1,1934,1,15,3,0.0168659456058638,0.0,0.0,0.6,3,Normal,37,5,3,2,50,97.0,0.4969066185702751,98.20770377157244,98.20770377157244,,1,98.20770377157244,0.0,0.0,0.0,0.0,0.0,0.0,0.0,0.0,0.0,37.0,5.0,3.0,2.0,50.0,143.20770377157243,990.0,964.4095845924568,25.59041540754322,0.0860737371339738,0.0,989.913926262866,0.0683266312047699,0.0,0.0,0.0,25.4,25.4,25.4,25.4,,0.8823300218823075,0.0,0.0,0.0,21.584849730232072,0.0,0.0,0.0,0.439609974139146,0.0,0.0,0.0,0.9639609974139146,0.96,0.96,0.96,20.80695327498397,0.0,0.0,0.0,20.80695327498397,499.3668785996154,0.106588791697134,5.885189268343448e-05,0.965
1934-10-16,1934-10-27,194.4177,1.0019441346365396,194.7956741845264,0.967,1934,10,16,1934.1,1934,1,16,3,0.016830346249543,0.4120295870460211,0.0021151885880982,0.6,3,Normal,37,5,3,2,50,97.0,0.4979576697792255,97.7956741845264,97.7956741845264,,1,97.7956741845264,0.0,0.0,0.0,0.0,0.0,0.0,0.0,0.0,0.0,37.0,5.0,3.0,2.0,50.0,142.7956741845264,990.0,964.410408651631,25.589591348369023,0.085928318575909,0.0,989.914071681424,0.0677580303746464,0.0,0.0,0.0,25.4,25.4,25.4,25.4,,0.8818753060300434,0.0,0.0,0.0,21.48321342145503,0.0,0.0,0.0,0.4375399882170067,0.0,0.0,0.0,0.9637539988217008,0.96,0.96,0.96,20.70453284246732,0.0,0.0,0.0,20.70453284246732,496.9087882192156,0.1062884631763141,5.880893169217062e-05,0.965
1934-10-17,1934-10-28,191.5433,1.0070581277156851,192.89523707448373,0.971,1934,10,17,1934.1,1934,1,17,3,0.0166661484832353,1.9004371100426736,0.0098521722924078,0.6,3,Normal,37,5,3,2,50,97.0,0.5028636345362164,95.89523707448372,95.89523707448372,,1,95.89523707448372,0.0,0.0,0.0,0.0,0.0,0.0,0.0,0.0,0.0,37.0,5.0,3.0,2.0,50.0,140.89523707448373,990.0,964.414209525851,25.585790474149007,0.0852575928976475,0.0,989.9147424071024,0.0651354271627875,0.0,0.0,0.0,25.4,25.4,25.4,25.4,,0.8797779836354003,0.0,0.0,0.0,21.01563625142965,0.0,0.0,0.0,0.4280170315973453,0.0,0.0,0.0,0.9628017031597343,0.96,0.96,0.96,20.23389037586193,0.0,0.0,0.0,20.23389037586193,485.6133690206863,0.1048957490228175,5.861109765066348e-05,0.97
1934-10-18,1934-10-29,188.6959,1.0242652879741163,193.27466035303507,0.97,1934,10,18,1934.1,1934,1,18,3,0.0166989306545022,0.3794232785513429,0.0019631299719181,0.6,3,Normal,37,5,3,2,50,97.0,0.5018764478634706,96.27466035303507,96.27466035303507,,1,96.27466035303507,0.0,0.0,0.0,0.0,0.0,0.0,0.0,0.0,0.0,37.0,5.0,3.0,2.0,50.0,141.27466035303507,990.0,964.413450679294,25.586549320706126,0.0853915036356086,0.0,989.9146084963644,0.0656590312871884,0.0,0.0,0.0,25.4,25.4,25.4,25.4,,0.8801967151656095,0.0,0.0,0.0,21.10882963138052,0.0,0.0,0.0,0.4299150637755706,0.0,0.0,0.0,0.962991506377557,0.96,0.96,0.96,20.327623644590336,0.0,0.0,0.0,20.327623644590336,487.8629674701681,0.1051747994665205,5.865055355990469e-05,0.97
1934-10-19,1934-10-30,180.3141,1.0466171465371623,188.71982882241664,0.978,1934,10,19,1934.1,1934,1,19,3,0.0163053932102567,4.554831530618458,0.0241354157591172,0.6,3,Normal,37,5,3,2,50,97.0,0.5139894445923643,91.71982882241664,91.71982882241664,,1,91.71982882241664,0.0,0.0,0.0,0.0,0.0,0.0,0.0,0.0,0.0,37.0,5.0,3.0,2.0,50.0,136.71982882241664,990.0,964.4225603423552,25.577439657644845,0.0837839563762983,0.0,989.9162160436236,0.0595701740455899,0.0,0.0,0.0,25.4,25.4,25.4,25.4,,0.8751700030884189,0.0,0.0,0.0,19.99530694043237,0.0,0.0,0.0,0.4072363938988264,0.0,0.0,0.0,0.9607236393898826,0.96,0.96,0.96,19.20996405452997,0.0,0.0,0.0,19.20996405452997,461.03913730871926,0.1017909150002798,5.817827175179119e-05,0.98
1934-10-20,1934-10-31,177.5733,1.0462085548441864,185.77870557191315,0.98,1934,10,20,1934.1,1934,1,20,3,0.0160512801614132,2.941123250503466,0.0158313259931988,0.6,3,Normal,37,5,3,2,50,97.0,0.5221265790467693,88.77870557191315,88.77870557191315,,1,88.77870557191315,0.0,0.0,0.0,0.0,0.0,0.0,0.0,0.0,0.0,37.0,5.0,3.0,2.0,50.0,133.77870557191315,990.0,964.428442588856,25.571557411143885,0.0827459389240922,0.0,989.917254061076,0.0557855949091723,0.0,0.0,0.0,25.4,25.4,25.4,25.4,,0.8719241794691633,0.0,0.0,0.0,19.282349305998824,0.0,0.0,0.0,0.3927158718126033,0.0,0.0,0.0,0.96,0.96,0.96,0.96,18.511055333758872,0.0,0.0,0.0,18.511055333758872,444.2653280102129,0.0996403504738244,5.791884193184022e-05,0.98
1934-10-21,1934-11-01,174.8589,1.044845350940404,182.70050873555303,0.981,1934,10,21,1934.1,1934,1,21,3,0.0157853239547517,3.0781968363601213,0.0168483211002745,0.79,4,Mod_Dry,31,4,3,2,33,73.0,0.399561011106229,109.70050873555304,109.70050873555304,,1,109.70050873555304,0.0,0.0,0.0,0.0,0.0,0.0,0.0,0.0,0.0,31.0,4.0,3.0,2.0,33.0,147.70050873555303,990.0,964.4345989825288,25.56540101747112,0.087659393213219,0.0009700508735553,989.9113705559132,0.0851447732780406,0.0,0.0,0.0,25.391626800106284,25.4,25.4,25.4,,0.8937535845890688,0.0,0.0,0.0,24.41494015266148,0.0,0.0,0.0,0.4972492902782378,0.0,0.0,0.0,0.9697249290278238,0.96,0.96,0.96,23.67577610675822,0.0,0.0,0.0,23.67577610675822,568.2186265621973,0.1295879046567262,5.995053760373385e-05,0.98
1934-10-22,1934-11-02,169.5089,1.0517404623210185,178.2793688535273,0.984,1934,10,22,1934.1,1934,1,22,4,0.0154033374689447,4.421139882025726,0.0247989428639838,0.79,4,Mod_Dry,31,4,3,2,33,73.0,0.409469701791328,105.2793688535273,105.2793688535273,,1,105.2793688535273,0.0,0.0,0.0,0.0,0.0,0.0,0.0,0.0,0.0,31.0,4.0,3.0,2.0,33.0,143.2793688535273,990.0,964.4434412622928,25.556558737707064,0.0860990300576111,0.0005279368853527,989.913373033057,0.0784246406573615,0.0,0.0,0.0,25.391507130106746,25.4,25.4,25.4,,0.8900459202570219,0.0,0.0,0.0,23.333660006829614,0.0,0.0,0.0,0.4752272913814586,0.0,0.0,0.0,0.967522729138146,0.96,0.96,0.96,22.5758464105894,0.0,0.0,0.0,22.5758464105894,541.8203138541455,0.1266318506497378,5.956597684500497e-05,0.985
1934-10-23,1934-11-03,177.5733,1.0462085548441864,185.77870557191315,0.98,1934,10,23,1934.1,1934,1,23,4,0.0160512801614132,7.499336718385848,0.0403670415040271,0.79,4,Mod_Dry,31,4,3,2,33,73.0,0.3929406213444759,112.77870557191316,112.77870557191316,,1,112.77870557191316,0.0,0.0,0.0,0.0,0.0,0.0,0.0,0.0,0.0,31.0,4.0,3.0,2.0,33.0,150.77870557191315,990.0,964.428442588856,25.571557411143885,0.0887457883640922,0.0012778705571913,989.9099763410788,0.090045928915061,0.0,0.0,0.0,25.39148782330756,25.4,25.4,25.4,,0.8963346883549613,0.0,0.0,0.0,25.17237299945091,0.0,0.0,0.0,0.5126756211700796,0.0,0.0,0.0,0.97,0.96,0.96,0.96,24.417201809467382,0.0,0.0,0.0,24.417201809467382,586.0128434272171,0.1314316500069256,6.014039639655643e-05,0.98
1934-10-24,1934-11-04,177.5733,1.0462085548441864,185.77870557191315,0.98,1934,10,24,1934.1,1934,1,24,4,0.0160512801614132,0.0,0.0,0.79,4,Mod_Dry,31,4,3,2,33,73.0,0.3929406213444759,112.77870557191316,112.77870557191316,,1,112.77870557191316,0.0,0.0,0.0,0.0,0.0,0.0,0.0,0.0,0.0,31.0,4.0,3.0,2.0,33.0,150.77870557191315,990.0,964.428442588856,25.571557411143885,0.0887457883640922,0.0012778705571913,989.9099763410788,0.090045928915061,0.0,0.0,0.0,25.39148782330756,25.4,25.4,25.4,,0.8963346883549613,0.0,0.0,0.0,25.17237299945091,0.0,0.0,0.0,0.5126756211700796,0.0,0.0,0.0,0.97,0.96,0.96,0.96,24.417201809467382,0.0,0.0,0.0,24.417201809467382,586.0128434272171,0.1314316500069256,6.014039639655643e-05,0.98
1934-10-25,1934-11-05,180.3141,1.0466171465371623,188.71982882241664,0.978,1934,10,25,1934.1,1934,1,25,4,0.0163053932102567,2.941123250503466,0.0155846010928243,0.79,4,Mod_Dry,31,4,3,2,33,73.0,0.3868167985076556,115.71982882241664,115.71982882241664,,1,115.71982882241664,0.0,0.0,0.0,0.0,0.0,0.0,0.0,0.0,0.0,31.0,4.0,3.0,2.0,33.0,153.71982882241664,990.0,964.4225603423552,25.577439657644845,0.0897838058162983,0.0015719828822416,989.9086442113014,0.0947949158452116,0.0,0.0,0.0,25.39128895310104,25.4,25.4,25.4,,0.898800792403316,0.0,0.0,0.0,25.899696591050983,0.0,0.0,0.0,0.5274887289419753,0.0,0.0,0.0,0.97,0.96,0.96,0.96,25.122705693319457,0.0,0.0,0.0,25.122705693319457,602.9449366396669,0.1331217066594504,6.030538957990198e-05,0.98
1934-10-26,1934-11-06,185.8753,1.0287508888495398,191.21938009017487,0.974,1934,10,26,1934.1,1934,1,26,4,0.0165213544397911,2.4995512677582497,0.0130716419359769,0.79,4,Mod_Dry,31,4,3,2,33,73.0,0.3817604678227426,118.21938009017488,118.21938009017488,,1,118.21938009017488,0.0,0.0,0.0,0.0,0.0,0.0,0.0,0.0,0.0,31.0,4.0,3.0,2.0,33.0,156.21938009017487,990.0,964.4175612398196,25.582438760180366,0.0906659782441872,0.0018219380090174,989.9075120837468,0.0989441709496902,0.0,0.0,0.0,25.391006672977515,25.4,25.4,25.4,,0.9008965308517958,0.0,0.0,0.0,26.52053075533073,0.0,0.0,0.0,0.5401330092735382,0.0,0.0,0.0,0.97,0.96,0.96,0.96,25.724914832670805,0.0,0.0,0.0,25.724914832670805,617.3979559840993,0.1345308975509673,6.044533197764394e-05,0.975
1934-10-27,1934-11-07,191.5433,1.0070581277156851,192.89523707448373,0.971,1934,10,27,1934.1,1934,1,27,4,0.0166661484832353,1.675856984308865,0.0086879127226026,0.79,4,Mod_Dry,31,4,3,2,33,73.0,0.3784437661973587,119.89523707448372,119.89523707448372,,1,119.89523707448372,0.0,0.0,0.0,0.0,0.0,0.0,0.0,0.0,0.0,31.0,4.0,3.0,2.0,33.0,157.89523707448373,990.0,964.414209525851,25.585790474149007,0.0912574423376475,0.0019895237074483,989.9067530339548,0.101726093543643,0.0,0.0,0.0,25.390817414560196,25.4,25.4,25.4,,0.9023016723041202,0.0,0.0,0.0,26.93823114113493,0.0,0.0,0.0,0.54864014544063,0.0,0.0,0.0,0.97,0.96,0.96,0.96,26.13008420690088,0.0,0.0,0.0,26.13008420690088,627.1220209656212,0.135462568196078,6.0539158195499897e-05,0.97
1934-10-28,1934-11-08,194.4177,1.0019441346365396,194.7956741845264,0.967,1934,10,28,1934.1,1934,1,28,4,0.016830346249543,1.9004371100426736,0.0097560539678228,0.79,4,Mod_Dry,31,4,3,2,33,73.0,0.3747516483905511,121.7956741845264,121.7956741845264,,1,121.7956741845264,0.0,0.0,0.0,0.0,0.0,0.0,0.0,0.0,0.0,31.0,4.0,3.0,2.0,33.0,159.7956741845264,990.0,964.410408651631,25.589591348369023,0.091928168015909,0.0021795674184526,989.9058922645656,0.1050244730810759,0.0,0.0,0.0,25.390459139853583,25.4,25.4,25.4,,0.90389497770613,0.0,0.0,0.0,27.4131593707418,0.0,0.0,0.0,0.5583128181413809,0.0,0.0,0.0,0.97,0.96,0.96,0.96,26.590764589619543,0.0,0.0,0.0,26.590764589619543,638.1783501508692,0.1365059296154112,6.064520391689691e-05,0.965
1934-10-29,1934-11-09,200.2476,0.9942319359830292,199.0925590239552,0.959,1934,10,29,1934.1,1934,1,29,5,0.0172015970996697,4.296884839428799,0.0215823477305939,0.79,4,Mod_Dry,31,4,3,2,33,73.0,0.366663628002373,126.0925590239552,126.0925590239552,,1,126.0925590239552,0.0,0.0,0.0,0.0,0.0,0.0,0.0,0.0,0.0,31.0,4.0,3.0,2.0,33.0,164.0925590239552,990.0,964.401814881952,25.598185118047923,0.0934446775510614,0.0026092559023955,989.9039460665466,0.1125666062431193,0.0,0.0,0.0,25.38956457835141,25.4,25.4,25.4,,0.9070746207807978,0.0,0.0,0.0,28.47911091970249,0.0,0.0,0.0,0.5800226256558552,0.0,0.0,0.0,0.97,0.96,0.96,0.96,27.62473759211141,0.0,0.0,0.0,27.62473759211141,662.9937022106739,0.1387532398374946,6.085639215691641e-05,0.96
1934-10-30,1934-11-10,206.1864,0.9756711054590376,201.1701128186193,0.952,1934,10,30,1934.1,1934,1,30,5,0.0173810977475287,2.0775537946641123,0.0103273481609929,0.79,4,Mod_Dry,31,4,3,2,33,73.0,0.3628769650580197,128.1701128186193,128.1701128186193,,1,128.1701128186193,0.0,0.0,0.0,0.0,0.0,0.0,0.0,0.0,0.0,31.0,4.0,3.0,2.0,33.0,166.1701128186193,990.0,964.4070206769117,25.592979323088343,0.094177913431737,0.0028170112818619,989.9030050752864,0.1163062030735147,0.0,0.0,0.0,25.379678195301217,25.4,25.4,25.4,,0.9080031204373088,0.0,0.0,0.0,28.966693110770795,0.0,0.0,0.0,0.5899530165126434,0.0,0.0,0.0,0.97,0.96,0.96,0.96,28.09769231744767,0.0,0.0,0.0,28.09769231744767,674.3446156187441,0.1396713056614993,6.0894964988206926e-05,0.95
1934-10-31,1934-11-11,212.2351,0.9734329677943336,206.5966432631272,0.942,1934,10,31,1934.1,1934,1,31,5,0.0178499499779341,5.426530444507847,0.0262663050028187,0.79,4,Mod_Dry,31,4,3,2,33,73.0,0.3533455280153085,133.5966432631272,133.5966432631272,,1,133.5966432631272,0.0,0.0,0.0,0.0,0.0,0.0,0.0,0.0,0.0,31.0,4.0,3.0,2.0,33.0,171.5966432631272,990.0,964.4395798595788,25.56042014042123,0.0960931114110678,0.0033596643263127,989.9005472242626,0.1263616893346791,0.0,0.0,0.0,25.334605675349145,25.4,25.4,25.4,,0.9104144444473128,0.0,0.0,0.0,30.219518083853387,0.0,0.0,0.0,0.6154688000784804,0.0,0.0,0.0,0.97,0.96,0.96,0.96,29.312932541337783,0.0,0.0,0.0,29.312932541337783,703.5103809921068,0.1418848441985769,6.09482473705988e-05,0.94
1934-11-01,1934-11-12,212.2351,0.9734329677943336,206.5966432631272,0.942,1934,11,1,1934.11,1934,2,32,5,0.0178499499779341,0.0,0.0,0.74,4,Mod_Dry,29,4,2,2,30,67.0,0.3243034298222694,139.5966432631272,139.5966432631272,,1,139.5966432631272,0.0,0.0,0.0,0.0,0.0,0.0,0.0,0.0,0.0,29.0,4.0,2.0,2.0,30.0,174.5966432631272,990.0,964.4395798595788,25.56042014042123,0.0971519083710678,0.0039596643263127,989.8988884273026,0.1379174879304667,0.0,0.0,0.0,25.32139107979337,25.4,25.4,25.4,,0.9131188901161944,0.0,0.0,0.0,31.653997447693374,0.0,0.0,0.0,0.644684265737136,0.0,0.0,0.0,0.97,0.96,0.96,0.96,30.704377524262576,0.0,0.0,0.0,30.704377524262576,736.9050605823018,0.1486199245026291,6.109741292749577e-05,0.94
1934-11-02,1934-11-13,218.3943,0.9709568849264008,212.05144921368185,0.936,1934,11,2,1934.11,1934,2,33,5,0.0183212452120621,5.454805950554658,0.0257239739260537,0.74,4,Mod_Dry,29,4,2,2,30,67.0,0.3159610568493916,145.05144921368185,145.05144921368185,,1,145.05144921368185,0.0,0.0,0.0,0.0,0.0,0.0,0.0,0.0,0.0,29.0,4.0,2.0,2.0,30.0,180.05144921368185,990.0,964.472308695282,25.527691304717905,0.0990770856903469,0.0045051449213681,989.8964177693882,0.1489070143644582,0.0,0.0,0.0,25.27520205974167,25.4,25.4,25.4,,0.915552988205246,0.0,0.0,0.0,32.91841320168737,0.0,0.0,0.0,0.6704361140873192,0.0,0.0,0.0,0.97,0.96,0.96,0.96,31.93086080563675,0.0,0.0,0.0,31.93086080563675,766.340659335282,0.1505807242725343,6.114853457310162e-05,0.935
1934-11-03,1934-11-14,224.6649,0.98159746285063,220.53049583159049,0.926,1934,11,3,1934.11,1934,2,34,5,0.0190538348398494,8.479046617908638,0.0384484086245546,0.74,4,Mod_Dry,29,4,2,2,30,67.0,0.3038128570262,153.53049583159049,153.53049583159049,,1,153.53049583159049,0.0,0.0,0.0,0.0,0.0,0.0,0.0,0.0,0.0,29.0,4.0,2.0,2.0,30.0,188.53049583159049,990.0,964.5231829749896,25.476817025010405,0.1020696152845935,0.005353049583159,989.8925773351324,0.1668258709962354,0.0,0.0,0.0,25.202568489146444,25.36939436014268,25.36939436014268,25.36939436014268,,0.9188621924251162,0.0,0.0,0.0,34.868120484286734,0.0,0.0,0.0,0.710145020046573,0.0,0.0,0.0,0.97,0.96,0.96,0.96,33.822076869758135,0.0,0.0,0.0,33.822076869758135,811.7298448741952,0.1533668926024026,6.119319358556694e-05,0.925
1934-11-04,1934-11-15,227.8423,0.9755995102100816,222.2828362851385,0.922,1934,11,4,1934.11,1934,2,35,5,0.0192052370550359,1.7523404535480438,0.0078833817438796,0.74,4,Mod_Dry,29,4,2,2,30,67.0,0.3014177842955638,155.2828362851385,155.2828362851385,,1,155.2828362851385,0.0,0.0,0.0,0.0,0.0,0.0,0.0,0.0,0.0,29.0,4.0,2.0,2.0,30.0,190.2828362851385,990.0,964.5336970177108,25.466302982289108,0.1026880728662941,0.0055282836285138,989.8917836435052,0.1706278965530074,0.0,0.0,0.0,25.187458729241264,25.35808662579427,25.35808662579427,25.35808662579427,,0.9195477276884436,0.0,0.0,0.0,35.27124437088074,0.0,0.0,0.0,0.7183552825026627,0.0,0.0,0.0,0.97,0.96,0.96,0.96,34.21310703975431,0.0,0.0,0.0,34.21310703975431,821.1145689541036,0.1539169987729806,6.120213329260109e-05,0.92
1934-11-05,1934-11-16,227.8423,0.9755995102100816,222.2828362851385,0.922,1934,11,5,1934.11,1934,2,36,6,0.0192052370550359,0.0,0.0,0.74,4,Mod_Dry,29,4,2,2,30,67.0,0.3014177842955638,155.2828362851385,155.2828362851385,,1,155.2828362851385,0.0,0.0,0.0,0.0,0.0,0.0,0.0,0.0,0.0,29.0,4.0,2.0,2.0,30.0,190.2828362851385,990.0,964.5336970177108,25.466302982289108,0.1026880728662941,0.0055282836285138,989.8917836435052,0.1706278965530074,0.0,0.0,0.0,25.187458729241264,25.35808662579427,25.35808662579427,25.35808662579427,,0.9195477276884436,0.0,0.0,0.0,35.27124437088074,0.0,0.0,0.0,0.7183552825026627,0.0,0.0,0.0,0.97,0.96,0.96,0.96,34.21310703975431,0.0,0.0,0.0,34.21310703975431,821.1145689541036,0.1539169987729806,6.120213329260109e-05,0.92
1934-11-06,1934-11-17,231.0479,0.97240029822707,224.67104686473823,0.918,1934,11,6,1934.11,1934,2,37,6,0.0194115784491133,2.388210579599729,0.0106298101732598,0.74,4,Mod_Dry,29,4,2,2,30,67.0,0.2982137704656574,157.67104686473823,157.67104686473823,,1,157.67104686473823,0.0,0.0,0.0,0.0,0.0,0.0,0.0,0.0,0.0,29.0,4.0,2.0,2.0,30.0,192.67104686473823,990.0,964.5480262811884,25.451973718811587,0.1035309495668008,0.0057671046864738,989.8907019457469,0.1759297240397188,0.0,0.0,0.0,25.16674594051861,25.342675664558328,25.342675664558328,25.342675664558328,,0.9204828930320662,0.0,0.0,0.0,35.820647932314934,0.0,0.0,0.0,0.7295447644055995,0.0,0.0,0.0,0.97,0.96,0.96,0.96,34.74602849434549,0.0,0.0,0.0,34.74602849434549,833.9046838642917,0.1546528980000886,6.121399441231939e-05,0.92
1934-11-07,1934-11-18,231.0479,0.97240029822707,224.67104686473823,0.918,1934,11,7,1934.11,1934,2,38,6,0.0194115784491133,0.0,0.0,0.74,4,Mod_Dry,29,4,2,2,30,67.0,0.2982137704656574,157.67104686473823,157.67104686473823,,1,157.67104686473823,0.0,0.0,0.0,0.0,0.0,0.0,0.0,0.0,0.0,29.0,4.0,2.0,2.0,30.0,192.67104686473823,990.0,964.5480262811884,25.451973718811587,0.1035309495668008,0.0057671046864738,989.8907019457469,0.1759297240397188,0.0,0.0,0.0,25.16674594051861,25.342675664558328,25.342675664558328,25.342675664558328,,0.9204828930320662,0.0,0.0,0.0,35.820647932314934,0.0,0.0,0.0,0.7295447644055995,0.0,0.0,0.0,0.97,0.96,0.96,0.96,34.74602849434549,0.0,0.0,0.0,34.74602849434549,833.9046838642917,0.1546528980000886,6.121399441231939e-05,0.92
1934-11-08,1934-11-19,234.2817,0.966268687364318,226.3790707324809,0.913,1934,11,8,1934.11,1934,2,39,6,0.0195591517112863,1.7080238677426678,0.0075449725198363,0.74,4,Mod_Dry,29,4,2,2,30,67.0,0.2959637557624572,159.3790707324809,159.3790707324809,,1,159.3790707324809,0.0,0.0,0.0,0.0,0.0,0.0,0.0,0.0,0.0,29.0,4.0,2.0,2.0,30.0,194.3790707324809,990.0,964.5582744243948,25.44172557560512,0.1041337663930585,0.005937907073248,989.8899283265335,0.1797215370261076,0.0,0.0,0.0,25.151932365112675,25.331653902138783,25.331653902138783,25.331653902138783,,0.9211523812340028,0.0,0.0,0.0,36.213693824478575,0.0,0.0,0.0,0.737549772392639,0.0,0.0,0.0,0.97,0.96,0.96,0.96,35.12728300974422,0.0,0.0,0.0,35.12728300974422,843.0547922338612,0.1551701881984276,6.12224589400199e-05,0.915
1934-11-09,1934-11-20,244.1538,0.9479000783611428,231.4334061521708,0.906,1934,11,9,1934.11,1934,2,40,6,0.0199958462915475,5.05433541968992,0.0218392647099815,0.74,4,Mod_Dry,29,4,2,2,30,67.0,0.2895001249558006,164.4334061521708,164.4334061521708,,1,164.4334061521708,0.0,0.0,0.0,0.0,0.0,0.0,0.0,0.0,0.0,29.0,4.0,2.0,2.0,30.0,199.4334061521708,990.0,964.588600436913,25.411399563087,0.1059176047187879,0.006443340615217,989.887639054666,0.1912968341499928,0.0,0.0,0.0,25.10774178360302,25.299038617753013,25.299038617753013,25.299038617753013,,0.9231365999119188,0.0,0.0,0.0,37.3768223227108,0.0,0.0,0.0,0.761238743843397,0.0,0.0,0.0,0.97,0.96,0.96,0.96,36.25551765302947,0.0,0.0,0.0,36.25551765302947,870.1324236727073,0.1566563715058099,6.124653962663515e-05,0.905
1934-11-10,1934-11-21,247.5017,0.9485505757172864,234.76788002600708,0.898,1934,11,10,1934.11,1934,2,41,6,0.020283944834247,3.33447387383626,0.0142032797394041,0.74,4,Mod_Dry,29,4,2,2,30,67.0,0.2853882736964608,167.76788002600708,167.76788002600708,,1,167.76788002600708,0.0,0.0,0.0,0.0,0.0,0.0,0.0,0.0,0.0,29.0,4.0,2.0,2.0,30.0,202.76788002600708,990.0,964.608607280156,25.391392719843907,0.1070944761199434,0.0067767880026007,989.8861287358774,0.1991875544618968,0.0,0.0,0.0,25.078333901259388,25.277521455721285,25.277521455721285,25.277521455721285,,0.9243772839043456,0.0,0.0,0.0,38.14129732929141,0.0,0.0,0.0,0.7768084995782365,0.0,0.0,0.0,0.97,0.96,0.96,0.96,36.997058409412666,0.0,0.0,0.0,36.997058409412666,887.929401825904,0.157589949721036,6.125702171171371e-05,0.9
1934-11-11,1934-11-22,250.8784,0.9414693900674836,236.1943342291061,0.893,1934,11,11,1934.11,1934,2,42,6,0.0204071904773947,1.4264542030990697,0.0060393243883463,0.6,3,Normal,36,5,3,2,47,93.0,0.3937435684201931,143.19433422910612,143.19433422910612,,1,143.19433422910612,0.0,0.0,0.0,0.0,0.0,0.0,0.0,0.0,0.0,36.0,5.0,3.0,2.0,47.0,187.1943342291061,990.0,964.6171660053748,25.382833994625344,0.1015980406703338,0.0043194334229106,989.8940825259068,0.1451525551427943,0.0,0.0,0.0,25.13176396538936,25.276916520532158,25.276916520532158,25.276916520532158,,0.9146091655604583,0.0,0.0,0.0,32.27922176338376,0.0,0.0,0.0,0.6574179585210541,0.0,0.0,0.0,0.97,0.96,0.96,0.96,31.310845110482244,0.0,0.0,0.0,31.310845110482244,751.4602826515738,0.1325639127317552,6.073883454926588e-05,0.895
1934-11-12,1934-11-23,254.284,0.9424159355737844,239.64129376144416,0.89,1934,11,12,1934.11,1934,2,43,7,0.0207050077809887,3.4469595323380133,0.0143838295906103,0.6,3,Normal,36,5,3,2,47,93.0,0.3880800280296381,146.64129376144416,146.64129376144416,,1,146.64129376144416,0.0,0.0,0.0,0.0,0.0,0.0,0.0,0.0,0.0,36.0,5.0,3.0,2.0,47.0,190.64129376144416,990.0,964.6378477625686,25.36215223743136,0.102814584095028,0.0046641293761444,989.8925212865288,0.1522138910238038,0.0,0.0,0.0,25.10245963293646,25.254673523960264,25.254673523960264,25.254673523960264,,0.9160639274770712,0.0,0.0,0.0,33.0702168258047,0.0,0.0,0.0,0.6735278375927637,0.0,0.0,0.0,0.97,0.96,0.96,0.96,32.07811032103056,0.0,0.0,0.0,32.07811032103056,769.8746477047334,0.1338588597045523,6.076450890280602e-05,0.89
1934-11-13,1934-11-24,264.675,0.9437959007304476,249.7991800258312,0.875,1934,11,13,1934.11,1934,2,44,7,0.0215826491542318,10.157886264387033,0.0406642097997944,0.6,3,Normal,36,5,3,2,47,93.0,0.3722990603507308,156.7991800258312,156.7991800258312,,1,156.7991800258312,0.0,0.0,0.0,0.0,0.0,0.0,0.0,0.0,0.0,36.0,5.0,3.0,2.0,47.0,200.7991800258312,990.0,964.698795080155,25.301204919844963,0.1063996384876639,0.0056799180025831,989.8879204435098,0.1739941796573452,0.0,0.0,0.0,25.01513118369737,25.18912536335472,25.18912536335472,25.18912536335472,,0.9200506011777168,0.0,0.0,0.0,35.391338250752334,0.0,0.0,0.0,0.7208011863697013,0.0,0.0,0.0,0.97,0.96,0.96,0.96,34.32959810322976,0.0,0.0,0.0,34.32959810322976,823.9103544775144,0.1374287861940932,6.081664120659568e-05,0.875
1934-11-14,1934-11-25,268.1972,0.9570673705328404,256.6827889882703,0.865,1934,11,14,1934.11,1934,2,45,7,0.0221773929685865,6.8836089624391255,0.0268175711724625,0.6,3,Normal,36,5,3,2,47,93.0,0.3623149038023341,163.68278898827032,163.68278898827032,,1,163.68278898827032,0.0,0.0,0.0,0.0,0.0,0.0,0.0,0.0,0.0,36.0,5.0,3.0,2.0,47.0,207.68278898827032,990.0,964.7267311559532,25.273268844046925,0.1088291557084552,0.006368278898827,989.8848025653928,0.1895704146730217,0.0,0.0,0.0,24.968500994766664,25.158071409439685,25.158071409439685,25.158071409439685,,0.9227572931143256,0.0,0.0,0.0,36.98466353749433,0.0,0.0,0.0,0.7532518032076237,0.0,0.0,0.0,0.97,0.96,0.96,0.96,35.8751236313695,0.0,0.0,0.0,35.8751236313695,861.002967152868,0.1397644297569514,6.088185680010001e-05,0.865
1934-11-15,1934-11-26,268.1972,0.9570673705328404,256.6827889882703,0.865,1934,11,15,1934.11,1934,2,46,7,0.0221773929685865,0.0,0.0,0.6,3,Normal,36,5,3,2,47,93.0,0.3623149038023341,163.68278898827032,163.68278898827032,,1,163.68278898827032,0.0,0.0,0.0,0.0,0.0,0.0,0.0,0.0,0.0,36.0,5.0,3.0,2.0,47.0,207.68278898827032,990.0,964.7267311559532,25.273268844046925,0.1088291557084552,0.006368278898827,989.8848025653928,0.1895704146730217,0.0,0.0,0.0,24.968500994766664,25.158071409439685,25.158071409439685,25.158071409439685,,0.9227572931143256,0.0,0.0,0.0,36.98466353749433,0.0,0.0,0.0,0.7532518032076237,0.0,0.0,0.0,0.97,0.96,0.96,0.96,35.8751236313695,0.0,0.0,0.0,35.8751236313695,861.002967152868,0.1397644297569514,6.088185680010001e-05,0.865
1934-11-16,1934-11-27,275.3297,0.9493451834369376,261.382924552137,0.855,1934,11,16,1934.11,1934,2,47,7,0.0225834846813046,4.700135563866695,0.0179818003487415,0.6,3,Normal,36,5,3,2,47,93.0,0.3557998295387871,168.382924552137,168.382924552137,,1,168.382924552137,0.0,0.0,0.0,0.0,0.0,0.0,0.0,0.0,0.0,36.0,5.0,3.0,2.0,47.0,212.382924552137,990.0,964.7455316982084,25.254468301791466,0.1104880326659897,0.0068382924552137,989.8826736748788,0.200651360434086,0.0,0.0,0.0,24.936490616236163,25.13714197667025,25.13714197667025,25.13714197667025,,0.924515261291998,0.0,0.0,0.0,38.07028835572918,0.0,0.0,0.0,0.7753622883040566,0.0,0.0,0.0,0.97,0.96,0.96,0.96,36.9281797050573,0.0,0.0,0.0,36.9281797050573,886.2763129213753,0.1412800004756675,6.091964326628074e-05,0.855
1934-11-17,1934-11-28,282.5805,0.9441063439037743,266.78604271350054,0.847,1934,11,17,1934.11,1934,2,48,7,0.0230503140904464,5.403118161363523,0.0202526268106382,0.6,3,Normal,36,5,3,2,47,93.0,0.3485939483718493,173.78604271350054,173.78604271350054,,1,173.78604271350054,0.0,0.0,0.0,0.0,0.0,0.0,0.0,0.0,0.0,36.0,5.0,3.0,2.0,47.0,217.7860427135005,990.0,964.767144170854,25.232855829145933,0.1123950219634107,0.00737860427135,989.8802263737653,0.2137379442209413,0.0,0.0,0.0,24.899344258690245,25.113082202911187,25.113082202911187,25.113082202911187,,0.926491635339558,0.0,0.0,0.0,39.31723841413353,0.0,0.0,0.0,0.8007584198397867,0.0,0.0,0.0,0.9700758419839788,0.96,0.96,0.96,38.14070315907541,0.0,0.0,0.0,38.14070315907541,915.37687581781,0.142963637719363,6.09636976651566e-05,0.845
1934-11-18,1934-11-29,286.2506,0.9441456049247084,270.26224589706084,0.836,1934,11,18,1934.11,1934,2,49,7,0.023350658045506,3.476203183560301,0.012862333664186,0.6,3,Normal,36,5,3,2,47,93.0,0.3441102166945746,177.26224589706084,177.26224589706084,,1,177.26224589706084,0.0,0.0,0.0,0.0,0.0,0.0,0.0,0.0,0.0,36.0,5.0,3.0,2.0,47.0,221.26224589706084,990.0,964.7810489835882,25.21895101641178,0.1136219213331327,0.007726224589706,989.8786518540772,0.222355614742652,0.0,0.0,0.0,24.87524725574626,25.097602870488917,25.097602870488917,25.097602870488917,,0.9277599974714824,0.0,0.0,0.0,40.11972949825528,0.0,0.0,0.0,0.8171024337730198,0.0,0.0,0.0,0.971710243377302,0.96,0.96,0.96,38.98475211498116,0.0,0.0,0.0,38.98475211498116,935.6340507595478,0.1442478655706499,6.109083045244517e-05,0.835
1934-11-19,1934-11-30,286.2506,0.9441456049247084,270.26224589706084,0.836,1934,11,19,1934.11,1934,2,50,8,0.023350658045506,0.0,0.0,0.6,3,Normal,36,5,3,2,47,93.0,0.3441102166945746,177.26224589706084,177.26224589706084,,1,177.26224589706084,0.0,0.0,0.0,0.0,0.0,0.0,0.0,0.0,0.0,36.0,5.0,3.0,2.0,47.0,221.26224589706084,990.0,964.7810489835882,25.21895101641178,0.1136219213331327,0.007726224589706,989.8786518540772,0.222355614742652,0.0,0.0,0.0,24.87524725574626,25.097602870488917,25.097602870488917,25.097602870488917,,0.9277599974714824,0.0,0.0,0.0,40.11972949825528,0.0,0.0,0.0,0.8171024337730198,0.0,0.0,0.0,0.971710243377302,0.96,0.96,0.96,38.98475211498116,0.0,0.0,0.0,38.98475211498116,935.6340507595478,0.1442478655706499,6.109083045244517e-05,0.835
1934-11-20,1934-12-01,289.9506,0.935581823043148,271.2725109404546,0.835,1934,11,20,1934.11,1934,2,51,8,0.0234379449452552,1.0102650433937583,0.0037241703550844,0.6,3,Normal,36,5,3,2,47,93.0,0.3428286916266789,178.2725109404546,178.2725109404546,,1,178.2725109404546,0.0,0.0,0.0,0.0,0.0,0.0,0.0,0.0,0.0,36.0,5.0,3.0,2.0,47.0,222.2725109404546,990.0,964.7850900437618,25.214909956238216,0.1139784866659228,0.0078272510940454,989.87819426224,0.2248812773511364,0.0,0.0,0.0,24.86822294112715,25.093104218478288,25.093104218478288,25.093104218478288,,0.9281281506206622,0.0,0.0,0.0,40.3529954423963,0.0,0.0,0.0,0.8218532676659124,0.0,0.0,0.0,0.9721853267665912,0.96,0.96,0.96,39.23059006017681,0.0,0.0,0.0,39.23059006017681,941.5341614442434,0.1446169017427205,6.112768631764414e-05,0.835
1934-11-21,1934-12-02,297.4406,0.927655743202664,275.9224808516464,0.8220000000000001,1934,11,21,1934.11,1934,2,52,8,0.0238397023455822,4.6499699111918185,0.0168524503579392,0.48,3,Normal,36,5,3,2,47,93.0,0.3370511881197631,182.9224808516464,182.9224808516464,,1,182.9224808516464,0.0,0.0,0.0,0.0,0.0,0.0,0.0,0.0,0.0,36.0,5.0,3.0,2.0,47.0,226.9224808516464,990.0,964.8036899234066,25.196310076593363,0.1156196580394052,0.0082922480851646,989.8760880938756,0.2367400005972477,0.0,0.0,0.0,24.83565816987164,25.072398170468887,25.072398170468887,25.072398170468887,,0.9298198334196278,0.0,0.0,0.0,41.426692588528255,0.0,0.0,0.0,0.8437208266502699,0.0,0.0,0.0,0.974372082665027,0.96,0.96,0.96,40.36501273540812,0.0,0.0,0.0,40.36501273540812,968.7603056497948,0.1462911344186954,6.129647643860088e-05,0.82
1934-11-22,1934-12-03,308.9022,0.9297022486736368,287.1870699602335,0.8029999999999999,1934,11,22,1934.11,1934,2,53,8,0.0248129628445641,11.264589108587074,0.039223872823198,0.48,3,Normal,36,5,3,2,47,93.0,0.3238307351820457,194.1870699602335,194.1870699602335,,1,194.1870699602335,0.0,0.0,0.0,0.0,0.0,0.0,0.0,0.0,0.0,36.0,5.0,3.0,2.0,47.0,238.1870699602335,990.0,964.848748279841,25.151251720159053,0.1195953700098041,0.0094187069960233,989.870985922994,0.2667888302918351,0.0,0.0,0.0,24.755448812861346,25.022237643153176,25.022237643153176,25.022237643153176,,0.9331838595712272,0.0,0.0,0.0,43.99436274352982,0.0,0.0,0.0,0.8960155344914423,0.0,0.0,0.0,0.9796015534491442,0.96,0.96,0.96,43.096946086566966,0.0,0.0,0.0,43.096946086566966,1034.3267060776072,0.1500657605947738,6.164866649147558e-05,0.805
1934-11-23,1934-12-04,312.7836,0.9288272938647332,290.5219447532691,0.797,1934,11,23,1934.11,1934,2,54,8,0.0251010960266824,3.3348747930356235,0.0114789084035212,0.48,3,Normal,36,5,3,2,47,93.0,0.320113511834646,197.5219447532691,197.5219447532691,,1,197.5219447532691,0.0,0.0,0.0,0.0,0.0,0.0,0.0,0.0,0.0,36.0,5.0,3.0,2.0,47.0,241.5219447532691,990.0,964.8620877790132,25.13791222098689,0.1207723507948489,0.0097521944753269,989.8694754547298,0.2760614453091535,0.0,0.0,0.0,24.731326230407547,25.0073876757167,25.0073876757167,25.0073876757167,,0.9341366884844736,0.0,0.0,0.0,44.75194219929878,0.0,0.0,0.0,0.9114448513095474,0.0,0.0,0.0,0.98,0.96,0.96,0.96,43.8569033553128,0.0,0.0,0.0,43.8569033553128,1052.5656805275073,0.1509590037770092,6.167655532893354e-05,0.795
1934-11-24,1934-12-05,316.6956,0.9306200236043244,294.72326674738565,0.794,1934,11,24,1934.11,1934,2,55,8,0.0254640902469741,4.20132199411654,0.0142551419183256,0.48,3,Normal,36,5,3,2,47,93.0,0.3155502482934695,201.72326674738565,201.72326674738565,,1,201.72326674738565,0.0,0.0,0.0,0.0,0.0,0.0,0.0,0.0,0.0,36.0,5.0,3.0,2.0,47.0,245.72326674738565,990.0,964.8788930669896,25.121106933010424,0.1222551276802623,0.0103446533494771,989.8674002189704,0.2879285428975229,0.0,0.0,0.0,24.700578609083163,24.988507151980684,24.988507151980684,24.988507151980684,,0.9353412470142274,0.0,0.0,0.0,45.70586212512234,0.0,0.0,0.0,0.9308729557051392,0.0,0.0,0.0,0.98,0.96,0.96,0.96,44.79174488261989,0.0,0.0,0.0,44.79174488261989,1075.0018771828773,0.1519789916043919,6.16793072851848e-05,0.795
1934-11-25,1934-12-06,328.6161,0.9312389803097992,306.020121877383,0.775,1934,11,25,1934.11,1934,2,56,8,0.0264401385302058,11.296855129997368,0.0369153997478761,0.48,3,Normal,36,5,3,2,47,93.0,0.3039015847371745,213.02012187738305,213.02012187738305,,1,213.02012187738305,0.0,0.0,0.0,0.0,0.0,0.0,0.0,0.0,0.0,36.0,5.0,3.0,2.0,47.0,257.020121877383,990.0,964.9301006093868,25.06989939061316,0.1262421383612056,0.0126040243754766,989.8611538372631,0.321060365632149,0.0,0.0,0.0,24.60999286224427,24.93105322787642,24.93105322787642,24.93105322787642,,0.9382634479229414,0.0,0.0,0.0,48.23870205300543,0.0,0.0,0.0,0.9824582902852428,0.0,0.0,0.0,0.98,0.96,0.96,0.96,47.27392801194532,0.0,0.0,0.0,47.27392801194532,1134.5742722866876,0.1544798025761428,6.164509978800758e-05,0.775
1934-11-26,1934-12-07,336.7179,0.9260439379072553,311.8155700798613,0.7659999999999999,1934,11,26,1934.11,1934,2,57,9,0.0269408652549,5.795448202478268,0.0185861411634895,0.48,3,Normal,36,5,3,2,47,93.0,0.2982532269834412,218.8155700798613,218.8155700798613,,1,218.8155700798613,0.0,0.0,0.0,0.0,0.0,0.0,0.0,0.0,0.0,36.0,5.0,3.0,2.0,47.0,262.8155700798613,990.0,964.9590778503992,25.04092214960076,0.1282875318462276,0.0137631140159722,989.8579493541378,0.3387519558459727,0.0,0.0,0.0,24.560119547892548,24.89887150373852,24.89887150373852,24.89887150373852,,0.9396995783980188,0.0,0.0,0.0,49.526362197081326,0.0,0.0,0.0,1.0086835478020637,0.0,0.0,0.0,0.98,0.96,0.96,0.96,48.2,0.0,0.0,0.0,48.2,1156.8000000000002,0.1545785542000201,6.118800816597438e-05,0.765
1934-11-27,1934-12-08,357.5196,0.9208048873506705,329.2057950036568,0.742,1934,11,27,1934.11,1934,2,58,9,0.0284433806883159,17.39022492379553,0.0528247837301963,0.48,3,Normal,36,5,3,2,47,93.0,0.2824980647712078,236.2057950036568,236.2057950036568,,2,118.1028975018284,118.1028975018284,0.0,0.0,0.0,0.0,0.0,0.0,0.0,0.0,36.0,5.0,3.0,2.0,47.0,280.2057950036568,990.0,965.0460289750184,24.953971024981684,0.1344250817853312,0.0172411590007313,989.848333759214,0.0987508098530351,0.0987508098530351,0.0,0.0,24.703553974342565,24.703553974342565,24.8023047841956,24.8023047841956,,0.8999461750802306,0.8999461750802306,0.0,0.0,25.74988092349063,25.74988092349063,0.0,0.0,0.5244374933501146,0.5244374933501146,0.0,0.0,0.97,0.97,0.96,0.96,24.97738449578591,24.97738449578591,0.0,0.0,49.95476899157182,1198.9144557977236,0.1517432856581911,5.874675818036654e-05,0.74
1934-11-28,1934-12-09,383.5279,0.9045977994923856,346.9384943839358,0.7120000000000001,1934,11,28,1934.11,1934,2,59,9,0.029975485914772,17.732699380278973,0.0511119396300119,0.48,3,Normal,36,5,3,2,47,93.0,0.2680590407390266,253.9384943839358,253.9384943839358,,2,126.9692471919679,126.9692471919679,0.0,0.0,0.0,0.0,0.0,0.0,0.0,0.0,36.0,5.0,3.0,2.0,47.0,297.9384943839358,990.0,965.1346924719196,24.865307528080397,0.1406835015860235,0.0207876988767871,989.8385287995372,0.1141446449455422,0.1141446449455422,0.0,0.0,24.58969168267198,24.58969168267198,24.703836327617523,24.703836327617523,,0.90648792778889,0.90648792778889,0.0,0.0,27.755710705030587,27.755710705030587,0.0,0.0,0.5652894237277105,0.5652894237277105,0.0,0.0,0.97,0.97,0.96,0.96,26.92303938387967,26.92303938387967,0.0,0.0,53.84607876775934,1292.305890426224,0.1552035292692864,5.890105058093773e-05,0.71
1934-11-29,1934-12-10,415.3399,0.9079714249478594,377.11676084070143,0.68,1934,11,29,1934.11,1934,2,60,9,0.0325828881366366,30.17826645676564,0.08002366797352,0.48,3,Normal,36,5,3,2,47,93.0,0.2466079730656264,284.11676084070143,284.11676084070143,,2,142.05838042035072,142.05838042035072,0.0,0.0,0.0,0.0,0.0,0.0,0.0,0.0,36.0,5.0,3.0,2.0,47.0,328.11676084070143,990.0,965.2855838042036,24.714416195796503,0.1513343481544617,0.0268233521681402,989.8218422996774,0.1428579284491084,0.1428579284491084,0.0,0.0,24.393400567024823,24.393400567024823,24.53625849547393,24.53625849547393,,0.9133113785610324,0.9133113785610324,0.0,0.0,31.038217660652244,31.038217660652244,0.0,0.0,0.6321429258788644,0.6321429258788644,0.0,0.0,0.97,0.97,0.96,0.96,30.10707113083268,30.10707113083268,0.0,0.0,60.21414226166535,1445.1394142799684,0.1596697588498341,5.8870693086700334e-05,0.68
1934-11-30,1934-12-11,468.6029,0.9015518661337044,422.4698189706656,0.626,1934,11,30,1934.11,1934,2,61,9,0.0365013923590655,45.35305812996416,0.1073521849216719,0.48,3,Normal,36,5,3,2,47,93.0,0.2201340683379266,329.4698189706656,329.4698189706656,,2,164.7349094853328,164.7349094853328,0.0,0.0,0.0,0.0,0.0,0.0,0.0,0.0,36.0,5.0,3.0,2.0,47.0,373.4698189706656,990.0,965.501114185368,24.49888581463199,0.1673408495300042,0.0358939637941331,989.796765186676,0.1919902918162654,0.1919902918162654,0.0,0.0,24.10366070949161,24.10366070949161,24.295651001307878,24.295651001307878,,0.9224222889422464,0.9224222889422464,0.0,0.0,35.92006674906525,35.92006674906525,0.0,0.0,0.731569587557337,0.731569587557337,0.0,0.0,0.97,0.97,0.96,0.96,34.84246474659329,34.84246474659329,0.0,0.0,69.68492949318659,1672.438307836478,0.1649465272169541,5.875173914167218e-05,0.625
1934-12-01,1934-12-12,494.165,0.8960553284209241,442.799181369126,0.602,1934,12,1,1934.12,1934,3,62,9,0.0382578492702924,20.329362398460376,0.045911020737668,0.3,2,Mod_Wet,42,7,5,3,61,118.0,0.2664864908628476,324.799181369126,324.799181369126,,2,162.399590684563,162.399590684563,0.0,0.0,0.0,0.0,0.0,0.0,0.0,0.0,42.0,7.0,5.0,3.0,61.0,378.799181369126,990.0,965.592596316161,24.407403683838996,0.1692217468736248,0.0349598362738252,989.7958184168524,0.1866190585744949,0.1866190585744949,0.0,0.0,24.01660304211701,24.01660304211701,24.203222100691505,24.203222100691505,,0.9213938878056446,0.9213938878056446,0.0,0.0,35.24362216464489,35.24362216464489,0.0,0.0,0.7177927121108939,0.7177927121108939,0.0,0.0,0.97,0.97,0.96,0.96,34.18631349970554,34.18631349970554,0.0,0.0,68.37262699941108,1640.943047985866,0.1544100122046394,5.847427419203044e-05,0.6
1934-12-02,1934-12-13,509.9149,0.8935905892579125,455.65515596238953,0.59,1934,12,2,1934.12,1934,3,63,9,0.0393686054751504,12.85597459326357,0.0282142634074017,0.3,2,Mod_Wet,42,7,5,3,61,118.0,0.2589677708151291,337.6551559623896,337.6551559623896,,2,168.82757798119476,168.82757798119476,0.0,0.0,0.0,0.0,0.0,0.0,0.0,0.0,42.0,7.0,5.0,3.0,61.0,391.65515596238953,990.0,965.6504482018308,24.349551798169276,0.1737590191876842,0.0375310311924779,989.78870994962,0.2017096355952435,0.2017096355952435,0.0,0.0,23.93655211219397,23.93655211219397,24.138261747789212,24.138261747789212,,0.9237597611662982,0.9237597611662982,0.0,0.0,36.61025245479195,36.61025245479195,0.0,0.0,0.7456263229081863,0.7456263229081863,0.0,0.0,0.97,0.97,0.96,0.96,35.51194488114819,35.51194488114819,0.0,0.0,71.02388976229638,1704.573354295113,0.1558720203928929,5.842901528061395e-05,0.59
1934-12-03,1934-12-14,473.647,0.9007401735700734,426.6328809909446,0.62,1934,12,3,1934.12,1934,3,64,10,0.0368610809176176,29.02227497144491,0.0680263436424182,0.3,2,Mod_Wet,42,7,5,3,61,118.0,0.2765844013849101,308.6328809909446,308.6328809909446,,2,154.3164404954723,154.3164404954723,0.0,0.0,0.0,0.0,0.0,0.0,0.0,0.0,42.0,7.0,5.0,3.0,61.0,362.6328809909446,990.0,965.5198479644592,24.480152035540755,0.1635161578811632,0.0317265761981889,989.8047572659208,0.1685235114702201,0.1685235114702201,0.0,0.0,24.11638578999121,24.11638578999121,24.284909301461425,24.284909301461425,,0.9181941757973172,0.9181941757973172,0.0,0.0,33.51179209371814,33.51179209371814,0.0,0.0,0.6825212239046464,0.6825212239046464,0.0,0.0,0.97,0.97,0.96,0.96,32.5064383309066,32.5064383309066,0.0,0.0,65.0128766618132,1560.3090398835166,0.1523859963882931,5.85133131248873e-05,0.62
1934-12-04,1934-12-15,468.6029,0.9015518661337044,422.4698189706656,0.626,1934,12,4,1934.12,1934,3,65,10,0.0365013923590655,4.163062020279028,0.00985410515341,0.3,2,Mod_Wet,42,7,5,3,61,118.0,0.27930989315995,304.4698189706656,304.4698189706656,,2,152.2349094853328,152.2349094853328,0.0,0.0,0.0,0.0,0.0,0.0,0.0,0.0,42.0,7.0,5.0,3.0,61.0,358.4698189706656,990.0,965.501114185368,24.49888581463199,0.1620468841276026,0.0308939637941331,989.8070591520784,0.1640274044883188,0.1640274044883188,0.0,0.0,24.14191756222197,24.14191756222197,24.305944966710285,24.305944966710285,,0.917372521459159,0.917372521459159,0.0,0.0,33.0651458543358,33.0651458543358,0.0,0.0,0.673424559151442,0.673424559151442,0.0,0.0,0.97,0.97,0.96,0.96,32.07319147870573,32.07319147870573,0.0,0.0,64.14638295741146,1539.5131909778752,0.151836604834168,5.852284397393362e-05,0.625
1934-12-05,1934-12-16,468.6029,0.9015518661337044,422.4698189706656,0.626,1934,12,5,1934.12,1934,3,66,10,0.0365013923590655,0.0,0.0,0.3,2,Mod_Wet,42,7,5,3,61,118.0,0.27930989315995,304.4698189706656,304.4698189706656,,2,152.2349094853328,152.2349094853328,0.0,0.0,0.0,0.0,0.0,0.0,0.0,0.0,42.0,7.0,5.0,3.0,61.0,358.4698189706656,990.0,965.501114185368,24.49888581463199,0.1620468841276026,0.0308939637941331,989.8070591520784,0.1640274044883188,0.1640274044883188,0.0,0.0,24.14191756222197,24.14191756222197,24.305944966710285,24.305944966710285,,0.917372521459159,0.917372521459159,0.0,0.0,33.0651458543358,33.0651458543358,0.0,0.0,0.673424559151442,0.673424559151442,0.0,0.0,0.97,0.97,0.96,0.96,32.07319147870573,32.07319147870573,0.0,0.0,64.14638295741146,1539.5131909778752,0.151836604834168,5.852284397393362e-05,0.625
1934-12-06,1934-12-17,473.647,0.9007401735700734,426.6328809909446,0.62,1934,12,6,1934.12,1934,3,67,10,0.0368610809176176,4.163062020279028,0.0097579492949756,0.3,2,Mod_Wet,42,7,5,3,61,118.0,0.2765844013849101,308.6328809909446,308.6328809909446,,2,154.3164404954723,154.3164404954723,0.0,0.0,0.0,0.0,0.0,0.0,0.0,0.0,42.0,7.0,5.0,3.0,61.0,362.6328809909446,990.0,965.5198479644592,24.480152035540755,0.1635161578811632,0.0317265761981889,989.8047572659208,0.1685235114702201,0.1685235114702201,0.0,0.0,24.11638578999121,24.11638578999121,24.284909301461425,24.284909301461425,,0.9181941757973172,0.9181941757973172,0.0,0.0,33.51179209371814,33.51179209371814,0.0,0.0,0.6825212239046464,0.6825212239046464,0.0,0.0,0.97,0.97,0.96,0.96,32.5064383309066,32.5064383309066,0.0,0.0,65.0128766618132,1560.3090398835166,0.1523859963882931,5.85133131248873e-05,0.62
1934-12-07,1934-12-18,478.7252,0.9002196493164109,430.9578316629287,0.615,1934,12,7,1934.12,1934,3,68,10,0.037234756655677,4.324950671984085,0.0100356702076754,0.3,2,Mod_Wet,42,7,5,3,61,118.0,0.2738086915480238,312.9578316629287,312.9578316629287,,2,156.47891583146435,156.47891583146435,0.0,0.0,0.0,0.0,0.0,0.0,0.0,0.0,42.0,7.0,5.0,3.0,61.0,366.9578316629287,990.0,965.5393102424832,24.46068975751689,0.1650425671628017,0.0325915663325857,989.8023658665046,0.1732831931458508,0.1732831931458508,0.0,0.0,24.08977243087564,24.08977243087564,24.26305562402149,24.26305562402149,,0.9190487667792748,0.9190487667792748,0.0,0.0,33.97549414637275,33.97549414637275,0.0,0.0,0.6919652575635998,0.6919652575635998,0.0,0.0,0.97,0.97,0.96,0.96,32.95622932198157,32.95622932198157,0.0,0.0,65.91245864396313,1581.8990074551152,0.1529441021865828,5.850314143826727e-05,0.615
1934-12-08,1934-12-19,488.9841,0.8998924733267547,440.0331111664572,0.609,1934,12,8,1934.12,1934,3,69,10,0.0380188608047818,9.07527950352852,0.0206240832183546,0.3,2,Mod_Wet,42,7,5,3,61,118.0,0.2681616383076285,322.0331111664572,322.0331111664572,,2,161.0165555832286,161.0165555832286,0.0,0.0,0.0,0.0,0.0,0.0,0.0,0.0,42.0,7.0,5.0,3.0,61.0,376.0331111664572,990.0,965.580149000249,24.41985099975102,0.168245514876722,0.0344066222332914,989.79734786289,0.1834380778414258,0.1834380778414258,0.0,0.0,24.03376078479957,24.03376078479957,24.217198862641,24.217198862641,,0.9208454041607252,0.9208454041607252,0.0,0.0,34.94762691385664,34.94762691385664,0.0,0.0,0.7117642955978949,0.7117642955978949,0.0,0.0,0.97,0.97,0.96,0.96,33.899198106440934,33.899198106440934,0.0,0.0,67.79839621288187,1627.1615091091649,0.1540756695175942,5.848121570075759e-05,0.61
1934-12-09,1934-12-20,488.9841,0.8998924733267547,440.0331111664572,0.609,1934,12,9,1934.12,1934,3,70,10,0.0380188608047818,0.0,0.0,0.3,2,Mod_Wet,42,7,5,3,61,118.0,0.2681616383076285,322.0331111664572,322.0331111664572,,2,161.0165555832286,161.0165555832286,0.0,0.0,0.0,0.0,0.0,0.0,0.0,0.0,42.0,7.0,5.0,3.0,61.0,376.0331111664572,990.0,965.580149000249,24.41985099975102,0.168245514876722,0.0344066222332914,989.79734786289,0.1834380778414258,0.1834380778414258,0.0,0.0,24.03376078479957,24.03376078479957,24.217198862641,24.217198862641,,0.9208454041607252,0.9208454041607252,0.0,0.0,34.94762691385664,34.94762691385664,0.0,0.0,0.7117642955978949,0.7117642955978949,0.0,0.0,0.97,0.97,0.96,0.96,33.899198106440934,33.899198106440934,0.0,0.0,67.79839621288187,1627.1615091091649,0.1540756695175942,5.848121570075759e-05,0.61
1934-12-10,1934-12-21,494.165,0.8960553284209241,442.799181369126,0.602,1934,12,10,1934.12,1934,3,71,11,0.0382578492702924,2.766070202668743,0.0062467825575379,0.3,2,Mod_Wet,42,7,5,3,61,118.0,0.2664864908628476,324.799181369126,324.799181369126,,2,162.399590684563,162.399590684563,0.0,0.0,0.0,0.0,0.0,0.0,0.0,0.0,42.0,7.0,5.0,3.0,61.0,378.799181369126,990.0,965.592596316161,24.407403683838996,0.1692217468736248,0.0349598362738252,989.7958184168524,0.1866190585744949,0.1866190585744949,0.0,0.0,24.01660304211701,24.01660304211701,24.203222100691505,24.203222100691505,,0.9213938878056446,0.9213938878056446,0.0,0.0,35.24362216464489,35.24362216464489,0.0,0.0,0.7177927121108939,0.7177927121108939,0.0,0.0,0.97,0.97,0.96,0.96,34.18631349970554,34.18631349970554,0.0,0.0,68.37262699941108,1640.943047985866,0.1544100122046394,5.847427419203044e-05,0.6
1934-12-11,1934-12-22,494.165,0.8960553284209241,442.799181369126,0.602,1934,12,11,1934.12,1934,3,72,11,0.0382578492702924,0.0,0.0,0.24,2,Mod_Wet,42,7,5,3,61,118.0,0.2664864908628476,324.799181369126,324.799181369126,,2,162.399590684563,162.399590684563,0.0,0.0,0.0,0.0,0.0,0.0,0.0,0.0,42.0,7.0,5.0,3.0,61.0,378.799181369126,990.0,965.592596316161,24.407403683838996,0.1692217468736248,0.0349598362738252,989.7958184168524,0.1866190585744949,0.1866190585744949,0.0,0.0,24.01660304211701,24.01660304211701,24.203222100691505,24.203222100691505,,0.9213938878056446,0.9213938878056446,0.0,0.0,35.24362216464489,35.24362216464489,0.0,0.0,0.7177927121108939,0.7177927121108939,0.0,0.0,0.97,0.97,0.96,0.96,34.18631349970554,34.18631349970554,0.0,0.0,68.37262699941108,1640.943047985866,0.1544100122046394,5.847427419203044e-05,0.6
1934-12-12,1934-12-23,499.3804,0.8921883077628417,445.541354005931,0.598,1934,12,12,1934.12,1934,3,73,11,0.0384947729861124,2.742172636805037,0.0061546983510054,0.24,2,Mod_Wet,42,7,5,3,61,118.0,0.2648463468969688,327.541354005931,327.541354005931,,2,163.7706770029655,163.7706770029655,0.0,0.0,0.0,0.0,0.0,0.0,0.0,0.0,42.0,7.0,5.0,3.0,61.0,381.541354005931,990.0,965.6049360930268,24.39506390697329,0.1701895446780687,0.0355082708011862,989.7943021845208,0.1897725571068206,0.1897725571068206,0.0,0.0,23.99959353438716,23.99959353438716,24.18936609149398,24.18936609149398,,0.9219380664007382,0.9219380664007382,0.0,0.0,35.53697668861483,35.53697668861483,0.0,0.0,0.723767346000302,0.723767346000302,0.0,0.0,0.97,0.97,0.96,0.96,34.47086738795638,34.47086738795638,0.0,0.0,68.94173477591276,1654.6016346219062,0.1547370051198323,5.846737106011725e-05,0.6
1934-12-13,1934-12-24,499.3804,0.8921883077628417,445.541354005931,0.598,1934,12,13,1934.12,1934,3,74,11,0.0384947729861124,0.0,0.0,0.24,2,Mod_Wet,42,7,5,3,61,118.0,0.2648463468969688,327.541354005931,327.541354005931,,2,163.7706770029655,163.7706770029655,0.0,0.0,0.0,0.0,0.0,0.0,0.0,0.0,42.0,7.0,5.0,3.0,61.0,381.541354005931,990.0,965.6049360930268,24.39506390697329,0.1701895446780687,0.0355082708011862,989.7943021845208,0.1897725571068206,0.1897725571068206,0.0,0.0,23.99959353438716,23.99959353438716,24.18936609149398,24.18936609149398,,0.9219380664007382,0.9219380664007382,0.0,0.0,35.53697668861483,35.53697668861483,0.0,0.0,0.723767346000302,0.723767346000302,0.0,0.0,0.97,0.97,0.96,0.96,34.47086738795638,34.47086738795638,0.0,0.0,68.94173477591276,1654.6016346219062,0.1547370051198323,5.846737106011725e-05,0.6
1934-12-14,1934-12-25,504.6303,0.897830776149602,453.0726139176065,0.595,1934,12,14,1934.12,1934,3,75,11,0.0391454738424812,7.5312599116755345,0.016622633282896,0.24,2,Mod_Wet,42,7,5,3,61,118.0,0.2604439031961859,335.0726139176065,335.0726139176065,,2,167.53630695880324,167.53630695880324,0.0,0.0,0.0,0.0,0.0,0.0,0.0,0.0,42.0,7.0,5.0,3.0,61.0,389.0726139176065,990.0,965.6388267626292,24.36117323737085,0.1728475599719956,0.0370145227835213,989.7901379172446,0.1986364105619517,0.1986364105619517,0.0,0.0,23.952674744053475,23.952674744053475,24.151311154615428,24.151311154615428,,0.923309629731154,0.923309629731154,0.0,0.0,36.33699588712204,36.33699588712204,0.0,0.0,0.7400610160309987,0.7400610160309987,0.0,0.0,0.97,0.97,0.96,0.96,35.246886010508376,35.246886010508376,0.0,0.0,70.49377202101675,1691.850528504402,0.1555904503065736,5.8439879971767526e-05,0.595
1934-12-15,1934-12-26,515.2343,0.8913623235036077,459.2604427967548,0.585,1934,12,15,1934.12,1934,3,76,11,0.0396801022576396,6.187828879148299,0.0134734636439975,0.24,2,Mod_Wet,42,7,5,3,61,118.0,0.2569348217351712,341.2604427967548,341.2604427967548,,2,170.6302213983774,170.6302213983774,0.0,0.0,0.0,0.0,0.0,0.0,0.0,0.0,42.0,7.0,5.0,3.0,61.0,395.2604427967548,990.0,965.6666719925854,24.333328007414597,0.1750314367721417,0.0382520885593509,989.7867164746684,0.2060377402120408,0.2060377402120408,0.0,0.0,23.91400674187109,23.91400674187109,24.12004448208313,24.12004448208313,,0.9243883652241878,0.9243883652241878,0.0,0.0,36.99145992322399,36.99145992322399,0.0,0.0,0.7533902224689204,0.7533902224689204,0.0,0.0,0.97,0.97,0.96,0.96,35.88171612552727,35.88171612552727,0.0,0.0,71.76343225105454,1722.3223740253088,0.1562586836654977,5.8413704714895256e-05,0.585
1934-12-16,1934-12-27,520.5884,0.8885427859104034,462.56506724863937,0.581,1934,12,16,1934.12,1934,3,77,11,0.0399656218102824,3.304624451884536,0.0071441288715133,0.24,2,Mod_Wet,42,7,5,3,61,118.0,0.2550992462571158,344.56506724863937,344.56506724863937,,2,172.28253362431968,172.28253362431968,0.0,0.0,0.0,0.0,0.0,0.0,0.0,0.0,42.0,7.0,5.0,3.0,61.0,398.56506724863937,990.0,965.6815428026188,24.31845719738112,0.1761977412732222,0.0389130134497278,989.7848892452772,0.21006938204334,0.21006938204334,0.0,0.0,23.89327706061488,23.89327706061488,24.10334644265822,24.10334644265822,,0.9249647404393774,0.9249647404393774,0.0,0.0,37.3405616790469,37.3405616790469,0.0,0.0,0.7605002378624623,0.7605002378624623,0.0,0.0,0.97,0.97,0.96,0.96,36.22034482867549,36.22034482867549,0.0,0.0,72.44068965735099,1738.5765517764237,0.1566064858469142,5.839945980126941e-05,0.58
1934-12-17,1934-12-28,520.5884,0.8885427859104034,462.56506724863937,0.581,1934,12,17,1934.12,1934,3,78,12,0.0399656218102824,0.0,0.0,0.24,2,Mod_Wet,42,7,5,3,61,118.0,0.2550992462571158,344.56506724863937,344.56506724863937,,2,172.28253362431968,172.28253362431968,0.0,0.0,0.0,0.0,0.0,0.0,0.0,0.0,42.0,7.0,5.0,3.0,61.0,398.56506724863937,990.0,965.6815428026188,24.31845719738112,0.1761977412732222,0.0389130134497278,989.7848892452772,0.21006938204334,0.21006938204334,0.0,0.0,23.89327706061488,23.89327706061488,24.10334644265822,24.10334644265822,,0.9249647404393774,0.9249647404393774,0.0,0.0,37.3405616790469,37.3405616790469,0.0,0.0,0.7605002378624623,0.7605002378624623,0.0,0.0,0.97,0.97,0.96,0.96,36.22034482867549,36.22034482867549,0.0,0.0,72.44068965735099,1738.5765517764237,0.1566064858469142,5.839945980126941e-05,0.58
1934-12-18,1934-12-29,525.9775,0.8881694527338079,467.1571483252964,0.58,1934,12,18,1934.12,1934,3,79,12,0.0403623776153056,4.592081076657053,0.009829842255693,0.24,2,Mod_Wet,42,7,5,3,61,118.0,0.2525916609068622,349.1571483252964,349.1571483252964,,2,174.5785741626482,174.5785741626482,0.0,0.0,0.0,0.0,0.0,0.0,0.0,0.0,42.0,7.0,5.0,3.0,61.0,403.1571483252964,990.0,965.7022071674638,24.29779283253617,0.1778184291628786,0.0398314296650592,989.782350141172,0.2156717209568616,0.2156717209568616,0.0,0.0,23.86447125275137,23.86447125275137,24.080142973708234,24.080142973708234,,0.9257660651414968,0.9257660651414968,0.0,0.0,37.825329105564,37.825329105564,0.0,0.0,0.7703733015389815,0.7703733015389815,0.0,0.0,0.97,0.97,0.96,0.96,36.690569232397074,36.690569232397074,0.0,0.0,73.38113846479415,1761.1473231550594,0.1570802003733795,5.837958544260781e-05,0.58
1934-12-19,1934-12-30,542.3552,0.8801399653154843,477.3484869166725,0.5650000000000001,1934,12,19,1934.12,1934,3,80,12,0.0412429092696005,10.191338591376107,0.0213498918938757,0.24,2,Mod_Wet,42,7,5,3,61,118.0,0.2471988562532061,359.3484869166725,359.3484869166725,,2,179.67424345833626,179.67424345833626,0.0,0.0,0.0,0.0,0.0,0.0,0.0,0.0,42.0,7.0,5.0,3.0,61.0,413.3484869166725,990.0,965.748068191125,24.25193180887504,0.1814152687566723,0.0418696973833345,989.77671503386,0.2283856086458406,0.2283856086458406,0.0,0.0,23.80026123408909,23.80026123408909,24.02864684273493,24.02864684273493,,0.9275458841874288,0.9275458841874288,0.0,0.0,38.89928788883778,38.89928788883778,0.0,0.0,0.7922461891820323,0.7922461891820323,0.0,0.0,0.97,0.97,0.96,0.96,37.73230925217265,37.73230925217265,0.0,0.0,75.4646185043453,1811.150844104287,0.1580912489988025,5.833444356159391e-05,0.565
1934-12-20,1934-12-31,542.3552,0.8801399653154843,477.3484869166725,0.5650000000000001,1934,12,20,1934.12,1934,3,81,12,0.0412429092696005,0.0,0.0,0.24,2,Mod_Wet,42,7,5,3,61,118.0,0.2471988562532061,359.3484869166725,359.3484869166725,,2,179.67424345833626,179.67424345833626,0.0,0.0,0.0,0.0,0.0,0.0,0.0,0.0,42.0,7.0,5.0,3.0,61.0,413.3484869166725,990.0,965.748068191125,24.25193180887504,0.1814152687566723,0.0418696973833345,989.77671503386,0.2283856086458406,0.2283856086458406,0.0,0.0,23.80026123408909,23.80026123408909,24.02864684273493,24.02864684273493,,0.9275458841874288,0.9275458841874288,0.0,0.0,38.89928788883778,38.89928788883778,0.0,0.0,0.7922461891820323,0.7922461891820323,0.0,0.0,0.97,0.97,0.96,0.96,37.73230925217265,37.73230925217265,0.0,0.0,75.4646185043453,1811.150844104287,0.1580912489988025,5.833444356159391e-05,0.565
1934-12-21,1935-01-01,547.8849,0.8752989863551575,479.5630976092969,0.5630000000000001,1934,12,21,1934.12,1934,3,82,12,0.0414342516334432,2.2146106926243188,0.0046179756191928,0.33,2,Mod_Wet,42,7,5,3,61,118.0,0.2460572979619364,361.5630976092969,361.5630976092969,,2,180.78154880464845,180.78154880464845,0.0,0.0,0.0,0.0,0.0,0.0,0.0,0.0,42.0,7.0,5.0,3.0,61.0,415.5630976092969,990.0,965.7580339392418,24.24196606075816,0.1821968735824417,0.0423126195218593,989.7754905068956,0.231216395915993,0.231216395915993,0.0,0.0,23.786240171737774,23.786240171737774,24.017456567653767,24.017456567653767,,0.9279328900639028,0.9279328900639028,0.0,0.0,39.13228161681128,39.13228161681128,0.0,0.0,0.7969914789574598,0.7969914789574598,0.0,0.0,0.97,0.97,0.96,0.96,37.95831316830694,37.95831316830694,0.0,0.0,75.91662633661387,1821.9990320787329,0.1583037283624847,5.8324402848650345e-05,0.565
1934-12-22,1935-01-02,547.8849,0.8752989863551575,479.5630976092969,0.5630000000000001,1934,12,22,1934.12,1934,3,83,12,0.0414342516334432,0.0,0.0,0.33,2,Mod_Wet,42,7,5,3,61,118.0,0.2460572979619364,361.5630976092969,361.5630976092969,,2,180.78154880464845,180.78154880464845,0.0,0.0,0.0,0.0,0.0,0.0,0.0,0.0,42.0,7.0,5.0,3.0,61.0,415.5630976092969,990.0,965.7580339392418,24.24196606075816,0.1821968735824417,0.0423126195218593,989.7754905068956,0.231216395915993,0.231216395915993,0.0,0.0,23.786240171737774,23.786240171737774,24.017456567653767,24.017456567653767,,0.9279328900639028,0.9279328900639028,0.0,0.0,39.13228161681128,39.13228161681128,0.0,0.0,0.7969914789574598,0.7969914789574598,0.0,0.0,0.97,0.97,0.96,0.96,37.95831316830694,37.95831316830694,0.0,0.0,75.91662633661387,1821.9990320787329,0.1583037283624847,5.8324402848650345e-05,0.565
1934-12-23,1935-01-03,553.45,0.8781733244038457,486.0250263913084,0.5579999999999999,1934,12,23,1934.12,1934,3,84,12,0.041992562280209,6.461928782011513,0.0132954651121378,0.33,2,Mod_Wet,42,7,5,3,61,118.0,0.2427858517412966,368.0250263913084,368.0250263913084,,2,184.0125131956542,184.0125131956542,0.0,0.0,0.0,0.0,0.0,0.0,0.0,0.0,42.0,7.0,5.0,3.0,61.0,422.0250263913084,990.0,965.7871126187608,24.21288738123917,0.1844774887427585,0.0436050052782616,989.771917505979,0.2395522840447878,0.2395522840447878,0.0,0.0,23.745252603173373,23.745252603173373,23.98480488721816,23.98480488721816,,0.9290626776955468,0.9290626776955468,0.0,0.0,39.81143796115606,39.81143796115606,0.0,0.0,0.810823583730266,0.810823583730266,0.0,0.0,0.9710823583730266,0.9710823583730266,0.96,0.96,38.66018506554087,38.66018506554087,0.0,0.0,77.32037013108173,1855.6888831459612,0.159087219654466,5.8359837108279845e-05,0.56
1934-12-24,1935-01-04,564.6867,0.8760275090430032,494.6810831907137,0.5529999999999999,1934,12,24,1934.12,1934,3,85,13,0.0427404455876776,8.656056799405293,0.0174982571469548,0.33,2,Mod_Wet,42,7,5,3,61,118.0,0.2385375224758849,376.6810831907137,376.6810831907137,,2,188.34054159535685,188.34054159535685,0.0,0.0,0.0,0.0,0.0,0.0,0.0,0.0,42.0,7.0,5.0,3.0,61.0,430.6810831907137,990.0,965.8260648743582,24.173935125641837,0.1875324797572435,0.0453362166381427,989.7671313036046,0.2509858406436492,0.2509858406436492,0.0,0.0,23.69008058860281,23.69008058860281,23.94106642924646,23.94106642924646,,0.93039727785963,0.93039727785963,0.0,0.0,40.71153557685234,40.71153557685234,0.0,0.0,0.8291555107301902,0.8291555107301902,0.0,0.0,0.972915551073019,0.972915551073019,0.96,0.96,39.60888607078211,39.60888607078211,0.0,0.0,79.21777214156423,1901.2265313975413,0.1601390771415924,5.841795005895998e-05,0.555
1934-12-25,1935-01-05,576.0661,0.8889914195501405,512.1178199937132,0.544,1934,12,25,1934.12,1934,3,86,13,0.0442469796474568,17.43673680299952,0.0340482914717038,0.33,2,Mod_Wet,42,7,5,3,61,118.0,0.2304157273836879,394.1178199937132,394.1178199937132,,2,197.05890999685656,197.05890999685656,0.0,0.0,0.0,0.0,0.0,0.0,0.0,0.0,42.0,7.0,5.0,3.0,61.0,448.1178199937132,990.0,965.9045301899716,24.09546981002836,0.1936864451816342,0.0488235639987426,989.7574899908196,0.2747649479911984,0.2747649479911984,0.0,0.0,23.5781948528568,23.5781948528568,23.852959800848,23.852959800848,,0.9329769005866004,0.9329769005866004,0.0,0.0,42.51245834488291,42.51245834488291,0.0,0.0,0.8658341821768413,0.8658341821768413,0.0,0.0,0.976583418217684,0.976583418217684,0.96,0.96,41.51696188728266,41.51696188728266,0.0,0.0,83.03392377456532,1992.814170589568,0.1621383215596455,5.85230549246316e-05,0.545
1934-12-26,1935-01-06,581.8096,0.8882166996280455,516.7730027239134,0.54,1934,12,26,1934.12,1934,3,87,13,0.0446491874353461,4.655182730200182,0.0090081771022531,0.33,2,Mod_Wet,42,7,5,3,61,118.0,0.2283401017042712,398.77300272391335,398.77300272391335,,2,199.38650136195668,199.38650136195668,0.0,0.0,0.0,0.0,0.0,0.0,0.0,0.0,42.0,7.0,5.0,3.0,61.0,452.77300272391335,990.0,965.9254785122577,24.07452148774246,0.19532940360267,0.0497546005447826,989.7549159958526,0.2812822038134787,0.2812822038134787,0.0,0.0,23.54815527978155,23.54815527978155,23.82943748359503,23.82943748359503,,0.9336651243356566,0.9336651243356566,0.0,0.0,42.9914882992228,42.9914882992228,0.0,0.0,0.8755903930595275,0.8755903930595275,0.0,0.0,0.9775590393059528,0.9775590393059528,0.96,0.96,42.02671800012135,42.02671800012135,0.0,0.0,84.0534360002427,2017.2824640058247,0.1626505942787192,5.855004352664005e-05,0.54
1934-12-27,1935-01-07,593.4044,0.8886647923374786,527.3375978981461,0.532,1934,12,27,1934.12,1934,3,88,13,0.0455619684583998,10.56459517423275,0.0200338364196692,0.33,2,Mod_Wet,42,7,5,3,61,118.0,0.2237655734586772,409.3375978981461,409.3375978981461,,2,204.66879894907305,204.66879894907305,0.0,0.0,0.0,0.0,0.0,0.0,0.0,0.0,42.0,7.0,5.0,3.0,61.0,463.3375978981461,990.0,965.9730191905415,24.026980809458337,0.1990579770255211,0.0518675195796292,989.7490745033948,0.2963527649943489,0.2963527649943489,0.0,0.0,23.4797025478588,23.4797025478588,23.776055312853146,23.776055312853146,,0.9352262407661084,0.9352262407661084,0.0,0.0,44.0757402624018,44.0757402624018,0.0,0.0,0.8976729177678574,0.8976729177678574,0.0,0.0,0.9797672917767856,0.9797672917767856,0.96,0.96,43.183968669950445,43.183968669950445,0.0,0.0,86.36793733990089,2072.8304961576214,0.1637811104008985,5.8609553162760376e-05,0.53
1934-12-28,1935-01-08,605.1438,0.8886028945088347,537.7325322740754,0.526,1934,12,28,1934.12,1934,3,89,13,0.0464600907884801,10.394934375929324,0.0193310498287486,0.33,2,Mod_Wet,42,7,5,3,61,118.0,0.219439950008189,419.7325322740754,419.7325322740754,,2,209.8662661370377,209.8662661370377,0.0,0.0,0.0,0.0,0.0,0.0,0.0,0.0,42.0,7.0,5.0,3.0,61.0,473.7325322740754,990.0,966.0197963952334,23.980203604766643,0.2027266718886148,0.053946506454815,989.7433268216564,0.3116068224428909,0.3116068224428909,0.0,0.0,23.41192360398028,23.41192360398028,23.723530426423167,23.723530426423167,,0.936455664247142,0.936455664247142,0.0,0.0,45.12379883334396,45.12379883334396,0.0,0.0,0.9190183061780846,0.9190183061780846,0.0,0.0,0.98,0.98,0.96,0.96,44.22132285667708,44.22132285667708,0.0,0.0,88.44264571335415,2122.6234971204995,0.1644733029994102,5.853108753314572e-05,0.525
1934-12-29,1935-01-09,611.0679,0.8869861279741288,542.0087505502821,0.523,1934,12,29,1934.12,1934,3,90,13,0.0468295560475443,4.276218276206691,0.0078895742400195,0.33,2,Mod_Wet,42,7,5,3,61,118.0,0.2177086622313732,424.0087505502821,424.0087505502821,,2,212.00437527514103,212.00437527514103,0.0,0.0,0.0,0.0,0.0,0.0,0.0,0.0,42.0,7.0,5.0,3.0,61.0,478.0087505502821,990.0,966.0390393774762,23.96096062252377,0.2042358819957718,0.0548017501100564,989.740962367894,0.3180131258254232,0.3180131258254232,0.0,0.0,23.383909864592447,23.383909864592447,23.70192299041787,23.70192299041787,,0.9369474449529868,0.9369474449529868,0.0,0.0,45.55288453175337,45.55288453175337,0.0,0.0,0.9277573224389688,0.9277573224389688,0.0,0.0,0.98,0.98,0.96,0.96,44.6418268411183,44.6418268411183,0.0,0.0,89.2836536822366,2142.8076883736785,0.1647273288329572,5.849175253941204e-05,0.525
1934-12-30,1935-01-10,623.0255,0.8843912864860217,550.9983234585969,0.515,1934,12,30,1934.12,1934,3,91,13,0.0476062551468227,8.989572908314813,0.0163150639949094,0.33,2,Mod_Wet,42,7,5,3,61,118.0,0.2141567314748222,432.9983234585969,432.9983234585969,,2,216.4991617292985,216.4991617292985,0.0,0.0,0.0,0.0,0.0,0.0,0.0,0.0,42.0,7.0,5.0,3.0,61.0,486.9983234585969,990.0,966.0794924555636,23.920507544436305,0.2074085811930375,0.0565996646917193,989.7359917541152,0.3316174181262393,0.3316174181262393,0.0,0.0,23.32488188042534,23.32488188042534,23.65649929855158,23.65649929855158,,0.9379705731711434,0.9379705731711434,0.0,0.0,46.45191099843774,46.45191099843774,0.0,0.0,0.946067433776736,0.946067433776736,0.0,0.0,0.98,0.98,0.96,0.96,45.52287277846899,45.52287277846899,0.0,0.0,91.04574555693796,2185.0978933665115,0.1652377905352725,5.8407812471231154e-05,0.515
1934-12-31,1935-01-11,623.0255,0.8843912864860217,550.9983234585969,0.515,1934,12,31,1934.12,1934,3,92,14,0.0476062551468227,0.0,0.0,0.33,2,Mod_Wet,42,7,5,3,61,118.0,0.2141567314748222,432.9983234585969,432.9983234585969,,2,216.4991617292985,216.4991617292985,0.0,0.0,0.0,0.0,0.0,0.0,0.0,0.0,42.0,7.0,5.0,3.0,61.0,486.9983234585969,990.0,966.0794924555636,23.920507544436305,0.2074085811930375,0.0565996646917193,989.7359917541152,0.3316174181262393,0.3316174181262393,0.0,0.0,23.32488188042534,23.32488188042534,23.65649929855158,23.65649929855158,,0.9379705731711434,0.9379705731711434,0.0,0.0,46.45191099843774,46.45191099843774,0.0,0.0,0.946067433776736,0.946067433776736,0.0,0.0,0.98,0.98,0.96,0.96,45.52287277846899,45.52287277846899,0.0,0.0,91.04574555693796,2185.0978933665115,0.1652377905352725,5.8407812471231154e-05,0.515
1935-01-01,1935-01-12,635.1294,0.8861628436789661,562.8280752081156,0.506,1935,1,1,1935.01,1934,4,93,14,0.0486283456979812,11.829751749518664,0.0210184108977584,0.36,2,Mod_Wet,46,7,6,4,76,139.0,0.2469670688488706,423.8280752081156,423.8280752081156,,2,211.9140376040578,211.9140376040578,0.0,0.0,0.0,0.0,0.0,0.0,0.0,0.0,46.0,7.0,6.0,4.0,76.0,482.8280752081156,990.0,966.1327263384364,23.86727366156356,0.2059367711958725,0.0547656150416231,989.7392976137623,0.3177421128121734,0.3177421128121734,0.0,0.0,23.28882916251385,23.28882916251385,23.60657127532602,23.60657127532602,,0.9368269368747312,0.9368269368747312,0.0,0.0,45.342498823964895,45.342498823964895,0.0,0.0,0.9234724811398144,0.9234724811398144,0.0,0.0,0.98,0.98,0.96,0.96,44.4356488474856,44.4356488474856,0.0,0.0,88.87129769497119,2132.911144679309,0.1579013229965642,5.824642827121456e-05,0.505
1935-01-02,1935-01-13,635.1294,0.8861628436789661,562.8280752081156,0.506,1935,1,2,1935.01,1934,4,94,14,0.0486283456979812,0.0,0.0,0.36,2,Mod_Wet,46,7,6,4,76,139.0,0.2469670688488706,423.8280752081156,423.8280752081156,,2,211.9140376040578,211.9140376040578,0.0,0.0,0.0,0.0,0.0,0.0,0.0,0.0,46.0,7.0,6.0,4.0,76.0,482.8280752081156,990.0,966.1327263384364,23.86727366156356,0.2059367711958725,0.0547656150416231,989.7392976137623,0.3177421128121734,0.3177421128121734,0.0,0.0,23.28882916251385,23.28882916251385,23.60657127532602,23.60657127532602,,0.9368269368747312,0.9368269368747312,0.0,0.0,45.342498823964895,45.342498823964895,0.0,0.0,0.9234724811398144,0.9234724811398144,0.0,0.0,0.98,0.98,0.96,0.96,44.4356488474856,44.4356488474856,0.0,0.0,88.87129769497119,2132.911144679309,0.1579013229965642,5.824642827121456e-05,0.505
1935-01-03,1935-01-14,647.3805,0.8756118252012844,566.8540212047202,0.501,1935,1,3,1935.01,1934,4,95,14,0.0489761874320878,4.025945996604604,0.0071022623920852,0.36,2,Mod_Wet,46,7,6,4,76,139.0,0.2452130439237017,427.8540212047202,427.8540212047202,,2,213.9270106023601,213.9270106023601,0.0,0.0,0.0,0.0,0.0,0.0,0.0,0.0,46.0,7.0,6.0,4.0,76.0,486.8540212047202,990.0,966.1508430954212,23.849156904578763,0.2073576524504033,0.055570804240944,989.7370715433088,0.3237810318070803,0.3237810318070803,0.0,0.0,23.262447416080413,23.262447416080413,23.586228447887493,23.586228447887493,,0.9372818677820968,0.9372818677820968,0.0,0.0,45.74355801579017,45.74355801579017,0.0,0.0,0.9316406927859504,0.9316406927859504,0.0,0.0,0.98,0.98,0.96,0.96,44.828686855474366,44.828686855474366,0.0,0.0,89.65737371094873,2151.7769690627697,0.1581666008479612,5.820869922104249e-05,0.5
1935-01-04,1935-01-15,635.1294,0.8861628436789661,562.8280752081156,0.506,1935,1,4,1935.01,1934,4,96,14,0.0486283456979812,4.025945996604604,0.0071530653390308,0.36,2,Mod_Wet,46,7,6,4,76,139.0,0.2469670688488706,423.8280752081156,423.8280752081156,,2,211.9140376040578,211.9140376040578,0.0,0.0,0.0,0.0,0.0,0.0,0.0,0.0,46.0,7.0,6.0,4.0,76.0,482.8280752081156,990.0,966.1327263384364,23.86727366156356,0.2059367711958725,0.0547656150416231,989.7392976137623,0.3177421128121734,0.3177421128121734,0.0,0.0,23.28882916251385,23.28882916251385,23.60657127532602,23.60657127532602,,0.9368269368747312,0.9368269368747312,0.0,0.0,45.342498823964895,45.342498823964895,0.0,0.0,0.9234724811398144,0.9234724811398144,0.0,0.0,0.98,0.98,0.96,0.96,44.4356488474856,44.4356488474856,0.0,0.0,88.87129769497119,2132.911144679309,0.1579013229965642,5.824642827121456e-05,0.505
1935-01-05,1935-01-16,641.2365,0.8794376863729334,563.9275439778775,0.503,1935,1,5,1935.01,1934,4,97,14,0.0487233397996886,1.09946876976187,0.0019496631819157,0.36,2,Mod_Wet,46,7,6,4,76,139.0,0.2464855662475903,424.9275439778775,424.9275439778775,,2,212.46377198893876,212.46377198893876,0.0,0.0,0.0,0.0,0.0,0.0,0.0,0.0,46.0,7.0,6.0,4.0,76.0,483.9275439778775,990.0,966.1376739479005,23.862326052099547,0.2063248078377486,0.0549855087955755,989.7386896833668,0.3193913159668162,0.3193913159668162,0.0,0.0,23.281624419499447,23.281624419499447,23.601015735466262,23.601015735466262,,0.9369514612162516,0.9369514612162516,0.0,0.0,45.4521005438196,45.4521005438196,0.0,0.0,0.9257046953934746,0.9257046953934746,0.0,0.0,0.98,0.98,0.96,0.96,44.54305853294321,44.54305853294321,0.0,0.0,89.08611706588643,2138.0668095812744,0.1579744029480873,5.823614868021177e-05,0.505
1935-01-06,1935-01-17,653.5614,0.8750395785925671,571.8920920403683,0.4970000000000001,1935,1,6,1935.01,1934,4,98,14,0.0494114767522878,7.964548062490849,0.0139266623430223,0.36,2,Mod_Wet,46,7,6,4,76,139.0,0.2430528449940314,432.8920920403683,432.8920920403683,,2,216.44604602018416,216.44604602018416,0.0,0.0,0.0,0.0,0.0,0.0,0.0,0.0,46.0,7.0,6.0,4.0,76.0,491.8920920403683,990.0,966.1735144141816,23.826485585818432,0.2091357439636546,0.0565784184080736,989.7342858376282,0.3314538217421672,0.3314538217421672,0.0,0.0,23.22931760170452,23.22931760170452,23.56077142344668,23.56077142344668,,0.937846994716345,0.937846994716345,0.0,0.0,46.24414977465104,46.24414977465104,0.0,0.0,0.9418360442902451,0.9418360442902451,0.0,0.0,0.98,0.98,0.96,0.96,45.31926677915802,45.31926677915802,0.0,0.0,90.63853355831604,2175.324805399585,0.158488873722559,5.816084630743893e-05,0.495
1935-01-07,1935-01-18,653.5614,0.8750395785925671,571.8920920403683,0.4970000000000001,1935,1,7,1935.01,1934,4,99,15,0.0494114767522878,0.0,0.0,0.36,2,Mod_Wet,46,7,6,4,76,139.0,0.2430528449940314,432.8920920403683,432.8920920403683,,2,216.44604602018416,216.44604602018416,0.0,0.0,0.0,0.0,0.0,0.0,0.0,0.0,46.0,7.0,6.0,4.0,76.0,491.8920920403683,990.0,966.1735144141816,23.826485585818432,0.2091357439636546,0.0565784184080736,989.7342858376282,0.3314538217421672,0.3314538217421672,0.0,0.0,23.22931760170452,23.22931760170452,23.56077142344668,23.56077142344668,,0.937846994716345,0.937846994716345,0.0,0.0,46.24414977465104,46.24414977465104,0.0,0.0,0.9418360442902451,0.9418360442902451,0.0,0.0,0.98,0.98,0.96,0.96,45.31926677915802,45.31926677915802,0.0,0.0,90.63853355831604,2175.324805399585,0.158488873722559,5.816084630743893e-05,0.495
1935-01-08,1935-01-19,672.3268,0.8764068829576366,589.2318351168824,0.488,1935,1,8,1935.01,1934,4,100,15,0.0509096305540986,17.339743076514086,0.0294277091682843,0.36,2,Mod_Wet,46,7,6,4,76,139.0,0.235900356559023,450.2318351168824,450.2318351168824,,3,150.07727837229413,150.07727837229413,150.07727837229413,0.0,0.0,0.0,0.0,0.0,0.0,0.0,46.0,7.0,6.0,4.0,76.0,509.2318351168824,990.0,966.251543258026,23.74845674197411,0.2159126580292905,0.0600463670233764,989.7240409749472,0.1593669212841553,0.1593669212841553,0.1593669212841553,0.0,23.313130795637296,23.313130795637296,23.313130795637296,23.472497716921453,,0.9156513476285189,0.9156513476285189,0.9156513476285189,0.0,31.41842310154717,31.41842310154717,31.41842310154717,0.0,0.6398864175467854,0.6398864175467854,0.6398864175467854,0.0,0.97,0.97,0.97,0.96,30.47587040850075,30.47587040850075,30.47587040850075,0.0,91.42761122550225,2194.262669412054,0.1551640725714799,5.640773639908772e-05,0.49
1935-01-09,1935-01-20,672.3268,0.8764068829576366,589.2318351168824,0.488,1935,1,9,1935.01,1934,4,101,15,0.0509096305540986,0.0,0.0,0.36,2,Mod_Wet,46,7,6,4,76,139.0,0.235900356559023,450.2318351168824,450.2318351168824,,3,150.07727837229413,150.07727837229413,150.07727837229413,0.0,0.0,0.0,0.0,0.0,0.0,0.0,46.0,7.0,6.0,4.0,76.0,509.2318351168824,990.0,966.251543258026,23.74845674197411,0.2159126580292905,0.0600463670233764,989.7240409749472,0.1593669212841553,0.1593669212841553,0.1593669212841553,0.0,23.313130795637296,23.313130795637296,23.313130795637296,23.472497716921453,,0.9156513476285189,0.9156513476285189,0.9156513476285189,0.0,31.41842310154717,31.41842310154717,31.41842310154717,0.0,0.6398864175467854,0.6398864175467854,0.6398864175467854,0.0,0.97,0.97,0.97,0.96,30.47587040850075,30.47587040850075,30.47587040850075,0.0,91.42761122550225,2194.262669412054,0.1551640725714799,5.640773639908772e-05,0.49
1935-01-10,1935-01-21,678.6565,0.8777769920279594,595.7090611902229,0.485,1935,1,10,1935.01,1934,4,102,15,0.0514692628868352,6.477226073340488,0.0108731367295287,0.36,2,Mod_Wet,46,7,6,4,76,139.0,0.2333353797276121,456.7090611902229,456.7090611902229,,3,152.23635373007428,152.23635373007428,152.23635373007428,0.0,0.0,0.0,0.0,0.0,0.0,0.0,46.0,7.0,6.0,4.0,76.0,515.7090611902229,990.0,966.280690775356,23.719309224644007,0.219593601821199,0.0613418122380445,989.7190645859408,0.1640305240569604,0.1640305240569604,0.1640305240569604,0.0,23.27434328652776,23.27434328652776,23.27434328652776,23.43837381058472,,0.916505245074912,0.916505245074912,0.916505245074912,0.0,31.84706859890578,31.84706859890578,31.84706859890578,0.0,0.6486164684094863,0.6486164684094863,0.6486164684094863,0.0,0.97,0.97,0.97,0.96,30.891656540938605,30.891656540938605,30.891656540938605,0.0,92.6749696228158,2224.1992709475794,0.155570857756724,5.636640326417053e-05,0.485
1935-01-11,1935-01-22,704.3503,0.8783280558406197,618.6506296297572,0.474,1935,1,11,1935.01,1934,4,103,15,0.053451414400011,22.941568439534308,0.0370832378417914,0.41,3,Normal,41,6,4,3,66,120.0,0.1939705453331813,498.6506296297572,498.6506296297572,,3,166.2168765432524,166.2168765432524,166.2168765432524,0.0,0.0,0.0,0.0,0.0,0.0,0.0,41.0,6.0,4.0,3.0,66.0,549.6506296297572,990.0,966.3746025185188,23.62539748148106,0.2388822609200949,0.0697301259259514,989.691387613154,0.1954961661729407,0.1954961661729407,0.1954961661729407,0.0,23.12128892846201,23.12128892846201,23.12128892846201,23.31678509463495,,0.9220903696430346,0.9220903696430346,0.9220903696430346,0.0,34.75356361252205,34.75356361252205,34.75356361252205,0.0,0.7078118862020784,0.7078118862020784,0.7078118862020784,0.0,0.97,0.97,0.97,0.96,33.71095670414639,33.71095670414639,33.71095670414639,0.0,101.13287011243918,2427.1888826985405,0.1634733163901635,5.633696670749289e-05,0.475
1935-01-12,1935-01-23,710.868,0.8775314292741972,623.8090120652902,0.47,1935,1,12,1935.01,1934,4,104,15,0.053897098642441,5.158382435532985,0.0082691694665563,0.41,3,Normal,41,6,4,3,66,120.0,0.1923665700223009,503.8090120652902,503.8090120652902,,3,167.93633735509673,167.93633735509673,167.93633735509673,0.0,0.0,0.0,0.0,0.0,0.0,0.0,41.0,6.0,4.0,3.0,66.0,554.8090120652902,990.0,966.3952360482612,23.60476395173885,0.2418137188601715,0.071523604826116,989.6866626763136,0.1995884829051302,0.1995884829051302,0.1995884829051302,0.0,23.09183814514746,23.09183814514746,23.09183814514746,23.29142662805259,,0.922687600953316,0.922687600953316,0.922687600953316,0.0,35.09106636724401,35.09106636724401,35.09106636724401,0.0,0.7146856693939717,0.7146856693939717,0.7146856693939717,0.0,0.97,0.97,0.97,0.96,34.038334376226686,34.038334376226686,34.038334376226686,0.0,102.11500312868006,2450.760075088321,0.1636959408306725,5.63016499656811e-05,0.47
1935-01-13,1935-01-24,717.4235,0.8782993569127185,630.1125986840717,0.468,1935,1,13,1935.01,1934,4,105,15,0.0544417285263038,6.303586618781537,0.0100039050670403,0.41,3,Normal,41,6,4,3,66,120.0,0.1904421531177256,510.1125986840717,510.1125986840717,,3,170.03753289469057,170.03753289469057,170.03753289469057,0.0,0.0,0.0,0.0,0.0,0.0,0.0,41.0,6.0,4.0,3.0,66.0,561.1125986840717,990.0,966.4204503947362,23.579549605263765,0.245395985059998,0.0740450394736287,989.6805589754664,0.2045915802630449,0.2045915802630449,0.2045915802630449,0.0,23.05551700046712,23.05551700046712,23.05551700046712,23.26010858073016,,0.923417610900687,0.923417610900687,0.923417610900687,0.0,35.50230190504791,35.50230190504791,35.50230190504791,0.0,0.7230611385956803,0.7230611385956803,0.7230611385956803,0.0,0.97,0.97,0.97,0.96,34.43723284789647,34.43723284789647,34.43723284789647,0.0,103.3116985436894,2479.480765048545,0.1639575192742467,5.6257567670245046e-05,0.47
1935-01-14,1935-01-25,730.6486,0.8864028278959922,647.6489852382476,0.462,1935,1,14,1935.01,1934,4,106,16,0.0559568723245846,17.53638655417592,0.0270769922502463,0.41,3,Normal,41,6,4,3,66,120.0,0.1852855524136367,527.6489852382476,527.6489852382476,,3,175.88299507941588,175.88299507941588,175.88299507941588,0.0,0.0,0.0,0.0,0.0,0.0,0.0,41.0,6.0,4.0,3.0,66.0,578.6489852382476,990.0,966.490595940953,23.50940405904703,0.2553617408462265,0.081059594095299,989.6635786650584,0.2189074876985396,0.2189074876985396,0.2189074876985396,0.0,22.95407523640697,22.95407523640697,22.95407523640697,23.17298272410551,,0.9253913439100214,0.9253913439100214,0.9253913439100214,0.0,36.6393521214461,36.6393521214461,36.6393521214461,0.0,0.7462189841435051,0.7462189841435051,0.7462189841435051,0.0,0.97,0.97,0.97,0.96,35.540171557802715,35.540171557802715,35.540171557802715,0.0,106.62051467340814,2558.8923521617958,0.1646270079990724,5.612975758520501e-05,0.46
1935-01-15,1935-01-26,730.6486,0.8864028278959922,647.6489852382476,0.462,1935,1,15,1935.01,1934,4,107,16,0.0559568723245846,0.0,0.0,0.41,3,Normal,41,6,4,3,66,120.0,0.1852855524136367,527.6489852382476,527.6489852382476,,3,175.88299507941588,175.88299507941588,175.88299507941588,0.0,0.0,0.0,0.0,0.0,0.0,0.0,41.0,6.0,4.0,3.0,66.0,578.6489852382476,990.0,966.490595940953,23.50940405904703,0.2553617408462265,0.081059594095299,989.6635786650584,0.2189074876985396,0.2189074876985396,0.2189074876985396,0.0,22.95407523640697,22.95407523640697,22.95407523640697,23.17298272410551,,0.9253913439100214,0.9253913439100214,0.9253913439100214,0.0,36.6393521214461,36.6393521214461,36.6393521214461,0.0,0.7462189841435051,0.7462189841435051,0.7462189841435051,0.0,0.97,0.97,0.97,0.96,35.540171557802715,35.540171557802715,35.540171557802715,0.0,106.62051467340814,2558.8923521617958,0.1646270079990724,5.612975758520501e-05,0.46
1935-01-16,1935-01-27,737.3183,0.8872912629151888,654.21608557748,0.458,1935,1,16,1935.01,1934,4,108,16,0.0565242697938942,6.567100339232411,0.0100381211712879,0.41,3,Normal,41,6,4,3,66,120.0,0.1834256335872196,534.21608557748,534.21608557748,,3,178.07202852582668,178.07202852582668,178.07202852582668,0.0,0.0,0.0,0.0,0.0,0.0,0.0,41.0,6.0,4.0,3.0,66.0,585.21608557748,990.0,966.51686434231,23.483135657690127,0.2590937592983896,0.083686434230992,989.6572198064706,0.2243800713145667,0.2243800713145667,0.2243800713145667,0.0,22.915975392846168,22.915975392846168,22.915975392846168,23.14035546416073,,0.9261079096090508,0.9261079096090508,0.9261079096090508,0.0,37.06246888925648,37.06246888925648,37.06246888925648,0.0,0.754836433589745,0.754836433589745,0.754836433589745,0.0,0.97,0.97,0.97,0.96,35.950594822578786,35.950594822578786,35.950594822578786,0.0,107.85178446773637,2588.4428272256728,0.1648565158292233,5.607998303987905e-05,0.46
1935-01-17,1935-01-28,771.2422,0.8877747482097623,684.6893499137433,0.444,1935,1,17,1935.01,1934,4,109,16,0.0591571598325474,30.47326433626324,0.0445067012362646,0.41,3,Normal,41,6,4,3,66,120.0,0.1752619637140807,564.6893499137433,564.6893499137433,,3,188.2297833045811,188.2297833045811,188.2297833045811,0.0,0.0,0.0,0.0,0.0,0.0,0.0,41.0,6.0,4.0,3.0,66.0,615.6893499137433,990.0,966.6387573996548,23.36124260034512,0.2764114153301032,0.0958757399654973,989.6277128447044,0.2506912235901857,0.2506912235901857,0.2506912235901857,0.0,22.738264221459257,22.738264221459257,22.738264221459257,22.98895544504944,,0.92932188711513,0.92932188711513,0.92932188711513,0.0,39.00771547116455,39.00771547116455,39.00771547116455,0.0,0.7944544902477505,0.7944544902477505,0.7944544902477505,0.0,0.97,0.97,0.97,0.96,37.837484007029616,37.837484007029616,37.837484007029616,0.0,113.51245202108883,2724.2988485061323,0.1657867937268033,5.5838199670918366e-05,0.445
1935-01-18,1935-01-29,785.0819,0.8950098277210273,702.6560160658968,0.4370000000000001,1935,1,18,1935.01,1934,4,110,16,0.0607094797880934,17.966666152153493,0.025569646799222,0.41,3,Normal,41,6,4,3,66,120.0,0.1707805772045736,582.6560160658968,582.6560160658968,,3,194.2186720219656,194.2186720219656,194.2186720219656,0.0,0.0,0.0,0.0,0.0,0.0,0.0,41.0,6.0,4.0,3.0,66.0,633.6560160658968,990.0,966.7106240642636,23.289375935736416,0.2866216947746118,0.1030624064263587,989.6103158987992,0.2668747878997464,0.2668747878997464,0.2668747878997464,0.0,22.63281704663573,22.63281704663573,22.63281704663573,22.899691834535474,,0.9310809237190556,0.9310809237190556,0.9310809237190556,0.0,40.13799932812079,40.13799932812079,40.13799932812079,0.0,0.8174745280676331,0.8174745280676331,0.8174745280676331,0.0,0.9717474528067632,0.9717474528067632,0.9717474528067632,0.96,39.00399860786095,39.00399860786095,39.00399860786095,0.0,117.01199582358284,2808.287899765988,0.1665281348884219,5.578477056270783e-05,0.435
1935-01-19,1935-01-30,785.0819,0.8950098277210273,702.6560160658968,0.4370000000000001,1935,1,19,1935.01,1934,4,111,16,0.0607094797880934,0.0,0.0,0.41,3,Normal,41,6,4,3,66,120.0,0.1707805772045736,582.6560160658968,582.6560160658968,,3,194.2186720219656,194.2186720219656,194.2186720219656,0.0,0.0,0.0,0.0,0.0,0.0,0.0,41.0,6.0,4.0,3.0,66.0,633.6560160658968,990.0,966.7106240642636,23.289375935736416,0.2866216947746118,0.1030624064263587,989.6103158987992,0.2668747878997464,0.2668747878997464,0.2668747878997464,0.0,22.63281704663573,22.63281704663573,22.63281704663573,22.899691834535474,,0.9310809237190556,0.9310809237190556,0.9310809237190556,0.0,40.13799932812079,40.13799932812079,40.13799932812079,0.0,0.8174745280676331,0.8174745280676331,0.8174745280676331,0.0,0.9717474528067632,0.9717474528067632,0.9717474528067632,0.96,39.00399860786095,39.00399860786095,39.00399860786095,0.0,117.01199582358284,2808.287899765988,0.1665281348884219,5.578477056270783e-05,0.435
1935-01-20,1935-01-31,785.0819,0.8950098277210273,702.6560160658968,0.4370000000000001,1935,1,20,1935.01,1934,4,112,16,0.0607094797880934,0.0,0.0,0.41,3,Normal,41,6,4,3,66,120.0,0.1707805772045736,582.6560160658968,582.6560160658968,,3,194.2186720219656,194.2186720219656,194.2186720219656,0.0,0.0,0.0,0.0,0.0,0.0,0.0,41.0,6.0,4.0,3.0,66.0,633.6560160658968,990.0,966.7106240642636,23.289375935736416,0.2866216947746118,0.1030624064263587,989.6103158987992,0.2668747878997464,0.2668747878997464,0.2668747878997464,0.0,22.63281704663573,22.63281704663573,22.63281704663573,22.899691834535474,,0.9310809237190556,0.9310809237190556,0.9310809237190556,0.0,40.13799932812079,40.13799932812079,40.13799932812079,0.0,0.8174745280676331,0.8174745280676331,0.8174745280676331,0.0,0.9717474528067632,0.9717474528067632,0.9717474528067632,0.96,39.00399860786095,39.00399860786095,39.00399860786095,0.0,117.01199582358284,2808.287899765988,0.1665281348884219,5.578477056270783e-05,0.435
1935-01-21,1935-02-01,799.0771,0.8911326595966059,712.0837013457431,0.433,1935,1,21,1935.01,1934,4,113,17,0.0615240317962722,9.427685279846289,0.0132395745921851,0.41,3,Normal,41,6,4,3,66,120.0,0.1685195150137772,592.0837013457431,592.0837013457431,,3,197.3612337819144,197.3612337819144,197.3612337819144,0.0,0.0,0.0,0.0,0.0,0.0,0.0,41.0,6.0,4.0,3.0,66.0,643.0837013457431,990.0,966.7483348053828,23.25166519461709,0.2919793554784355,0.1068334805382972,989.6011871639832,0.2756114545893602,0.2756114545893602,0.2756114545893602,0.0,22.57724090401097,22.57724090401097,22.57724090401097,22.85285235860033,,0.9320299001490726,0.9320299001490726,0.9320299001490726,0.0,40.72876702695757,40.72876702695757,40.72876702695757,0.0,0.8295064567608467,0.8295064567608467,0.8295064567608467,0.0,0.9729506456760848,0.9729506456760848,0.9729506456760848,0.96,39.62708017646919,39.62708017646919,39.62708017646919,0.0,118.88124052940758,2853.1497727057817,0.1669484083187663,5.577347719362576e-05,0.435
1935-01-22,1935-02-02,813.2284,0.8958086931444238,728.4970702319307,0.424,1935,1,22,1935.01,1934,4,114,17,0.0629421468680388,16.41336888618764,0.0225304528417144,0.41,3,Normal,41,6,4,3,66,120.0,0.1647226940278507,608.4970702319307,608.4970702319307,,3,202.8323567439769,202.8323567439769,202.8323567439769,0.0,0.0,0.0,0.0,0.0,0.0,0.0,41.0,6.0,4.0,3.0,66.0,659.4970702319307,990.0,966.8139882809276,23.18601171907233,0.3013069113830512,0.1125491210695792,989.5861439675472,0.2911005402877739,0.2911005402877739,0.2911005402877739,0.0,22.48105514633184,22.48105514633184,22.48105514633184,22.77215568661961,,0.9337259672065792,0.9337259672065792,0.9337259672065792,0.0,41.755343821751865,41.755343821751865,41.755343821751865,0.0,0.8504143344552314,0.8504143344552314,0.8504143344552314,0.0,0.9750414334455232,0.9750414334455232,0.9750414334455232,0.96,40.71319029397161,40.71319029397161,40.71319029397161,0.0,122.13957088191482,2931.349701165956,0.1676596596922886,5.575648633012816e-05,0.425
1935-01-23,1935-02-03,827.5366,0.8937943571986156,739.6475434553279,0.419,1935,1,23,1935.01,1934,4,115,17,0.0639055477545403,11.150473223397167,0.015075387354505,0.41,3,Normal,41,6,4,3,66,120.0,0.1622394356093032,619.6475434553279,619.6475434553279,,3,206.549181151776,206.549181151776,206.549181151776,0.0,0.0,0.0,0.0,0.0,0.0,0.0,41.0,6.0,4.0,3.0,66.0,670.6475434553279,990.0,966.8585901738212,23.141409826178688,0.3076436155097515,0.1158942630365983,989.5764621214536,0.3018545925862213,0.3018545925862213,0.3018545925862213,0.0,22.416017355046154,22.416017355046154,22.416017355046154,22.71787194763237,,0.9347483080634268,0.9347483080634268,0.9347483080634268,0.0,42.44390355268706,42.44390355268706,42.44390355268706,0.0,0.864437954229879,0.864437954229879,0.864437954229879,0.0,0.976443795422988,0.976443795422988,0.976443795422988,0.96,41.44408627755299,41.44408627755299,41.44408627755299,0.0,124.33225883265897,2983.974211983815,0.1680966291753366,5.573610180400456e-05,0.42
1935-01-24,1935-02-04,827.5366,0.8937943571986156,739.6475434553279,0.419,1935,1,24,1935.01,1934,4,116,17,0.0639055477545403,0.0,0.0,0.41,3,Normal,41,6,4,3,66,120.0,0.1622394356093032,619.6475434553279,619.6475434553279,,3,206.549181151776,206.549181151776,206.549181151776,0.0,0.0,0.0,0.0,0.0,0.0,0.0,41.0,6.0,4.0,3.0,66.0,670.6475434553279,990.0,966.8585901738212,23.141409826178688,0.3076436155097515,0.1158942630365983,989.5764621214536,0.3018545925862213,0.3018545925862213,0.3018545925862213,0.0,22.416017355046154,22.416017355046154,22.416017355046154,22.71787194763237,,0.9347483080634268,0.9347483080634268,0.9347483080634268,0.0,42.44390355268706,42.44390355268706,42.44390355268706,0.0,0.864437954229879,0.864437954229879,0.864437954229879,0.0,0.976443795422988,0.976443795422988,0.976443795422988,0.96,41.44408627755299,41.44408627755299,41.44408627755299,0.0,124.33225883265897,2983.974211983815,0.1680966291753366,5.573610180400456e-05,0.42
1935-01-25,1935-02-05,834.7498,0.8963571399655789,748.233943314839,0.416,1935,1,25,1935.01,1934,4,117,17,0.0646474127024021,8.586399859511175,0.0114755551204634,0.41,3,Normal,41,6,4,3,66,120.0,0.1603776480232558,628.233943314839,628.233943314839,,3,209.41131443827967,209.41131443827967,209.41131443827967,0.0,0.0,0.0,0.0,0.0,0.0,0.0,41.0,6.0,4.0,3.0,66.0,679.233943314839,990.0,966.8929357732592,23.107064226740704,0.312523181993898,0.1184701829944517,989.5690066350116,0.3102692644485422,0.3102692644485422,0.3102692644485422,0.0,22.365801597303808,22.365801597303808,22.365801597303808,22.67607086175235,,0.935367111236161,0.935367111236161,0.935367111236161,0.0,42.96406903922127,42.96406903922127,42.96406903922127,0.0,0.8750319559922866,0.8750319559922866,0.8750319559922866,0.0,0.9775031955992286,0.9775031955992286,0.9775031955992286,0.96,41.99751478178467,41.99751478178467,41.99751478178467,0.0,125.99254434535402,3023.8210642884965,0.1683865660881136,5.570843370887613e-05,0.415
1935-01-26,1935-02-06,849.2947,0.8954821115912885,760.52821131929,0.409,1935,1,26,1935.01,1934,4,118,17,0.0657096374579866,12.294268004450943,0.0161654332100633,0.41,3,Normal,41,6,4,3,66,120.0,0.1577850738657488,640.52821131929,640.52821131929,,3,213.50940377309664,213.50940377309664,213.50940377309664,0.0,0.0,0.0,0.0,0.0,0.0,0.0,41.0,6.0,4.0,3.0,66.0,691.52821131929,990.0,966.9421128452772,23.057887154722835,0.31950989343096,0.122158463395787,989.5583316431732,0.32252821131929,0.32252821131929,0.32252821131929,0.0,22.29369058657689,22.29369058657689,22.29369058657689,22.61621879789618,,0.9362526896750362,0.9362526896750362,0.9362526896750362,0.0,43.70496279770019,43.70496279770019,43.70496279770019,0.0,0.8901214419083542,0.8901214419083542,0.8901214419083542,0.0,0.9790121441908354,0.9790121441908354,0.9790121441908354,0.96,42.787689340357154,42.787689340357154,42.787689340357154,0.0,128.36306802107146,3080.713632505715,0.1687814680778241,5.566719334686256e-05,0.41
1935-01-27,1935-02-07,863.9982,0.9020463209442272,779.3663976124346,0.405,1935,1,27,1935.01,1934,4,119,17,0.0673372567537143,18.838186293144645,0.02417115537808,0.41,3,Normal,41,6,4,3,66,120.0,0.1539712263289979,659.3663976124346,659.3663976124346,,3,219.78879920414488,219.78879920414488,219.78879920414488,0.0,0.0,0.0,0.0,0.0,0.0,0.0,41.0,6.0,4.0,3.0,66.0,710.3663976124346,990.0,967.0174655904495,22.98253440955034,0.3302154491891531,0.1278099192837304,989.5419746315272,0.3417495015487662,0.3417495015487662,0.3417495015487662,0.0,22.182759539528643,22.182759539528643,22.182759539528643,22.52450904107741,,0.9376086639933988,0.9376086639933988,0.9376086639933988,0.0,44.83131099684699,44.83131099684699,44.83131099684699,0.0,0.9130613237647044,0.9130613237647044,0.9130613237647044,0.0,0.98,0.98,0.98,0.96,43.934684776910046,43.934684776910046,43.934684776910046,0.0,131.80405433073014,3163.297303937524,0.1691169323369699,5.552639237708291e-05,0.405
1935-01-28,1935-02-08,893.8841,0.8990978772765416,803.6892968412517,0.396,1935,1,28,1935.01,1934,4,120,18,0.0694387552470841,24.32289922881705,0.0302640576705619,0.41,3,Normal,41,6,4,3,66,120.0,0.14931143225577,683.6892968412517,683.6892968412517,,4,170.92232421031292,170.92232421031292,170.92232421031292,170.92232421031292,0.0,0.0,0.0,0.0,0.0,0.0,41.0,6.0,4.0,3.0,66.0,734.6892968412517,990.0,967.114757187365,22.885242812635056,0.3440379132970577,0.1351067890523755,989.5208552976504,0.2067504710731635,0.2067504710731635,0.2067504710731635,0.2067504710731635,22.199347639212437,22.199347639212437,22.199347639212437,22.199347639212437,,0.9218692911246332,0.9218692911246332,0.9218692911246332,0.9218692911246332,34.304180567469245,34.304180567469245,34.304180567469245,34.304180567469245,0.6986594820258502,0.6986594820258502,0.6986594820258502,0.6986594820258502,0.97,0.97,0.97,0.97,33.27505515044517,33.27505515044517,33.27505515044517,33.27505515044517,133.10022060178068,3194.405294442736,0.1656115380967568,5.407761050423371e-05,0.395
1935-01-29,1935-02-09,901.4559,0.907115570001353,817.7246825595828,0.391,1935,1,29,1935.01,1934,4,121,18,0.0706514125731479,14.0353857183311,0.0171639501872421,0.41,3,Normal,41,6,4,3,66,120.0,0.1467486582701462,697.7246825595828,697.7246825595828,,4,174.4311706398957,174.4311706398957,174.4311706398957,174.4311706398957,0.0,0.0,0.0,0.0,0.0,0.0,41.0,6.0,4.0,3.0,66.0,748.7246825595828,990.0,967.1708987302384,22.829101269761736,0.3520140847849689,0.1393174047678748,989.5086685104473,0.2153120563613455,0.2153120563613455,0.2153120563613455,0.2153120563613455,22.12245772384753,22.12245772384753,22.12245772384753,22.12245772384753,,0.9230389918286076,0.9230389918286076,0.9230389918286076,0.9230389918286076,34.93141802808587,34.93141802808587,34.93141802808587,34.93141802808587,0.7114341757247632,0.7114341757247632,0.7114341757247632,0.7114341757247632,0.97,0.97,0.97,0.97,33.883475487243295,33.883475487243295,33.883475487243295,33.883475487243295,135.53390194897318,3252.8136467753566,0.165745152176078,5.395868461873138e-05,0.39
1935-01-30,1935-02-10,901.4559,0.907115570001353,817.7246825595828,0.391,1935,1,30,1935.01,1934,4,122,18,0.0706514125731479,0.0,0.0,0.41,3,Normal,41,6,4,3,66,120.0,0.1467486582701462,697.7246825595828,697.7246825595828,,4,174.4311706398957,174.4311706398957,174.4311706398957,174.4311706398957,0.0,0.0,0.0,0.0,0.0,0.0,41.0,6.0,4.0,3.0,66.0,748.7246825595828,990.0,967.1708987302384,22.829101269761736,0.3520140847849689,0.1393174047678748,989.5086685104473,0.2153120563613455,0.2153120563613455,0.2153120563613455,0.2153120563613455,22.12245772384753,22.12245772384753,22.12245772384753,22.12245772384753,,0.9230389918286076,0.9230389918286076,0.9230389918286076,0.9230389918286076,34.93141802808587,34.93141802808587,34.93141802808587,34.93141802808587,0.7114341757247632,0.7114341757247632,0.7114341757247632,0.7114341757247632,0.97,0.97,0.97,0.97,33.883475487243295,33.883475487243295,33.883475487243295,33.883475487243295,135.53390194897318,3252.8136467753566,0.165745152176078,5.395868461873138e-05,0.39
1935-01-31,1935-02-11,916.7204,0.9105214280240044,834.6935677067364,0.383,1935,1,31,1935.01,1934,4,123,18,0.072117524249862,16.968885147153628,0.020329478749638,0.41,3,Normal,41,6,4,3,66,120.0,0.1437653345403053,714.6935677067364,714.6935677067364,,4,178.6733919266841,178.6733919266841,178.6733919266841,178.6733919266841,0.0,0.0,0.0,0.0,0.0,0.0,41.0,6.0,4.0,3.0,66.0,765.6935677067364,990.0,967.2387742708268,22.76122572917313,0.3616573351101519,0.1473467838533682,989.4909958810364,0.2258834798167102,0.2258834798167102,0.2258834798167102,0.2258834798167102,22.02633813039292,22.02633813039292,22.02633813039292,22.02633813039292,,0.924463121151619,0.924463121151619,0.924463121151619,0.924463121151619,35.68046243208722,35.68046243208722,35.68046243208722,35.68046243208722,0.7266896625679677,0.7266896625679677,0.7266896625679677,0.7266896625679677,0.97,0.97,0.97,0.97,34.6100485591246,34.6100485591246,34.6100485591246,34.6100485591246,138.4401942364984,3322.5646616759614,0.165857506985292,5.380712972348747e-05,0.385
1935-02-01,1935-02-12,924.4132,0.9124994692702046,843.5265543863715,0.38,1935,2,1,1935.02,1934,5,124,18,0.0728806942989824,8.832986679635043,0.0104714980621572,0.39,2,Mod_Wet,49,8,7,5,93,162.0,0.1920508597596526,681.5265543863715,681.5265543863715,,4,170.38163859659286,170.38163859659286,170.38163859659286,170.38163859659286,0.0,0.0,0.0,0.0,0.0,0.0,49.0,8.0,7.0,5.0,93.0,745.5265543863715,990.0,967.2741062175454,22.72589378245459,0.3501966200382367,0.1344579663159114,989.5153454136458,0.2054311981756865,0.2054311981756865,0.2054311981756865,0.2054311981756865,22.03580799792473,22.03580799792473,22.03580799792473,22.03580799792473,,0.9212891775420984,0.9212891775420984,0.9212891775420984,0.9212891775420984,33.922389718381254,33.922389718381254,33.922389718381254,33.922389718381254,0.6908837009853616,0.6908837009853616,0.6908837009853616,0.6908837009853616,0.97,0.97,0.97,0.97,32.90471802682981,32.90471802682981,32.90471802682981,32.90471802682981,131.61887210731925,3158.852930575662,0.1560340589432495,5.364544869496254e-05,0.38
1935-02-02,1935-02-13,932.1467,0.9087491724907756,847.0875422650073,0.377,1935,2,2,1935.02,1934,5,125,18,0.0731883636516966,3.5609878786358418,0.0042038014974393,0.39,2,Mod_Wet,49,8,7,5,93,162.0,0.1912435160678104,685.0875422650073,685.0875422650073,,4,171.27188556625185,171.27188556625185,171.27188556625185,171.27188556625185,0.0,0.0,0.0,0.0,0.0,0.0,49.0,8.0,7.0,5.0,93.0,749.0875422650073,990.0,967.28835016906,22.71164983094002,0.3522202943822398,0.1355262626795022,989.5122534429382,0.2076034007816544,0.2076034007816544,0.2076034007816544,0.2076034007816544,22.0162998730966,22.0162998730966,22.0162998730966,22.0162998730966,,0.9215878792111434,0.9215878792111434,0.9215878792111434,0.9215878792111434,34.080492693066354,34.080492693066354,34.080492693066354,34.080492693066354,0.6941037208363819,0.6941037208363819,0.6941037208363819,0.6941037208363819,0.97,0.97,0.97,0.97,33.05807791227436,33.05807791227436,33.05807791227436,33.05807791227436,132.23231164909745,3173.5754795783387,0.1561022976391845,5.361533441239601e-05,0.375
1935-02-03,1935-02-14,955.5912,0.91769253620946,876.9389119074414,0.3720000000000001,1935,2,3,1935.02,1934,5,126,18,0.0757675219888029,29.85136964243407,0.0340404208743616,0.39,2,Mod_Wet,49,8,7,5,93,162.0,0.1847335062913694,714.9389119074414,714.9389119074414,,4,178.73472797686034,178.73472797686034,178.73472797686034,178.73472797686034,0.0,0.0,0.0,0.0,0.0,0.0,49.0,8.0,7.0,5.0,93.0,778.9389119074414,990.0,967.4077556476298,22.592244352370244,0.3691845337836626,0.1474694559537206,989.4833460102626,0.2260368199421508,0.2260368199421508,0.2260368199421508,0.2260368199421508,21.8495535426907,21.8495535426907,21.8495535426907,21.8495535426907,,0.9243233925133828,0.9243233925133828,0.9243233925133828,0.9243233925133828,35.40088788940676,35.40088788940676,35.40088788940676,35.40088788940676,0.7209956800286509,0.7209956800286509,0.7209956800286509,0.7209956800286509,0.97,0.97,0.97,0.97,34.33886125272456,34.33886125272456,34.33886125272456,34.33886125272456,137.35544501089822,3296.5306802615573,0.1566305738584853,5.33672033307157e-05,0.37
1935-02-04,1935-02-15,963.4877,0.9186515277026396,885.1094475277025,0.3670000000000001,1935,2,4,1935.02,1934,5,127,19,0.0764734562663935,8.170535620261147,0.0092311020327296,0.39,2,Mod_Wet,49,8,7,5,93,162.0,0.1830282124459299,723.1094475277025,723.1094475277025,,4,180.77736188192563,180.77736188192563,180.77736188192563,180.77736188192563,0.0,0.0,0.0,0.0,0.0,0.0,49.0,8.0,7.0,5.0,93.0,787.1094475277025,990.0,967.4404377901108,22.55956220988924,0.3755100902732708,0.1515547237638512,989.4729351859628,0.2312055936553681,0.2312055936553681,0.2312055936553681,0.2312055936553681,21.80129180219678,21.80129180219678,21.80129180219678,21.80129180219678,,0.9250744974293604,0.9250744974293604,0.9250744974293604,0.9250744974293604,35.755403227282144,35.755403227282144,35.755403227282144,35.755403227282144,0.7282159516758074,0.7282159516758074,0.7282159516758074,0.7282159516758074,0.97,0.97,0.97,0.97,34.68274113046368,34.68274113046368,34.68274113046368,34.68274113046368,138.73096452185473,3329.543148524513,0.1567387681934246,5.329259514670108e-05,0.365
1935-02-05,1935-02-16,971.4252,0.9180964110207984,891.8619896951615,0.363,1935,2,5,1935.02,1934,5,128,19,0.0770568759096619,6.752542167458955,0.0075712859674252,0.39,2,Mod_Wet,49,8,7,5,93,162.0,0.1816424535093951,729.8619896951615,729.8619896951615,,4,182.4654974237904,182.4654974237904,182.4654974237904,182.4654974237904,0.0,0.0,0.0,0.0,0.0,0.0,49.0,8.0,7.0,5.0,93.0,793.8619896951615,990.0,967.4674479587808,22.532552041219333,0.3816887580915075,0.1549309948475807,989.4633802470609,0.2355609833533791,0.2355609833533791,0.2355609833533791,0.2355609833533791,21.760371304926807,21.760371304926807,21.760371304926807,21.760371304926807,,0.92569351190437,0.92569351190437,0.92569351190437,0.92569351190437,36.04565953464751,36.04565953464751,36.04565953464751,36.04565953464751,0.7341274854307028,0.7341274854307028,0.7341274854307028,0.7341274854307028,0.97,0.97,0.97,0.97,34.96428974860809,34.96428974860809,34.96428974860809,34.96428974860809,139.85715899443235,3356.5718158663767,0.1568147993864337,5.322816009094098e-05,0.365
1935-02-06,1935-02-17,979.4038,0.924461588505012,905.4211927358452,0.359,1935,2,6,1935.02,1934,5,129,19,0.078228391052377,13.55920304068377,0.0149755750687841,0.39,2,Mod_Wet,49,8,7,5,93,162.0,0.178922253311187,743.4211927358452,743.4211927358452,,4,185.8552981839613,185.8552981839613,185.8552981839613,185.8552981839613,0.0,0.0,0.0,0.0,0.0,0.0,49.0,8.0,7.0,5.0,93.0,807.4211927358452,990.0,967.5216847709434,22.478315229056648,0.394095613078973,0.1617105963679226,989.4441937905532,0.2443750931693371,0.2443750931693371,0.2443750931693371,0.2443750931693371,21.67813392644038,21.67813392644038,21.67813392644038,21.67813392644038,,0.9269088256192708,0.9269088256192708,0.9269088256192708,0.9269088256192708,36.62457197731945,36.62457197731945,36.62457197731945,36.62457197731945,0.7459179628781964,0.7459179628781964,0.7459179628781964,0.7459179628781964,0.97,0.97,0.97,0.97,35.525834817999865,35.525834817999865,35.525834817999865,35.525834817999865,142.10333927199946,3410.480142527987,0.1569472201579644,5.309661627013013e-05,0.36
1935-02-07,1935-02-18,995.4845,0.9181998096202312,914.0536783798912,0.355,1935,2,7,1935.02,1934,5,130,19,0.0789742378120225,8.632485644045914,0.0094441780042354,0.39,2,Mod_Wet,49,8,7,5,93,162.0,0.1772324797019972,752.0536783798912,752.0536783798912,,4,188.0134195949728,188.0134195949728,188.0134195949728,188.0134195949728,0.0,0.0,0.0,0.0,0.0,0.0,49.0,8.0,7.0,5.0,93.0,816.0536783798912,990.0,967.5562147135196,22.44378528648042,0.4019944547177995,0.1660268391899456,989.4319787060922,0.2501156961226276,0.2501156961226276,0.2501156961226276,0.2501156961226276,21.625648296449988,21.625648296449988,21.625648296449988,21.625648296449988,,0.9276330161327132,0.9276330161327132,0.9276330161327132,0.9276330161327132,36.9890247744874,36.9890247744874,36.9890247744874,36.9890247744874,0.7533406267716374,0.7533406267716374,0.7533406267716374,0.7533406267716374,0.97,0.97,0.97,0.97,35.879354031252774,35.879354031252774,35.879354031252774,35.879354031252774,143.5174161250111,3444.4179870002663,0.1570120218534514,5.300944609365553e-05,0.355
1935-02-08,1935-02-19,1028.1428,0.9210811262601332,947.0029281802472,0.345,1935,2,8,1935.02,1934,5,131,19,0.0818210529947733,32.949249800355915,0.0347931868211547,0.39,2,Mod_Wet,49,8,7,5,93,162.0,0.1710659969249491,785.0029281802472,785.0029281802472,,4,196.2507320450618,196.2507320450618,196.2507320450618,196.2507320450618,0.0,0.0,0.0,0.0,0.0,0.0,49.0,8.0,7.0,5.0,93.0,849.0029281802472,990.0,967.6880117127208,22.311988287279064,0.4321434659091078,0.1825014640901236,989.3853550700009,0.272502049726173,0.272502049726173,0.272502049726173,0.272502049726173,21.42484130755363,21.42484130755363,21.42484130755363,21.42484130755363,,0.930375931902552,0.930375931902552,0.930375931902552,0.930375931902552,38.36419287379326,38.36419287379326,38.36419287379326,38.36419287379326,0.7813481237025103,0.7813481237025103,0.7813481237025103,0.7813481237025103,0.97,0.97,0.97,0.97,37.21326708757946,37.21326708757946,37.21326708757946,37.21326708757946,148.85306835031784,3572.4736404076284,0.1571833242758316,5.267250994541626e-05,0.345
1935-02-09,1935-02-20,1036.4114,0.9189739555961264,952.4350838829192,0.343,1935,2,9,1935.02,1934,5,132,19,0.0822903912474842,5.432155702672277,0.0057034393152825,0.39,2,Mod_Wet,49,8,7,5,93,162.0,0.1700903323925794,790.4350838829192,790.4350838829192,,4,197.6087709707298,197.6087709707298,197.6087709707298,197.6087709707298,0.0,0.0,0.0,0.0,0.0,0.0,49.0,8.0,7.0,5.0,93.0,854.4350838829192,990.0,967.7097403355316,22.29025966446829,0.4371139621742768,0.1852175419414596,989.3776684958842,0.2763045587180434,0.2763045587180434,0.2763045587180434,0.2763045587180434,21.391623601634475,21.391623601634475,21.391623601634475,21.391623601634475,,0.9308248651580536,0.9308248651580536,0.9308248651580536,0.9308248651580536,38.58838838505569,38.58838838505569,38.58838838505569,38.58838838505569,0.7859142237282217,0.7859142237282217,0.7859142237282217,0.7859142237282217,0.97,0.97,0.97,0.97,37.43073673350401,37.43073673350401,37.43073673350401,37.43073673350401,149.72294693401605,3593.350726416385,0.1572001593259464,5.2616221533799584e-05,0.345
1935-02-10,1935-02-21,1053.0739999999996,0.9224728423044594,971.4321659369264,0.34,1935,2,10,1935.02,1934,5,133,19,0.0839317391369504,18.997082054007024,0.0195557474007304,0.39,2,Mod_Wet,49,8,7,5,93,162.0,0.1667640888170038,809.4321659369264,809.4321659369264,,4,202.3580414842316,202.3580414842316,202.3580414842316,202.3580414842316,0.0,0.0,0.0,0.0,0.0,0.0,49.0,8.0,7.0,5.0,93.0,873.4321659369264,990.0,967.7857286637476,22.214271336252292,0.4544965503339099,0.1975457327495411,989.3479577169164,0.2897439986449023,0.2897439986449023,0.2897439986449023,0.2897439986449023,21.272485054523933,21.272485054523933,21.272485054523933,21.272485054523933,,0.9323849851467534,0.9323849851467534,0.9323849851467534,0.9323849851467534,39.36159289904808,39.36159289904808,39.36159289904808,39.36159289904808,0.8016617698380464,0.8016617698380464,0.8016617698380464,0.8016617698380464,0.9701661769838046,0.9701661769838046,0.9701661769838046,0.9701661769838046,38.187286102862345,38.187286102862345,38.187286102862345,38.187286102862345,152.74914441144938,3665.979465874785,0.1572411844774832,5.24198563853164e-05,0.34
1935-02-11,1935-02-22,1069.9044,0.9248279637273736,989.4775076349576,0.333,1935,2,11,1935.02,1934,5,134,20,0.0854908566596603,18.04534169803117,0.0182372429477078,0.39,2,Mod_Wet,49,8,7,5,93,162.0,0.163722771614295,827.4775076349576,827.4775076349576,,4,206.8693769087394,206.8693769087394,206.8693769087394,206.8693769087394,0.0,0.0,0.0,0.0,0.0,0.0,49.0,8.0,7.0,5.0,93.0,891.4775076349576,990.0,967.8579100305398,22.142089969460244,0.471008283138189,0.2119820061079661,989.3170097107538,0.3027959681116939,0.3027959681116939,0.3027959681116939,0.3027959681116939,21.156303712102385,21.156303712102385,21.156303712102385,21.156303712102385,,0.933612454990605,0.933612454990605,0.933612454990605,0.933612454990605,40.07202924646685,40.07202924646685,40.07202924646685,40.07202924646685,0.8161309418832352,0.8161309418832352,0.8161309418832352,0.8161309418832352,0.9716130941883236,0.9716130941883236,0.9716130941883236,0.9716130941883236,38.93450832656465,38.93450832656465,38.93450832656465,38.93450832656465,155.7380333062586,3737.7127993502063,0.157394212707778,5.228004919546223e-05,0.335
1935-02-12,1935-02-23,1086.9032,0.940956999887256,1022.729174239858,0.328,1935,2,12,1935.02,1934,5,135,20,0.0883638006543237,33.25166660490038,0.0325126802309268,0.39,2,Mod_Wet,49,8,7,5,93,162.0,0.1583997054942783,860.729174239858,860.729174239858,,4,215.1822935599645,215.1822935599645,215.1822935599645,215.1822935599645,0.0,0.0,0.0,0.0,0.0,0.0,49.0,8.0,7.0,5.0,93.0,924.729174239858,990.0,967.971434547611,22.02856545238899,0.5014340098140649,0.2385833393918864,989.259982650794,0.3275614641646907,0.3275614641646907,0.3275614641646907,0.3275614641646907,20.960986639018383,20.960986639018383,20.960986639018383,20.960986639018383,,0.9351937051976816,0.9351937051976816,0.9351937051976816,0.9351937051976816,41.36742876975688,41.36742876975688,41.36742876975688,41.36742876975688,0.8425138242313011,0.8425138242313011,0.8425138242313011,0.8425138242313011,0.97425138242313,0.97425138242313,0.97425138242313,0.97425138242313,40.302274666226005,40.302274666226005,40.302274666226005,40.302274666226005,161.20909866490402,3869.0183679576967,0.1576263811822151,5.202601064875338e-05,0.33
1935-02-13,1935-02-24,1095.466,0.935818257253338,1025.1570830002852,0.326,1935,2,13,1935.02,1934,5,136,20,0.0885735719712246,2.427908760427272,0.0023683285231972,0.39,2,Mod_Wet,49,8,7,5,93,162.0,0.1580245629536902,863.1570830002852,863.1570830002852,,4,215.7892707500713,215.7892707500713,215.7892707500713,215.7892707500713,0.0,0.0,0.0,0.0,0.0,0.0,49.0,8.0,7.0,5.0,93.0,927.1570830002852,990.0,967.9790651180008,22.020934881999096,0.503655579313617,0.2405256664002281,989.255818754286,0.3294309539102196,0.3294309539102196,0.3294309539102196,0.3294309539102196,20.94732268237499,20.94732268237499,20.94732268237499,20.94732268237499,,0.9352988915399552,0.9352988915399552,0.9352988915399552,0.9352988915399552,41.46173669658299,41.46173669658299,41.46173669658299,41.46173669658299,0.8444345559385538,0.8444345559385538,0.8444345559385538,0.8444345559385538,0.9744434555938554,0.9744434555938554,0.9744434555938554,0.9744434555938554,40.40211798154089,40.40211798154089,40.40211798154089,40.40211798154089,161.60847192616356,3878.603326227925,0.1576426428749735,5.200819536308812e-05,0.325
1935-02-14,1935-02-25,1121.4092,0.9368114987301732,1050.5490333418047,0.319,1935,2,14,1935.02,1934,5,137,20,0.0907674364807319,25.39195034151953,0.0241701715347331,0.39,2,Mod_Wet,49,8,7,5,93,162.0,0.1542050821603983,888.5490333418047,888.5490333418047,,4,222.1372583354512,222.1372583354512,222.1372583354512,222.1372583354512,0.0,0.0,0.0,0.0,0.0,0.0,49.0,8.0,7.0,5.0,93.0,952.5490333418048,990.0,968.0588683905028,21.941131609497237,0.5268895588322446,0.2608392266734438,989.2122712144944,0.3491109911733167,0.3491109911733167,0.3491109911733167,0.3491109911733167,20.804291832818222,20.804291832818222,20.804291832818222,20.804291832818222,,0.936429042420022,0.936429042420022,0.936429042420022,0.936429042420022,42.44122577448389,42.44122577448389,42.44122577448389,42.44122577448389,0.8643834169955985,0.8643834169955985,0.8643834169955985,0.8643834169955985,0.9764383416995598,0.9764383416995598,0.9764383416995598,0.9764383416995598,41.44124011493366,41.44124011493366,41.44124011493366,41.44124011493366,165.76496045973465,3978.359051033632,0.1577888848580775,5.182136339369975e-05,0.32
1935-02-15,1935-02-26,1156.5974,0.9338086699838878,1080.0406798008228,0.311,1935,2,15,1935.02,1934,5,138,20,0.093315514734791,29.491646459018053,0.0273060515317411,0.39,2,Mod_Wet,49,8,7,5,93,162.0,0.14999435024047,918.0406798008228,918.0406798008228,,4,229.5101699502057,229.5101699502057,229.5101699502057,229.5101699502057,0.0,0.0,0.0,0.0,0.0,0.0,49.0,8.0,7.0,5.0,93.0,982.0406798008228,990.0,968.1515564222312,21.84844357776888,0.5538748159938033,0.2844325438406582,989.1616926401656,0.3726227472396623,0.3726227472396623,0.3726227472396623,0.3726227472396623,20.637513470694696,20.637513470694696,20.637513470694696,20.637513470694696,,0.9375401222677532,0.9375401222677532,0.9375401222677532,0.9375401222677532,43.54997061779268,43.54997061779268,43.54997061779268,43.54997061779268,0.8869647783664497,0.8869647783664497,0.8869647783664497,0.8869647783664497,0.9786964778366448,0.9786964778366448,0.9786964778366448,0.9786964778366448,42.62220285352307,42.62220285352307,42.62220285352307,42.62220285352307,170.48881141409228,4091.731473938215,0.1578540647612766,5.158595279335109e-05,0.31
1935-02-16,1935-02-27,1183.4396,0.9205844129984858,1089.4560494851628,0.303,1935,2,16,1935.02,1934,5,139,20,0.094129002675518,9.41536968434002,0.0086422666511323,0.39,2,Mod_Wet,49,8,7,5,93,162.0,0.1486980590695286,927.4560494851628,927.4560494851628,,4,231.8640123712907,231.8640123712907,231.8640123712907,231.8640123712907,0.0,0.0,0.0,0.0,0.0,0.0,49.0,8.0,7.0,5.0,93.0,991.4560494851628,990.0,968.1811475840964,21.81885241590373,0.5624900071651787,0.2919648395881302,989.1455451532468,0.3803139605778334,0.3803139605778334,0.3803139605778334,0.3803139605778334,20.58408360857266,20.58408360857266,20.58408360857266,20.58408360857266,,0.9378405989894883,0.9378405989894883,0.9378405989894883,0.9378405989894883,43.89677482983455,43.89677482983455,43.89677482983455,43.89677482983455,0.8940280006076282,0.8940280006076282,0.8940280006076282,0.8940280006076282,0.9794028000607627,0.9794028000607627,0.9794028000607627,0.9794028000607627,42.99262418197677,42.99262418197677,42.99262418197677,42.99262418197677,171.9704967279071,4127.29192146977,0.157849870868287,5.150603357532237e-05,0.305
1935-02-17,1935-02-28,1210.671,0.922658798487674,1117.0362502238706,0.296,1935,2,17,1935.02,1934,5,140,20,0.0965119320193424,27.58020073870784,0.0246905154001764,0.39,2,Mod_Wet,49,8,7,5,93,162.0,0.145026627352096,955.0362502238706,955.0362502238706,,4,238.7590625559677,238.7590625559677,238.7590625559677,238.7590625559677,0.0,0.0,0.0,0.0,0.0,0.0,49.0,8.0,7.0,5.0,93.0,1019.0362502238706,990.0,968.2678282149892,21.73217178501068,0.5877262655251747,0.3140290001790965,989.0982447342958,0.4032304501880513,0.4032304501880513,0.4032304501880513,0.4032304501880513,20.42718606911843,20.42718606911843,20.42718606911843,20.42718606911843,,0.938704834038058,0.938704834038058,0.938704834038058,0.938704834038058,44.89894782563003,44.89894782563003,44.89894782563003,44.89894782563003,0.9144388559191452,0.9144388559191452,0.9144388559191452,0.9144388559191452,0.98,0.98,0.98,0.98,44.00096886911743,44.00096886911743,44.00096886911743,44.00096886911743,176.00387547646972,4224.093011435273,0.1575632621064857,5.119173790384412e-05,0.295
1935-02-18,1935-03-01,1229.0427,0.91756512366433,1127.726717014242,0.293,1935,2,18,1935.02,1934,5,141,21,0.0974355883500305,10.690466790371373,0.0094796608336772,0.39,2,Mod_Wet,49,8,7,5,93,162.0,0.143651824112946,965.726717014242,965.726717014242,,4,241.4316792535605,241.4316792535605,241.4316792535605,241.4316792535605,0.0,0.0,0.0,0.0,0.0,0.0,49.0,8.0,7.0,5.0,93.0,1029.726717014242,990.0,968.301426824902,21.69857317509809,0.5975081878710891,0.3225813736113936,989.0799104385176,0.4123249766322481,0.4123249766322481,0.4123249766322481,0.4123249766322481,20.36615863698341,20.36615863698341,20.36615863698341,20.36615863698341,,0.9390333004055886,0.9390333004055886,0.9390333004055886,0.9390333004055886,45.28173622380103,45.28173622380103,45.28173622380103,45.28173622380103,0.9222349536415688,0.9222349536415688,0.9222349536415688,0.9222349536415688,0.98,0.98,0.98,0.98,44.376101499325,44.376101499325,44.376101499325,44.376101499325,177.5044059973,4260.105743935201,0.1574001957382537,5.1056658757600986e-05,0.295
1935-02-19,1935-03-02,1238.2939,0.9143826532177884,1132.2744617454025,0.29,1935,2,19,1935.02,1934,5,142,21,0.0978285134948028,4.547744731160492,0.0040164685196115,0.39,2,Mod_Wet,49,8,7,5,93,162.0,0.1430748510836116,970.2744617454024,970.2744617454024,,4,242.56861543635063,242.56861543635063,242.56861543635063,242.56861543635063,0.0,0.0,0.0,0.0,0.0,0.0,49.0,8.0,7.0,5.0,93.0,1034.2744617454025,990.0,968.3157197369142,21.68428026308584,0.6021587015433976,0.326219569396322,989.0716217290602,0.4162360371010461,0.4162360371010461,0.4162360371010461,0.4162360371010461,20.339665955045003,20.339665955045003,20.339665955045003,20.339665955045003,,0.9391709480517856,0.9391709480517856,0.9391709480517856,0.9391709480517856,45.442453833994605,45.442453833994605,45.442453833994605,45.442453833994605,0.925508224724941,0.925508224724941,0.925508224724941,0.925508224724941,0.98,0.98,0.98,0.98,44.53360475731471,44.53360475731471,44.53360475731471,44.53360475731471,178.13441902925885,4275.226056702212,0.1573244165152894,5.099771767121591e-05,0.29
1935-02-20,1935-03-03,1275.7375,0.914516856089578,1166.683447695578,0.283,1935,2,20,1935.02,1934,5,143,21,0.1008014498808979,34.40898595017552,0.0294929923092162,0.39,2,Mod_Wet,49,8,7,5,93,162.0,0.1388551456009604,1004.683447695578,1004.683447695578,,4,251.1708619238945,251.1708619238945,251.1708619238945,251.1708619238945,0.0,0.0,0.0,0.0,0.0,0.0,49.0,8.0,7.0,5.0,93.0,1068.683447695578,990.0,968.423862264186,21.57613773581386,0.6525836167769095,0.3560884820042514,988.9913279012188,0.4462682684490644,0.4462682684490644,0.4462682684490644,0.4462682684490644,20.12119736858362,20.12119736858362,20.12119736858362,20.12119736858362,,0.9395757592188476,0.9395757592188476,0.9395757592188476,0.9395757592188476,46.568642698954704,46.568642698954704,46.568642698954704,46.568642698954704,0.9484448614858392,0.9484448614858392,0.9484448614858392,0.9484448614858392,0.98,0.98,0.98,0.98,45.63726984497561,45.63726984497561,45.63726984497561,45.63726984497561,182.54907937990245,4381.177905117659,0.1564683888680101,5.047169605693868e-05,0.285
1935-02-21,1935-03-04,1323.5347,0.9063317221724048,1199.561484005937,0.273,1935,2,21,1935.02,1934,5,144,21,0.1036421122181129,32.878036310358986,0.0274083794359274,0.35,2,Mod_Wet,49,8,7,5,93,162.0,0.1350493510836983,1037.561484005937,1037.561484005937,,4,259.39037100148425,259.39037100148425,259.39037100148425,259.39037100148425,0.0,0.0,0.0,0.0,0.0,0.0,49.0,8.0,7.0,5.0,93.0,1101.561484005937,990.0,968.5271932354472,21.47280676455273,0.7007649899913015,0.3988299292077181,988.900405080801,0.4759687578654323,0.4759687578654323,0.4759687578654323,0.4759687578654323,19.897243087488263,19.897243087488263,19.897243087488263,19.897243087488263,,0.9395976553634589,0.9395976553634589,0.9395976553634589,0.9395976553634589,47.55841584770363,47.55841584770363,47.55841584770363,47.55841584770363,0.9686031740876504,0.9686031740876504,0.9686031740876504,0.9686031740876504,0.98,0.98,0.98,0.98,46.607247530749554,46.607247530749554,46.607247530749554,46.607247530749554,186.4289901229982,4474.295762951957,0.1554142848104945,4.991109576444667e-05,0.275
1935-02-22,1935-03-05,1412.3815,0.928274988254288,1311.0784203230735,0.258,1935,2,22,1935.02,1934,5,145,21,0.1132771755159135,111.51693631713648,0.0850574112032571,0.35,2,Mod_Wet,49,8,7,5,93,162.0,0.1235624028958391,1149.0784203230735,1100.0,,4,275.0,275.0,275.0,275.0,49.07842032307349,14.844707381670377,2.423625694966592,2.120672483095768,1.51476605935412,28.17464870398663,63.844707381670375,10.423625694966592,9.120672483095769,6.51476605935412,121.17464870398663,1183.3890055597328,990.0,968.8776750353012,21.12232496469892,0.820679765860989,0.48,988.699320234139,0.5349,0.5349,0.5349,0.5349,19.286745198837927,19.286745198837927,19.286745198837927,19.286745198837927,,0.9379646450203744,0.9379646450203744,0.9379646450203744,0.9379646450203744,48.78842574636489,48.78842574636489,48.78842574636489,48.78842574636489,0.9936542921866576,0.9936542921866576,0.9936542921866576,0.9936542921866576,0.98,0.98,0.98,0.98,47.81265723143759,47.81265723143759,47.81265723143759,47.81265723143759,191.2506289257504,4590.015094218009,0.1458727608975691,4.829561336508848e-05,0.26
1935-02-23,1935-03-06,1463.3217,0.94550510416192,1383.5781363808978,0.248,1935,2,23,1935.02,1934,5,146,21,0.1195411509833096,72.49971605782434,0.0524001602449904,0.35,2,Mod_Wet,49,8,7,5,93,162.0,0.1170877131838411,1221.5781363808978,1100.0,,4,275.0,275.0,275.0,275.0,121.57813638089785,36.7736338436049,6.003858586711004,5.253376263372128,3.752411616694377,69.79485607051542,85.7736338436049,14.003858586711004,12.253376263372129,8.752411616694378,162.79485607051544,1212.030868693688,990.0,969.108483209846,20.89151679015401,0.8626532062509744,0.48,988.657346793749,0.5349,0.5349,0.5349,0.5349,19.01396358390297,19.01396358390297,19.01396358390297,19.01396358390297,,0.9371135663817772,0.9371135663817772,0.9371135663817772,0.9371135663817772,48.05474491098947,48.05474491098947,48.05474491098947,48.05474491098947,0.9787117089814557,0.9787117089814557,0.9787117089814557,0.9787117089814557,0.98,0.98,0.98,0.98,47.09365001276968,47.09365001276968,47.09365001276968,47.09365001276968,188.37460005107872,4520.990401225889,0.1361503156907499,4.75693434472421e-05,0.25
1935-02-24,1935-03-07,1494.4335,0.9462756211754526,1414.1459885179058,0.242,1935,2,24,1935.02,1934,5,147,21,0.122182213407947,30.567852137008003,0.0216157683755441,0.35,2,Mod_Wet,49,8,7,5,93,162.0,0.114556772296037,1252.1459885179058,1100.0,,4,275.0,275.0,275.0,275.0,152.14598851790583,46.01946566282337,7.513382149032386,6.574209380403338,4.695863843145242,87.3430674825015,95.01946566282336,15.513382149032386,13.57420938040334,9.695863843145242,180.3430674825015,1224.1070571922592,990.0,969.2072408859808,20.79275911401908,0.8803503503128806,0.48,988.6396496496872,0.5349,0.5349,0.5349,0.5349,18.897508763706234,18.897508763706234,18.897508763706234,18.897508763706234,,0.9367471526056746,0.9367471526056746,0.9367471526056746,0.9367471526056746,47.74174957465282,47.74174957465282,47.74174957465282,47.74174957465282,0.9723370585469008,0.9723370585469008,0.9723370585469008,0.9723370585469008,0.98,0.98,0.98,0.98,46.78691458315976,46.78691458315976,46.78691458315976,46.78691458315976,187.14765833263905,4491.5437999833375,0.1323397017367202,4.725950967995936e-05,0.24
1935-02-25,1935-03-08,1557.9001,0.953111909397202,1484.853138961092,0.232,1935,2,25,1935.02,1934,5,148,22,0.1282913112062383,70.70715044318604,0.0476189520619242,0.35,2,Mod_Wet,49,8,7,5,93,162.0,0.1091016988477033,1322.853138961092,1100.0,,4,275.0,275.0,275.0,275.0,222.8531389610921,51.0,10.0,9.629456621775583,6.878183301268274,145.34549903804822,100.0,18.0,16.62945662177558,11.878183301268274,238.34549903804825,1234.6294566217755,990.0,969.4356793720282,20.564320627971824,0.9046069067852286,0.48,988.6153930932148,0.5349,0.5349,0.5349,0.5349,18.644813721186544,18.644813721186544,18.644813721186544,18.644813721186544,,0.9359511632217375,0.9359511632217375,0.9359511632217375,0.9359511632217375,47.06332757987441,47.06332757987441,47.06332757987441,47.06332757987441,0.9585199099770756,0.9585199099770756,0.9585199099770756,0.9585199099770756,0.98,0.98,0.98,0.98,46.12206102827693,46.12206102827693,46.12206102827693,46.12206102827693,184.4882441131077,4427.7178587145845,0.1242467953714188,4.658794043260295e-05,0.23
1935-02-26,1935-03-09,1590.2593,0.9608539838546808,1528.006983766956,0.227,1935,2,26,1935.02,1934,5,149,22,0.132019803397465,43.15384480586408,0.0282419159495449,0.35,2,Mod_Wet,49,8,7,5,93,162.0,0.1060204578388939,1366.006983766956,1100.0,,4,275.0,275.0,275.0,275.0,266.00698376695595,50.99999999999999,10.0,11.4941289282018,8.210092091572713,185.30276274718145,100.0,18.0,18.4941289282018,13.210092091572712,278.3027627471814,1236.494128928202,990.0,969.5750994860164,20.42490051398363,0.9094370314435142,0.48,988.6105629685565,0.5349,0.5349,0.5349,0.5349,18.50056348254008,18.50056348254008,18.50056348254008,18.50056348254008,,0.9354967749700014,0.9354967749700014,0.9354967749700014,0.9354967749700014,46.676538774123145,46.676538774123145,46.676538774123145,46.676538774123145,0.950642337558516,0.950642337558516,0.950642337558516,0.950642337558516,0.98,0.98,0.98,0.98,45.74300799864068,45.74300799864068,45.74300799864068,45.74300799864068,182.9720319945627,4391.328767869505,0.1197455469368906,4.620505858448553e-05,0.225
1935-02-27,1935-03-10,1645.1264,0.9659758417726594,1589.152359062425,0.219,1935,2,27,1935.02,1934,5,150,22,0.1373027638229935,61.145375295468966,0.0384767231076218,0.35,2,Mod_Wet,49,8,7,5,93,162.0,0.1019411380388835,1427.152359062425,1100.0,,4,275.0,275.0,275.0,275.0,327.1523590624249,51.0,10.0,14.13621304590725,10.097295032790893,241.9188509837268,100.0,18.0,21.136213045907247,15.097295032790893,334.9188509837268,1239.1362130459072,990.0,969.7726460831248,20.227353916875245,0.9162809125920736,0.48,988.603719087408,0.5349,0.5349,0.5349,0.5349,18.296173004283094,18.296173004283094,18.296173004283094,18.296173004283094,,0.9348529449634916,0.9348529449634916,0.9348529449634916,0.9348529449634916,46.12909687730145,46.12909687730145,46.12909687730145,46.12909687730145,0.9394928080916792,0.9394928080916792,0.9394928080916792,0.9394928080916792,0.98,0.98,0.98,0.98,45.20651493975542,45.20651493975542,45.20651493975542,45.20651493975542,180.8260597590217,4339.82543421652,0.1137877427093939,4.566314640379335e-05,0.22
1935-02-28,1935-03-11,1701.1714,0.9756355469043254,1659.7232892169968,0.212,1935,2,28,1935.02,1934,5,151,22,0.1434000921883485,70.57093015457191,0.042519696272904,0.35,2,Mod_Wet,49,8,7,5,93,162.0,0.0976066318117559,1497.7232892169968,1100.0,,4,275.0,275.0,275.0,275.0,397.7232892169968,51.000000000000014,10.0,17.18557422542579,12.27541016101842,307.26230483055264,100.0,18.0,24.18557422542579,17.27541016101842,400.26230483055264,1242.185574225426,990.0,970.0006444728548,19.9993555271451,0.9241797774888442,0.48,988.5958202225112,0.5349,0.5349,0.5349,0.5349,18.06027574965628,18.06027574965628,18.06027574965628,18.06027574965628,,0.9341098686114172,0.9341098686114172,0.9341098686114172,0.9341098686114172,45.498149205621935,45.498149205621935,45.498149205621935,45.498149205621935,0.9266425500126668,0.9266425500126668,0.9266425500126668,0.9266425500126668,0.98,0.98,0.98,0.98,44.588186221509496,44.588186221509496,44.588186221509496,44.588186221509496,178.35274488603798,4280.465877264912,0.1074593253253552,4.503857194091868e-05,0.21
1935-03-01,1935-03-12,1735.3679,0.9841314895494252,1707.8301963432584,0.206,1935,3,1,1935.03,1934,6,152,22,0.1475565289640575,48.1069071262616,0.0281684369027238,0.35,2,Mod_Wet,59,11,12,13,144,239.0,0.1399436551196587,1468.8301963432584,1100.0,,4,275.0,275.0,275.0,275.0,368.8301963432584,41.0,7.0,13.0,20.061893524947116,287.7683028183114,100.0,18.0,25.0,33.06189352494711,431.7683028183114,1243.0,990.0,970.156066788186,19.843933211814036,0.9262894125183112,0.48,988.5937105874816,0.5349,0.5349,0.5349,0.5349,17.902743799295756,17.902743799295756,17.902743799295756,17.902743799295756,,0.9334205894093838,0.9334205894093838,0.9334205894093838,0.9334205894093838,45.06800837019168,45.06800837019168,45.06800837019168,45.06800837019168,0.9178820441994232,0.9178820441994232,0.9178820441994232,0.9178820441994232,0.98,0.98,0.98,0.98,44.16664820278785,44.16664820278785,44.16664820278785,44.16664820278785,176.6665928111514,4239.998227467633,0.1034450574708324,4.4612775962411966e-05,0.205
1935-03-02,1935-03-13,1769.9945,0.9864250135611264,1745.9668486656192,0.202,1935,3,2,1935.03,1934,6,153,22,0.1508515357247095,38.13665232236076,0.0218427127362167,0.35,2,Mod_Wet,59,11,12,13,144,239.0,0.1368869060616238,1506.9668486656192,1100.0,,4,275.0,275.0,275.0,275.0,406.9668486656192,40.99999999999999,7.0,12.999999999999996,22.13627210315084,323.8305765624684,100.0,18.0,25.0,35.13627210315084,467.8305765624684,1243.0,990.0,970.2792775110736,19.720722488926413,0.9262894125183112,0.48,988.5937105874816,0.5349,0.5349,0.5349,0.5349,17.779533076408136,17.779533076408136,17.779533076408136,17.779533076408136,,0.9327879023473558,0.9327879023473558,0.9327879023473558,0.9327879023473558,44.72750260272614,44.72750260272614,44.72750260272614,44.72750260272614,0.9109470998518562,0.9109470998518562,0.9109470998518562,0.9109470998518562,0.98,0.98,0.98,0.98,43.832952550671614,43.832952550671614,43.832952550671614,43.832952550671614,175.33181020268646,4207.963444864475,0.1004210419783665,4.427570964714304e-05,0.2
1935-03-03,1935-03-14,1840.5463,0.9955175444855696,1832.2961330880007,0.193,1935,3,3,1935.03,1934,6,154,22,0.1583103858988032,86.32928442238153,0.0471153558987701,0.35,2,Mod_Wet,59,11,12,13,144,239.0,0.1304374307646489,1593.2961330880007,1100.0,,4,275.0,275.0,275.0,275.0,493.2961330880007,41.0,7.0,13.0,26.832007239096274,405.4641258489044,100.0,18.0,25.0,39.83200723909627,549.4641258489044,1243.0,990.0,970.5581875068996,19.441812493100315,0.9262894125183112,0.48,988.5937105874816,0.5349,0.5349,0.5349,0.5349,17.500623080582038,17.500623080582038,17.500623080582038,17.500623080582038,,0.9313556995187888,0.9313556995187888,0.9313556995187888,0.9313556995187888,43.95825876689554,43.95825876689554,43.95825876689554,43.95825876689554,0.8952802192850415,0.8952802192850415,0.8952802192850415,0.8952802192850415,0.979528021928504,0.979528021928504,0.979528021928504,0.979528021928504,43.05834625735851,43.05834625735851,43.05834625735851,43.05834625735851,172.23338502943403,4133.601240706417,0.0939986620717067,4.349327904783688e-05,0.195
1935-03-04,1935-03-15,1900.6727,1.0007678191571476,1902.1320729105275,0.186,1935,3,4,1935.03,1934,6,155,23,0.1643442110994695,69.83593982252683,0.0367145587927909,0.35,2,Mod_Wet,59,11,12,13,144,239.0,0.1256484780440596,1663.1320729105275,1100.0,,4,275.0,275.0,275.0,275.0,563.1320729105275,41.0,6.9999999999999964,13.0,30.630614844505683,471.5014580660218,100.0,18.0,25.0,43.630614844505686,615.5014580660218,1243.0,990.0,970.7838113124802,19.21618868751977,0.9262894125183112,0.48,988.5937105874816,0.5349,0.5349,0.5349,0.5349,17.2749992750015,17.2749992750015,17.2749992750015,17.2749992750015,,0.9301971212771326,0.9301971212771326,0.9301971212771326,0.9301971212771326,43.33755664192816,43.33755664192816,43.33755664192816,43.33755664192816,0.8826386281451764,0.8826386281451764,0.8826386281451764,0.8826386281451764,0.9782638628145176,0.9782638628145176,0.9782638628145176,0.9782638628145176,42.39556556547559,42.39556556547559,42.39556556547559,42.39556556547559,169.58226226190237,4069.974294285657,0.0891537788973916,4.28238036014905e-05,0.185
1935-03-05,1935-03-16,1974.4395,1.004560374130299,1983.4436828176408,0.178,1935,3,5,1935.03,1934,6,156,23,0.1713695341954441,81.31160990711305,0.0409951694678839,0.35,2,Mod_Wet,59,11,12,13,144,239.0,0.1204974973932616,1744.4436828176408,1100.0,,4,275.0,275.0,275.0,275.0,644.4436828176408,41.0,7.0,13.0,35.05342207794699,548.3902607396939,100.0,18.0,25.0,48.05342207794699,692.3902607396939,1243.0,990.0,971.0465103598724,18.9534896401276,0.9262894125183112,0.48,988.5937105874816,0.5349,0.5349,0.5349,0.5349,17.012300227609323,17.012300227609323,17.012300227609323,17.012300227609323,,0.9288481616687738,0.9288481616687738,0.9288481616687738,0.9288481616687738,42.61663526310541,42.61663526310541,42.61663526310541,42.61663526310541,0.8679559116722079,0.8679559116722079,0.8679559116722079,0.8679559116722079,0.9767955911672208,0.9767955911672208,0.9767955911672208,0.9767955911672208,41.62774143538287,41.62774143538287,41.62774143538287,41.62774143538287,166.5109657415315,3996.263177796756,0.0839504379095802,4.204822367210391e-05,0.18
1935-03-06,1935-03-17,2049.9848,1.0130719634467324,2076.782126371957,0.1689999999999999,1935,3,6,1935.03,1934,6,157,23,0.1794339757185371,93.33844355431688,0.0449437821950898,0.35,2,Mod_Wet,59,11,12,13,144,239.0,0.1150818841153655,1837.782126371957,1100.0,,4,275.0,275.0,275.0,275.0,737.782126371957,41.0,7.0,13.0,40.13040854742863,636.6517178245283,100.0,18.0,25.0,53.13040854742863,780.6517178245283,1243.0,990.0,971.2853361671048,18.71466383289521,0.9262894125183112,0.48,988.5937105874816,0.5349,0.5349,0.5349,0.5349,16.773474420376935,16.773474420376935,16.773474420376935,16.773474420376935,,0.9276569026134772,0.9276569026134772,0.9276569026134772,0.9276569026134772,41.96447599583736,41.96447599583736,41.96447599583736,41.96447599583736,0.8546736455364025,0.8546736455364025,0.8546736455364025,0.8546736455364025,0.9754673645536402,0.9754673645536402,0.9754673645536402,0.9754673645536402,40.93497680453397,40.93497680453397,40.93497680453397,40.93497680453397,163.73990721813587,3929.757773235261,0.078843083797231,4.134846141872118e-05,0.17
1935-03-07,1935-03-18,2153.5086,1.007296810227308,2169.222343577076,0.159,1935,3,7,1935.03,1934,6,158,23,0.1874208104850593,92.44021720511864,0.0426144500488057,0.35,2,Mod_Wet,59,11,12,13,144,239.0,0.1101777329132088,1930.222343577076,1100.0,,4,275.0,275.0,275.0,275.0,830.2223435770761,40.99999999999997,7.0,13.0,45.15853751674473,724.0638060603313,100.0,18.0,25.0,58.15853751674473,868.0638060603313,1243.0,990.0,971.5084677258756,18.491532274124324,0.9262894125183112,0.48,988.5937105874816,0.5349,0.5349,0.5349,0.5349,16.550342861606048,16.550342861606048,16.550342861606048,16.550342861606048,,0.926545707450798,0.926545707450798,0.926545707450798,0.926545707450798,41.3566389897364,41.3566389897364,41.3566389897364,41.3566389897364,0.8422940731107209,0.8422940731107209,0.8422940731107209,0.8422940731107209,0.974229407311072,0.974229407311072,0.974229407311072,0.974229407311072,40.29085389134887,40.29085389134887,40.29085389134887,40.29085389134887,161.16341556539547,3867.921973569492,0.0742954801487222,4.069783221348371e-05,0.16
1935-03-08,1935-03-19,2260.2665,1.007005963056233,2276.101843596241,0.146,1935,3,8,1935.03,1934,6,159,23,0.1966551992867152,106.87950001916488,0.0469572573476304,0.35,2,Mod_Wet,59,11,12,13,144,239.0,0.1050040887548247,2037.101843596241,1100.0,,4,275.0,275.0,275.0,275.0,937.101843596241,41.00000000000003,7.0,13.0,50.9720668064901,825.129776789751,100.0,18.0,25.0,63.9720668064901,969.129776789751,1243.0,990.0,971.766452725922,18.233547274077974,0.9262894125183112,0.48,988.5937105874816,0.5349,0.5349,0.5349,0.5349,16.2923578615597,16.2923578615597,16.2923578615597,16.2923578615597,,0.9252609421505672,0.9252609421505672,0.9252609421505672,0.9252609421505672,40.65552408638352,40.65552408638352,40.65552408638352,40.65552408638352,0.8280147471768536,0.8280147471768536,0.8280147471768536,0.8280147471768536,0.9728014747176852,0.9728014747176852,0.9728014747176852,0.9728014747176852,39.54975378665426,39.54975378665426,39.54975378665426,39.54975378665426,158.19901514661703,3796.776363518809,0.0695043658049424,3.994924624914572e-05,0.145
1935-03-09,1935-03-20,2356.3647,1.0031685153704124,2363.830877770248,0.136,1935,3,9,1935.03,1934,6,160,23,0.2042349878393492,87.72903417400629,0.0371130756430253,0.35,2,Mod_Wet,59,11,12,13,144,239.0,0.10110706406604,2124.830877770248,1100.0,,4,275.0,275.0,275.0,275.0,1024.8308777702478,41.00000000000003,7.0,13.0,55.74393895821432,908.0869388120336,100.0,18.0,25.0,68.74393895821431,1052.0869388120336,1243.0,990.0,971.9782124635834,18.021787536416586,0.9262894125183112,0.48,988.5937105874816,0.5349,0.5349,0.5349,0.5349,16.080598123898305,16.080598123898305,16.080598123898305,16.080598123898305,,0.9242063786570136,0.9242063786570136,0.9242063786570136,0.9242063786570136,40.08136961871388,40.08136961871388,40.08136961871388,40.08136961871388,0.8163211734972277,0.8163211734972277,0.8163211734972277,0.8163211734972277,0.9716321173497228,0.9716321173497228,0.9716321173497228,0.9716321173497228,38.944346028907816,38.944346028907816,38.944346028907816,38.944346028907816,155.77738411563126,3738.6572187751503,0.0659003931205826,3.9337723261523046e-05,0.135
1935-03-10,1935-03-21,2426.5566,1.0097146303051494,2450.1297002835204,0.128,1935,3,10,1935.03,1934,6,161,23,0.2116912061044961,86.29882251327308,0.0352221445678107,0.35,2,Mod_Wet,59,11,12,13,144,239.0,0.097545856438679,2211.1297002835204,1100.0,,4,275.0,275.0,275.0,275.0,1111.1297002835204,41.0,7.0,13.0,60.43801717023333,989.6916831132872,100.0,18.0,25.0,73.43801717023334,1133.6916831132871,1243.0,990.0,972.1865199662016,17.81348003379844,0.9262894125183112,0.48,988.5937105874816,0.5349,0.5349,0.5349,0.5349,15.872290621280165,15.872290621280165,15.872290621280165,15.872290621280165,,0.9224448951166336,0.9224448951166336,0.9224448951166336,0.9224448951166336,39.486753798707205,39.486753798707205,39.486753798707205,39.486753798707205,0.8042108716640979,0.8042108716640979,0.8042108716640979,0.8042108716640979,0.9704210871664096,0.9704210871664096,0.9704210871664096,0.9704210871664096,38.3187785500138,38.3187785500138,38.3187785500138,38.3187785500138,153.2751142000552,3678.602740801325,0.0625579593530574,3.870583691920586e-05,0.13
1935-03-11,1935-03-22,2483.648,1.0134558978398422,2517.067713758129,0.123,1935,3,11,1935.03,1934,6,162,24,0.2174746504687023,66.9380134746084,0.0265936482791978,0.37,2,Mod_Wet,59,11,12,13,144,239.0,0.0949517562414556,2278.067713758129,1100.0,,4,275.0,275.0,275.0,275.0,1178.0677137581288,41.0,6.999999999999993,13.000000000000009,64.07899698265973,1052.9887167754691,100.0,18.0,25.0,77.07899698265973,1196.9887167754691,1243.0,990.0,972.3480944814852,17.65190551851481,0.9262894125183112,0.48,988.5937105874816,0.5349,0.5349,0.5349,0.5349,15.710716105996532,15.710716105996532,15.710716105996532,15.710716105996532,,0.920724126528863,0.920724126528863,0.920724126528863,0.920724126528863,39.01188162617935,39.01188162617935,39.01188162617935,39.01188162617935,0.7945393406553838,0.7945393406553838,0.7945393406553838,0.7945393406553838,0.97,0.97,0.97,0.97,37.84152517739396,37.84152517739396,37.84152517739396,37.84152517739396,151.36610070957585,3632.78641702982,0.0601358874384739,3.822376280544845e-05,0.125
1935-03-12,1935-03-23,2570.8598,1.0179079879576662,2616.898726339248,0.115,1935,3,12,1935.03,1934,6,163,24,0.226100049955711,99.83101258111948,0.0381485961135271,0.37,2,Mod_Wet,59,11,12,13,144,239.0,0.0913294800423303,2377.898726339248,1100.0,,4,275.0,275.0,275.0,275.0,1277.8987263392478,41.0,7.0,13.0,67.0,1149.8987263392478,100.0,18.0,25.0,80.0,1293.8987263392478,1243.0,990.0,972.5890658911636,17.410934108836273,0.9262894125183112,0.48,988.5937105874816,0.5349,0.5349,0.5349,0.5349,15.469744696317996,15.469744696317996,15.469744696317996,15.469744696317996,,0.9181577810157866,0.9181577810157866,0.9181577810157866,0.9181577810157866,38.30644581887789,38.30644581887789,38.30644581887789,38.30644581887789,0.7801720126044377,0.7801720126044377,0.7801720126044377,0.7801720126044377,0.97,0.97,0.97,0.97,37.15725244431155,37.15725244431155,37.15725244431155,37.15725244431155,148.6290097772462,3567.096234653909,0.0567958585027712,3.753257822657733e-05,0.115
1935-03-13,1935-03-24,2644.9907,1.019687481531927,2697.0639055583683,0.109,1935,3,13,1935.03,1934,6,164,24,0.233026321440243,80.16517921912009,0.0297231293088413,0.37,2,Mod_Wet,59,11,12,13,144,239.0,0.0886148820973228,2458.0639055583683,1100.0,,4,275.0,275.0,275.0,275.0,1358.0639055583683,41.0,7.000000000000007,13.0,67.0,1230.0639055583683,100.0,18.0,25.0,80.0,1374.0639055583683,1243.0,990.0,972.7825680478996,17.21743195210047,0.9262894125183112,0.48,988.5937105874816,0.5349,0.5349,0.5349,0.5349,15.276242539582192,15.276242539582192,15.276242539582192,15.276242539582192,,0.9160969830465504,0.9160969830465504,0.9160969830465504,0.9160969830465504,37.74238941356651,37.74238941356651,37.74238941356651,37.74238941356651,0.7686841021092975,0.7686841021092975,0.7686841021092975,0.7686841021092975,0.97,0.97,0.97,0.97,36.61011773115951,36.61011773115951,36.61011773115951,36.61011773115951,146.44047092463805,3514.5713021913134,0.0542962555031934,3.697991690016113e-05,0.11
1935-03-14,1935-03-25,2812.7838,1.0214266739181483,2873.0524012848505,0.096,1935,3,14,1935.03,1934,6,165,24,0.2482317274710111,175.9884957264821,0.0612548854478876,0.37,2,Mod_Wet,59,11,12,13,144,239.0,0.0831867876454733,2634.0524012848505,1100.0,,4,275.0,275.0,275.0,275.0,1534.0524012848505,41.0,7.0,13.0,67.0,1406.0524012848507,100.0,18.0,25.0,80.0,1550.0524012848507,1243.0,990.0,973.2073678651705,16.79263213482966,0.9262894125183112,0.48,988.5937105874816,0.5349,0.5349,0.5349,0.5349,14.851442722311385,14.851442722311385,14.851442722311385,14.851442722311385,,0.9115000719265488,0.9115000719265488,0.9115000719265488,0.9115000719265488,36.5087316346607,36.5087316346607,36.5087316346607,36.5087316346607,0.7435586890969592,0.7435586890969592,0.7435586890969592,0.7435586890969592,0.97,0.97,0.97,0.97,35.413469685620875,35.413469685620875,35.413469685620875,35.413469685620875,141.6538787424835,3399.693089819604,0.0493043143519188,3.577118150062715e-05,0.095
1935-03-15,1935-03-26,2891.2138,1.0178660401524815,2942.868341840209,0.091,1935,3,15,1935.03,1934,6,166,24,0.254263824734994,69.81594055535834,0.0237237730151739,0.37,2,Mod_Wet,59,11,12,13,144,239.0,0.0812132831775106,2703.868341840209,1100.0,,4,275.0,275.0,275.0,275.0,1603.8683418402088,41.0,7.0,13.0,67.0,1475.8683418402088,100.0,18.0,25.0,80.0,1619.8683418402088,1243.0,990.0,973.3758891009936,16.624110899006382,0.9262894125183112,0.48,988.5937105874816,0.5349,0.5349,0.5349,0.5349,14.682921486488103,14.682921486488103,14.682921486488103,14.682921486488103,,0.9096227453594774,0.9096227453594774,0.9096227453594774,0.9096227453594774,36.02012215360693,36.02012215360693,36.02012215360693,36.02012215360693,0.7336073758372083,0.7336073758372083,0.7336073758372083,0.7336073758372083,0.97,0.97,0.97,0.97,34.939518488998715,34.939518488998715,34.939518488998715,34.939518488998715,139.75807395599486,3354.1937749438766,0.0474904269310949,3.529244291818052e-05,0.09
1935-03-16,1935-03-27,2987.1311,1.0208950418363147,3049.547329305057,0.083,1935,3,16,1935.03,1934,6,167,24,0.2634808892519569,106.67898746484798,0.0349819090983442,0.37,2,Mod_Wet,59,11,12,13,144,239.0,0.0783722874878168,2810.547329305057,1100.0,,4,275.0,275.0,275.0,275.0,1710.5473293050568,41.0,7.0,13.0,67.0,1582.547329305057,100.0,18.0,25.0,80.0,1726.547329305057,1243.0,990.0,973.6333901052192,16.366609894780936,0.9262894125183112,0.48,988.5937105874816,0.5349,0.5349,0.5349,0.5349,14.42542048226266,14.42542048226266,14.42542048226266,14.42542048226266,,0.906754184172406,0.906754184172406,0.906754184172406,0.906754184172406,35.27682110743703,35.27682110743703,35.27682110743703,35.27682110743703,0.7184688616585952,0.7184688616585952,0.7184688616585952,0.7184688616585952,0.97,0.97,0.97,0.97,34.21851647421392,34.21851647421392,34.21851647421392,34.21851647421392,136.87406589685568,3284.9775815245366,0.0448834043602291,3.4564158054761536e-05,0.085
1935-03-17,1935-03-28,3184.9249,1.029432299299805,3278.6645629042023,0.07,1935,3,17,1935.03,1934,6,168,24,0.2832766182349231,229.11723359914552,0.0698812669619963,0.37,2,Mod_Wet,59,11,12,13,144,239.0,0.0728955327434584,3039.6645629042023,1100.0,,4,275.0,275.0,275.0,275.0,1939.6645629042025,41.0,7.0,13.0,67.0,1811.6645629042025,100.0,18.0,25.0,80.0,1955.6645629042025,1243.0,990.0,974.1514558594874,15.848544140512558,0.9262894125183112,0.48,988.5937105874816,0.5349,0.5349,0.5349,0.5349,13.907354727994282,13.907354727994282,13.907354727994282,13.907354727994282,,0.9005118304617072,0.9005118304617072,0.9005118304617072,0.9005118304617072,33.77577696694936,33.77577696694936,33.77577696694936,33.77577696694936,0.6878976979012089,0.6878976979012089,0.6878976979012089,0.6878976979012089,0.97,0.97,0.97,0.97,32.76250365794088,32.76250365794088,32.76250365794088,32.76250365794088,131.0500146317635,3145.2003511623243,0.0399705465800017,3.309343803832412e-05,0.07
1935-03-18,1935-03-29,3168.1362,1.0261606943378303,3251.016842748816,0.071,1935,3,18,1935.03,1934,6,169,25,0.2808878552134977,27.6477201553862,0.0085043300274043,0.37,2,Mod_Wet,59,11,12,13,144,239.0,0.0735154604114322,3012.016842748816,1100.0,,4,275.0,275.0,275.0,275.0,1912.016842748816,41.0,7.0,13.0,67.0,1784.0168427488163,100.0,18.0,25.0,80.0,1928.0168427488163,1243.0,990.0,974.09286902392,15.907130976079884,0.9262894125183112,0.48,988.5937105874816,0.5349,0.5349,0.5349,0.5349,13.965941563561609,13.965941563561609,13.965941563561609,13.965941563561609,,0.9014624018687872,0.9014624018687872,0.9014624018687872,0.9014624018687872,33.953866109011166,33.953866109011166,33.953866109011166,33.953866109011166,0.6915247680043007,0.6915247680043007,0.6915247680043007,0.6915247680043007,0.97,0.97,0.97,0.97,32.93525012574083,32.93525012574083,32.93525012574083,32.93525012574083,131.74100050296332,3161.78401207112,0.0405230138369793,3.326792941994023e-05,0.07
1935-03-19,1935-03-30,3052.1754,1.0230557447200064,3122.545576863084,0.077,1935,3,19,1935.03,1934,6,170,25,0.2697879378409704,128.471265885732,0.0411431195232687,0.37,2,Mod_Wet,59,11,12,13,144,239.0,0.0765401157859479,2883.545576863084,1100.0,,4,275.0,275.0,275.0,275.0,1783.545576863084,41.0,7.0,13.0,67.0,1655.545576863084,100.0,18.0,25.0,80.0,1799.545576863084,1243.0,990.0,973.8095927717384,16.190407228261506,0.9262894125183112,0.48,988.5937105874816,0.5349,0.5349,0.5349,0.5349,14.24921781574323,14.24921781574323,14.24921781574323,14.24921781574323,,0.9047912864673796,0.9047912864673796,0.9047912864673796,0.9047912864673796,34.77049136442298,34.77049136442298,34.77049136442298,34.77049136442298,0.7081566469332582,0.7081566469332582,0.7081566469332582,0.7081566469332582,0.97,0.97,0.97,0.97,33.727376623490294,33.727376623490294,33.727376623490294,33.727376623490294,134.90950649396115,3237.828155855068,0.0432049759316856,3.406805719544474e-05,0.075
1935-03-20,1935-03-31,3019.5429,1.0200701869153206,3080.145690401829,0.08,1935,3,20,1935.03,1934,6,171,25,0.2661245876507181,42.39988646125494,0.0137655457640783,0.37,2,Mod_Wet,59,11,12,13,144,239.0,0.0775937322525872,2841.145690401829,1100.0,,4,275.0,275.0,275.0,275.0,1741.1456904018291,41.0,7.0,13.0,67.0,1613.1456904018291,100.0,18.0,25.0,80.0,1757.1456904018291,1243.0,990.0,973.7072482182112,16.292751781788752,0.9262894125183112,0.48,988.5937105874816,0.5349,0.5349,0.5349,0.5349,14.351562369270477,14.351562369270477,14.351562369270477,14.351562369270477,,0.9059314047936732,0.9059314047936732,0.9059314047936732,0.9059314047936732,35.06435794807393,35.06435794807393,35.06435794807393,35.06435794807393,0.71414170973674,0.71414170973674,0.71414170973674,0.71414170973674,0.97,0.97,0.97,0.97,34.01242720963172,34.01242720963172,34.01242720963172,34.01242720963172,136.04970883852687,3265.193012124645,0.0441698940613351,3.435598708043608e-05,0.08
1935-03-21,1935-04-01,2938.9259,1.022231970362161,3004.2640135053875,0.086,1935,3,21,1935.03,1934,6,172,25,0.2595684107668655,75.88167689644159,0.025257992158919,0.29,2,Mod_Wet,59,11,12,13,144,239.0,0.0795535941334043,2765.2640135053875,1100.0,,4,275.0,275.0,275.0,275.0,1665.2640135053875,41.0,7.0,13.0,67.0,1537.2640135053875,100.0,18.0,25.0,80.0,1681.2640135053875,1243.0,990.0,973.5240855498406,16.475914450159394,0.9262894125183112,0.48,988.5937105874816,0.5349,0.5349,0.5349,0.5349,14.534725037641117,14.534725037641117,14.534725037641117,14.534725037641117,,0.907971836919322,0.907971836919322,0.907971836919322,0.907971836919322,35.59185239499207,35.59185239499207,35.59185239499207,35.59185239499207,0.7248849774947468,0.7248849774947468,0.7248849774947468,0.7248849774947468,0.97,0.97,0.97,0.97,34.5240968231423,34.5240968231423,34.5240968231423,34.5240968231423,138.0963872925692,3314.313295021661,0.045966794752981,3.487282507388111e-05,0.085
1935-03-22,1935-04-02,2938.9259,1.022231970362161,3004.2640135053875,0.086,1935,3,22,1935.03,1934,6,173,25,0.2595684107668655,0.0,0.0,0.29,2,Mod_Wet,59,11,12,13,144,239.0,0.0795535941334043,2765.2640135053875,1100.0,,4,275.0,275.0,275.0,275.0,1665.2640135053875,41.0,7.0,13.0,67.0,1537.2640135053875,100.0,18.0,25.0,80.0,1681.2640135053875,1243.0,990.0,973.5240855498406,16.475914450159394,0.9262894125183112,0.48,988.5937105874816,0.5349,0.5349,0.5349,0.5349,14.534725037641117,14.534725037641117,14.534725037641117,14.534725037641117,,0.907971836919322,0.907971836919322,0.907971836919322,0.907971836919322,35.59185239499207,35.59185239499207,35.59185239499207,35.59185239499207,0.7248849774947468,0.7248849774947468,0.7248849774947468,0.7248849774947468,0.97,0.97,0.97,0.97,34.5240968231423,34.5240968231423,34.5240968231423,34.5240968231423,138.0963872925692,3314.313295021661,0.045966794752981,3.487282507388111e-05,0.085
1935-03-23,1935-04-03,2938.9259,1.022231970362161,3004.2640135053875,0.086,1935,3,23,1935.03,1934,6,174,25,0.2595684107668655,0.0,0.0,0.29,2,Mod_Wet,59,11,12,13,144,239.0,0.0795535941334043,2765.2640135053875,1100.0,,4,275.0,275.0,275.0,275.0,1665.2640135053875,41.0,7.0,13.0,67.0,1537.2640135053875,100.0,18.0,25.0,80.0,1681.2640135053875,1243.0,990.0,973.5240855498406,16.475914450159394,0.9262894125183112,0.48,988.5937105874816,0.5349,0.5349,0.5349,0.5349,14.534725037641117,14.534725037641117,14.534725037641117,14.534725037641117,,0.907971836919322,0.907971836919322,0.907971836919322,0.907971836919322,35.59185239499207,35.59185239499207,35.59185239499207,35.59185239499207,0.7248849774947468,0.7248849774947468,0.7248849774947468,0.7248849774947468,0.97,0.97,0.97,0.97,34.5240968231423,34.5240968231423,34.5240968231423,34.5240968231423,138.0963872925692,3314.313295021661,0.045966794752981,3.487282507388111e-05,0.085
1935-03-24,1935-04-04,2922.9672,1.0138852549041557,2963.5533446484865,0.089,1935,3,24,1935.03,1934,6,175,25,0.2560510089776292,40.710668856901066,0.0137371135668657,0.29,2,Mod_Wet,59,11,12,13,144,239.0,0.0806464308906672,2724.5533446484865,1100.0,,4,275.0,275.0,275.0,275.0,1624.5533446484865,41.0,7.0,13.0,67.0,1496.5533446484867,100.0,18.0,25.0,80.0,1640.5533446484867,1243.0,990.0,973.425818418117,16.574181581882954,0.9262894125183112,0.48,988.5937105874816,0.5349,0.5349,0.5349,0.5349,14.632992169364677,14.632992169364677,14.632992169364677,14.632992169364677,,0.9090665327667224,0.9090665327667224,0.9090665327667224,0.9090665327667224,35.87568507652055,35.87568507652055,35.87568507652055,35.87568507652055,0.7306656838395224,0.7306656838395224,0.7306656838395224,0.7306656838395224,0.97,0.97,0.97,0.97,34.79941452422493,34.79941452422493,34.79941452422493,34.79941452422493,139.19765809689972,3340.743794325593,0.046969850685583,3.515092376184336e-05,0.09
1935-03-25,1935-04-05,2891.2138,1.0178660401524815,2942.868341840209,0.091,1935,3,25,1935.03,1934,6,176,26,0.254263824734994,20.68500280827766,0.0070288577012395,0.29,2,Mod_Wet,59,11,12,13,144,239.0,0.0812132831775106,2703.868341840209,1100.0,,4,275.0,275.0,275.0,275.0,1603.8683418402088,41.0,7.0,13.0,67.0,1475.8683418402088,100.0,18.0,25.0,80.0,1619.8683418402088,1243.0,990.0,973.3758891009936,16.624110899006382,0.9262894125183112,0.48,988.5937105874816,0.5349,0.5349,0.5349,0.5349,14.682921486488103,14.682921486488103,14.682921486488103,14.682921486488103,,0.9096227453594774,0.9096227453594774,0.9096227453594774,0.9096227453594774,36.02012215360693,36.02012215360693,36.02012215360693,36.02012215360693,0.7336073758372083,0.7336073758372083,0.7336073758372083,0.7336073758372083,0.97,0.97,0.97,0.97,34.939518488998715,34.939518488998715,34.939518488998715,34.939518488998715,139.75807395599486,3354.1937749438766,0.0474904269310949,3.529244291818052e-05,0.09
1935-03-26,1935-04-06,2891.2138,1.0178660401524815,2942.868341840209,0.091,1935,3,26,1935.03,1934,6,177,26,0.254263824734994,0.0,0.0,0.29,2,Mod_Wet,59,11,12,13,144,239.0,0.0812132831775106,2703.868341840209,1100.0,,4,275.0,275.0,275.0,275.0,1603.8683418402088,41.0,7.0,13.0,67.0,1475.8683418402088,100.0,18.0,25.0,80.0,1619.8683418402088,1243.0,990.0,973.3758891009936,16.624110899006382,0.9262894125183112,0.48,988.5937105874816,0.5349,0.5349,0.5349,0.5349,14.682921486488103,14.682921486488103,14.682921486488103,14.682921486488103,,0.9096227453594774,0.9096227453594774,0.9096227453594774,0.9096227453594774,36.02012215360693,36.02012215360693,36.02012215360693,36.02012215360693,0.7336073758372083,0.7336073758372083,0.7336073758372083,0.7336073758372083,0.97,0.97,0.97,0.97,34.939518488998715,34.939518488998715,34.939518488998715,34.939518488998715,139.75807395599486,3354.1937749438766,0.0474904269310949,3.529244291818052e-05,0.09
1935-03-27,1935-04-07,2859.6787,1.0192399753140005,2914.698847593973,0.093,1935,3,27,1935.03,1934,6,178,26,0.2518299804321192,28.1694942462359,0.0096646328554626,0.29,2,Mod_Wet,59,11,12,13,144,239.0,0.0819981797424079,2675.698847593973,1100.0,,4,275.0,275.0,275.0,275.0,1575.698847593973,41.0,7.0,13.0,67.0,1447.698847593973,100.0,18.0,25.0,80.0,1591.698847593973,1243.0,990.0,973.3078937700544,16.69210622994558,0.9262894125183112,0.48,988.5937105874816,0.5349,0.5349,0.5349,0.5349,14.750916817427305,14.750916817427305,14.750916817427305,14.750916817427305,,0.91038021334614,0.91038021334614,0.91038021334614,0.91038021334614,36.21706205768225,36.21706205768225,36.21706205768225,36.21706205768225,0.7376183718468889,0.7376183718468889,0.7376183718468889,0.7376183718468889,0.97,0.97,0.97,0.97,35.13055019595178,35.13055019595178,35.13055019595178,35.13055019595178,140.5222007838071,3372.532818811371,0.0482115676889931,3.548540423833513e-05,0.095
1935-03-28,1935-04-08,2843.9928,1.0201594850967353,2901.3262304668224,0.095,1935,3,28,1935.03,1934,6,179,26,0.2506745863123334,13.372617127150535,0.0046091394296596,0.29,2,Mod_Wet,59,11,12,13,144,239.0,0.082376120785819,2662.3262304668224,1100.0,,4,275.0,275.0,275.0,275.0,1562.3262304668224,41.0,7.0,13.0,67.0,1434.3262304668226,100.0,18.0,25.0,80.0,1578.3262304668226,1243.0,990.0,973.2756150390578,16.72438496094219,0.9262894125183112,0.48,988.5937105874816,0.5349,0.5349,0.5349,0.5349,14.783195548423912,14.783195548423912,14.783195548423912,14.783195548423912,,0.9107397984094424,0.9107397984094424,0.9107397984094424,0.9107397984094424,36.31065057645838,36.31065057645838,36.31065057645838,36.31065057645838,0.7395244516590301,0.7395244516590301,0.7395244516590301,0.7395244516590301,0.97,0.97,0.97,0.97,35.221331059164626,35.221331059164626,35.221331059164626,35.221331059164626,140.8853242366585,3381.247781679804,0.0485589392730889,3.557710207996427e-05,0.095
1935-03-29,1935-04-09,2812.7838,1.0214266739181483,2873.0524012848505,0.096,1935,3,29,1935.03,1934,6,180,26,0.2482317274710111,28.27382918197191,0.0098410419417785,0.29,2,Mod_Wet,59,11,12,13,144,239.0,0.0831867876454733,2634.0524012848505,1100.0,,4,275.0,275.0,275.0,275.0,1534.0524012848505,41.0,7.0,13.0,67.0,1406.0524012848507,100.0,18.0,25.0,80.0,1550.0524012848507,1243.0,990.0,973.2073678651705,16.79263213482966,0.9262894125183112,0.48,988.5937105874816,0.5349,0.5349,0.5349,0.5349,14.851442722311385,14.851442722311385,14.851442722311385,14.851442722311385,,0.9115000719265488,0.9115000719265488,0.9115000719265488,0.9115000719265488,36.5087316346607,36.5087316346607,36.5087316346607,36.5087316346607,0.7435586890969592,0.7435586890969592,0.7435586890969592,0.7435586890969592,0.97,0.97,0.97,0.97,35.413469685620875,35.413469685620875,35.413469685620875,35.413469685620875,141.6538787424835,3399.693089819604,0.0493043143519188,3.577118150062715e-05,0.095
1935-03-30,1935-04-10,2797.2606,1.0153902476925185,2840.311133494523,0.098,1935,3,30,1935.03,1934,6,181,26,0.2454028819339268,32.741267790327576,0.011527352551002,0.29,2,Mod_Wet,59,11,12,13,144,239.0,0.084145711074248,2601.311133494523,1100.0,,4,275.0,275.0,275.0,275.0,1501.311133494523,41.0,7.0,13.0,67.0,1373.3111334945231,100.0,18.0,25.0,80.0,1517.3111334945231,1243.0,990.0,973.1283372187798,16.871662781220152,0.9262894125183112,0.48,988.5937105874816,0.5349,0.5349,0.5349,0.5349,14.930473368701875,14.930473368701875,14.930473368701875,14.930473368701875,,0.9123804733273388,0.9123804733273388,0.9123804733273388,0.9123804733273388,36.73846041128599,36.73846041128599,36.73846041128599,36.73846041128599,0.7482374829182483,0.7482374829182483,0.7482374829182483,0.7482374829182483,0.97,0.97,0.97,0.97,35.636306598947414,35.636306598947414,35.636306598947414,35.636306598947414,142.54522639578963,3421.085433498952,0.050186482992943,3.5996269291866074e-05,0.1
1935-03-31,1935-04-11,2781.7915,1.0178649970908706,2831.488197054909,0.099,1935,3,31,1935.03,1934,6,182,26,0.2446405802255441,8.822936439613839,0.003116006787099,0.29,2,Mod_Wet,59,11,12,13,144,239.0,0.0844079096810606,2592.488197054909,1100.0,,4,275.0,275.0,275.0,275.0,1492.488197054909,41.0,7.0,13.0,67.0,1364.488197054909,100.0,18.0,25.0,80.0,1508.488197054909,1243.0,990.0,973.1070404756498,16.892959524350204,0.9262894125183112,0.48,988.5937105874816,0.5349,0.5349,0.5349,0.5349,14.951770111831928,14.951770111831928,14.951770111831928,14.951770111831928,,0.9126177190458076,0.9126177190458076,0.9126177190458076,0.9126177190458076,36.80043064944319,36.80043064944319,36.80043064944319,36.80043064944319,0.7494996058949732,0.7494996058949732,0.7494996058949732,0.7494996058949732,0.97,0.97,0.97,0.97,35.69641772995989,35.69641772995989,35.69641772995989,35.69641772995989,142.78567091983956,3426.856102076149,0.0504277824884998,3.605698760602009e-05,0.1
1935-04-01,1935-04-12,2781.7915,1.0178649970908706,2831.488197054909,0.099,1935,4,1,1935.04,1934,7,183,27,0.2446405802255441,0.0,0.0,0.48,3,Normal,54,13,14,19,117,217.0,0.0766381439363605,2614.488197054909,1100.0,,4,275.0,275.0,275.0,275.0,1514.488197054909,46.0,5.0,11.0,61.0,1391.488197054909,100.0,18.0,25.0,80.0,1508.488197054909,1243.0,990.0,973.1070404756498,16.892959524350204,0.9262894125183112,0.48,988.5937105874816,0.5349,0.5349,0.5349,0.5349,14.951770111831928,14.951770111831928,14.951770111831928,14.951770111831928,,0.9126177190458076,0.9126177190458076,0.9126177190458076,0.9126177190458076,36.80043064944319,36.80043064944319,36.80043064944319,36.80043064944319,0.7494996058949732,0.7494996058949732,0.7494996058949732,0.7494996058949732,0.97,0.97,0.97,0.97,35.69641772995989,35.69641772995989,35.69641772995989,35.69641772995989,142.78567091983956,3426.856102076149,0.0504277824884998,3.605698760602009e-05,0.1
1935-04-02,1935-04-13,2735.7079,1.0169969211617809,2782.206511497961,0.102,1935,4,2,1935.04,1934,7,184,27,0.2403826425934238,49.2816855569481,0.0177131659182317,0.48,3,Normal,54,13,14,19,117,217.0,0.0779956480955705,2565.206511497961,1100.0,,4,275.0,275.0,275.0,275.0,1465.206511497961,46.0,5.0,11.0,61.0,1342.206511497961,100.0,18.0,25.0,80.0,1459.206511497961,1243.0,990.0,972.988084682926,17.011915317073885,0.9262894125183112,0.48,988.5937105874816,0.5349,0.5349,0.5349,0.5349,15.070725904555609,15.070725904555609,15.070725904555609,15.070725904555609,,0.9139082308835172,0.9139082308835172,0.9139082308835172,0.9139082308835172,37.14566633379473,37.14566633379473,37.14566633379473,37.14566633379473,0.7565308825620107,0.7565308825620107,0.7565308825620107,0.7565308825620107,0.97,0.97,0.97,0.97,36.03129634378089,36.03129634378089,36.03129634378089,36.03129634378089,144.12518537512355,3459.004449002965,0.0518024757614148,3.63952488321019e-05,0.1
1935-04-03,1935-04-14,2705.2546,1.016250048483886,2749.2151184112568,0.106,1935,4,3,1935.04,1934,7,185,27,0.2375321862307325,32.99139308670419,0.0120002952354523,0.48,3,Normal,54,13,14,19,117,217.0,0.0789316188997978,2532.2151184112568,1100.0,,4,275.0,275.0,275.0,275.0,1432.2151184112568,46.0,5.0,11.0,61.000000000000014,1309.2151184112563,100.0,18.0,25.0,80.0,1426.2151184112563,1243.0,990.0,972.9084502858204,17.091549714179678,0.9262894125183112,0.48,988.5937105874816,0.5349,0.5349,0.5349,0.5349,15.1503603016614,15.1503603016614,15.1503603016614,15.1503603016614,,0.914756337212694,0.914756337212694,0.914756337212694,0.914756337212694,37.376599019073694,37.376599019073694,37.376599019073694,37.376599019073694,0.7612341959078145,0.7612341959078145,0.7612341959078145,0.7612341959078145,0.97,0.97,0.97,0.97,36.25530104850148,36.25530104850148,36.25530104850148,36.25530104850148,145.02120419400592,3480.508900656142,0.0527500388102813,3.662151621060756e-05,0.105
1935-04-04,1935-04-15,2675.0157,1.01532983475929,2716.0232486595064,0.107,1935,4,4,1935.04,1934,7,186,27,0.2346644086841813,33.191869751750346,0.0122207605432435,0.48,3,Normal,54,13,14,19,117,217.0,0.0798962233136628,2499.0232486595064,1100.0,,4,275.0,275.0,275.0,275.0,1399.0232486595064,46.0,5.0,11.0,61.000000000000014,1276.0232486595064,100.0,18.0,25.0,80.0,1393.0232486595064,1243.0,990.0,972.8283319795228,17.171668020477114,0.9262894125183112,0.48,988.5937105874816,0.5349,0.5349,0.5349,0.5349,15.230478607958837,15.230478607958837,15.230478607958837,15.230478607958837,,0.9156095971747616,0.9156095971747616,0.9156095971747616,0.9156095971747616,37.60930261963179,37.60930261963179,37.60930261963179,37.60930261963179,0.7659735767745782,0.7659735767745782,0.7659735767745782,0.7659735767745782,0.97,0.97,0.97,0.97,36.48102354104284,36.48102354104284,36.48102354104284,36.48102354104284,145.92409416417135,3502.178259940112,0.0537271152727401,3.6849518728326094e-05,0.105
1935-04-05,1935-04-16,2644.9907,1.019687481531927,2697.0639055583683,0.109,1935,4,5,1935.04,1934,7,187,27,0.233026321440243,18.959343101138074,0.007029623236611,0.48,3,Normal,54,13,14,19,117,217.0,0.080457863661586,2480.0639055583683,1100.0,,4,275.0,275.0,275.0,275.0,1380.0639055583683,46.0,5.0,11.0,60.99999999999999,1257.0639055583683,100.0,18.0,25.0,80.0,1374.0639055583683,1243.0,990.0,972.7825680478996,17.21743195210047,0.9262894125183112,0.48,988.5937105874816,0.5349,0.5349,0.5349,0.5349,15.276242539582192,15.276242539582192,15.276242539582192,15.276242539582192,,0.9160969830465504,0.9160969830465504,0.9160969830465504,0.9160969830465504,37.74238941356651,37.74238941356651,37.74238941356651,37.74238941356651,0.7686841021092975,0.7686841021092975,0.7686841021092975,0.7686841021092975,0.97,0.97,0.97,0.97,36.61011773115951,36.61011773115951,36.61011773115951,36.61011773115951,146.44047092463805,3514.5713021913134,0.0542962555031934,3.697991690016113e-05,0.11
1935-04-06,1935-04-17,2615.179,1.0214997490135054,2671.4046921253907,0.111,1935,4,6,1935.04,1934,7,188,27,0.2308093653996337,25.659213432977594,0.0096051390149213,0.48,3,Normal,54,13,14,19,117,217.0,0.0812306726268991,2454.4046921253907,1100.0,,4,275.0,275.0,275.0,275.0,1354.4046921253907,46.0,5.0,11.0,60.99999999999999,1231.4046921253907,100.0,18.0,25.0,80.0,1348.4046921253907,1243.0,990.0,972.7206320154752,17.279367984524924,0.9262894125183112,0.48,988.5937105874816,0.5349,0.5349,0.5349,0.5349,15.338178572006647,15.338178572006647,15.338178572006647,15.338178572006647,,0.9167566017918708,0.9167566017918708,0.9167566017918708,0.9167566017918708,37.92269813588934,37.92269813588934,37.92269813588934,37.92269813588934,0.7723563775130212,0.7723563775130212,0.7723563775130212,0.7723563775130212,0.97,0.97,0.97,0.97,36.78501719181266,36.78501719181266,36.78501719181266,36.78501719181266,147.14006876725065,3531.3616504140155,0.0550796624715759,3.715658302203299e-05,0.11
1935-04-07,1935-04-18,2570.8598,1.0179079879576662,2616.898726339248,0.115,1935,4,7,1935.04,1934,7,189,27,0.226100049955711,54.5059657861425,0.0208284582194704,0.48,3,Normal,54,13,14,19,117,217.0,0.082922582297848,2399.898726339248,1100.0,,4,275.0,275.0,275.0,275.0,1299.8987263392478,46.0,5.0,11.0,61.0,1176.898726339248,100.0,18.0,25.0,80.0,1293.898726339248,1243.0,990.0,972.5890658911636,17.410934108836273,0.9262894125183112,0.48,988.5937105874816,0.5349,0.5349,0.5349,0.5349,15.469744696317996,15.469744696317996,15.469744696317996,15.469744696317996,,0.9181577810157866,0.9181577810157866,0.9181577810157866,0.9181577810157866,38.30644581887789,38.30644581887789,38.30644581887789,38.30644581887789,0.7801720126044377,0.7801720126044377,0.7801720126044377,0.7801720126044377,0.97,0.97,0.97,0.97,37.15725244431155,37.15725244431155,37.15725244431155,37.15725244431155,148.6290097772462,3567.096234653909,0.0567958585027712,3.753257822657733e-05,0.115
1935-04-08,1935-04-19,2556.1926,1.0139677253419703,2591.896796157977,0.117,1935,4,8,1935.04,1934,7,190,28,0.2239398831880492,25.00193018127129,0.0096461904726809,0.48,3,Normal,54,13,14,19,117,217.0,0.0837224693211796,2374.896796157977,1100.0,,4,275.0,275.0,275.0,275.0,1274.896796157977,46.0,5.0,11.0,61.0,1151.8967961579772,100.0,18.0,25.0,80.0,1268.8967961579772,1243.0,990.0,972.5287164045192,17.471283595480713,0.9262894125183112,0.48,988.5937105874816,0.5349,0.5349,0.5349,0.5349,15.530094182962436,15.530094182962436,15.530094182962436,15.530094182962436,,0.91880050304855,0.91880050304855,0.91880050304855,0.91880050304855,38.482803851853,38.482803851853,38.482803851853,38.482803851853,0.7837638259033197,0.7837638259033197,0.7837638259033197,0.7837638259033197,0.97,0.97,0.97,0.97,37.32831973629741,37.32831973629741,37.32831973629741,37.32831973629741,149.31327894518964,3583.5186946845515,0.0576077254181261,3.770537347100749e-05,0.115
1935-04-09,1935-04-20,2541.5783,1.0133665021153897,2575.550311723379,0.118,1935,4,9,1935.04,1934,7,191,28,0.2225275469328999,16.346484434598096,0.0063467929009937,0.48,3,Normal,54,13,14,19,117,217.0,0.0842538384951209,2358.550311723379,1100.0,,4,275.0,275.0,275.0,275.0,1258.5503117233789,46.0,5.0,11.0,61.000000000000014,1135.5503117233789,100.0,18.0,25.0,80.0,1252.5503117233789,1243.0,990.0,972.4892593731254,17.51074062687462,0.9262894125183112,0.48,988.5937105874816,0.5349,0.5349,0.5349,0.5349,15.569551214356345,15.569551214356345,15.569551214356345,15.569551214356345,,0.919220720432895,0.919220720432895,0.919220720432895,0.919220720432895,38.598221414013466,38.598221414013466,38.598221414013466,38.598221414013466,0.7861144890837772,0.7861144890837772,0.7861144890837772,0.7861144890837772,0.97,0.97,0.97,0.97,37.44027477159306,37.44027477159306,37.44027477159306,37.44027477159306,149.76109908637224,3594.266378072933,0.0581472232961982,3.781845936524551e-05,0.12
1935-04-10,1935-04-21,2527.0168,1.0161275825449274,2567.771472034419,0.119,1935,4,10,1935.04,1934,7,192,28,0.2218554551837738,7.7788396889600335,0.0030294127704429,0.48,3,Normal,54,13,14,19,117,217.0,0.0845090781494169,2350.771472034419,1100.0,,4,275.0,275.0,275.0,275.0,1250.7714720344188,46.0,5.0,11.0,61.000000000000014,1127.7714720344188,100.0,18.0,25.0,80.0,1244.7714720344188,1243.0,990.0,972.4704828635314,17.5295171364686,0.9262894125183112,0.48,988.5937105874816,0.5349,0.5349,0.5349,0.5349,15.588327723950322,15.588327723950322,15.588327723950322,15.588327723950322,,0.9194206902600708,0.9194206902600708,0.9194206902600708,0.9194206902600708,38.65317684436336,38.65317684436336,38.65317684436336,38.65317684436336,0.7872337442843861,0.7872337442843861,0.7872337442843861,0.7872337442843861,0.97,0.97,0.97,0.97,37.493581539032455,37.493581539032455,37.493581539032455,37.493581539032455,149.97432615612982,3599.383827747116,0.0584064149748134,3.787230458488127e-05,0.12
1935-04-11,1935-04-22,2454.9977,1.0134122837316493,2487.9248257129457,0.126,1935,4,11,1935.04,1934,7,193,28,0.2149567049415985,79.84664632147314,0.0320936732075866,0.61,3,Normal,54,13,14,19,117,217.0,0.0872212848866186,2270.9248257129457,1100.0,,4,275.0,275.0,275.0,275.0,1170.9248257129457,46.0,5.0,11.0,61.0,1047.9248257129457,100.0,18.0,25.0,80.0,1164.9248257129457,1243.0,990.0,972.2777495793072,17.72225042069283,0.9262894125183112,0.48,988.5937105874816,0.5349,0.5349,0.5349,0.5349,15.781061008174554,15.781061008174554,15.781061008174554,15.781061008174554,,0.9214732997370588,0.9214732997370588,0.9214732997370588,0.9214732997370588,39.218443000566495,39.218443000566495,39.218443000566495,39.218443000566495,0.7987462932905599,0.7987462932905599,0.7987462932905599,0.7987462932905599,0.97,0.97,0.97,0.97,38.0418897105495,38.0418897105495,38.0418897105495,38.0418897105495,152.167558842198,3652.021412212752,0.0611624423975883,3.842615122277727e-05,0.125
1935-04-12,1935-04-23,2426.5566,1.0097146303051494,2450.1297002835204,0.128,1935,4,12,1935.04,1934,7,194,28,0.2116912061044961,37.7951254294253,0.0154257651850233,0.61,3,Normal,54,13,14,19,117,217.0,0.0885667399464157,2233.1297002835204,1100.0,,4,275.0,275.0,275.0,275.0,1133.1297002835204,46.0,5.0,11.0,61.0,1010.1297002835204,100.0,18.0,25.0,80.0,1127.1297002835204,1243.0,990.0,972.1865199662016,17.81348003379844,0.9262894125183112,0.48,988.5937105874816,0.5349,0.5349,0.5349,0.5349,15.872290621280165,15.872290621280165,15.872290621280165,15.872290621280165,,0.9224448951166336,0.9224448951166336,0.9224448951166336,0.9224448951166336,39.486753798707205,39.486753798707205,39.486753798707205,39.486753798707205,0.8042108716640979,0.8042108716640979,0.8042108716640979,0.8042108716640979,0.9704210871664096,0.9704210871664096,0.9704210871664096,0.9704210871664096,38.3187785500138,38.3187785500138,38.3187785500138,38.3187785500138,153.2751142000552,3678.602740801325,0.0625579593530574,3.870583691920586e-05,0.13
1935-04-13,1935-04-24,2398.3241,1.0053053197487325,2411.0479762115906,0.131,1935,4,13,1935.04,1934,7,195,28,0.2083145451446814,39.08172407192978,0.0162094344274881,0.61,3,Normal,54,13,14,19,117,217.0,0.0900023567100335,2194.0479762115906,1100.0,,4,275.0,275.0,275.0,275.0,1094.0479762115906,46.0,5.0,11.0,61.0,971.0479762115904,100.0,18.0,25.0,80.0,1088.0479762115906,1243.0,990.0,972.092184770166,17.907815229834114,0.9262894125183112,0.48,988.5937105874816,0.5349,0.5349,0.5349,0.5349,15.966625817315837,15.966625817315837,15.966625817315837,15.966625817315837,,0.9234495649544135,0.9234495649544135,0.9234495649544135,0.9234495649544135,39.764701063971565,39.764701063971565,39.764701063971565,39.764701063971565,0.8098717120971806,0.8098717120971806,0.8098717120971806,0.8098717120971806,0.970987171209718,0.970987171209718,0.970987171209718,0.970987171209718,38.61101460010581,38.61101460010581,38.61101460010581,38.61101460010581,154.44405840042324,3706.6574016101576,0.0640568167553002,3.9001024848591726e-05,0.13
1935-04-14,1935-04-25,2342.4819,1.0013569424535649,2345.660513136817,0.138,1935,4,14,1935.04,1934,7,196,28,0.2026650683350209,65.38746307477368,0.0278759277860426,0.61,3,Normal,54,13,14,19,117,217.0,0.092511255906256,2128.660513136817,1100.0,,4,275.0,275.0,275.0,275.0,1028.660513136817,45.99999999999997,4.999999999999993,11.0,61.0,905.6605131368168,100.0,18.0,25.0,80.0,1022.6605131368168,1243.0,990.0,971.934352962744,18.065647037255985,0.9262894125183112,0.48,988.5937105874816,0.5349,0.5349,0.5349,0.5349,16.12445762473771,16.12445762473771,16.12445762473771,16.12445762473771,,0.9244247989711938,0.9244247989711938,0.9244247989711938,0.9244247989711938,40.20018911036579,40.20018911036579,40.20018911036579,40.20018911036579,0.8187411224107085,0.8187411224107085,0.8187411224107085,0.8187411224107085,0.9718741122410708,0.9718741122410708,0.9718741122410708,0.9718741122410708,39.06952310355992,39.06952310355992,39.06952310355992,39.06952310355992,156.2780924142397,3750.674217941752,0.066624343778227,3.946416475107062e-05,0.14
1935-04-15,1935-04-26,2301.1428,1.0040153765184947,2310.3827547648234,0.142,1935,4,15,1935.04,1934,7,197,29,0.1996170700116807,35.27775837199352,0.0152692268409805,0.61,3,Normal,54,13,14,19,117,217.0,0.0939238312580326,2093.3827547648234,1100.0,,4,275.0,275.0,275.0,275.0,993.3827547648234,46.0,5.000000000000007,11.0,61.0,870.3827547648234,100.0,18.0,25.0,80.0,987.3827547648234,1243.0,990.0,971.8491997528806,18.150800247119378,0.9262894125183112,0.48,988.5937105874816,0.5349,0.5349,0.5349,0.5349,16.2096108346011,16.2096108346011,16.2096108346011,16.2096108346011,,0.9248488619563136,0.9248488619563136,0.9248488619563136,0.9248488619563136,40.4310246718807,40.4310246718807,40.4310246718807,40.4310246718807,0.823442457675778,0.823442457675778,0.823442457675778,0.823442457675778,0.9723442457675776,0.9723442457675776,0.9723442457675776,0.9723442457675776,39.312874190190165,39.312874190190165,39.312874190190165,39.312874190190165,157.25149676076066,3774.035922258256,0.0680629633494505,3.9709973929485015e-05,0.14
1935-04-16,1935-04-27,2233.2716,1.0124644434742982,2261.108087620956,0.148,1935,4,16,1935.04,1934,7,198,29,0.1953597387704506,49.27466714386719,0.0217922652232481,0.61,3,Normal,54,13,14,19,117,217.0,0.0959706442995913,2044.108087620956,1100.0,,4,275.0,275.0,275.0,275.0,944.1080876209562,46.00000000000003,5.000000000000007,11.0,61.0,821.1080876209562,100.0,18.0,25.0,80.0,938.1080876209562,1243.0,990.0,971.730260901154,18.269739098846003,0.9262894125183112,0.48,988.5937105874816,0.5349,0.5349,0.5349,0.5349,16.328549686327726,16.328549686327726,16.328549686327726,16.328549686327726,,0.925441177437912,0.925441177437912,0.925441177437912,0.925441177437912,40.753773264958376,40.753773264958376,40.753773264958376,40.753773264958376,0.8300157487771563,0.8300157487771563,0.8300157487771563,0.8300157487771563,0.9730015748777155,0.9730015748777155,0.9730015748777155,0.9730015748777155,39.653485569013846,39.653485569013846,39.653485569013846,39.653485569013846,158.61394227605538,3806.7346146253294,0.0701487660605125,4.005402582728671e-05,0.15
1935-04-17,1935-04-28,2193.1616,1.0110393405717577,2217.372657831301,0.154,1935,4,17,1935.04,1934,7,199,29,0.1915809976366244,43.73542978965543,0.0197239871409034,0.61,3,Normal,54,13,14,19,117,217.0,0.0978635680536607,2000.3726578313008,1100.0,,4,275.0,275.0,275.0,275.0,900.3726578313008,46.00000000000003,5.0,10.999999999999991,61.0,777.3726578313007,100.0,18.0,25.0,80.0,894.3726578313007,1243.0,990.0,971.6246926223514,18.3753073776486,0.9262894125183112,0.48,988.5937105874816,0.5349,0.5349,0.5349,0.5349,16.43411796513032,16.43411796513032,16.43411796513032,16.43411796513032,,0.9259669074663488,0.9259669074663488,0.9259669074663488,0.9259669074663488,41.04055822724167,41.04055822724167,41.04055822724167,41.04055822724167,0.8358565830395451,0.8358565830395451,0.8358565830395451,0.8358565830395451,0.9735856583039544,0.9735856583039544,0.9735856583039544,0.9735856583039544,39.95649889883086,39.95649889883086,39.95649889883086,39.95649889883086,159.82599559532343,3835.8238942877615,0.0720789962980968,4.036009989780895e-05,0.155
1935-04-18,1935-04-29,2127.3261,1.0131069972131326,2155.2089572641244,0.16,1935,4,18,1935.04,1934,7,200,29,0.1862100539076203,62.16370056717642,0.0288434679884072,0.61,3,Normal,54,13,14,19,117,217.0,0.1006862927460477,1938.2089572641244,1100.0,,4,275.0,275.0,275.0,275.0,838.2089572641244,46.0,5.0,11.0,61.0,715.2089572641244,100.0,18.0,25.0,80.0,832.2089572641244,1243.0,990.0,971.4746423106376,18.52535768936241,0.9262894125183112,0.48,988.5937105874816,0.5349,0.5349,0.5349,0.5349,16.58416827684413,16.58416827684413,16.58416827684413,16.58416827684413,,0.9267141580186836,0.9267141580186836,0.9267141580186836,0.9267141580186836,41.44869745730567,41.44869745730567,41.44869745730567,41.44869745730567,0.8441689909838221,0.8441689909838221,0.8441689909838221,0.8441689909838221,0.974416899098382,0.974416899098382,0.974416899098382,0.974416899098382,40.38831124801479,40.38831124801479,40.38831124801479,40.38831124801479,161.55324499205915,3877.27787980942,0.0749594346513568,4.079627398789373e-05,0.16
1935-04-19,1935-04-30,2075.5648,1.01276353090847,2102.056335477332,0.166,1935,4,19,1935.04,1934,7,201,29,0.1816176673852414,53.15262178679268,0.0252860120300833,0.61,3,Normal,54,13,14,19,117,217.0,0.1032322475556888,1885.056335477332,1100.0,,4,275.0,275.0,275.0,275.0,785.0563354773321,46.0,5.0,11.0,61.0,662.0563354773321,100.0,18.0,25.0,80.0,779.0563354773321,1243.0,990.0,971.3463428787384,18.65365712126163,0.9262894125183112,0.48,988.5937105874816,0.5349,0.5349,0.5349,0.5349,16.712467708743354,16.712467708743354,16.712467708743354,16.712467708743354,,0.9273530891895418,0.9273530891895418,0.9273530891895418,0.9273530891895418,41.79815358995128,41.79815358995128,41.79815358995128,41.79815358995128,0.8512862238279282,0.8512862238279282,0.8512862238279282,0.8512862238279282,0.9751286223827929,0.9751286223827929,0.9751286223827929,0.9751286223827929,40.75857592831357,40.75857592831357,40.75857592831357,40.75857592831357,163.03430371325427,3912.8232891181024,0.0775594359492904,4.117027871546825e-05,0.165
1935-04-20,1935-05-01,2037.2697,1.0148234027606982,2067.468969295266,0.17,1935,4,20,1935.04,1934,7,202,29,0.1786293189471109,34.58736618206558,0.0167293278379192,0.61,3,Normal,54,13,14,19,117,217.0,0.1049592536684932,1850.468969295266,1100.0,,4,275.0,275.0,275.0,275.0,750.4689692952661,46.0,5.0,11.0,61.0,627.4689692952661,100.0,18.0,25.0,80.0,744.4689692952661,1243.0,990.0,971.2628561327816,18.737143867218265,0.9262894125183112,0.48,988.5937105874816,0.5349,0.5349,0.5349,0.5349,16.795954454699988,16.795954454699988,16.795954454699988,16.795954454699988,,0.927768853184406,0.927768853184406,0.927768853184406,0.927768853184406,42.02578844930464,42.02578844930464,42.02578844930464,42.02578844930464,0.8559223716762655,0.8559223716762655,0.8559223716762655,0.8559223716762655,0.9755922371676266,0.9755922371676266,0.9755922371676266,0.9755922371676266,41.00003297199051,41.00003297199051,41.00003297199051,41.00003297199051,164.00013188796203,3936.0031653110887,0.0793241080391472,4.141417471918233e-05,0.17
1935-04-21,1935-05-02,2037.2697,1.0148234027606982,2067.468969295266,0.17,1935,4,21,1935.04,1934,7,203,29,0.1786293189471109,0.0,0.0,0.73,4,Mod_Dry,45,11,10,10,72,148.0,0.0715851131010921,1919.468969295266,1100.0,,4,275.0,275.0,275.0,275.0,819.4689692952661,55.00000000000003,6.999999999999993,15.0,55.36952495238285,687.0994443428833,100.0,18.0,25.0,65.36952495238285,759.0994443428833,1243.0,990.0,971.2628561327816,18.737143867218265,0.9262894125183112,0.48,988.5937105874816,0.5349,0.5349,0.5349,0.5349,16.795954454699988,16.795954454699988,16.795954454699988,16.795954454699988,,0.927768853184406,0.927768853184406,0.927768853184406,0.927768853184406,42.02578844930464,42.02578844930464,42.02578844930464,42.02578844930464,0.8559223716762655,0.8559223716762655,0.8559223716762655,0.8559223716762655,0.9755922371676266,0.9755922371676266,0.9755922371676266,0.9755922371676266,41.00003297199051,41.00003297199051,41.00003297199051,41.00003297199051,164.00013188796203,3936.0031653110887,0.0793241080391472,4.141417471918233e-05,0.17
1935-04-22,1935-05-03,2037.2697,1.0148234027606982,2067.468969295266,0.17,1935,4,22,1935.04,1934,7,204,30,0.1786293189471109,0.0,0.0,0.73,4,Mod_Dry,45,11,10,10,72,148.0,0.0715851131010921,1919.468969295266,1100.0,,4,275.0,275.0,275.0,275.0,819.4689692952661,55.00000000000003,6.999999999999993,15.0,55.36952495238285,687.0994443428833,100.0,18.0,25.0,65.36952495238285,759.0994443428833,1243.0,990.0,971.2628561327816,18.737143867218265,0.9262894125183112,0.48,988.5937105874816,0.5349,0.5349,0.5349,0.5349,16.795954454699988,16.795954454699988,16.795954454699988,16.795954454699988,,0.927768853184406,0.927768853184406,0.927768853184406,0.927768853184406,42.02578844930464,42.02578844930464,42.02578844930464,42.02578844930464,0.8559223716762655,0.8559223716762655,0.8559223716762655,0.8559223716762655,0.9755922371676266,0.9755922371676266,0.9755922371676266,0.9755922371676266,41.00003297199051,41.00003297199051,41.00003297199051,41.00003297199051,164.00013188796203,3936.0031653110887,0.0793241080391472,4.141417471918233e-05,0.17
1935-04-23,1935-05-04,2024.6043,1.0084233130046596,2041.65817572948,0.172,1935,4,23,1935.04,1934,7,205,30,0.176399266383027,25.81079356578607,0.0126420739145346,0.73,4,Mod_Dry,45,11,10,10,72,148.0,0.0724900973920964,1893.65817572948,1100.0,,4,275.0,275.0,275.0,275.0,793.65817572948,55.0,7.0,15.0,53.62555241415406,663.0326233153261,100.0,18.0,25.0,63.62555241415406,735.0326233153261,1243.0,990.0,971.200554217278,18.79944578272193,0.9262894125183112,0.48,988.5937105874816,0.5349,0.5349,0.5349,0.5349,16.858256370203655,16.858256370203655,16.858256370203655,16.858256370203655,,0.9280791167236142,0.9280791167236142,0.9280791167236142,0.9280791167236142,42.19578276633541,42.19578276633541,42.19578276633541,42.19578276633541,0.8593845777257721,0.8593845777257721,0.8593845777257721,0.8593845777257721,0.9759384577725772,0.9759384577725772,0.9759384577725772,0.9759384577725772,41.18048715748407,41.18048715748407,41.18048715748407,41.18048715748407,164.7219486299363,3953.3267671184713,0.0806804736405404,4.159645167422634e-05,0.17
1935-04-24,1935-05-05,1986.9064,1.008700287979832,2004.1930578689712,0.176,1935,4,24,1935.04,1934,7,206,30,0.1731622801998791,37.465117860508826,0.0186933677438963,0.73,4,Mod_Dry,45,11,10,10,72,148.0,0.0738451814404377,1856.1930578689712,1100.0,,4,275.0,275.0,275.0,275.0,756.1930578689712,55.0,6.999999999999993,15.0,51.09412553168725,628.098932337284,100.0,18.0,25.0,61.09412553168725,700.098932337284,1243.0,990.0,971.1101211741664,18.88987882583353,0.9262894125183112,0.48,988.5937105874816,0.5349,0.5349,0.5349,0.5349,16.948689413315257,16.948689413315257,16.948689413315257,16.948689413315257,,0.92852947327831,0.92852947327831,0.92852947327831,0.92852947327831,42.44271997329496,42.44271997329496,42.44271997329496,42.44271997329496,0.8644138487432781,0.8644138487432781,0.8644138487432781,0.8644138487432781,0.9764413848743276,0.9764413848743276,0.9764413848743276,0.9764413848743276,41.44282826855742,41.44282826855742,41.44282826855742,41.44282826855742,165.77131307422968,3978.511513781512,0.0827122479161223,4.186144269551254e-05,0.175
1935-04-25,1935-05-06,1986.9064,1.008700287979832,2004.1930578689712,0.176,1935,4,25,1935.04,1934,7,207,30,0.1731622801998791,0.0,0.0,0.73,4,Mod_Dry,45,11,10,10,72,148.0,0.0738451814404377,1856.1930578689712,1100.0,,4,275.0,275.0,275.0,275.0,756.1930578689712,55.0,6.999999999999993,15.0,51.09412553168725,628.098932337284,100.0,18.0,25.0,61.09412553168725,700.098932337284,1243.0,990.0,971.1101211741664,18.88987882583353,0.9262894125183112,0.48,988.5937105874816,0.5349,0.5349,0.5349,0.5349,16.948689413315257,16.948689413315257,16.948689413315257,16.948689413315257,,0.92852947327831,0.92852947327831,0.92852947327831,0.92852947327831,42.44271997329496,42.44271997329496,42.44271997329496,42.44271997329496,0.8644138487432781,0.8644138487432781,0.8644138487432781,0.8644138487432781,0.9764413848743276,0.9764413848743276,0.9764413848743276,0.9764413848743276,41.44282826855742,41.44282826855742,41.44282826855742,41.44282826855742,165.77131307422968,3978.511513781512,0.0827122479161223,4.186144269551254e-05,0.175
1935-04-26,1935-05-07,1986.9064,1.008700287979832,2004.1930578689712,0.176,1935,4,26,1935.04,1934,7,208,30,0.1731622801998791,0.0,0.0,0.73,4,Mod_Dry,45,11,10,10,72,148.0,0.0738451814404377,1856.1930578689712,1100.0,,4,275.0,275.0,275.0,275.0,756.1930578689712,55.0,6.999999999999993,15.0,51.09412553168725,628.098932337284,100.0,18.0,25.0,61.09412553168725,700.098932337284,1243.0,990.0,971.1101211741664,18.88987882583353,0.9262894125183112,0.48,988.5937105874816,0.5349,0.5349,0.5349,0.5349,16.948689413315257,16.948689413315257,16.948689413315257,16.948689413315257,,0.92852947327831,0.92852947327831,0.92852947327831,0.92852947327831,42.44271997329496,42.44271997329496,42.44271997329496,42.44271997329496,0.8644138487432781,0.8644138487432781,0.8644138487432781,0.8644138487432781,0.9764413848743276,0.9764413848743276,0.9764413848743276,0.9764413848743276,41.44282826855742,41.44282826855742,41.44282826855742,41.44282826855742,165.77131307422968,3978.511513781512,0.0827122479161223,4.186144269551254e-05,0.175
1935-04-27,1935-05-08,1962.022,1.0050074595714835,1971.8467458433613,0.179,1935,4,27,1935.04,1934,7,209,30,0.1703675588408663,32.346312025609905,0.0164040699886011,0.73,4,Mod_Dry,45,11,10,10,72,148.0,0.0750565429651076,1823.8467458433613,1100.0,,4,275.0,275.0,275.0,275.0,723.8467458433613,54.99999999999997,6.999999999999993,15.0,48.908563908335225,597.9381819350263,100.0,18.0,25.0,58.908563908335225,669.9381819350263,1243.0,990.0,971.0090433327248,18.990956667275327,0.9262894125183112,0.48,988.5937105874816,0.5349,0.5349,0.5349,0.5349,17.04976725475705,17.04976725475705,17.04976725475705,17.04976725475705,,0.9290405548531774,0.9290405548531774,0.9290405548531774,0.9290405548531774,42.71933864303224,42.71933864303224,42.71933864303224,42.71933864303224,0.8700476302043225,0.8700476302043225,0.8700476302043225,0.8700476302043225,0.9770047630204324,0.9770047630204324,0.9770047630204324,0.9770047630204324,41.736997327325305,41.736997327325305,41.736997327325305,41.736997327325305,166.94798930930122,4006.7517434232295,0.0846658035981885,4.215858315891445e-05,0.18
1935-04-28,1935-05-09,1962.022,1.0050074595714835,1971.8467458433613,0.179,1935,4,28,1935.04,1934,7,210,30,0.1703675588408663,0.0,0.0,0.73,4,Mod_Dry,45,11,10,10,72,148.0,0.0750565429651076,1823.8467458433613,1100.0,,4,275.0,275.0,275.0,275.0,723.8467458433613,54.99999999999997,6.999999999999993,15.0,48.908563908335225,597.9381819350263,100.0,18.0,25.0,58.908563908335225,669.9381819350263,1243.0,990.0,971.0090433327248,18.990956667275327,0.9262894125183112,0.48,988.5937105874816,0.5349,0.5349,0.5349,0.5349,17.04976725475705,17.04976725475705,17.04976725475705,17.04976725475705,,0.9290405548531774,0.9290405548531774,0.9290405548531774,0.9290405548531774,42.71933864303224,42.71933864303224,42.71933864303224,42.71933864303224,0.8700476302043225,0.8700476302043225,0.8700476302043225,0.8700476302043225,0.9770047630204324,0.9770047630204324,0.9770047630204324,0.9770047630204324,41.736997327325305,41.736997327325305,41.736997327325305,41.736997327325305,166.94798930930122,4006.7517434232295,0.0846658035981885,4.215858315891445e-05,0.18
1935-04-29,1935-05-10,1962.022,1.0050074595714835,1971.8467458433613,0.179,1935,4,29,1935.04,1934,7,211,31,0.1703675588408663,0.0,0.0,0.73,4,Mod_Dry,45,11,10,10,72,148.0,0.0750565429651076,1823.8467458433613,1100.0,,4,275.0,275.0,275.0,275.0,723.8467458433613,54.99999999999997,6.999999999999993,15.0,48.908563908335225,597.9381819350263,100.0,18.0,25.0,58.908563908335225,669.9381819350263,1243.0,990.0,971.0090433327248,18.990956667275327,0.9262894125183112,0.48,988.5937105874816,0.5349,0.5349,0.5349,0.5349,17.04976725475705,17.04976725475705,17.04976725475705,17.04976725475705,,0.9290405548531774,0.9290405548531774,0.9290405548531774,0.9290405548531774,42.71933864303224,42.71933864303224,42.71933864303224,42.71933864303224,0.8700476302043225,0.8700476302043225,0.8700476302043225,0.8700476302043225,0.9770047630204324,0.9770047630204324,0.9770047630204324,0.9770047630204324,41.736997327325305,41.736997327325305,41.736997327325305,41.736997327325305,166.94798930930122,4006.7517434232295,0.0846658035981885,4.215858315891445e-05,0.18
1935-04-30,1935-05-11,1937.3349,1.0078456066936932,1952.5344676593647,0.182,1935,4,30,1935.04,1934,7,212,31,0.1686989780057691,19.31227818399612,0.0098908769621603,0.73,4,Mod_Dry,45,11,10,10,72,148.0,0.0757989179967806,1804.5344676593647,1100.0,,4,275.0,275.0,275.0,275.0,704.5344676593647,55.0,7.0,15.0,47.60368024725437,579.9307874121104,100.0,18.0,25.0,57.60368024725437,651.9307874121104,1243.0,990.0,970.9466498185918,19.053350181408177,0.9262894125183112,0.48,988.5937105874816,0.5349,0.5349,0.5349,0.5349,17.1121607688899,17.1121607688899,17.1121607688899,17.1121607688899,,0.9293609455482496,0.9293609455482496,0.9293609455482496,0.9293609455482496,42.89045597448777,42.89045597448777,42.89045597448777,42.89045597448777,0.8735327082380401,0.8735327082380401,0.8735327082380401,0.8735327082380401,0.977353270823804,0.977353270823804,0.977353270823804,0.977353270823804,41.91912743378999,41.91912743378999,41.91912743378999,41.91912743378999,167.67650973515995,4024.236233643839,0.0858763379148769,4.234255296342423e-05,0.18
1935-05-01,1935-05-12,1937.3349,1.0078456066936932,1952.5344676593647,0.182,1935,5,1,1935.05,1934,8,213,31,0.1686989780057691,0.0,0.0,0.74,4,Mod_Dry,47,10,10,10,115,192.0,0.098333731455283,1760.5344676593647,1100.0,,4,275.0,275.0,275.0,275.0,660.5344676593647,53.0,8.0,15.0,34.402836857258585,550.1316308021061,100.0,18.0,25.0,44.402836857258585,665.1316308021061,1243.0,990.0,970.9466498185918,19.053350181408177,0.9262894125183112,0.48,988.5937105874816,0.5349,0.5349,0.5349,0.5349,17.1121607688899,17.1121607688899,17.1121607688899,17.1121607688899,,0.9293609455482496,0.9293609455482496,0.9293609455482496,0.9293609455482496,42.89045597448777,42.89045597448777,42.89045597448777,42.89045597448777,0.8735327082380401,0.8735327082380401,0.8735327082380401,0.8735327082380401,0.977353270823804,0.977353270823804,0.977353270823804,0.977353270823804,41.91912743378999,41.91912743378999,41.91912743378999,41.91912743378999,167.67650973515995,4024.236233643839,0.0858763379148769,4.234255296342423e-05,0.18
1935-05-02,1935-05-13,1937.3349,1.0078456066936932,1952.5344676593647,0.182,1935,5,2,1935.05,1934,8,214,31,0.1686989780057691,0.0,0.0,0.74,4,Mod_Dry,47,10,10,10,115,192.0,0.098333731455283,1760.5344676593647,1100.0,,4,275.0,275.0,275.0,275.0,660.5344676593647,53.0,8.0,15.0,34.402836857258585,550.1316308021061,100.0,18.0,25.0,44.402836857258585,665.1316308021061,1243.0,990.0,970.9466498185918,19.053350181408177,0.9262894125183112,0.48,988.5937105874816,0.5349,0.5349,0.5349,0.5349,17.1121607688899,17.1121607688899,17.1121607688899,17.1121607688899,,0.9293609455482496,0.9293609455482496,0.9293609455482496,0.9293609455482496,42.89045597448777,42.89045597448777,42.89045597448777,42.89045597448777,0.8735327082380401,0.8735327082380401,0.8735327082380401,0.8735327082380401,0.977353270823804,0.977353270823804,0.977353270823804,0.977353270823804,41.91912743378999,41.91912743378999,41.91912743378999,41.91912743378999,167.67650973515995,4024.236233643839,0.0858763379148769,4.234255296342423e-05,0.18
1935-05-03,1935-05-14,1912.8444,1.0019327227762016,1916.5413979392097,0.185,1935,5,3,1935.05,1934,8,215,31,0.1655891767819477,35.993069720155525,0.0187802203275429,0.74,4,Mod_Dry,47,10,10,10,115,192.0,0.1001804605976426,1724.5413979392097,1100.0,,4,275.0,275.0,275.0,275.0,624.5413979392097,53.0,8.0,15.0,32.52819780933384,516.0132001298758,100.0,18.0,25.0,42.52819780933384,631.0132001298758,1243.0,990.0,970.830364516419,19.169635483581036,0.9262894125183112,0.48,988.5937105874816,0.5349,0.5349,0.5349,0.5349,17.228446071062756,17.228446071062756,17.228446071062756,17.228446071062756,,0.9299580705749072,0.9299580705749072,0.9299580705749072,0.9299580705749072,43.20966197489292,43.20966197489292,43.20966197489292,43.20966197489292,0.8800338487758231,0.8800338487758231,0.8800338487758231,0.8800338487758231,0.9780033848775824,0.9780033848775824,0.9780033848775824,0.9780033848775824,42.25919567086143,42.25919567086143,42.25919567086143,42.25919567086143,169.03678268344572,4056.882784402697,0.0881988684748501,4.2686056233193365e-05,0.185
1935-05-04,1935-05-15,1888.5499,0.9960254141200148,1881.0436962338129,0.188,1935,5,4,1935.05,1934,8,216,31,0.1625221753546014,35.49770170539682,0.0188712796924758,0.74,4,Mod_Dry,47,10,10,10,115,192.0,0.1020709940893018,1689.0436962338129,1100.0,,4,275.0,275.0,275.0,275.0,589.0436962338129,53.0,8.0,15.0,30.67935917884442,482.3643370549685,100.0,18.0,25.0,40.67935917884442,597.3643370549685,1243.0,990.0,970.7156796339862,19.284320366013844,0.9262894125183112,0.48,988.5937105874816,0.5349,0.5349,0.5349,0.5349,17.343130953495567,17.343130953495567,17.343130953495567,17.343130953495567,,0.9305469774461996,0.9305469774461996,0.9305469774461996,0.9305469774461996,43.52484162162183,43.52484162162183,43.52484162162183,43.52484162162183,0.886452986183744,0.886452986183744,0.886452986183744,0.886452986183744,0.9786452986183743,0.9786452986183743,0.9786452986183743,0.9786452986183743,42.59538162610955,42.59538162610955,42.59538162610955,42.59538162610955,170.3815265044382,4089.156636106517,0.0905781863789621,4.302563800617127e-05,0.19
1935-05-05,1935-05-16,1864.4507,0.9977817706837708,1860.314920798596,0.19,1935,5,5,1935.05,1934,8,217,31,0.1607312091569987,20.728775435216907,0.0111426163406346,0.74,4,Mod_Dry,47,10,10,10,115,192.0,0.1032083320159461,1668.314920798596,1100.0,,4,275.0,275.0,275.0,275.0,568.314920798596,53.0,8.0,15.0,29.59973545826021,462.71518534033584,100.0,18.0,25.0,39.599735458260206,577.7151853403359,1243.0,990.0,970.6487097441186,19.351290255881395,0.9262894125183112,0.48,988.5937105874816,0.5349,0.5349,0.5349,0.5349,17.410100843363118,17.410100843363118,17.410100843363118,17.410100843363118,,0.9308908678306697,0.9308908678306697,0.9308908678306697,0.9308908678306697,43.70905829814181,43.70905829814181,43.70905829814181,43.70905829814181,0.8902048533226438,0.8902048533226438,0.8902048533226438,0.8902048533226438,0.9790204853322644,0.9790204853322644,0.9790204853322644,0.9790204853322644,42.79206346846304,42.79206346846304,42.79206346846304,42.79206346846304,171.16825387385214,4108.038092972452,0.0920103644604285,4.3224306533801046e-05,0.19
1935-05-06,1935-05-17,1840.5463,0.9955175444855696,1832.2961330880007,0.193,1935,5,6,1935.05,1934,8,218,32,0.1583103858988032,28.01878771059524,0.0152916262849797,0.74,4,Mod_Dry,47,10,10,10,115,192.0,0.10478655525863,1640.2961330880007,1100.0,,4,275.0,275.0,275.0,275.0,540.2961330880007,53.0,8.0,15.0,28.14042359833337,436.1557094896674,100.0,18.0,25.0,38.14042359833337,551.1557094896674,1243.0,990.0,970.5581875068996,19.441812493100315,0.9262894125183112,0.48,988.5937105874816,0.5349,0.5349,0.5349,0.5349,17.500623080582038,17.500623080582038,17.500623080582038,17.500623080582038,,0.9313556995187888,0.9313556995187888,0.9313556995187888,0.9313556995187888,43.95825876689554,43.95825876689554,43.95825876689554,43.95825876689554,0.8952802192850415,0.8952802192850415,0.8952802192850415,0.8952802192850415,0.979528021928504,0.979528021928504,0.979528021928504,0.979528021928504,43.05834625735851,43.05834625735851,43.05834625735851,43.05834625735851,172.23338502943403,4133.601240706417,0.0939986620717067,4.349327904783688e-05,0.195
1935-05-07,1935-05-18,1828.6668,0.9885857895968824,1807.794012387604,0.195,1935,5,7,1935.05,1934,8,219,32,0.1561934026702889,24.50212070039675,0.0135536020876826,0.74,4,Mod_Dry,47,10,10,10,115,192.0,0.1062067905327445,1615.794012387604,1100.0,,4,275.0,275.0,275.0,275.0,515.794012387604,52.99999999999999,8.0,15.0,26.86427147852104,412.929740909083,100.0,18.0,25.0,36.86427147852104,527.929740909083,1243.0,990.0,970.4790268092522,19.52097319074778,0.9262894125183112,0.48,988.5937105874816,0.5349,0.5349,0.5349,0.5349,17.579783778229505,17.579783778229505,17.579783778229505,17.579783778229505,,0.9317621897012084,0.9317621897012084,0.9317621897012084,0.9317621897012084,44.176367847195,44.176367847195,44.176367847195,44.176367847195,0.8997223594133401,0.8997223594133401,0.8997223594133401,0.8997223594133401,0.979972235941334,0.979972235941334,0.979972235941334,0.979972235941334,43.29161397498254,43.29161397498254,43.29161397498254,43.29161397498254,173.16645589993016,4155.994941598324,0.0957888203596959,4.372890300503287e-05,0.195
1935-05-08,1935-05-19,1828.6668,0.9885857895968824,1807.794012387604,0.195,1935,5,8,1935.05,1934,8,220,32,0.1561934026702889,0.0,0.0,0.74,4,Mod_Dry,47,10,10,10,115,192.0,0.1062067905327445,1615.794012387604,1100.0,,4,275.0,275.0,275.0,275.0,515.794012387604,52.99999999999999,8.0,15.0,26.86427147852104,412.929740909083,100.0,18.0,25.0,36.86427147852104,527.929740909083,1243.0,990.0,970.4790268092522,19.52097319074778,0.9262894125183112,0.48,988.5937105874816,0.5349,0.5349,0.5349,0.5349,17.579783778229505,17.579783778229505,17.579783778229505,17.579783778229505,,0.9317621897012084,0.9317621897012084,0.9317621897012084,0.9317621897012084,44.176367847195,44.176367847195,44.176367847195,44.176367847195,0.8997223594133401,0.8997223594133401,0.8997223594133401,0.8997223594133401,0.979972235941334,0.979972235941334,0.979972235941334,0.979972235941334,43.29161397498254,43.29161397498254,43.29161397498254,43.29161397498254,173.16645589993016,4155.994941598324,0.0957888203596959,4.372890300503287e-05,0.195
1935-05-09,1935-05-20,1816.8359,0.9916635128780744,1801.689870916998,0.196,1935,5,9,1935.05,1934,8,221,32,0.1556660048472286,6.1041414706060095,0.0033880089848644,0.74,4,Mod_Dry,47,10,10,10,115,192.0,0.106566620093323,1609.689870916998,1100.0,,4,275.0,275.0,275.0,275.0,509.689870916998,53.000000000000014,8.0,15.0,26.54634744359365,407.14352347340434,100.0,18.0,25.0,36.546347443593646,522.1435234734043,1243.0,990.0,970.4593057368088,19.5406942631912,0.9262894125183112,0.48,988.5937105874816,0.5349,0.5349,0.5349,0.5349,17.599504850672922,17.599504850672922,17.599504850672922,17.599504850672922,,0.9318634574082054,0.9318634574082054,0.9318634574082054,0.9318634574082054,44.230731728599125,44.230731728599125,44.230731728599125,44.230731728599125,0.9008295667739128,0.9008295667739128,0.9008295667739128,0.9008295667739128,0.98,0.98,0.98,0.98,43.34611709402714,43.34611709402714,43.34611709402714,43.34611709402714,173.38446837610857,4161.227241026606,0.0962343581849976,4.378395666063348e-05,0.195
1935-05-10,1935-05-21,1781.6326,0.9830968663905726,1751.5174261192883,0.201,1935,5,10,1935.05,1934,8,222,32,0.1513311056167065,50.172444797709424,0.0286451302450772,0.74,4,Mod_Dry,47,10,10,10,115,192.0,0.1096192348056739,1559.5174261192883,1100.0,,4,275.0,275.0,275.0,275.0,459.5174261192883,53.0,7.9999999999999964,14.999999999999996,23.933199277046267,359.58422684224206,100.0,18.0,25.0,33.93319927704627,474.58422684224206,1243.0,990.0,970.2972101459238,19.702789854076173,0.9262894125183112,0.48,988.5937105874816,0.5349,0.5349,0.5349,0.5349,17.761600441557896,17.761600441557896,17.761600441557896,17.761600441557896,,0.9326958182673998,0.9326958182673998,0.9326958182673998,0.9326958182673998,44.677978936024,44.677978936024,44.677978936024,44.677978936024,0.909938471202118,0.909938471202118,0.909938471202118,0.909938471202118,0.98,0.98,0.98,0.98,43.78441935730352,43.78441935730352,43.78441935730352,43.78441935730352,175.13767742921408,4203.304258301137,0.0999919697157989,4.42266862194985e-05,0.2
1935-05-11,1935-05-22,1769.9945,0.9864250135611264,1745.9668486656192,0.202,1935,5,11,1935.05,1934,8,223,32,0.1508515357247095,5.550577453669348,0.0031790852489046,0.77,4,Mod_Dry,47,10,10,10,115,192.0,0.1099677236980409,1553.9668486656192,1100.0,,4,275.0,275.0,275.0,275.0,453.9668486656192,53.000000000000014,7.9999999999999964,14.999999999999996,23.644106701334334,354.3227419642849,100.0,18.0,25.0,33.64410670133434,469.3227419642849,1243.0,990.0,970.2792775110736,19.720722488926413,0.9262894125183112,0.48,988.5937105874816,0.5349,0.5349,0.5349,0.5349,17.779533076408136,17.779533076408136,17.779533076408136,17.779533076408136,,0.9327879023473558,0.9327879023473558,0.9327879023473558,0.9327879023473558,44.72750260272614,44.72750260272614,44.72750260272614,44.72750260272614,0.9109470998518562,0.9109470998518562,0.9109470998518562,0.9109470998518562,0.98,0.98,0.98,0.98,43.832952550671614,43.832952550671614,43.832952550671614,43.832952550671614,175.33181020268646,4207.963444864475,0.1004210419783665,4.427570964714304e-05,0.2
1935-05-12,1935-05-23,1758.4044,0.981668277899988,1726.1698191997614,0.204,1935,5,12,1935.05,1934,8,224,32,0.1491410723788594,19.797029465857804,0.0114687612108961,0.77,4,Mod_Dry,47,10,10,10,115,192.0,0.1112289172620395,1534.1698191997614,1100.0,,4,275.0,275.0,275.0,275.0,434.1698191997614,53.0,8.0,15.0,22.61301141665424,335.5568077831072,100.0,18.0,25.0,32.61301141665424,450.5568077831072,1243.0,990.0,970.2153178774146,19.784682122585423,0.9262894125183112,0.48,988.5937105874816,0.5349,0.5349,0.5349,0.5349,17.843492710067146,17.843492710067146,17.843492710067146,17.843492710067146,,0.9331163350661948,0.9331163350661948,0.9331163350661948,0.9331163350661948,44.904209282423466,44.904209282423466,44.904209282423466,44.904209282423466,0.9145460138986448,0.9145460138986448,0.9145460138986448,0.9145460138986448,0.98,0.98,0.98,0.98,44.006125096774994,44.006125096774994,44.006125096774994,44.006125096774994,176.02450038709998,4224.588009290399,0.1019740343210864,4.445063141088383e-05,0.205
1935-05-13,1935-05-24,1735.3679,0.9841314895494252,1707.8301963432584,0.206,1935,5,13,1935.05,1934,8,225,33,0.1475565289640575,18.339622856502963,0.0107385516989751,0.77,4,Mod_Dry,47,10,10,10,115,192.0,0.1124233547404789,1515.8301963432584,1100.0,,4,275.0,275.0,275.0,275.0,415.8301963432584,52.99999999999999,8.0,15.0,21.65782272621138,318.1723736170471,100.0,18.0,25.0,31.65782272621138,433.1723736170471,1243.0,990.0,970.156066788186,19.843933211814036,0.9262894125183112,0.48,988.5937105874816,0.5349,0.5349,0.5349,0.5349,17.902743799295756,17.902743799295756,17.902743799295756,17.902743799295756,,0.9334205894093838,0.9334205894093838,0.9334205894093838,0.9334205894093838,45.06800837019168,45.06800837019168,45.06800837019168,45.06800837019168,0.9178820441994232,0.9178820441994232,0.9178820441994232,0.9178820441994232,0.98,0.98,0.98,0.98,44.16664820278785,44.16664820278785,44.16664820278785,44.16664820278785,176.6665928111514,4239.998227467633,0.1034450574708324,4.4612775962411966e-05,0.205
1935-05-14,1935-05-25,1735.3679,0.9841314895494252,1707.8301963432584,0.206,1935,5,14,1935.05,1934,8,226,33,0.1475565289640575,0.0,0.0,0.77,4,Mod_Dry,47,10,10,10,115,192.0,0.1124233547404789,1515.8301963432584,1100.0,,4,275.0,275.0,275.0,275.0,415.8301963432584,52.99999999999999,8.0,15.0,21.65782272621138,318.1723736170471,100.0,18.0,25.0,31.65782272621138,433.1723736170471,1243.0,990.0,970.156066788186,19.843933211814036,0.9262894125183112,0.48,988.5937105874816,0.5349,0.5349,0.5349,0.5349,17.902743799295756,17.902743799295756,17.902743799295756,17.902743799295756,,0.9334205894093838,0.9334205894093838,0.9334205894093838,0.9334205894093838,45.06800837019168,45.06800837019168,45.06800837019168,45.06800837019168,0.9178820441994232,0.9178820441994232,0.9178820441994232,0.9178820441994232,0.98,0.98,0.98,0.98,44.16664820278785,44.16664820278785,44.16664820278785,44.16664820278785,176.6665928111514,4239.998227467633,0.1034450574708324,4.4612775962411966e-05,0.205
1935-05-15,1935-05-26,1735.3679,0.9841314895494252,1707.8301963432584,0.206,1935,5,15,1935.05,1934,8,227,33,0.1475565289640575,0.0,0.0,0.77,4,Mod_Dry,47,10,10,10,115,192.0,0.1124233547404789,1515.8301963432584,1100.0,,4,275.0,275.0,275.0,275.0,415.8301963432584,52.99999999999999,8.0,15.0,21.65782272621138,318.1723736170471,100.0,18.0,25.0,31.65782272621138,433.1723736170471,1243.0,990.0,970.156066788186,19.843933211814036,0.9262894125183112,0.48,988.5937105874816,0.5349,0.5349,0.5349,0.5349,17.902743799295756,17.902743799295756,17.902743799295756,17.902743799295756,,0.9334205894093838,0.9334205894093838,0.9334205894093838,0.9334205894093838,45.06800837019168,45.06800837019168,45.06800837019168,45.06800837019168,0.9178820441994232,0.9178820441994232,0.9178820441994232,0.9178820441994232,0.98,0.98,0.98,0.98,44.16664820278785,44.16664820278785,44.16664820278785,44.16664820278785,176.6665928111514,4239.998227467633,0.1034450574708324,4.4612775962411966e-05,0.205
1935-05-16,1935-05-27,1735.3679,0.9841314895494252,1707.8301963432584,0.206,1935,5,16,1935.05,1934,8,228,33,0.1475565289640575,0.0,0.0,0.77,4,Mod_Dry,47,10,10,10,115,192.0,0.1124233547404789,1515.8301963432584,1100.0,,4,275.0,275.0,275.0,275.0,415.8301963432584,52.99999999999999,8.0,15.0,21.65782272621138,318.1723736170471,100.0,18.0,25.0,31.65782272621138,433.1723736170471,1243.0,990.0,970.156066788186,19.843933211814036,0.9262894125183112,0.48,988.5937105874816,0.5349,0.5349,0.5349,0.5349,17.902743799295756,17.902743799295756,17.902743799295756,17.902743799295756,,0.9334205894093838,0.9334205894093838,0.9334205894093838,0.9334205894093838,45.06800837019168,45.06800837019168,45.06800837019168,45.06800837019168,0.9178820441994232,0.9178820441994232,0.9178820441994232,0.9178820441994232,0.98,0.98,0.98,0.98,44.16664820278785,44.16664820278785,44.16664820278785,44.16664820278785,176.6665928111514,4239.998227467633,0.1034450574708324,4.4612775962411966e-05,0.205
1935-05-17,1935-05-28,1712.5226,0.9796730877109254,1677.712303316742,0.209,1935,5,17,1935.05,1934,8,229,33,0.1449543430065665,30.11789302651641,0.0179517626275822,0.77,4,Mod_Dry,47,10,10,10,115,192.0,0.1144415521185765,1485.712303316742,1100.0,,4,275.0,275.0,275.0,275.0,385.712303316742,53.0,8.0,15.0,20.089182464413646,289.6231208523283,100.0,18.0,25.0,30.089182464413646,404.6231208523283,1243.0,990.0,970.0587628261004,19.941237173899708,0.9262894125183112,0.48,988.5937105874816,0.5349,0.5349,0.5349,0.5349,18.00004776138143,18.00004776138143,18.00004776138143,18.00004776138143,,0.9339201504483516,0.9339201504483516,0.9339201504483516,0.9339201504483516,45.3372106349255,45.3372106349255,45.3372106349255,45.3372106349255,0.9233647787153868,0.9233647787153868,0.9233647787153868,0.9233647787153868,0.98,0.98,0.98,0.98,44.430466422226985,44.430466422226985,44.430466422226985,44.430466422226985,177.72186568890794,4265.324776533791,0.1059310737231657,4.4879259012350496e-05,0.21
1935-05-18,1935-05-29,1689.8676,0.97387137230227,1645.7136786211431,0.213,1935,5,18,1935.05,1934,8,230,33,0.1421896618328668,31.998624695598888,0.0194436159286279,0.77,4,Mod_Dry,47,10,10,10,115,192.0,0.1166667097042461,1453.7136786211431,1100.0,,4,275.0,275.0,275.0,275.0,353.7136786211431,52.99999999999999,8.0,15.0,18.42258742818454,259.2910911929586,100.0,18.0,25.0,28.42258742818454,374.2910911929586,1243.0,990.0,969.9553826540068,20.04461734599317,0.9262894125183112,0.48,988.5937105874816,0.5349,0.5349,0.5349,0.5349,18.103427933474897,18.103427933474897,18.103427933474897,18.103427933474897,,0.934245797990446,0.934245797990446,0.934245797990446,0.934245797990446,45.6134964641868,45.6134964641868,45.6134964641868,45.6134964641868,0.928991781348,0.928991781348,0.928991781348,0.928991781348,0.98,0.98,0.98,0.98,44.70122653490306,44.70122653490306,44.70122653490306,44.70122653490306,178.80490613961223,4291.317747350693,0.1086488545744017,4.5152754075659646e-05,0.215
1935-05-19,1935-05-30,1667.4025,0.969982977775391,1617.3520421001313,0.216,1935,5,19,1935.05,1934,8,231,33,0.1397392164374513,28.361636521011857,0.0175358461131222,0.77,4,Mod_Dry,47,10,10,10,115,192.0,0.1187125591721441,1425.3520421001313,1100.0,,4,275.0,275.0,275.0,275.0,325.35204210013126,53.0,8.0,15.0,16.94541885938184,232.40662324074947,100.0,18.0,25.0,26.94541885938184,347.40662324074947,1243.0,990.0,969.8637527514004,20.1362472485996,0.9262894125183112,0.48,988.5937105874816,0.5349,0.5349,0.5349,0.5349,18.195057836081325,18.195057836081325,18.195057836081325,18.195057836081325,,0.9345344321836562,0.9345344321836562,0.9345344321836562,0.9345344321836562,45.85853123618099,45.85853123618099,45.85853123618099,45.85853123618099,0.9339823062358652,0.9339823062358652,0.9339823062358652,0.9339823062358652,0.98,0.98,0.98,0.98,44.94136061145737,44.94136061145737,44.94136061145737,44.94136061145737,179.76544244582948,4314.370618699908,0.1111479985596729,4.539531374894684e-05,0.215
1935-05-20,1935-05-31,1667.4025,0.969982977775391,1617.3520421001313,0.216,1935,5,20,1935.05,1934,8,232,34,0.1397392164374513,0.0,0.0,0.77,4,Mod_Dry,47,10,10,10,115,192.0,0.1187125591721441,1425.3520421001313,1100.0,,4,275.0,275.0,275.0,275.0,325.35204210013126,53.0,8.0,15.0,16.94541885938184,232.40662324074947,100.0,18.0,25.0,26.94541885938184,347.40662324074947,1243.0,990.0,969.8637527514004,20.1362472485996,0.9262894125183112,0.48,988.5937105874816,0.5349,0.5349,0.5349,0.5349,18.195057836081325,18.195057836081325,18.195057836081325,18.195057836081325,,0.9345344321836562,0.9345344321836562,0.9345344321836562,0.9345344321836562,45.85853123618099,45.85853123618099,45.85853123618099,45.85853123618099,0.9339823062358652,0.9339823062358652,0.9339823062358652,0.9339823062358652,0.98,0.98,0.98,0.98,44.94136061145737,44.94136061145737,44.94136061145737,44.94136061145737,179.76544244582948,4314.370618699908,0.1111479985596729,4.539531374894684e-05,0.215
1935-05-21,1935-06-01,1656.2409,0.9717907482149442,1609.5195834351923,0.217,1935,5,21,1935.05,1934,8,233,34,0.1390624920088006,7.832458664938713,0.0048663332497153,0.71,4,Mod_Dry,47,10,10,10,115,192.0,0.1192902540460023,1417.5195834351923,1100.0,,4,275.0,275.0,275.0,275.0,317.5195834351923,53.0,8.0,15.0,16.537478303916266,224.98210513127609,100.0,18.0,25.0,26.537478303916263,339.98210513127606,1243.0,990.0,969.8384478849443,20.161552115055542,0.9262894125183112,0.48,988.5937105874816,0.5349,0.5349,0.5349,0.5349,18.220362702537265,18.220362702537265,18.220362702537265,18.220362702537265,,0.9346141425129924,0.9346141425129924,0.9346141425129924,0.9346141425129924,45.92622611954096,45.92622611954096,45.92622611954096,45.92622611954096,0.9353610207645816,0.9353610207645816,0.9353610207645816,0.9353610207645816,0.98,0.98,0.98,0.98,45.00770159715015,45.00770159715015,45.00770159715015,45.00770159715015,180.03080638860058,4320.739353326414,0.1118537532823064,4.546232484560621e-05,0.215
1935-05-22,1935-06-02,1645.1264,0.9659758417726594,1589.152359062425,0.219,1935,5,22,1935.05,1934,8,234,34,0.1373027638229935,20.367224372767623,0.0128164076003284,0.71,4,Mod_Dry,47,10,10,10,115,192.0,0.1208191265646026,1397.152359062425,1100.0,,4,275.0,275.0,275.0,275.0,297.1523590624249,53.0,7.999999999999998,14.999999999999998,15.476685367834632,205.67567369459036,100.0,18.0,25.0,25.476685367834637,320.6756736945904,1243.0,990.0,969.7726460831248,20.227353916875245,0.9262894125183112,0.48,988.5937105874816,0.5349,0.5349,0.5349,0.5349,18.286164504356968,18.286164504356968,18.286164504356968,18.286164504356968,,0.9348214181887244,0.9348214181887244,0.9348214181887244,0.9348214181887244,46.10230822107891,46.10230822107891,46.10230822107891,46.10230822107891,0.9389472142785928,0.9389472142785928,0.9389472142785928,0.9389472142785928,0.98,0.98,0.98,0.98,45.18026205665733,45.18026205665733,45.18026205665733,45.18026205665733,180.7210482266293,4337.305157439103,0.1137216624926082,4.56366283400579e-05,0.22
1935-05-23,1935-06-03,1645.1264,0.9659758417726594,1589.152359062425,0.219,1935,5,23,1935.05,1934,8,235,34,0.1373027638229935,0.0,0.0,0.71,4,Mod_Dry,47,10,10,10,115,192.0,0.1208191265646026,1397.152359062425,1100.0,,4,275.0,275.0,275.0,275.0,297.1523590624249,53.0,7.999999999999998,14.999999999999998,15.476685367834632,205.67567369459036,100.0,18.0,25.0,25.476685367834637,320.6756736945904,1243.0,990.0,969.7726460831248,20.227353916875245,0.9262894125183112,0.48,988.5937105874816,0.5349,0.5349,0.5349,0.5349,18.286164504356968,18.286164504356968,18.286164504356968,18.286164504356968,,0.9348214181887244,0.9348214181887244,0.9348214181887244,0.9348214181887244,46.10230822107891,46.10230822107891,46.10230822107891,46.10230822107891,0.9389472142785928,0.9389472142785928,0.9389472142785928,0.9389472142785928,0.98,0.98,0.98,0.98,45.18026205665733,45.18026205665733,45.18026205665733,45.18026205665733,180.7210482266293,4337.305157439103,0.1137216624926082,4.56366283400579e-05,0.22
1935-05-24,1935-06-04,1634.0591,0.9609900846319126,1570.314592802547,0.221,1935,5,24,1935.05,1934,8,236,34,0.13567518081814,18.83776625987798,0.0119961734713667,0.71,4,Mod_Dry,47,10,10,10,115,192.0,0.1222684937655306,1378.314592802547,1100.0,,4,275.0,275.0,275.0,275.0,278.31459280254694,53.0,7.999999999999998,14.495551708465989,14.495551708465989,188.323489385615,100.0,18.0,24.49555170846599,24.49555170846599,303.323489385615,1242.495551708466,990.0,969.711785607516,20.288214392484065,0.9249827227994948,0.48,988.5950172772004,0.5349,0.5349,0.5349,0.5349,18.348331669684505,18.348331669684505,18.348331669684505,18.348331669684505,,0.9350172447595062,0.9350172447595062,0.9350172447595062,0.9350172447595062,46.26873181439121,46.26873181439121,46.26873181439121,46.26873181439121,0.942336696830778,0.942336696830778,0.942336696830778,0.942336696830778,0.98,0.98,0.98,0.98,45.34335717810338,45.34335717810338,45.34335717810338,45.34335717810338,181.37342871241356,4352.962289097924,0.1155013330091492,4.580137088697311e-05,0.22
1935-05-25,1935-06-05,1612.0655,0.96221627423111,1551.1556592265113,0.223,1935,5,25,1935.05,1934,8,237,34,0.1340198489571705,19.15893357603568,0.0123513932738312,0.71,4,Mod_Dry,47,10,10,10,115,192.0,0.1237786800170277,1359.1556592265113,1100.0,,4,275.0,275.0,275.0,275.0,259.15565922651126,53.00000000000001,8.0,13.497690584714128,13.497690584714128,171.160278057083,100.0,18.0,23.497690584714128,23.497690584714128,286.160278057083,1241.497690584714,990.0,969.649887514424,20.35011248557589,0.9223979288907918,0.48,988.5976020711092,0.5349,0.5349,0.5349,0.5349,18.412814556685127,18.412814556685127,18.412814556685127,18.412814556685127,,0.9352203658535582,0.9352203658535582,0.9352203658535582,0.9352203658535582,46.4414240521395,46.4414240521395,46.4414240521395,46.4414240521395,0.9458538503490732,0.9458538503490732,0.9458538503490732,0.9458538503490732,0.98,0.98,0.98,0.98,45.51259557109671,45.51259557109671,45.51259557109671,45.51259557109671,182.05038228438684,4369.209174825284,0.1173643542487327,4.5972318758683545e-05,0.225
1935-05-26,1935-06-06,1601.139,0.9548448794010084,1528.8393753592509,0.226,1935,5,26,1935.05,1934,8,238,34,0.1320917220310392,22.31628386726038,0.0145968793235825,0.71,4,Mod_Dry,47,10,10,10,115,192.0,0.1255854624720686,1336.8393753592509,1100.0,,4,275.0,275.0,275.0,275.0,236.83937535925088,52.99999999999999,7.999999999999998,12.335384133294315,12.335384133294315,151.16860709266226,100.0,18.0,22.33538413329432,22.33538413329432,266.1686070926622,1240.3353841332944,990.0,969.5777887511608,20.42221124883929,0.9193871666071786,0.48,988.6006128333928,0.5349,0.5349,0.5349,0.5349,18.48792408223209,18.48792408223209,18.48792408223209,18.48792408223209,,0.9354569608590312,0.9354569608590312,0.9354569608590312,0.9354569608590312,46.64266466393829,46.64266466393829,46.64266466393829,46.64266466393829,0.9499524371474192,0.9499524371474192,0.9499524371474192,0.9499524371474192,0.98,0.98,0.98,0.98,45.70981137065952,45.70981137065952,45.70981137065952,45.70981137065952,182.8392454826381,4388.141891583314,0.1195934958436519,4.617152663702982e-05,0.225
1935-05-27,1935-06-07,1579.4263,0.9567215637917794,1511.0711996298642,0.229,1935,5,27,1935.05,1934,8,239,35,0.1305565516480202,17.768175729386712,0.0117586621555218,0.71,4,Mod_Dry,47,10,10,10,115,192.0,0.1270621794969226,1319.0711996298642,1100.0,,4,275.0,275.0,275.0,275.0,219.07119962986417,53.0,8.0,11.409958314055428,11.409958314055428,135.2512830017533,100.0,18.0,21.409958314055427,21.409958314055427,250.2512830017533,1239.4099583140555,990.0,969.5203838757272,20.479616124272752,0.9169900043532456,0.48,988.6030099956467,0.5349,0.5349,0.5349,0.5349,18.547726119919496,18.547726119919496,18.547726119919496,18.547726119919496,,0.9356453372777463,0.9356453372777463,0.9356453372777463,0.9356453372777463,46.80296053328163,46.80296053328163,46.80296053328163,46.80296053328163,0.9532171188041064,0.9532171188041064,0.9532171188041064,0.9532171188041064,0.98,0.98,0.98,0.98,45.866901322616,45.866901322616,45.866901322616,45.866901322616,183.467605290464,4403.222526971135,0.1214155926837889,4.633020335617777e-05,0.23
1935-05-28,1935-06-08,1579.4263,0.9567215637917794,1511.0711996298642,0.229,1935,5,28,1935.05,1934,8,240,35,0.1305565516480202,0.0,0.0,0.71,4,Mod_Dry,47,10,10,10,115,192.0,0.1270621794969226,1319.0711996298642,1100.0,,4,275.0,275.0,275.0,275.0,219.07119962986417,53.0,8.0,11.409958314055428,11.409958314055428,135.2512830017533,100.0,18.0,21.409958314055427,21.409958314055427,250.2512830017533,1239.4099583140555,990.0,969.5203838757272,20.479616124272752,0.9169900043532456,0.48,988.6030099956467,0.5349,0.5349,0.5349,0.5349,18.547726119919496,18.547726119919496,18.547726119919496,18.547726119919496,,0.9356453372777463,0.9356453372777463,0.9356453372777463,0.9356453372777463,46.80296053328163,46.80296053328163,46.80296053328163,46.80296053328163,0.9532171188041064,0.9532171188041064,0.9532171188041064,0.9532171188041064,0.98,0.98,0.98,0.98,45.866901322616,45.866901322616,45.866901322616,45.866901322616,183.467605290464,4403.222526971135,0.1214155926837889,4.633020335617777e-05,0.23
1935-05-29,1935-06-09,1568.6399,0.9517310164019286,1492.9232463956196,0.231,1935,5,29,1935.05,1934,8,241,35,0.1289885684885815,18.147953234244603,0.0121559854319767,0.71,4,Mod_Dry,47,10,10,10,115,192.0,0.1286067454998424,1300.9232463956196,1100.0,,4,275.0,275.0,275.0,275.0,200.9232463956196,49.18433635726104,7.999999999999998,10.46475241643852,10.46475241643852,122.80940520548153,96.18433635726105,18.0,20.46475241643852,20.46475241643852,237.8094052054815,1234.6490887736995,990.0,969.4617520268166,20.53824797318339,0.904657760622,0.48,988.615342239378,0.5349,0.5349,0.5349,0.5349,18.618690212561425,18.618690212561425,18.618690212561425,18.618690212561425,,0.9358688741695684,0.9358688741695684,0.9358688741695684,0.9358688741695684,46.993254473441375,46.993254473441375,46.993254473441375,46.993254473441375,0.9570927591332256,0.9570927591332256,0.9570927591332256,0.9570927591332256,0.98,0.98,0.98,0.98,46.053389383972544,46.053389383972544,46.053389383972544,46.053389383972544,184.21355753589015,4421.125380861364,0.1233911776647854,4.65185751353258e-05,0.23
1935-05-30,1935-06-10,1536.5597,0.94671130256109,1454.6784350498776,0.236,1935,5,30,1935.05,1934,8,242,35,0.1256842167883094,38.24481134574194,0.0262909041780292,0.71,4,Mod_Dry,47,10,10,10,115,192.0,0.131987933122427,1262.6784350498776,1100.0,,4,275.0,275.0,275.0,275.0,162.67843504987763,39.82232524658463,8.0,8.472835158847793,8.472835158847793,97.91043948559744,86.82232524658463,18.0,18.472835158847797,18.472835158847797,212.91043948559744,1223.2951604054324,990.0,969.3381918670842,20.66180813291578,0.8791605498719903,0.48,988.640839450128,0.5349,0.5349,0.5349,0.5349,18.76774758304372,18.76774758304372,18.76774758304372,18.76774758304372,,0.9363384048865876,0.9363384048865876,0.9363384048865876,0.9363384048865876,47.39323825057157,47.39323825057157,47.39323825057157,47.39323825057157,0.9652390682397468,0.9652390682397468,0.9652390682397468,0.9652390682397468,0.98,0.98,0.98,0.98,46.44537348556014,46.44537348556014,46.44537348556014,46.44537348556014,185.78149394224056,4458.755854613773,0.1277131010303803,4.691451867228297e-05,0.235
1935-05-31,1935-06-11,1484.0171,0.9431309976592172,1399.6225280663384,0.244,1935,5,31,1935.05,1934,8,243,35,0.1209273864249316,55.05590698353922,0.0393362537966591,0.71,4,Mod_Dry,47,10,10,10,115,192.0,0.1371798439578272,1207.6225280663384,1100.0,,4,275.0,275.0,275.0,275.0,107.62252806633842,26.34509801623909,5.605340003455126,5.605340003455126,5.605340003455126,64.46141003973395,73.34509801623909,15.605340003455126,15.605340003455126,15.605340003455126,179.46141003973395,1204.5557780231493,990.0,969.1603189368298,20.839681063170246,0.8516987766734644,0.48,988.6683012233264,0.5349,0.5349,0.5349,0.5349,18.973082286496712,18.973082286496712,18.973082286496712,18.973082286496712,,0.9369852092024646,0.9369852092024646,0.9369852092024646,0.9369852092024646,47.94485604119347,47.94485604119347,47.94485604119347,47.94485604119347,0.976473646460152,0.976473646460152,0.976473646460152,0.976473646460152,0.98,0.98,0.98,0.98,46.9859589203696,46.9859589203696,46.9859589203696,46.9859589203696,187.9438356814784,4510.652056355481,0.1342818023521913,4.7460564566029895e-05,0.245
1935-06-01,1935-06-12,1453.0426,0.9400588702282704,1365.945584949549,0.25,1935,6,1,1935.06,1934,9,244,35,0.118017698539641,33.67694311678952,0.0246546740132648,0.67,3,Normal,53,12,12,13,120,210.0,0.153739652819154,1155.945584949549,1100.0,,4,275.0,275.0,275.0,275.0,55.9455849495489,14.119600011076628,3.1968905685456512,3.1968905685456512,3.463298115924456,31.968905685456512,67.11960001107663,15.196890568545651,15.196890568545651,16.463298115924456,151.96890568545652,1197.513381148168,990.0,969.0515165052216,20.94848349477843,0.8413784415733284,0.48,988.6786215584268,0.5349,0.5349,0.5349,0.5349,19.092205053205127,19.092205053205127,19.092205053205127,19.092205053205127,,0.937357679766,0.937357679766,0.937357679766,0.937357679766,48.26505721313968,48.26505721313968,48.26505721313968,48.26505721313968,0.9829950552574273,0.9829950552574273,0.9829950552574273,0.9829950552574273,0.98,0.98,0.98,0.98,47.29975606887688,47.29975606887688,47.29975606887688,47.29975606887688,189.19902427550755,4540.77658261218,0.1385113919325677,4.777753138270392e-05,0.25
1935-06-02,1935-06-13,1392.323,0.9273803807430936,1291.2130338573666,0.261,1935,6,2,1935.06,1934,9,245,35,0.1115608061252764,74.73255109218233,0.0578777855648858,0.67,3,Normal,53,12,12,13,120,210.0,0.1626377634778411,1081.2130338573666,1081.2130338573666,,4,270.30325846434164,270.30325846434164,270.30325846434164,270.30325846434164,0.0,0.0,0.0,0.0,0.0,0.0,53.0,12.0,12.0,13.0,120.0,1158.2130338573666,990.0,968.8152409635516,21.184759036448327,0.7837854429404775,0.4555769440145765,988.760637613045,0.5167705776723587,0.5167705776723587,0.5167705776723587,0.5167705776723587,19.42862607182096,19.42862607182096,19.42862607182096,19.42862607182096,,0.9385341163829616,0.9385341163829616,0.9385341163829616,0.9385341163829616,48.33727177349304,48.33727177349304,48.33727177349304,48.33727177349304,0.984465820234074,0.984465820234074,0.984465820234074,0.984465820234074,0.98,0.98,0.98,0.98,47.370526338023176,47.370526338023176,47.370526338023176,47.370526338023176,189.4821053520927,4547.570528450225,0.146747361112081,4.868043253749985e-05,0.26
1935-06-03,1935-06-14,1304.2828,0.9098196316199432,1186.6620966242278,0.277,1935,6,3,1935.06,1934,9,246,36,0.1025276051483333,104.55093723313873,0.0881050616941093,0.67,3,Normal,53,12,12,13,120,210.0,0.1769669736628482,976.6620966242278,976.6620966242278,,4,244.16552415605696,244.16552415605696,244.16552415605696,244.16552415605696,0.0,0.0,0.0,0.0,0.0,0.0,53.0,12.0,12.0,13.0,120.0,1053.6620966242278,990.0,968.486652303676,21.51334769632388,0.6305704613888823,0.3313296772993823,989.0380998613116,0.4217294030968359,0.4217294030968359,0.4217294030968359,0.4217294030968359,20.129718154538747,20.129718154538747,20.129718154538747,20.129718154538747,,0.9390209829749712,0.9390209829749712,0.9390209829749712,0.9390209829749712,45.26223891912698,45.26223891912698,45.26223891912698,45.26223891912698,0.92183785986002,0.92183785986002,0.92183785986002,0.92183785986002,0.98,0.98,0.98,0.98,44.35699414074444,44.35699414074444,44.35699414074444,44.35699414074444,177.42797656297776,4258.2714375114665,0.1495185335974901,5.046325562917212e-05,0.275
1935-06-04,1935-06-15,1247.589,0.9151467263536076,1141.726989184771,0.287,1935,6,4,1935.06,1934,9,247,36,0.0986452118655642,44.93510743945694,0.0393571386724789,0.67,3,Normal,53,12,12,13,120,210.0,0.1839318873857459,931.7269891847708,931.7269891847708,,4,232.93174729619275,232.93174729619275,232.93174729619275,232.93174729619275,0.0,0.0,0.0,0.0,0.0,0.0,53.0,12.0,12.0,13.0,120.0,1008.7269891847708,990.0,968.345427680295,21.65457231970504,0.5782931516204515,0.2953815913478167,989.1263252570318,0.3838161311315121,0.3838161311315121,0.3838161311315121,0.3838161311315121,20.397081445605323,20.397081445605323,20.397081445605323,20.397081445605323,,0.9376727500541236,0.9376727500541236,0.9376727500541236,0.9376727500541236,43.690469235389145,43.690469235389145,43.690469235389145,43.690469235389145,0.8898262573399011,0.8898262573399011,0.8898262573399011,0.8898262573399011,0.97898262573399,0.97898262573399,0.97898262573399,0.97898262573399,42.77221029161138,42.77221029161138,42.77221029161138,42.77221029161138,171.08884116644552,4106.132187994693,0.1498509212684972,5.100708539458848e-05,0.285
1935-06-05,1935-06-16,1219.8351,0.9229021768936402,1125.7884692412713,0.294,1935,6,5,1935.06,1934,9,248,36,0.0972681237424458,15.938519943499616,0.0141576507301069,0.67,3,Normal,53,12,12,13,120,210.0,0.1865359308054826,915.7884692412712,915.7884692412712,,4,228.94711731031785,228.94711731031785,228.94711731031785,228.94711731031785,0.0,0.0,0.0,0.0,0.0,0.0,53.0,12.0,12.0,13.0,120.0,992.7884692412712,990.0,968.295335189044,21.704664810956046,0.5637091893432811,0.282630775393017,989.1536600352636,0.3708097177392234,0.3708097177392234,0.3708097177392234,0.3708097177392234,20.48751512848049,20.48751512848049,20.48751512848049,20.48751512848049,,0.9371713619840052,0.9371713619840052,0.9371713619840052,0.9371713619840052,43.11041220346021,43.11041220346021,43.11041220346021,43.11041220346021,0.8780124685022447,0.8780124685022447,0.8780124685022447,0.8780124685022447,0.9778012468502244,0.9778012468502244,0.9778012468502244,0.9778012468502244,42.15341480477053,42.15341480477053,42.15341480477053,42.15341480477053,168.6136592190821,4046.7278212579695,0.1497738374711901,5.1144045960374006e-05,0.295
1935-06-06,1935-06-17,1192.4734,0.9195163786021252,1096.498822347363,0.301,1935,6,6,1935.06,1934,9,249,36,0.0947374982508122,29.28964689390796,0.0267119729606323,0.67,3,Normal,53,12,12,13,120,210.0,0.1915186735453451,886.4988223473631,886.4988223473631,,4,221.6247055868408,221.6247055868408,221.6247055868408,221.6247055868408,0.0,0.0,0.0,0.0,0.0,0.0,53.0,12.0,12.0,13.0,120.0,963.4988223473632,990.0,968.2032820130916,21.79671798690833,0.5369087645280136,0.2591990578778905,989.203892177594,0.34750157554268,0.34750157554268,0.34750157554268,0.34750157554268,20.653108588959725,20.653108588959725,20.653108588959725,20.653108588959725,,0.9360293202095024,0.9360293202095024,0.9360293202095024,0.9360293202095024,42.01764935019901,42.01764935019901,42.01764935019901,42.01764935019901,0.8557566059103667,0.8557566059103667,0.8557566059103667,0.8557566059103667,0.9755756605910366,0.9755756605910366,0.9755756605910366,0.9755756605910366,40.99139602130294,40.99139602130294,40.99139602130294,40.99139602130294,163.96558408521176,3935.1740180450815,0.1495355770051785,5.137738982960418e-05,0.3
1935-06-07,1935-06-18,1183.4396,0.9205844129984858,1089.4560494851628,0.303,1935,6,7,1935.06,1934,9,250,36,0.094129002675518,7.042772862200537,0.0064644855251652,0.67,3,Normal,53,12,12,13,120,210.0,0.1927567432382778,879.4560494851628,879.4560494851628,,4,219.8640123712907,219.8640123712907,219.8640123712907,219.8640123712907,0.0,0.0,0.0,0.0,0.0,0.0,53.0,12.0,12.0,13.0,120.0,956.4560494851628,990.0,968.1811475840964,21.81885241590373,0.5304645316812305,0.2535648395881302,989.2159706287308,0.3419811581035753,0.3419811581035753,0.3419811581035753,0.3419811581035753,20.69284188653086,20.69284188653086,20.69284188653086,20.69284188653086,,0.9357029296728916,0.9357029296728916,0.9357029296728916,0.9357029296728916,41.74947103559955,41.74947103559955,41.74947103559955,41.74947103559955,0.8502947257759582,0.8502947257759582,0.8502947257759582,0.8502947257759582,0.9750294725775958,0.9750294725775958,0.9750294725775958,0.9750294725775958,40.70696472423424,40.70696472423424,40.70696472423424,40.70696472423424,162.82785889693696,3907.868613526487,0.1494579418544543,5.142947260546165e-05,0.305
1935-06-08,1935-06-19,1156.5974,0.9338086699838878,1080.0406798008228,0.311,1935,6,8,1935.06,1934,9,251,36,0.093315514734791,9.41536968434002,0.0087176065313358,0.67,3,Normal,53,12,12,13,120,210.0,0.1944371206820908,870.0406798008228,870.0406798008228,,4,217.5101699502057,217.5101699502057,217.5101699502057,217.5101699502057,0.0,0.0,0.0,0.0,0.0,0.0,53.0,12.0,12.0,13.0,120.0,947.0406798008228,990.0,968.1515564222312,21.84844357776888,0.521849340509855,0.2460325438406582,989.2321181156494,0.3347313234466335,0.3347313234466335,0.3347313234466335,0.3347313234466335,20.74583036997167,20.74583036997167,20.74583036997167,20.74583036997167,,0.9352729877290212,0.9352729877290212,0.9352729877290212,0.9352729877290212,41.38924278888934,41.38924278888934,41.38924278888934,41.38924278888934,0.8429581016067075,0.8429581016067075,0.8429581016067075,0.8429581016067075,0.9742958101606708,0.9742958101606708,0.9742958101606708,0.9742958101606708,40.32536583493764,40.32536583493764,40.32536583493764,40.32536583493764,161.30146333975054,3871.235120154013,0.1493475813980425,5.149869779546051e-05,0.31
1935-06-09,1935-06-20,1147.7361,0.9351417914976156,1073.2959927204863,0.312,1935,6,9,1935.06,1934,9,252,36,0.09273277377105,6.7446870803362335,0.0062840885702372,0.67,3,Normal,53,12,12,13,120,210.0,0.195658980769799,863.2959927204863,863.2959927204863,,4,215.8239981801216,215.8239981801216,215.8239981801216,215.8239981801216,0.0,0.0,0.0,0.0,0.0,0.0,53.0,12.0,12.0,13.0,120.0,940.2959927204864,990.0,968.1303588342644,21.86964116573563,0.5156778602030488,0.240636794176389,989.2436853456206,0.3295379143947745,0.3295379143947745,0.3295379143947745,0.3295379143947745,20.78378859696149,20.78378859696149,20.78378859696149,20.78378859696149,,0.9349696766400016,0.9349696766400016,0.9349696766400016,0.9349696766400016,41.13018617385188,41.13018617385188,41.13018617385188,41.13018617385188,0.8376819994674516,0.8376819994674516,0.8376819994674516,0.8376819994674516,0.9737681999467452,0.9737681999467452,0.9737681999467452,0.9737681999467452,40.05126735398625,40.05126735398625,40.05126735398625,40.05126735398625,160.205069415945,3844.92166598268,0.1492645742670414,5.154826217930132e-05,0.31
1935-06-10,1935-06-21,1130.1421,0.9379332643780708,1059.9978690640885,0.316,1935,6,10,1935.06,1934,9,253,37,0.0915838158871372,13.298123656398046,0.0125454248961268,0.67,3,Normal,53,12,12,13,120,210.0,0.1981136058182992,849.9978690640885,849.9978690640885,,4,212.49946726602207,212.49946726602207,212.49946726602207,212.49946726602207,0.0,0.0,0.0,0.0,0.0,0.0,53.0,12.0,12.0,13.0,120.0,926.9978690640884,990.0,968.0885647313444,21.911435268655737,0.5035098963990351,0.2299982952512708,989.2664918083498,0.3194984017980664,0.3194984017980664,0.3194984017980664,0.3194984017980664,20.85842867520744,20.85842867520744,20.85842867520744,20.85842867520744,,0.9343826602716124,0.9343826602716124,0.9343826602716124,0.9343826602716124,40.6165381139978,40.6165381139978,40.6165381139978,40.6165381139978,0.8272207355193034,0.8272207355193034,0.8272207355193034,0.8272207355193034,0.9727220735519304,0.9727220735519304,0.9727220735519304,0.9727220735519304,39.50860317474895,39.50860317474895,39.50860317474895,39.50860317474895,158.0344126989958,3792.8259047758993,0.1490893683008346,5.164536238223606e-05,0.315
1935-06-11,1935-06-22,1104.0713,0.9309189777098624,1027.8009259147989,0.324,1935,6,11,1935.06,1934,9,254,37,0.0888019999990386,32.196943149289844,0.0313260499552798,0.74,4,Mod_Dry,45,10,9,9,88,161.0,0.1566451206070876,866.8009259147989,866.8009259147989,,4,216.7002314786997,216.7002314786997,216.7002314786997,216.7002314786997,0.0,0.0,0.0,0.0,0.0,0.0,45.0,10.0,9.0,9.0,88.0,930.8009259147988,990.0,967.9873743385892,22.01262566141065,0.5069897450829347,0.2434407407318391,989.2495695141852,0.3322367129543951,0.3322367129543951,0.3322367129543951,0.3322367129543951,20.92995846264154,20.92995846264154,20.92995846264154,20.92995846264154,,0.9354640961209156,0.9354640961209156,0.9354640961209156,0.9354640961209156,41.60960228734832,41.60960228734832,41.60960228734832,41.60960228734832,0.8474460750987437,0.8474460750987437,0.8474460750987437,0.8474460750987437,0.9747446075098744,0.9747446075098744,0.9747446075098744,0.9747446075098744,40.5587354502233,40.5587354502233,40.5587354502233,40.5587354502233,162.2349418008932,3893.638603221437,0.1578466585408991,5.199032472628999e-05,0.325
1935-06-12,1935-06-23,1086.9032,0.940956999887256,1022.729174239858,0.328,1935,6,12,1935.06,1934,9,255,37,0.0883638006543237,5.071751674940742,0.0049590368620415,0.74,4,Mod_Dry,45,10,9,9,88,161.0,0.1574219295344371,861.729174239858,861.729174239858,,4,215.4322935599645,215.4322935599645,215.4322935599645,215.4322935599645,0.0,0.0,0.0,0.0,0.0,0.0,45.0,10.0,9.0,9.0,88.0,925.729174239858,990.0,967.971434547611,22.02856545238899,0.5023490233993206,0.2393833393918864,989.2582676372087,0.3283314641646906,0.3283314641646906,0.3283314641646906,0.3283314641646906,20.958501625433044,20.958501625433044,20.958501625433044,20.958501625433044,,0.9352434791860224,0.9352434791860224,0.9352434791860224,0.9352434791860224,41.41278370295333,41.41278370295333,41.41278370295333,41.41278370295333,0.8434375499583163,0.8434375499583163,0.8434375499583163,0.8434375499583163,0.9743437549958316,0.9743437549958316,0.9743437549958316,0.9743437549958316,40.35028717796573,40.35028717796573,40.35028717796573,40.35028717796573,161.40114871186293,3873.627569084711,0.1578141631012179,5.202754387364249e-05,0.33
1935-06-13,1935-06-24,1061.4682,0.9202131020126134,976.7769450097452,0.335,1935,6,13,1935.06,1934,9,256,37,0.0843935280488419,45.95222923011272,0.0470447520950182,0.74,4,Mod_Dry,45,10,9,9,88,161.0,0.1648278051837041,815.7769450097452,815.7769450097452,,4,203.9442362524363,203.9442362524363,203.9442362524363,203.9442362524363,0.0,0.0,0.0,0.0,0.0,0.0,45.0,10.0,9.0,9.0,88.0,879.7769450097452,990.0,967.8071077800388,22.19289221996109,0.4603021093809849,0.2026215560077961,989.3370763346112,0.2942805156819678,0.2942805156819678,0.2942805156819678,0.2942805156819678,21.235688038890324,21.235688038890324,21.235688038890324,21.235688038890324,,0.9329063664243108,0.9329063664243108,0.9329063664243108,0.9329063664243108,39.62365459056194,39.62365459056194,39.62365459056194,39.62365459056194,0.8069990751641943,0.8069990751641943,0.8069990751641943,0.8069990751641943,0.9706999075164194,0.9706999075164194,0.9706999075164194,0.9706999075164194,38.46267784652103,38.46267784652103,38.46267784652103,38.46267784652103,153.8507113860841,3692.417073266018,0.1575085408926693,5.238724749428433e-05,0.335
1935-06-14,1935-06-25,1053.0739999999996,0.9224728423044594,971.4321659369264,0.34,1935,6,14,1935.06,1934,9,257,37,0.0839317391369504,5.344779072818824,0.0055019580988075,0.74,4,Mod_Dry,45,10,9,9,88,161.0,0.1657346808613433,810.4321659369264,810.4321659369264,,4,202.6080414842316,202.6080414842316,202.6080414842316,202.6080414842316,0.0,0.0,0.0,0.0,0.0,0.0,45.0,10.0,9.0,9.0,88.0,874.4321659369264,990.0,967.7857286637476,22.214271336252292,0.4554115639191655,0.1983457327495411,989.3462427033312,0.2904589986449023,0.2904589986449023,0.2904589986449023,0.2904589986449023,21.270055040938708,21.270055040938708,21.270055040938708,21.270055040938708,,0.9324703916712648,0.9324703916712648,0.9324703916712648,0.9324703916712648,39.40932917840557,39.40932917840557,39.40932917840557,39.40932917840557,0.802633995486875,0.802633995486875,0.802633995486875,0.802633995486875,0.9702633995486876,0.9702633995486876,0.9702633995486876,0.9702633995486876,38.23742970257307,38.23742970257307,38.23742970257307,38.23742970257307,152.94971881029227,3670.7932514470144,0.1574476573593539,5.242392243123965e-05,0.34
1935-06-15,1935-06-26,1028.1428,0.9210811262601332,947.0029281802472,0.345,1935,6,15,1935.06,1934,9,258,37,0.0818210529947733,24.429237756679303,0.0257963698207589,0.74,4,Mod_Dry,45,10,9,9,88,161.0,0.1700100339809679,786.0029281802472,786.0029281802472,,4,196.5007320450618,196.5007320450618,196.5007320450618,196.5007320450618,0.0,0.0,0.0,0.0,0.0,0.0,45.0,10.0,9.0,9.0,88.0,850.0029281802472,990.0,967.6880117127208,22.311988287279064,0.4330584794943635,0.1830014640901236,989.3839400564156,0.273202049726173,0.273202049726173,0.273202049726173,0.273202049726173,21.422726293968445,21.422726293968445,21.422726293968445,21.422726293968445,,0.9304621433534508,0.9304621433534508,0.9304621433534508,0.9304621433534508,38.41283134034701,38.41283134034701,38.41283134034701,38.41283134034701,0.782338723835988,0.782338723835988,0.782338723835988,0.782338723835988,0.97,0.97,0.97,0.97,37.2604464001366,37.2604464001366,37.2604464001366,37.2604464001366,149.0417856005464,3577.0028544131137,0.1573826026989629,5.267219054260033e-05,0.345
1935-06-16,1935-06-27,1019.9159,0.9227467245233664,941.1240560143012,0.348,1935,6,16,1935.06,1934,9,259,37,0.0813131184396356,5.878872165945723,0.0062466495552594,0.74,4,Mod_Dry,45,10,9,9,88,161.0,0.1710720270841249,780.1240560143012,780.1240560143012,,4,195.0310140035753,195.0310140035753,195.0310140035753,195.0310140035753,0.0,0.0,0.0,0.0,0.0,0.0,45.0,10.0,9.0,9.0,88.0,844.1240560143012,990.0,967.6644962240572,22.33550377594281,0.4276792315965415,0.1800620280071506,989.3922587403964,0.2690868392100108,0.2690868392100108,0.2690868392100108,0.2690868392100108,21.4586756771291,21.4586756771291,21.4586756771291,21.4586756771291,,0.9299753962092664,0.9299753962092664,0.9299753962092664,0.9299753962092664,38.169524790993634,38.169524790993634,38.169524790993634,38.169524790993634,0.7773833969652472,0.7773833969652472,0.7773833969652472,0.7773833969652472,0.97,0.97,0.97,0.97,37.02443904726383,37.02443904726383,37.02443904726383,37.02443904726383,148.0977561890553,3554.3461485373277,0.1573626295520012,5.2732979185706296e-05,0.35
1935-06-17,1935-06-28,995.4845,0.9181998096202312,914.0536783798912,0.355,1935,6,17,1935.06,1934,9,260,38,0.0789742378120225,27.0703776344102,0.0296157416951605,0.74,4,Mod_Dry,45,10,9,9,88,161.0,0.1761384520495158,753.0536783798912,753.0536783798912,,4,188.2634195949728,188.2634195949728,188.2634195949728,188.2634195949728,0.0,0.0,0.0,0.0,0.0,0.0,45.0,10.0,9.0,9.0,88.0,817.0536783798912,990.0,967.5562147135196,22.44378528648042,0.4029094683030552,0.1665268391899456,989.430563692507,0.2507806961226276,0.2507806961226276,0.2507806961226276,0.2507806961226276,21.6235682828648,21.6235682828648,21.6235682828648,21.6235682828648,,0.9277199315635588,0.9277199315635588,0.9277199315635588,0.9277199315635588,37.03811635646543,37.03811635646543,37.03811635646543,37.03811635646543,0.7543404553251615,0.7543404553251615,0.7543404553251615,0.7543404553251615,0.97,0.97,0.97,0.97,35.92697286577147,35.92697286577147,35.92697286577147,35.92697286577147,143.70789146308587,3448.989395114061,0.1572204071404209,5.300931379238056e-05,0.355
1935-06-18,1935-06-29,971.4252,0.9180964110207984,891.8619896951615,0.363,1935,6,18,1935.06,1934,9,261,38,0.0770568759096619,22.191688684729687,0.0248824245692035,0.74,4,Mod_Dry,45,10,9,9,88,161.0,0.1805212037963741,730.8619896951615,730.8619896951615,,4,182.7154974237904,182.7154974237904,182.7154974237904,182.7154974237904,0.0,0.0,0.0,0.0,0.0,0.0,45.0,10.0,9.0,9.0,88.0,794.8619896951615,990.0,967.4674479587808,22.532552041219333,0.3826037716767632,0.1554309948475807,989.4619652334756,0.2362059833533791,0.2362059833533791,0.2362059833533791,0.2362059833533791,21.75831129134162,21.75831129134162,21.75831129134162,21.75831129134162,,0.925788087487107,0.925788087487107,0.925788087487107,0.925788087487107,36.0953168202757,36.0953168202757,36.0953168202757,36.0953168202757,0.7351388354434969,0.7351388354434969,0.7351388354434969,0.7351388354434969,0.97,0.97,0.97,0.97,35.012457315667426,35.012457315667426,35.012457315667426,35.012457315667426,140.0498292626697,3361.1959023040727,0.1570308308694025,5.32285587419421e-05,0.365
1935-06-19,1935-06-30,963.4877,0.9186515277026396,885.1094475277025,0.3670000000000001,1935,6,19,1935.06,1934,9,262,38,0.0764734562663935,6.752542167458955,0.0076290476689862,0.74,4,Mod_Dry,45,10,9,9,88,161.0,0.1818984086653995,724.1094475277025,724.1094475277025,,4,181.02736188192563,181.02736188192563,181.02736188192563,181.02736188192563,0.0,0.0,0.0,0.0,0.0,0.0,45.0,10.0,9.0,9.0,88.0,788.1094475277025,990.0,967.4404377901108,22.55956220988924,0.3764251038585265,0.1520547237638512,989.4715201723776,0.2318505936553681,0.2318505936553681,0.2318505936553681,0.2318505936553681,21.799231788611475,21.799231788611475,21.799231788611475,21.799231788611475,,0.9251691621121896,0.9251691621121896,0.9251691621121896,0.9251691621121896,35.80513038325667,35.80513038325667,35.80513038325667,35.80513038325667,0.7292287247099117,0.7292287247099117,0.7292287247099117,0.7292287247099117,0.97,0.97,0.97,0.97,34.730976471758964,34.730976471758964,34.730976471758964,34.730976471758964,138.92390588703586,3334.1737412888606,0.156956754077227,5.329301252630544e-05,0.365
1935-06-20,1935-07-01,916.7204,0.9105214280240044,834.6935677067364,0.383,1935,6,20,1935.06,1934,9,263,38,0.072117524249862,50.4158798209661,0.0604004652383751,0.74,4,Mod_Dry,45,10,9,9,88,161.0,0.1928851571749097,673.6935677067364,673.6935677067364,,4,168.4233919266841,168.4233919266841,168.4233919266841,168.4233919266841,0.0,0.0,0.0,0.0,0.0,0.0,45.0,10.0,9.0,9.0,88.0,737.6935677067364,990.0,967.2387742708268,22.76122572917313,0.3457452108448511,0.1321080703120209,989.5221467188431,0.2007476727855081,0.2007476727855081,0.2007476727855081,0.2007476727855081,22.082624775230773,22.082624775230773,22.082624775230773,22.082624775230773,,0.9206440492812716,0.9206440492812716,0.9206440492812716,0.9206440492812716,33.58022118427136,33.58022118427136,33.58022118427136,33.58022118427136,0.6839148917366875,0.6839148917366875,0.6839148917366875,0.6839148917366875,0.97,0.97,0.97,0.97,32.57281454874322,32.57281454874322,32.57281454874322,32.57281454874322,130.29125819497287,3126.9901966793486,0.1560947193506465,5.372177782321484e-05,0.385
1935-06-21,1935-07-02,901.4559,0.907115570001353,817.7246825595828,0.391,1935,6,21,1935.06,1934,9,264,38,0.0706514125731479,16.968885147153628,0.0207513427307084,0.71,4,Mod_Dry,45,10,9,9,88,161.0,0.1968877831791128,656.7246825595828,656.7246825595828,,3,218.90822751986093,218.90822751986093,218.90822751986093,0.0,0.0,0.0,0.0,0.0,0.0,0.0,45.0,10.0,9.0,9.0,88.0,720.7246825595828,990.0,967.1708987302384,22.829101269761736,0.336101960519668,0.1270174047678748,989.5368806347124,0.3390373407611716,0.3390373407611716,0.3390373407611716,0.0,22.02694456371304,22.02694456371304,22.02694456371304,22.36598190447421,,0.9372614157131478,0.9372614157131478,0.9372614157131478,0.0,44.32163588762319,44.32163588762319,44.32163588762319,0.0,0.9026809753080078,0.9026809753080078,0.9026809753080078,0.0,0.98,0.98,0.98,0.96,43.435203169870725,43.435203169870725,43.435203169870725,0.0,130.30560950961217,3127.334628230692,0.1593514446717432,5.511594676247756e-05,0.39
1935-06-22,1935-07-03,878.8611,0.9037319275970654,794.2548359930772,0.399,1935,6,22,1935.06,1934,9,265,38,0.0686236178298018,23.46984656650557,0.029549516733078,0.71,4,Mod_Dry,45,10,9,9,88,161.0,0.2027057220227026,633.2548359930772,633.2548359930772,,3,211.08494533102572,211.08494533102572,211.08494533102572,0.0,0.0,0.0,0.0,0.0,0.0,0.0,45.0,10.0,9.0,9.0,88.0,697.2548359930772,990.0,967.0770193439724,22.92298065602768,0.3227642778391758,0.1199764507979231,989.5572592713628,0.3152548359930772,0.3152548359930772,0.3152548359930772,0.0,22.164985091397508,22.164985091397508,22.164985091397508,22.480239927390585,,0.9355723457126004,0.9355723457126004,0.9355723457126004,0.0,42.92801227436634,42.92801227436634,42.92801227436634,0.0,0.8742976023292534,0.8742976023292534,0.8742976023292534,0.0,0.9774297602329252,0.9774297602329252,0.9774297602329252,0.96,41.959116744609965,41.959116744609965,41.959116744609965,0.0,125.8773502338299,3021.0564056119174,0.1584848395369758,5.521620780941111e-05,0.4
1935-06-23,1935-07-04,863.9982,0.9020463209442272,779.3663976124346,0.405,1935,6,23,1935.06,1934,9,266,38,0.0673372567537143,14.888438380642588,0.0191032592965938,0.71,4,Mod_Dry,45,10,9,9,88,161.0,0.2065780619914056,618.3663976124346,618.3663976124346,,3,206.12213253747825,206.12213253747825,206.12213253747825,0.0,0.0,0.0,0.0,0.0,0.0,0.0,45.0,10.0,9.0,9.0,88.0,682.3663976124346,990.0,967.0174655904495,22.98253440955034,0.3143033249238522,0.1155099192837303,989.5701867557924,0.3005990696601859,0.3005990696601859,0.3005990696601859,0.0,22.252122095682672,22.252122095682672,22.252122095682672,22.55272116534286,,0.9344999073129696,0.9344999073129696,0.9344999073129696,0.0,42.03528762056697,42.03528762056697,42.03528762056697,0.0,0.856115837486089,0.856115837486089,0.856115837486089,0.0,0.9756115837486088,0.9756115837486088,0.9756115837486088,0.96,41.01011352882964,41.01011352882964,41.01011352882964,0.0,123.0303405864889,2952.728174075733,0.1578594367981332,5.526673949184656e-05,0.405
1935-06-24,1935-07-05,842.0024,0.8927119306975572,751.6655881559767,0.414,1935,6,24,1935.06,1934,9,267,39,0.0649439068166763,27.70080945645793,0.0368525710009087,0.71,4,Mod_Dry,45,10,9,9,88,161.0,0.214190994688174,590.6655881559767,590.6655881559767,,3,196.8885293853256,196.8885293853256,196.8885293853256,0.0,0.0,0.0,0.0,0.0,0.0,0.0,45.0,10.0,9.0,9.0,88.0,654.6655881559767,990.0,966.906662352624,23.093337647376075,0.2985612276981172,0.1062662352623906,989.5951725370396,0.2742878822789116,0.2742878822789116,0.2742878822789116,0.0,22.414222302136665,22.414222302136665,22.414222302136665,22.688510184415577,,0.9316577533205406,0.9316577533205406,0.9316577533205406,0.0,40.32173323716457,40.32173323716457,40.32173323716457,0.0,0.8212165628750422,0.8212165628750422,0.8212165628750422,0.0,0.9721216562875042,0.9721216562875042,0.9721216562875042,0.96,39.19763009889533,39.19763009889533,39.19763009889533,0.0,117.592890296686,2822.229367120464,0.1564430940428851,5.530149784255536e-05,0.415
1935-06-25,1935-07-06,806.1332,0.8935666243082664,720.3337222668207,0.431,1935,6,25,1935.06,1934,9,268,39,0.0622368336038533,31.331865889156013,0.0434963197204729,0.71,4,Mod_Dry,45,10,9,9,88,161.0,0.2235075146743769,559.3337222668207,559.3337222668207,,3,186.44457408894024,186.44457408894024,186.44457408894024,0.0,0.0,0.0,0.0,0.0,0.0,0.0,45.0,10.0,9.0,9.0,88.0,623.3337222668207,990.0,966.7813348890672,23.21866511093276,0.2807556368591175,0.0937334889067282,989.625510874234,0.245942567076581,0.245942567076581,0.245942567076581,0.0,22.598233418090302,22.598233418090302,22.598233418090302,22.844175985166885,,0.9284887746793812,0.9284887746793812,0.9284887746793812,0.0,38.36538813612972,38.36538813612972,38.36538813612972,0.0,0.7813724671309514,0.7813724671309514,0.7813724671309514,0.0,0.97,0.97,0.97,0.96,37.214426492045824,37.214426492045824,37.214426492045824,0.0,111.64327947613748,2679.4387074272995,0.1549882728311078,5.544457779341811e-05,0.43
1935-06-26,1935-07-07,778.1427,0.8891770066630039,691.9065967426677,0.441,1935,6,26,1935.06,1934,9,269,39,0.0597807299585664,28.427125524152984,0.0410852066709309,0.71,4,Mod_Dry,45,10,9,9,88,161.0,0.2326903671072798,530.9065967426677,530.9065967426677,,3,176.96886558088923,176.96886558088923,176.96886558088923,0.0,0.0,0.0,0.0,0.0,0.0,0.0,45.0,10.0,9.0,9.0,88.0,594.9065967426677,990.0,966.6676263869706,23.332373613029404,0.2646007813646307,0.082362638697067,989.6530365799384,0.221622163952223,0.221622163952223,0.221622163952223,0.0,22.763788029015497,22.763788029015497,22.763788029015497,22.98541019296772,,0.9253804527103642,0.9253804527103642,0.9253804527103642,0.0,36.5595145832174,36.5595145832174,36.5595145832174,0.0,0.7445929650349775,0.7445929650349775,0.7445929650349775,0.0,0.97,0.97,0.97,0.96,35.46272914572088,35.46272914572088,35.46272914572088,0.0,106.38818743716264,2553.316498491903,0.1537609092585805,5.566379184100592e-05,0.44
1935-06-27,1935-07-08,750.7725,0.8881602932782826,666.8063237852695,0.452,1935,6,27,1935.06,1934,9,270,39,0.0576120663750472,25.10027295739826,0.0376425238664672,0.71,4,Mod_Dry,45,10,9,9,88,161.0,0.2414494198046126,505.8063237852695,505.8063237852695,,3,168.60210792842315,168.60210792842315,168.60210792842315,0.0,0.0,0.0,0.0,0.0,0.0,0.0,45.0,10.0,9.0,9.0,88.0,569.8063237852695,990.0,966.567225295141,23.43277470485896,0.2503365434220918,0.0723225295141078,989.6773409270638,0.2011730168696471,0.2011730168696471,0.2011730168696471,0.0,22.90894261505313,22.90894261505313,22.90894261505313,23.11011563192278,,0.9226356608464455,0.9226356608464455,0.9226356608464455,0.0,34.94917918880507,34.94917918880507,34.94917918880507,0.0,0.7117959101589627,0.7117959101589627,0.7117959101589627,0.0,0.97,0.97,0.97,0.96,33.900703813140915,33.900703813140915,33.900703813140915,0.0,101.70211143942274,2440.850674546145,0.1525212161487744,5.585257673240165e-05,0.45
1935-06-28,1935-07-09,724.0169999999998,0.8797110956815125,636.9257883620418,0.466,1935,6,28,1935.06,1934,9,271,39,0.0550303881144804,29.88053542322768,0.0469136844028098,0.71,4,Mod_Dry,45,10,9,9,88,161.0,0.2527767016845678,475.92578836204177,475.92578836204177,,3,158.64192945401393,158.64192945401393,158.64192945401393,0.0,0.0,0.0,0.0,0.0,0.0,0.0,45.0,10.0,9.0,9.0,88.0,539.9257883620418,990.0,966.4477031534482,23.552296846551823,0.2333557293946587,0.0651851576724083,989.7014591129328,0.1780850833879109,0.1780850833879109,0.1780850833879109,0.0,23.075670876096783,23.075670876096783,23.075670876096783,23.253755959484693,,0.9189669954075048,0.9189669954075048,0.9189669954075048,0.0,32.99217390720975,32.99217390720975,32.99217390720975,0.0,0.6719383687822759,0.6719383687822759,0.6719383687822759,0.0,0.97,0.97,0.97,0.96,32.00240868999345,32.00240868999345,32.00240868999345,0.0,96.00722606998036,2304.173425679529,0.1507353412661757,5.603536215196799e-05,0.465
1935-06-29,1935-07-10,710.868,0.8775314292741972,623.8090120652902,0.47,1935,6,29,1935.06,1934,9,272,39,0.053897098642441,13.116776296751594,0.0210269105496326,0.71,4,Mod_Dry,45,10,9,9,88,161.0,0.2580918147799204,462.8090120652902,462.8090120652902,,3,154.26967068843007,154.26967068843007,154.26967068843007,0.0,0.0,0.0,0.0,0.0,0.0,0.0,45.0,10.0,9.0,9.0,88.0,526.8090120652902,990.0,966.3952360482612,23.60476395173885,0.2259015945948707,0.062561802413058,989.711536602992,0.1684224886870089,0.1684224886870089,0.1684224886870089,0.0,23.14787806604389,23.14787806604389,23.14787806604389,23.3163005547309,,0.9172219675085992,0.9172219675085992,0.9172219675085992,0.0,32.12217068952023,32.12217068952023,32.12217068952023,0.0,0.654219362312021,0.654219362312021,0.654219362312021,0.0,0.97,0.97,0.97,0.96,31.158505568834624,31.158505568834624,31.158505568834624,0.0,93.47551670650388,2243.412400956093,0.1498463710824369,5.610396649687356e-05,0.47
1935-06-30,1935-07-11,704.3503,0.8783280558406197,618.6506296297572,0.474,1935,6,30,1935.06,1934,9,273,39,0.053451414400011,5.158382435532985,0.0083381187838119,0.71,4,Mod_Dry,45,10,9,9,88,161.0,0.260243814988685,457.6506296297572,457.6506296297572,,3,152.55020987658574,152.55020987658574,152.55020987658574,0.0,0.0,0.0,0.0,0.0,0.0,0.0,45.0,10.0,9.0,9.0,88.0,521.6506296297572,990.0,966.3746025185188,23.62539748148106,0.222970136654794,0.0615301259259514,989.7154997374192,0.1647084533334252,0.1647084533334252,0.1647084533334252,0.0,23.17618876556687,23.17618876556687,23.17618876556687,23.34089721890029,,0.9165370053028972,0.9165370053028972,0.9165370053028972,0.0,31.7792418964958,31.7792418964958,31.7792418964958,0.0,0.6472350691750671,0.6472350691750671,0.6472350691750671,0.0,0.97,0.97,0.97,0.96,30.825864639600923,30.825864639600923,30.825864639600923,0.0,92.47759391880275,2219.4622540512664,0.1494827443627555,5.613063518296202e-05,0.475
1935-07-01,1935-07-12,691.4282,0.8804892019345739,608.7950640130589,0.48,1935,7,1,1935.07,1934,10,274,40,0.0525998935307282,9.855565616698302,0.0161886424501084,0.7000000000000001,4,Mod_Dry,42,9,8,6,70,135.0,0.2217494982796118,473.7950640130589,473.7950640130589,,3,157.93168800435296,157.93168800435296,157.93168800435296,0.0,0.0,0.0,0.0,0.0,0.0,0.0,42.0,9.0,8.0,6.0,70.0,532.7950640130589,990.0,966.3351802560522,23.66481974394776,0.2293034089681365,0.0647590128026117,989.7059375782292,0.1765083473696636,0.1765083473696636,0.1765083473696636,0.0,23.19424897480738,23.19424897480738,23.19424897480738,23.37075732217704,,0.9187853903860076,0.9187853903860076,0.9187853903860076,0.0,33.00672024741683,33.00672024741683,33.00672024741683,0.0,0.6722346282569619,0.6722346282569619,0.6722346282569619,0.0,0.97,0.97,0.97,0.96,32.016518639994324,32.016518639994324,32.016518639994324,0.0,96.04955591998296,2305.189342079592,0.1577699321128574,5.63121784638514e-05,0.48
1935-07-02,1935-07-13,678.6565,0.8777769920279594,595.7090611902229,0.485,1935,7,2,1935.07,1934,10,275,40,0.0514692628868352,13.086002822836008,0.0219671038689427,0.7000000000000001,4,Mod_Dry,42,9,8,6,70,135.0,0.226620692541206,460.7090611902229,460.7090611902229,,3,153.56968706340763,153.56968706340763,153.56968706340763,0.0,0.0,0.0,0.0,0.0,0.0,0.0,42.0,9.0,8.0,6.0,70.0,519.7090611902229,990.0,966.280690775356,23.719309224644007,0.2218667624305277,0.0621418122380445,989.7159914253316,0.1669105240569605,0.1669105240569605,0.1669105240569605,0.0,23.26839012591853,23.26839012591853,23.26839012591853,23.43530064997549,,0.917051083196731,0.917051083196731,0.917051083196731,0.0,32.136906088747224,32.136906088747224,32.136906088747224,0.0,0.6545194722759109,0.6545194722759109,0.6545194722759109,0.0,0.97,0.97,0.97,0.96,31.172798906084807,31.172798906084807,31.172798906084807,0.0,93.51839671825442,2244.4415212381064,0.1569866950343264,5.638554699711348e-05,0.485
1935-07-03,1935-07-14,666.0345,0.8753352736866753,583.0034913422678,0.493,1935,7,3,1935.07,1934,10,276,40,0.0503715016519719,12.705569847955074,0.021793299760011,0.7000000000000001,4,Mod_Dry,42,9,8,6,70,135.0,0.2315595052255778,448.0034913422678,448.0034913422678,,3,149.33449711408926,149.33449711408926,149.33449711408926,0.0,0.0,0.0,0.0,0.0,0.0,0.0,42.0,9.0,8.0,6.0,70.0,507.0034913422678,990.0,966.22351571104,23.776484288959864,0.2146463122061663,0.0596006982684535,989.7257529895254,0.1578157539973056,0.1578157539973056,0.1578157539973056,0.0,23.344421524487963,23.344421524487963,23.344421524487963,23.502237278485268,,0.915376294462587,0.915376294462587,0.915376294462587,0.0,31.29548029838929,31.29548029838929,31.29548029838929,0.0,0.6373824908022259,0.6373824908022259,0.6373824908022259,0.0,0.97,0.97,0.97,0.96,30.35661588943761,30.35661588943761,30.35661588943761,0.0,91.06984766831285,2185.676344039508,0.1562080656818019,5.6466479384059126e-05,0.495
1935-07-04,1935-07-15,653.5614,0.8750395785925671,571.8920920403683,0.4970000000000001,1935,7,4,1935.07,1934,10,277,40,0.0494114767522878,11.111399301899494,0.0194291885769163,0.7000000000000001,4,Mod_Dry,42,9,8,6,70,135.0,0.236058518519383,436.8920920403683,436.8920920403683,,2,218.44604602018416,218.44604602018416,0.0,0.0,0.0,0.0,0.0,0.0,0.0,0.0,42.0,9.0,8.0,6.0,70.0,495.8920920403683,990.0,966.1735144141816,23.826485585818432,0.2105474680709617,0.0573784184080736,989.7320741135208,0.3376138217421672,0.3376138217421672,0.0,0.0,23.22094587759713,23.22094587759713,23.5585596993393,23.5585596993393,,0.9383142226034804,0.9383142226034804,0.0,0.0,46.67787677080659,46.67787677080659,0.0,0.0,0.9506695880001342,0.9506695880001342,0.0,0.0,0.98,0.98,0.96,0.96,45.744319235390456,45.744319235390456,0.0,0.0,91.48863847078093,2195.727323298742,0.1599753515464294,5.816885027065185e-05,0.495
1935-07-05,1935-07-16,653.5614,0.8750395785925671,571.8920920403683,0.4970000000000001,1935,7,5,1935.07,1934,10,278,40,0.0494114767522878,0.0,0.0,0.7000000000000001,4,Mod_Dry,42,9,8,6,70,135.0,0.236058518519383,436.8920920403683,436.8920920403683,,2,218.44604602018416,218.44604602018416,0.0,0.0,0.0,0.0,0.0,0.0,0.0,0.0,42.0,9.0,8.0,6.0,70.0,495.8920920403683,990.0,966.1735144141816,23.826485585818432,0.2105474680709617,0.0573784184080736,989.7320741135208,0.3376138217421672,0.3376138217421672,0.0,0.0,23.22094587759713,23.22094587759713,23.5585596993393,23.5585596993393,,0.9383142226034804,0.9383142226034804,0.0,0.0,46.67787677080659,46.67787677080659,0.0,0.0,0.9506695880001342,0.9506695880001342,0.0,0.0,0.98,0.98,0.96,0.96,45.744319235390456,45.744319235390456,0.0,0.0,91.48863847078093,2195.727323298742,0.1599753515464294,5.816885027065185e-05,0.495
1935-07-06,1935-07-17,641.2365,0.8794376863729334,563.9275439778775,0.503,1935,7,6,1935.07,1934,10,279,40,0.0487233397996886,7.964548062490849,0.0141233535186273,0.7000000000000001,4,Mod_Dry,42,9,8,6,70,135.0,0.2393924564275157,428.9275439778775,428.9275439778775,,2,214.46377198893876,214.46377198893876,0.0,0.0,0.0,0.0,0.0,0.0,0.0,0.0,42.0,9.0,8.0,6.0,70.0,487.9275439778775,990.0,966.1376739479005,23.862326052099547,0.2077365319450556,0.0557855087955755,989.7364779592592,0.3253913159668162,0.3253913159668162,0.0,0.0,23.273412695392064,23.273412695392064,23.59880401135888,23.59880401135888,,0.9374225906945296,0.9374225906945296,0.0,0.0,45.886837308547584,45.886837308547584,0.0,0.0,0.934558804654737,0.934558804654737,0.0,0.0,0.98,0.98,0.96,0.96,44.96910056237663,44.96910056237663,0.0,0.0,89.93820112475326,2158.516826994078,0.1594853843994566,5.82448807415672e-05,0.505
1935-07-07,1935-07-18,635.1294,0.8861628436789661,562.8280752081156,0.506,1935,7,7,1935.07,1934,10,280,40,0.0486283456979812,1.09946876976187,0.0019534717939493,0.7000000000000001,4,Mod_Dry,42,9,8,6,70,135.0,0.2398601028388311,427.8280752081156,427.8280752081156,,2,213.9140376040578,213.9140376040578,0.0,0.0,0.0,0.0,0.0,0.0,0.0,0.0,42.0,9.0,8.0,6.0,70.0,486.8280752081156,990.0,966.1327263384364,23.86727366156356,0.2073484953031796,0.0555656150416231,989.7370858896552,0.3237421128121734,0.3237421128121734,0.0,0.0,23.280617438406576,23.280617438406576,23.60435955121875,23.60435955121875,,0.9372985772943434,0.9372985772943434,0.0,0.0,45.77732769872792,45.77732769872792,0.0,0.0,0.932328466369204,0.932328466369204,0.0,0.0,0.98,0.98,0.96,0.96,44.86178114475336,44.86178114475336,0.0,0.0,89.72356228950672,2153.365494948161,0.1594155768727952,5.825520388058072e-05,0.505
1935-07-08,1935-07-19,623.0255,0.8843912864860217,550.9983234585969,0.515,1935,7,8,1935.07,1934,10,281,41,0.0476062551468227,11.829751749518664,0.0214696692274193,0.7000000000000001,4,Mod_Dry,42,9,8,6,70,135.0,0.2450098199076356,415.9983234585969,415.9983234585969,,2,207.9991617292985,207.9991617292985,0.0,0.0,0.0,0.0,0.0,0.0,0.0,0.0,42.0,9.0,8.0,6.0,70.0,474.9983234585969,990.0,966.0794924555636,23.920507544436305,0.2031734088711162,0.0531996646917193,989.7436269264372,0.3061175354841375,0.3061175354841375,0.0,0.0,23.35801693538934,23.35801693538934,23.66413447087348,23.66413447087348,,0.9359506107658012,0.9359506107658012,0.0,0.0,44.59530979063472,44.59530979063472,0.0,0.0,0.9082547818866542,0.9082547818866542,0.0,0.0,0.98,0.98,0.96,0.96,43.70340359482203,43.70340359482203,0.0,0.0,87.40680718964406,2097.763372551457,0.1586335265795268,5.836482335296359e-05,0.515
1935-07-09,1935-07-20,617.0284,0.8884164098844547,548.1781559247493,0.519,1935,7,9,1935.07,1934,10,282,41,0.0473625926718983,2.8201675338476657,0.0051446185940958,0.7000000000000001,4,Mod_Dry,42,9,8,6,70,135.0,0.2462703019828685,413.17815592474926,413.17815592474926,,2,206.58907796237463,206.58907796237463,0.0,0.0,0.0,0.0,0.0,0.0,0.0,0.0,42.0,9.0,8.0,6.0,70.0,472.17815592474926,990.0,966.0668017016612,23.93319829833865,0.2021780842475719,0.0526356311849498,989.7451862845676,0.3019718892093814,0.3019718892093814,0.0,0.0,23.376412693696853,23.376412693696853,23.678384582906236,23.678384582906236,,0.9356255614420348,0.9356255614420348,0.0,0.0,44.31247432822863,44.31247432822863,0.0,0.0,0.902494385503638,0.902494385503638,0.0,0.0,0.98,0.98,0.96,0.96,43.42622484166405,43.42622484166405,0.0,0.0,86.8524496833281,2084.4587923998743,0.1584383630478897,5.8390503277199065e-05,0.52
1935-07-10,1935-07-21,605.1438,0.8886028945088347,537.7325322740754,0.526,1935,7,10,1935.07,1934,10,283,41,0.0464600907884801,10.445623650673838,0.0194253146754934,0.7000000000000001,4,Mod_Dry,42,9,8,6,70,135.0,0.2510541800941145,402.7325322740754,402.7325322740754,,2,201.3662661370377,201.3662661370377,0.0,0.0,0.0,0.0,0.0,0.0,0.0,0.0,42.0,9.0,8.0,6.0,70.0,461.7325322740754,990.0,966.0197963952334,23.980203604766643,0.1984914995666935,0.050546506454815,989.7509619939784,0.2869075211519278,0.2869075211519278,0.0,0.0,23.44425807759325,23.44425807759325,23.73116559874518,23.73116559874518,,0.9341840824882676,0.9341840824882676,0.0,0.0,43.25082274060963,43.25082274060963,0.0,0.0,0.8808721535765708,0.8808721535765708,0.0,0.0,0.9780872153576572,0.9780872153576572,0.96,0.96,42.3030767762905,42.3030767762905,0.0,0.0,84.606153552581,2030.547685261944,0.1573387297115554,5.83556267169585e-05,0.525
1935-07-11,1935-07-22,599.256,0.8886339443648977,532.5192229643311,0.53,1935,7,11,1935.07,1934,10,284,41,0.0460096608641182,5.213309309744318,0.0097898988147767,0.62,3,Normal,50,10,9,9,108,186.0,0.3492831657129841,346.5192229643311,346.5192229643311,,2,173.25961148216555,173.25961148216555,0.0,0.0,0.0,0.0,0.0,0.0,0.0,0.0,50.0,10.0,9.0,9.0,108.0,415.5192229643311,990.0,965.9963365033394,24.00366349666058,0.1821813888589423,0.0393038445928662,989.7785147665484,0.2124534520164839,0.2124534520164839,0.0,0.0,23.56972481119235,23.56972481119235,23.782178263208834,23.782178263208834,,0.9250345213285264,0.9250345213285264,0.0,0.0,37.04661125040936,37.04661125040936,0.0,0.0,0.7545134674217793,0.7545134674217793,0.0,0.0,0.97,0.97,0.96,0.96,35.93521291289708,35.93521291289708,0.0,0.0,71.87042582579416,1724.89021981906,0.1349630637288903,5.761298609366529e-05,0.53
1935-07-12,1935-07-23,576.0661,0.8889914195501405,512.1178199937132,0.544,1935,7,12,1935.07,1934,10,285,41,0.0442469796474568,20.401402970617934,0.0398373229247683,0.62,3,Normal,50,10,9,9,108,186.0,0.3631976719776776,326.1178199937132,326.1178199937132,,2,163.05890999685658,163.05890999685658,0.0,0.0,0.0,0.0,0.0,0.0,0.0,0.0,50.0,10.0,9.0,9.0,108.0,395.1178199937132,990.0,965.9045301899716,24.09546981002836,0.1749811007598154,0.0352235639987426,989.7897953352414,0.1881354929927701,0.1881354929927701,0.0,0.0,23.69712965227696,23.69712965227696,23.885265145269727,23.885265145269727,,0.9213707487769331,0.9213707487769331,0.0,0.0,34.915108775459444,34.915108775459444,0.0,0.0,0.7111020117201516,0.7111020117201516,0.0,0.0,0.97,0.97,0.96,0.96,33.86765551219566,33.86765551219566,0.0,0.0,67.73531102439132,1625.6474645853918,0.1322650928749615,5.769498941764285e-05,0.545
1935-07-13,1935-07-24,570.3586,0.8854392210789449,505.01787451967766,0.547,1935,7,13,1935.07,1934,10,286,41,0.0436335443585001,7.099945474035508,0.0140588003559047,0.62,3,Normal,50,10,9,9,108,186.0,0.3683037955377412,319.01787451967766,319.01787451967766,,2,159.50893725983883,159.50893725983883,0.0,0.0,0.0,0.0,0.0,0.0,0.0,0.0,50.0,10.0,9.0,9.0,108.0,388.01787451967766,990.0,965.8725804353384,24.127419564661523,0.1724753097132499,0.0338035749039355,989.7937211153828,0.1800098407168422,0.1800098407168422,0.0,0.0,23.741130839327504,23.741130839327504,23.921140680044346,23.921140680044346,,0.919955292422987,0.919955292422987,0.0,0.0,34.165819698712944,34.165819698712944,0.0,0.0,0.6958415417253145,0.6958415417253145,0.0,0.0,0.97,0.97,0.96,0.96,33.14084510775155,33.14084510775155,0.0,0.0,66.2816902155031,1590.7605651720746,0.1312462262420782,5.771331980422265e-05,0.545
1935-07-14,1935-07-25,553.45,0.8781733244038457,486.0250263913084,0.5579999999999999,1935,7,14,1935.07,1934,10,287,41,0.041992562280209,18.992848128369307,0.0390779221172816,0.62,3,Normal,50,10,9,9,108,186.0,0.3826963425752642,300.0250263913084,300.0250263913084,,2,150.0125131956542,150.0125131956542,0.0,0.0,0.0,0.0,0.0,0.0,0.0,0.0,50.0,10.0,9.0,9.0,108.0,369.0250263913084,990.0,965.7871126187608,24.21288738123917,0.1657721443209397,0.0300050052782616,989.8042228504008,0.1592270285026131,0.1592270285026131,0.0,0.0,23.85788320313739,23.85788320313739,24.017110231640004,24.017110231640004,,0.9161801604777094,0.9161801604777094,0.0,0.0,32.157255603296285,32.157255603296285,0.0,0.0,0.6549339226740587,0.6549339226740587,0.0,0.0,0.97,0.97,0.96,0.96,31.1925379351974,31.1925379351974,0.0,0.0,62.38507587039479,1497.241820889475,0.1283577439079594,5.775914079639042e-05,0.56
1935-07-15,1935-07-26,547.8849,0.8752989863551575,479.5630976092969,0.5630000000000001,1935,7,15,1935.07,1934,10,288,42,0.0414342516334432,6.461928782011513,0.0134746164044425,0.62,3,Normal,50,10,9,9,108,186.0,0.387853028990849,293.5630976092969,293.5630976092969,,2,146.78154880464845,146.78154880464845,0.0,0.0,0.0,0.0,0.0,0.0,0.0,0.0,50.0,10.0,9.0,9.0,108.0,362.5630976092969,990.0,965.7580339392418,24.24196606075816,0.1634915291606229,0.0287126195218593,989.8077958513176,0.1525056215136687,0.1525056215136687,0.0,0.0,23.89725629056194,23.89725629056194,24.04976191207561,24.04976191207561,,0.914899427923754,0.914899427923754,0.0,0.0,31.472523228959563,31.472523228959563,0.0,0.0,0.6409882531356327,0.6409882531356327,0.0,0.0,0.97,0.97,0.96,0.96,30.528347532090777,30.528347532090777,0.0,0.0,61.056695064181554,1465.3606815403573,0.1273173339828679,5.777358670590159e-05,0.565
1935-07-16,1935-07-27,536.8608,0.8801028281077824,472.4927083802066,0.5690000000000001,1935,7,16,1935.07,1934,10,289,42,0.0408233700040498,7.070389229090267,0.0149640176529472,0.62,3,Normal,50,10,9,9,108,186.0,0.3936568685634172,286.4927083802066,286.4927083802066,,2,143.2463541901033,143.2463541901033,0.0,0.0,0.0,0.0,0.0,0.0,0.0,0.0,50.0,10.0,9.0,9.0,108.0,355.4927083802066,990.0,965.7262171877107,24.27378281228914,0.1609961694299351,0.0272985416760413,989.811705288894,0.1452576354640086,0.1452576354640086,0.0,0.0,23.94023046571915,23.94023046571915,24.08548810118316,24.08548810118316,,0.913371368914896,0.913371368914896,0.0,0.0,30.718358012225085,30.718358012225085,0.0,0.0,0.6256284727540751,0.6256284727540751,0.0,0.0,0.97,0.97,0.96,0.96,29.79680727185833,29.79680727185833,0.0,0.0,59.59361454371666,1430.2467490492,0.1261259983207248,5.778081372922911e-05,0.57
1935-07-17,1935-07-28,525.9775,0.8881694527338079,467.1571483252964,0.58,1935,7,17,1935.07,1934,10,290,42,0.0403623776153056,5.335560054910161,0.011421338780831,0.62,3,Normal,50,10,9,9,108,186.0,0.3981529570226811,281.1571483252964,281.1571483252964,,2,140.5785741626482,140.5785741626482,0.0,0.0,0.0,0.0,0.0,0.0,0.0,0.0,50.0,10.0,9.0,9.0,108.0,350.1571483252964,990.0,965.7022071674638,24.29779283253617,0.1591130847410597,0.0262314296650592,989.814655485594,0.1398687198085493,0.1398687198085493,0.0,0.0,23.972579598321527,23.972579598321527,24.11244831813008,24.11244831813008,,0.9121257687197676,0.9121257687197676,0.0,0.0,30.14583572538187,30.14583572538187,0.0,0.0,0.6139681410464739,0.6139681410464739,0.0,0.0,0.97,0.97,0.96,0.96,29.24146065362041,29.24146065362041,0.0,0.0,58.48292130724082,1403.5901113737798,0.1251889680311972,5.7779985376300605e-05,0.58
1935-07-18,1935-07-29,520.5884,0.8885427859104034,462.56506724863937,0.581,1935,7,18,1935.07,1934,10,291,42,0.0399656218102824,4.592081076657053,0.0099274273000574,0.62,3,Normal,50,10,9,9,108,186.0,0.4021055915578266,276.56506724863937,276.56506724863937,,2,138.28253362431968,138.28253362431968,0.0,0.0,0.0,0.0,0.0,0.0,0.0,0.0,50.0,10.0,9.0,9.0,108.0,345.56506724863937,990.0,965.6815428026188,24.31845719738112,0.1574923968514034,0.0253130134497278,989.8171945896988,0.1353681152311801,0.1353681152311801,0.0,0.0,24.000283671848884,24.000283671848884,24.135651787080064,24.135651787080064,,0.9110593165344774,0.9110593165344774,0.0,0.0,29.65302857598738,29.65302857598738,0.0,0.0,0.6039313355598245,0.6039313355598245,0.0,0.0,0.97,0.97,0.96,0.96,28.76343771870776,28.76343771870776,0.0,0.0,57.52687543741552,1380.6450104979724,0.12436493697976,5.777912510960085e-05,0.58
1935-07-19,1935-07-30,509.9149,0.8935905892579125,455.65515596238953,0.59,1935,7,19,1935.07,1934,10,292,42,0.0393686054751504,6.909911286249838,0.0151647823926306,0.62,3,Normal,50,10,9,9,108,186.0,0.4082034353526611,269.6551559623896,269.6551559623896,,2,134.82757798119476,134.82757798119476,0.0,0.0,0.0,0.0,0.0,0.0,0.0,0.0,50.0,10.0,9.0,9.0,108.0,338.6551559623896,990.0,965.6504482018308,24.349551798169276,0.1550536747658653,0.0239310311924779,989.8210152940416,0.1286758466046461,0.1286758466046461,0.0,0.0,24.041891245606298,24.041891245606298,24.170567092210945,24.170567092210945,,0.9094558902740534,0.9094558902740534,0.0,0.0,28.911305368660184,28.911305368660184,0.0,0.0,0.5888249565918571,0.5888249565918571,0.0,0.0,0.97,0.97,0.96,0.96,28.043966207600377,28.043966207600377,0.0,0.0,56.087932415200754,1346.110377964818,0.1230929392135098,5.7777427510481896e-05,0.59
1935-07-20,1935-07-31,504.6303,0.897830776149602,453.0726139176065,0.595,1935,7,20,1935.07,1934,10,293,42,0.0391454738424812,2.582542044782997,0.0057000621212842,0.62,3,Normal,50,10,9,9,108,186.0,0.410530220292293,267.0726139176065,267.0726139176065,,2,133.53630695880324,133.53630695880324,0.0,0.0,0.0,0.0,0.0,0.0,0.0,0.0,50.0,10.0,9.0,9.0,108.0,336.0726139176065,990.0,965.6388267626292,24.36117323737085,0.1541422155501767,0.0234145227835212,989.8224432616664,0.12624825708255,0.12624825708255,0.0,0.0,24.05736824195461,24.05736824195461,24.18361649903716,24.18361649903716,,0.9088581090394138,0.9088581090394138,0.0,0.0,28.634015993032424,28.634015993032424,0.0,0.0,0.5831775151330433,0.5831775151330433,0.0,0.0,0.97,0.97,0.96,0.96,27.77499551324145,27.77499551324145,0.0,0.0,55.5499910264829,1333.1997846355896,0.1226072583512737,5.777662050992745e-05,0.595
1935-07-21,1935-08-01,488.9841,0.8998924733267547,440.0331111664572,0.609,1935,7,21,1935.07,1934,10,294,42,0.0380188608047818,13.039502751149314,0.0296330035632629,0.64,3,Normal,50,10,9,9,108,186.0,0.4226954637730415,254.0331111664572,254.0331111664572,,2,127.0165555832286,127.0165555832286,0.0,0.0,0.0,0.0,0.0,0.0,0.0,0.0,50.0,10.0,9.0,9.0,108.0,323.0331111664572,990.0,965.580149000249,24.41985099975102,0.1495401704549031,0.0208066222332914,989.8296532073118,0.1142298000498115,0.1142298000498115,0.0,0.0,24.13527440701303,24.13527440701303,24.24950420706284,24.24950420706284,,0.9058526323188518,0.9058526323188518,0.0,0.0,27.23383629240664,27.23383629240664,0.0,0.0,0.554660616953292,0.554660616953292,0.0,0.0,0.97,0.97,0.96,0.96,26.41682120363444,26.41682120363444,0.0,0.0,52.83364240726888,1268.007417774453,0.1200674246245137,5.7772042834921376e-05,0.61
1935-07-22,1935-08-02,488.9841,0.8998924733267547,440.0331111664572,0.609,1935,7,22,1935.07,1934,10,295,43,0.0380188608047818,0.0,0.0,0.64,3,Normal,50,10,9,9,108,186.0,0.4226954637730415,254.0331111664572,254.0331111664572,,2,127.0165555832286,127.0165555832286,0.0,0.0,0.0,0.0,0.0,0.0,0.0,0.0,50.0,10.0,9.0,9.0,108.0,323.0331111664572,990.0,965.580149000249,24.41985099975102,0.1495401704549031,0.0208066222332914,989.8296532073118,0.1142298000498115,0.1142298000498115,0.0,0.0,24.13527440701303,24.13527440701303,24.24950420706284,24.24950420706284,,0.9058526323188518,0.9058526323188518,0.0,0.0,27.23383629240664,27.23383629240664,0.0,0.0,0.554660616953292,0.554660616953292,0.0,0.0,0.97,0.97,0.96,0.96,26.41682120363444,26.41682120363444,0.0,0.0,52.83364240726888,1268.007417774453,0.1200674246245137,5.7772042834921376e-05,0.61
1935-07-23,1935-08-03,473.647,0.9007401735700734,426.6328809909446,0.62,1935,7,23,1935.07,1934,10,296,43,0.0368610809176176,13.400230175512604,0.0314092766230013,0.64,3,Normal,50,10,9,9,108,186.0,0.4359720225219769,240.6328809909446,240.6328809909446,,2,120.3164404954723,120.3164404954723,0.0,0.0,0.0,0.0,0.0,0.0,0.0,0.0,50.0,10.0,9.0,9.0,108.0,309.6328809909446,990.0,965.5198479644592,24.480152035540755,0.1448108134593444,0.0181265761981889,989.8370626103424,0.1024506064621218,0.1024506064621218,0.0,0.0,24.214764039421148,24.214764039421148,24.31721464588327,24.31721464588327,,0.9011672166248176,0.9011672166248176,0.0,0.0,25.74834385054564,25.74834385054564,0.0,0.0,0.5244061884021515,0.5244061884021515,0.0,0.0,0.97,0.97,0.96,0.96,24.975893535029268,24.975893535029268,0.0,0.0,49.951787070058536,1198.8428896814048,0.1170837722447341,5.766251208566858e-05,0.62
1935-07-24,1935-08-04,468.6029,0.9015518661337044,422.4698189706656,0.626,1935,7,24,1935.07,1934,10,297,43,0.0365013923590655,4.163062020279028,0.00985410515341,0.64,3,Normal,50,10,9,9,108,186.0,0.4402681366758533,236.4698189706656,236.4698189706656,,2,118.2349094853328,118.2349094853328,0.0,0.0,0.0,0.0,0.0,0.0,0.0,0.0,50.0,10.0,9.0,9.0,108.0,305.4698189706656,990.0,965.501114185368,24.49888581463199,0.1433415397057838,0.0172939637941331,989.8393644965,0.0989699497456524,0.0989699497456524,0.0,0.0,24.239280361386363,24.239280361386363,24.33825031113201,24.33825031113201,,0.899489333485081,0.899489333485081,0.0,0.0,25.281344248059344,25.281344248059344,0.0,0.0,0.5148949948688257,0.5148949948688257,0.0,0.0,0.97,0.97,0.96,0.96,24.52290392061756,24.52290392061756,0.0,0.0,49.04580784123512,1177.099388189643,0.1160930453227018,5.761342217268013e-05,0.625
1935-07-25,1935-08-05,468.6029,0.9015518661337044,422.4698189706656,0.626,1935,7,25,1935.07,1934,10,298,43,0.0365013923590655,0.0,0.0,0.64,3,Normal,50,10,9,9,108,186.0,0.4402681366758533,236.4698189706656,236.4698189706656,,2,118.2349094853328,118.2349094853328,0.0,0.0,0.0,0.0,0.0,0.0,0.0,0.0,50.0,10.0,9.0,9.0,108.0,305.4698189706656,990.0,965.501114185368,24.49888581463199,0.1433415397057838,0.0172939637941331,989.8393644965,0.0989699497456524,0.0989699497456524,0.0,0.0,24.239280361386363,24.239280361386363,24.33825031113201,24.33825031113201,,0.899489333485081,0.899489333485081,0.0,0.0,25.281344248059344,25.281344248059344,0.0,0.0,0.5148949948688257,0.5148949948688257,0.0,0.0,0.97,0.97,0.96,0.96,24.52290392061756,24.52290392061756,0.0,0.0,49.04580784123512,1177.099388189643,0.1160930453227018,5.761342217268013e-05,0.625
1935-07-26,1935-08-06,463.5928,0.9065907191323836,420.28892993659525,0.63,1935,7,26,1935.07,1934,10,299,43,0.0363129635465218,2.180889034070333,0.0051890232616865,0.64,3,Normal,50,10,9,9,108,186.0,0.4425526982784437,234.28892993659525,234.28892993659525,,2,117.14446496829764,117.14446496829764,0.0,0.0,0.0,0.0,0.0,0.0,0.0,0.0,50.0,10.0,9.0,9.0,108.0,303.28892993659525,990.0,965.4913001847146,24.508699815285357,0.1425718362995941,0.016857785987319,989.8405703777132,0.097159811847374,0.097159811847374,0.0,0.0,24.252110381151088,24.252110381151088,24.34927019299846,24.34927019299846,,0.8986087217758987,0.8986087217758987,0.0,0.0,25.036904821458048,25.036904821458048,0.0,0.0,0.5099165951417117,0.5099165951417117,0.0,0.0,0.97,0.97,0.96,0.96,24.285797676814305,24.285797676814305,0.0,0.0,48.57159535362861,1165.7182884870867,0.1155671536743928,5.7587483216145614e-05,0.63
1935-07-27,1935-08-07,453.6742,0.9119592484433596,413.7323824701425,0.64,1935,7,27,1935.07,1934,10,300,43,0.0357464778454203,6.556547466452741,0.0158473151830843,0.64,3,Normal,50,10,9,9,108,186.0,0.4495659703731866,227.7323824701425,227.7323824701425,,2,113.86619123507126,113.86619123507126,0.0,0.0,0.0,0.0,0.0,0.0,0.0,0.0,50.0,10.0,9.0,9.0,108.0,296.7323824701425,990.0,965.4617957211155,24.538204278884336,0.1402578272698205,0.0155464764940285,989.8441956962362,0.091785905976114,0.091785905976114,0.0,0.0,24.290614069144397,24.290614069144397,24.382399975120503,24.382399975120503,,0.8959545544078281,0.8959545544078281,0.0,0.0,24.30289266807905,24.30289266807905,0.0,0.0,0.4949672641156629,0.4949672641156629,0.0,0.0,0.9694967264115664,0.9694967264115664,0.96,0.96,23.561574884034293,23.561574884034293,0.0,0.0,47.123149768068586,1130.9555944336462,0.1138976588845309,5.7478711119090257e-05,0.64
1935-07-28,1935-08-08,448.7655,0.9091709283658698,408.00454625357366,0.643,1935,7,28,1935.07,1934,10,301,43,0.0352515927963087,5.727836216568846,0.0140386578266434,0.64,3,Normal,50,10,9,9,108,186.0,0.4558772732017587,222.0045462535737,222.0045462535737,,2,111.00227312678685,111.00227312678685,0.0,0.0,0.0,0.0,0.0,0.0,0.0,0.0,50.0,10.0,9.0,9.0,108.0,291.00454625357366,990.0,965.436020458141,24.563979541859,0.1382362961524113,0.0144009092507147,989.8473627945968,0.0872036370028589,0.0872036370028589,0.0,0.0,24.324138699452988,24.324138699452988,24.41134233645585,24.41134233645585,,0.8936275928442685,0.8936275928442685,0.0,0.0,23.66271719364827,23.66271719364827,0.0,0.0,0.4819290670804128,0.4819290670804128,0.0,0.0,0.9681929067080411,0.9681929067080411,0.96,0.96,22.910074940328663,22.910074940328663,0.0,0.0,45.820149880657326,1099.683597135776,0.1123030375553223,5.7331345803864686e-05,0.645
1935-07-29,1935-08-09,448.7655,0.9091709283658698,408.00454625357366,0.643,1935,7,29,1935.07,1934,10,302,44,0.0352515927963087,0.0,0.0,0.64,3,Normal,50,10,9,9,108,186.0,0.4558772732017587,222.0045462535737,222.0045462535737,,2,111.00227312678685,111.00227312678685,0.0,0.0,0.0,0.0,0.0,0.0,0.0,0.0,50.0,10.0,9.0,9.0,108.0,291.00454625357366,990.0,965.436020458141,24.563979541859,0.1382362961524113,0.0144009092507147,989.8473627945968,0.0872036370028589,0.0872036370028589,0.0,0.0,24.324138699452988,24.324138699452988,24.41134233645585,24.41134233645585,,0.8936275928442685,0.8936275928442685,0.0,0.0,23.66271719364827,23.66271719364827,0.0,0.0,0.4819290670804128,0.4819290670804128,0.0,0.0,0.9681929067080411,0.9681929067080411,0.96,0.96,22.910074940328663,22.910074940328663,0.0,0.0,45.820149880657326,1099.683597135776,0.1123030375553223,5.7331345803864686e-05,0.645
1935-07-30,1935-08-10,448.7655,0.9091709283658698,408.00454625357366,0.643,1935,7,30,1935.07,1934,10,303,44,0.0352515927963087,0.0,0.0,0.64,3,Normal,50,10,9,9,108,186.0,0.4558772732017587,222.0045462535737,222.0045462535737,,2,111.00227312678685,111.00227312678685,0.0,0.0,0.0,0.0,0.0,0.0,0.0,0.0,50.0,10.0,9.0,9.0,108.0,291.00454625357366,990.0,965.436020458141,24.563979541859,0.1382362961524113,0.0144009092507147,989.8473627945968,0.0872036370028589,0.0872036370028589,0.0,0.0,24.324138699452988,24.324138699452988,24.41134233645585,24.41134233645585,,0.8936275928442685,0.8936275928442685,0.0,0.0,23.66271719364827,23.66271719364827,0.0,0.0,0.4819290670804128,0.4819290670804128,0.0,0.0,0.9681929067080411,0.9681929067080411,0.96,0.96,22.910074940328663,22.910074940328663,0.0,0.0,45.820149880657326,1099.683597135776,0.1123030375553223,5.7331345803864686e-05,0.645
1935-07-31,1935-08-11,443.8904,0.9076618404997884,402.90237744418727,0.648,1935,7,31,1935.07,1934,10,304,44,0.0348107654111777,5.102168809386399,0.0126635361194739,0.64,3,Normal,50,10,9,9,108,186.0,0.4616502915169965,216.90237744418727,216.90237744418727,,1,216.90237744418727,0.0,0.0,0.0,0.0,0.0,0.0,0.0,0.0,0.0,50.0,10.0,9.0,9.0,108.0,285.90237744418727,990.0,965.4130606984988,24.58693930150116,0.136435582475471,0.0133804754888374,989.8501839420358,0.3328593225280968,0.0,0.0,0.0,24.10426392100882,24.43712324353692,24.43712324353692,24.43712324353692,,0.938924877147046,0.0,0.0,0.0,48.14239940729102,0.0,0.0,0.0,0.9804969329387172,0.0,0.0,0.0,0.98,0.96,0.96,0.96,47.1795514191452,0.0,0.0,0.0,47.1795514191452,1132.3092340594849,0.117099213259621,6.042087276399176e-05,0.65
1935-08-01,1935-08-12,443.8904,0.9076618404997884,402.90237744418727,0.648,1935,8,1,1935.08,1934,11,305,44,0.0348107654111777,0.0,0.0,0.65,3,Normal,47,8,6,5,89,155.0,0.3847085762641637,247.90237744418727,247.90237744418727,,2,123.95118872209363,123.95118872209363,0.0,0.0,0.0,0.0,0.0,0.0,0.0,0.0,47.0,8.0,6.0,5.0,89.0,308.90237744418727,990.0,965.4130606984988,24.58693930150116,0.1445529960924867,0.0195804754888374,989.8358665284188,0.1087750683764429,0.1087750683764429,0.0,0.0,24.314030761543425,24.314030761543425,24.422805829919863,24.422805829919863,,0.9042932613963692,0.9042932613963692,0.0,0.0,26.72733468462468,26.72733468462468,0.0,0.0,0.5443449019271829,0.5443449019271829,0.0,0.0,0.97,0.97,0.96,0.96,25.92551464408594,25.92551464408594,0.0,0.0,51.85102928817188,1244.4247029161252,0.1286937784211874,5.809974006562951e-05,0.65
1935-08-02,1935-08-13,439.0488,0.9068394067509818,398.1467533267305,0.657,1935,8,2,1935.08,1934,11,306,44,0.0343998794874295,4.755624117456762,0.0119444000929832,0.65,3,Normal,47,8,6,5,89,155.0,0.3893036894182649,243.1467533267305,243.1467533267305,,2,121.57337666336524,121.57337666336524,0.0,0.0,0.0,0.0,0.0,0.0,0.0,0.0,47.0,8.0,6.0,5.0,89.0,304.1467533267305,990.0,965.3907337666336,24.609266233366384,0.1428745887895106,0.0186293506653461,989.8384960605453,0.1046376753942555,0.1046376753942555,0.0,0.0,24.34312461851727,24.34312461851727,24.447762293911524,24.447762293911524,,0.9023723950586484,0.9023723950586484,0.0,0.0,26.19022938756505,26.19022938756505,0.0,0.0,0.5334058938404288,0.5334058938404288,0.0,0.0,0.97,0.97,0.96,0.96,25.4045225059381,25.4045225059381,0.0,0.0,50.8090450118762,1219.4170802850288,0.1276138624447876,5.804570047227714e-05,0.655
1935-08-03,1935-08-14,429.4657,0.9060885103777592,389.1339363713416,0.6629999999999999,1935,8,3,1935.08,1934,11,307,44,0.0336211721024839,9.012816955388873,0.0231612206312125,0.65,3,Normal,47,8,6,5,89,155.0,0.3983204380614263,234.1339363713416,234.1339363713416,,2,117.0669681856708,117.0669681856708,0.0,0.0,0.0,0.0,0.0,0.0,0.0,0.0,47.0,8.0,6.0,5.0,89.0,295.1339363713416,990.0,965.3456696818566,24.65433031814337,0.1396936860468434,0.0168267872742683,989.843479526679,0.0970311671882135,0.0970311671882135,0.0,0.0,24.4007786776341,24.4007786776341,24.497809844822317,24.497809844822317,,0.8987199524914325,0.8987199524914325,0.0,0.0,25.17683536055576,25.17683536055576,0.0,0.0,0.5127665042883046,0.5127665042883046,0.0,0.0,0.97,0.97,0.96,0.96,24.42153029973908,24.42153029973908,0.0,0.0,48.84306059947816,1172.2334543874758,0.1255173502854512,5.794767321414695e-05,0.665
1935-08-04,1935-08-15,429.4657,0.9060885103777592,389.1339363713416,0.6629999999999999,1935,8,4,1935.08,1934,11,308,44,0.0336211721024839,0.0,0.0,0.65,3,Normal,47,8,6,5,89,155.0,0.3983204380614263,234.1339363713416,234.1339363713416,,2,117.0669681856708,117.0669681856708,0.0,0.0,0.0,0.0,0.0,0.0,0.0,0.0,47.0,8.0,6.0,5.0,89.0,295.1339363713416,990.0,965.3456696818566,24.65433031814337,0.1396936860468434,0.0168267872742683,989.843479526679,0.0970311671882135,0.0970311671882135,0.0,0.0,24.4007786776341,24.4007786776341,24.497809844822317,24.497809844822317,,0.8987199524914325,0.8987199524914325,0.0,0.0,25.17683536055576,25.17683536055576,0.0,0.0,0.5127665042883046,0.5127665042883046,0.0,0.0,0.97,0.97,0.96,0.96,24.42153029973908,24.42153029973908,0.0,0.0,48.84306059947816,1172.2334543874758,0.1255173502854512,5.794767321414695e-05,0.665
1935-08-05,1935-08-16,424.724,0.9100759486875,386.53109723034976,0.6709999999999999,1935,8,5,1935.08,1934,11,309,45,0.0333962868007022,2.6028391409918754,0.0067338414933294,0.65,3,Normal,47,8,6,5,89,155.0,0.4010026647548855,231.53109723034976,231.53109723034976,,2,115.76554861517488,115.76554861517488,0.0,0.0,0.0,0.0,0.0,0.0,0.0,0.0,47.0,8.0,6.0,5.0,89.0,292.53109723034976,990.0,965.3326554861516,24.66734451384832,0.1387750633561482,0.0163062194460699,989.844918717198,0.0948708107011903,0.0948708107011903,0.0,0.0,24.417392420344985,24.417392420344985,24.512263231046177,24.512263231046177,,0.8976612917762802,0.8976612917762802,0.0,0.0,24.884551340343812,24.884551340343812,0.0,0.0,0.5068136729194259,0.5068136729194259,0.0,0.0,0.97,0.97,0.96,0.96,24.1380148001335,24.1380148001335,0.0,0.0,48.276029600267,1158.624710406408,0.1248955904096309,5.79188211981512e-05,0.67
1935-08-06,1935-08-17,424.724,0.9100759486875,386.53109723034976,0.6709999999999999,1935,8,6,1935.08,1934,11,310,45,0.0333962868007022,0.0,0.0,0.65,3,Normal,47,8,6,5,89,155.0,0.4010026647548855,231.53109723034976,231.53109723034976,,2,115.76554861517488,115.76554861517488,0.0,0.0,0.0,0.0,0.0,0.0,0.0,0.0,47.0,8.0,6.0,5.0,89.0,292.53109723034976,990.0,965.3326554861516,24.66734451384832,0.1387750633561482,0.0163062194460699,989.844918717198,0.0948708107011903,0.0948708107011903,0.0,0.0,24.417392420344985,24.417392420344985,24.512263231046177,24.512263231046177,,0.8976612917762802,0.8976612917762802,0.0,0.0,24.884551340343812,24.884551340343812,0.0,0.0,0.5068136729194259,0.5068136729194259,0.0,0.0,0.97,0.97,0.96,0.96,24.1380148001335,24.1380148001335,0.0,0.0,48.276029600267,1158.624710406408,0.1248955904096309,5.79188211981512e-05,0.67
1935-08-07,1935-08-18,420.0154,0.9067213782142306,380.8369423592014,0.675,1935,8,7,1935.08,1934,11,311,45,0.032904311819835,5.694154871148385,0.0149516872913492,0.65,3,Normal,47,8,6,5,89,155.0,0.4069983312012983,225.83694235920137,225.83694235920137,,2,112.91847117960069,112.91847117960069,0.0,0.0,0.0,0.0,0.0,0.0,0.0,0.0,47.0,8.0,6.0,5.0,89.0,286.8369423592014,990.0,965.304184711796,24.695815288204017,0.1367654194305632,0.0151673884718402,989.8480671920976,0.0902695538873611,0.0902695538873611,0.0,0.0,24.45361292641423,24.45361292641423,24.54388248030159,24.54388248030159,,0.8953392085212638,0.8953392085212638,0.0,0.0,24.24567760223816,24.24567760223816,0.0,0.0,0.4938019878256244,0.4938019878256244,0.0,0.0,0.9693801987825624,0.9693801987825624,0.96,0.96,23.50327977367555,23.50327977367555,0.0,0.0,47.0065595473511,1128.1574291364263,0.1234296212341055,5.7817722448941794e-05,0.675
1935-08-08,1935-08-19,415.3399,0.9079714249478594,377.11676084070143,0.68,1935,8,8,1935.08,1934,11,312,45,0.0325828881366366,3.720181518499942,0.0098648002549836,0.65,3,Normal,47,8,6,5,89,155.0,0.4110132884427108,222.11676084070143,222.11676084070143,,2,111.05838042035072,111.05838042035072,0.0,0.0,0.0,0.0,0.0,0.0,0.0,0.0,47.0,8.0,6.0,5.0,89.0,283.11676084070143,990.0,965.2855838042036,24.714416195796503,0.135452451947257,0.0144233521681402,989.8501241958846,0.0872934086725611,0.0872934086725611,0.0,0.0,24.477246983008573,24.477246983008573,24.56454039168113,24.56454039168113,,0.8938176858686432,0.8938176858686432,0.0,0.0,23.828765812687717,23.828765812687717,0.0,0.0,0.4853109126820308,0.4853109126820308,0.0,0.0,0.968531091268203,0.968531091268203,0.96,0.96,23.07890055613688,23.07890055613688,0.0,0.0,46.15780111227376,1107.78722669457,0.1223965782092919,5.772464613452335e-05,0.68
1935-08-09,1935-08-20,406.0875,0.9120318780949216,370.3647452958713,0.6890000000000001,1935,8,9,1935.08,1934,11,313,45,0.0319995139935632,6.752015544830102,0.0182307188537509,0.65,3,Normal,47,8,6,5,89,155.0,0.4185063561494656,215.36474529587127,215.36474529587127,,1,215.36474529587127,0.0,0.0,0.0,0.0,0.0,0.0,0.0,0.0,0.0,47.0,8.0,6.0,5.0,89.0,276.3647452958713,990.0,965.2518237264792,24.7481762735207,0.1330694561678698,0.0130729490591742,989.853857594773,0.3281234155112835,0.0,0.0,0.0,24.27391045278241,24.602033868293688,24.602033868293688,24.602033868293688,,0.9386380137215852,0.0,0.0,0.0,48.12283399580007,0.0,0.0,0.0,0.9800984520529544,0.0,0.0,0.0,0.98,0.96,0.96,0.96,47.16037731588406,0.0,0.0,0.0,47.16037731588406,1131.8490555812175,0.1273349526780939,6.0827526770784496e-05,0.69
1935-08-10,1935-08-21,406.0875,0.9120318780949216,370.3647452958713,0.6890000000000001,1935,8,10,1935.08,1934,11,314,45,0.0319995139935632,0.0,0.0,0.65,3,Normal,47,8,6,5,89,155.0,0.4185063561494656,215.36474529587127,215.36474529587127,,1,215.36474529587127,0.0,0.0,0.0,0.0,0.0,0.0,0.0,0.0,0.0,47.0,8.0,6.0,5.0,89.0,276.3647452958713,990.0,965.2518237264792,24.7481762735207,0.1330694561678698,0.0130729490591742,989.853857594773,0.3281234155112835,0.0,0.0,0.0,24.27391045278241,24.602033868293688,24.602033868293688,24.602033868293688,,0.9386380137215852,0.0,0.0,0.0,48.12283399580007,0.0,0.0,0.0,0.9800984520529544,0.0,0.0,0.0,0.98,0.96,0.96,0.96,47.16037731588406,0.0,0.0,0.0,47.16037731588406,1131.8490555812175,0.1273349526780939,6.0827526770784496e-05,0.69
1935-08-11,1935-08-22,406.0875,0.9120318780949216,370.3647452958713,0.6890000000000001,1935,8,11,1935.08,1934,11,315,45,0.0319995139935632,0.0,0.0,0.58,3,Normal,47,8,6,5,89,155.0,0.4185063561494656,215.36474529587127,215.36474529587127,,1,215.36474529587127,0.0,0.0,0.0,0.0,0.0,0.0,0.0,0.0,0.0,47.0,8.0,6.0,5.0,89.0,276.3647452958713,990.0,965.2518237264792,24.7481762735207,0.1330694561678698,0.0130729490591742,989.853857594773,0.3281234155112835,0.0,0.0,0.0,24.27391045278241,24.602033868293688,24.602033868293688,24.602033868293688,,0.9386380137215852,0.0,0.0,0.0,48.12283399580007,0.0,0.0,0.0,0.9800984520529544,0.0,0.0,0.0,0.98,0.96,0.96,0.96,47.16037731588406,0.0,0.0,0.0,47.16037731588406,1131.8490555812175,0.1273349526780939,6.0827526770784496e-05,0.69
1935-08-12,1935-08-23,401.5105,0.9082764151386006,364.6825175805071,0.6940000000000001,1935,8,12,1935.08,1934,11,316,46,0.0315085695189558,5.682227715364206,0.0155813000114813,0.58,3,Normal,47,8,6,5,89,155.0,0.4250272292413422,209.68251758050712,209.68251758050712,,1,209.68251758050712,0.0,0.0,0.0,0.0,0.0,0.0,0.0,0.0,0.0,47.0,8.0,6.0,5.0,89.0,270.6825175805071,990.0,965.2234125879024,24.776587412097456,0.1310640217056228,0.0119365035161014,989.8569994747784,0.3110666016866909,0.0,0.0,0.0,24.32252028518903,24.63358688687572,24.63358688687572,24.63358688687572,,0.937214371556378,0.0,0.0,0.0,46.87577227155099,0.0,0.0,0.0,0.9547000462637676,0.0,0.0,0.0,0.98,0.96,0.96,0.96,45.938256826119975,0.0,0.0,0.0,45.938256826119975,1102.5181638268791,0.125967806548277,6.0856894715817325e-05,0.695
1935-08-13,1935-08-24,396.9661,0.9077571128687334,360.34880084276085,0.7000000000000001,1935,8,13,1935.08,1934,11,317,46,0.0311341363928145,4.333716737746272,0.0120264497276273,0.58,3,Normal,47,8,6,5,89,155.0,0.4301387978466859,205.34880084276085,205.34880084276085,,1,205.34880084276085,0.0,0.0,0.0,0.0,0.0,0.0,0.0,0.0,0.0,47.0,8.0,6.0,5.0,89.0,266.34880084276085,990.0,965.2017440042138,24.798255995786235,0.1295345186073936,0.0110697601685521,989.859395721224,0.2983254744777169,0.0,0.0,0.0,24.359326242532536,24.657651717010253,24.657651717010253,24.657651717010253,,0.9361322857634108,0.0,0.0,0.0,45.92332936396953,0.0,0.0,0.0,0.9353020237061004,0.0,0.0,0.0,0.98,0.96,0.96,0.96,45.00486277669014,0.0,0.0,0.0,45.00486277669014,1080.1167066405633,0.1248925004646487,6.087861589644888e-05,0.7
1935-08-14,1935-08-25,392.4543,0.9019707790507928,353.9823107128336,0.7040000000000001,1935,8,14,1935.08,1934,11,318,46,0.0305840716455888,6.366490129927229,0.017985334117704,0.58,3,Normal,47,8,6,5,89,155.0,0.4378749878429461,198.9823107128336,198.9823107128336,,1,198.9823107128336,0.0,0.0,0.0,0.0,0.0,0.0,0.0,0.0,0.0,47.0,8.0,6.0,5.0,89.0,259.9823107128336,990.0,965.169911553564,24.830088446435862,0.1272875867085559,0.0098982310712833,989.8628141822202,0.2801504699959341,0.0,0.0,0.0,24.41275215866011,24.692902628656043,24.692902628656043,24.692902628656043,,0.9342846954071684,0.0,0.0,0.0,44.50913417947978,0.0,0.0,0.0,0.9064996777898122,0.0,0.0,0.0,0.98,0.96,0.96,0.96,43.61895149589019,0.0,0.0,0.0,43.61895149589019,1046.8548359013644,0.1232235345547417,6.089172134004971e-05,0.705
1935-08-15,1935-08-26,383.5279,0.9045977994923856,346.9384943839358,0.7120000000000001,1935,8,15,1935.08,1934,11,319,46,0.029975485914772,7.043816328897831,0.0203027811641531,0.58,3,Normal,47,8,6,5,89,155.0,0.4467650678983776,191.9384943839358,191.9384943839358,,1,191.9384943839358,0.0,0.0,0.0,0.0,0.0,0.0,0.0,0.0,0.0,47.0,8.0,6.0,5.0,89.0,252.9384943839358,990.0,965.1346924719196,24.865307528080397,0.1248016053788188,0.0091938494383935,989.8660045451828,0.2606727047243053,0.0,0.0,0.0,24.470639368538905,24.73131207326321,24.73131207326321,24.73131207326321,,0.9322376752416864,0.0,0.0,0.0,42.94105897448405,0.0,0.0,0.0,0.8745633192359276,0.0,0.0,0.0,0.9774563319235928,0.96,0.96,0.96,41.973009994113845,0.0,0.0,0.0,41.973009994113845,1007.3522398587322,0.1209811268381906,6.074429978328104e-05,0.71
1935-08-16,1935-08-27,379.1131,0.9090149185803196,344.6194637292325,0.718,1935,8,16,1935.08,1934,11,320,46,0.0297751216662056,2.319030654703284,0.0067292503725945,0.58,3,Normal,47,8,6,5,89,155.0,0.4497714618979951,189.6194637292325,189.6194637292325,,1,189.6194637292325,0.0,0.0,0.0,0.0,0.0,0.0,0.0,0.0,0.0,47.0,8.0,6.0,5.0,89.0,250.6194637292325,990.0,965.1230973186462,24.87690268135384,0.1239831475086117,0.0089619463729232,989.8670549061184,0.2543877735197585,0.0,0.0,0.0,24.489569813952563,24.743957587472323,24.743957587472323,24.743957587472323,,0.9315670804259496,0.0,0.0,0.0,42.42451663987822,0.0,0.0,0.0,0.8640431087551572,0.0,0.0,0.0,0.9764043108755156,0.96,0.96,0.96,41.42348093398714,0.0,0.0,0.0,41.42348093398714,994.1635424156914,0.1202006424295685,6.068218027498409e-05,0.72
1935-08-17,1935-08-28,379.1131,0.9090149185803196,344.6194637292325,0.718,1935,8,17,1935.08,1934,11,321,46,0.0297751216662056,0.0,0.0,0.58,3,Normal,47,8,6,5,89,155.0,0.4497714618979951,189.6194637292325,189.6194637292325,,1,189.6194637292325,0.0,0.0,0.0,0.0,0.0,0.0,0.0,0.0,0.0,47.0,8.0,6.0,5.0,89.0,250.6194637292325,990.0,965.1230973186462,24.87690268135384,0.1239831475086117,0.0089619463729232,989.8670549061184,0.2543877735197585,0.0,0.0,0.0,24.489569813952563,24.743957587472323,24.743957587472323,24.743957587472323,,0.9315670804259496,0.0,0.0,0.0,42.42451663987822,0.0,0.0,0.0,0.8640431087551572,0.0,0.0,0.0,0.9764043108755156,0.96,0.96,0.96,41.42348093398714,0.0,0.0,0.0,41.42348093398714,994.1635424156914,0.1202006424295685,6.068218027498409e-05,0.72
1935-08-18,1935-08-29,374.7305,0.908907350449394,340.5953058875766,0.721,1935,8,18,1935.08,1934,11,322,46,0.0294274344286866,4.024157841655892,0.0118150713532857,0.58,3,Normal,47,8,6,5,89,155.0,0.4550855438129915,185.5953058875766,185.5953058875766,,1,185.5953058875766,0.0,0.0,0.0,0.0,0.0,0.0,0.0,0.0,0.0,47.0,8.0,6.0,5.0,89.0,246.5953058875766,990.0,965.102976529438,24.89702347056209,0.122562897349443,0.0085595305887576,989.8688775720618,0.2436835136609538,0.0,0.0,0.0,24.522217528962955,24.76590104262391,24.76590104262391,24.76590104262391,,0.9304072469219864,0.0,0.0,0.0,41.52776060460214,0.0,0.0,0.0,0.8457792383829357,0.0,0.0,0.0,0.9745779238382936,0.96,0.96,0.96,40.47203871168684,0.0,0.0,0.0,40.47203871168684,971.328929080484,0.118827353202119,6.057390795367685e-05,0.72
1935-08-19,1935-08-30,374.7305,0.908907350449394,340.5953058875766,0.721,1935,8,19,1935.08,1934,11,323,47,0.0294274344286866,0.0,0.0,0.58,3,Normal,47,8,6,5,89,155.0,0.4550855438129915,185.5953058875766,185.5953058875766,,1,185.5953058875766,0.0,0.0,0.0,0.0,0.0,0.0,0.0,0.0,0.0,47.0,8.0,6.0,5.0,89.0,246.5953058875766,990.0,965.102976529438,24.89702347056209,0.122562897349443,0.0085595305887576,989.8688775720618,0.2436835136609538,0.0,0.0,0.0,24.522217528962955,24.76590104262391,24.76590104262391,24.76590104262391,,0.9304072469219864,0.0,0.0,0.0,41.52776060460214,0.0,0.0,0.0,0.8457792383829357,0.0,0.0,0.0,0.9745779238382936,0.96,0.96,0.96,40.47203871168684,0.0,0.0,0.0,40.47203871168684,971.328929080484,0.118827353202119,6.057390795367685e-05,0.72
1935-08-20,1935-08-31,374.7305,0.908907350449394,340.5953058875766,0.721,1935,8,20,1935.08,1934,11,324,47,0.0294274344286866,0.0,0.0,0.58,3,Normal,47,8,6,5,89,155.0,0.4550855438129915,185.5953058875766,185.5953058875766,,1,185.5953058875766,0.0,0.0,0.0,0.0,0.0,0.0,0.0,0.0,0.0,47.0,8.0,6.0,5.0,89.0,246.5953058875766,990.0,965.102976529438,24.89702347056209,0.122562897349443,0.0085595305887576,989.8688775720618,0.2436835136609538,0.0,0.0,0.0,24.522217528962955,24.76590104262391,24.76590104262391,24.76590104262391,,0.9304072469219864,0.0,0.0,0.0,41.52776060460214,0.0,0.0,0.0,0.8457792383829357,0.0,0.0,0.0,0.9745779238382936,0.96,0.96,0.96,40.47203871168684,0.0,0.0,0.0,40.47203871168684,971.328929080484,0.118827353202119,6.057390795367685e-05,0.72
1935-08-21,1935-09-01,366.0613,0.9164389073302937,335.4728177879068,0.731,1935,8,21,1935.08,1934,11,325,47,0.0289848514568751,5.122488099669795,0.0152694579949793,0.5700000000000001,3,Normal,47,8,6,5,89,155.0,0.4620344534083663,180.4728177879068,180.4728177879068,,1,180.4728177879068,0.0,0.0,0.0,0.0,0.0,0.0,0.0,0.0,0.0,47.0,8.0,6.0,5.0,89.0,241.4728177879068,990.0,965.0773640889396,24.922635911060524,0.1207550123645187,0.0080472817787906,989.8711977058568,0.2304198698927995,0.0,0.0,0.0,24.563413747024452,24.79383361691725,24.79383361691725,24.79383361691725,,0.9286146943301206,0.0,0.0,0.0,40.37148958641882,0.0,0.0,0.0,0.8222299304769617,0.0,0.0,0.0,0.972222993047696,0.96,0.96,0.96,39.250090439502,0.0,0.0,0.0,39.250090439502,942.0021705480478,0.1169993166609306,6.041243791447159e-05,0.73
1935-08-22,1935-09-02,357.5196,0.9208048873506705,329.2057950036568,0.742,1935,8,22,1935.08,1934,11,326,47,0.0284433806883159,6.267022784250004,0.0190367936390074,0.5700000000000001,3,Normal,47,8,6,5,89,155.0,0.470830107952013,174.20579500365682,174.20579500365682,,1,174.20579500365682,0.0,0.0,0.0,0.0,0.0,0.0,0.0,0.0,0.0,47.0,8.0,6.0,5.0,89.0,235.2057950036568,990.0,965.0460289750184,24.953971024981684,0.1185431855781265,0.0074205795003656,989.8740362349216,0.2147621398089226,0.0,0.0,0.0,24.613245120094263,24.82800725990319,24.82800725990319,24.82800725990319,,0.9263620422823726,0.0,0.0,0.0,38.95389826101283,0.0,0.0,0.0,0.7933584167212389,0.0,0.0,0.0,0.97,0.96,0.96,0.96,37.785281313182445,0.0,0.0,0.0,37.785281313182445,906.8467515163786,0.1147770843850507,6.025007076064081e-05,0.74
1935-08-23,1935-09-03,353.2963,0.921778111561846,325.6607962357874,0.746,1935,8,23,1935.08,1934,11,327,47,0.028137092794772,3.544998767869401,0.010885555795616,0.5700000000000001,3,Normal,47,8,6,5,89,155.0,0.4759553553623805,170.66079623578742,170.66079623578742,,1,170.66079623578742,0.0,0.0,0.0,0.0,0.0,0.0,0.0,0.0,0.0,47.0,8.0,6.0,5.0,89.0,231.66079623578744,990.0,965.028303981179,24.971696018821035,0.1172920102729684,0.0070660796235787,989.8756419101036,0.2061123428153213,0.0,0.0,0.0,24.641225586109183,24.847337928924503,24.847337928924503,24.847337928924503,,0.9250837403700584,0.0,0.0,0.0,38.15186910074648,0.0,0.0,0.0,0.7770238106058346,0.0,0.0,0.0,0.97,0.96,0.96,0.96,37.00731302772409,0.0,0.0,0.0,37.00731302772409,888.1755126653782,0.113637605310434,6.02353287990352e-05,0.745
1935-08-24,1935-09-04,353.2963,0.921778111561846,325.6607962357874,0.746,1935,8,24,1935.08,1934,11,328,47,0.028137092794772,0.0,0.0,0.5700000000000001,3,Normal,47,8,6,5,89,155.0,0.4759553553623805,170.66079623578742,170.66079623578742,,1,170.66079623578742,0.0,0.0,0.0,0.0,0.0,0.0,0.0,0.0,0.0,47.0,8.0,6.0,5.0,89.0,231.66079623578744,990.0,965.028303981179,24.971696018821035,0.1172920102729684,0.0070660796235787,989.8756419101036,0.2061123428153213,0.0,0.0,0.0,24.641225586109183,24.847337928924503,24.847337928924503,24.847337928924503,,0.9250837403700584,0.0,0.0,0.0,38.15186910074648,0.0,0.0,0.0,0.7770238106058346,0.0,0.0,0.0,0.97,0.96,0.96,0.96,37.00731302772409,0.0,0.0,0.0,37.00731302772409,888.1755126653782,0.113637605310434,6.02353287990352e-05,0.745
1935-08-25,1935-09-05,353.2963,0.921778111561846,325.6607962357874,0.746,1935,8,25,1935.08,1934,11,329,47,0.028137092794772,0.0,0.0,0.5700000000000001,3,Normal,47,8,6,5,89,155.0,0.4759553553623805,170.66079623578742,170.66079623578742,,1,170.66079623578742,0.0,0.0,0.0,0.0,0.0,0.0,0.0,0.0,0.0,47.0,8.0,6.0,5.0,89.0,231.66079623578744,990.0,965.028303981179,24.971696018821035,0.1172920102729684,0.0070660796235787,989.8756419101036,0.2061123428153213,0.0,0.0,0.0,24.641225586109183,24.847337928924503,24.847337928924503,24.847337928924503,,0.9250837403700584,0.0,0.0,0.0,38.15186910074648,0.0,0.0,0.0,0.7770238106058346,0.0,0.0,0.0,0.97,0.96,0.96,0.96,37.00731302772409,0.0,0.0,0.0,37.00731302772409,888.1755126653782,0.113637605310434,6.02353287990352e-05,0.745
1935-08-26,1935-09-06,349.1046,0.9270188758292952,323.62655383883583,0.7509999999999999,1935,8,26,1935.08,1934,11,330,48,0.0279613342516754,2.0342423969515835,0.0062857709691047,0.5700000000000001,3,Normal,47,8,6,5,89,155.0,0.4789471017177073,168.62655383883583,168.62655383883583,,1,168.62655383883583,0.0,0.0,0.0,0.0,0.0,0.0,0.0,0.0,0.0,47.0,8.0,6.0,5.0,89.0,229.62655383883583,990.0,965.0181327691942,24.981867230805847,0.1165740399522217,0.0068626553838835,989.876563304664,0.2012311981364292,0.0,0.0,0.0,24.65719933733335,24.85843053546978,24.85843053546978,24.85843053546978,,0.924348876691457,0.0,0.0,0.0,37.691578691504056,0.0,0.0,0.0,0.7676492605194308,0.0,0.0,0.0,0.97,0.96,0.96,0.96,36.56083133075893,0.0,0.0,0.0,36.56083133075893,877.4599519382143,0.1129722851758512,6.0226496062255545e-05,0.75
1935-08-27,1935-09-07,349.1046,0.9270188758292952,323.62655383883583,0.7509999999999999,1935,8,27,1935.08,1934,11,331,48,0.0279613342516754,0.0,0.0,0.5700000000000001,3,Normal,47,8,6,5,89,155.0,0.4789471017177073,168.62655383883583,168.62655383883583,,1,168.62655383883583,0.0,0.0,0.0,0.0,0.0,0.0,0.0,0.0,0.0,47.0,8.0,6.0,5.0,89.0,229.62655383883583,990.0,965.0181327691942,24.981867230805847,0.1165740399522217,0.0068626553838835,989.876563304664,0.2012311981364292,0.0,0.0,0.0,24.65719933733335,24.85843053546978,24.85843053546978,24.85843053546978,,0.924348876691457,0.0,0.0,0.0,37.691578691504056,0.0,0.0,0.0,0.7676492605194308,0.0,0.0,0.0,0.97,0.96,0.96,0.96,36.56083133075893,0.0,0.0,0.0,36.56083133075893,877.4599519382143,0.1129722851758512,6.0226496062255545e-05,0.75
1935-08-28,1935-09-08,336.7179,0.9260439379072553,311.8155700798613,0.7659999999999999,1935,8,28,1935.08,1934,11,332,48,0.0269408652549,11.810983758974546,0.0378781077415394,0.5700000000000001,3,Normal,47,8,6,5,89,155.0,0.4970887116390687,156.8155700798613,156.8155700798613,,1,156.8155700798613,0.0,0.0,0.0,0.0,0.0,0.0,0.0,0.0,0.0,47.0,8.0,6.0,5.0,89.0,217.8155700798613,990.0,964.9590778503992,25.04092214960076,0.1124054434218999,0.0056815570079861,989.88191299957,0.174030565577292,0.0,0.0,0.0,24.74880458359356,24.92283514917085,24.92283514917085,24.92283514917085,,0.9198104336973736,0.0,0.0,0.0,35.00905909371902,0.0,0.0,0.0,0.7130154601572101,0.0,0.0,0.0,0.97,0.96,0.96,0.96,33.95878732090745,0.0,0.0,0.0,33.95878732090745,815.0108957017787,0.1089066441172582,6.015344313849648e-05,0.765
1935-08-29,1935-09-09,336.7179,0.9260439379072553,311.8155700798613,0.7659999999999999,1935,8,29,1935.08,1934,11,333,48,0.0269408652549,0.0,0.0,0.5700000000000001,3,Normal,47,8,6,5,89,155.0,0.4970887116390687,156.8155700798613,156.8155700798613,,1,156.8155700798613,0.0,0.0,0.0,0.0,0.0,0.0,0.0,0.0,0.0,47.0,8.0,6.0,5.0,89.0,217.8155700798613,990.0,964.9590778503992,25.04092214960076,0.1124054434218999,0.0056815570079861,989.88191299957,0.174030565577292,0.0,0.0,0.0,24.74880458359356,24.92283514917085,24.92283514917085,24.92283514917085,,0.9198104336973736,0.0,0.0,0.0,35.00905909371902,0.0,0.0,0.0,0.7130154601572101,0.0,0.0,0.0,0.97,0.96,0.96,0.96,33.95878732090745,0.0,0.0,0.0,33.95878732090745,815.0108957017787,0.1089066441172582,6.015344313849648e-05,0.765
1935-08-30,1935-09-10,332.6514,0.9289857410847936,309.0284073518941,0.77,1935,8,30,1935.08,1934,11,334,48,0.0267000543952036,2.7871627279672,0.0090191149475569,0.5700000000000001,3,Normal,47,8,6,5,89,155.0,0.5015720118684746,154.0284073518941,154.0284073518941,,1,154.0284073518941,0.0,0.0,0.0,0.0,0.0,0.0,0.0,0.0,0.0,47.0,8.0,6.0,5.0,89.0,215.0284073518941,990.0,964.9451420367594,25.05485796324058,0.1114217356195403,0.0054028407351894,989.8831754236452,0.1679013598800912,0.0,0.0,0.0,24.770132027005783,24.93803338688588,24.93803338688588,24.93803338688588,,0.9187138760244808,0.0,0.0,0.0,34.37542859323892,0.0,0.0,0.0,0.7001105619804261,0.0,0.0,0.0,0.97,0.96,0.96,0.96,33.34416573544176,0.0,0.0,0.0,33.34416573544176,800.2599776506022,0.1079000018838798,6.013350666338e-05,0.77
1935-08-31,1935-09-11,332.6514,0.9289857410847936,309.0284073518941,0.77,1935,8,31,1935.08,1934,11,335,48,0.0267000543952036,0.0,0.0,0.5700000000000001,3,Normal,47,8,6,5,89,155.0,0.5015720118684746,154.0284073518941,154.0284073518941,,1,154.0284073518941,0.0,0.0,0.0,0.0,0.0,0.0,0.0,0.0,0.0,47.0,8.0,6.0,5.0,89.0,215.0284073518941,990.0,964.9451420367594,25.05485796324058,0.1114217356195403,0.0054028407351894,989.8831754236452,0.1679013598800912,0.0,0.0,0.0,24.770132027005783,24.93803338688588,24.93803338688588,24.93803338688588,,0.9187138760244808,0.0,0.0,0.0,34.37542859323892,0.0,0.0,0.0,0.7001105619804261,0.0,0.0,0.0,0.97,0.96,0.96,0.96,33.34416573544176,0.0,0.0,0.0,33.34416573544176,800.2599776506022,0.1079000018838798,6.013350666338e-05,0.77
1935-09-01,1935-09-12,328.6161,0.9312389803097992,306.020121877383,0.775,1935,9,1,1935.09,1934,12,336,48,0.0264401385302058,3.008285474511069,0.0098303518607068,0.5700000000000001,3,Normal,40,6,4,3,65,118.0,0.3855955591288881,188.02012187738305,188.02012187738305,,1,188.02012187738305,0.0,0.0,0.0,0.0,0.0,0.0,0.0,0.0,0.0,40.0,6.0,4.0,3.0,65.0,238.02012187738305,990.0,964.9301006093868,25.06989939061316,0.1195364488514969,0.0088020121877383,989.8716615389608,0.2501335241938388,0.0,0.0,0.0,24.6914274053801,24.94156092957394,24.94156092957394,24.94156092957394,,0.9313115991293884,0.0,0.0,0.0,42.40179464923501,0.0,0.0,0.0,0.8635803390882894,0.0,0.0,0.0,0.9763580339088288,0.96,0.96,0.96,41.399332857933,0.0,0.0,0.0,41.399332857933,993.583988590392,0.1352830415332002,6.116268071700725e-05,0.775
1935-09-02,1935-09-13,328.6161,0.9312389803097992,306.020121877383,0.775,1935,9,2,1935.09,1934,12,337,49,0.0264401385302058,0.0,0.0,0.5700000000000001,3,Normal,40,6,4,3,65,118.0,0.3855955591288881,188.02012187738305,188.02012187738305,,1,188.02012187738305,0.0,0.0,0.0,0.0,0.0,0.0,0.0,0.0,0.0,40.0,6.0,4.0,3.0,65.0,238.02012187738305,990.0,964.9301006093868,25.06989939061316,0.1195364488514969,0.0088020121877383,989.8716615389608,0.2501335241938388,0.0,0.0,0.0,24.6914274053801,24.94156092957394,24.94156092957394,24.94156092957394,,0.9313115991293884,0.0,0.0,0.0,42.40179464923501,0.0,0.0,0.0,0.8635803390882894,0.0,0.0,0.0,0.9763580339088288,0.96,0.96,0.96,41.399332857933,0.0,0.0,0.0,41.399332857933,993.583988590392,0.1352830415332002,6.116268071700725e-05,0.775
1935-09-03,1935-09-14,324.6118,0.9312809696570542,302.30479186612183,0.7809999999999999,1935,9,3,1935.09,1934,12,338,49,0.0261191340172329,3.7153300112611873,0.0122900136260709,0.5700000000000001,3,Normal,40,6,4,3,65,118.0,0.3903345338047346,184.30479186612183,184.30479186612183,,1,184.30479186612183,0.0,0.0,0.0,0.0,0.0,0.0,0.0,0.0,0.0,40.0,6.0,4.0,3.0,65.0,234.30479186612183,990.0,964.9115239593306,25.088476040669438,0.1182251883414272,0.0084304791866121,989.873344332472,0.2403063630145943,0.0,0.0,0.0,24.721514010126857,24.96182037314145,24.96182037314145,24.96182037314145,,0.9302027913537972,0.0,0.0,0.0,41.56502340075697,0.0,0.0,0.0,0.8465381548015676,0.0,0.0,0.0,0.9746538154801568,0.96,0.96,0.96,40.51150864806978,0.0,0.0,0.0,40.51150864806978,972.2762075536748,0.1340088206938202,6.105753807454078e-05,0.78
1935-09-04,1935-09-15,316.6956,0.9306200236043244,294.72326674738565,0.794,1935,9,4,1935.09,1934,12,339,49,0.0254640902469741,7.581525118736181,0.0257242164909718,0.5700000000000001,3,Normal,40,6,4,3,65,118.0,0.4003755838562302,176.72326674738565,176.72326674738565,,1,176.72326674738565,0.0,0.0,0.0,0.0,0.0,0.0,0.0,0.0,0.0,40.0,6.0,4.0,3.0,65.0,226.72326674738565,990.0,964.8788930669896,25.121106933010424,0.1155493469424839,0.0076723266747385,989.8767783263828,0.2210081668684641,0.0,0.0,0.0,24.776877092524764,24.99788525939323,24.99788525939323,24.99788525939323,,0.92745790298958,0.0,0.0,0.0,39.82659733185202,0.0,0.0,0.0,0.8111323285509576,0.0,0.0,0.0,0.9711132328550958,0.96,0.96,0.96,38.67613568855295,0.0,0.0,0.0,38.67613568855295,928.2272565252708,0.1312286475220946,6.0792057674867374e-05,0.795
1935-09-05,1935-09-16,312.7836,0.9288272938647332,290.5219447532691,0.797,1935,9,5,1935.09,1934,12,340,49,0.0251010960266824,4.20132199411654,0.014461289654675,0.5700000000000001,3,Normal,40,6,4,3,65,118.0,0.4061655311450348,172.5219447532691,172.5219447532691,,1,172.5219447532691,0.0,0.0,0.0,0.0,0.0,0.0,0.0,0.0,0.0,40.0,6.0,4.0,3.0,65.0,222.5219447532691,990.0,964.8620877790132,25.13791222098689,0.1140665224255058,0.0072521944753269,989.8786812830992,0.2106535451979766,0.0,0.0,0.0,24.80593995888804,25.016593504086018,25.016593504086018,25.016593504086018,,0.925930178204866,0.0,0.0,0.0,38.86126842103981,0.0,0.0,0.0,0.7914718619356377,0.0,0.0,0.0,0.97,0.96,0.96,0.96,37.695430368408616,0.0,0.0,0.0,37.695430368408616,904.6903288418068,0.1297507160790284,6.0693454940404565e-05,0.795
1935-09-06,1935-09-17,312.7836,0.9288272938647332,290.5219447532691,0.797,1935,9,6,1935.09,1934,12,341,49,0.0251010960266824,0.0,0.0,0.5700000000000001,3,Normal,40,6,4,3,65,118.0,0.4061655311450348,172.5219447532691,172.5219447532691,,1,172.5219447532691,0.0,0.0,0.0,0.0,0.0,0.0,0.0,0.0,0.0,40.0,6.0,4.0,3.0,65.0,222.5219447532691,990.0,964.8620877790132,25.13791222098689,0.1140665224255058,0.0072521944753269,989.8786812830992,0.2106535451979766,0.0,0.0,0.0,24.80593995888804,25.016593504086018,25.016593504086018,25.016593504086018,,0.925930178204866,0.0,0.0,0.0,38.86126842103981,0.0,0.0,0.0,0.7914718619356377,0.0,0.0,0.0,0.97,0.96,0.96,0.96,37.695430368408616,0.0,0.0,0.0,37.695430368408616,904.6903288418068,0.1297507160790284,6.0693454940404565e-05,0.795
1935-09-07,1935-09-18,312.7836,0.9288272938647332,290.5219447532691,0.797,1935,9,7,1935.09,1934,12,342,49,0.0251010960266824,0.0,0.0,0.5700000000000001,3,Normal,40,6,4,3,65,118.0,0.4061655311450348,172.5219447532691,172.5219447532691,,1,172.5219447532691,0.0,0.0,0.0,0.0,0.0,0.0,0.0,0.0,0.0,40.0,6.0,4.0,3.0,65.0,222.5219447532691,990.0,964.8620877790132,25.13791222098689,0.1140665224255058,0.0072521944753269,989.8786812830992,0.2106535451979766,0.0,0.0,0.0,24.80593995888804,25.016593504086018,25.016593504086018,25.016593504086018,,0.925930178204866,0.0,0.0,0.0,38.86126842103981,0.0,0.0,0.0,0.7914718619356377,0.0,0.0,0.0,0.97,0.96,0.96,0.96,37.695430368408616,0.0,0.0,0.0,37.695430368408616,904.6903288418068,0.1297507160790284,6.0693454940404565e-05,0.795
1935-09-08,1935-09-19,312.7836,0.9288272938647332,290.5219447532691,0.797,1935,9,8,1935.09,1934,12,343,49,0.0251010960266824,0.0,0.0,0.5700000000000001,3,Normal,40,6,4,3,65,118.0,0.4061655311450348,172.5219447532691,172.5219447532691,,1,172.5219447532691,0.0,0.0,0.0,0.0,0.0,0.0,0.0,0.0,0.0,40.0,6.0,4.0,3.0,65.0,222.5219447532691,990.0,964.8620877790132,25.13791222098689,0.1140665224255058,0.0072521944753269,989.8786812830992,0.2106535451979766,0.0,0.0,0.0,24.80593995888804,25.016593504086018,25.016593504086018,25.016593504086018,,0.925930178204866,0.0,0.0,0.0,38.86126842103981,0.0,0.0,0.0,0.7914718619356377,0.0,0.0,0.0,0.97,0.96,0.96,0.96,37.695430368408616,0.0,0.0,0.0,37.695430368408616,904.6903288418068,0.1297507160790284,6.0693454940404565e-05,0.795
1935-09-09,1935-09-20,308.9022,0.9297022486736368,287.1870699602335,0.8029999999999999,1935,9,9,1935.09,1934,12,344,50,0.0248129628445641,3.3348747930356235,0.0116122038276214,0.5700000000000001,3,Normal,40,6,4,3,65,118.0,0.410882008080445,169.1870699602335,169.1870699602335,,1,169.1870699602335,0.0,0.0,0.0,0.0,0.0,0.0,0.0,0.0,0.0,40.0,6.0,4.0,3.0,65.0,219.1870699602335,990.0,964.848748279841,25.151251720159053,0.112889503832051,0.0069187069960233,989.880191789172,0.2025652265053557,0.0,0.0,0.0,24.828878282825627,25.031443509330984,25.031443509330984,25.031443509330984,,0.924714963755784,0.0,0.0,0.0,38.09525225096261,0.0,0.0,0.0,0.775870717942212,0.0,0.0,0.0,0.97,0.96,0.96,0.96,36.95239468343373,0.0,0.0,0.0,36.95239468343373,886.8574724024095,0.128670119753478,6.066984954077294e-05,0.805
1935-09-10,1935-09-21,308.9022,0.9297022486736368,287.1870699602335,0.8029999999999999,1935,9,10,1935.09,1934,12,345,50,0.0248129628445641,0.0,0.0,0.5700000000000001,3,Normal,40,6,4,3,65,118.0,0.410882008080445,169.1870699602335,169.1870699602335,,1,169.1870699602335,0.0,0.0,0.0,0.0,0.0,0.0,0.0,0.0,0.0,40.0,6.0,4.0,3.0,65.0,219.1870699602335,990.0,964.848748279841,25.151251720159053,0.112889503832051,0.0069187069960233,989.880191789172,0.2025652265053557,0.0,0.0,0.0,24.828878282825627,25.031443509330984,25.031443509330984,25.031443509330984,,0.924714963755784,0.0,0.0,0.0,38.09525225096261,0.0,0.0,0.0,0.775870717942212,0.0,0.0,0.0,0.97,0.96,0.96,0.96,36.95239468343373,0.0,0.0,0.0,36.95239468343373,886.8574724024095,0.128670119753478,6.066984954077294e-05,0.805
1935-09-11,1935-09-22,308.9022,0.9297022486736368,287.1870699602335,0.8029999999999999,1935,9,11,1935.09,1934,12,346,50,0.0248129628445641,0.0,0.0,0.54,3,Normal,40,6,4,3,65,118.0,0.410882008080445,169.1870699602335,169.1870699602335,,1,169.1870699602335,0.0,0.0,0.0,0.0,0.0,0.0,0.0,0.0,0.0,40.0,6.0,4.0,3.0,65.0,219.1870699602335,990.0,964.848748279841,25.151251720159053,0.112889503832051,0.0069187069960233,989.880191789172,0.2025652265053557,0.0,0.0,0.0,24.828878282825627,25.031443509330984,25.031443509330984,25.031443509330984,,0.924714963755784,0.0,0.0,0.0,38.09525225096261,0.0,0.0,0.0,0.775870717942212,0.0,0.0,0.0,0.97,0.96,0.96,0.96,36.95239468343373,0.0,0.0,0.0,36.95239468343373,886.8574724024095,0.128670119753478,6.066984954077294e-05,0.805
1935-09-12,1935-09-23,301.2308,0.93390939438871,281.3222739992266,0.8160000000000001,1935,9,12,1935.09,1934,12,347,50,0.0243062444735331,5.864795961006905,0.0208472506553925,0.54,3,Normal,40,6,4,3,65,118.0,0.4194477682926891,163.32227399922658,163.32227399922658,,1,163.32227399922658,0.0,0.0,0.0,0.0,0.0,0.0,0.0,0.0,0.0,40.0,6.0,4.0,3.0,65.0,213.32227399922655,990.0,964.8252890959968,25.174710904003064,0.1108195688805681,0.0063322273999226,989.8828482037196,0.1887412301982211,0.0,0.0,0.0,24.86881787752446,25.05755910772268,25.05755910772268,25.05755910772268,,0.92252520690939,0.0,0.0,0.0,36.74662869511821,0.0,0.0,0.0,0.748403843077764,0.0,0.0,0.0,0.97,0.96,0.96,0.96,35.644229834264664,0.0,0.0,0.0,35.644229834264664,855.4615160223519,0.1267024801397797,6.062354332642524e-05,0.815
1935-09-13,1935-09-24,293.6805,0.9321845933144058,273.7644374568714,0.8280000000000001,1935,9,13,1935.09,1934,12,348,50,0.0236532473962736,7.557836542355176,0.0276070793290886,0.54,3,Normal,40,6,4,3,65,118.0,0.4310274961063546,155.7644374568714,155.7644374568714,,1,155.7644374568714,0.0,0.0,0.0,0.0,0.0,0.0,0.0,0.0,0.0,40.0,6.0,4.0,3.0,65.0,205.7644374568714,990.0,964.7950577498276,25.204942250172508,0.108152088183775,0.0055764437456871,989.8862714680704,0.1716970511542545,0.0,0.0,0.0,24.91951666708876,25.09121371824301,25.09121371824301,25.09121371824301,,0.91955254639281,0.0,0.0,0.0,35.00444340259416,0.0,0.0,0.0,0.7129214542279868,0.0,0.0,0.0,0.97,0.96,0.96,0.96,33.95431010051633,0.0,0.0,0.0,33.95431010051633,814.903442412392,0.1240274683444428,6.0551387464872887e-05,0.83
1935-09-14,1935-09-25,293.6805,0.9321845933144058,273.7644374568714,0.8280000000000001,1935,9,14,1935.09,1934,12,349,50,0.0236532473962736,0.0,0.0,0.54,3,Normal,40,6,4,3,65,118.0,0.4310274961063546,155.7644374568714,155.7644374568714,,1,155.7644374568714,0.0,0.0,0.0,0.0,0.0,0.0,0.0,0.0,0.0,40.0,6.0,4.0,3.0,65.0,205.7644374568714,990.0,964.7950577498276,25.204942250172508,0.108152088183775,0.0055764437456871,989.8862714680704,0.1716970511542545,0.0,0.0,0.0,24.91951666708876,25.09121371824301,25.09121371824301,25.09121371824301,,0.91955254639281,0.0,0.0,0.0,35.00444340259416,0.0,0.0,0.0,0.7129214542279868,0.0,0.0,0.0,0.97,0.96,0.96,0.96,33.95431010051633,0.0,0.0,0.0,33.95431010051633,814.903442412392,0.1240274683444428,6.0551387464872887e-05,0.83
1935-09-15,1935-09-26,289.9506,0.935581823043148,271.2725109404546,0.835,1935,9,15,1935.09,1934,12,350,50,0.0234379449452552,2.491926516416811,0.0091860635188494,0.54,3,Normal,40,6,4,3,65,118.0,0.4349869420639582,153.2725109404546,153.2725109404546,,1,153.2725109404546,0.0,0.0,0.0,0.0,0.0,0.0,0.0,0.0,0.0,40.0,6.0,4.0,3.0,65.0,203.2725109404546,990.0,964.7850900437618,25.214909956238216,0.10727258174789,0.0053272510940454,989.887400167158,0.1662686236313819,0.0,0.0,0.0,24.93604149976487,25.10231012339625,25.10231012339625,25.10231012339625,,0.9185738260247548,0.0,0.0,0.0,34.43059676188801,0.0,0.0,0.0,0.7012341499366194,0.0,0.0,0.0,0.97,0.96,0.96,0.96,33.39767885903137,0.0,0.0,0.0,33.39767885903137,801.544292616753,0.1231148660925776,6.052705054203562e-05,0.835
1935-09-16,1935-09-27,286.2506,0.9441456049247084,270.26224589706084,0.836,1935,9,16,1935.09,1934,12,351,51,0.023350658045506,1.0102650433937583,0.0037380916451739,0.54,3,Normal,40,6,4,3,65,118.0,0.4366129631178473,152.26224589706084,152.26224589706084,,1,152.26224589706084,0.0,0.0,0.0,0.0,0.0,0.0,0.0,0.0,0.0,40.0,6.0,4.0,3.0,65.0,202.26224589706084,990.0,964.7810489835882,25.21895101641178,0.1069160164150999,0.005226224589706,989.8878577589952,0.1640864511376514,0.0,0.0,0.0,24.942722324269337,25.10680877540699,25.10680877540699,25.10680877540699,,0.9181772423170772,0.0,0.0,0.0,34.19804717944044,0.0,0.0,0.0,0.6964979058949172,0.0,0.0,0.0,0.97,0.96,0.96,0.96,33.17210576405722,0.0,0.0,0.0,33.17210576405722,796.1305383373733,0.1227404355127427,6.051712799231145e-05,0.835
1935-09-17,1935-09-28,286.2506,0.9441456049247084,270.26224589706084,0.836,1935,9,17,1935.09,1934,12,352,51,0.023350658045506,0.0,0.0,0.54,3,Normal,40,6,4,3,65,118.0,0.4366129631178473,152.26224589706084,152.26224589706084,,1,152.26224589706084,0.0,0.0,0.0,0.0,0.0,0.0,0.0,0.0,0.0,40.0,6.0,4.0,3.0,65.0,202.26224589706084,990.0,964.7810489835882,25.21895101641178,0.1069160164150999,0.005226224589706,989.8878577589952,0.1640864511376514,0.0,0.0,0.0,24.942722324269337,25.10680877540699,25.10680877540699,25.10680877540699,,0.9181772423170772,0.0,0.0,0.0,34.19804717944044,0.0,0.0,0.0,0.6964979058949172,0.0,0.0,0.0,0.97,0.96,0.96,0.96,33.17210576405722,0.0,0.0,0.0,33.17210576405722,796.1305383373733,0.1227404355127427,6.051712799231145e-05,0.835
1935-09-18,1935-09-29,286.2506,0.9441456049247084,270.26224589706084,0.836,1935,9,18,1935.09,1934,12,353,51,0.023350658045506,0.0,0.0,0.54,3,Normal,40,6,4,3,65,118.0,0.4366129631178473,152.26224589706084,152.26224589706084,,1,152.26224589706084,0.0,0.0,0.0,0.0,0.0,0.0,0.0,0.0,0.0,40.0,6.0,4.0,3.0,65.0,202.26224589706084,990.0,964.7810489835882,25.21895101641178,0.1069160164150999,0.005226224589706,989.8878577589952,0.1640864511376514,0.0,0.0,0.0,24.942722324269337,25.10680877540699,25.10680877540699,25.10680877540699,,0.9181772423170772,0.0,0.0,0.0,34.19804717944044,0.0,0.0,0.0,0.6964979058949172,0.0,0.0,0.0,0.97,0.96,0.96,0.96,33.17210576405722,0.0,0.0,0.0,33.17210576405722,796.1305383373733,0.1227404355127427,6.051712799231145e-05,0.835
1935-09-19,1935-09-30,286.2506,0.9441456049247084,270.26224589706084,0.836,1935,9,19,1935.09,1934,12,354,51,0.023350658045506,0.0,0.0,0.54,3,Normal,40,6,4,3,65,118.0,0.4366129631178473,152.26224589706084,152.26224589706084,,1,152.26224589706084,0.0,0.0,0.0,0.0,0.0,0.0,0.0,0.0,0.0,40.0,6.0,4.0,3.0,65.0,202.26224589706084,990.0,964.7810489835882,25.21895101641178,0.1069160164150999,0.005226224589706,989.8878577589952,0.1640864511376514,0.0,0.0,0.0,24.942722324269337,25.10680877540699,25.10680877540699,25.10680877540699,,0.9181772423170772,0.0,0.0,0.0,34.19804717944044,0.0,0.0,0.0,0.6964979058949172,0.0,0.0,0.0,0.97,0.96,0.96,0.96,33.17210576405722,0.0,0.0,0.0,33.17210576405722,796.1305383373733,0.1227404355127427,6.051712799231145e-05,0.835
1935-09-20,1935-10-01,282.5805,0.9441063439037743,266.78604271350054,0.847,1935,9,20,1935.09,1934,12,355,51,0.0230503140904464,3.476203183560301,0.0130299289580653,0.54,3,Normal,40,6,4,3,65,118.0,0.4423019990094433,148.78604271350054,148.78604271350054,,1,148.78604271350054,0.0,0.0,0.0,0.0,0.0,0.0,0.0,0.0,0.0,40.0,6.0,4.0,3.0,65.0,198.7860427135005,990.0,964.767144170854,25.232855829145933,0.1056891292384948,0.00487860427135,989.8894322664902,0.1566749688440811,0.0,0.0,0.0,24.965613126792043,25.12228809563612,25.12228809563612,25.12228809563612,,0.9168135247423516,0.0,0.0,0.0,33.39828297447517,0.0,0.0,0.0,0.6802094292153803,0.0,0.0,0.0,0.97,0.96,0.96,0.96,32.396334485240914,0.0,0.0,0.0,32.396334485240914,777.5120276457819,0.1214318940966154,6.0482701450592856e-05,0.845
1935-09-21,1935-10-02,282.5805,0.9441063439037743,266.78604271350054,0.847,1935,9,21,1935.09,1934,12,356,51,0.0230503140904464,0.0,0.0,0.49,3,Normal,40,6,4,3,65,118.0,0.4423019990094433,148.78604271350054,148.78604271350054,,1,148.78604271350054,0.0,0.0,0.0,0.0,0.0,0.0,0.0,0.0,0.0,40.0,6.0,4.0,3.0,65.0,198.7860427135005,990.0,964.767144170854,25.232855829145933,0.1056891292384948,0.00487860427135,989.8894322664902,0.1566749688440811,0.0,0.0,0.0,24.965613126792043,25.12228809563612,25.12228809563612,25.12228809563612,,0.9168135247423516,0.0,0.0,0.0,33.39828297447517,0.0,0.0,0.0,0.6802094292153803,0.0,0.0,0.0,0.97,0.96,0.96,0.96,32.396334485240914,0.0,0.0,0.0,32.396334485240914,777.5120276457819,0.1214318940966154,6.0482701450592856e-05,0.845
1935-09-22,1935-10-03,282.5805,0.9441063439037743,266.78604271350054,0.847,1935,9,22,1935.09,1934,12,357,51,0.0230503140904464,0.0,0.0,0.49,3,Normal,40,6,4,3,65,118.0,0.4423019990094433,148.78604271350054,148.78604271350054,,1,148.78604271350054,0.0,0.0,0.0,0.0,0.0,0.0,0.0,0.0,0.0,40.0,6.0,4.0,3.0,65.0,198.7860427135005,990.0,964.767144170854,25.232855829145933,0.1056891292384948,0.00487860427135,989.8894322664902,0.1566749688440811,0.0,0.0,0.0,24.965613126792043,25.12228809563612,25.12228809563612,25.12228809563612,,0.9168135247423516,0.0,0.0,0.0,33.39828297447517,0.0,0.0,0.0,0.6802094292153803,0.0,0.0,0.0,0.97,0.96,0.96,0.96,32.396334485240914,0.0,0.0,0.0,32.396334485240914,777.5120276457819,0.1214318940966154,6.0482701450592856e-05,0.845
1935-09-23,1935-10-04,275.3297,0.9493451834369376,261.382924552137,0.855,1935,9,23,1935.09,1934,12,358,52,0.0225834846813046,5.403118161363523,0.0206712744171082,0.49,3,Normal,40,6,4,3,65,118.0,0.4514449450062029,143.382924552137,143.382924552137,,1,143.382924552137,0.0,0.0,0.0,0.0,0.0,0.0,0.0,0.0,0.0,40.0,6.0,4.0,3.0,65.0,193.382924552137,990.0,964.7455316982084,25.254468301791466,0.1037821942105707,0.0043382924552137,989.8918795133342,0.1455335075953167,0.0,0.0,0.0,25.00081430753032,25.14634781512564,25.14634781512564,25.14634781512564,,0.914599971187296,0.0,0.0,0.0,32.15299786067527,0.0,0.0,0.0,0.6548472069383965,0.0,0.0,0.0,0.97,0.96,0.96,0.96,31.18840792485501,0.0,0.0,0.0,31.18840792485501,748.5217901965202,0.119320755088705,6.042174598442402e-05,0.855
1935-09-24,1935-10-05,271.7487,0.9523418217225876,258.7976520087449,0.862,1935,9,24,1935.09,1934,12,359,52,0.0223601171335555,2.5852725433921364,0.0099895517726906,0.49,3,Normal,40,6,4,3,65,118.0,0.4559546776568619,140.79765200874488,140.79765200874488,,1,140.79765200874488,0.0,0.0,0.0,0.0,0.0,0.0,0.0,0.0,0.0,40.0,6.0,4.0,3.0,65.0,190.79765200874488,990.0,964.735190608035,25.264809391964945,0.102869767973999,0.0040797652008744,989.8930504668252,0.1403112570576646,0.0,0.0,0.0,25.0175486017324,25.15785985879006,25.15785985879006,25.15785985879006,,0.9134288254391834,0.0,0.0,0.0,31.55393864704913,0.0,0.0,0.0,0.6426464082902063,0.0,0.0,0.0,0.97,0.96,0.96,0.96,30.60732048763765,0.0,0.0,0.0,30.60732048763765,734.5756917033036,0.1182673809057719,6.038476741259988e-05,0.86
1935-09-25,1935-10-06,271.7487,0.9523418217225876,258.7976520087449,0.862,1935,9,25,1935.09,1934,12,360,52,0.0223601171335555,0.0,0.0,0.49,3,Normal,40,6,4,3,65,118.0,0.4559546776568619,140.79765200874488,140.79765200874488,,1,140.79765200874488,0.0,0.0,0.0,0.0,0.0,0.0,0.0,0.0,0.0,40.0,6.0,4.0,3.0,65.0,190.79765200874488,990.0,964.735190608035,25.264809391964945,0.102869767973999,0.0040797652008744,989.8930504668252,0.1403112570576646,0.0,0.0,0.0,25.0175486017324,25.15785985879006,25.15785985879006,25.15785985879006,,0.9134288254391834,0.0,0.0,0.0,31.55393864704913,0.0,0.0,0.0,0.6426464082902063,0.0,0.0,0.0,0.97,0.96,0.96,0.96,30.60732048763765,0.0,0.0,0.0,30.60732048763765,734.5756917033036,0.1182673809057719,6.038476741259988e-05,0.86
1935-09-26,1935-10-07,271.7487,0.9523418217225876,258.7976520087449,0.862,1935,9,26,1935.09,1934,12,361,52,0.0223601171335555,0.0,0.0,0.49,3,Normal,40,6,4,3,65,118.0,0.4559546776568619,140.79765200874488,140.79765200874488,,1,140.79765200874488,0.0,0.0,0.0,0.0,0.0,0.0,0.0,0.0,0.0,40.0,6.0,4.0,3.0,65.0,190.79765200874488,990.0,964.735190608035,25.264809391964945,0.102869767973999,0.0040797652008744,989.8930504668252,0.1403112570576646,0.0,0.0,0.0,25.0175486017324,25.15785985879006,25.15785985879006,25.15785985879006,,0.9134288254391834,0.0,0.0,0.0,31.55393864704913,0.0,0.0,0.0,0.6426464082902063,0.0,0.0,0.0,0.97,0.96,0.96,0.96,30.60732048763765,0.0,0.0,0.0,30.60732048763765,734.5756917033036,0.1182673809057719,6.038476741259988e-05,0.86
1935-09-27,1935-10-08,271.7487,0.9523418217225876,258.7976520087449,0.862,1935,9,27,1935.09,1934,12,362,52,0.0223601171335555,0.0,0.0,0.49,3,Normal,40,6,4,3,65,118.0,0.4559546776568619,140.79765200874488,140.79765200874488,,1,140.79765200874488,0.0,0.0,0.0,0.0,0.0,0.0,0.0,0.0,0.0,40.0,6.0,4.0,3.0,65.0,190.79765200874488,990.0,964.735190608035,25.264809391964945,0.102869767973999,0.0040797652008744,989.8930504668252,0.1403112570576646,0.0,0.0,0.0,25.0175486017324,25.15785985879006,25.15785985879006,25.15785985879006,,0.9134288254391834,0.0,0.0,0.0,31.55393864704913,0.0,0.0,0.0,0.6426464082902063,0.0,0.0,0.0,0.97,0.96,0.96,0.96,30.60732048763765,0.0,0.0,0.0,30.60732048763765,734.5756917033036,0.1182673809057719,6.038476741259988e-05,0.86
1935-09-28,1935-10-09,271.7487,0.9523418217225876,258.7976520087449,0.862,1935,9,28,1935.09,1934,12,363,52,0.0223601171335555,0.0,0.0,0.49,3,Normal,40,6,4,3,65,118.0,0.4559546776568619,140.79765200874488,140.79765200874488,,1,140.79765200874488,0.0,0.0,0.0,0.0,0.0,0.0,0.0,0.0,0.0,40.0,6.0,4.0,3.0,65.0,190.79765200874488,990.0,964.735190608035,25.264809391964945,0.102869767973999,0.0040797652008744,989.8930504668252,0.1403112570576646,0.0,0.0,0.0,25.0175486017324,25.15785985879006,25.15785985879006,25.15785985879006,,0.9134288254391834,0.0,0.0,0.0,31.55393864704913,0.0,0.0,0.0,0.6426464082902063,0.0,0.0,0.0,0.97,0.96,0.96,0.96,30.60732048763765,0.0,0.0,0.0,30.60732048763765,734.5756917033036,0.1182673809057719,6.038476741259988e-05,0.86
1935-09-29,1935-10-10,268.1972,0.9570673705328404,256.6827889882703,0.865,1935,9,29,1935.09,1934,12,364,52,0.0221773929685865,2.1148630204745587,0.0082392085141758,0.49,3,Normal,40,6,4,3,65,118.0,0.4597113833190906,138.68278898827032,138.68278898827032,,1,138.68278898827032,0.0,0.0,0.0,0.0,0.0,0.0,0.0,0.0,0.0,40.0,6.0,4.0,3.0,65.0,188.68278898827032,990.0,964.7267311559532,25.273268844046925,0.1021233644617007,0.003868278898827,989.8940083566396,0.1361446106372444,0.0,0.0,0.0,25.03113259004914,25.167277200686385,25.167277200686385,25.167277200686385,,0.9124717552434836,0.0,0.0,0.0,31.06427321822026,0.0,0.0,0.0,0.6326735889657894,0.0,0.0,0.0,0.97,0.96,0.96,0.96,30.13234502167365,0.0,0.0,0.0,30.13234502167365,723.1762805201677,0.1173913729878111,6.035425088012708e-05,0.865
1935-09-30,1935-10-11,268.1972,0.9570673705328404,256.6827889882703,0.865,1935,9,30,1935.09,1934,12,365,53,0.0221773929685865,0.0,0.0,0.49,3,Normal,40,6,4,3,65,118.0,0.4597113833190906,138.68278898827032,138.68278898827032,,1,138.68278898827032,0.0,0.0,0.0,0.0,0.0,0.0,0.0,0.0,0.0,40.0,6.0,4.0,3.0,65.0,188.68278898827032,990.0,964.7267311559532,25.273268844046925,0.1021233644617007,0.003868278898827,989.8940083566396,0.1361446106372444,0.0,0.0,0.0,25.03113259004914,25.167277200686385,25.167277200686385,25.167277200686385,,0.9124717552434836,0.0,0.0,0.0,31.06427321822026,0.0,0.0,0.0,0.6326735889657894,0.0,0.0,0.0,0.97,0.96,0.96,0.96,30.13234502167365,0.0,0.0,0.0,30.13234502167365,723.1762805201677,0.1173913729878111,6.035425088012708e-05,0.865
