Date,LaggedDate,VicFalls,Conversion,Flow,Exceedance,Year,Month,Day,MonthId,WaterYear,WaterMonth,WaterDay,WaterWeek,Volume,Flow_difference,Flow_difference_pct,EWRRefExceedance,EWRBandNo,EWRBandLabel,EWRChannelA,EWRChannelC,EWRChannelD,EWRChannelE,EWRChannelFG,EWRTotal,EWRProportion,FlowAvailableForGeneration,FlowCanal,LowFlowShutoff,Turbines,FlowTurbine1,FlowTurbine2,FlowTurbine3,FlowTurbine4,FlowSpill,SpillChannelA,SpillChannelC,SpillChannelD,SpillChannelE,SpillChannelFG,FlowChannelA,FlowChannelC,FlowChannelD,FlowChannelE,FlowChannelFG,FlowLeftChannel,LevelHeadpond,LevelTailwater,HeadGross,HeadlossLeftChannel,HeadlossCanal,LevelForebay,HeadlossTurbine1,HeadlossTurbine2,HeadlossTurbine3,HeadlossTurbine4,HeadTurbine1,HeadTurbine2,HeadTurbine3,HeadTurbine4,LowHeadShutoff,EffTurbine1,EffTurbine2,EffTurbine3,EffTurbine4,PowerTurbine1,PowerTurbine2,PowerTurbine3,PowerTurbine4,LoadFactorTurbine1,LoadFactorTurbine2,LoadFactorTurbine3,LoadFactorTurbine4,EffGen1,EffGen2,EffGen3,EffGen4,PowerGenerator1,PowerGenerator2,PowerGenerator3,PowerGenerator4,Power,Energy,PerfMwPerCumec,PerfMWhPerm3,ExceedanceRnd
1971-10-01,1971-10-12,344.9443,0.9283094176295976,320.2150422476492,0.757,1971,10,1,1971.1,1971,1,1,1,0.0276665796501968,3.4115115911866383,0.0106538142844277,0.12,2,Mod_Wet,41,6,4,3,56,110.0,0.343519152716529,210.2150422476492,210.2150422476492,,1,210.2150422476492,0.0,0.0,0.0,0.0,0.0,0.0,0.0,0.0,0.0,41.0,6.0,4.0,3.0,56.0,261.2150422476492,990.0,965.0010752112382,24.99892478876177,0.1277226559149401,0.0120430084495298,989.8602343356356,0.3126451267429476,0.0,0.0,0.0,24.54651399765442,24.859159124397365,24.859159124397365,24.859159124397365,,0.937508728118822,0.0,0.0,0.0,47.44250723819862,0.0,0.0,0.0,0.9662425099429456,0.0,0.0,0.0,0.98,0.96,0.96,0.96,46.49365709343465,0.0,0.0,0.0,46.49365709343465,1115.8477702424316,0.1451951062857228,6.143663464844519e-05,0.755
1971-10-02,1971-10-13,340.8154,0.928721014594374,316.52242407738737,0.763,1971,10,2,1971.1,1971,1,2,1,0.0273475374402862,3.692618170261824,0.0116662134792668,0.12,2,Mod_Wet,41,6,4,3,56,110.0,0.3475267204863369,206.52242407738737,206.52242407738737,,1,206.52242407738737,0.0,0.0,0.0,0.0,0.0,0.0,0.0,0.0,0.0,41.0,6.0,4.0,3.0,56.0,257.52242407738737,990.0,964.9826121203868,25.017387879613125,0.1264194163924304,0.0113044848154774,989.862276098792,0.3017759267875188,0.0,0.0,0.0,24.577888051617716,24.879663978405237,24.879663978405237,24.879663978405237,,0.9365950261651316,0.0,0.0,0.0,46.6232262119152,0.0,0.0,0.0,0.9495565419941996,0.0,0.0,0.0,0.98,0.96,0.96,0.96,45.69076168767689,0.0,0.0,0.0,45.69076168767689,1096.5782805042454,0.1443523687803738,6.145520663567777e-05,0.765
1971-10-03,1971-10-14,336.7179,0.9260439379072553,311.8155700798613,0.7659999999999999,1971,10,3,1971.1,1971,1,3,1,0.0269408652549,4.706853997526082,0.0150949934806673,0.12,2,Mod_Wet,41,6,4,3,56,110.0,0.3527726340664359,201.8155700798613,201.8155700798613,,1,201.8155700798613,0.0,0.0,0.0,0.0,0.0,0.0,0.0,0.0,0.0,41.0,6.0,4.0,3.0,56.0,252.8155700798613,990.0,964.9590778503992,25.04092214960076,0.1247582215779598,0.0103631140159722,989.864878664406,0.2881925304284032,0.0,0.0,0.0,24.61760828357845,24.90580081400685,24.90580081400685,24.90580081400685,,0.9353001135508314,0.0,0.0,0.0,45.57117352853184,0.0,0.0,0.0,0.9281298070984082,0.0,0.0,0.0,0.98,0.96,0.96,0.96,44.659750057961205,0.0,0.0,0.0,44.659750057961205,1071.8340013910688,0.1432248878608694,6.146942043323227e-05,0.765
1971-10-04,1971-10-15,336.7179,0.9260439379072553,311.8155700798613,0.7659999999999999,1971,10,4,1971.1,1971,1,4,1,0.0269408652549,0.0,0.0,0.12,2,Mod_Wet,41,6,4,3,56,110.0,0.3527726340664359,201.8155700798613,201.8155700798613,,1,201.8155700798613,0.0,0.0,0.0,0.0,0.0,0.0,0.0,0.0,0.0,41.0,6.0,4.0,3.0,56.0,252.8155700798613,990.0,964.9590778503992,25.04092214960076,0.1247582215779598,0.0103631140159722,989.864878664406,0.2881925304284032,0.0,0.0,0.0,24.61760828357845,24.90580081400685,24.90580081400685,24.90580081400685,,0.9353001135508314,0.0,0.0,0.0,45.57117352853184,0.0,0.0,0.0,0.9281298070984082,0.0,0.0,0.0,0.98,0.96,0.96,0.96,44.659750057961205,0.0,0.0,0.0,44.659750057961205,1071.8340013910688,0.1432248878608694,6.146942043323227e-05,0.765
1971-10-05,1971-10-16,332.6514,0.9289857410847936,309.0284073518941,0.77,1971,10,5,1971.1,1971,1,5,1,0.0267000543952036,2.7871627279672,0.0090191149475569,0.12,2,Mod_Wet,41,6,4,3,56,110.0,0.3559543310034335,199.0284073518941,199.0284073518941,,1,199.0284073518941,0.0,0.0,0.0,0.0,0.0,0.0,0.0,0.0,0.0,41.0,6.0,4.0,3.0,56.0,250.0284073518941,990.0,964.9451420367594,25.05485796324058,0.1237745453744451,0.0099028407351894,989.8663226138904,0.2802795405853034,0.0,0.0,0.0,24.640901036545635,24.92118057713094,24.92118057713094,24.92118057713094,,0.9344984362432072,0.0,0.0,0.0,44.94578093505108,0.0,0.0,0.0,0.9153926870682502,0.0,0.0,0.0,0.98,0.96,0.96,0.96,44.04686531635006,0.0,0.0,0.0,44.04686531635006,1057.1247675924014,0.1425333861498156,6.147484436239375e-05,0.77
1971-10-06,1971-10-17,328.6161,0.9312389803097992,306.020121877383,0.775,1971,10,6,1971.1,1971,1,6,1,0.0264401385302058,3.008285474511069,0.0098303518607068,0.12,2,Mod_Wet,41,6,4,3,56,110.0,0.3594534873235398,196.02012187738305,196.02012187738305,,1,196.02012187738305,0.0,0.0,0.0,0.0,0.0,0.0,0.0,0.0,0.0,41.0,6.0,4.0,3.0,56.0,247.02012187738305,990.0,964.9301006093868,25.06989939061316,0.1227128280929378,0.0096020121877383,989.8676851597191,0.2718563412566724,0.0,0.0,0.0,24.665728209075745,24.937584550332417,24.937584550332417,24.937584550332417,,0.9336357049397696,0.0,0.0,0.0,44.27012498774361,0.0,0.0,0.0,0.9016318734774664,0.0,0.0,0.0,0.98,0.96,0.96,0.96,43.38472248798873,0.0,0.0,0.0,43.38472248798873,1041.2333397117295,0.141770816317014,6.147997300888111e-05,0.775
1971-10-07,1971-10-18,324.6118,0.9312809696570542,302.30479186612183,0.7809999999999999,1971,10,7,1971.1,1971,1,7,1,0.0261191340172329,3.7153300112611873,0.0122900136260709,0.12,2,Mod_Wet,41,6,4,3,56,110.0,0.3638711755806848,192.30479186612183,192.30479186612183,,1,192.30479186612183,0.0,0.0,0.0,0.0,0.0,0.0,0.0,0.0,0.0,41.0,6.0,4.0,3.0,56.0,243.30479186612183,990.0,964.9115239593306,25.088476040669438,0.1214015728570631,0.0092304791866121,989.8693679479564,0.2616690338758514,0.0,0.0,0.0,24.69617495474992,24.95784398862577,24.95784398862577,24.95784398862577,,0.9325740067444982,0.0,0.0,0.0,43.43519795794565,0.0,0.0,0.0,0.8846272496526608,0.0,0.0,0.0,0.978462724965266,0.96,0.96,0.96,42.49972215333726,0.0,0.0,0.0,42.49972215333726,1019.9933316800942,0.1405856714707936,6.13894134481356e-05,0.78
1971-10-08,1971-10-19,320.6383,0.9330769620260724,299.18021087320443,0.7859999999999999,1971,10,8,1971.1,1971,1,8,2,0.0258491702194448,3.124580992917401,0.0104438090467207,0.12,2,Mod_Wet,41,6,4,3,56,110.0,0.3676713766560553,189.18021087320443,189.18021087320443,,1,189.18021087320443,0.0,0.0,0.0,0.0,0.0,0.0,0.0,0.0,0.0,41.0,6.0,4.0,3.0,56.0,240.18021087320443,990.0,964.8967208434927,25.103279156507256,0.1202988112788294,0.0089180210873204,989.8707831676338,0.2532193609227238,0.0,0.0,0.0,24.72084296321835,24.974062324141077,24.974062324141077,24.974062324141077,,0.9316835352717168,0.0,0.0,0.0,42.731299586842326,0.0,0.0,0.0,0.8702912339479089,0.0,0.0,0.0,0.9770291233947908,0.96,0.96,0.96,41.749724176852745,0.0,0.0,0.0,41.749724176852745,1001.993380244466,0.1395470778464913,6.130210739882383e-05,0.785
1971-10-09,1971-10-20,316.6956,0.9306200236043244,294.72326674738565,0.794,1971,10,9,1971.1,1971,1,9,2,0.0254640902469741,4.4569441258187785,0.0151224712422821,0.12,2,Mod_Wet,41,6,4,3,56,110.0,0.3732314764761468,184.72326674738565,184.72326674738565,,1,184.72326674738565,0.0,0.0,0.0,0.0,0.0,0.0,0.0,0.0,0.0,41.0,6.0,4.0,3.0,56.0,235.72326674738565,990.0,964.8788930669896,25.121106933010424,0.1187258174119946,0.0084723266747385,989.8728018559132,0.241386028208255,0.0,0.0,0.0,24.752522760715337,24.99390878892359,24.99390878892359,24.99390878892359,,0.9303930000975104,0.0,0.0,0.0,41.72018279252708,0.0,0.0,0.0,0.8496982238803885,0.0,0.0,0.0,0.9749698223880388,0.96,0.96,0.96,40.67591920722664,0.0,0.0,0.0,40.67591920722664,976.2220609734394,0.1380139398430696,6.116644993022653e-05,0.795
1971-10-10,1971-10-21,316.6956,0.9306200236043244,294.72326674738565,0.794,1971,10,10,1971.1,1971,1,10,2,0.0254640902469741,0.0,0.0,0.12,2,Mod_Wet,41,6,4,3,56,110.0,0.3732314764761468,184.72326674738565,184.72326674738565,,1,184.72326674738565,0.0,0.0,0.0,0.0,0.0,0.0,0.0,0.0,0.0,41.0,6.0,4.0,3.0,56.0,235.72326674738565,990.0,964.8788930669896,25.121106933010424,0.1187258174119946,0.0084723266747385,989.8728018559132,0.241386028208255,0.0,0.0,0.0,24.752522760715337,24.99390878892359,24.99390878892359,24.99390878892359,,0.9303930000975104,0.0,0.0,0.0,41.72018279252708,0.0,0.0,0.0,0.8496982238803885,0.0,0.0,0.0,0.9749698223880388,0.96,0.96,0.96,40.67591920722664,0.0,0.0,0.0,40.67591920722664,976.2220609734394,0.1380139398430696,6.116644993022653e-05,0.795
1971-10-11,1971-10-22,312.7836,0.9288272938647332,290.5219447532691,0.797,1971,10,11,1971.1,1971,1,11,2,0.0251010960266824,4.20132199411654,0.014461289654675,0.14,2,Mod_Wet,41,6,4,3,56,110.0,0.3786288849657104,180.5219447532691,180.5219447532691,,1,180.5219447532691,0.0,0.0,0.0,0.0,0.0,0.0,0.0,0.0,0.0,41.0,6.0,4.0,3.0,56.0,231.5219447532691,990.0,964.8620877790132,25.13791222098689,0.1172430037024686,0.0080521944753269,989.8747048018222,0.2305466174634343,0.0,0.0,0.0,24.78207040534565,25.01261702280908,25.01261702280908,25.01261702280908,,0.9288704899422002,0.0,0.0,0.0,40.7531755318544,0.0,0.0,0.0,0.8300035749868512,0.0,0.0,0.0,0.9730003574986852,0.96,0.96,0.96,39.652854361701,0.0,0.0,0.0,39.652854361701,951.6685046808238,0.136488327569805,6.101574953778409e-05,0.795
1971-10-12,1971-10-23,308.9022,0.9297022486736368,287.1870699602335,0.8029999999999999,1971,10,12,1971.1,1971,1,12,2,0.0248129628445641,3.3348747930356235,0.0116122038276214,0.14,2,Mod_Wet,41,6,4,3,56,110.0,0.3830256007529573,177.1870699602335,177.1870699602335,,1,177.1870699602335,0.0,0.0,0.0,0.0,0.0,0.0,0.0,0.0,0.0,41.0,6.0,4.0,3.0,56.0,228.1870699602335,990.0,964.848748279841,25.151251720159053,0.1160659851090138,0.0077187069960233,989.876215307895,0.2221676749005837,0.0,0.0,0.0,24.805299353153465,25.027467028054048,25.027467028054048,25.027467028054048,,0.9276592614417288,0.0,0.0,0.0,39.98560609067256,0.0,0.0,0.0,0.814370796144044,0.0,0.0,0.0,0.9714370796144044,0.96,0.96,0.96,38.84350040733489,0.0,0.0,0.0,38.84350040733489,932.2440097760376,0.1352550461715199,6.089530814342879e-05,0.805
1971-10-13,1971-10-24,308.9022,0.9297022486736368,287.1870699602335,0.8029999999999999,1971,10,13,1971.1,1971,1,13,2,0.0248129628445641,0.0,0.0,0.14,2,Mod_Wet,41,6,4,3,56,110.0,0.3830256007529573,177.1870699602335,177.1870699602335,,1,177.1870699602335,0.0,0.0,0.0,0.0,0.0,0.0,0.0,0.0,0.0,41.0,6.0,4.0,3.0,56.0,228.1870699602335,990.0,964.848748279841,25.151251720159053,0.1160659851090138,0.0077187069960233,989.876215307895,0.2221676749005837,0.0,0.0,0.0,24.805299353153465,25.027467028054048,25.027467028054048,25.027467028054048,,0.9276592614417288,0.0,0.0,0.0,39.98560609067256,0.0,0.0,0.0,0.814370796144044,0.0,0.0,0.0,0.9714370796144044,0.96,0.96,0.96,38.84350040733489,0.0,0.0,0.0,38.84350040733489,932.2440097760376,0.1352550461715199,6.089530814342879e-05,0.805
1971-10-14,1971-10-25,305.0513,0.9297058187130764,283.6079686159883,0.8130000000000001,1971,10,14,1971.1,1971,1,14,2,0.0245037284884213,3.5791013442452027,0.0126198899195649,0.14,2,Mod_Wet,41,6,4,3,56,110.0,0.3878593416708348,173.60796861598828,173.60796861598828,,1,173.60796861598828,0.0,0.0,0.0,0.0,0.0,0.0,0.0,0.0,0.0,41.0,6.0,4.0,3.0,56.0,224.60796861598828,990.0,964.834431874464,25.165568125536083,0.1148027686191975,0.0073607968615988,989.8778364345192,0.2133034434230114,0.0,0.0,0.0,24.830101116632356,25.043404560055365,25.043404560055365,25.043404560055365,,0.9263567894699588,0.0,0.0,0.0,39.16202424796218,0.0,0.0,0.0,0.7975972351927124,0.0,0.0,0.0,0.97,0.96,0.96,0.96,37.98716352052331,0.0,0.0,0.0,37.98716352052331,911.6919244925596,0.1339425112273865,6.078056180792299e-05,0.815
1971-10-15,1971-10-26,301.2308,0.93390939438871,281.3222739992266,0.8160000000000001,1971,10,15,1971.1,1971,1,15,3,0.0243062444735331,2.2856946167617025,0.008124826322028,0.14,2,Mod_Wet,41,6,4,3,56,110.0,0.3910106314592865,171.32227399922658,171.32227399922658,,1,171.32227399922658,0.0,0.0,0.0,0.0,0.0,0.0,0.0,0.0,0.0,41.0,6.0,4.0,3.0,56.0,222.32227399922655,990.0,964.8252890959968,25.174710904003064,0.113996050157531,0.0071322273999226,989.8788717224426,0.2077263485581128,0.0,0.0,0.0,24.84585627788752,25.053582626445632,25.053582626445632,25.053582626445632,,0.9255236207566228,0.0,0.0,0.0,38.63616441394866,0.0,0.0,0.0,0.7868872589398913,0.0,0.0,0.0,0.97,0.96,0.96,0.96,37.47707948153021,0.0,0.0,0.0,37.47707948153021,899.4499075567248,0.1332176046665726,6.076442725729643e-05,0.815
1971-10-16,1971-10-27,301.2308,0.93390939438871,281.3222739992266,0.8160000000000001,1971,10,16,1971.1,1971,1,16,3,0.0243062444735331,0.0,0.0,0.14,2,Mod_Wet,41,6,4,3,56,110.0,0.3910106314592865,171.32227399922658,171.32227399922658,,1,171.32227399922658,0.0,0.0,0.0,0.0,0.0,0.0,0.0,0.0,0.0,41.0,6.0,4.0,3.0,56.0,222.32227399922655,990.0,964.8252890959968,25.174710904003064,0.113996050157531,0.0071322273999226,989.8788717224426,0.2077263485581128,0.0,0.0,0.0,24.84585627788752,25.053582626445632,25.053582626445632,25.053582626445632,,0.9255236207566228,0.0,0.0,0.0,38.63616441394866,0.0,0.0,0.0,0.7868872589398913,0.0,0.0,0.0,0.97,0.96,0.96,0.96,37.47707948153021,0.0,0.0,0.0,37.47707948153021,899.4499075567248,0.1332176046665726,6.076442725729643e-05,0.815
1971-10-17,1971-10-28,301.2308,0.93390939438871,281.3222739992266,0.8160000000000001,1971,10,17,1971.1,1971,1,17,3,0.0243062444735331,0.0,0.0,0.14,2,Mod_Wet,41,6,4,3,56,110.0,0.3910106314592865,171.32227399922658,171.32227399922658,,1,171.32227399922658,0.0,0.0,0.0,0.0,0.0,0.0,0.0,0.0,0.0,41.0,6.0,4.0,3.0,56.0,222.32227399922655,990.0,964.8252890959968,25.174710904003064,0.113996050157531,0.0071322273999226,989.8788717224426,0.2077263485581128,0.0,0.0,0.0,24.84585627788752,25.053582626445632,25.053582626445632,25.053582626445632,,0.9255236207566228,0.0,0.0,0.0,38.63616441394866,0.0,0.0,0.0,0.7868872589398913,0.0,0.0,0.0,0.97,0.96,0.96,0.96,37.47707948153021,0.0,0.0,0.0,37.47707948153021,899.4499075567248,0.1332176046665726,6.076442725729643e-05,0.815
1971-10-18,1971-10-29,297.4406,0.927655743202664,275.9224808516464,0.8220000000000001,1971,10,18,1971.1,1971,1,18,3,0.0238397023455822,5.399793147580169,0.0195699644730414,0.14,2,Mod_Wet,41,6,4,3,56,110.0,0.3986626956255262,165.9224808516464,165.9224808516464,,1,165.9224808516464,0.0,0.0,0.0,0.0,0.0,0.0,0.0,0.0,0.0,41.0,6.0,4.0,3.0,56.0,216.9224808516464,990.0,964.8036899234066,25.196310076593363,0.1120902343983353,0.0065922480851646,989.8813175175164,0.1947955044269184,0.0,0.0,0.0,24.88283208968288,25.0776275941098,25.0776275941098,25.0776275941098,,0.9235510973239625,0.0,0.0,0.0,37.394236438258496,0.0,0.0,0.0,0.7615934101478309,0.0,0.0,0.0,0.97,0.96,0.96,0.96,36.27240934511074,0.0,0.0,0.0,36.27240934511074,870.5378242826578,0.1314586953304943,6.072516039306065e-05,0.82
1971-10-19,1971-10-30,297.4406,0.927655743202664,275.9224808516464,0.8220000000000001,1971,10,19,1971.1,1971,1,19,3,0.0238397023455822,0.0,0.0,0.14,2,Mod_Wet,41,6,4,3,56,110.0,0.3986626956255262,165.9224808516464,165.9224808516464,,1,165.9224808516464,0.0,0.0,0.0,0.0,0.0,0.0,0.0,0.0,0.0,41.0,6.0,4.0,3.0,56.0,216.9224808516464,990.0,964.8036899234066,25.196310076593363,0.1120902343983353,0.0065922480851646,989.8813175175164,0.1947955044269184,0.0,0.0,0.0,24.88283208968288,25.0776275941098,25.0776275941098,25.0776275941098,,0.9235510973239625,0.0,0.0,0.0,37.394236438258496,0.0,0.0,0.0,0.7615934101478309,0.0,0.0,0.0,0.97,0.96,0.96,0.96,36.27240934511074,0.0,0.0,0.0,36.27240934511074,870.5378242826578,0.1314586953304943,6.072516039306065e-05,0.82
1971-10-20,1971-10-31,297.4406,0.927655743202664,275.9224808516464,0.8220000000000001,1971,10,20,1971.1,1971,1,20,3,0.0238397023455822,0.0,0.0,0.14,2,Mod_Wet,41,6,4,3,56,110.0,0.3986626956255262,165.9224808516464,165.9224808516464,,1,165.9224808516464,0.0,0.0,0.0,0.0,0.0,0.0,0.0,0.0,0.0,41.0,6.0,4.0,3.0,56.0,216.9224808516464,990.0,964.8036899234066,25.196310076593363,0.1120902343983353,0.0065922480851646,989.8813175175164,0.1947955044269184,0.0,0.0,0.0,24.88283208968288,25.0776275941098,25.0776275941098,25.0776275941098,,0.9235510973239625,0.0,0.0,0.0,37.394236438258496,0.0,0.0,0.0,0.7615934101478309,0.0,0.0,0.0,0.97,0.96,0.96,0.96,36.27240934511074,0.0,0.0,0.0,36.27240934511074,870.5378242826578,0.1314586953304943,6.072516039306065e-05,0.82
1971-10-21,1971-11-01,301.2308,0.93390939438871,281.3222739992266,0.8160000000000001,1971,10,21,1971.1,1971,1,21,3,0.0243062444735331,5.399793147580169,0.0191943320762259,0.18,2,Mod_Wet,41,6,4,3,56,110.0,0.3910106314592865,171.32227399922658,171.32227399922658,,1,171.32227399922658,0.0,0.0,0.0,0.0,0.0,0.0,0.0,0.0,0.0,41.0,6.0,4.0,3.0,56.0,222.32227399922655,990.0,964.8252890959968,25.174710904003064,0.113996050157531,0.0071322273999226,989.8788717224426,0.2077263485581128,0.0,0.0,0.0,24.84585627788752,25.053582626445632,25.053582626445632,25.053582626445632,,0.9255236207566228,0.0,0.0,0.0,38.63616441394866,0.0,0.0,0.0,0.7868872589398913,0.0,0.0,0.0,0.97,0.96,0.96,0.96,37.47707948153021,0.0,0.0,0.0,37.47707948153021,899.4499075567248,0.1332176046665726,6.076442725729643e-05,0.815
1971-10-22,1971-11-02,301.2308,0.93390939438871,281.3222739992266,0.8160000000000001,1971,10,22,1971.1,1971,1,22,4,0.0243062444735331,0.0,0.0,0.18,2,Mod_Wet,41,6,4,3,56,110.0,0.3910106314592865,171.32227399922658,171.32227399922658,,1,171.32227399922658,0.0,0.0,0.0,0.0,0.0,0.0,0.0,0.0,0.0,41.0,6.0,4.0,3.0,56.0,222.32227399922655,990.0,964.8252890959968,25.174710904003064,0.113996050157531,0.0071322273999226,989.8788717224426,0.2077263485581128,0.0,0.0,0.0,24.84585627788752,25.053582626445632,25.053582626445632,25.053582626445632,,0.9255236207566228,0.0,0.0,0.0,38.63616441394866,0.0,0.0,0.0,0.7868872589398913,0.0,0.0,0.0,0.97,0.96,0.96,0.96,37.47707948153021,0.0,0.0,0.0,37.47707948153021,899.4499075567248,0.1332176046665726,6.076442725729643e-05,0.815
1971-10-23,1971-11-03,305.0513,0.9297058187130764,283.6079686159883,0.8130000000000001,1971,10,23,1971.1,1971,1,23,4,0.0245037284884213,2.2856946167617025,0.0080593455392524,0.18,2,Mod_Wet,41,6,4,3,56,110.0,0.3878593416708348,173.60796861598828,173.60796861598828,,1,173.60796861598828,0.0,0.0,0.0,0.0,0.0,0.0,0.0,0.0,0.0,41.0,6.0,4.0,3.0,56.0,224.60796861598828,990.0,964.834431874464,25.165568125536083,0.1148027686191975,0.0073607968615988,989.8778364345192,0.2133034434230114,0.0,0.0,0.0,24.830101116632356,25.043404560055365,25.043404560055365,25.043404560055365,,0.9263567894699588,0.0,0.0,0.0,39.16202424796218,0.0,0.0,0.0,0.7975972351927124,0.0,0.0,0.0,0.97,0.96,0.96,0.96,37.98716352052331,0.0,0.0,0.0,37.98716352052331,911.6919244925596,0.1339425112273865,6.078056180792299e-05,0.815
1971-10-24,1971-11-04,305.0513,0.9297058187130764,283.6079686159883,0.8130000000000001,1971,10,24,1971.1,1971,1,24,4,0.0245037284884213,0.0,0.0,0.18,2,Mod_Wet,41,6,4,3,56,110.0,0.3878593416708348,173.60796861598828,173.60796861598828,,1,173.60796861598828,0.0,0.0,0.0,0.0,0.0,0.0,0.0,0.0,0.0,41.0,6.0,4.0,3.0,56.0,224.60796861598828,990.0,964.834431874464,25.165568125536083,0.1148027686191975,0.0073607968615988,989.8778364345192,0.2133034434230114,0.0,0.0,0.0,24.830101116632356,25.043404560055365,25.043404560055365,25.043404560055365,,0.9263567894699588,0.0,0.0,0.0,39.16202424796218,0.0,0.0,0.0,0.7975972351927124,0.0,0.0,0.0,0.97,0.96,0.96,0.96,37.98716352052331,0.0,0.0,0.0,37.98716352052331,911.6919244925596,0.1339425112273865,6.078056180792299e-05,0.815
1971-10-25,1971-11-05,305.0513,0.9297058187130764,283.6079686159883,0.8130000000000001,1971,10,25,1971.1,1971,1,25,4,0.0245037284884213,0.0,0.0,0.18,2,Mod_Wet,41,6,4,3,56,110.0,0.3878593416708348,173.60796861598828,173.60796861598828,,1,173.60796861598828,0.0,0.0,0.0,0.0,0.0,0.0,0.0,0.0,0.0,41.0,6.0,4.0,3.0,56.0,224.60796861598828,990.0,964.834431874464,25.165568125536083,0.1148027686191975,0.0073607968615988,989.8778364345192,0.2133034434230114,0.0,0.0,0.0,24.830101116632356,25.043404560055365,25.043404560055365,25.043404560055365,,0.9263567894699588,0.0,0.0,0.0,39.16202424796218,0.0,0.0,0.0,0.7975972351927124,0.0,0.0,0.0,0.97,0.96,0.96,0.96,37.98716352052331,0.0,0.0,0.0,37.98716352052331,911.6919244925596,0.1339425112273865,6.078056180792299e-05,0.815
1971-10-26,1971-11-06,308.9022,0.9297022486736368,287.1870699602335,0.8029999999999999,1971,10,26,1971.1,1971,1,26,4,0.0248129628445641,3.5791013442452027,0.0124626131139566,0.18,2,Mod_Wet,41,6,4,3,56,110.0,0.3830256007529573,177.1870699602335,177.1870699602335,,1,177.1870699602335,0.0,0.0,0.0,0.0,0.0,0.0,0.0,0.0,0.0,41.0,6.0,4.0,3.0,56.0,228.1870699602335,990.0,964.848748279841,25.151251720159053,0.1160659851090138,0.0077187069960233,989.876215307895,0.2221676749005837,0.0,0.0,0.0,24.805299353153465,25.027467028054048,25.027467028054048,25.027467028054048,,0.9276592614417288,0.0,0.0,0.0,39.98560609067256,0.0,0.0,0.0,0.814370796144044,0.0,0.0,0.0,0.9714370796144044,0.96,0.96,0.96,38.84350040733489,0.0,0.0,0.0,38.84350040733489,932.2440097760376,0.1352550461715199,6.089530814342879e-05,0.805
1971-10-27,1971-11-07,312.7836,0.9288272938647332,290.5219447532691,0.797,1971,10,27,1971.1,1971,1,27,4,0.0251010960266824,3.3348747930356235,0.0114789084035212,0.18,2,Mod_Wet,41,6,4,3,56,110.0,0.3786288849657104,180.5219447532691,180.5219447532691,,1,180.5219447532691,0.0,0.0,0.0,0.0,0.0,0.0,0.0,0.0,0.0,41.0,6.0,4.0,3.0,56.0,231.5219447532691,990.0,964.8620877790132,25.13791222098689,0.1172430037024686,0.0080521944753269,989.8747048018222,0.2305466174634343,0.0,0.0,0.0,24.78207040534565,25.01261702280908,25.01261702280908,25.01261702280908,,0.9288704899422002,0.0,0.0,0.0,40.7531755318544,0.0,0.0,0.0,0.8300035749868512,0.0,0.0,0.0,0.9730003574986852,0.96,0.96,0.96,39.652854361701,0.0,0.0,0.0,39.652854361701,951.6685046808238,0.136488327569805,6.101574953778409e-05,0.795
1971-10-28,1971-11-08,312.7836,0.9288272938647332,290.5219447532691,0.797,1971,10,28,1971.1,1971,1,28,4,0.0251010960266824,0.0,0.0,0.18,2,Mod_Wet,41,6,4,3,56,110.0,0.3786288849657104,180.5219447532691,180.5219447532691,,1,180.5219447532691,0.0,0.0,0.0,0.0,0.0,0.0,0.0,0.0,0.0,41.0,6.0,4.0,3.0,56.0,231.5219447532691,990.0,964.8620877790132,25.13791222098689,0.1172430037024686,0.0080521944753269,989.8747048018222,0.2305466174634343,0.0,0.0,0.0,24.78207040534565,25.01261702280908,25.01261702280908,25.01261702280908,,0.9288704899422002,0.0,0.0,0.0,40.7531755318544,0.0,0.0,0.0,0.8300035749868512,0.0,0.0,0.0,0.9730003574986852,0.96,0.96,0.96,39.652854361701,0.0,0.0,0.0,39.652854361701,951.6685046808238,0.136488327569805,6.101574953778409e-05,0.795
1971-10-29,1971-11-09,316.6956,0.9306200236043244,294.72326674738565,0.794,1971,10,29,1971.1,1971,1,29,5,0.0254640902469741,4.20132199411654,0.0142551419183256,0.18,2,Mod_Wet,41,6,4,3,56,110.0,0.3732314764761468,184.72326674738565,184.72326674738565,,1,184.72326674738565,0.0,0.0,0.0,0.0,0.0,0.0,0.0,0.0,0.0,41.0,6.0,4.0,3.0,56.0,235.72326674738565,990.0,964.8788930669896,25.121106933010424,0.1187258174119946,0.0084723266747385,989.8728018559132,0.241386028208255,0.0,0.0,0.0,24.752522760715337,24.99390878892359,24.99390878892359,24.99390878892359,,0.9303930000975104,0.0,0.0,0.0,41.72018279252708,0.0,0.0,0.0,0.8496982238803885,0.0,0.0,0.0,0.9749698223880388,0.96,0.96,0.96,40.67591920722664,0.0,0.0,0.0,40.67591920722664,976.2220609734394,0.1380139398430696,6.116644993022653e-05,0.795
1971-10-30,1971-11-10,320.6383,0.9330769620260724,299.18021087320443,0.7859999999999999,1971,10,30,1971.1,1971,1,30,5,0.0258491702194448,4.4569441258187785,0.0148971889310809,0.18,2,Mod_Wet,41,6,4,3,56,110.0,0.3676713766560553,189.18021087320443,189.18021087320443,,1,189.18021087320443,0.0,0.0,0.0,0.0,0.0,0.0,0.0,0.0,0.0,41.0,6.0,4.0,3.0,56.0,240.18021087320443,990.0,964.8967208434927,25.103279156507256,0.1202988112788294,0.0089180210873204,989.8707831676338,0.2532193609227238,0.0,0.0,0.0,24.72084296321835,24.974062324141077,24.974062324141077,24.974062324141077,,0.9316835352717168,0.0,0.0,0.0,42.731299586842326,0.0,0.0,0.0,0.8702912339479089,0.0,0.0,0.0,0.9770291233947908,0.96,0.96,0.96,41.749724176852745,0.0,0.0,0.0,41.749724176852745,1001.993380244466,0.1395470778464913,6.130210739882383e-05,0.785
1971-10-31,1971-11-11,320.6383,0.9330769620260724,299.18021087320443,0.7859999999999999,1971,10,31,1971.1,1971,1,31,5,0.0258491702194448,0.0,0.0,0.18,2,Mod_Wet,41,6,4,3,56,110.0,0.3676713766560553,189.18021087320443,189.18021087320443,,1,189.18021087320443,0.0,0.0,0.0,0.0,0.0,0.0,0.0,0.0,0.0,41.0,6.0,4.0,3.0,56.0,240.18021087320443,990.0,964.8967208434927,25.103279156507256,0.1202988112788294,0.0089180210873204,989.8707831676338,0.2532193609227238,0.0,0.0,0.0,24.72084296321835,24.974062324141077,24.974062324141077,24.974062324141077,,0.9316835352717168,0.0,0.0,0.0,42.731299586842326,0.0,0.0,0.0,0.8702912339479089,0.0,0.0,0.0,0.9770291233947908,0.96,0.96,0.96,41.749724176852745,0.0,0.0,0.0,41.749724176852745,1001.993380244466,0.1395470778464913,6.130210739882383e-05,0.785
1971-11-01,1971-11-12,328.6161,0.9312389803097992,306.020121877383,0.775,1971,11,1,1971.11,1971,2,32,5,0.0264401385302058,6.839911004178588,0.0223511805766786,0.17,2,Mod_Wet,40,6,4,3,53,106.0,0.3463824514208656,200.02012187738305,200.02012187738305,,1,200.02012187738305,0.0,0.0,0.0,0.0,0.0,0.0,0.0,0.0,0.0,40.0,6.0,4.0,3.0,53.0,250.02012187738305,990.0,964.9301006093868,25.06989939061316,0.1237716211734182,0.0100040243754766,989.8662243544512,0.2830575485693154,0.0,0.0,0.0,24.65306619649495,24.936123745064265,24.936123745064265,24.936123745064265,,0.9348009254319514,0.0,0.0,0.0,45.206664297677925,0.0,0.0,0.0,0.9207059938427276,0.0,0.0,0.0,0.98,0.96,0.96,0.96,44.30253101172437,0.0,0.0,0.0,44.30253101172437,1063.2607442813849,0.1447699933583963,6.152510306893975e-05,0.775
1971-11-02,1971-11-13,353.2963,0.921778111561846,325.6607962357874,0.746,1971,11,2,1971.11,1971,2,33,5,0.028137092794772,19.6406743584044,0.0603102202826526,0.17,2,Mod_Wet,40,6,4,3,53,106.0,0.325492049473628,219.66079623578744,219.66079623578744,,1,219.66079623578744,0.0,0.0,0.0,0.0,0.0,0.0,0.0,0.0,0.0,40.0,6.0,4.0,3.0,53.0,269.6607962357874,990.0,965.028303981179,24.971696018821035,0.1307034245423,0.0139321592471574,989.8553644162106,0.3413552524062252,0.0,0.0,0.0,24.4857051826254,24.827060435031623,24.827060435031623,24.827060435031623,,0.939868843902494,0.0,0.0,0.0,49.5759588150606,0.0,0.0,0.0,1.0096936622211934,0.0,0.0,0.0,0.98,0.96,0.96,0.96,48.2,0.0,0.0,0.0,48.2,1156.8000000000002,0.1480067621191403,6.095256467393045e-05,0.745
1971-11-03,1971-11-14,357.5196,0.9208048873506705,329.2057950036568,0.742,1971,11,3,1971.11,1971,2,34,5,0.0284433806883159,3.544998767869401,0.0107683364681658,0.17,2,Mod_Wet,40,6,4,3,53,106.0,0.3219870415671831,223.2057950036568,223.2057950036568,,2,111.6028975018284,111.6028975018284,0.0,0.0,0.0,0.0,0.0,0.0,0.0,0.0,40.0,6.0,4.0,3.0,53.0,273.2057950036568,990.0,965.0460289750184,24.953971024981684,0.1319545645975438,0.0146411590007313,989.8534042764018,0.0881646360029254,0.0881646360029254,0.0,0.0,24.71921066538052,24.71921066538052,24.807375301383445,24.807375301383445,,0.8945025807723272,0.8945025807723272,0.0,0.0,24.200835870288188,24.200835870288188,0.0,0.0,0.4928887142624885,0.4928887142624885,0.0,0.0,0.9692888714262488,0.9692888714262488,0.96,0.96,23.45760088828352,23.45760088828352,0.0,0.0,46.91520177656704,1125.9648426376089,0.1425102549487195,5.8385583104046816e-05,0.74
1971-11-04,1971-11-15,353.2963,0.921778111561846,325.6607962357874,0.746,1971,11,4,1971.11,1971,2,35,5,0.028137092794772,3.544998767869401,0.010885555795616,0.17,2,Mod_Wet,40,6,4,3,53,106.0,0.325492049473628,219.66079623578744,219.66079623578744,,1,219.66079623578744,0.0,0.0,0.0,0.0,0.0,0.0,0.0,0.0,0.0,40.0,6.0,4.0,3.0,53.0,269.6607962357874,990.0,965.028303981179,24.971696018821035,0.1307034245423,0.0139321592471574,989.8553644162106,0.3413552524062252,0.0,0.0,0.0,24.4857051826254,24.827060435031623,24.827060435031623,24.827060435031623,,0.939868843902494,0.0,0.0,0.0,49.5759588150606,0.0,0.0,0.0,1.0096936622211934,0.0,0.0,0.0,0.98,0.96,0.96,0.96,48.2,0.0,0.0,0.0,48.2,1156.8000000000002,0.1480067621191403,6.095256467393045e-05,0.745
1971-11-05,1971-11-16,349.1046,0.9270188758292952,323.62655383883583,0.7509999999999999,1971,11,5,1971.11,1971,2,36,6,0.0279613342516754,2.0342423969515835,0.0062857709691047,0.17,2,Mod_Wet,40,6,4,3,53,106.0,0.3275380179488837,217.62655383883583,217.62655383883583,,1,217.62655383883583,0.0,0.0,0.0,0.0,0.0,0.0,0.0,0.0,0.0,40.0,6.0,4.0,3.0,53.0,267.62655383883583,990.0,965.0181327691942,24.981867230805847,0.1299854772843294,0.0135253107677671,989.856489211948,0.3350897858236144,0.0,0.0,0.0,24.50326665693009,24.838356442753707,24.838356442753707,24.838356442753707,,0.9393623508832848,0.0,0.0,0.0,49.12558336359971,0.0,0.0,0.0,1.000521046101827,0.0,0.0,0.0,0.98,0.96,0.96,0.96,48.14307169632772,0.0,0.0,0.0,48.14307169632772,1155.4337207118651,0.1487611913338319,6.144964957311975e-05,0.75
1971-11-06,1971-11-17,349.1046,0.9270188758292952,323.62655383883583,0.7509999999999999,1971,11,6,1971.11,1971,2,37,6,0.0279613342516754,0.0,0.0,0.17,2,Mod_Wet,40,6,4,3,53,106.0,0.3275380179488837,217.62655383883583,217.62655383883583,,1,217.62655383883583,0.0,0.0,0.0,0.0,0.0,0.0,0.0,0.0,0.0,40.0,6.0,4.0,3.0,53.0,267.62655383883583,990.0,965.0181327691942,24.981867230805847,0.1299854772843294,0.0135253107677671,989.856489211948,0.3350897858236144,0.0,0.0,0.0,24.50326665693009,24.838356442753707,24.838356442753707,24.838356442753707,,0.9393623508832848,0.0,0.0,0.0,49.12558336359971,0.0,0.0,0.0,1.000521046101827,0.0,0.0,0.0,0.98,0.96,0.96,0.96,48.14307169632772,0.0,0.0,0.0,48.14307169632772,1155.4337207118651,0.1487611913338319,6.144964957311975e-05,0.75
1971-11-07,1971-11-18,353.2963,0.921778111561846,325.6607962357874,0.746,1971,11,7,1971.11,1971,2,38,6,0.028137092794772,2.0342423969515835,0.0062465068576407,0.17,2,Mod_Wet,40,6,4,3,53,106.0,0.325492049473628,219.66079623578744,219.66079623578744,,1,219.66079623578744,0.0,0.0,0.0,0.0,0.0,0.0,0.0,0.0,0.0,40.0,6.0,4.0,3.0,53.0,269.6607962357874,990.0,965.028303981179,24.971696018821035,0.1307034245423,0.0139321592471574,989.8553644162106,0.3413552524062252,0.0,0.0,0.0,24.4857051826254,24.827060435031623,24.827060435031623,24.827060435031623,,0.939868843902494,0.0,0.0,0.0,49.5759588150606,0.0,0.0,0.0,1.0096936622211934,0.0,0.0,0.0,0.98,0.96,0.96,0.96,48.2,0.0,0.0,0.0,48.2,1156.8000000000002,0.1480067621191403,6.095256467393045e-05,0.745
1971-11-08,1971-11-19,353.2963,0.921778111561846,325.6607962357874,0.746,1971,11,8,1971.11,1971,2,39,6,0.028137092794772,0.0,0.0,0.17,2,Mod_Wet,40,6,4,3,53,106.0,0.325492049473628,219.66079623578744,219.66079623578744,,1,219.66079623578744,0.0,0.0,0.0,0.0,0.0,0.0,0.0,0.0,0.0,40.0,6.0,4.0,3.0,53.0,269.6607962357874,990.0,965.028303981179,24.971696018821035,0.1307034245423,0.0139321592471574,989.8553644162106,0.3413552524062252,0.0,0.0,0.0,24.4857051826254,24.827060435031623,24.827060435031623,24.827060435031623,,0.939868843902494,0.0,0.0,0.0,49.5759588150606,0.0,0.0,0.0,1.0096936622211934,0.0,0.0,0.0,0.98,0.96,0.96,0.96,48.2,0.0,0.0,0.0,48.2,1156.8000000000002,0.1480067621191403,6.095256467393045e-05,0.745
1971-11-09,1971-11-20,357.5196,0.9208048873506705,329.2057950036568,0.742,1971,11,9,1971.11,1971,2,40,6,0.0284433806883159,3.544998767869401,0.0107683364681658,0.17,2,Mod_Wet,40,6,4,3,53,106.0,0.3219870415671831,223.2057950036568,223.2057950036568,,2,111.6028975018284,111.6028975018284,0.0,0.0,0.0,0.0,0.0,0.0,0.0,0.0,40.0,6.0,4.0,3.0,53.0,273.2057950036568,990.0,965.0460289750184,24.953971024981684,0.1319545645975438,0.0146411590007313,989.8534042764018,0.0881646360029254,0.0881646360029254,0.0,0.0,24.71921066538052,24.71921066538052,24.807375301383445,24.807375301383445,,0.8945025807723272,0.8945025807723272,0.0,0.0,24.200835870288188,24.200835870288188,0.0,0.0,0.4928887142624885,0.4928887142624885,0.0,0.0,0.9692888714262488,0.9692888714262488,0.96,0.96,23.45760088828352,23.45760088828352,0.0,0.0,46.91520177656704,1125.9648426376089,0.1425102549487195,5.8385583104046816e-05,0.74
1971-11-10,1971-11-21,361.7746,0.9166247913690906,331.6115672476363,0.736,1971,11,10,1971.11,1971,2,41,6,0.0286512394101957,2.40577224397947,0.0072547898854894,0.17,2,Mod_Wet,40,6,4,3,53,106.0,0.3196510932347628,225.6115672476363,225.6115672476363,,2,112.80578362381814,112.80578362381814,0.0,0.0,0.0,0.0,0.0,0.0,0.0,0.0,40.0,6.0,4.0,3.0,53.0,275.6115672476363,990.0,965.0580578362382,24.94194216376184,0.1328036362659229,0.0151223134495272,989.8520740502844,0.090089253798109,0.090089253798109,0.0,0.0,24.70392696024823,24.70392696024823,24.794016214046337,24.794016214046337,,0.8954980858854915,0.8954980858854915,0.0,0.0,24.473761460667777,24.473761460667777,0.0,0.0,0.4984472802579995,0.4984472802579995,0.0,0.0,0.9698447280258,0.9698447280258,0.96,0.96,23.73574852758964,23.73574852758964,0.0,0.0,47.471497055179285,1139.315929324303,0.143153923879046,5.844792055940199e-05,0.735
1971-11-11,1971-11-22,366.0613,0.9164389073302937,335.4728177879068,0.731,1971,11,11,1971.11,1971,2,42,6,0.0289848514568751,3.861250540270533,0.0115098760183655,0.14,2,Mod_Wet,40,6,4,3,53,106.0,0.3159719487824957,229.4728177879068,229.4728177879068,,2,114.7364088939534,114.7364088939534,0.0,0.0,0.0,0.0,0.0,0.0,0.0,0.0,40.0,6.0,4.0,3.0,53.0,279.4728177879068,990.0,965.0773640889396,24.922635911060524,0.134166391383936,0.0158945635575813,989.8499390450584,0.0931782542303254,0.0931782542303254,0.0,0.0,24.67939670188868,24.67939670188868,24.772574956119,24.772574956119,,0.8970928296347985,0.8970928296347985,0.0,0.0,24.91218823711557,24.91218823711557,0.0,0.0,0.5073765425074453,0.5073765425074453,0.0,0.0,0.97,0.97,0.96,0.96,24.1648225900021,24.1648225900021,0.0,0.0,48.3296451800042,1159.9114843201007,0.1440642657687969,5.850323174790223e-05,0.73
1971-11-12,1971-11-23,370.3799,0.9134433097017404,338.3210417029997,0.727,1971,11,12,1971.11,1971,2,43,7,0.0292309380031391,2.848223915092888,0.0084187016590982,0.14,2,Mod_Wet,40,6,4,3,53,106.0,0.313311875213052,232.3210417029997,232.3210417029997,,2,116.16052085149984,116.16052085149984,0.0,0.0,0.0,0.0,0.0,0.0,0.0,0.0,40.0,6.0,4.0,3.0,53.0,282.3210417029997,990.0,965.0916052085148,24.90839479148508,0.1351716179749222,0.0164642083405999,989.8483641736844,0.0955264646134897,0.0955264646134897,0.0,0.0,24.66123250055604,24.66123250055604,24.756758965169524,24.756758965169524,,0.8982667037966577,0.8982667037966577,0.0,0.0,25.235814694344715,25.235814694344715,0.0,0.0,0.5139677127157782,0.5139677127157782,0.0,0.0,0.97,0.97,0.96,0.96,24.47874025351437,24.47874025351437,0.0,0.0,48.95748050702875,1174.97953216869,0.1447071700317322,5.853666995100137e-05,0.725
1971-11-13,1971-11-24,366.0613,0.9164389073302937,335.4728177879068,0.731,1971,11,13,1971.11,1971,2,44,7,0.0289848514568751,2.848223915092888,0.0084901779341585,0.14,2,Mod_Wet,40,6,4,3,53,106.0,0.3159719487824957,229.4728177879068,229.4728177879068,,2,114.7364088939534,114.7364088939534,0.0,0.0,0.0,0.0,0.0,0.0,0.0,0.0,40.0,6.0,4.0,3.0,53.0,279.4728177879068,990.0,965.0773640889396,24.922635911060524,0.134166391383936,0.0158945635575813,989.8499390450584,0.0931782542303254,0.0931782542303254,0.0,0.0,24.67939670188868,24.67939670188868,24.772574956119,24.772574956119,,0.8970928296347985,0.8970928296347985,0.0,0.0,24.91218823711557,24.91218823711557,0.0,0.0,0.5073765425074453,0.5073765425074453,0.0,0.0,0.97,0.97,0.96,0.96,24.1648225900021,24.1648225900021,0.0,0.0,48.3296451800042,1159.9114843201007,0.1440642657687969,5.850323174790223e-05,0.73
1971-11-14,1971-11-25,361.7746,0.9166247913690906,331.6115672476363,0.736,1971,11,14,1971.11,1971,2,45,7,0.0286512394101957,3.861250540270533,0.0116438958155735,0.14,2,Mod_Wet,40,6,4,3,53,106.0,0.3196510932347628,225.6115672476363,225.6115672476363,,2,112.80578362381814,112.80578362381814,0.0,0.0,0.0,0.0,0.0,0.0,0.0,0.0,40.0,6.0,4.0,3.0,53.0,275.6115672476363,990.0,965.0580578362382,24.94194216376184,0.1328036362659229,0.0151223134495272,989.8520740502844,0.090089253798109,0.090089253798109,0.0,0.0,24.70392696024823,24.70392696024823,24.794016214046337,24.794016214046337,,0.8954980858854915,0.8954980858854915,0.0,0.0,24.473761460667777,24.473761460667777,0.0,0.0,0.4984472802579995,0.4984472802579995,0.0,0.0,0.9698447280258,0.9698447280258,0.96,0.96,23.73574852758964,23.73574852758964,0.0,0.0,47.471497055179285,1139.315929324303,0.143153923879046,5.844792055940199e-05,0.735
1971-11-15,1971-11-26,357.5196,0.9208048873506705,329.2057950036568,0.742,1971,11,15,1971.11,1971,2,46,7,0.0284433806883159,2.40577224397947,0.0073078064860697,0.14,2,Mod_Wet,40,6,4,3,53,106.0,0.3219870415671831,223.2057950036568,223.2057950036568,,2,111.6028975018284,111.6028975018284,0.0,0.0,0.0,0.0,0.0,0.0,0.0,0.0,40.0,6.0,4.0,3.0,53.0,273.2057950036568,990.0,965.0460289750184,24.953971024981684,0.1319545645975438,0.0146411590007313,989.8534042764018,0.0881646360029254,0.0881646360029254,0.0,0.0,24.71921066538052,24.71921066538052,24.807375301383445,24.807375301383445,,0.8945025807723272,0.8945025807723272,0.0,0.0,24.200835870288188,24.200835870288188,0.0,0.0,0.4928887142624885,0.4928887142624885,0.0,0.0,0.9692888714262488,0.9692888714262488,0.96,0.96,23.45760088828352,23.45760088828352,0.0,0.0,46.91520177656704,1125.9648426376089,0.1425102549487195,5.8385583104046816e-05,0.74
1971-11-16,1971-11-27,361.7746,0.9166247913690906,331.6115672476363,0.736,1971,11,16,1971.11,1971,2,47,7,0.0286512394101957,2.40577224397947,0.0072547898854894,0.14,2,Mod_Wet,40,6,4,3,53,106.0,0.3196510932347628,225.6115672476363,225.6115672476363,,2,112.80578362381814,112.80578362381814,0.0,0.0,0.0,0.0,0.0,0.0,0.0,0.0,40.0,6.0,4.0,3.0,53.0,275.6115672476363,990.0,965.0580578362382,24.94194216376184,0.1328036362659229,0.0151223134495272,989.8520740502844,0.090089253798109,0.090089253798109,0.0,0.0,24.70392696024823,24.70392696024823,24.794016214046337,24.794016214046337,,0.8954980858854915,0.8954980858854915,0.0,0.0,24.473761460667777,24.473761460667777,0.0,0.0,0.4984472802579995,0.4984472802579995,0.0,0.0,0.9698447280258,0.9698447280258,0.96,0.96,23.73574852758964,23.73574852758964,0.0,0.0,47.471497055179285,1139.315929324303,0.143153923879046,5.844792055940199e-05,0.735
1971-11-17,1971-11-28,361.7746,0.9166247913690906,331.6115672476363,0.736,1971,11,17,1971.11,1971,2,48,7,0.0286512394101957,0.0,0.0,0.14,2,Mod_Wet,40,6,4,3,53,106.0,0.3196510932347628,225.6115672476363,225.6115672476363,,2,112.80578362381814,112.80578362381814,0.0,0.0,0.0,0.0,0.0,0.0,0.0,0.0,40.0,6.0,4.0,3.0,53.0,275.6115672476363,990.0,965.0580578362382,24.94194216376184,0.1328036362659229,0.0151223134495272,989.8520740502844,0.090089253798109,0.090089253798109,0.0,0.0,24.70392696024823,24.70392696024823,24.794016214046337,24.794016214046337,,0.8954980858854915,0.8954980858854915,0.0,0.0,24.473761460667777,24.473761460667777,0.0,0.0,0.4984472802579995,0.4984472802579995,0.0,0.0,0.9698447280258,0.9698447280258,0.96,0.96,23.73574852758964,23.73574852758964,0.0,0.0,47.471497055179285,1139.315929324303,0.143153923879046,5.844792055940199e-05,0.735
1971-11-18,1971-11-29,370.3799,0.9134433097017404,338.3210417029997,0.727,1971,11,18,1971.11,1971,2,49,7,0.0292309380031391,6.70947445536342,0.0198316794651319,0.14,2,Mod_Wet,40,6,4,3,53,106.0,0.313311875213052,232.3210417029997,232.3210417029997,,2,116.16052085149984,116.16052085149984,0.0,0.0,0.0,0.0,0.0,0.0,0.0,0.0,40.0,6.0,4.0,3.0,53.0,282.3210417029997,990.0,965.0916052085148,24.90839479148508,0.1351716179749222,0.0164642083405999,989.8483641736844,0.0955264646134897,0.0955264646134897,0.0,0.0,24.66123250055604,24.66123250055604,24.756758965169524,24.756758965169524,,0.8982667037966577,0.8982667037966577,0.0,0.0,25.235814694344715,25.235814694344715,0.0,0.0,0.5139677127157782,0.5139677127157782,0.0,0.0,0.97,0.97,0.96,0.96,24.47874025351437,24.47874025351437,0.0,0.0,48.95748050702875,1174.97953216869,0.1447071700317322,5.853666995100137e-05,0.725
1971-11-19,1971-11-30,370.3799,0.9134433097017404,338.3210417029997,0.727,1971,11,19,1971.11,1971,2,50,8,0.0292309380031391,0.0,0.0,0.14,2,Mod_Wet,40,6,4,3,53,106.0,0.313311875213052,232.3210417029997,232.3210417029997,,2,116.16052085149984,116.16052085149984,0.0,0.0,0.0,0.0,0.0,0.0,0.0,0.0,40.0,6.0,4.0,3.0,53.0,282.3210417029997,990.0,965.0916052085148,24.90839479148508,0.1351716179749222,0.0164642083405999,989.8483641736844,0.0955264646134897,0.0955264646134897,0.0,0.0,24.66123250055604,24.66123250055604,24.756758965169524,24.756758965169524,,0.8982667037966577,0.8982667037966577,0.0,0.0,25.235814694344715,25.235814694344715,0.0,0.0,0.5139677127157782,0.5139677127157782,0.0,0.0,0.97,0.97,0.96,0.96,24.47874025351437,24.47874025351437,0.0,0.0,48.95748050702875,1174.97953216869,0.1447071700317322,5.853666995100137e-05,0.725
1971-11-20,1971-12-01,383.5279,0.9045977994923856,346.9384943839358,0.7120000000000001,1971,11,20,1971.11,1971,2,51,8,0.029975485914772,8.617452680936083,0.0248385602071578,0.14,2,Mod_Wet,40,6,4,3,53,106.0,0.3055296593369551,240.9384943839358,240.9384943839358,,2,120.4692471919679,120.4692471919679,0.0,0.0,0.0,0.0,0.0,0.0,0.0,0.0,40.0,6.0,4.0,3.0,53.0,290.9384943839358,990.0,965.1346924719196,24.865307528080397,0.1382129843982361,0.0181876988767871,989.843599316725,0.1027164901140241,0.1027164901140241,0.0,0.0,24.606190354691343,24.606190354691343,24.70890684480537,24.70890684480537,,0.901805765651625,0.901805765651625,0.0,0.0,26.21635341286774,26.21635341286774,0.0,0.0,0.533937951382235,0.533937951382235,0.0,0.0,0.97,0.97,0.96,0.96,25.42986281048171,25.42986281048171,0.0,0.0,50.85972562096342,1220.633414903122,0.1465957985183392,5.863613283341191e-05,0.71
1971-11-21,1971-12-02,374.7305,0.908907350449394,340.5953058875766,0.721,1971,11,21,1971.11,1971,2,52,8,0.0294274344286866,6.343188496359176,0.0186238282991866,0.19,2,Mod_Wet,40,6,4,3,53,106.0,0.3112197912527555,234.5953058875766,234.5953058875766,,2,117.29765294378832,117.29765294378832,0.0,0.0,0.0,0.0,0.0,0.0,0.0,0.0,40.0,6.0,4.0,3.0,53.0,284.5953058875766,990.0,965.102976529438,24.89702347056209,0.1359742763688603,0.0169190611775153,989.8471066624536,0.0974141038866886,0.0974141038866886,0.0,0.0,24.646716029129,24.646716029129,24.744130133015688,24.744130133015688,,0.8992025424372833,0.8992025424372833,0.0,0.0,25.494389064872134,25.494389064872134,0.0,0.0,0.5192339931745853,0.5192339931745853,0.0,0.0,0.97,0.97,0.96,0.96,24.72955739292597,24.72955739292597,0.0,0.0,49.459114785851945,1187.0187548604467,0.1452137299924426,5.856316239615576e-05,0.72
1971-11-22,1971-12-03,374.7305,0.908907350449394,340.5953058875766,0.721,1971,11,22,1971.11,1971,2,53,8,0.0294274344286866,0.0,0.0,0.19,2,Mod_Wet,40,6,4,3,53,106.0,0.3112197912527555,234.5953058875766,234.5953058875766,,2,117.29765294378832,117.29765294378832,0.0,0.0,0.0,0.0,0.0,0.0,0.0,0.0,40.0,6.0,4.0,3.0,53.0,284.5953058875766,990.0,965.102976529438,24.89702347056209,0.1359742763688603,0.0169190611775153,989.8471066624536,0.0974141038866886,0.0974141038866886,0.0,0.0,24.646716029129,24.646716029129,24.744130133015688,24.744130133015688,,0.8992025424372833,0.8992025424372833,0.0,0.0,25.494389064872134,25.494389064872134,0.0,0.0,0.5192339931745853,0.5192339931745853,0.0,0.0,0.97,0.97,0.96,0.96,24.72955739292597,24.72955739292597,0.0,0.0,49.459114785851945,1187.0187548604467,0.1452137299924426,5.856316239615576e-05,0.72
1971-11-23,1971-12-04,383.5279,0.9045977994923856,346.9384943839358,0.7120000000000001,1971,11,23,1971.11,1971,2,54,8,0.029975485914772,6.343188496359176,0.0182833228339878,0.19,2,Mod_Wet,40,6,4,3,53,106.0,0.3055296593369551,240.9384943839358,240.9384943839358,,2,120.4692471919679,120.4692471919679,0.0,0.0,0.0,0.0,0.0,0.0,0.0,0.0,40.0,6.0,4.0,3.0,53.0,290.9384943839358,990.0,965.1346924719196,24.865307528080397,0.1382129843982361,0.0181876988767871,989.843599316725,0.1027164901140241,0.1027164901140241,0.0,0.0,24.606190354691343,24.606190354691343,24.70890684480537,24.70890684480537,,0.901805765651625,0.901805765651625,0.0,0.0,26.21635341286774,26.21635341286774,0.0,0.0,0.533937951382235,0.533937951382235,0.0,0.0,0.97,0.97,0.96,0.96,25.42986281048171,25.42986281048171,0.0,0.0,50.85972562096342,1220.633414903122,0.1465957985183392,5.863613283341191e-05,0.71
1971-11-24,1971-12-05,415.3399,0.9079714249478594,377.11676084070143,0.68,1971,11,24,1971.11,1971,2,55,8,0.0325828881366366,30.17826645676564,0.08002366797352,0.19,2,Mod_Wet,40,6,4,3,53,106.0,0.2810800553221119,271.11676084070143,271.11676084070143,,2,135.55838042035072,135.55838042035072,0.0,0.0,0.0,0.0,0.0,0.0,0.0,0.0,40.0,6.0,4.0,3.0,53.0,321.11676084070143,990.0,965.2855838042036,24.714416195796503,0.1488638309666743,0.0242233521681402,989.8269128168652,0.1300832580154804,0.1300832580154804,0.0,0.0,24.41124575464618,24.41124575464618,24.541329012661663,24.541329012661663,,0.910272144669819,0.910272144669819,0.0,0.0,29.54107307252704,29.54107307252704,0.0,0.0,0.6016511827398583,0.6016511827398583,0.0,0.0,0.97,0.97,0.96,0.96,28.65484088035123,28.65484088035123,0.0,0.0,57.30968176070246,1375.432362256859,0.1519680049036875,5.871771260203725e-05,0.68
1971-11-25,1971-12-06,415.3399,0.9079714249478594,377.11676084070143,0.68,1971,11,25,1971.11,1971,2,56,8,0.0325828881366366,0.0,0.0,0.19,2,Mod_Wet,40,6,4,3,53,106.0,0.2810800553221119,271.11676084070143,271.11676084070143,,2,135.55838042035072,135.55838042035072,0.0,0.0,0.0,0.0,0.0,0.0,0.0,0.0,40.0,6.0,4.0,3.0,53.0,321.11676084070143,990.0,965.2855838042036,24.714416195796503,0.1488638309666743,0.0242233521681402,989.8269128168652,0.1300832580154804,0.1300832580154804,0.0,0.0,24.41124575464618,24.41124575464618,24.541329012661663,24.541329012661663,,0.910272144669819,0.910272144669819,0.0,0.0,29.54107307252704,29.54107307252704,0.0,0.0,0.6016511827398583,0.6016511827398583,0.0,0.0,0.97,0.97,0.96,0.96,28.65484088035123,28.65484088035123,0.0,0.0,57.30968176070246,1375.432362256859,0.1519680049036875,5.871771260203725e-05,0.68
1971-11-26,1971-12-07,420.0154,0.9067213782142306,380.8369423592014,0.675,1971,11,26,1971.11,1971,2,57,9,0.032904311819835,3.720181518499942,0.009768436579325,0.19,2,Mod_Wet,40,6,4,3,53,106.0,0.2783343426279847,274.8369423592014,274.8369423592014,,2,137.4184711796007,137.4184711796007,0.0,0.0,0.0,0.0,0.0,0.0,0.0,0.0,40.0,6.0,4.0,3.0,53.0,324.8369423592014,990.0,965.304184711796,24.695815288204017,0.1501767984499805,0.0249673884718402,989.8248558130782,0.1336918340884253,0.1336918340884253,0.0,0.0,24.38697926719381,24.38697926719381,24.520671101282232,24.520671101282232,,0.9111179336848872,0.9111179336848872,0.0,0.0,29.944455204037677,29.944455204037677,0.0,0.0,0.6098667047665514,0.6098667047665514,0.0,0.0,0.97,0.97,0.96,0.96,29.04612154791654,29.04612154791654,0.0,0.0,58.09224309583308,1394.213834299994,0.1525383612628658,5.871384703515175e-05,0.675
1971-11-27,1971-12-08,420.0154,0.9067213782142306,380.8369423592014,0.675,1971,11,27,1971.11,1971,2,58,9,0.032904311819835,0.0,0.0,0.19,2,Mod_Wet,40,6,4,3,53,106.0,0.2783343426279847,274.8369423592014,274.8369423592014,,2,137.4184711796007,137.4184711796007,0.0,0.0,0.0,0.0,0.0,0.0,0.0,0.0,40.0,6.0,4.0,3.0,53.0,324.8369423592014,990.0,965.304184711796,24.695815288204017,0.1501767984499805,0.0249673884718402,989.8248558130782,0.1336918340884253,0.1336918340884253,0.0,0.0,24.38697926719381,24.38697926719381,24.520671101282232,24.520671101282232,,0.9111179336848872,0.9111179336848872,0.0,0.0,29.944455204037677,29.944455204037677,0.0,0.0,0.6098667047665514,0.6098667047665514,0.0,0.0,0.97,0.97,0.96,0.96,29.04612154791654,29.04612154791654,0.0,0.0,58.09224309583308,1394.213834299994,0.1525383612628658,5.871384703515175e-05,0.675
1971-11-28,1971-12-09,424.724,0.9100759486875,386.53109723034976,0.6709999999999999,1971,11,28,1971.11,1971,2,59,9,0.0333962868007022,5.694154871148385,0.0147314275926291,0.19,2,Mod_Wet,40,6,4,3,53,106.0,0.2742340804130185,280.53109723034976,280.53109723034976,,2,140.26554861517488,140.26554861517488,0.0,0.0,0.0,0.0,0.0,0.0,0.0,0.0,40.0,6.0,4.0,3.0,53.0,330.53109723034976,990.0,965.3326554861516,24.66734451384832,0.1521864423755655,0.0261062194460699,989.8217073381784,0.1392364082026532,0.1392364082026532,0.0,0.0,24.349815443824053,24.349815443824053,24.489051852026705,24.489051852026705,,0.9124162428919976,0.9124162428919976,0.0,0.0,30.561762475144587,30.561762475144587,0.0,0.0,0.6224391542799305,0.6224391542799305,0.0,0.0,0.97,0.97,0.96,0.96,29.644909600890248,29.644909600890248,0.0,0.0,59.289819201780496,1422.955660842732,0.1533895193080603,5.870790933809898e-05,0.67
1971-11-29,1971-12-10,434.2405,0.9023039355474278,391.8169121240828,0.66,1971,11,29,1971.11,1971,2,60,9,0.0338529812075207,5.285814893733061,0.0134905225634035,0.19,2,Mod_Wet,40,6,4,3,53,106.0,0.2705345193635524,285.8169121240828,285.8169121240828,,2,142.9084560620414,142.9084560620414,0.0,0.0,0.0,0.0,0.0,0.0,0.0,0.0,40.0,6.0,4.0,3.0,53.0,335.8169121240828,990.0,965.3590845606204,24.64091543937957,0.154051970453627,0.0271633824248165,989.8187846471216,0.1445750812453236,0.1445750812453236,0.0,0.0,24.315125005255805,24.315125005255805,24.45970008650113,24.45970008650113,,0.9136253077899006,0.9136253077899006,0.0,0.0,31.13445404490044,31.13445404490044,0.0,0.0,0.6341029337046933,0.6341029337046933,0.0,0.0,0.97,0.97,0.96,0.96,30.200420423553428,30.200420423553428,0.0,0.0,60.400840847106856,1449.6201803305646,0.1541557778087403,5.870195441456126e-05,0.66
1971-11-30,1971-12-11,443.8904,0.9076618404997884,402.90237744418727,0.648,1971,11,30,1971.11,1971,2,61,9,0.0348107654111777,11.085465320104449,0.0275140231001493,0.19,2,Mod_Wet,40,6,4,3,53,106.0,0.2630910263483958,296.90237744418727,296.90237744418727,,2,148.45118872209363,148.45118872209363,0.0,0.0,0.0,0.0,0.0,0.0,0.0,0.0,40.0,6.0,4.0,3.0,53.0,346.90237744418727,990.0,965.4130606984988,24.58693930150116,0.157964375111904,0.0293804754888374,989.8126551493992,0.1559784725419547,0.1559784725419547,0.0,0.0,24.24361597835844,24.24361597835844,24.399594450900395,24.399594450900395,,0.9159383306708624,0.9159383306708624,0.0,0.0,32.32853385210285,32.32853385210285,0.0,0.0,0.6584222780469012,0.6584222780469012,0.0,0.0,0.97,0.97,0.96,0.96,31.35867783653977,31.35867783653977,0.0,0.0,62.71735567307953,1505.2165361539087,0.1556639006970555,5.867749472717338e-05,0.65
1971-12-01,1971-12-12,448.7655,0.9091709283658698,408.00454625357366,0.643,1971,12,1,1971.12,1971,3,62,9,0.0352515927963087,5.102168809386399,0.0125051763668716,0.21,2,Mod_Wet,42,7,5,3,61,118.0,0.2892124636441265,290.00454625357366,290.00454625357366,,2,145.00227312678683,145.00227312678683,0.0,0.0,0.0,0.0,0.0,0.0,0.0,0.0,42.0,7.0,5.0,3.0,61.0,344.00454625357366,990.0,965.436020458141,24.563979541859,0.1569416405742301,0.0280009092507147,989.815057450175,0.1488047281037166,0.1488047281037166,0.0,0.0,24.230232263930287,24.230232263930287,24.379036992034003,24.379036992034003,,0.9145249686636974,0.9145249686636974,0.0,0.0,31.5113242351425,31.5113242351425,0.0,0.0,0.6417784976607434,0.6417784976607434,0.0,0.0,0.97,0.97,0.96,0.96,30.565984508088224,30.565984508088224,0.0,0.0,61.13196901617645,1467.1672563882348,0.1498315878524135,5.8554607932406525e-05,0.645
1971-12-02,1971-12-13,463.5928,0.9065907191323836,420.28892993659525,0.63,1971,12,2,1971.12,1971,3,63,9,0.0363129635465218,12.284383683021588,0.0292284255140262,0.21,2,Mod_Wet,42,7,5,3,61,118.0,0.2807592386927761,302.28892993659525,302.28892993659525,,2,151.14446496829763,151.14446496829763,0.0,0.0,0.0,0.0,0.0,0.0,0.0,0.0,42.0,7.0,5.0,3.0,61.0,356.28892993659525,990.0,965.4913001847146,24.508699815285357,0.161277180721413,0.030457785987319,989.8082650332911,0.1616720443315228,0.1616720443315228,0.0,0.0,24.155292804245093,24.155292804245093,24.316964848576617,24.316964848576617,,0.916942487263208,0.916942487263208,0.0,0.0,32.83109364903325,32.83109364903325,0.0,0.0,0.6686577117929379,0.6686577117929379,0.0,0.0,0.97,0.97,0.96,0.96,31.84616083956225,31.84616083956225,0.0,0.0,63.6923216791245,1528.615720298988,0.1515441334339525,5.852781834004152e-05,0.63
1971-12-03,1971-12-14,443.8904,0.9076618404997884,402.90237744418727,0.648,1971,12,3,1971.12,1971,3,64,10,0.0348107654111777,17.386552492407986,0.0431532635838479,0.21,2,Mod_Wet,42,7,5,3,61,118.0,0.2928749161236859,284.90237744418727,284.90237744418727,,2,142.45118872209363,142.45118872209363,0.0,0.0,0.0,0.0,0.0,0.0,0.0,0.0,42.0,7.0,5.0,3.0,61.0,338.90237744418727,990.0,965.4130606984988,24.58693930150116,0.1551409268972898,0.0269804754888374,989.817878597614,0.1436514012186291,0.1436514012186291,0.0,0.0,24.261166497896443,24.261166497896443,24.404817899115077,24.404817899115077,,0.913348993258492,0.913348993258492,0.0,0.0,30.956596743036595,30.956596743036595,0.0,0.0,0.630480585397894,0.630480585397894,0.0,0.0,0.97,0.97,0.96,0.96,30.027898840745497,30.027898840745497,0.0,0.0,60.05579768149099,1441.339144355784,0.1490579382093875,5.855397267053149e-05,0.65
1971-12-04,1971-12-15,443.8904,0.9076618404997884,402.90237744418727,0.648,1971,12,4,1971.12,1971,3,65,10,0.0348107654111777,0.0,0.0,0.21,2,Mod_Wet,42,7,5,3,61,118.0,0.2928749161236859,284.90237744418727,284.90237744418727,,2,142.45118872209363,142.45118872209363,0.0,0.0,0.0,0.0,0.0,0.0,0.0,0.0,42.0,7.0,5.0,3.0,61.0,338.90237744418727,990.0,965.4130606984988,24.58693930150116,0.1551409268972898,0.0269804754888374,989.817878597614,0.1436514012186291,0.1436514012186291,0.0,0.0,24.261166497896443,24.261166497896443,24.404817899115077,24.404817899115077,,0.913348993258492,0.913348993258492,0.0,0.0,30.956596743036595,30.956596743036595,0.0,0.0,0.630480585397894,0.630480585397894,0.0,0.0,0.97,0.97,0.96,0.96,30.027898840745497,30.027898840745497,0.0,0.0,60.05579768149099,1441.339144355784,0.1490579382093875,5.855397267053149e-05,0.65
1971-12-05,1971-12-16,448.7655,0.9091709283658698,408.00454625357366,0.643,1971,12,5,1971.12,1971,3,66,10,0.0352515927963087,5.102168809386399,0.0125051763668716,0.21,2,Mod_Wet,42,7,5,3,61,118.0,0.2892124636441265,290.00454625357366,290.00454625357366,,2,145.00227312678683,145.00227312678683,0.0,0.0,0.0,0.0,0.0,0.0,0.0,0.0,42.0,7.0,5.0,3.0,61.0,344.00454625357366,990.0,965.436020458141,24.563979541859,0.1569416405742301,0.0280009092507147,989.815057450175,0.1488047281037166,0.1488047281037166,0.0,0.0,24.230232263930287,24.230232263930287,24.379036992034003,24.379036992034003,,0.9145249686636974,0.9145249686636974,0.0,0.0,31.5113242351425,31.5113242351425,0.0,0.0,0.6417784976607434,0.6417784976607434,0.0,0.0,0.97,0.97,0.96,0.96,30.565984508088224,30.565984508088224,0.0,0.0,61.13196901617645,1467.1672563882348,0.1498315878524135,5.8554607932406525e-05,0.645
1971-12-06,1971-12-17,439.0488,0.9068394067509818,398.1467533267305,0.657,1971,12,6,1971.12,1971,3,67,10,0.0343998794874295,9.85779292684316,0.0247591945544601,0.21,2,Mod_Wet,42,7,5,3,61,118.0,0.2963731312990661,280.1467533267305,280.1467533267305,,2,140.07337666336525,140.07337666336525,0.0,0.0,0.0,0.0,0.0,0.0,0.0,0.0,42.0,7.0,5.0,3.0,61.0,334.1467533267305,990.0,965.3907337666336,24.609266233366384,0.1534625195943137,0.026029350665346,989.8205081297403,0.1388482208599978,0.1388482208599978,0.0,0.0,24.29092614224673,24.29092614224673,24.42977436310673,24.42977436310673,,0.91225688141658,0.91225688141658,0.0,0.0,30.44076196542232,30.44076196542232,0.0,0.0,0.619974785446483,0.619974785446483,0.0,0.0,0.97,0.97,0.96,0.96,29.52753910645965,29.52753910645965,0.0,0.0,59.0550782129193,1417.3218771100633,0.1483249021107979,5.8555696961248206e-05,0.655
1971-12-07,1971-12-18,434.2405,0.9023039355474278,391.8169121240828,0.66,1971,12,7,1971.12,1971,3,68,10,0.0338529812075207,6.3298412026476845,0.0161550995038292,0.21,2,Mod_Wet,42,7,5,3,61,118.0,0.301161068725464,273.8169121240828,273.8169121240828,,2,136.9084560620414,136.9084560620414,0.0,0.0,0.0,0.0,0.0,0.0,0.0,0.0,42.0,7.0,5.0,3.0,61.0,327.8169121240828,990.0,965.3590845606204,24.64091543937957,0.1512285222390128,0.0247633824248165,989.8240080953362,0.1327024047603603,0.1327024047603603,0.0,0.0,24.33222112995545,24.33222112995545,24.46492353471581,24.46492353471581,,0.91081005498971,0.91081005498971,0.0,0.0,29.756273611806822,29.756273611806822,0.0,0.0,0.6060340857801797,0.6060340857801797,0.0,0.0,0.97,0.97,0.96,0.96,28.86358540345262,28.86358540345262,0.0,0.0,57.72717080690524,1385.452099365726,0.1473320038534321,5.856221626249944e-05,0.66
1971-12-08,1971-12-19,443.8904,0.9076618404997884,402.90237744418727,0.648,1971,12,8,1971.12,1971,3,69,10,0.0348107654111777,11.085465320104449,0.0275140231001493,0.21,2,Mod_Wet,42,7,5,3,61,118.0,0.2928749161236859,284.90237744418727,284.90237744418727,,2,142.45118872209363,142.45118872209363,0.0,0.0,0.0,0.0,0.0,0.0,0.0,0.0,42.0,7.0,5.0,3.0,61.0,338.90237744418727,990.0,965.4130606984988,24.58693930150116,0.1551409268972898,0.0269804754888374,989.817878597614,0.1436514012186291,0.1436514012186291,0.0,0.0,24.261166497896443,24.261166497896443,24.404817899115077,24.404817899115077,,0.913348993258492,0.913348993258492,0.0,0.0,30.956596743036595,30.956596743036595,0.0,0.0,0.630480585397894,0.630480585397894,0.0,0.0,0.97,0.97,0.96,0.96,30.027898840745497,30.027898840745497,0.0,0.0,60.05579768149099,1441.339144355784,0.1490579382093875,5.855397267053149e-05,0.65
1971-12-09,1971-12-20,463.5928,0.9065907191323836,420.28892993659525,0.63,1971,12,9,1971.12,1971,3,70,10,0.0363129635465218,17.386552492407986,0.0413680952649191,0.21,2,Mod_Wet,42,7,5,3,61,118.0,0.2807592386927761,302.28892993659525,302.28892993659525,,2,151.14446496829763,151.14446496829763,0.0,0.0,0.0,0.0,0.0,0.0,0.0,0.0,42.0,7.0,5.0,3.0,61.0,356.28892993659525,990.0,965.4913001847146,24.508699815285357,0.161277180721413,0.030457785987319,989.8082650332911,0.1616720443315228,0.1616720443315228,0.0,0.0,24.155292804245093,24.155292804245093,24.316964848576617,24.316964848576617,,0.916942487263208,0.916942487263208,0.0,0.0,32.83109364903325,32.83109364903325,0.0,0.0,0.6686577117929379,0.6686577117929379,0.0,0.0,0.97,0.97,0.96,0.96,31.84616083956225,31.84616083956225,0.0,0.0,63.6923216791245,1528.615720298988,0.1515441334339525,5.852781834004152e-05,0.63
1971-12-10,1971-12-21,468.6029,0.9015518661337044,422.4698189706656,0.626,1971,12,10,1971.12,1971,3,71,11,0.0365013923590655,2.180889034070333,0.0051622362974567,0.21,2,Mod_Wet,42,7,5,3,61,118.0,0.27930989315995,304.4698189706656,304.4698189706656,,2,152.2349094853328,152.2349094853328,0.0,0.0,0.0,0.0,0.0,0.0,0.0,0.0,42.0,7.0,5.0,3.0,61.0,358.4698189706656,990.0,965.501114185368,24.49888581463199,0.1620468841276026,0.0308939637941331,989.8070591520784,0.1640274044883188,0.1640274044883188,0.0,0.0,24.14191756222197,24.14191756222197,24.305944966710285,24.305944966710285,,0.917372521459159,0.917372521459159,0.0,0.0,33.0651458543358,33.0651458543358,0.0,0.0,0.673424559151442,0.673424559151442,0.0,0.0,0.97,0.97,0.96,0.96,32.07319147870573,32.07319147870573,0.0,0.0,64.14638295741146,1539.5131909778752,0.151836604834168,5.852284397393362e-05,0.625
1971-12-11,1971-12-22,468.6029,0.9015518661337044,422.4698189706656,0.626,1971,12,11,1971.12,1971,3,72,11,0.0365013923590655,0.0,0.0,0.34,2,Mod_Wet,42,7,5,3,61,118.0,0.27930989315995,304.4698189706656,304.4698189706656,,2,152.2349094853328,152.2349094853328,0.0,0.0,0.0,0.0,0.0,0.0,0.0,0.0,42.0,7.0,5.0,3.0,61.0,358.4698189706656,990.0,965.501114185368,24.49888581463199,0.1620468841276026,0.0308939637941331,989.8070591520784,0.1640274044883188,0.1640274044883188,0.0,0.0,24.14191756222197,24.14191756222197,24.305944966710285,24.305944966710285,,0.917372521459159,0.917372521459159,0.0,0.0,33.0651458543358,33.0651458543358,0.0,0.0,0.673424559151442,0.673424559151442,0.0,0.0,0.97,0.97,0.96,0.96,32.07319147870573,32.07319147870573,0.0,0.0,64.14638295741146,1539.5131909778752,0.151836604834168,5.852284397393362e-05,0.625
1971-12-12,1971-12-23,478.7252,0.9002196493164109,430.9578316629287,0.615,1971,12,12,1971.12,1971,3,73,11,0.037234756655677,8.488012692263112,0.0196956919416235,0.34,2,Mod_Wet,42,7,5,3,61,118.0,0.2738086915480238,312.9578316629287,312.9578316629287,,2,156.47891583146435,156.47891583146435,0.0,0.0,0.0,0.0,0.0,0.0,0.0,0.0,42.0,7.0,5.0,3.0,61.0,366.9578316629287,990.0,965.5393102424832,24.46068975751689,0.1650425671628017,0.0325915663325857,989.8023658665046,0.1732831931458508,0.1732831931458508,0.0,0.0,24.08977243087564,24.08977243087564,24.26305562402149,24.26305562402149,,0.9190487667792748,0.9190487667792748,0.0,0.0,33.97549414637275,33.97549414637275,0.0,0.0,0.6919652575635998,0.6919652575635998,0.0,0.0,0.97,0.97,0.96,0.96,32.95622932198157,32.95622932198157,0.0,0.0,65.91245864396313,1581.8990074551152,0.1529441021865828,5.850314143826727e-05,0.615
1971-12-13,1971-12-24,483.8375,0.9000891520783358,435.49688511870175,0.611,1971,12,13,1971.12,1971,3,74,11,0.0376269308742558,4.5390534557730575,0.0104227001635978,0.34,2,Mod_Wet,42,7,5,3,61,118.0,0.2709548656538317,317.4968851187017,317.4968851187017,,2,158.74844255935088,158.74844255935088,0.0,0.0,0.0,0.0,0.0,0.0,0.0,0.0,42.0,7.0,5.0,3.0,61.0,371.49688511870175,990.0,965.559735983034,24.440264016965894,0.1666445399597693,0.0334993770237403,989.7998560830164,0.1783215424817589,0.1783215424817589,0.0,0.0,24.061798557500637,24.061798557500637,24.24012009998239,24.24012009998239,,0.9199467995129444,0.9199467995129444,0.0,0.0,34.461880502488,34.461880502488,0.0,0.0,0.7018712933296944,0.7018712933296944,0.0,0.0,0.97,0.97,0.96,0.96,33.42802408741336,33.42802408741336,0.0,0.0,66.85604817482673,1604.5451561958414,0.1535167080623413,5.849230453415088e-05,0.61
1971-12-14,1971-12-25,483.8375,0.9000891520783358,435.49688511870175,0.611,1971,12,14,1971.12,1971,3,75,11,0.0376269308742558,0.0,0.0,0.34,2,Mod_Wet,42,7,5,3,61,118.0,0.2709548656538317,317.4968851187017,317.4968851187017,,2,158.74844255935088,158.74844255935088,0.0,0.0,0.0,0.0,0.0,0.0,0.0,0.0,42.0,7.0,5.0,3.0,61.0,371.49688511870175,990.0,965.559735983034,24.440264016965894,0.1666445399597693,0.0334993770237403,989.7998560830164,0.1783215424817589,0.1783215424817589,0.0,0.0,24.061798557500637,24.061798557500637,24.24012009998239,24.24012009998239,,0.9199467995129444,0.9199467995129444,0.0,0.0,34.461880502488,34.461880502488,0.0,0.0,0.7018712933296944,0.7018712933296944,0.0,0.0,0.97,0.97,0.96,0.96,33.42802408741336,33.42802408741336,0.0,0.0,66.85604817482673,1604.5451561958414,0.1535167080623413,5.849230453415088e-05,0.61
1971-12-15,1971-12-26,483.8375,0.9000891520783358,435.49688511870175,0.611,1971,12,15,1971.12,1971,3,76,11,0.0376269308742558,0.0,0.0,0.34,2,Mod_Wet,42,7,5,3,61,118.0,0.2709548656538317,317.4968851187017,317.4968851187017,,2,158.74844255935088,158.74844255935088,0.0,0.0,0.0,0.0,0.0,0.0,0.0,0.0,42.0,7.0,5.0,3.0,61.0,371.49688511870175,990.0,965.559735983034,24.440264016965894,0.1666445399597693,0.0334993770237403,989.7998560830164,0.1783215424817589,0.1783215424817589,0.0,0.0,24.061798557500637,24.061798557500637,24.24012009998239,24.24012009998239,,0.9199467995129444,0.9199467995129444,0.0,0.0,34.461880502488,34.461880502488,0.0,0.0,0.7018712933296944,0.7018712933296944,0.0,0.0,0.97,0.97,0.96,0.96,33.42802408741336,33.42802408741336,0.0,0.0,66.85604817482673,1604.5451561958414,0.1535167080623413,5.849230453415088e-05,0.61
1971-12-16,1971-12-27,488.9841,0.8998924733267547,440.0331111664572,0.609,1971,12,16,1971.12,1971,3,77,11,0.0380188608047818,4.536226047755463,0.0103088288872868,0.34,2,Mod_Wet,42,7,5,3,61,118.0,0.2681616383076285,322.0331111664572,322.0331111664572,,2,161.0165555832286,161.0165555832286,0.0,0.0,0.0,0.0,0.0,0.0,0.0,0.0,42.0,7.0,5.0,3.0,61.0,376.0331111664572,990.0,965.580149000249,24.41985099975102,0.168245514876722,0.0344066222332914,989.79734786289,0.1834380778414258,0.1834380778414258,0.0,0.0,24.03376078479957,24.03376078479957,24.217198862641,24.217198862641,,0.9208454041607252,0.9208454041607252,0.0,0.0,34.94762691385664,34.94762691385664,0.0,0.0,0.7117642955978949,0.7117642955978949,0.0,0.0,0.97,0.97,0.96,0.96,33.899198106440934,33.899198106440934,0.0,0.0,67.79839621288187,1627.1615091091649,0.1540756695175942,5.848121570075759e-05,0.61
1971-12-17,1971-12-28,488.9841,0.8998924733267547,440.0331111664572,0.609,1971,12,17,1971.12,1971,3,78,12,0.0380188608047818,0.0,0.0,0.34,2,Mod_Wet,42,7,5,3,61,118.0,0.2681616383076285,322.0331111664572,322.0331111664572,,2,161.0165555832286,161.0165555832286,0.0,0.0,0.0,0.0,0.0,0.0,0.0,0.0,42.0,7.0,5.0,3.0,61.0,376.0331111664572,990.0,965.580149000249,24.41985099975102,0.168245514876722,0.0344066222332914,989.79734786289,0.1834380778414258,0.1834380778414258,0.0,0.0,24.03376078479957,24.03376078479957,24.217198862641,24.217198862641,,0.9208454041607252,0.9208454041607252,0.0,0.0,34.94762691385664,34.94762691385664,0.0,0.0,0.7117642955978949,0.7117642955978949,0.0,0.0,0.97,0.97,0.96,0.96,33.899198106440934,33.899198106440934,0.0,0.0,67.79839621288187,1627.1615091091649,0.1540756695175942,5.848121570075759e-05,0.61
1971-12-18,1971-12-29,494.165,0.8960553284209241,442.799181369126,0.602,1971,12,18,1971.12,1971,3,79,12,0.0382578492702924,2.766070202668743,0.0062467825575379,0.34,2,Mod_Wet,42,7,5,3,61,118.0,0.2664864908628476,324.799181369126,324.799181369126,,2,162.399590684563,162.399590684563,0.0,0.0,0.0,0.0,0.0,0.0,0.0,0.0,42.0,7.0,5.0,3.0,61.0,378.799181369126,990.0,965.592596316161,24.407403683838996,0.1692217468736248,0.0349598362738252,989.7958184168524,0.1866190585744949,0.1866190585744949,0.0,0.0,24.01660304211701,24.01660304211701,24.203222100691505,24.203222100691505,,0.9213938878056446,0.9213938878056446,0.0,0.0,35.24362216464489,35.24362216464489,0.0,0.0,0.7177927121108939,0.7177927121108939,0.0,0.0,0.97,0.97,0.96,0.96,34.18631349970554,34.18631349970554,0.0,0.0,68.37262699941108,1640.943047985866,0.1544100122046394,5.847427419203044e-05,0.6
1971-12-19,1971-12-30,494.165,0.8960553284209241,442.799181369126,0.602,1971,12,19,1971.12,1971,3,80,12,0.0382578492702924,0.0,0.0,0.34,2,Mod_Wet,42,7,5,3,61,118.0,0.2664864908628476,324.799181369126,324.799181369126,,2,162.399590684563,162.399590684563,0.0,0.0,0.0,0.0,0.0,0.0,0.0,0.0,42.0,7.0,5.0,3.0,61.0,378.799181369126,990.0,965.592596316161,24.407403683838996,0.1692217468736248,0.0349598362738252,989.7958184168524,0.1866190585744949,0.1866190585744949,0.0,0.0,24.01660304211701,24.01660304211701,24.203222100691505,24.203222100691505,,0.9213938878056446,0.9213938878056446,0.0,0.0,35.24362216464489,35.24362216464489,0.0,0.0,0.7177927121108939,0.7177927121108939,0.0,0.0,0.97,0.97,0.96,0.96,34.18631349970554,34.18631349970554,0.0,0.0,68.37262699941108,1640.943047985866,0.1544100122046394,5.847427419203044e-05,0.6
1971-12-20,1971-12-31,504.6303,0.897830776149602,453.0726139176065,0.595,1971,12,20,1971.12,1971,3,81,12,0.0391454738424812,10.27343254848057,0.0226750243402459,0.34,2,Mod_Wet,42,7,5,3,61,118.0,0.2604439031961859,335.0726139176065,335.0726139176065,,2,167.53630695880324,167.53630695880324,0.0,0.0,0.0,0.0,0.0,0.0,0.0,0.0,42.0,7.0,5.0,3.0,61.0,389.0726139176065,990.0,965.6388267626292,24.36117323737085,0.1728475599719956,0.0370145227835213,989.7901379172446,0.1986364105619517,0.1986364105619517,0.0,0.0,23.952674744053475,23.952674744053475,24.151311154615428,24.151311154615428,,0.923309629731154,0.923309629731154,0.0,0.0,36.33699588712204,36.33699588712204,0.0,0.0,0.7400610160309987,0.7400610160309987,0.0,0.0,0.97,0.97,0.96,0.96,35.246886010508376,35.246886010508376,0.0,0.0,70.49377202101675,1691.850528504402,0.1555904503065736,5.8439879971767526e-05,0.595
1971-12-21,1972-01-01,536.8608,0.8801028281077824,472.4927083802066,0.5690000000000001,1971,12,21,1971.12,1971,3,82,12,0.0408233700040498,19.420094462600048,0.0411013632975962,0.42,3,Normal,38,5,4,3,54,104.0,0.220109216831158,368.4927083802066,368.4927083802066,,2,184.2463541901033,184.2463541901033,0.0,0.0,0.0,0.0,0.0,0.0,0.0,0.0,38.0,5.0,4.0,3.0,54.0,415.4927083802066,990.0,965.7262171877107,24.27378281228914,0.1821720310395413,0.0436985416760413,989.7741294272844,0.2401555938104665,0.2401555938104665,0.0,0.0,23.807756645763167,23.807756645763167,24.047912239573638,24.047912239573638,,0.9291989952554311,0.9291989952554311,0.0,0.0,39.97282190632457,39.97282190632457,0.0,0.0,0.8141104257907243,0.8141104257907243,0.0,0.0,0.9714110425790724,0.9714110425790724,0.96,0.96,38.83004060285033,38.83004060285033,0.0,0.0,77.66008120570066,1863.841948936816,0.1643624966656817,5.854184978092782e-05,0.57
1971-12-22,1972-01-02,542.3552,0.8801399653154843,477.3484869166725,0.5650000000000001,1971,12,22,1971.12,1971,3,83,12,0.0412429092696005,4.855778536465948,0.0101723974612987,0.42,3,Normal,38,5,4,3,54,104.0,0.2178701783926563,373.3484869166725,373.3484869166725,,2,186.67424345833624,186.67424345833624,0.0,0.0,0.0,0.0,0.0,0.0,0.0,0.0,38.0,5.0,4.0,3.0,54.0,420.3484869166725,990.0,965.748068191125,24.25193180887504,0.1838857859444597,0.0446696973833345,989.7714445166722,0.2465534875991744,0.2465534875991744,0.0,0.0,23.77682283794807,23.77682283794807,24.023376325547247,24.023376325547247,,0.9299583820443024,0.9299583820443024,0.0,0.0,40.4799935366296,40.4799935366296,0.0,0.0,0.8244397868967331,0.8244397868967331,0.0,0.0,0.9724439786896732,0.9724439786896732,0.96,0.96,39.364525972092345,39.364525972092345,0.0,0.0,78.72905194418469,1889.497246660433,0.1649299287669636,5.857578606040482e-05,0.565
1971-12-23,1972-01-03,536.8608,0.8801028281077824,472.4927083802066,0.5690000000000001,1971,12,23,1971.12,1971,3,84,12,0.0408233700040498,4.855778536465948,0.0102769385650679,0.42,3,Normal,38,5,4,3,54,104.0,0.220109216831158,368.4927083802066,368.4927083802066,,2,184.2463541901033,184.2463541901033,0.0,0.0,0.0,0.0,0.0,0.0,0.0,0.0,38.0,5.0,4.0,3.0,54.0,415.4927083802066,990.0,965.7262171877107,24.27378281228914,0.1821720310395413,0.0436985416760413,989.7741294272844,0.2401555938104665,0.2401555938104665,0.0,0.0,23.807756645763167,23.807756645763167,24.047912239573638,24.047912239573638,,0.9291989952554311,0.9291989952554311,0.0,0.0,39.97282190632457,39.97282190632457,0.0,0.0,0.8141104257907243,0.8141104257907243,0.0,0.0,0.9714110425790724,0.9714110425790724,0.96,0.96,38.83004060285033,38.83004060285033,0.0,0.0,77.66008120570066,1863.841948936816,0.1643624966656817,5.854184978092782e-05,0.57
1971-12-24,1972-01-04,531.4016,0.8847902403509693,470.1789493868897,0.5740000000000001,1971,12,24,1971.12,1971,3,85,13,0.0406234612270272,2.313758993316867,0.0049210178301984,0.42,3,Normal,38,5,4,3,54,104.0,0.2211923782117751,366.1789493868897,366.1789493868897,,2,183.08947469344488,183.08947469344488,0.0,0.0,0.0,0.0,0.0,0.0,0.0,0.0,38.0,5.0,4.0,3.0,54.0,413.1789493868897,990.0,965.715805272241,24.28419472775897,0.1813554337022003,0.0432357898773779,989.7754087764204,0.2371708447090877,0.2371708447090877,0.0,0.0,23.82243265947036,23.82243265947036,24.05960350417945,24.05960350417945,,0.928794597895512,0.928794597895512,0.0,0.0,39.729021323231024,39.729021323231024,0.0,0.0,0.8091450371330147,0.8091450371330147,0.0,0.0,0.9709145037133016,0.9709145037133016,0.96,0.96,38.57348302106002,38.57348302106002,0.0,0.0,77.14696604212004,1851.527185010881,0.1640800085642268,5.852251426620385e-05,0.575
1971-12-25,1972-01-05,542.3552,0.8801399653154843,477.3484869166725,0.5650000000000001,1971,12,25,1971.12,1971,3,86,13,0.0412429092696005,7.169537529782815,0.0150195040442944,0.42,3,Normal,38,5,4,3,54,104.0,0.2178701783926563,373.3484869166725,373.3484869166725,,2,186.67424345833624,186.67424345833624,0.0,0.0,0.0,0.0,0.0,0.0,0.0,0.0,38.0,5.0,4.0,3.0,54.0,420.3484869166725,990.0,965.748068191125,24.25193180887504,0.1838857859444597,0.0446696973833345,989.7714445166722,0.2465534875991744,0.2465534875991744,0.0,0.0,23.77682283794807,23.77682283794807,24.023376325547247,24.023376325547247,,0.9299583820443024,0.9299583820443024,0.0,0.0,40.4799935366296,40.4799935366296,0.0,0.0,0.8244397868967331,0.8244397868967331,0.0,0.0,0.9724439786896732,0.9724439786896732,0.96,0.96,39.364525972092345,39.364525972092345,0.0,0.0,78.72905194418469,1889.497246660433,0.1649299287669636,5.857578606040482e-05,0.565
1971-12-26,1972-01-06,553.45,0.8781733244038457,486.0250263913084,0.5579999999999999,1971,12,26,1971.12,1971,3,87,13,0.041992562280209,8.676539474635831,0.0178520425975969,0.42,3,Normal,38,5,4,3,54,104.0,0.2139807506872445,382.0250263913084,382.0250263913084,,2,191.0125131956542,191.0125131956542,0.0,0.0,0.0,0.0,0.0,0.0,0.0,0.0,38.0,5.0,4.0,3.0,54.0,429.0250263913084,990.0,965.7871126187608,24.21288738123917,0.1869480059305459,0.0464050052782616,989.7666469887912,0.2581540358921794,0.2581540358921794,0.0,0.0,23.721380334138185,23.721380334138185,23.979534370030365,23.979534370030365,,0.9312429120239828,0.9312429120239828,0.0,0.0,41.38123570765024,41.38123570765024,0.0,0.0,0.8427950245957277,0.8427950245957277,0.0,0.0,0.9742795024595728,0.9742795024595728,0.96,0.96,40.316889736411774,40.316889736411774,0.0,0.0,80.63377947282355,1935.210707347765,0.1659045832917741,5.863037897638088e-05,0.56
1971-12-27,1972-01-07,559.0506,0.8753118667840304,489.3436243127323,0.555,1971,12,27,1971.12,1971,3,88,13,0.04227928914062,3.3185979214239296,0.0067817332372211,0.42,3,Normal,38,5,4,3,54,104.0,0.2125295903181833,385.3436243127323,385.3436243127323,,2,192.67181215636612,192.67181215636612,0.0,0.0,0.0,0.0,0.0,0.0,0.0,0.0,38.0,5.0,4.0,3.0,54.0,432.3436243127323,990.0,965.8020463094072,24.19795369059273,0.1881192421025792,0.0470687248625464,989.7648120330348,0.2626673290653159,0.2626673290653159,0.0,0.0,23.7000983945622,23.7000983945622,23.962765723627516,23.962765723627516,,0.9317340272107086,0.9317340272107086,0.0,0.0,41.725253798406605,41.725253798406605,0.0,0.0,0.8498015030225378,0.8498015030225378,0.0,0.0,0.9749801503022536,0.9749801503022536,0.96,0.96,40.68129421977015,40.68129421977015,0.0,0.0,81.3625884395403,1952.7021225489675,0.1662688229642544,5.865081860713859e-05,0.555
1971-12-28,1972-01-08,570.3586,0.8854392210789449,505.01787451967766,0.547,1971,12,28,1971.12,1971,3,89,13,0.0436335443585001,15.674250206945374,0.0310370206635817,0.42,3,Normal,38,5,4,3,54,104.0,0.2059333050318552,401.01787451967766,401.01787451967766,,2,200.50893725983883,200.50893725983883,0.0,0.0,0.0,0.0,0.0,0.0,0.0,0.0,38.0,5.0,4.0,3.0,54.0,448.01787451967766,990.0,965.8725804353384,24.127419564661523,0.1936511713228562,0.0502035749039355,989.7561452537732,0.284455560563139,0.284455560563139,0.0,0.0,23.59910925787168,23.59910925787168,23.88356481843482,23.88356481843482,,0.9340522870334362,0.9340522870334362,0.0,0.0,43.34502260025375,43.34502260025375,0.0,0.0,0.8827906843228869,0.8827906843228869,0.0,0.0,0.9782790684322886,0.9782790684322886,0.96,0.96,42.40352833055273,42.40352833055273,0.0,0.0,84.80705666110546,2035.369359866531,0.1679288218100506,5.874430352365755e-05,0.545
1971-12-29,1972-01-09,593.4044,0.8886647923374786,527.3375978981461,0.532,1971,12,29,1971.12,1971,3,90,13,0.0455619684583998,22.31972337846844,0.0423253025527291,0.42,3,Normal,38,5,4,3,54,104.0,0.1972171155906985,423.3375978981461,423.3375978981461,,2,211.66879894907305,211.66879894907305,0.0,0.0,0.0,0.0,0.0,0.0,0.0,0.0,38.0,5.0,4.0,3.0,54.0,470.3375978981461,990.0,965.9730191905415,24.026980809458337,0.2015284942133085,0.0546675195796292,989.743803986207,0.3170063968472191,0.3170063968472191,0.0,0.0,23.45377839881813,23.45377839881813,23.77078479566535,23.77078479566535,,0.9369379136312022,0.9369379136312022,0.0,0.0,45.6162075208257,45.6162075208257,0.0,0.0,0.929046996350829,0.929046996350829,0.0,0.0,0.98,0.98,0.96,0.96,44.70388337040919,44.70388337040919,0.0,0.0,89.40776674081837,2145.786401779641,0.1695455948849057,5.866592262214751e-05,0.53
1971-12-30,1972-01-10,587.589,0.8901106602929673,523.0192327708844,0.536,1971,12,30,1971.12,1971,3,91,13,0.0451888617114044,4.3183651272617,0.0082566086611836,0.42,3,Normal,38,5,4,3,54,104.0,0.1988454601354183,419.0192327708844,419.0192327708844,,2,209.5096163854422,209.5096163854422,0.0,0.0,0.0,0.0,0.0,0.0,0.0,0.0,38.0,5.0,4.0,3.0,54.0,466.0192327708844,990.0,965.953586547469,24.046413452531056,0.2000044091747311,0.0538038465541768,989.7461917442712,0.3105582721732001,0.3105582721732001,0.0,0.0,23.48204692462893,23.48204692462893,23.79260519680213,23.79260519680213,,0.936436919556716,0.936436919556716,0.0,0.0,45.18113538606647,45.18113538606647,0.0,0.0,0.920186056742698,0.920186056742698,0.0,0.0,0.98,0.98,0.96,0.96,44.27751267834514,44.27751267834514,0.0,0.0,88.55502535669028,2125.3206085605666,0.169315045811103,5.870522455967187e-05,0.535
1971-12-31,1972-01-11,599.256,0.8886339443648977,532.5192229643311,0.53,1971,12,31,1971.12,1971,3,92,14,0.0460096608641182,9.499990193446706,0.017839713166717,0.42,3,Normal,38,5,4,3,54,104.0,0.1952981141620986,428.5192229643311,428.5192229643311,,2,214.25961148216555,214.25961148216555,0.0,0.0,0.0,0.0,0.0,0.0,0.0,0.0,38.0,5.0,4.0,3.0,54.0,475.5192229643311,990.0,965.9963365033394,24.00366349666058,0.2033572504685485,0.0557038445928662,989.7409389049386,0.3247788344464967,0.3247788344464967,0.0,0.0,23.419823567152697,23.419823567152697,23.744602401599195,23.744602401599195,,0.9375346695860014,0.9375346695860014,0.0,0.0,46.13706550431271,46.13706550431271,0.0,0.0,0.939655101920829,0.939655101920829,0.0,0.0,0.98,0.98,0.96,0.96,45.21432419422646,45.21432419422646,0.0,0.0,90.42864838845291,2170.28756132287,0.169812927850888,5.8618301468551207e-05,0.53
1972-01-01,1972-01-12,617.0284,0.8884164098844547,548.1781559247493,0.519,1972,1,1,1972.01,1971,4,93,14,0.0473625926718983,15.658932960418156,0.0285654085103086,0.41,3,Normal,41,6,4,3,66,120.0,0.2189069350958831,428.17815592474926,428.17815592474926,,2,214.08907796237463,214.08907796237463,0.0,0.0,0.0,0.0,0.0,0.0,0.0,0.0,41.0,6.0,4.0,3.0,66.0,479.17815592474926,990.0,966.0668017016612,23.93319829833865,0.2046486014353592,0.0556356311849498,989.7397157673796,0.3242672338871239,0.3242672338871239,0.0,0.0,23.34864683183125,23.34864683183125,23.672914065718373,23.672914065718373,,0.9374151201456764,0.9374151201456764,0.0,0.0,45.95437687786247,45.95437687786247,0.0,0.0,0.9359343559646124,0.9359343559646124,0.0,0.0,0.98,0.98,0.96,0.96,45.03528934030521,45.03528934030521,0.0,0.0,90.07057868061042,2161.69388833465,0.1643089526773752,5.843269873266388e-05,0.52
1972-01-02,1972-01-13,641.2365,0.8794376863729334,563.9275439778775,0.503,1972,1,2,1972.01,1971,4,94,14,0.0487233397996886,15.7493880531282,0.027928034764952,0.41,3,Normal,41,6,4,3,66,120.0,0.2127932946022362,443.9275439778775,443.9275439778775,,3,147.97584799262583,147.97584799262583,147.97584799262583,0.0,0.0,0.0,0.0,0.0,0.0,0.0,41.0,6.0,4.0,3.0,66.0,494.9275439778775,990.0,966.1376739479005,23.862326052099547,0.2102070491328431,0.0587855087955754,989.7310074420716,0.1549897638246617,0.1549897638246617,0.1549897638246617,0.0,23.43834373034647,23.43834373034647,23.43834373034647,23.593333494171134,,0.9149121615646194,0.9149121615646194,0.9149121615646194,0.0,31.11973259083455,31.11973259083455,31.11973259083455,0.0,0.6338031077563044,0.6338031077563044,0.6338031077563044,0.0,0.97,0.97,0.97,0.96,30.18614061310951,30.18614061310951,30.18614061310951,0.0,90.55842183932852,2173.402124143885,0.1605852078097485,5.666491642348922e-05,0.505
1972-01-03,1972-01-14,737.3183,0.8872912629151888,654.21608557748,0.458,1972,1,3,1972.01,1971,4,95,14,0.0565242697938942,90.28854159960258,0.1380102745714428,0.41,3,Normal,41,6,4,3,66,120.0,0.1834256335872196,534.21608557748,534.21608557748,,3,178.07202852582668,178.07202852582668,178.07202852582668,0.0,0.0,0.0,0.0,0.0,0.0,0.0,41.0,6.0,4.0,3.0,66.0,585.21608557748,990.0,966.51686434231,23.483135657690127,0.2590937592983896,0.083686434230992,989.6572198064706,0.2243800713145667,0.2243800713145667,0.2243800713145667,0.0,22.915975392846168,22.915975392846168,22.915975392846168,23.14035546416073,,0.9261079096090508,0.9261079096090508,0.9261079096090508,0.0,37.06246888925648,37.06246888925648,37.06246888925648,0.0,0.754836433589745,0.754836433589745,0.754836433589745,0.0,0.97,0.97,0.97,0.96,35.950594822578786,35.950594822578786,35.950594822578786,0.0,107.85178446773637,2588.4428272256728,0.1648565158292233,5.607998303987905e-05,0.46
1972-01-04,1972-01-15,737.3183,0.8872912629151888,654.21608557748,0.458,1972,1,4,1972.01,1971,4,96,14,0.0565242697938942,0.0,0.0,0.41,3,Normal,41,6,4,3,66,120.0,0.1834256335872196,534.21608557748,534.21608557748,,3,178.07202852582668,178.07202852582668,178.07202852582668,0.0,0.0,0.0,0.0,0.0,0.0,0.0,41.0,6.0,4.0,3.0,66.0,585.21608557748,990.0,966.51686434231,23.483135657690127,0.2590937592983896,0.083686434230992,989.6572198064706,0.2243800713145667,0.2243800713145667,0.2243800713145667,0.0,22.915975392846168,22.915975392846168,22.915975392846168,23.14035546416073,,0.9261079096090508,0.9261079096090508,0.9261079096090508,0.0,37.06246888925648,37.06246888925648,37.06246888925648,0.0,0.754836433589745,0.754836433589745,0.754836433589745,0.0,0.97,0.97,0.97,0.96,35.950594822578786,35.950594822578786,35.950594822578786,0.0,107.85178446773637,2588.4428272256728,0.1648565158292233,5.607998303987905e-05,0.46
1972-01-05,1972-01-16,697.8704,0.8821520065429723,615.6277736669467,0.475,1972,1,5,1972.01,1971,4,97,14,0.0531902396448241,38.58831191053332,0.0626812394780121,0.41,3,Normal,41,6,4,3,66,120.0,0.1949229796525063,495.6277736669467,495.6277736669467,,3,165.20925788898225,165.20925788898225,165.20925788898225,0.0,0.0,0.0,0.0,0.0,0.0,0.0,41.0,6.0,4.0,3.0,66.0,546.6277736669467,990.0,966.3625110946678,23.637488905332248,0.2371644016445111,0.0691255547333893,989.693710043622,0.1930980337757777,0.1930980337757777,0.1930980337757777,0.0,23.138100915178573,23.138100915178573,23.138100915178573,23.331198948954352,,0.9217401502918904,0.9217401502918904,0.9217401502918904,0.0,34.55487260602481,34.55487260602481,34.55487260602481,0.0,0.7037652261919513,0.7037652261919513,0.7037652261919513,0.0,0.97,0.97,0.97,0.96,33.51822642784406,33.51822642784406,33.51822642784406,0.0,100.55467928353218,2413.312302804772,0.1633368141995686,5.635651761377368e-05,0.475
1972-01-06,1972-01-17,704.3503,0.8783280558406197,618.6506296297572,0.474,1972,1,6,1972.01,1971,4,98,14,0.053451414400011,3.022855962810468,0.0048862084964167,0.41,3,Normal,41,6,4,3,66,120.0,0.1939705453331813,498.6506296297572,498.6506296297572,,3,166.2168765432524,166.2168765432524,166.2168765432524,0.0,0.0,0.0,0.0,0.0,0.0,0.0,41.0,6.0,4.0,3.0,66.0,549.6506296297572,990.0,966.3746025185188,23.62539748148106,0.2388822609200949,0.0697301259259514,989.691387613154,0.1954961661729407,0.1954961661729407,0.1954961661729407,0.0,23.12128892846201,23.12128892846201,23.12128892846201,23.31678509463495,,0.9220903696430346,0.9220903696430346,0.9220903696430346,0.0,34.75356361252205,34.75356361252205,34.75356361252205,0.0,0.7078118862020784,0.7078118862020784,0.7078118862020784,0.0,0.97,0.97,0.97,0.96,33.71095670414639,33.71095670414639,33.71095670414639,0.0,101.13287011243918,2427.1888826985405,0.1634733163901635,5.633696670749289e-05,0.475
1972-01-07,1972-01-18,704.3503,0.8783280558406197,618.6506296297572,0.474,1972,1,7,1972.01,1971,4,99,15,0.053451414400011,0.0,0.0,0.41,3,Normal,41,6,4,3,66,120.0,0.1939705453331813,498.6506296297572,498.6506296297572,,3,166.2168765432524,166.2168765432524,166.2168765432524,0.0,0.0,0.0,0.0,0.0,0.0,0.0,41.0,6.0,4.0,3.0,66.0,549.6506296297572,990.0,966.3746025185188,23.62539748148106,0.2388822609200949,0.0697301259259514,989.691387613154,0.1954961661729407,0.1954961661729407,0.1954961661729407,0.0,23.12128892846201,23.12128892846201,23.12128892846201,23.31678509463495,,0.9220903696430346,0.9220903696430346,0.9220903696430346,0.0,34.75356361252205,34.75356361252205,34.75356361252205,0.0,0.7078118862020784,0.7078118862020784,0.7078118862020784,0.0,0.97,0.97,0.97,0.96,33.71095670414639,33.71095670414639,33.71095670414639,0.0,101.13287011243918,2427.1888826985405,0.1634733163901635,5.633696670749289e-05,0.475
1972-01-08,1972-01-19,737.3183,0.8872912629151888,654.21608557748,0.458,1972,1,8,1972.01,1971,4,100,15,0.0565242697938942,35.56545594772285,0.0543634690919117,0.41,3,Normal,41,6,4,3,66,120.0,0.1834256335872196,534.21608557748,534.21608557748,,3,178.07202852582668,178.07202852582668,178.07202852582668,0.0,0.0,0.0,0.0,0.0,0.0,0.0,41.0,6.0,4.0,3.0,66.0,585.21608557748,990.0,966.51686434231,23.483135657690127,0.2590937592983896,0.083686434230992,989.6572198064706,0.2243800713145667,0.2243800713145667,0.2243800713145667,0.0,22.915975392846168,22.915975392846168,22.915975392846168,23.14035546416073,,0.9261079096090508,0.9261079096090508,0.9261079096090508,0.0,37.06246888925648,37.06246888925648,37.06246888925648,0.0,0.754836433589745,0.754836433589745,0.754836433589745,0.0,0.97,0.97,0.97,0.96,35.950594822578786,35.950594822578786,35.950594822578786,0.0,107.85178446773637,2588.4428272256728,0.1648565158292233,5.607998303987905e-05,0.46
1972-01-09,1972-01-20,724.0169999999998,0.8797110956815125,636.9257883620418,0.466,1972,1,9,1972.01,1971,4,101,15,0.0550303881144804,17.290297215438272,0.0271464863432568,0.41,3,Normal,41,6,4,3,66,120.0,0.1884049950443983,516.9257883620418,516.9257883620418,,3,172.3085961206806,172.3085961206806,172.3085961206806,0.0,0.0,0.0,0.0,0.0,0.0,0.0,41.0,6.0,4.0,3.0,66.0,567.9257883620418,990.0,966.4477031534482,23.552296846551823,0.2492678536599596,0.0767703153448167,989.6739618309952,0.2101329745344606,0.2101329745344606,0.2101329745344606,0.0,23.016125703012637,23.016125703012637,23.016125703012637,23.226258677547094,,0.9242071210276416,0.9242071210276416,0.9242071210276416,0.0,35.945718984369805,35.945718984369805,35.945718984369805,0.0,0.7320920363415439,0.7320920363415439,0.7320920363415439,0.0,0.97,0.97,0.97,0.96,34.86734741483871,34.86734741483871,34.86734741483871,0.0,104.60204224451611,2510.449013868387,0.1642295604226,5.6209466619507766e-05,0.465
1972-01-10,1972-01-21,710.868,0.8775314292741972,623.8090120652902,0.47,1972,1,10,1972.01,1971,4,102,15,0.053897098642441,13.116776296751594,0.0210269105496326,0.41,3,Normal,41,6,4,3,66,120.0,0.1923665700223009,503.8090120652902,503.8090120652902,,3,167.93633735509673,167.93633735509673,167.93633735509673,0.0,0.0,0.0,0.0,0.0,0.0,0.0,41.0,6.0,4.0,3.0,66.0,554.8090120652902,990.0,966.3952360482612,23.60476395173885,0.2418137188601715,0.071523604826116,989.6866626763136,0.1995884829051302,0.1995884829051302,0.1995884829051302,0.0,23.09183814514746,23.09183814514746,23.09183814514746,23.29142662805259,,0.922687600953316,0.922687600953316,0.922687600953316,0.0,35.09106636724401,35.09106636724401,35.09106636724401,0.0,0.7146856693939717,0.7146856693939717,0.7146856693939717,0.0,0.97,0.97,0.97,0.96,34.038334376226686,34.038334376226686,34.038334376226686,0.0,102.11500312868006,2450.760075088321,0.1636959408306725,5.63016499656811e-05,0.47
1972-01-11,1972-01-22,737.3183,0.8872912629151888,654.21608557748,0.458,1972,1,11,1972.01,1971,4,103,15,0.0565242697938942,30.40707351218987,0.0464786393708882,0.31,2,Mod_Wet,46,7,6,4,76,139.0,0.2124680255718627,515.21608557748,515.21608557748,,3,171.73869519249334,171.73869519249334,171.73869519249334,0.0,0.0,0.0,0.0,0.0,0.0,0.0,46.0,7.0,6.0,4.0,76.0,574.21608557748,990.0,966.51686434231,23.483135657690127,0.2528425676227357,0.076086434230992,989.6710709981462,0.2087424162696837,0.2087424162696837,0.2087424162696837,0.0,22.94546423956665,22.94546423956665,22.94546423956665,23.154206655836333,,0.9238631676691638,0.9238631676691638,0.9238631676691638,0.0,35.70354674091531,35.70354674091531,35.70354674091531,0.0,0.727159811423937,0.727159811423937,0.727159811423937,0.0,0.97,0.97,0.97,0.96,34.63244033868785,34.63244033868785,34.63244033868785,0.0,103.89732101606356,2493.5357043855256,0.1588119327948851,5.601604405762758e-05,0.46
1972-01-12,1972-01-23,792.06,0.8911767402221192,705.8654488603318,0.435,1972,1,12,1972.01,1971,4,104,15,0.0609867747815326,51.64936328285172,0.0731716835924511,0.31,2,Mod_Wet,46,7,6,4,76,139.0,0.1969213824312056,566.8654488603318,566.8654488603318,,3,188.95514962011055,188.95514962011055,188.95514962011055,0.0,0.0,0.0,0.0,0.0,0.0,0.0,46.0,7.0,6.0,4.0,76.0,625.8654488603318,990.0,966.7234617954412,23.276538204558733,0.2821943921506073,0.0967461795441327,989.6210594283052,0.2526206979894941,0.2526206979894941,0.2526206979894941,0.0,22.644976934874567,22.644976934874567,22.644976934874567,22.897597632864063,,0.9293909976124995,0.9293909976124995,0.9293909976124995,0.0,39.00028456839685,39.00028456839685,39.00028456839685,0.0,0.7943031480325223,0.7943031480325223,0.7943031480325223,0.0,0.97,0.97,0.97,0.96,37.830276031344944,37.830276031344944,37.830276031344944,0.0,113.49082809403484,2723.779874256836,0.160782523464314,5.56132501804466e-05,0.435
1972-01-13,1972-01-24,806.1332,0.8935666243082664,720.3337222668207,0.431,1972,1,13,1972.01,1971,4,105,15,0.0622368336038533,14.468273406488947,0.0200855144764827,0.31,2,Mod_Wet,46,7,6,4,76,139.0,0.1929661151536546,581.3337222668207,581.3337222668207,,3,193.7779074222736,193.7779074222736,193.7779074222736,0.0,0.0,0.0,0.0,0.0,0.0,0.0,46.0,7.0,6.0,4.0,76.0,640.3337222668207,990.0,966.7813348890672,23.21866511093276,0.2904165694487645,0.1025334889067282,989.6070499416444,0.2656759081885841,0.2656759081885841,0.2656759081885841,0.0,22.56003914438868,22.56003914438868,22.56003914438868,22.825715052577262,,0.9308289366570928,0.9308289366570928,0.9308289366570928,0.0,39.90733124177772,39.90733124177772,39.90733124177772,0.0,0.8127766037021938,0.8127766037021938,0.8127766037021938,0.0,0.9712776603702192,0.9712776603702192,0.9712776603702192,0.96,38.761099320133226,38.761099320133226,38.761099320133226,0.0,116.28329796039968,2790.799151049592,0.1614297572998073,5.5563465291775286e-05,0.43
1972-01-14,1972-01-25,799.0771,0.8911326595966059,712.0837013457431,0.433,1972,1,14,1972.01,1971,4,106,16,0.0615240317962722,8.250020921077635,0.0115857460372793,0.31,2,Mod_Wet,46,7,6,4,76,139.0,0.1952017715576252,573.0837013457431,573.0837013457431,,3,191.02790044858105,191.02790044858105,191.02790044858105,0.0,0.0,0.0,0.0,0.0,0.0,0.0,46.0,7.0,6.0,4.0,76.0,632.0837013457431,990.0,966.7483348053828,23.25166519461709,0.2857281638027816,0.0992334805382972,989.615038355659,0.2581958892201404,0.2581958892201404,0.2581958892201404,0.0,22.608507661055903,22.608507661055903,22.608507661055903,22.866703550276043,,0.9300038410722926,0.9300038410722926,0.9300038410722926,0.0,39.39055869560582,39.39055869560582,39.39055869560582,0.0,0.8022517045948232,0.8022517045948232,0.8022517045948232,0.0,0.9702251704594824,0.9702251704594824,0.9702251704594824,0.96,38.2177115249384,38.2177115249384,38.2177115249384,0.0,114.6531345748152,2751.6752297955645,0.1610107552779766,5.557319613637836e-05,0.435
1972-01-15,1972-01-26,806.1332,0.8935666243082664,720.3337222668207,0.431,1972,1,15,1972.01,1971,4,107,16,0.0622368336038533,8.250020921077635,0.0114530538638613,0.31,2,Mod_Wet,46,7,6,4,76,139.0,0.1929661151536546,581.3337222668207,581.3337222668207,,3,193.7779074222736,193.7779074222736,193.7779074222736,0.0,0.0,0.0,0.0,0.0,0.0,0.0,46.0,7.0,6.0,4.0,76.0,640.3337222668207,990.0,966.7813348890672,23.21866511093276,0.2904165694487645,0.1025334889067282,989.6070499416444,0.2656759081885841,0.2656759081885841,0.2656759081885841,0.0,22.56003914438868,22.56003914438868,22.56003914438868,22.825715052577262,,0.9308289366570928,0.9308289366570928,0.9308289366570928,0.0,39.90733124177772,39.90733124177772,39.90733124177772,0.0,0.8127766037021938,0.8127766037021938,0.8127766037021938,0.0,0.9712776603702192,0.9712776603702192,0.9712776603702192,0.96,38.761099320133226,38.761099320133226,38.761099320133226,0.0,116.28329796039968,2790.799151049592,0.1614297572998073,5.5563465291775286e-05,0.43
1972-01-16,1972-01-27,806.1332,0.8935666243082664,720.3337222668207,0.431,1972,1,16,1972.01,1971,4,108,16,0.0622368336038533,0.0,0.0,0.31,2,Mod_Wet,46,7,6,4,76,139.0,0.1929661151536546,581.3337222668207,581.3337222668207,,3,193.7779074222736,193.7779074222736,193.7779074222736,0.0,0.0,0.0,0.0,0.0,0.0,0.0,46.0,7.0,6.0,4.0,76.0,640.3337222668207,990.0,966.7813348890672,23.21866511093276,0.2904165694487645,0.1025334889067282,989.6070499416444,0.2656759081885841,0.2656759081885841,0.2656759081885841,0.0,22.56003914438868,22.56003914438868,22.56003914438868,22.825715052577262,,0.9308289366570928,0.9308289366570928,0.9308289366570928,0.0,39.90733124177772,39.90733124177772,39.90733124177772,0.0,0.8127766037021938,0.8127766037021938,0.8127766037021938,0.0,0.9712776603702192,0.9712776603702192,0.9712776603702192,0.96,38.761099320133226,38.761099320133226,38.761099320133226,0.0,116.28329796039968,2790.799151049592,0.1614297572998073,5.5563465291775286e-05,0.43
1972-01-17,1972-01-28,827.5366,0.8937943571986156,739.6475434553279,0.419,1972,1,17,1972.01,1971,4,109,16,0.0639055477545403,19.313821188507177,0.02611219540902,0.31,2,Mod_Wet,46,7,6,4,76,139.0,0.1879273462474429,600.6475434553279,600.6475434553279,,3,200.21584781844263,200.21584781844263,200.21584781844263,0.0,0.0,0.0,0.0,0.0,0.0,0.0,46.0,7.0,6.0,4.0,76.0,659.6475434553279,990.0,966.8585901738212,23.141409826178688,0.3013924238340976,0.1101942630365983,989.5884133131292,0.2836173247607458,0.2836173247607458,0.2836173247607458,0.0,22.44620581454725,22.44620581454725,22.44620581454725,22.729823139308,,0.9328143260693372,0.9328143260693372,0.9328143260693372,0.0,41.11263362633482,41.11263362633482,41.11263362633482,0.0,0.8373245137746399,0.8373245137746399,0.8373245137746399,0.0,0.973732451377464,0.973732451377464,0.973732451377464,0.96,40.03270552355456,40.03270552355456,40.03270552355456,0.0,120.09811657066368,2882.354797695928,0.1623720887513732,5.5541037834572615e-05,0.42
1972-01-18,1972-01-29,827.5366,0.8937943571986156,739.6475434553279,0.419,1972,1,18,1972.01,1971,4,110,16,0.0639055477545403,0.0,0.0,0.31,2,Mod_Wet,46,7,6,4,76,139.0,0.1879273462474429,600.6475434553279,600.6475434553279,,3,200.21584781844263,200.21584781844263,200.21584781844263,0.0,0.0,0.0,0.0,0.0,0.0,0.0,46.0,7.0,6.0,4.0,76.0,659.6475434553279,990.0,966.8585901738212,23.141409826178688,0.3013924238340976,0.1101942630365983,989.5884133131292,0.2836173247607458,0.2836173247607458,0.2836173247607458,0.0,22.44620581454725,22.44620581454725,22.44620581454725,22.729823139308,,0.9328143260693372,0.9328143260693372,0.9328143260693372,0.0,41.11263362633482,41.11263362633482,41.11263362633482,0.0,0.8373245137746399,0.8373245137746399,0.8373245137746399,0.0,0.973732451377464,0.973732451377464,0.973732451377464,0.96,40.03270552355456,40.03270552355456,40.03270552355456,0.0,120.09811657066368,2882.354797695928,0.1623720887513732,5.5541037834572615e-05,0.42
1972-01-19,1972-01-30,827.5366,0.8937943571986156,739.6475434553279,0.419,1972,1,19,1972.01,1971,4,111,16,0.0639055477545403,0.0,0.0,0.31,2,Mod_Wet,46,7,6,4,76,139.0,0.1879273462474429,600.6475434553279,600.6475434553279,,3,200.21584781844263,200.21584781844263,200.21584781844263,0.0,0.0,0.0,0.0,0.0,0.0,0.0,46.0,7.0,6.0,4.0,76.0,659.6475434553279,990.0,966.8585901738212,23.141409826178688,0.3013924238340976,0.1101942630365983,989.5884133131292,0.2836173247607458,0.2836173247607458,0.2836173247607458,0.0,22.44620581454725,22.44620581454725,22.44620581454725,22.729823139308,,0.9328143260693372,0.9328143260693372,0.9328143260693372,0.0,41.11263362633482,41.11263362633482,41.11263362633482,0.0,0.8373245137746399,0.8373245137746399,0.8373245137746399,0.0,0.973732451377464,0.973732451377464,0.973732451377464,0.96,40.03270552355456,40.03270552355456,40.03270552355456,0.0,120.09811657066368,2882.354797695928,0.1623720887513732,5.5541037834572615e-05,0.42
1972-01-20,1972-01-31,849.2947,0.8954821115912885,760.52821131929,0.409,1972,1,20,1972.01,1971,4,112,16,0.0657096374579866,20.88066786396212,0.0274554810106785,0.31,2,Mod_Wet,46,7,6,4,76,139.0,0.182767710561159,621.52821131929,621.52821131929,,3,207.1760704397633,207.1760704397633,207.1760704397633,0.0,0.0,0.0,0.0,0.0,0.0,0.0,46.0,7.0,6.0,4.0,76.0,680.52821131929,990.0,966.9421128452772,23.057887154722835,0.3132587017553061,0.116458463395787,989.5702828348489,0.3036976470929041,0.3036976470929041,0.3036976470929041,0.0,22.324472342478785,22.324472342478785,22.324472342478785,22.62816998957169,,0.9348104712110176,0.9348104712110176,0.9348104712110176,0.0,42.40167980630495,42.40167980630495,42.40167980630495,0.0,0.8635780001284104,0.8635780001284104,0.8635780001284104,0.0,0.976357800012841,0.976357800012841,0.976357800012841,0.96,41.39921081253281,41.39921081253281,41.39921081253281,0.0,124.19763243759844,2980.7431785023623,0.1633044384009799,5.550728304117867e-05,0.41
1972-01-21,1972-02-01,863.9982,0.9020463209442272,779.3663976124346,0.405,1972,1,21,1972.01,1971,4,113,17,0.0673372567537143,18.838186293144645,0.02417115537808,0.33,2,Mod_Wet,46,7,6,4,76,139.0,0.1783500038310893,640.3663976124346,640.3663976124346,,3,213.45546587081157,213.45546587081157,213.45546587081157,0.0,0.0,0.0,0.0,0.0,0.0,0.0,46.0,7.0,6.0,4.0,76.0,699.3663976124346,990.0,967.0174655904495,22.98253440955034,0.3239642575134992,0.1221099192837304,989.5539258232028,0.3223663976124346,0.3223663976124346,0.3223663976124346,0.0,22.21409383514071,22.21409383514071,22.21409383514071,22.536460232753143,,0.9361673986035643,0.9361673986035643,0.9361673986035643,0.0,43.533952059598,43.533952059598,43.533952059598,0.0,0.8866385348186965,0.8866385348186965,0.8866385348186965,0.0,0.9786638534818696,0.9786638534818696,0.9786638534818696,0.96,42.60510527994115,42.60510527994115,42.60510527994115,0.0,127.81531583982346,3067.5675801557627,0.1639990076957151,5.54436562135776e-05,0.405
1972-01-22,1972-02-02,893.8841,0.8990978772765416,803.6892968412517,0.396,1972,1,22,1972.01,1971,4,114,17,0.0694387552470841,24.32289922881705,0.0302640576705619,0.33,2,Mod_Wet,46,7,6,4,76,139.0,0.1729524090296002,664.6892968412517,664.6892968412517,,4,166.17232421031292,166.17232421031292,166.17232421031292,166.17232421031292,0.0,0.0,0.0,0.0,0.0,0.0,46.0,7.0,6.0,4.0,76.0,723.6892968412517,990.0,967.114757187365,22.885242812635056,0.3377867216214038,0.1294067890523755,989.5328064893262,0.1953901316205447,0.1953901316205447,0.1953901316205447,0.1953901316205447,22.222659170340677,22.222659170340677,22.222659170340677,22.222659170340677,,0.9201131220847728,0.9201131220847728,0.9201131220847728,0.9201131220847728,33.322274961326265,33.322274961326265,33.322274961326265,33.322274961326265,0.6786614045076632,0.6786614045076632,0.6786614045076632,0.6786614045076632,0.97,0.97,0.97,0.97,32.32260671248648,32.32260671248648,32.32260671248648,32.32260671248648,129.2904268499459,3102.9702443987017,0.1608711567493774,5.403127089452093e-05,0.395
1972-01-23,1972-02-03,924.4132,0.9124994692702046,843.5265543863715,0.38,1972,1,23,1972.01,1971,4,115,17,0.0728806942989824,39.83725754511977,0.0472270343333762,0.33,2,Mod_Wet,46,7,6,4,76,139.0,0.1647843796703192,704.5265543863715,704.5265543863715,,4,176.13163859659286,176.13163859659286,176.13163859659286,176.13163859659286,0.0,0.0,0.0,0.0,0.0,0.0,46.0,7.0,6.0,4.0,76.0,763.5265543863715,990.0,967.2741062175454,22.72589378245459,0.3604258427802159,0.1422632771931857,989.4973108800268,0.2195290964914821,0.2195290964914821,0.2195290964914821,0.2195290964914821,22.003675565989813,22.003675565989813,22.003675565989813,22.003675565989813,,0.9234347295656588,0.9234347295656588,0.9234347295656588,0.9234347295656588,35.097607407639565,35.097607407639565,35.097607407639565,35.097607407639565,0.7148188881392986,0.7148188881392986,0.7148188881392986,0.7148188881392986,0.97,0.97,0.97,0.97,34.044679185410374,34.044679185410374,34.044679185410374,34.044679185410374,136.1787167416415,3268.289201799396,0.1614397508098669,5.369197382498885e-05,0.38
1972-01-24,1972-02-04,909.0679,0.9012241447918772,819.2739407352476,0.39,1972,1,24,1972.01,1971,4,116,17,0.0707852684795253,24.25261365112385,0.0296025693547125,0.33,2,Mod_Wet,46,7,6,4,76,139.0,0.1696624206980831,680.2739407352476,680.2739407352476,,4,170.0684851838119,170.0684851838119,170.0684851838119,170.0684851838119,0.0,0.0,0.0,0.0,0.0,0.0,46.0,7.0,6.0,4.0,76.0,739.2739407352476,990.0,967.177095762941,22.822904237058992,0.3466433212739654,0.1340821822205743,989.5192744965054,0.204667103848501,0.204667103848501,0.204667103848501,0.204667103848501,22.137511629715924,22.137511629715924,22.137511629715924,22.137511629715924,,0.9214018078684368,0.9214018078684368,0.9214018078684368,0.9214018078684368,34.02047752924725,34.02047752924725,34.02047752924725,34.02047752924725,0.6928814160742821,0.6928814160742821,0.6928814160742821,0.6928814160742821,0.97,0.97,0.97,0.97,32.999863203369834,32.999863203369834,32.999863203369834,32.999863203369834,131.99945281347934,3167.986867523504,0.1611176021234338,5.389963142022073e-05,0.39
1972-01-25,1972-02-05,878.8611,0.9037319275970654,794.2548359930772,0.399,1972,1,25,1972.01,1971,4,117,17,0.0686236178298018,25.019104742170388,0.0315000974603929,0.33,2,Mod_Wet,46,7,6,4,76,139.0,0.1750068034854389,655.2548359930772,655.2548359930772,,3,218.41827866435904,218.41827866435904,218.41827866435904,0.0,0.0,0.0,0.0,0.0,0.0,0.0,46.0,7.0,6.0,4.0,76.0,714.2548359930772,990.0,967.0770193439724,22.92298065602768,0.3324252104288227,0.1265764507979231,989.5409983387732,0.3375282982862259,0.3375282982862259,0.3375282982862259,0.0,22.126450696514755,22.126450696514755,22.126450696514755,22.463978994800986,,0.9372389591593012,0.9372389591593012,0.9372389591593012,0.0,44.421146871757024,44.421146871757024,44.421146871757024,0.0,0.904707675595866,0.904707675595866,0.904707675595866,0.0,0.98,0.98,0.98,0.96,43.532723934321886,43.532723934321886,43.532723934321886,0.0,130.59817180296565,3134.3561232711754,0.1644285509948144,5.536360504732162e-05,0.4
1972-01-26,1972-02-06,863.9982,0.9020463209442272,779.3663976124346,0.405,1972,1,26,1972.01,1971,4,118,17,0.0673372567537143,14.888438380642588,0.0191032592965938,0.33,2,Mod_Wet,46,7,6,4,76,139.0,0.1783500038310893,640.3663976124346,640.3663976124346,,3,213.45546587081157,213.45546587081157,213.45546587081157,0.0,0.0,0.0,0.0,0.0,0.0,0.0,46.0,7.0,6.0,4.0,76.0,699.3663976124346,990.0,967.0174655904495,22.98253440955034,0.3239642575134992,0.1221099192837304,989.5539258232028,0.3223663976124346,0.3223663976124346,0.3223663976124346,0.0,22.21409383514071,22.21409383514071,22.21409383514071,22.536460232753143,,0.9361673986035643,0.9361673986035643,0.9361673986035643,0.0,43.533952059598,43.533952059598,43.533952059598,0.0,0.8866385348186965,0.8866385348186965,0.8866385348186965,0.0,0.9786638534818696,0.9786638534818696,0.9786638534818696,0.96,42.60510527994115,42.60510527994115,42.60510527994115,0.0,127.81531583982346,3067.5675801557627,0.1639990076957151,5.54436562135776e-05,0.405
1972-01-27,1972-02-07,863.9982,0.9020463209442272,779.3663976124346,0.405,1972,1,27,1972.01,1971,4,119,17,0.0673372567537143,0.0,0.0,0.33,2,Mod_Wet,46,7,6,4,76,139.0,0.1783500038310893,640.3663976124346,640.3663976124346,,3,213.45546587081157,213.45546587081157,213.45546587081157,0.0,0.0,0.0,0.0,0.0,0.0,0.0,46.0,7.0,6.0,4.0,76.0,699.3663976124346,990.0,967.0174655904495,22.98253440955034,0.3239642575134992,0.1221099192837304,989.5539258232028,0.3223663976124346,0.3223663976124346,0.3223663976124346,0.0,22.21409383514071,22.21409383514071,22.21409383514071,22.536460232753143,,0.9361673986035643,0.9361673986035643,0.9361673986035643,0.0,43.533952059598,43.533952059598,43.533952059598,0.0,0.8866385348186965,0.8866385348186965,0.8866385348186965,0.0,0.9786638534818696,0.9786638534818696,0.9786638534818696,0.96,42.60510527994115,42.60510527994115,42.60510527994115,0.0,127.81531583982346,3067.5675801557627,0.1639990076957151,5.54436562135776e-05,0.405
1972-01-28,1972-02-08,878.8611,0.9037319275970654,794.2548359930772,0.399,1972,1,28,1972.01,1971,4,120,18,0.0686236178298018,14.888438380642588,0.0187451655387495,0.33,2,Mod_Wet,46,7,6,4,76,139.0,0.1750068034854389,655.2548359930772,655.2548359930772,,3,218.41827866435904,218.41827866435904,218.41827866435904,0.0,0.0,0.0,0.0,0.0,0.0,0.0,46.0,7.0,6.0,4.0,76.0,714.2548359930772,990.0,967.0770193439724,22.92298065602768,0.3324252104288227,0.1265764507979231,989.5409983387732,0.3375282982862259,0.3375282982862259,0.3375282982862259,0.0,22.126450696514755,22.126450696514755,22.126450696514755,22.463978994800986,,0.9372389591593012,0.9372389591593012,0.9372389591593012,0.0,44.421146871757024,44.421146871757024,44.421146871757024,0.0,0.904707675595866,0.904707675595866,0.904707675595866,0.0,0.98,0.98,0.98,0.96,43.532723934321886,43.532723934321886,43.532723934321886,0.0,130.59817180296565,3134.3561232711754,0.1644285509948144,5.536360504732162e-05,0.4
1972-01-29,1972-02-09,901.4559,0.907115570001353,817.7246825595828,0.391,1972,1,29,1972.01,1971,4,121,18,0.0706514125731479,23.46984656650557,0.0287014041120074,0.33,2,Mod_Wet,46,7,6,4,76,139.0,0.1699838624962527,678.7246825595828,678.7246825595828,,4,169.6811706398957,169.6811706398957,169.6811706398957,169.6811706398957,0.0,0.0,0.0,0.0,0.0,0.0,46.0,7.0,6.0,4.0,76.0,737.7246825595828,990.0,967.1708987302384,22.829101269761736,0.3457628931093149,0.1336174047678748,989.5206197021228,0.2037411861229517,0.2037411861229517,0.2037411861229517,0.2037411861229517,22.145979785761657,22.145979785761657,22.145979785761657,22.145979785761657,,0.9212730259560814,0.9212730259560814,0.9212730259560814,0.9212730259560814,33.95123729241473,33.95123729241473,33.95123729241473,33.95123729241473,0.6914712279514201,0.6914712279514201,0.6914712279514201,0.6914712279514201,0.97,0.97,0.97,0.97,32.93270017364229,32.93270017364229,32.93270017364229,32.93270017364229,131.73080069456915,3161.53921666966,0.1610943187898339,5.391271309572935e-05,0.39
1972-01-30,1972-02-10,916.7204,0.9105214280240044,834.6935677067364,0.383,1972,1,30,1972.01,1971,4,122,18,0.072117524249862,16.968885147153628,0.020329478749638,0.33,2,Mod_Wet,46,7,6,4,76,139.0,0.1665281791758537,695.6935677067364,695.6935677067364,,4,173.9233919266841,173.9233919266841,173.9233919266841,173.9233919266841,0.0,0.0,0.0,0.0,0.0,0.0,46.0,7.0,6.0,4.0,76.0,754.6935677067364,990.0,967.2387742708268,22.76122572917313,0.355406143434498,0.1387080703120209,989.5058857862534,0.2140730763011092,0.2140730763011092,0.2140730763011092,0.2140730763011092,22.05303843912545,22.05303843912545,22.05303843912545,22.05303843912545,,0.922691366418064,0.922691366418064,0.922691366418064,0.922691366418064,34.70736056024459,34.70736056024459,34.70736056024459,34.70736056024459,0.7068708871740241,0.7068708871740241,0.7068708871740241,0.7068708871740241,0.97,0.97,0.97,0.97,33.66613974343725,33.66613974343725,33.66613974343725,33.66613974343725,134.664558973749,3231.949415369976,0.1613341280965309,5.3769107080376256e-05,0.385
1972-01-31,1972-02-11,916.7204,0.9105214280240044,834.6935677067364,0.383,1972,1,31,1972.01,1971,4,123,18,0.072117524249862,0.0,0.0,0.33,2,Mod_Wet,46,7,6,4,76,139.0,0.1665281791758537,695.6935677067364,695.6935677067364,,4,173.9233919266841,173.9233919266841,173.9233919266841,173.9233919266841,0.0,0.0,0.0,0.0,0.0,0.0,46.0,7.0,6.0,4.0,76.0,754.6935677067364,990.0,967.2387742708268,22.76122572917313,0.355406143434498,0.1387080703120209,989.5058857862534,0.2140730763011092,0.2140730763011092,0.2140730763011092,0.2140730763011092,22.05303843912545,22.05303843912545,22.05303843912545,22.05303843912545,,0.922691366418064,0.922691366418064,0.922691366418064,0.922691366418064,34.70736056024459,34.70736056024459,34.70736056024459,34.70736056024459,0.7068708871740241,0.7068708871740241,0.7068708871740241,0.7068708871740241,0.97,0.97,0.97,0.97,33.66613974343725,33.66613974343725,33.66613974343725,33.66613974343725,134.664558973749,3231.949415369976,0.1613341280965309,5.3769107080376256e-05,0.385
1972-02-01,1972-02-12,916.7204,0.9105214280240044,834.6935677067364,0.383,1972,2,1,1972.02,1971,5,124,18,0.072117524249862,0.0,0.0,0.41,3,Normal,43,7,5,4,78,137.0,0.1641320902668486,697.6935677067364,697.6935677067364,,4,174.4233919266841,174.4233919266841,174.4233919266841,174.4233919266841,0.0,0.0,0.0,0.0,0.0,0.0,43.0,7.0,5.0,4.0,78.0,752.6935677067364,990.0,967.2387742708268,22.76122572917313,0.3542695631298337,0.1393080703120209,989.506422366558,0.2152930763011092,0.2152930763011092,0.2152930763011092,0.2152930763011092,22.052355019430152,22.052355019430152,22.052355019430152,22.052355019430152,,0.922882257557576,0.922882257557576,0.922882257557576,0.922882257557576,34.81326047454846,34.81326047454846,34.81326047454846,34.81326047454846,0.7090277082392761,0.7090277082392761,0.7090277082392761,0.7090277082392761,0.97,0.97,0.97,0.97,33.768862660312,33.768862660312,33.768862660312,33.768862660312,135.075450641248,3241.810815389952,0.1618263945801794,5.377856447033932e-05,0.385
1972-02-02,1972-02-13,916.7204,0.9105214280240044,834.6935677067364,0.383,1972,2,2,1972.02,1971,5,125,18,0.072117524249862,0.0,0.0,0.41,3,Normal,43,7,5,4,78,137.0,0.1641320902668486,697.6935677067364,697.6935677067364,,4,174.4233919266841,174.4233919266841,174.4233919266841,174.4233919266841,0.0,0.0,0.0,0.0,0.0,0.0,43.0,7.0,5.0,4.0,78.0,752.6935677067364,990.0,967.2387742708268,22.76122572917313,0.3542695631298337,0.1393080703120209,989.506422366558,0.2152930763011092,0.2152930763011092,0.2152930763011092,0.2152930763011092,22.052355019430152,22.052355019430152,22.052355019430152,22.052355019430152,,0.922882257557576,0.922882257557576,0.922882257557576,0.922882257557576,34.81326047454846,34.81326047454846,34.81326047454846,34.81326047454846,0.7090277082392761,0.7090277082392761,0.7090277082392761,0.7090277082392761,0.97,0.97,0.97,0.97,33.768862660312,33.768862660312,33.768862660312,33.768862660312,135.075450641248,3241.810815389952,0.1618263945801794,5.377856447033932e-05,0.385
1972-02-03,1972-02-14,916.7204,0.9105214280240044,834.6935677067364,0.383,1972,2,3,1972.02,1971,5,126,18,0.072117524249862,0.0,0.0,0.41,3,Normal,43,7,5,4,78,137.0,0.1641320902668486,697.6935677067364,697.6935677067364,,4,174.4233919266841,174.4233919266841,174.4233919266841,174.4233919266841,0.0,0.0,0.0,0.0,0.0,0.0,43.0,7.0,5.0,4.0,78.0,752.6935677067364,990.0,967.2387742708268,22.76122572917313,0.3542695631298337,0.1393080703120209,989.506422366558,0.2152930763011092,0.2152930763011092,0.2152930763011092,0.2152930763011092,22.052355019430152,22.052355019430152,22.052355019430152,22.052355019430152,,0.922882257557576,0.922882257557576,0.922882257557576,0.922882257557576,34.81326047454846,34.81326047454846,34.81326047454846,34.81326047454846,0.7090277082392761,0.7090277082392761,0.7090277082392761,0.7090277082392761,0.97,0.97,0.97,0.97,33.768862660312,33.768862660312,33.768862660312,33.768862660312,135.075450641248,3241.810815389952,0.1618263945801794,5.377856447033932e-05,0.385
1972-02-04,1972-02-15,916.7204,0.9105214280240044,834.6935677067364,0.383,1972,2,4,1972.02,1971,5,127,19,0.072117524249862,0.0,0.0,0.41,3,Normal,43,7,5,4,78,137.0,0.1641320902668486,697.6935677067364,697.6935677067364,,4,174.4233919266841,174.4233919266841,174.4233919266841,174.4233919266841,0.0,0.0,0.0,0.0,0.0,0.0,43.0,7.0,5.0,4.0,78.0,752.6935677067364,990.0,967.2387742708268,22.76122572917313,0.3542695631298337,0.1393080703120209,989.506422366558,0.2152930763011092,0.2152930763011092,0.2152930763011092,0.2152930763011092,22.052355019430152,22.052355019430152,22.052355019430152,22.052355019430152,,0.922882257557576,0.922882257557576,0.922882257557576,0.922882257557576,34.81326047454846,34.81326047454846,34.81326047454846,34.81326047454846,0.7090277082392761,0.7090277082392761,0.7090277082392761,0.7090277082392761,0.97,0.97,0.97,0.97,33.768862660312,33.768862660312,33.768862660312,33.768862660312,135.075450641248,3241.810815389952,0.1618263945801794,5.377856447033932e-05,0.385
1972-02-05,1972-02-16,916.7204,0.9105214280240044,834.6935677067364,0.383,1972,2,5,1972.02,1971,5,128,19,0.072117524249862,0.0,0.0,0.41,3,Normal,43,7,5,4,78,137.0,0.1641320902668486,697.6935677067364,697.6935677067364,,4,174.4233919266841,174.4233919266841,174.4233919266841,174.4233919266841,0.0,0.0,0.0,0.0,0.0,0.0,43.0,7.0,5.0,4.0,78.0,752.6935677067364,990.0,967.2387742708268,22.76122572917313,0.3542695631298337,0.1393080703120209,989.506422366558,0.2152930763011092,0.2152930763011092,0.2152930763011092,0.2152930763011092,22.052355019430152,22.052355019430152,22.052355019430152,22.052355019430152,,0.922882257557576,0.922882257557576,0.922882257557576,0.922882257557576,34.81326047454846,34.81326047454846,34.81326047454846,34.81326047454846,0.7090277082392761,0.7090277082392761,0.7090277082392761,0.7090277082392761,0.97,0.97,0.97,0.97,33.768862660312,33.768862660312,33.768862660312,33.768862660312,135.075450641248,3241.810815389952,0.1618263945801794,5.377856447033932e-05,0.385
1972-02-06,1972-02-17,916.7204,0.9105214280240044,834.6935677067364,0.383,1972,2,6,1972.02,1971,5,129,19,0.072117524249862,0.0,0.0,0.41,3,Normal,43,7,5,4,78,137.0,0.1641320902668486,697.6935677067364,697.6935677067364,,4,174.4233919266841,174.4233919266841,174.4233919266841,174.4233919266841,0.0,0.0,0.0,0.0,0.0,0.0,43.0,7.0,5.0,4.0,78.0,752.6935677067364,990.0,967.2387742708268,22.76122572917313,0.3542695631298337,0.1393080703120209,989.506422366558,0.2152930763011092,0.2152930763011092,0.2152930763011092,0.2152930763011092,22.052355019430152,22.052355019430152,22.052355019430152,22.052355019430152,,0.922882257557576,0.922882257557576,0.922882257557576,0.922882257557576,34.81326047454846,34.81326047454846,34.81326047454846,34.81326047454846,0.7090277082392761,0.7090277082392761,0.7090277082392761,0.7090277082392761,0.97,0.97,0.97,0.97,33.768862660312,33.768862660312,33.768862660312,33.768862660312,135.075450641248,3241.810815389952,0.1618263945801794,5.377856447033932e-05,0.385
1972-02-07,1972-02-18,916.7204,0.9105214280240044,834.6935677067364,0.383,1972,2,7,1972.02,1971,5,130,19,0.072117524249862,0.0,0.0,0.41,3,Normal,43,7,5,4,78,137.0,0.1641320902668486,697.6935677067364,697.6935677067364,,4,174.4233919266841,174.4233919266841,174.4233919266841,174.4233919266841,0.0,0.0,0.0,0.0,0.0,0.0,43.0,7.0,5.0,4.0,78.0,752.6935677067364,990.0,967.2387742708268,22.76122572917313,0.3542695631298337,0.1393080703120209,989.506422366558,0.2152930763011092,0.2152930763011092,0.2152930763011092,0.2152930763011092,22.052355019430152,22.052355019430152,22.052355019430152,22.052355019430152,,0.922882257557576,0.922882257557576,0.922882257557576,0.922882257557576,34.81326047454846,34.81326047454846,34.81326047454846,34.81326047454846,0.7090277082392761,0.7090277082392761,0.7090277082392761,0.7090277082392761,0.97,0.97,0.97,0.97,33.768862660312,33.768862660312,33.768862660312,33.768862660312,135.075450641248,3241.810815389952,0.1618263945801794,5.377856447033932e-05,0.385
1972-02-08,1972-02-19,901.4559,0.907115570001353,817.7246825595828,0.391,1972,2,8,1972.02,1971,5,131,19,0.0706514125731479,16.968885147153628,0.0207513427307084,0.41,3,Normal,43,7,5,4,78,137.0,0.1675380515250835,680.7246825595828,680.7246825595828,,4,170.1811706398957,170.1811706398957,170.1811706398957,170.1811706398957,0.0,0.0,0.0,0.0,0.0,0.0,43.0,7.0,5.0,4.0,78.0,735.7246825595828,990.0,967.1708987302384,22.829101269761736,0.3446263128046506,0.1342174047678748,989.5211562824276,0.2049420563613455,0.2049420563613455,0.2049420563613455,0.2049420563613455,22.145315495827845,22.145315495827845,22.145315495827845,22.145315495827845,,0.9214628254111932,0.9214628254111932,0.9214628254111932,0.9214628254111932,34.05727509111771,34.05727509111771,34.05727509111771,34.05727509111771,0.6936308572529065,0.6936308572529065,0.6936308572529065,0.6936308572529065,0.97,0.97,0.97,0.97,33.035556838384174,33.035556838384174,33.035556838384174,33.035556838384174,132.1422273535367,3171.413456484881,0.161597454708001,5.3922202625080326e-05,0.39
1972-02-09,1972-02-20,901.4559,0.907115570001353,817.7246825595828,0.391,1972,2,9,1972.02,1971,5,132,19,0.0706514125731479,0.0,0.0,0.41,3,Normal,43,7,5,4,78,137.0,0.1675380515250835,680.7246825595828,680.7246825595828,,4,170.1811706398957,170.1811706398957,170.1811706398957,170.1811706398957,0.0,0.0,0.0,0.0,0.0,0.0,43.0,7.0,5.0,4.0,78.0,735.7246825595828,990.0,967.1708987302384,22.829101269761736,0.3446263128046506,0.1342174047678748,989.5211562824276,0.2049420563613455,0.2049420563613455,0.2049420563613455,0.2049420563613455,22.145315495827845,22.145315495827845,22.145315495827845,22.145315495827845,,0.9214628254111932,0.9214628254111932,0.9214628254111932,0.9214628254111932,34.05727509111771,34.05727509111771,34.05727509111771,34.05727509111771,0.6936308572529065,0.6936308572529065,0.6936308572529065,0.6936308572529065,0.97,0.97,0.97,0.97,33.035556838384174,33.035556838384174,33.035556838384174,33.035556838384174,132.1422273535367,3171.413456484881,0.161597454708001,5.3922202625080326e-05,0.39
1972-02-10,1972-02-21,901.4559,0.907115570001353,817.7246825595828,0.391,1972,2,10,1972.02,1971,5,133,19,0.0706514125731479,0.0,0.0,0.41,3,Normal,43,7,5,4,78,137.0,0.1675380515250835,680.7246825595828,680.7246825595828,,4,170.1811706398957,170.1811706398957,170.1811706398957,170.1811706398957,0.0,0.0,0.0,0.0,0.0,0.0,43.0,7.0,5.0,4.0,78.0,735.7246825595828,990.0,967.1708987302384,22.829101269761736,0.3446263128046506,0.1342174047678748,989.5211562824276,0.2049420563613455,0.2049420563613455,0.2049420563613455,0.2049420563613455,22.145315495827845,22.145315495827845,22.145315495827845,22.145315495827845,,0.9214628254111932,0.9214628254111932,0.9214628254111932,0.9214628254111932,34.05727509111771,34.05727509111771,34.05727509111771,34.05727509111771,0.6936308572529065,0.6936308572529065,0.6936308572529065,0.6936308572529065,0.97,0.97,0.97,0.97,33.035556838384174,33.035556838384174,33.035556838384174,33.035556838384174,132.1422273535367,3171.413456484881,0.161597454708001,5.3922202625080326e-05,0.39
1972-02-11,1972-02-22,901.4559,0.907115570001353,817.7246825595828,0.391,1972,2,11,1972.02,1971,5,134,20,0.0706514125731479,0.0,0.0,0.58,3,Normal,43,7,5,4,78,137.0,0.1675380515250835,680.7246825595828,680.7246825595828,,4,170.1811706398957,170.1811706398957,170.1811706398957,170.1811706398957,0.0,0.0,0.0,0.0,0.0,0.0,43.0,7.0,5.0,4.0,78.0,735.7246825595828,990.0,967.1708987302384,22.829101269761736,0.3446263128046506,0.1342174047678748,989.5211562824276,0.2049420563613455,0.2049420563613455,0.2049420563613455,0.2049420563613455,22.145315495827845,22.145315495827845,22.145315495827845,22.145315495827845,,0.9214628254111932,0.9214628254111932,0.9214628254111932,0.9214628254111932,34.05727509111771,34.05727509111771,34.05727509111771,34.05727509111771,0.6936308572529065,0.6936308572529065,0.6936308572529065,0.6936308572529065,0.97,0.97,0.97,0.97,33.035556838384174,33.035556838384174,33.035556838384174,33.035556838384174,132.1422273535367,3171.413456484881,0.161597454708001,5.3922202625080326e-05,0.39
1972-02-12,1972-02-23,916.7204,0.9105214280240044,834.6935677067364,0.383,1972,2,12,1972.02,1971,5,135,20,0.072117524249862,16.968885147153628,0.020329478749638,0.58,3,Normal,43,7,5,4,78,137.0,0.1641320902668486,697.6935677067364,697.6935677067364,,4,174.4233919266841,174.4233919266841,174.4233919266841,174.4233919266841,0.0,0.0,0.0,0.0,0.0,0.0,43.0,7.0,5.0,4.0,78.0,752.6935677067364,990.0,967.2387742708268,22.76122572917313,0.3542695631298337,0.1393080703120209,989.506422366558,0.2152930763011092,0.2152930763011092,0.2152930763011092,0.2152930763011092,22.052355019430152,22.052355019430152,22.052355019430152,22.052355019430152,,0.922882257557576,0.922882257557576,0.922882257557576,0.922882257557576,34.81326047454846,34.81326047454846,34.81326047454846,34.81326047454846,0.7090277082392761,0.7090277082392761,0.7090277082392761,0.7090277082392761,0.97,0.97,0.97,0.97,33.768862660312,33.768862660312,33.768862660312,33.768862660312,135.075450641248,3241.810815389952,0.1618263945801794,5.377856447033932e-05,0.385
1972-02-13,1972-02-24,916.7204,0.9105214280240044,834.6935677067364,0.383,1972,2,13,1972.02,1971,5,136,20,0.072117524249862,0.0,0.0,0.58,3,Normal,43,7,5,4,78,137.0,0.1641320902668486,697.6935677067364,697.6935677067364,,4,174.4233919266841,174.4233919266841,174.4233919266841,174.4233919266841,0.0,0.0,0.0,0.0,0.0,0.0,43.0,7.0,5.0,4.0,78.0,752.6935677067364,990.0,967.2387742708268,22.76122572917313,0.3542695631298337,0.1393080703120209,989.506422366558,0.2152930763011092,0.2152930763011092,0.2152930763011092,0.2152930763011092,22.052355019430152,22.052355019430152,22.052355019430152,22.052355019430152,,0.922882257557576,0.922882257557576,0.922882257557576,0.922882257557576,34.81326047454846,34.81326047454846,34.81326047454846,34.81326047454846,0.7090277082392761,0.7090277082392761,0.7090277082392761,0.7090277082392761,0.97,0.97,0.97,0.97,33.768862660312,33.768862660312,33.768862660312,33.768862660312,135.075450641248,3241.810815389952,0.1618263945801794,5.377856447033932e-05,0.385
1972-02-14,1972-02-25,916.7204,0.9105214280240044,834.6935677067364,0.383,1972,2,14,1972.02,1971,5,137,20,0.072117524249862,0.0,0.0,0.58,3,Normal,43,7,5,4,78,137.0,0.1641320902668486,697.6935677067364,697.6935677067364,,4,174.4233919266841,174.4233919266841,174.4233919266841,174.4233919266841,0.0,0.0,0.0,0.0,0.0,0.0,43.0,7.0,5.0,4.0,78.0,752.6935677067364,990.0,967.2387742708268,22.76122572917313,0.3542695631298337,0.1393080703120209,989.506422366558,0.2152930763011092,0.2152930763011092,0.2152930763011092,0.2152930763011092,22.052355019430152,22.052355019430152,22.052355019430152,22.052355019430152,,0.922882257557576,0.922882257557576,0.922882257557576,0.922882257557576,34.81326047454846,34.81326047454846,34.81326047454846,34.81326047454846,0.7090277082392761,0.7090277082392761,0.7090277082392761,0.7090277082392761,0.97,0.97,0.97,0.97,33.768862660312,33.768862660312,33.768862660312,33.768862660312,135.075450641248,3241.810815389952,0.1618263945801794,5.377856447033932e-05,0.385
1972-02-15,1972-02-26,909.0679,0.9012241447918772,819.2739407352476,0.39,1972,2,15,1972.02,1971,5,138,20,0.0707852684795253,15.41962697148881,0.0188210880449226,0.58,3,Normal,43,7,5,4,78,137.0,0.1672212347887582,682.2739407352476,682.2739407352476,,4,170.5684851838119,170.5684851838119,170.5684851838119,170.5684851838119,0.0,0.0,0.0,0.0,0.0,0.0,43.0,7.0,5.0,4.0,78.0,737.2739407352476,990.0,967.177095762941,22.822904237058992,0.345506740969301,0.1346821822205743,989.51981107681,0.205887103848501,0.205887103848501,0.205887103848501,0.205887103848501,22.13682821002062,22.13682821002062,22.13682821002062,22.13682821002062,,0.921591666972316,0.921591666972316,0.921591666972316,0.921591666972316,34.126474579841464,34.126474579841464,34.126474579841464,34.126474579841464,0.6950402154753862,0.6950402154753862,0.6950402154753862,0.6950402154753862,0.97,0.97,0.97,0.97,33.10268034244622,33.10268034244622,33.10268034244622,33.10268034244622,132.41072136978488,3177.857312874837,0.1616195936257345,5.390907337955022e-05,0.39
1972-02-16,1972-02-27,901.4559,0.907115570001353,817.7246825595828,0.391,1972,2,16,1972.02,1971,5,139,20,0.0706514125731479,1.5492581756648178,0.0018945963216072,0.58,3,Normal,43,7,5,4,78,137.0,0.1675380515250835,680.7246825595828,680.7246825595828,,4,170.1811706398957,170.1811706398957,170.1811706398957,170.1811706398957,0.0,0.0,0.0,0.0,0.0,0.0,43.0,7.0,5.0,4.0,78.0,735.7246825595828,990.0,967.1708987302384,22.829101269761736,0.3446263128046506,0.1342174047678748,989.5211562824276,0.2049420563613455,0.2049420563613455,0.2049420563613455,0.2049420563613455,22.145315495827845,22.145315495827845,22.145315495827845,22.145315495827845,,0.9214628254111932,0.9214628254111932,0.9214628254111932,0.9214628254111932,34.05727509111771,34.05727509111771,34.05727509111771,34.05727509111771,0.6936308572529065,0.6936308572529065,0.6936308572529065,0.6936308572529065,0.97,0.97,0.97,0.97,33.035556838384174,33.035556838384174,33.035556838384174,33.035556838384174,132.1422273535367,3171.413456484881,0.161597454708001,5.3922202625080326e-05,0.39
1972-02-17,1972-02-28,901.4559,0.907115570001353,817.7246825595828,0.391,1972,2,17,1972.02,1971,5,140,20,0.0706514125731479,0.0,0.0,0.58,3,Normal,43,7,5,4,78,137.0,0.1675380515250835,680.7246825595828,680.7246825595828,,4,170.1811706398957,170.1811706398957,170.1811706398957,170.1811706398957,0.0,0.0,0.0,0.0,0.0,0.0,43.0,7.0,5.0,4.0,78.0,735.7246825595828,990.0,967.1708987302384,22.829101269761736,0.3446263128046506,0.1342174047678748,989.5211562824276,0.2049420563613455,0.2049420563613455,0.2049420563613455,0.2049420563613455,22.145315495827845,22.145315495827845,22.145315495827845,22.145315495827845,,0.9214628254111932,0.9214628254111932,0.9214628254111932,0.9214628254111932,34.05727509111771,34.05727509111771,34.05727509111771,34.05727509111771,0.6936308572529065,0.6936308572529065,0.6936308572529065,0.6936308572529065,0.97,0.97,0.97,0.97,33.035556838384174,33.035556838384174,33.035556838384174,33.035556838384174,132.1422273535367,3171.413456484881,0.161597454708001,5.3922202625080326e-05,0.39
1972-02-18,1972-02-29,901.4559,0.907115570001353,817.7246825595828,0.391,1972,2,18,1972.02,1971,5,141,21,0.0706514125731479,0.0,0.0,0.58,3,Normal,43,7,5,4,78,137.0,0.1675380515250835,680.7246825595828,680.7246825595828,,4,170.1811706398957,170.1811706398957,170.1811706398957,170.1811706398957,0.0,0.0,0.0,0.0,0.0,0.0,43.0,7.0,5.0,4.0,78.0,735.7246825595828,990.0,967.1708987302384,22.829101269761736,0.3446263128046506,0.1342174047678748,989.5211562824276,0.2049420563613455,0.2049420563613455,0.2049420563613455,0.2049420563613455,22.145315495827845,22.145315495827845,22.145315495827845,22.145315495827845,,0.9214628254111932,0.9214628254111932,0.9214628254111932,0.9214628254111932,34.05727509111771,34.05727509111771,34.05727509111771,34.05727509111771,0.6936308572529065,0.6936308572529065,0.6936308572529065,0.6936308572529065,0.97,0.97,0.97,0.97,33.035556838384174,33.035556838384174,33.035556838384174,33.035556838384174,132.1422273535367,3171.413456484881,0.161597454708001,5.3922202625080326e-05,0.39
1972-02-19,1972-03-01,901.4559,0.907115570001353,817.7246825595828,0.391,1972,2,19,1972.02,1971,5,142,21,0.0706514125731479,0.0,0.0,0.58,3,Normal,43,7,5,4,78,137.0,0.1675380515250835,680.7246825595828,680.7246825595828,,4,170.1811706398957,170.1811706398957,170.1811706398957,170.1811706398957,0.0,0.0,0.0,0.0,0.0,0.0,43.0,7.0,5.0,4.0,78.0,735.7246825595828,990.0,967.1708987302384,22.829101269761736,0.3446263128046506,0.1342174047678748,989.5211562824276,0.2049420563613455,0.2049420563613455,0.2049420563613455,0.2049420563613455,22.145315495827845,22.145315495827845,22.145315495827845,22.145315495827845,,0.9214628254111932,0.9214628254111932,0.9214628254111932,0.9214628254111932,34.05727509111771,34.05727509111771,34.05727509111771,34.05727509111771,0.6936308572529065,0.6936308572529065,0.6936308572529065,0.6936308572529065,0.97,0.97,0.97,0.97,33.035556838384174,33.035556838384174,33.035556838384174,33.035556838384174,132.1422273535367,3171.413456484881,0.161597454708001,5.3922202625080326e-05,0.39
1972-02-20,1972-03-02,916.7204,0.9105214280240044,834.6935677067364,0.383,1972,2,20,1972.02,1971,5,143,21,0.072117524249862,16.968885147153628,0.020329478749638,0.58,3,Normal,43,7,5,4,78,137.0,0.1641320902668486,697.6935677067364,697.6935677067364,,4,174.4233919266841,174.4233919266841,174.4233919266841,174.4233919266841,0.0,0.0,0.0,0.0,0.0,0.0,43.0,7.0,5.0,4.0,78.0,752.6935677067364,990.0,967.2387742708268,22.76122572917313,0.3542695631298337,0.1393080703120209,989.506422366558,0.2152930763011092,0.2152930763011092,0.2152930763011092,0.2152930763011092,22.052355019430152,22.052355019430152,22.052355019430152,22.052355019430152,,0.922882257557576,0.922882257557576,0.922882257557576,0.922882257557576,34.81326047454846,34.81326047454846,34.81326047454846,34.81326047454846,0.7090277082392761,0.7090277082392761,0.7090277082392761,0.7090277082392761,0.97,0.97,0.97,0.97,33.768862660312,33.768862660312,33.768862660312,33.768862660312,135.075450641248,3241.810815389952,0.1618263945801794,5.377856447033932e-05,0.385
1972-02-21,1972-03-03,916.7204,0.9105214280240044,834.6935677067364,0.383,1972,2,21,1972.02,1971,5,144,21,0.072117524249862,0.0,0.0,0.79,4,Mod_Dry,36,6,5,4,54,105.0,0.1257946677227672,729.6935677067364,729.6935677067364,,4,182.4233919266841,182.4233919266841,182.4233919266841,182.4233919266841,0.0,0.0,0.0,0.0,0.0,0.0,36.0,6.0,5.0,4.0,54.0,776.6935677067364,990.0,967.2387742708268,22.76122572917313,0.3679085267858059,0.1548467838533682,989.4772446893608,0.2354523511708449,0.2354523511708449,0.2354523511708449,0.2354523511708449,22.00301806736316,22.00301806736316,22.00301806736316,22.00301806736316,,0.9258614933717232,0.9258614933717232,0.9258614933717232,0.9258614933717232,36.4458013430674,36.4458013430674,36.4458013430674,36.4458013430674,0.7422770130970957,0.7422770130970957,0.7422770130970957,0.7422770130970957,0.97,0.97,0.97,0.97,35.352427302775375,35.352427302775375,35.352427302775375,35.352427302775375,141.4097092111015,3393.833021066436,0.1694151179331776,5.383146641173126e-05,0.385
1972-02-22,1972-03-04,916.7204,0.9105214280240044,834.6935677067364,0.383,1972,2,22,1972.02,1971,5,145,21,0.072117524249862,0.0,0.0,0.79,4,Mod_Dry,36,6,5,4,54,105.0,0.1257946677227672,729.6935677067364,729.6935677067364,,4,182.4233919266841,182.4233919266841,182.4233919266841,182.4233919266841,0.0,0.0,0.0,0.0,0.0,0.0,36.0,6.0,5.0,4.0,54.0,776.6935677067364,990.0,967.2387742708268,22.76122572917313,0.3679085267858059,0.1548467838533682,989.4772446893608,0.2354523511708449,0.2354523511708449,0.2354523511708449,0.2354523511708449,22.00301806736316,22.00301806736316,22.00301806736316,22.00301806736316,,0.9258614933717232,0.9258614933717232,0.9258614933717232,0.9258614933717232,36.4458013430674,36.4458013430674,36.4458013430674,36.4458013430674,0.7422770130970957,0.7422770130970957,0.7422770130970957,0.7422770130970957,0.97,0.97,0.97,0.97,35.352427302775375,35.352427302775375,35.352427302775375,35.352427302775375,141.4097092111015,3393.833021066436,0.1694151179331776,5.383146641173126e-05,0.385
1972-02-23,1972-03-05,916.7204,0.9105214280240044,834.6935677067364,0.383,1972,2,23,1972.02,1971,5,146,21,0.072117524249862,0.0,0.0,0.79,4,Mod_Dry,36,6,5,4,54,105.0,0.1257946677227672,729.6935677067364,729.6935677067364,,4,182.4233919266841,182.4233919266841,182.4233919266841,182.4233919266841,0.0,0.0,0.0,0.0,0.0,0.0,36.0,6.0,5.0,4.0,54.0,776.6935677067364,990.0,967.2387742708268,22.76122572917313,0.3679085267858059,0.1548467838533682,989.4772446893608,0.2354523511708449,0.2354523511708449,0.2354523511708449,0.2354523511708449,22.00301806736316,22.00301806736316,22.00301806736316,22.00301806736316,,0.9258614933717232,0.9258614933717232,0.9258614933717232,0.9258614933717232,36.4458013430674,36.4458013430674,36.4458013430674,36.4458013430674,0.7422770130970957,0.7422770130970957,0.7422770130970957,0.7422770130970957,0.97,0.97,0.97,0.97,35.352427302775375,35.352427302775375,35.352427302775375,35.352427302775375,141.4097092111015,3393.833021066436,0.1694151179331776,5.383146641173126e-05,0.385
1972-02-24,1972-03-06,916.7204,0.9105214280240044,834.6935677067364,0.383,1972,2,24,1972.02,1971,5,147,21,0.072117524249862,0.0,0.0,0.79,4,Mod_Dry,36,6,5,4,54,105.0,0.1257946677227672,729.6935677067364,729.6935677067364,,4,182.4233919266841,182.4233919266841,182.4233919266841,182.4233919266841,0.0,0.0,0.0,0.0,0.0,0.0,36.0,6.0,5.0,4.0,54.0,776.6935677067364,990.0,967.2387742708268,22.76122572917313,0.3679085267858059,0.1548467838533682,989.4772446893608,0.2354523511708449,0.2354523511708449,0.2354523511708449,0.2354523511708449,22.00301806736316,22.00301806736316,22.00301806736316,22.00301806736316,,0.9258614933717232,0.9258614933717232,0.9258614933717232,0.9258614933717232,36.4458013430674,36.4458013430674,36.4458013430674,36.4458013430674,0.7422770130970957,0.7422770130970957,0.7422770130970957,0.7422770130970957,0.97,0.97,0.97,0.97,35.352427302775375,35.352427302775375,35.352427302775375,35.352427302775375,141.4097092111015,3393.833021066436,0.1694151179331776,5.383146641173126e-05,0.385
1972-02-25,1972-03-07,916.7204,0.9105214280240044,834.6935677067364,0.383,1972,2,25,1972.02,1971,5,148,22,0.072117524249862,0.0,0.0,0.79,4,Mod_Dry,36,6,5,4,54,105.0,0.1257946677227672,729.6935677067364,729.6935677067364,,4,182.4233919266841,182.4233919266841,182.4233919266841,182.4233919266841,0.0,0.0,0.0,0.0,0.0,0.0,36.0,6.0,5.0,4.0,54.0,776.6935677067364,990.0,967.2387742708268,22.76122572917313,0.3679085267858059,0.1548467838533682,989.4772446893608,0.2354523511708449,0.2354523511708449,0.2354523511708449,0.2354523511708449,22.00301806736316,22.00301806736316,22.00301806736316,22.00301806736316,,0.9258614933717232,0.9258614933717232,0.9258614933717232,0.9258614933717232,36.4458013430674,36.4458013430674,36.4458013430674,36.4458013430674,0.7422770130970957,0.7422770130970957,0.7422770130970957,0.7422770130970957,0.97,0.97,0.97,0.97,35.352427302775375,35.352427302775375,35.352427302775375,35.352427302775375,141.4097092111015,3393.833021066436,0.1694151179331776,5.383146641173126e-05,0.385
1972-02-26,1972-03-08,916.7204,0.9105214280240044,834.6935677067364,0.383,1972,2,26,1972.02,1971,5,149,22,0.072117524249862,0.0,0.0,0.79,4,Mod_Dry,36,6,5,4,54,105.0,0.1257946677227672,729.6935677067364,729.6935677067364,,4,182.4233919266841,182.4233919266841,182.4233919266841,182.4233919266841,0.0,0.0,0.0,0.0,0.0,0.0,36.0,6.0,5.0,4.0,54.0,776.6935677067364,990.0,967.2387742708268,22.76122572917313,0.3679085267858059,0.1548467838533682,989.4772446893608,0.2354523511708449,0.2354523511708449,0.2354523511708449,0.2354523511708449,22.00301806736316,22.00301806736316,22.00301806736316,22.00301806736316,,0.9258614933717232,0.9258614933717232,0.9258614933717232,0.9258614933717232,36.4458013430674,36.4458013430674,36.4458013430674,36.4458013430674,0.7422770130970957,0.7422770130970957,0.7422770130970957,0.7422770130970957,0.97,0.97,0.97,0.97,35.352427302775375,35.352427302775375,35.352427302775375,35.352427302775375,141.4097092111015,3393.833021066436,0.1694151179331776,5.383146641173126e-05,0.385
1972-02-27,1972-03-09,916.7204,0.9105214280240044,834.6935677067364,0.383,1972,2,27,1972.02,1971,5,150,22,0.072117524249862,0.0,0.0,0.79,4,Mod_Dry,36,6,5,4,54,105.0,0.1257946677227672,729.6935677067364,729.6935677067364,,4,182.4233919266841,182.4233919266841,182.4233919266841,182.4233919266841,0.0,0.0,0.0,0.0,0.0,0.0,36.0,6.0,5.0,4.0,54.0,776.6935677067364,990.0,967.2387742708268,22.76122572917313,0.3679085267858059,0.1548467838533682,989.4772446893608,0.2354523511708449,0.2354523511708449,0.2354523511708449,0.2354523511708449,22.00301806736316,22.00301806736316,22.00301806736316,22.00301806736316,,0.9258614933717232,0.9258614933717232,0.9258614933717232,0.9258614933717232,36.4458013430674,36.4458013430674,36.4458013430674,36.4458013430674,0.7422770130970957,0.7422770130970957,0.7422770130970957,0.7422770130970957,0.97,0.97,0.97,0.97,35.352427302775375,35.352427302775375,35.352427302775375,35.352427302775375,141.4097092111015,3393.833021066436,0.1694151179331776,5.383146641173126e-05,0.385
1972-02-28,1972-03-10,916.7204,0.9105214280240044,834.6935677067364,0.383,1972,2,28,1972.02,1971,5,151,22,0.072117524249862,0.0,0.0,0.79,4,Mod_Dry,36,6,5,4,54,105.0,0.1257946677227672,729.6935677067364,729.6935677067364,,4,182.4233919266841,182.4233919266841,182.4233919266841,182.4233919266841,0.0,0.0,0.0,0.0,0.0,0.0,36.0,6.0,5.0,4.0,54.0,776.6935677067364,990.0,967.2387742708268,22.76122572917313,0.3679085267858059,0.1548467838533682,989.4772446893608,0.2354523511708449,0.2354523511708449,0.2354523511708449,0.2354523511708449,22.00301806736316,22.00301806736316,22.00301806736316,22.00301806736316,,0.9258614933717232,0.9258614933717232,0.9258614933717232,0.9258614933717232,36.4458013430674,36.4458013430674,36.4458013430674,36.4458013430674,0.7422770130970957,0.7422770130970957,0.7422770130970957,0.7422770130970957,0.97,0.97,0.97,0.97,35.352427302775375,35.352427302775375,35.352427302775375,35.352427302775375,141.4097092111015,3393.833021066436,0.1694151179331776,5.383146641173126e-05,0.385
1972-02-29,1972-03-11,916.7204,0.9105214280240044,834.6935677067364,0.383,1972,2,29,1972.02,1971,5,152,22,0.072117524249862,0.0,0.0,0.79,4,Mod_Dry,36,6,5,4,54,105.0,0.1257946677227672,729.6935677067364,729.6935677067364,,4,182.4233919266841,182.4233919266841,182.4233919266841,182.4233919266841,0.0,0.0,0.0,0.0,0.0,0.0,36.0,6.0,5.0,4.0,54.0,776.6935677067364,990.0,967.2387742708268,22.76122572917313,0.3679085267858059,0.1548467838533682,989.4772446893608,0.2354523511708449,0.2354523511708449,0.2354523511708449,0.2354523511708449,22.00301806736316,22.00301806736316,22.00301806736316,22.00301806736316,,0.9258614933717232,0.9258614933717232,0.9258614933717232,0.9258614933717232,36.4458013430674,36.4458013430674,36.4458013430674,36.4458013430674,0.7422770130970957,0.7422770130970957,0.7422770130970957,0.7422770130970957,0.97,0.97,0.97,0.97,35.352427302775375,35.352427302775375,35.352427302775375,35.352427302775375,141.4097092111015,3393.833021066436,0.1694151179331776,5.383146641173126e-05,0.385
1972-03-01,1972-03-12,916.7204,0.9105214280240044,834.6935677067364,0.383,1972,3,1,1972.03,1971,6,153,22,0.072117524249862,0.0,0.0,0.84,4,Mod_Dry,41,8,7,6,67,129.0,0.1545477346308282,705.6935677067364,705.6935677067364,,4,176.4233919266841,176.4233919266841,176.4233919266841,176.4233919266841,0.0,0.0,0.0,0.0,0.0,0.0,41.0,8.0,7.0,6.0,67.0,761.6935677067364,990.0,967.2387742708268,22.76122572917313,0.3593841745008233,0.1428467838533682,989.4977690416458,0.2202584798167102,0.2202584798167102,0.2202584798167102,0.2202584798167102,22.038736291002248,22.038736291002248,22.038736291002248,22.038736291002248,,0.9236226062488356,0.9236226062488356,0.9236226062488356,0.9236226062488356,35.21892610916019,35.21892610916019,35.21892610916019,35.21892610916019,0.7172897374574377,0.7172897374574377,0.7172897374574377,0.7172897374574377,0.97,0.97,0.97,0.97,34.162358325885386,34.162358325885386,34.162358325885386,34.162358325885386,136.64943330354154,3279.586399284997,0.1637120957802233,5.378846804711791e-05,0.385
1972-03-02,1972-03-13,916.7204,0.9105214280240044,834.6935677067364,0.383,1972,3,2,1972.03,1971,6,154,22,0.072117524249862,0.0,0.0,0.84,4,Mod_Dry,41,8,7,6,67,129.0,0.1545477346308282,705.6935677067364,705.6935677067364,,4,176.4233919266841,176.4233919266841,176.4233919266841,176.4233919266841,0.0,0.0,0.0,0.0,0.0,0.0,41.0,8.0,7.0,6.0,67.0,761.6935677067364,990.0,967.2387742708268,22.76122572917313,0.3593841745008233,0.1428467838533682,989.4977690416458,0.2202584798167102,0.2202584798167102,0.2202584798167102,0.2202584798167102,22.038736291002248,22.038736291002248,22.038736291002248,22.038736291002248,,0.9236226062488356,0.9236226062488356,0.9236226062488356,0.9236226062488356,35.21892610916019,35.21892610916019,35.21892610916019,35.21892610916019,0.7172897374574377,0.7172897374574377,0.7172897374574377,0.7172897374574377,0.97,0.97,0.97,0.97,34.162358325885386,34.162358325885386,34.162358325885386,34.162358325885386,136.64943330354154,3279.586399284997,0.1637120957802233,5.378846804711791e-05,0.385
1972-03-03,1972-03-14,916.7204,0.9105214280240044,834.6935677067364,0.383,1972,3,3,1972.03,1971,6,155,23,0.072117524249862,0.0,0.0,0.84,4,Mod_Dry,41,8,7,6,67,129.0,0.1545477346308282,705.6935677067364,705.6935677067364,,4,176.4233919266841,176.4233919266841,176.4233919266841,176.4233919266841,0.0,0.0,0.0,0.0,0.0,0.0,41.0,8.0,7.0,6.0,67.0,761.6935677067364,990.0,967.2387742708268,22.76122572917313,0.3593841745008233,0.1428467838533682,989.4977690416458,0.2202584798167102,0.2202584798167102,0.2202584798167102,0.2202584798167102,22.038736291002248,22.038736291002248,22.038736291002248,22.038736291002248,,0.9236226062488356,0.9236226062488356,0.9236226062488356,0.9236226062488356,35.21892610916019,35.21892610916019,35.21892610916019,35.21892610916019,0.7172897374574377,0.7172897374574377,0.7172897374574377,0.7172897374574377,0.97,0.97,0.97,0.97,34.162358325885386,34.162358325885386,34.162358325885386,34.162358325885386,136.64943330354154,3279.586399284997,0.1637120957802233,5.378846804711791e-05,0.385
1972-03-04,1972-03-15,932.1467,0.9087491724907756,847.0875422650073,0.377,1972,3,4,1972.03,1971,6,156,23,0.0731883636516966,12.393974558270886,0.0146312794603624,0.84,4,Mod_Dry,41,8,7,6,67,129.0,0.1522865035354787,718.0875422650073,718.0875422650073,,4,179.52188556625185,179.52188556625185,179.52188556625185,179.52188556625185,0.0,0.0,0.0,0.0,0.0,0.0,41.0,8.0,7.0,6.0,67.0,774.0875422650073,990.0,967.28835016906,22.71164983094002,0.3664275481905441,0.1490437711325036,989.4845286806768,0.2280047139156295,0.2280047139156295,0.2280047139156295,0.2280047139156295,21.96817379770132,21.96817379770132,21.96817379770132,21.96817379770132,,0.9247123931740844,0.9247123931740844,0.9247123931740844,0.9247123931740844,35.764876895785584,35.764876895785584,35.764876895785584,35.764876895785584,0.7284088980811727,0.7284088980811727,0.7284088980811727,0.7284088980811727,0.97,0.97,0.97,0.97,34.691930588912015,34.691930588912015,34.691930588912015,34.691930588912015,138.76772235564806,3330.425336535553,0.1638174514815792,5.3679512976441685e-05,0.375
1972-03-05,1972-03-16,979.4038,0.924461588505012,905.4211927358452,0.359,1972,3,5,1972.03,1971,6,157,23,0.078228391052377,58.33365047083794,0.0644270875685772,0.84,4,Mod_Dry,41,8,7,6,67,129.0,0.1424751276366859,776.4211927358452,776.4211927358452,,4,194.1052981839613,194.1052981839613,194.1052981839613,194.1052981839613,0.0,0.0,0.0,0.0,0.0,0.0,41.0,8.0,7.0,6.0,67.0,832.4211927358452,990.0,967.5216847709434,22.478315229056648,0.4169709527103646,0.1782105963679226,989.4048184509218,0.2665664110603747,0.2665664110603747,0.2665664110603747,0.2665664110603747,21.61656726891804,21.61656726891804,21.61656726891804,21.61656726891804,,0.9297833751807358,0.9297833751807358,0.9297833751807358,0.9297833751807358,38.2599673082448,38.2599673082448,38.2599673082448,38.2599673082448,0.7792254034265742,0.7792254034265742,0.7792254034265742,0.7792254034265742,0.97,0.97,0.97,0.97,37.11216828899745,37.11216828899745,37.11216828899745,37.11216828899745,148.4486731559898,3562.7681557437554,0.1639553771736149,5.311001673979263e-05,0.36
1972-03-06,1972-03-17,979.4038,0.924461588505012,905.4211927358452,0.359,1972,3,6,1972.03,1971,6,158,23,0.078228391052377,0.0,0.0,0.84,4,Mod_Dry,41,8,7,6,67,129.0,0.1424751276366859,776.4211927358452,776.4211927358452,,4,194.1052981839613,194.1052981839613,194.1052981839613,194.1052981839613,0.0,0.0,0.0,0.0,0.0,0.0,41.0,8.0,7.0,6.0,67.0,832.4211927358452,990.0,967.5216847709434,22.478315229056648,0.4169709527103646,0.1782105963679226,989.4048184509218,0.2665664110603747,0.2665664110603747,0.2665664110603747,0.2665664110603747,21.61656726891804,21.61656726891804,21.61656726891804,21.61656726891804,,0.9297833751807358,0.9297833751807358,0.9297833751807358,0.9297833751807358,38.2599673082448,38.2599673082448,38.2599673082448,38.2599673082448,0.7792254034265742,0.7792254034265742,0.7792254034265742,0.7792254034265742,0.97,0.97,0.97,0.97,37.11216828899745,37.11216828899745,37.11216828899745,37.11216828899745,148.4486731559898,3562.7681557437554,0.1639553771736149,5.311001673979263e-05,0.36
1972-03-07,1972-03-18,995.4845,0.9181998096202312,914.0536783798912,0.355,1972,3,7,1972.03,1971,6,159,23,0.0789742378120225,8.632485644045914,0.0094441780042354,0.84,4,Mod_Dry,41,8,7,6,67,129.0,0.1411295671701089,785.0536783798912,785.0536783798912,,4,196.2634195949728,196.2634195949728,196.2634195949728,196.2634195949728,0.0,0.0,0.0,0.0,0.0,0.0,41.0,8.0,7.0,6.0,67.0,841.0536783798912,990.0,967.5562147135196,22.44378528648042,0.4248697943491911,0.1825268391899455,989.3926033664608,0.2725375748659238,0.2725375748659238,0.2725375748659238,0.2725375748659238,21.563851078075384,21.563851078075384,21.563851078075384,21.563851078075384,,0.9305017057512024,0.9305017057512024,0.9305017057512024,0.9305017057512024,38.620826043834136,38.620826043834136,38.620826043834136,38.620826043834136,0.7865748685098601,0.7865748685098601,0.7865748685098601,0.7865748685098601,0.97,0.97,0.97,0.97,37.46220126251911,37.46220126251911,37.46220126251911,37.46220126251911,149.84880505007644,3596.3713212018347,0.1639387364160877,5.302142925483282e-05,0.355
1972-03-08,1972-03-19,1028.1428,0.9210811262601332,947.0029281802472,0.345,1972,3,8,1972.03,1971,6,160,23,0.0818210529947733,32.949249800355915,0.0347931868211547,0.84,4,Mod_Dry,41,8,7,6,67,129.0,0.1362192197735706,818.0029281802472,818.0029281802472,,4,204.5007320450618,204.5007320450618,204.5007320450618,204.5007320450618,0.0,0.0,0.0,0.0,0.0,0.0,41.0,8.0,7.0,6.0,67.0,874.0029281802472,990.0,967.6880117127208,22.311988287279064,0.4550188055404994,0.2044023425441977,989.3405788519152,0.2958720936488767,0.2958720936488767,0.2958720936488767,0.2958720936488767,21.35669504554551,21.35669504554551,21.35669504554551,21.35669504554551,,0.933216901131346,0.933216901131346,0.933216901131346,0.933216901131346,39.97147810808657,39.97147810808657,39.97147810808657,39.97147810808657,0.8140830571911726,0.8140830571911726,0.8140830571911726,0.8140830571911726,0.9714083057191172,0.9714083057191172,0.9714083057191172,0.9714083057191172,38.82862582606516,38.82862582606516,38.82862582606516,38.82862582606516,155.31450330426065,3727.548079302256,0.1640063601521398,5.274176423853863e-05,0.345
1972-03-09,1972-03-20,1028.1428,0.9210811262601332,947.0029281802472,0.345,1972,3,9,1972.03,1971,6,161,23,0.0818210529947733,0.0,0.0,0.84,4,Mod_Dry,41,8,7,6,67,129.0,0.1362192197735706,818.0029281802472,818.0029281802472,,4,204.5007320450618,204.5007320450618,204.5007320450618,204.5007320450618,0.0,0.0,0.0,0.0,0.0,0.0,41.0,8.0,7.0,6.0,67.0,874.0029281802472,990.0,967.6880117127208,22.311988287279064,0.4550188055404994,0.2044023425441977,989.3405788519152,0.2958720936488767,0.2958720936488767,0.2958720936488767,0.2958720936488767,21.35669504554551,21.35669504554551,21.35669504554551,21.35669504554551,,0.933216901131346,0.933216901131346,0.933216901131346,0.933216901131346,39.97147810808657,39.97147810808657,39.97147810808657,39.97147810808657,0.8140830571911726,0.8140830571911726,0.8140830571911726,0.8140830571911726,0.9714083057191172,0.9714083057191172,0.9714083057191172,0.9714083057191172,38.82862582606516,38.82862582606516,38.82862582606516,38.82862582606516,155.31450330426065,3727.548079302256,0.1640063601521398,5.274176423853863e-05,0.345
1972-03-10,1972-03-21,1028.1428,0.9210811262601332,947.0029281802472,0.345,1972,3,10,1972.03,1971,6,162,24,0.0818210529947733,0.0,0.0,0.84,4,Mod_Dry,41,8,7,6,67,129.0,0.1362192197735706,818.0029281802472,818.0029281802472,,4,204.5007320450618,204.5007320450618,204.5007320450618,204.5007320450618,0.0,0.0,0.0,0.0,0.0,0.0,41.0,8.0,7.0,6.0,67.0,874.0029281802472,990.0,967.6880117127208,22.311988287279064,0.4550188055404994,0.2044023425441977,989.3405788519152,0.2958720936488767,0.2958720936488767,0.2958720936488767,0.2958720936488767,21.35669504554551,21.35669504554551,21.35669504554551,21.35669504554551,,0.933216901131346,0.933216901131346,0.933216901131346,0.933216901131346,39.97147810808657,39.97147810808657,39.97147810808657,39.97147810808657,0.8140830571911726,0.8140830571911726,0.8140830571911726,0.8140830571911726,0.9714083057191172,0.9714083057191172,0.9714083057191172,0.9714083057191172,38.82862582606516,38.82862582606516,38.82862582606516,38.82862582606516,155.31450330426065,3727.548079302256,0.1640063601521398,5.274176423853863e-05,0.345
1972-03-11,1972-03-22,1028.1428,0.9210811262601332,947.0029281802472,0.345,1972,3,11,1972.03,1971,6,163,24,0.0818210529947733,0.0,0.0,0.8300000000000001,4,Mod_Dry,41,8,7,6,67,129.0,0.1362192197735706,818.0029281802472,818.0029281802472,,4,204.5007320450618,204.5007320450618,204.5007320450618,204.5007320450618,0.0,0.0,0.0,0.0,0.0,0.0,41.0,8.0,7.0,6.0,67.0,874.0029281802472,990.0,967.6880117127208,22.311988287279064,0.4550188055404994,0.2044023425441977,989.3405788519152,0.2958720936488767,0.2958720936488767,0.2958720936488767,0.2958720936488767,21.35669504554551,21.35669504554551,21.35669504554551,21.35669504554551,,0.933216901131346,0.933216901131346,0.933216901131346,0.933216901131346,39.97147810808657,39.97147810808657,39.97147810808657,39.97147810808657,0.8140830571911726,0.8140830571911726,0.8140830571911726,0.8140830571911726,0.9714083057191172,0.9714083057191172,0.9714083057191172,0.9714083057191172,38.82862582606516,38.82862582606516,38.82862582606516,38.82862582606516,155.31450330426065,3727.548079302256,0.1640063601521398,5.274176423853863e-05,0.345
1972-03-12,1972-03-23,1036.4114,0.9189739555961264,952.4350838829192,0.343,1972,3,12,1972.03,1971,6,164,24,0.0822903912474842,5.432155702672277,0.0057034393152825,0.8300000000000001,4,Mod_Dry,41,8,7,6,67,129.0,0.1354423017200169,823.4350838829192,823.4350838829192,,4,205.8587709707298,205.8587709707298,205.8587709707298,205.8587709707298,0.0,0.0,0.0,0.0,0.0,0.0,41.0,8.0,7.0,6.0,67.0,879.4350838829192,990.0,967.7097403355316,22.29025966446829,0.4599893018056684,0.2087480671063354,989.331262631088,0.2998247866539456,0.2998247866539456,0.2998247866539456,0.2998247866539456,21.32169750890241,21.32169750890241,21.32169750890241,21.32169750890241,,0.9335502006361578,0.9335502006361578,0.9335502006361578,0.9335502006361578,40.185329106468295,40.185329106468295,40.185329106468295,40.185329106468295,0.8184384746734886,0.8184384746734886,0.8184384746734886,0.8184384746734886,0.9718438474673488,0.9718438474673488,0.9718438474673488,0.9718438474673488,39.05386485057179,39.05386485057179,39.05386485057179,39.05386485057179,156.21545940228717,3749.171025654892,0.1640169099666328,5.269775847135498e-05,0.345
1972-03-13,1972-03-24,1053.0739999999996,0.9224728423044594,971.4321659369264,0.34,1972,3,13,1972.03,1971,6,165,24,0.0839317391369504,18.997082054007024,0.0195557474007304,0.8300000000000001,4,Mod_Dry,41,8,7,6,67,129.0,0.1327936262802067,842.4321659369264,842.4321659369264,,4,210.6080414842316,210.6080414842316,210.6080414842316,210.6080414842316,0.0,0.0,0.0,0.0,0.0,0.0,41.0,8.0,7.0,6.0,67.0,898.4321659369264,990.0,967.7857286637476,22.214271336252292,0.4773718899653015,0.2239457327495411,989.2986823772852,0.3138241244526947,0.3138241244526947,0.3138241244526947,0.3138241244526947,21.19912958908482,21.19912958908482,21.19912958908482,21.19912958908482,,0.9344815972842766,0.9344815972842766,0.9344815972842766,0.9344815972842766,40.91687260455978,40.91687260455978,40.91687260455978,40.91687260455978,0.8333375275877755,0.8333375275877755,0.8333375275877755,0.8333375275877755,0.9733337527587776,0.9733337527587776,0.9733337527587776,0.9733337527587776,39.82577316334898,39.82577316334898,39.82577316334898,39.82577316334898,159.30309265339594,3823.2742236815034,0.1639878709387303,5.252750412393544e-05,0.34
1972-03-14,1972-03-25,1053.0739999999996,0.9224728423044594,971.4321659369264,0.34,1972,3,14,1972.03,1971,6,166,24,0.0839317391369504,0.0,0.0,0.8300000000000001,4,Mod_Dry,41,8,7,6,67,129.0,0.1327936262802067,842.4321659369264,842.4321659369264,,4,210.6080414842316,210.6080414842316,210.6080414842316,210.6080414842316,0.0,0.0,0.0,0.0,0.0,0.0,41.0,8.0,7.0,6.0,67.0,898.4321659369264,990.0,967.7857286637476,22.214271336252292,0.4773718899653015,0.2239457327495411,989.2986823772852,0.3138241244526947,0.3138241244526947,0.3138241244526947,0.3138241244526947,21.19912958908482,21.19912958908482,21.19912958908482,21.19912958908482,,0.9344815972842766,0.9344815972842766,0.9344815972842766,0.9344815972842766,40.91687260455978,40.91687260455978,40.91687260455978,40.91687260455978,0.8333375275877755,0.8333375275877755,0.8333375275877755,0.8333375275877755,0.9733337527587776,0.9733337527587776,0.9733337527587776,0.9733337527587776,39.82577316334898,39.82577316334898,39.82577316334898,39.82577316334898,159.30309265339594,3823.2742236815034,0.1639878709387303,5.252750412393544e-05,0.34
1972-03-15,1972-03-26,1053.0739999999996,0.9224728423044594,971.4321659369264,0.34,1972,3,15,1972.03,1971,6,167,24,0.0839317391369504,0.0,0.0,0.8300000000000001,4,Mod_Dry,41,8,7,6,67,129.0,0.1327936262802067,842.4321659369264,842.4321659369264,,4,210.6080414842316,210.6080414842316,210.6080414842316,210.6080414842316,0.0,0.0,0.0,0.0,0.0,0.0,41.0,8.0,7.0,6.0,67.0,898.4321659369264,990.0,967.7857286637476,22.214271336252292,0.4773718899653015,0.2239457327495411,989.2986823772852,0.3138241244526947,0.3138241244526947,0.3138241244526947,0.3138241244526947,21.19912958908482,21.19912958908482,21.19912958908482,21.19912958908482,,0.9344815972842766,0.9344815972842766,0.9344815972842766,0.9344815972842766,40.91687260455978,40.91687260455978,40.91687260455978,40.91687260455978,0.8333375275877755,0.8333375275877755,0.8333375275877755,0.8333375275877755,0.9733337527587776,0.9733337527587776,0.9733337527587776,0.9733337527587776,39.82577316334898,39.82577316334898,39.82577316334898,39.82577316334898,159.30309265339594,3823.2742236815034,0.1639878709387303,5.252750412393544e-05,0.34
1972-03-16,1972-03-27,1069.9044,0.9248279637273736,989.4775076349576,0.333,1972,3,16,1972.03,1971,6,168,24,0.0854908566596603,18.04534169803117,0.0182372429477078,0.8300000000000001,4,Mod_Dry,41,8,7,6,67,129.0,0.1303718366558275,860.4775076349576,860.4775076349576,,4,215.1193769087394,215.1193769087394,215.1193769087394,215.1193769087394,0.0,0.0,0.0,0.0,0.0,0.0,41.0,8.0,7.0,6.0,67.0,916.4775076349576,990.0,967.8579100305398,22.142089969460244,0.4938836227695806,0.2383820061079661,989.2677343711224,0.3273676808789174,0.3273676808789174,0.3273676808789174,0.3273676808789174,21.08245665970384,21.08245665970384,21.08245665970384,21.08245665970384,,0.9353515067831206,0.9353515067831206,0.9353515067831206,0.9353515067831206,41.60200838213583,41.60200838213583,41.60200838213583,41.60200838213583,0.8472914130781227,0.8472914130781227,0.8472914130781227,0.8472914130781227,0.9747291413078124,0.9747291413078124,0.9747291413078124,0.9747291413078124,40.55068990699967,40.55068990699967,40.55068990699967,40.55068990699967,162.20275962799866,3892.866231071968,0.1639276874677976,5.2361998679926986e-05,0.335
1972-03-17,1972-03-28,1069.9044,0.9248279637273736,989.4775076349576,0.333,1972,3,17,1972.03,1971,6,169,25,0.0854908566596603,0.0,0.0,0.8300000000000001,4,Mod_Dry,41,8,7,6,67,129.0,0.1303718366558275,860.4775076349576,860.4775076349576,,4,215.1193769087394,215.1193769087394,215.1193769087394,215.1193769087394,0.0,0.0,0.0,0.0,0.0,0.0,41.0,8.0,7.0,6.0,67.0,916.4775076349576,990.0,967.8579100305398,22.142089969460244,0.4938836227695806,0.2383820061079661,989.2677343711224,0.3273676808789174,0.3273676808789174,0.3273676808789174,0.3273676808789174,21.08245665970384,21.08245665970384,21.08245665970384,21.08245665970384,,0.9353515067831206,0.9353515067831206,0.9353515067831206,0.9353515067831206,41.60200838213583,41.60200838213583,41.60200838213583,41.60200838213583,0.8472914130781227,0.8472914130781227,0.8472914130781227,0.8472914130781227,0.9747291413078124,0.9747291413078124,0.9747291413078124,0.9747291413078124,40.55068990699967,40.55068990699967,40.55068990699967,40.55068990699967,162.20275962799866,3892.866231071968,0.1639276874677976,5.2361998679926986e-05,0.335
1972-03-18,1972-03-29,1078.3827,0.9251619817921662,997.6786758623872,0.331,1972,3,18,1972.03,1971,6,170,25,0.0861994375945102,8.201168227429662,0.0082202500923863,0.8300000000000001,4,Mod_Dry,41,8,7,6,67,129.0,0.1293001475535128,868.6786758623872,868.6786758623872,,4,217.1696689655968,217.1696689655968,217.1696689655968,217.1696689655968,0.0,0.0,0.0,0.0,0.0,0.0,41.0,8.0,7.0,6.0,67.0,924.6786758623872,990.0,967.8907147034496,22.109285296550524,0.5013878031126457,0.2449429406899097,989.2536692561974,0.3336825804140381,0.3336825804140381,0.3336825804140381,0.3336825804140381,21.029271972333927,21.029271972333927,21.029271972333927,21.029271972333927,,0.9357419828703027,0.9357419828703027,0.9357419828703027,0.9357419828703027,41.91005410858181,41.91005410858181,41.91005410858181,41.91005410858181,0.8535652567939269,0.8535652567939269,0.8535652567939269,0.8535652567939269,0.9753565256793928,0.9753565256793928,0.9753565256793928,0.9753565256793928,40.87724476638172,40.87724476638172,40.87724476638172,40.87724476638172,163.50897906552686,3924.215497572645,0.1638894195309835,5.2285341074414e-05,0.33
1972-03-19,1972-03-30,1086.9032,0.940956999887256,1022.729174239858,0.328,1972,3,19,1972.03,1971,6,171,25,0.0883638006543237,25.05049837747072,0.0244937750955324,0.8300000000000001,4,Mod_Dry,41,8,7,6,67,129.0,0.1261330988195179,893.729174239858,893.729174239858,,4,223.4322935599645,223.4322935599645,223.4322935599645,223.4322935599645,0.0,0.0,0.0,0.0,0.0,0.0,41.0,8.0,7.0,6.0,67.0,949.729174239858,990.0,967.971434547611,22.02856545238899,0.5243093494454566,0.2649833393918864,989.2107073111628,0.3531774017782885,0.3531774017782885,0.3531774017782885,0.3531774017782885,20.88609536177335,20.88609536177335,20.88609536177335,20.88609536177335,,0.9368692595312444,0.9368692595312444,0.9368692595312444,0.9368692595312444,42.87665421977587,42.87665421977587,42.87665421977587,42.87665421977587,0.8732516134373904,0.8732516134373904,0.8732516134373904,0.8732516134373904,0.977325161343739,0.977325161343739,0.977325161343739,0.977325161343739,41.90443300322217,41.90443300322217,41.90443300322217,41.90443300322217,167.61773201288867,4022.825568309328,0.1638925888053113,5.2096857142760615e-05,0.33
1972-03-20,1972-03-31,1095.466,0.935818257253338,1025.1570830002852,0.326,1972,3,20,1972.03,1971,6,172,25,0.0885735719712246,2.427908760427272,0.0023683285231972,0.8300000000000001,4,Mod_Dry,41,8,7,6,67,129.0,0.1258343742038644,896.1570830002852,896.1570830002852,,4,224.0392707500713,224.0392707500713,224.0392707500713,224.0392707500713,0.0,0.0,0.0,0.0,0.0,0.0,41.0,8.0,7.0,6.0,67.0,952.1570830002852,990.0,967.9790651180008,22.020934881999096,0.5265309189450087,0.2669256664002282,989.2065434146548,0.3550833101552238,0.3550833101552238,0.3550833101552238,0.3550833101552238,20.872394986498666,20.872394986498666,20.872394986498666,20.872394986498666,,0.9369792046218566,0.9369792046218566,0.9369792046218566,0.9369792046218566,42.96997359311488,42.96997359311488,42.96997359311488,42.96997359311488,0.8751522116724008,0.8751522116724008,0.8751522116724008,0.8751522116724008,0.97751522116724,0.97751522116724,0.97751522116724,0.97751522116724,42.00380324042416,42.00380324042416,42.00380324042416,42.00380324042416,168.01521296169662,4032.365111080719,0.1638921641842178,5.207891939335966e-05,0.325
1972-03-21,1972-04-01,1112.7189,0.9371977043562544,1042.8375986738165,0.321,1972,3,21,1972.03,1971,6,173,25,0.0901011685254177,17.68051567353109,0.0169542368783169,0.86,4,Mod_Dry,41,8,7,6,67,129.0,0.1237009484161773,913.8375986738164,913.8375986738164,,4,228.45939966845413,228.45939966845413,228.45939966845413,228.45939966845413,0.0,0.0,0.0,0.0,0.0,0.0,41.0,8.0,7.0,6.0,67.0,969.8375986738164,990.0,968.0346324529748,21.965367547025156,0.5427088309806155,0.2810700789390532,989.1762210900804,0.3692392669324222,0.3692392669324222,0.3692392669324222,0.3692392669324222,20.77234937017312,20.77234937017312,20.77234937017312,20.77234937017312,,0.9376067186089948,0.9376067186089948,0.9376067186089948,0.9376067186089948,43.63691702511538,43.63691702511538,43.63691702511538,43.63691702511538,0.88873558095958,0.88873558095958,0.88873558095958,0.88873558095958,0.978873558095958,0.978873558095958,0.978873558095958,0.978873558095958,42.71502423271278,42.71502423271278,42.71502423271278,42.71502423271278,170.8600969308511,4100.642326340427,0.1638415196653199,5.19360749713344e-05,0.32
1972-03-22,1972-04-02,1121.4092,0.9368114987301732,1050.5490333418047,0.319,1972,3,22,1972.03,1971,6,174,25,0.0907674364807319,7.711434667988442,0.0073403852873561,0.86,4,Mod_Dry,41,8,7,6,67,129.0,0.1227929357943912,921.5490333418048,921.5490333418048,,4,230.3872583354512,230.3872583354512,230.3872583354512,230.3872583354512,0.0,0.0,0.0,0.0,0.0,0.0,41.0,8.0,7.0,6.0,67.0,977.5490333418048,990.0,968.0588683905028,21.941131609497237,0.5497648984636363,0.2872392266734437,989.1629958748628,0.3754702073402798,0.3754702073402798,0.3754702073402798,0.3754702073402798,20.728657277019828,20.728657277019828,20.728657277019828,20.728657277019828,,0.9378563504441616,0.9378563504441616,0.9378563504441616,0.9378563504441616,43.92427992582028,43.92427992582028,43.92427992582028,43.92427992582028,0.8945881858619201,0.8945881858619201,0.8945881858619201,0.8945881858619201,0.979458818586192,0.979458818586192,0.979458818586192,0.979458818586192,43.02202332339312,43.02202332339312,43.02202332339312,43.02202332339312,172.08809329357248,4130.11423904574,0.1638077689207508,5.187162745291873e-05,0.32
1972-03-23,1972-04-03,1130.1421,0.9379332643780708,1059.9978690640885,0.316,1972,3,23,1972.03,1971,6,175,25,0.0915838158871372,9.448835722283777,0.0089140138844113,0.86,4,Mod_Dry,41,8,7,6,67,129.0,0.1216983578598124,930.9978690640884,930.9978690640884,,4,232.74946726602207,232.74946726602207,232.74946726602207,232.74946726602207,0.0,0.0,0.0,0.0,0.0,0.0,41.0,8.0,7.0,6.0,67.0,986.9978690640884,990.0,968.0885647313444,21.911435268655737,0.5584107115143749,0.2947982952512707,989.1467909932344,0.3832182526325525,0.3832182526325525,0.3832182526325525,0.3832182526325525,20.67500800925746,20.67500800925746,20.67500800925746,20.67500800925746,,0.9381596024217962,0.9381596024217962,0.9381596024217962,0.9381596024217962,44.27410693301019,44.27410693301019,44.27410693301019,44.27410693301019,0.901712972159067,0.901712972159067,0.901712972159067,0.901712972159067,0.98,0.98,0.98,0.98,43.38862479434999,43.38862479434999,43.38862479434999,43.38862479434999,173.55449917739995,4165.307980257599,0.163730988752494,5.17826997319525e-05,0.315
1972-03-24,1972-04-04,1130.1421,0.9379332643780708,1059.9978690640885,0.316,1972,3,24,1972.03,1971,6,176,26,0.0915838158871372,0.0,0.0,0.86,4,Mod_Dry,41,8,7,6,67,129.0,0.1216983578598124,930.9978690640884,930.9978690640884,,4,232.74946726602207,232.74946726602207,232.74946726602207,232.74946726602207,0.0,0.0,0.0,0.0,0.0,0.0,41.0,8.0,7.0,6.0,67.0,986.9978690640884,990.0,968.0885647313444,21.911435268655737,0.5584107115143749,0.2947982952512707,989.1467909932344,0.3832182526325525,0.3832182526325525,0.3832182526325525,0.3832182526325525,20.67500800925746,20.67500800925746,20.67500800925746,20.67500800925746,,0.9381596024217962,0.9381596024217962,0.9381596024217962,0.9381596024217962,44.27410693301019,44.27410693301019,44.27410693301019,44.27410693301019,0.901712972159067,0.901712972159067,0.901712972159067,0.901712972159067,0.98,0.98,0.98,0.98,43.38862479434999,43.38862479434999,43.38862479434999,43.38862479434999,173.55449917739995,4165.307980257599,0.163730988752494,5.17826997319525e-05,0.315
1972-03-25,1972-04-05,1156.5974,0.9338086699838878,1080.0406798008228,0.311,1972,3,25,1972.03,1971,6,177,26,0.093315514734791,20.04281073673428,0.0185574590953652,0.86,4,Mod_Dry,41,8,7,6,67,129.0,0.1194399455618558,951.0406798008228,951.0406798008228,,4,237.7601699502057,237.7601699502057,237.7601699502057,237.7601699502057,0.0,0.0,0.0,0.0,0.0,0.0,41.0,8.0,7.0,6.0,67.0,1007.0406798008228,990.0,968.1515564222312,21.84844357776888,0.5767501556251948,0.3108325438406582,989.1124173005342,0.3998741710326911,0.3998741710326911,0.3998741710326911,0.3998741710326911,20.560986707270345,20.560986707270345,20.560986707270345,20.560986707270345,,0.9387936260409327,0.9387936260409327,0.9387936260409327,0.9387936260409327,45.00822507188722,45.00822507188722,45.00822507188722,45.00822507188722,0.9166644617492304,0.9166644617492304,0.9166644617492304,0.9166644617492304,0.98,0.98,0.98,0.98,44.108060570449474,44.108060570449474,44.108060570449474,44.108060570449474,176.4322422817979,4234.373814763149,0.1633570342131325,5.153192416506546e-05,0.31
1972-03-26,1972-04-06,1174.4491,0.9250503042586872,1086.4244972913411,0.306,1972,3,26,1972.03,1971,6,178,26,0.0938670765659718,6.383817490518367,0.0058759881670879,0.86,4,Mod_Dry,41,8,7,6,67,129.0,0.1187381178550567,957.4244972913413,957.4244972913413,,4,239.35612432283529,239.35612432283529,239.35612432283529,239.35612432283529,0.0,0.0,0.0,0.0,0.0,0.0,41.0,8.0,7.0,6.0,67.0,1013.4244972913413,990.0,968.17161984863,21.828380151370084,0.582591435354812,0.3159395978330729,989.101468966812,0.4052365777247265,0.4052365777247265,0.4052365777247265,0.4052365777247265,20.524612540457397,20.524612540457397,20.524612540457397,20.524612540457397,,0.9389929383165836,0.9389929383165836,0.9389929383165836,0.9389929383165836,45.23978550158464,45.23978550158464,45.23978550158464,45.23978550158464,0.92138056011374,0.92138056011374,0.92138056011374,0.92138056011374,0.98,0.98,0.98,0.98,44.33498979155295,44.33498979155295,44.33498979155295,44.33498979155295,177.3399591662118,4256.159019989083,0.1632326586968108,5.1451680950045895e-05,0.305
1972-03-27,1972-04-07,1183.4396,0.9205844129984858,1089.4560494851628,0.303,1972,3,27,1972.03,1971,6,179,26,0.094129002675518,3.0315521938216534,0.0027826291801805,0.86,4,Mod_Dry,41,8,7,6,67,129.0,0.1184077137035135,960.4560494851628,960.4560494851628,,4,240.1140123712907,240.1140123712907,240.1140123712907,240.1140123712907,0.0,0.0,0.0,0.0,0.0,0.0,41.0,8.0,7.0,6.0,67.0,1016.4560494851628,990.0,968.1811475840964,21.81885241590373,0.5853653467965704,0.3183648395881302,989.0962698136152,0.4077922025572399,0.4077922025572399,0.4077922025572399,0.4077922025572399,20.507330026961704,20.507330026961704,20.507330026961704,20.507330026961704,,0.9390871432837024,0.9390871432837024,0.9390871432837024,0.9390871432837024,45.349366007206605,45.349366007206605,45.349366007206605,45.349366007206605,0.9236123423056336,0.9236123423056336,0.9236123423056336,0.9236123423056336,0.98,0.98,0.98,0.98,44.44237868706247,44.44237868706247,44.44237868706247,44.44237868706247,177.7695147482499,4266.468353957997,0.163172727190103,5.141351422573926e-05,0.305
1972-03-28,1972-04-08,1183.4396,0.9205844129984858,1089.4560494851628,0.303,1972,3,28,1972.03,1971,6,180,26,0.094129002675518,0.0,0.0,0.86,4,Mod_Dry,41,8,7,6,67,129.0,0.1184077137035135,960.4560494851628,960.4560494851628,,4,240.1140123712907,240.1140123712907,240.1140123712907,240.1140123712907,0.0,0.0,0.0,0.0,0.0,0.0,41.0,8.0,7.0,6.0,67.0,1016.4560494851628,990.0,968.1811475840964,21.81885241590373,0.5853653467965704,0.3183648395881302,989.0962698136152,0.4077922025572399,0.4077922025572399,0.4077922025572399,0.4077922025572399,20.507330026961704,20.507330026961704,20.507330026961704,20.507330026961704,,0.9390871432837024,0.9390871432837024,0.9390871432837024,0.9390871432837024,45.349366007206605,45.349366007206605,45.349366007206605,45.349366007206605,0.9236123423056336,0.9236123423056336,0.9236123423056336,0.9236123423056336,0.98,0.98,0.98,0.98,44.44237868706247,44.44237868706247,44.44237868706247,44.44237868706247,177.7695147482499,4266.468353957997,0.163172727190103,5.141351422573926e-05,0.305
1972-03-29,1972-04-09,1210.671,0.922658798487674,1117.0362502238706,0.296,1972,3,29,1972.03,1971,6,181,26,0.0965119320193424,27.58020073870784,0.0246905154001764,0.86,4,Mod_Dry,41,8,7,6,67,129.0,0.1154841662248172,988.0362502238706,988.0362502238706,,4,247.0090625559677,247.0090625559677,247.0090625559677,247.0090625559677,0.0,0.0,0.0,0.0,0.0,0.0,41.0,8.0,7.0,6.0,67.0,1044.0362502238706,990.0,968.2678282149892,21.73217178501068,0.6164641901523031,0.3404290001790965,989.0431068096684,0.4316317189458868,0.4316317189458868,0.4316317189458868,0.4316317189458868,20.34364687573332,20.34364687573332,20.34364687573332,20.34364687573332,,0.9397342816979252,0.9397342816979252,0.9397342816979252,0.9397342816979252,46.3111393855165,46.3111393855165,46.3111393855165,46.3111393855165,0.9432003948170364,0.9432003948170364,0.9432003948170364,0.9432003948170364,0.98,0.98,0.98,0.98,45.38491659780617,45.38491659780617,45.38491659780617,45.38491659780617,181.53966639122467,4356.951993389392,0.162519046588543,5.103829449298803e-05,0.295
1972-03-30,1972-04-10,1229.0427,0.91756512366433,1127.726717014242,0.293,1972,3,30,1972.03,1971,6,182,26,0.0974355883500305,10.690466790371373,0.0094796608336772,0.86,4,Mod_Dry,41,8,7,6,67,129.0,0.1143894154973459,998.726717014242,998.726717014242,,4,249.6816792535605,249.6816792535605,249.6816792535605,249.6816792535605,0.0,0.0,0.0,0.0,0.0,0.0,41.0,8.0,7.0,6.0,67.0,1054.726717014242,990.0,968.301426824902,21.69857317509809,0.6321306175934291,0.3489813736113936,989.0188880087952,0.4409858773874617,0.4409858773874617,0.4409858773874617,0.4409858773874617,20.27647530650573,20.27647530650573,20.27647530650573,20.27647530650573,,0.9397944274233204,0.9397944274233204,0.9397944274233204,0.9397944274233204,46.66064143259474,46.66064143259474,46.66064143259474,46.66064143259474,0.9503185627819704,0.9503185627819704,0.9503185627819704,0.9503185627819704,0.98,0.98,0.98,0.98,45.72742860394285,45.72742860394285,45.72742860394285,45.72742860394285,182.9097144157714,4389.833145978513,0.1621932970605159,5.0873029767618e-05,0.295
1972-03-31,1972-04-11,1238.2939,0.9143826532177884,1132.2744617454025,0.29,1972,3,31,1972.03,1971,6,183,27,0.0978285134948028,4.547744731160492,0.0040164685196115,0.86,4,Mod_Dry,41,8,7,6,67,129.0,0.113929974011024,1003.2744617454024,1003.2744617454024,,4,250.81861543635063,250.81861543635063,250.81861543635063,250.81861543635063,0.0,0.0,0.0,0.0,0.0,0.0,41.0,8.0,7.0,6.0,67.0,1059.2744617454025,990.0,968.3157197369142,21.68428026308584,0.6387951453683678,0.3542568002690232,989.0069480543626,0.4450142709534082,0.4450142709534082,0.4450142709534082,0.4450142709534082,20.24621404649505,20.24621404649505,20.24621404649505,20.24621404649505,,0.9398142842992286,0.9398142842992286,0.9398142842992286,0.9398142842992286,46.804146624799046,46.804146624799046,46.804146624799046,46.804146624799046,0.9532412754541556,0.9532412754541556,0.9532412754541556,0.9532412754541556,0.98,0.98,0.98,0.98,45.86806369230306,45.86806369230306,45.86806369230306,45.86806369230306,183.47225476921224,4403.334114461094,0.162038676105429,5.079817852136573e-05,0.29
1972-04-01,1972-04-12,1247.589,0.9151467263536076,1141.726989184771,0.287,1972,4,1,1972.04,1971,7,184,27,0.0986452118655642,9.452527439368398,0.008279148630898,0.87,4,Mod_Dry,45,11,10,10,72,148.0,0.1296281873004304,993.7269891847708,993.7269891847708,,4,248.43174729619275,248.43174729619275,248.43174729619275,248.43174729619275,0.0,0.0,0.0,0.0,0.0,0.0,45.0,11.0,10.0,10.0,72.0,1059.726989184771,990.0,968.345427680295,21.65457231970504,0.639458305212835,0.3449815913478167,989.0155601034392,0.4366111155366745,0.4366111155366745,0.4366111155366745,0.4366111155366745,20.233521307607635,20.233521307607635,20.233521307607635,20.233521307607635,,0.9396140939406,0.9396140939406,0.9396140939406,0.9396140939406,46.319811879681886,46.319811879681886,46.319811879681886,46.319811879681886,0.9433770240261076,0.9433770240261076,0.9433770240261076,0.9433770240261076,0.98,0.98,0.98,0.98,45.39341564208825,45.39341564208825,45.39341564208825,45.39341564208825,181.573662568353,4357.767901640472,0.1590342212178082,5.075551840710953e-05,0.285
1972-04-02,1972-04-13,1275.7375,0.914516856089578,1166.683447695578,0.283,1972,4,2,1972.04,1971,7,185,27,0.1008014498808979,24.956458510807124,0.0213909424703855,0.87,4,Mod_Dry,45,11,10,10,72,148.0,0.1268553182033465,1018.683447695578,1018.683447695578,,4,254.6708619238945,254.6708619238945,254.6708619238945,254.6708619238945,0.0,0.0,0.0,0.0,0.0,0.0,45.0,11.0,10.0,10.0,72.0,1084.683447695578,990.0,968.423862264186,21.57613773581386,0.6760309408248903,0.3742884820042514,988.9496805771709,0.4587282684490644,0.4587282684490644,0.4587282684490644,0.4587282684490644,20.067090044535647,20.067090044535647,20.067090044535647,20.067090044535647,,0.939704104170594,0.939704104170594,0.939704104170594,0.939704104170594,47.09702565208855,47.09702565208855,47.09702565208855,47.09702565208855,0.9592062250934532,0.9592062250934532,0.9592062250934532,0.9592062250934532,0.98,0.98,0.98,0.98,46.155085139046776,46.155085139046776,46.155085139046776,46.155085139046776,184.6203405561871,4430.88817334849,0.1582437300544954,5.034284992878344e-05,0.285
1972-04-03,1972-04-14,1304.2828,0.9098196316199432,1186.6620966242278,0.277,1972,4,3,1972.04,1971,7,186,27,0.1025276051483333,19.97864892864981,0.0168360049465507,0.87,4,Mod_Dry,45,11,10,10,72,148.0,0.1247195814385787,1038.6620966242278,1038.6620966242278,,4,259.66552415605696,259.66552415605696,259.66552415605696,259.66552415605696,0.0,0.0,0.0,0.0,0.0,0.0,45.0,11.0,10.0,10.0,72.0,1104.6620966242278,990.0,968.486652303676,21.51334769632388,0.7053088067918217,0.4002607256114961,988.8944304675967,0.4769758184111685,0.4769758184111685,0.4769758184111685,0.4769758184111685,19.930802345509456,19.930802345509456,19.930802345509456,19.930802345509456,,0.9397079775055792,0.9397079775055792,0.9397079775055792,0.9397079775055792,47.69476217668664,47.69476217668664,47.69476217668664,47.69476217668664,0.9713800850649008,0.9713800850649008,0.9713800850649008,0.9713800850649008,0.98,0.98,0.98,0.98,46.7408669331529,46.7408669331529,46.7408669331529,46.7408669331529,186.9634677326116,4487.123225582678,0.1575540908102469,5.000114740028022e-05,0.275
1972-04-04,1972-04-15,1313.8865,0.9097424573913048,1195.2983332432605,0.275,1972,4,4,1972.04,1971,7,187,27,0.1032737759922177,8.636236619032617,0.0072251724768991,0.87,4,Mod_Dry,45,11,10,10,72,148.0,0.1238184609514383,1047.2983332432605,1047.2983332432605,,4,261.8245833108151,261.8245833108151,261.8245833108151,261.8245833108151,0.0,0.0,0.0,0.0,0.0,0.0,45.0,11.0,10.0,10.0,72.0,1113.2983332432605,990.0,968.5137947616216,21.48620523837837,0.7179648467019153,0.4114878332162385,988.870547320082,0.4849509582500159,0.4849509582500159,0.4849509582500159,0.4849509582500159,19.871801600210222,19.871801600210222,19.871801600210222,19.871801600210222,,0.939691608139416,0.939691608139416,0.939691608139416,0.939691608139416,47.948134122249854,47.948134122249854,47.948134122249854,47.948134122249854,0.9765404098217892,0.9765404098217892,0.9765404098217892,0.9765404098217892,0.98,0.98,0.98,0.98,46.989171439804856,46.989171439804856,46.989171439804856,46.989171439804856,187.95668575921945,4510.960458221266,0.1572466726772951,4.985226160628767e-05,0.275
1972-04-05,1972-04-16,1342.9646,0.905877929951145,1216.5619918456675,0.269,1972,4,5,1972.04,1971,7,188,27,0.1051109560954656,21.26365860240708,0.017478483418792,0.87,4,Mod_Dry,45,11,10,10,72,148.0,0.1216543020347583,1068.5619918456675,1068.5619918456675,,4,267.1404979614169,267.1404979614169,267.1404979614169,267.1404979614169,0.0,0.0,0.0,0.0,0.0,0.0,45.0,11.0,10.0,10.0,72.0,1134.5619918456675,990.0,968.5806234029436,21.419376597056495,0.7491258400579326,0.4391305893993678,988.8117435705428,0.5047910822941558,0.5047910822941558,0.5047910822941558,0.5047910822941558,19.72632908530506,19.72632908530506,19.72632908530506,19.72632908530506,,0.93946644535934,0.93946644535934,0.93946644535934,0.93946644535934,48.55187180680561,48.55187180680561,48.55187180680561,48.55187180680561,0.9888364930102976,0.9888364930102976,0.9888364930102976,0.9888364930102976,0.98,0.98,0.98,0.98,47.58083437066949,47.58083437066949,47.58083437066949,47.58083437066949,190.323337482678,4567.760099584271,0.1564435998809523,4.947545781024185e-05,0.27
1972-04-06,1972-04-17,1382.3614,0.91853493973922,1269.7472452468237,0.263,1972,4,6,1972.04,1971,7,189,27,0.1097061619893255,53.18525340115593,0.0418864885119852,0.87,4,Mod_Dry,45,11,10,10,72,148.0,0.1165586305101458,1121.7472452468237,1100.0,,4,275.0,275.0,275.0,275.0,21.74724524682369,6.612338081804502,1.616349308885545,1.4694084626232229,1.4694084626232229,10.579740930887205,51.6123380818045,12.616349308885544,11.469408462623225,11.469408462623225,82.5797409308872,1175.6980958533134,990.0,968.74777705649,21.25222294350999,0.8094090626041026,0.48,988.710590937396,0.5349,0.5349,0.5349,0.5349,19.42791388090585,19.42791388090585,19.42791388090585,19.42791388090585,,0.9384050913084264,0.9384050913084264,0.9384050913084264,0.9384050913084264,49.16860857922799,49.16860857922799,49.16860857922799,49.16860857922799,1.0013973234058653,1.0013973234058653,1.0013973234058653,1.0013973234058653,0.98,0.98,0.98,0.98,48.18523640764342,48.18523640764342,48.18523640764342,48.18523640764342,192.7409456305737,4625.782695133768,0.1517947342292576,4.867195596731659e-05,0.265
1972-04-07,1972-04-18,1432.6212,0.9362992295163016,1341.3621257487196,0.254,1972,4,7,1972.04,1971,7,190,28,0.1158936876646893,71.6148805018961,0.0533896694465875,0.87,4,Mod_Dry,45,11,10,10,72,148.0,0.1103356037560622,1193.3621257487196,1100.0,,4,275.0,275.0,275.0,275.0,93.36212574871956,28.38713282900257,6.9390769137561845,6.308251739778349,6.308251739778349,45.41941252640412,73.38713282900257,17.939076913756185,16.30825173977835,16.30825173977835,117.41941252640412,1207.634461482537,990.0,968.9728523952102,21.02714760478977,0.8562104572180532,0.48,988.663789542782,0.5349,0.5349,0.5349,0.5349,19.15603714757173,19.15603714757173,19.15603714757173,19.15603714757173,,0.9375568359004236,0.9375568359004236,0.9375568359004236,0.9375568359004236,48.43671356623516,48.43671356623516,48.43671356623516,48.43671356623516,0.9864911113286182,0.9864911113286182,0.9864911113286182,0.9864911113286182,0.98,0.98,0.98,0.98,47.46797929491045,47.46797929491045,47.46797929491045,47.46797929491045,189.8719171796418,4556.926012311404,0.141551571745519,4.794745383324288e-05,0.255
1972-04-08,1972-04-19,1463.3217,0.94550510416192,1383.5781363808978,0.248,1972,4,8,1972.04,1971,7,191,28,0.1195411509833096,42.21601063217828,0.0305121984238671,0.87,4,Mod_Dry,45,11,10,10,72,148.0,0.10696902192104,1235.5781363808978,1100.0,,4,275.0,275.0,275.0,275.0,135.57813638089783,41.22308200770542,7.0,9.160684890601203,9.160684890601203,69.03368459199001,86.22308200770541,18.0,19.160684890601203,19.160684890601203,141.03368459199,1223.3837668983067,990.0,969.108483209846,20.89151679015401,0.8792903989439391,0.48,988.640709601056,0.5349,0.5349,0.5349,0.5349,18.997326391210088,18.997326391210088,18.997326391210088,18.997326391210088,,0.9370615781323116,0.9370615781323116,0.9370615781323116,0.9370615781323116,48.010033473092655,48.010033473092655,48.010033473092655,48.010033473092655,0.9778010890650236,0.9778010890650236,0.9778010890650236,0.9778010890650236,0.98,0.98,0.98,0.98,47.0498328036308,47.0498328036308,47.0498328036308,47.0498328036308,188.1993312145232,4516.7839491485565,0.1360236377446717,4.752508364003111e-05,0.25
1972-04-09,1972-04-20,1494.4335,0.9462756211754526,1414.1459885179058,0.242,1972,4,9,1972.04,1971,7,192,28,0.122182213407947,30.567852137008003,0.0216157683755441,0.87,4,Mod_Dry,45,11,10,10,72,148.0,0.1046568043198363,1266.1459885179058,1100.0,,4,275.0,275.0,275.0,275.0,166.14598851790583,50.51736137368759,7.0,11.226080305263908,11.226080305263908,86.17646653369044,95.51736137368758,18.0,21.226080305263903,21.226080305263903,158.17646653369044,1234.7434416789515,990.0,969.2072408859808,20.79275911401908,0.9049021661900282,0.48,988.61509783381,0.5349,0.5349,0.5349,0.5349,18.87295694782903,18.87295694782903,18.87295694782903,18.87295694782903,,0.9366698143856615,0.9366698143856615,0.9366698143856615,0.9366698143856615,47.67578660080388,47.67578660080388,47.67578660080388,47.67578660080388,0.9709936171243152,0.9709936171243152,0.9709936171243152,0.9709936171243152,0.98,0.98,0.98,0.98,46.7222708687878,46.7222708687878,46.7222708687878,46.7222708687878,186.8890834751512,4485.338003403629,0.1321568529646787,4.719421299877556e-05,0.24
1972-04-10,1972-04-21,1525.9589,0.9480519815469955,1446.688358904274,0.237,1972,4,10,1972.04,1971,7,193,28,0.1249938742093292,32.54237038636825,0.0224943887783931,0.87,4,Mod_Dry,45,11,10,10,72,148.0,0.1023026134751617,1298.688358904274,1100.0,,4,275.0,275.0,275.0,275.0,198.68835890427408,55.0,6.999999999999998,13.424889115153656,13.424889115153656,109.8385806739668,100.0,18.0,23.42488911515365,23.42488911515365,181.8385806739668,1241.4248891151535,990.0,969.3123777749216,20.687622225078485,0.9222093487461352,0.48,988.5977906512538,0.5349,0.5349,0.5349,0.5349,18.75051287633232,18.75051287633232,18.75051287633232,18.75051287633232,,0.9362841155604468,0.9362841155604468,0.9362841155604468,0.9362841155604468,47.34697096438217,47.34697096438217,47.34697096438217,47.34697096438217,0.9642967609853804,0.9642967609853804,0.9642967609853804,0.9642967609853804,0.98,0.98,0.98,0.98,46.40003154509453,46.40003154509453,46.40003154509453,46.40003154509453,185.6001261803781,4454.403028329075,0.1282930943890031,4.686871873241872e-05,0.235
1972-04-11,1972-04-22,1557.9001,0.953111909397202,1484.853138961092,0.232,1972,4,11,1972.04,1971,7,194,28,0.1282913112062383,38.16478005681779,0.0257027304959738,0.84,4,Mod_Dry,45,11,10,10,72,148.0,0.0996731569719758,1336.853138961092,1100.0,,4,275.0,275.0,275.0,275.0,236.8531389610921,55.0,7.0,15.0,16.00359047034406,143.84954849074805,100.0,18.0,25.0,26.00359047034406,215.84954849074805,1243.0,990.0,969.4356793720282,20.564320627971824,0.9262894125183112,0.48,988.5937105874816,0.5349,0.5349,0.5349,0.5349,18.623131215453547,18.623131215453547,18.623131215453547,18.623131215453547,,0.9358828633286786,0.9358828633286786,0.9358828633286786,0.9358828633286786,47.00516610073545,47.00516610073545,47.00516610073545,47.00516610073545,0.9573353584671171,0.9573353584671171,0.9573353584671171,0.9573353584671171,0.98,0.98,0.98,0.98,46.06506277872074,46.06506277872074,46.06506277872074,46.06506277872074,184.26025111488295,4422.246026757191,0.1240932495477663,4.653036644315227e-05,0.23
1972-04-12,1972-04-23,1590.2593,0.9608539838546808,1528.006983766956,0.227,1972,4,12,1972.04,1971,7,195,28,0.132019803397465,43.15384480586408,0.0282419159495449,0.84,4,Mod_Dry,45,11,10,10,72,148.0,0.0968581960503475,1380.006983766956,1100.0,,4,275.0,275.0,275.0,275.0,280.00698376695595,55.000000000000014,7.0,15.0,18.919390795064597,184.08759297189133,100.0,18.0,25.0,28.919390795064597,256.0875929718913,1243.0,990.0,969.5750994860164,20.42490051398363,0.9262894125183112,0.48,988.5937105874816,0.5349,0.5349,0.5349,0.5349,18.483711101465357,18.483711101465357,18.483711101465357,18.483711101465357,,0.935443689969616,0.935443689969616,0.935443689969616,0.935443689969616,46.63137430619677,46.63137430619677,46.63137430619677,46.63137430619677,0.9497224909612376,0.9497224909612376,0.9497224909612376,0.9497224909612376,0.98,0.98,0.98,0.98,45.698746820072834,45.698746820072834,45.698746820072834,45.698746820072834,182.7949872802913,4387.079694726992,0.1196296805068597,4.616035032330589e-05,0.225
1972-04-13,1972-04-24,1623.0388,0.9609360770575194,1559.6365373841434,0.223,1972,4,13,1972.04,1971,7,196,28,0.13475259682999,31.62955361718764,0.0202800799154381,0.84,4,Mod_Dry,45,11,10,10,72,148.0,0.0948939040939813,1411.6365373841434,1100.0,,4,275.0,275.0,275.0,275.0,311.63653738414337,55.000000000000014,7.0,15.0,21.056522796225902,213.58001458791745,100.0,18.0,25.0,31.056522796225902,285.58001458791745,1243.0,990.0,969.6772872746257,20.322712725374345,0.9262894125183112,0.48,988.5937105874816,0.5349,0.5349,0.5349,0.5349,18.381523312856068,18.381523312856068,18.381523312856068,18.381523312856068,,0.9351217984354968,0.9351217984354968,0.9351217984354968,0.9351217984354968,46.35761384876225,46.35761384876225,46.35761384876225,46.35761384876225,0.944146921563386,0.944146921563386,0.944146921563386,0.944146921563386,0.98,0.98,0.98,0.98,45.430461571787006,45.430461571787006,45.430461571787006,45.430461571787006,181.72184628714805,4361.324310891552,0.1165155098199583,4.5889355123017175e-05,0.225
1972-04-14,1972-04-25,1656.2409,0.9717907482149442,1609.5195834351923,0.217,1972,4,14,1972.04,1971,7,197,29,0.1390624920088006,49.88304605104896,0.030992506437594,0.84,4,Mod_Dry,45,11,10,10,72,148.0,0.0919529041604601,1461.5195834351923,1100.0,,4,275.0,275.0,275.0,275.0,361.5195834351923,55.000000000000014,6.9999999999999964,14.999999999999996,24.42699888075624,260.0925845544361,100.0,18.0,25.0,34.426998880756244,332.0925845544361,1243.0,990.0,969.8384478849443,20.161552115055542,0.9262894125183112,0.48,988.5937105874816,0.5349,0.5349,0.5349,0.5349,18.220362702537265,18.220362702537265,18.220362702537265,18.220362702537265,,0.9346141425129924,0.9346141425129924,0.9346141425129924,0.9346141425129924,45.92622611954096,45.92622611954096,45.92622611954096,45.92622611954096,0.9353610207645816,0.9353610207645816,0.9353610207645816,0.9353610207645816,0.98,0.98,0.98,0.98,45.00770159715015,45.00770159715015,45.00770159715015,45.00770159715015,180.03080638860058,4320.739353326414,0.1118537532823064,4.546232484560621e-05,0.215
1972-04-15,1972-04-26,1667.4025,0.969982977775391,1617.3520421001313,0.216,1972,4,15,1972.04,1971,7,198,29,0.1397392164374513,7.832458664938713,0.0048427667329422,0.84,4,Mod_Dry,45,11,10,10,72,148.0,0.0915075976951944,1469.3520421001313,1100.0,,4,275.0,275.0,275.0,275.0,369.35204210013126,55.0,7.0,15.000000000000004,24.95621906081968,267.3958230393116,100.0,18.0,25.0,34.95621906081968,339.3958230393116,1243.0,990.0,969.8637527514004,20.1362472485996,0.9262894125183112,0.48,988.5937105874816,0.5349,0.5349,0.5349,0.5349,18.195057836081325,18.195057836081325,18.195057836081325,18.195057836081325,,0.9345344321836562,0.9345344321836562,0.9345344321836562,0.9345344321836562,45.85853123618099,45.85853123618099,45.85853123618099,45.85853123618099,0.9339823062358652,0.9339823062358652,0.9339823062358652,0.9339823062358652,0.98,0.98,0.98,0.98,44.94136061145737,44.94136061145737,44.94136061145737,44.94136061145737,179.76544244582948,4314.370618699908,0.1111479985596729,4.539531374894684e-05,0.215
1972-04-16,1972-04-27,1678.6114,0.9718781251926132,1631.4057003589478,0.215,1972,4,16,1972.04,1971,7,199,29,0.1409534525110131,14.05365825881654,0.0086144471946643,0.84,4,Mod_Dry,45,11,10,10,72,148.0,0.0907193103269386,1483.4057003589478,1100.0,,4,275.0,275.0,275.0,275.0,383.4057003589478,55.0,7.000000000000004,14.999999999999996,25.90579056479377,280.49990979415406,100.0,18.0,25.0,35.905790564793776,352.49990979415406,1243.0,990.0,969.9091568780829,20.09084312191726,0.9262894125183112,0.48,988.5937105874816,0.5349,0.5349,0.5349,0.5349,18.149653709398983,18.149653709398983,18.149653709398983,18.149653709398983,,0.934391409184607,0.934391409184607,0.934391409184607,0.934391409184607,45.73709463838924,45.73709463838924,45.73709463838924,45.73709463838924,0.9315090557716748,0.9315090557716748,0.9315090557716748,0.9315090557716748,0.98,0.98,0.98,0.98,44.82235274562145,44.82235274562145,44.82235274562145,44.82235274562145,179.2894109824858,4302.945863579659,0.1098987277922578,4.527510378345601e-05,0.215
1972-04-17,1972-04-28,1701.1714,0.9756355469043254,1659.7232892169968,0.212,1972,4,17,1972.04,1971,7,200,29,0.1434000921883485,28.31758885804902,0.0170616325275572,0.84,4,Mod_Dry,45,11,10,10,72,148.0,0.0891714907909869,1511.7232892169968,1100.0,,4,275.0,275.0,275.0,275.0,411.7232892169968,55.0,7.0,15.0,27.8191411633106,306.90414805368624,100.0,18.0,25.0,37.8191411633106,378.90414805368624,1243.0,990.0,970.0006444728548,19.9993555271451,0.9262894125183112,0.48,988.5937105874816,0.5349,0.5349,0.5349,0.5349,18.05816611462682,18.05816611462682,18.05816611462682,18.05816611462682,,0.9341032232610744,0.9341032232610744,0.9341032232610744,0.9341032232610744,45.49251089045048,45.49251089045048,45.49251089045048,45.49251089045048,0.9265277167097856,0.9265277167097856,0.9265277167097856,0.9265277167097856,0.98,0.98,0.98,0.98,44.58266067264147,44.58266067264147,44.58266067264147,44.58266067264147,178.33064269056587,4279.935424573581,0.1074460085299498,4.503299057842573e-05,0.21
1972-04-18,1972-04-29,1712.5226,0.9796730877109254,1677.712303316742,0.209,1972,4,18,1972.04,1971,7,201,29,0.1449543430065665,17.98901409974519,0.0107223473680093,0.84,4,Mod_Dry,45,11,10,10,72,148.0,0.0882153630914027,1529.712303316742,1100.0,,4,275.0,275.0,275.0,275.0,429.712303316742,55.0,7.000000000000004,15.0,29.03461508896905,323.677688227773,100.0,18.0,25.0,39.034615088969055,395.677688227773,1243.0,990.0,970.0587628261004,19.941237173899708,0.9262894125183112,0.48,988.5937105874816,0.5349,0.5349,0.5349,0.5349,18.00004776138143,18.00004776138143,18.00004776138143,18.00004776138143,,0.9339201504483516,0.9339201504483516,0.9339201504483516,0.9339201504483516,45.3372106349255,45.3372106349255,45.3372106349255,45.3372106349255,0.9233647787153868,0.9233647787153868,0.9233647787153868,0.9233647787153868,0.98,0.98,0.98,0.98,44.430466422226985,44.430466422226985,44.430466422226985,44.430466422226985,177.72186568890794,4265.324776533791,0.1059310737231657,4.4879259012350496e-05,0.21
1972-04-19,1972-04-30,1735.3679,0.9841314895494252,1707.8301963432584,0.206,1972,4,19,1972.04,1971,7,202,29,0.1475565289640575,30.11789302651641,0.0176351800612283,0.84,4,Mod_Dry,45,11,10,10,72,148.0,0.0866596692791192,1559.8301963432584,1100.0,,4,275.0,275.0,275.0,275.0,459.8301963432584,55.0,7.0,15.000000000000004,31.069607861030978,351.76058848222755,100.0,18.0,25.0,41.069607861030974,423.7605884822276,1243.0,990.0,970.156066788186,19.843933211814036,0.9262894125183112,0.48,988.5937105874816,0.5349,0.5349,0.5349,0.5349,17.902743799295756,17.902743799295756,17.902743799295756,17.902743799295756,,0.9334205894093838,0.9334205894093838,0.9334205894093838,0.9334205894093838,45.06800837019168,45.06800837019168,45.06800837019168,45.06800837019168,0.9178820441994232,0.9178820441994232,0.9178820441994232,0.9178820441994232,0.98,0.98,0.98,0.98,44.16664820278785,44.16664820278785,44.16664820278785,44.16664820278785,176.6665928111514,4239.998227467633,0.1034450574708324,4.4612775962411966e-05,0.205
1972-04-20,1972-05-01,1746.8622,0.982614654600295,1716.4923972873114,0.205,1972,4,20,1972.04,1971,7,203,29,0.1483049431256237,8.662200944052984,0.0050464545941143,0.84,4,Mod_Dry,45,11,10,10,72,148.0,0.0862223451929611,1568.4923972873114,1100.0,,4,275.0,275.0,275.0,275.0,468.4923972873114,55.0,7.0,15.0,31.65489170860212,359.8375055787093,100.0,18.0,25.0,41.65489170860212,431.8375055787093,1243.0,990.0,970.1840523604668,19.815947639533302,0.9262894125183112,0.48,988.5937105874816,0.5349,0.5349,0.5349,0.5349,17.87475822701503,17.87475822701503,17.87475822701503,17.87475822701503,,0.9332768834957222,0.9332768834957222,0.9332768834957222,0.9332768834957222,44.99063039718336,44.99063039718336,44.99063039718336,44.99063039718336,0.9163061180689076,0.9163061180689076,0.9163061180689076,0.9163061180689076,0.98,0.98,0.98,0.98,44.09081778923969,44.09081778923969,44.09081778923969,44.09081778923969,176.36327115695877,4232.718507767011,0.1027463165206426,4.45361795850906e-05,0.205
1972-04-21,1972-05-02,1769.9945,0.9864250135611264,1745.9668486656192,0.202,1972,4,21,1972.04,1971,7,204,30,0.1508515357247095,29.474451378307773,0.0168814496110473,0.8200000000000001,4,Mod_Dry,45,11,10,10,72,148.0,0.0847667870172398,1597.9668486656192,1100.0,,4,275.0,275.0,275.0,275.0,497.9668486656192,55.0,7.0,15.0,33.64640869362292,387.3204399719962,100.0,18.0,25.0,43.64640869362292,459.3204399719962,1243.0,990.0,970.2792775110736,19.720722488926413,0.9262894125183112,0.48,988.5937105874816,0.5349,0.5349,0.5349,0.5349,17.779533076408136,17.779533076408136,17.779533076408136,17.779533076408136,,0.9327879023473558,0.9327879023473558,0.9327879023473558,0.9327879023473558,44.72750260272614,44.72750260272614,44.72750260272614,44.72750260272614,0.9109470998518562,0.9109470998518562,0.9109470998518562,0.9109470998518562,0.98,0.98,0.98,0.98,43.832952550671614,43.832952550671614,43.832952550671614,43.832952550671614,175.33181020268646,4207.963444864475,0.1004210419783665,4.427570964714304e-05,0.2
1972-04-22,1972-05-03,1793.3188,0.9856727560705408,1767.625484109115,0.199,1972,4,22,1972.04,1971,7,205,30,0.1527228418270275,21.65863544349577,0.012252954960316,0.8200000000000001,4,Mod_Dry,45,11,10,10,72,148.0,0.0837281433937869,1619.625484109115,1100.0,,4,275.0,275.0,275.0,275.0,519.625484109115,55.0,7.0,15.0,35.10983000737264,407.5156541017424,100.0,18.0,25.0,45.10983000737264,479.5156541017424,1243.0,990.0,970.3492515640448,19.650748435955165,0.9262894125183112,0.48,988.5937105874816,0.5349,0.5349,0.5349,0.5349,17.70955902343689,17.70955902343689,17.70955902343689,17.70955902343689,,0.9324285855853484,0.9324285855853484,0.9324285855853484,0.9324285855853484,44.53430916826936,44.53430916826936,44.53430916826936,44.53430916826936,0.9070124066857304,0.9070124066857304,0.9070124066857304,0.9070124066857304,0.98,0.98,0.98,0.98,43.64362298490397,43.64362298490397,43.64362298490397,43.64362298490397,174.57449193961588,4189.787806550781,0.098762149283903,4.408446766151916e-05,0.2
1972-04-23,1972-05-04,1793.3188,0.9856727560705408,1767.625484109115,0.199,1972,4,23,1972.04,1971,7,206,30,0.1527228418270275,0.0,0.0,0.8200000000000001,4,Mod_Dry,45,11,10,10,72,148.0,0.0837281433937869,1619.625484109115,1100.0,,4,275.0,275.0,275.0,275.0,519.625484109115,55.0,7.0,15.0,35.10983000737264,407.5156541017424,100.0,18.0,25.0,45.10983000737264,479.5156541017424,1243.0,990.0,970.3492515640448,19.650748435955165,0.9262894125183112,0.48,988.5937105874816,0.5349,0.5349,0.5349,0.5349,17.70955902343689,17.70955902343689,17.70955902343689,17.70955902343689,,0.9324285855853484,0.9324285855853484,0.9324285855853484,0.9324285855853484,44.53430916826936,44.53430916826936,44.53430916826936,44.53430916826936,0.9070124066857304,0.9070124066857304,0.9070124066857304,0.9070124066857304,0.98,0.98,0.98,0.98,43.64362298490397,43.64362298490397,43.64362298490397,43.64362298490397,174.57449193961588,4189.787806550781,0.098762149283903,4.408446766151916e-05,0.2
1972-04-24,1972-05-05,1805.0532,0.988013942331584,1783.4177282502417,0.198,1972,4,24,1972.04,1971,7,207,30,0.1540872917208208,15.792244141126506,0.0088550449459873,0.8200000000000001,4,Mod_Dry,45,11,10,10,72,148.0,0.0829867269207908,1635.4177282502417,1100.0,,4,275.0,275.0,275.0,275.0,535.4177282502417,55.0,7.0,15.0,36.17687353042174,422.24085471982,100.0,18.0,25.0,46.17687353042174,494.24085471982,1243.0,990.0,970.4002726605008,19.599727339499168,0.9262894125183112,0.48,988.5937105874816,0.5349,0.5349,0.5349,0.5349,17.65853792698089,17.65853792698089,17.65853792698089,17.65853792698089,,0.932166592255047,0.932166592255047,0.932166592255047,0.932166592255047,44.39352900537445,44.39352900537445,44.39352900537445,44.39352900537445,0.9041451935921476,0.9041451935921476,0.9041451935921476,0.9041451935921476,0.98,0.98,0.98,0.98,43.505658425266965,43.505658425266965,43.505658425266965,43.505658425266965,174.02263370106786,4176.543208825628,0.0975781674391036,4.394510952047168e-05,0.2
1972-04-25,1972-05-06,1840.5463,0.9955175444855696,1832.2961330880007,0.193,1972,4,25,1972.04,1971,7,208,30,0.1583103858988032,48.878404837759255,0.0266760399452372,0.8200000000000001,4,Mod_Dry,45,11,10,10,72,148.0,0.0807729696785273,1684.2961330880007,1100.0,,4,275.0,275.0,275.0,275.0,584.2961330880007,55.0,7.0,15.0,39.47946845189194,467.8166646361088,100.0,18.0,25.0,49.47946845189194,539.8166646361087,1243.0,990.0,970.5581875068996,19.441812493100315,0.9262894125183112,0.48,988.5937105874816,0.5349,0.5349,0.5349,0.5349,17.500623080582038,17.500623080582038,17.500623080582038,17.500623080582038,,0.9313556995187888,0.9313556995187888,0.9313556995187888,0.9313556995187888,43.95825876689554,43.95825876689554,43.95825876689554,43.95825876689554,0.8952802192850415,0.8952802192850415,0.8952802192850415,0.8952802192850415,0.979528021928504,0.979528021928504,0.979528021928504,0.979528021928504,43.05834625735851,43.05834625735851,43.05834625735851,43.05834625735851,172.23338502943403,4133.601240706417,0.0939986620717067,4.349327904783688e-05,0.195
1972-04-26,1972-05-07,1864.4507,0.9977817706837708,1860.314920798596,0.19,1972,4,26,1972.04,1971,7,209,30,0.1607312091569987,28.01878771059524,0.0150613142954136,0.8200000000000001,4,Mod_Dry,45,11,10,10,72,148.0,0.0795564225956251,1712.314920798596,1100.0,,4,275.0,275.0,275.0,275.0,612.314920798596,55.0,7.0,15.0,41.37262978368892,493.942291014907,100.0,18.0,25.0,51.37262978368892,565.942291014907,1243.0,990.0,970.6487097441186,19.351290255881395,0.9262894125183112,0.48,988.5937105874816,0.5349,0.5349,0.5349,0.5349,17.410100843363118,17.410100843363118,17.410100843363118,17.410100843363118,,0.9308908678306697,0.9308908678306697,0.9308908678306697,0.9308908678306697,43.70905829814181,43.70905829814181,43.70905829814181,43.70905829814181,0.8902048533226438,0.8902048533226438,0.8902048533226438,0.8902048533226438,0.9790204853322644,0.9790204853322644,0.9790204853322644,0.9790204853322644,42.79206346846304,42.79206346846304,42.79206346846304,42.79206346846304,171.16825387385214,4108.038092972452,0.0920103644604285,4.3224306533801046e-05,0.19
1972-04-27,1972-05-08,1864.4507,0.9977817706837708,1860.314920798596,0.19,1972,4,27,1972.04,1971,7,210,30,0.1607312091569987,0.0,0.0,0.8200000000000001,4,Mod_Dry,45,11,10,10,72,148.0,0.0795564225956251,1712.314920798596,1100.0,,4,275.0,275.0,275.0,275.0,612.314920798596,55.0,7.0,15.0,41.37262978368892,493.942291014907,100.0,18.0,25.0,51.37262978368892,565.942291014907,1243.0,990.0,970.6487097441186,19.351290255881395,0.9262894125183112,0.48,988.5937105874816,0.5349,0.5349,0.5349,0.5349,17.410100843363118,17.410100843363118,17.410100843363118,17.410100843363118,,0.9308908678306697,0.9308908678306697,0.9308908678306697,0.9308908678306697,43.70905829814181,43.70905829814181,43.70905829814181,43.70905829814181,0.8902048533226438,0.8902048533226438,0.8902048533226438,0.8902048533226438,0.9790204853322644,0.9790204853322644,0.9790204853322644,0.9790204853322644,42.79206346846304,42.79206346846304,42.79206346846304,42.79206346846304,171.16825387385214,4108.038092972452,0.0920103644604285,4.3224306533801046e-05,0.19
1972-04-28,1972-05-09,1876.4759,0.9974557133713636,1871.701607458672,0.189,1972,4,28,1972.04,1971,7,211,31,0.1617150188844292,11.386686660075616,0.0060836014750962,0.8200000000000001,4,Mod_Dry,45,11,10,10,72,148.0,0.0790724330257689,1723.701607458672,1100.0,,4,275.0,275.0,275.0,275.0,623.701607458672,55.0,7.0,15.0,42.142000503964326,504.55960695470776,100.0,18.0,25.0,52.142000503964326,576.5596069547078,1243.0,990.0,970.6854975010204,19.314502498979664,0.9262894125183112,0.48,988.5937105874816,0.5349,0.5349,0.5349,0.5349,17.373313086461387,17.373313086461387,17.373313086461387,17.373313086461387,,0.9307019626989792,0.9307019626989792,0.9307019626989792,0.9307019626989792,43.60784940998383,43.60784940998383,43.60784940998383,43.60784940998383,0.8881435725047623,0.8881435725047623,0.8881435725047623,0.8881435725047623,0.9788143572504762,0.9788143572504762,0.9788143572504762,0.9788143572504762,42.68398909130888,42.68398909130888,42.68398909130888,42.68398909130888,170.7359563652355,4097.662952765651,0.0912196450998696,4.311514049627158e-05,0.19
1972-04-29,1972-05-10,1888.5499,0.9960254141200148,1881.0436962338129,0.188,1972,4,29,1972.04,1971,7,212,31,0.1625221753546014,9.342088775141292,0.0049664390007769,0.8200000000000001,4,Mod_Dry,45,11,10,10,72,148.0,0.0786797246105035,1733.0436962338129,1100.0,,4,275.0,275.0,275.0,275.0,633.0436962338129,55.0,7.0,15.0,42.77322271850087,513.270473515312,100.0,18.0,25.0,52.77322271850087,585.270473515312,1243.0,990.0,970.7156796339862,19.284320366013844,0.9262894125183112,0.48,988.5937105874816,0.5349,0.5349,0.5349,0.5349,17.343130953495567,17.343130953495567,17.343130953495567,17.343130953495567,,0.9305469774461996,0.9305469774461996,0.9305469774461996,0.9305469774461996,43.52484162162183,43.52484162162183,43.52484162162183,43.52484162162183,0.886452986183744,0.886452986183744,0.886452986183744,0.886452986183744,0.9786452986183743,0.9786452986183743,0.9786452986183743,0.9786452986183743,42.59538162610955,42.59538162610955,42.59538162610955,42.59538162610955,170.3815265044382,4089.156636106517,0.0905781863789621,4.302563800617127e-05,0.19
1972-04-30,1972-05-11,1888.5499,0.9960254141200148,1881.0436962338129,0.188,1972,4,30,1972.04,1971,7,213,31,0.1625221753546014,0.0,0.0,0.8200000000000001,4,Mod_Dry,45,11,10,10,72,148.0,0.0786797246105035,1733.0436962338129,1100.0,,4,275.0,275.0,275.0,275.0,633.0436962338129,55.0,7.0,15.0,42.77322271850087,513.270473515312,100.0,18.0,25.0,52.77322271850087,585.270473515312,1243.0,990.0,970.7156796339862,19.284320366013844,0.9262894125183112,0.48,988.5937105874816,0.5349,0.5349,0.5349,0.5349,17.343130953495567,17.343130953495567,17.343130953495567,17.343130953495567,,0.9305469774461996,0.9305469774461996,0.9305469774461996,0.9305469774461996,43.52484162162183,43.52484162162183,43.52484162162183,43.52484162162183,0.886452986183744,0.886452986183744,0.886452986183744,0.886452986183744,0.9786452986183743,0.9786452986183743,0.9786452986183743,0.9786452986183743,42.59538162610955,42.59538162610955,42.59538162610955,42.59538162610955,170.3815265044382,4089.156636106517,0.0905781863789621,4.302563800617127e-05,0.19
1972-05-01,1972-05-12,1888.5499,0.9960254141200148,1881.0436962338129,0.188,1972,5,1,1972.05,1971,8,214,31,0.1625221753546014,0.0,0.0,0.79,4,Mod_Dry,47,10,10,10,115,192.0,0.1020709940893018,1689.0436962338129,1100.0,,4,275.0,275.0,275.0,275.0,589.0436962338129,53.0,8.0,15.0,30.67935917884442,482.3643370549685,100.0,18.0,25.0,40.67935917884442,597.3643370549685,1243.0,990.0,970.7156796339862,19.284320366013844,0.9262894125183112,0.48,988.5937105874816,0.5349,0.5349,0.5349,0.5349,17.343130953495567,17.343130953495567,17.343130953495567,17.343130953495567,,0.9305469774461996,0.9305469774461996,0.9305469774461996,0.9305469774461996,43.52484162162183,43.52484162162183,43.52484162162183,43.52484162162183,0.886452986183744,0.886452986183744,0.886452986183744,0.886452986183744,0.9786452986183743,0.9786452986183743,0.9786452986183743,0.9786452986183743,42.59538162610955,42.59538162610955,42.59538162610955,42.59538162610955,170.3815265044382,4089.156636106517,0.0905781863789621,4.302563800617127e-05,0.19
1972-05-02,1972-05-13,1888.5499,0.9960254141200148,1881.0436962338129,0.188,1972,5,2,1972.05,1971,8,215,31,0.1625221753546014,0.0,0.0,0.79,4,Mod_Dry,47,10,10,10,115,192.0,0.1020709940893018,1689.0436962338129,1100.0,,4,275.0,275.0,275.0,275.0,589.0436962338129,53.0,8.0,15.0,30.67935917884442,482.3643370549685,100.0,18.0,25.0,40.67935917884442,597.3643370549685,1243.0,990.0,970.7156796339862,19.284320366013844,0.9262894125183112,0.48,988.5937105874816,0.5349,0.5349,0.5349,0.5349,17.343130953495567,17.343130953495567,17.343130953495567,17.343130953495567,,0.9305469774461996,0.9305469774461996,0.9305469774461996,0.9305469774461996,43.52484162162183,43.52484162162183,43.52484162162183,43.52484162162183,0.886452986183744,0.886452986183744,0.886452986183744,0.886452986183744,0.9786452986183743,0.9786452986183743,0.9786452986183743,0.9786452986183743,42.59538162610955,42.59538162610955,42.59538162610955,42.59538162610955,170.3815265044382,4089.156636106517,0.0905781863789621,4.302563800617127e-05,0.19
1972-05-03,1972-05-14,1888.5499,0.9960254141200148,1881.0436962338129,0.188,1972,5,3,1972.05,1971,8,216,31,0.1625221753546014,0.0,0.0,0.79,4,Mod_Dry,47,10,10,10,115,192.0,0.1020709940893018,1689.0436962338129,1100.0,,4,275.0,275.0,275.0,275.0,589.0436962338129,53.0,8.0,15.0,30.67935917884442,482.3643370549685,100.0,18.0,25.0,40.67935917884442,597.3643370549685,1243.0,990.0,970.7156796339862,19.284320366013844,0.9262894125183112,0.48,988.5937105874816,0.5349,0.5349,0.5349,0.5349,17.343130953495567,17.343130953495567,17.343130953495567,17.343130953495567,,0.9305469774461996,0.9305469774461996,0.9305469774461996,0.9305469774461996,43.52484162162183,43.52484162162183,43.52484162162183,43.52484162162183,0.886452986183744,0.886452986183744,0.886452986183744,0.886452986183744,0.9786452986183743,0.9786452986183743,0.9786452986183743,0.9786452986183743,42.59538162610955,42.59538162610955,42.59538162610955,42.59538162610955,170.3815265044382,4089.156636106517,0.0905781863789621,4.302563800617127e-05,0.19
1972-05-04,1972-05-15,1876.4759,0.9974557133713636,1871.701607458672,0.189,1972,5,4,1972.05,1971,8,217,31,0.1617150188844292,9.342088775141292,0.004991227628332,0.79,4,Mod_Dry,47,10,10,10,115,192.0,0.1025804536550516,1679.701607458672,1100.0,,4,275.0,275.0,275.0,275.0,579.701607458672,53.0,8.000000000000004,15.000000000000004,30.19279205513917,473.50881540353294,100.0,18.0,25.0,40.192792055139165,588.5088154035329,1243.0,990.0,970.6854975010204,19.314502498979664,0.9262894125183112,0.48,988.5937105874816,0.5349,0.5349,0.5349,0.5349,17.373313086461387,17.373313086461387,17.373313086461387,17.373313086461387,,0.9307019626989792,0.9307019626989792,0.9307019626989792,0.9307019626989792,43.60784940998383,43.60784940998383,43.60784940998383,43.60784940998383,0.8881435725047623,0.8881435725047623,0.8881435725047623,0.8881435725047623,0.9788143572504762,0.9788143572504762,0.9788143572504762,0.9788143572504762,42.68398909130888,42.68398909130888,42.68398909130888,42.68398909130888,170.7359563652355,4097.662952765651,0.0912196450998696,4.311514049627158e-05,0.19
1972-05-05,1972-05-16,1864.4507,0.9977817706837708,1860.314920798596,0.19,1972,5,5,1972.05,1971,8,218,32,0.1607312091569987,11.386686660075616,0.0061208382154928,0.79,4,Mod_Dry,47,10,10,10,115,192.0,0.1032083320159461,1668.314920798596,1100.0,,4,275.0,275.0,275.0,275.0,568.314920798596,53.0,8.0,15.0,29.59973545826021,462.71518534033584,100.0,18.0,25.0,39.599735458260206,577.7151853403359,1243.0,990.0,970.6487097441186,19.351290255881395,0.9262894125183112,0.48,988.5937105874816,0.5349,0.5349,0.5349,0.5349,17.410100843363118,17.410100843363118,17.410100843363118,17.410100843363118,,0.9308908678306697,0.9308908678306697,0.9308908678306697,0.9308908678306697,43.70905829814181,43.70905829814181,43.70905829814181,43.70905829814181,0.8902048533226438,0.8902048533226438,0.8902048533226438,0.8902048533226438,0.9790204853322644,0.9790204853322644,0.9790204853322644,0.9790204853322644,42.79206346846304,42.79206346846304,42.79206346846304,42.79206346846304,171.16825387385214,4108.038092972452,0.0920103644604285,4.3224306533801046e-05,0.19
1972-05-06,1972-05-17,1864.4507,0.9977817706837708,1860.314920798596,0.19,1972,5,6,1972.05,1971,8,219,32,0.1607312091569987,0.0,0.0,0.79,4,Mod_Dry,47,10,10,10,115,192.0,0.1032083320159461,1668.314920798596,1100.0,,4,275.0,275.0,275.0,275.0,568.314920798596,53.0,8.0,15.0,29.59973545826021,462.71518534033584,100.0,18.0,25.0,39.599735458260206,577.7151853403359,1243.0,990.0,970.6487097441186,19.351290255881395,0.9262894125183112,0.48,988.5937105874816,0.5349,0.5349,0.5349,0.5349,17.410100843363118,17.410100843363118,17.410100843363118,17.410100843363118,,0.9308908678306697,0.9308908678306697,0.9308908678306697,0.9308908678306697,43.70905829814181,43.70905829814181,43.70905829814181,43.70905829814181,0.8902048533226438,0.8902048533226438,0.8902048533226438,0.8902048533226438,0.9790204853322644,0.9790204853322644,0.9790204853322644,0.9790204853322644,42.79206346846304,42.79206346846304,42.79206346846304,42.79206346846304,171.16825387385214,4108.038092972452,0.0920103644604285,4.3224306533801046e-05,0.19
1972-05-07,1972-05-18,1852.4742,0.9909847503011144,1835.7736825262568,0.192,1972,5,7,1972.05,1971,8,220,32,0.1586108461702685,24.541238272339346,0.0133683353813894,0.79,4,Mod_Dry,47,10,10,10,115,192.0,0.104588055612489,1643.7736825262568,1100.0,,4,275.0,275.0,275.0,275.0,543.7736825262568,53.0,8.0,15.0,28.321545964909213,439.4521365613476,100.0,18.0,25.0,38.32154596490921,554.4521365613476,1243.0,990.0,970.5694226666232,19.43057733337673,0.9262894125183112,0.48,988.5937105874816,0.5349,0.5349,0.5349,0.5349,17.489387920858455,17.489387920858455,17.489387920858455,17.489387920858455,,0.931298006973608,0.931298006973608,0.931298006973608,0.931298006973608,43.92731693550439,43.92731693550439,43.92731693550439,43.92731693550439,0.8946500394196413,0.8946500394196413,0.8946500394196413,0.8946500394196413,0.979465003941964,0.979465003941964,0.979465003941964,0.979465003941964,43.025269655393714,43.025269655393714,43.025269655393714,43.025269655393714,172.10107862157486,4130.425886917797,0.0937485269887636,4.3459868338781527e-05,0.19
1972-05-08,1972-05-19,1816.8359,0.9916635128780744,1801.689870916998,0.196,1972,5,8,1972.05,1971,8,221,32,0.1556660048472286,34.083811609258646,0.0189176906411263,0.79,4,Mod_Dry,47,10,10,10,115,192.0,0.106566620093323,1609.689870916998,1100.0,,4,275.0,275.0,275.0,275.0,509.689870916998,53.000000000000014,8.0,15.0,26.54634744359365,407.14352347340434,100.0,18.0,25.0,36.546347443593646,522.1435234734043,1243.0,990.0,970.4593057368088,19.5406942631912,0.9262894125183112,0.48,988.5937105874816,0.5349,0.5349,0.5349,0.5349,17.599504850672922,17.599504850672922,17.599504850672922,17.599504850672922,,0.9318634574082054,0.9318634574082054,0.9318634574082054,0.9318634574082054,44.230731728599125,44.230731728599125,44.230731728599125,44.230731728599125,0.9008295667739128,0.9008295667739128,0.9008295667739128,0.9008295667739128,0.98,0.98,0.98,0.98,43.34611709402714,43.34611709402714,43.34611709402714,43.34611709402714,173.38446837610857,4161.227241026606,0.0962343581849976,4.378395666063348e-05,0.195
1972-05-09,1972-05-20,1793.3188,0.9856727560705408,1767.625484109115,0.199,1972,5,9,1972.05,1971,8,222,32,0.1527228418270275,34.06438680788301,0.0192712693464314,0.79,4,Mod_Dry,47,10,10,10,115,192.0,0.1086202941324803,1575.625484109115,1100.0,,4,275.0,275.0,275.0,275.0,475.62548410911495,53.0,7.9999999999999964,14.999999999999996,24.77216063068307,374.8533234784319,100.0,18.0,25.0,34.772160630683075,489.8533234784319,1243.0,990.0,970.3492515640448,19.650748435955165,0.9262894125183112,0.48,988.5937105874816,0.5349,0.5349,0.5349,0.5349,17.70955902343689,17.70955902343689,17.70955902343689,17.70955902343689,,0.9324285855853484,0.9324285855853484,0.9324285855853484,0.9324285855853484,44.53430916826936,44.53430916826936,44.53430916826936,44.53430916826936,0.9070124066857304,0.9070124066857304,0.9070124066857304,0.9070124066857304,0.98,0.98,0.98,0.98,43.64362298490397,43.64362298490397,43.64362298490397,43.64362298490397,174.57449193961588,4189.787806550781,0.098762149283903,4.408446766151916e-05,0.2
1972-05-10,1972-05-21,1793.3188,0.9856727560705408,1767.625484109115,0.199,1972,5,10,1972.05,1971,8,223,32,0.1527228418270275,0.0,0.0,0.79,4,Mod_Dry,47,10,10,10,115,192.0,0.1086202941324803,1575.625484109115,1100.0,,4,275.0,275.0,275.0,275.0,475.62548410911495,53.0,7.9999999999999964,14.999999999999996,24.77216063068307,374.8533234784319,100.0,18.0,25.0,34.772160630683075,489.8533234784319,1243.0,990.0,970.3492515640448,19.650748435955165,0.9262894125183112,0.48,988.5937105874816,0.5349,0.5349,0.5349,0.5349,17.70955902343689,17.70955902343689,17.70955902343689,17.70955902343689,,0.9324285855853484,0.9324285855853484,0.9324285855853484,0.9324285855853484,44.53430916826936,44.53430916826936,44.53430916826936,44.53430916826936,0.9070124066857304,0.9070124066857304,0.9070124066857304,0.9070124066857304,0.98,0.98,0.98,0.98,43.64362298490397,43.64362298490397,43.64362298490397,43.64362298490397,174.57449193961588,4189.787806550781,0.098762149283903,4.408446766151916e-05,0.2
1972-05-11,1972-05-22,1793.3188,0.9856727560705408,1767.625484109115,0.199,1972,5,11,1972.05,1971,8,224,32,0.1527228418270275,0.0,0.0,0.78,4,Mod_Dry,47,10,10,10,115,192.0,0.1086202941324803,1575.625484109115,1100.0,,4,275.0,275.0,275.0,275.0,475.62548410911495,53.0,7.9999999999999964,14.999999999999996,24.77216063068307,374.8533234784319,100.0,18.0,25.0,34.772160630683075,489.8533234784319,1243.0,990.0,970.3492515640448,19.650748435955165,0.9262894125183112,0.48,988.5937105874816,0.5349,0.5349,0.5349,0.5349,17.70955902343689,17.70955902343689,17.70955902343689,17.70955902343689,,0.9324285855853484,0.9324285855853484,0.9324285855853484,0.9324285855853484,44.53430916826936,44.53430916826936,44.53430916826936,44.53430916826936,0.9070124066857304,0.9070124066857304,0.9070124066857304,0.9070124066857304,0.98,0.98,0.98,0.98,43.64362298490397,43.64362298490397,43.64362298490397,43.64362298490397,174.57449193961588,4189.787806550781,0.098762149283903,4.408446766151916e-05,0.2
1972-05-12,1972-05-23,1793.3188,0.9856727560705408,1767.625484109115,0.199,1972,5,12,1972.05,1971,8,225,33,0.1527228418270275,0.0,0.0,0.78,4,Mod_Dry,47,10,10,10,115,192.0,0.1086202941324803,1575.625484109115,1100.0,,4,275.0,275.0,275.0,275.0,475.62548410911495,53.0,7.9999999999999964,14.999999999999996,24.77216063068307,374.8533234784319,100.0,18.0,25.0,34.772160630683075,489.8533234784319,1243.0,990.0,970.3492515640448,19.650748435955165,0.9262894125183112,0.48,988.5937105874816,0.5349,0.5349,0.5349,0.5349,17.70955902343689,17.70955902343689,17.70955902343689,17.70955902343689,,0.9324285855853484,0.9324285855853484,0.9324285855853484,0.9324285855853484,44.53430916826936,44.53430916826936,44.53430916826936,44.53430916826936,0.9070124066857304,0.9070124066857304,0.9070124066857304,0.9070124066857304,0.98,0.98,0.98,0.98,43.64362298490397,43.64362298490397,43.64362298490397,43.64362298490397,174.57449193961588,4189.787806550781,0.098762149283903,4.408446766151916e-05,0.2
1972-05-13,1972-05-24,1781.6326,0.9830968663905726,1751.5174261192883,0.201,1972,5,13,1972.05,1971,8,226,33,0.1513311056167065,16.10805798982642,0.0091966301617197,0.78,4,Mod_Dry,47,10,10,10,115,192.0,0.1096192348056739,1559.5174261192883,1100.0,,4,275.0,275.0,275.0,275.0,459.5174261192883,53.0,7.9999999999999964,14.999999999999996,23.933199277046267,359.58422684224206,100.0,18.0,25.0,33.93319927704627,474.58422684224206,1243.0,990.0,970.2972101459238,19.702789854076173,0.9262894125183112,0.48,988.5937105874816,0.5349,0.5349,0.5349,0.5349,17.761600441557896,17.761600441557896,17.761600441557896,17.761600441557896,,0.9326958182673998,0.9326958182673998,0.9326958182673998,0.9326958182673998,44.677978936024,44.677978936024,44.677978936024,44.677978936024,0.909938471202118,0.909938471202118,0.909938471202118,0.909938471202118,0.98,0.98,0.98,0.98,43.78441935730352,43.78441935730352,43.78441935730352,43.78441935730352,175.13767742921408,4203.304258301137,0.0999919697157989,4.42266862194985e-05,0.2
1972-05-14,1972-05-25,1769.9945,0.9864250135611264,1745.9668486656192,0.202,1972,5,14,1972.05,1971,8,227,33,0.1508515357247095,5.550577453669348,0.0031790852489046,0.78,4,Mod_Dry,47,10,10,10,115,192.0,0.1099677236980409,1553.9668486656192,1100.0,,4,275.0,275.0,275.0,275.0,453.9668486656192,53.000000000000014,7.9999999999999964,14.999999999999996,23.644106701334334,354.3227419642849,100.0,18.0,25.0,33.64410670133434,469.3227419642849,1243.0,990.0,970.2792775110736,19.720722488926413,0.9262894125183112,0.48,988.5937105874816,0.5349,0.5349,0.5349,0.5349,17.779533076408136,17.779533076408136,17.779533076408136,17.779533076408136,,0.9327879023473558,0.9327879023473558,0.9327879023473558,0.9327879023473558,44.72750260272614,44.72750260272614,44.72750260272614,44.72750260272614,0.9109470998518562,0.9109470998518562,0.9109470998518562,0.9109470998518562,0.98,0.98,0.98,0.98,43.832952550671614,43.832952550671614,43.832952550671614,43.832952550671614,175.33181020268646,4207.963444864475,0.1004210419783665,4.427570964714304e-05,0.2
1972-05-15,1972-05-26,1769.9945,0.9864250135611264,1745.9668486656192,0.202,1972,5,15,1972.05,1971,8,228,33,0.1508515357247095,0.0,0.0,0.78,4,Mod_Dry,47,10,10,10,115,192.0,0.1099677236980409,1553.9668486656192,1100.0,,4,275.0,275.0,275.0,275.0,453.9668486656192,53.000000000000014,7.9999999999999964,14.999999999999996,23.644106701334334,354.3227419642849,100.0,18.0,25.0,33.64410670133434,469.3227419642849,1243.0,990.0,970.2792775110736,19.720722488926413,0.9262894125183112,0.48,988.5937105874816,0.5349,0.5349,0.5349,0.5349,17.779533076408136,17.779533076408136,17.779533076408136,17.779533076408136,,0.9327879023473558,0.9327879023473558,0.9327879023473558,0.9327879023473558,44.72750260272614,44.72750260272614,44.72750260272614,44.72750260272614,0.9109470998518562,0.9109470998518562,0.9109470998518562,0.9109470998518562,0.98,0.98,0.98,0.98,43.832952550671614,43.832952550671614,43.832952550671614,43.832952550671614,175.33181020268646,4207.963444864475,0.1004210419783665,4.427570964714304e-05,0.2
1972-05-16,1972-05-27,1758.4044,0.981668277899988,1726.1698191997614,0.204,1972,5,16,1972.05,1971,8,229,33,0.1491410723788594,19.797029465857804,0.0114687612108961,0.78,4,Mod_Dry,47,10,10,10,115,192.0,0.1112289172620395,1534.1698191997614,1100.0,,4,275.0,275.0,275.0,275.0,434.1698191997614,53.0,8.0,15.0,22.61301141665424,335.5568077831072,100.0,18.0,25.0,32.61301141665424,450.5568077831072,1243.0,990.0,970.2153178774146,19.784682122585423,0.9262894125183112,0.48,988.5937105874816,0.5349,0.5349,0.5349,0.5349,17.843492710067146,17.843492710067146,17.843492710067146,17.843492710067146,,0.9331163350661948,0.9331163350661948,0.9331163350661948,0.9331163350661948,44.904209282423466,44.904209282423466,44.904209282423466,44.904209282423466,0.9145460138986448,0.9145460138986448,0.9145460138986448,0.9145460138986448,0.98,0.98,0.98,0.98,44.006125096774994,44.006125096774994,44.006125096774994,44.006125096774994,176.02450038709998,4224.588009290399,0.1019740343210864,4.445063141088383e-05,0.205
1972-05-17,1972-05-28,1735.3679,0.9841314895494252,1707.8301963432584,0.206,1972,5,17,1972.05,1971,8,230,33,0.1475565289640575,18.339622856502963,0.0107385516989751,0.78,4,Mod_Dry,47,10,10,10,115,192.0,0.1124233547404789,1515.8301963432584,1100.0,,4,275.0,275.0,275.0,275.0,415.8301963432584,52.99999999999999,8.0,15.0,21.65782272621138,318.1723736170471,100.0,18.0,25.0,31.65782272621138,433.1723736170471,1243.0,990.0,970.156066788186,19.843933211814036,0.9262894125183112,0.48,988.5937105874816,0.5349,0.5349,0.5349,0.5349,17.902743799295756,17.902743799295756,17.902743799295756,17.902743799295756,,0.9334205894093838,0.9334205894093838,0.9334205894093838,0.9334205894093838,45.06800837019168,45.06800837019168,45.06800837019168,45.06800837019168,0.9178820441994232,0.9178820441994232,0.9178820441994232,0.9178820441994232,0.98,0.98,0.98,0.98,44.16664820278785,44.16664820278785,44.16664820278785,44.16664820278785,176.6665928111514,4239.998227467633,0.1034450574708324,4.4612775962411966e-05,0.205
1972-05-18,1972-05-29,1723.9214,0.982538593168556,1693.8193070891668,0.208,1972,5,18,1972.05,1971,8,231,33,0.146345988132504,14.010889254091351,0.0082717732614402,0.78,4,Mod_Dry,47,10,10,10,115,192.0,0.1133532952401826,1501.8193070891668,1100.0,,4,275.0,275.0,275.0,275.0,401.8193070891669,53.0,8.0,15.0,20.928088910894107,304.8912181782728,100.0,18.0,25.0,30.928088910894107,419.8912181782728,1243.0,990.0,970.110800838288,19.889199161711872,0.9262894125183112,0.48,988.5937105874816,0.5349,0.5349,0.5349,0.5349,17.948009749193595,17.948009749193595,17.948009749193595,17.948009749193595,,0.9336530300621092,0.9336530300621092,0.9336530300621092,0.9336530300621092,45.193211189221294,45.193211189221294,45.193211189221294,45.193211189221294,0.9204319997804744,0.9204319997804744,0.9204319997804744,0.9204319997804744,0.98,0.98,0.98,0.98,44.28934696543687,44.28934696543687,44.28934696543687,44.28934696543687,177.15738786174748,4251.77730868194,0.1045904879701678,4.473671410650189e-05,0.21
1972-05-19,1972-05-30,1701.1714,0.9756355469043254,1659.7232892169968,0.212,1972,5,19,1972.05,1971,8,232,34,0.1434000921883485,34.09601787217025,0.0205431942141726,0.78,4,Mod_Dry,47,10,10,10,115,192.0,0.1156819339991182,1467.7232892169968,1100.0,,4,275.0,275.0,275.0,275.0,367.7232892169968,53.0,8.0,15.0,19.152254646718585,272.57103457027824,100.0,18.0,25.0,29.152254646718585,387.57103457027824,1243.0,990.0,970.0006444728548,19.9993555271451,0.9262894125183112,0.48,988.5937105874816,0.5349,0.5349,0.5349,0.5349,18.05816611462682,18.05816611462682,18.05816611462682,18.05816611462682,,0.9341032232610744,0.9341032232610744,0.9341032232610744,0.9341032232610744,45.49251089045048,45.49251089045048,45.49251089045048,45.49251089045048,0.9265277167097856,0.9265277167097856,0.9265277167097856,0.9265277167097856,0.98,0.98,0.98,0.98,44.58266067264147,44.58266067264147,44.58266067264147,44.58266067264147,178.33064269056587,4279.935424573581,0.1074460085299498,4.503299057842573e-05,0.21
1972-05-20,1972-05-31,1701.1714,0.9756355469043254,1659.7232892169968,0.212,1972,5,20,1972.05,1971,8,233,34,0.1434000921883485,0.0,0.0,0.78,4,Mod_Dry,47,10,10,10,115,192.0,0.1156819339991182,1467.7232892169968,1100.0,,4,275.0,275.0,275.0,275.0,367.7232892169968,53.0,8.0,15.0,19.152254646718585,272.57103457027824,100.0,18.0,25.0,29.152254646718585,387.57103457027824,1243.0,990.0,970.0006444728548,19.9993555271451,0.9262894125183112,0.48,988.5937105874816,0.5349,0.5349,0.5349,0.5349,18.05816611462682,18.05816611462682,18.05816611462682,18.05816611462682,,0.9341032232610744,0.9341032232610744,0.9341032232610744,0.9341032232610744,45.49251089045048,45.49251089045048,45.49251089045048,45.49251089045048,0.9265277167097856,0.9265277167097856,0.9265277167097856,0.9265277167097856,0.98,0.98,0.98,0.98,44.58266067264147,44.58266067264147,44.58266067264147,44.58266067264147,178.33064269056587,4279.935424573581,0.1074460085299498,4.503299057842573e-05,0.21
1972-05-21,1972-06-01,1678.6114,0.9718781251926132,1631.4057003589478,0.215,1972,5,21,1972.05,1971,8,234,34,0.1409534525110131,28.31758885804902,0.0173577846711081,0.7000000000000001,4,Mod_Dry,47,10,10,10,115,192.0,0.1176899160998122,1439.4057003589478,1100.0,,4,275.0,275.0,275.0,275.0,339.4057003589478,53.000000000000014,8.0,15.0,17.677380227028532,245.72832013191925,100.0,18.0,25.0,27.67738022702853,360.7283201319193,1243.0,990.0,969.9091568780829,20.09084312191726,0.9262894125183112,0.48,988.5937105874816,0.5349,0.5349,0.5349,0.5349,18.149653709398983,18.149653709398983,18.149653709398983,18.149653709398983,,0.934391409184607,0.934391409184607,0.934391409184607,0.934391409184607,45.73709463838924,45.73709463838924,45.73709463838924,45.73709463838924,0.9315090557716748,0.9315090557716748,0.9315090557716748,0.9315090557716748,0.98,0.98,0.98,0.98,44.82235274562145,44.82235274562145,44.82235274562145,44.82235274562145,179.2894109824858,4302.945863579659,0.1098987277922578,4.527510378345601e-05,0.215
1972-05-22,1972-06-02,1667.4025,0.969982977775391,1617.3520421001313,0.216,1972,5,22,1972.05,1971,8,235,34,0.1397392164374513,14.05365825881654,0.0086893007168481,0.7000000000000001,4,Mod_Dry,47,10,10,10,115,192.0,0.1187125591721441,1425.3520421001313,1100.0,,4,275.0,275.0,275.0,275.0,325.35204210013126,53.0,8.0,15.0,16.94541885938184,232.40662324074947,100.0,18.0,25.0,26.94541885938184,347.40662324074947,1243.0,990.0,969.8637527514004,20.1362472485996,0.9262894125183112,0.48,988.5937105874816,0.5349,0.5349,0.5349,0.5349,18.195057836081325,18.195057836081325,18.195057836081325,18.195057836081325,,0.9345344321836562,0.9345344321836562,0.9345344321836562,0.9345344321836562,45.85853123618099,45.85853123618099,45.85853123618099,45.85853123618099,0.9339823062358652,0.9339823062358652,0.9339823062358652,0.9339823062358652,0.98,0.98,0.98,0.98,44.94136061145737,44.94136061145737,44.94136061145737,44.94136061145737,179.76544244582948,4314.370618699908,0.1111479985596729,4.539531374894684e-05,0.215
1972-05-23,1972-06-03,1656.2409,0.9717907482149442,1609.5195834351923,0.217,1972,5,23,1972.05,1971,8,236,34,0.1390624920088006,7.832458664938713,0.0048663332497153,0.7000000000000001,4,Mod_Dry,47,10,10,10,115,192.0,0.1192902540460023,1417.5195834351923,1100.0,,4,275.0,275.0,275.0,275.0,317.5195834351923,53.0,8.0,15.0,16.537478303916266,224.98210513127609,100.0,18.0,25.0,26.537478303916263,339.98210513127606,1243.0,990.0,969.8384478849443,20.161552115055542,0.9262894125183112,0.48,988.5937105874816,0.5349,0.5349,0.5349,0.5349,18.220362702537265,18.220362702537265,18.220362702537265,18.220362702537265,,0.9346141425129924,0.9346141425129924,0.9346141425129924,0.9346141425129924,45.92622611954096,45.92622611954096,45.92622611954096,45.92622611954096,0.9353610207645816,0.9353610207645816,0.9353610207645816,0.9353610207645816,0.98,0.98,0.98,0.98,45.00770159715015,45.00770159715015,45.00770159715015,45.00770159715015,180.03080638860058,4320.739353326414,0.1118537532823064,4.546232484560621e-05,0.215
1972-05-24,1972-06-04,1645.1264,0.9659758417726594,1589.152359062425,0.219,1972,5,24,1972.05,1971,8,237,34,0.1373027638229935,20.367224372767623,0.0128164076003284,0.7000000000000001,4,Mod_Dry,47,10,10,10,115,192.0,0.1208191265646026,1397.152359062425,1100.0,,4,275.0,275.0,275.0,275.0,297.1523590624249,53.0,7.999999999999998,14.999999999999998,15.476685367834632,205.67567369459036,100.0,18.0,25.0,25.476685367834637,320.6756736945904,1243.0,990.0,969.7726460831248,20.227353916875245,0.9262894125183112,0.48,988.5937105874816,0.5349,0.5349,0.5349,0.5349,18.286164504356968,18.286164504356968,18.286164504356968,18.286164504356968,,0.9348214181887244,0.9348214181887244,0.9348214181887244,0.9348214181887244,46.10230822107891,46.10230822107891,46.10230822107891,46.10230822107891,0.9389472142785928,0.9389472142785928,0.9389472142785928,0.9389472142785928,0.98,0.98,0.98,0.98,45.18026205665733,45.18026205665733,45.18026205665733,45.18026205665733,180.7210482266293,4337.305157439103,0.1137216624926082,4.56366283400579e-05,0.22
1972-05-25,1972-06-05,1634.0591,0.9609900846319126,1570.314592802547,0.221,1972,5,25,1972.05,1971,8,238,34,0.13567518081814,18.83776625987798,0.0119961734713667,0.7000000000000001,4,Mod_Dry,47,10,10,10,115,192.0,0.1222684937655306,1378.314592802547,1100.0,,4,275.0,275.0,275.0,275.0,278.31459280254694,53.0,7.999999999999998,14.495551708465989,14.495551708465989,188.323489385615,100.0,18.0,24.49555170846599,24.49555170846599,303.323489385615,1242.495551708466,990.0,969.711785607516,20.288214392484065,0.9249827227994948,0.48,988.5950172772004,0.5349,0.5349,0.5349,0.5349,18.348331669684505,18.348331669684505,18.348331669684505,18.348331669684505,,0.9350172447595062,0.9350172447595062,0.9350172447595062,0.9350172447595062,46.26873181439121,46.26873181439121,46.26873181439121,46.26873181439121,0.942336696830778,0.942336696830778,0.942336696830778,0.942336696830778,0.98,0.98,0.98,0.98,45.34335717810338,45.34335717810338,45.34335717810338,45.34335717810338,181.37342871241356,4352.962289097924,0.1155013330091492,4.580137088697311e-05,0.22
1972-05-26,1972-06-06,1612.0655,0.96221627423111,1551.1556592265113,0.223,1972,5,26,1972.05,1971,8,239,35,0.1340198489571705,19.15893357603568,0.0123513932738312,0.7000000000000001,4,Mod_Dry,47,10,10,10,115,192.0,0.1237786800170277,1359.1556592265113,1100.0,,4,275.0,275.0,275.0,275.0,259.15565922651126,53.00000000000001,8.0,13.497690584714128,13.497690584714128,171.160278057083,100.0,18.0,23.497690584714128,23.497690584714128,286.160278057083,1241.497690584714,990.0,969.649887514424,20.35011248557589,0.9223979288907918,0.48,988.5976020711092,0.5349,0.5349,0.5349,0.5349,18.412814556685127,18.412814556685127,18.412814556685127,18.412814556685127,,0.9352203658535582,0.9352203658535582,0.9352203658535582,0.9352203658535582,46.4414240521395,46.4414240521395,46.4414240521395,46.4414240521395,0.9458538503490732,0.9458538503490732,0.9458538503490732,0.9458538503490732,0.98,0.98,0.98,0.98,45.51259557109671,45.51259557109671,45.51259557109671,45.51259557109671,182.05038228438684,4369.209174825284,0.1173643542487327,4.5972318758683545e-05,0.225
1972-05-27,1972-06-07,1601.139,0.9548448794010084,1528.8393753592509,0.226,1972,5,27,1972.05,1971,8,240,35,0.1320917220310392,22.31628386726038,0.0145968793235825,0.7000000000000001,4,Mod_Dry,47,10,10,10,115,192.0,0.1255854624720686,1336.8393753592509,1100.0,,4,275.0,275.0,275.0,275.0,236.83937535925088,52.99999999999999,7.999999999999998,12.335384133294315,12.335384133294315,151.16860709266226,100.0,18.0,22.33538413329432,22.33538413329432,266.1686070926622,1240.3353841332944,990.0,969.5777887511608,20.42221124883929,0.9193871666071786,0.48,988.6006128333928,0.5349,0.5349,0.5349,0.5349,18.48792408223209,18.48792408223209,18.48792408223209,18.48792408223209,,0.9354569608590312,0.9354569608590312,0.9354569608590312,0.9354569608590312,46.64266466393829,46.64266466393829,46.64266466393829,46.64266466393829,0.9499524371474192,0.9499524371474192,0.9499524371474192,0.9499524371474192,0.98,0.98,0.98,0.98,45.70981137065952,45.70981137065952,45.70981137065952,45.70981137065952,182.8392454826381,4388.141891583314,0.1195934958436519,4.617152663702982e-05,0.225
1972-05-28,1972-06-08,1579.4263,0.9567215637917794,1511.0711996298642,0.229,1972,5,28,1972.05,1971,8,241,35,0.1305565516480202,17.768175729386712,0.0117586621555218,0.7000000000000001,4,Mod_Dry,47,10,10,10,115,192.0,0.1270621794969226,1319.0711996298642,1100.0,,4,275.0,275.0,275.0,275.0,219.07119962986417,53.0,8.0,11.409958314055428,11.409958314055428,135.2512830017533,100.0,18.0,21.409958314055427,21.409958314055427,250.2512830017533,1239.4099583140555,990.0,969.5203838757272,20.479616124272752,0.9169900043532456,0.48,988.6030099956467,0.5349,0.5349,0.5349,0.5349,18.547726119919496,18.547726119919496,18.547726119919496,18.547726119919496,,0.9356453372777463,0.9356453372777463,0.9356453372777463,0.9356453372777463,46.80296053328163,46.80296053328163,46.80296053328163,46.80296053328163,0.9532171188041064,0.9532171188041064,0.9532171188041064,0.9532171188041064,0.98,0.98,0.98,0.98,45.866901322616,45.866901322616,45.866901322616,45.866901322616,183.467605290464,4403.222526971135,0.1214155926837889,4.633020335617777e-05,0.23
1972-05-29,1972-06-09,1568.6399,0.9517310164019286,1492.9232463956196,0.231,1972,5,29,1972.05,1971,8,242,35,0.1289885684885815,18.147953234244603,0.0121559854319767,0.7000000000000001,4,Mod_Dry,47,10,10,10,115,192.0,0.1286067454998424,1300.9232463956196,1100.0,,4,275.0,275.0,275.0,275.0,200.9232463956196,49.18433635726104,7.999999999999998,10.46475241643852,10.46475241643852,122.80940520548153,96.18433635726105,18.0,20.46475241643852,20.46475241643852,237.8094052054815,1234.6490887736995,990.0,969.4617520268166,20.53824797318339,0.904657760622,0.48,988.615342239378,0.5349,0.5349,0.5349,0.5349,18.618690212561425,18.618690212561425,18.618690212561425,18.618690212561425,,0.9358688741695684,0.9358688741695684,0.9358688741695684,0.9358688741695684,46.993254473441375,46.993254473441375,46.993254473441375,46.993254473441375,0.9570927591332256,0.9570927591332256,0.9570927591332256,0.9570927591332256,0.98,0.98,0.98,0.98,46.053389383972544,46.053389383972544,46.053389383972544,46.053389383972544,184.21355753589015,4421.125380861364,0.1233911776647854,4.65185751353258e-05,0.23
1972-05-30,1972-06-10,1547.2067,0.947753481275309,1466.3705361774826,0.234,1972,5,30,1972.05,1971,8,243,35,0.1266944143257345,26.55271021813701,0.0181077766928912,0.7000000000000001,4,Mod_Dry,47,10,10,10,115,192.0,0.130935527728553,1274.3705361774826,1100.0,,4,275.0,275.0,275.0,275.0,174.37053617748256,42.68445416844625,8.0,9.081798759243885,9.081798759243885,105.52248449054856,89.68445416844625,18.0,19.081798759243885,19.081798759243885,220.52248449054852,1226.7662529276902,990.0,969.3759663476504,20.62403365234968,0.8842472893201092,0.48,988.63575271068,0.5349,0.5349,0.5349,0.5349,18.724886363029547,18.724886363029547,18.724886363029547,18.724886363029547,,0.9362033920435432,0.9362033920435432,0.9362033920435432,0.9362033920435432,47.27818485592512,47.27818485592512,47.27818485592512,47.27818485592512,0.9628958219129352,0.9628958219129352,0.9628958219129352,0.9628958219129352,0.98,0.98,0.98,0.98,46.33262115880662,46.33262115880662,46.33262115880662,46.33262115880662,185.33048463522647,4447.931631245436,0.1263872125515722,4.6800627433138e-05,0.235
1972-05-31,1972-06-11,1547.2067,0.947753481275309,1466.3705361774826,0.234,1972,5,31,1972.05,1971,8,244,35,0.1266944143257345,0.0,0.0,0.7000000000000001,4,Mod_Dry,47,10,10,10,115,192.0,0.130935527728553,1274.3705361774826,1100.0,,4,275.0,275.0,275.0,275.0,174.37053617748256,42.68445416844625,8.0,9.081798759243885,9.081798759243885,105.52248449054856,89.68445416844625,18.0,19.081798759243885,19.081798759243885,220.52248449054852,1226.7662529276902,990.0,969.3759663476504,20.62403365234968,0.8842472893201092,0.48,988.63575271068,0.5349,0.5349,0.5349,0.5349,18.724886363029547,18.724886363029547,18.724886363029547,18.724886363029547,,0.9362033920435432,0.9362033920435432,0.9362033920435432,0.9362033920435432,47.27818485592512,47.27818485592512,47.27818485592512,47.27818485592512,0.9628958219129352,0.9628958219129352,0.9628958219129352,0.9628958219129352,0.98,0.98,0.98,0.98,46.33262115880662,46.33262115880662,46.33262115880662,46.33262115880662,185.33048463522647,4447.931631245436,0.1263872125515722,4.6800627433138e-05,0.235
1972-06-01,1972-06-12,1525.9589,0.9480519815469955,1446.688358904274,0.237,1972,6,1,1972.06,1971,9,245,35,0.1249938742093292,19.68217727320848,0.0136049876616936,0.67,3,Normal,53,12,12,13,120,210.0,0.1451591137147565,1236.688358904274,1100.0,,4,275.0,275.0,275.0,275.0,136.68835890427408,34.49753819965012,6.000000000000001,7.810763365958519,8.46166031312173,79.91839702554371,87.49753819965012,18.0,19.81076336595852,21.46166031312173,199.9183970255437,1225.3083015656086,990.0,969.3123777749216,20.687622225078485,0.8821107231930518,0.48,988.637889276807,0.5349,0.5349,0.5349,0.5349,18.790611501885444,18.790611501885444,18.790611501885444,18.790611501885444,,0.9364104262309392,0.9364104262309392,0.9364104262309392,0.9364104262309392,47.45462517924111,47.45462517924111,47.45462517924111,47.45462517924111,0.9664893111861732,0.9664893111861732,0.9664893111861732,0.9664893111861732,0.98,0.98,0.98,0.98,46.50553267565628,46.50553267565628,46.50553267565628,46.50553267565628,186.02213070262516,4464.531136863003,0.1285847982101126,4.697528553096594e-05,0.235
1972-06-02,1972-06-13,1504.8959,0.9514248483621192,1431.7953534582748,0.241,1972,6,2,1972.06,1971,9,246,36,0.1237071185387949,14.89300544599928,0.0104016299606138,0.67,3,Normal,53,12,12,13,120,210.0,0.146669005101028,1221.7953534582748,1100.0,,4,275.0,275.0,275.0,275.0,121.7953534582748,30.73882730137412,6.0,6.959734483329989,7.539712356940821,70.55707931662988,83.73882730137412,18.0,18.95973448332999,20.53971235694082,190.55707931662988,1220.698561784704,990.0,969.2642619111728,20.735738088827134,0.8753553442918179,0.48,988.644644655708,0.5349,0.5349,0.5349,0.5349,18.845482744535268,18.845482744535268,18.845482744535268,18.845482744535268,,0.936583270645286,0.936583270645286,0.936583270645286,0.936583270645286,47.60198423813496,47.60198423813496,47.60198423813496,47.60198423813496,0.9694905140149688,0.9694905140149688,0.9694905140149688,0.9694905140149688,0.98,0.98,0.98,0.98,46.64994455337226,46.64994455337226,46.64994455337226,46.64994455337226,186.59977821348903,4478.394677123737,0.1303257324887853,4.712115611451744e-05,0.24
1972-06-03,1972-06-14,1484.0171,0.9431309976592172,1399.6225280663384,0.244,1972,6,3,1972.06,1971,9,247,36,0.1209273864249316,32.172825391936385,0.0229867873278554,0.67,3,Normal,53,12,12,13,120,210.0,0.1500404543288735,1189.6225280663384,1100.0,,4,275.0,275.0,275.0,275.0,89.62252806633842,22.619018988171124,5.121287318076481,5.121287318076481,5.548061261249521,51.21287318076481,75.61901898817112,17.121287318076483,17.121287318076483,18.54806126124952,171.2128731807648,1209.861593624324,990.0,969.1603189368298,20.839681063170246,0.859474225282188,0.48,988.6605257747178,0.5349,0.5349,0.5349,0.5349,18.965306837888072,18.965306837888072,18.965306837888072,18.965306837888072,,0.9369607165393474,0.9369607165393474,0.9369607165393474,0.9369607165393474,47.92395477466159,47.92395477466159,47.92395477466159,47.92395477466159,0.9760479587507452,0.9760479587507452,0.9760479587507452,0.9760479587507452,0.98,0.98,0.98,0.98,46.96547567916836,46.96547567916836,46.96547567916836,46.96547567916836,187.86190271667343,4508.6856652001625,0.1342232630223634,4.7439874423402384e-05,0.245
1972-06-04,1972-06-15,1463.3217,0.94550510416192,1383.5781363808978,0.248,1972,6,4,1972.06,1971,9,248,36,0.1195411509833096,16.044391685440587,0.0115963032831732,0.67,3,Normal,53,12,12,13,120,210.0,0.1517803689420163,1173.5781363808978,1100.0,,4,275.0,275.0,275.0,275.0,73.57813638089783,18.5697201342266,4.204464936051305,4.204464936051305,4.55483701405558,42.04464936051304,71.5697201342266,16.204464936051306,16.204464936051306,17.55483701405558,162.04464936051303,1203.9786500063292,990.0,969.108483209846,20.89151679015401,0.8508530199467425,0.48,988.6691469800533,0.5349,0.5349,0.5349,0.5349,19.02576377020727,19.02576377020727,19.02576377020727,19.02576377020727,,0.9371503829630466,0.9371503829630466,0.9371503829630466,0.9371503829630466,48.08645709895112,48.08645709895112,48.08645709895112,48.08645709895112,0.979357578390043,0.979357578390043,0.979357578390043,0.979357578390043,0.98,0.98,0.98,0.98,47.124727956972094,47.124727956972094,47.124727956972094,47.124727956972094,188.4989118278884,4523.973883869321,0.1362401637257404,4.7600735310072825e-05,0.25
1972-06-05,1972-06-16,1463.3217,0.94550510416192,1383.5781363808978,0.248,1972,6,5,1972.06,1971,9,249,36,0.1195411509833096,0.0,0.0,0.67,3,Normal,53,12,12,13,120,210.0,0.1517803689420163,1173.5781363808978,1100.0,,4,275.0,275.0,275.0,275.0,73.57813638089783,18.5697201342266,4.204464936051305,4.204464936051305,4.55483701405558,42.04464936051304,71.5697201342266,16.204464936051306,16.204464936051306,17.55483701405558,162.04464936051303,1203.9786500063292,990.0,969.108483209846,20.89151679015401,0.8508530199467425,0.48,988.6691469800533,0.5349,0.5349,0.5349,0.5349,19.02576377020727,19.02576377020727,19.02576377020727,19.02576377020727,,0.9371503829630466,0.9371503829630466,0.9371503829630466,0.9371503829630466,48.08645709895112,48.08645709895112,48.08645709895112,48.08645709895112,0.979357578390043,0.979357578390043,0.979357578390043,0.979357578390043,0.98,0.98,0.98,0.98,47.124727956972094,47.124727956972094,47.124727956972094,47.124727956972094,188.4989118278884,4523.973883869321,0.1362401637257404,4.7600735310072825e-05,0.25
1972-06-06,1972-06-17,1453.0426,0.9400588702282704,1365.945584949549,0.25,1972,6,6,1972.06,1971,9,250,36,0.118017698539641,17.63255143134893,0.0129086777874831,0.67,3,Normal,53,12,12,13,120,210.0,0.153739652819154,1155.945584949549,1100.0,,4,275.0,275.0,275.0,275.0,55.9455849495489,14.119600011076628,3.1968905685456512,3.1968905685456512,3.463298115924456,31.968905685456512,67.11960001107663,15.196890568545651,15.196890568545651,16.463298115924456,151.96890568545652,1197.513381148168,990.0,969.0515165052216,20.94848349477843,0.8413784415733284,0.48,988.6786215584268,0.5349,0.5349,0.5349,0.5349,19.092205053205127,19.092205053205127,19.092205053205127,19.092205053205127,,0.937357679766,0.937357679766,0.937357679766,0.937357679766,48.26505721313968,48.26505721313968,48.26505721313968,48.26505721313968,0.9829950552574273,0.9829950552574273,0.9829950552574273,0.9829950552574273,0.98,0.98,0.98,0.98,47.29975606887688,47.29975606887688,47.29975606887688,47.29975606887688,189.19902427550755,4540.77658261218,0.1385113919325677,4.777753138270392e-05,0.25
1972-06-07,1972-06-18,1432.6212,0.9362992295163016,1341.3621257487196,0.254,1972,6,7,1972.06,1971,9,251,36,0.1158936876646893,24.58345920082934,0.0183272352252434,0.67,3,Normal,53,12,12,13,120,210.0,0.156557275599818,1131.3621257487196,1100.0,,4,275.0,275.0,275.0,275.0,31.362125748719563,7.915203165153033,1.7921214713554037,1.7921214713554037,1.9414649273016875,17.921214713554036,60.91520316515303,13.792121471355404,13.792121471355404,14.941464927301688,137.92121471355404,1188.4994461078638,990.0,968.9728523952102,21.02714760478977,0.8281689005834869,0.48,988.6918310994164,0.5349,0.5349,0.5349,0.5349,19.18407870420628,19.18407870420628,19.18407870420628,19.18407870420628,,0.9376443255571236,0.9376443255571236,0.9376443255571236,0.9376443255571236,48.51214419633605,48.51214419633605,48.51214419633605,48.51214419633605,0.9880273767074552,0.9880273767074552,0.9880273767074552,0.9880273767074552,0.98,0.98,0.98,0.98,47.54190131240933,47.54190131240933,47.54190131240933,47.54190131240933,190.1676052496373,4564.022525991296,0.1417720104058326,4.80221225377872e-05,0.255
1972-06-08,1972-06-19,1422.4786,0.9333766458487232,1327.7083044595877,0.255,1972,6,8,1972.06,1971,9,252,36,0.1147139975053083,13.653821289132113,0.0102837507630786,0.67,3,Normal,53,12,12,13,120,210.0,0.1581672716022331,1117.7083044595877,1100.0,,4,275.0,275.0,275.0,275.0,17.70830445958768,4.469238744562605,1.0119031119764388,1.0119031119764388,1.0962283713078087,10.119031119764388,57.4692387445626,13.01190311197644,13.01190311197644,14.09622837130781,130.1190311197644,1183.4930449685155,990.0,968.9299403854444,21.07005961455559,0.8208322312192069,0.48,988.6991677687809,0.5349,0.5349,0.5349,0.5349,19.23432738333633,19.23432738333633,19.23432738333633,19.23432738333633,,0.9378011014360094,0.9378011014360094,0.9378011014360094,0.9378011014360094,48.64734417179004,48.64734417179004,48.64734417179004,48.64734417179004,0.9907809403623226,0.9907809403623226,0.9907809403623226,0.9907809403623226,0.98,0.98,0.98,0.98,47.67439728835424,47.67439728835424,47.67439728835424,47.67439728835424,190.6975891534169,4576.742139682006,0.1436291303691407,4.815595685692347e-05,0.255
1972-06-09,1972-06-20,1392.323,0.9273803807430936,1291.2130338573666,0.261,1972,6,9,1972.06,1971,9,253,37,0.1115608061252764,36.4952706022209,0.0282643294679229,0.67,3,Normal,53,12,12,13,120,210.0,0.1626377634778411,1081.2130338573666,1081.2130338573666,,4,270.30325846434164,270.30325846434164,270.30325846434164,270.30325846434164,0.0,0.0,0.0,0.0,0.0,0.0,53.0,12.0,12.0,13.0,120.0,1158.2130338573666,990.0,968.8152409635516,21.184759036448327,0.7837854429404775,0.4555769440145765,988.760637613045,0.5167705776723587,0.5167705776723587,0.5167705776723587,0.5167705776723587,19.42862607182096,19.42862607182096,19.42862607182096,19.42862607182096,,0.9385341163829616,0.9385341163829616,0.9385341163829616,0.9385341163829616,48.33727177349304,48.33727177349304,48.33727177349304,48.33727177349304,0.984465820234074,0.984465820234074,0.984465820234074,0.984465820234074,0.98,0.98,0.98,0.98,47.370526338023176,47.370526338023176,47.370526338023176,47.370526338023176,189.4821053520927,4547.570528450225,0.146747361112081,4.868043253749985e-05,0.26
1972-06-10,1972-06-21,1362.5733,0.9145051960029634,1246.0803627849048,0.265,1972,6,10,1972.06,1971,9,254,37,0.1076613433446157,45.13267107246179,0.0362197113608253,0.67,3,Normal,53,12,12,13,120,210.0,0.1685284563273786,1036.0803627849048,1036.0803627849048,,4,259.0200906962262,259.0200906962262,259.0200906962262,259.0200906962262,0.0,0.0,0.0,0.0,0.0,0.0,53.0,12.0,12.0,13.0,120.0,1113.0803627849048,990.0,968.6733954258954,21.32660457410464,0.7176454202037932,0.3969044716203762,988.885450108176,0.4746135319481879,0.4746135319481879,0.4746135319481879,0.4746135319481879,19.73744115033231,19.73744115033231,19.73744115033231,19.73744115033231,,0.9391362836614652,0.9391362836614652,0.9391362836614652,0.9391362836614652,47.08598051981171,47.08598051981171,47.08598051981171,47.08598051981171,0.9589812733159208,0.9589812733159208,0.9589812733159208,0.9589812733159208,0.98,0.98,0.98,0.98,46.14426090941548,46.14426090941548,46.14426090941548,46.14426090941548,184.57704363766192,4429.8490473038855,0.1481261154177446,4.948593067882113e-05,0.265
1972-06-11,1972-06-22,1342.9646,0.905877929951145,1216.5619918456675,0.269,1972,6,11,1972.06,1971,9,255,37,0.1051109560954656,29.51837093923724,0.0242637622555135,0.56,3,Normal,53,12,12,13,120,210.0,0.1726175907249948,1006.5619918456676,1006.5619918456676,,4,251.64049796141688,251.64049796141688,251.64049796141688,251.64049796141688,0.0,0.0,0.0,0.0,0.0,0.0,53.0,12.0,12.0,13.0,120.0,1083.5619918456675,990.0,968.5806234029436,21.419376597056495,0.6743874946549931,0.3585305893993677,988.9670819159456,0.4479401727426441,0.4479401727426441,0.4479401727426441,0.4479401727426441,19.938518340259492,19.938518340259492,19.938518340259492,19.938518340259492,,0.939186588532226,0.939186588532226,0.939186588532226,0.939186588532226,46.21298269548566,46.21298269548566,46.21298269548566,46.21298269548566,0.9412012768938016,0.9412012768938016,0.9412012768938016,0.9412012768938016,0.98,0.98,0.98,0.98,45.28872304157594,45.28872304157594,45.28872304157594,45.28872304157594,181.15489216630377,4347.717411991291,0.1489072430180648,4.99927513528092e-05,0.27
1972-06-12,1972-06-23,1333.2273,0.906175230008076,1208.137555230546,0.272,1972,6,12,1972.06,1971,9,256,37,0.1043830847719191,8.424436615121522,0.0069730773442548,0.56,3,Normal,53,12,12,13,120,210.0,0.1738212665360992,998.137555230546,998.137555230546,,4,249.5343888076365,249.5343888076365,249.5343888076365,249.5343888076365,0.0,0.0,0.0,0.0,0.0,0.0,53.0,12.0,12.0,13.0,120.0,1075.137555230546,990.0,968.5541466021532,21.44585339784692,0.6620418387027163,0.3485100441844367,988.9894481171128,0.4404703608267277,0.4404703608267277,0.4404703608267277,0.4404703608267277,19.99483115413302,19.99483115413302,19.99483115413302,19.99483115413302,,0.939194540341711,0.939194540341711,0.939194540341711,0.939194540341711,45.95601948627458,45.95601948627458,45.95601948627458,45.95601948627458,0.9359678103110912,0.9359678103110912,0.9359678103110912,0.9359678103110912,0.98,0.98,0.98,0.98,45.036899096549085,45.036899096549085,45.036899096549085,45.036899096549085,180.14759638619637,4323.542313268712,0.1491118255584888,5.013437149412474e-05,0.27
1972-06-13,1972-06-24,1313.8865,0.9097424573913048,1195.2983332432605,0.275,1972,6,13,1972.06,1971,9,257,37,0.1032737759922177,12.839221987285557,0.0107414372045916,0.56,3,Normal,53,12,12,13,120,210.0,0.1756883567554193,985.2983332432603,985.2983332432603,,4,246.32458331081511,246.32458331081511,246.32458331081511,246.32458331081511,0.0,0.0,0.0,0.0,0.0,0.0,53.0,12.0,12.0,13.0,120.0,1062.2983332432605,990.0,968.5137947616216,21.48620523837837,0.643226501298976,0.3382386665946083,989.0185348321064,0.4292360415878529,0.4292360415878529,0.4292360415878529,0.4292360415878529,20.075504028896933,20.075504028896933,20.075504028896933,20.075504028896933,,0.9391423249101716,0.9391423249101716,0.9391423249101716,0.9391423249101716,45.54537976707955,45.54537976707955,45.54537976707955,45.54537976707955,0.9276044759079338,0.9276044759079338,0.9276044759079338,0.9276044759079338,0.98,0.98,0.98,0.98,44.63447217173796,44.63447217173796,44.63447217173796,44.63447217173796,178.53788868695185,4284.909328486844,0.1493668013428216,5.033384944979248e-05,0.275
1972-06-14,1972-06-25,1304.2828,0.9098196316199432,1186.6620966242278,0.277,1972,6,14,1972.06,1971,9,258,37,0.1025276051483333,8.636236619032617,0.007277755515745,0.56,3,Normal,53,12,12,13,120,210.0,0.1769669736628482,976.6620966242278,976.6620966242278,,4,244.16552415605696,244.16552415605696,244.16552415605696,244.16552415605696,0.0,0.0,0.0,0.0,0.0,0.0,53.0,12.0,12.0,13.0,120.0,1053.6620966242278,990.0,968.486652303676,21.51334769632388,0.6305704613888823,0.3313296772993823,989.0380998613116,0.4217294030968359,0.4217294030968359,0.4217294030968359,0.4217294030968359,20.129718154538747,20.129718154538747,20.129718154538747,20.129718154538747,,0.9390209829749712,0.9390209829749712,0.9390209829749712,0.9390209829749712,45.26223891912698,45.26223891912698,45.26223891912698,45.26223891912698,0.92183785986002,0.92183785986002,0.92183785986002,0.92183785986002,0.98,0.98,0.98,0.98,44.35699414074444,44.35699414074444,44.35699414074444,44.35699414074444,177.42797656297776,4258.2714375114665,0.1495185335974901,5.046325562917212e-05,0.275
1972-06-15,1972-06-26,1285.2084,0.9120856039266032,1172.2200796855432,0.281,1972,6,15,1972.06,1971,9,259,37,0.1012798148848309,14.442016938684676,0.0123202265418954,0.56,3,Normal,53,12,12,13,120,210.0,0.1791472468688081,962.2200796855432,962.2200796855432,,4,240.5550199213858,240.5550199213858,240.5550199213858,240.5550199213858,0.0,0.0,0.0,0.0,0.0,0.0,53.0,12.0,12.0,13.0,120.0,1039.2200796855432,990.0,968.4412631075832,21.55873689241685,0.6094062956971467,0.3197760637484345,989.0708176405544,0.4093092685295671,0.4093092685295671,0.4093092685295671,0.4093092685295671,20.2202452644417,20.2202452644417,20.2202452644417,20.2202452644417,,0.93860347697239,0.93860347697239,0.93860347697239,0.93860347697239,44.77356767920987,44.77356767920987,44.77356767920987,44.77356767920987,0.9118852887822784,0.9118852887822784,0.9118852887822784,0.9118852887822784,0.98,0.98,0.98,0.98,43.87809632562567,43.87809632562567,43.87809632562567,43.87809632562567,175.51238530250268,4212.297247260064,0.1497264791348611,5.0667660539508894e-05,0.28
1972-06-16,1972-06-27,1247.589,0.9151467263536076,1141.726989184771,0.287,1972,6,16,1972.06,1971,9,260,38,0.0986452118655642,30.493090500772272,0.0267078651811019,0.56,3,Normal,53,12,12,13,120,210.0,0.1839318873857459,931.7269891847708,931.7269891847708,,4,232.93174729619275,232.93174729619275,232.93174729619275,232.93174729619275,0.0,0.0,0.0,0.0,0.0,0.0,53.0,12.0,12.0,13.0,120.0,1008.7269891847708,990.0,968.345427680295,21.65457231970504,0.5782931516204515,0.2953815913478167,989.1263252570318,0.3838161311315121,0.3838161311315121,0.3838161311315121,0.3838161311315121,20.397081445605323,20.397081445605323,20.397081445605323,20.397081445605323,,0.9376727500541236,0.9376727500541236,0.9376727500541236,0.9376727500541236,43.690469235389145,43.690469235389145,43.690469235389145,43.690469235389145,0.8898262573399011,0.8898262573399011,0.8898262573399011,0.8898262573399011,0.97898262573399,0.97898262573399,0.97898262573399,0.97898262573399,42.77221029161138,42.77221029161138,42.77221029161138,42.77221029161138,171.08884116644552,4106.132187994693,0.1498509212684972,5.100708539458848e-05,0.285
1972-06-17,1972-06-28,1219.8351,0.9229021768936402,1125.7884692412713,0.294,1972,6,17,1972.06,1971,9,261,38,0.0972681237424458,15.938519943499616,0.0141576507301069,0.56,3,Normal,53,12,12,13,120,210.0,0.1865359308054826,915.7884692412712,915.7884692412712,,4,228.94711731031785,228.94711731031785,228.94711731031785,228.94711731031785,0.0,0.0,0.0,0.0,0.0,0.0,53.0,12.0,12.0,13.0,120.0,992.7884692412712,990.0,968.295335189044,21.704664810956046,0.5637091893432811,0.282630775393017,989.1536600352636,0.3708097177392234,0.3708097177392234,0.3708097177392234,0.3708097177392234,20.48751512848049,20.48751512848049,20.48751512848049,20.48751512848049,,0.9371713619840052,0.9371713619840052,0.9371713619840052,0.9371713619840052,43.11041220346021,43.11041220346021,43.11041220346021,43.11041220346021,0.8780124685022447,0.8780124685022447,0.8780124685022447,0.8780124685022447,0.9778012468502244,0.9778012468502244,0.9778012468502244,0.9778012468502244,42.15341480477053,42.15341480477053,42.15341480477053,42.15341480477053,168.6136592190821,4046.7278212579695,0.1497738374711901,5.1144045960374006e-05,0.295
1972-06-18,1972-06-29,1192.4734,0.9195163786021252,1096.498822347363,0.301,1972,6,18,1972.06,1971,9,262,38,0.0947374982508122,29.28964689390796,0.0267119729606323,0.56,3,Normal,53,12,12,13,120,210.0,0.1915186735453451,886.4988223473631,886.4988223473631,,4,221.6247055868408,221.6247055868408,221.6247055868408,221.6247055868408,0.0,0.0,0.0,0.0,0.0,0.0,53.0,12.0,12.0,13.0,120.0,963.4988223473632,990.0,968.2032820130916,21.79671798690833,0.5369087645280136,0.2591990578778905,989.203892177594,0.34750157554268,0.34750157554268,0.34750157554268,0.34750157554268,20.653108588959725,20.653108588959725,20.653108588959725,20.653108588959725,,0.9360293202095024,0.9360293202095024,0.9360293202095024,0.9360293202095024,42.01764935019901,42.01764935019901,42.01764935019901,42.01764935019901,0.8557566059103667,0.8557566059103667,0.8557566059103667,0.8557566059103667,0.9755756605910366,0.9755756605910366,0.9755756605910366,0.9755756605910366,40.99139602130294,40.99139602130294,40.99139602130294,40.99139602130294,163.96558408521176,3935.1740180450815,0.1495355770051785,5.137738982960418e-05,0.3
1972-06-19,1972-06-30,1156.5974,0.9338086699838878,1080.0406798008228,0.311,1972,6,19,1972.06,1971,9,263,38,0.093315514734791,16.458142546540554,0.0152384468977369,0.56,3,Normal,53,12,12,13,120,210.0,0.1944371206820908,870.0406798008228,870.0406798008228,,4,217.5101699502057,217.5101699502057,217.5101699502057,217.5101699502057,0.0,0.0,0.0,0.0,0.0,0.0,53.0,12.0,12.0,13.0,120.0,947.0406798008228,990.0,968.1515564222312,21.84844357776888,0.521849340509855,0.2460325438406582,989.2321181156494,0.3347313234466335,0.3347313234466335,0.3347313234466335,0.3347313234466335,20.74583036997167,20.74583036997167,20.74583036997167,20.74583036997167,,0.9352729877290212,0.9352729877290212,0.9352729877290212,0.9352729877290212,41.38924278888934,41.38924278888934,41.38924278888934,41.38924278888934,0.8429581016067075,0.8429581016067075,0.8429581016067075,0.8429581016067075,0.9742958101606708,0.9742958101606708,0.9742958101606708,0.9742958101606708,40.32536583493764,40.32536583493764,40.32536583493764,40.32536583493764,161.30146333975054,3871.235120154013,0.1493475813980425,5.149869779546051e-05,0.31
1972-06-20,1972-07-01,1147.7361,0.9351417914976156,1073.2959927204863,0.312,1972,6,20,1972.06,1971,9,264,38,0.09273277377105,6.7446870803362335,0.0062840885702372,0.56,3,Normal,53,12,12,13,120,210.0,0.195658980769799,863.2959927204863,863.2959927204863,,4,215.8239981801216,215.8239981801216,215.8239981801216,215.8239981801216,0.0,0.0,0.0,0.0,0.0,0.0,53.0,12.0,12.0,13.0,120.0,940.2959927204864,990.0,968.1303588342644,21.86964116573563,0.5156778602030488,0.240636794176389,989.2436853456206,0.3295379143947745,0.3295379143947745,0.3295379143947745,0.3295379143947745,20.78378859696149,20.78378859696149,20.78378859696149,20.78378859696149,,0.9349696766400016,0.9349696766400016,0.9349696766400016,0.9349696766400016,41.13018617385188,41.13018617385188,41.13018617385188,41.13018617385188,0.8376819994674516,0.8376819994674516,0.8376819994674516,0.8376819994674516,0.9737681999467452,0.9737681999467452,0.9737681999467452,0.9737681999467452,40.05126735398625,40.05126735398625,40.05126735398625,40.05126735398625,160.205069415945,3844.92166598268,0.1492645742670414,5.154826217930132e-05,0.31
1972-06-21,1972-07-02,1130.1421,0.9379332643780708,1059.9978690640885,0.316,1972,6,21,1972.06,1971,9,265,38,0.0915838158871372,13.298123656398046,0.0125454248961268,0.49,3,Normal,53,12,12,13,120,210.0,0.1981136058182992,849.9978690640885,849.9978690640885,,4,212.49946726602207,212.49946726602207,212.49946726602207,212.49946726602207,0.0,0.0,0.0,0.0,0.0,0.0,53.0,12.0,12.0,13.0,120.0,926.9978690640884,990.0,968.0885647313444,21.911435268655737,0.5035098963990351,0.2299982952512708,989.2664918083498,0.3194984017980664,0.3194984017980664,0.3194984017980664,0.3194984017980664,20.85842867520744,20.85842867520744,20.85842867520744,20.85842867520744,,0.9343826602716124,0.9343826602716124,0.9343826602716124,0.9343826602716124,40.6165381139978,40.6165381139978,40.6165381139978,40.6165381139978,0.8272207355193034,0.8272207355193034,0.8272207355193034,0.8272207355193034,0.9727220735519304,0.9727220735519304,0.9727220735519304,0.9727220735519304,39.50860317474895,39.50860317474895,39.50860317474895,39.50860317474895,158.0344126989958,3792.8259047758993,0.1490893683008346,5.164536238223606e-05,0.315
1972-06-22,1972-07-03,1112.7189,0.9371977043562544,1042.8375986738165,0.321,1972,6,22,1972.06,1971,9,266,38,0.0901011685254177,17.160270390272213,0.0164553621887962,0.49,3,Normal,53,12,12,13,120,210.0,0.2013736369565677,832.8375986738165,832.8375986738165,,4,208.20939966845413,208.20939966845413,208.20939966845413,208.20939966845413,0.0,0.0,0.0,0.0,0.0,0.0,53.0,12.0,12.0,13.0,120.0,909.8375986738164,990.0,968.0346324529748,21.965367547025156,0.4878080158652756,0.2162700789390532,989.2959219051957,0.3067356350252551,0.3067356350252551,0.3067356350252551,0.3067356350252551,20.954553817195556,20.954553817195556,20.954553817195556,20.954553817195556,,0.9336470860270574,0.9336470860270574,0.9336470860270574,0.9336470860270574,39.94847410633683,39.94847410633683,39.94847410633683,39.94847410633683,0.8136145439172471,0.8136145439172471,0.8136145439172471,0.8136145439172471,0.9713614543917248,0.9713614543917248,0.9713614543917248,0.9713614543917248,38.8044079086615,38.8044079086615,38.8044079086615,38.8044079086615,155.217631634646,3725.223159231504,0.1488416142954927,5.177000756937271e-05,0.32
1972-06-23,1972-07-04,1095.466,0.935818257253338,1025.1570830002852,0.326,1972,6,23,1972.06,1971,9,267,39,0.0885735719712246,17.68051567353109,0.0172466405068248,0.49,3,Normal,53,12,12,13,120,210.0,0.2048466556807095,815.1570830002852,815.1570830002852,,4,203.7892707500713,203.7892707500713,203.7892707500713,203.7892707500713,0.0,0.0,0.0,0.0,0.0,0.0,53.0,12.0,12.0,13.0,120.0,892.1570830002852,990.0,967.9790651180008,22.020934881999096,0.4716301038296688,0.2021256664002281,989.3262442297702,0.2938373143452039,0.2938373143452039,0.2938373143452039,0.2938373143452039,21.05334179742406,21.05334179742406,21.05334179742406,21.05334179742406,,0.932679228521808,0.932679228521808,0.932679228521808,0.932679228521808,39.24400846482766,39.24400846482766,39.24400846482766,39.24400846482766,0.7992669748437404,0.7992669748437404,0.7992669748437404,0.7992669748437404,0.97,0.97,0.97,0.97,38.06668821088283,38.06668821088283,38.06668821088283,38.06668821088283,152.26675284353132,3654.402068244752,0.1485301671017074,5.188732468426513e-05,0.325
1972-06-24,1972-07-05,1069.9044,0.9248279637273736,989.4775076349576,0.333,1972,6,24,1972.06,1971,9,268,39,0.0854908566596603,35.67957536532765,0.0360590059804479,0.49,3,Normal,53,12,12,13,120,210.0,0.212233222462975,779.4775076349576,779.4775076349576,,4,194.8693769087394,194.8693769087394,194.8693769087394,194.8693769087394,0.0,0.0,0.0,0.0,0.0,0.0,53.0,12.0,12.0,13.0,120.0,856.4775076349576,990.0,967.8579100305398,22.142089969460244,0.4389828076542408,0.1797387538174788,989.3812784385284,0.2686447051917712,0.2686447051917712,0.2686447051917712,0.2686447051917712,21.25472370279676,21.25472370279676,21.25472370279676,21.25472370279676,,0.9297432728206716,0.9297432728206716,0.9297432728206716,0.9297432728206716,37.76598397269765,37.76598397269765,37.76598397269765,37.76598397269765,0.7691646430284654,0.7691646430284654,0.7691646430284654,0.7691646430284654,0.97,0.97,0.97,0.97,36.633004453516726,36.633004453516726,36.633004453516726,36.633004453516726,146.5320178140669,3516.768427537606,0.1480902968318165,5.221874638202814e-05,0.335
1972-06-25,1972-07-06,1053.0739999999996,0.9224728423044594,971.4321659369264,0.34,1972,6,25,1972.06,1971,9,269,39,0.0839317391369504,18.04534169803117,0.0185760183065657,0.49,3,Normal,53,12,12,13,120,210.0,0.2161756706887087,761.4321659369264,761.4321659369264,,4,190.3580414842316,190.3580414842316,190.3580414842316,190.3580414842316,0.0,0.0,0.0,0.0,0.0,0.0,53.0,12.0,12.0,13.0,120.0,838.4321659369264,990.0,967.7857286637476,22.214271336252292,0.4224710748499616,0.1707160829684632,989.4068128421816,0.2563738728371099,0.2563738728371099,0.2563738728371099,0.2563738728371099,21.36471030559677,21.36471030559677,21.36471030559677,21.36471030559677,,0.9282513195982371,0.9282513195982371,0.9282513195982371,0.9282513195982371,37.02307706497707,37.02307706497707,37.02307706497707,37.02307706497707,0.7540341561095126,0.7540341561095126,0.7540341561095126,0.7540341561095126,0.97,0.97,0.97,0.97,35.91238475302776,35.91238475302776,35.91238475302776,35.91238475302776,143.64953901211103,3447.5889362906646,0.147873978286033,5.240473348861881e-05,0.34
1972-06-26,1972-07-07,1044.7218,0.9169267811345148,957.9333972550564,0.342,1972,6,26,1972.06,1971,9,270,39,0.0827654455228368,13.498768681870049,0.0140915524195633,0.49,3,Normal,53,12,12,13,120,210.0,0.2192219214840528,747.9333972550564,747.9333972550564,,4,186.9833493137641,186.9833493137641,186.9833493137641,186.9833493137641,0.0,0.0,0.0,0.0,0.0,0.0,53.0,12.0,12.0,13.0,120.0,824.9333972550564,990.0,967.7317335890202,22.268266410979777,0.4101195181218269,0.1639666986275282,989.4259137832506,0.2473757091746125,0.2473757091746125,0.2473757091746125,0.2473757091746125,21.446804485055782,21.446804485055782,21.446804485055782,21.446804485055782,,0.9271286386635204,0.9271286386635204,0.9271286386635204,0.9271286386635204,36.462313718708856,36.462313718708856,36.462313718708856,36.462313718708856,0.7426133140266569,0.7426133140266569,0.7426133140266569,0.7426133140266569,0.97,0.97,0.97,0.97,35.36844430714759,35.36844430714759,35.36844430714759,35.36844430714759,141.47377722859036,3395.3706534861685,0.1476864442078972,5.254247449921656e-05,0.34
1972-06-27,1972-07-08,1003.5869,0.9213790990341242,924.6839937244496,0.353,1972,6,27,1972.06,1971,9,271,39,0.0798926970577924,33.249403530606735,0.0359575852467009,0.49,3,Normal,53,12,12,13,120,210.0,0.2271046124137613,714.6839937244496,714.6839937244496,,4,178.6709984311124,178.6709984311124,178.6709984311124,178.6709984311124,0.0,0.0,0.0,0.0,0.0,0.0,53.0,12.0,12.0,13.0,120.0,791.6839937244496,990.0,967.5987359748976,22.40126402510225,0.379695862189674,0.1473419968622248,989.472962140948,0.225877496077781,0.225877496077781,0.225877496077781,0.225877496077781,21.648348669972552,21.648348669972552,21.648348669972552,21.648348669972552,,0.9241542167954148,0.9241542167954148,0.9241542167954148,0.9241542167954148,35.05596990282812,35.05596990282812,35.05596990282812,35.05596990282812,0.7139708737846867,0.7139708737846867,0.7139708737846867,0.7139708737846867,0.97,0.97,0.97,0.97,34.004290805743274,34.004290805743274,34.004290805743274,34.004290805743274,136.0171632229731,3264.4119173513545,0.1470958339779648,5.286608581062195e-05,0.355
1972-06-28,1972-07-09,955.5912,0.91769253620946,876.9389119074414,0.3720000000000001,1972,6,28,1972.06,1971,9,272,39,0.0757675219888029,47.745081817008206,0.0544451627915076,0.49,3,Normal,53,12,12,13,120,210.0,0.2394693600073307,666.9389119074414,666.9389119074414,,4,166.73472797686034,166.73472797686034,166.73472797686034,166.73472797686034,0.0,0.0,0.0,0.0,0.0,0.0,53.0,12.0,12.0,13.0,120.0,743.9389119074414,990.0,967.4077556476298,22.592244352370244,0.3492943784520366,0.1300816735722324,989.5206239479758,0.1967286525849276,0.1967286525849276,0.1967286525849276,0.1967286525849276,21.91613964776108,21.91613964776108,21.91613964776108,21.91613964776108,,0.919745827390313,0.919745827390313,0.919745827390313,0.919745827390313,32.960716977635485,32.960716977635485,32.960716977635485,32.960716977635485,0.671297698118849,0.671297698118849,0.671297698118849,0.671297698118849,0.97,0.97,0.97,0.97,31.97189546830642,31.97189546830642,31.97189546830642,31.97189546830642,127.88758187322568,3069.301964957416,0.1458340827812689,5.326474083888564e-05,0.37
1972-06-29,1972-07-10,932.1467,0.9087491724907756,847.0875422650073,0.377,1972,6,29,1972.06,1971,9,273,39,0.0731883636516966,29.85136964243407,0.0352400054929567,0.49,3,Normal,53,12,12,13,120,210.0,0.2479082615693839,637.0875422650073,637.0875422650073,,3,212.36251408833576,212.36251408833576,212.36251408833576,0.0,0.0,0.0,0.0,0.0,0.0,0.0,53.0,12.0,12.0,13.0,120.0,714.0875422650073,990.0,967.28835016906,22.71164983094002,0.3323301390506137,0.1211262626795021,989.54654359827,0.3190875422650073,0.3190875422650073,0.3190875422650073,0.0,21.93910588694488,21.93910588694488,21.93910588694488,22.25819342920988,,0.9356535924141298,0.9356535924141298,0.9356535924141298,0.0,42.75142263432631,42.75142263432631,42.75142263432631,0.0,0.8707010719822059,0.8707010719822059,0.8707010719822059,0.0,0.9770701071982204,0.9770701071982204,0.9770701071982204,0.96,41.77113709619764,41.77113709619764,41.77113709619764,0.0,125.31341128859292,3007.5218709262303,0.1479344283042108,5.46381440606141e-05,0.375
1972-06-30,1972-07-11,909.0679,0.9012241447918772,819.2739407352476,0.39,1972,6,30,1972.06,1971,9,274,40,0.0707852684795253,27.81360152975969,0.0339490860710139,0.49,3,Normal,53,12,12,13,120,210.0,0.2563245204791184,609.2739407352476,609.2739407352476,,3,203.09131357841588,203.09131357841588,203.09131357841588,0.0,0.0,0.0,0.0,0.0,0.0,0.0,53.0,12.0,12.0,13.0,120.0,686.2739407352476,990.0,967.177095762941,22.822904237058992,0.3165239432003601,0.1127821822205742,989.5706938745792,0.2918411568342694,0.2918411568342694,0.2918411568342694,0.0,22.10175695480381,22.10175695480381,22.10175695480381,22.393598111638084,,0.933429388640077,0.933429388640077,0.933429388640077,0.0,41.090205876852544,41.090205876852544,41.090205876852544,0.0,0.8368677367994408,0.8368677367994408,0.8368677367994408,0.0,0.973686773679944,0.973686773679944,0.973686773679944,0.96,40.00898999007723,40.00898999007723,40.00898999007723,0.0,120.0269699702317,2880.647279285561,0.1465040739151485,5.472222388421315e-05,0.39
1972-07-01,1972-07-12,878.8611,0.9037319275970654,794.2548359930772,0.399,1972,7,1,1972.07,1971,10,275,40,0.0686236178298018,25.019104742170388,0.0315000974603929,0.44,3,Normal,50,10,9,9,108,186.0,0.2341817658150478,608.2548359930772,608.2548359930772,,3,202.7516119976924,202.7516119976924,202.7516119976924,0.0,0.0,0.0,0.0,0.0,0.0,0.0,50.0,10.0,9.0,9.0,108.0,677.2548359930772,990.0,967.0770193439724,22.92298065602768,0.3113984747925323,0.1124764507979231,989.5761250744096,0.2908696103134003,0.2908696103134003,0.2908696103134003,0.0,22.20823612012384,22.20823612012384,22.20823612012384,22.49910573043724,,0.9334189181353816,0.9334189181353816,0.9334189181353816,0.0,41.21864209310375,41.21864209310375,41.21864209310375,0.0,0.839483545684394,0.839483545684394,0.839483545684394,0.0,0.9739483545684394,0.9739483545684394,0.9739483545684394,0.96,40.14482864412381,40.14482864412381,40.14482864412381,0.0,120.43448593237144,2890.4276623769147,0.1516320461326359,5.5000012972332425e-05,0.4
1972-07-02,1972-07-13,849.2947,0.8954821115912885,760.52821131929,0.409,1972,7,2,1972.07,1971,10,276,40,0.0657096374579866,33.72662467378723,0.0443463163782992,0.44,3,Normal,50,10,9,9,108,186.0,0.2445668644919106,574.52821131929,574.52821131929,,3,191.50940377309664,191.50940377309664,191.50940377309664,0.0,0.0,0.0,0.0,0.0,0.0,0.0,50.0,10.0,9.0,9.0,108.0,643.52821131929,990.0,966.9421128452772,23.057887154722835,0.2922319661190157,0.099811284527716,989.6079567493532,0.2595055782628229,0.2595055782628229,0.2595055782628229,0.0,22.40633832581322,22.40633832581322,22.40633832581322,22.66584390407604,,0.929835185234082,0.929835185234082,0.929835185234082,0.0,39.1296234825387,39.1296234825387,39.1296234825387,0.0,0.7969373418032321,0.7969373418032321,0.7969373418032321,0.0,0.97,0.97,0.97,0.96,37.955734778062535,37.955734778062535,37.955734778062535,0.0,113.8672043341876,2732.812904020502,0.1497212103896342,5.505348276821302e-05,0.41
1972-07-03,1972-07-14,820.3628,0.8945448145815545,733.8512888156049,0.422,1972,7,3,1972.07,1971,10,277,40,0.0634047513536682,26.676922503685088,0.0363519461098721,0.44,3,Normal,50,10,9,9,108,186.0,0.253457345970181,547.8512888156049,547.8512888156049,,3,182.6170962718683,182.6170962718683,182.6170962718683,0.0,0.0,0.0,0.0,0.0,0.0,0.0,50.0,10.0,9.0,9.0,108.0,616.8512888156049,990.0,966.8354051552624,23.16459484473762,0.2770717337656428,0.0891405155262419,989.6337877507082,0.2359521083814202,0.2359521083814202,0.2359521083814202,0.0,22.56243048706437,22.56243048706437,22.56243048706437,22.798382595445787,,0.9270577636179188,0.9270577636179188,0.9270577636179188,0.0,37.46043436986892,37.46043436986892,37.46043436986892,0.0,0.7629416368608741,0.7629416368608741,0.7629416368608741,0.0,0.97,0.97,0.97,0.96,36.33662133877285,36.33662133877285,36.33662133877285,0.0,109.00986401631856,2616.236736391645,0.148544896871755,5.527141835839048e-05,0.42
1972-07-04,1972-07-15,799.0771,0.8911326595966059,712.0837013457431,0.433,1972,7,4,1972.07,1971,10,278,40,0.0615240317962722,21.76758746986184,0.0305688606953424,0.44,3,Normal,50,10,9,9,108,186.0,0.2612052482713546,526.0837013457431,526.0837013457431,,3,175.36123378191436,175.36123378191436,175.36123378191436,0.0,0.0,0.0,0.0,0.0,0.0,0.0,50.0,10.0,9.0,9.0,108.0,595.0837013457431,990.0,966.7483348053828,23.25166519461709,0.2647014281664911,0.0804334805382972,989.6548650912952,0.2176030844547859,0.2176030844547859,0.2176030844547859,0.0,22.688927201457467,22.688927201457467,22.688927201457467,22.90653028591225,,0.924625573672092,0.924625573672092,0.924625573672092,0.0,36.07880585101526,36.07880585101526,36.07880585101526,0.0,0.7348025631571335,0.7348025631571335,0.7348025631571335,0.0,0.97,0.97,0.97,0.96,34.9964416754848,34.9964416754848,34.9964416754848,0.0,104.9893250264544,2519.7438006349057,0.147439584459016,5.543547789379413e-05,0.435
1972-07-05,1972-07-16,778.1427,0.8891770066630039,691.9065967426677,0.441,1972,7,5,1972.07,1971,10,279,40,0.0597807299585664,20.17710460307536,0.0291616017220595,0.44,3,Normal,50,10,9,9,108,186.0,0.2688224116891556,505.9065967426677,505.9065967426677,,3,168.63553224755591,168.63553224755591,168.63553224755591,0.0,0.0,0.0,0.0,0.0,0.0,0.0,50.0,10.0,9.0,9.0,108.0,574.9065967426677,990.0,966.6676263869706,23.332373613029404,0.2532349783179872,0.072362638697067,989.6744023829848,0.201252566749183,0.201252566749183,0.201252566749183,0.0,22.80552342926513,22.80552342926513,22.80552342926513,23.006775996014312,,0.9224072712648106,0.9224072712648106,0.9224072712648106,0.0,34.789689250208504,34.789689250208504,34.789689250208504,0.0,0.7085476425704379,0.7085476425704379,0.7085476425704379,0.0,0.97,0.97,0.97,0.96,33.74599857270225,33.74599857270225,33.74599857270225,0.0,101.23799571810676,2429.711897234562,0.1463174309866552,5.558667480976952e-05,0.44
1972-07-06,1972-07-17,764.3804,0.8926299826267534,682.3088631722309,0.445,1972,7,6,1972.07,1971,10,280,40,0.0589514857780807,9.597733570436844,0.0140665526838014,0.44,3,Normal,50,10,9,9,108,186.0,0.2726038163057677,496.3088631722309,496.3088631722309,,3,165.43628772407695,165.43628772407695,165.43628772407695,0.0,0.0,0.0,0.0,0.0,0.0,0.0,50.0,10.0,9.0,9.0,108.0,565.3088631722309,990.0,966.6292354526888,23.37076454731107,0.2477806808452001,0.0692617726344461,989.6829575465204,0.1936383647833031,0.1936383647833031,0.1936383647833031,0.0,22.86008372904812,22.86008372904812,22.86008372904812,23.053722093831425,,0.9213625782371284,0.9213625782371284,0.9213625782371284,0.0,34.172587294523275,34.172587294523275,34.172587294523275,0.0,0.6959793746338753,0.6959793746338753,0.6959793746338753,0.0,0.97,0.97,0.97,0.96,33.14740967568758,33.14740967568758,33.14740967568758,0.0,99.44222902706272,2386.6134966495056,0.1457437157781155,5.565655471040931e-05,0.445
1972-07-07,1972-07-18,744.0263,0.8869874635023101,659.9420006160087,0.456,1972,7,7,1972.07,1971,10,281,41,0.0570189888532231,22.36686255622214,0.0338921640619088,0.44,3,Normal,50,10,9,9,108,186.0,0.2818429495719052,473.9420006160087,473.9420006160087,,3,157.9806668720029,157.9806668720029,157.9806668720029,0.0,0.0,0.0,0.0,0.0,0.0,0.0,50.0,10.0,9.0,9.0,108.0,542.9420006160087,990.0,966.539768002464,23.46023199753597,0.2350698131159317,0.0647884001232017,989.7001417867608,0.1766170804558464,0.1766170804558464,0.1766170804558464,0.0,22.983756703840932,22.983756703840932,22.983756703840932,23.16037378429678,,0.9185812101348838,0.9185812101348838,0.9185812101348838,0.0,32.71005056893433,32.71005056893433,32.71005056893433,0.0,0.6661924759457093,0.6661924759457093,0.6661924759457093,0.0,0.97,0.97,0.97,0.96,31.7287490518663,31.7287490518663,31.7287490518663,0.0,95.18624715559888,2284.4699317343734,0.1442342615968514,5.578873401285861e-05,0.455
1972-07-08,1972-07-19,730.6486,0.8864028278959922,647.6489852382476,0.462,1972,7,8,1972.07,1971,10,282,41,0.0559568723245846,12.293015377761094,0.0189809845424816,0.44,3,Normal,50,10,9,9,108,186.0,0.287192606241137,461.6489852382476,461.6489852382476,,3,153.88299507941588,153.88299507941588,153.88299507941588,0.0,0.0,0.0,0.0,0.0,0.0,0.0,50.0,10.0,9.0,9.0,108.0,530.6489852382476,990.0,966.490595940953,23.50940405904703,0.2280838135342822,0.0623297970476495,989.7095863894182,0.1675872693715383,0.1675872693715383,0.1675872693715383,0.0,23.05140317909367,23.05140317909367,23.05140317909367,23.21899044846521,,0.9169661604093808,0.9169661604093808,0.9169661604093808,0.0,31.89921572766851,31.89921572766851,31.89921572766851,0.0,0.6496785280584217,0.6496785280584217,0.6496785280584217,0.0,0.97,0.97,0.97,0.96,30.94223925583845,30.94223925583845,30.94223925583845,0.0,92.82671776751536,2227.841226420369,0.1433287473358236,5.585455660984105e-05,0.46
1972-07-09,1972-07-20,710.868,0.8775314292741972,623.8090120652902,0.47,1972,7,9,1972.07,1971,10,283,41,0.053897098642441,23.839973172957453,0.0382167822392124,0.44,3,Normal,50,10,9,9,108,186.0,0.2981681835345664,437.8090120652902,437.8090120652902,,2,218.9045060326451,218.9045060326451,0.0,0.0,0.0,0.0,0.0,0.0,0.0,0.0,50.0,10.0,9.0,9.0,108.0,506.8090120652902,990.0,966.3952360482612,23.60476395173885,0.2145357915482272,0.057561802413058,989.7279024060388,0.3390258785805468,0.3390258785805468,0.0,0.0,22.993640479197065,22.993640479197065,23.33266635777761,23.33266635777761,,0.9381469662756616,0.9381469662756616,0.0,0.0,46.30970515943864,46.30970515943864,0.0,0.0,0.943171184509952,0.943171184509952,0.0,0.0,0.98,0.98,0.96,0.96,45.38351105624987,45.38351105624987,0.0,0.0,90.76702211249976,2178.408530699994,0.1455045059576659,5.758917930669868e-05,0.47
1972-07-10,1972-07-21,691.4282,0.8804892019345739,608.7950640130589,0.48,1972,7,10,1972.07,1971,10,284,41,0.0525998935307282,15.013948052231283,0.024661744057618,0.44,3,Normal,50,10,9,9,108,186.0,0.3055215309630208,422.7950640130589,422.7950640130589,,2,211.39753200652945,211.39753200652945,0.0,0.0,0.0,0.0,0.0,0.0,0.0,0.0,50.0,10.0,9.0,9.0,108.0,491.7950640130589,990.0,966.3351802560522,23.66481974394776,0.2091014997623453,0.0545590128026117,989.736339487435,0.3161925960195883,0.3161925960195883,0.0,0.0,23.08496663536315,23.08496663536315,23.40115923138273,23.40115923138273,,0.936494324404346,0.936494324404346,0.0,0.0,44.82011981186031,44.82011981186031,0.0,0.0,0.9128333973902304,0.9128333973902304,0.0,0.0,0.98,0.98,0.96,0.96,43.9237174156231,43.9237174156231,0.0,0.0,87.8474348312462,2108.3384359499087,0.1442972192517018,5.771605987847581e-05,0.48
1972-07-11,1972-07-22,685.0236,0.878477532975807,601.777842158206,0.482,1972,7,11,1972.07,1971,10,285,41,0.051993605562469,7.017221854852892,0.0116608179352141,0.44,3,Normal,50,10,9,9,108,186.0,0.3090841619108684,415.777842158206,415.777842158206,,2,207.888921079103,207.888921079103,0.0,0.0,0.0,0.0,0.0,0.0,0.0,0.0,50.0,10.0,9.0,9.0,108.0,484.777842158206,990.0,966.3071113686328,23.69288863136717,0.2066249044476409,0.0531555684316412,989.7402195271208,0.3057934279725628,0.3057934279725628,0.0,0.0,23.12731473051536,23.12731473051536,23.43310815848793,23.43310815848793,,0.9357098223314636,0.9357098223314636,0.0,0.0,44.1200954925034,44.1200954925034,0.0,0.0,0.8985762829430428,0.8985762829430428,0.0,0.0,0.9798576282943042,0.9798576282943042,0.96,0.96,43.23141212940261,43.23141212940261,0.0,0.0,86.46282425880521,2075.107782211325,0.1436789761961264,5.77651061401744e-05,0.48
1972-07-12,1972-07-23,672.3268,0.8764068829576366,589.2318351168824,0.488,1972,7,12,1972.07,1971,10,286,41,0.0509096305540986,12.546007041323604,0.0212921405355413,0.44,3,Normal,50,10,9,9,108,186.0,0.3156652253235847,403.2318351168824,403.2318351168824,,2,201.6159175584412,201.6159175584412,0.0,0.0,0.0,0.0,0.0,0.0,0.0,0.0,50.0,10.0,9.0,9.0,108.0,472.2318351168824,990.0,966.251543258026,23.74845674197411,0.2021970292999706,0.0506463670233764,989.7471566036766,0.2876215242171418,0.2876215242171418,0.0,0.0,23.207991821433527,23.207991821433527,23.495613345650668,23.495613345650668,,0.9340605599596308,0.9340605599596308,0.0,0.0,42.86236335193479,42.86236335193479,0.0,0.0,0.8729605570658816,0.8729605570658816,0.0,0.0,0.9772960557065882,0.9772960557065882,0.96,0.96,41.88921864210848,41.88921864210848,0.0,0.0,83.77843728421696,2010.682494821207,0.1421824692611836,5.771317169875504e-05,0.49
1972-07-13,1972-07-24,666.0345,0.8753352736866753,583.0034913422678,0.493,1972,7,13,1972.07,1971,10,287,41,0.0503715016519719,6.2283437746145855,0.0106832015024041,0.44,3,Normal,50,10,9,9,108,186.0,0.3190375405330183,397.0034913422678,397.0034913422678,,2,198.5017456711339,198.5017456711339,0.0,0.0,0.0,0.0,0.0,0.0,0.0,0.0,50.0,10.0,9.0,9.0,108.0,466.0034913422678,990.0,966.22351571104,23.776484288959864,0.1999988535361657,0.0494006982684535,989.7506004481954,0.2788048878791749,0.2788048878791749,0.0,0.0,23.24827984927612,23.24827984927612,23.52708473715529,23.52708473715529,,0.9331409586616464,0.9331409586616464,0.0,0.0,42.23194730860238,42.23194730860238,0.0,0.0,0.8601211264481136,0.8601211264481136,0.0,0.0,0.9760121126448114,0.9760121126448114,0.96,0.96,41.21889211377336,41.21889211377336,0.0,0.0,82.43778422754673,1978.5068214611213,0.1414018705749901,5.7680562027878166e-05,0.495
1972-07-14,1972-07-25,653.5614,0.8750395785925671,571.8920920403683,0.4970000000000001,1972,7,14,1972.07,1971,10,288,42,0.0494114767522878,11.111399301899494,0.0194291885769163,0.44,3,Normal,50,10,9,9,108,186.0,0.32523618107115,385.8920920403683,385.8920920403683,,2,192.94604602018416,192.94604602018416,0.0,0.0,0.0,0.0,0.0,0.0,0.0,0.0,50.0,10.0,9.0,9.0,108.0,454.8920920403683,990.0,966.1735144141816,23.826485585818432,0.1960772959710641,0.0471784184080736,989.7567442856208,0.2634132451749009,0.2634132451749009,0.0,0.0,23.31981662626445,23.31981662626445,23.58322987143936,23.58322987143936,,0.931499479159606,0.931499479159606,0.0,0.0,41.10383372408182,41.10383372408182,0.0,0.0,0.8371452896961673,0.8371452896961673,0.0,0.0,0.9737145289696169,0.9737145289696169,0.96,0.96,40.02340009348978,40.02340009348978,0.0,0.0,80.04680018697955,1921.1232044875087,0.1399683634396701,5.76203107884236e-05,0.495
1972-07-15,1972-07-26,641.2365,0.8794376863729334,563.9275439778775,0.503,1972,7,15,1972.07,1971,10,289,42,0.0487233397996886,7.964548062490849,0.0141233535186273,0.44,3,Normal,50,10,9,9,108,186.0,0.3298296066334661,377.9275439778775,377.9275439778775,,2,188.96377198893876,188.96377198893876,0.0,0.0,0.0,0.0,0.0,0.0,0.0,0.0,50.0,10.0,9.0,9.0,108.0,446.9275439778775,990.0,966.1376739479005,23.862326052099547,0.193266359845158,0.0455855087955754,989.7611481313592,0.252643633490577,0.252643633490577,0.0,0.0,23.370830549968133,23.370830549968133,23.62347418345871,23.62347418345871,,0.9303221734728354,0.9303221734728354,0.0,0.0,40.29255131630471,40.29255131630471,0.0,0.0,0.8206222264013179,0.8206222264013179,0.0,0.0,0.9720622226401318,0.9720622226401318,0.96,0.96,39.16686698836872,39.16686698836872,0.0,0.0,78.33373397673745,1880.0096154416988,0.1389074444283757,5.757550857517665e-05,0.505
1972-07-16,1972-07-27,635.1294,0.8861628436789661,562.8280752081156,0.506,1972,7,16,1972.07,1971,10,290,42,0.0486283456979812,1.09946876976187,0.0019534717939493,0.44,3,Normal,50,10,9,9,108,186.0,0.330473919466834,376.8280752081156,376.8280752081156,,2,188.4140376040578,188.4140376040578,0.0,0.0,0.0,0.0,0.0,0.0,0.0,0.0,50.0,10.0,9.0,9.0,108.0,445.8280752081156,990.0,966.1327263384364,23.86727366156356,0.192878323203282,0.0453656150416231,989.761756061755,0.2511813400267937,0.2511813400267937,0.0,0.0,23.377848383291788,23.377848383291788,23.62902972331858,23.62902972331858,,0.9301595996535632,0.9301595996535632,0.0,0.0,40.18037318691658,40.18037318691658,0.0,0.0,0.8183375394484029,0.8183375394484029,0.0,0.0,0.9718337539448404,0.9718337539448404,0.96,0.96,39.04864290914575,39.04864290914575,0.0,0.0,78.0972858182915,1874.334859638996,0.1387586889467332,5.75691991449945e-05,0.505
1972-07-17,1972-07-28,635.1294,0.8861628436789661,562.8280752081156,0.506,1972,7,17,1972.07,1971,10,291,42,0.0486283456979812,0.0,0.0,0.44,3,Normal,50,10,9,9,108,186.0,0.330473919466834,376.8280752081156,376.8280752081156,,2,188.4140376040578,188.4140376040578,0.0,0.0,0.0,0.0,0.0,0.0,0.0,0.0,50.0,10.0,9.0,9.0,108.0,445.8280752081156,990.0,966.1327263384364,23.86727366156356,0.192878323203282,0.0453656150416231,989.761756061755,0.2511813400267937,0.2511813400267937,0.0,0.0,23.377848383291788,23.377848383291788,23.62902972331858,23.62902972331858,,0.9301595996535632,0.9301595996535632,0.0,0.0,40.18037318691658,40.18037318691658,0.0,0.0,0.8183375394484029,0.8183375394484029,0.0,0.0,0.9718337539448404,0.9718337539448404,0.96,0.96,39.04864290914575,39.04864290914575,0.0,0.0,78.0972858182915,1874.334859638996,0.1387586889467332,5.75691991449945e-05,0.505
1972-07-18,1972-07-29,623.0255,0.8843912864860217,550.9983234585969,0.515,1972,7,18,1972.07,1971,10,292,42,0.0476062551468227,11.829751749518664,0.0214696692274193,0.44,3,Normal,50,10,9,9,108,186.0,0.3375690852060757,364.9983234585969,364.9983234585969,,2,182.4991617292985,182.4991617292985,0.0,0.0,0.0,0.0,0.0,0.0,0.0,0.0,50.0,10.0,9.0,9.0,108.0,433.9983234585969,990.0,966.0794924555636,23.920507544436305,0.1887032367712186,0.0429996646917193,989.7682970985372,0.23564783726159,0.23564783726159,0.0,0.0,23.45315680571183,23.45315680571183,23.688804642973423,23.688804642973423,,0.9282722823080644,0.9282722823080644,0.0,0.0,38.96514202296813,38.96514202296813,0.0,0.0,0.7935874139097379,0.7935874139097379,0.0,0.0,0.97,0.97,0.96,0.96,37.79618776227908,37.79618776227908,0.0,0.0,75.59237552455816,1814.217012589396,0.1371916615826841,5.752870832716828e-05,0.515
1972-07-19,1972-07-30,617.0284,0.8884164098844547,548.1781559247493,0.519,1972,7,19,1972.07,1971,10,293,42,0.0473625926718983,2.8201675338476657,0.0051446185940958,0.44,3,Normal,50,10,9,9,108,186.0,0.3393057493986189,362.17815592474926,362.17815592474926,,2,181.08907796237463,181.08907796237463,0.0,0.0,0.0,0.0,0.0,0.0,0.0,0.0,50.0,10.0,9.0,9.0,108.0,431.17815592474926,990.0,966.0668017016612,23.93319829833865,0.1877079121476743,0.0424356311849498,989.7698564566674,0.2320098211429265,0.2320098211429265,0.0,0.0,23.471044933863137,23.471044933863137,23.703054755006065,23.703054755006065,,0.9277777503654924,0.9277777503654924,0.0,0.0,38.672952975914335,38.672952975914335,0.0,0.0,0.7876365168210658,0.7876365168210658,0.0,0.0,0.97,0.97,0.96,0.96,37.5127643866369,37.5127643866369,0.0,0.0,75.0255287732738,1800.612690558571,0.1368634046475446,5.754191498940868e-05,0.52
1972-07-20,1972-07-31,611.0679,0.8869861279741288,542.0087505502821,0.523,1972,7,20,1972.07,1971,10,294,42,0.0468295560475443,6.169405374467146,0.0113824829732058,0.44,3,Normal,50,10,9,9,108,186.0,0.3431678913138595,356.0087505502821,356.0087505502821,,2,178.00437527514106,178.00437527514106,0.0,0.0,0.0,0.0,0.0,0.0,0.0,0.0,50.0,10.0,9.0,9.0,108.0,425.0087505502821,990.0,966.0390393774762,23.96096062252377,0.185530537573953,0.0412017501100564,989.773267712316,0.2242109381878526,0.2242109381878526,0.0,0.0,23.51001739665186,23.51001739665186,23.734228334839717,23.734228334839717,,0.9266963902801828,0.9266963902801828,0.0,0.0,38.03293126438103,38.03293126438103,0.0,0.0,0.7746014514130555,0.7746014514130555,0.0,0.0,0.97,0.97,0.96,0.96,36.89194332644959,36.89194332644959,0.0,0.0,73.78388665289918,1770.8132796695804,0.1361304343850335,5.757028173765357e-05,0.525
1972-07-21,1972-08-01,599.256,0.8886339443648977,532.5192229643311,0.53,1972,7,21,1972.07,1971,10,295,43,0.0460096608641182,9.48952758595101,0.0178200657867831,0.42,3,Normal,50,10,9,9,108,186.0,0.3492831657129841,346.5192229643311,346.5192229643311,,2,173.25961148216555,173.25961148216555,0.0,0.0,0.0,0.0,0.0,0.0,0.0,0.0,50.0,10.0,9.0,9.0,108.0,415.5192229643311,990.0,965.9963365033394,24.00366349666058,0.1821813888589423,0.0393038445928662,989.7785147665484,0.2124534520164839,0.2124534520164839,0.0,0.0,23.56972481119235,23.56972481119235,23.782178263208834,23.782178263208834,,0.9250345213285264,0.9250345213285264,0.0,0.0,37.04661125040936,37.04661125040936,0.0,0.0,0.7545134674217793,0.7545134674217793,0.0,0.0,0.97,0.97,0.96,0.96,35.93521291289708,35.93521291289708,0.0,0.0,71.87042582579416,1724.89021981906,0.1349630637288903,5.761298609366529e-05,0.53
1972-07-22,1972-08-02,593.4044,0.8886647923374786,527.3375978981461,0.532,1972,7,22,1972.07,1971,10,296,43,0.0455619684583998,5.181625066185006,0.009826011054091,0.42,3,Normal,50,10,9,9,108,186.0,0.3527152259602878,341.3375978981461,341.3375978981461,,2,170.66879894907305,170.66879894907305,0.0,0.0,0.0,0.0,0.0,0.0,0.0,0.0,50.0,10.0,9.0,9.0,108.0,410.3375978981461,990.0,965.9730191905415,24.026980809458337,0.1803526326037023,0.0382675195796292,989.7813798478168,0.2061318694357382,0.2061318694357382,0.0,0.0,23.60222878783925,23.60222878783925,23.80836065727499,23.80836065727499,,0.92412783122885,0.92412783122885,0.0,0.0,36.5071472334094,36.5071472334094,0.0,0.0,0.7435264202323706,0.7435264202323706,0.0,0.0,0.97,0.97,0.96,0.96,35.41193281640712,35.41193281640712,0.0,0.0,70.82386563281423,1699.7727751875416,0.1343046009142964,5.7635889307996783e-05,0.53
1972-07-23,1972-08-03,581.8096,0.8882166996280455,516.7730027239134,0.54,1972,7,23,1972.07,1971,10,297,43,0.0446491874353461,10.56459517423275,0.0204433960724471,0.42,3,Normal,50,10,9,9,108,186.0,0.3599259230253767,330.7730027239133,330.7730027239133,,2,165.38650136195668,165.38650136195668,0.0,0.0,0.0,0.0,0.0,0.0,0.0,0.0,50.0,10.0,9.0,9.0,108.0,399.77300272391335,990.0,965.9254785122577,24.07452148774246,0.1766240591808512,0.0361546005447826,989.7872213402744,0.1935198732414569,0.1935198732414569,0.0,0.0,23.668222954775302,23.668222954775302,23.86174282801676,23.86174282801676,,0.9222807967119008,0.9222807967119008,0.0,0.0,35.40524282536671,35.40524282536671,0.0,0.0,0.7210843752620512,0.7210843752620512,0.0,0.0,0.97,0.97,0.96,0.96,34.34308554060571,34.34308554060571,0.0,0.0,68.68617108121143,1648.4681059490742,0.1329136211047524,5.768152724038445e-05,0.54
1972-07-24,1972-08-04,570.3586,0.8854392210789449,505.01787451967766,0.547,1972,7,24,1972.07,1971,10,298,43,0.0436335443585001,11.755128204235689,0.0232766577131868,0.42,3,Normal,50,10,9,9,108,186.0,0.3683037955377412,319.01787451967766,319.01787451967766,,2,159.50893725983883,159.50893725983883,0.0,0.0,0.0,0.0,0.0,0.0,0.0,0.0,50.0,10.0,9.0,9.0,108.0,388.01787451967766,990.0,965.8725804353384,24.127419564661523,0.1724753097132499,0.0338035749039355,989.7937211153828,0.1800098407168422,0.1800098407168422,0.0,0.0,23.741130839327504,23.741130839327504,23.921140680044346,23.921140680044346,,0.919955292422987,0.919955292422987,0.0,0.0,34.165819698712944,34.165819698712944,0.0,0.0,0.6958415417253145,0.6958415417253145,0.0,0.0,0.97,0.97,0.96,0.96,33.14084510775155,33.14084510775155,0.0,0.0,66.2816902155031,1590.7605651720746,0.1312462262420782,5.771331980422265e-05,0.545
1972-07-25,1972-08-05,570.3586,0.8854392210789449,505.01787451967766,0.547,1972,7,25,1972.07,1971,10,299,43,0.0436335443585001,0.0,0.0,0.42,3,Normal,50,10,9,9,108,186.0,0.3683037955377412,319.01787451967766,319.01787451967766,,2,159.50893725983883,159.50893725983883,0.0,0.0,0.0,0.0,0.0,0.0,0.0,0.0,50.0,10.0,9.0,9.0,108.0,388.01787451967766,990.0,965.8725804353384,24.127419564661523,0.1724753097132499,0.0338035749039355,989.7937211153828,0.1800098407168422,0.1800098407168422,0.0,0.0,23.741130839327504,23.741130839327504,23.921140680044346,23.921140680044346,,0.919955292422987,0.919955292422987,0.0,0.0,34.165819698712944,34.165819698712944,0.0,0.0,0.6958415417253145,0.6958415417253145,0.0,0.0,0.97,0.97,0.96,0.96,33.14084510775155,33.14084510775155,0.0,0.0,66.2816902155031,1590.7605651720746,0.1312462262420782,5.771331980422265e-05,0.545
1972-07-26,1972-08-06,564.6867,0.8760275090430032,494.6810831907137,0.5529999999999999,1972,7,26,1972.07,1971,10,300,43,0.0427404455876776,10.336791328964011,0.0208958694403498,0.42,3,Normal,50,10,9,9,108,186.0,0.3759998235636831,308.6810831907137,308.6810831907137,,2,154.34054159535685,154.34054159535685,0.0,0.0,0.0,0.0,0.0,0.0,0.0,0.0,50.0,10.0,9.0,9.0,108.0,377.6810831907137,990.0,965.8260648743582,24.173935125641837,0.1688271353354246,0.0317362166381427,989.7994366480264,0.1685755698459708,0.1685755698459708,0.0,0.0,23.80479620382233,23.80479620382233,23.973371773668305,23.973371773668305,,0.9178986114203797,0.9178986114203797,0.0,0.0,33.073328157919626,33.073328157919626,0.0,0.0,0.6735912048456135,0.6735912048456135,0.0,0.0,0.97,0.97,0.96,0.96,32.081128313182035,32.081128313182035,0.0,0.0,64.16225662636407,1539.8941590327377,0.1297042858653798,5.773871491784076e-05,0.555
1972-07-27,1972-08-07,559.0506,0.8753118667840304,489.3436243127323,0.555,1972,7,27,1972.07,1971,10,301,43,0.04227928914062,5.337458877981362,0.0109073841218993,0.42,3,Normal,50,10,9,9,108,186.0,0.3801009980690586,303.3436243127323,303.3436243127323,,2,151.67181215636614,151.67181215636614,0.0,0.0,0.0,0.0,0.0,0.0,0.0,0.0,50.0,10.0,9.0,9.0,108.0,372.3436243127323,990.0,965.8020463094072,24.19795369059273,0.166943380492973,0.0306687248625464,989.8023878946444,0.1628111142577508,0.1628111142577508,0.0,0.0,23.83753047097952,23.83753047097952,24.000341585237265,24.000341585237265,,0.9168385533884658,0.9168385533884658,0.0,0.0,32.50855784637645,32.50855784637645,0.0,0.0,0.6620887545086853,0.6620887545086853,0.0,0.0,0.97,0.97,0.96,0.96,31.533301110985157,31.533301110985157,0.0,0.0,63.06660222197031,1513.5984533272874,0.1288799916634151,5.775133944847071e-05,0.555
1972-07-28,1972-08-08,553.45,0.8781733244038457,486.0250263913084,0.5579999999999999,1972,7,28,1972.07,1971,10,302,44,0.041992562280209,3.3185979214239296,0.0068280391774559,0.42,3,Normal,50,10,9,9,108,186.0,0.3826963425752642,300.0250263913084,300.0250263913084,,2,150.0125131956542,150.0125131956542,0.0,0.0,0.0,0.0,0.0,0.0,0.0,0.0,50.0,10.0,9.0,9.0,108.0,369.0250263913084,990.0,965.7871126187608,24.21288738123917,0.1657721443209397,0.0300050052782616,989.8042228504008,0.1592270285026131,0.1592270285026131,0.0,0.0,23.85788320313739,23.85788320313739,24.017110231640004,24.017110231640004,,0.9161801604777094,0.9161801604777094,0.0,0.0,32.157255603296285,32.157255603296285,0.0,0.0,0.6549339226740587,0.6549339226740587,0.0,0.0,0.97,0.97,0.96,0.96,31.1925379351974,31.1925379351974,0.0,0.0,62.38507587039479,1497.241820889475,0.1283577439079594,5.775914079639042e-05,0.56
1972-07-29,1972-08-09,542.3552,0.8801399653154843,477.3484869166725,0.5650000000000001,1972,7,29,1972.07,1971,10,303,44,0.0412429092696005,8.676539474635831,0.0181765307997099,0.42,3,Normal,50,10,9,9,108,186.0,0.3896524344330199,291.3484869166725,291.3484869166725,,2,145.67424345833626,145.67424345833626,0.0,0.0,0.0,0.0,0.0,0.0,0.0,0.0,50.0,10.0,9.0,9.0,108.0,360.3484869166725,990.0,965.748068191125,24.25193180887504,0.1627099243348534,0.0282696973833345,989.8090203782818,0.1502024263933394,0.1502024263933394,0.0,0.0,23.910749760763547,23.910749760763547,24.06095218715689,24.06095218715689,,0.91446096748853,0.91446096748853,0.0,0.0,31.23775670525271,31.23775670525271,0.0,0.0,0.6362068575407884,0.6362068575407884,0.0,0.0,0.97,0.97,0.96,0.96,30.300624004095127,30.300624004095127,0.0,0.0,60.601248008190254,1454.429952196566,0.1269538914842501,5.7778504980153215e-05,0.565
1972-07-30,1972-08-10,536.8608,0.8801028281077824,472.4927083802066,0.5690000000000001,1972,7,30,1972.07,1971,10,304,44,0.0408233700040498,4.855778536465948,0.0102769385650679,0.42,3,Normal,50,10,9,9,108,186.0,0.3936568685634172,286.4927083802066,286.4927083802066,,2,143.2463541901033,143.2463541901033,0.0,0.0,0.0,0.0,0.0,0.0,0.0,0.0,50.0,10.0,9.0,9.0,108.0,355.4927083802066,990.0,965.7262171877107,24.27378281228914,0.1609961694299351,0.0272985416760413,989.811705288894,0.1452576354640086,0.1452576354640086,0.0,0.0,23.94023046571915,23.94023046571915,24.08548810118316,24.08548810118316,,0.913371368914896,0.913371368914896,0.0,0.0,30.718358012225085,30.718358012225085,0.0,0.0,0.6256284727540751,0.6256284727540751,0.0,0.0,0.97,0.97,0.96,0.96,29.79680727185833,29.79680727185833,0.0,0.0,59.59361454371666,1430.2467490492,0.1261259983207248,5.778081372922911e-05,0.57
1972-07-31,1972-08-11,531.4016,0.8847902403509693,470.1789493868897,0.5740000000000001,1972,7,31,1972.07,1971,10,305,44,0.0406234612270272,2.313758993316867,0.0049210178301984,0.42,3,Normal,50,10,9,9,108,186.0,0.3955940610325978,284.1789493868897,284.1789493868897,,2,142.08947469344486,142.08947469344486,0.0,0.0,0.0,0.0,0.0,0.0,0.0,0.0,50.0,10.0,9.0,9.0,108.0,353.1789493868897,990.0,965.715805272241,24.28419472775897,0.1601795720925941,0.0268357898773779,989.81298463803,0.1429207388807586,0.1429207388807586,0.0,0.0,23.954258626908217,23.954258626908217,24.09717936578897,24.09717936578897,,0.912830325740224,0.912830325740224,0.0,0.0,30.47006649457761,30.47006649457761,0.0,0.0,0.6205716190341671,0.6205716190341671,0.0,0.0,0.97,0.97,0.96,0.96,29.55596449974028,29.55596449974028,0.0,0.0,59.11192899948056,1418.6862959875334,0.1257221938084683,5.778042431735096e-05,0.575
1972-08-01,1972-08-12,525.9775,0.8881694527338079,467.1571483252964,0.58,1972,8,1,1972.08,1971,11,306,44,0.0403623776153056,3.021801061593294,0.0064684893989658,0.4,3,Normal,47,8,6,5,89,155.0,0.3317941308522342,312.1571483252964,312.1571483252964,,2,156.0785741626482,156.0785741626482,0.0,0.0,0.0,0.0,0.0,0.0,0.0,0.0,47.0,8.0,6.0,5.0,89.0,373.1571483252964,990.0,965.7022071674638,24.29779283253617,0.1672304983580755,0.0324314296650592,989.8003380719769,0.172394434641079,0.172394434641079,0.0,0.0,23.92573646987195,23.92573646987195,24.098130904513027,24.098130904513027,,0.9187279207886336,0.9187279207886336,0.0,0.0,33.646060261067205,33.646060261067205,0.0,0.0,0.6852558097977027,0.6852558097977027,0.0,0.0,0.97,0.97,0.96,0.96,32.63667845323519,32.63667845323519,0.0,0.0,65.27335690647038,1566.5605657552892,0.1397246240167098,5.808448765901856e-05,0.58
1972-08-02,1972-08-13,520.5884,0.8885427859104034,462.56506724863937,0.581,1972,8,2,1972.08,1971,11,307,44,0.0399656218102824,4.592081076657053,0.0099274273000574,0.4,3,Normal,47,8,6,5,89,155.0,0.3350879929648555,307.56506724863937,307.56506724863937,,2,153.78253362431968,153.78253362431968,0.0,0.0,0.0,0.0,0.0,0.0,0.0,0.0,47.0,8.0,6.0,5.0,89.0,368.56506724863937,990.0,965.6815428026188,24.31845719738112,0.1656098104684191,0.0315130134497278,989.802877176082,0.1673702726285305,0.1673702726285305,0.0,0.0,23.953964100834483,23.953964100834483,24.12133437346301,24.12133437346301,,0.9178177101602658,0.9178177101602658,0.0,0.0,33.15732904945086,33.15732904945086,0.0,0.0,0.6753020173004248,0.6753020173004248,0.0,0.0,0.97,0.97,0.96,0.96,32.16260917796733,32.16260917796733,0.0,0.0,64.32521835593467,1543.805240542432,0.1390619891349434,5.809540195778165e-05,0.58
1972-08-03,1972-08-14,515.2343,0.8913623235036077,459.2604427967548,0.585,1972,8,3,1972.08,1971,11,308,44,0.0396801022576396,3.304624451884536,0.0071955346987003,0.4,3,Normal,47,8,6,5,89,155.0,0.337499130245352,304.2604427967548,304.2604427967548,,2,152.1302213983774,152.1302213983774,0.0,0.0,0.0,0.0,0.0,0.0,0.0,0.0,47.0,8.0,6.0,5.0,89.0,365.2604427967548,990.0,965.6666719925854,24.333328007414597,0.1644435059673386,0.0308520885593509,989.8047044054732,0.1638012782204951,0.1638012782204951,0.0,0.0,23.974231134667427,23.974231134667427,24.138032412887924,24.138032412887924,,0.9171632852350056,0.9171632852350056,0.0,0.0,32.805415753525985,32.805415753525985,0.0,0.0,0.6681347403976778,0.6681347403976778,0.0,0.0,0.97,0.97,0.96,0.96,31.821253280920203,31.821253280920203,0.0,0.0,63.642506561840406,1527.4201574841695,0.1385760684597113,5.810309707846197e-05,0.585
1972-08-04,1972-08-15,515.2343,0.8913623235036077,459.2604427967548,0.585,1972,8,4,1972.08,1971,11,309,45,0.0396801022576396,0.0,0.0,0.4,3,Normal,47,8,6,5,89,155.0,0.337499130245352,304.2604427967548,304.2604427967548,,2,152.1302213983774,152.1302213983774,0.0,0.0,0.0,0.0,0.0,0.0,0.0,0.0,47.0,8.0,6.0,5.0,89.0,365.2604427967548,990.0,965.6666719925854,24.333328007414597,0.1644435059673386,0.0308520885593509,989.8047044054732,0.1638012782204951,0.1638012782204951,0.0,0.0,23.974231134667427,23.974231134667427,24.138032412887924,24.138032412887924,,0.9171632852350056,0.9171632852350056,0.0,0.0,32.805415753525985,32.805415753525985,0.0,0.0,0.6681347403976778,0.6681347403976778,0.0,0.0,0.97,0.97,0.96,0.96,31.821253280920203,31.821253280920203,0.0,0.0,63.642506561840406,1527.4201574841695,0.1385760684597113,5.810309707846197e-05,0.585
1972-08-05,1972-08-16,509.9149,0.8935905892579125,455.65515596238953,0.59,1972,8,5,1972.08,1971,11,310,45,0.0393686054751504,3.6052868343653017,0.0079123143613958,0.4,3,Normal,47,8,6,5,89,155.0,0.3401695294605509,300.6551559623896,300.6551559623896,,2,150.32757798119476,150.32757798119476,0.0,0.0,0.0,0.0,0.0,0.0,0.0,0.0,47.0,8.0,6.0,5.0,89.0,361.65515596238953,990.0,965.6504482018308,24.349551798169276,0.163171088382881,0.0301310311924779,989.8066978804246,0.1599075684393807,0.1599075684393807,0.0,0.0,23.996342110154515,23.996342110154515,24.15624967859389,24.15624967859389,,0.9164499303546384,0.9164499303546384,0.0,0.0,32.42135393732106,32.42135393732106,0.0,0.0,0.6603127074810806,0.6603127074810806,0.0,0.0,0.97,0.97,0.96,0.96,31.448713319201424,31.448713319201424,0.0,0.0,62.89742663840285,1509.5382393216682,0.1380373420894517,5.811145111957416e-05,0.59
1972-08-06,1972-08-17,504.6303,0.897830776149602,453.0726139176065,0.595,1972,8,6,1972.08,1971,11,311,45,0.0391454738424812,2.582542044782997,0.0057000621212842,0.4,3,Normal,47,8,6,5,89,155.0,0.3421085169102442,298.0726139176065,298.0726139176065,,2,149.03630695880324,149.03630695880324,0.0,0.0,0.0,0.0,0.0,0.0,0.0,0.0,47.0,8.0,6.0,5.0,89.0,359.0726139176065,990.0,965.6388267626292,24.36117323737085,0.1622596291671925,0.0296145227835212,989.8081258480491,0.1571955184743107,0.1571955184743107,0.0,0.0,24.0121035669458,24.0121035669458,24.169299085420107,24.169299085420107,,0.9159391789098952,0.9159391789098952,0.0,0.0,32.14605059774206,32.14605059774206,0.0,0.0,0.6547057148216305,0.6547057148216305,0.0,0.0,0.97,0.97,0.96,0.96,31.1816690798098,31.1816690798098,0.0,0.0,62.3633381596196,1496.7201158308703,0.1376453492087709,5.811721265198723e-05,0.595
1972-08-07,1972-08-18,494.165,0.8960553284209241,442.799181369126,0.602,1972,8,7,1972.08,1971,11,312,45,0.0382578492702924,10.27343254848057,0.0232011100759385,0.4,3,Normal,47,8,6,5,89,155.0,0.3500458142689947,287.799181369126,287.799181369126,,2,143.899590684563,143.899590684563,0.0,0.0,0.0,0.0,0.0,0.0,0.0,0.0,47.0,8.0,6.0,5.0,89.0,348.799181369126,990.0,965.592596316161,24.407403683838996,0.1586338160688217,0.0275598362738252,989.8138063476574,0.1465771731828172,0.1465771731828172,0.0,0.0,24.0746328583136,24.0746328583136,24.22121003149641,24.22121003149641,,0.9138332302869496,0.9138332302869496,0.0,0.0,31.0473742975096,31.0473742975096,0.0,0.0,0.632329415427894,0.632329415427894,0.0,0.0,0.97,0.97,0.96,0.96,30.11595306858431,30.11595306858431,0.0,0.0,60.23190613716862,1445.565747292047,0.1360253330887668,5.813458175422469e-05,0.6
1972-08-08,1972-08-19,494.165,0.8960553284209241,442.799181369126,0.602,1972,8,8,1972.08,1971,11,313,45,0.0382578492702924,0.0,0.0,0.4,3,Normal,47,8,6,5,89,155.0,0.3500458142689947,287.799181369126,287.799181369126,,2,143.899590684563,143.899590684563,0.0,0.0,0.0,0.0,0.0,0.0,0.0,0.0,47.0,8.0,6.0,5.0,89.0,348.799181369126,990.0,965.592596316161,24.407403683838996,0.1586338160688217,0.0275598362738252,989.8138063476574,0.1465771731828172,0.1465771731828172,0.0,0.0,24.0746328583136,24.0746328583136,24.22121003149641,24.22121003149641,,0.9138332302869496,0.9138332302869496,0.0,0.0,31.0473742975096,31.0473742975096,0.0,0.0,0.632329415427894,0.632329415427894,0.0,0.0,0.97,0.97,0.96,0.96,30.11595306858431,30.11595306858431,0.0,0.0,60.23190613716862,1445.565747292047,0.1360253330887668,5.813458175422469e-05,0.6
1972-08-09,1972-08-20,488.9841,0.8998924733267547,440.0331111664572,0.609,1972,8,9,1972.08,1971,11,314,45,0.0380188608047818,2.766070202668743,0.0062860501459454,0.4,3,Normal,47,8,6,5,89,155.0,0.352246219810868,285.0331111664572,285.0331111664572,,2,142.5165555832286,142.5165555832286,0.0,0.0,0.0,0.0,0.0,0.0,0.0,0.0,47.0,8.0,6.0,5.0,89.0,346.0331111664572,990.0,965.580149000249,24.41985099975102,0.1576575840719188,0.0270066222332914,989.8153357936948,0.1437834422781218,0.1437834422781218,0.0,0.0,24.09140335116767,24.09140335116767,24.23518679344579,24.23518679344579,,0.9131909563499516,0.9131909563499516,0.0,0.0,30.748767861069844,30.748767861069844,0.0,0.0,0.626247817944396,0.626247817944396,0.0,0.0,0.97,0.97,0.96,0.96,29.82630482523775,29.82630482523775,0.0,0.0,59.6526096504755,1431.662631611412,0.1355639112982793,5.813419107535704e-05,0.61
1972-08-10,1972-08-21,483.8375,0.9000891520783358,435.49688511870175,0.611,1972,8,10,1972.08,1971,11,315,45,0.0376269308742558,4.536226047755463,0.0104162077910592,0.4,3,Normal,47,8,6,5,89,155.0,0.3559152896300331,280.4968851187017,280.4968851187017,,2,140.24844255935088,140.24844255935088,0.0,0.0,0.0,0.0,0.0,0.0,0.0,0.0,47.0,8.0,6.0,5.0,89.0,341.4968851187017,990.0,965.559735983034,24.440264016965894,0.1560566091549662,0.0260993770237403,989.8178440138214,0.1392018539698887,0.1392018539698887,0.0,0.0,24.118906176817408,24.118906176817408,24.258108030787294,24.258108030787294,,0.9121398160295128,0.9121398160295128,0.0,0.0,30.25908340288215,30.25908340288215,0.0,0.0,0.6162746110566629,0.6162746110566629,0.0,0.0,0.97,0.97,0.96,0.96,29.351310900795685,29.351310900795685,0.0,0.0,58.70262180159137,1408.862923238193,0.1347945847777786,5.813356475197514e-05,0.61
1972-08-11,1972-08-22,478.7252,0.9002196493164109,430.9578316629287,0.615,1972,8,11,1972.08,1971,11,316,46,0.037234756655677,4.5390534557730575,0.0105324770134894,0.34,2,Mod_Wet,54,9,8,6,107,184.0,0.4269559258036981,246.9578316629287,246.9578316629287,,2,123.47891583146436,123.47891583146436,0.0,0.0,0.0,0.0,0.0,0.0,0.0,0.0,54.0,9.0,8.0,6.0,107.0,317.9578316629287,990.0,965.5393102424832,24.46068975751689,0.1477489468482899,0.0193915663325857,989.8328594868192,0.1079533135467479,0.1079533135467479,0.0,0.0,24.185595930789216,24.185595930789216,24.293549244335964,24.293549244335964,,0.9037202664642584,0.9037202664642584,0.0,0.0,26.468072871074064,26.468072871074064,0.0,0.0,0.5390646205921398,0.5390646205921398,0.0,0.0,0.97,0.97,0.96,0.96,25.67403068494184,25.67403068494184,0.0,0.0,51.34806136988368,1232.3534728772083,0.1191486906543684,5.775621807366372e-05,0.615
1972-08-12,1972-08-23,473.647,0.9007401735700734,426.6328809909446,0.62,1972,8,12,1972.08,1971,11,317,46,0.0368610809176176,4.324950671984085,0.0101374058697456,0.34,2,Mod_Wet,54,9,8,6,107,184.0,0.4312841513120631,242.6328809909446,242.6328809909446,,2,121.3164404954723,121.3164404954723,0.0,0.0,0.0,0.0,0.0,0.0,0.0,0.0,54.0,9.0,8.0,6.0,107.0,313.6328809909446,990.0,965.5198479644592,24.480152035540755,0.1462225375666515,0.0185265761981889,989.8352508862351,0.1041906064621218,0.1041906064621218,0.0,0.0,24.211212315313777,24.211212315313777,24.3154029217759,24.3154029217759,,0.9019829245134448,0.9019829245134448,0.0,0.0,25.98203784248653,25.98203784248653,0.0,0.0,0.5291657401728418,0.5291657401728418,0.0,0.0,0.97,0.97,0.96,0.96,25.202576707211936,25.202576707211936,0.0,0.0,50.40515341442387,1209.723681946173,0.1181464337613812,5.770624099595629e-05,0.62
1972-08-13,1972-08-24,468.6029,0.9015518661337044,422.4698189706656,0.626,1972,8,13,1972.08,1971,11,318,46,0.0365013923590655,4.163062020279028,0.00985410515341,0.34,2,Mod_Wet,54,9,8,6,107,184.0,0.4355340706900914,238.4698189706656,238.4698189706656,,2,119.2349094853328,119.2349094853328,0.0,0.0,0.0,0.0,0.0,0.0,0.0,0.0,54.0,9.0,8.0,6.0,107.0,309.4698189706656,990.0,965.501114185368,24.49888581463199,0.1447532638130909,0.0176939637941331,989.8375527723928,0.1006299497456524,0.1006299497456524,0.0,0.0,24.235808637279103,24.235808637279103,24.33643858702476,24.33643858702476,,0.900306402775183,0.900306402775183,0.0,0.0,25.514671389653422,25.514671389653422,0.0,0.0,0.519647075145691,0.519647075145691,0.0,0.0,0.97,0.97,0.96,0.96,24.749231247963824,24.749231247963824,0.0,0.0,49.49846249592765,1187.9630999022636,0.1171644938247401,5.765749718301588e-05,0.625
1972-08-14,1972-08-25,463.5928,0.9065907191323836,420.28892993659525,0.63,1972,8,14,1972.08,1971,11,319,46,0.0363129635465218,2.180889034070333,0.0051890232616865,0.34,2,Mod_Wet,54,9,8,6,107,184.0,0.4377940671141593,236.28892993659525,236.28892993659525,,2,118.14446496829764,118.14446496829764,0.0,0.0,0.0,0.0,0.0,0.0,0.0,0.0,54.0,9.0,8.0,6.0,107.0,307.28892993659525,990.0,965.4913001847146,24.508699815285357,0.1439835604069012,0.017257785987319,989.8387586536056,0.098819811847374,0.098819811847374,0.0,0.0,24.24863865704372,24.24863865704372,24.34745846889109,24.34745846889109,,0.8994264473878206,0.8994264473878206,0.0,0.0,25.269991450940854,25.269991450940854,0.0,0.0,0.5146637770049054,0.5146637770049054,0.0,0.0,0.97,0.97,0.96,0.96,24.511891707412627,24.511891707412627,0.0,0.0,49.02378341482525,1176.570801955806,0.1166430517744566,5.763163606049321e-05,0.63
1972-08-15,1972-08-26,463.5928,0.9065907191323836,420.28892993659525,0.63,1972,8,15,1972.08,1971,11,320,46,0.0363129635465218,0.0,0.0,0.34,2,Mod_Wet,54,9,8,6,107,184.0,0.4377940671141593,236.28892993659525,236.28892993659525,,2,118.14446496829764,118.14446496829764,0.0,0.0,0.0,0.0,0.0,0.0,0.0,0.0,54.0,9.0,8.0,6.0,107.0,307.28892993659525,990.0,965.4913001847146,24.508699815285357,0.1439835604069012,0.017257785987319,989.8387586536056,0.098819811847374,0.098819811847374,0.0,0.0,24.24863865704372,24.24863865704372,24.34745846889109,24.34745846889109,,0.8994264473878206,0.8994264473878206,0.0,0.0,25.269991450940854,25.269991450940854,0.0,0.0,0.5146637770049054,0.5146637770049054,0.0,0.0,0.97,0.97,0.96,0.96,24.511891707412627,24.511891707412627,0.0,0.0,49.02378341482525,1176.570801955806,0.1166430517744566,5.763163606049321e-05,0.63
1972-08-16,1972-08-27,458.6166,0.911126574868046,417.8577719356288,0.633,1972,8,16,1972.08,1971,11,321,46,0.0361029114952383,2.4311580009666045,0.0058181471406044,0.34,2,Mod_Wet,54,9,8,6,107,184.0,0.4403412174139129,233.8577719356288,233.8577719356288,,2,116.9288859678144,116.9288859678144,0.0,0.0,0.0,0.0,0.0,0.0,0.0,0.0,54.0,9.0,8.0,6.0,107.0,304.8577719356288,990.0,965.4803599737104,24.51964002628972,0.143125529317242,0.0167715543871257,989.8401029162956,0.0968019507065719,0.0968019507065719,0.0,0.0,24.26294099187883,24.26294099187883,24.3597429425854,24.3597429425854,,0.8984442095279618,0.8984442095279618,0.0,0.0,24.997413111028987,24.997413111028987,0.0,0.0,0.509112283320346,0.509112283320346,0.0,0.0,0.97,0.97,0.96,0.96,24.24749071769812,24.24749071769812,0.0,0.0,48.49498143539624,1163.8795544495097,0.1160561911072146,5.7602653377741513e-05,0.635
1972-08-17,1972-08-28,458.6166,0.911126574868046,417.8577719356288,0.633,1972,8,17,1972.08,1971,11,322,46,0.0361029114952383,0.0,0.0,0.34,2,Mod_Wet,54,9,8,6,107,184.0,0.4403412174139129,233.8577719356288,233.8577719356288,,2,116.9288859678144,116.9288859678144,0.0,0.0,0.0,0.0,0.0,0.0,0.0,0.0,54.0,9.0,8.0,6.0,107.0,304.8577719356288,990.0,965.4803599737104,24.51964002628972,0.143125529317242,0.0167715543871257,989.8401029162956,0.0968019507065719,0.0968019507065719,0.0,0.0,24.26294099187883,24.26294099187883,24.3597429425854,24.3597429425854,,0.8984442095279618,0.8984442095279618,0.0,0.0,24.997413111028987,24.997413111028987,0.0,0.0,0.509112283320346,0.509112283320346,0.0,0.0,0.97,0.97,0.96,0.96,24.24749071769812,24.24749071769812,0.0,0.0,48.49498143539624,1163.8795544495097,0.1160561911072146,5.7602653377741513e-05,0.635
1972-08-18,1972-08-29,448.7655,0.9091709283658698,408.00454625357366,0.643,1972,8,18,1972.08,1971,11,323,47,0.0352515927963087,9.853225682054983,0.0241497938504127,0.34,2,Mod_Wet,54,9,8,6,107,184.0,0.4509753670382989,224.0045462535737,224.0045462535737,,2,112.00227312678685,112.00227312678685,0.0,0.0,0.0,0.0,0.0,0.0,0.0,0.0,54.0,9.0,8.0,6.0,107.0,295.00454625357366,990.0,965.436020458141,24.563979541859,0.1396480202597184,0.0148009092507147,989.8455510704896,0.0888036370028589,0.0888036370028589,0.0,0.0,24.320726975345615,24.320726975345615,24.40953061234848,24.40953061234848,,0.8944490644679725,0.8944490644679725,0.0,0.0,23.894486561087376,23.894486561087376,0.0,0.0,0.4866494207960768,0.4866494207960768,0.0,0.0,0.9686649420796076,0.9686649420796076,0.96,0.96,23.145751440717667,23.145751440717667,0.0,0.0,46.291502881435335,1110.996069154448,0.1134583016451618,5.7403972443677855e-05,0.645
1972-08-19,1972-08-30,443.8904,0.9076618404997884,402.90237744418727,0.648,1972,8,19,1972.08,1971,11,324,47,0.0348107654111777,5.102168809386399,0.0126635361194739,0.34,2,Mod_Wet,54,9,8,6,107,184.0,0.4566863098877814,218.90237744418727,218.90237744418727,,1,218.90237744418727,0.0,0.0,0.0,0.0,0.0,0.0,0.0,0.0,0.0,54.0,9.0,8.0,6.0,107.0,289.90237744418727,990.0,965.4130606984988,24.58693930150116,0.1378473065827781,0.0137804754888374,989.8483722179284,0.3390193225280967,0.0,0.0,0.0,24.09629219690145,24.435311519429547,24.435311519429547,24.435311519429547,,0.939436792766516,0.0,0.0,0.0,48.596720680436526,0.0,0.0,0.0,0.9897499120251838,0.0,0.0,0.0,0.98,0.96,0.96,0.96,47.6247862668278,0.0,0.0,0.0,47.6247862668278,1142.994870403867,0.1182042820619123,6.043382192006585e-05,0.65
1972-08-20,1972-08-31,443.8904,0.9076618404997884,402.90237744418727,0.648,1972,8,20,1972.08,1971,11,325,47,0.0348107654111777,0.0,0.0,0.34,2,Mod_Wet,54,9,8,6,107,184.0,0.4566863098877814,218.90237744418727,218.90237744418727,,1,218.90237744418727,0.0,0.0,0.0,0.0,0.0,0.0,0.0,0.0,0.0,54.0,9.0,8.0,6.0,107.0,289.90237744418727,990.0,965.4130606984988,24.58693930150116,0.1378473065827781,0.0137804754888374,989.8483722179284,0.3390193225280967,0.0,0.0,0.0,24.09629219690145,24.435311519429547,24.435311519429547,24.435311519429547,,0.939436792766516,0.0,0.0,0.0,48.596720680436526,0.0,0.0,0.0,0.9897499120251838,0.0,0.0,0.0,0.98,0.96,0.96,0.96,47.6247862668278,0.0,0.0,0.0,47.6247862668278,1142.994870403867,0.1182042820619123,6.043382192006585e-05,0.65
1972-08-21,1972-09-01,439.0488,0.9068394067509818,398.1467533267305,0.657,1972,8,21,1972.08,1971,11,326,47,0.0343998794874295,4.755624117456762,0.0119444000929832,0.33,2,Mod_Wet,54,9,8,6,107,184.0,0.4621411538900692,214.1467533267305,214.1467533267305,,1,214.1467533267305,0.0,0.0,0.0,0.0,0.0,0.0,0.0,0.0,0.0,54.0,9.0,8.0,6.0,107.0,285.1467533267305,990.0,965.3907337666336,24.609266233366384,0.1361688992798019,0.0128293506653461,989.8510017500548,0.3244402599801915,0.0,0.0,0.0,24.13582772344101,24.460267983421204,24.460267983421204,24.460267983421204,,0.9382337665399488,0.0,0.0,0.0,47.55798550041278,0.0,0.0,0.0,0.9685944093770422,0.0,0.0,0.0,0.98,0.96,0.96,0.96,46.60682579040452,0.0,0.0,0.0,46.60682579040452,1118.5638189697086,0.1170594144017988,6.045546008153552e-05,0.655
1972-08-22,1972-09-02,439.0488,0.9068394067509818,398.1467533267305,0.657,1972,8,22,1972.08,1971,11,327,47,0.0343998794874295,0.0,0.0,0.33,2,Mod_Wet,54,9,8,6,107,184.0,0.4621411538900692,214.1467533267305,214.1467533267305,,1,214.1467533267305,0.0,0.0,0.0,0.0,0.0,0.0,0.0,0.0,0.0,54.0,9.0,8.0,6.0,107.0,285.1467533267305,990.0,965.3907337666336,24.609266233366384,0.1361688992798019,0.0128293506653461,989.8510017500548,0.3244402599801915,0.0,0.0,0.0,24.13582772344101,24.460267983421204,24.460267983421204,24.460267983421204,,0.9382337665399488,0.0,0.0,0.0,47.55798550041278,0.0,0.0,0.0,0.9685944093770422,0.0,0.0,0.0,0.98,0.96,0.96,0.96,46.60682579040452,0.0,0.0,0.0,46.60682579040452,1118.5638189697086,0.1170594144017988,6.045546008153552e-05,0.655
1972-08-23,1972-09-03,434.2405,0.9023039355474278,391.8169121240828,0.66,1972,8,23,1972.08,1971,11,328,47,0.0338529812075207,6.3298412026476845,0.0161550995038292,0.33,2,Mod_Wet,54,9,8,6,107,184.0,0.4696070902159778,207.8169121240828,207.8169121240828,,1,207.8169121240828,0.0,0.0,0.0,0.0,0.0,0.0,0.0,0.0,0.0,54.0,9.0,8.0,6.0,107.0,278.8169121240828,990.0,965.3590845606204,24.64091543937957,0.133934901924501,0.0115633824248165,989.8545017156508,0.3055817216448035,0.0,0.0,0.0,24.18983543338548,24.49541715503028,24.49541715503028,24.49541715503028,,0.9366396487533666,0.0,0.0,0.0,46.176928143314704,0.0,0.0,0.0,0.9404669682956152,0.0,0.0,0.0,0.98,0.96,0.96,0.96,45.253389580448406,0.0,0.0,0.0,45.253389580448406,1086.0813499307617,0.1154962641482849,6.04877912297316e-05,0.66
1972-08-24,1972-09-04,429.4657,0.9060885103777592,389.1339363713416,0.6629999999999999,1972,8,24,1972.08,1971,11,329,47,0.0336211721024839,2.6829757527411857,0.0068947359815487,0.33,2,Mod_Wet,54,9,8,6,107,184.0,0.4728449071180803,205.1339363713416,205.1339363713416,,1,205.1339363713416,0.0,0.0,0.0,0.0,0.0,0.0,0.0,0.0,0.0,54.0,9.0,8.0,6.0,107.0,276.1339363713416,990.0,965.3456696818566,24.65433031814337,0.1329879965371347,0.0110267872742683,989.8559852161884,0.2976937729317442,0.0,0.0,0.0,24.212621761400136,24.51031553433188,24.51031553433188,24.51031553433188,,0.9359660500102616,0.0,0.0,0.0,45.59089596080332,0.0,0.0,0.0,0.9285314859634076,0.0,0.0,0.0,0.98,0.96,0.96,0.96,44.67907804158725,0.0,0.0,0.0,44.67907804158725,1072.297872998094,0.1148167092755206,6.050122778848934e-05,0.665
1972-08-25,1972-09-05,424.724,0.9100759486875,386.53109723034976,0.6709999999999999,1972,8,25,1972.08,1971,11,330,48,0.0333962868007022,2.6028391409918754,0.0067338414933294,0.33,2,Mod_Wet,54,9,8,6,107,184.0,0.4760289697735415,202.53109723034976,202.53109723034976,,1,202.53109723034976,0.0,0.0,0.0,0.0,0.0,0.0,0.0,0.0,0.0,54.0,9.0,8.0,6.0,107.0,273.53109723034976,990.0,965.3326554861516,24.66734451384832,0.1320693738464396,0.0105062194460699,989.8574244067077,0.2902389380788003,0.0,0.0,0.0,24.234529982477056,24.524768920555857,24.524768920555857,24.524768920555857,,0.9352015807550044,0.0,0.0,0.0,45.01634685808035,0.0,0.0,0.0,0.9168298749099868,0.0,0.0,0.0,0.98,0.96,0.96,0.96,44.11601992091874,0.0,0.0,0.0,44.11601992091874,1058.7844781020497,0.1141331712688259,6.050651058338622e-05,0.67
1972-08-26,1972-09-06,420.0154,0.9067213782142306,380.8369423592014,0.675,1972,8,26,1972.08,1971,11,331,48,0.032904311819835,5.694154871148385,0.0149516872913492,0.33,2,Mod_Wet,54,9,8,6,107,184.0,0.4831464060712186,196.83694235920137,196.83694235920137,,1,196.83694235920137,0.0,0.0,0.0,0.0,0.0,0.0,0.0,0.0,0.0,54.0,9.0,8.0,6.0,107.0,267.8369423592014,990.0,965.304184711796,24.695815288204017,0.1300597299208545,0.0096836942359201,989.8602565758432,0.2741434386057638,0.0,0.0,0.0,24.28192842544146,24.556071864047222,24.556071864047222,24.556071864047222,,0.9335230841683656,0.0,0.0,0.0,43.75760523426659,0.0,0.0,0.0,0.8911935892925986,0.0,0.0,0.0,0.9791193589292598,0.96,0.96,0.96,42.84391838525473,0.0,0.0,0.0,42.84391838525473,1028.2540412461135,0.1124993760317632,6.046166079246762e-05,0.675
1972-08-27,1972-09-07,415.3399,0.9079714249478594,377.11676084070143,0.68,1972,8,27,1972.08,1971,11,332,48,0.0325828881366366,3.720181518499942,0.0098648002549836,0.33,2,Mod_Wet,54,9,8,6,107,184.0,0.4879125488610244,193.11676084070143,193.11676084070143,,1,193.11676084070143,0.0,0.0,0.0,0.0,0.0,0.0,0.0,0.0,0.0,54.0,9.0,8.0,6.0,107.0,264.11676084070143,990.0,965.2855838042036,24.714416195796503,0.1287467624375484,0.0093116760840701,989.8619415614784,0.2638775894867079,0.0,0.0,0.0,24.31248016778817,24.57635775727488,24.57635775727488,24.57635775727488,,0.9324317393986584,0.0,0.0,0.0,42.93435871418415,0.0,0.0,0.0,0.8744268577226915,0.0,0.0,0.0,0.9774426857722692,0.96,0.96,0.96,41.96587489350218,0.0,0.0,0.0,41.96587489350218,1007.1809974440524,0.1112808531764756,6.0363416513769504e-05,0.68
1972-08-28,1972-09-08,410.6973,0.908236127635729,373.01012538244936,0.6880000000000001,1972,8,28,1972.08,1971,11,333,48,0.0322280748330436,4.106635458252072,0.0110094476766321,0.33,2,Mod_Wet,54,9,8,6,107,184.0,0.4932841965384821,189.01012538244936,189.01012538244936,,1,189.01012538244936,0.0,0.0,0.0,0.0,0.0,0.0,0.0,0.0,0.0,54.0,9.0,8.0,6.0,107.0,260.01012538244936,990.0,965.2650506269122,24.73494937308783,0.1272974033684643,0.0089010125382449,989.8638015840932,0.2527669335173153,0.0,0.0,0.0,24.34598402366378,24.598750957181096,24.598750957181096,24.598750957181096,,0.9312319350529786,0.0,0.0,0.0,42.02512011005373,0.0,0.0,0.0,0.8559087598788946,0.0,0.0,0.0,0.9755908759878894,0.96,0.96,0.96,40.99932374166358,0.0,0.0,0.0,40.99932374166358,983.983769799926,0.1099147742963458,6.025444941802308e-05,0.69
1972-08-29,1972-09-09,406.0875,0.9120318780949216,370.3647452958713,0.6890000000000001,1972,8,29,1972.08,1971,11,334,48,0.0319995139935632,2.645380086578029,0.0071426347139621,0.33,2,Mod_Wet,54,9,8,6,107,184.0,0.4968075453645268,186.36474529587127,186.36474529587127,,1,186.36474529587127,0.0,0.0,0.0,0.0,0.0,0.0,0.0,0.0,0.0,54.0,9.0,8.0,6.0,107.0,257.3647452958713,990.0,965.2518237264792,24.7481762735207,0.1263637666581612,0.0086364745295871,989.8649997588122,0.2457302224870176,0.0,0.0,0.0,24.367445809845925,24.613176032332944,24.613176032332944,24.613176032332944,,0.930461760823316,0.0,0.0,0.0,41.439165225787775,0.0,0.0,0.0,0.8439748518490382,0.0,0.0,0.0,0.9743974851849038,0.96,0.96,0.96,40.37821838416932,0.0,0.0,0.0,40.37821838416932,969.0772412200638,0.109022845443652,6.018397822814426e-05,0.69
1972-08-30,1972-09-10,401.5105,0.9082764151386006,364.6825175805071,0.6940000000000001,1972,8,30,1972.08,1971,11,335,48,0.0315085695189558,5.682227715364206,0.0155813000114813,0.33,2,Mod_Wet,54,9,8,6,107,184.0,0.5045484527768191,180.68251758050712,180.68251758050712,,1,180.68251758050712,0.0,0.0,0.0,0.0,0.0,0.0,0.0,0.0,0.0,54.0,9.0,8.0,6.0,107.0,251.68251758050712,990.0,965.2234125879024,24.776587412097456,0.1243583321959141,0.0080682517580507,989.867573416046,0.2309608953577083,0.0,0.0,0.0,24.41319993278582,24.644160828143526,24.644160828143526,24.644160828143526,,0.9285280692246584,0.0,0.0,0.0,40.16747920158664,0.0,0.0,0.0,0.8180749328225385,0.0,0.0,0.0,0.9718074932822538,0.96,0.96,0.96,39.03505727436098,0.0,0.0,0.0,39.03505727436098,936.8413745846636,0.1070384660425725,6.00117355585822e-05,0.695
1972-08-31,1972-09-11,396.9661,0.9077571128687334,360.34880084276085,0.7000000000000001,1972,8,31,1972.08,1971,11,336,48,0.0311341363928145,4.333716737746272,0.0120264497276273,0.33,2,Mod_Wet,54,9,8,6,107,184.0,0.5106163793792917,176.34880084276085,176.34880084276085,,1,176.34880084276085,0.0,0.0,0.0,0.0,0.0,0.0,0.0,0.0,0.0,54.0,9.0,8.0,6.0,107.0,247.34880084276085,990.0,965.2017440042138,24.798255995786235,0.122828829097685,0.007634880084276,989.869536290818,0.2200720021069021,0.0,0.0,0.0,24.44772028449735,24.667792286604254,24.667792286604254,24.667792286604254,,0.9269805457872736,0.0,0.0,0.0,39.19405504216978,0.0,0.0,0.0,0.7982495935268794,0.0,0.0,0.0,0.97,0.96,0.96,0.96,38.01823339090468,0.0,0.0,0.0,38.01823339090468,912.4376013817124,0.1055039819807643,5.988484376357429e-05,0.7
1972-09-01,1972-09-12,396.9661,0.9077571128687334,360.34880084276085,0.7000000000000001,1972,9,1,1972.09,1971,12,337,49,0.0311341363928145,0.0,0.0,0.3,2,Mod_Wet,46,7,6,4,75,138.0,0.3829622845344688,222.34880084276085,222.34880084276085,,2,111.17440042138044,111.17440042138044,0.0,0.0,0.0,0.0,0.0,0.0,0.0,0.0,46.0,7.0,6.0,4.0,75.0,281.34880084276085,990.0,965.2017440042138,24.798255995786235,0.1348284840097952,0.0144697601685521,989.8507017558215,0.0874790406742086,0.0874790406742086,0.0,0.0,24.561478710933688,24.561478710933688,24.64895775160789,24.64895775160789,,0.8939935866181952,0.8939935866181952,0.0,0.0,23.94045545466625,23.94045545466625,0.0,0.0,0.4875856508078666,0.4875856508078666,0.0,0.0,0.9687585650807866,0.9687585650807866,0.96,0.96,23.192521273642967,23.192521273642967,0.0,0.0,46.385042547285934,1113.2410211348624,0.1287226221893996,5.794829561516052e-05,0.7
1972-09-02,1972-09-13,392.4543,0.9019707790507928,353.9823107128336,0.7040000000000001,1972,9,2,1972.09,1971,12,338,49,0.0305840716455888,6.366490129927229,0.017985334117704,0.3,2,Mod_Wet,46,7,6,4,75,138.0,0.3898499891763004,215.9823107128336,215.9823107128336,,1,215.9823107128336,0.0,0.0,0.0,0.0,0.0,0.0,0.0,0.0,0.0,46.0,7.0,6.0,4.0,75.0,274.9823107128336,990.0,965.169911553564,24.830088446435862,0.1325815521109575,0.0131964621425667,989.8542219857464,0.3300255169955275,0.0,0.0,0.0,24.35428491518679,24.684310432182315,24.684310432182315,24.684310432182315,,0.938848312061818,0.0,0.0,0.0,48.43147489775633,0.0,0.0,0.0,0.9863844174695792,0.0,0.0,0.0,0.98,0.96,0.96,0.96,47.4628453998012,0.0,0.0,0.0,47.4628453998012,1139.1082895952288,0.1340825345318037,6.104260890002417e-05,0.705
1972-09-03,1972-09-14,387.9749,0.9026852126280548,350.2192051008483,0.7090000000000001,1972,9,3,1972.09,1971,12,339,49,0.0302589393207132,3.7631056119853374,0.0107450007229093,0.3,2,Mod_Wet,46,7,6,4,75,138.0,0.3940389275918259,212.21920510084828,212.21920510084828,,1,212.21920510084828,0.0,0.0,0.0,0.0,0.0,0.0,0.0,0.0,0.0,46.0,7.0,6.0,4.0,75.0,271.2192051008483,990.0,965.1510960255042,24.848903974495784,0.1312534353832619,0.0124438410201696,989.8563027235964,0.3186576153025449,0.0,0.0,0.0,24.386549082789752,24.705206698092297,24.705206698092297,24.705206698092297,,0.9379078599669332,0.0,0.0,0.0,47.60295430158605,0.0,0.0,0.0,0.9695102709080662,0.0,0.0,0.0,0.98,0.96,0.96,0.96,46.65089521555433,0.0,0.0,0.0,46.65089521555433,1119.621485173304,0.133204845811128,6.10622492821167e-05,0.71
1972-09-04,1972-09-15,383.5279,0.9045977994923856,346.9384943839358,0.7120000000000001,1972,9,4,1972.09,1971,12,340,49,0.029975485914772,3.2807107169124947,0.009456173846428,0.3,2,Mod_Wet,46,7,6,4,75,138.0,0.3977650281933943,208.9384943839358,208.9384943839358,,1,208.9384943839358,0.0,0.0,0.0,0.0,0.0,0.0,0.0,0.0,0.0,46.0,7.0,6.0,4.0,75.0,267.9384943839358,990.0,965.1346924719196,24.865307528080397,0.1300955707812204,0.0117876988767871,989.858116730342,0.3088791734887712,0.0,0.0,0.0,24.4145450849336,24.72342425842237,24.72342425842237,24.72342425842237,,0.9370899503805474,0.0,0.0,0.0,46.87994324627541,0.0,0.0,0.0,0.954784994832493,0.0,0.0,0.0,0.98,0.96,0.96,0.96,45.9423443813499,0.0,0.0,0.0,45.9423443813499,1102.6162651523975,0.1324221587544802,6.107903843081361e-05,0.71
1972-09-05,1972-09-16,383.5279,0.9045977994923856,346.9384943839358,0.7120000000000001,1972,9,5,1972.09,1971,12,341,49,0.029975485914772,0.0,0.0,0.3,2,Mod_Wet,46,7,6,4,75,138.0,0.3977650281933943,208.9384943839358,208.9384943839358,,1,208.9384943839358,0.0,0.0,0.0,0.0,0.0,0.0,0.0,0.0,0.0,46.0,7.0,6.0,4.0,75.0,267.9384943839358,990.0,965.1346924719196,24.865307528080397,0.1300955707812204,0.0117876988767871,989.858116730342,0.3088791734887712,0.0,0.0,0.0,24.4145450849336,24.72342425842237,24.72342425842237,24.72342425842237,,0.9370899503805474,0.0,0.0,0.0,46.87994324627541,0.0,0.0,0.0,0.954784994832493,0.0,0.0,0.0,0.98,0.96,0.96,0.96,45.9423443813499,0.0,0.0,0.0,45.9423443813499,1102.6162651523975,0.1324221587544802,6.107903843081361e-05,0.71
1972-09-06,1972-09-17,379.1131,0.9090149185803196,344.6194637292325,0.718,1972,9,6,1972.09,1971,12,342,49,0.0297751216662056,2.319030654703284,0.0067292503725945,0.3,2,Mod_Wet,46,7,6,4,75,138.0,0.4004416886575698,206.6194637292325,206.6194637292325,,1,206.6194637292325,0.0,0.0,0.0,0.0,0.0,0.0,0.0,0.0,0.0,46.0,7.0,6.0,4.0,75.0,265.6194637292325,990.0,965.1230973186462,24.87690268135384,0.1292771129110132,0.0113238927458465,989.8593989943432,0.3020612233639436,0.0,0.0,0.0,24.434240452333007,24.73630167569695,24.73630167569695,24.73630167569695,,0.9365128895965548,0.0,0.0,0.0,46.368445025374974,0.0,0.0,0.0,0.9443675157917508,0.0,0.0,0.0,0.98,0.96,0.96,0.96,45.44107612486747,0.0,0.0,0.0,45.44107612486747,1090.5858269968194,0.131858704767095,6.109066841029985e-05,0.72
1972-09-07,1972-09-18,379.1131,0.9090149185803196,344.6194637292325,0.718,1972,9,7,1972.09,1971,12,343,49,0.0297751216662056,0.0,0.0,0.3,2,Mod_Wet,46,7,6,4,75,138.0,0.4004416886575698,206.6194637292325,206.6194637292325,,1,206.6194637292325,0.0,0.0,0.0,0.0,0.0,0.0,0.0,0.0,0.0,46.0,7.0,6.0,4.0,75.0,265.6194637292325,990.0,965.1230973186462,24.87690268135384,0.1292771129110132,0.0113238927458465,989.8593989943432,0.3020612233639436,0.0,0.0,0.0,24.434240452333007,24.73630167569695,24.73630167569695,24.73630167569695,,0.9365128895965548,0.0,0.0,0.0,46.368445025374974,0.0,0.0,0.0,0.9443675157917508,0.0,0.0,0.0,0.98,0.96,0.96,0.96,45.44107612486747,0.0,0.0,0.0,45.44107612486747,1090.5858269968194,0.131858704767095,6.109066841029985e-05,0.72
1972-09-08,1972-09-19,370.3799,0.9134433097017404,338.3210417029997,0.727,1972,9,8,1972.09,1971,12,344,50,0.0292309380031391,6.2984220262328,0.0186167020370017,0.3,2,Mod_Wet,46,7,6,4,75,138.0,0.4078965922585016,200.3210417029997,200.3210417029997,,1,200.3210417029997,0.0,0.0,0.0,0.0,0.0,0.0,0.0,0.0,0.0,46.0,7.0,6.0,4.0,75.0,259.3210417029997,990.0,965.0916052085148,24.90839479148508,0.1270542043579065,0.0100642083405999,989.8628815873014,0.2839181792705791,0.0,0.0,0.0,24.487358199515946,24.771276378786524,24.771276378786524,24.771276378786524,,0.934748418443932,0.0,0.0,0.0,44.967831254356845,0.0,0.0,0.0,0.9158417770744774,0.0,0.0,0.0,0.98,0.96,0.96,0.96,44.06847462926971,0.0,0.0,0.0,44.06847462926971,1057.643391102473,0.1302563813573141,6.110812348272455e-05,0.725
1972-09-09,1972-09-20,370.3799,0.9134433097017404,338.3210417029997,0.727,1972,9,9,1972.09,1971,12,345,50,0.0292309380031391,0.0,0.0,0.3,2,Mod_Wet,46,7,6,4,75,138.0,0.4078965922585016,200.3210417029997,200.3210417029997,,1,200.3210417029997,0.0,0.0,0.0,0.0,0.0,0.0,0.0,0.0,0.0,46.0,7.0,6.0,4.0,75.0,259.3210417029997,990.0,965.0916052085148,24.90839479148508,0.1270542043579065,0.0100642083405999,989.8628815873014,0.2839181792705791,0.0,0.0,0.0,24.487358199515946,24.771276378786524,24.771276378786524,24.771276378786524,,0.934748418443932,0.0,0.0,0.0,44.967831254356845,0.0,0.0,0.0,0.9158417770744774,0.0,0.0,0.0,0.98,0.96,0.96,0.96,44.06847462926971,0.0,0.0,0.0,44.06847462926971,1057.643391102473,0.1302563813573141,6.110812348272455e-05,0.725
1972-09-10,1972-09-21,366.0613,0.9164389073302937,335.4728177879068,0.731,1972,9,10,1972.09,1971,12,346,50,0.0289848514568751,2.848223915092888,0.0084901779341585,0.3,2,Mod_Wet,46,7,6,4,75,138.0,0.4113597069055132,197.4728177879068,197.4728177879068,,1,197.4728177879068,0.0,0.0,0.0,0.0,0.0,0.0,0.0,0.0,0.0,46.0,7.0,6.0,4.0,75.0,256.4728177879068,990.0,965.0773640889396,24.922635911060524,0.1260489777669202,0.0097472817787906,989.8642037404544,0.2759238898061391,0.0,0.0,0.0,24.51091576170867,24.78683965151481,24.78683965151481,24.78683965151481,,0.9339224432824376,0.0,0.0,0.0,44.33190279497671,0.0,0.0,0.0,0.902890077290768,0.0,0.0,0.0,0.98,0.96,0.96,0.96,43.44526473907718,0.0,0.0,0.0,43.44526473907718,1042.6863537378524,0.1295045751412986,6.111286216186841e-05,0.73
1972-09-11,1972-09-22,366.0613,0.9164389073302937,335.4728177879068,0.731,1972,9,11,1972.09,1971,12,347,50,0.0289848514568751,0.0,0.0,0.31,2,Mod_Wet,46,7,6,4,75,138.0,0.4113597069055132,197.4728177879068,197.4728177879068,,1,197.4728177879068,0.0,0.0,0.0,0.0,0.0,0.0,0.0,0.0,0.0,46.0,7.0,6.0,4.0,75.0,256.4728177879068,990.0,965.0773640889396,24.922635911060524,0.1260489777669202,0.0097472817787906,989.8642037404544,0.2759238898061391,0.0,0.0,0.0,24.51091576170867,24.78683965151481,24.78683965151481,24.78683965151481,,0.9339224432824376,0.0,0.0,0.0,44.33190279497671,0.0,0.0,0.0,0.902890077290768,0.0,0.0,0.0,0.98,0.96,0.96,0.96,43.44526473907718,0.0,0.0,0.0,43.44526473907718,1042.6863537378524,0.1295045751412986,6.111286216186841e-05,0.73
1972-09-12,1972-09-23,366.0613,0.9164389073302937,335.4728177879068,0.731,1972,9,12,1972.09,1971,12,348,50,0.0289848514568751,0.0,0.0,0.31,2,Mod_Wet,46,7,6,4,75,138.0,0.4113597069055132,197.4728177879068,197.4728177879068,,1,197.4728177879068,0.0,0.0,0.0,0.0,0.0,0.0,0.0,0.0,0.0,46.0,7.0,6.0,4.0,75.0,256.4728177879068,990.0,965.0773640889396,24.922635911060524,0.1260489777669202,0.0097472817787906,989.8642037404544,0.2759238898061391,0.0,0.0,0.0,24.51091576170867,24.78683965151481,24.78683965151481,24.78683965151481,,0.9339224432824376,0.0,0.0,0.0,44.33190279497671,0.0,0.0,0.0,0.902890077290768,0.0,0.0,0.0,0.98,0.96,0.96,0.96,43.44526473907718,0.0,0.0,0.0,43.44526473907718,1042.6863537378524,0.1295045751412986,6.111286216186841e-05,0.73
1972-09-13,1972-09-24,361.7746,0.9166247913690906,331.6115672476363,0.736,1972,9,13,1972.09,1971,12,349,50,0.0286512394101957,3.861250540270533,0.0116438958155735,0.31,2,Mod_Wet,46,7,6,4,75,138.0,0.4161495364754459,193.6115672476363,193.6115672476363,,1,193.6115672476363,0.0,0.0,0.0,0.0,0.0,0.0,0.0,0.0,0.0,46.0,7.0,6.0,4.0,75.0,252.6115672476363,990.0,965.0580578362382,24.94194216376184,0.1246862226489071,0.0093611567247636,989.8659526206264,0.2652234629135707,0.0,0.0,0.0,24.5426713214746,24.807894784388168,24.807894784388168,24.807894784388168,,0.9328066947784444,0.0,0.0,0.0,43.46938397593859,0.0,0.0,0.0,0.8853235025649407,0.0,0.0,0.0,0.978532350256494,0.96,0.96,0.96,42.536198466177176,0.0,0.0,0.0,42.536198466177176,1020.8687631882522,0.1282711541675884,6.1027400650791776e-05,0.735
1972-09-14,1972-09-25,361.7746,0.9166247913690906,331.6115672476363,0.736,1972,9,14,1972.09,1971,12,350,50,0.0286512394101957,0.0,0.0,0.31,2,Mod_Wet,46,7,6,4,75,138.0,0.4161495364754459,193.6115672476363,193.6115672476363,,1,193.6115672476363,0.0,0.0,0.0,0.0,0.0,0.0,0.0,0.0,0.0,46.0,7.0,6.0,4.0,75.0,252.6115672476363,990.0,965.0580578362382,24.94194216376184,0.1246862226489071,0.0093611567247636,989.8659526206264,0.2652234629135707,0.0,0.0,0.0,24.5426713214746,24.807894784388168,24.807894784388168,24.807894784388168,,0.9328066947784444,0.0,0.0,0.0,43.46938397593859,0.0,0.0,0.0,0.8853235025649407,0.0,0.0,0.0,0.978532350256494,0.96,0.96,0.96,42.536198466177176,0.0,0.0,0.0,42.536198466177176,1020.8687631882522,0.1282711541675884,6.1027400650791776e-05,0.735
1972-09-15,1972-09-26,361.7746,0.9166247913690906,331.6115672476363,0.736,1972,9,15,1972.09,1971,12,351,51,0.0286512394101957,0.0,0.0,0.31,2,Mod_Wet,46,7,6,4,75,138.0,0.4161495364754459,193.6115672476363,193.6115672476363,,1,193.6115672476363,0.0,0.0,0.0,0.0,0.0,0.0,0.0,0.0,0.0,46.0,7.0,6.0,4.0,75.0,252.6115672476363,990.0,965.0580578362382,24.94194216376184,0.1246862226489071,0.0093611567247636,989.8659526206264,0.2652234629135707,0.0,0.0,0.0,24.5426713214746,24.807894784388168,24.807894784388168,24.807894784388168,,0.9328066947784444,0.0,0.0,0.0,43.46938397593859,0.0,0.0,0.0,0.8853235025649407,0.0,0.0,0.0,0.978532350256494,0.96,0.96,0.96,42.536198466177176,0.0,0.0,0.0,42.536198466177176,1020.8687631882522,0.1282711541675884,6.1027400650791776e-05,0.735
1972-09-16,1972-09-27,353.2963,0.921778111561846,325.6607962357874,0.746,1972,9,16,1972.09,1971,12,352,51,0.028137092794772,5.950771011848872,0.0182729118169334,0.31,2,Mod_Wet,46,7,6,4,75,138.0,0.4237538002581194,187.66079623578744,187.66079623578744,,1,187.66079623578744,0.0,0.0,0.0,0.0,0.0,0.0,0.0,0.0,0.0,46.0,7.0,6.0,4.0,75.0,246.66079623578744,990.0,965.028303981179,24.971696018821035,0.1225860109252843,0.0087660796235787,989.8686479094512,0.2491777179871945,0.0,0.0,0.0,24.59116621028501,24.840343928272205,24.840343928272205,24.840343928272205,,0.9310960326160872,0.0,0.0,0.0,42.13915818928911,0.0,0.0,0.0,0.8582313276840959,0.0,0.0,0.0,0.9758231327684096,0.96,0.96,0.96,41.12036535649568,0.0,0.0,0.0,41.12036535649568,986.8887685558964,0.1262674716508504,6.086686158885338e-05,0.745
1972-09-17,1972-09-28,353.2963,0.921778111561846,325.6607962357874,0.746,1972,9,17,1972.09,1971,12,353,51,0.028137092794772,0.0,0.0,0.31,2,Mod_Wet,46,7,6,4,75,138.0,0.4237538002581194,187.66079623578744,187.66079623578744,,1,187.66079623578744,0.0,0.0,0.0,0.0,0.0,0.0,0.0,0.0,0.0,46.0,7.0,6.0,4.0,75.0,246.66079623578744,990.0,965.028303981179,24.971696018821035,0.1225860109252843,0.0087660796235787,989.8686479094512,0.2491777179871945,0.0,0.0,0.0,24.59116621028501,24.840343928272205,24.840343928272205,24.840343928272205,,0.9310960326160872,0.0,0.0,0.0,42.13915818928911,0.0,0.0,0.0,0.8582313276840959,0.0,0.0,0.0,0.9758231327684096,0.96,0.96,0.96,41.12036535649568,0.0,0.0,0.0,41.12036535649568,986.8887685558964,0.1262674716508504,6.086686158885338e-05,0.745
1972-09-18,1972-09-29,349.1046,0.9270188758292952,323.62655383883583,0.7509999999999999,1972,9,18,1972.09,1971,12,354,51,0.0279613342516754,2.0342423969515835,0.0062857709691047,0.31,2,Mod_Wet,46,7,6,4,75,138.0,0.4264174195938298,185.62655383883583,185.62655383883583,,1,185.62655383883583,0.0,0.0,0.0,0.0,0.0,0.0,0.0,0.0,0.0,46.0,7.0,6.0,4.0,75.0,244.62655383883583,990.0,965.0181327691942,24.981867230805847,0.1218680636673136,0.0085626553838835,989.8695692809488,0.2437666332113033,0.0,0.0,0.0,24.607669878543323,24.851436511754628,24.851436511754628,24.851436511754628,,0.930513747999892,0.0,0.0,0.0,41.6842591791821,0.0,0.0,0.0,0.8489665820607352,0.0,0.0,0.0,0.9748966582060736,0.96,0.96,0.96,40.63784497358047,0.0,0.0,0.0,40.63784497358047,975.3082793659312,0.1255701810977411,6.081182911061155e-05,0.75
1972-09-19,1972-09-30,344.9443,0.9283094176295976,320.2150422476492,0.757,1972,9,19,1972.09,1971,12,355,51,0.0276665796501968,3.4115115911866383,0.0106538142844277,0.31,2,Mod_Wet,46,7,6,4,75,138.0,0.4309603915898273,182.2150422476492,182.2150422476492,,1,182.2150422476492,0.0,0.0,0.0,0.0,0.0,0.0,0.0,0.0,0.0,46.0,7.0,6.0,4.0,75.0,241.2150422476492,990.0,965.0010752112382,24.99892478876177,0.1206640353784047,0.0082215042247649,989.8711144603968,0.2349148089989349,0.0,0.0,0.0,24.63512444015966,24.870039249158594,24.870039249158594,24.870039249158594,,0.929334437667947,0.0,0.0,0.0,40.91190636566266,0.0,0.0,0.0,0.8332363821927221,0.0,0.0,0.0,0.973323638219272,0.96,0.96,0.96,39.82052555031298,0.0,0.0,0.0,39.82052555031298,955.6926132075116,0.1243555745251855,6.070441254940832e-05,0.755
1972-09-20,1972-10-01,336.7179,0.9260439379072553,311.8155700798613,0.7659999999999999,1972,9,20,1972.09,1971,12,356,51,0.0269408652549,8.399472167787906,0.0269373083763477,0.31,2,Mod_Wet,46,7,6,4,75,138.0,0.4425693045560741,173.8155700798613,173.8155700798613,,1,173.8155700798613,0.0,0.0,0.0,0.0,0.0,0.0,0.0,0.0,0.0,46.0,7.0,6.0,4.0,75.0,232.8155700798613,990.0,964.9590778503992,25.04092214960076,0.1176995788835048,0.0073815570079861,989.8749188641084,0.2138099909948615,0.0,0.0,0.0,24.702031022714408,24.91584101370927,24.91584101370927,24.91584101370927,,0.9263066076849772,0.0,0.0,0.0,39.004507764637104,0.0,0.0,0.0,0.7943891601759084,0.0,0.0,0.0,0.97,0.96,0.96,0.96,37.83437253169799,0.0,0.0,0.0,37.83437253169799,908.0249407607516,0.1213357386932537,6.046378883458453e-05,0.765
1972-09-21,1972-10-02,332.6514,0.9289857410847936,309.0284073518941,0.77,1972,9,21,1972.09,1971,12,357,51,0.0267000543952036,2.7871627279672,0.0090191149475569,0.22,2,Mod_Wet,46,7,6,4,75,138.0,0.4465608879861257,171.0284073518941,171.0284073518941,,1,171.0284073518941,0.0,0.0,0.0,0.0,0.0,0.0,0.0,0.0,0.0,46.0,7.0,6.0,4.0,75.0,230.0284073518941,990.0,964.9451420367594,25.05485796324058,0.1167158710811451,0.0071028407351894,989.8761812881836,0.2070093139386215,0.0,0.0,0.0,24.72402993748556,24.93103925142418,24.93103925142418,24.93103925142418,,0.925298224952192,0.0,0.0,0.0,38.37142614285883,0.0,0.0,0.0,0.7814954407914222,0.0,0.0,0.0,0.97,0.96,0.96,0.96,37.22028335857306,0.0,0.0,0.0,37.22028335857306,893.2868006057536,0.1204429187514464,6.045175628824639e-05,0.77
1972-09-22,1972-10-03,332.6514,0.9289857410847936,309.0284073518941,0.77,1972,9,22,1972.09,1971,12,358,52,0.0267000543952036,0.0,0.0,0.22,2,Mod_Wet,46,7,6,4,75,138.0,0.4465608879861257,171.0284073518941,171.0284073518941,,1,171.0284073518941,0.0,0.0,0.0,0.0,0.0,0.0,0.0,0.0,0.0,46.0,7.0,6.0,4.0,75.0,230.0284073518941,990.0,964.9451420367594,25.05485796324058,0.1167158710811451,0.0071028407351894,989.8761812881836,0.2070093139386215,0.0,0.0,0.0,24.72402993748556,24.93103925142418,24.93103925142418,24.93103925142418,,0.925298224952192,0.0,0.0,0.0,38.37142614285883,0.0,0.0,0.0,0.7814954407914222,0.0,0.0,0.0,0.97,0.96,0.96,0.96,37.22028335857306,0.0,0.0,0.0,37.22028335857306,893.2868006057536,0.1204429187514464,6.045175628824639e-05,0.77
1972-09-23,1972-10-04,324.6118,0.9312809696570542,302.30479186612183,0.7809999999999999,1972,9,23,1972.09,1971,12,359,52,0.0261191340172329,6.723615485772258,0.0222411806450949,0.22,2,Mod_Wet,46,7,6,4,75,138.0,0.4564929293648591,164.30479186612183,164.30479186612183,,1,164.30479186612183,0.0,0.0,0.0,0.0,0.0,0.0,0.0,0.0,0.0,46.0,7.0,6.0,4.0,75.0,223.30479186612183,990.0,964.9115239593306,25.088476040669438,0.1143428223362503,0.0064304791866121,989.8792266984772,0.1910010212920802,0.0,0.0,0.0,24.77670171785452,24.967702739146603,24.967702739146603,24.967702739146603,,0.9228372152847536,0.0,0.0,0.0,36.84321509622012,0.0,0.0,0.0,0.750370979556418,0.0,0.0,0.0,0.97,0.96,0.96,0.96,35.737918643333515,0.0,0.0,0.0,35.737918643333515,857.7100474400044,0.1182181679050603,6.041941632010975e-05,0.78
1972-09-24,1972-10-05,324.6118,0.9312809696570542,302.30479186612183,0.7809999999999999,1972,9,24,1972.09,1971,12,360,52,0.0261191340172329,0.0,0.0,0.22,2,Mod_Wet,46,7,6,4,75,138.0,0.4564929293648591,164.30479186612183,164.30479186612183,,1,164.30479186612183,0.0,0.0,0.0,0.0,0.0,0.0,0.0,0.0,0.0,46.0,7.0,6.0,4.0,75.0,223.30479186612183,990.0,964.9115239593306,25.088476040669438,0.1143428223362503,0.0064304791866121,989.8792266984772,0.1910010212920802,0.0,0.0,0.0,24.77670171785452,24.967702739146603,24.967702739146603,24.967702739146603,,0.9228372152847536,0.0,0.0,0.0,36.84321509622012,0.0,0.0,0.0,0.750370979556418,0.0,0.0,0.0,0.97,0.96,0.96,0.96,35.737918643333515,0.0,0.0,0.0,35.737918643333515,857.7100474400044,0.1182181679050603,6.041941632010975e-05,0.78
1972-09-25,1972-10-06,324.6118,0.9312809696570542,302.30479186612183,0.7809999999999999,1972,9,25,1972.09,1971,12,361,52,0.0261191340172329,0.0,0.0,0.22,2,Mod_Wet,46,7,6,4,75,138.0,0.4564929293648591,164.30479186612183,164.30479186612183,,1,164.30479186612183,0.0,0.0,0.0,0.0,0.0,0.0,0.0,0.0,0.0,46.0,7.0,6.0,4.0,75.0,223.30479186612183,990.0,964.9115239593306,25.088476040669438,0.1143428223362503,0.0064304791866121,989.8792266984772,0.1910010212920802,0.0,0.0,0.0,24.77670171785452,24.967702739146603,24.967702739146603,24.967702739146603,,0.9228372152847536,0.0,0.0,0.0,36.84321509622012,0.0,0.0,0.0,0.750370979556418,0.0,0.0,0.0,0.97,0.96,0.96,0.96,35.737918643333515,0.0,0.0,0.0,35.737918643333515,857.7100474400044,0.1182181679050603,6.041941632010975e-05,0.78
1972-09-26,1972-10-07,320.6383,0.9330769620260724,299.18021087320443,0.7859999999999999,1972,9,26,1972.09,1971,12,362,52,0.0258491702194448,3.124580992917401,0.0104438090467207,0.22,2,Mod_Wet,46,7,6,4,75,138.0,0.4612604543503239,161.18021087320443,161.18021087320443,,1,161.18021087320443,0.0,0.0,0.0,0.0,0.0,0.0,0.0,0.0,0.0,46.0,7.0,6.0,4.0,75.0,220.18021087320443,990.0,964.8967208434927,25.103279156507256,0.1132400253337663,0.0061180210873204,989.8806419535788,0.1838144850083702,0.0,0.0,0.0,24.800106625077788,24.98392111008616,24.98392111008616,24.98392111008616,,0.9216066530666592,0.0,0.0,0.0,36.12846986055364,0.0,0.0,0.0,0.7358140501131089,0.0,0.0,0.0,0.97,0.96,0.96,0.96,35.04461576473703,0.0,0.0,0.0,35.04461576473703,841.0707783536888,0.1171354738418487,6.039584783682072e-05,0.785
1972-09-27,1972-10-08,320.6383,0.9330769620260724,299.18021087320443,0.7859999999999999,1972,9,27,1972.09,1971,12,363,52,0.0258491702194448,0.0,0.0,0.22,2,Mod_Wet,46,7,6,4,75,138.0,0.4612604543503239,161.18021087320443,161.18021087320443,,1,161.18021087320443,0.0,0.0,0.0,0.0,0.0,0.0,0.0,0.0,0.0,46.0,7.0,6.0,4.0,75.0,220.18021087320443,990.0,964.8967208434927,25.103279156507256,0.1132400253337663,0.0061180210873204,989.8806419535788,0.1838144850083702,0.0,0.0,0.0,24.800106625077788,24.98392111008616,24.98392111008616,24.98392111008616,,0.9216066530666592,0.0,0.0,0.0,36.12846986055364,0.0,0.0,0.0,0.7358140501131089,0.0,0.0,0.0,0.97,0.96,0.96,0.96,35.04461576473703,0.0,0.0,0.0,35.04461576473703,841.0707783536888,0.1171354738418487,6.039584783682072e-05,0.785
1972-09-28,1972-10-09,324.6118,0.9312809696570542,302.30479186612183,0.7809999999999999,1972,9,28,1972.09,1971,12,364,52,0.0261191340172329,3.124580992917401,0.0103358632644538,0.22,2,Mod_Wet,46,7,6,4,75,138.0,0.4564929293648591,164.30479186612183,164.30479186612183,,1,164.30479186612183,0.0,0.0,0.0,0.0,0.0,0.0,0.0,0.0,0.0,46.0,7.0,6.0,4.0,75.0,223.30479186612183,990.0,964.9115239593306,25.088476040669438,0.1143428223362503,0.0064304791866121,989.8792266984772,0.1910010212920802,0.0,0.0,0.0,24.77670171785452,24.967702739146603,24.967702739146603,24.967702739146603,,0.9228372152847536,0.0,0.0,0.0,36.84321509622012,0.0,0.0,0.0,0.750370979556418,0.0,0.0,0.0,0.97,0.96,0.96,0.96,35.737918643333515,0.0,0.0,0.0,35.737918643333515,857.7100474400044,0.1182181679050603,6.041941632010975e-05,0.78
1972-09-29,1972-10-10,324.6118,0.9312809696570542,302.30479186612183,0.7809999999999999,1972,9,29,1972.09,1971,12,365,53,0.0261191340172329,0.0,0.0,0.22,2,Mod_Wet,46,7,6,4,75,138.0,0.4564929293648591,164.30479186612183,164.30479186612183,,1,164.30479186612183,0.0,0.0,0.0,0.0,0.0,0.0,0.0,0.0,0.0,46.0,7.0,6.0,4.0,75.0,223.30479186612183,990.0,964.9115239593306,25.088476040669438,0.1143428223362503,0.0064304791866121,989.8792266984772,0.1910010212920802,0.0,0.0,0.0,24.77670171785452,24.967702739146603,24.967702739146603,24.967702739146603,,0.9228372152847536,0.0,0.0,0.0,36.84321509622012,0.0,0.0,0.0,0.750370979556418,0.0,0.0,0.0,0.97,0.96,0.96,0.96,35.737918643333515,0.0,0.0,0.0,35.737918643333515,857.7100474400044,0.1182181679050603,6.041941632010975e-05,0.78
1972-09-30,1972-10-11,320.6383,0.9330769620260724,299.18021087320443,0.7859999999999999,1972,9,30,1972.09,1971,12,366,53,0.0258491702194448,3.124580992917401,0.0104438090467207,0.22,2,Mod_Wet,46,7,6,4,75,138.0,0.4612604543503239,161.18021087320443,161.18021087320443,,1,161.18021087320443,0.0,0.0,0.0,0.0,0.0,0.0,0.0,0.0,0.0,46.0,7.0,6.0,4.0,75.0,220.18021087320443,990.0,964.8967208434927,25.103279156507256,0.1132400253337663,0.0061180210873204,989.8806419535788,0.1838144850083702,0.0,0.0,0.0,24.800106625077788,24.98392111008616,24.98392111008616,24.98392111008616,,0.9216066530666592,0.0,0.0,0.0,36.12846986055364,0.0,0.0,0.0,0.7358140501131089,0.0,0.0,0.0,0.97,0.96,0.96,0.96,35.04461576473703,0.0,0.0,0.0,35.04461576473703,841.0707783536888,0.1171354738418487,6.039584783682072e-05,0.785
