Date,LaggedDate,VicFalls,Conversion,Flow,Exceedance,Year,Month,Day,MonthId,WaterYear,WaterMonth,WaterDay,WaterWeek,Volume,Flow_difference,Flow_difference_pct,EWRRefExceedance,EWRBandNo,EWRBandLabel,EWRChannelA,EWRChannelC,EWRChannelD,EWRChannelE,EWRChannelFG,EWRTotal,EWRProportion,FlowAvailableForGeneration,FlowCanal,LowFlowShutoff,Turbines,FlowTurbine1,FlowTurbine2,FlowTurbine3,FlowTurbine4,FlowSpill,SpillChannelA,SpillChannelC,SpillChannelD,SpillChannelE,SpillChannelFG,FlowChannelA,FlowChannelC,FlowChannelD,FlowChannelE,FlowChannelFG,FlowLeftChannel,LevelHeadpond,LevelTailwater,HeadGross,HeadlossLeftChannel,HeadlossCanal,LevelForebay,HeadlossTurbine1,HeadlossTurbine2,HeadlossTurbine3,HeadlossTurbine4,HeadTurbine1,HeadTurbine2,HeadTurbine3,HeadTurbine4,LowHeadShutoff,EffTurbine1,EffTurbine2,EffTurbine3,EffTurbine4,PowerTurbine1,PowerTurbine2,PowerTurbine3,PowerTurbine4,LoadFactorTurbine1,LoadFactorTurbine2,LoadFactorTurbine3,LoadFactorTurbine4,EffGen1,EffGen2,EffGen3,EffGen4,PowerGenerator1,PowerGenerator2,PowerGenerator3,PowerGenerator4,Power,Energy,PerfMwPerCumec,PerfMWhPerm3,ExceedanceRnd
1972-10-01,1972-10-12,320.6383,0.9330769620260724,299.18021087320443,0.7859999999999999,1972,10,1,1972.1,1972,1,1,1,0.0258491702194448,0.0,0.0,0.19,2,Mod_Wet,41,6,4,3,56,110.0,0.3676713766560553,189.18021087320443,189.18021087320443,,1,189.18021087320443,0.0,0.0,0.0,0.0,0.0,0.0,0.0,0.0,0.0,41.0,6.0,4.0,3.0,56.0,240.18021087320443,990.0,964.8967208434927,25.103279156507256,0.1202988112788294,0.0089180210873204,989.8707831676338,0.2532193609227238,0.0,0.0,0.0,24.72084296321835,24.974062324141077,24.974062324141077,24.974062324141077,,0.9316835352717168,0.0,0.0,0.0,42.731299586842326,0.0,0.0,0.0,0.8702912339479089,0.0,0.0,0.0,0.9770291233947908,0.96,0.96,0.96,41.749724176852745,0.0,0.0,0.0,41.749724176852745,1001.993380244466,0.1395470778464913,6.130210739882383e-05,0.785
1972-10-02,1972-10-13,316.6956,0.9306200236043244,294.72326674738565,0.794,1972,10,2,1972.1,1972,1,2,1,0.0254640902469741,4.4569441258187785,0.0151224712422821,0.19,2,Mod_Wet,41,6,4,3,56,110.0,0.3732314764761468,184.72326674738565,184.72326674738565,,1,184.72326674738565,0.0,0.0,0.0,0.0,0.0,0.0,0.0,0.0,0.0,41.0,6.0,4.0,3.0,56.0,235.72326674738565,990.0,964.8788930669896,25.121106933010424,0.1187258174119946,0.0084723266747385,989.8728018559132,0.241386028208255,0.0,0.0,0.0,24.752522760715337,24.99390878892359,24.99390878892359,24.99390878892359,,0.9303930000975104,0.0,0.0,0.0,41.72018279252708,0.0,0.0,0.0,0.8496982238803885,0.0,0.0,0.0,0.9749698223880388,0.96,0.96,0.96,40.67591920722664,0.0,0.0,0.0,40.67591920722664,976.2220609734394,0.1380139398430696,6.116644993022653e-05,0.795
1972-10-03,1972-10-14,316.6956,0.9306200236043244,294.72326674738565,0.794,1972,10,3,1972.1,1972,1,3,1,0.0254640902469741,0.0,0.0,0.19,2,Mod_Wet,41,6,4,3,56,110.0,0.3732314764761468,184.72326674738565,184.72326674738565,,1,184.72326674738565,0.0,0.0,0.0,0.0,0.0,0.0,0.0,0.0,0.0,41.0,6.0,4.0,3.0,56.0,235.72326674738565,990.0,964.8788930669896,25.121106933010424,0.1187258174119946,0.0084723266747385,989.8728018559132,0.241386028208255,0.0,0.0,0.0,24.752522760715337,24.99390878892359,24.99390878892359,24.99390878892359,,0.9303930000975104,0.0,0.0,0.0,41.72018279252708,0.0,0.0,0.0,0.8496982238803885,0.0,0.0,0.0,0.9749698223880388,0.96,0.96,0.96,40.67591920722664,0.0,0.0,0.0,40.67591920722664,976.2220609734394,0.1380139398430696,6.116644993022653e-05,0.795
1972-10-04,1972-10-15,312.7836,0.9288272938647332,290.5219447532691,0.797,1972,10,4,1972.1,1972,1,4,1,0.0251010960266824,4.20132199411654,0.014461289654675,0.19,2,Mod_Wet,41,6,4,3,56,110.0,0.3786288849657104,180.5219447532691,180.5219447532691,,1,180.5219447532691,0.0,0.0,0.0,0.0,0.0,0.0,0.0,0.0,0.0,41.0,6.0,4.0,3.0,56.0,231.5219447532691,990.0,964.8620877790132,25.13791222098689,0.1172430037024686,0.0080521944753269,989.8747048018222,0.2305466174634343,0.0,0.0,0.0,24.78207040534565,25.01261702280908,25.01261702280908,25.01261702280908,,0.9288704899422002,0.0,0.0,0.0,40.7531755318544,0.0,0.0,0.0,0.8300035749868512,0.0,0.0,0.0,0.9730003574986852,0.96,0.96,0.96,39.652854361701,0.0,0.0,0.0,39.652854361701,951.6685046808238,0.136488327569805,6.101574953778409e-05,0.795
1972-10-05,1972-10-16,308.9022,0.9297022486736368,287.1870699602335,0.8029999999999999,1972,10,5,1972.1,1972,1,5,1,0.0248129628445641,3.3348747930356235,0.0116122038276214,0.19,2,Mod_Wet,41,6,4,3,56,110.0,0.3830256007529573,177.1870699602335,177.1870699602335,,1,177.1870699602335,0.0,0.0,0.0,0.0,0.0,0.0,0.0,0.0,0.0,41.0,6.0,4.0,3.0,56.0,228.1870699602335,990.0,964.848748279841,25.151251720159053,0.1160659851090138,0.0077187069960233,989.876215307895,0.2221676749005837,0.0,0.0,0.0,24.805299353153465,25.027467028054048,25.027467028054048,25.027467028054048,,0.9276592614417288,0.0,0.0,0.0,39.98560609067256,0.0,0.0,0.0,0.814370796144044,0.0,0.0,0.0,0.9714370796144044,0.96,0.96,0.96,38.84350040733489,0.0,0.0,0.0,38.84350040733489,932.2440097760376,0.1352550461715199,6.089530814342879e-05,0.805
1972-10-06,1972-10-17,305.0513,0.9297058187130764,283.6079686159883,0.8130000000000001,1972,10,6,1972.1,1972,1,6,1,0.0245037284884213,3.5791013442452027,0.0126198899195649,0.19,2,Mod_Wet,41,6,4,3,56,110.0,0.3878593416708348,173.60796861598828,173.60796861598828,,1,173.60796861598828,0.0,0.0,0.0,0.0,0.0,0.0,0.0,0.0,0.0,41.0,6.0,4.0,3.0,56.0,224.60796861598828,990.0,964.834431874464,25.165568125536083,0.1148027686191975,0.0073607968615988,989.8778364345192,0.2133034434230114,0.0,0.0,0.0,24.830101116632356,25.043404560055365,25.043404560055365,25.043404560055365,,0.9263567894699588,0.0,0.0,0.0,39.16202424796218,0.0,0.0,0.0,0.7975972351927124,0.0,0.0,0.0,0.97,0.96,0.96,0.96,37.98716352052331,0.0,0.0,0.0,37.98716352052331,911.6919244925596,0.1339425112273865,6.078056180792299e-05,0.815
1972-10-07,1972-10-18,301.2308,0.93390939438871,281.3222739992266,0.8160000000000001,1972,10,7,1972.1,1972,1,7,1,0.0243062444735331,2.2856946167617025,0.008124826322028,0.19,2,Mod_Wet,41,6,4,3,56,110.0,0.3910106314592865,171.32227399922658,171.32227399922658,,1,171.32227399922658,0.0,0.0,0.0,0.0,0.0,0.0,0.0,0.0,0.0,41.0,6.0,4.0,3.0,56.0,222.32227399922655,990.0,964.8252890959968,25.174710904003064,0.113996050157531,0.0071322273999226,989.8788717224426,0.2077263485581128,0.0,0.0,0.0,24.84585627788752,25.053582626445632,25.053582626445632,25.053582626445632,,0.9255236207566228,0.0,0.0,0.0,38.63616441394866,0.0,0.0,0.0,0.7868872589398913,0.0,0.0,0.0,0.97,0.96,0.96,0.96,37.47707948153021,0.0,0.0,0.0,37.47707948153021,899.4499075567248,0.1332176046665726,6.076442725729643e-05,0.815
1972-10-08,1972-10-19,301.2308,0.93390939438871,281.3222739992266,0.8160000000000001,1972,10,8,1972.1,1972,1,8,2,0.0243062444735331,0.0,0.0,0.19,2,Mod_Wet,41,6,4,3,56,110.0,0.3910106314592865,171.32227399922658,171.32227399922658,,1,171.32227399922658,0.0,0.0,0.0,0.0,0.0,0.0,0.0,0.0,0.0,41.0,6.0,4.0,3.0,56.0,222.32227399922655,990.0,964.8252890959968,25.174710904003064,0.113996050157531,0.0071322273999226,989.8788717224426,0.2077263485581128,0.0,0.0,0.0,24.84585627788752,25.053582626445632,25.053582626445632,25.053582626445632,,0.9255236207566228,0.0,0.0,0.0,38.63616441394866,0.0,0.0,0.0,0.7868872589398913,0.0,0.0,0.0,0.97,0.96,0.96,0.96,37.47707948153021,0.0,0.0,0.0,37.47707948153021,899.4499075567248,0.1332176046665726,6.076442725729643e-05,0.815
1972-10-09,1972-10-20,297.4406,0.927655743202664,275.9224808516464,0.8220000000000001,1972,10,9,1972.1,1972,1,9,2,0.0238397023455822,5.399793147580169,0.0195699644730414,0.19,2,Mod_Wet,41,6,4,3,56,110.0,0.3986626956255262,165.9224808516464,165.9224808516464,,1,165.9224808516464,0.0,0.0,0.0,0.0,0.0,0.0,0.0,0.0,0.0,41.0,6.0,4.0,3.0,56.0,216.9224808516464,990.0,964.8036899234066,25.196310076593363,0.1120902343983353,0.0065922480851646,989.8813175175164,0.1947955044269184,0.0,0.0,0.0,24.88283208968288,25.0776275941098,25.0776275941098,25.0776275941098,,0.9235510973239625,0.0,0.0,0.0,37.394236438258496,0.0,0.0,0.0,0.7615934101478309,0.0,0.0,0.0,0.97,0.96,0.96,0.96,36.27240934511074,0.0,0.0,0.0,36.27240934511074,870.5378242826578,0.1314586953304943,6.072516039306065e-05,0.82
1972-10-10,1972-10-21,301.2308,0.93390939438871,281.3222739992266,0.8160000000000001,1972,10,10,1972.1,1972,1,10,2,0.0243062444735331,5.399793147580169,0.0191943320762259,0.19,2,Mod_Wet,41,6,4,3,56,110.0,0.3910106314592865,171.32227399922658,171.32227399922658,,1,171.32227399922658,0.0,0.0,0.0,0.0,0.0,0.0,0.0,0.0,0.0,41.0,6.0,4.0,3.0,56.0,222.32227399922655,990.0,964.8252890959968,25.174710904003064,0.113996050157531,0.0071322273999226,989.8788717224426,0.2077263485581128,0.0,0.0,0.0,24.84585627788752,25.053582626445632,25.053582626445632,25.053582626445632,,0.9255236207566228,0.0,0.0,0.0,38.63616441394866,0.0,0.0,0.0,0.7868872589398913,0.0,0.0,0.0,0.97,0.96,0.96,0.96,37.47707948153021,0.0,0.0,0.0,37.47707948153021,899.4499075567248,0.1332176046665726,6.076442725729643e-05,0.815
1972-10-11,1972-10-22,301.2308,0.93390939438871,281.3222739992266,0.8160000000000001,1972,10,11,1972.1,1972,1,11,2,0.0243062444735331,0.0,0.0,0.2,2,Mod_Wet,41,6,4,3,56,110.0,0.3910106314592865,171.32227399922658,171.32227399922658,,1,171.32227399922658,0.0,0.0,0.0,0.0,0.0,0.0,0.0,0.0,0.0,41.0,6.0,4.0,3.0,56.0,222.32227399922655,990.0,964.8252890959968,25.174710904003064,0.113996050157531,0.0071322273999226,989.8788717224426,0.2077263485581128,0.0,0.0,0.0,24.84585627788752,25.053582626445632,25.053582626445632,25.053582626445632,,0.9255236207566228,0.0,0.0,0.0,38.63616441394866,0.0,0.0,0.0,0.7868872589398913,0.0,0.0,0.0,0.97,0.96,0.96,0.96,37.47707948153021,0.0,0.0,0.0,37.47707948153021,899.4499075567248,0.1332176046665726,6.076442725729643e-05,0.815
1972-10-12,1972-10-23,301.2308,0.93390939438871,281.3222739992266,0.8160000000000001,1972,10,12,1972.1,1972,1,12,2,0.0243062444735331,0.0,0.0,0.2,2,Mod_Wet,41,6,4,3,56,110.0,0.3910106314592865,171.32227399922658,171.32227399922658,,1,171.32227399922658,0.0,0.0,0.0,0.0,0.0,0.0,0.0,0.0,0.0,41.0,6.0,4.0,3.0,56.0,222.32227399922655,990.0,964.8252890959968,25.174710904003064,0.113996050157531,0.0071322273999226,989.8788717224426,0.2077263485581128,0.0,0.0,0.0,24.84585627788752,25.053582626445632,25.053582626445632,25.053582626445632,,0.9255236207566228,0.0,0.0,0.0,38.63616441394866,0.0,0.0,0.0,0.7868872589398913,0.0,0.0,0.0,0.97,0.96,0.96,0.96,37.47707948153021,0.0,0.0,0.0,37.47707948153021,899.4499075567248,0.1332176046665726,6.076442725729643e-05,0.815
1972-10-13,1972-10-24,301.2308,0.93390939438871,281.3222739992266,0.8160000000000001,1972,10,13,1972.1,1972,1,13,2,0.0243062444735331,0.0,0.0,0.2,2,Mod_Wet,41,6,4,3,56,110.0,0.3910106314592865,171.32227399922658,171.32227399922658,,1,171.32227399922658,0.0,0.0,0.0,0.0,0.0,0.0,0.0,0.0,0.0,41.0,6.0,4.0,3.0,56.0,222.32227399922655,990.0,964.8252890959968,25.174710904003064,0.113996050157531,0.0071322273999226,989.8788717224426,0.2077263485581128,0.0,0.0,0.0,24.84585627788752,25.053582626445632,25.053582626445632,25.053582626445632,,0.9255236207566228,0.0,0.0,0.0,38.63616441394866,0.0,0.0,0.0,0.7868872589398913,0.0,0.0,0.0,0.97,0.96,0.96,0.96,37.47707948153021,0.0,0.0,0.0,37.47707948153021,899.4499075567248,0.1332176046665726,6.076442725729643e-05,0.815
1972-10-14,1972-10-25,305.0513,0.9297058187130764,283.6079686159883,0.8130000000000001,1972,10,14,1972.1,1972,1,14,2,0.0245037284884213,2.2856946167617025,0.0080593455392524,0.2,2,Mod_Wet,41,6,4,3,56,110.0,0.3878593416708348,173.60796861598828,173.60796861598828,,1,173.60796861598828,0.0,0.0,0.0,0.0,0.0,0.0,0.0,0.0,0.0,41.0,6.0,4.0,3.0,56.0,224.60796861598828,990.0,964.834431874464,25.165568125536083,0.1148027686191975,0.0073607968615988,989.8778364345192,0.2133034434230114,0.0,0.0,0.0,24.830101116632356,25.043404560055365,25.043404560055365,25.043404560055365,,0.9263567894699588,0.0,0.0,0.0,39.16202424796218,0.0,0.0,0.0,0.7975972351927124,0.0,0.0,0.0,0.97,0.96,0.96,0.96,37.98716352052331,0.0,0.0,0.0,37.98716352052331,911.6919244925596,0.1339425112273865,6.078056180792299e-05,0.815
1972-10-15,1972-10-26,305.0513,0.9297058187130764,283.6079686159883,0.8130000000000001,1972,10,15,1972.1,1972,1,15,3,0.0245037284884213,0.0,0.0,0.2,2,Mod_Wet,41,6,4,3,56,110.0,0.3878593416708348,173.60796861598828,173.60796861598828,,1,173.60796861598828,0.0,0.0,0.0,0.0,0.0,0.0,0.0,0.0,0.0,41.0,6.0,4.0,3.0,56.0,224.60796861598828,990.0,964.834431874464,25.165568125536083,0.1148027686191975,0.0073607968615988,989.8778364345192,0.2133034434230114,0.0,0.0,0.0,24.830101116632356,25.043404560055365,25.043404560055365,25.043404560055365,,0.9263567894699588,0.0,0.0,0.0,39.16202424796218,0.0,0.0,0.0,0.7975972351927124,0.0,0.0,0.0,0.97,0.96,0.96,0.96,37.98716352052331,0.0,0.0,0.0,37.98716352052331,911.6919244925596,0.1339425112273865,6.078056180792299e-05,0.815
1972-10-16,1972-10-27,301.2308,0.93390939438871,281.3222739992266,0.8160000000000001,1972,10,16,1972.1,1972,1,16,3,0.0243062444735331,2.2856946167617025,0.008124826322028,0.2,2,Mod_Wet,41,6,4,3,56,110.0,0.3910106314592865,171.32227399922658,171.32227399922658,,1,171.32227399922658,0.0,0.0,0.0,0.0,0.0,0.0,0.0,0.0,0.0,41.0,6.0,4.0,3.0,56.0,222.32227399922655,990.0,964.8252890959968,25.174710904003064,0.113996050157531,0.0071322273999226,989.8788717224426,0.2077263485581128,0.0,0.0,0.0,24.84585627788752,25.053582626445632,25.053582626445632,25.053582626445632,,0.9255236207566228,0.0,0.0,0.0,38.63616441394866,0.0,0.0,0.0,0.7868872589398913,0.0,0.0,0.0,0.97,0.96,0.96,0.96,37.47707948153021,0.0,0.0,0.0,37.47707948153021,899.4499075567248,0.1332176046665726,6.076442725729643e-05,0.815
1972-10-17,1972-10-28,301.2308,0.93390939438871,281.3222739992266,0.8160000000000001,1972,10,17,1972.1,1972,1,17,3,0.0243062444735331,0.0,0.0,0.2,2,Mod_Wet,41,6,4,3,56,110.0,0.3910106314592865,171.32227399922658,171.32227399922658,,1,171.32227399922658,0.0,0.0,0.0,0.0,0.0,0.0,0.0,0.0,0.0,41.0,6.0,4.0,3.0,56.0,222.32227399922655,990.0,964.8252890959968,25.174710904003064,0.113996050157531,0.0071322273999226,989.8788717224426,0.2077263485581128,0.0,0.0,0.0,24.84585627788752,25.053582626445632,25.053582626445632,25.053582626445632,,0.9255236207566228,0.0,0.0,0.0,38.63616441394866,0.0,0.0,0.0,0.7868872589398913,0.0,0.0,0.0,0.97,0.96,0.96,0.96,37.47707948153021,0.0,0.0,0.0,37.47707948153021,899.4499075567248,0.1332176046665726,6.076442725729643e-05,0.815
1972-10-18,1972-10-29,297.4406,0.927655743202664,275.9224808516464,0.8220000000000001,1972,10,18,1972.1,1972,1,18,3,0.0238397023455822,5.399793147580169,0.0195699644730414,0.2,2,Mod_Wet,41,6,4,3,56,110.0,0.3986626956255262,165.9224808516464,165.9224808516464,,1,165.9224808516464,0.0,0.0,0.0,0.0,0.0,0.0,0.0,0.0,0.0,41.0,6.0,4.0,3.0,56.0,216.9224808516464,990.0,964.8036899234066,25.196310076593363,0.1120902343983353,0.0065922480851646,989.8813175175164,0.1947955044269184,0.0,0.0,0.0,24.88283208968288,25.0776275941098,25.0776275941098,25.0776275941098,,0.9235510973239625,0.0,0.0,0.0,37.394236438258496,0.0,0.0,0.0,0.7615934101478309,0.0,0.0,0.0,0.97,0.96,0.96,0.96,36.27240934511074,0.0,0.0,0.0,36.27240934511074,870.5378242826578,0.1314586953304943,6.072516039306065e-05,0.82
1972-10-19,1972-10-30,297.4406,0.927655743202664,275.9224808516464,0.8220000000000001,1972,10,19,1972.1,1972,1,19,3,0.0238397023455822,0.0,0.0,0.2,2,Mod_Wet,41,6,4,3,56,110.0,0.3986626956255262,165.9224808516464,165.9224808516464,,1,165.9224808516464,0.0,0.0,0.0,0.0,0.0,0.0,0.0,0.0,0.0,41.0,6.0,4.0,3.0,56.0,216.9224808516464,990.0,964.8036899234066,25.196310076593363,0.1120902343983353,0.0065922480851646,989.8813175175164,0.1947955044269184,0.0,0.0,0.0,24.88283208968288,25.0776275941098,25.0776275941098,25.0776275941098,,0.9235510973239625,0.0,0.0,0.0,37.394236438258496,0.0,0.0,0.0,0.7615934101478309,0.0,0.0,0.0,0.97,0.96,0.96,0.96,36.27240934511074,0.0,0.0,0.0,36.27240934511074,870.5378242826578,0.1314586953304943,6.072516039306065e-05,0.82
1972-10-20,1972-10-31,297.4406,0.927655743202664,275.9224808516464,0.8220000000000001,1972,10,20,1972.1,1972,1,20,3,0.0238397023455822,0.0,0.0,0.2,2,Mod_Wet,41,6,4,3,56,110.0,0.3986626956255262,165.9224808516464,165.9224808516464,,1,165.9224808516464,0.0,0.0,0.0,0.0,0.0,0.0,0.0,0.0,0.0,41.0,6.0,4.0,3.0,56.0,216.9224808516464,990.0,964.8036899234066,25.196310076593363,0.1120902343983353,0.0065922480851646,989.8813175175164,0.1947955044269184,0.0,0.0,0.0,24.88283208968288,25.0776275941098,25.0776275941098,25.0776275941098,,0.9235510973239625,0.0,0.0,0.0,37.394236438258496,0.0,0.0,0.0,0.7615934101478309,0.0,0.0,0.0,0.97,0.96,0.96,0.96,36.27240934511074,0.0,0.0,0.0,36.27240934511074,870.5378242826578,0.1314586953304943,6.072516039306065e-05,0.82
1972-10-21,1972-11-01,305.0513,0.9297058187130764,283.6079686159883,0.8130000000000001,1972,10,21,1972.1,1972,1,21,3,0.0245037284884213,7.685487764341872,0.0270989838608808,0.18,2,Mod_Wet,41,6,4,3,56,110.0,0.3878593416708348,173.60796861598828,173.60796861598828,,1,173.60796861598828,0.0,0.0,0.0,0.0,0.0,0.0,0.0,0.0,0.0,41.0,6.0,4.0,3.0,56.0,224.60796861598828,990.0,964.834431874464,25.165568125536083,0.1148027686191975,0.0073607968615988,989.8778364345192,0.2133034434230114,0.0,0.0,0.0,24.830101116632356,25.043404560055365,25.043404560055365,25.043404560055365,,0.9263567894699588,0.0,0.0,0.0,39.16202424796218,0.0,0.0,0.0,0.7975972351927124,0.0,0.0,0.0,0.97,0.96,0.96,0.96,37.98716352052331,0.0,0.0,0.0,37.98716352052331,911.6919244925596,0.1339425112273865,6.078056180792299e-05,0.815
1972-10-22,1972-11-02,305.0513,0.9297058187130764,283.6079686159883,0.8130000000000001,1972,10,22,1972.1,1972,1,22,4,0.0245037284884213,0.0,0.0,0.18,2,Mod_Wet,41,6,4,3,56,110.0,0.3878593416708348,173.60796861598828,173.60796861598828,,1,173.60796861598828,0.0,0.0,0.0,0.0,0.0,0.0,0.0,0.0,0.0,41.0,6.0,4.0,3.0,56.0,224.60796861598828,990.0,964.834431874464,25.165568125536083,0.1148027686191975,0.0073607968615988,989.8778364345192,0.2133034434230114,0.0,0.0,0.0,24.830101116632356,25.043404560055365,25.043404560055365,25.043404560055365,,0.9263567894699588,0.0,0.0,0.0,39.16202424796218,0.0,0.0,0.0,0.7975972351927124,0.0,0.0,0.0,0.97,0.96,0.96,0.96,37.98716352052331,0.0,0.0,0.0,37.98716352052331,911.6919244925596,0.1339425112273865,6.078056180792299e-05,0.815
1972-10-23,1972-11-03,308.9022,0.9297022486736368,287.1870699602335,0.8029999999999999,1972,10,23,1972.1,1972,1,23,4,0.0248129628445641,3.5791013442452027,0.0124626131139566,0.18,2,Mod_Wet,41,6,4,3,56,110.0,0.3830256007529573,177.1870699602335,177.1870699602335,,1,177.1870699602335,0.0,0.0,0.0,0.0,0.0,0.0,0.0,0.0,0.0,41.0,6.0,4.0,3.0,56.0,228.1870699602335,990.0,964.848748279841,25.151251720159053,0.1160659851090138,0.0077187069960233,989.876215307895,0.2221676749005837,0.0,0.0,0.0,24.805299353153465,25.027467028054048,25.027467028054048,25.027467028054048,,0.9276592614417288,0.0,0.0,0.0,39.98560609067256,0.0,0.0,0.0,0.814370796144044,0.0,0.0,0.0,0.9714370796144044,0.96,0.96,0.96,38.84350040733489,0.0,0.0,0.0,38.84350040733489,932.2440097760376,0.1352550461715199,6.089530814342879e-05,0.805
1972-10-24,1972-11-04,308.9022,0.9297022486736368,287.1870699602335,0.8029999999999999,1972,10,24,1972.1,1972,1,24,4,0.0248129628445641,0.0,0.0,0.18,2,Mod_Wet,41,6,4,3,56,110.0,0.3830256007529573,177.1870699602335,177.1870699602335,,1,177.1870699602335,0.0,0.0,0.0,0.0,0.0,0.0,0.0,0.0,0.0,41.0,6.0,4.0,3.0,56.0,228.1870699602335,990.0,964.848748279841,25.151251720159053,0.1160659851090138,0.0077187069960233,989.876215307895,0.2221676749005837,0.0,0.0,0.0,24.805299353153465,25.027467028054048,25.027467028054048,25.027467028054048,,0.9276592614417288,0.0,0.0,0.0,39.98560609067256,0.0,0.0,0.0,0.814370796144044,0.0,0.0,0.0,0.9714370796144044,0.96,0.96,0.96,38.84350040733489,0.0,0.0,0.0,38.84350040733489,932.2440097760376,0.1352550461715199,6.089530814342879e-05,0.805
1972-10-25,1972-11-05,312.7836,0.9288272938647332,290.5219447532691,0.797,1972,10,25,1972.1,1972,1,25,4,0.0251010960266824,3.3348747930356235,0.0114789084035212,0.18,2,Mod_Wet,41,6,4,3,56,110.0,0.3786288849657104,180.5219447532691,180.5219447532691,,1,180.5219447532691,0.0,0.0,0.0,0.0,0.0,0.0,0.0,0.0,0.0,41.0,6.0,4.0,3.0,56.0,231.5219447532691,990.0,964.8620877790132,25.13791222098689,0.1172430037024686,0.0080521944753269,989.8747048018222,0.2305466174634343,0.0,0.0,0.0,24.78207040534565,25.01261702280908,25.01261702280908,25.01261702280908,,0.9288704899422002,0.0,0.0,0.0,40.7531755318544,0.0,0.0,0.0,0.8300035749868512,0.0,0.0,0.0,0.9730003574986852,0.96,0.96,0.96,39.652854361701,0.0,0.0,0.0,39.652854361701,951.6685046808238,0.136488327569805,6.101574953778409e-05,0.795
1972-10-26,1972-11-06,312.7836,0.9288272938647332,290.5219447532691,0.797,1972,10,26,1972.1,1972,1,26,4,0.0251010960266824,0.0,0.0,0.18,2,Mod_Wet,41,6,4,3,56,110.0,0.3786288849657104,180.5219447532691,180.5219447532691,,1,180.5219447532691,0.0,0.0,0.0,0.0,0.0,0.0,0.0,0.0,0.0,41.0,6.0,4.0,3.0,56.0,231.5219447532691,990.0,964.8620877790132,25.13791222098689,0.1172430037024686,0.0080521944753269,989.8747048018222,0.2305466174634343,0.0,0.0,0.0,24.78207040534565,25.01261702280908,25.01261702280908,25.01261702280908,,0.9288704899422002,0.0,0.0,0.0,40.7531755318544,0.0,0.0,0.0,0.8300035749868512,0.0,0.0,0.0,0.9730003574986852,0.96,0.96,0.96,39.652854361701,0.0,0.0,0.0,39.652854361701,951.6685046808238,0.136488327569805,6.101574953778409e-05,0.795
1972-10-27,1972-11-07,312.7836,0.9288272938647332,290.5219447532691,0.797,1972,10,27,1972.1,1972,1,27,4,0.0251010960266824,0.0,0.0,0.18,2,Mod_Wet,41,6,4,3,56,110.0,0.3786288849657104,180.5219447532691,180.5219447532691,,1,180.5219447532691,0.0,0.0,0.0,0.0,0.0,0.0,0.0,0.0,0.0,41.0,6.0,4.0,3.0,56.0,231.5219447532691,990.0,964.8620877790132,25.13791222098689,0.1172430037024686,0.0080521944753269,989.8747048018222,0.2305466174634343,0.0,0.0,0.0,24.78207040534565,25.01261702280908,25.01261702280908,25.01261702280908,,0.9288704899422002,0.0,0.0,0.0,40.7531755318544,0.0,0.0,0.0,0.8300035749868512,0.0,0.0,0.0,0.9730003574986852,0.96,0.96,0.96,39.652854361701,0.0,0.0,0.0,39.652854361701,951.6685046808238,0.136488327569805,6.101574953778409e-05,0.795
1972-10-28,1972-11-08,312.7836,0.9288272938647332,290.5219447532691,0.797,1972,10,28,1972.1,1972,1,28,4,0.0251010960266824,0.0,0.0,0.18,2,Mod_Wet,41,6,4,3,56,110.0,0.3786288849657104,180.5219447532691,180.5219447532691,,1,180.5219447532691,0.0,0.0,0.0,0.0,0.0,0.0,0.0,0.0,0.0,41.0,6.0,4.0,3.0,56.0,231.5219447532691,990.0,964.8620877790132,25.13791222098689,0.1172430037024686,0.0080521944753269,989.8747048018222,0.2305466174634343,0.0,0.0,0.0,24.78207040534565,25.01261702280908,25.01261702280908,25.01261702280908,,0.9288704899422002,0.0,0.0,0.0,40.7531755318544,0.0,0.0,0.0,0.8300035749868512,0.0,0.0,0.0,0.9730003574986852,0.96,0.96,0.96,39.652854361701,0.0,0.0,0.0,39.652854361701,951.6685046808238,0.136488327569805,6.101574953778409e-05,0.795
1972-10-29,1972-11-09,312.7836,0.9288272938647332,290.5219447532691,0.797,1972,10,29,1972.1,1972,1,29,5,0.0251010960266824,0.0,0.0,0.18,2,Mod_Wet,41,6,4,3,56,110.0,0.3786288849657104,180.5219447532691,180.5219447532691,,1,180.5219447532691,0.0,0.0,0.0,0.0,0.0,0.0,0.0,0.0,0.0,41.0,6.0,4.0,3.0,56.0,231.5219447532691,990.0,964.8620877790132,25.13791222098689,0.1172430037024686,0.0080521944753269,989.8747048018222,0.2305466174634343,0.0,0.0,0.0,24.78207040534565,25.01261702280908,25.01261702280908,25.01261702280908,,0.9288704899422002,0.0,0.0,0.0,40.7531755318544,0.0,0.0,0.0,0.8300035749868512,0.0,0.0,0.0,0.9730003574986852,0.96,0.96,0.96,39.652854361701,0.0,0.0,0.0,39.652854361701,951.6685046808238,0.136488327569805,6.101574953778409e-05,0.795
1972-10-30,1972-11-10,312.7836,0.9288272938647332,290.5219447532691,0.797,1972,10,30,1972.1,1972,1,30,5,0.0251010960266824,0.0,0.0,0.18,2,Mod_Wet,41,6,4,3,56,110.0,0.3786288849657104,180.5219447532691,180.5219447532691,,1,180.5219447532691,0.0,0.0,0.0,0.0,0.0,0.0,0.0,0.0,0.0,41.0,6.0,4.0,3.0,56.0,231.5219447532691,990.0,964.8620877790132,25.13791222098689,0.1172430037024686,0.0080521944753269,989.8747048018222,0.2305466174634343,0.0,0.0,0.0,24.78207040534565,25.01261702280908,25.01261702280908,25.01261702280908,,0.9288704899422002,0.0,0.0,0.0,40.7531755318544,0.0,0.0,0.0,0.8300035749868512,0.0,0.0,0.0,0.9730003574986852,0.96,0.96,0.96,39.652854361701,0.0,0.0,0.0,39.652854361701,951.6685046808238,0.136488327569805,6.101574953778409e-05,0.795
1972-10-31,1972-11-11,312.7836,0.9288272938647332,290.5219447532691,0.797,1972,10,31,1972.1,1972,1,31,5,0.0251010960266824,0.0,0.0,0.18,2,Mod_Wet,41,6,4,3,56,110.0,0.3786288849657104,180.5219447532691,180.5219447532691,,1,180.5219447532691,0.0,0.0,0.0,0.0,0.0,0.0,0.0,0.0,0.0,41.0,6.0,4.0,3.0,56.0,231.5219447532691,990.0,964.8620877790132,25.13791222098689,0.1172430037024686,0.0080521944753269,989.8747048018222,0.2305466174634343,0.0,0.0,0.0,24.78207040534565,25.01261702280908,25.01261702280908,25.01261702280908,,0.9288704899422002,0.0,0.0,0.0,40.7531755318544,0.0,0.0,0.0,0.8300035749868512,0.0,0.0,0.0,0.9730003574986852,0.96,0.96,0.96,39.652854361701,0.0,0.0,0.0,39.652854361701,951.6685046808238,0.136488327569805,6.101574953778409e-05,0.795
1972-11-01,1972-11-12,312.7836,0.9288272938647332,290.5219447532691,0.797,1972,11,1,1972.11,1972,2,32,5,0.0251010960266824,0.0,0.0,0.17,2,Mod_Wet,40,6,4,3,53,106.0,0.3648605618760482,184.5219447532691,184.5219447532691,,1,184.5219447532691,0.0,0.0,0.0,0.0,0.0,0.0,0.0,0.0,0.0,40.0,6.0,4.0,3.0,53.0,234.5219447532691,990.0,964.8620877790132,25.13791222098689,0.1183018307947896,0.0084521944753269,989.87324597473,0.2408666174634343,0.0,0.0,0.0,24.770291578253367,25.011158195716803,25.011158195716803,25.011158195716803,,0.9303388190667649,0.0,0.0,0.0,41.702201659395406,0.0,0.0,0.0,0.8493320093563219,0.0,0.0,0.0,0.9749332009356322,0.96,0.96,0.96,40.6568609498576,0.0,0.0,0.0,40.6568609498576,975.7646627965825,0.1399441993422774,6.120449522235739e-05,0.795
1972-11-02,1972-11-13,312.7836,0.9288272938647332,290.5219447532691,0.797,1972,11,2,1972.11,1972,2,33,5,0.0251010960266824,0.0,0.0,0.17,2,Mod_Wet,40,6,4,3,53,106.0,0.3648605618760482,184.5219447532691,184.5219447532691,,1,184.5219447532691,0.0,0.0,0.0,0.0,0.0,0.0,0.0,0.0,0.0,40.0,6.0,4.0,3.0,53.0,234.5219447532691,990.0,964.8620877790132,25.13791222098689,0.1183018307947896,0.0084521944753269,989.87324597473,0.2408666174634343,0.0,0.0,0.0,24.770291578253367,25.011158195716803,25.011158195716803,25.011158195716803,,0.9303388190667649,0.0,0.0,0.0,41.702201659395406,0.0,0.0,0.0,0.8493320093563219,0.0,0.0,0.0,0.9749332009356322,0.96,0.96,0.96,40.6568609498576,0.0,0.0,0.0,40.6568609498576,975.7646627965825,0.1399441993422774,6.120449522235739e-05,0.795
1972-11-03,1972-11-14,312.7836,0.9288272938647332,290.5219447532691,0.797,1972,11,3,1972.11,1972,2,34,5,0.0251010960266824,0.0,0.0,0.17,2,Mod_Wet,40,6,4,3,53,106.0,0.3648605618760482,184.5219447532691,184.5219447532691,,1,184.5219447532691,0.0,0.0,0.0,0.0,0.0,0.0,0.0,0.0,0.0,40.0,6.0,4.0,3.0,53.0,234.5219447532691,990.0,964.8620877790132,25.13791222098689,0.1183018307947896,0.0084521944753269,989.87324597473,0.2408666174634343,0.0,0.0,0.0,24.770291578253367,25.011158195716803,25.011158195716803,25.011158195716803,,0.9303388190667649,0.0,0.0,0.0,41.702201659395406,0.0,0.0,0.0,0.8493320093563219,0.0,0.0,0.0,0.9749332009356322,0.96,0.96,0.96,40.6568609498576,0.0,0.0,0.0,40.6568609498576,975.7646627965825,0.1399441993422774,6.120449522235739e-05,0.795
1972-11-04,1972-11-15,312.7836,0.9288272938647332,290.5219447532691,0.797,1972,11,4,1972.11,1972,2,35,5,0.0251010960266824,0.0,0.0,0.17,2,Mod_Wet,40,6,4,3,53,106.0,0.3648605618760482,184.5219447532691,184.5219447532691,,1,184.5219447532691,0.0,0.0,0.0,0.0,0.0,0.0,0.0,0.0,0.0,40.0,6.0,4.0,3.0,53.0,234.5219447532691,990.0,964.8620877790132,25.13791222098689,0.1183018307947896,0.0084521944753269,989.87324597473,0.2408666174634343,0.0,0.0,0.0,24.770291578253367,25.011158195716803,25.011158195716803,25.011158195716803,,0.9303388190667649,0.0,0.0,0.0,41.702201659395406,0.0,0.0,0.0,0.8493320093563219,0.0,0.0,0.0,0.9749332009356322,0.96,0.96,0.96,40.6568609498576,0.0,0.0,0.0,40.6568609498576,975.7646627965825,0.1399441993422774,6.120449522235739e-05,0.795
1972-11-05,1972-11-16,316.6956,0.9306200236043244,294.72326674738565,0.794,1972,11,5,1972.11,1972,2,36,6,0.0254640902469741,4.20132199411654,0.0142551419183256,0.17,2,Mod_Wet,40,6,4,3,53,106.0,0.3596594227861051,188.72326674738565,188.72326674738565,,1,188.72326674738565,0.0,0.0,0.0,0.0,0.0,0.0,0.0,0.0,0.0,40.0,6.0,4.0,3.0,53.0,238.72326674738565,990.0,964.8788930669896,25.121106933010424,0.1197846104924749,0.0088723266747385,989.8713430628328,0.2520038895480458,0.0,0.0,0.0,24.740446106295185,24.99244999584323,24.99244999584323,24.99244999584323,,0.9315707967855535,0.0,0.0,0.0,42.65672773068659,0.0,0.0,0.0,0.868772458873454,0.0,0.0,0.0,0.9768772458873454,0.96,0.96,0.96,41.670386704119466,0.0,0.0,0.0,41.670386704119466,1000.0892808988672,0.1413881814082773,6.13337593043297e-05,0.795
1972-11-06,1972-11-17,316.6956,0.9306200236043244,294.72326674738565,0.794,1972,11,6,1972.11,1972,2,37,6,0.0254640902469741,0.0,0.0,0.17,2,Mod_Wet,40,6,4,3,53,106.0,0.3596594227861051,188.72326674738565,188.72326674738565,,1,188.72326674738565,0.0,0.0,0.0,0.0,0.0,0.0,0.0,0.0,0.0,40.0,6.0,4.0,3.0,53.0,238.72326674738565,990.0,964.8788930669896,25.121106933010424,0.1197846104924749,0.0088723266747385,989.8713430628328,0.2520038895480458,0.0,0.0,0.0,24.740446106295185,24.99244999584323,24.99244999584323,24.99244999584323,,0.9315707967855535,0.0,0.0,0.0,42.65672773068659,0.0,0.0,0.0,0.868772458873454,0.0,0.0,0.0,0.9768772458873454,0.96,0.96,0.96,41.670386704119466,0.0,0.0,0.0,41.670386704119466,1000.0892808988672,0.1413881814082773,6.13337593043297e-05,0.795
1972-11-07,1972-11-18,320.6383,0.9330769620260724,299.18021087320443,0.7859999999999999,1972,11,7,1972.11,1972,2,38,6,0.0258491702194448,4.4569441258187785,0.0148971889310809,0.17,2,Mod_Wet,40,6,4,3,53,106.0,0.3543015084140169,193.18021087320443,193.18021087320443,,1,193.18021087320443,0.0,0.0,0.0,0.0,0.0,0.0,0.0,0.0,0.0,40.0,6.0,4.0,3.0,53.0,243.18021087320443,990.0,964.8967208434927,25.103279156507256,0.1213576043593097,0.0093180210873204,989.8693243745532,0.264050173575116,0.0,0.0,0.0,24.708553357485485,24.9726035310606,24.9726035310606,24.9726035310606,,0.9328431368395388,0.0,0.0,0.0,43.66739402278802,0.0,0.0,0.0,0.8893562937431367,0.0,0.0,0.0,0.9789356293743136,0.96,0.96,0.96,42.74756785083413,0.0,0.0,0.0,42.74756785083413,1025.9416284200192,0.1428823374583119,6.146760244921412e-05,0.785
1972-11-08,1972-11-19,320.6383,0.9330769620260724,299.18021087320443,0.7859999999999999,1972,11,8,1972.11,1972,2,39,6,0.0258491702194448,0.0,0.0,0.17,2,Mod_Wet,40,6,4,3,53,106.0,0.3543015084140169,193.18021087320443,193.18021087320443,,1,193.18021087320443,0.0,0.0,0.0,0.0,0.0,0.0,0.0,0.0,0.0,40.0,6.0,4.0,3.0,53.0,243.18021087320443,990.0,964.8967208434927,25.103279156507256,0.1213576043593097,0.0093180210873204,989.8693243745532,0.264050173575116,0.0,0.0,0.0,24.708553357485485,24.9726035310606,24.9726035310606,24.9726035310606,,0.9328431368395388,0.0,0.0,0.0,43.66739402278802,0.0,0.0,0.0,0.8893562937431367,0.0,0.0,0.0,0.9789356293743136,0.96,0.96,0.96,42.74756785083413,0.0,0.0,0.0,42.74756785083413,1025.9416284200192,0.1428823374583119,6.146760244921412e-05,0.785
1972-11-09,1972-11-20,324.6118,0.9312809696570542,302.30479186612183,0.7809999999999999,1972,11,9,1972.11,1972,2,40,6,0.0261191340172329,3.124580992917401,0.0103358632644538,0.17,2,Mod_Wet,40,6,4,3,53,106.0,0.3506394964686599,196.30479186612183,196.30479186612183,,1,196.30479186612183,0.0,0.0,0.0,0.0,0.0,0.0,0.0,0.0,0.0,40.0,6.0,4.0,3.0,53.0,246.30479186612183,990.0,964.9115239593306,25.088476040669438,0.1224603659375434,0.0096304791866121,989.867909154876,0.2726534172251411,0.0,0.0,0.0,24.683731778320155,24.95638519554529,24.95638519554529,24.95638519554529,,0.9337361384617672,0.0,0.0,0.0,44.37154865672385,0.0,0.0,0.0,0.9036975286501804,0.0,0.0,0.0,0.98,0.96,0.96,0.96,43.484117683589375,0.0,0.0,0.0,43.484117683589375,1043.618824406145,0.1438419729146955,6.153146575765987e-05,0.78
1972-11-10,1972-11-21,328.6161,0.9312389803097992,306.020121877383,0.775,1972,11,10,1972.11,1972,2,41,6,0.0264401385302058,3.7153300112611873,0.0121408029918694,0.17,2,Mod_Wet,40,6,4,3,53,106.0,0.3463824514208656,200.02012187738305,200.02012187738305,,1,200.02012187738305,0.0,0.0,0.0,0.0,0.0,0.0,0.0,0.0,0.0,40.0,6.0,4.0,3.0,53.0,250.02012187738305,990.0,964.9301006093868,25.06989939061316,0.1237716211734182,0.0100040243754766,989.8662243544512,0.2830575485693154,0.0,0.0,0.0,24.65306619649495,24.936123745064265,24.936123745064265,24.936123745064265,,0.9348009254319514,0.0,0.0,0.0,45.206664297677925,0.0,0.0,0.0,0.9207059938427276,0.0,0.0,0.0,0.98,0.96,0.96,0.96,44.30253101172437,0.0,0.0,0.0,44.30253101172437,1063.2607442813849,0.1447699933583963,6.152510306893975e-05,0.775
1972-11-11,1972-11-22,328.6161,0.9312389803097992,306.020121877383,0.775,1972,11,11,1972.11,1972,2,42,6,0.0264401385302058,0.0,0.0,0.2,2,Mod_Wet,40,6,4,3,53,106.0,0.3463824514208656,200.02012187738305,200.02012187738305,,1,200.02012187738305,0.0,0.0,0.0,0.0,0.0,0.0,0.0,0.0,0.0,40.0,6.0,4.0,3.0,53.0,250.02012187738305,990.0,964.9301006093868,25.06989939061316,0.1237716211734182,0.0100040243754766,989.8662243544512,0.2830575485693154,0.0,0.0,0.0,24.65306619649495,24.936123745064265,24.936123745064265,24.936123745064265,,0.9348009254319514,0.0,0.0,0.0,45.206664297677925,0.0,0.0,0.0,0.9207059938427276,0.0,0.0,0.0,0.98,0.96,0.96,0.96,44.30253101172437,0.0,0.0,0.0,44.30253101172437,1063.2607442813849,0.1447699933583963,6.152510306893975e-05,0.775
1972-11-12,1972-11-23,332.6514,0.9289857410847936,309.0284073518941,0.77,1972,11,12,1972.11,1972,2,43,7,0.0267000543952036,3.008285474511069,0.0097346567595175,0.2,2,Mod_Wet,40,6,4,3,53,106.0,0.3430105371487632,203.0284073518941,203.0284073518941,,1,203.0284073518941,0.0,0.0,0.0,0.0,0.0,0.0,0.0,0.0,0.0,40.0,6.0,4.0,3.0,53.0,253.0284073518941,990.0,964.9451420367594,25.05485796324058,0.1248333384549254,0.0106056814703788,989.8645609800748,0.2916612450264171,0.0,0.0,0.0,24.62775769828893,24.91941894331535,24.91941894331535,24.91941894331535,,0.9356659517157544,0.0,0.0,0.0,45.8818800820447,0.0,0.0,0.0,0.934457842811501,0.0,0.0,0.0,0.98,0.96,0.96,0.96,44.96424248040381,0.0,0.0,0.0,44.96424248040381,1079.1418195296912,0.1455019713744391,6.151881659604221e-05,0.77
1972-11-13,1972-11-24,336.7179,0.9260439379072553,311.8155700798613,0.7659999999999999,1972,11,13,1972.11,1972,2,44,7,0.0269408652549,2.7871627279672,0.0089384976101525,0.2,2,Mod_Wet,40,6,4,3,53,106.0,0.3399445382822018,205.8155700798613,205.8155700798613,,1,205.8155700798613,0.0,0.0,0.0,0.0,0.0,0.0,0.0,0.0,0.0,40.0,6.0,4.0,3.0,53.0,255.8155700798613,990.0,964.9590778503992,25.04092214960076,0.1258170146584402,0.0111631140159722,989.8630198713256,0.2996977760347922,0.0,0.0,0.0,24.60424424489157,24.903942020926365,24.903942020926365,24.903942020926365,,0.9364356916248072,0.0,0.0,0.0,46.505563775562486,0.0,0.0,0.0,0.9471601583617614,0.0,0.0,0.0,0.98,0.96,0.96,0.96,45.575452500051234,0.0,0.0,0.0,45.575452500051234,1093.8108600012297,0.1461615675201164,6.151064232783059e-05,0.765
1972-11-14,1972-11-25,340.8154,0.928721014594374,316.52242407738737,0.763,1972,11,14,1972.11,1972,2,45,7,0.0273475374402862,4.706853997526082,0.0148705230324385,0.2,2,Mod_Wet,40,6,4,3,53,106.0,0.3348893851959246,210.52242407738737,210.52242407738737,,1,210.52242407738737,0.0,0.0,0.0,0.0,0.0,0.0,0.0,0.0,0.0,40.0,6.0,4.0,3.0,53.0,260.52242407738737,990.0,964.9826121203868,25.017387879613125,0.1274782094729107,0.0121044848154774,989.8604173057116,0.3135672722321621,0.0,0.0,0.0,24.564237913092583,24.877805185324743,24.877805185324743,24.877805185324743,,0.9375991722711476,0.0,0.0,0.0,47.55077196190747,0.0,0.0,0.0,0.9684474941325352,0.0,0.0,0.0,0.98,0.96,0.96,0.96,46.59975652266933,0.0,0.0,0.0,46.59975652266933,1118.3941565440637,0.1472241869071369,6.148692648102074e-05,0.765
1972-11-15,1972-11-26,344.9443,0.9283094176295976,320.2150422476492,0.757,1972,11,15,1972.11,1972,2,46,7,0.0276665796501968,3.692618170261824,0.0115316824104909,0.2,2,Mod_Wet,40,6,4,3,53,106.0,0.3310275471632007,214.2150422476492,214.2150422476492,,1,214.2150422476492,0.0,0.0,0.0,0.0,0.0,0.0,0.0,0.0,0.0,40.0,6.0,4.0,3.0,53.0,264.2150422476492,990.0,965.0010752112382,24.99892478876177,0.1287814489954205,0.0128430084495298,989.8583755425552,0.3246451267429476,0.0,0.0,0.0,24.53265520457393,24.85730033131688,24.85730033131688,24.85730033131688,,0.9385145827964984,0.0,0.0,0.0,48.369794642898505,0.0,0.0,0.0,0.9851282004663646,0.0,0.0,0.0,0.98,0.96,0.96,0.96,47.40239875004053,0.0,0.0,0.0,47.40239875004053,1137.6575700009728,0.1480330168667725,6.146782619915138e-05,0.755
1972-11-16,1972-11-27,349.1046,0.9270188758292952,323.62655383883583,0.7509999999999999,1972,11,16,1972.11,1972,2,47,7,0.0279613342516754,3.4115115911866383,0.0105415070262916,0.2,2,Mod_Wet,40,6,4,3,53,106.0,0.3275380179488837,217.62655383883583,217.62655383883583,,1,217.62655383883583,0.0,0.0,0.0,0.0,0.0,0.0,0.0,0.0,0.0,40.0,6.0,4.0,3.0,53.0,267.62655383883583,990.0,965.0181327691942,24.981867230805847,0.1299854772843294,0.0135253107677671,989.856489211948,0.3350897858236144,0.0,0.0,0.0,24.50326665693009,24.838356442753707,24.838356442753707,24.838356442753707,,0.9393623508832848,0.0,0.0,0.0,49.12558336359971,0.0,0.0,0.0,1.000521046101827,0.0,0.0,0.0,0.98,0.96,0.96,0.96,48.14307169632772,0.0,0.0,0.0,48.14307169632772,1155.4337207118651,0.1487611913338319,6.144964957311975e-05,0.75
1972-11-17,1972-11-28,349.1046,0.9270188758292952,323.62655383883583,0.7509999999999999,1972,11,17,1972.11,1972,2,48,7,0.0279613342516754,0.0,0.0,0.2,2,Mod_Wet,40,6,4,3,53,106.0,0.3275380179488837,217.62655383883583,217.62655383883583,,1,217.62655383883583,0.0,0.0,0.0,0.0,0.0,0.0,0.0,0.0,0.0,40.0,6.0,4.0,3.0,53.0,267.62655383883583,990.0,965.0181327691942,24.981867230805847,0.1299854772843294,0.0135253107677671,989.856489211948,0.3350897858236144,0.0,0.0,0.0,24.50326665693009,24.838356442753707,24.838356442753707,24.838356442753707,,0.9393623508832848,0.0,0.0,0.0,49.12558336359971,0.0,0.0,0.0,1.000521046101827,0.0,0.0,0.0,0.98,0.96,0.96,0.96,48.14307169632772,0.0,0.0,0.0,48.14307169632772,1155.4337207118651,0.1487611913338319,6.144964957311975e-05,0.75
1972-11-18,1972-11-29,349.1046,0.9270188758292952,323.62655383883583,0.7509999999999999,1972,11,18,1972.11,1972,2,49,7,0.0279613342516754,0.0,0.0,0.2,2,Mod_Wet,40,6,4,3,53,106.0,0.3275380179488837,217.62655383883583,217.62655383883583,,1,217.62655383883583,0.0,0.0,0.0,0.0,0.0,0.0,0.0,0.0,0.0,40.0,6.0,4.0,3.0,53.0,267.62655383883583,990.0,965.0181327691942,24.981867230805847,0.1299854772843294,0.0135253107677671,989.856489211948,0.3350897858236144,0.0,0.0,0.0,24.50326665693009,24.838356442753707,24.838356442753707,24.838356442753707,,0.9393623508832848,0.0,0.0,0.0,49.12558336359971,0.0,0.0,0.0,1.000521046101827,0.0,0.0,0.0,0.98,0.96,0.96,0.96,48.14307169632772,0.0,0.0,0.0,48.14307169632772,1155.4337207118651,0.1487611913338319,6.144964957311975e-05,0.75
1972-11-19,1972-11-30,349.1046,0.9270188758292952,323.62655383883583,0.7509999999999999,1972,11,19,1972.11,1972,2,50,8,0.0279613342516754,0.0,0.0,0.2,2,Mod_Wet,40,6,4,3,53,106.0,0.3275380179488837,217.62655383883583,217.62655383883583,,1,217.62655383883583,0.0,0.0,0.0,0.0,0.0,0.0,0.0,0.0,0.0,40.0,6.0,4.0,3.0,53.0,267.62655383883583,990.0,965.0181327691942,24.981867230805847,0.1299854772843294,0.0135253107677671,989.856489211948,0.3350897858236144,0.0,0.0,0.0,24.50326665693009,24.838356442753707,24.838356442753707,24.838356442753707,,0.9393623508832848,0.0,0.0,0.0,49.12558336359971,0.0,0.0,0.0,1.000521046101827,0.0,0.0,0.0,0.98,0.96,0.96,0.96,48.14307169632772,0.0,0.0,0.0,48.14307169632772,1155.4337207118651,0.1487611913338319,6.144964957311975e-05,0.75
1972-11-20,1972-12-01,349.1046,0.9270188758292952,323.62655383883583,0.7509999999999999,1972,11,20,1972.11,1972,2,51,8,0.0279613342516754,0.0,0.0,0.2,2,Mod_Wet,40,6,4,3,53,106.0,0.3275380179488837,217.62655383883583,217.62655383883583,,1,217.62655383883583,0.0,0.0,0.0,0.0,0.0,0.0,0.0,0.0,0.0,40.0,6.0,4.0,3.0,53.0,267.62655383883583,990.0,965.0181327691942,24.981867230805847,0.1299854772843294,0.0135253107677671,989.856489211948,0.3350897858236144,0.0,0.0,0.0,24.50326665693009,24.838356442753707,24.838356442753707,24.838356442753707,,0.9393623508832848,0.0,0.0,0.0,49.12558336359971,0.0,0.0,0.0,1.000521046101827,0.0,0.0,0.0,0.98,0.96,0.96,0.96,48.14307169632772,0.0,0.0,0.0,48.14307169632772,1155.4337207118651,0.1487611913338319,6.144964957311975e-05,0.75
1972-11-21,1972-12-02,349.1046,0.9270188758292952,323.62655383883583,0.7509999999999999,1972,11,21,1972.11,1972,2,52,8,0.0279613342516754,0.0,0.0,0.23,2,Mod_Wet,40,6,4,3,53,106.0,0.3275380179488837,217.62655383883583,217.62655383883583,,1,217.62655383883583,0.0,0.0,0.0,0.0,0.0,0.0,0.0,0.0,0.0,40.0,6.0,4.0,3.0,53.0,267.62655383883583,990.0,965.0181327691942,24.981867230805847,0.1299854772843294,0.0135253107677671,989.856489211948,0.3350897858236144,0.0,0.0,0.0,24.50326665693009,24.838356442753707,24.838356442753707,24.838356442753707,,0.9393623508832848,0.0,0.0,0.0,49.12558336359971,0.0,0.0,0.0,1.000521046101827,0.0,0.0,0.0,0.98,0.96,0.96,0.96,48.14307169632772,0.0,0.0,0.0,48.14307169632772,1155.4337207118651,0.1487611913338319,6.144964957311975e-05,0.75
1972-11-22,1972-12-03,344.9443,0.9283094176295976,320.2150422476492,0.757,1972,11,22,1972.11,1972,2,53,8,0.0276665796501968,3.4115115911866383,0.0106538142844277,0.23,2,Mod_Wet,40,6,4,3,53,106.0,0.3310275471632007,214.2150422476492,214.2150422476492,,1,214.2150422476492,0.0,0.0,0.0,0.0,0.0,0.0,0.0,0.0,0.0,40.0,6.0,4.0,3.0,53.0,264.2150422476492,990.0,965.0010752112382,24.99892478876177,0.1287814489954205,0.0128430084495298,989.8583755425552,0.3246451267429476,0.0,0.0,0.0,24.53265520457393,24.85730033131688,24.85730033131688,24.85730033131688,,0.9385145827964984,0.0,0.0,0.0,48.369794642898505,0.0,0.0,0.0,0.9851282004663646,0.0,0.0,0.0,0.98,0.96,0.96,0.96,47.40239875004053,0.0,0.0,0.0,47.40239875004053,1137.6575700009728,0.1480330168667725,6.146782619915138e-05,0.755
1972-11-23,1972-12-04,340.8154,0.928721014594374,316.52242407738737,0.763,1972,11,23,1972.11,1972,2,54,8,0.0273475374402862,3.692618170261824,0.0116662134792668,0.23,2,Mod_Wet,40,6,4,3,53,106.0,0.3348893851959246,210.52242407738737,210.52242407738737,,1,210.52242407738737,0.0,0.0,0.0,0.0,0.0,0.0,0.0,0.0,0.0,40.0,6.0,4.0,3.0,53.0,260.52242407738737,990.0,964.9826121203868,25.017387879613125,0.1274782094729107,0.0121044848154774,989.8604173057116,0.3135672722321621,0.0,0.0,0.0,24.564237913092583,24.877805185324743,24.877805185324743,24.877805185324743,,0.9375991722711476,0.0,0.0,0.0,47.55077196190747,0.0,0.0,0.0,0.9684474941325352,0.0,0.0,0.0,0.98,0.96,0.96,0.96,46.59975652266933,0.0,0.0,0.0,46.59975652266933,1118.3941565440637,0.1472241869071369,6.148692648102074e-05,0.765
1972-11-24,1972-12-05,340.8154,0.928721014594374,316.52242407738737,0.763,1972,11,24,1972.11,1972,2,55,8,0.0273475374402862,0.0,0.0,0.23,2,Mod_Wet,40,6,4,3,53,106.0,0.3348893851959246,210.52242407738737,210.52242407738737,,1,210.52242407738737,0.0,0.0,0.0,0.0,0.0,0.0,0.0,0.0,0.0,40.0,6.0,4.0,3.0,53.0,260.52242407738737,990.0,964.9826121203868,25.017387879613125,0.1274782094729107,0.0121044848154774,989.8604173057116,0.3135672722321621,0.0,0.0,0.0,24.564237913092583,24.877805185324743,24.877805185324743,24.877805185324743,,0.9375991722711476,0.0,0.0,0.0,47.55077196190747,0.0,0.0,0.0,0.9684474941325352,0.0,0.0,0.0,0.98,0.96,0.96,0.96,46.59975652266933,0.0,0.0,0.0,46.59975652266933,1118.3941565440637,0.1472241869071369,6.148692648102074e-05,0.765
1972-11-25,1972-12-06,336.7179,0.9260439379072553,311.8155700798613,0.7659999999999999,1972,11,25,1972.11,1972,2,56,8,0.0269408652549,4.706853997526082,0.0150949934806673,0.23,2,Mod_Wet,40,6,4,3,53,106.0,0.3399445382822018,205.8155700798613,205.8155700798613,,1,205.8155700798613,0.0,0.0,0.0,0.0,0.0,0.0,0.0,0.0,0.0,40.0,6.0,4.0,3.0,53.0,255.8155700798613,990.0,964.9590778503992,25.04092214960076,0.1258170146584402,0.0111631140159722,989.8630198713256,0.2996977760347922,0.0,0.0,0.0,24.60424424489157,24.903942020926365,24.903942020926365,24.903942020926365,,0.9364356916248072,0.0,0.0,0.0,46.505563775562486,0.0,0.0,0.0,0.9471601583617614,0.0,0.0,0.0,0.98,0.96,0.96,0.96,45.575452500051234,0.0,0.0,0.0,45.575452500051234,1093.8108600012297,0.1461615675201164,6.151064232783059e-05,0.765
1972-11-26,1972-12-07,332.6514,0.9289857410847936,309.0284073518941,0.77,1972,11,26,1972.11,1972,2,57,9,0.0267000543952036,2.7871627279672,0.0090191149475569,0.23,2,Mod_Wet,40,6,4,3,53,106.0,0.3430105371487632,203.0284073518941,203.0284073518941,,1,203.0284073518941,0.0,0.0,0.0,0.0,0.0,0.0,0.0,0.0,0.0,40.0,6.0,4.0,3.0,53.0,253.0284073518941,990.0,964.9451420367594,25.05485796324058,0.1248333384549254,0.0106056814703788,989.8645609800748,0.2916612450264171,0.0,0.0,0.0,24.62775769828893,24.91941894331535,24.91941894331535,24.91941894331535,,0.9356659517157544,0.0,0.0,0.0,45.8818800820447,0.0,0.0,0.0,0.934457842811501,0.0,0.0,0.0,0.98,0.96,0.96,0.96,44.96424248040381,0.0,0.0,0.0,44.96424248040381,1079.1418195296912,0.1455019713744391,6.151881659604221e-05,0.77
1972-11-27,1972-12-08,328.6161,0.9312389803097992,306.020121877383,0.775,1972,11,27,1972.11,1972,2,58,9,0.0264401385302058,3.008285474511069,0.0098303518607068,0.23,2,Mod_Wet,40,6,4,3,53,106.0,0.3463824514208656,200.02012187738305,200.02012187738305,,1,200.02012187738305,0.0,0.0,0.0,0.0,0.0,0.0,0.0,0.0,0.0,40.0,6.0,4.0,3.0,53.0,250.02012187738305,990.0,964.9301006093868,25.06989939061316,0.1237716211734182,0.0100040243754766,989.8662243544512,0.2830575485693154,0.0,0.0,0.0,24.65306619649495,24.936123745064265,24.936123745064265,24.936123745064265,,0.9348009254319514,0.0,0.0,0.0,45.206664297677925,0.0,0.0,0.0,0.9207059938427276,0.0,0.0,0.0,0.98,0.96,0.96,0.96,44.30253101172437,0.0,0.0,0.0,44.30253101172437,1063.2607442813849,0.1447699933583963,6.152510306893975e-05,0.775
1972-11-28,1972-12-09,332.6514,0.9289857410847936,309.0284073518941,0.77,1972,11,28,1972.11,1972,2,59,9,0.0267000543952036,3.008285474511069,0.0097346567595175,0.23,2,Mod_Wet,40,6,4,3,53,106.0,0.3430105371487632,203.0284073518941,203.0284073518941,,1,203.0284073518941,0.0,0.0,0.0,0.0,0.0,0.0,0.0,0.0,0.0,40.0,6.0,4.0,3.0,53.0,253.0284073518941,990.0,964.9451420367594,25.05485796324058,0.1248333384549254,0.0106056814703788,989.8645609800748,0.2916612450264171,0.0,0.0,0.0,24.62775769828893,24.91941894331535,24.91941894331535,24.91941894331535,,0.9356659517157544,0.0,0.0,0.0,45.8818800820447,0.0,0.0,0.0,0.934457842811501,0.0,0.0,0.0,0.98,0.96,0.96,0.96,44.96424248040381,0.0,0.0,0.0,44.96424248040381,1079.1418195296912,0.1455019713744391,6.151881659604221e-05,0.77
1972-11-29,1972-12-10,344.9443,0.9283094176295976,320.2150422476492,0.757,1972,11,29,1972.11,1972,2,60,9,0.0276665796501968,11.186634895755102,0.0349347576467177,0.23,2,Mod_Wet,40,6,4,3,53,106.0,0.3310275471632007,214.2150422476492,214.2150422476492,,1,214.2150422476492,0.0,0.0,0.0,0.0,0.0,0.0,0.0,0.0,0.0,40.0,6.0,4.0,3.0,53.0,264.2150422476492,990.0,965.0010752112382,24.99892478876177,0.1287814489954205,0.0128430084495298,989.8583755425552,0.3246451267429476,0.0,0.0,0.0,24.53265520457393,24.85730033131688,24.85730033131688,24.85730033131688,,0.9385145827964984,0.0,0.0,0.0,48.369794642898505,0.0,0.0,0.0,0.9851282004663646,0.0,0.0,0.0,0.98,0.96,0.96,0.96,47.40239875004053,0.0,0.0,0.0,47.40239875004053,1137.6575700009728,0.1480330168667725,6.146782619915138e-05,0.755
1972-11-30,1972-12-11,357.5196,0.9208048873506705,329.2057950036568,0.742,1972,11,30,1972.11,1972,2,61,9,0.0284433806883159,8.990752756007623,0.0273104328431027,0.23,2,Mod_Wet,40,6,4,3,53,106.0,0.3219870415671831,223.2057950036568,223.2057950036568,,2,111.6028975018284,111.6028975018284,0.0,0.0,0.0,0.0,0.0,0.0,0.0,0.0,40.0,6.0,4.0,3.0,53.0,273.2057950036568,990.0,965.0460289750184,24.953971024981684,0.1319545645975438,0.0146411590007313,989.8534042764018,0.0881646360029254,0.0881646360029254,0.0,0.0,24.71921066538052,24.71921066538052,24.807375301383445,24.807375301383445,,0.8945025807723272,0.8945025807723272,0.0,0.0,24.200835870288188,24.200835870288188,0.0,0.0,0.4928887142624885,0.4928887142624885,0.0,0.0,0.9692888714262488,0.9692888714262488,0.96,0.96,23.45760088828352,23.45760088828352,0.0,0.0,46.91520177656704,1125.9648426376089,0.1425102549487195,5.8385583104046816e-05,0.74
1972-12-01,1972-12-12,366.0613,0.9164389073302937,335.4728177879068,0.731,1972,12,1,1972.12,1972,3,62,9,0.0289848514568751,6.267022784250004,0.0186811641717337,0.47,3,Normal,38,5,4,3,54,104.0,0.3100102138998071,231.4728177879068,231.4728177879068,,2,115.7364088939534,115.7364088939534,0.0,0.0,0.0,0.0,0.0,0.0,0.0,0.0,38.0,5.0,4.0,3.0,54.0,278.4728177879068,990.0,965.0773640889396,24.922635911060524,0.1338134603571092,0.0162945635575813,989.8498919760852,0.0948224387639626,0.0948224387639626,0.0,0.0,24.677705448381808,24.677705448381808,24.77252788714577,24.77252788714577,,0.8979297646864951,0.8979297646864951,0.0,0.0,25.151034118198,25.151034118198,0.0,0.0,0.5122410207372301,0.5122410207372301,0.0,0.0,0.97,0.97,0.96,0.96,24.396503094652054,24.396503094652054,0.0,0.0,48.79300618930412,1171.0321485432987,0.1454454835150075,5.855379892934606e-05,0.73
1972-12-02,1972-12-13,370.3799,0.9134433097017404,338.3210417029997,0.727,1972,12,2,1972.12,1972,3,63,9,0.0292309380031391,2.848223915092888,0.0084187016590982,0.47,3,Normal,38,5,4,3,54,104.0,0.3074003303977113,234.3210417029997,234.3210417029997,,2,117.16052085149984,117.16052085149984,0.0,0.0,0.0,0.0,0.0,0.0,0.0,0.0,38.0,5.0,4.0,3.0,54.0,281.3210417029997,990.0,965.0916052085148,24.90839479148508,0.1348186869480955,0.0168642083405999,989.8483171047112,0.0971864646134897,0.0971864646134897,0.0,0.0,24.65952543158292,24.65952543158292,24.756711896196407,24.756711896196407,,0.8991028075576588,0.8991028075576588,0.0,0.0,25.474992301309012,25.474992301309012,0.0,0.0,0.5188389470735033,0.5188389470735033,0.0,0.0,0.97,0.97,0.96,0.96,24.710742532269744,24.710742532269744,0.0,0.0,49.42148506453949,1186.1156415489477,0.1460786618998557,5.858709997160988e-05,0.725
1972-12-03,1972-12-14,370.3799,0.9134433097017404,338.3210417029997,0.727,1972,12,3,1972.12,1972,3,64,10,0.0292309380031391,0.0,0.0,0.47,3,Normal,38,5,4,3,54,104.0,0.3074003303977113,234.3210417029997,234.3210417029997,,2,117.16052085149984,117.16052085149984,0.0,0.0,0.0,0.0,0.0,0.0,0.0,0.0,38.0,5.0,4.0,3.0,54.0,281.3210417029997,990.0,965.0916052085148,24.90839479148508,0.1348186869480955,0.0168642083405999,989.8483171047112,0.0971864646134897,0.0971864646134897,0.0,0.0,24.65952543158292,24.65952543158292,24.756711896196407,24.756711896196407,,0.8991028075576588,0.8991028075576588,0.0,0.0,25.474992301309012,25.474992301309012,0.0,0.0,0.5188389470735033,0.5188389470735033,0.0,0.0,0.97,0.97,0.96,0.96,24.710742532269744,24.710742532269744,0.0,0.0,49.42148506453949,1186.1156415489477,0.1460786618998557,5.858709997160988e-05,0.725
1972-12-04,1972-12-15,374.7305,0.908907350449394,340.5953058875766,0.721,1972,12,4,1972.12,1972,3,65,10,0.0294274344286866,2.2742641845769067,0.0066773209884683,0.47,3,Normal,38,5,4,3,54,104.0,0.3053477197196846,236.5953058875766,236.5953058875766,,2,118.29765294378832,118.29765294378832,0.0,0.0,0.0,0.0,0.0,0.0,0.0,0.0,38.0,5.0,4.0,3.0,54.0,283.5953058875766,990.0,965.102976529438,24.89702347056209,0.1356213453420335,0.0173190611775153,989.8470595934804,0.0990741038866886,0.0990741038866886,0.0,0.0,24.645008960155767,24.645008960155767,24.744083064042456,24.744083064042456,,0.9000379961217275,0.9000379961217275,0.0,0.0,25.733843301893646,25.733843301893646,0.0,0.0,0.5241108615456954,0.5241108615456954,0.0,0.0,0.97,0.97,0.96,0.96,24.961828002836835,24.961828002836835,0.0,0.0,49.92365600567367,1198.167744136168,0.1465776396288692,5.86135137879184e-05,0.72
1972-12-05,1972-12-16,379.1131,0.9090149185803196,344.6194637292325,0.718,1972,12,5,1972.12,1972,3,66,10,0.0297751216662056,4.024157841655892,0.0116771055183861,0.47,3,Normal,38,5,4,3,54,104.0,0.3017821421767193,240.6194637292325,240.6194637292325,,2,120.30973186461624,120.30973186461624,0.0,0.0,0.0,0.0,0.0,0.0,0.0,0.0,38.0,5.0,4.0,3.0,54.0,287.6194637292325,990.0,965.1230973186462,24.87690268135384,0.1370415955012022,0.0181238927458465,989.844834511753,0.1024389334444322,0.1024389334444322,0.0,0.0,24.6192982596624,24.6192982596624,24.721737193106836,24.721737193106836,,0.9016895220226684,0.9016895220226684,0.0,0.0,26.192210427319623,26.192210427319623,0.0,0.0,0.5334462408822734,0.5334462408822734,0.0,0.0,0.97,0.97,0.96,0.96,25.40644411450004,25.40644411450004,0.0,0.0,50.81288822900007,1219.5093174960018,0.1474463678839793,5.865980646771539e-05,0.72
1972-12-06,1972-12-17,387.9749,0.9026852126280548,350.2192051008483,0.7090000000000001,1972,12,6,1972.12,1972,3,67,10,0.0302589393207132,5.599741371615778,0.0159892469917613,0.47,3,Normal,38,5,4,3,54,104.0,0.2969568729677529,246.21920510084828,246.21920510084828,,2,123.10960255042414,123.10960255042414,0.0,0.0,0.0,0.0,0.0,0.0,0.0,0.0,38.0,5.0,4.0,3.0,54.0,293.2192051008483,990.0,965.1510960255042,24.848903974495784,0.1390179179734509,0.0192438410201696,989.8417382410064,0.107310708437738,0.107310708437738,0.0,0.0,24.583331507064443,24.583331507064443,24.69064221550218,24.69064221550218,,0.9039806034449386,0.9039806034449386,0.0,0.0,26.8306057871698,26.8306057871698,0.0,0.0,0.5464481830380814,0.5464481830380814,0.0,0.0,0.97,0.97,0.96,0.96,26.0256876135547,26.0256876135547,0.0,0.0,52.0513752271094,1249.2330054506256,0.1486251309722458,5.872293891510866e-05,0.71
1972-12-07,1972-12-18,392.4543,0.9019707790507928,353.9823107128336,0.7040000000000001,1972,12,7,1972.12,1972,3,68,10,0.0305840716455888,3.7631056119853374,0.0106307730587084,0.47,3,Normal,38,5,4,3,54,104.0,0.293799991843009,249.9823107128336,249.9823107128336,,2,124.9911553564168,124.9911553564168,0.0,0.0,0.0,0.0,0.0,0.0,0.0,0.0,38.0,5.0,4.0,3.0,54.0,296.9823107128336,990.0,965.169911553564,24.830088446435862,0.1403460347011464,0.0199964621425667,989.8396575031564,0.1105846103201652,0.1105846103201652,0.0,0.0,24.559161339272038,24.559161339272038,24.6697459495922,24.6697459495922,,0.905515773194407,0.905515773194407,0.0,0.0,27.260105598626357,27.260105598626357,0.0,0.0,0.5551956333732455,0.5551956333732455,0.0,0.0,0.97,0.97,0.96,0.96,26.442302430667564,26.442302430667564,0.0,0.0,52.88460486133513,1269.230516672043,0.1493990045853943,5.876483009996983e-05,0.705
1972-12-08,1972-12-19,396.9661,0.9077571128687334,360.34880084276085,0.7000000000000001,1972,12,8,1972.12,1972,3,69,10,0.0311341363928145,6.366490129927229,0.0176675768450947,0.47,3,Normal,38,5,4,3,54,104.0,0.2886092579100344,256.34880084276085,256.34880084276085,,2,128.17440042138043,128.17440042138043,0.0,0.0,0.0,0.0,0.0,0.0,0.0,0.0,38.0,5.0,4.0,3.0,54.0,303.34880084276085,990.0,965.2017440042138,24.798255995786235,0.1425929665999842,0.0212697601685521,989.8361372732314,0.1163139207584847,0.1163139207584847,0.0,0.0,24.518079348259175,24.518079348259175,24.634393269017664,24.634393269017664,,0.9069487045179776,0.9069487045179776,0.0,0.0,27.95176040939044,27.95176040939044,0.0,0.0,0.5692822893969539,0.5692822893969539,0.0,0.0,0.97,0.97,0.96,0.96,27.113207597108723,27.113207597108723,0.0,0.0,54.226415194217445,1301.4339646612186,0.1504831293108126,5.875936637887422e-05,0.7
1972-12-09,1972-12-20,396.9661,0.9077571128687334,360.34880084276085,0.7000000000000001,1972,12,9,1972.12,1972,3,70,10,0.0311341363928145,0.0,0.0,0.47,3,Normal,38,5,4,3,54,104.0,0.2886092579100344,256.34880084276085,256.34880084276085,,2,128.17440042138043,128.17440042138043,0.0,0.0,0.0,0.0,0.0,0.0,0.0,0.0,38.0,5.0,4.0,3.0,54.0,303.34880084276085,990.0,965.2017440042138,24.798255995786235,0.1425929665999842,0.0212697601685521,989.8361372732314,0.1163139207584847,0.1163139207584847,0.0,0.0,24.518079348259175,24.518079348259175,24.634393269017664,24.634393269017664,,0.9069487045179776,0.9069487045179776,0.0,0.0,27.95176040939044,27.95176040939044,0.0,0.0,0.5692822893969539,0.5692822893969539,0.0,0.0,0.97,0.97,0.96,0.96,27.113207597108723,27.113207597108723,0.0,0.0,54.226415194217445,1301.4339646612186,0.1504831293108126,5.875936637887422e-05,0.7
1972-12-10,1972-12-21,401.5105,0.9082764151386006,364.6825175805071,0.6940000000000001,1972,12,10,1972.12,1972,3,71,11,0.0315085695189558,4.333716737746272,0.011883533015233,0.47,3,Normal,38,5,4,3,54,104.0,0.2851795602651586,260.6825175805071,260.6825175805071,,2,130.34125879025356,130.34125879025356,0.0,0.0,0.0,0.0,0.0,0.0,0.0,0.0,38.0,5.0,4.0,3.0,54.0,307.6825175805071,990.0,965.2234125879024,24.776587412097456,0.1441224696982133,0.0221365035161014,989.8337410267856,0.1202415665256766,0.1202415665256766,0.0,0.0,24.49008687235745,24.49008687235745,24.61032843888313,24.61032843888313,,0.9079250828922174,0.9079250828922174,0.0,0.0,28.422413304948492,28.422413304948492,0.0,0.0,0.5788678880844907,0.5788678880844907,0.0,0.0,0.97,0.97,0.96,0.96,27.56974090580004,27.56974090580004,0.0,0.0,55.13948181160008,1323.3475634784018,0.1511985882334694,5.875546571976861e-05,0.695
1972-12-11,1972-12-22,406.0875,0.9120318780949216,370.3647452958713,0.6890000000000001,1972,12,11,1972.12,1972,3,72,11,0.0319995139935632,5.682227715364206,0.0153422478449585,0.5,3,Normal,38,5,4,3,54,104.0,0.2808042647712543,266.3647452958713,266.3647452958713,,2,133.18237264793564,133.18237264793564,0.0,0.0,0.0,0.0,0.0,0.0,0.0,0.0,38.0,5.0,4.0,3.0,54.0,313.3647452958713,990.0,965.2518237264792,24.7481762735207,0.1461279041604603,0.0232729490591742,989.8305991467804,0.125582860578119,0.125582860578119,0.0,0.0,24.453192559722865,24.453192559722865,24.578775420300985,24.578775420300985,,0.9092089785049664,0.9092089785049664,0.0,0.0,29.03920553614225,29.03920553614225,0.0,0.0,0.5914298479866039,0.5914298479866039,0.0,0.0,0.97,0.97,0.96,0.96,28.168029370057987,28.168029370057987,0.0,0.0,56.33605874011597,1352.0654097627837,0.1521096687945044,5.874991147272647e-05,0.69
1972-12-12,1972-12-23,392.4543,0.9019707790507928,353.9823107128336,0.7040000000000001,1972,12,12,1972.12,1972,3,73,11,0.0305840716455888,16.382434583037707,0.0462803764121644,0.5,3,Normal,38,5,4,3,54,104.0,0.293799991843009,249.9823107128336,249.9823107128336,,2,124.9911553564168,124.9911553564168,0.0,0.0,0.0,0.0,0.0,0.0,0.0,0.0,38.0,5.0,4.0,3.0,54.0,296.9823107128336,990.0,965.169911553564,24.830088446435862,0.1403460347011464,0.0199964621425667,989.8396575031564,0.1105846103201652,0.1105846103201652,0.0,0.0,24.559161339272038,24.559161339272038,24.6697459495922,24.6697459495922,,0.905515773194407,0.905515773194407,0.0,0.0,27.260105598626357,27.260105598626357,0.0,0.0,0.5551956333732455,0.5551956333732455,0.0,0.0,0.97,0.97,0.96,0.96,26.442302430667564,26.442302430667564,0.0,0.0,52.88460486133513,1269.230516672043,0.1493990045853943,5.876483009996983e-05,0.705
1972-12-13,1972-12-24,392.4543,0.9019707790507928,353.9823107128336,0.7040000000000001,1972,12,13,1972.12,1972,3,74,11,0.0305840716455888,0.0,0.0,0.5,3,Normal,38,5,4,3,54,104.0,0.293799991843009,249.9823107128336,249.9823107128336,,2,124.9911553564168,124.9911553564168,0.0,0.0,0.0,0.0,0.0,0.0,0.0,0.0,38.0,5.0,4.0,3.0,54.0,296.9823107128336,990.0,965.169911553564,24.830088446435862,0.1403460347011464,0.0199964621425667,989.8396575031564,0.1105846103201652,0.1105846103201652,0.0,0.0,24.559161339272038,24.559161339272038,24.6697459495922,24.6697459495922,,0.905515773194407,0.905515773194407,0.0,0.0,27.260105598626357,27.260105598626357,0.0,0.0,0.5551956333732455,0.5551956333732455,0.0,0.0,0.97,0.97,0.96,0.96,26.442302430667564,26.442302430667564,0.0,0.0,52.88460486133513,1269.230516672043,0.1493990045853943,5.876483009996983e-05,0.705
1972-12-14,1972-12-25,387.9749,0.9026852126280548,350.2192051008483,0.7090000000000001,1972,12,14,1972.12,1972,3,75,11,0.0302589393207132,3.7631056119853374,0.0107450007229093,0.5,3,Normal,38,5,4,3,54,104.0,0.2969568729677529,246.21920510084828,246.21920510084828,,2,123.10960255042414,123.10960255042414,0.0,0.0,0.0,0.0,0.0,0.0,0.0,0.0,38.0,5.0,4.0,3.0,54.0,293.2192051008483,990.0,965.1510960255042,24.848903974495784,0.1390179179734509,0.0192438410201696,989.8417382410064,0.107310708437738,0.107310708437738,0.0,0.0,24.583331507064443,24.583331507064443,24.69064221550218,24.69064221550218,,0.9039806034449386,0.9039806034449386,0.0,0.0,26.8306057871698,26.8306057871698,0.0,0.0,0.5464481830380814,0.5464481830380814,0.0,0.0,0.97,0.97,0.96,0.96,26.0256876135547,26.0256876135547,0.0,0.0,52.0513752271094,1249.2330054506256,0.1486251309722458,5.872293891510866e-05,0.71
1972-12-15,1972-12-26,387.9749,0.9026852126280548,350.2192051008483,0.7090000000000001,1972,12,15,1972.12,1972,3,76,11,0.0302589393207132,0.0,0.0,0.5,3,Normal,38,5,4,3,54,104.0,0.2969568729677529,246.21920510084828,246.21920510084828,,2,123.10960255042414,123.10960255042414,0.0,0.0,0.0,0.0,0.0,0.0,0.0,0.0,38.0,5.0,4.0,3.0,54.0,293.2192051008483,990.0,965.1510960255042,24.848903974495784,0.1390179179734509,0.0192438410201696,989.8417382410064,0.107310708437738,0.107310708437738,0.0,0.0,24.583331507064443,24.583331507064443,24.69064221550218,24.69064221550218,,0.9039806034449386,0.9039806034449386,0.0,0.0,26.8306057871698,26.8306057871698,0.0,0.0,0.5464481830380814,0.5464481830380814,0.0,0.0,0.97,0.97,0.96,0.96,26.0256876135547,26.0256876135547,0.0,0.0,52.0513752271094,1249.2330054506256,0.1486251309722458,5.872293891510866e-05,0.71
1972-12-16,1972-12-27,406.0875,0.9120318780949216,370.3647452958713,0.6890000000000001,1972,12,16,1972.12,1972,3,77,11,0.0319995139935632,20.14554019502305,0.0543937846431076,0.5,3,Normal,38,5,4,3,54,104.0,0.2808042647712543,266.3647452958713,266.3647452958713,,2,133.18237264793564,133.18237264793564,0.0,0.0,0.0,0.0,0.0,0.0,0.0,0.0,38.0,5.0,4.0,3.0,54.0,313.3647452958713,990.0,965.2518237264792,24.7481762735207,0.1461279041604603,0.0232729490591742,989.8305991467804,0.125582860578119,0.125582860578119,0.0,0.0,24.453192559722865,24.453192559722865,24.578775420300985,24.578775420300985,,0.9092089785049664,0.9092089785049664,0.0,0.0,29.03920553614225,29.03920553614225,0.0,0.0,0.5914298479866039,0.5914298479866039,0.0,0.0,0.97,0.97,0.96,0.96,28.168029370057987,28.168029370057987,0.0,0.0,56.33605874011597,1352.0654097627837,0.1521096687945044,5.874991147272647e-05,0.69
1972-12-17,1972-12-28,439.0488,0.9068394067509818,398.1467533267305,0.657,1972,12,17,1972.12,1972,3,78,12,0.0343998794874295,27.78200803085917,0.0697783111345893,0.5,3,Normal,38,5,4,3,54,104.0,0.2612102174161261,294.1467533267305,294.1467533267305,,2,147.07337666336525,147.07337666336525,0.0,0.0,0.0,0.0,0.0,0.0,0.0,0.0,38.0,5.0,4.0,3.0,54.0,341.1467533267305,990.0,965.3907337666336,24.609266233366384,0.1559330367821011,0.0288293506653461,989.8152376125526,0.1531126234597997,0.1531126234597997,0.0,0.0,24.271391222459133,24.271391222459133,24.42450384591893,24.42450384591893,,0.9154082667603004,0.9154082667603004,0.0,0.0,32.04662243524606,32.04662243524606,0.0,0.0,0.6526807013288403,0.6526807013288403,0.0,0.0,0.97,0.97,0.96,0.96,31.08522376218868,31.08522376218868,0.0,0.0,62.17044752437735,1492.0907405850564,0.156149578025966,5.871072368284447e-05,0.655
1972-12-18,1972-12-29,448.7655,0.9091709283658698,408.00454625357366,0.643,1972,12,18,1972.12,1972,3,79,12,0.0352515927963087,9.85779292684316,0.0241609879531013,0.5,3,Normal,38,5,4,3,54,104.0,0.2548991204999081,304.00454625357366,304.00454625357366,,2,152.00227312678683,152.00227312678683,0.0,0.0,0.0,0.0,0.0,0.0,0.0,0.0,38.0,5.0,4.0,3.0,54.0,351.00454625357366,990.0,965.436020458141,24.563979541859,0.1594121577620175,0.0308009092507147,989.8097869329872,0.1635249099538595,0.1635249099538595,0.0,0.0,24.210241564892343,24.210241564892343,24.373766474846207,24.373766474846207,,0.917345797890345,0.917345797890345,0.0,0.0,33.10708782106774,33.10708782106774,0.0,0.0,0.6742787743598319,0.6742787743598319,0.0,0.0,0.97,0.97,0.96,0.96,32.11387518643571,32.11387518643571,0.0,0.0,64.22775037287143,1541.4660089489144,0.157419202708967,5.868675975444343e-05,0.645
1972-12-19,1972-12-30,448.7655,0.9091709283658698,408.00454625357366,0.643,1972,12,19,1972.12,1972,3,80,12,0.0352515927963087,0.0,0.0,0.5,3,Normal,38,5,4,3,54,104.0,0.2548991204999081,304.00454625357366,304.00454625357366,,2,152.00227312678683,152.00227312678683,0.0,0.0,0.0,0.0,0.0,0.0,0.0,0.0,38.0,5.0,4.0,3.0,54.0,351.00454625357366,990.0,965.436020458141,24.563979541859,0.1594121577620175,0.0308009092507147,989.8097869329872,0.1635249099538595,0.1635249099538595,0.0,0.0,24.210241564892343,24.210241564892343,24.373766474846207,24.373766474846207,,0.917345797890345,0.917345797890345,0.0,0.0,33.10708782106774,33.10708782106774,0.0,0.0,0.6742787743598319,0.6742787743598319,0.0,0.0,0.97,0.97,0.96,0.96,32.11387518643571,32.11387518643571,0.0,0.0,64.22775037287143,1541.4660089489144,0.157419202708967,5.868675975444343e-05,0.645
1972-12-20,1972-12-31,448.7655,0.9091709283658698,408.00454625357366,0.643,1972,12,20,1972.12,1972,3,81,12,0.0352515927963087,0.0,0.0,0.5,3,Normal,38,5,4,3,54,104.0,0.2548991204999081,304.00454625357366,304.00454625357366,,2,152.00227312678683,152.00227312678683,0.0,0.0,0.0,0.0,0.0,0.0,0.0,0.0,38.0,5.0,4.0,3.0,54.0,351.00454625357366,990.0,965.436020458141,24.563979541859,0.1594121577620175,0.0308009092507147,989.8097869329872,0.1635249099538595,0.1635249099538595,0.0,0.0,24.210241564892343,24.210241564892343,24.373766474846207,24.373766474846207,,0.917345797890345,0.917345797890345,0.0,0.0,33.10708782106774,33.10708782106774,0.0,0.0,0.6742787743598319,0.6742787743598319,0.0,0.0,0.97,0.97,0.96,0.96,32.11387518643571,32.11387518643571,0.0,0.0,64.22775037287143,1541.4660089489144,0.157419202708967,5.868675975444343e-05,0.645
1972-12-21,1973-01-01,448.7655,0.9091709283658698,408.00454625357366,0.643,1972,12,21,1972.12,1972,3,82,12,0.0352515927963087,0.0,0.0,0.56,3,Normal,38,5,4,3,54,104.0,0.2548991204999081,304.00454625357366,304.00454625357366,,2,152.00227312678683,152.00227312678683,0.0,0.0,0.0,0.0,0.0,0.0,0.0,0.0,38.0,5.0,4.0,3.0,54.0,351.00454625357366,990.0,965.436020458141,24.563979541859,0.1594121577620175,0.0308009092507147,989.8097869329872,0.1635249099538595,0.1635249099538595,0.0,0.0,24.210241564892343,24.210241564892343,24.373766474846207,24.373766474846207,,0.917345797890345,0.917345797890345,0.0,0.0,33.10708782106774,33.10708782106774,0.0,0.0,0.6742787743598319,0.6742787743598319,0.0,0.0,0.97,0.97,0.96,0.96,32.11387518643571,32.11387518643571,0.0,0.0,64.22775037287143,1541.4660089489144,0.157419202708967,5.868675975444343e-05,0.645
1972-12-22,1973-01-02,448.7655,0.9091709283658698,408.00454625357366,0.643,1972,12,22,1972.12,1972,3,83,12,0.0352515927963087,0.0,0.0,0.56,3,Normal,38,5,4,3,54,104.0,0.2548991204999081,304.00454625357366,304.00454625357366,,2,152.00227312678683,152.00227312678683,0.0,0.0,0.0,0.0,0.0,0.0,0.0,0.0,38.0,5.0,4.0,3.0,54.0,351.00454625357366,990.0,965.436020458141,24.563979541859,0.1594121577620175,0.0308009092507147,989.8097869329872,0.1635249099538595,0.1635249099538595,0.0,0.0,24.210241564892343,24.210241564892343,24.373766474846207,24.373766474846207,,0.917345797890345,0.917345797890345,0.0,0.0,33.10708782106774,33.10708782106774,0.0,0.0,0.6742787743598319,0.6742787743598319,0.0,0.0,0.97,0.97,0.96,0.96,32.11387518643571,32.11387518643571,0.0,0.0,64.22775037287143,1541.4660089489144,0.157419202708967,5.868675975444343e-05,0.645
1972-12-23,1973-01-03,448.7655,0.9091709283658698,408.00454625357366,0.643,1972,12,23,1972.12,1972,3,84,12,0.0352515927963087,0.0,0.0,0.56,3,Normal,38,5,4,3,54,104.0,0.2548991204999081,304.00454625357366,304.00454625357366,,2,152.00227312678683,152.00227312678683,0.0,0.0,0.0,0.0,0.0,0.0,0.0,0.0,38.0,5.0,4.0,3.0,54.0,351.00454625357366,990.0,965.436020458141,24.563979541859,0.1594121577620175,0.0308009092507147,989.8097869329872,0.1635249099538595,0.1635249099538595,0.0,0.0,24.210241564892343,24.210241564892343,24.373766474846207,24.373766474846207,,0.917345797890345,0.917345797890345,0.0,0.0,33.10708782106774,33.10708782106774,0.0,0.0,0.6742787743598319,0.6742787743598319,0.0,0.0,0.97,0.97,0.96,0.96,32.11387518643571,32.11387518643571,0.0,0.0,64.22775037287143,1541.4660089489144,0.157419202708967,5.868675975444343e-05,0.645
1972-12-24,1973-01-04,453.6742,0.9119592484433596,413.7323824701425,0.64,1972,12,24,1972.12,1972,3,85,13,0.0357464778454203,5.727836216568846,0.013844302402368,0.56,3,Normal,38,5,4,3,54,104.0,0.2513702199936097,309.7323824701425,309.7323824701425,,2,154.86619123507126,154.86619123507126,0.0,0.0,0.0,0.0,0.0,0.0,0.0,0.0,38.0,5.0,4.0,3.0,54.0,356.7323824701425,990.0,965.4617957211155,24.538204278884336,0.1614336888794267,0.0319464764940285,989.8066198346264,0.1697109730677539,0.1697109730677539,0.0,0.0,24.175113140443116,24.175113140443116,24.344824113510867,24.344824113510867,,0.9184746128053304,0.9184746128053304,0.0,0.0,33.72337166315709,33.72337166315709,0.0,0.0,0.6868303801050323,0.6868303801050323,0.0,0.0,0.97,0.97,0.96,0.96,32.711670513262376,32.711670513262376,0.0,0.0,65.42334102652475,1570.160184636594,0.158129611793793,5.8673717420869326e-05,0.64
1972-12-25,1973-01-05,463.5928,0.9065907191323836,420.28892993659525,0.63,1972,12,25,1972.12,1972,3,86,13,0.0363129635465218,6.556547466452741,0.0156000955519857,0.56,3,Normal,38,5,4,3,54,104.0,0.2474488205427857,316.28892993659525,316.28892993659525,,2,158.14446496829763,158.14446496829763,0.0,0.0,0.0,0.0,0.0,0.0,0.0,0.0,38.0,5.0,4.0,3.0,54.0,363.28892993659525,990.0,965.4913001847146,24.508699815285357,0.1637476979092003,0.033257785987319,989.8029945161036,0.1769807122296207,0.1769807122296207,0.0,0.0,24.1347136191592,24.1347136191592,24.31169433138882,24.31169433138882,,0.9197689161281204,0.9197689161281204,0.0,0.0,34.4281410848333,34.4281410848333,0.0,0.0,0.7011841361473177,0.7011841361473177,0.0,0.0,0.97,0.97,0.96,0.96,33.3952968522883,33.3952968522883,0.0,0.0,66.7905937045766,1602.9742489098385,0.1589159003418258,5.865821070448128e-05,0.63
1972-12-26,1973-01-06,468.6029,0.9015518661337044,422.4698189706656,0.626,1972,12,26,1972.12,1972,3,87,13,0.0365013923590655,2.180889034070333,0.0051622362974567,0.56,3,Normal,38,5,4,3,54,104.0,0.2461714312596169,318.4698189706656,318.4698189706656,,2,159.2349094853328,159.2349094853328,0.0,0.0,0.0,0.0,0.0,0.0,0.0,0.0,38.0,5.0,4.0,3.0,54.0,365.4698189706656,990.0,965.501114185368,24.49888581463199,0.16451740131539,0.0336939637941331,989.8017886348904,0.1794014990574388,0.1794014990574388,0.0,0.0,24.12127295046505,24.12127295046505,24.30067444952249,24.30067444952249,,0.9201999924575164,0.9201999924575164,0.0,0.0,34.6624641394416,34.6624641394416,0.0,0.0,0.7059564997849612,0.7059564997849612,0.0,0.0,0.97,0.97,0.96,0.96,33.62259021525835,33.62259021525835,0.0,0.0,67.2451804305167,1613.8843303324006,0.1591715606912642,5.865302039178536e-05,0.625
1972-12-27,1973-01-07,473.647,0.9007401735700734,426.6328809909446,0.62,1972,12,27,1972.12,1972,3,88,13,0.0368610809176176,4.163062020279028,0.0097579492949756,0.56,3,Normal,38,5,4,3,54,104.0,0.2437693029155139,322.6328809909446,322.6328809909446,,2,161.3164404954723,161.3164404954723,0.0,0.0,0.0,0.0,0.0,0.0,0.0,0.0,38.0,5.0,4.0,3.0,54.0,369.6328809909446,990.0,965.5198479644592,24.480152035540755,0.1659866750689506,0.0345265761981889,989.7994867487328,0.1841278131395863,0.1841278131395863,0.0,0.0,24.09551097113393,24.09551097113393,24.27963878427352,24.27963878427352,,0.9210235445603216,0.9210235445603216,0.0,0.0,35.10946428731493,35.10946428731493,0.0,0.0,0.7150603724504059,0.7150603724504059,0.0,0.0,0.97,0.97,0.96,0.96,34.05618035869548,34.05618035869548,0.0,0.0,68.11236071739096,1634.6966572173828,0.1596509874231579,5.8642814523936565e-05,0.62
1972-12-28,1973-01-08,478.7252,0.9002196493164109,430.9578316629287,0.615,1972,12,28,1972.12,1972,3,89,13,0.037234756655677,4.324950671984085,0.0100356702076754,0.56,3,Normal,38,5,4,3,54,104.0,0.2413229145846989,326.9578316629287,326.9578316629287,,2,163.47891583146435,163.47891583146435,0.0,0.0,0.0,0.0,0.0,0.0,0.0,0.0,38.0,5.0,4.0,3.0,54.0,373.9578316629287,990.0,965.5393102424832,24.46068975751689,0.1675130843505891,0.0353915663325857,989.7970953493168,0.189101506412368,0.189101506412368,0.0,0.0,24.068683600421327,24.068683600421327,24.25778510683369,24.25778510683369,,0.921880144890208,0.921880144890208,0.0,0.0,35.57355332693169,35.57355332693169,0.0,0.0,0.7245122877175496,0.7245122877175496,0.0,0.0,0.97,0.97,0.96,0.96,34.506346727123734,34.506346727123734,0.0,0.0,69.01269345424747,1656.3046429019391,0.1601379262280708,5.863200318120232e-05,0.615
1972-12-29,1973-01-09,509.9149,0.8935905892579125,455.65515596238953,0.59,1972,12,29,1972.12,1972,3,90,13,0.0393686054751504,24.697324299460824,0.0542017882960143,0.56,3,Normal,38,5,4,3,54,104.0,0.2282427810574019,351.6551559623896,351.6551559623896,,2,175.82757798119476,175.82757798119476,0.0,0.0,0.0,0.0,0.0,0.0,0.0,0.0,38.0,5.0,4.0,3.0,54.0,398.65515596238953,990.0,965.6504482018308,24.349551798169276,0.1762295363754716,0.0403310311924779,989.783439432432,0.2187689449529869,0.2187689449529869,0.0,0.0,23.91422228564832,23.91422228564832,24.132991230601306,24.132991230601306,,0.9262585650184424,0.9262585650184424,0.0,0.0,38.195675221442215,38.195675221442215,0.0,0.0,0.7779159922900655,0.7779159922900655,0.0,0.0,0.97,0.97,0.96,0.96,37.04980496479895,37.04980496479895,0.0,0.0,74.09960992959789,1778.3906383103497,0.1626221254384624,5.853241344951384e-05,0.59
1972-12-30,1973-01-10,570.3586,0.8854392210789449,505.01787451967766,0.547,1972,12,30,1972.12,1972,3,91,13,0.0436335443585001,49.36271855728813,0.097744497864035,0.56,3,Normal,38,5,4,3,54,104.0,0.2059333050318552,401.01787451967766,401.01787451967766,,2,200.50893725983883,200.50893725983883,0.0,0.0,0.0,0.0,0.0,0.0,0.0,0.0,38.0,5.0,4.0,3.0,54.0,448.01787451967766,990.0,965.8725804353384,24.127419564661523,0.1936511713228562,0.0502035749039355,989.7561452537732,0.284455560563139,0.284455560563139,0.0,0.0,23.59910925787168,23.59910925787168,23.88356481843482,23.88356481843482,,0.9340522870334362,0.9340522870334362,0.0,0.0,43.34502260025375,43.34502260025375,0.0,0.0,0.8827906843228869,0.8827906843228869,0.0,0.0,0.9782790684322886,0.9782790684322886,0.96,0.96,42.40352833055273,42.40352833055273,0.0,0.0,84.80705666110546,2035.369359866531,0.1679288218100506,5.874430352365755e-05,0.545
1972-12-31,1973-01-11,499.3804,0.8921883077628417,445.541354005931,0.598,1972,12,31,1972.12,1972,3,92,14,0.0384947729861124,59.47652051374665,0.1334927049509189,0.56,3,Normal,38,5,4,3,54,104.0,0.2334238989600403,341.541354005931,341.541354005931,,2,170.7706770029655,170.7706770029655,0.0,0.0,0.0,0.0,0.0,0.0,0.0,0.0,38.0,5.0,4.0,3.0,54.0,388.541354005931,990.0,965.6049360930268,24.39506390697329,0.172660061865856,0.0383082708011862,989.789031667333,0.2063804518872358,0.2063804518872358,0.0,0.0,23.977715122419063,23.977715122419063,24.184095574306298,24.184095574306298,,0.9244949520886504,0.9244949520886504,0.0,0.0,37.12481856576728,37.12481856576728,0.0,0.0,0.7561062844351788,0.7561062844351788,0.0,0.0,0.97,0.97,0.96,0.96,36.01107400879426,36.01107400879426,0.0,0.0,72.02214801758852,1728.5315524221246,0.1616508711706024,5.857607575907341e-05,0.6
1973-01-01,1973-01-12,494.165,0.8960553284209241,442.799181369126,0.602,1973,1,1,1973.01,1972,4,93,14,0.0382578492702924,2.742172636805037,0.006192813248494,0.68,3,Normal,41,6,4,3,66,120.0,0.2710032110469637,322.799181369126,322.799181369126,,2,161.399590684563,161.399590684563,0.0,0.0,0.0,0.0,0.0,0.0,0.0,0.0,41.0,6.0,4.0,3.0,66.0,373.799181369126,990.0,965.592596316161,24.407403683838996,0.167457091739491,0.0345598362738252,989.7979830719868,0.1843190585744949,0.1843190585744949,0.0,0.0,24.02106769725116,24.02106769725116,24.205386755825657,24.205386755825657,,0.920990082493078,0.920990082493078,0.0,0.0,35.0177622079904,35.0177622079904,0.0,0.0,0.7131927129936945,0.7131927129936945,0.0,0.0,0.97,0.97,0.96,0.96,33.96722934175069,33.96722934175069,0.0,0.0,67.93445868350138,1630.4270084040331,0.1534204703663846,5.845951308674585e-05,0.6
1973-01-02,1973-01-13,488.9841,0.8998924733267547,440.0331111664572,0.609,1973,1,2,1973.01,1972,4,94,14,0.0380188608047818,2.766070202668743,0.0062860501459454,0.68,3,Normal,41,6,4,3,66,120.0,0.2727067508213172,320.0331111664572,320.0331111664572,,2,160.0165555832286,160.0165555832286,0.0,0.0,0.0,0.0,0.0,0.0,0.0,0.0,41.0,6.0,4.0,3.0,66.0,371.0331111664572,990.0,965.580149000249,24.41985099975102,0.1664808597425881,0.0340066222332914,989.799512518024,0.1811380778414258,0.1811380778414258,0.0,0.0,24.03822543993373,24.03822543993373,24.21936351777515,24.21936351777515,,0.9204418205070742,0.9204418205070742,0.0,0.0,34.72181060849229,34.72181060849229,0.0,0.0,0.707165185509008,0.707165185509008,0.0,0.0,0.97,0.97,0.96,0.96,33.68015629023752,33.68015629023752,0.0,0.0,67.36031258047504,1616.647501931401,0.153080099817747,5.846644389645259e-05,0.61
1973-01-03,1973-01-14,488.9841,0.8998924733267547,440.0331111664572,0.609,1973,1,3,1973.01,1972,4,95,14,0.0380188608047818,0.0,0.0,0.68,3,Normal,41,6,4,3,66,120.0,0.2727067508213172,320.0331111664572,320.0331111664572,,2,160.0165555832286,160.0165555832286,0.0,0.0,0.0,0.0,0.0,0.0,0.0,0.0,41.0,6.0,4.0,3.0,66.0,371.0331111664572,990.0,965.580149000249,24.41985099975102,0.1664808597425881,0.0340066222332914,989.799512518024,0.1811380778414258,0.1811380778414258,0.0,0.0,24.03822543993373,24.03822543993373,24.21936351777515,24.21936351777515,,0.9204418205070742,0.9204418205070742,0.0,0.0,34.72181060849229,34.72181060849229,0.0,0.0,0.707165185509008,0.707165185509008,0.0,0.0,0.97,0.97,0.96,0.96,33.68015629023752,33.68015629023752,0.0,0.0,67.36031258047504,1616.647501931401,0.153080099817747,5.846644389645259e-05,0.61
1973-01-04,1973-01-15,499.3804,0.8921883077628417,445.541354005931,0.598,1973,1,4,1973.01,1972,4,96,14,0.0384947729861124,5.50824283947378,0.0123630338462374,0.68,3,Normal,41,6,4,3,66,120.0,0.2693352680308157,325.541354005931,325.541354005931,,2,162.7706770029655,162.7706770029655,0.0,0.0,0.0,0.0,0.0,0.0,0.0,0.0,41.0,6.0,4.0,3.0,66.0,376.541354005931,990.0,965.6049360930268,24.39506390697329,0.1684248895439348,0.0351082708011862,989.7964668396548,0.1874725571068206,0.1874725571068206,0.0,0.0,24.004058189521317,24.004058189521317,24.19153074662813,24.19153074662813,,0.9215340527887382,0.9215340527887382,0.0,0.0,35.311074099957594,35.311074099957594,0.0,0.0,0.7191664786142076,0.7191664786142076,0.0,0.0,0.97,0.97,0.96,0.96,34.25174187695887,34.25174187695887,0.0,0.0,68.50348375391773,1644.0836100940255,0.1537533679825505,5.845262131229167e-05,0.6
1973-01-05,1973-01-16,509.9149,0.8935905892579125,455.65515596238953,0.59,1973,1,5,1973.01,1972,4,97,14,0.0393686054751504,10.113801956458529,0.0221961758231335,0.68,3,Normal,41,6,4,3,66,120.0,0.2633570550662329,335.6551559623896,335.6551559623896,,2,167.82757798119476,167.82757798119476,0.0,0.0,0.0,0.0,0.0,0.0,0.0,0.0,41.0,6.0,4.0,3.0,66.0,386.65515596238953,990.0,965.6504482018308,24.349551798169276,0.1719943640535503,0.0371310311924779,989.790874604754,0.1993296355952435,0.1993296355952435,0.0,0.0,23.941096767327892,23.941096767327892,24.14042640292314,24.14042640292314,,0.9234040843120278,0.9234040843120278,0.0,0.0,36.38629696926064,36.38629696926064,0.0,0.0,0.7410651113902369,0.7410651113902369,0.0,0.0,0.97,0.97,0.96,0.96,35.29470806018281,35.29470806018281,0.0,0.0,70.58941612036563,1694.145986888775,0.1549185062358697,5.8417607464796753e-05,0.59
1973-01-06,1973-01-17,515.2343,0.8913623235036077,459.2604427967548,0.585,1973,1,6,1973.01,1972,4,98,14,0.0396801022576396,3.6052868343653017,0.0078502011024729,0.68,3,Normal,41,6,4,3,66,120.0,0.261289649222208,339.2604427967548,339.2604427967548,,2,169.6302213983774,169.6302213983774,0.0,0.0,0.0,0.0,0.0,0.0,0.0,0.0,41.0,6.0,4.0,3.0,66.0,390.2604427967548,990.0,965.6666719925854,24.333328007414597,0.1732667816380079,0.0378520885593509,989.7888811298026,0.2036199269281381,0.2036199269281381,0.0,0.0,23.91858921028903,23.91858921028903,24.12220913721717,24.12220913721717,,0.9240326142069089,0.9240326142069089,0.0,0.0,36.76755820748906,36.76755820748906,0.0,0.0,0.7488301060588403,0.7488301060588403,0.0,0.0,0.97,0.97,0.96,0.96,35.66453146126439,35.66453146126439,0.0,0.0,71.32906292252878,1711.8975101406909,0.1553128819198029,5.840241327946783e-05,0.585
1973-01-07,1973-01-18,520.5884,0.8885427859104034,462.56506724863937,0.581,1973,1,7,1973.01,1972,4,99,15,0.0399656218102824,3.304624451884536,0.0071441288715133,0.68,3,Normal,41,6,4,3,66,120.0,0.259422962295372,342.56506724863937,342.56506724863937,,2,171.28253362431968,171.28253362431968,0.0,0.0,0.0,0.0,0.0,0.0,0.0,0.0,41.0,6.0,4.0,3.0,66.0,393.56506724863937,990.0,965.6815428026188,24.31845719738112,0.1744330861390884,0.0385130134497278,989.7870539004113,0.20762938204334,0.20762938204334,0.0,0.0,23.897881715749037,23.897881715749037,24.105511097792373,24.105511097792373,,0.9246089098475576,0.9246089098475576,0.0,0.0,37.11669167765392,37.11669167765392,0.0,0.0,0.7559407673656602,0.7559407673656602,0.0,0.0,0.97,0.97,0.96,0.96,36.0031909273243,36.0031909273243,0.0,0.0,72.0063818546486,1728.1531645115665,0.1556675740408722,5.8388244014632025e-05,0.58
1973-01-08,1973-01-19,525.9775,0.8881694527338079,467.1571483252964,0.58,1973,1,8,1973.01,1972,4,100,15,0.0403623776153056,4.592081076657053,0.009829842255693,0.68,3,Normal,41,6,4,3,66,120.0,0.2568728754985039,347.1571483252964,347.1571483252964,,2,173.5785741626482,173.5785741626482,0.0,0.0,0.0,0.0,0.0,0.0,0.0,0.0,41.0,6.0,4.0,3.0,66.0,398.1571483252964,990.0,965.7022071674638,24.29779283253617,0.1760537740287447,0.0394314296650592,989.784514796306,0.2132317209568616,0.2132317209568616,0.0,0.0,23.86907590788541,23.86907590788541,24.082307628842276,24.082307628842276,,0.9254100967256874,0.9254100967256874,0.0,0.0,37.60145542019054,37.60145542019054,0.0,0.0,0.7658137560120273,0.7658137560120273,0.0,0.0,0.97,0.97,0.96,0.96,36.47341175758482,36.47341175758482,0.0,0.0,72.94682351516964,1750.7237643640717,0.1561505026235292,5.8368397798349634e-05,0.58
1973-01-09,1973-01-20,525.9775,0.8881694527338079,467.1571483252964,0.58,1973,1,9,1973.01,1972,4,101,15,0.0403623776153056,0.0,0.0,0.68,3,Normal,41,6,4,3,66,120.0,0.2568728754985039,347.1571483252964,347.1571483252964,,2,173.5785741626482,173.5785741626482,0.0,0.0,0.0,0.0,0.0,0.0,0.0,0.0,41.0,6.0,4.0,3.0,66.0,398.1571483252964,990.0,965.7022071674638,24.29779283253617,0.1760537740287447,0.0394314296650592,989.784514796306,0.2132317209568616,0.2132317209568616,0.0,0.0,23.86907590788541,23.86907590788541,24.082307628842276,24.082307628842276,,0.9254100967256874,0.9254100967256874,0.0,0.0,37.60145542019054,37.60145542019054,0.0,0.0,0.7658137560120273,0.7658137560120273,0.0,0.0,0.97,0.97,0.96,0.96,36.47341175758482,36.47341175758482,0.0,0.0,72.94682351516964,1750.7237643640717,0.1561505026235292,5.8368397798349634e-05,0.58
1973-01-10,1973-01-21,531.4016,0.8847902403509693,470.1789493868897,0.5740000000000001,1973,1,10,1973.01,1972,4,102,15,0.0406234612270272,3.021801061593294,0.0064269169547758,0.68,3,Normal,41,6,4,3,66,120.0,0.2552219748597406,350.1789493868897,350.1789493868897,,2,175.08947469344486,175.08947469344486,0.0,0.0,0.0,0.0,0.0,0.0,0.0,0.0,41.0,6.0,4.0,3.0,66.0,401.1789493868897,990.0,965.715805272241,24.28419472775897,0.1771202613802791,0.0400357898773779,989.7828439487424,0.2169236867336121,0.2169236867336121,0.0,0.0,23.850114989767672,23.850114989767672,24.067038676501284,24.067038676501284,,0.9259375625566462,0.9259375625566462,0.0,0.0,37.920226173262,37.920226173262,0.0,0.0,0.7723060320419959,0.7723060320419959,0.0,0.0,0.97,0.97,0.96,0.96,36.78261938806414,36.78261938806414,0.0,0.0,73.56523877612828,1765.565730627079,0.1564622126789318,5.835527402404611e-05,0.575
1973-01-11,1973-01-22,542.3552,0.8801399653154843,477.3484869166725,0.5650000000000001,1973,1,11,1973.01,1972,4,103,15,0.0412429092696005,7.169537529782815,0.0150195040442944,0.81,4,Mod_Dry,34,5,4,3,45,91.0,0.1906364060935742,386.3484869166725,386.3484869166725,,2,193.17424345833624,193.17424345833624,0.0,0.0,0.0,0.0,0.0,0.0,0.0,0.0,34.0,5.0,4.0,3.0,45.0,429.3484869166725,990.0,965.748068191125,24.25193180887504,0.1870621651859006,0.0472696973833345,989.7656681374308,0.2640339422066746,0.2640339422066746,0.0,0.0,23.753566004099163,23.753566004099163,24.01759994630584,24.01759994630584,,0.9319329381136324,0.9319329381136324,0.0,0.0,41.9373900133408,41.9373900133408,0.0,0.0,0.8541219961983868,0.8541219961983868,0.0,0.0,0.9754121996198386,0.9754121996198386,0.96,0.96,40.9062418392278,40.9062418392278,0.0,0.0,81.81248367845559,1963.4996082829343,0.1713894270554942,5.882173912999839e-05,0.565
1973-01-12,1973-01-23,547.8849,0.8752989863551575,479.5630976092969,0.5630000000000001,1973,1,12,1973.01,1972,4,104,15,0.0414342516334432,2.2146106926243188,0.0046179756191928,0.81,4,Mod_Dry,34,5,4,3,45,91.0,0.1897560518181035,388.5630976092969,388.5630976092969,,2,194.28154880464845,194.28154880464845,0.0,0.0,0.0,0.0,0.0,0.0,0.0,0.0,34.0,5.0,4.0,3.0,45.0,431.5630976092969,990.0,965.7580339392418,24.24196606075816,0.1878437700116701,0.0477126195218593,989.7644436104664,0.2670458127486438,0.2670458127486438,0.0,0.0,23.73936385847603,23.73936385847603,24.006409671224677,24.006409671224677,,0.9322606883784944,0.9322606883784944,0.0,0.0,42.16738845410196,42.16738845410196,0.0,0.0,0.858806282160936,0.858806282160936,0.0,0.0,0.9758806282160936,0.9758806282160936,0.96,0.96,41.15033753482107,41.15033753482107,0.0,0.0,82.30067506964214,1975.2162016714117,0.1716159468481309,5.883548584802399e-05,0.565
1973-01-13,1973-01-24,559.0506,0.8753118667840304,489.3436243127323,0.555,1973,1,13,1973.01,1972,4,105,15,0.04227928914062,9.780526703435443,0.0199870320517037,0.81,4,Mod_Dry,34,5,4,3,45,91.0,0.1859633915284104,398.3436243127323,398.3436243127323,,2,199.17181215636612,199.17181215636612,0.0,0.0,0.0,0.0,0.0,0.0,0.0,0.0,34.0,5.0,4.0,3.0,45.0,441.3436243127323,990.0,965.8020463094072,24.19795369059273,0.1912956213440201,0.0496687248625464,989.7590356537936,0.2806810740378251,0.2806810740378251,0.0,0.0,23.67630827034839,23.67630827034839,23.956989344386216,23.956989344386216,,0.9337074948980044,0.9337074948980044,0.0,0.0,43.18087168710783,43.18087168710783,0.0,0.0,0.879447488535801,0.879447488535801,0.0,0.0,0.97794474885358,0.97794474885358,0.96,0.96,42.228506717327335,42.228506717327335,0.0,0.0,84.45701343465467,2026.968322431712,0.1725924467765813,5.8894582661145e-05,0.555
1973-01-14,1973-01-25,570.3586,0.8854392210789449,505.01787451967766,0.547,1973,1,14,1973.01,1972,4,106,16,0.0436335443585001,15.674250206945374,0.0310370206635817,0.81,4,Mod_Dry,34,5,4,3,45,91.0,0.1801916419028733,414.01787451967766,414.01787451967766,,2,207.00893725983883,207.00893725983883,0.0,0.0,0.0,0.0,0.0,0.0,0.0,0.0,34.0,5.0,4.0,3.0,45.0,457.01787451967766,990.0,965.8725804353384,24.127419564661523,0.1968275505642971,0.0528035749039355,989.7503688745318,0.3032062755439261,0.3032062755439261,0.0,0.0,23.57458216364937,23.57458216364937,23.877788439193296,23.877788439193296,,0.935906638838984,0.935906638838984,0.0,0.0,44.79239942946398,44.79239942946398,0.0,0.0,0.9122688274839914,0.9122688274839914,0.0,0.0,0.98,0.98,0.96,0.96,43.896551440874696,43.896551440874696,0.0,0.0,87.79310288174939,2107.0344691619853,0.1738415753407726,5.890318878381925e-05,0.545
1973-01-15,1973-01-26,576.0661,0.8889914195501405,512.1178199937132,0.544,1973,1,15,1973.01,1972,4,107,16,0.0442469796474568,7.099945474035508,0.0138638906846136,0.81,4,Mod_Dry,34,5,4,3,45,91.0,0.1776934846772508,421.1178199937132,421.1178199937132,,2,210.55890999685656,210.55890999685656,0.0,0.0,0.0,0.0,0.0,0.0,0.0,0.0,34.0,5.0,4.0,3.0,45.0,464.1178199937132,990.0,965.9045301899716,24.09546981002836,0.1993333416108626,0.0542235639987426,989.7464430943904,0.3136767299905698,0.3136767299905698,0.0,0.0,23.52823617442811,23.52823617442811,23.84191290441868,23.84191290441868,,0.9367407305910028,0.9367407305910028,0.0,0.0,45.51149464430907,45.51149464430907,0.0,0.0,0.926914351207924,0.926914351207924,0.0,0.0,0.98,0.98,0.96,0.96,44.60126475142288,44.60126475142288,0.0,0.0,89.20252950284576,2140.860708068298,0.1741836077954499,5.8839781270303575e-05,0.545
1973-01-16,1973-01-27,587.589,0.8901106602929673,523.0192327708844,0.536,1973,1,16,1973.01,1972,4,108,16,0.0451888617114044,10.901412777171233,0.0208432349981032,0.81,4,Mod_Dry,34,5,4,3,45,91.0,0.173989777618491,432.0192327708844,432.0192327708844,,2,216.0096163854422,216.0096163854422,0.0,0.0,0.0,0.0,0.0,0.0,0.0,0.0,34.0,5.0,4.0,3.0,45.0,475.0192327708844,990.0,965.953586547469,24.046413452531056,0.2031807884161721,0.0564038465541768,989.7404153650295,0.3301096184671619,0.3301096184671619,0.0,0.0,23.45671919909356,23.45671919909356,23.78682881756072,23.78682881756072,,0.9380037113146478,0.9380037113146478,0.0,0.0,46.61048380029232,46.61048380029232,0.0,0.0,0.949297022409212,0.949297022409212,0.0,0.0,0.98,0.98,0.96,0.96,45.67827412428647,45.67827412428647,0.0,0.0,91.35654824857292,2192.5571579657503,0.1746714891622215,5.874002135315855e-05,0.535
1973-01-17,1973-01-28,599.256,0.8886339443648977,532.5192229643311,0.53,1973,1,17,1973.01,1972,4,109,16,0.0460096608641182,9.499990193446706,0.017839713166717,0.81,4,Mod_Dry,34,5,4,3,45,91.0,0.1708858498918363,441.5192229643311,441.5192229643311,,3,147.1730743214437,147.1730743214437,147.1730743214437,0.0,0.0,0.0,0.0,0.0,0.0,0.0,34.0,5.0,4.0,3.0,45.0,484.5192229643311,990.0,965.9963365033394,24.00366349666058,0.2065336297099895,0.0583038445928662,989.7351625256972,0.1533199945886028,0.1533199945886028,0.1533199945886028,0.0,23.58550602776918,23.58550602776918,23.58550602776918,23.738826022357784,,0.914734456522244,0.914734456522244,0.914734456522244,0.0,31.139189076749343,31.139189076749343,31.139189076749343,0.0,0.634199370198561,0.634199370198561,0.634199370198561,0.0,0.97,0.97,0.97,0.96,30.205013404446863,30.205013404446863,30.205013404446863,0.0,90.6150402133406,2174.760965120174,0.1701629468114245,5.700962312515029e-05,0.53
1973-01-18,1973-01-29,629.0591,0.8842087083672124,556.2195342976412,0.513,1973,1,18,1973.01,1972,4,110,16,0.0480573677633162,23.700311333310083,0.0426096349946381,0.81,4,Mod_Dry,34,5,4,3,45,91.0,0.1636044662021966,465.2195342976412,465.2195342976412,,3,155.07317809921372,155.07317809921372,155.07317809921372,0.0,0.0,0.0,0.0,0.0,0.0,0.0,34.0,5.0,4.0,3.0,45.0,508.2195342976412,990.0,966.1029879043392,23.89701209566067,0.2153373774425179,0.0630439068595282,989.721618715698,0.1701624553802544,0.1701624553802544,0.1701624553802544,0.0,23.44846835597832,23.44846835597832,23.44846835597832,23.61863081135857,,0.917849678533637,0.917849678533637,0.917849678533637,0.0,32.73116226799022,32.73116226799022,32.73116226799022,0.0,0.6666224494499027,0.6666224494499027,0.6666224494499027,0.0,0.97,0.97,0.97,0.96,31.749227399950517,31.749227399950517,31.749227399950517,0.0,95.24768219985154,2285.944372796437,0.1712411670692657,5.687140704420956e-05,0.515
1973-01-19,1973-01-30,672.3268,0.8764068829576366,589.2318351168824,0.488,1973,1,19,1973.01,1972,4,111,16,0.0509096305540986,33.012300819241204,0.0560259966481491,0.81,4,Mod_Dry,34,5,4,3,45,91.0,0.1544383629271301,498.2318351168824,498.2318351168824,,3,166.07727837229413,166.07727837229413,166.07727837229413,0.0,0.0,0.0,0.0,0.0,0.0,0.0,34.0,5.0,4.0,3.0,45.0,541.2318351168824,990.0,966.251543258026,23.74845674197411,0.23409794290392,0.0696463670233764,989.6962556900728,0.19516392252606,0.19516392252606,0.19516392252606,0.0,23.249548509520853,23.249548509520853,23.249548509520853,23.444712432046916,,0.9221547047914692,0.9221547047914692,0.9221547047914692,0.0,34.91943664094287,34.91943664094287,34.91943664094287,0.0,0.7111901556200176,0.7111901556200176,0.7111901556200176,0.0,0.97,0.97,0.97,0.96,33.871853541714586,33.871853541714586,33.871853541714586,0.0,101.61556062514376,2438.77345500345,0.1724542948447225,5.665343446284138e-05,0.49
1973-01-20,1973-01-31,672.3268,0.8764068829576366,589.2318351168824,0.488,1973,1,20,1973.01,1972,4,112,16,0.0509096305540986,0.0,0.0,0.81,4,Mod_Dry,34,5,4,3,45,91.0,0.1544383629271301,498.2318351168824,498.2318351168824,,3,166.07727837229413,166.07727837229413,166.07727837229413,0.0,0.0,0.0,0.0,0.0,0.0,0.0,34.0,5.0,4.0,3.0,45.0,541.2318351168824,990.0,966.251543258026,23.74845674197411,0.23409794290392,0.0696463670233764,989.6962556900728,0.19516392252606,0.19516392252606,0.19516392252606,0.0,23.249548509520853,23.249548509520853,23.249548509520853,23.444712432046916,,0.9221547047914692,0.9221547047914692,0.9221547047914692,0.0,34.91943664094287,34.91943664094287,34.91943664094287,0.0,0.7111901556200176,0.7111901556200176,0.7111901556200176,0.0,0.97,0.97,0.97,0.96,33.871853541714586,33.871853541714586,33.871853541714586,0.0,101.61556062514376,2438.77345500345,0.1724542948447225,5.665343446284138e-05,0.49
1973-01-21,1973-02-01,672.3268,0.8764068829576366,589.2318351168824,0.488,1973,1,21,1973.01,1972,4,113,17,0.0509096305540986,0.0,0.0,0.75,4,Mod_Dry,34,5,4,3,45,91.0,0.1544383629271301,498.2318351168824,498.2318351168824,,3,166.07727837229413,166.07727837229413,166.07727837229413,0.0,0.0,0.0,0.0,0.0,0.0,0.0,34.0,5.0,4.0,3.0,45.0,541.2318351168824,990.0,966.251543258026,23.74845674197411,0.23409794290392,0.0696463670233764,989.6962556900728,0.19516392252606,0.19516392252606,0.19516392252606,0.0,23.249548509520853,23.249548509520853,23.249548509520853,23.444712432046916,,0.9221547047914692,0.9221547047914692,0.9221547047914692,0.0,34.91943664094287,34.91943664094287,34.91943664094287,0.0,0.7111901556200176,0.7111901556200176,0.7111901556200176,0.0,0.97,0.97,0.97,0.96,33.871853541714586,33.871853541714586,33.871853541714586,0.0,101.61556062514376,2438.77345500345,0.1724542948447225,5.665343446284138e-05,0.49
1973-01-22,1973-02-02,672.3268,0.8764068829576366,589.2318351168824,0.488,1973,1,22,1973.01,1972,4,114,17,0.0509096305540986,0.0,0.0,0.75,4,Mod_Dry,34,5,4,3,45,91.0,0.1544383629271301,498.2318351168824,498.2318351168824,,3,166.07727837229413,166.07727837229413,166.07727837229413,0.0,0.0,0.0,0.0,0.0,0.0,0.0,34.0,5.0,4.0,3.0,45.0,541.2318351168824,990.0,966.251543258026,23.74845674197411,0.23409794290392,0.0696463670233764,989.6962556900728,0.19516392252606,0.19516392252606,0.19516392252606,0.0,23.249548509520853,23.249548509520853,23.249548509520853,23.444712432046916,,0.9221547047914692,0.9221547047914692,0.9221547047914692,0.0,34.91943664094287,34.91943664094287,34.91943664094287,0.0,0.7111901556200176,0.7111901556200176,0.7111901556200176,0.0,0.97,0.97,0.97,0.96,33.871853541714586,33.871853541714586,33.871853541714586,0.0,101.61556062514376,2438.77345500345,0.1724542948447225,5.665343446284138e-05,0.49
1973-01-23,1973-02-03,672.3268,0.8764068829576366,589.2318351168824,0.488,1973,1,23,1973.01,1972,4,115,17,0.0509096305540986,0.0,0.0,0.75,4,Mod_Dry,34,5,4,3,45,91.0,0.1544383629271301,498.2318351168824,498.2318351168824,,3,166.07727837229413,166.07727837229413,166.07727837229413,0.0,0.0,0.0,0.0,0.0,0.0,0.0,34.0,5.0,4.0,3.0,45.0,541.2318351168824,990.0,966.251543258026,23.74845674197411,0.23409794290392,0.0696463670233764,989.6962556900728,0.19516392252606,0.19516392252606,0.19516392252606,0.0,23.249548509520853,23.249548509520853,23.249548509520853,23.444712432046916,,0.9221547047914692,0.9221547047914692,0.9221547047914692,0.0,34.91943664094287,34.91943664094287,34.91943664094287,0.0,0.7111901556200176,0.7111901556200176,0.7111901556200176,0.0,0.97,0.97,0.97,0.96,33.871853541714586,33.871853541714586,33.871853541714586,0.0,101.61556062514376,2438.77345500345,0.1724542948447225,5.665343446284138e-05,0.49
1973-01-24,1973-02-04,672.3268,0.8764068829576366,589.2318351168824,0.488,1973,1,24,1973.01,1972,4,116,17,0.0509096305540986,0.0,0.0,0.75,4,Mod_Dry,34,5,4,3,45,91.0,0.1544383629271301,498.2318351168824,498.2318351168824,,3,166.07727837229413,166.07727837229413,166.07727837229413,0.0,0.0,0.0,0.0,0.0,0.0,0.0,34.0,5.0,4.0,3.0,45.0,541.2318351168824,990.0,966.251543258026,23.74845674197411,0.23409794290392,0.0696463670233764,989.6962556900728,0.19516392252606,0.19516392252606,0.19516392252606,0.0,23.249548509520853,23.249548509520853,23.249548509520853,23.444712432046916,,0.9221547047914692,0.9221547047914692,0.9221547047914692,0.0,34.91943664094287,34.91943664094287,34.91943664094287,0.0,0.7111901556200176,0.7111901556200176,0.7111901556200176,0.0,0.97,0.97,0.97,0.96,33.871853541714586,33.871853541714586,33.871853541714586,0.0,101.61556062514376,2438.77345500345,0.1724542948447225,5.665343446284138e-05,0.49
1973-01-25,1973-02-05,672.3268,0.8764068829576366,589.2318351168824,0.488,1973,1,25,1973.01,1972,4,117,17,0.0509096305540986,0.0,0.0,0.75,4,Mod_Dry,34,5,4,3,45,91.0,0.1544383629271301,498.2318351168824,498.2318351168824,,3,166.07727837229413,166.07727837229413,166.07727837229413,0.0,0.0,0.0,0.0,0.0,0.0,0.0,34.0,5.0,4.0,3.0,45.0,541.2318351168824,990.0,966.251543258026,23.74845674197411,0.23409794290392,0.0696463670233764,989.6962556900728,0.19516392252606,0.19516392252606,0.19516392252606,0.0,23.249548509520853,23.249548509520853,23.249548509520853,23.444712432046916,,0.9221547047914692,0.9221547047914692,0.9221547047914692,0.0,34.91943664094287,34.91943664094287,34.91943664094287,0.0,0.7111901556200176,0.7111901556200176,0.7111901556200176,0.0,0.97,0.97,0.97,0.96,33.871853541714586,33.871853541714586,33.871853541714586,0.0,101.61556062514376,2438.77345500345,0.1724542948447225,5.665343446284138e-05,0.49
1973-01-26,1973-02-06,672.3268,0.8764068829576366,589.2318351168824,0.488,1973,1,26,1973.01,1972,4,118,17,0.0509096305540986,0.0,0.0,0.75,4,Mod_Dry,34,5,4,3,45,91.0,0.1544383629271301,498.2318351168824,498.2318351168824,,3,166.07727837229413,166.07727837229413,166.07727837229413,0.0,0.0,0.0,0.0,0.0,0.0,0.0,34.0,5.0,4.0,3.0,45.0,541.2318351168824,990.0,966.251543258026,23.74845674197411,0.23409794290392,0.0696463670233764,989.6962556900728,0.19516392252606,0.19516392252606,0.19516392252606,0.0,23.249548509520853,23.249548509520853,23.249548509520853,23.444712432046916,,0.9221547047914692,0.9221547047914692,0.9221547047914692,0.0,34.91943664094287,34.91943664094287,34.91943664094287,0.0,0.7111901556200176,0.7111901556200176,0.7111901556200176,0.0,0.97,0.97,0.97,0.96,33.871853541714586,33.871853541714586,33.871853541714586,0.0,101.61556062514376,2438.77345500345,0.1724542948447225,5.665343446284138e-05,0.49
1973-01-27,1973-02-07,672.3268,0.8764068829576366,589.2318351168824,0.488,1973,1,27,1973.01,1972,4,119,17,0.0509096305540986,0.0,0.0,0.75,4,Mod_Dry,34,5,4,3,45,91.0,0.1544383629271301,498.2318351168824,498.2318351168824,,3,166.07727837229413,166.07727837229413,166.07727837229413,0.0,0.0,0.0,0.0,0.0,0.0,0.0,34.0,5.0,4.0,3.0,45.0,541.2318351168824,990.0,966.251543258026,23.74845674197411,0.23409794290392,0.0696463670233764,989.6962556900728,0.19516392252606,0.19516392252606,0.19516392252606,0.0,23.249548509520853,23.249548509520853,23.249548509520853,23.444712432046916,,0.9221547047914692,0.9221547047914692,0.9221547047914692,0.0,34.91943664094287,34.91943664094287,34.91943664094287,0.0,0.7111901556200176,0.7111901556200176,0.7111901556200176,0.0,0.97,0.97,0.97,0.96,33.871853541714586,33.871853541714586,33.871853541714586,0.0,101.61556062514376,2438.77345500345,0.1724542948447225,5.665343446284138e-05,0.49
1973-01-28,1973-02-08,672.3268,0.8764068829576366,589.2318351168824,0.488,1973,1,28,1973.01,1972,4,120,18,0.0509096305540986,0.0,0.0,0.75,4,Mod_Dry,34,5,4,3,45,91.0,0.1544383629271301,498.2318351168824,498.2318351168824,,3,166.07727837229413,166.07727837229413,166.07727837229413,0.0,0.0,0.0,0.0,0.0,0.0,0.0,34.0,5.0,4.0,3.0,45.0,541.2318351168824,990.0,966.251543258026,23.74845674197411,0.23409794290392,0.0696463670233764,989.6962556900728,0.19516392252606,0.19516392252606,0.19516392252606,0.0,23.249548509520853,23.249548509520853,23.249548509520853,23.444712432046916,,0.9221547047914692,0.9221547047914692,0.9221547047914692,0.0,34.91943664094287,34.91943664094287,34.91943664094287,0.0,0.7111901556200176,0.7111901556200176,0.7111901556200176,0.0,0.97,0.97,0.97,0.96,33.871853541714586,33.871853541714586,33.871853541714586,0.0,101.61556062514376,2438.77345500345,0.1724542948447225,5.665343446284138e-05,0.49
1973-01-29,1973-02-09,685.0236,0.878477532975807,601.777842158206,0.482,1973,1,29,1973.01,1972,4,121,18,0.051993605562469,12.546007041323604,0.0208482369445987,0.75,4,Mod_Dry,34,5,4,3,45,91.0,0.1512185953434894,510.777842158206,510.777842158206,,3,170.259280719402,170.259280719402,170.259280719402,0.0,0.0,0.0,0.0,0.0,0.0,0.0,34.0,5.0,4.0,3.0,45.0,553.777842158206,990.0,966.3071113686328,23.69288863136717,0.2412277151565943,0.0743111368632824,989.6844611479802,0.2051326449553408,0.2051326449553408,0.2051326449553408,0.0,23.17221713439201,23.17221713439201,23.17221713439201,23.377349779347355,,0.923600944238205,0.923600944238205,0.923600944238205,0.0,35.73563070486856,35.73563070486856,35.73563070486856,0.0,0.7278132526449809,0.7278132526449809,0.7278132526449809,0.0,0.97,0.97,0.97,0.96,34.66356178372251,34.66356178372251,34.66356178372251,0.0,103.99068535116751,2495.776448428021,0.1728057732704432,5.655355244930204e-05,0.48
1973-01-30,1973-02-10,691.4282,0.8804892019345739,608.7950640130589,0.48,1973,1,30,1973.01,1972,4,122,18,0.0525998935307282,7.017221854852892,0.0115264105602248,0.75,4,Mod_Dry,34,5,4,3,45,91.0,0.1494755877292198,517.7950640130589,517.7950640130589,,3,172.59835467101962,172.59835467101962,172.59835467101962,0.0,0.0,0.0,0.0,0.0,0.0,0.0,34.0,5.0,4.0,3.0,45.0,560.7950640130589,990.0,966.3351802560522,23.66481974394776,0.2452155332334374,0.0771180256052235,989.6776664411613,0.2108399853972878,0.2108399853972878,0.2108399853972878,0.0,23.13164619971172,23.13164619971172,23.13164619971172,23.34248618510901,,0.9244131832945128,0.9244131832945128,0.9244131832945128,0.0,36.194953451315584,36.194953451315584,36.194953451315584,0.0,0.7371680947314783,0.7371680947314783,0.7371680947314783,0.0,0.97,0.97,0.97,0.96,35.10910484777612,35.10910484777612,35.10910484777612,0.0,105.32731454332836,2527.8555490398803,0.1730094752231254,5.650418361734109e-05,0.48
1973-01-31,1973-02-11,691.4282,0.8804892019345739,608.7950640130589,0.48,1973,1,31,1973.01,1972,4,123,18,0.0525998935307282,0.0,0.0,0.75,4,Mod_Dry,34,5,4,3,45,91.0,0.1494755877292198,517.7950640130589,517.7950640130589,,3,172.59835467101962,172.59835467101962,172.59835467101962,0.0,0.0,0.0,0.0,0.0,0.0,0.0,34.0,5.0,4.0,3.0,45.0,560.7950640130589,990.0,966.3351802560522,23.66481974394776,0.2452155332334374,0.0771180256052235,989.6776664411613,0.2108399853972878,0.2108399853972878,0.2108399853972878,0.0,23.13164619971172,23.13164619971172,23.13164619971172,23.34248618510901,,0.9244131832945128,0.9244131832945128,0.9244131832945128,0.0,36.194953451315584,36.194953451315584,36.194953451315584,0.0,0.7371680947314783,0.7371680947314783,0.7371680947314783,0.0,0.97,0.97,0.97,0.96,35.10910484777612,35.10910484777612,35.10910484777612,0.0,105.32731454332836,2527.8555490398803,0.1730094752231254,5.650418361734109e-05,0.48
1973-02-01,1973-02-12,691.4282,0.8804892019345739,608.7950640130589,0.48,1973,2,1,1973.02,1972,5,124,18,0.0525998935307282,0.0,0.0,0.84,4,Mod_Dry,36,6,5,4,54,105.0,0.1724718319952536,503.7950640130589,503.7950640130589,,3,167.93168800435296,167.93168800435296,167.93168800435296,0.0,0.0,0.0,0.0,0.0,0.0,0.0,36.0,6.0,5.0,4.0,54.0,550.7950640130589,990.0,966.3351802560522,23.66481974394776,0.2395326317101156,0.0715180256052235,989.6889493426849,0.19957741745036,0.19957741745036,0.19957741745036,0.0,23.154191669182136,23.154191669182136,23.154191669182136,23.353769086632497,,0.92274139310131,0.92274139310131,0.92274139310131,0.0,35.186897826751675,35.186897826751675,35.186897826751675,0.0,0.7166374302800749,0.7166374302800749,0.7166374302800749,0.0,0.97,0.97,0.97,0.96,34.13129089194912,34.13129089194912,34.13129089194912,0.0,102.39387267584736,2457.4529442203366,0.1681910362427823,5.6456969195752845e-05,0.48
1973-02-02,1973-02-13,697.8704,0.8821520065429723,615.6277736669467,0.475,1973,2,2,1973.02,1972,5,125,18,0.0531902396448241,6.832709653887832,0.0110987677069688,0.84,4,Mod_Dry,36,6,5,4,54,105.0,0.170557607195943,510.6277736669467,510.6277736669467,,3,170.20925788898225,170.20925788898225,170.20925788898225,0.0,0.0,0.0,0.0,0.0,0.0,0.0,36.0,6.0,5.0,4.0,54.0,557.6277736669467,990.0,966.3625110946678,23.637488905332248,0.2434155933201651,0.0742511094667787,989.6823332972132,0.2050105892491167,0.2050105892491167,0.2050105892491167,0.0,23.114811613296197,23.114811613296197,23.114811613296197,23.31982220254531,,0.923532197774109,0.923532197774109,0.923532197774109,0.0,35.633975504620814,35.633975504620814,35.633975504620814,0.0,0.7257428819678373,0.7257428819678373,0.7257428819678373,0.0,0.97,0.97,0.97,0.96,34.564956239482186,34.564956239482186,34.564956239482186,0.0,103.69486871844656,2488.6768492427173,0.1684376065439589,5.64092508966341e-05,0.475
1973-02-03,1973-02-14,717.4235,0.8782993569127185,630.1125986840717,0.468,1973,2,3,1973.02,1972,5,126,18,0.0544417285263038,14.484825017124992,0.0229876771982898,0.84,4,Mod_Dry,36,6,5,4,54,105.0,0.1666368839780099,525.1125986840717,525.1125986840717,,3,175.03753289469057,175.03753289469057,175.03753289469057,0.0,0.0,0.0,0.0,0.0,0.0,0.0,36.0,6.0,5.0,4.0,54.0,572.1125986840717,990.0,966.4204503947362,23.579549605263765,0.2516471767356519,0.0800450394736286,989.6683077837909,0.2167938322367264,0.2167938322367264,0.2167938322367264,0.0,23.031063556817777,23.031063556817777,23.031063556817777,23.247857389054506,,0.9252104903367518,0.9252104903367518,0.9252104903367518,0.0,36.578376437452285,36.578376437452285,36.578376437452285,0.0,0.7449771168523887,0.7449771168523887,0.7449771168523887,0.0,0.97,0.97,0.97,0.96,35.48102514432872,35.48102514432872,35.48102514432872,0.0,106.44307543298616,2554.633810391668,0.168927070582753,5.630701115856533e-05,0.47
1973-02-04,1973-02-15,730.6486,0.8864028278959922,647.6489852382476,0.462,1973,2,4,1973.02,1972,5,127,19,0.0559568723245846,17.53638655417592,0.0270769922502463,0.84,4,Mod_Dry,36,6,5,4,54,105.0,0.1621248583619322,542.6489852382476,542.6489852382476,,3,180.88299507941588,180.88299507941588,180.88299507941588,0.0,0.0,0.0,0.0,0.0,0.0,0.0,36.0,6.0,5.0,4.0,54.0,589.6489852382476,990.0,966.490595940953,23.50940405904703,0.2616129325218804,0.087059594095299,989.6513274733828,0.2314781273048929,0.2314781273048929,0.2314781273048929,0.0,22.92925340512496,22.92925340512496,22.92925340512496,23.16073153242985,,0.9271608722799995,0.9271608722799995,0.9271608722799995,0.0,37.71216361324521,37.71216361324521,37.71216361324521,0.0,0.7680685053614096,0.7680685053614096,0.7680685053614096,0.0,0.97,0.97,0.97,0.96,36.58079870484785,36.58079870484785,36.58079870484785,0.0,109.74239611454357,2633.817506749045,0.1694473373939945,5.617627554822142e-05,0.46
1973-02-05,1973-02-16,730.6486,0.8864028278959922,647.6489852382476,0.462,1973,2,5,1973.02,1972,5,128,19,0.0559568723245846,0.0,0.0,0.84,4,Mod_Dry,36,6,5,4,54,105.0,0.1621248583619322,542.6489852382476,542.6489852382476,,3,180.88299507941588,180.88299507941588,180.88299507941588,0.0,0.0,0.0,0.0,0.0,0.0,0.0,36.0,6.0,5.0,4.0,54.0,589.6489852382476,990.0,966.490595940953,23.50940405904703,0.2616129325218804,0.087059594095299,989.6513274733828,0.2314781273048929,0.2314781273048929,0.2314781273048929,0.0,22.92925340512496,22.92925340512496,22.92925340512496,23.16073153242985,,0.9271608722799995,0.9271608722799995,0.9271608722799995,0.0,37.71216361324521,37.71216361324521,37.71216361324521,0.0,0.7680685053614096,0.7680685053614096,0.7680685053614096,0.0,0.97,0.97,0.97,0.96,36.58079870484785,36.58079870484785,36.58079870484785,0.0,109.74239611454357,2633.817506749045,0.1694473373939945,5.617627554822142e-05,0.46
1973-02-06,1973-02-17,730.6486,0.8864028278959922,647.6489852382476,0.462,1973,2,6,1973.02,1972,5,129,19,0.0559568723245846,0.0,0.0,0.84,4,Mod_Dry,36,6,5,4,54,105.0,0.1621248583619322,542.6489852382476,542.6489852382476,,3,180.88299507941588,180.88299507941588,180.88299507941588,0.0,0.0,0.0,0.0,0.0,0.0,0.0,36.0,6.0,5.0,4.0,54.0,589.6489852382476,990.0,966.490595940953,23.50940405904703,0.2616129325218804,0.087059594095299,989.6513274733828,0.2314781273048929,0.2314781273048929,0.2314781273048929,0.0,22.92925340512496,22.92925340512496,22.92925340512496,23.16073153242985,,0.9271608722799995,0.9271608722799995,0.9271608722799995,0.0,37.71216361324521,37.71216361324521,37.71216361324521,0.0,0.7680685053614096,0.7680685053614096,0.7680685053614096,0.0,0.97,0.97,0.97,0.96,36.58079870484785,36.58079870484785,36.58079870484785,0.0,109.74239611454357,2633.817506749045,0.1694473373939945,5.617627554822142e-05,0.46
1973-02-07,1973-02-18,730.6486,0.8864028278959922,647.6489852382476,0.462,1973,2,7,1973.02,1972,5,130,19,0.0559568723245846,0.0,0.0,0.84,4,Mod_Dry,36,6,5,4,54,105.0,0.1621248583619322,542.6489852382476,542.6489852382476,,3,180.88299507941588,180.88299507941588,180.88299507941588,0.0,0.0,0.0,0.0,0.0,0.0,0.0,36.0,6.0,5.0,4.0,54.0,589.6489852382476,990.0,966.490595940953,23.50940405904703,0.2616129325218804,0.087059594095299,989.6513274733828,0.2314781273048929,0.2314781273048929,0.2314781273048929,0.0,22.92925340512496,22.92925340512496,22.92925340512496,23.16073153242985,,0.9271608722799995,0.9271608722799995,0.9271608722799995,0.0,37.71216361324521,37.71216361324521,37.71216361324521,0.0,0.7680685053614096,0.7680685053614096,0.7680685053614096,0.0,0.97,0.97,0.97,0.96,36.58079870484785,36.58079870484785,36.58079870484785,0.0,109.74239611454357,2633.817506749045,0.1694473373939945,5.617627554822142e-05,0.46
1973-02-08,1973-02-19,737.3183,0.8872912629151888,654.21608557748,0.458,1973,2,8,1973.02,1972,5,131,19,0.0565242697938942,6.567100339232411,0.0100381211712879,0.84,4,Mod_Dry,36,6,5,4,54,105.0,0.1604974293888172,549.21608557748,549.21608557748,,3,183.07202852582668,183.07202852582668,183.07202852582668,0.0,0.0,0.0,0.0,0.0,0.0,0.0,36.0,6.0,5.0,4.0,54.0,596.21608557748,990.0,966.51686434231,23.483135657690127,0.2653449509740435,0.089686434230992,989.644968614795,0.2371258335966328,0.2371258335966328,0.2371258335966328,0.0,22.890978438888443,22.890978438888443,22.890978438888443,23.128104272485075,,0.9278827199301298,0.9278827199301298,0.9278827199301298,0.0,38.134507017223534,38.134507017223534,38.134507017223534,0.0,0.7766702040167726,0.7766702040167726,0.7766702040167726,0.0,0.97,0.97,0.97,0.96,36.99047180670683,36.99047180670683,36.99047180670683,0.0,110.97141542012048,2663.3139700828915,0.1696250181958846,5.612616596952718e-05,0.46
1973-02-09,1973-02-20,730.6486,0.8864028278959922,647.6489852382476,0.462,1973,2,9,1973.02,1972,5,132,19,0.0559568723245846,6.567100339232411,0.0101399067842538,0.84,4,Mod_Dry,36,6,5,4,54,105.0,0.1621248583619322,542.6489852382476,542.6489852382476,,3,180.88299507941588,180.88299507941588,180.88299507941588,0.0,0.0,0.0,0.0,0.0,0.0,0.0,36.0,6.0,5.0,4.0,54.0,589.6489852382476,990.0,966.490595940953,23.50940405904703,0.2616129325218804,0.087059594095299,989.6513274733828,0.2314781273048929,0.2314781273048929,0.2314781273048929,0.0,22.92925340512496,22.92925340512496,22.92925340512496,23.16073153242985,,0.9271608722799995,0.9271608722799995,0.9271608722799995,0.0,37.71216361324521,37.71216361324521,37.71216361324521,0.0,0.7680685053614096,0.7680685053614096,0.7680685053614096,0.0,0.97,0.97,0.97,0.96,36.58079870484785,36.58079870484785,36.58079870484785,0.0,109.74239611454357,2633.817506749045,0.1694473373939945,5.617627554822142e-05,0.46
1973-02-10,1973-02-21,737.3183,0.8872912629151888,654.21608557748,0.458,1973,2,10,1973.02,1972,5,133,19,0.0565242697938942,6.567100339232411,0.0100381211712879,0.84,4,Mod_Dry,36,6,5,4,54,105.0,0.1604974293888172,549.21608557748,549.21608557748,,3,183.07202852582668,183.07202852582668,183.07202852582668,0.0,0.0,0.0,0.0,0.0,0.0,0.0,36.0,6.0,5.0,4.0,54.0,596.21608557748,990.0,966.51686434231,23.483135657690127,0.2653449509740435,0.089686434230992,989.644968614795,0.2371258335966328,0.2371258335966328,0.2371258335966328,0.0,22.890978438888443,22.890978438888443,22.890978438888443,23.128104272485075,,0.9278827199301298,0.9278827199301298,0.9278827199301298,0.0,38.134507017223534,38.134507017223534,38.134507017223534,0.0,0.7766702040167726,0.7766702040167726,0.7766702040167726,0.0,0.97,0.97,0.97,0.96,36.99047180670683,36.99047180670683,36.99047180670683,0.0,110.97141542012048,2663.3139700828915,0.1696250181958846,5.612616596952718e-05,0.46
1973-02-11,1973-02-22,757.5572,0.8885900059140133,673.1577568282033,0.45,1973,2,11,1973.02,1972,5,134,20,0.0581608301899567,18.94167125072329,0.0281385322513001,0.85,4,Mod_Dry,36,6,5,4,54,105.0,0.1559812672957092,568.1577568282033,568.1577568282033,,3,189.38591894273443,189.38591894273443,189.38591894273443,0.0,0.0,0.0,0.0,0.0,0.0,0.0,36.0,6.0,5.0,4.0,54.0,615.1577568282033,990.0,966.5926310273128,23.40736897268721,0.276109316214543,0.0972631027312813,989.6266275810542,0.2537665443876736,0.2537665443876736,0.2537665443876736,0.0,22.780230009353744,22.780230009353744,22.780230009353744,23.033996553741417,,0.9297636621696976,0.9297636621696976,0.9297636621696976,0.0,39.33843320299199,39.33843320299199,39.33843320299199,0.0,0.8011900856006514,0.8011900856006514,0.8011900856006514,0.0,0.9701190085600652,0.9701190085600652,0.9701190085600652,0.96,38.16296181719294,38.16296181719294,38.16296181719294,0.0,114.4888854515788,2747.733250837892,0.1700773470858147,5.59747144147684e-05,0.45
1973-02-12,1973-02-23,771.2422,0.8877747482097623,684.6893499137433,0.444,1973,2,12,1973.02,1972,5,135,20,0.0591571598325474,11.531593085539953,0.0168420804076953,0.85,4,Mod_Dry,36,6,5,4,54,105.0,0.1533542182498206,579.6893499137433,579.6893499137433,,3,193.2297833045811,193.2297833045811,193.2297833045811,0.0,0.0,0.0,0.0,0.0,0.0,0.0,36.0,6.0,5.0,4.0,54.0,626.6893499137433,990.0,966.6387573996548,23.36124260034512,0.2826626070057572,0.1018757399654973,989.6154616530288,0.2641850105884606,0.2641850105884606,0.2641850105884606,0.0,22.71251924278544,22.71251924278544,22.71251924278544,22.976704253373896,,0.9308807532401112,0.9308807532401112,0.9308807532401112,0.0,40.06564379339573,40.06564379339573,40.06564379339573,0.0,0.8160008919225199,0.8160008919225199,0.8160008919225199,0.0,0.971600089192252,0.971600089192252,0.971600089192252,0.96,38.92778308320828,38.92778308320828,38.92778308320828,0.0,116.78334924962483,2802.8003819909964,0.1705639926549713,5.596069557053945e-05,0.445
1973-02-13,1973-02-24,806.1332,0.8935666243082664,720.3337222668207,0.431,1973,2,13,1973.02,1972,5,136,20,0.0622368336038533,35.64437235307741,0.0494831371227602,0.85,4,Mod_Dry,36,6,5,4,54,105.0,0.145765770439811,615.3337222668207,615.3337222668207,,3,205.1112407556069,205.1112407556069,205.1112407556069,0.0,0.0,0.0,0.0,0.0,0.0,0.0,36.0,6.0,5.0,4.0,54.0,662.3337222668207,990.0,966.7813348890672,23.21866511093276,0.3029189528000723,0.1146001166800462,989.58248093052,0.2976270478214843,0.2976270478214843,0.2976270478214843,0.0,22.50351899363114,22.50351899363114,22.50351899363114,22.801146041452625,,0.9344940381454218,0.9344940381454218,0.9344940381454218,0.0,42.30143814807342,42.30143814807342,42.30143814807342,0.0,0.861536418494367,0.861536418494367,0.861536418494367,0.0,0.9761536418494366,0.9761536418494366,0.9761536418494366,0.96,41.29270290371056,41.29270290371056,41.29270290371056,0.0,123.87810871113167,2973.0746090671605,0.1719732186371883,5.5921826657455706e-05,0.43
1973-02-14,1973-02-25,806.1332,0.8935666243082664,720.3337222668207,0.431,1973,2,14,1973.02,1972,5,137,20,0.0622368336038533,0.0,0.0,0.85,4,Mod_Dry,36,6,5,4,54,105.0,0.145765770439811,615.3337222668207,615.3337222668207,,3,205.1112407556069,205.1112407556069,205.1112407556069,0.0,0.0,0.0,0.0,0.0,0.0,0.0,36.0,6.0,5.0,4.0,54.0,662.3337222668207,990.0,966.7813348890672,23.21866511093276,0.3029189528000723,0.1146001166800462,989.58248093052,0.2976270478214843,0.2976270478214843,0.2976270478214843,0.0,22.50351899363114,22.50351899363114,22.50351899363114,22.801146041452625,,0.9344940381454218,0.9344940381454218,0.9344940381454218,0.0,42.30143814807342,42.30143814807342,42.30143814807342,0.0,0.861536418494367,0.861536418494367,0.861536418494367,0.0,0.9761536418494366,0.9761536418494366,0.9761536418494366,0.96,41.29270290371056,41.29270290371056,41.29270290371056,0.0,123.87810871113167,2973.0746090671605,0.1719732186371883,5.5921826657455706e-05,0.43
1973-02-15,1973-02-26,806.1332,0.8935666243082664,720.3337222668207,0.431,1973,2,15,1973.02,1972,5,138,20,0.0622368336038533,0.0,0.0,0.85,4,Mod_Dry,36,6,5,4,54,105.0,0.145765770439811,615.3337222668207,615.3337222668207,,3,205.1112407556069,205.1112407556069,205.1112407556069,0.0,0.0,0.0,0.0,0.0,0.0,0.0,36.0,6.0,5.0,4.0,54.0,662.3337222668207,990.0,966.7813348890672,23.21866511093276,0.3029189528000723,0.1146001166800462,989.58248093052,0.2976270478214843,0.2976270478214843,0.2976270478214843,0.0,22.50351899363114,22.50351899363114,22.50351899363114,22.801146041452625,,0.9344940381454218,0.9344940381454218,0.9344940381454218,0.0,42.30143814807342,42.30143814807342,42.30143814807342,0.0,0.861536418494367,0.861536418494367,0.861536418494367,0.0,0.9761536418494366,0.9761536418494366,0.9761536418494366,0.96,41.29270290371056,41.29270290371056,41.29270290371056,0.0,123.87810871113167,2973.0746090671605,0.1719732186371883,5.5921826657455706e-05,0.43
1973-02-16,1973-02-27,806.1332,0.8935666243082664,720.3337222668207,0.431,1973,2,16,1973.02,1972,5,139,20,0.0622368336038533,0.0,0.0,0.85,4,Mod_Dry,36,6,5,4,54,105.0,0.145765770439811,615.3337222668207,615.3337222668207,,3,205.1112407556069,205.1112407556069,205.1112407556069,0.0,0.0,0.0,0.0,0.0,0.0,0.0,36.0,6.0,5.0,4.0,54.0,662.3337222668207,990.0,966.7813348890672,23.21866511093276,0.3029189528000723,0.1146001166800462,989.58248093052,0.2976270478214843,0.2976270478214843,0.2976270478214843,0.0,22.50351899363114,22.50351899363114,22.50351899363114,22.801146041452625,,0.9344940381454218,0.9344940381454218,0.9344940381454218,0.0,42.30143814807342,42.30143814807342,42.30143814807342,0.0,0.861536418494367,0.861536418494367,0.861536418494367,0.0,0.9761536418494366,0.9761536418494366,0.9761536418494366,0.96,41.29270290371056,41.29270290371056,41.29270290371056,0.0,123.87810871113167,2973.0746090671605,0.1719732186371883,5.5921826657455706e-05,0.43
1973-02-17,1973-02-28,806.1332,0.8935666243082664,720.3337222668207,0.431,1973,2,17,1973.02,1972,5,140,20,0.0622368336038533,0.0,0.0,0.85,4,Mod_Dry,36,6,5,4,54,105.0,0.145765770439811,615.3337222668207,615.3337222668207,,3,205.1112407556069,205.1112407556069,205.1112407556069,0.0,0.0,0.0,0.0,0.0,0.0,0.0,36.0,6.0,5.0,4.0,54.0,662.3337222668207,990.0,966.7813348890672,23.21866511093276,0.3029189528000723,0.1146001166800462,989.58248093052,0.2976270478214843,0.2976270478214843,0.2976270478214843,0.0,22.50351899363114,22.50351899363114,22.50351899363114,22.801146041452625,,0.9344940381454218,0.9344940381454218,0.9344940381454218,0.0,42.30143814807342,42.30143814807342,42.30143814807342,0.0,0.861536418494367,0.861536418494367,0.861536418494367,0.0,0.9761536418494366,0.9761536418494366,0.9761536418494366,0.96,41.29270290371056,41.29270290371056,41.29270290371056,0.0,123.87810871113167,2973.0746090671605,0.1719732186371883,5.5921826657455706e-05,0.43
1973-02-18,1973-03-01,806.1332,0.8935666243082664,720.3337222668207,0.431,1973,2,18,1973.02,1972,5,141,21,0.0622368336038533,0.0,0.0,0.85,4,Mod_Dry,36,6,5,4,54,105.0,0.145765770439811,615.3337222668207,615.3337222668207,,3,205.1112407556069,205.1112407556069,205.1112407556069,0.0,0.0,0.0,0.0,0.0,0.0,0.0,36.0,6.0,5.0,4.0,54.0,662.3337222668207,990.0,966.7813348890672,23.21866511093276,0.3029189528000723,0.1146001166800462,989.58248093052,0.2976270478214843,0.2976270478214843,0.2976270478214843,0.0,22.50351899363114,22.50351899363114,22.50351899363114,22.801146041452625,,0.9344940381454218,0.9344940381454218,0.9344940381454218,0.0,42.30143814807342,42.30143814807342,42.30143814807342,0.0,0.861536418494367,0.861536418494367,0.861536418494367,0.0,0.9761536418494366,0.9761536418494366,0.9761536418494366,0.96,41.29270290371056,41.29270290371056,41.29270290371056,0.0,123.87810871113167,2973.0746090671605,0.1719732186371883,5.5921826657455706e-05,0.43
1973-02-19,1973-03-02,806.1332,0.8935666243082664,720.3337222668207,0.431,1973,2,19,1973.02,1972,5,142,21,0.0622368336038533,0.0,0.0,0.85,4,Mod_Dry,36,6,5,4,54,105.0,0.145765770439811,615.3337222668207,615.3337222668207,,3,205.1112407556069,205.1112407556069,205.1112407556069,0.0,0.0,0.0,0.0,0.0,0.0,0.0,36.0,6.0,5.0,4.0,54.0,662.3337222668207,990.0,966.7813348890672,23.21866511093276,0.3029189528000723,0.1146001166800462,989.58248093052,0.2976270478214843,0.2976270478214843,0.2976270478214843,0.0,22.50351899363114,22.50351899363114,22.50351899363114,22.801146041452625,,0.9344940381454218,0.9344940381454218,0.9344940381454218,0.0,42.30143814807342,42.30143814807342,42.30143814807342,0.0,0.861536418494367,0.861536418494367,0.861536418494367,0.0,0.9761536418494366,0.9761536418494366,0.9761536418494366,0.96,41.29270290371056,41.29270290371056,41.29270290371056,0.0,123.87810871113167,2973.0746090671605,0.1719732186371883,5.5921826657455706e-05,0.43
1973-02-20,1973-03-03,827.5366,0.8937943571986156,739.6475434553279,0.419,1973,2,20,1973.02,1972,5,143,21,0.0639055477545403,19.313821188507177,0.02611219540902,0.85,4,Mod_Dry,36,6,5,4,54,105.0,0.1419595061581403,634.6475434553279,634.6475434553279,,3,211.549181151776,211.549181151776,211.549181151776,0.0,0.0,0.0,0.0,0.0,0.0,0.0,36.0,6.0,5.0,4.0,54.0,681.6475434553279,990.0,966.8585901738212,23.141409826178688,0.3138948071854054,0.1203942630365983,989.565710929778,0.3166475434553279,0.3166475434553279,0.3166475434553279,0.0,22.39047321250135,22.39047321250135,22.39047321250135,22.70712075595668,,0.93588601929049,0.93588601929049,0.93588601929049,0.0,43.47466859113722,43.47466859113722,43.47466859113722,0.0,0.8854311322023872,0.8854311322023872,0.8854311322023872,0.0,0.9785431132202388,0.9785431132202388,0.9785431132202388,0.96,42.54183754938954,42.54183754938954,42.54183754938954,0.0,127.62551264816862,3063.012303556047,0.1725490928448906,5.586018831514369e-05,0.42
1973-02-21,1973-03-04,827.5366,0.8937943571986156,739.6475434553279,0.419,1973,2,21,1973.02,1972,5,144,21,0.0639055477545403,0.0,0.0,0.87,4,Mod_Dry,36,6,5,4,54,105.0,0.1419595061581403,634.6475434553279,634.6475434553279,,3,211.549181151776,211.549181151776,211.549181151776,0.0,0.0,0.0,0.0,0.0,0.0,0.0,36.0,6.0,5.0,4.0,54.0,681.6475434553279,990.0,966.8585901738212,23.141409826178688,0.3138948071854054,0.1203942630365983,989.565710929778,0.3166475434553279,0.3166475434553279,0.3166475434553279,0.0,22.39047321250135,22.39047321250135,22.39047321250135,22.70712075595668,,0.93588601929049,0.93588601929049,0.93588601929049,0.0,43.47466859113722,43.47466859113722,43.47466859113722,0.0,0.8854311322023872,0.8854311322023872,0.8854311322023872,0.0,0.9785431132202388,0.9785431132202388,0.9785431132202388,0.96,42.54183754938954,42.54183754938954,42.54183754938954,0.0,127.62551264816862,3063.012303556047,0.1725490928448906,5.586018831514369e-05,0.42
1973-02-22,1973-03-05,842.0024,0.8927119306975572,751.6655881559767,0.414,1973,2,22,1973.02,1972,5,145,21,0.0649439068166763,12.01804470064883,0.015988552476018,0.87,4,Mod_Dry,36,6,5,4,54,105.0,0.1396897791444613,646.6655881559767,646.6655881559767,,3,215.55519605199223,215.55519605199223,215.55519605199223,0.0,0.0,0.0,0.0,0.0,0.0,0.0,36.0,6.0,5.0,4.0,54.0,693.6655881559767,990.0,966.906662352624,23.093337647376075,0.320724543639072,0.123999676446793,989.5552757799142,0.328710003840136,0.328710003840136,0.328710003840136,0.0,22.319903423450093,22.319903423450093,22.319903423450093,22.64861342729023,,0.936751605921078,0.936751605921078,0.936751605921078,0.0,44.19915362512162,44.19915362512162,44.19915362512162,0.0,0.9001864282102162,0.9001864282102162,0.9001864282102162,0.0,0.98,0.98,0.98,0.96,43.31517055261919,43.31517055261919,43.31517055261919,0.0,129.94551165785757,3118.692279788582,0.1728767602314299,5.581861184765809e-05,0.415
1973-02-23,1973-03-06,863.9982,0.9020463209442272,779.3663976124346,0.405,1973,2,23,1973.02,1972,5,146,21,0.0673372567537143,27.70080945645793,0.0355427300193061,0.87,4,Mod_Dry,36,6,5,4,54,105.0,0.1347248230378732,674.3663976124346,674.3663976124346,,4,168.59159940310866,168.59159940310866,168.59159940310866,168.59159940310866,0.0,0.0,0.0,0.0,0.0,0.0,36.0,6.0,5.0,4.0,54.0,721.3663976124346,990.0,967.0174655904495,22.98253440955034,0.336466640864807,0.1323099192837304,989.5312234398514,0.2011480065793986,0.2011480065793986,0.2011480065793986,0.2011480065793986,22.312609842822315,22.312609842822315,22.312609842822315,22.312609842822315,,0.9212439233963292,0.9212439233963292,0.9212439233963292,0.9212439233963292,33.98596751311521,33.98596751311521,33.98596751311521,33.98596751311521,0.6921785644218984,0.6921785644218984,0.6921785644218984,0.6921785644218984,0.97,0.97,0.97,0.97,32.96638848772176,32.96638848772176,32.96638848772176,32.96638848772176,131.86555395088703,3164.773294821289,0.1691958421030893,5.431664547877476e-05,0.405
1973-02-24,1973-03-07,863.9982,0.9020463209442272,779.3663976124346,0.405,1973,2,24,1973.02,1972,5,147,21,0.0673372567537143,0.0,0.0,0.87,4,Mod_Dry,36,6,5,4,54,105.0,0.1347248230378732,674.3663976124346,674.3663976124346,,4,168.59159940310866,168.59159940310866,168.59159940310866,168.59159940310866,0.0,0.0,0.0,0.0,0.0,0.0,36.0,6.0,5.0,4.0,54.0,721.3663976124346,990.0,967.0174655904495,22.98253440955034,0.336466640864807,0.1323099192837304,989.5312234398514,0.2011480065793986,0.2011480065793986,0.2011480065793986,0.2011480065793986,22.312609842822315,22.312609842822315,22.312609842822315,22.312609842822315,,0.9212439233963292,0.9212439233963292,0.9212439233963292,0.9212439233963292,33.98596751311521,33.98596751311521,33.98596751311521,33.98596751311521,0.6921785644218984,0.6921785644218984,0.6921785644218984,0.6921785644218984,0.97,0.97,0.97,0.97,32.96638848772176,32.96638848772176,32.96638848772176,32.96638848772176,131.86555395088703,3164.773294821289,0.1691958421030893,5.431664547877476e-05,0.405
1973-02-25,1973-03-08,863.9982,0.9020463209442272,779.3663976124346,0.405,1973,2,25,1973.02,1972,5,148,22,0.0673372567537143,0.0,0.0,0.87,4,Mod_Dry,36,6,5,4,54,105.0,0.1347248230378732,674.3663976124346,674.3663976124346,,4,168.59159940310866,168.59159940310866,168.59159940310866,168.59159940310866,0.0,0.0,0.0,0.0,0.0,0.0,36.0,6.0,5.0,4.0,54.0,721.3663976124346,990.0,967.0174655904495,22.98253440955034,0.336466640864807,0.1323099192837304,989.5312234398514,0.2011480065793986,0.2011480065793986,0.2011480065793986,0.2011480065793986,22.312609842822315,22.312609842822315,22.312609842822315,22.312609842822315,,0.9212439233963292,0.9212439233963292,0.9212439233963292,0.9212439233963292,33.98596751311521,33.98596751311521,33.98596751311521,33.98596751311521,0.6921785644218984,0.6921785644218984,0.6921785644218984,0.6921785644218984,0.97,0.97,0.97,0.97,32.96638848772176,32.96638848772176,32.96638848772176,32.96638848772176,131.86555395088703,3164.773294821289,0.1691958421030893,5.431664547877476e-05,0.405
1973-02-26,1973-03-09,863.9982,0.9020463209442272,779.3663976124346,0.405,1973,2,26,1973.02,1972,5,149,22,0.0673372567537143,0.0,0.0,0.87,4,Mod_Dry,36,6,5,4,54,105.0,0.1347248230378732,674.3663976124346,674.3663976124346,,4,168.59159940310866,168.59159940310866,168.59159940310866,168.59159940310866,0.0,0.0,0.0,0.0,0.0,0.0,36.0,6.0,5.0,4.0,54.0,721.3663976124346,990.0,967.0174655904495,22.98253440955034,0.336466640864807,0.1323099192837304,989.5312234398514,0.2011480065793986,0.2011480065793986,0.2011480065793986,0.2011480065793986,22.312609842822315,22.312609842822315,22.312609842822315,22.312609842822315,,0.9212439233963292,0.9212439233963292,0.9212439233963292,0.9212439233963292,33.98596751311521,33.98596751311521,33.98596751311521,33.98596751311521,0.6921785644218984,0.6921785644218984,0.6921785644218984,0.6921785644218984,0.97,0.97,0.97,0.97,32.96638848772176,32.96638848772176,32.96638848772176,32.96638848772176,131.86555395088703,3164.773294821289,0.1691958421030893,5.431664547877476e-05,0.405
1973-02-27,1973-03-10,863.9982,0.9020463209442272,779.3663976124346,0.405,1973,2,27,1973.02,1972,5,150,22,0.0673372567537143,0.0,0.0,0.87,4,Mod_Dry,36,6,5,4,54,105.0,0.1347248230378732,674.3663976124346,674.3663976124346,,4,168.59159940310866,168.59159940310866,168.59159940310866,168.59159940310866,0.0,0.0,0.0,0.0,0.0,0.0,36.0,6.0,5.0,4.0,54.0,721.3663976124346,990.0,967.0174655904495,22.98253440955034,0.336466640864807,0.1323099192837304,989.5312234398514,0.2011480065793986,0.2011480065793986,0.2011480065793986,0.2011480065793986,22.312609842822315,22.312609842822315,22.312609842822315,22.312609842822315,,0.9212439233963292,0.9212439233963292,0.9212439233963292,0.9212439233963292,33.98596751311521,33.98596751311521,33.98596751311521,33.98596751311521,0.6921785644218984,0.6921785644218984,0.6921785644218984,0.6921785644218984,0.97,0.97,0.97,0.97,32.96638848772176,32.96638848772176,32.96638848772176,32.96638848772176,131.86555395088703,3164.773294821289,0.1691958421030893,5.431664547877476e-05,0.405
1973-02-28,1973-03-11,863.9982,0.9020463209442272,779.3663976124346,0.405,1973,2,28,1973.02,1972,5,151,22,0.0673372567537143,0.0,0.0,0.87,4,Mod_Dry,36,6,5,4,54,105.0,0.1347248230378732,674.3663976124346,674.3663976124346,,4,168.59159940310866,168.59159940310866,168.59159940310866,168.59159940310866,0.0,0.0,0.0,0.0,0.0,0.0,36.0,6.0,5.0,4.0,54.0,721.3663976124346,990.0,967.0174655904495,22.98253440955034,0.336466640864807,0.1323099192837304,989.5312234398514,0.2011480065793986,0.2011480065793986,0.2011480065793986,0.2011480065793986,22.312609842822315,22.312609842822315,22.312609842822315,22.312609842822315,,0.9212439233963292,0.9212439233963292,0.9212439233963292,0.9212439233963292,33.98596751311521,33.98596751311521,33.98596751311521,33.98596751311521,0.6921785644218984,0.6921785644218984,0.6921785644218984,0.6921785644218984,0.97,0.97,0.97,0.97,32.96638848772176,32.96638848772176,32.96638848772176,32.96638848772176,131.86555395088703,3164.773294821289,0.1691958421030893,5.431664547877476e-05,0.405
1973-03-01,1973-03-12,863.9982,0.9020463209442272,779.3663976124346,0.405,1973,3,1,1973.03,1972,6,152,22,0.0673372567537143,0.0,0.0,0.89,4,Mod_Dry,41,8,7,6,67,129.0,0.1655190683036728,650.3663976124346,650.3663976124346,,3,216.78879920414488,216.78879920414488,216.78879920414488,0.0,0.0,0.0,0.0,0.0,0.0,0.0,41.0,8.0,7.0,6.0,67.0,706.3663976124346,990.0,967.0174655904495,22.98253440955034,0.3279422885798244,0.1251099192837304,989.5469477921364,0.3325095015487662,0.3325095015487662,0.3325095015487662,0.0,22.19697270013797,22.19697270013797,22.19697270013797,22.529482201686733,,0.9369254076082923,0.9369254076082923,0.9369254076082923,0.0,44.21547587688846,44.21547587688846,44.21547587688846,0.0,0.9005188569631051,0.9005188569631051,0.9005188569631051,0.0,0.98,0.98,0.98,0.96,43.33116635935069,43.33116635935069,43.33116635935069,0.0,129.99349907805208,3119.84397787325,0.1667938205653762,5.552148055622197e-05,0.405
1973-03-02,1973-03-13,863.9982,0.9020463209442272,779.3663976124346,0.405,1973,3,2,1973.03,1972,6,153,22,0.0673372567537143,0.0,0.0,0.89,4,Mod_Dry,41,8,7,6,67,129.0,0.1655190683036728,650.3663976124346,650.3663976124346,,3,216.78879920414488,216.78879920414488,216.78879920414488,0.0,0.0,0.0,0.0,0.0,0.0,0.0,41.0,8.0,7.0,6.0,67.0,706.3663976124346,990.0,967.0174655904495,22.98253440955034,0.3279422885798244,0.1251099192837304,989.5469477921364,0.3325095015487662,0.3325095015487662,0.3325095015487662,0.0,22.19697270013797,22.19697270013797,22.19697270013797,22.529482201686733,,0.9369254076082923,0.9369254076082923,0.9369254076082923,0.0,44.21547587688846,44.21547587688846,44.21547587688846,0.0,0.9005188569631051,0.9005188569631051,0.9005188569631051,0.0,0.98,0.98,0.98,0.96,43.33116635935069,43.33116635935069,43.33116635935069,0.0,129.99349907805208,3119.84397787325,0.1667938205653762,5.552148055622197e-05,0.405
1973-03-03,1973-03-14,863.9982,0.9020463209442272,779.3663976124346,0.405,1973,3,3,1973.03,1972,6,154,22,0.0673372567537143,0.0,0.0,0.89,4,Mod_Dry,41,8,7,6,67,129.0,0.1655190683036728,650.3663976124346,650.3663976124346,,3,216.78879920414488,216.78879920414488,216.78879920414488,0.0,0.0,0.0,0.0,0.0,0.0,0.0,41.0,8.0,7.0,6.0,67.0,706.3663976124346,990.0,967.0174655904495,22.98253440955034,0.3279422885798244,0.1251099192837304,989.5469477921364,0.3325095015487662,0.3325095015487662,0.3325095015487662,0.0,22.19697270013797,22.19697270013797,22.19697270013797,22.529482201686733,,0.9369254076082923,0.9369254076082923,0.9369254076082923,0.0,44.21547587688846,44.21547587688846,44.21547587688846,0.0,0.9005188569631051,0.9005188569631051,0.9005188569631051,0.0,0.98,0.98,0.98,0.96,43.33116635935069,43.33116635935069,43.33116635935069,0.0,129.99349907805208,3119.84397787325,0.1667938205653762,5.552148055622197e-05,0.405
1973-03-04,1973-03-15,863.9982,0.9020463209442272,779.3663976124346,0.405,1973,3,4,1973.03,1972,6,155,23,0.0673372567537143,0.0,0.0,0.89,4,Mod_Dry,41,8,7,6,67,129.0,0.1655190683036728,650.3663976124346,650.3663976124346,,3,216.78879920414488,216.78879920414488,216.78879920414488,0.0,0.0,0.0,0.0,0.0,0.0,0.0,41.0,8.0,7.0,6.0,67.0,706.3663976124346,990.0,967.0174655904495,22.98253440955034,0.3279422885798244,0.1251099192837304,989.5469477921364,0.3325095015487662,0.3325095015487662,0.3325095015487662,0.0,22.19697270013797,22.19697270013797,22.19697270013797,22.529482201686733,,0.9369254076082923,0.9369254076082923,0.9369254076082923,0.0,44.21547587688846,44.21547587688846,44.21547587688846,0.0,0.9005188569631051,0.9005188569631051,0.9005188569631051,0.0,0.98,0.98,0.98,0.96,43.33116635935069,43.33116635935069,43.33116635935069,0.0,129.99349907805208,3119.84397787325,0.1667938205653762,5.552148055622197e-05,0.405
1973-03-05,1973-03-16,878.8611,0.9037319275970654,794.2548359930772,0.399,1973,3,5,1973.03,1972,6,156,23,0.0686236178298018,14.888438380642588,0.0187451655387495,0.89,4,Mod_Dry,41,8,7,6,67,129.0,0.1624163859685009,665.2548359930772,665.2548359930772,,4,166.3137089982693,166.3137089982693,166.3137089982693,166.3137089982693,0.0,0.0,0.0,0.0,0.0,0.0,41.0,8.0,7.0,6.0,67.0,721.2548359930772,990.0,967.0770193439724,22.92298065602768,0.336403241495148,0.1295764507979231,989.5340203077068,0.1957266274158809,0.1957266274158809,0.1957266274158809,0.1957266274158809,22.26127433631869,22.26127433631869,22.26127433631869,22.26127433631869,,0.9202588683395874,0.9202588683395874,0.9202588683395874,0.9202588683395874,33.413870221360604,33.413870221360604,33.413870221360604,33.413870221360604,0.6805268884187495,0.6805268884187495,0.6805268884187495,0.6805268884187495,0.97,0.97,0.97,0.97,32.41145411471979,32.41145411471979,32.41145411471979,32.41145411471979,129.64581645887915,3111.4995950131,0.1632294958541607,5.413373168550383e-05,0.4
1973-03-06,1973-03-17,901.4559,0.907115570001353,817.7246825595828,0.391,1973,3,6,1973.03,1972,6,157,23,0.0706514125731479,23.46984656650557,0.0287014041120074,0.89,4,Mod_Dry,41,8,7,6,67,129.0,0.1577548076404071,688.7246825595828,688.7246825595828,,4,172.1811706398957,172.1811706398957,172.1811706398957,172.1811706398957,0.0,0.0,0.0,0.0,0.0,0.0,41.0,8.0,7.0,6.0,67.0,744.7246825595828,990.0,967.1708987302384,22.829101269761736,0.3497409241756402,0.1366174047678748,989.5136416710563,0.2098220563613455,0.2098220563613455,0.2098220563613455,0.2098220563613455,22.13292088445685,22.13292088445685,22.13292088445685,22.13292088445685,,0.9222003170648244,0.9222003170648244,0.9222003170648244,0.9222003170648244,34.46579928336554,34.46579928336554,34.46579928336554,34.46579928336554,0.7019511055675263,0.7019511055675263,0.7019511055675263,0.7019511055675263,0.97,0.97,0.97,0.97,33.431825304864574,33.431825304864574,33.431825304864574,33.431825304864574,133.7273012194583,3209.455229266999,0.1635358502336932,5.393515507954375e-05,0.39
1973-03-07,1973-03-18,901.4559,0.907115570001353,817.7246825595828,0.391,1973,3,7,1973.03,1972,6,158,23,0.0706514125731479,0.0,0.0,0.89,4,Mod_Dry,41,8,7,6,67,129.0,0.1577548076404071,688.7246825595828,688.7246825595828,,4,172.1811706398957,172.1811706398957,172.1811706398957,172.1811706398957,0.0,0.0,0.0,0.0,0.0,0.0,41.0,8.0,7.0,6.0,67.0,744.7246825595828,990.0,967.1708987302384,22.829101269761736,0.3497409241756402,0.1366174047678748,989.5136416710563,0.2098220563613455,0.2098220563613455,0.2098220563613455,0.2098220563613455,22.13292088445685,22.13292088445685,22.13292088445685,22.13292088445685,,0.9222003170648244,0.9222003170648244,0.9222003170648244,0.9222003170648244,34.46579928336554,34.46579928336554,34.46579928336554,34.46579928336554,0.7019511055675263,0.7019511055675263,0.7019511055675263,0.7019511055675263,0.97,0.97,0.97,0.97,33.431825304864574,33.431825304864574,33.431825304864574,33.431825304864574,133.7273012194583,3209.455229266999,0.1635358502336932,5.393515507954375e-05,0.39
1973-03-08,1973-03-19,901.4559,0.907115570001353,817.7246825595828,0.391,1973,3,8,1973.03,1972,6,159,23,0.0706514125731479,0.0,0.0,0.89,4,Mod_Dry,41,8,7,6,67,129.0,0.1577548076404071,688.7246825595828,688.7246825595828,,4,172.1811706398957,172.1811706398957,172.1811706398957,172.1811706398957,0.0,0.0,0.0,0.0,0.0,0.0,41.0,8.0,7.0,6.0,67.0,744.7246825595828,990.0,967.1708987302384,22.829101269761736,0.3497409241756402,0.1366174047678748,989.5136416710563,0.2098220563613455,0.2098220563613455,0.2098220563613455,0.2098220563613455,22.13292088445685,22.13292088445685,22.13292088445685,22.13292088445685,,0.9222003170648244,0.9222003170648244,0.9222003170648244,0.9222003170648244,34.46579928336554,34.46579928336554,34.46579928336554,34.46579928336554,0.7019511055675263,0.7019511055675263,0.7019511055675263,0.7019511055675263,0.97,0.97,0.97,0.97,33.431825304864574,33.431825304864574,33.431825304864574,33.431825304864574,133.7273012194583,3209.455229266999,0.1635358502336932,5.393515507954375e-05,0.39
1973-03-09,1973-03-20,916.7204,0.9105214280240044,834.6935677067364,0.383,1973,3,9,1973.03,1972,6,160,23,0.072117524249862,16.968885147153628,0.020329478749638,0.89,4,Mod_Dry,41,8,7,6,67,129.0,0.1545477346308282,705.6935677067364,705.6935677067364,,4,176.4233919266841,176.4233919266841,176.4233919266841,176.4233919266841,0.0,0.0,0.0,0.0,0.0,0.0,41.0,8.0,7.0,6.0,67.0,761.6935677067364,990.0,967.2387742708268,22.76122572917313,0.3593841745008233,0.1428467838533682,989.4977690416458,0.2202584798167102,0.2202584798167102,0.2202584798167102,0.2202584798167102,22.038736291002248,22.038736291002248,22.038736291002248,22.038736291002248,,0.9236226062488356,0.9236226062488356,0.9236226062488356,0.9236226062488356,35.21892610916019,35.21892610916019,35.21892610916019,35.21892610916019,0.7172897374574377,0.7172897374574377,0.7172897374574377,0.7172897374574377,0.97,0.97,0.97,0.97,34.162358325885386,34.162358325885386,34.162358325885386,34.162358325885386,136.64943330354154,3279.586399284997,0.1637120957802233,5.378846804711791e-05,0.385
1973-03-10,1973-03-21,916.7204,0.9105214280240044,834.6935677067364,0.383,1973,3,10,1973.03,1972,6,161,23,0.072117524249862,0.0,0.0,0.89,4,Mod_Dry,41,8,7,6,67,129.0,0.1545477346308282,705.6935677067364,705.6935677067364,,4,176.4233919266841,176.4233919266841,176.4233919266841,176.4233919266841,0.0,0.0,0.0,0.0,0.0,0.0,41.0,8.0,7.0,6.0,67.0,761.6935677067364,990.0,967.2387742708268,22.76122572917313,0.3593841745008233,0.1428467838533682,989.4977690416458,0.2202584798167102,0.2202584798167102,0.2202584798167102,0.2202584798167102,22.038736291002248,22.038736291002248,22.038736291002248,22.038736291002248,,0.9236226062488356,0.9236226062488356,0.9236226062488356,0.9236226062488356,35.21892610916019,35.21892610916019,35.21892610916019,35.21892610916019,0.7172897374574377,0.7172897374574377,0.7172897374574377,0.7172897374574377,0.97,0.97,0.97,0.97,34.162358325885386,34.162358325885386,34.162358325885386,34.162358325885386,136.64943330354154,3279.586399284997,0.1637120957802233,5.378846804711791e-05,0.385
1973-03-11,1973-03-22,916.7204,0.9105214280240044,834.6935677067364,0.383,1973,3,11,1973.03,1972,6,162,24,0.072117524249862,0.0,0.0,0.91,5,Dry,36,8,6,4,53,107.0,0.1281907566317723,727.6935677067364,727.6935677067364,,4,181.9233919266841,181.9233919266841,181.9233919266841,181.9233919266841,0.0,0.0,0.0,0.0,0.0,0.0,36.0,8.0,6.0,4.0,53.0,777.6935677067364,990.0,967.2387742708268,22.76122572917313,0.368476816938138,0.1538467838533682,989.4776763992083,0.234162351170845,0.234162351170845,0.234162351170845,0.234162351170845,22.00473977721075,22.00473977721075,22.00473977721075,22.00473977721075,,0.925672007245308,0.925672007245308,0.925672007245308,0.925672007245308,36.34131281545933,36.34131281545933,36.34131281545933,36.34131281545933,0.7401489371783978,0.7401489371783978,0.7401489371783978,0.7401489371783978,0.97,0.97,0.97,0.97,35.251073430995554,35.251073430995554,35.251073430995554,35.251073430995554,141.00429372398222,3384.1030493755734,0.1689294121570649,5.382466068953581e-05,0.385
1973-03-12,1973-03-23,924.4132,0.9124994692702046,843.5265543863715,0.38,1973,3,12,1973.03,1972,6,163,24,0.0728806942989824,8.832986679635043,0.0104714980621572,0.91,5,Dry,36,8,6,4,53,107.0,0.1268484073721162,736.5265543863715,736.5265543863715,,4,184.1316385965929,184.1316385965929,184.1316385965929,184.1316385965929,0.0,0.0,0.0,0.0,0.0,0.0,36.0,8.0,6.0,4.0,53.0,786.5265543863715,990.0,967.2741062175454,22.72589378245459,0.3749767351302006,0.1582632771931857,989.4667599876766,0.2398596275792096,0.2398596275792096,0.2398596275792096,0.2398596275792096,21.952794142551976,21.952794142551976,21.952794142551976,21.952794142551976,,0.9264792024929642,0.9264792024929642,0.9264792024929642,0.9264792024929642,36.7276039977794,36.7276039977794,36.7276039977794,36.7276039977794,0.7480163747001913,0.7480163747001913,0.7480163747001913,0.7480163747001913,0.97,0.97,0.97,0.97,35.62577587784602,35.62577587784602,35.62577587784602,35.62577587784602,142.50310351138407,3420.0744842732174,0.1689373058504943,5.3744423991349536e-05,0.38
1973-03-13,1973-03-24,932.1467,0.9087491724907756,847.0875422650073,0.377,1973,3,13,1973.03,1972,6,164,24,0.0731883636516966,3.5609878786358418,0.0042038014974393,0.91,5,Dry,36,8,6,4,53,107.0,0.1263151618472575,740.0875422650073,740.0875422650073,,4,185.02188556625185,185.02188556625185,185.02188556625185,185.02188556625185,0.0,0.0,0.0,0.0,0.0,0.0,36.0,8.0,6.0,4.0,53.0,790.0875422650073,990.0,967.28835016906,22.71164983094002,0.3782350874160831,0.1600437711325036,989.4617211414514,0.2421582156062298,0.2421582156062298,0.2421582156062298,0.2421582156062298,21.93121275678524,21.93121275678524,21.93121275678524,21.93121275678524,,0.9268055416733972,0.9268055416733972,0.9268055416733972,0.9268055416733972,36.88188182883788,36.88188182883788,36.88188182883788,36.88188182883788,0.7511584893857001,0.7511584893857001,0.7511584893857001,0.7511584893857001,0.97,0.97,0.97,0.97,35.77542537397274,35.77542537397274,35.77542537397274,35.77542537397274,143.10170149589095,3434.440835901383,0.1689337811688916,5.3710500944378575e-05,0.375
1973-03-14,1973-03-25,932.1467,0.9087491724907756,847.0875422650073,0.377,1973,3,14,1973.03,1972,6,165,24,0.0731883636516966,0.0,0.0,0.91,5,Dry,36,8,6,4,53,107.0,0.1263151618472575,740.0875422650073,740.0875422650073,,4,185.02188556625185,185.02188556625185,185.02188556625185,185.02188556625185,0.0,0.0,0.0,0.0,0.0,0.0,36.0,8.0,6.0,4.0,53.0,790.0875422650073,990.0,967.28835016906,22.71164983094002,0.3782350874160831,0.1600437711325036,989.4617211414514,0.2421582156062298,0.2421582156062298,0.2421582156062298,0.2421582156062298,21.93121275678524,21.93121275678524,21.93121275678524,21.93121275678524,,0.9268055416733972,0.9268055416733972,0.9268055416733972,0.9268055416733972,36.88188182883788,36.88188182883788,36.88188182883788,36.88188182883788,0.7511584893857001,0.7511584893857001,0.7511584893857001,0.7511584893857001,0.97,0.97,0.97,0.97,35.77542537397274,35.77542537397274,35.77542537397274,35.77542537397274,143.10170149589095,3434.440835901383,0.1689337811688916,5.3710500944378575e-05,0.375
1973-03-15,1973-03-26,955.5912,0.91769253620946,876.9389119074414,0.3720000000000001,1973,3,15,1973.03,1972,6,166,24,0.0757675219888029,29.85136964243407,0.0340404208743616,0.91,5,Dry,36,8,6,4,53,107.0,0.1220153405751637,769.9389119074414,769.9389119074414,,4,192.48472797686037,192.48472797686037,192.48472797686037,192.48472797686037,0.0,0.0,0.0,0.0,0.0,0.0,36.0,8.0,6.0,4.0,53.0,819.9389119074414,990.0,967.4077556476298,22.592244352370244,0.4055494961773988,0.1749694559537206,989.4194810478688,0.2621584600970601,0.2621584600970601,0.2621584600970601,0.2621584600970601,21.74956694014207,21.74956694014207,21.74956694014207,21.74956694014207,,0.9293204592569296,0.9293204592569296,0.9293204592569296,0.9293204592569296,38.15496764034845,38.15496764034845,38.15496764034845,38.15496764034845,0.7770869173187057,0.7770869173187057,0.7770869173187057,0.7770869173187057,0.97,0.97,0.97,0.97,37.010318611138,37.010318611138,37.010318611138,37.010318611138,148.041274444552,3552.990586669248,0.1688159487900308,5.3410180468371175e-05,0.37
1973-03-16,1973-03-27,971.4252,0.9180964110207984,891.8619896951615,0.363,1973,3,16,1973.03,1972,6,167,24,0.0770568759096619,14.923077787720104,0.0167324966868705,0.91,5,Dry,36,8,6,4,53,107.0,0.1199737192932424,784.8619896951615,784.8619896951615,,4,196.2154974237904,196.2154974237904,196.2154974237904,196.2154974237904,0.0,0.0,0.0,0.0,0.0,0.0,36.0,8.0,6.0,4.0,53.0,834.8619896951615,990.0,967.4674479587808,22.532552041219333,0.4192043150869897,0.1824309948475807,989.3983646900656,0.272403392786613,0.272403392786613,0.272403392786613,0.272403392786613,21.6585133384982,21.6585133384982,21.6585133384982,21.6585133384982,,0.9305673187872524,0.9305673187872524,0.9305673187872524,0.9305673187872524,38.78362904724201,38.78362904724201,38.78362904724201,38.78362904724201,0.7898906119601223,0.7898906119601223,0.7898906119601223,0.7898906119601223,0.97,0.97,0.97,0.97,37.620120175824745,37.620120175824745,37.620120175824745,37.620120175824745,150.48048070329898,3611.5315368791753,0.1687261958038297,5.325794098517783e-05,0.365
1973-03-17,1973-03-28,979.4038,0.924461588505012,905.4211927358452,0.359,1973,3,17,1973.03,1972,6,168,24,0.078228391052377,13.55920304068377,0.0149755750687841,0.91,5,Dry,36,8,6,4,53,107.0,0.1181770438536852,798.4211927358452,798.4211927358452,,4,199.6052981839613,199.6052981839613,199.6052981839613,199.6052981839613,0.0,0.0,0.0,0.0,0.0,0.0,36.0,8.0,6.0,4.0,53.0,848.4211927358452,990.0,967.5216847709434,22.478315229056648,0.4316111700744553,0.1892105963679226,989.3791782335576,0.2818948349150916,0.2818948349150916,0.2818948349150916,0.2818948349150916,21.575598627699137,21.575598627699137,21.575598627699137,21.575598627699137,,0.931694166620988,0.931694166620988,0.931694166620988,0.931694166620988,39.35020460669261,39.35020460669261,39.35020460669261,39.35020460669261,0.8014298290568759,0.8014298290568759,0.8014298290568759,0.8014298290568759,0.9701429829056876,0.9701429829056876,0.9701429829056876,0.9701429829056876,38.17532487508589,38.17532487508589,38.17532487508589,38.17532487508589,152.70129950034357,3664.8311880082456,0.1686522258651105,5.312612944759076e-05,0.36
1973-03-18,1973-03-29,979.4038,0.924461588505012,905.4211927358452,0.359,1973,3,18,1973.03,1972,6,169,25,0.078228391052377,0.0,0.0,0.91,5,Dry,36,8,6,4,53,107.0,0.1181770438536852,798.4211927358452,798.4211927358452,,4,199.6052981839613,199.6052981839613,199.6052981839613,199.6052981839613,0.0,0.0,0.0,0.0,0.0,0.0,36.0,8.0,6.0,4.0,53.0,848.4211927358452,990.0,967.5216847709434,22.478315229056648,0.4316111700744553,0.1892105963679226,989.3791782335576,0.2818948349150916,0.2818948349150916,0.2818948349150916,0.2818948349150916,21.575598627699137,21.575598627699137,21.575598627699137,21.575598627699137,,0.931694166620988,0.931694166620988,0.931694166620988,0.931694166620988,39.35020460669261,39.35020460669261,39.35020460669261,39.35020460669261,0.8014298290568759,0.8014298290568759,0.8014298290568759,0.8014298290568759,0.9701429829056876,0.9701429829056876,0.9701429829056876,0.9701429829056876,38.17532487508589,38.17532487508589,38.17532487508589,38.17532487508589,152.70129950034357,3664.8311880082456,0.1686522258651105,5.312612944759076e-05,0.36
1973-03-19,1973-03-30,987.4235,0.9179659771125324,906.4211780013768,0.357,1973,3,19,1973.03,1972,6,170,25,0.0783147897793189,0.9999852655314498,0.0011032236335611,0.91,5,Dry,36,8,6,4,53,107.0,0.1180466681459614,799.4211780013768,799.4211780013768,,4,199.8552945003442,199.8552945003442,199.8552945003442,199.8552945003442,0.0,0.0,0.0,0.0,0.0,0.0,36.0,8.0,6.0,4.0,53.0,849.4211780013768,990.0,967.5256847120056,22.4743152879945,0.4325261701774722,0.1897105890006884,989.377763240822,0.2825948246009637,0.2825948246009637,0.2825948246009637,0.2825948246009637,21.56948370421541,21.56948370421541,21.56948370421541,21.56948370421541,,0.931777048582716,0.931777048582716,0.931777048582716,0.931777048582716,39.39182627680187,39.39182627680187,39.39182627680187,39.39182627680187,0.8022775209124617,0.8022775209124617,0.8022775209124617,0.8022775209124617,0.970227752091246,0.970227752091246,0.970227752091246,0.970227752091246,38.21904305931036,38.21904305931036,38.21904305931036,38.21904305931036,152.87617223724143,3669.028133693794,0.1686590913225653,5.312043834690678e-05,0.355
1973-03-20,1973-03-31,1019.9159,0.9227467245233664,941.1240560143012,0.348,1973,3,20,1973.03,1972,6,171,25,0.0813131184396356,34.702878012924664,0.0368738614119511,0.91,5,Dry,36,8,6,4,53,107.0,0.1136938316646047,834.1240560143012,834.1240560143012,,4,208.5310140035753,208.5310140035753,208.5310140035753,208.5310140035753,0.0,0.0,0.0,0.0,0.0,0.0,36.0,8.0,6.0,4.0,53.0,884.1240560143012,990.0,967.6644962240572,22.33550377594281,0.4642797750067681,0.217299244811441,989.3184209801818,0.3076811811705114,0.3076811811705114,0.3076811811705114,0.3076811811705114,21.346243574954126,21.346243574954126,21.346243574954126,21.346243574954126,,0.9341704253690466,0.9341704253690466,0.9341704253690466,0.9341704253690466,40.78091156305816,40.78091156305816,40.78091156305816,40.78091156305816,0.8305684636060724,0.8305684636060724,0.8305684636060724,0.8305684636060724,0.9730568463606072,0.9730568463606072,0.9730568463606072,0.9730568463606072,39.68214519726019,39.68214519726019,39.68214519726019,39.68214519726019,158.72858078904076,3809.4859389369785,0.1686585097625309,5.285937040598223e-05,0.35
1973-03-21,1973-04-01,1028.1428,0.9210811262601332,947.0029281802472,0.345,1973,3,21,1973.03,1972,6,172,25,0.0818210529947733,5.878872165945723,0.0062078711596409,0.93,5,Dry,36,8,6,4,53,107.0,0.1129880350059849,840.0029281802472,840.0029281802472,,4,210.0007320450618,210.0007320450618,210.0007320450618,210.0007320450618,0.0,0.0,0.0,0.0,0.0,0.0,36.0,8.0,6.0,4.0,53.0,890.0029281802472,990.0,967.6880117127208,22.311988287279064,0.46965902290459,0.2220023425441977,989.3083386345512,0.3120021961351854,0.3120021961351854,0.3120021961351854,0.3120021961351854,21.308324725695083,21.308324725695083,21.308324725695083,21.308324725695083,,0.9344594666545504,0.9344594666545504,0.9344594666545504,0.9344594666545504,41.00806552114364,41.00806552114364,41.00806552114364,41.00806552114364,0.8351948171312349,0.8351948171312349,0.8351948171312349,0.8351948171312349,0.9735194817131234,0.9735194817131234,0.9735194817131234,0.9735194817131234,39.92215069220156,39.92215069220156,39.92215069220156,39.92215069220156,159.68860276880622,3832.526466451349,0.1686252470999878,5.2806893554112696e-05,0.345
1973-03-22,1973-04-02,1028.1428,0.9210811262601332,947.0029281802472,0.345,1973,3,22,1973.03,1972,6,173,25,0.0818210529947733,0.0,0.0,0.93,5,Dry,36,8,6,4,53,107.0,0.1129880350059849,840.0029281802472,840.0029281802472,,4,210.0007320450618,210.0007320450618,210.0007320450618,210.0007320450618,0.0,0.0,0.0,0.0,0.0,0.0,36.0,8.0,6.0,4.0,53.0,890.0029281802472,990.0,967.6880117127208,22.311988287279064,0.46965902290459,0.2220023425441977,989.3083386345512,0.3120021961351854,0.3120021961351854,0.3120021961351854,0.3120021961351854,21.308324725695083,21.308324725695083,21.308324725695083,21.308324725695083,,0.9344594666545504,0.9344594666545504,0.9344594666545504,0.9344594666545504,41.00806552114364,41.00806552114364,41.00806552114364,41.00806552114364,0.8351948171312349,0.8351948171312349,0.8351948171312349,0.8351948171312349,0.9735194817131234,0.9735194817131234,0.9735194817131234,0.9735194817131234,39.92215069220156,39.92215069220156,39.92215069220156,39.92215069220156,159.68860276880622,3832.526466451349,0.1686252470999878,5.2806893554112696e-05,0.345
1973-03-23,1973-04-03,1028.1428,0.9210811262601332,947.0029281802472,0.345,1973,3,23,1973.03,1972,6,174,25,0.0818210529947733,0.0,0.0,0.93,5,Dry,36,8,6,4,53,107.0,0.1129880350059849,840.0029281802472,840.0029281802472,,4,210.0007320450618,210.0007320450618,210.0007320450618,210.0007320450618,0.0,0.0,0.0,0.0,0.0,0.0,36.0,8.0,6.0,4.0,53.0,890.0029281802472,990.0,967.6880117127208,22.311988287279064,0.46965902290459,0.2220023425441977,989.3083386345512,0.3120021961351854,0.3120021961351854,0.3120021961351854,0.3120021961351854,21.308324725695083,21.308324725695083,21.308324725695083,21.308324725695083,,0.9344594666545504,0.9344594666545504,0.9344594666545504,0.9344594666545504,41.00806552114364,41.00806552114364,41.00806552114364,41.00806552114364,0.8351948171312349,0.8351948171312349,0.8351948171312349,0.8351948171312349,0.9735194817131234,0.9735194817131234,0.9735194817131234,0.9735194817131234,39.92215069220156,39.92215069220156,39.92215069220156,39.92215069220156,159.68860276880622,3832.526466451349,0.1686252470999878,5.2806893554112696e-05,0.345
1973-03-24,1973-04-04,1036.4114,0.9189739555961264,952.4350838829192,0.343,1973,3,24,1973.03,1972,6,175,25,0.0822903912474842,5.432155702672277,0.0057034393152825,0.93,5,Dry,36,8,6,4,53,107.0,0.1123436146049753,845.4350838829192,845.4350838829192,,4,211.3587709707298,211.3587709707298,211.3587709707298,211.3587709707298,0.0,0.0,0.0,0.0,0.0,0.0,36.0,8.0,6.0,4.0,53.0,895.4350838829192,990.0,967.7097403355316,22.29025966446829,0.474629519169759,0.2263480671063354,989.299022413724,0.3160763129121894,0.3160763129121894,0.3160763129121894,0.3160763129121894,21.27320576528005,21.27320576528005,21.27320576528005,21.27320576528005,,0.934725121905779,0.934725121905779,0.934725121905779,0.934725121905779,41.216947993841686,41.216947993841686,41.216947993841686,41.216947993841686,0.8394490426444335,0.8394490426444335,0.8394490426444335,0.8394490426444335,0.9739449042644434,0.9739449042644434,0.9739449042644434,0.9739449042644434,40.14303646793468,40.14303646793468,40.14303646793468,40.14303646793468,160.5721458717387,3853.731500921729,0.168591170767369,5.2757893188446975e-05,0.345
1973-03-25,1973-04-05,1053.0739999999996,0.9224728423044594,971.4321659369264,0.34,1973,3,25,1973.03,1972,6,176,26,0.0839317391369504,18.997082054007024,0.0195557474007304,0.93,5,Dry,36,8,6,4,53,107.0,0.1101466512556753,864.4321659369264,864.4321659369264,,4,216.1080414842316,216.1080414842316,216.1080414842316,216.1080414842316,0.0,0.0,0.0,0.0,0.0,0.0,36.0,8.0,6.0,4.0,53.0,914.4321659369264,990.0,967.7857286637476,22.214271336252292,0.4920121073293921,0.2415457327495411,989.2664421599212,0.3304127677714333,0.3304127677714333,0.3304127677714333,0.3304127677714333,21.15030072840196,21.15030072840196,21.15030072840196,21.15030072840196,,0.935643934644374,0.935643934644374,0.935643934644374,0.935643934644374,41.94080678417145,41.94080678417145,41.94080678417145,41.94080678417145,0.8541915841990112,0.8541915841990112,0.8541915841990112,0.8541915841990112,0.9754191584199012,0.9754191584199012,0.9754191584199012,0.9754191584199012,40.909866456868194,40.909866456868194,40.909866456868194,40.909866456868194,163.63946582747278,3927.3471798593455,0.1684517679828378,5.258412280971815e-05,0.34
1973-03-26,1973-04-06,1069.9044,0.9248279637273736,989.4775076349576,0.333,1973,3,26,1973.03,1972,6,177,26,0.0854908566596603,18.04534169803117,0.0182372429477078,0.93,5,Dry,36,8,6,4,53,107.0,0.1081378800168491,882.4775076349576,882.4775076349576,,4,220.6193769087394,220.6193769087394,220.6193769087394,220.6193769087394,0.0,0.0,0.0,0.0,0.0,0.0,36.0,8.0,6.0,4.0,53.0,932.4775076349576,990.0,967.8579100305398,22.142089969460244,0.5085238401336712,0.2559820061079661,989.2354941537584,0.3443448434934417,0.3443448434934417,0.3443448434934417,0.3443448434934417,21.0332392797252,21.0332392797252,21.0332392797252,21.0332392797252,,0.9365017524504116,0.9365017524504116,0.9365017524504116,0.9365017524504116,42.61839694617137,42.61839694617137,42.61839694617137,42.61839694617137,0.8679917911643864,0.8679917911643864,0.8679917911643864,0.8679917911643864,0.9767991791164388,0.9767991791164388,0.9767991791164388,0.9767991791164388,41.62961515227873,41.62961515227873,41.62961515227873,41.62961515227873,166.51846060911492,3996.443054618758,0.1682892833078401,5.241507862442891e-05,0.335
1973-03-27,1973-04-07,1078.3827,0.9251619817921662,997.6786758623872,0.331,1973,3,27,1973.03,1972,6,178,26,0.0861994375945102,8.201168227429662,0.0082202500923863,0.93,5,Dry,36,8,6,4,53,107.0,0.1072489595986502,890.6786758623872,890.6786758623872,,4,222.6696689655968,222.6696689655968,222.6696689655968,222.6696689655968,0.0,0.0,0.0,0.0,0.0,0.0,36.0,8.0,6.0,4.0,53.0,940.6786758623872,990.0,967.8907147034496,22.109285296550524,0.5160280204767365,0.2625429406899098,989.2214290388334,0.3507827605519739,0.3507827605519739,0.3507827605519739,0.3507827605519739,20.979931574831987,20.979931574831987,20.979931574831987,20.979931574831987,,0.9368736745069276,0.9368736745069276,0.9368736745069276,0.9368736745069276,42.92248585101103,42.92248585101103,42.92248585101103,42.92248585101103,0.8741850478820983,0.8741850478820983,0.8741850478820983,0.8741850478820983,0.9774185047882098,0.9774185047882098,0.9774185047882098,0.9774185047882098,41.95323194228829,41.95323194228829,41.95323194228829,41.95323194228829,167.8129277691531,4027.510266459675,0.1682033823406085,5.233616052721152e-05,0.33
1973-03-28,1973-04-08,1086.9032,0.940956999887256,1022.729174239858,0.328,1973,3,28,1973.03,1972,6,179,26,0.0883638006543237,25.05049837747072,0.0244937750955324,0.93,5,Dry,36,8,6,4,53,107.0,0.104622027703011,915.729174239858,915.729174239858,,4,228.9322935599645,228.9322935599645,228.9322935599645,228.9322935599645,0.0,0.0,0.0,0.0,0.0,0.0,36.0,8.0,6.0,4.0,53.0,965.729174239858,990.0,967.971434547611,22.02856545238899,0.5389495668095472,0.2825833393918864,989.1784670937986,0.3707619852630857,0.3707619852630857,0.3707619852630857,0.3707619852630857,20.836270560924547,20.836270560924547,20.836270560924547,20.836270560924547,,0.9378040542928016,0.9378040542928016,0.9378040542928016,0.9378040542928016,43.8710322230606,43.8710322230606,43.8710322230606,43.8710322230606,0.8935037112639633,0.8935037112639633,0.8935037112639633,0.8935037112639633,0.9793503711263964,0.9793503711263964,0.9793503711263964,0.9793503711263964,42.96511168935249,42.96511168935249,42.96511168935249,42.96511168935249,171.86044675740996,4124.650722177839,0.1680410132869681,5.213223989264876e-05,0.33
1973-03-29,1973-04-09,1112.7189,0.9371977043562544,1042.8375986738165,0.321,1973,3,29,1973.03,1972,6,180,26,0.0901011685254177,20.10842443395836,0.0192824121987262,0.93,5,Dry,36,8,6,4,53,107.0,0.1026046626397749,935.8375986738164,935.8375986738164,,4,233.95939966845413,233.95939966845413,233.95939966845413,233.95939966845413,0.0,0.0,0.0,0.0,0.0,0.0,36.0,8.0,6.0,4.0,53.0,985.8375986738164,990.0,968.0346324529748,21.965367547025156,0.5573490483447061,0.2986700789390532,989.1439808727164,0.3871868309125295,0.3871868309125295,0.3871868309125295,0.3871868309125295,20.722161588828893,20.722161588828893,20.722161588828893,20.722161588828893,,0.9384537661842184,0.9384537661842184,0.9384537661842184,0.9384537661842184,44.6197502732172,44.6197502732172,44.6197502732172,44.6197502732172,0.9087525513893524,0.9087525513893524,0.9087525513893524,0.9087525513893524,0.98,0.98,0.98,0.98,43.727355267752856,43.727355267752856,43.727355267752856,43.727355267752856,174.90942107101142,4197.826105704275,0.1677245059954156,5.19170744650084e-05,0.32
1973-03-30,1973-04-10,1112.7189,0.9371977043562544,1042.8375986738165,0.321,1973,3,30,1973.03,1972,6,181,26,0.0901011685254177,0.0,0.0,0.93,5,Dry,36,8,6,4,53,107.0,0.1026046626397749,935.8375986738164,935.8375986738164,,4,233.95939966845413,233.95939966845413,233.95939966845413,233.95939966845413,0.0,0.0,0.0,0.0,0.0,0.0,36.0,8.0,6.0,4.0,53.0,985.8375986738164,990.0,968.0346324529748,21.965367547025156,0.5573490483447061,0.2986700789390532,989.1439808727164,0.3871868309125295,0.3871868309125295,0.3871868309125295,0.3871868309125295,20.722161588828893,20.722161588828893,20.722161588828893,20.722161588828893,,0.9384537661842184,0.9384537661842184,0.9384537661842184,0.9384537661842184,44.6197502732172,44.6197502732172,44.6197502732172,44.6197502732172,0.9087525513893524,0.9087525513893524,0.9087525513893524,0.9087525513893524,0.98,0.98,0.98,0.98,43.727355267752856,43.727355267752856,43.727355267752856,43.727355267752856,174.90942107101142,4197.826105704275,0.1677245059954156,5.19170744650084e-05,0.32
1973-03-31,1973-04-11,1121.4092,0.9368114987301732,1050.5490333418047,0.319,1973,3,31,1973.03,1972,6,182,26,0.0907674364807319,7.711434667988442,0.0073403852873561,0.93,5,Dry,36,8,6,4,53,107.0,0.1018515048837198,943.5490333418048,943.5490333418048,,4,235.8872583354512,235.8872583354512,235.8872583354512,235.8872583354512,0.0,0.0,0.0,0.0,0.0,0.0,36.0,8.0,6.0,4.0,53.0,993.5490333418048,990.0,968.0588683905028,21.941131609497237,0.5644051158277269,0.3048392266734437,989.1307556574988,0.3935811880071159,0.3935811880071159,0.3935811880071159,0.3935811880071159,20.67830607898887,20.67830607898887,20.67830607898887,20.67830607898887,,0.9386995493111594,0.9386995493111594,0.9386995493111594,0.9386995493111594,44.90397123280079,44.90397123280079,44.90397123280079,44.90397123280079,0.9145411656374904,0.9145411656374904,0.9145411656374904,0.9145411656374904,0.98,0.98,0.98,0.98,44.00589180814477,44.00589180814477,44.00589180814477,44.00589180814477,176.02356723257907,4224.565613581897,0.1675538805386805,5.182076777632657e-05,0.32
1973-04-01,1973-04-12,1130.1421,0.9379332643780708,1059.9978690640885,0.316,1973,4,1,1973.04,1972,7,183,27,0.0915838158871372,9.448835722283777,0.0089140138844113,0.93,5,Dry,40,10,8,5,62,125.0,0.1179247653680352,934.9978690640884,934.9978690640884,,4,233.74946726602207,233.74946726602207,233.74946726602207,233.74946726602207,0.0,0.0,0.0,0.0,0.0,0.0,40.0,10.0,8.0,5.0,62.0,992.9978690640884,990.0,968.0885647313444,21.911435268655737,0.563900793025909,0.2979982952512708,989.1381009117227,0.3864982526325525,0.3864982526325525,0.3864982526325525,0.3864982526325525,20.66303792774593,20.66303792774593,20.66303792774593,20.66303792774593,,0.9383072835765212,0.9383072835765212,0.9383072835765212,0.9383072835765212,44.44558119372328,44.44558119372328,44.44558119372328,44.44558119372328,0.9052053196277652,0.9052053196277652,0.9052053196277652,0.9052053196277652,0.98,0.98,0.98,0.98,43.556669569848815,43.556669569848815,43.556669569848815,43.556669569848815,174.22667827939526,4181.440278705486,0.1643651212555988,5.176086611886916e-05,0.315
1973-04-02,1973-04-13,1138.9177,0.936281984298218,1066.3481241083623,0.314,1973,4,2,1973.04,1972,7,184,27,0.0921324779229625,6.350255044274036,0.0059551425099414,0.93,5,Dry,40,10,8,5,62,125.0,0.1172225065848172,941.3481241083624,941.3481241083624,,4,235.33703102709055,235.33703102709055,235.33703102709055,235.33703102709055,0.0,0.0,0.0,0.0,0.0,0.0,40.0,10.0,8.0,5.0,62.0,999.3481241083624,990.0,968.1085226757692,21.89147732423089,0.5697113626612577,0.3030784992866898,989.127210138052,0.3917324242510243,0.3917324242510243,0.3917324242510243,0.3917324242510243,20.626955038031944,20.626955038031944,20.626955038031944,20.626955038031944,,0.9385089649887602,0.9385089649887602,0.9385089649887602,0.9385089649887602,44.67890461986924,44.67890461986924,44.67890461986924,44.67890461986924,0.9099573242335892,0.9099573242335892,0.9099573242335892,0.9099573242335892,0.98,0.98,0.98,0.98,43.78532652747185,43.78532652747185,43.78532652747185,43.78532652747185,175.1413061098874,4203.391346637298,0.1642440232699181,5.168158470001022e-05,0.315
1973-04-03,1973-04-14,1156.5974,0.9338086699838878,1080.0406798008228,0.311,1973,4,3,1973.04,1972,7,185,27,0.093315514734791,13.692555692460244,0.0126778147791483,0.93,5,Dry,40,10,8,5,62,125.0,0.1157363813583874,955.0406798008228,955.0406798008228,,4,238.7601699502057,238.7601699502057,238.7601699502057,238.7601699502057,0.0,0.0,0.0,0.0,0.0,0.0,40.0,10.0,8.0,5.0,62.0,1013.0406798008228,990.0,968.1515564222312,21.84844357776888,0.5822402371367289,0.3140325438406582,989.1037272190226,0.4032341710326911,0.4032341710326911,0.4032341710326911,0.4032341710326911,20.548936625758817,20.548936625758817,20.548936625758817,20.548936625758817,,0.9389393262389888,0.9389393262389888,0.9389393262389888,0.9389393262389888,45.17804783211993,45.17804783211993,45.17804783211993,45.17804783211993,0.9201231737702632,0.9201231737702632,0.9201231737702632,0.9201231737702632,0.98,0.98,0.98,0.98,44.27448687547753,44.27448687547753,44.27448687547753,44.27448687547753,177.0979475019101,4250.350740045843,0.1639734047189499,5.1509716126799656e-05,0.31
1973-04-04,1973-04-15,1156.5974,0.9338086699838878,1080.0406798008228,0.311,1973,4,4,1973.04,1972,7,186,27,0.093315514734791,0.0,0.0,0.93,5,Dry,40,10,8,5,62,125.0,0.1157363813583874,955.0406798008228,955.0406798008228,,4,238.7601699502057,238.7601699502057,238.7601699502057,238.7601699502057,0.0,0.0,0.0,0.0,0.0,0.0,40.0,10.0,8.0,5.0,62.0,1013.0406798008228,990.0,968.1515564222312,21.84844357776888,0.5822402371367289,0.3140325438406582,989.1037272190226,0.4032341710326911,0.4032341710326911,0.4032341710326911,0.4032341710326911,20.548936625758817,20.548936625758817,20.548936625758817,20.548936625758817,,0.9389393262389888,0.9389393262389888,0.9389393262389888,0.9389393262389888,45.17804783211993,45.17804783211993,45.17804783211993,45.17804783211993,0.9201231737702632,0.9201231737702632,0.9201231737702632,0.9201231737702632,0.98,0.98,0.98,0.98,44.27448687547753,44.27448687547753,44.27448687547753,44.27448687547753,177.0979475019101,4250.350740045843,0.1639734047189499,5.1509716126799656e-05,0.31
1973-04-05,1973-04-16,1165.5017,0.9291100950872416,1082.8793953113418,0.307,1973,4,5,1973.04,1972,7,187,27,0.0935607797548999,2.838715510519023,0.0026214512186769,0.93,5,Dry,40,10,8,5,62,125.0,0.1154329840804302,957.8793953113418,957.8793953113418,,4,239.46984882783545,239.46984882783545,239.46984882783545,239.46984882783545,0.0,0.0,0.0,0.0,0.0,0.0,40.0,10.0,8.0,5.0,62.0,1015.8793953113418,990.0,968.16047809955,21.83952190045011,0.5848377003935298,0.3163035162490734,989.0988587833574,0.4056186920615271,0.4056186920615271,0.4056186920615271,0.4056186920615271,20.532761991745986,20.532761991745986,20.532761991745986,20.532761991745986,,0.9390278460518038,0.9390278460518038,0.9390278460518038,0.9390278460518038,45.28093475449823,45.28093475449823,45.28093475449823,45.28093475449823,0.9222186304378456,0.9222186304378456,0.9222186304378456,0.9222186304378456,0.98,0.98,0.98,0.98,44.37531605940826,44.37531605940826,44.37531605940826,44.37531605940826,177.50126423763305,4260.030341703194,0.1639160048719914,5.147402373829102e-05,0.305
1973-04-06,1973-04-17,1183.4396,0.9205844129984858,1089.4560494851628,0.303,1973,4,6,1973.04,1972,7,188,27,0.094129002675518,6.576654173820997,0.0060366401902388,0.93,5,Dry,40,10,8,5,62,125.0,0.114736156689451,964.4560494851628,964.4560494851628,,4,241.1140123712907,241.1140123712907,241.1140123712907,241.1140123712907,0.0,0.0,0.0,0.0,0.0,0.0,40.0,10.0,8.0,5.0,62.0,1022.4560494851628,990.0,968.1811475840964,21.81885241590373,0.5908554283081043,0.3215648395881302,989.0875797321036,0.4112322025572399,0.4112322025572399,0.4112322025572399,0.4112322025572399,20.49519994545017,20.49519994545017,20.49519994545017,20.49519994545017,,0.9392318263289178,0.9392318263289178,0.9392318263289178,0.9392318263289178,45.51830794603199,45.51830794603199,45.51830794603199,45.51830794603199,0.9270531149904682,0.9270531149904682,0.9270531149904682,0.9270531149904682,0.98,0.98,0.98,0.98,44.60794178711135,44.60794178711135,44.60794178711135,44.60794178711135,178.4317671484454,4282.36241156269,0.1637806015513574,5.139101962180139e-05,0.305
1973-04-07,1973-04-18,1183.4396,0.9205844129984858,1089.4560494851628,0.303,1973,4,7,1973.04,1972,7,189,27,0.094129002675518,0.0,0.0,0.93,5,Dry,40,10,8,5,62,125.0,0.114736156689451,964.4560494851628,964.4560494851628,,4,241.1140123712907,241.1140123712907,241.1140123712907,241.1140123712907,0.0,0.0,0.0,0.0,0.0,0.0,40.0,10.0,8.0,5.0,62.0,1022.4560494851628,990.0,968.1811475840964,21.81885241590373,0.5908554283081043,0.3215648395881302,989.0875797321036,0.4112322025572399,0.4112322025572399,0.4112322025572399,0.4112322025572399,20.49519994545017,20.49519994545017,20.49519994545017,20.49519994545017,,0.9392318263289178,0.9392318263289178,0.9392318263289178,0.9392318263289178,45.51830794603199,45.51830794603199,45.51830794603199,45.51830794603199,0.9270531149904682,0.9270531149904682,0.9270531149904682,0.9270531149904682,0.98,0.98,0.98,0.98,44.60794178711135,44.60794178711135,44.60794178711135,44.60794178711135,178.4317671484454,4282.36241156269,0.1637806015513574,5.139101962180139e-05,0.305
1973-04-08,1973-04-19,1201.5505,0.921902008637954,1107.711819429938,0.298,1973,4,8,1973.04,1972,7,190,28,0.0957063011987466,18.25576994477524,0.01648061312027,0.93,5,Dry,40,10,8,5,62,125.0,0.1128452344801455,982.711819429938,982.711819429938,,4,245.6779548574845,245.6779548574845,245.6779548574845,245.6779548574845,0.0,0.0,0.0,0.0,0.0,0.0,40.0,10.0,8.0,5.0,62.0,1040.711819429938,990.0,968.2385228610656,21.761477138934534,0.6115923772710266,0.3361694555439504,989.052238167185,0.4269728420011958,0.4269728420011958,0.4269728420011958,0.4269728420011958,20.386742464118356,20.386742464118356,20.386742464118356,20.386742464118356,,0.9397209623125472,0.9397209623125472,0.9397209623125472,0.9397209623125472,46.15849488797899,46.15849488797899,46.15849488797899,46.15849488797899,0.9400915455800202,0.9400915455800202,0.9400915455800202,0.9400915455800202,0.98,0.98,0.98,0.98,45.23532499021941,45.23532499021941,45.23532499021941,45.23532499021941,180.94129996087764,4342.591199061064,0.1633469073698207,5.114568810265365e-05,0.3
1973-04-09,1973-04-20,1210.671,0.922658798487674,1117.0362502238706,0.296,1973,4,9,1973.04,1972,7,191,28,0.0965119320193424,9.324430793932606,0.0083474737655683,0.93,5,Dry,40,10,8,5,62,125.0,0.1119032618457531,992.0362502238706,992.0362502238706,,4,248.0090625559677,248.0090625559677,248.0090625559677,248.0090625559677,0.0,0.0,0.0,0.0,0.0,0.0,40.0,10.0,8.0,5.0,62.0,1050.0362502238706,990.0,968.2678282149892,21.73217178501068,0.625256936670296,0.3436290001790965,989.0311140631504,0.4351317189458868,0.4351317189458868,0.4351317189458868,0.4351317189458868,20.32815412921533,20.32815412921533,20.32815412921533,20.32815412921533,,0.9397773916970004,0.9397773916970004,0.9397773916970004,0.9397773916970004,46.46534735665029,46.46534735665029,46.46534735665029,46.46534735665029,0.9463410866934884,0.9463410866934884,0.9463410866934884,0.9463410866934884,0.98,0.98,0.98,0.98,45.53604040951728,45.53604040951728,45.53604040951728,45.53604040951728,182.1441616380691,4371.459879313658,0.1630602065076802,5.1001765755637856e-05,0.295
1973-04-10,1973-04-21,1229.0427,0.91756512366433,1127.726717014242,0.293,1973,4,10,1973.04,1972,7,192,28,0.0974355883500305,10.690466790371373,0.0094796608336772,0.93,5,Dry,40,10,8,5,62,125.0,0.1108424568772732,1002.726717014242,1002.726717014242,,4,250.6816792535605,250.6816792535605,250.6816792535605,250.6816792535605,0.0,0.0,0.0,0.0,0.0,0.0,40.0,10.0,8.0,5.0,62.0,1060.726717014242,990.0,968.301426824902,21.69857317509809,0.640923364111422,0.3535447321185146,989.00553190377,0.4445267781426754,0.4445267781426754,0.4445267781426754,0.4445267781426754,20.25957830072544,20.25957830072544,20.25957830072544,20.25957830072544,,0.9398324118206038,0.9398324118206038,0.9398324118206038,0.9398324118206038,46.81037437471273,46.81037437471273,46.81037437471273,46.81037437471273,0.9533681135379376,0.9533681135379376,0.9533681135379376,0.9533681135379376,0.98,0.98,0.98,0.98,45.87416688721847,45.87416688721847,45.87416688721847,45.87416688721847,183.4966675488739,4403.920021172973,0.1627137716792751,5.083269018015992e-05,0.295
1973-04-11,1973-04-22,1229.0427,0.91756512366433,1127.726717014242,0.293,1973,4,11,1973.04,1972,7,193,28,0.0974355883500305,0.0,0.0,0.94,5,Dry,40,10,8,5,62,125.0,0.1108424568772732,1002.726717014242,1002.726717014242,,4,250.6816792535605,250.6816792535605,250.6816792535605,250.6816792535605,0.0,0.0,0.0,0.0,0.0,0.0,40.0,10.0,8.0,5.0,62.0,1060.726717014242,990.0,968.301426824902,21.69857317509809,0.640923364111422,0.3535447321185146,989.00553190377,0.4445267781426754,0.4445267781426754,0.4445267781426754,0.4445267781426754,20.25957830072544,20.25957830072544,20.25957830072544,20.25957830072544,,0.9398324118206038,0.9398324118206038,0.9398324118206038,0.9398324118206038,46.81037437471273,46.81037437471273,46.81037437471273,46.81037437471273,0.9533681135379376,0.9533681135379376,0.9533681135379376,0.9533681135379376,0.98,0.98,0.98,0.98,45.87416688721847,45.87416688721847,45.87416688721847,45.87416688721847,183.4966675488739,4403.920021172973,0.1627137716792751,5.083269018015992e-05,0.295
1973-04-12,1973-04-23,1229.0427,0.91756512366433,1127.726717014242,0.293,1973,4,12,1973.04,1972,7,194,28,0.0974355883500305,0.0,0.0,0.94,5,Dry,40,10,8,5,62,125.0,0.1108424568772732,1002.726717014242,1002.726717014242,,4,250.6816792535605,250.6816792535605,250.6816792535605,250.6816792535605,0.0,0.0,0.0,0.0,0.0,0.0,40.0,10.0,8.0,5.0,62.0,1060.726717014242,990.0,968.301426824902,21.69857317509809,0.640923364111422,0.3535447321185146,989.00553190377,0.4445267781426754,0.4445267781426754,0.4445267781426754,0.4445267781426754,20.25957830072544,20.25957830072544,20.25957830072544,20.25957830072544,,0.9398324118206038,0.9398324118206038,0.9398324118206038,0.9398324118206038,46.81037437471273,46.81037437471273,46.81037437471273,46.81037437471273,0.9533681135379376,0.9533681135379376,0.9533681135379376,0.9533681135379376,0.98,0.98,0.98,0.98,45.87416688721847,45.87416688721847,45.87416688721847,45.87416688721847,183.4966675488739,4403.920021172973,0.1627137716792751,5.083269018015992e-05,0.295
1973-04-13,1973-04-24,1238.2939,0.9143826532177884,1132.2744617454025,0.29,1973,4,13,1973.04,1972,7,195,28,0.0978285134948028,4.547744731160492,0.0040164685196115,0.94,5,Dry,40,10,8,5,62,125.0,0.1103972616385892,1007.2744617454024,1007.2744617454024,,4,251.81861543635063,251.81861543635063,251.81861543635063,251.81861543635063,0.0,0.0,0.0,0.0,0.0,0.0,40.0,10.0,8.0,5.0,62.0,1065.2744617454025,990.0,968.3157197369142,21.68428026308584,0.6475878918863607,0.3594568002690232,988.9929553078446,0.4485742709534082,0.4485742709534082,0.4485742709534082,0.4485742709534082,20.228661299977,20.228661299977,20.228661299977,20.228661299977,,0.9398498849060204,0.9398498849060204,0.9398498849060204,0.9398498849060204,46.951791358521255,46.951791358521255,46.951791358521255,46.951791358521255,0.9562482965075612,0.9562482965075612,0.9562482965075612,0.9562482965075612,0.98,0.98,0.98,0.98,46.01275553135083,46.01275553135083,46.01275553135083,46.01275553135083,184.0510221254033,4417.22453100968,0.1625498307554234,5.075606090035618e-05,0.29
1973-04-14,1973-04-25,1247.589,0.9151467263536076,1141.726989184771,0.287,1973,4,14,1973.04,1972,7,196,28,0.0986452118655642,9.452527439368398,0.008279148630898,0.94,5,Dry,40,10,8,5,62,125.0,0.1094832663010392,1016.7269891847708,1016.7269891847708,,4,254.18174729619275,254.18174729619275,254.18174729619275,254.18174729619275,0.0,0.0,0.0,0.0,0.0,0.0,40.0,10.0,8.0,5.0,62.0,1074.726989184771,990.0,968.345427680295,21.65457231970504,0.6614401715078171,0.3717450859402021,988.966814742552,0.456987020374446,0.456987020374446,0.456987020374446,0.456987020374446,20.16440004188254,20.16440004188254,20.16440004188254,20.16440004188254,,0.9398817044922884,0.9398817044922884,0.9398817044922884,0.9398817044922884,47.24344521821887,47.24344521821887,47.24344521821887,47.24344521821887,0.9621882936500789,0.9621882936500789,0.9621882936500789,0.9621882936500789,0.98,0.98,0.98,0.98,46.29857631385449,46.29857631385449,46.29857631385449,46.29857631385449,185.194305255418,4444.663326130031,0.1622054195177189,5.059653487923755e-05,0.285
1973-04-15,1973-04-26,1247.589,0.9151467263536076,1141.726989184771,0.287,1973,4,15,1973.04,1972,7,197,29,0.0986452118655642,0.0,0.0,0.94,5,Dry,40,10,8,5,62,125.0,0.1094832663010392,1016.7269891847708,1016.7269891847708,,4,254.18174729619275,254.18174729619275,254.18174729619275,254.18174729619275,0.0,0.0,0.0,0.0,0.0,0.0,40.0,10.0,8.0,5.0,62.0,1074.726989184771,990.0,968.345427680295,21.65457231970504,0.6614401715078171,0.3717450859402021,988.966814742552,0.456987020374446,0.456987020374446,0.456987020374446,0.456987020374446,20.16440004188254,20.16440004188254,20.16440004188254,20.16440004188254,,0.9398817044922884,0.9398817044922884,0.9398817044922884,0.9398817044922884,47.24344521821887,47.24344521821887,47.24344521821887,47.24344521821887,0.9621882936500789,0.9621882936500789,0.9621882936500789,0.9621882936500789,0.98,0.98,0.98,0.98,46.29857631385449,46.29857631385449,46.29857631385449,46.29857631385449,185.194305255418,4444.663326130031,0.1622054195177189,5.059653487923755e-05,0.285
1973-04-16,1973-04-27,1247.589,0.9151467263536076,1141.726989184771,0.287,1973,4,16,1973.04,1972,7,198,29,0.0986452118655642,0.0,0.0,0.94,5,Dry,40,10,8,5,62,125.0,0.1094832663010392,1016.7269891847708,1016.7269891847708,,4,254.18174729619275,254.18174729619275,254.18174729619275,254.18174729619275,0.0,0.0,0.0,0.0,0.0,0.0,40.0,10.0,8.0,5.0,62.0,1074.726989184771,990.0,968.345427680295,21.65457231970504,0.6614401715078171,0.3717450859402021,988.966814742552,0.456987020374446,0.456987020374446,0.456987020374446,0.456987020374446,20.16440004188254,20.16440004188254,20.16440004188254,20.16440004188254,,0.9398817044922884,0.9398817044922884,0.9398817044922884,0.9398817044922884,47.24344521821887,47.24344521821887,47.24344521821887,47.24344521821887,0.9621882936500789,0.9621882936500789,0.9621882936500789,0.9621882936500789,0.98,0.98,0.98,0.98,46.29857631385449,46.29857631385449,46.29857631385449,46.29857631385449,185.194305255418,4444.663326130031,0.1622054195177189,5.059653487923755e-05,0.285
1973-04-17,1973-04-28,1275.7375,0.914516856089578,1166.683447695578,0.283,1973,4,17,1973.04,1972,7,199,29,0.1008014498808979,24.956458510807124,0.0213909424703855,0.94,5,Dry,40,10,8,5,62,125.0,0.1071413160501238,1041.683447695578,1041.683447695578,,4,260.4208619238945,260.4208619238945,260.4208619238945,260.4208619238945,0.0,0.0,0.0,0.0,0.0,0.0,40.0,10.0,8.0,5.0,62.0,1099.683447695578,990.0,968.423862264186,21.57613773581386,0.6980128071198726,0.4041884820042514,988.897798710876,0.4797571891184097,0.4797571891184097,0.4797571891184097,0.4797571891184097,19.994179257571368,19.994179257571368,19.994179257571368,19.994179257571368,,0.939932668405189,0.939932668405189,0.939932668405189,0.939932668405189,47.99707780824966,47.99707780824966,47.99707780824966,47.99707780824966,0.9775372262372638,0.9775372262372638,0.9775372262372638,0.9775372262372638,0.98,0.98,0.98,0.98,47.037136252084665,47.037136252084665,47.037136252084665,47.037136252084665,188.14854500833863,4515.565080200127,0.1612678618008748,5.017213707307751e-05,0.285
1973-04-18,1973-04-29,1285.2084,0.9120856039266032,1172.2200796855432,0.281,1973,4,18,1973.04,1972,7,200,29,0.1012798148848309,5.536631989965144,0.0047232017996572,0.94,5,Dry,40,10,8,5,62,125.0,0.1066352659933382,1047.2200796855432,1047.2200796855432,,4,261.8050199213858,261.8050199213858,261.8050199213858,261.8050199213858,0.0,0.0,0.0,0.0,0.0,0.0,40.0,10.0,8.0,5.0,62.0,1105.2200796855432,990.0,968.4412631075832,21.55873689241685,0.7061265073950682,0.4113861035912061,988.8824873890136,0.4848785737091274,0.4848785737091274,0.4848785737091274,0.4848785737091274,19.95634570772142,19.95634570772142,19.95634570772142,19.95634570772142,,0.9399227255499047,0.9399227255499047,0.9399227255499047,0.9399227255499047,48.1603725627416,48.1603725627416,48.1603725627416,48.1603725627416,0.980862984984554,0.980862984984554,0.980862984984554,0.980862984984554,0.98,0.98,0.98,0.98,47.19716511148677,47.19716511148677,47.19716511148677,47.19716511148677,188.78866044594707,4530.92785070273,0.1610522321854365,5.007667021058801e-05,0.28
1973-04-19,1973-04-30,1285.2084,0.9120856039266032,1172.2200796855432,0.281,1973,4,19,1973.04,1972,7,201,29,0.1012798148848309,0.0,0.0,0.94,5,Dry,40,10,8,5,62,125.0,0.1066352659933382,1047.2200796855432,1047.2200796855432,,4,261.8050199213858,261.8050199213858,261.8050199213858,261.8050199213858,0.0,0.0,0.0,0.0,0.0,0.0,40.0,10.0,8.0,5.0,62.0,1105.2200796855432,990.0,968.4412631075832,21.55873689241685,0.7061265073950682,0.4113861035912061,988.8824873890136,0.4848785737091274,0.4848785737091274,0.4848785737091274,0.4848785737091274,19.95634570772142,19.95634570772142,19.95634570772142,19.95634570772142,,0.9399227255499047,0.9399227255499047,0.9399227255499047,0.9399227255499047,48.1603725627416,48.1603725627416,48.1603725627416,48.1603725627416,0.980862984984554,0.980862984984554,0.980862984984554,0.980862984984554,0.98,0.98,0.98,0.98,47.19716511148677,47.19716511148677,47.19716511148677,47.19716511148677,188.78866044594707,4530.92785070273,0.1610522321854365,5.007667021058801e-05,0.28
1973-04-20,1973-05-01,1294.7235,0.9135144469019452,1182.7486219934508,0.279,1973,4,20,1973.04,1972,7,202,29,0.1021894809402341,10.528542307907626,0.0089017582537212,0.94,5,Dry,40,10,8,5,62,125.0,0.1056860246341442,1057.7486219934508,1057.7486219934508,,4,264.4371554983627,264.4371554983627,264.4371554983627,264.4371554983627,0.0,0.0,0.0,0.0,0.0,0.0,40.0,10.0,8.0,5.0,62.0,1115.7486219934508,990.0,968.4743528119794,21.52564718802057,0.7215556413479676,0.425073208591486,988.8533711500604,0.4946174753439419,0.4946174753439419,0.4946174753439419,0.4946174753439419,19.884400862737152,19.884400862737152,19.884400862737152,19.884400862737152,,0.9399019398818728,0.9399019398818728,0.9399019398818728,0.9399019398818728,48.46812643305903,48.46812643305903,48.46812643305903,48.46812643305903,0.9871308845836868,0.9871308845836868,0.9871308845836868,0.9871308845836868,0.98,0.98,0.98,0.98,47.49876390439785,47.49876390439785,47.49876390439785,47.49876390439785,189.9950556175914,4559.881334822194,0.1606385770269309,4.989503483233714e-05,0.28
1973-04-21,1973-05-02,1304.2828,0.9098196316199432,1186.6620966242278,0.277,1973,4,21,1973.04,1972,7,203,29,0.1025276051483333,3.9134746307770456,0.0032978845805473,0.94,5,Dry,40,10,8,5,62,125.0,0.1053374843231239,1061.6620966242278,1061.6620966242278,,4,265.41552415605696,265.41552415605696,265.41552415605696,265.41552415605696,0.0,0.0,0.0,0.0,0.0,0.0,40.0,10.0,8.0,5.0,62.0,1119.6620966242278,990.0,968.486652303676,21.51334769632388,0.7272906730868038,0.4301607256114961,988.8425486013016,0.4982706813098952,0.4982706813098952,0.4982706813098952,0.4982706813098952,19.857625616315683,19.857625616315683,19.857625616315683,19.857625616315683,,0.9398606436882552,0.9398606436882552,0.9398606436882552,0.9398606436882552,48.57980902838906,48.57980902838906,48.57980902838906,48.57980902838906,0.9894054791932598,0.9894054791932598,0.9894054791932598,0.9894054791932598,0.98,0.98,0.98,0.98,47.60821284782128,47.60821284782128,47.60821284782128,47.60821284782128,190.4328513912851,4570.388433390843,0.1604777399842983,4.982565963648608e-05,0.275
1973-04-22,1973-05-03,1304.2828,0.9098196316199432,1186.6620966242278,0.277,1973,4,22,1973.04,1972,7,204,30,0.1025276051483333,0.0,0.0,0.94,5,Dry,40,10,8,5,62,125.0,0.1053374843231239,1061.6620966242278,1061.6620966242278,,4,265.41552415605696,265.41552415605696,265.41552415605696,265.41552415605696,0.0,0.0,0.0,0.0,0.0,0.0,40.0,10.0,8.0,5.0,62.0,1119.6620966242278,990.0,968.486652303676,21.51334769632388,0.7272906730868038,0.4301607256114961,988.8425486013016,0.4982706813098952,0.4982706813098952,0.4982706813098952,0.4982706813098952,19.857625616315683,19.857625616315683,19.857625616315683,19.857625616315683,,0.9398606436882552,0.9398606436882552,0.9398606436882552,0.9398606436882552,48.57980902838906,48.57980902838906,48.57980902838906,48.57980902838906,0.9894054791932598,0.9894054791932598,0.9894054791932598,0.9894054791932598,0.98,0.98,0.98,0.98,47.60821284782128,47.60821284782128,47.60821284782128,47.60821284782128,190.4328513912851,4570.388433390843,0.1604777399842983,4.982565963648608e-05,0.275
1973-04-23,1973-05-04,1304.2828,0.9098196316199432,1186.6620966242278,0.277,1973,4,23,1973.04,1972,7,205,30,0.1025276051483333,0.0,0.0,0.94,5,Dry,40,10,8,5,62,125.0,0.1053374843231239,1061.6620966242278,1061.6620966242278,,4,265.41552415605696,265.41552415605696,265.41552415605696,265.41552415605696,0.0,0.0,0.0,0.0,0.0,0.0,40.0,10.0,8.0,5.0,62.0,1119.6620966242278,990.0,968.486652303676,21.51334769632388,0.7272906730868038,0.4301607256114961,988.8425486013016,0.4982706813098952,0.4982706813098952,0.4982706813098952,0.4982706813098952,19.857625616315683,19.857625616315683,19.857625616315683,19.857625616315683,,0.9398606436882552,0.9398606436882552,0.9398606436882552,0.9398606436882552,48.57980902838906,48.57980902838906,48.57980902838906,48.57980902838906,0.9894054791932598,0.9894054791932598,0.9894054791932598,0.9894054791932598,0.98,0.98,0.98,0.98,47.60821284782128,47.60821284782128,47.60821284782128,47.60821284782128,190.4328513912851,4570.388433390843,0.1604777399842983,4.982565963648608e-05,0.275
1973-04-24,1973-05-05,1304.2828,0.9098196316199432,1186.6620966242278,0.277,1973,4,24,1973.04,1972,7,206,30,0.1025276051483333,0.0,0.0,0.94,5,Dry,40,10,8,5,62,125.0,0.1053374843231239,1061.6620966242278,1061.6620966242278,,4,265.41552415605696,265.41552415605696,265.41552415605696,265.41552415605696,0.0,0.0,0.0,0.0,0.0,0.0,40.0,10.0,8.0,5.0,62.0,1119.6620966242278,990.0,968.486652303676,21.51334769632388,0.7272906730868038,0.4301607256114961,988.8425486013016,0.4982706813098952,0.4982706813098952,0.4982706813098952,0.4982706813098952,19.857625616315683,19.857625616315683,19.857625616315683,19.857625616315683,,0.9398606436882552,0.9398606436882552,0.9398606436882552,0.9398606436882552,48.57980902838906,48.57980902838906,48.57980902838906,48.57980902838906,0.9894054791932598,0.9894054791932598,0.9894054791932598,0.9894054791932598,0.98,0.98,0.98,0.98,47.60821284782128,47.60821284782128,47.60821284782128,47.60821284782128,190.4328513912851,4570.388433390843,0.1604777399842983,4.982565963648608e-05,0.275
1973-04-25,1973-05-06,1304.2828,0.9098196316199432,1186.6620966242278,0.277,1973,4,25,1973.04,1972,7,207,30,0.1025276051483333,0.0,0.0,0.94,5,Dry,40,10,8,5,62,125.0,0.1053374843231239,1061.6620966242278,1061.6620966242278,,4,265.41552415605696,265.41552415605696,265.41552415605696,265.41552415605696,0.0,0.0,0.0,0.0,0.0,0.0,40.0,10.0,8.0,5.0,62.0,1119.6620966242278,990.0,968.486652303676,21.51334769632388,0.7272906730868038,0.4301607256114961,988.8425486013016,0.4982706813098952,0.4982706813098952,0.4982706813098952,0.4982706813098952,19.857625616315683,19.857625616315683,19.857625616315683,19.857625616315683,,0.9398606436882552,0.9398606436882552,0.9398606436882552,0.9398606436882552,48.57980902838906,48.57980902838906,48.57980902838906,48.57980902838906,0.9894054791932598,0.9894054791932598,0.9894054791932598,0.9894054791932598,0.98,0.98,0.98,0.98,47.60821284782128,47.60821284782128,47.60821284782128,47.60821284782128,190.4328513912851,4570.388433390843,0.1604777399842983,4.982565963648608e-05,0.275
1973-04-26,1973-05-07,1304.2828,0.9098196316199432,1186.6620966242278,0.277,1973,4,26,1973.04,1972,7,208,30,0.1025276051483333,0.0,0.0,0.94,5,Dry,40,10,8,5,62,125.0,0.1053374843231239,1061.6620966242278,1061.6620966242278,,4,265.41552415605696,265.41552415605696,265.41552415605696,265.41552415605696,0.0,0.0,0.0,0.0,0.0,0.0,40.0,10.0,8.0,5.0,62.0,1119.6620966242278,990.0,968.486652303676,21.51334769632388,0.7272906730868038,0.4301607256114961,988.8425486013016,0.4982706813098952,0.4982706813098952,0.4982706813098952,0.4982706813098952,19.857625616315683,19.857625616315683,19.857625616315683,19.857625616315683,,0.9398606436882552,0.9398606436882552,0.9398606436882552,0.9398606436882552,48.57980902838906,48.57980902838906,48.57980902838906,48.57980902838906,0.9894054791932598,0.9894054791932598,0.9894054791932598,0.9894054791932598,0.98,0.98,0.98,0.98,47.60821284782128,47.60821284782128,47.60821284782128,47.60821284782128,190.4328513912851,4570.388433390843,0.1604777399842983,4.982565963648608e-05,0.275
1973-04-27,1973-05-08,1333.2273,0.906175230008076,1208.137555230546,0.272,1973,4,27,1973.04,1972,7,209,30,0.1043830847719191,21.47545860631817,0.0177756734018752,0.94,5,Dry,40,10,8,5,62,125.0,0.1034650396048209,1083.137555230546,1083.137555230546,,4,270.7843888076365,270.7843888076365,270.7843888076365,270.7843888076365,0.0,0.0,0.0,0.0,0.0,0.0,40.0,10.0,8.0,5.0,62.0,1141.137555230546,990.0,968.5541466021532,21.44585339784692,0.7587620504006378,0.4580788217997098,988.7831591277996,0.5186277407974769,0.5186277407974769,0.5186277407974769,0.5186277407974769,19.71038478484909,19.71038478484909,19.71038478484909,19.71038478484909,,0.9393586414870622,0.9393586414870622,0.9393586414870622,0.9393586414870622,49.16871518154946,49.16871518154946,49.16871518154946,49.16871518154946,1.0013994945325757,1.0013994945325757,1.0013994945325757,1.0013994945325757,0.98,0.98,0.98,0.98,48.18534087791847,48.18534087791847,48.18534087791847,48.18534087791847,192.74136351167388,4625.792724280173,0.1595359424737802,4.942979530493317e-05,0.27
1973-04-28,1973-05-09,1333.2273,0.906175230008076,1208.137555230546,0.272,1973,4,28,1973.04,1972,7,210,30,0.1043830847719191,0.0,0.0,0.94,5,Dry,40,10,8,5,62,125.0,0.1034650396048209,1083.137555230546,1083.137555230546,,4,270.7843888076365,270.7843888076365,270.7843888076365,270.7843888076365,0.0,0.0,0.0,0.0,0.0,0.0,40.0,10.0,8.0,5.0,62.0,1141.137555230546,990.0,968.5541466021532,21.44585339784692,0.7587620504006378,0.4580788217997098,988.7831591277996,0.5186277407974769,0.5186277407974769,0.5186277407974769,0.5186277407974769,19.71038478484909,19.71038478484909,19.71038478484909,19.71038478484909,,0.9393586414870622,0.9393586414870622,0.9393586414870622,0.9393586414870622,49.16871518154946,49.16871518154946,49.16871518154946,49.16871518154946,1.0013994945325757,1.0013994945325757,1.0013994945325757,1.0013994945325757,0.98,0.98,0.98,0.98,48.18534087791847,48.18534087791847,48.18534087791847,48.18534087791847,192.74136351167388,4625.792724280173,0.1595359424737802,4.942979530493317e-05,0.27
1973-04-29,1973-05-10,1333.2273,0.906175230008076,1208.137555230546,0.272,1973,4,29,1973.04,1972,7,211,31,0.1043830847719191,0.0,0.0,0.94,5,Dry,40,10,8,5,62,125.0,0.1034650396048209,1083.137555230546,1083.137555230546,,4,270.7843888076365,270.7843888076365,270.7843888076365,270.7843888076365,0.0,0.0,0.0,0.0,0.0,0.0,40.0,10.0,8.0,5.0,62.0,1141.137555230546,990.0,968.5541466021532,21.44585339784692,0.7587620504006378,0.4580788217997098,988.7831591277996,0.5186277407974769,0.5186277407974769,0.5186277407974769,0.5186277407974769,19.71038478484909,19.71038478484909,19.71038478484909,19.71038478484909,,0.9393586414870622,0.9393586414870622,0.9393586414870622,0.9393586414870622,49.16871518154946,49.16871518154946,49.16871518154946,49.16871518154946,1.0013994945325757,1.0013994945325757,1.0013994945325757,1.0013994945325757,0.98,0.98,0.98,0.98,48.18534087791847,48.18534087791847,48.18534087791847,48.18534087791847,192.74136351167388,4625.792724280173,0.1595359424737802,4.942979530493317e-05,0.27
1973-04-30,1973-05-11,1333.2273,0.906175230008076,1208.137555230546,0.272,1973,4,30,1973.04,1972,7,212,31,0.1043830847719191,0.0,0.0,0.94,5,Dry,40,10,8,5,62,125.0,0.1034650396048209,1083.137555230546,1083.137555230546,,4,270.7843888076365,270.7843888076365,270.7843888076365,270.7843888076365,0.0,0.0,0.0,0.0,0.0,0.0,40.0,10.0,8.0,5.0,62.0,1141.137555230546,990.0,968.5541466021532,21.44585339784692,0.7587620504006378,0.4580788217997098,988.7831591277996,0.5186277407974769,0.5186277407974769,0.5186277407974769,0.5186277407974769,19.71038478484909,19.71038478484909,19.71038478484909,19.71038478484909,,0.9393586414870622,0.9393586414870622,0.9393586414870622,0.9393586414870622,49.16871518154946,49.16871518154946,49.16871518154946,49.16871518154946,1.0013994945325757,1.0013994945325757,1.0013994945325757,1.0013994945325757,0.98,0.98,0.98,0.98,48.18534087791847,48.18534087791847,48.18534087791847,48.18534087791847,192.74136351167388,4625.792724280173,0.1595359424737802,4.942979530493317e-05,0.27
1973-05-01,1973-05-12,1333.2273,0.906175230008076,1208.137555230546,0.272,1973,5,1,1973.05,1972,8,213,31,0.1043830847719191,0.0,0.0,0.92,5,Dry,42,9,8,6,82,147.0,0.1216748865752694,1061.137555230546,1061.137555230546,,4,265.2843888076365,265.2843888076365,265.2843888076365,265.2843888076365,0.0,0.0,0.0,0.0,0.0,0.0,42.0,9.0,8.0,6.0,82.0,1120.137555230546,990.0,968.5541466021532,21.44585339784692,0.7279874375876628,0.4294788217997098,988.8425337406126,0.4977749896928659,0.4977749896928659,0.4977749896928659,0.4977749896928659,19.79061214876662,19.79061214876662,19.79061214876662,19.79061214876662,,0.9396759207657828,0.9396759207657828,0.9396759207657828,0.9396759207657828,48.382434703909226,48.382434703909226,48.382434703909226,48.382434703909226,0.9853856355174996,0.9853856355174996,0.9853856355174996,0.9853856355174996,0.98,0.98,0.98,0.98,47.41478600983104,47.41478600983104,47.41478600983104,47.41478600983104,189.65914403932416,4551.81945694378,0.1569847267955609,4.964775330662276e-05,0.27
1973-05-02,1973-05-13,1333.2273,0.906175230008076,1208.137555230546,0.272,1973,5,2,1973.05,1972,8,214,31,0.1043830847719191,0.0,0.0,0.92,5,Dry,42,9,8,6,82,147.0,0.1216748865752694,1061.137555230546,1061.137555230546,,4,265.2843888076365,265.2843888076365,265.2843888076365,265.2843888076365,0.0,0.0,0.0,0.0,0.0,0.0,42.0,9.0,8.0,6.0,82.0,1120.137555230546,990.0,968.5541466021532,21.44585339784692,0.7279874375876628,0.4294788217997098,988.8425337406126,0.4977749896928659,0.4977749896928659,0.4977749896928659,0.4977749896928659,19.79061214876662,19.79061214876662,19.79061214876662,19.79061214876662,,0.9396759207657828,0.9396759207657828,0.9396759207657828,0.9396759207657828,48.382434703909226,48.382434703909226,48.382434703909226,48.382434703909226,0.9853856355174996,0.9853856355174996,0.9853856355174996,0.9853856355174996,0.98,0.98,0.98,0.98,47.41478600983104,47.41478600983104,47.41478600983104,47.41478600983104,189.65914403932416,4551.81945694378,0.1569847267955609,4.964775330662276e-05,0.27
1973-05-03,1973-05-14,1333.2273,0.906175230008076,1208.137555230546,0.272,1973,5,3,1973.05,1972,8,215,31,0.1043830847719191,0.0,0.0,0.92,5,Dry,42,9,8,6,82,147.0,0.1216748865752694,1061.137555230546,1061.137555230546,,4,265.2843888076365,265.2843888076365,265.2843888076365,265.2843888076365,0.0,0.0,0.0,0.0,0.0,0.0,42.0,9.0,8.0,6.0,82.0,1120.137555230546,990.0,968.5541466021532,21.44585339784692,0.7279874375876628,0.4294788217997098,988.8425337406126,0.4977749896928659,0.4977749896928659,0.4977749896928659,0.4977749896928659,19.79061214876662,19.79061214876662,19.79061214876662,19.79061214876662,,0.9396759207657828,0.9396759207657828,0.9396759207657828,0.9396759207657828,48.382434703909226,48.382434703909226,48.382434703909226,48.382434703909226,0.9853856355174996,0.9853856355174996,0.9853856355174996,0.9853856355174996,0.98,0.98,0.98,0.98,47.41478600983104,47.41478600983104,47.41478600983104,47.41478600983104,189.65914403932416,4551.81945694378,0.1569847267955609,4.964775330662276e-05,0.27
1973-05-04,1973-05-15,1323.5347,0.9063317221724048,1199.561484005937,0.273,1973,5,4,1973.05,1972,8,216,31,0.1036421122181129,8.576071224608995,0.0071493386032779,0.92,5,Dry,42,9,8,6,82,147.0,0.1225447815389114,1052.561484005937,1052.561484005937,,4,263.14037100148425,263.14037100148425,263.14037100148425,263.14037100148425,0.0,0.0,0.0,0.0,0.0,0.0,42.0,9.0,8.0,6.0,82.0,1111.561484005937,990.0,968.5271932354472,21.47280676455273,0.7154195675212895,0.4183299292077181,988.866250503271,0.4898193727054917,0.4898193727054917,0.4898193727054917,0.4898193727054917,19.84923789511821,19.84923789511821,19.84923789511821,19.84923789511821,,0.939717756547862,0.939717756547862,0.939717756547862,0.939717756547862,48.13571777526857,48.13571777526857,48.13571777526857,48.13571777526857,0.9803608508201336,0.9803608508201336,0.9803608508201336,0.9803608508201336,0.98,0.98,0.98,0.98,47.1730034197632,47.1730034197632,47.1730034197632,47.1730034197632,188.6920136790528,4528.608328297267,0.1573008271730396,4.979704182666604e-05,0.275
1973-05-05,1973-05-16,1304.2828,0.9098196316199432,1186.6620966242278,0.277,1973,5,5,1973.05,1972,8,217,31,0.1025276051483333,12.899387381709175,0.0108703121287895,0.92,5,Dry,42,9,8,6,82,147.0,0.1238768815639937,1039.6620966242278,1039.6620966242278,,4,259.91552415605696,259.91552415605696,259.91552415605696,259.91552415605696,0.0,0.0,0.0,0.0,0.0,0.0,42.0,9.0,8.0,6.0,82.0,1098.6620966242278,990.0,968.486652303676,21.51334769632388,0.6965160602738288,0.4015607256114962,988.9019232141148,0.4778908184111685,0.4778908184111685,0.4778908184111685,0.4778908184111685,19.93738009202744,19.93738009202744,19.93738009202744,19.93738009202744,,0.9397428680286892,0.9397428680286892,0.9397428680286892,0.9397428680286892,47.75821057029182,47.75821057029182,47.75821057029182,47.75821057029182,0.9726723130405668,0.9726723130405668,0.9726723130405668,0.9726723130405668,0.98,0.98,0.98,0.98,46.80304635888599,46.80304635888599,46.80304635888599,46.80304635888599,187.21218543554397,4493.092450453055,0.157763685187315,5.001950634928513e-05,0.275
1973-05-06,1973-05-17,1304.2828,0.9098196316199432,1186.6620966242278,0.277,1973,5,6,1973.05,1972,8,218,32,0.1025276051483333,0.0,0.0,0.92,5,Dry,42,9,8,6,82,147.0,0.1238768815639937,1039.6620966242278,1039.6620966242278,,4,259.91552415605696,259.91552415605696,259.91552415605696,259.91552415605696,0.0,0.0,0.0,0.0,0.0,0.0,42.0,9.0,8.0,6.0,82.0,1098.6620966242278,990.0,968.486652303676,21.51334769632388,0.6965160602738288,0.4015607256114962,988.9019232141148,0.4778908184111685,0.4778908184111685,0.4778908184111685,0.4778908184111685,19.93738009202744,19.93738009202744,19.93738009202744,19.93738009202744,,0.9397428680286892,0.9397428680286892,0.9397428680286892,0.9397428680286892,47.75821057029182,47.75821057029182,47.75821057029182,47.75821057029182,0.9726723130405668,0.9726723130405668,0.9726723130405668,0.9726723130405668,0.98,0.98,0.98,0.98,46.80304635888599,46.80304635888599,46.80304635888599,46.80304635888599,187.21218543554397,4493.092450453055,0.157763685187315,5.001950634928513e-05,0.275
1973-05-07,1973-05-18,1304.2828,0.9098196316199432,1186.6620966242278,0.277,1973,5,7,1973.05,1972,8,219,32,0.1025276051483333,0.0,0.0,0.92,5,Dry,42,9,8,6,82,147.0,0.1238768815639937,1039.6620966242278,1039.6620966242278,,4,259.91552415605696,259.91552415605696,259.91552415605696,259.91552415605696,0.0,0.0,0.0,0.0,0.0,0.0,42.0,9.0,8.0,6.0,82.0,1098.6620966242278,990.0,968.486652303676,21.51334769632388,0.6965160602738288,0.4015607256114962,988.9019232141148,0.4778908184111685,0.4778908184111685,0.4778908184111685,0.4778908184111685,19.93738009202744,19.93738009202744,19.93738009202744,19.93738009202744,,0.9397428680286892,0.9397428680286892,0.9397428680286892,0.9397428680286892,47.75821057029182,47.75821057029182,47.75821057029182,47.75821057029182,0.9726723130405668,0.9726723130405668,0.9726723130405668,0.9726723130405668,0.98,0.98,0.98,0.98,46.80304635888599,46.80304635888599,46.80304635888599,46.80304635888599,187.21218543554397,4493.092450453055,0.157763685187315,5.001950634928513e-05,0.275
1973-05-08,1973-05-19,1304.2828,0.9098196316199432,1186.6620966242278,0.277,1973,5,8,1973.05,1972,8,220,32,0.1025276051483333,0.0,0.0,0.92,5,Dry,42,9,8,6,82,147.0,0.1238768815639937,1039.6620966242278,1039.6620966242278,,4,259.91552415605696,259.91552415605696,259.91552415605696,259.91552415605696,0.0,0.0,0.0,0.0,0.0,0.0,42.0,9.0,8.0,6.0,82.0,1098.6620966242278,990.0,968.486652303676,21.51334769632388,0.6965160602738288,0.4015607256114962,988.9019232141148,0.4778908184111685,0.4778908184111685,0.4778908184111685,0.4778908184111685,19.93738009202744,19.93738009202744,19.93738009202744,19.93738009202744,,0.9397428680286892,0.9397428680286892,0.9397428680286892,0.9397428680286892,47.75821057029182,47.75821057029182,47.75821057029182,47.75821057029182,0.9726723130405668,0.9726723130405668,0.9726723130405668,0.9726723130405668,0.98,0.98,0.98,0.98,46.80304635888599,46.80304635888599,46.80304635888599,46.80304635888599,187.21218543554397,4493.092450453055,0.157763685187315,5.001950634928513e-05,0.275
1973-05-09,1973-05-20,1304.2828,0.9098196316199432,1186.6620966242278,0.277,1973,5,9,1973.05,1972,8,221,32,0.1025276051483333,0.0,0.0,0.92,5,Dry,42,9,8,6,82,147.0,0.1238768815639937,1039.6620966242278,1039.6620966242278,,4,259.91552415605696,259.91552415605696,259.91552415605696,259.91552415605696,0.0,0.0,0.0,0.0,0.0,0.0,42.0,9.0,8.0,6.0,82.0,1098.6620966242278,990.0,968.486652303676,21.51334769632388,0.6965160602738288,0.4015607256114962,988.9019232141148,0.4778908184111685,0.4778908184111685,0.4778908184111685,0.4778908184111685,19.93738009202744,19.93738009202744,19.93738009202744,19.93738009202744,,0.9397428680286892,0.9397428680286892,0.9397428680286892,0.9397428680286892,47.75821057029182,47.75821057029182,47.75821057029182,47.75821057029182,0.9726723130405668,0.9726723130405668,0.9726723130405668,0.9726723130405668,0.98,0.98,0.98,0.98,46.80304635888599,46.80304635888599,46.80304635888599,46.80304635888599,187.21218543554397,4493.092450453055,0.157763685187315,5.001950634928513e-05,0.275
1973-05-10,1973-05-21,1285.2084,0.9120856039266032,1172.2200796855432,0.281,1973,5,10,1973.05,1972,8,222,32,0.1012798148848309,14.442016938684676,0.0123202265418954,0.92,5,Dry,42,9,8,6,82,147.0,0.1254030728081657,1025.2200796855432,1025.2200796855432,,4,256.3050199213858,256.3050199213858,256.3050199213858,256.3050199213858,0.0,0.0,0.0,0.0,0.0,0.0,42.0,9.0,8.0,6.0,82.0,1084.2200796855432,990.0,968.4412631075832,21.55873689241685,0.6753518945820931,0.3827861035912061,988.9418620018266,0.464676372912272,0.464676372912272,0.464676372912272,0.464676372912272,20.035922521331194,20.035922521331194,20.035922521331194,20.035922521331194,,0.9397483492684888,0.9397483492684888,0.9397483492684888,0.9397483492684888,47.32784465851788,47.32784465851788,47.32784465851788,47.32784465851788,0.9639072231877368,0.9639072231877368,0.9639072231877368,0.9639072231877368,0.98,0.98,0.98,0.98,46.38128776534752,46.38128776534752,46.38128776534752,46.38128776534752,185.5251510613901,4452.603625473363,0.1582681906550846,5.026702578779601e-05,0.28
1973-05-11,1973-05-22,1285.2084,0.9120856039266032,1172.2200796855432,0.281,1973,5,11,1973.05,1972,8,223,32,0.1012798148848309,0.0,0.0,0.91,5,Dry,42,9,8,6,82,147.0,0.1254030728081657,1025.2200796855432,1025.2200796855432,,4,256.3050199213858,256.3050199213858,256.3050199213858,256.3050199213858,0.0,0.0,0.0,0.0,0.0,0.0,42.0,9.0,8.0,6.0,82.0,1084.2200796855432,990.0,968.4412631075832,21.55873689241685,0.6753518945820931,0.3827861035912061,988.9418620018266,0.464676372912272,0.464676372912272,0.464676372912272,0.464676372912272,20.035922521331194,20.035922521331194,20.035922521331194,20.035922521331194,,0.9397483492684888,0.9397483492684888,0.9397483492684888,0.9397483492684888,47.32784465851788,47.32784465851788,47.32784465851788,47.32784465851788,0.9639072231877368,0.9639072231877368,0.9639072231877368,0.9639072231877368,0.98,0.98,0.98,0.98,46.38128776534752,46.38128776534752,46.38128776534752,46.38128776534752,185.5251510613901,4452.603625473363,0.1582681906550846,5.026702578779601e-05,0.28
1973-05-12,1973-05-23,1285.2084,0.9120856039266032,1172.2200796855432,0.281,1973,5,12,1973.05,1972,8,224,32,0.1012798148848309,0.0,0.0,0.91,5,Dry,42,9,8,6,82,147.0,0.1254030728081657,1025.2200796855432,1025.2200796855432,,4,256.3050199213858,256.3050199213858,256.3050199213858,256.3050199213858,0.0,0.0,0.0,0.0,0.0,0.0,42.0,9.0,8.0,6.0,82.0,1084.2200796855432,990.0,968.4412631075832,21.55873689241685,0.6753518945820931,0.3827861035912061,988.9418620018266,0.464676372912272,0.464676372912272,0.464676372912272,0.464676372912272,20.035922521331194,20.035922521331194,20.035922521331194,20.035922521331194,,0.9397483492684888,0.9397483492684888,0.9397483492684888,0.9397483492684888,47.32784465851788,47.32784465851788,47.32784465851788,47.32784465851788,0.9639072231877368,0.9639072231877368,0.9639072231877368,0.9639072231877368,0.98,0.98,0.98,0.98,46.38128776534752,46.38128776534752,46.38128776534752,46.38128776534752,185.5251510613901,4452.603625473363,0.1582681906550846,5.026702578779601e-05,0.28
1973-05-13,1973-05-24,1285.2084,0.9120856039266032,1172.2200796855432,0.281,1973,5,13,1973.05,1972,8,225,33,0.1012798148848309,0.0,0.0,0.91,5,Dry,42,9,8,6,82,147.0,0.1254030728081657,1025.2200796855432,1025.2200796855432,,4,256.3050199213858,256.3050199213858,256.3050199213858,256.3050199213858,0.0,0.0,0.0,0.0,0.0,0.0,42.0,9.0,8.0,6.0,82.0,1084.2200796855432,990.0,968.4412631075832,21.55873689241685,0.6753518945820931,0.3827861035912061,988.9418620018266,0.464676372912272,0.464676372912272,0.464676372912272,0.464676372912272,20.035922521331194,20.035922521331194,20.035922521331194,20.035922521331194,,0.9397483492684888,0.9397483492684888,0.9397483492684888,0.9397483492684888,47.32784465851788,47.32784465851788,47.32784465851788,47.32784465851788,0.9639072231877368,0.9639072231877368,0.9639072231877368,0.9639072231877368,0.98,0.98,0.98,0.98,46.38128776534752,46.38128776534752,46.38128776534752,46.38128776534752,185.5251510613901,4452.603625473363,0.1582681906550846,5.026702578779601e-05,0.28
1973-05-14,1973-05-25,1266.3107,0.909265330658498,1151.4124173518942,0.285,1973,5,14,1973.05,1972,8,226,33,0.0994820328592036,20.807662333648977,0.0180714242959998,0.91,5,Dry,42,9,8,6,82,147.0,0.1276692849449042,1004.4124173518942,1004.4124173518942,,4,251.10310433797355,251.10310433797355,251.10310433797355,251.10310433797355,0.0,0.0,0.0,0.0,0.0,0.0,42.0,9.0,8.0,6.0,82.0,1063.4124173518942,990.0,968.3758675973916,21.624132402608325,0.6448591444934659,0.3557361425574624,988.9994047129492,0.4460270514431858,0.4460270514431858,0.4460270514431858,0.4460270514431858,20.1775100641142,20.1775100641142,20.1775100641142,20.1775100641142,,0.939689923371416,0.939689923371416,0.939689923371416,0.939689923371416,46.6920480434067,46.6920480434067,46.6920480434067,46.6920480434067,0.9509582086233545,0.9509582086233545,0.9509582086233545,0.9509582086233545,0.98,0.98,0.98,0.98,45.75820708253857,45.75820708253857,45.75820708253857,45.75820708253857,183.03282833015427,4392.787879923702,0.1589637436350626,5.061909971999e-05,0.285
1973-05-15,1973-05-26,1247.589,0.9151467263536076,1141.726989184771,0.287,1973,5,15,1973.05,1972,8,227,33,0.0986452118655642,9.685428167123291,0.0084831384900859,0.91,5,Dry,42,9,8,6,82,147.0,0.1287523211700221,994.7269891847708,994.7269891847708,,4,248.68174729619275,248.68174729619275,248.68174729619275,248.68174729619275,0.0,0.0,0.0,0.0,0.0,0.0,42.0,9.0,8.0,6.0,82.0,1053.726989184771,990.0,968.345427680295,21.65457231970504,0.6306655586948421,0.3457815913478167,989.0235528499572,0.4374861155366745,0.4374861155366745,0.4374861155366745,0.4374861155366745,20.240639054125605,20.240639054125605,20.240639054125605,20.240639054125605,,0.9396469499775886,0.9396469499775886,0.9396469499775886,0.9396469499775886,46.38435675973426,46.38435675973426,46.38435675973426,46.38435675973426,0.9446915837013088,0.9446915837013088,0.9446915837013088,0.9446915837013088,0.98,0.98,0.98,0.98,45.45666962453957,45.45666962453957,45.45666962453957,45.45666962453957,181.8266784981583,4363.840283955798,0.1592558293011784,5.077514860165424e-05,0.285
1973-05-16,1973-05-27,1238.2939,0.9143826532177884,1132.2744617454025,0.29,1973,5,16,1973.05,1972,8,228,33,0.0978285134948028,9.452527439368398,0.0083482651589591,0.91,5,Dry,42,9,8,6,82,147.0,0.1298271796869809,985.2744617454024,985.2744617454024,,4,246.31861543635063,246.31861543635063,246.31861543635063,246.31861543635063,0.0,0.0,0.0,0.0,0.0,0.0,42.0,9.0,8.0,6.0,82.0,1044.2744617454025,990.0,968.3157197369142,21.68428026308584,0.6168132790733856,0.338219569396322,989.0449671515304,0.4292151540272271,0.4292151540272271,0.4292151540272271,0.4292151540272271,20.300032260588885,20.300032260588885,20.300032260588885,20.300032260588885,,0.939594642591648,0.939594642591648,0.939594642591648,0.939594642591648,46.075832852895175,46.075832852895175,46.075832852895175,46.075832852895175,0.9384080010772948,0.9384080010772948,0.9384080010772948,0.9384080010772948,0.98,0.98,0.98,0.98,45.15431619583727,45.15431619583727,45.15431619583727,45.15431619583727,180.61726478334907,4334.814354800377,0.1595172114938699,5.092130608048138e-05,0.29
1973-05-17,1973-05-28,1229.0427,0.91756512366433,1127.726717014242,0.293,1973,5,17,1973.05,1972,8,229,33,0.0974355883500305,4.547744731160492,0.00403266559402,0.91,5,Dry,42,9,8,6,82,147.0,0.1303507292876732,980.726717014242,980.726717014242,,4,245.1816792535605,245.1816792535605,245.1816792535605,245.1816792535605,0.0,0.0,0.0,0.0,0.0,0.0,42.0,9.0,8.0,6.0,82.0,1039.726717014242,990.0,968.301426824902,21.69857317509809,0.610148751298447,0.3345813736113936,989.0552698750902,0.4252358773874617,0.4252358773874617,0.4252358773874617,0.4252358773874617,20.328607172800805,20.328607172800805,20.328607172800805,20.328607172800805,,0.9395674764852332,0.9395674764852332,0.9395674764852332,0.9395674764852332,45.92639042551984,45.92639042551984,45.92639042551984,45.92639042551984,0.9353643671185302,0.9353643671185302,0.9353643671185302,0.9353643671185302,0.98,0.98,0.98,0.98,45.00786261700944,45.00786261700944,45.00786261700944,45.00786261700944,180.03145046803775,4320.754811232906,0.1596410262804513,5.099151004407212e-05,0.295
1973-05-18,1973-05-29,1238.2939,0.9143826532177884,1132.2744617454025,0.29,1973,5,18,1973.05,1972,8,230,33,0.0978285134948028,4.547744731160492,0.0040164685196115,0.91,5,Dry,42,9,8,6,82,147.0,0.1298271796869809,985.2744617454024,985.2744617454024,,4,246.31861543635063,246.31861543635063,246.31861543635063,246.31861543635063,0.0,0.0,0.0,0.0,0.0,0.0,42.0,9.0,8.0,6.0,82.0,1044.2744617454025,990.0,968.3157197369142,21.68428026308584,0.6168132790733856,0.338219569396322,989.0449671515304,0.4292151540272271,0.4292151540272271,0.4292151540272271,0.4292151540272271,20.300032260588885,20.300032260588885,20.300032260588885,20.300032260588885,,0.939594642591648,0.939594642591648,0.939594642591648,0.939594642591648,46.075832852895175,46.075832852895175,46.075832852895175,46.075832852895175,0.9384080010772948,0.9384080010772948,0.9384080010772948,0.9384080010772948,0.98,0.98,0.98,0.98,45.15431619583727,45.15431619583727,45.15431619583727,45.15431619583727,180.61726478334907,4334.814354800377,0.1595172114938699,5.092130608048138e-05,0.29
1973-05-19,1973-05-30,1219.8351,0.9229021768936402,1125.7884692412713,0.294,1973,5,19,1973.05,1972,8,231,33,0.0972681237424458,6.485992504131218,0.0057612888045499,0.91,5,Dry,42,9,8,6,82,147.0,0.1305751515638378,978.7884692412712,978.7884692412712,,4,244.69711731031785,244.69711731031785,244.69711731031785,244.69711731031785,0.0,0.0,0.0,0.0,0.0,0.0,42.0,9.0,8.0,6.0,82.0,1037.7884692412713,990.0,968.295335189044,21.704664810956046,0.6073083310723144,0.333030775393017,989.0596608935348,0.4235580835474933,0.4235580835474933,0.4235580835474933,0.4235580835474933,20.34076762094322,20.34076762094322,20.34076762094322,20.34076762094322,,0.939527673954816,0.939527673954816,0.939527673954816,0.939527673954816,45.86110005232035,45.86110005232035,45.86110005232035,45.86110005232035,0.9340346242835104,0.9340346242835104,0.9340346242835104,0.9340346242835104,0.98,0.98,0.98,0.98,44.94387805127395,44.94387805127395,44.94387805127395,44.94387805127395,179.7755122050958,4314.612292922299,0.159688535739095,5.1019851427043785e-05,0.295
1973-05-20,1973-05-31,1201.5505,0.921902008637954,1107.711819429938,0.298,1973,5,20,1973.05,1972,8,232,34,0.0957063011987466,18.07664981133325,0.016318910292603,0.91,5,Dry,42,9,8,6,82,147.0,0.1327059957486511,960.711819429938,960.711819429938,,4,240.1779548574845,240.1779548574845,240.1779548574845,240.1779548574845,0.0,0.0,0.0,0.0,0.0,0.0,42.0,9.0,8.0,6.0,82.0,1019.711819429938,990.0,968.2385228610656,21.761477138934534,0.5883444205265068,0.3185694555439504,989.0930861239297,0.4080121647097467,0.4080121647097467,0.4080121647097467,0.4080121647097467,20.44655109815433,20.44655109815433,20.44655109815433,20.44655109815433,,0.9389800337867829,0.9389800337867829,0.9389800337867829,0.9389800337867829,45.22184340499056,45.22184340499056,45.22184340499056,45.22184340499056,0.9210151406311724,0.9210151406311724,0.9210151406311724,0.9210151406311724,0.98,0.98,0.98,0.98,44.31740653689074,44.31740653689074,44.31740653689074,44.31740653689074,177.26962614756297,4254.471027541511,0.1600322602306358,5.12552899036739e-05,0.3
1973-05-21,1973-06-01,1183.4396,0.9205844129984858,1089.4560494851628,0.303,1973,5,21,1973.05,1972,8,233,34,0.094129002675518,18.25576994477524,0.0167567750469624,0.9,5,Dry,42,9,8,6,82,147.0,0.1349297202667944,942.4560494851628,942.4560494851628,,4,235.6140123712907,235.6140123712907,235.6140123712907,235.6140123712907,0.0,0.0,0.0,0.0,0.0,0.0,42.0,9.0,8.0,6.0,82.0,1001.4560494851628,990.0,968.1811475840964,21.81885241590373,0.5716401430177354,0.3039648395881302,989.124395017394,0.3926630815675367,0.3926630815675367,0.3926630815675367,0.3926630815675367,20.550584351730333,20.550584351730333,20.550584351730333,20.550584351730333,,0.9384114852083678,0.9384114852083678,0.9384114852083678,0.9384114852083678,44.56124381185886,44.56124381185886,44.56124381185886,44.56124381185886,0.9075609737649462,0.9075609737649462,0.9075609737649462,0.9075609737649462,0.98,0.98,0.98,0.98,43.67001893562168,43.67001893562168,43.67001893562168,43.67001893562168,174.68007574248674,4192.321817819682,0.1603369643273211,5.148488705474193e-05,0.305
1973-05-22,1973-06-02,1156.5974,0.9338086699838878,1080.0406798008228,0.311,1973,5,22,1973.05,1972,8,234,34,0.093315514734791,9.41536968434002,0.0087176065313358,0.9,5,Dry,42,9,8,6,82,147.0,0.1361059844774635,933.0406798008228,933.0406798008228,,4,233.2601699502057,233.2601699502057,233.2601699502057,233.2601699502057,0.0,0.0,0.0,0.0,0.0,0.0,42.0,9.0,8.0,6.0,82.0,992.0406798008228,990.0,968.1515564222312,21.84844357776888,0.5630249518463599,0.2964325438406582,989.140542504313,0.3848933574366747,0.3848933574366747,0.3848933574366747,0.3848933574366747,20.604092724645177,20.604092724645177,20.604092724645177,20.604092724645177,,0.93811408679175,0.93811408679175,0.93811408679175,0.93811408679175,44.21691515944545,44.21691515944545,44.21691515944545,44.21691515944545,0.9005481702534714,0.9005481702534714,0.9005481702534714,0.9005481702534714,0.98,0.98,0.98,0.98,43.33257685625654,43.33257685625654,43.33257685625654,43.33257685625654,173.33030742502615,4159.927378200628,0.1604849804888748,5.1602581388349415e-05,0.31
1973-05-23,1973-06-03,1147.7361,0.9351417914976156,1073.2959927204863,0.312,1973,5,23,1973.05,1972,8,235,34,0.09273277377105,6.7446870803362335,0.0062840885702372,0.9,5,Dry,42,9,8,6,82,147.0,0.1369612865388593,926.2959927204864,926.2959927204864,,4,231.5739981801216,231.5739981801216,231.5739981801216,231.5739981801216,0.0,0.0,0.0,0.0,0.0,0.0,42.0,9.0,8.0,6.0,82.0,985.2959927204864,990.0,968.1303588342644,21.86964116573563,0.5568534715395537,0.291036794176389,989.152109734284,0.3793627140307987,0.3793627140307987,0.3793627140307987,0.3793627140307987,20.6423881859889,20.6423881859889,20.6423881859889,20.6423881859889,,0.9378993547914592,0.9378993547914592,0.9378993547914592,0.9378993547914592,43.96880590617099,43.96880590617099,43.96880590617099,43.96880590617099,0.8954950286389204,0.8954950286389204,0.8954950286389204,0.8954950286389204,0.979549502863892,0.979549502863892,0.979549502863892,0.979549502863892,43.06962196690876,43.06962196690876,43.06962196690876,43.06962196690876,172.27848786763502,4134.6837088232405,0.1605134921178269,5.1662898139329416e-05,0.31
1973-05-24,1973-06-04,1130.1421,0.9379332643780708,1059.9978690640885,0.316,1973,5,24,1973.05,1972,8,236,34,0.0915838158871372,13.298123656398046,0.0125454248961268,0.9,5,Dry,42,9,8,6,82,147.0,0.1386795240728094,912.9978690640884,912.9978690640884,,4,228.24946726602207,228.24946726602207,228.24946726602207,228.24946726602207,0.0,0.0,0.0,0.0,0.0,0.0,42.0,9.0,8.0,6.0,82.0,971.9978690640884,990.0,968.0885647313444,21.911435268655737,0.5446855077355399,0.2803982952512708,989.1749161970132,0.3685632845965912,0.3685632845965912,0.3685632845965912,0.3685632845965912,20.71778818107235,20.71778818107235,20.71778818107235,20.71778818107235,,0.9374718166332529,0.9374718166332529,0.9374718166332529,0.9374718166332529,43.47605013622451,43.47605013622451,43.47605013622451,43.47605013622451,0.8854592695768738,0.8854592695768738,0.8854592695768738,0.8854592695768738,0.9785459269576874,0.9785459269576874,0.9785459269576874,0.9785459269576874,42.5433117810107,42.5433117810107,42.5433117810107,42.5433117810107,170.1732471240428,4084.1579309770273,0.1605411219121554,5.177487048442066e-05,0.315
1973-05-25,1973-06-05,1104.0713,0.9309189777098624,1027.8009259147989,0.324,1973,5,25,1973.05,1972,8,237,34,0.0888019999990386,32.196943149289844,0.0313260499552798,0.9,5,Dry,42,9,8,6,82,147.0,0.1430238057716887,880.8009259147989,880.8009259147989,,4,220.2002314786997,220.2002314786997,220.2002314786997,220.2002314786997,0.0,0.0,0.0,0.0,0.0,0.0,42.0,9.0,8.0,6.0,82.0,939.8009259147988,990.0,967.9873743385892,22.01262566141065,0.5152248673502358,0.2546407407318391,989.230134391918,0.3430287268431171,0.3430287268431171,0.3430287268431171,0.3430287268431171,20.899731326485536,20.899731326485536,20.899731326485536,20.899731326485536,,0.9361780937133444,0.9361780937133444,0.9361780937133444,0.9361780937133444,42.25281501881621,42.25281501881621,42.25281501881621,42.25281501881621,0.8605461307294543,0.8605461307294543,0.8605461307294543,0.8605461307294543,0.9760546130729454,0.9760546130729454,0.9760546130729454,0.9760546130729454,41.241055014433385,41.241055014433385,41.241055014433385,41.241055014433385,164.96422005773354,3959.141281385605,0.1605021127130299,5.202468924846941e-05,0.325
1973-05-26,1973-06-06,1086.9032,0.940956999887256,1022.729174239858,0.328,1973,5,26,1973.05,1972,8,238,34,0.0883638006543237,5.071751674940742,0.0049590368620415,0.9,5,Dry,42,9,8,6,82,147.0,0.1437330660966599,875.729174239858,875.729174239858,,4,218.9322935599645,218.9322935599645,218.9322935599645,218.9322935599645,0.0,0.0,0.0,0.0,0.0,0.0,42.0,9.0,8.0,6.0,82.0,934.729174239858,990.0,967.971434547611,22.02856545238899,0.5105841456666216,0.2505833393918864,989.2388325149416,0.3391114641646907,0.3391114641646907,0.3391114641646907,0.3391114641646907,20.92828650316576,20.92828650316576,20.92828650316576,20.92828650316576,,0.9359532844568668,0.9359532844568668,0.9359532844568668,0.9359532844568668,42.05681412229297,42.05681412229297,42.05681412229297,42.05681412229297,0.8565542591098364,0.8565542591098364,0.8565542591098364,0.8565542591098364,0.9756554259109836,0.9756554259109836,0.9756554259109836,0.9756554259109836,41.03295889494482,41.03295889494482,41.03295889494482,41.03295889494482,164.13183557977928,3939.164053914703,0.1604841630745207,5.206195921189124e-05,0.33
1973-05-27,1973-06-07,1061.4682,0.9202131020126134,976.7769450097452,0.335,1973,5,27,1973.05,1972,8,239,35,0.0843935280488419,45.95222923011272,0.0470447520950182,0.9,5,Dry,42,9,8,6,82,147.0,0.1504949525590342,829.7769450097452,829.7769450097452,,4,207.4442362524363,207.4442362524363,207.4442362524363,207.4442362524363,0.0,0.0,0.0,0.0,0.0,0.0,42.0,9.0,8.0,6.0,82.0,888.7769450097452,990.0,967.8071077800388,22.19289221996109,0.4685372316482858,0.2138215560077961,989.317641212344,0.3044860545821627,0.3044860545821627,0.3044860545821627,0.3044860545821627,21.206047377722847,21.206047377722847,21.206047377722847,21.206047377722847,,0.9337886700881208,0.9337886700881208,0.9337886700881208,0.9337886700881208,40.28546674397641,40.28546674397641,40.28546674397641,40.28546674397641,0.8204779377591936,0.8204779377591936,0.8204779377591936,0.8204779377591936,0.9720477937759192,0.9720477937759192,0.9720477937759192,0.9720477937759192,39.15939906971544,39.15939906971544,39.15939906971544,39.15939906971544,156.63759627886174,3759.3023106926817,0.160361684496248,5.243631276147824e-05,0.335
1973-05-28,1973-06-08,1044.7218,0.9169267811345148,957.9333972550564,0.342,1973,5,28,1973.05,1972,8,240,35,0.0827654455228368,18.84354775468887,0.0196710416493305,0.9,5,Dry,42,9,8,6,82,147.0,0.153455345038837,810.9333972550564,810.9333972550564,,4,202.7333493137641,202.7333493137641,202.7333493137641,202.7333493137641,0.0,0.0,0.0,0.0,0.0,0.0,42.0,9.0,8.0,6.0,82.0,869.9333972550564,990.0,967.7317335890202,22.268266410979777,0.4512951294583318,0.1987467178040451,989.3499581527376,0.2908173790373653,0.2908173790373653,0.2908173790373653,0.2908173790373653,21.327407184680013,21.327407184680013,21.327407184680013,21.327407184680013,,0.9325680952812844,0.9325680952812844,0.9325680952812844,0.9325680952812844,39.54417404003837,39.54417404003837,39.54417404003837,39.54417404003837,0.8053803266810259,0.8053803266810259,0.8053803266810259,0.8053803266810259,0.9705380326681026,0.9705380326681026,0.9705380326681026,0.9705380326681026,38.37912487630389,38.37912487630389,38.37912487630389,38.37912487630389,153.51649950521556,3684.3959881251735,0.1602580095287571,5.25856651472572e-05,0.34
1973-05-29,1973-06-09,1019.9159,0.9227467245233664,941.1240560143012,0.348,1973,5,29,1973.05,1972,8,241,35,0.0813131184396356,16.809341240754975,0.0178609197515821,0.9,5,Dry,42,9,8,6,82,147.0,0.156196198642027,794.1240560143012,794.1240560143012,,4,198.5310140035753,198.5310140035753,198.5310140035753,198.5310140035753,0.0,0.0,0.0,0.0,0.0,0.0,42.0,9.0,8.0,6.0,82.0,853.1240560143012,990.0,967.6644962240572,22.33550377594281,0.4359143538638425,0.1870620280071506,989.377023618129,0.2788868392100108,0.2788868392100108,0.2788868392100108,0.2788868392100108,21.43364055486179,21.43364055486179,21.43364055486179,21.43364055486179,,0.9311870356591426,0.9311870356591426,0.9311870356591426,0.9311870356591426,38.85974303498404,38.85974303498404,38.85974303498404,38.85974303498404,0.7914407950098583,0.7914407950098583,0.7914407950098583,0.7914407950098583,0.97,0.97,0.97,0.97,37.69395074393452,37.69395074393452,37.69395074393452,37.69395074393452,150.7758029757381,3618.619271417714,0.1602082127347586,5.274008157298075e-05,0.35
1973-05-30,1973-06-10,1003.5869,0.9213790990341242,924.6839937244496,0.353,1973,5,30,1973.05,1972,8,242,35,0.0798926970577924,16.440062289851767,0.0177791141637851,0.9,5,Dry,42,9,8,6,82,147.0,0.1589732286896329,777.6839937244496,777.6839937244496,,4,194.4209984311124,194.4209984311124,194.4209984311124,194.4209984311124,0.0,0.0,0.0,0.0,0.0,0.0,42.0,9.0,8.0,6.0,82.0,836.6839937244496,990.0,967.5987359748976,22.40126402510225,0.4208714735261789,0.1788419968622248,989.4002865296115,0.2674251157326257,0.2674251157326257,0.2674251157326257,0.2674251157326257,21.53412543898117,21.53412543898117,21.53412543898117,21.53412543898117,,0.9298247627368792,0.9298247627368792,0.9298247627368792,0.9298247627368792,38.17773992101564,38.17773992101564,38.17773992101564,38.17773992101564,0.7775507112223143,0.7775507112223143,0.7775507112223143,0.7775507112223143,0.97,0.97,0.97,0.97,37.03240772338516,37.03240772338516,37.03240772338516,37.03240772338516,148.12963089354065,3555.111141444976,0.1601948686241479,5.2909819444258106e-05,0.355
1973-05-31,1973-06-11,987.4235,0.9179659771125324,906.4211780013768,0.357,1973,5,31,1973.05,1972,8,243,35,0.0783147897793189,18.26281572307289,0.0201482667950694,0.9,5,Dry,42,9,8,6,82,147.0,0.1621762637145452,759.4211780013768,759.4211780013768,,4,189.8552945003442,189.8552945003442,189.8552945003442,189.8552945003442,0.0,0.0,0.0,0.0,0.0,0.0,42.0,9.0,8.0,6.0,82.0,818.4211780013768,990.0,967.5256847120056,22.4743152879945,0.4041607490345466,0.1697105890006884,989.4261286619648,0.2550150833709156,0.2550150833709156,0.2550150833709156,0.2550150833709156,21.64542886658834,21.64542886658834,21.64542886658834,21.64542886658834,,0.92830150589699,0.92830150589699,0.92830150589699,0.92830150589699,37.4124941819801,37.4124941819801,37.4124941819801,37.4124941819801,0.7619652582888004,0.7619652582888004,0.7619652582888004,0.7619652582888004,0.97,0.97,0.97,0.97,36.2901193565207,36.2901193565207,36.2901193565207,36.2901193565207,145.1604774260828,3483.851458225987,0.160146829033889,5.30961685144175e-05,0.355
1973-06-01,1973-06-12,963.4877,0.9186515277026396,885.1094475277025,0.3670000000000001,1973,6,1,1973.06,1972,9,244,35,0.0764734562663935,21.31173047367417,0.0240780736588026,0.92,5,Dry,39,9,7,5,59,119.0,0.1344466498831213,766.1094475277025,766.1094475277025,,4,191.52736188192563,191.52736188192563,191.52736188192563,191.52736188192563,0.0,0.0,0.0,0.0,0.0,0.0,39.0,9.0,7.0,5.0,59.0,821.1094475277025,990.0,967.4404377901108,22.55956220988924,0.4066205521719634,0.1730547237638512,989.4203247240642,0.2595544243188377,0.2595544243188377,0.2595544243188377,0.2595544243188377,21.72033250963464,21.72033250963464,21.72033250963464,21.72033250963464,,0.9289559933518894,0.9289559933518894,0.9289559933518894,0.9289559933518894,37.899295463104245,37.899295463104245,37.899295463104245,37.899295463104245,0.7718797446660742,0.7718797446660742,0.7718797446660742,0.7718797446660742,0.97,0.97,0.97,0.97,36.76231659921112,36.76231659921112,36.76231659921112,36.76231659921112,147.04926639684447,3529.182393524268,0.1661368170993814,5.33174712508566e-05,0.365
1973-06-02,1973-06-13,939.9208,0.9134042636758518,858.5276662376176,0.375,1973,6,2,1973.06,1972,9,245,35,0.0741767903629301,26.581781290084905,0.0309620555463005,0.92,5,Dry,39,9,7,5,59,119.0,0.1386093945248166,739.5276662376176,739.5276662376176,,4,184.8819165594044,184.8819165594044,184.8819165594044,184.8819165594044,0.0,0.0,0.0,0.0,0.0,0.0,39.0,9.0,7.0,5.0,59.0,794.5276662376176,990.0,967.3341106649503,22.665889335049545,0.3822978611712408,0.1597638331188088,989.45793830571,0.2417953447232633,0.2417953447232633,0.2417953447232633,0.2417953447232633,21.882032296036225,21.882032296036225,21.882032296036225,21.882032296036225,,0.926714854882128,0.926714854882128,0.926714854882128,0.926714854882128,36.767738090047295,36.767738090047295,36.767738090047295,36.767738090047295,0.748833769654731,0.748833769654731,0.748833769654731,0.748833769654731,0.97,0.97,0.97,0.97,35.66470594734587,35.66470594734587,35.66470594734587,35.66470594734587,142.6588237893835,3423.8117709452035,0.1661668335215878,5.35848121196237e-05,0.375
1973-06-03,1973-06-14,932.1467,0.9087491724907756,847.0875422650073,0.377,1973,6,3,1973.06,1972,9,246,36,0.0731883636516966,11.440123972610309,0.0135052440294669,0.92,5,Dry,39,9,7,5,59,119.0,0.1404813482226509,728.0875422650073,728.0875422650073,,4,182.02188556625185,182.02188556625185,182.02188556625185,182.02188556625185,0.0,0.0,0.0,0.0,0.0,0.0,39.0,9.0,7.0,5.0,59.0,783.0875422650073,990.0,967.28835016906,22.71164983094002,0.3718299923192935,0.1540437711325036,989.4741262365484,0.2344164647609297,0.2344164647609297,0.2344164647609297,0.2344164647609297,21.95135960272736,21.95135960272736,21.95135960272736,21.95135960272736,,0.9256644226949956,0.9256644226949956,0.9256644226949956,0.9256644226949956,36.27248459786029,36.27248459786029,36.27248459786029,36.27248459786029,0.7387471404859529,0.7387471404859529,0.7387471404859529,0.7387471404859529,0.97,0.97,0.97,0.97,35.184310059924485,35.184310059924485,35.184310059924485,35.184310059924485,140.73724023969794,3377.6937657527506,0.1661424979328393,5.369365024807873e-05,0.375
1973-06-04,1973-06-15,909.0679,0.9012241447918772,819.2739407352476,0.39,1973,6,4,1973.06,1972,9,247,36,0.0707852684795253,27.81360152975969,0.0339490860710139,0.92,5,Dry,39,9,7,5,59,119.0,0.1452505616048337,700.2739407352476,700.2739407352476,,4,175.0684851838119,175.0684851838119,175.0684851838119,175.0684851838119,0.0,0.0,0.0,0.0,0.0,0.0,39.0,9.0,7.0,5.0,59.0,755.2739407352476,990.0,967.177095762941,22.822904237058992,0.3557359637112802,0.1401369703676238,989.5041270659212,0.2168712129595297,0.2168712129595297,0.2168712129595297,0.2168712129595297,22.11016009002059,22.11016009002059,22.11016009002059,22.11016009002059,,0.923256410757514,0.923256410757514,0.923256410757514,0.923256410757514,35.04781053878599,35.04781053878599,35.04781053878599,35.04781053878599,0.713804695290957,0.713804695290957,0.713804695290957,0.713804695290957,0.97,0.97,0.97,0.97,33.99637622262241,33.99637622262241,33.99637622262241,33.99637622262241,135.98550489048964,3263.652117371751,0.1659829492055503,5.394139230542988e-05,0.39
1973-06-05,1973-06-16,893.8841,0.8990978772765416,803.6892968412517,0.396,1973,6,5,1973.06,1972,9,248,36,0.0694387552470841,15.584643893995915,0.0193913791750722,0.92,5,Dry,39,9,7,5,59,119.0,0.1480671703203052,684.6892968412517,684.6892968412517,,4,171.17232421031292,171.17232421031292,171.17232421031292,171.17232421031292,0.0,0.0,0.0,0.0,0.0,0.0,39.0,9.0,7.0,5.0,59.0,739.6892968412517,990.0,967.114757187365,22.885242812635056,0.3468793640587185,0.1354067890523755,989.5177138468888,0.2073604710731635,0.2073604710731635,0.2073604710731635,0.2073604710731635,22.195596188450804,22.195596188450804,22.195596188450804,22.195596188450804,,0.9219561364482906,0.9219561364482906,0.9219561364482906,0.9219561364482906,34.35178598226841,34.35178598226841,34.35178598226841,34.35178598226841,0.6996290424087253,0.6996290424087253,0.6996290424087253,0.6996290424087253,0.97,0.97,0.97,0.97,33.321232402800355,33.321232402800355,33.321232402800355,33.321232402800355,133.28492961120142,3198.8383106688343,0.1658413644863164,5.407356552741783e-05,0.395
1973-06-06,1973-06-17,863.9982,0.9020463209442272,779.3663976124346,0.405,1973,6,6,1973.06,1972,9,249,36,0.0673372567537143,24.32289922881705,0.03120855518448,0.92,5,Dry,39,9,7,5,59,119.0,0.1526881327762563,660.3663976124346,660.3663976124346,,4,165.09159940310866,165.09159940310866,165.09159940310866,165.09159940310866,0.0,0.0,0.0,0.0,0.0,0.0,39.0,9.0,7.0,5.0,59.0,715.3663976124346,990.0,967.0174655904495,22.98253440955034,0.333056899950814,0.1281099192837304,989.5388331807654,0.1928180065793986,0.1928180065793986,0.1928180065793986,0.1928180065793986,22.32854958373638,22.32854958373638,22.32854958373638,22.32854958373638,,0.9199564696826522,0.9199564696826522,0.9199564696826522,0.9199564696826522,33.25764288071695,33.25764288071695,33.25764288071695,33.25764288071695,0.6773450688537057,0.6773450688537057,0.6773450688537057,0.6773450688537057,0.97,0.97,0.97,0.97,32.25991359429544,32.25991359429544,32.25991359429544,32.25991359429544,129.03965437718176,3096.9517050523623,0.1655699485793727,5.427948570324273e-05,0.405
1973-06-07,1973-06-18,849.2947,0.8954821115912885,760.52821131929,0.409,1973,6,7,1973.06,1972,9,250,36,0.0657096374579866,18.838186293144645,0.0247698717980047,0.92,5,Dry,39,9,7,5,59,119.0,0.1564701982502009,641.52821131929,641.52821131929,,3,213.84273710643,213.84273710643,213.84273710643,0.0,0.0,0.0,0.0,0.0,0.0,0.0,39.0,9.0,7.0,5.0,59.0,696.52821131929,990.0,966.9421128452772,23.057887154722835,0.3223513441926209,0.122458463395787,989.5551901924116,0.32352821131929,0.32352821131929,0.32352821131929,0.0,22.289549135815147,22.289549135815147,22.289549135815147,22.61307734713444,,0.9363262849257272,0.9363262849257272,0.9363262849257272,0.0,43.76850404020328,43.76850404020328,43.76850404020328,0.0,0.8914155609002703,0.8914155609002703,0.8914155609002703,0.0,0.979141556090027,0.979141556090027,0.979141556090027,0.96,42.85556115365727,42.85556115365727,42.85556115365727,0.0,128.5666834609718,3085.600403063323,0.1690491970546982,5.5668584791625467e-05,0.41
1973-06-08,1973-06-19,827.5366,0.8937943571986156,739.6475434553279,0.419,1973,6,8,1973.06,1972,9,251,36,0.0639055477545403,20.88066786396212,0.0282305647449544,0.92,5,Dry,39,9,7,5,59,119.0,0.160887440312559,620.6475434553279,620.6475434553279,,3,206.88251448510928,206.88251448510928,206.88251448510928,0.0,0.0,0.0,0.0,0.0,0.0,0.0,39.0,9.0,7.0,5.0,59.0,675.6475434553279,990.0,966.8585901738212,23.141409826178688,0.3104850662714123,0.1161942630365983,989.573320670692,0.3028345925862213,0.3028345925862213,0.3028345925862213,0.0,22.411895904284407,22.411895904284407,22.411895904284407,22.71473049687063,,0.9348219563334472,0.9348219563334472,0.9348219563334472,0.0,42.5079329025827,42.5079329025827,42.5079329025827,0.0,0.8657420143092199,0.8657420143092199,0.8657420143092199,0.0,0.976574201430922,0.976574201430922,0.976574201430922,0.96,41.51215062881892,41.51215062881892,41.51215062881892,0.0,124.53645188645676,2988.874845274962,0.1683726972236991,5.573768755251509e-05,0.42
1973-06-09,1973-06-20,813.2284,0.8958086931444238,728.4970702319307,0.424,1973,6,9,1973.06,1972,9,252,36,0.0629421468680388,11.150473223397167,0.0153061332420282,0.92,5,Dry,39,9,7,5,59,119.0,0.1633500049109519,609.4970702319307,609.4970702319307,,3,203.16569007731024,203.16569007731024,203.16569007731024,0.0,0.0,0.0,0.0,0.0,0.0,0.0,39.0,9.0,7.0,5.0,59.0,664.4970702319307,990.0,966.8139882809276,23.18601171907233,0.3041483621447121,0.1128491210695792,989.5830025167858,0.2920538736211073,0.2920538736211073,0.2920538736211073,0.0,22.476960362236987,22.476960362236987,22.476960362236987,22.76901423585809,,0.933832845419822,0.933832845419822,0.933832845419822,0.0,41.8211327744147,41.8211327744147,41.8211327744147,0.0,0.8517542316581405,0.8517542316581405,0.8517542316581405,0.0,0.975175423165814,0.975175423165814,0.975175423165814,0.96,40.78294085056355,40.78294085056355,40.78294085056355,0.0,122.34882255169065,2936.3717412405754,0.1679468971820828,5.576037310434282e-05,0.425
1973-06-10,1973-06-21,792.06,0.8911767402221192,705.8654488603318,0.435,1973,6,10,1973.06,1972,9,253,37,0.0609867747815326,22.63162137159896,0.0320622314183804,0.92,5,Dry,39,9,7,5,59,119.0,0.1685873705706005,586.8654488603318,586.8654488603318,,3,195.6218162867773,195.6218162867773,195.6218162867773,0.0,0.0,0.0,0.0,0.0,0.0,0.0,39.0,9.0,7.0,5.0,59.0,641.8654488603318,990.0,966.7234617954412,23.276538204558733,0.291287034587922,0.1047461795441327,989.603966785868,0.2707410856029763,0.2707410856029763,0.2707410856029763,0.0,22.60976390482377,22.60976390482377,22.60976390482377,22.880504990426743,,0.9315048562359546,0.9315048562359546,0.9315048562359546,0.0,40.405188491915446,40.405188491915446,40.405188491915446,0.0,0.8229162625644694,0.8229162625644694,0.8229162625644694,0.0,0.9722916262564468,0.9722916262564468,0.9722916262564468,0.96,39.28562642800274,39.28562642800274,39.28562642800274,0.0,117.85687928400824,2828.5651028161974,0.1669679107743497,5.578454497008044e-05,0.435
1973-06-11,1973-06-22,771.2422,0.8877747482097623,684.6893499137433,0.444,1973,6,11,1973.06,1972,9,254,37,0.0591571598325474,21.176098946588468,0.0309280390431897,0.91,5,Dry,39,9,7,5,59,119.0,0.1738014473497967,565.6893499137433,565.6893499137433,,3,188.5631166379144,188.5631166379144,188.5631166379144,0.0,0.0,0.0,0.0,0.0,0.0,0.0,39.0,9.0,7.0,5.0,59.0,620.6893499137433,990.0,966.6387573996548,23.36124260034512,0.2792528660917641,0.0962757399654973,989.6244713939428,0.2515778902568523,0.2515778902568523,0.2515778902568523,0.0,22.734136104031094,22.734136104031094,22.734136104031094,22.98571399428795,,0.9294211389057622,0.9294211389057622,0.9294211389057622,0.0,39.07387194209667,39.07387194209667,39.07387194209667,0.0,0.7958018725477938,0.7958018725477938,0.7958018725477938,0.0,0.97,0.97,0.97,0.96,37.901655783833775,37.901655783833775,37.901655783833775,0.0,113.70496735150132,2728.919216436032,0.1660679655172463,5.583402473108408e-05,0.445
1973-06-12,1973-06-23,764.3804,0.8926299826267534,682.3088631722309,0.445,1973,6,12,1973.06,1972,9,255,37,0.0589514857780807,2.3804867415124136,0.0034888697333417,0.91,5,Dry,39,9,7,5,59,119.0,0.1744078179590664,563.3088631722309,563.3088631722309,,3,187.7696210574103,187.7696210574103,187.7696210574103,0.0,0.0,0.0,0.0,0.0,0.0,0.0,39.0,9.0,7.0,5.0,59.0,618.3088631722309,990.0,966.6292354526888,23.37076454731107,0.2779000589188053,0.0953235452688923,989.6267763958124,0.2494671920127114,0.2494671920127114,0.2494671920127114,0.0,22.748073751110628,22.748073751110628,22.748073751110628,22.99754094312334,,0.929192530350913,0.929192530350913,0.929192530350913,0.0,38.92372242325619,38.92372242325619,38.92372242325619,0.0,0.7927438375408592,0.7927438375408592,0.7927438375408592,0.0,0.97,0.97,0.97,0.96,37.7560107505585,37.7560107505585,37.7560107505585,0.0,113.2680322516755,2718.4327740402123,0.1660069777271587,5.58545131261537e-05,0.445
1973-06-13,1973-06-24,744.0263,0.8869874635023101,659.9420006160087,0.456,1973,6,13,1973.06,1972,9,256,37,0.0570189888532231,22.36686255622214,0.0338921640619088,0.91,5,Dry,39,9,7,5,59,119.0,0.1803188763390146,540.9420006160087,540.9420006160087,,3,180.31400020533624,180.31400020533624,180.31400020533624,0.0,0.0,0.0,0.0,0.0,0.0,0.0,39.0,9.0,7.0,5.0,59.0,595.9420006160087,990.0,966.539768002464,23.46023199753597,0.265189191189537,0.0863768002464035,989.648434008564,0.2300101205297675,0.2300101205297675,0.2300101205297675,0.0,22.8786558855703,22.8786558855703,22.8786558855703,23.108666006100066,,0.9268492828260072,0.9268492828260072,0.9268492828260072,0.0,37.49797127675606,37.49797127675606,37.49797127675606,0.0,0.7637061359828118,0.7637061359828118,0.7637061359828118,0.0,0.97,0.97,0.97,0.96,36.373032138453375,36.373032138453375,36.373032138453375,0.0,109.11909641536012,2618.8583139686434,0.1653464945608936,5.603347508764472e-05,0.455
1973-06-14,1973-06-25,724.0169999999998,0.8797110956815125,636.9257883620418,0.466,1973,6,14,1973.06,1972,9,257,37,0.0550303881144804,23.016212253966952,0.0361364112970788,0.91,5,Dry,39,9,7,5,59,119.0,0.1868349534190283,517.9257883620418,517.9257883620418,,3,172.64192945401393,172.64192945401393,172.64192945401393,0.0,0.0,0.0,0.0,0.0,0.0,0.0,39.0,9.0,7.0,5.0,59.0,572.9257883620418,990.0,966.4477031534482,23.552296846551823,0.2521093044216205,0.0771703153448167,989.6707203802335,0.210946307867794,0.210946307867794,0.210946307867794,0.0,23.01207091891758,23.01207091891758,23.01207091891758,23.223017226785373,,0.9243245613609452,0.9243245613609452,0.9243245613609452,0.0,36.01348731350809,36.01348731350809,36.01348731350809,0.0,0.733472246710959,0.733472246710959,0.733472246710959,0.0,0.97,0.97,0.97,0.96,34.93308269410284,34.93308269410284,34.93308269410284,0.0,104.79924808230854,2515.181953975405,0.1645391817967001,5.620670547637712e-05,0.465
1973-06-15,1973-06-26,704.3503,0.8783280558406197,618.6506296297572,0.474,1973,6,15,1973.06,1972,9,258,37,0.053451414400011,18.27515873228458,0.029540354211264,0.91,5,Dry,39,9,7,5,59,119.0,0.1923541241220715,499.6506296297572,499.6506296297572,,3,166.55020987658574,166.55020987658574,166.55020987658574,0.0,0.0,0.0,0.0,0.0,0.0,0.0,39.0,9.0,7.0,5.0,59.0,554.6506296297572,990.0,966.3746025185188,23.62539748148106,0.2417237116817558,0.0699301259259514,989.6883461623923,0.196289499506274,0.196289499506274,0.196289499506274,0.0,23.117454144367134,23.117454144367134,23.117454144367134,23.31374364387341,,0.9222077976401196,0.9222077976401196,0.9222077976401196,0.0,34.821917211879764,34.821917211879764,34.821917211879764,0.0,0.7092040165352294,0.7092040165352294,0.7092040165352294,0.0,0.97,0.97,0.97,0.96,33.77725969552337,33.77725969552337,33.77725969552337,0.0,101.33177908657012,2431.9626980776825,0.1637948370750288,5.63347962431143e-05,0.475
1973-06-16,1973-06-27,685.0236,0.878477532975807,601.777842158206,0.482,1973,6,16,1973.06,1972,9,259,37,0.051993605562469,16.872787471551188,0.0280382331975516,0.91,5,Dry,39,9,7,5,59,119.0,0.1977473939107169,482.777842158206,482.777842158206,,3,160.92594738606866,160.92594738606866,160.92594738606866,0.0,0.0,0.0,0.0,0.0,0.0,0.0,39.0,9.0,7.0,5.0,59.0,537.777842158206,990.0,966.3071113686328,23.69288863136717,0.2321350727192796,0.0665555684316412,989.701309358849,0.1832296789879579,0.1832296789879579,0.1832296789879579,0.0,23.21096831122823,23.21096831122823,23.21096831122823,23.394197990216185,,0.9200419415607084,0.9200419415607084,0.9200419415607084,0.0,33.702774801653256,33.702774801653256,33.702774801653256,0.0,0.6864108920906976,0.6864108920906976,0.6864108920906976,0.0,0.97,0.97,0.97,0.96,32.691691557603654,32.691691557603654,32.691691557603654,0.0,98.07507467281096,2353.801792147463,0.1629755497827506,5.6429839812481504e-05,0.48
1973-06-17,1973-06-28,666.0345,0.8753352736866753,583.0034913422678,0.493,1973,6,17,1973.06,1972,9,260,38,0.0503715016519719,18.77435081593819,0.0322028102657042,0.91,5,Dry,39,9,7,5,59,119.0,0.2041154157173612,464.0034913422678,464.0034913422678,,3,154.6678304474226,154.6678304474226,154.6678304474226,0.0,0.0,0.0,0.0,0.0,0.0,0.0,39.0,9.0,7.0,5.0,59.0,519.0034913422678,990.0,966.22351571104,23.776484288959864,0.2214657940341524,0.0628006982684535,989.7157335076972,0.1692825137664328,0.1692825137664328,0.1692825137664328,0.0,23.322935282890768,23.322935282890768,23.322935282890768,23.4922177966572,,0.9175591521975084,0.9175591521975084,0.9175591521975084,0.0,32.46055730168045,32.46055730168045,32.46055730168045,0.0,0.6611111466737363,0.6611111466737363,0.6611111466737363,0.0,0.97,0.97,0.97,0.96,31.48674058263004,31.48674058263004,31.48674058263004,0.0,94.46022174789012,2267.045321949363,0.162023423788443,5.654903675319572e-05,0.495
1973-06-18,1973-06-29,641.2365,0.8794376863729334,563.9275439778775,0.503,1973,6,18,1973.06,1972,9,261,38,0.0487233397996886,19.075947364390345,0.0338269473943955,0.91,5,Dry,39,9,7,5,59,119.0,0.2110200171472175,444.9275439778775,444.9275439778775,,3,148.30918132595914,148.30918132595914,148.30918132595914,0.0,0.0,0.0,0.0,0.0,0.0,0.0,39.0,9.0,7.0,5.0,59.0,499.9275439778775,990.0,966.1376739479005,23.862326052099547,0.2119717042669769,0.0589855087955755,989.7290427869376,0.155683097157995,0.155683097157995,0.155683097157995,0.0,23.43568574187905,23.43568574187905,23.43568574187905,23.591368839037045,,0.9150469122130228,0.9150469122130228,0.9150469122130228,0.0,31.190889683457883,31.190889683457883,31.190889683457883,0.0,0.6352523357119731,0.6352523357119731,0.6352523357119731,0.0,0.97,0.97,0.97,0.96,30.255162992954144,30.255162992954144,30.255162992954144,0.0,90.76548897886244,2178.3717354926985,0.1609523952999591,5.6666835238043614e-05,0.505
1973-06-19,1973-06-30,629.0591,0.8842087083672124,556.2195342976412,0.513,1973,6,19,1973.06,1972,9,262,38,0.0480573677633162,7.708009680236273,0.0138578550463342,0.91,5,Dry,39,9,7,5,59,119.0,0.2139443019567187,437.2195342976412,437.2195342976412,,2,218.6097671488206,218.6097671488206,0.0,0.0,0.0,0.0,0.0,0.0,0.0,0.0,39.0,9.0,7.0,5.0,59.0,492.2195342976412,990.0,966.1029879043392,23.89701209566067,0.2092513084957404,0.0574439068595282,989.7333047846448,0.3381180828183674,0.3381180828183674,0.0,0.0,23.29219879748712,23.29219879748712,23.63031688030549,23.63031688030549,,0.9384400122950288,0.9384400122950288,0.0,0.0,46.86247975426638,46.86247975426638,0.0,0.0,0.9544293228974824,0.9544293228974824,0.0,0.0,0.98,0.98,0.96,0.96,45.925230159181055,45.925230159181055,0.0,0.0,91.85046031836212,2204.4110476406904,0.1651334673715569,5.835516200365303e-05,0.515
1973-06-20,1973-07-01,599.256,0.8886339443648977,532.5192229643311,0.53,1973,6,20,1973.06,1972,9,263,38,0.0460096608641182,23.700311333310083,0.0445060202735583,0.91,5,Dry,39,9,7,5,59,119.0,0.2234661113970167,413.5192229643311,413.5192229643311,,2,206.75961148216555,206.75961148216555,0.0,0.0,0.0,0.0,0.0,0.0,0.0,0.0,39.0,9.0,7.0,5.0,59.0,468.5192229643311,990.0,965.9963365033394,24.00366349666058,0.2008867332807611,0.0527038445928662,989.7464094221264,0.3024732577575667,0.3024732577575667,0.0,0.0,23.447599661029376,23.447599661029376,23.75007291878694,23.75007291878694,,0.9357308346220584,0.9357308346220584,0.0,0.0,44.48911208150238,44.48911208150238,0.0,0.0,0.9060918957536124,0.9060918957536124,0.0,0.0,0.98,0.98,0.96,0.96,43.599329839872325,43.599329839872325,0.0,0.0,87.19865967974465,2092.767832313872,0.1637474403165073,5.857490671752757e-05,0.53
1973-06-21,1973-07-02,587.589,0.8901106602929673,523.0192327708844,0.536,1973,6,21,1973.06,1972,9,264,38,0.0451888617114044,9.499990193446706,0.0181637492432487,0.87,4,Mod_Dry,45,10,9,9,88,161.0,0.3078280680942534,362.0192327708844,362.0192327708844,,2,181.0096163854422,181.0096163854422,0.0,0.0,0.0,0.0,0.0,0.0,0.0,0.0,45.0,10.0,9.0,9.0,88.0,426.0192327708844,990.0,965.953586547469,24.046413452531056,0.1858871681016603,0.0424038465541768,989.7717089853442,0.2318048102744408,0.2318048102744408,0.0,0.0,23.586317627600778,23.586317627600778,23.818122437875218,23.818122437875218,,0.9278463230917136,0.9278463230917136,0.0,0.0,38.84870453591002,38.84870453591002,0.0,0.0,0.7912159783281064,0.7912159783281064,0.0,0.0,0.97,0.97,0.96,0.96,37.68324339983272,37.68324339983272,0.0,0.0,75.36648679966544,1808.7956831919705,0.1440988821775904,5.782879285692196e-05,0.535
1973-06-22,1973-07-03,576.0661,0.8889914195501405,512.1178199937132,0.544,1973,6,22,1973.06,1972,9,265,38,0.0442469796474568,10.901412777171233,0.0212869233437435,0.87,4,Mod_Dry,45,10,9,9,88,161.0,0.3143807805828285,351.1178199937132,351.1178199937132,,2,175.55890999685658,175.55890999685658,0.0,0.0,0.0,0.0,0.0,0.0,0.0,0.0,45.0,10.0,9.0,9.0,88.0,415.1178199937132,990.0,965.9045301899716,24.09546981002836,0.1820397212963508,0.0402235639987426,989.7777367147048,0.2180972749921414,0.2180972749921414,0.0,0.0,23.655109249741034,23.655109249741034,23.873206524733178,23.873206524733178,,0.9259382723150044,0.9259382723150044,0.0,0.0,37.71104513980642,37.71104513980642,0.0,0.0,0.7680457258616379,0.7680457258616379,0.0,0.0,0.97,0.97,0.96,0.96,36.57971378561223,36.57971378561223,0.0,0.0,73.15942757122446,1755.826261709387,0.1428566332101518,5.787818805263967e-05,0.545
1973-06-23,1973-07-04,570.3586,0.8854392210789449,505.01787451967766,0.547,1973,6,23,1973.06,1972,9,266,38,0.0436335443585001,7.099945474035508,0.0140588003559047,0.87,4,Mod_Dry,45,10,9,9,88,161.0,0.318800597212776,344.01787451967766,344.01787451967766,,2,172.00893725983883,172.00893725983883,0.0,0.0,0.0,0.0,0.0,0.0,0.0,0.0,45.0,10.0,9.0,9.0,88.0,408.01787451967766,990.0,965.8725804353384,24.127419564661523,0.1795339302497854,0.0388035749039355,989.7816624948464,0.2094018069140067,0.2094018069140067,0.0,0.0,23.69968025259379,23.69968025259379,23.9090820595078,23.9090820595078,,0.9246967924001824,0.9246967924001824,0.0,0.0,36.96847621330926,36.96847621330926,0.0,0.0,0.752922122470657,0.752922122470657,0.0,0.0,0.97,0.97,0.96,0.96,35.85942192690998,35.85942192690998,0.0,0.0,71.71884385381996,1721.252252491679,0.1420124860373144,5.790949408754055e-05,0.545
1973-06-24,1973-07-05,564.6867,0.8760275090430032,494.6810831907137,0.5529999999999999,1973,6,24,1973.06,1972,9,267,39,0.0427404455876776,10.336791328964011,0.0208958694403498,0.87,4,Mod_Dry,45,10,9,9,88,161.0,0.3254622128696396,333.6810831907137,333.6810831907137,,2,166.84054159535685,166.84054159535685,0.0,0.0,0.0,0.0,0.0,0.0,0.0,0.0,45.0,10.0,9.0,9.0,88.0,397.6810831907137,990.0,965.8260648743582,24.173935125641837,0.1758857558719601,0.0367362166381427,989.78737802749,0.1969804889969493,0.1969804889969493,0.0,0.0,23.764332664134805,23.764332664134805,23.961313153131755,23.961313153131755,,0.9228910922456224,0.9228910922456224,0.0,0.0,35.885282365962006,35.885282365962006,0.0,0.0,0.7308611479829329,0.7308611479829329,0.0,0.0,0.97,0.97,0.96,0.96,34.808723894983146,34.808723894983146,0.0,0.0,69.61744778996629,1670.818746959191,0.1407319789568884,5.795407925658365e-05,0.555
1973-06-25,1973-07-06,559.0506,0.8753118667840304,489.3436243127323,0.555,1973,6,25,1973.06,1972,9,268,39,0.04227928914062,5.337458877981362,0.0109073841218993,0.87,4,Mod_Dry,45,10,9,9,88,161.0,0.3290121542425722,328.3436243127323,328.3436243127323,,2,164.17181215636614,164.17181215636614,0.0,0.0,0.0,0.0,0.0,0.0,0.0,0.0,45.0,10.0,9.0,9.0,88.0,392.3436243127323,990.0,965.8020463094072,24.19795369059273,0.1740020010295084,0.0356687248625464,989.790329274108,0.1906951679596421,0.1906951679596421,0.0,0.0,23.79758779674096,23.79758779674096,23.9882829647006,23.9882829647006,,0.9219185872942552,0.9219185872942552,0.0,0.0,35.323424489856635,35.323424489856635,0.0,0.0,0.7194180140500332,0.7194180140500332,0.0,0.0,0.97,0.97,0.96,0.96,34.26372175516094,34.26372175516094,0.0,0.0,68.52744351032187,1644.658644247725,0.140039514373088,5.797402344855359e-05,0.555
1973-06-26,1973-07-07,553.45,0.8781733244038457,486.0250263913084,0.5579999999999999,1973,6,26,1973.06,1972,9,269,39,0.041992562280209,3.3185979214239296,0.0068280391774559,0.87,4,Mod_Dry,45,10,9,9,88,161.0,0.3312586621215996,325.0250263913084,325.0250263913084,,2,162.5125131956542,162.5125131956542,0.0,0.0,0.0,0.0,0.0,0.0,0.0,0.0,45.0,10.0,9.0,9.0,88.0,389.0250263913084,990.0,965.7871126187608,24.21288738123917,0.1728307648574751,0.0350050052782616,989.7921642298644,0.1868787803500047,0.1868787803500047,0.0,0.0,23.81817283075345,23.81817283075345,24.00505161110345,24.00505161110345,,0.9212578425900316,0.9212578425900316,0.0,0.0,34.97157133174337,34.97157133174337,0.0,0.0,0.7122519619499668,0.7122519619499668,0.0,0.0,0.97,0.97,0.96,0.96,33.922424191791066,33.922424191791066,0.0,0.0,67.84484838358213,1628.2763612059712,0.1395912652632807,5.79825849932326e-05,0.56
1973-06-27,1973-07-08,542.3552,0.8801399653154843,477.3484869166725,0.5650000000000001,1973,6,27,1973.06,1972,9,270,39,0.0412429092696005,8.676539474635831,0.0181765307997099,0.87,4,Mod_Dry,45,10,9,9,88,161.0,0.3372797953963237,316.3484869166725,316.3484869166725,,2,158.17424345833626,158.17424345833626,0.0,0.0,0.0,0.0,0.0,0.0,0.0,0.0,45.0,10.0,9.0,9.0,88.0,380.3484869166725,990.0,965.748068191125,24.25193180887504,0.1697685448713888,0.0332696973833345,989.7969617577452,0.1770468204775065,0.1770468204775065,0.0,0.0,23.871846746142715,23.871846746142715,24.048893566620222,24.048893566620222,,0.9195327554592428,0.9195327554592428,0.0,0.0,34.050828814457304,34.050828814457304,0.0,0.0,0.693499568522552,0.693499568522552,0.0,0.0,0.97,0.97,0.96,0.96,33.02930395002358,33.02930395002358,0.0,0.0,66.05860790004716,1585.406589601132,0.1383865450726328,5.800442886392568e-05,0.565
1973-06-28,1973-07-09,536.8608,0.8801028281077824,472.4927083802066,0.5690000000000001,1973,6,28,1973.06,1972,9,271,39,0.0408233700040498,4.855778536465948,0.0102769385650679,0.87,4,Mod_Dry,45,10,9,9,88,161.0,0.3407459991328503,311.4927083802066,311.4927083802066,,2,155.7463541901033,155.7463541901033,0.0,0.0,0.0,0.0,0.0,0.0,0.0,0.0,45.0,10.0,9.0,9.0,88.0,375.4927083802066,990.0,965.7262171877107,24.27378281228914,0.1680547899664705,0.0322985416760413,989.7996466683576,0.1716569063020293,0.1716569063020293,0.0,0.0,23.90177257434458,23.90177257434458,24.07342948064661,24.07342948064661,,0.9185688361320256,0.9185688361320256,0.0,0.0,33.535007335969325,33.535007335969325,0.0,0.0,0.6829940394291105,0.6829940394291105,0.0,0.0,0.97,0.97,0.96,0.96,32.52895711589024,32.52895711589024,0.0,0.0,65.05791423178049,1561.3899415627316,0.1376908322137101,5.801626284010181e-05,0.57
1973-06-29,1973-07-10,531.4016,0.8847902403509693,470.1789493868897,0.5740000000000001,1973,6,29,1973.06,1972,9,272,39,0.0406234612270272,2.313758993316867,0.0049210178301984,0.87,4,Mod_Dry,45,10,9,9,88,161.0,0.3424228162701519,309.1789493868897,309.1789493868897,,2,154.58947469344486,154.58947469344486,0.0,0.0,0.0,0.0,0.0,0.0,0.0,0.0,45.0,10.0,9.0,9.0,88.0,373.1789493868897,990.0,965.715805272241,24.28419472775897,0.1672381926291295,0.0318357898773779,989.8009260174936,0.1691132653378409,0.1691132653378409,0.0,0.0,23.916007479914583,23.916007479914583,24.085120745252425,24.085120745252425,,0.9181099171568012,0.9181099171568012,0.0,0.0,33.28909434623861,33.28909434623861,0.0,0.0,0.6779856282329656,0.6779856282329656,0.0,0.0,0.97,0.97,0.96,0.96,32.290421515851456,32.290421515851456,0.0,0.0,64.58084303170291,1549.94023276087,0.1373537524721511,5.8021812610255946e-05,0.575
1973-06-30,1973-07-11,525.9775,0.8881694527338079,467.1571483252964,0.58,1973,6,30,1973.06,1972,9,273,39,0.0403623776153056,3.021801061593294,0.0064684893989658,0.87,4,Mod_Dry,45,10,9,9,88,161.0,0.3446377746271594,306.1571483252964,306.1571483252964,,2,153.0785741626482,153.0785741626482,0.0,0.0,0.0,0.0,0.0,0.0,0.0,0.0,45.0,10.0,9.0,9.0,88.0,370.1571483252964,990.0,965.7022071674638,24.29779283253617,0.1661717052775952,0.0312314296650592,989.8025968650574,0.1658497201913201,0.1658497201913201,0.0,0.0,23.934539977402206,23.934539977402206,24.100389697593528,24.100389697593528,,0.9175109012235848,0.9175109012235848,0.0,0.0,32.967758907627825,32.967758907627825,0.0,0.0,0.6714411182816258,0.6714411182816258,0.0,0.0,0.97,0.97,0.96,0.96,31.97872614039899,31.97872614039899,0.0,0.0,63.95745228079798,1534.9788547391515,0.136907788974391,5.80288883146107e-05,0.58
1973-07-01,1973-07-12,520.5884,0.8885427859104034,462.56506724863937,0.581,1973,7,1,1973.07,1972,10,274,40,0.0399656218102824,4.592081076657053,0.0099274273000574,0.86,4,Mod_Dry,42,9,8,6,70,135.0,0.2918508325822935,327.56506724863937,327.56506724863937,,2,163.78253362431968,163.78253362431968,0.0,0.0,0.0,0.0,0.0,0.0,0.0,0.0,42.0,9.0,8.0,6.0,70.0,386.56506724863937,990.0,965.6815428026188,24.31845719738112,0.171962568951301,0.0355130134497278,989.7925244175988,0.1897998273359352,0.1897998273359352,0.0,0.0,23.92118178764407,23.92118178764407,24.110981614980005,24.110981614980005,,0.9218715696594152,0.9218715696594152,0.0,0.0,35.420879270840885,35.420879270840885,0.0,0.0,0.7214028364733378,0.7214028364733378,0.0,0.0,0.97,0.97,0.96,0.96,34.358252892715655,34.358252892715655,0.0,0.0,68.71650578543131,1649.1961388503514,0.1485553290786971,5.827214249082967e-05,0.58
1973-07-02,1973-07-13,515.2343,0.8913623235036077,459.2604427967548,0.585,1973,7,2,1973.07,1972,10,275,40,0.0396801022576396,3.304624451884536,0.0071955346987003,0.86,4,Mod_Dry,42,9,8,6,70,135.0,0.293950855374984,324.2604427967548,324.2604427967548,,2,162.1302213983774,162.1302213983774,0.0,0.0,0.0,0.0,0.0,0.0,0.0,0.0,42.0,9.0,8.0,6.0,70.0,383.2604427967548,990.0,965.6666719925854,24.333328007414597,0.1707962644502205,0.0348520885593509,989.7943516469904,0.1859995092162679,0.1859995092162679,0.0,0.0,23.94168014518876,23.94168014518876,24.12767965440503,24.12767965440503,,0.9212153035406369,0.9212153035406369,0.0,0.0,35.068601231750286,35.068601231750286,0.0,0.0,0.7142281309928775,0.7142281309928775,0.0,0.0,0.97,0.97,0.96,0.96,34.01654319479778,34.01654319479778,0.0,0.0,68.03308638959555,1632.7940733502933,0.1481361773186799,5.828055802819796e-05,0.585
1973-07-03,1973-07-14,509.9149,0.8935905892579125,455.65515596238953,0.59,1973,7,3,1973.07,1972,10,276,40,0.0393686054751504,3.6052868343653017,0.0079123143613958,0.86,4,Mod_Dry,42,9,8,6,70,135.0,0.2962766869495121,320.6551559623896,320.6551559623896,,2,160.32757798119476,160.32757798119476,0.0,0.0,0.0,0.0,0.0,0.0,0.0,0.0,42.0,9.0,8.0,6.0,70.0,379.65515596238953,990.0,965.6504482018308,24.349551798169276,0.1695238468657629,0.0341310311924779,989.7963451219416,0.1818534293567479,0.1818534293567479,0.0,0.0,23.96404349075425,23.96404349075425,24.145896920111,24.145896920111,,0.920499946926122,0.920499946926122,0.0,0.0,34.684129433568955,34.684129433568955,0.0,0.0,0.7063977481378606,0.7063977481378606,0.0,0.0,0.97,0.97,0.96,0.96,33.64360555056189,33.64360555056189,0.0,0.0,67.28721110112377,1614.8930664269706,0.1476713479934324,5.828969728067208e-05,0.59
1973-07-04,1973-07-15,504.6303,0.897830776149602,453.0726139176065,0.595,1973,7,4,1973.07,1972,10,277,40,0.0391454738424812,2.582542044782997,0.0057000621212842,0.86,4,Mod_Dry,42,9,8,6,70,135.0,0.2979654824702126,318.0726139176065,318.0726139176065,,2,159.03630695880324,159.03630695880324,0.0,0.0,0.0,0.0,0.0,0.0,0.0,0.0,42.0,9.0,8.0,6.0,70.0,377.0726139176065,990.0,965.6388267626292,24.36117323737085,0.1686123876500743,0.0336145227835213,989.7977730895664,0.1789606014485432,0.1789606014485432,0.0,0.0,23.979985725488667,23.979985725488667,24.15894632693721,24.15894632693721,,0.9199878455202146,0.9199878455202146,0.0,0.0,34.40851990279725,34.40851990279725,0.0,0.0,0.7007845194052393,0.7007845194052393,0.0,0.0,0.97,0.97,0.96,0.96,33.376264305713335,33.376264305713335,0.0,0.0,66.75252861142667,1602.06068667424,0.1473329584726698,5.829602501878029e-05,0.595
1973-07-05,1973-07-16,499.3804,0.8921883077628417,445.541354005931,0.598,1973,7,5,1973.07,1972,10,278,40,0.0384947729861124,7.5312599116755345,0.0169036158910072,0.86,4,Mod_Dry,42,9,8,6,70,135.0,0.3030021765346677,310.541354005931,310.541354005931,,2,155.2706770029655,155.2706770029655,0.0,0.0,0.0,0.0,0.0,0.0,0.0,0.0,42.0,9.0,8.0,6.0,70.0,369.541354005931,990.0,965.6049360930268,24.39506390697329,0.1659543723561474,0.0321082708011862,989.8019373568428,0.1706009029465834,0.1706009029465834,0.0,0.0,24.02640036086941,24.02640036086941,24.19700126381599,24.19700126381599,,0.9184958446787286,0.9184958446787286,0.0,0.0,33.60423797352036,33.60423797352036,0.0,0.0,0.6844040320472579,0.6844040320472579,0.0,0.0,0.97,0.97,0.96,0.96,32.59611083431475,32.59611083431475,0.0,0.0,65.1922216686295,1564.613320047108,0.1463213708053723,5.831413507381801e-05,0.6
1973-07-06,1973-07-17,494.165,0.8960553284209241,442.799181369126,0.602,1973,7,6,1973.07,1972,10,279,40,0.0382578492702924,2.742172636805037,0.006192813248494,0.86,4,Mod_Dry,42,9,8,6,70,135.0,0.3048786124278341,307.799181369126,307.799181369126,,2,153.899590684563,153.899590684563,0.0,0.0,0.0,0.0,0.0,0.0,0.0,0.0,42.0,9.0,8.0,6.0,70.0,366.799181369126,990.0,965.592596316161,24.407403683838996,0.1649865745517036,0.0315598362738252,989.8034535891744,0.1676231158786561,0.1676231158786561,0.0,0.0,24.04323415713486,24.04323415713486,24.21085727301352,24.21085727301352,,0.9179532059259948,0.9179532059259948,0.0,0.0,33.31114748097082,33.31114748097082,0.0,0.0,0.6784347755798537,0.6784347755798537,0.0,0.0,0.97,0.97,0.96,0.96,32.311813056541695,32.311813056541695,0.0,0.0,64.62362611308339,1550.9670267140011,0.1459434182178667,5.83205165581862e-05,0.6
1973-07-07,1973-07-18,488.9841,0.8998924733267547,440.0331111664572,0.609,1973,7,7,1973.07,1972,10,280,40,0.0380188608047818,2.766070202668743,0.0062860501459454,0.86,4,Mod_Dry,42,9,8,6,70,135.0,0.3067950946739818,305.0331111664572,305.0331111664572,,2,152.5165555832286,152.5165555832286,0.0,0.0,0.0,0.0,0.0,0.0,0.0,0.0,42.0,9.0,8.0,6.0,70.0,364.0331111664572,990.0,965.580149000249,24.41985099975102,0.1640103425548008,0.0310066222332914,989.804983035212,0.1646357600597738,0.1646357600597738,0.0,0.0,24.06019827490324,24.06019827490324,24.22483403496301,24.22483403496301,,0.9174062662544012,0.9174062662544012,0.0,0.0,33.015402200031524,33.015402200031524,0.0,0.0,0.672411450102475,0.672411450102475,0.0,0.0,0.97,0.97,0.96,0.96,32.02494013403058,32.02494013403058,0.0,0.0,64.04988026806116,1537.197126433468,0.1455569561533112,5.832689225034929e-05,0.61
1973-07-08,1973-07-19,478.7252,0.9002196493164109,430.9578316629287,0.615,1973,7,8,1973.07,1972,10,281,41,0.037234756655677,9.07527950352852,0.0210583932736757,0.86,4,Mod_Dry,42,9,8,6,70,135.0,0.3132557064320611,295.9578316629287,295.9578316629287,,2,147.97891583146435,147.97891583146435,0.0,0.0,0.0,0.0,0.0,0.0,0.0,0.0,42.0,9.0,8.0,6.0,70.0,354.9578316629287,990.0,965.5393102424832,24.46068975751689,0.1608073948408805,0.0291915663325857,989.8100010388266,0.1549961449294458,0.1549961449294458,0.0,0.0,24.115694651414056,24.115694651414056,24.2706907963435,24.2706907963435,,0.9156147598657636,0.9156147598657636,0.0,0.0,32.04432308635996,32.04432308635996,0.0,0.0,0.6526338714126264,0.6526338714126264,0.0,0.0,0.97,0.97,0.96,0.96,31.08299339376916,31.08299339376916,0.0,0.0,62.16598678753832,1491.9836829009198,0.1442507415346407,5.834726375098016e-05,0.615
1973-07-09,1973-07-20,473.647,0.9007401735700734,426.6328809909446,0.62,1973,7,9,1973.07,1972,10,282,41,0.0368610809176176,4.324950671984085,0.0101374058697456,0.86,4,Mod_Dry,42,9,8,6,70,135.0,0.3164313066691768,291.6328809909446,291.6328809909446,,2,145.8164404954723,145.8164404954723,0.0,0.0,0.0,0.0,0.0,0.0,0.0,0.0,42.0,9.0,8.0,6.0,70.0,350.6328809909446,990.0,965.5198479644592,24.480152035540755,0.159280985559242,0.0283265761981889,989.8123924382426,0.1504981962305824,0.1504981962305824,0.0,0.0,24.14204627755274,24.14204627755274,24.292544473783323,24.292544473783323,,0.9147625750391928,0.9147625750391928,0.0,0.0,31.58112949576,31.58112949576,0.0,0.0,0.6432001933963339,0.6432001933963339,0.0,0.0,0.97,0.97,0.96,0.96,30.633695610887195,30.633695610887195,0.0,0.0,61.26739122177439,1470.4173893225852,0.1436068197075387,5.835665623848039e-05,0.62
1973-07-10,1973-07-21,473.647,0.9007401735700734,426.6328809909446,0.62,1973,7,10,1973.07,1972,10,283,41,0.0368610809176176,0.0,0.0,0.86,4,Mod_Dry,42,9,8,6,70,135.0,0.3164313066691768,291.6328809909446,291.6328809909446,,2,145.8164404954723,145.8164404954723,0.0,0.0,0.0,0.0,0.0,0.0,0.0,0.0,42.0,9.0,8.0,6.0,70.0,350.6328809909446,990.0,965.5198479644592,24.480152035540755,0.159280985559242,0.0283265761981889,989.8123924382426,0.1504981962305824,0.1504981962305824,0.0,0.0,24.14204627755274,24.14204627755274,24.292544473783323,24.292544473783323,,0.9147625750391928,0.9147625750391928,0.0,0.0,31.58112949576,31.58112949576,0.0,0.0,0.6432001933963339,0.6432001933963339,0.0,0.0,0.97,0.97,0.96,0.96,30.633695610887195,30.633695610887195,0.0,0.0,61.26739122177439,1470.4173893225852,0.1436068197075387,5.835665623848039e-05,0.62
1973-07-11,1973-07-22,463.5928,0.9065907191323836,420.28892993659525,0.63,1973,7,11,1973.07,1972,10,284,41,0.0363129635465218,6.343951054349362,0.0150942615959606,0.85,4,Mod_Dry,42,9,8,6,70,135.0,0.321207603589193,285.28892993659525,285.28892993659525,,2,142.64446496829763,142.64446496829763,0.0,0.0,0.0,0.0,0.0,0.0,0.0,0.0,42.0,9.0,8.0,6.0,70.0,344.28892993659525,990.0,965.4913001847146,24.508699815285357,0.1570420083994917,0.027057785987319,989.8159002056132,0.1440418192359611,0.1440418192359611,0.0,0.0,24.180558201662667,24.180558201662667,24.32460002089863,24.32460002089863,,0.9133510568362008,0.9133510568362008,0.0,0.0,30.89567455389808,30.89567455389808,0.0,0.0,0.6292398076150322,0.6292398076150322,0.0,0.0,0.97,0.97,0.96,0.96,29.968804317281137,29.968804317281137,0.0,0.0,59.937608634562274,1438.5026072294943,0.1426104861805531,5.835955757387126e-05,0.63
1973-07-12,1973-07-23,458.6166,0.911126574868046,417.8577719356288,0.633,1973,7,12,1973.07,1972,10,285,41,0.0361029114952383,2.4311580009666045,0.0058181471406044,0.85,4,Mod_Dry,42,9,8,6,70,135.0,0.3230764366895557,282.8577719356288,282.8577719356288,,2,141.4288859678144,141.4288859678144,0.0,0.0,0.0,0.0,0.0,0.0,0.0,0.0,42.0,9.0,8.0,6.0,70.0,341.8577719356288,990.0,965.4803599737104,24.51964002628972,0.1561839773098325,0.0265715543871257,989.817244468303,0.1415863496549851,0.1415863496549851,0.0,0.0,24.195298144937723,24.195298144937723,24.33688449459271,24.33688449459271,,0.9127896616420368,0.9127896616420368,0.0,0.0,30.632222688366664,30.632222688366664,0.0,0.0,0.6238741891724371,0.6238741891724371,0.0,0.0,0.97,0.97,0.96,0.96,29.713256007715664,29.713256007715664,0.0,0.0,59.42651201543133,1426.2362883703518,0.1422170796061823,5.835923947137495e-05,0.635
1973-07-13,1973-07-24,453.6742,0.9119592484433596,413.7323824701425,0.64,1973,7,13,1973.07,1972,10,286,41,0.0357464778454203,4.125389465486137,0.0099711543990247,0.85,4,Mod_Dry,42,9,8,6,70,135.0,0.3262978817224741,278.7323824701425,278.7323824701425,,2,139.36619123507126,139.36619123507126,0.0,0.0,0.0,0.0,0.0,0.0,0.0,0.0,42.0,9.0,8.0,6.0,70.0,337.7323824701425,990.0,965.4617957211155,24.538204278884336,0.1547279993697181,0.0257464764940285,989.8195255241362,0.1374704109960382,0.1374704109960382,0.0,0.0,24.220259392024523,24.220259392024523,24.35772980302056,24.35772980302056,,0.9118387429875696,0.9118387429875696,0.0,0.0,30.185123822378376,30.185123822378376,0.0,0.0,0.6147683059547531,0.6147683059547531,0.0,0.0,0.97,0.97,0.96,0.96,29.279570107707023,29.279570107707023,0.0,0.0,58.55914021541405,1405.419365169937,0.1415386919094737,5.835858644575483e-05,0.64
1973-07-14,1973-07-25,448.7655,0.9091709283658698,408.00454625357366,0.643,1973,7,14,1973.07,1972,10,287,41,0.0352515927963087,5.727836216568846,0.0140386578266434,0.85,4,Mod_Dry,42,9,8,6,70,135.0,0.3308786660335345,273.00454625357366,273.00454625357366,,2,136.50227312678683,136.50227312678683,0.0,0.0,0.0,0.0,0.0,0.0,0.0,0.0,42.0,9.0,8.0,6.0,70.0,332.00454625357366,990.0,965.436020458141,24.563979541859,0.1527064682523088,0.0246009092507147,989.822692622497,0.1319144098659664,0.1319144098659664,0.0,0.0,24.254757754490047,24.254757754490047,24.38667216435601,24.38667216435601,,0.9105219277131082,0.9105219277131082,0.0,0.0,29.56418653007607,29.56418653007607,0.0,0.0,0.6021219252561317,0.6021219252561317,0.0,0.0,0.97,0.97,0.96,0.96,28.677260934173788,28.677260934173788,0.0,0.0,57.354521868347575,1376.5085248403418,0.1405732421243706,5.83573125382999e-05,0.645
1973-07-15,1973-07-26,443.8904,0.9076618404997884,402.90237744418727,0.648,1973,7,15,1973.07,1972,10,288,42,0.0348107654111777,5.102168809386399,0.0126635361194739,0.85,4,Mod_Dry,42,9,8,6,70,135.0,0.3350687599720136,267.90237744418727,267.90237744418727,,2,133.95118872209363,133.95118872209363,0.0,0.0,0.0,0.0,0.0,0.0,0.0,0.0,42.0,9.0,8.0,6.0,70.0,326.90237744418727,990.0,965.4130606984988,24.58693930150116,0.1509057545753686,0.0235804754888374,989.8255137699358,0.127028234797536,0.127028234797536,0.0,0.0,24.28542483663944,24.28542483663944,24.41245307143697,24.41245307143697,,0.909352447829894,0.909352447829894,0.0,0.0,29.011034591674267,29.011034591674267,0.0,0.0,0.5908561016634271,0.5908561016634271,0.0,0.0,0.97,0.97,0.96,0.96,28.14070355392404,28.14070355392404,0.0,0.0,56.28140710784808,1350.7537705883535,0.1396899354748646,5.83560487434699e-05,0.65
1973-07-16,1973-07-27,439.0488,0.9068394067509818,398.1467533267305,0.657,1973,7,16,1973.07,1972,10,289,42,0.0343998794874295,4.755624117456762,0.0119444000929832,0.85,4,Mod_Dry,42,9,8,6,70,135.0,0.339070955299779,263.1467533267305,263.1467533267305,,2,131.57337666336525,131.57337666336525,0.0,0.0,0.0,0.0,0.0,0.0,0.0,0.0,42.0,9.0,8.0,6.0,70.0,322.1467533267305,990.0,965.3907337666336,24.609266233366384,0.1492273472723924,0.0226293506653461,989.8281433020622,0.1225579481271266,0.1225579481271266,0.0,0.0,24.3148515873015,24.3148515873015,24.43740953542863,24.43740953542863,,0.9082665657565204,0.9082665657565204,0.0,0.0,28.49650973293384,28.49650973293384,0.0,0.0,0.5803769803041514,0.5803769803041514,0.0,0.0,0.97,0.97,0.96,0.96,27.641614440945823,27.641614440945823,0.0,0.0,55.283228881891645,1326.7974931653994,0.1388513868817728,5.835699005613463e-05,0.655
1973-07-17,1973-07-28,434.2405,0.9023039355474278,391.8169121240828,0.66,1973,7,17,1973.07,1972,10,290,42,0.0338529812075207,6.3298412026476845,0.0161550995038292,0.85,4,Mod_Dry,42,9,8,6,70,135.0,0.3445486803215054,256.8169121240828,256.8169121240828,,2,128.4084560620414,128.4084560620414,0.0,0.0,0.0,0.0,0.0,0.0,0.0,0.0,42.0,9.0,8.0,6.0,70.0,315.8169121240828,990.0,965.3590845606204,24.64091543937957,0.1469933499170916,0.0213633824248165,989.831643267658,0.1167352209116745,0.1167352209116745,0.0,0.0,24.35582348612592,24.35582348612592,24.472558707037592,24.472558707037592,,0.906828456288633,0.906828456288633,0.0,0.0,27.813797053960936,27.813797053960936,0.0,0.0,0.566472445090854,0.566472445090854,0.0,0.0,0.97,0.97,0.96,0.96,26.979383142342108,26.979383142342108,0.0,0.0,53.958766284684216,1295.0103908324213,0.1377142349271443,5.836276928268744e-05,0.66
1973-07-18,1973-07-29,429.4657,0.9060885103777592,389.1339363713416,0.6629999999999999,1973,7,18,1973.07,1972,10,291,42,0.0336211721024839,2.6829757527411857,0.0068947359815487,0.85,4,Mod_Dry,42,9,8,6,70,135.0,0.3469242525051133,254.1339363713416,254.1339363713416,,2,127.0669681856708,127.0669681856708,0.0,0.0,0.0,0.0,0.0,0.0,0.0,0.0,42.0,9.0,8.0,6.0,70.0,313.1339363713416,990.0,965.3456696818566,24.65433031814337,0.1460464445297253,0.0208267872742683,989.833126768196,0.1143205427342074,0.1143205427342074,0.0,0.0,24.37313654360521,24.37313654360521,24.48745708633942,24.48745708633942,,0.9062205025756632,0.9062205025756632,0.0,0.0,27.524324689280803,27.524324689280803,0.0,0.0,0.5605768775820937,0.5605768775820937,0.0,0.0,0.97,0.97,0.96,0.96,26.698594948602377,26.698594948602377,0.0,0.0,53.397189897204754,1281.532557532914,0.137220594007121,5.8365100548988285e-05,0.665
1973-07-19,1973-07-30,424.724,0.9100759486875,386.53109723034976,0.6709999999999999,1973,7,19,1973.07,1972,10,292,42,0.0333962868007022,2.6028391409918754,0.0067338414933294,0.85,4,Mod_Dry,42,9,8,6,70,135.0,0.3492603854316745,251.53109723034976,251.53109723034976,,2,125.76554861517488,125.76554861517488,0.0,0.0,0.0,0.0,0.0,0.0,0.0,0.0,42.0,9.0,8.0,6.0,70.0,310.53109723034976,990.0,965.3326554861516,24.66734451384832,0.1451278218390301,0.0203062194460699,989.8345659587148,0.1119779875073147,0.1119779875073147,0.0,0.0,24.38993248505585,24.38993248505585,24.501910472563168,24.501910472563168,,0.9056316619498196,0.9056316619498196,0.0,0.0,27.24348016007175,27.24348016007175,0.0,0.0,0.5548570297366955,0.5548570297366955,0.0,0.0,0.97,0.97,0.96,0.96,26.4261757552696,26.4261757552696,0.0,0.0,52.8523515105392,1268.4564362529406,0.1367350567373426,5.836737053423912e-05,0.67
1973-07-20,1973-07-31,424.724,0.9100759486875,386.53109723034976,0.6709999999999999,1973,7,20,1973.07,1972,10,293,42,0.0333962868007022,0.0,0.0,0.85,4,Mod_Dry,42,9,8,6,70,135.0,0.3492603854316745,251.53109723034976,251.53109723034976,,2,125.76554861517488,125.76554861517488,0.0,0.0,0.0,0.0,0.0,0.0,0.0,0.0,42.0,9.0,8.0,6.0,70.0,310.53109723034976,990.0,965.3326554861516,24.66734451384832,0.1451278218390301,0.0203062194460699,989.8345659587148,0.1119779875073147,0.1119779875073147,0.0,0.0,24.38993248505585,24.38993248505585,24.501910472563168,24.501910472563168,,0.9056316619498196,0.9056316619498196,0.0,0.0,27.24348016007175,27.24348016007175,0.0,0.0,0.5548570297366955,0.5548570297366955,0.0,0.0,0.97,0.97,0.96,0.96,26.4261757552696,26.4261757552696,0.0,0.0,52.8523515105392,1268.4564362529406,0.1367350567373426,5.836737053423912e-05,0.67
1973-07-21,1973-08-01,420.0154,0.9067213782142306,380.8369423592014,0.675,1973,7,21,1973.07,1972,10,294,42,0.032904311819835,5.694154871148385,0.0149516872913492,0.85,4,Mod_Dry,42,9,8,6,70,135.0,0.354482417497905,245.83694235920137,245.83694235920137,,2,122.91847117960069,122.91847117960069,0.0,0.0,0.0,0.0,0.0,0.0,0.0,0.0,42.0,9.0,8.0,6.0,70.0,304.8369423592014,990.0,965.304184711796,24.695815288204017,0.1431181779134451,0.0191673884718402,989.8377144336148,0.1069781398525052,0.1069781398525052,0.0,0.0,24.42655158196619,24.42655158196619,24.53352972181869,24.53352972181869,,0.9036002892182212,0.9036002892182212,0.0,0.0,26.60690570814384,26.60690570814384,0.0,0.0,0.5418921732819519,0.5418921732819519,0.0,0.0,0.97,0.97,0.96,0.96,25.808698536899527,25.808698536899527,0.0,0.0,51.617397073799054,1238.8175297711773,0.1355367385160709,5.832388621594167e-05,0.675
1973-07-22,1973-08-02,415.3399,0.9079714249478594,377.11676084070143,0.68,1973,7,22,1973.07,1972,10,295,43,0.0325828881366366,3.720181518499942,0.0098648002549836,0.85,4,Mod_Dry,42,9,8,6,70,135.0,0.3579793157404255,242.11676084070143,242.11676084070143,,2,121.05838042035072,121.05838042035072,0.0,0.0,0.0,0.0,0.0,0.0,0.0,0.0,42.0,9.0,8.0,6.0,70.0,301.11676084070143,990.0,965.2855838042036,24.714416195796503,0.1418052104301389,0.0184233521681402,989.8397714374016,0.1037415819314102,0.1037415819314102,0.0,0.0,24.45044605126683,24.45044605126683,24.55418763319824,24.55418763319824,,0.90209043778219,0.90209043778219,0.0,0.0,26.18607603545156,26.18607603545156,0.0,0.0,0.5333213041843494,0.5333213041843494,0.0,0.0,0.97,0.97,0.96,0.96,25.40049375438801,25.40049375438801,0.0,0.0,50.800987508776025,1219.2237002106249,0.1347089092394781,5.828338926270748e-05,0.68
1973-07-23,1973-08-03,415.3399,0.9079714249478594,377.11676084070143,0.68,1973,7,23,1973.07,1972,10,296,43,0.0325828881366366,0.0,0.0,0.85,4,Mod_Dry,42,9,8,6,70,135.0,0.3579793157404255,242.11676084070143,242.11676084070143,,2,121.05838042035072,121.05838042035072,0.0,0.0,0.0,0.0,0.0,0.0,0.0,0.0,42.0,9.0,8.0,6.0,70.0,301.11676084070143,990.0,965.2855838042036,24.714416195796503,0.1418052104301389,0.0184233521681402,989.8397714374016,0.1037415819314102,0.1037415819314102,0.0,0.0,24.45044605126683,24.45044605126683,24.55418763319824,24.55418763319824,,0.90209043778219,0.90209043778219,0.0,0.0,26.18607603545156,26.18607603545156,0.0,0.0,0.5333213041843494,0.5333213041843494,0.0,0.0,0.97,0.97,0.96,0.96,25.40049375438801,25.40049375438801,0.0,0.0,50.800987508776025,1219.2237002106249,0.1347089092394781,5.828338926270748e-05,0.68
1973-07-24,1973-08-04,410.6973,0.908236127635729,373.01012538244936,0.6880000000000001,1973,7,24,1973.07,1972,10,297,43,0.0322280748330436,4.106635458252072,0.0110094476766321,0.85,4,Mod_Dry,42,9,8,6,70,135.0,0.3619204702863863,238.01012538244936,238.01012538244936,,2,119.00506269122468,119.00506269122468,0.0,0.0,0.0,0.0,0.0,0.0,0.0,0.0,42.0,9.0,8.0,6.0,70.0,297.01012538244936,990.0,965.2650506269122,24.73494937308783,0.1403558513610548,0.0176020250764898,989.8420421235624,0.1002484040674329,0.1002484040674329,0.0,0.0,24.47674309258286,24.47674309258286,24.57699149665029,24.57699149665029,,0.9004195653376021,0.9004195653376021,0.0,0.0,25.721878931530423,25.721878931530423,0.0,0.0,0.5238671880148762,0.5238671880148762,0.0,0.0,0.97,0.97,0.96,0.96,24.95022256358451,24.95022256358451,0.0,0.0,49.90044512716902,1197.6106830520566,0.1337777227253705,5.823800451881559e-05,0.69
1973-07-25,1973-08-05,410.6973,0.908236127635729,373.01012538244936,0.6880000000000001,1973,7,25,1973.07,1972,10,298,43,0.0322280748330436,0.0,0.0,0.85,4,Mod_Dry,42,9,8,6,70,135.0,0.3619204702863863,238.01012538244936,238.01012538244936,,2,119.00506269122468,119.00506269122468,0.0,0.0,0.0,0.0,0.0,0.0,0.0,0.0,42.0,9.0,8.0,6.0,70.0,297.01012538244936,990.0,965.2650506269122,24.73494937308783,0.1403558513610548,0.0176020250764898,989.8420421235624,0.1002484040674329,0.1002484040674329,0.0,0.0,24.47674309258286,24.47674309258286,24.57699149665029,24.57699149665029,,0.9004195653376021,0.9004195653376021,0.0,0.0,25.721878931530423,25.721878931530423,0.0,0.0,0.5238671880148762,0.5238671880148762,0.0,0.0,0.97,0.97,0.96,0.96,24.95022256358451,24.95022256358451,0.0,0.0,49.90044512716902,1197.6106830520566,0.1337777227253705,5.823800451881559e-05,0.69
1973-07-26,1973-08-06,406.0875,0.9120318780949216,370.3647452958713,0.6890000000000001,1973,7,26,1973.07,1972,10,299,43,0.0319995139935632,2.645380086578029,0.0071426347139621,0.85,4,Mod_Dry,42,9,8,6,70,135.0,0.3645055360011474,235.36474529587127,235.36474529587127,,2,117.68237264793564,117.68237264793564,0.0,0.0,0.0,0.0,0.0,0.0,0.0,0.0,42.0,9.0,8.0,6.0,70.0,294.3647452958713,990.0,965.2518237264792,24.7481762735207,0.1394222146507517,0.0170729490591742,989.84350483629,0.0980527385955731,0.0980527385955731,0.0,0.0,24.49362837121522,24.49362837121522,24.591681109810796,24.591681109810796,,0.8993409114186315,0.8993409114186315,0.0,0.0,25.423046374038915,25.423046374038915,0.0,0.0,0.5177809852146419,0.5177809852146419,0.0,0.0,0.97,0.97,0.96,0.96,24.660354982817747,24.660354982817747,0.0,0.0,49.32070996563549,1183.6970391752518,0.1331679394220822,5.820836589377199e-05,0.69
1973-07-27,1973-08-07,406.0875,0.9120318780949216,370.3647452958713,0.6890000000000001,1973,7,27,1973.07,1972,10,300,43,0.0319995139935632,0.0,0.0,0.85,4,Mod_Dry,42,9,8,6,70,135.0,0.3645055360011474,235.36474529587127,235.36474529587127,,2,117.68237264793564,117.68237264793564,0.0,0.0,0.0,0.0,0.0,0.0,0.0,0.0,42.0,9.0,8.0,6.0,70.0,294.3647452958713,990.0,965.2518237264792,24.7481762735207,0.1394222146507517,0.0170729490591742,989.84350483629,0.0980527385955731,0.0980527385955731,0.0,0.0,24.49362837121522,24.49362837121522,24.591681109810796,24.591681109810796,,0.8993409114186315,0.8993409114186315,0.0,0.0,25.423046374038915,25.423046374038915,0.0,0.0,0.5177809852146419,0.5177809852146419,0.0,0.0,0.97,0.97,0.96,0.96,24.660354982817747,24.660354982817747,0.0,0.0,49.32070996563549,1183.6970391752518,0.1331679394220822,5.820836589377199e-05,0.69
1973-07-28,1973-08-08,396.9661,0.9077571128687334,360.34880084276085,0.7000000000000001,1973,7,28,1973.07,1972,10,301,43,0.0311341363928145,10.015944453110476,0.0277951374603878,0.85,4,Mod_Dry,42,9,8,6,70,135.0,0.3746370174793716,225.34880084276085,225.34880084276085,,2,112.67440042138044,112.67440042138044,0.0,0.0,0.0,0.0,0.0,0.0,0.0,0.0,42.0,9.0,8.0,6.0,70.0,284.34880084276085,990.0,965.2017440042138,24.798255995786235,0.1358872770902755,0.0150697601685521,989.8490429627412,0.0898790406742086,0.0898790406742086,0.0,0.0,24.55741991785315,24.55741991785315,24.64729895852736,24.64729895852736,,0.8952407826989303,0.8952407826989303,0.0,0.0,24.2933020476642,24.2933020476642,0.0,0.0,0.4947719357976415,0.4947719357976415,0.0,0.0,0.969477193579764,0.969477193579764,0.96,0.96,23.551802291955028,23.551802291955028,0.0,0.0,47.103604583910055,1130.486510013841,0.1307166958062497,5.806258811987818e-05,0.7
1973-07-29,1973-08-09,396.9661,0.9077571128687334,360.34880084276085,0.7000000000000001,1973,7,29,1973.07,1972,10,302,44,0.0311341363928145,0.0,0.0,0.85,4,Mod_Dry,42,9,8,6,70,135.0,0.3746370174793716,225.34880084276085,225.34880084276085,,2,112.67440042138044,112.67440042138044,0.0,0.0,0.0,0.0,0.0,0.0,0.0,0.0,42.0,9.0,8.0,6.0,70.0,284.34880084276085,990.0,965.2017440042138,24.798255995786235,0.1358872770902755,0.0150697601685521,989.8490429627412,0.0898790406742086,0.0898790406742086,0.0,0.0,24.55741991785315,24.55741991785315,24.64729895852736,24.64729895852736,,0.8952407826989303,0.8952407826989303,0.0,0.0,24.2933020476642,24.2933020476642,0.0,0.0,0.4947719357976415,0.4947719357976415,0.0,0.0,0.969477193579764,0.969477193579764,0.96,0.96,23.551802291955028,23.551802291955028,0.0,0.0,47.103604583910055,1130.486510013841,0.1307166958062497,5.806258811987818e-05,0.7
1973-07-30,1973-08-10,392.4543,0.9019707790507928,353.9823107128336,0.7040000000000001,1973,7,30,1973.07,1972,10,303,44,0.0305840716455888,6.366490129927229,0.017985334117704,0.85,4,Mod_Dry,42,9,8,6,70,135.0,0.3813749894115982,218.9823107128336,218.9823107128336,,1,218.9823107128336,0.0,0.0,0.0,0.0,0.0,0.0,0.0,0.0,0.0,42.0,9.0,8.0,6.0,70.0,277.9823107128336,990.0,965.169911553564,24.830088446435862,0.1336403451914378,0.0137964621425667,989.852563192666,0.3392655169955275,0.0,0.0,0.0,24.343386122106363,24.68265163910189,24.68265163910189,24.68265163910189,,0.9396089691025166,0.0,0.0,0.0,49.12198125537649,0.0,0.0,0.0,1.0004476834088898,0.0,0.0,0.0,0.98,0.96,0.96,0.96,48.13954163026896,0.0,0.0,0.0,48.13954163026896,1155.348999126455,0.1359942013298001,6.106472643277873e-05,0.705
1973-07-31,1973-08-11,392.4543,0.9019707790507928,353.9823107128336,0.7040000000000001,1973,7,31,1973.07,1972,10,304,44,0.0305840716455888,0.0,0.0,0.85,4,Mod_Dry,42,9,8,6,70,135.0,0.3813749894115982,218.9823107128336,218.9823107128336,,1,218.9823107128336,0.0,0.0,0.0,0.0,0.0,0.0,0.0,0.0,0.0,42.0,9.0,8.0,6.0,70.0,277.9823107128336,990.0,965.169911553564,24.830088446435862,0.1336403451914378,0.0137964621425667,989.852563192666,0.3392655169955275,0.0,0.0,0.0,24.343386122106363,24.68265163910189,24.68265163910189,24.68265163910189,,0.9396089691025166,0.0,0.0,0.0,49.12198125537649,0.0,0.0,0.0,1.0004476834088898,0.0,0.0,0.0,0.98,0.96,0.96,0.96,48.13954163026896,0.0,0.0,0.0,48.13954163026896,1155.348999126455,0.1359942013298001,6.106472643277873e-05,0.705
1973-08-01,1973-08-12,387.9749,0.9026852126280548,350.2192051008483,0.7090000000000001,1973,8,1,1973.08,1972,11,305,44,0.0302589393207132,3.7631056119853374,0.0107450007229093,0.8300000000000001,4,Mod_Dry,39,7,5,4,60,115.0,0.3283657729931883,235.21920510084828,235.21920510084828,,2,117.60960255042414,117.60960255042414,0.0,0.0,0.0,0.0,0.0,0.0,0.0,0.0,39.0,7.0,5.0,4.0,60.0,286.2192051008483,990.0,965.1510960255042,24.848903974495784,0.1365474007856635,0.0170438410201696,989.8464087581942,0.097931940233704,0.097931940233704,0.0,0.0,24.59738079245631,24.59738079245631,24.695312732690013,24.695312732690013,,0.8994047068330471,0.8994047068330471,0.0,0.0,25.516758442229747,25.516758442229747,0.0,0.0,0.5196895813081415,0.5196895813081415,0.0,0.0,0.97,0.97,0.96,0.96,24.751255688962853,24.751255688962853,0.0,0.0,49.50251137792571,1188.060273070217,0.1413472209888406,5.845907692394363e-05,0.71
1973-08-02,1973-08-13,383.5279,0.9045977994923856,346.9384943839358,0.7120000000000001,1973,8,2,1973.08,1972,11,306,44,0.029975485914772,3.2807107169124947,0.009456173846428,0.8300000000000001,4,Mod_Dry,39,7,5,4,60,115.0,0.3314708568278286,231.9384943839358,231.9384943839358,,2,115.9692471919679,115.9692471919679,0.0,0.0,0.0,0.0,0.0,0.0,0.0,0.0,39.0,7.0,5.0,4.0,60.0,282.9384943839358,990.0,965.1346924719196,24.865307528080397,0.1353895361836219,0.0163876988767871,989.8482227649396,0.0952089503386667,0.0952089503386667,0.0,0.0,24.618321342681305,24.618321342681305,24.71353029301997,24.71353029301997,,0.8980577631860065,0.8980577631860065,0.0,0.0,25.144571854220704,25.144571854220704,0.0,0.0,0.512109406399607,0.512109406399607,0.0,0.0,0.97,0.97,0.96,0.96,24.39023469859408,24.39023469859408,0.0,0.0,48.78046939718816,1170.731265532516,0.1406026433699968,5.8421222505988266e-05,0.71
1973-08-03,1973-08-14,379.1131,0.9090149185803196,344.6194637292325,0.718,1973,8,3,1973.08,1972,11,307,44,0.0297751216662056,2.319030654703284,0.0067292503725945,0.8300000000000001,4,Mod_Dry,39,7,5,4,60,115.0,0.3337014072146415,229.6194637292325,229.6194637292325,,2,114.80973186461624,114.80973186461624,0.0,0.0,0.0,0.0,0.0,0.0,0.0,0.0,39.0,7.0,5.0,4.0,60.0,280.6194637292325,990.0,965.1230973186462,24.87690268135384,0.1345710783134148,0.0159238927458465,989.8495050289408,0.093295570983386,0.093295570983386,0.0,0.0,24.63311213931117,24.63311213931117,24.726407710294552,24.726407710294552,,0.8971040018544978,0.8971040018544978,0.0,0.0,24.881667378761087,24.881667378761087,0.0,0.0,0.5067549364309794,0.5067549364309794,0.0,0.0,0.97,0.97,0.96,0.96,24.13521735739825,24.13521735739825,0.0,0.0,48.27043471479651,1158.490433155116,0.140068799923392,5.839424005995735e-05,0.72
1973-08-04,1973-08-15,374.7305,0.908907350449394,340.5953058875766,0.721,1973,8,4,1973.08,1972,11,308,44,0.0294274344286866,4.024157841655892,0.0118150713532857,0.8300000000000001,4,Mod_Dry,39,7,5,4,60,115.0,0.3376441131515744,225.5953058875766,225.5953058875766,,2,112.79765294378832,112.79765294378832,0.0,0.0,0.0,0.0,0.0,0.0,0.0,0.0,39.0,7.0,5.0,4.0,60.0,276.5953058875766,990.0,965.102976529438,24.89702347056209,0.1331508281542462,0.0151190611775153,989.8517301106682,0.0900762447100612,0.0900762447100612,0.0,0.0,24.658677336520228,24.658677336520228,24.74875358123029,24.74875358123029,,0.8954456457481691,0.8954456457481691,0.0,0.0,24.4257422175573,24.4257422175573,0.0,0.0,0.497469291599945,0.497469291599945,0.0,0.0,0.9697469291599944,0.9697469291599944,0.96,0.96,23.686788507929823,23.686788507929823,0.0,0.0,47.37357701585965,1136.9658483806315,0.1390905165072846,5.833156366918261e-05,0.72
1973-08-05,1973-08-16,374.7305,0.908907350449394,340.5953058875766,0.721,1973,8,5,1973.08,1972,11,309,45,0.0294274344286866,0.0,0.0,0.8300000000000001,4,Mod_Dry,39,7,5,4,60,115.0,0.3376441131515744,225.5953058875766,225.5953058875766,,2,112.79765294378832,112.79765294378832,0.0,0.0,0.0,0.0,0.0,0.0,0.0,0.0,39.0,7.0,5.0,4.0,60.0,276.5953058875766,990.0,965.102976529438,24.89702347056209,0.1331508281542462,0.0151190611775153,989.8517301106682,0.0900762447100612,0.0900762447100612,0.0,0.0,24.658677336520228,24.658677336520228,24.74875358123029,24.74875358123029,,0.8954456457481691,0.8954456457481691,0.0,0.0,24.4257422175573,24.4257422175573,0.0,0.0,0.497469291599945,0.497469291599945,0.0,0.0,0.9697469291599944,0.9697469291599944,0.96,0.96,23.686788507929823,23.686788507929823,0.0,0.0,47.37357701585965,1136.9658483806315,0.1390905165072846,5.833156366918261e-05,0.72
1973-08-06,1973-08-17,374.7305,0.908907350449394,340.5953058875766,0.721,1973,8,6,1973.08,1972,11,310,45,0.0294274344286866,0.0,0.0,0.8300000000000001,4,Mod_Dry,39,7,5,4,60,115.0,0.3376441131515744,225.5953058875766,225.5953058875766,,2,112.79765294378832,112.79765294378832,0.0,0.0,0.0,0.0,0.0,0.0,0.0,0.0,39.0,7.0,5.0,4.0,60.0,276.5953058875766,990.0,965.102976529438,24.89702347056209,0.1331508281542462,0.0151190611775153,989.8517301106682,0.0900762447100612,0.0900762447100612,0.0,0.0,24.658677336520228,24.658677336520228,24.74875358123029,24.74875358123029,,0.8954456457481691,0.8954456457481691,0.0,0.0,24.4257422175573,24.4257422175573,0.0,0.0,0.497469291599945,0.497469291599945,0.0,0.0,0.9697469291599944,0.9697469291599944,0.96,0.96,23.686788507929823,23.686788507929823,0.0,0.0,47.37357701585965,1136.9658483806315,0.1390905165072846,5.833156366918261e-05,0.72
1973-08-07,1973-08-18,370.3799,0.9134433097017404,338.3210417029997,0.727,1973,8,7,1973.08,1972,11,311,45,0.0292309380031391,2.2742641845769067,0.0067222073245252,0.8300000000000001,4,Mod_Dry,39,7,5,4,60,115.0,0.3399138268820847,223.3210417029997,223.3210417029997,,2,111.66052085149984,111.66052085149984,0.0,0.0,0.0,0.0,0.0,0.0,0.0,0.0,39.0,7.0,5.0,4.0,60.0,274.3210417029997,990.0,965.0916052085148,24.90839479148508,0.1323481697603081,0.0146642083405999,989.852987621899,0.0882568333623997,0.0882568333623997,0.0,0.0,24.67312558002173,24.67312558002173,24.761382413384126,24.761382413384126,,0.8945066238324089,0.8945066238324089,0.0,0.0,24.168298648194074,24.168298648194074,0.0,0.0,0.4922260417147469,0.4922260417147469,0.0,0.0,0.9692226041714748,0.9692226041714748,0.96,0.96,23.42446135419659,23.42446135419659,0.0,0.0,46.84892270839318,1124.3741450014363,0.1384747530705471,5.827301154419398e-05,0.725
1973-08-08,1973-08-19,370.3799,0.9134433097017404,338.3210417029997,0.727,1973,8,8,1973.08,1972,11,312,45,0.0292309380031391,0.0,0.0,0.8300000000000001,4,Mod_Dry,39,7,5,4,60,115.0,0.3399138268820847,223.3210417029997,223.3210417029997,,2,111.66052085149984,111.66052085149984,0.0,0.0,0.0,0.0,0.0,0.0,0.0,0.0,39.0,7.0,5.0,4.0,60.0,274.3210417029997,990.0,965.0916052085148,24.90839479148508,0.1323481697603081,0.0146642083405999,989.852987621899,0.0882568333623997,0.0882568333623997,0.0,0.0,24.67312558002173,24.67312558002173,24.761382413384126,24.761382413384126,,0.8945066238324089,0.8945066238324089,0.0,0.0,24.168298648194074,24.168298648194074,0.0,0.0,0.4922260417147469,0.4922260417147469,0.0,0.0,0.9692226041714748,0.9692226041714748,0.96,0.96,23.42446135419659,23.42446135419659,0.0,0.0,46.84892270839318,1124.3741450014363,0.1384747530705471,5.827301154419398e-05,0.725
1973-08-09,1973-08-20,366.0613,0.9164389073302937,335.4728177879068,0.731,1973,8,9,1973.08,1972,11,313,45,0.0289848514568751,2.848223915092888,0.0084901779341585,0.8300000000000001,4,Mod_Dry,39,7,5,4,60,115.0,0.3427997557545943,220.4728177879068,220.4728177879068,,2,110.2364088939534,110.2364088939534,0.0,0.0,0.0,0.0,0.0,0.0,0.0,0.0,39.0,7.0,5.0,4.0,60.0,271.4728177879068,990.0,965.0773640889396,24.922635911060524,0.1313429431693218,0.0140945635575813,989.8545624932732,0.0859782542303254,0.0859782542303254,0.0,0.0,24.69122015010328,24.69122015010328,24.777198404333603,24.777198404333603,,0.8933287888249589,0.8933287888249589,0.0,0.0,23.846115229647868,23.846115229647868,0.0,0.0,0.4856642612962906,0.4856642612962906,0.0,0.0,0.9685664261296292,0.9685664261296292,0.96,0.96,23.096546605055355,23.096546605055355,0.0,0.0,46.19309321011071,1108.634237042657,0.1376954875650014,5.819953184854757e-05,0.73
1973-08-10,1973-08-21,361.7746,0.9166247913690906,331.6115672476363,0.736,1973,8,10,1973.08,1972,11,314,45,0.0286512394101957,3.861250540270533,0.0116438958155735,0.8300000000000001,4,Mod_Dry,39,7,5,4,60,115.0,0.3467912803962049,216.6115672476363,216.6115672476363,,1,216.6115672476363,0.0,0.0,0.0,0.0,0.0,0.0,0.0,0.0,0.0,39.0,7.0,5.0,4.0,60.0,267.6115672476363,990.0,965.0580578362382,24.94194216376184,0.1299801880513087,0.0133223134495272,989.8566974984992,0.3319636271227197,0.0,0.0,0.0,24.46667603513833,24.798639662261053,24.798639662261053,24.798639662261053,,0.9390809776657356,0.0,0.0,0.0,48.80882570019753,0.0,0.0,0.0,0.9940697698614568,0.0,0.0,0.0,0.98,0.96,0.96,0.96,47.83264918619358,0.0,0.0,0.0,47.83264918619358,1147.983580468646,0.144243005704544,6.133950815735982e-05,0.735
1973-08-11,1973-08-22,361.7746,0.9166247913690906,331.6115672476363,0.736,1973,8,11,1973.08,1972,11,315,45,0.0286512394101957,0.0,0.0,0.77,4,Mod_Dry,39,7,5,4,60,115.0,0.3467912803962049,216.6115672476363,216.6115672476363,,1,216.6115672476363,0.0,0.0,0.0,0.0,0.0,0.0,0.0,0.0,0.0,39.0,7.0,5.0,4.0,60.0,267.6115672476363,990.0,965.0580578362382,24.94194216376184,0.1299801880513087,0.0133223134495272,989.8566974984992,0.3319636271227197,0.0,0.0,0.0,24.46667603513833,24.798639662261053,24.798639662261053,24.798639662261053,,0.9390809776657356,0.0,0.0,0.0,48.80882570019753,0.0,0.0,0.0,0.9940697698614568,0.0,0.0,0.0,0.98,0.96,0.96,0.96,47.83264918619358,0.0,0.0,0.0,47.83264918619358,1147.983580468646,0.144243005704544,6.133950815735982e-05,0.735
1973-08-12,1973-08-23,357.5196,0.9208048873506705,329.2057950036568,0.742,1973,8,12,1973.08,1972,11,316,46,0.0284433806883159,2.40577224397947,0.0073078064860697,0.77,4,Mod_Dry,39,7,5,4,60,115.0,0.3493255639643967,214.2057950036568,214.2057950036568,,1,214.2057950036568,0.0,0.0,0.0,0.0,0.0,0.0,0.0,0.0,0.0,39.0,7.0,5.0,4.0,60.0,265.2057950036568,990.0,965.0460289750184,24.953971024981684,0.1291311163829297,0.0128411590007313,989.8580277246164,0.3246173850109705,0.0,0.0,0.0,24.48738136458708,24.811998749598047,24.811998749598047,24.811998749598047,,0.9384822029447596,0.0,0.0,0.0,48.27678066506033,0.0,0.0,0.0,0.9832338220989884,0.0,0.0,0.0,0.98,0.96,0.96,0.96,47.31124505175912,0.0,0.0,0.0,47.31124505175912,1135.469881242219,0.1437132813875089,6.135227347212142e-05,0.74
1973-08-13,1973-08-24,353.2963,0.921778111561846,325.6607962357874,0.746,1973,8,13,1973.08,1972,11,317,46,0.028137092794772,3.544998767869401,0.010885555795616,0.77,4,Mod_Dry,39,7,5,4,60,115.0,0.3531281668817662,210.66079623578744,210.66079623578744,,1,210.66079623578744,0.0,0.0,0.0,0.0,0.0,0.0,0.0,0.0,0.0,39.0,7.0,5.0,4.0,60.0,261.6607962357874,990.0,965.028303981179,24.971696018821035,0.1278799763276859,0.0121321592471574,989.8599878644252,0.3139823887073622,0.0,0.0,0.0,24.517701494538866,24.831683883246228,24.831683883246228,24.831683883246228,,0.9376016584309852,0.0,0.0,0.0,47.49200893772499,0.0,0.0,0.0,0.9672506911960282,0.0,0.0,0.0,0.98,0.96,0.96,0.96,46.54216875897049,0.0,0.0,0.0,46.54216875897049,1117.0120502152918,0.1429160933613657,6.137060355717406e-05,0.745
1973-08-14,1973-08-25,353.2963,0.921778111561846,325.6607962357874,0.746,1973,8,14,1973.08,1972,11,318,46,0.028137092794772,0.0,0.0,0.77,4,Mod_Dry,39,7,5,4,60,115.0,0.3531281668817662,210.66079623578744,210.66079623578744,,1,210.66079623578744,0.0,0.0,0.0,0.0,0.0,0.0,0.0,0.0,0.0,39.0,7.0,5.0,4.0,60.0,261.6607962357874,990.0,965.028303981179,24.971696018821035,0.1278799763276859,0.0121321592471574,989.8599878644252,0.3139823887073622,0.0,0.0,0.0,24.517701494538866,24.831683883246228,24.831683883246228,24.831683883246228,,0.9376016584309852,0.0,0.0,0.0,47.49200893772499,0.0,0.0,0.0,0.9672506911960282,0.0,0.0,0.0,0.98,0.96,0.96,0.96,46.54216875897049,0.0,0.0,0.0,46.54216875897049,1117.0120502152918,0.1429160933613657,6.137060355717406e-05,0.745
1973-08-15,1973-08-26,349.1046,0.9270188758292952,323.62655383883583,0.7509999999999999,1973,8,15,1973.08,1972,11,319,46,0.0279613342516754,2.0342423969515835,0.0062857709691047,0.77,4,Mod_Dry,39,7,5,4,60,115.0,0.3553478496615248,208.62655383883583,208.62655383883583,,1,208.62655383883583,0.0,0.0,0.0,0.0,0.0,0.0,0.0,0.0,0.0,39.0,7.0,5.0,4.0,60.0,259.62655383883583,990.0,965.0181327691942,24.981867230805847,0.1271620290697152,0.0117253107677671,989.8611126601623,0.3079620682861773,0.0,0.0,0.0,24.53501782268213,24.84297989096831,24.84297989096831,24.84297989096831,,0.93709733142156,0.0,0.0,0.0,47.04130515957748,0.0,0.0,0.0,0.9580713881787676,0.0,0.0,0.0,0.98,0.96,0.96,0.96,46.100479056385936,0.0,0.0,0.0,46.100479056385936,1106.4114973532623,0.1424496182700252,6.13809143234292e-05,0.75
1973-08-16,1973-08-27,349.1046,0.9270188758292952,323.62655383883583,0.7509999999999999,1973,8,16,1973.08,1972,11,320,46,0.0279613342516754,0.0,0.0,0.77,4,Mod_Dry,39,7,5,4,60,115.0,0.3553478496615248,208.62655383883583,208.62655383883583,,1,208.62655383883583,0.0,0.0,0.0,0.0,0.0,0.0,0.0,0.0,0.0,39.0,7.0,5.0,4.0,60.0,259.62655383883583,990.0,965.0181327691942,24.981867230805847,0.1271620290697152,0.0117253107677671,989.8611126601623,0.3079620682861773,0.0,0.0,0.0,24.53501782268213,24.84297989096831,24.84297989096831,24.84297989096831,,0.93709733142156,0.0,0.0,0.0,47.04130515957748,0.0,0.0,0.0,0.9580713881787676,0.0,0.0,0.0,0.98,0.96,0.96,0.96,46.100479056385936,0.0,0.0,0.0,46.100479056385936,1106.4114973532623,0.1424496182700252,6.13809143234292e-05,0.75
1973-08-17,1973-08-28,340.8154,0.928721014594374,316.52242407738737,0.763,1973,8,17,1973.08,1972,11,321,46,0.0273475374402862,7.104129761448463,0.0224443174355051,0.77,4,Mod_Dry,39,7,5,4,60,115.0,0.3633233895993522,201.52242407738737,201.52242407738737,,1,201.52242407738737,0.0,0.0,0.0,0.0,0.0,0.0,0.0,0.0,0.0,39.0,7.0,5.0,4.0,60.0,252.52242407738737,990.0,964.9826121203868,25.017387879613125,0.1246547612582966,0.0103044848154774,989.8650407539262,0.2873541328613279,0.0,0.0,0.0,24.59507450067802,24.882428633539348,24.882428633539348,24.882428633539348,,0.9351949944390096,0.0,0.0,0.0,45.458216648585854,0.0,0.0,0.0,0.925829259645333,0.0,0.0,0.0,0.98,0.96,0.96,0.96,44.54905231561413,0.0,0.0,0.0,44.54905231561413,1069.177255574739,0.140745327745633,6.140625198903518e-05,0.765
1973-08-18,1973-08-29,340.8154,0.928721014594374,316.52242407738737,0.763,1973,8,18,1973.08,1972,11,322,46,0.0273475374402862,0.0,0.0,0.77,4,Mod_Dry,39,7,5,4,60,115.0,0.3633233895993522,201.52242407738737,201.52242407738737,,1,201.52242407738737,0.0,0.0,0.0,0.0,0.0,0.0,0.0,0.0,0.0,39.0,7.0,5.0,4.0,60.0,252.52242407738737,990.0,964.9826121203868,25.017387879613125,0.1246547612582966,0.0103044848154774,989.8650407539262,0.2873541328613279,0.0,0.0,0.0,24.59507450067802,24.882428633539348,24.882428633539348,24.882428633539348,,0.9351949944390096,0.0,0.0,0.0,45.458216648585854,0.0,0.0,0.0,0.925829259645333,0.0,0.0,0.0,0.98,0.96,0.96,0.96,44.54905231561413,0.0,0.0,0.0,44.54905231561413,1069.177255574739,0.140745327745633,6.140625198903518e-05,0.765
1973-08-19,1973-08-30,336.7179,0.9260439379072553,311.8155700798613,0.7659999999999999,1973,8,19,1973.08,1972,11,323,47,0.0269408652549,4.706853997526082,0.0150949934806673,0.77,4,Mod_Dry,39,7,5,4,60,115.0,0.3688077537967284,196.8155700798613,196.8155700798613,,1,196.8155700798613,0.0,0.0,0.0,0.0,0.0,0.0,0.0,0.0,0.0,39.0,7.0,5.0,4.0,60.0,247.8155700798613,990.0,964.9590778503992,25.04092214960076,0.122993566443826,0.0096815570079861,989.8673248765482,0.2740835962236116,0.0,0.0,0.0,24.634163429925344,24.90824702614896,24.90824702614896,24.90824702614896,,0.9338405544111884,0.0,0.0,0.0,44.40263063445457,0.0,0.0,0.0,0.9043305628198486,0.0,0.0,0.0,0.98,0.96,0.96,0.96,43.51457802176547,0.0,0.0,0.0,43.51457802176547,1044.3498725223712,0.1395522937184331,6.141476905978057e-05,0.765
1973-08-20,1973-08-31,332.6514,0.9289857410847936,309.0284073518941,0.77,1973,8,20,1973.08,1972,11,324,47,0.0267000543952036,2.7871627279672,0.0090191149475569,0.77,4,Mod_Dry,39,7,5,4,60,115.0,0.3721340733217714,194.0284073518941,194.0284073518941,,1,194.0284073518941,0.0,0.0,0.0,0.0,0.0,0.0,0.0,0.0,0.0,39.0,7.0,5.0,4.0,60.0,245.0284073518941,990.0,964.9451420367594,25.05485796324058,0.1220098902403112,0.0094028407351894,989.8685872690244,0.2663572679971519,0.0,0.0,0.0,24.65708796426792,24.923445232265067,24.923445232265067,24.923445232265067,,0.9330416892886946,0.0,0.0,0.0,43.77708622053112,0.0,0.0,0.0,0.891590350723648,0.0,0.0,0.0,0.9791590350723648,0.96,0.96,0.96,42.86472950197496,0.0,0.0,0.0,42.86472950197496,1028.753508047399,0.1387080555774421,6.136662908596473e-05,0.77
1973-08-21,1973-09-01,328.6161,0.9312389803097992,306.020121877383,0.775,1973,8,21,1973.08,1972,11,325,47,0.0264401385302058,3.008285474511069,0.0098303518607068,0.71,4,Mod_Dry,39,7,5,4,60,115.0,0.3757922822018825,191.02012187738305,191.02012187738305,,1,191.02012187738305,0.0,0.0,0.0,0.0,0.0,0.0,0.0,0.0,0.0,39.0,7.0,5.0,4.0,60.0,242.02012187738305,990.0,964.9301006093868,25.06989939061316,0.120948172958804,0.0091020121877383,989.8699498148534,0.2581747315064818,0.0,0.0,0.0,24.68167447396006,24.939849205466544,24.939849205466544,24.939849205466544,,0.9321820796748388,0.0,0.0,0.0,43.101579658541866,0.0,0.0,0.0,0.877832579603704,0.0,0.0,0.0,0.9777832579603704,0.96,0.96,0.96,42.14400298176749,0.0,0.0,0.0,42.14400298176749,1011.4560715624198,0.1377164440142725,6.128499646990067e-05,0.775
1973-08-22,1973-09-02,324.6118,0.9312809696570542,302.30479186612183,0.7809999999999999,1973,8,22,1973.08,1972,11,326,47,0.0261191340172329,3.7153300112611873,0.0122900136260709,0.71,4,Mod_Dry,39,7,5,4,60,115.0,0.380410774470716,187.30479186612183,187.30479186612183,,1,187.30479186612183,0.0,0.0,0.0,0.0,0.0,0.0,0.0,0.0,0.0,39.0,7.0,5.0,4.0,60.0,238.30479186612183,990.0,964.9115239593306,25.088476040669438,0.1196369177229293,0.0087304791866121,989.8716326030903,0.2482307463638841,0.0,0.0,0.0,24.71187789739601,24.96010864375989,24.96010864375989,24.96010864375989,,0.9311242364423468,0.0,0.0,0.0,42.26695565915086,0.0,0.0,0.0,0.8608341274776142,0.0,0.0,0.0,0.9760834127477614,0.96,0.96,0.96,41.25607432624228,0.0,0.0,0.0,41.25607432624228,990.1457838298148,0.1364717842266717,6.118380919143588e-05,0.78
1973-08-23,1973-09-03,324.6118,0.9312809696570542,302.30479186612183,0.7809999999999999,1973,8,23,1973.08,1972,11,327,47,0.0261191340172329,0.0,0.0,0.71,4,Mod_Dry,39,7,5,4,60,115.0,0.380410774470716,187.30479186612183,187.30479186612183,,1,187.30479186612183,0.0,0.0,0.0,0.0,0.0,0.0,0.0,0.0,0.0,39.0,7.0,5.0,4.0,60.0,238.30479186612183,990.0,964.9115239593306,25.088476040669438,0.1196369177229293,0.0087304791866121,989.8716326030903,0.2482307463638841,0.0,0.0,0.0,24.71187789739601,24.96010864375989,24.96010864375989,24.96010864375989,,0.9311242364423468,0.0,0.0,0.0,42.26695565915086,0.0,0.0,0.0,0.8608341274776142,0.0,0.0,0.0,0.9760834127477614,0.96,0.96,0.96,41.25607432624228,0.0,0.0,0.0,41.25607432624228,990.1457838298148,0.1364717842266717,6.118380919143588e-05,0.78
1973-08-24,1973-09-04,320.6383,0.9330769620260724,299.18021087320443,0.7859999999999999,1973,8,24,1973.08,1972,11,328,47,0.0258491702194448,3.124580992917401,0.0104438090467207,0.71,4,Mod_Dry,39,7,5,4,60,115.0,0.3843837119586032,184.18021087320443,184.18021087320443,,1,184.18021087320443,0.0,0.0,0.0,0.0,0.0,0.0,0.0,0.0,0.0,39.0,7.0,5.0,4.0,60.0,235.18021087320443,990.0,964.8967208434927,25.103279156507256,0.1185341561446955,0.0084180210873204,989.873047822768,0.2399849440528674,0.0,0.0,0.0,24.73634203522233,24.9763269792752,24.9763269792752,24.9763269792752,,0.9301736281167056,0.0,0.0,0.0,41.56053841132329,0.0,0.0,0.0,0.8464468108212483,0.0,0.0,0.0,0.9746446810821248,0.96,0.96,0.96,40.50675770550559,0.0,0.0,0.0,40.50675770550559,972.162184932134,0.1353925033586956,6.109167259106013e-05,0.785
1973-08-25,1973-09-05,316.6956,0.9306200236043244,294.72326674738565,0.794,1973,8,25,1973.08,1972,11,329,47,0.0254640902469741,4.4569441258187785,0.0151224712422821,0.71,4,Mod_Dry,39,7,5,4,60,115.0,0.3901965435886989,179.72326674738565,179.72326674738565,,1,179.72326674738565,0.0,0.0,0.0,0.0,0.0,0.0,0.0,0.0,0.0,39.0,7.0,5.0,4.0,60.0,230.72326674738565,990.0,964.8788930669896,25.121106933010424,0.1169611163989119,0.0079723266747385,989.8750665569264,0.2285081668684641,0.0,0.0,0.0,24.76766532306837,24.99617348993684,24.99617348993684,24.99617348993684,,0.9285591188052942,0.0,0.0,0.0,40.53569591025126,0.0,0.0,0.0,0.8255742547912681,0.0,0.0,0.0,0.9725574254791268,0.96,0.96,0.96,39.423292054478736,0.0,0.0,0.0,39.423292054478736,946.1590093074896,0.1337637591003949,6.093209108517789e-05,0.795
1973-08-26,1973-09-06,312.7836,0.9288272938647332,290.5219447532691,0.797,1973,8,26,1973.08,1972,11,330,48,0.0251010960266824,4.20132199411654,0.014461289654675,0.71,4,Mod_Dry,39,7,5,4,60,115.0,0.3958392888277881,175.5219447532691,175.5219447532691,,1,175.5219447532691,0.0,0.0,0.0,0.0,0.0,0.0,0.0,0.0,0.0,39.0,7.0,5.0,4.0,60.0,226.5219447532691,990.0,964.8620877790132,25.13791222098689,0.1154782918819337,0.0075521944753269,989.8769695136428,0.2180048618831727,0.0,0.0,0.0,24.79687687274645,25.014881734629625,25.014881734629625,25.014881734629625,,0.9270333077401124,0.0,0.0,0.0,39.569671567001706,0.0,0.0,0.0,0.8058996245825194,0.0,0.0,0.0,0.970589962458252,0.96,0.96,0.96,38.40592604070154,0.0,0.0,0.0,38.40592604070154,921.7422249768372,0.1321962995715124,6.078050698492539e-05,0.795
1973-08-27,1973-09-07,308.9022,0.9297022486736368,287.1870699602335,0.8029999999999999,1973,8,27,1973.08,1972,11,331,48,0.0248129628445641,3.3348747930356235,0.0116122038276214,0.71,4,Mod_Dry,39,7,5,4,60,115.0,0.4004358553326371,172.1870699602335,172.1870699602335,,1,172.1870699602335,0.0,0.0,0.0,0.0,0.0,0.0,0.0,0.0,0.0,39.0,7.0,5.0,4.0,60.0,223.1870699602335,990.0,964.848748279841,25.151251720159053,0.1143012732884789,0.0072187069960233,989.8784800197157,0.2098364507029697,0.0,0.0,0.0,24.819895289171622,25.02973173987459,25.02973173987459,25.02973173987459,,0.92581955757953,0.0,0.0,0.0,38.80302031739496,0.0,0.0,0.0,0.7902855461791234,0.0,0.0,0.0,0.97,0.96,0.96,0.96,37.63892970787311,0.0,0.0,0.0,37.63892970787311,903.3343129889548,0.1310606696641493,6.072034476573422e-05,0.805
1973-08-28,1973-09-08,305.0513,0.9297058187130764,283.6079686159883,0.8130000000000001,1973,8,28,1973.08,1972,11,332,48,0.0245037284884213,3.5791013442452027,0.0126198899195649,0.71,4,Mod_Dry,39,7,5,4,60,115.0,0.4054893117467819,168.60796861598828,168.60796861598828,,1,168.60796861598828,0.0,0.0,0.0,0.0,0.0,0.0,0.0,0.0,0.0,39.0,7.0,5.0,4.0,60.0,219.60796861598828,990.0,964.834431874464,25.165568125536083,0.1130380567986625,0.0068607968615988,989.8801011463396,0.2011869653060521,0.0,0.0,0.0,24.84448230656974,25.045669271875795,25.045669271875795,25.045669271875795,,0.9245144204433874,0.0,0.0,0.0,37.9804789242588,0.0,0.0,0.0,0.7735331756468188,0.0,0.0,0.0,0.97,0.96,0.96,0.96,36.84106455653104,0.0,0.0,0.0,36.84106455653104,884.1855493567449,0.129901373139535,6.069481251380451e-05,0.815
1973-08-29,1973-09-09,301.2308,0.93390939438871,281.3222739992266,0.8160000000000001,1973,8,29,1973.08,1972,11,333,48,0.0243062444735331,2.2856946167617025,0.008124826322028,0.71,4,Mod_Dry,39,7,5,4,60,115.0,0.4087838419801631,166.32227399922658,166.32227399922658,,1,166.32227399922658,0.0,0.0,0.0,0.0,0.0,0.0,0.0,0.0,0.0,39.0,7.0,5.0,4.0,60.0,217.32227399922655,990.0,964.8252890959968,25.174710904003064,0.112231338336996,0.0066322273999226,989.8811364342632,0.1957470121181592,0.0,0.0,0.0,24.860100326148014,25.055847338266176,25.055847338266176,25.055847338266176,,0.9236795668226426,0.0,0.0,0.0,37.45530406683673,0.0,0.0,0.0,0.7628371500374079,0.0,0.0,0.0,0.97,0.96,0.96,0.96,36.33164494483163,0.0,0.0,0.0,36.33164494483163,871.9594786759592,0.1291459948348473,6.0678124180971066e-05,0.815
1973-08-30,1973-09-10,293.6805,0.9321845933144058,273.7644374568714,0.8280000000000001,1973,8,30,1973.08,1972,11,334,48,0.0236532473962736,7.557836542355176,0.0276070793290886,0.71,4,Mod_Dry,39,7,5,4,60,115.0,0.4200691699341591,158.7644374568714,158.7644374568714,,1,158.7644374568714,0.0,0.0,0.0,0.0,0.0,0.0,0.0,0.0,0.0,39.0,7.0,5.0,4.0,60.0,209.7644374568714,990.0,964.7950577498276,25.204942250172508,0.109563857640203,0.0058764437456871,989.884559698614,0.1783570511542545,0.0,0.0,0.0,24.911144897632365,25.08950194878662,25.08950194878662,25.08950194878662,,0.9207425608027964,0.0,0.0,0.0,35.71279451056618,0.0,0.0,0.0,0.7273481570380077,0.0,0.0,0.0,0.97,0.96,0.96,0.96,34.64141067524919,0.0,0.0,0.0,34.64141067524919,831.3938562059806,0.1265372924147847,6.060937972379428e-05,0.83
1973-08-31,1973-09-11,293.6805,0.9321845933144058,273.7644374568714,0.8280000000000001,1973,8,31,1973.08,1972,11,335,48,0.0236532473962736,0.0,0.0,0.71,4,Mod_Dry,39,7,5,4,60,115.0,0.4200691699341591,158.7644374568714,158.7644374568714,,1,158.7644374568714,0.0,0.0,0.0,0.0,0.0,0.0,0.0,0.0,0.0,39.0,7.0,5.0,4.0,60.0,209.7644374568714,990.0,964.7950577498276,25.204942250172508,0.109563857640203,0.0058764437456871,989.884559698614,0.1783570511542545,0.0,0.0,0.0,24.911144897632365,25.08950194878662,25.08950194878662,25.08950194878662,,0.9207425608027964,0.0,0.0,0.0,35.71279451056618,0.0,0.0,0.0,0.7273481570380077,0.0,0.0,0.0,0.97,0.96,0.96,0.96,34.64141067524919,0.0,0.0,0.0,34.64141067524919,831.3938562059806,0.1265372924147847,6.060937972379428e-05,0.83
1973-09-01,1973-09-12,293.6805,0.9321845933144058,273.7644374568714,0.8280000000000001,1973,9,1,1973.09,1972,12,336,48,0.0236532473962736,0.0,0.0,0.73,4,Mod_Dry,34,6,4,3,44,91.0,0.3324025605565955,182.7644374568714,182.7644374568714,,1,182.7644374568714,0.0,0.0,0.0,0.0,0.0,0.0,0.0,0.0,0.0,34.0,6.0,4.0,3.0,44.0,226.7644374568714,990.0,964.7950577498276,25.204942250172508,0.1155638778300218,0.0082764437456871,989.8761596784244,0.2363322486387282,0.0,0.0,0.0,24.84476967995808,25.08110192859681,25.08110192859681,25.08110192859681,,0.9297713609013398,0.0,0.0,0.0,41.40392691729636,0.0,0.0,0.0,0.843257167358378,0.0,0.0,0.0,0.9743257167358378,0.96,0.96,0.96,40.34091076937303,0.0,0.0,0.0,40.34091076937303,968.1818584649526,0.147356286098074,6.131285004333733e-05,0.83
1973-09-02,1973-09-13,293.6805,0.9321845933144058,273.7644374568714,0.8280000000000001,1973,9,2,1973.09,1972,12,337,49,0.0236532473962736,0.0,0.0,0.73,4,Mod_Dry,34,6,4,3,44,91.0,0.3324025605565955,182.7644374568714,182.7644374568714,,1,182.7644374568714,0.0,0.0,0.0,0.0,0.0,0.0,0.0,0.0,0.0,34.0,6.0,4.0,3.0,44.0,226.7644374568714,990.0,964.7950577498276,25.204942250172508,0.1155638778300218,0.0082764437456871,989.8761596784244,0.2363322486387282,0.0,0.0,0.0,24.84476967995808,25.08110192859681,25.08110192859681,25.08110192859681,,0.9297713609013398,0.0,0.0,0.0,41.40392691729636,0.0,0.0,0.0,0.843257167358378,0.0,0.0,0.0,0.9743257167358378,0.96,0.96,0.96,40.34091076937303,0.0,0.0,0.0,40.34091076937303,968.1818584649526,0.147356286098074,6.131285004333733e-05,0.83
1973-09-03,1973-09-14,293.6805,0.9321845933144058,273.7644374568714,0.8280000000000001,1973,9,3,1973.09,1972,12,338,49,0.0236532473962736,0.0,0.0,0.73,4,Mod_Dry,34,6,4,3,44,91.0,0.3324025605565955,182.7644374568714,182.7644374568714,,1,182.7644374568714,0.0,0.0,0.0,0.0,0.0,0.0,0.0,0.0,0.0,34.0,6.0,4.0,3.0,44.0,226.7644374568714,990.0,964.7950577498276,25.204942250172508,0.1155638778300218,0.0082764437456871,989.8761596784244,0.2363322486387282,0.0,0.0,0.0,24.84476967995808,25.08110192859681,25.08110192859681,25.08110192859681,,0.9297713609013398,0.0,0.0,0.0,41.40392691729636,0.0,0.0,0.0,0.843257167358378,0.0,0.0,0.0,0.9743257167358378,0.96,0.96,0.96,40.34091076937303,0.0,0.0,0.0,40.34091076937303,968.1818584649526,0.147356286098074,6.131285004333733e-05,0.83
1973-09-04,1973-09-15,293.6805,0.9321845933144058,273.7644374568714,0.8280000000000001,1973,9,4,1973.09,1972,12,339,49,0.0236532473962736,0.0,0.0,0.73,4,Mod_Dry,34,6,4,3,44,91.0,0.3324025605565955,182.7644374568714,182.7644374568714,,1,182.7644374568714,0.0,0.0,0.0,0.0,0.0,0.0,0.0,0.0,0.0,34.0,6.0,4.0,3.0,44.0,226.7644374568714,990.0,964.7950577498276,25.204942250172508,0.1155638778300218,0.0082764437456871,989.8761596784244,0.2363322486387282,0.0,0.0,0.0,24.84476967995808,25.08110192859681,25.08110192859681,25.08110192859681,,0.9297713609013398,0.0,0.0,0.0,41.40392691729636,0.0,0.0,0.0,0.843257167358378,0.0,0.0,0.0,0.9743257167358378,0.96,0.96,0.96,40.34091076937303,0.0,0.0,0.0,40.34091076937303,968.1818584649526,0.147356286098074,6.131285004333733e-05,0.83
1973-09-05,1973-09-16,289.9506,0.935581823043148,271.2725109404546,0.835,1973,9,5,1973.09,1972,12,340,49,0.0234379449452552,2.491926516416811,0.0091860635188494,0.73,4,Mod_Dry,34,6,4,3,44,91.0,0.3354560315916966,180.2725109404546,180.2725109404546,,1,180.2725109404546,0.0,0.0,0.0,0.0,0.0,0.0,0.0,0.0,0.0,34.0,6.0,4.0,3.0,44.0,224.2725109404546,990.0,964.7850900437618,25.214909956238216,0.1146843713941368,0.0080272510940454,989.8772883775118,0.2299030782263728,0.0,0.0,0.0,24.86229525552368,25.092198333750048,25.092198333750048,25.092198333750048,,0.9288650363475336,0.0,0.0,0.0,40.82837009400558,0.0,0.0,0.0,0.831535032464472,0.0,0.0,0.0,0.9731535032464472,0.96,0.96,0.96,39.732271388824,0.0,0.0,0.0,39.732271388824,953.574513331776,0.1464662646837275,6.122254577181006e-05,0.835
1973-09-06,1973-09-17,282.5805,0.9441063439037743,266.78604271350054,0.847,1973,9,6,1973.09,1972,12,341,49,0.0230503140904464,4.4864682269540594,0.0168167276718146,0.73,4,Mod_Dry,34,6,4,3,44,91.0,0.3410973043208418,175.78604271350054,175.78604271350054,,1,175.78604271350054,0.0,0.0,0.0,0.0,0.0,0.0,0.0,0.0,0.0,34.0,6.0,4.0,3.0,44.0,219.7860427135005,990.0,964.767144170854,25.232855829145933,0.1131009066916247,0.00757860427135,989.879320489037,0.2186651067837513,0.0,0.0,0.0,24.893511211399197,25.112176318182943,25.112176318182943,25.112176318182943,,0.9272298614106969,0.0,0.0,0.0,39.79208140513285,0.0,0.0,0.0,0.8104293565200172,0.0,0.0,0.0,0.9710429356520016,0.96,0.96,0.96,38.63981954334363,0.0,0.0,0.0,38.63981954334363,927.355669040247,0.1448344866558054,6.105879079363344e-05,0.845
1973-09-07,1973-09-18,282.5805,0.9441063439037743,266.78604271350054,0.847,1973,9,7,1973.09,1972,12,342,49,0.0230503140904464,0.0,0.0,0.73,4,Mod_Dry,34,6,4,3,44,91.0,0.3410973043208418,175.78604271350054,175.78604271350054,,1,175.78604271350054,0.0,0.0,0.0,0.0,0.0,0.0,0.0,0.0,0.0,34.0,6.0,4.0,3.0,44.0,219.7860427135005,990.0,964.767144170854,25.232855829145933,0.1131009066916247,0.00757860427135,989.879320489037,0.2186651067837513,0.0,0.0,0.0,24.893511211399197,25.112176318182943,25.112176318182943,25.112176318182943,,0.9272298614106969,0.0,0.0,0.0,39.79208140513285,0.0,0.0,0.0,0.8104293565200172,0.0,0.0,0.0,0.9710429356520016,0.96,0.96,0.96,38.63981954334363,0.0,0.0,0.0,38.63981954334363,927.355669040247,0.1448344866558054,6.105879079363344e-05,0.845
1973-09-08,1973-09-19,278.9403,0.9468161724841248,264.1051871975735,0.852,1973,9,8,1973.09,1972,12,343,49,0.0228186881738703,2.6808555159270213,0.0101507113297305,0.73,4,Mod_Dry,34,6,4,3,44,91.0,0.344559684592352,173.1051871975735,173.1051871975735,,1,173.1051871975735,0.0,0.0,0.0,0.0,0.0,0.0,0.0,0.0,0.0,34.0,6.0,4.0,3.0,44.0,217.1051871975735,990.0,964.7564207487904,25.243579251209667,0.1121547192080041,0.0073105187197573,989.8805347620722,0.2120766567620793,0.0,0.0,0.0,24.912037356519804,25.124114013281883,25.124114013281883,25.124114013281883,,0.9262507785667808,0.0,0.0,0.0,39.17298028198897,0.0,0.0,0.0,0.7978203723419341,0.0,0.0,0.0,0.97,0.96,0.96,0.96,37.9977908735293,0.0,0.0,0.0,37.9977908735293,911.9469809647032,0.1438737015229605,6.0974151498226415e-05,0.85
1973-09-09,1973-09-20,271.7487,0.9523418217225876,258.7976520087449,0.862,1973,9,9,1973.09,1972,12,344,50,0.0223601171335555,5.307535188828638,0.0205084364082611,0.73,4,Mod_Dry,34,6,4,3,44,91.0,0.3516260649726647,167.79765200874488,167.79765200874488,,1,167.79765200874488,0.0,0.0,0.0,0.0,0.0,0.0,0.0,0.0,0.0,34.0,6.0,4.0,3.0,44.0,211.79765200874488,990.0,964.735190608035,25.264809391964945,0.1102814651908779,0.0067797652008744,989.8829387696082,0.1992584117808128,0.0,0.0,0.0,24.948489749792376,25.14774816157319,25.14774816157319,25.14774816157319,,0.9243080915990162,0.0,0.0,0.0,37.94771190135607,0.0,0.0,0.0,0.772865822838209,0.0,0.0,0.0,0.97,0.96,0.96,0.96,36.809280544315385,0.0,0.0,0.0,36.809280544315385,883.4227330635692,0.1422318952996976,6.0935299325081416e-05,0.86
1973-09-10,1973-09-21,271.7487,0.9523418217225876,258.7976520087449,0.862,1973,9,10,1973.09,1972,12,345,50,0.0223601171335555,0.0,0.0,0.73,4,Mod_Dry,34,6,4,3,44,91.0,0.3516260649726647,167.79765200874488,167.79765200874488,,1,167.79765200874488,0.0,0.0,0.0,0.0,0.0,0.0,0.0,0.0,0.0,34.0,6.0,4.0,3.0,44.0,211.79765200874488,990.0,964.735190608035,25.264809391964945,0.1102814651908779,0.0067797652008744,989.8829387696082,0.1992584117808128,0.0,0.0,0.0,24.948489749792376,25.14774816157319,25.14774816157319,25.14774816157319,,0.9243080915990162,0.0,0.0,0.0,37.94771190135607,0.0,0.0,0.0,0.772865822838209,0.0,0.0,0.0,0.97,0.96,0.96,0.96,36.809280544315385,0.0,0.0,0.0,36.809280544315385,883.4227330635692,0.1422318952996976,6.0935299325081416e-05,0.86
1973-09-11,1973-09-22,268.1972,0.9570673705328404,256.6827889882703,0.865,1973,9,11,1973.09,1972,12,346,50,0.0221773929685865,2.1148630204745587,0.0082392085141758,0.7000000000000001,4,Mod_Dry,34,6,4,3,44,91.0,0.3545231854409936,165.68278898827032,165.68278898827032,,1,165.68278898827032,0.0,0.0,0.0,0.0,0.0,0.0,0.0,0.0,0.0,34.0,6.0,4.0,3.0,44.0,209.68278898827032,990.0,964.7267311559532,25.273268844046925,0.1095350404366692,0.006568278898827,989.8838966806644,0.1942250377920833,0.0,0.0,0.0,24.96294048691936,25.157165524711445,25.157165524711445,25.157165524711445,,0.9235324256571544,0.0,0.0,0.0,37.459673326825374,0.0,0.0,0.0,0.7629261370025534,0.0,0.0,0.0,0.97,0.96,0.96,0.96,36.335883127020615,0.0,0.0,0.0,36.335883127020615,872.0611950484947,0.1415594838681648,6.091942880881491e-05,0.865
1973-09-12,1973-09-23,268.1972,0.9570673705328404,256.6827889882703,0.865,1973,9,12,1973.09,1972,12,347,50,0.0221773929685865,0.0,0.0,0.7000000000000001,4,Mod_Dry,34,6,4,3,44,91.0,0.3545231854409936,165.68278898827032,165.68278898827032,,1,165.68278898827032,0.0,0.0,0.0,0.0,0.0,0.0,0.0,0.0,0.0,34.0,6.0,4.0,3.0,44.0,209.68278898827032,990.0,964.7267311559532,25.273268844046925,0.1095350404366692,0.006568278898827,989.8838966806644,0.1942250377920833,0.0,0.0,0.0,24.96294048691936,25.157165524711445,25.157165524711445,25.157165524711445,,0.9235324256571544,0.0,0.0,0.0,37.459673326825374,0.0,0.0,0.0,0.7629261370025534,0.0,0.0,0.0,0.97,0.96,0.96,0.96,36.335883127020615,0.0,0.0,0.0,36.335883127020615,872.0611950484947,0.1415594838681648,6.091942880881491e-05,0.865
1973-09-13,1973-09-24,268.1972,0.9570673705328404,256.6827889882703,0.865,1973,9,13,1973.09,1972,12,348,50,0.0221773929685865,0.0,0.0,0.7000000000000001,4,Mod_Dry,34,6,4,3,44,91.0,0.3545231854409936,165.68278898827032,165.68278898827032,,1,165.68278898827032,0.0,0.0,0.0,0.0,0.0,0.0,0.0,0.0,0.0,34.0,6.0,4.0,3.0,44.0,209.68278898827032,990.0,964.7267311559532,25.273268844046925,0.1095350404366692,0.006568278898827,989.8838966806644,0.1942250377920833,0.0,0.0,0.0,24.96294048691936,25.157165524711445,25.157165524711445,25.157165524711445,,0.9235324256571544,0.0,0.0,0.0,37.459673326825374,0.0,0.0,0.0,0.7629261370025534,0.0,0.0,0.0,0.97,0.96,0.96,0.96,36.335883127020615,0.0,0.0,0.0,36.335883127020615,872.0611950484947,0.1415594838681648,6.091942880881491e-05,0.865
1973-09-14,1973-09-25,264.675,0.9437959007304476,249.7991800258312,0.875,1973,9,14,1973.09,1972,12,349,50,0.0215826491542318,6.8836089624391255,0.0275565714896554,0.7000000000000001,4,Mod_Dry,34,6,4,3,44,91.0,0.3642926289453387,158.7991800258312,158.7991800258312,,1,158.7991800258312,0.0,0.0,0.0,0.0,0.0,0.0,0.0,0.0,0.0,34.0,6.0,4.0,3.0,44.0,202.7991800258312,990.0,964.698795080155,25.301204919844963,0.1071055232158779,0.0058799180025831,989.8870145587816,0.1784341796573452,0.0,0.0,0.0,25.00978529896913,25.18821947862648,25.18821947862648,25.18821947862648,,0.9208443376294492,0.0,0.0,0.0,35.866016211822185,0.0,0.0,0.0,0.730468761951572,0.0,0.0,0.0,0.97,0.96,0.96,0.96,34.79003572546752,0.0,0.0,0.0,34.79003572546752,834.9608574112204,0.1392720173135474,6.085610020818672e-05,0.875
1973-09-15,1973-09-26,264.675,0.9437959007304476,249.7991800258312,0.875,1973,9,15,1973.09,1972,12,350,50,0.0215826491542318,0.0,0.0,0.7000000000000001,4,Mod_Dry,34,6,4,3,44,91.0,0.3642926289453387,158.7991800258312,158.7991800258312,,1,158.7991800258312,0.0,0.0,0.0,0.0,0.0,0.0,0.0,0.0,0.0,34.0,6.0,4.0,3.0,44.0,202.7991800258312,990.0,964.698795080155,25.301204919844963,0.1071055232158779,0.0058799180025831,989.8870145587816,0.1784341796573452,0.0,0.0,0.0,25.00978529896913,25.18821947862648,25.18821947862648,25.18821947862648,,0.9208443376294492,0.0,0.0,0.0,35.866016211822185,0.0,0.0,0.0,0.730468761951572,0.0,0.0,0.0,0.97,0.96,0.96,0.96,34.79003572546752,0.0,0.0,0.0,34.79003572546752,834.9608574112204,0.1392720173135474,6.085610020818672e-05,0.875
1973-09-16,1973-09-27,261.1822,0.9426194585361816,246.1954239432886,0.879,1973,9,16,1973.09,1972,12,351,51,0.0212712846287001,3.603756082542589,0.0146377866201636,0.7000000000000001,4,Mod_Dry,34,6,4,3,44,91.0,0.369625066715139,155.1954239432886,155.1954239432886,,1,155.1954239432886,0.0,0.0,0.0,0.0,0.0,0.0,0.0,0.0,0.0,34.0,6.0,4.0,3.0,44.0,199.1954239432886,990.0,964.6771725436598,25.32282745634018,0.1058336131056884,0.0055195423943288,989.8886468445,0.1704338411541007,0.0,0.0,0.0,25.04104045968601,25.21147430084011,25.21147430084011,25.21147430084011,,0.9194270020894422,0.0,0.0,0.0,35.041866855265894,0.0,0.0,0.0,0.7136836426734398,0.0,0.0,0.0,0.97,0.96,0.96,0.96,33.99061084960792,0.0,0.0,0.0,33.99061084960792,815.77466039059,0.1380635362964248,6.083836821479697e-05,0.88
1973-09-17,1973-09-28,261.1822,0.9426194585361816,246.1954239432886,0.879,1973,9,17,1973.09,1972,12,352,51,0.0212712846287001,0.0,0.0,0.7000000000000001,4,Mod_Dry,34,6,4,3,44,91.0,0.369625066715139,155.1954239432886,155.1954239432886,,1,155.1954239432886,0.0,0.0,0.0,0.0,0.0,0.0,0.0,0.0,0.0,34.0,6.0,4.0,3.0,44.0,199.1954239432886,990.0,964.6771725436598,25.32282745634018,0.1058336131056884,0.0055195423943288,989.8886468445,0.1704338411541007,0.0,0.0,0.0,25.04104045968601,25.21147430084011,25.21147430084011,25.21147430084011,,0.9194270020894422,0.0,0.0,0.0,35.041866855265894,0.0,0.0,0.0,0.7136836426734398,0.0,0.0,0.0,0.97,0.96,0.96,0.96,33.99061084960792,0.0,0.0,0.0,33.99061084960792,815.77466039059,0.1380635362964248,6.083836821479697e-05,0.88
1973-09-18,1973-09-29,257.7185,0.9439744768586136,243.27968621428656,0.884,1973,9,18,1973.09,1972,12,353,51,0.0210193648889143,2.915737729001989,0.0119851261499644,0.7000000000000001,4,Mod_Dry,34,6,4,3,44,91.0,0.3740550697679091,152.27968621428656,152.27968621428656,,1,152.27968621428656,0.0,0.0,0.0,0.0,0.0,0.0,0.0,0.0,0.0,34.0,6.0,4.0,3.0,44.0,196.27968621428656,990.0,964.6596781172858,25.340321882714196,0.1048045550244801,0.0052279686214286,989.8899674763542,0.1641241222228589,0.0,0.0,0.0,25.066165236845507,25.230289359068365,25.230289359068365,25.230289359068365,,0.9182819723383971,0.0,0.0,0.0,34.375152166452004,0.0,0.0,0.0,0.7001049321069654,0.0,0.0,0.0,0.97,0.96,0.96,0.96,33.343897601458444,0.0,0.0,0.0,33.343897601458444,800.2535424350026,0.1370599334466764,6.082356753184549e-05,0.885
1973-09-19,1973-09-30,257.7185,0.9439744768586136,243.27968621428656,0.884,1973,9,19,1973.09,1972,12,354,51,0.0210193648889143,0.0,0.0,0.7000000000000001,4,Mod_Dry,34,6,4,3,44,91.0,0.3740550697679091,152.27968621428656,152.27968621428656,,1,152.27968621428656,0.0,0.0,0.0,0.0,0.0,0.0,0.0,0.0,0.0,34.0,6.0,4.0,3.0,44.0,196.27968621428656,990.0,964.6596781172858,25.340321882714196,0.1048045550244801,0.0052279686214286,989.8899674763542,0.1641241222228589,0.0,0.0,0.0,25.066165236845507,25.230289359068365,25.230289359068365,25.230289359068365,,0.9182819723383971,0.0,0.0,0.0,34.375152166452004,0.0,0.0,0.0,0.7001049321069654,0.0,0.0,0.0,0.97,0.96,0.96,0.96,33.343897601458444,0.0,0.0,0.0,33.343897601458444,800.2535424350026,0.1370599334466764,6.082356753184549e-05,0.885
1973-09-20,1973-10-01,247.5017,0.9485505757172864,234.76788002600708,0.898,1973,9,20,1973.09,1972,12,355,51,0.020283944834247,8.511806188279536,0.0362562637927156,0.7000000000000001,4,Mod_Dry,34,6,4,3,44,91.0,0.387616909050417,143.76788002600708,143.76788002600708,,1,143.76788002600708,0.0,0.0,0.0,0.0,0.0,0.0,0.0,0.0,0.0,34.0,6.0,4.0,3.0,44.0,187.76788002600708,990.0,964.608607280156,25.391392719843907,0.1018004635190603,0.0043767880026007,989.8938227484784,0.1463111176525343,0.0,0.0,0.0,25.1389043506697,25.285215468322235,25.285215468322235,25.285215468322235,,0.9148757460199914,0.0,0.0,0.0,32.42716848745703,0.0,0.0,0.0,0.6604311300907746,0.0,0.0,0.0,0.97,0.96,0.96,0.96,31.45435343283332,0.0,0.0,0.0,31.45435343283332,754.9044823879997,0.1339806511408156,6.077380007571028e-05,0.9
1973-09-21,1973-10-02,244.1538,0.9479000783611428,231.4334061521708,0.906,1973,9,21,1973.09,1972,12,356,51,0.0199958462915475,3.33447387383626,0.0144079194498126,0.66,3,Normal,40,6,4,3,65,118.0,0.5098658917132011,113.4334061521708,113.4334061521708,,1,113.4334061521708,0.0,0.0,0.0,0.0,0.0,0.0,0.0,0.0,0.0,40.0,6.0,4.0,3.0,65.0,163.4334061521708,990.0,964.588600436913,25.411399563087,0.0932120411987879,0.001343340615217,989.905444618186,0.0910934498434732,0.0,0.0,0.0,25.225750731429567,25.31684418127304,25.31684418127304,25.31684418127304,,0.8966497371036486,0.0,0.0,0.0,25.162083433899795,0.0,0.0,0.0,0.5124660577169001,0.0,0.0,0.0,0.97,0.96,0.96,0.96,24.4072209308828,0.0,0.0,0.0,24.4072209308828,585.7733023411872,0.1054610971539463,5.9768844310439e-05,0.905
1973-09-22,1973-10-03,244.1538,0.9479000783611428,231.4334061521708,0.906,1973,9,22,1973.09,1972,12,357,51,0.0199958462915475,0.0,0.0,0.66,3,Normal,40,6,4,3,65,118.0,0.5098658917132011,113.4334061521708,113.4334061521708,,1,113.4334061521708,0.0,0.0,0.0,0.0,0.0,0.0,0.0,0.0,0.0,40.0,6.0,4.0,3.0,65.0,163.4334061521708,990.0,964.588600436913,25.411399563087,0.0932120411987879,0.001343340615217,989.905444618186,0.0910934498434732,0.0,0.0,0.0,25.225750731429567,25.31684418127304,25.31684418127304,25.31684418127304,,0.8966497371036486,0.0,0.0,0.0,25.162083433899795,0.0,0.0,0.0,0.5124660577169001,0.0,0.0,0.0,0.97,0.96,0.96,0.96,24.4072209308828,0.0,0.0,0.0,24.4072209308828,585.7733023411872,0.1054610971539463,5.9768844310439e-05,0.905
1973-09-23,1973-10-04,244.1538,0.9479000783611428,231.4334061521708,0.906,1973,9,23,1973.09,1972,12,358,52,0.0199958462915475,0.0,0.0,0.66,3,Normal,40,6,4,3,65,118.0,0.5098658917132011,113.4334061521708,113.4334061521708,,1,113.4334061521708,0.0,0.0,0.0,0.0,0.0,0.0,0.0,0.0,0.0,40.0,6.0,4.0,3.0,65.0,163.4334061521708,990.0,964.588600436913,25.411399563087,0.0932120411987879,0.001343340615217,989.905444618186,0.0910934498434732,0.0,0.0,0.0,25.225750731429567,25.31684418127304,25.31684418127304,25.31684418127304,,0.8966497371036486,0.0,0.0,0.0,25.162083433899795,0.0,0.0,0.0,0.5124660577169001,0.0,0.0,0.0,0.97,0.96,0.96,0.96,24.4072209308828,0.0,0.0,0.0,24.4072209308828,585.7733023411872,0.1054610971539463,5.9768844310439e-05,0.905
1973-09-24,1973-10-05,244.1538,0.9479000783611428,231.4334061521708,0.906,1973,9,24,1973.09,1972,12,359,52,0.0199958462915475,0.0,0.0,0.66,3,Normal,40,6,4,3,65,118.0,0.5098658917132011,113.4334061521708,113.4334061521708,,1,113.4334061521708,0.0,0.0,0.0,0.0,0.0,0.0,0.0,0.0,0.0,40.0,6.0,4.0,3.0,65.0,163.4334061521708,990.0,964.588600436913,25.411399563087,0.0932120411987879,0.001343340615217,989.905444618186,0.0910934498434732,0.0,0.0,0.0,25.225750731429567,25.31684418127304,25.31684418127304,25.31684418127304,,0.8966497371036486,0.0,0.0,0.0,25.162083433899795,0.0,0.0,0.0,0.5124660577169001,0.0,0.0,0.0,0.97,0.96,0.96,0.96,24.4072209308828,0.0,0.0,0.0,24.4072209308828,585.7733023411872,0.1054610971539463,5.9768844310439e-05,0.905
1973-09-25,1973-10-06,244.1538,0.9479000783611428,231.4334061521708,0.906,1973,9,25,1973.09,1972,12,360,52,0.0199958462915475,0.0,0.0,0.66,3,Normal,40,6,4,3,65,118.0,0.5098658917132011,113.4334061521708,113.4334061521708,,1,113.4334061521708,0.0,0.0,0.0,0.0,0.0,0.0,0.0,0.0,0.0,40.0,6.0,4.0,3.0,65.0,163.4334061521708,990.0,964.588600436913,25.411399563087,0.0932120411987879,0.001343340615217,989.905444618186,0.0910934498434732,0.0,0.0,0.0,25.225750731429567,25.31684418127304,25.31684418127304,25.31684418127304,,0.8966497371036486,0.0,0.0,0.0,25.162083433899795,0.0,0.0,0.0,0.5124660577169001,0.0,0.0,0.0,0.97,0.96,0.96,0.96,24.4072209308828,0.0,0.0,0.0,24.4072209308828,585.7733023411872,0.1054610971539463,5.9768844310439e-05,0.905
1973-09-26,1973-10-07,244.1538,0.9479000783611428,231.4334061521708,0.906,1973,9,26,1973.09,1972,12,361,52,0.0199958462915475,0.0,0.0,0.66,3,Normal,40,6,4,3,65,118.0,0.5098658917132011,113.4334061521708,113.4334061521708,,1,113.4334061521708,0.0,0.0,0.0,0.0,0.0,0.0,0.0,0.0,0.0,40.0,6.0,4.0,3.0,65.0,163.4334061521708,990.0,964.588600436913,25.411399563087,0.0932120411987879,0.001343340615217,989.905444618186,0.0910934498434732,0.0,0.0,0.0,25.225750731429567,25.31684418127304,25.31684418127304,25.31684418127304,,0.8966497371036486,0.0,0.0,0.0,25.162083433899795,0.0,0.0,0.0,0.5124660577169001,0.0,0.0,0.0,0.97,0.96,0.96,0.96,24.4072209308828,0.0,0.0,0.0,24.4072209308828,585.7733023411872,0.1054610971539463,5.9768844310439e-05,0.905
1973-09-27,1973-10-08,240.8345,0.9523763640910288,229.3650854576809,0.908,1973,9,27,1973.09,1972,12,362,52,0.0198171433835436,2.068320694489956,0.0090175917156823,0.66,3,Normal,40,6,4,3,65,118.0,0.514463654154423,111.36508545768088,111.36508545768088,,1,111.36508545768088,0.0,0.0,0.0,0.0,0.0,0.0,0.0,0.0,0.0,40.0,6.0,4.0,3.0,65.0,161.3650854576809,990.0,964.576190512746,25.423809487253948,0.0924820639775775,0.001136508545768,989.9063814274766,0.0877841367322894,0.0,0.0,0.0,25.24240677799828,25.330190914730565,25.330190914730565,25.330190914730565,,0.8949286207067355,0.0,0.0,0.0,24.67214522273374,0.0,0.0,0.0,0.502487682744068,0.0,0.0,0.0,0.97,0.96,0.96,0.96,23.931980866051727,0.0,0.0,0.0,23.931980866051727,574.3675407852414,0.1043401214195144,5.96935065911508e-05,0.91
1973-09-28,1973-10-09,240.8345,0.9523763640910288,229.3650854576809,0.908,1973,9,28,1973.09,1972,12,363,52,0.0198171433835436,0.0,0.0,0.66,3,Normal,40,6,4,3,65,118.0,0.514463654154423,111.36508545768088,111.36508545768088,,1,111.36508545768088,0.0,0.0,0.0,0.0,0.0,0.0,0.0,0.0,0.0,40.0,6.0,4.0,3.0,65.0,161.3650854576809,990.0,964.576190512746,25.423809487253948,0.0924820639775775,0.001136508545768,989.9063814274766,0.0877841367322894,0.0,0.0,0.0,25.24240677799828,25.330190914730565,25.330190914730565,25.330190914730565,,0.8949286207067355,0.0,0.0,0.0,24.67214522273374,0.0,0.0,0.0,0.502487682744068,0.0,0.0,0.0,0.97,0.96,0.96,0.96,23.931980866051727,0.0,0.0,0.0,23.931980866051727,574.3675407852414,0.1043401214195144,5.96935065911508e-05,0.91
1973-09-29,1973-10-10,240.8345,0.9523763640910288,229.3650854576809,0.908,1973,9,29,1973.09,1972,12,364,52,0.0198171433835436,0.0,0.0,0.66,3,Normal,40,6,4,3,65,118.0,0.514463654154423,111.36508545768088,111.36508545768088,,1,111.36508545768088,0.0,0.0,0.0,0.0,0.0,0.0,0.0,0.0,0.0,40.0,6.0,4.0,3.0,65.0,161.3650854576809,990.0,964.576190512746,25.423809487253948,0.0924820639775775,0.001136508545768,989.9063814274766,0.0877841367322894,0.0,0.0,0.0,25.24240677799828,25.330190914730565,25.330190914730565,25.330190914730565,,0.8949286207067355,0.0,0.0,0.0,24.67214522273374,0.0,0.0,0.0,0.502487682744068,0.0,0.0,0.0,0.97,0.96,0.96,0.96,23.931980866051727,0.0,0.0,0.0,23.931980866051727,574.3675407852414,0.1043401214195144,5.96935065911508e-05,0.91
1973-09-30,1973-10-11,240.8345,0.9523763640910288,229.3650854576809,0.908,1973,9,30,1973.09,1972,12,365,53,0.0198171433835436,0.0,0.0,0.66,3,Normal,40,6,4,3,65,118.0,0.514463654154423,111.36508545768088,111.36508545768088,,1,111.36508545768088,0.0,0.0,0.0,0.0,0.0,0.0,0.0,0.0,0.0,40.0,6.0,4.0,3.0,65.0,161.3650854576809,990.0,964.576190512746,25.423809487253948,0.0924820639775775,0.001136508545768,989.9063814274766,0.0877841367322894,0.0,0.0,0.0,25.24240677799828,25.330190914730565,25.330190914730565,25.330190914730565,,0.8949286207067355,0.0,0.0,0.0,24.67214522273374,0.0,0.0,0.0,0.502487682744068,0.0,0.0,0.0,0.97,0.96,0.96,0.96,23.931980866051727,0.0,0.0,0.0,23.931980866051727,574.3675407852414,0.1043401214195144,5.96935065911508e-05,0.91
