Date,LaggedDate,VicFalls,Conversion,Flow,Exceedance,Year,Month,Day,MonthId,WaterYear,WaterMonth,WaterDay,WaterWeek,Volume,Flow_difference,Flow_difference_pct,EWRRefExceedance,EWRBandNo,EWRBandLabel,EWRChannelA,EWRChannelC,EWRChannelD,EWRChannelE,EWRChannelFG,EWRTotal,EWRProportion,FlowAvailableForGeneration,FlowCanal,LowFlowShutoff,Turbines,FlowTurbine1,FlowTurbine2,FlowTurbine3,FlowTurbine4,FlowSpill,SpillChannelA,SpillChannelC,SpillChannelD,SpillChannelE,SpillChannelFG,FlowChannelA,FlowChannelC,FlowChannelD,FlowChannelE,FlowChannelFG,FlowLeftChannel,LevelHeadpond,LevelTailwater,HeadGross,HeadlossLeftChannel,HeadlossCanal,LevelForebay,HeadlossTurbine1,HeadlossTurbine2,HeadlossTurbine3,HeadlossTurbine4,HeadTurbine1,HeadTurbine2,HeadTurbine3,HeadTurbine4,LowHeadShutoff,EffTurbine1,EffTurbine2,EffTurbine3,EffTurbine4,PowerTurbine1,PowerTurbine2,PowerTurbine3,PowerTurbine4,LoadFactorTurbine1,LoadFactorTurbine2,LoadFactorTurbine3,LoadFactorTurbine4,EffGen1,EffGen2,EffGen3,EffGen4,PowerGenerator1,PowerGenerator2,PowerGenerator3,PowerGenerator4,Power,Energy,PerfMwPerCumec,PerfMWhPerm3,ExceedanceRnd
1941-10-01,1941-10-12,227.8423,0.9755995102100816,222.2828362851385,0.922,1941,10,1,1941.1,1941,1,1,1,0.0192052370550359,2.388210579599729,0.0107440170348384,0.64,3,Normal,37,5,3,2,50,97.0,0.4363809712935774,125.2828362851385,125.2828362851385,,1,125.2828362851385,0.0,0.0,0.0,0.0,0.0,0.0,0.0,0.0,0.0,37.0,5.0,3.0,2.0,50.0,170.2828362851385,990.0,964.5336970177108,25.466302982289108,0.0956294264662941,0.0025282836285138,989.9018422899052,0.1111091053132493,0.0,0.0,0.0,25.257036166881036,25.368145272194283,25.368145272194283,25.368145272194283,,0.9065730867344304,0.0,0.0,0.0,28.13296361697082,0.0,0.0,0.0,0.572972782423031,0.0,0.0,0.0,0.97,0.96,0.96,0.96,27.28897470846169,0.0,0.0,0.0,27.28897470846169,654.9353930030807,0.122766899885406,6.050526135198672e-05,0.92
1941-10-02,1941-10-13,221.5156,0.969471677754902,214.75310038088367,0.933,1941,10,2,1941.1,1941,1,2,1,0.0185546678729083,7.52973590425475,0.0350622919571363,0.64,3,Normal,37,5,3,2,50,97.0,0.4516814883136117,117.75310038088368,117.75310038088368,,1,117.75310038088368,0.0,0.0,0.0,0.0,0.0,0.0,0.0,0.0,0.0,37.0,5.0,3.0,2.0,50.0,162.75310038088367,990.0,964.4885186022854,25.511481397714647,0.0929719393046181,0.0017753100380883,989.9052527506574,0.0981701466322668,0.0,0.0,0.0,25.31856400173976,25.4,25.4,25.4,,0.9004135697404292,0.0,0.0,0.0,26.326440983565814,0.0,0.0,0.0,0.5361800607650878,0.0,0.0,0.0,0.97,0.96,0.96,0.96,25.53664775405884,0.0,0.0,0.0,25.53664775405884,612.8795460974121,0.1189116604545747,6.02405647245949e-05,0.935
1941-10-03,1941-10-14,218.3943,0.9709568849264008,212.05144921368185,0.936,1941,10,3,1941.1,1941,1,3,1,0.0183212452120621,2.7016511672019305,0.0127405456422017,0.64,3,Normal,37,5,3,2,50,97.0,0.4574361569312087,115.05144921368183,115.05144921368183,,1,115.05144921368183,0.0,0.0,0.0,0.0,0.0,0.0,0.0,0.0,0.0,37.0,5.0,3.0,2.0,50.0,160.05144921368185,990.0,964.472308695282,25.527691304717905,0.0920184392903469,0.0015051449213681,989.9064764157883,0.0936854056947118,0.0,0.0,0.0,25.340482314811545,25.4,25.4,25.4,,0.8981712868745306,0.0,0.0,0.0,25.680580522127546,0.0,0.0,0.0,0.523026079880398,0.0,0.0,0.0,0.97,0.96,0.96,0.96,24.91016310646372,0.0,0.0,0.0,24.91016310646372,597.8439145551292,0.1174722606180447,6.014256925129297e-05,0.935
1941-10-04,1941-10-15,212.2351,0.9734329677943336,206.5966432631272,0.942,1941,10,4,1941.1,1941,1,4,1,0.0178499499779341,5.454805950554658,0.026403168339997,0.64,3,Normal,37,5,3,2,50,97.0,0.4695139207874647,109.5966432631272,109.5966432631272,,1,109.5966432631272,0.0,0.0,0.0,0.0,0.0,0.0,0.0,0.0,0.0,37.0,5.0,3.0,2.0,50.0,154.5966432631272,990.0,964.4395798595788,25.56042014042123,0.0900932619710678,0.0009596643263127,989.9089470737026,0.0849868977599533,0.0,0.0,0.0,25.38438031636389,25.4,25.4,25.4,,0.893655338119882,0.0,0.0,0.0,24.38218218407675,0.0,0.0,0.0,0.4965821218752902,0.0,0.0,0.0,0.969658212187529,0.96,0.96,0.96,23.642383185842483,0.0,0.0,0.0,23.642383185842483,567.4171964602197,0.1144374023334488,5.992271722197483e-05,0.94
1941-10-05,1941-10-16,206.1864,0.9756711054590376,201.1701128186193,0.952,1941,10,5,1941.1,1941,1,5,1,0.0173810977475287,5.426530444507847,0.0269748342259993,0.64,3,Normal,37,5,3,2,50,97.0,0.4821789809675056,104.17011281861927,104.17011281861927,,1,104.17011281861927,0.0,0.0,0.0,0.0,0.0,0.0,0.0,0.0,0.0,37.0,5.0,3.0,2.0,50.0,149.1701128186193,990.0,964.4070206769117,25.592979323088343,0.088178063991737,0.0004170112818619,989.9114049247264,0.0768049624588117,0.0,0.0,0.0,25.4,25.4,25.4,25.4,,0.8889101365066283,0.0,0.0,0.0,23.066059566975262,0.0,0.0,0.0,0.4697771805901275,0.0,0.0,0.0,0.9669777180590128,0.96,0.96,0.96,22.304365644687,0.0,0.0,0.0,22.304365644687,535.3047754724879,0.1108731577080599,5.947634072655779e-05,0.95
1941-10-06,1941-10-17,206.1864,0.9756711054590376,201.1701128186193,0.952,1941,10,6,1941.1,1941,1,6,1,0.0173810977475287,0.0,0.0,0.64,3,Normal,37,5,3,2,50,97.0,0.4821789809675056,104.17011281861927,104.17011281861927,,1,104.17011281861927,0.0,0.0,0.0,0.0,0.0,0.0,0.0,0.0,0.0,37.0,5.0,3.0,2.0,50.0,149.1701128186193,990.0,964.4070206769117,25.592979323088343,0.088178063991737,0.0004170112818619,989.9114049247264,0.0768049624588117,0.0,0.0,0.0,25.4,25.4,25.4,25.4,,0.8889101365066283,0.0,0.0,0.0,23.066059566975262,0.0,0.0,0.0,0.4697771805901275,0.0,0.0,0.0,0.9669777180590128,0.96,0.96,0.96,22.304365644687,0.0,0.0,0.0,22.304365644687,535.3047754724879,0.1108731577080599,5.947634072655779e-05,0.95
1941-10-07,1941-10-18,206.1864,0.9756711054590376,201.1701128186193,0.952,1941,10,7,1941.1,1941,1,7,1,0.0173810977475287,0.0,0.0,0.64,3,Normal,37,5,3,2,50,97.0,0.4821789809675056,104.17011281861927,104.17011281861927,,1,104.17011281861927,0.0,0.0,0.0,0.0,0.0,0.0,0.0,0.0,0.0,37.0,5.0,3.0,2.0,50.0,149.1701128186193,990.0,964.4070206769117,25.592979323088343,0.088178063991737,0.0004170112818619,989.9114049247264,0.0768049624588117,0.0,0.0,0.0,25.4,25.4,25.4,25.4,,0.8889101365066283,0.0,0.0,0.0,23.066059566975262,0.0,0.0,0.0,0.4697771805901275,0.0,0.0,0.0,0.9669777180590128,0.96,0.96,0.96,22.304365644687,0.0,0.0,0.0,22.304365644687,535.3047754724879,0.1108731577080599,5.947634072655779e-05,0.95
1941-10-08,1941-10-19,206.1864,0.9756711054590376,201.1701128186193,0.952,1941,10,8,1941.1,1941,1,8,2,0.0173810977475287,0.0,0.0,0.64,3,Normal,37,5,3,2,50,97.0,0.4821789809675056,104.17011281861927,104.17011281861927,,1,104.17011281861927,0.0,0.0,0.0,0.0,0.0,0.0,0.0,0.0,0.0,37.0,5.0,3.0,2.0,50.0,149.1701128186193,990.0,964.4070206769117,25.592979323088343,0.088178063991737,0.0004170112818619,989.9114049247264,0.0768049624588117,0.0,0.0,0.0,25.4,25.4,25.4,25.4,,0.8889101365066283,0.0,0.0,0.0,23.066059566975262,0.0,0.0,0.0,0.4697771805901275,0.0,0.0,0.0,0.9669777180590128,0.96,0.96,0.96,22.304365644687,0.0,0.0,0.0,22.304365644687,535.3047754724879,0.1108731577080599,5.947634072655779e-05,0.95
1941-10-09,1941-10-20,209.197,0.9663848551669614,202.1648125463628,0.946,1941,10,9,1941.1,1941,1,9,2,0.0174670398040057,0.9946997277434946,0.0049202416346087,0.64,3,Normal,37,5,3,2,50,97.0,0.479806543870016,105.1648125463628,105.1648125463628,,1,105.1648125463628,0.0,0.0,0.0,0.0,0.0,0.0,0.0,0.0,0.0,37.0,5.0,3.0,2.0,50.0,150.1648125463628,990.0,964.4129888752782,25.58701112472181,0.0885291256743529,0.0005164812546362,989.910954393071,0.0782505150704714,0.0,0.0,0.0,25.4,25.4,25.4,25.4,,0.8899641623576159,0.0,0.0,0.0,23.31392455336314,0.0,0.0,0.0,0.4748253473190049,0.0,0.0,0.0,0.9674825347319004,0.96,0.96,0.96,22.555814821436066,0.0,0.0,0.0,22.555814821436066,541.3395557144655,0.1115714180788177,5.957795164902112e-05,0.945
1941-10-10,1941-10-21,212.2351,0.9734329677943336,206.5966432631272,0.942,1941,10,10,1941.1,1941,1,10,2,0.0178499499779341,4.4318307167643525,0.0214516104751994,0.64,3,Normal,37,5,3,2,50,97.0,0.4695139207874647,109.5966432631272,109.5966432631272,,1,109.5966432631272,0.0,0.0,0.0,0.0,0.0,0.0,0.0,0.0,0.0,37.0,5.0,3.0,2.0,50.0,154.5966432631272,990.0,964.4395798595788,25.56042014042123,0.0900932619710678,0.0009596643263127,989.9089470737026,0.0849868977599533,0.0,0.0,0.0,25.38438031636389,25.4,25.4,25.4,,0.893655338119882,0.0,0.0,0.0,24.38218218407675,0.0,0.0,0.0,0.4965821218752902,0.0,0.0,0.0,0.969658212187529,0.96,0.96,0.96,23.642383185842483,0.0,0.0,0.0,23.642383185842483,567.4171964602197,0.1144374023334488,5.992271722197483e-05,0.94
1941-10-11,1941-10-22,212.2351,0.9734329677943336,206.5966432631272,0.942,1941,10,11,1941.1,1941,1,11,2,0.0178499499779341,0.0,0.0,0.74,4,Mod_Dry,31,4,3,2,33,73.0,0.3533455280153085,133.5966432631272,133.5966432631272,,1,133.5966432631272,0.0,0.0,0.0,0.0,0.0,0.0,0.0,0.0,0.0,31.0,4.0,3.0,2.0,33.0,171.5966432631272,990.0,964.4395798595788,25.56042014042123,0.0960931114110678,0.0033596643263127,989.9005472242626,0.1263616893346791,0.0,0.0,0.0,25.334605675349145,25.4,25.4,25.4,,0.9104144444473128,0.0,0.0,0.0,30.219518083853387,0.0,0.0,0.0,0.6154688000784804,0.0,0.0,0.0,0.97,0.96,0.96,0.96,29.312932541337783,0.0,0.0,0.0,29.312932541337783,703.5103809921068,0.1418848441985769,6.09482473705988e-05,0.94
1941-10-12,1941-10-23,212.2351,0.9734329677943336,206.5966432631272,0.942,1941,10,12,1941.1,1941,1,12,2,0.0178499499779341,0.0,0.0,0.74,4,Mod_Dry,31,4,3,2,33,73.0,0.3533455280153085,133.5966432631272,133.5966432631272,,1,133.5966432631272,0.0,0.0,0.0,0.0,0.0,0.0,0.0,0.0,0.0,31.0,4.0,3.0,2.0,33.0,171.5966432631272,990.0,964.4395798595788,25.56042014042123,0.0960931114110678,0.0033596643263127,989.9005472242626,0.1263616893346791,0.0,0.0,0.0,25.334605675349145,25.4,25.4,25.4,,0.9104144444473128,0.0,0.0,0.0,30.219518083853387,0.0,0.0,0.0,0.6154688000784804,0.0,0.0,0.0,0.97,0.96,0.96,0.96,29.312932541337783,0.0,0.0,0.0,29.312932541337783,703.5103809921068,0.1418848441985769,6.09482473705988e-05,0.94
1941-10-13,1941-10-24,209.197,0.9663848551669614,202.1648125463628,0.946,1941,10,13,1941.1,1941,1,13,2,0.0174670398040057,4.4318307167643525,0.0219218698889451,0.74,4,Mod_Dry,31,4,3,2,33,73.0,0.3610915227063007,129.1648125463628,129.1648125463628,,1,129.1648125463628,0.0,0.0,0.0,0.0,0.0,0.0,0.0,0.0,0.0,31.0,4.0,3.0,2.0,33.0,167.1648125463628,990.0,964.4129888752782,25.58701112472181,0.0945289751143529,0.0029164812546362,989.902554543631,0.118096662583453,0.0,0.0,0.0,25.371469005769384,25.4,25.4,25.4,,0.9084445700923758,0.0,0.0,0.0,29.19624265400918,0.0,0.0,0.0,0.5946281599594537,0.0,0.0,0.0,0.97,0.96,0.96,0.96,28.320355374388903,0.0,0.0,0.0,28.320355374388903,679.6885289853337,0.1400854828181049,6.090486431009201e-05,0.945
1941-10-14,1941-10-25,206.1864,0.9756711054590376,201.1701128186193,0.952,1941,10,14,1941.1,1941,1,14,2,0.0173810977475287,0.9946997277434946,0.0049445701143506,0.74,4,Mod_Dry,31,4,3,2,33,73.0,0.3628769650580197,128.1701128186193,128.1701128186193,,1,128.1701128186193,0.0,0.0,0.0,0.0,0.0,0.0,0.0,0.0,0.0,31.0,4.0,3.0,2.0,33.0,166.1701128186193,990.0,964.4070206769117,25.592979323088343,0.094177913431737,0.0028170112818619,989.9030050752864,0.1163062030735147,0.0,0.0,0.0,25.379678195301217,25.4,25.4,25.4,,0.9080031204373088,0.0,0.0,0.0,28.966693110770795,0.0,0.0,0.0,0.5899530165126434,0.0,0.0,0.0,0.97,0.96,0.96,0.96,28.09769231744767,0.0,0.0,0.0,28.09769231744767,674.3446156187441,0.1396713056614993,6.0894964988206926e-05,0.95
1941-10-15,1941-10-26,206.1864,0.9756711054590376,201.1701128186193,0.952,1941,10,15,1941.1,1941,1,15,3,0.0173810977475287,0.0,0.0,0.74,4,Mod_Dry,31,4,3,2,33,73.0,0.3628769650580197,128.1701128186193,128.1701128186193,,1,128.1701128186193,0.0,0.0,0.0,0.0,0.0,0.0,0.0,0.0,0.0,31.0,4.0,3.0,2.0,33.0,166.1701128186193,990.0,964.4070206769117,25.592979323088343,0.094177913431737,0.0028170112818619,989.9030050752864,0.1163062030735147,0.0,0.0,0.0,25.379678195301217,25.4,25.4,25.4,,0.9080031204373088,0.0,0.0,0.0,28.966693110770795,0.0,0.0,0.0,0.5899530165126434,0.0,0.0,0.0,0.97,0.96,0.96,0.96,28.09769231744767,0.0,0.0,0.0,28.09769231744767,674.3446156187441,0.1396713056614993,6.0894964988206926e-05,0.95
1941-10-16,1941-10-27,206.1864,0.9756711054590376,201.1701128186193,0.952,1941,10,16,1941.1,1941,1,16,3,0.0173810977475287,0.0,0.0,0.74,4,Mod_Dry,31,4,3,2,33,73.0,0.3628769650580197,128.1701128186193,128.1701128186193,,1,128.1701128186193,0.0,0.0,0.0,0.0,0.0,0.0,0.0,0.0,0.0,31.0,4.0,3.0,2.0,33.0,166.1701128186193,990.0,964.4070206769117,25.592979323088343,0.094177913431737,0.0028170112818619,989.9030050752864,0.1163062030735147,0.0,0.0,0.0,25.379678195301217,25.4,25.4,25.4,,0.9080031204373088,0.0,0.0,0.0,28.966693110770795,0.0,0.0,0.0,0.5899530165126434,0.0,0.0,0.0,0.97,0.96,0.96,0.96,28.09769231744767,0.0,0.0,0.0,28.09769231744767,674.3446156187441,0.1396713056614993,6.0894964988206926e-05,0.95
1941-10-17,1941-10-28,206.1864,0.9756711054590376,201.1701128186193,0.952,1941,10,17,1941.1,1941,1,17,3,0.0173810977475287,0.0,0.0,0.74,4,Mod_Dry,31,4,3,2,33,73.0,0.3628769650580197,128.1701128186193,128.1701128186193,,1,128.1701128186193,0.0,0.0,0.0,0.0,0.0,0.0,0.0,0.0,0.0,31.0,4.0,3.0,2.0,33.0,166.1701128186193,990.0,964.4070206769117,25.592979323088343,0.094177913431737,0.0028170112818619,989.9030050752864,0.1163062030735147,0.0,0.0,0.0,25.379678195301217,25.4,25.4,25.4,,0.9080031204373088,0.0,0.0,0.0,28.966693110770795,0.0,0.0,0.0,0.5899530165126434,0.0,0.0,0.0,0.97,0.96,0.96,0.96,28.09769231744767,0.0,0.0,0.0,28.09769231744767,674.3446156187441,0.1396713056614993,6.0894964988206926e-05,0.95
1941-10-18,1941-10-29,206.1864,0.9756711054590376,201.1701128186193,0.952,1941,10,18,1941.1,1941,1,18,3,0.0173810977475287,0.0,0.0,0.74,4,Mod_Dry,31,4,3,2,33,73.0,0.3628769650580197,128.1701128186193,128.1701128186193,,1,128.1701128186193,0.0,0.0,0.0,0.0,0.0,0.0,0.0,0.0,0.0,31.0,4.0,3.0,2.0,33.0,166.1701128186193,990.0,964.4070206769117,25.592979323088343,0.094177913431737,0.0028170112818619,989.9030050752864,0.1163062030735147,0.0,0.0,0.0,25.379678195301217,25.4,25.4,25.4,,0.9080031204373088,0.0,0.0,0.0,28.966693110770795,0.0,0.0,0.0,0.5899530165126434,0.0,0.0,0.0,0.97,0.96,0.96,0.96,28.09769231744767,0.0,0.0,0.0,28.09769231744767,674.3446156187441,0.1396713056614993,6.0894964988206926e-05,0.95
1941-10-19,1941-10-30,206.1864,0.9756711054590376,201.1701128186193,0.952,1941,10,19,1941.1,1941,1,19,3,0.0173810977475287,0.0,0.0,0.74,4,Mod_Dry,31,4,3,2,33,73.0,0.3628769650580197,128.1701128186193,128.1701128186193,,1,128.1701128186193,0.0,0.0,0.0,0.0,0.0,0.0,0.0,0.0,0.0,31.0,4.0,3.0,2.0,33.0,166.1701128186193,990.0,964.4070206769117,25.592979323088343,0.094177913431737,0.0028170112818619,989.9030050752864,0.1163062030735147,0.0,0.0,0.0,25.379678195301217,25.4,25.4,25.4,,0.9080031204373088,0.0,0.0,0.0,28.966693110770795,0.0,0.0,0.0,0.5899530165126434,0.0,0.0,0.0,0.97,0.96,0.96,0.96,28.09769231744767,0.0,0.0,0.0,28.09769231744767,674.3446156187441,0.1396713056614993,6.0894964988206926e-05,0.95
1941-10-20,1941-10-31,206.1864,0.9756711054590376,201.1701128186193,0.952,1941,10,20,1941.1,1941,1,20,3,0.0173810977475287,0.0,0.0,0.74,4,Mod_Dry,31,4,3,2,33,73.0,0.3628769650580197,128.1701128186193,128.1701128186193,,1,128.1701128186193,0.0,0.0,0.0,0.0,0.0,0.0,0.0,0.0,0.0,31.0,4.0,3.0,2.0,33.0,166.1701128186193,990.0,964.4070206769117,25.592979323088343,0.094177913431737,0.0028170112818619,989.9030050752864,0.1163062030735147,0.0,0.0,0.0,25.379678195301217,25.4,25.4,25.4,,0.9080031204373088,0.0,0.0,0.0,28.966693110770795,0.0,0.0,0.0,0.5899530165126434,0.0,0.0,0.0,0.97,0.96,0.96,0.96,28.09769231744767,0.0,0.0,0.0,28.09769231744767,674.3446156187441,0.1396713056614993,6.0894964988206926e-05,0.95
1941-10-21,1941-11-01,206.1864,0.9756711054590376,201.1701128186193,0.952,1941,10,21,1941.1,1941,1,21,3,0.0173810977475287,0.0,0.0,0.65,3,Normal,37,5,3,2,50,97.0,0.4821789809675056,104.17011281861927,104.17011281861927,,1,104.17011281861927,0.0,0.0,0.0,0.0,0.0,0.0,0.0,0.0,0.0,37.0,5.0,3.0,2.0,50.0,149.1701128186193,990.0,964.4070206769117,25.592979323088343,0.088178063991737,0.0004170112818619,989.9114049247264,0.0768049624588117,0.0,0.0,0.0,25.4,25.4,25.4,25.4,,0.8889101365066283,0.0,0.0,0.0,23.066059566975262,0.0,0.0,0.0,0.4697771805901275,0.0,0.0,0.0,0.9669777180590128,0.96,0.96,0.96,22.304365644687,0.0,0.0,0.0,22.304365644687,535.3047754724879,0.1108731577080599,5.947634072655779e-05,0.95
1941-10-22,1941-11-02,206.1864,0.9756711054590376,201.1701128186193,0.952,1941,10,22,1941.1,1941,1,22,4,0.0173810977475287,0.0,0.0,0.65,3,Normal,37,5,3,2,50,97.0,0.4821789809675056,104.17011281861927,104.17011281861927,,1,104.17011281861927,0.0,0.0,0.0,0.0,0.0,0.0,0.0,0.0,0.0,37.0,5.0,3.0,2.0,50.0,149.1701128186193,990.0,964.4070206769117,25.592979323088343,0.088178063991737,0.0004170112818619,989.9114049247264,0.0768049624588117,0.0,0.0,0.0,25.4,25.4,25.4,25.4,,0.8889101365066283,0.0,0.0,0.0,23.066059566975262,0.0,0.0,0.0,0.4697771805901275,0.0,0.0,0.0,0.9669777180590128,0.96,0.96,0.96,22.304365644687,0.0,0.0,0.0,22.304365644687,535.3047754724879,0.1108731577080599,5.947634072655779e-05,0.95
1941-10-23,1941-11-03,206.1864,0.9756711054590376,201.1701128186193,0.952,1941,10,23,1941.1,1941,1,23,4,0.0173810977475287,0.0,0.0,0.65,3,Normal,37,5,3,2,50,97.0,0.4821789809675056,104.17011281861927,104.17011281861927,,1,104.17011281861927,0.0,0.0,0.0,0.0,0.0,0.0,0.0,0.0,0.0,37.0,5.0,3.0,2.0,50.0,149.1701128186193,990.0,964.4070206769117,25.592979323088343,0.088178063991737,0.0004170112818619,989.9114049247264,0.0768049624588117,0.0,0.0,0.0,25.4,25.4,25.4,25.4,,0.8889101365066283,0.0,0.0,0.0,23.066059566975262,0.0,0.0,0.0,0.4697771805901275,0.0,0.0,0.0,0.9669777180590128,0.96,0.96,0.96,22.304365644687,0.0,0.0,0.0,22.304365644687,535.3047754724879,0.1108731577080599,5.947634072655779e-05,0.95
1941-10-24,1941-11-04,209.197,0.9663848551669614,202.1648125463628,0.946,1941,10,24,1941.1,1941,1,24,4,0.0174670398040057,0.9946997277434946,0.0049202416346087,0.65,3,Normal,37,5,3,2,50,97.0,0.479806543870016,105.1648125463628,105.1648125463628,,1,105.1648125463628,0.0,0.0,0.0,0.0,0.0,0.0,0.0,0.0,0.0,37.0,5.0,3.0,2.0,50.0,150.1648125463628,990.0,964.4129888752782,25.58701112472181,0.0885291256743529,0.0005164812546362,989.910954393071,0.0782505150704714,0.0,0.0,0.0,25.4,25.4,25.4,25.4,,0.8899641623576159,0.0,0.0,0.0,23.31392455336314,0.0,0.0,0.0,0.4748253473190049,0.0,0.0,0.0,0.9674825347319004,0.96,0.96,0.96,22.555814821436066,0.0,0.0,0.0,22.555814821436066,541.3395557144655,0.1115714180788177,5.957795164902112e-05,0.945
1941-10-25,1941-11-05,212.2351,0.9734329677943336,206.5966432631272,0.942,1941,10,25,1941.1,1941,1,25,4,0.0178499499779341,4.4318307167643525,0.0214516104751994,0.65,3,Normal,37,5,3,2,50,97.0,0.4695139207874647,109.5966432631272,109.5966432631272,,1,109.5966432631272,0.0,0.0,0.0,0.0,0.0,0.0,0.0,0.0,0.0,37.0,5.0,3.0,2.0,50.0,154.5966432631272,990.0,964.4395798595788,25.56042014042123,0.0900932619710678,0.0009596643263127,989.9089470737026,0.0849868977599533,0.0,0.0,0.0,25.38438031636389,25.4,25.4,25.4,,0.893655338119882,0.0,0.0,0.0,24.38218218407675,0.0,0.0,0.0,0.4965821218752902,0.0,0.0,0.0,0.969658212187529,0.96,0.96,0.96,23.642383185842483,0.0,0.0,0.0,23.642383185842483,567.4171964602197,0.1144374023334488,5.992271722197483e-05,0.94
1941-10-26,1941-11-06,209.197,0.9663848551669614,202.1648125463628,0.946,1941,10,26,1941.1,1941,1,26,4,0.0174670398040057,4.4318307167643525,0.0219218698889451,0.65,3,Normal,37,5,3,2,50,97.0,0.479806543870016,105.1648125463628,105.1648125463628,,1,105.1648125463628,0.0,0.0,0.0,0.0,0.0,0.0,0.0,0.0,0.0,37.0,5.0,3.0,2.0,50.0,150.1648125463628,990.0,964.4129888752782,25.58701112472181,0.0885291256743529,0.0005164812546362,989.910954393071,0.0782505150704714,0.0,0.0,0.0,25.4,25.4,25.4,25.4,,0.8899641623576159,0.0,0.0,0.0,23.31392455336314,0.0,0.0,0.0,0.4748253473190049,0.0,0.0,0.0,0.9674825347319004,0.96,0.96,0.96,22.555814821436066,0.0,0.0,0.0,22.555814821436066,541.3395557144655,0.1115714180788177,5.957795164902112e-05,0.945
1941-10-27,1941-11-07,212.2351,0.9734329677943336,206.5966432631272,0.942,1941,10,27,1941.1,1941,1,27,4,0.0178499499779341,4.4318307167643525,0.0214516104751994,0.65,3,Normal,37,5,3,2,50,97.0,0.4695139207874647,109.5966432631272,109.5966432631272,,1,109.5966432631272,0.0,0.0,0.0,0.0,0.0,0.0,0.0,0.0,0.0,37.0,5.0,3.0,2.0,50.0,154.5966432631272,990.0,964.4395798595788,25.56042014042123,0.0900932619710678,0.0009596643263127,989.9089470737026,0.0849868977599533,0.0,0.0,0.0,25.38438031636389,25.4,25.4,25.4,,0.893655338119882,0.0,0.0,0.0,24.38218218407675,0.0,0.0,0.0,0.4965821218752902,0.0,0.0,0.0,0.969658212187529,0.96,0.96,0.96,23.642383185842483,0.0,0.0,0.0,23.642383185842483,567.4171964602197,0.1144374023334488,5.992271722197483e-05,0.94
1941-10-28,1941-11-08,212.2351,0.9734329677943336,206.5966432631272,0.942,1941,10,28,1941.1,1941,1,28,4,0.0178499499779341,0.0,0.0,0.65,3,Normal,37,5,3,2,50,97.0,0.4695139207874647,109.5966432631272,109.5966432631272,,1,109.5966432631272,0.0,0.0,0.0,0.0,0.0,0.0,0.0,0.0,0.0,37.0,5.0,3.0,2.0,50.0,154.5966432631272,990.0,964.4395798595788,25.56042014042123,0.0900932619710678,0.0009596643263127,989.9089470737026,0.0849868977599533,0.0,0.0,0.0,25.38438031636389,25.4,25.4,25.4,,0.893655338119882,0.0,0.0,0.0,24.38218218407675,0.0,0.0,0.0,0.4965821218752902,0.0,0.0,0.0,0.969658212187529,0.96,0.96,0.96,23.642383185842483,0.0,0.0,0.0,23.642383185842483,567.4171964602197,0.1144374023334488,5.992271722197483e-05,0.94
1941-10-29,1941-11-09,212.2351,0.9734329677943336,206.5966432631272,0.942,1941,10,29,1941.1,1941,1,29,5,0.0178499499779341,0.0,0.0,0.65,3,Normal,37,5,3,2,50,97.0,0.4695139207874647,109.5966432631272,109.5966432631272,,1,109.5966432631272,0.0,0.0,0.0,0.0,0.0,0.0,0.0,0.0,0.0,37.0,5.0,3.0,2.0,50.0,154.5966432631272,990.0,964.4395798595788,25.56042014042123,0.0900932619710678,0.0009596643263127,989.9089470737026,0.0849868977599533,0.0,0.0,0.0,25.38438031636389,25.4,25.4,25.4,,0.893655338119882,0.0,0.0,0.0,24.38218218407675,0.0,0.0,0.0,0.4965821218752902,0.0,0.0,0.0,0.969658212187529,0.96,0.96,0.96,23.642383185842483,0.0,0.0,0.0,23.642383185842483,567.4171964602197,0.1144374023334488,5.992271722197483e-05,0.94
1941-10-30,1941-11-10,212.2351,0.9734329677943336,206.5966432631272,0.942,1941,10,30,1941.1,1941,1,30,5,0.0178499499779341,0.0,0.0,0.65,3,Normal,37,5,3,2,50,97.0,0.4695139207874647,109.5966432631272,109.5966432631272,,1,109.5966432631272,0.0,0.0,0.0,0.0,0.0,0.0,0.0,0.0,0.0,37.0,5.0,3.0,2.0,50.0,154.5966432631272,990.0,964.4395798595788,25.56042014042123,0.0900932619710678,0.0009596643263127,989.9089470737026,0.0849868977599533,0.0,0.0,0.0,25.38438031636389,25.4,25.4,25.4,,0.893655338119882,0.0,0.0,0.0,24.38218218407675,0.0,0.0,0.0,0.4965821218752902,0.0,0.0,0.0,0.969658212187529,0.96,0.96,0.96,23.642383185842483,0.0,0.0,0.0,23.642383185842483,567.4171964602197,0.1144374023334488,5.992271722197483e-05,0.94
1941-10-31,1941-11-11,218.3943,0.9709568849264008,212.05144921368185,0.936,1941,10,31,1941.1,1941,1,31,5,0.0183212452120621,5.454805950554658,0.0257239739260537,0.65,3,Normal,37,5,3,2,50,97.0,0.4574361569312087,115.05144921368183,115.05144921368183,,1,115.05144921368183,0.0,0.0,0.0,0.0,0.0,0.0,0.0,0.0,0.0,37.0,5.0,3.0,2.0,50.0,160.05144921368185,990.0,964.472308695282,25.527691304717905,0.0920184392903469,0.0015051449213681,989.9064764157883,0.0936854056947118,0.0,0.0,0.0,25.340482314811545,25.4,25.4,25.4,,0.8981712868745306,0.0,0.0,0.0,25.680580522127546,0.0,0.0,0.0,0.523026079880398,0.0,0.0,0.0,0.97,0.96,0.96,0.96,24.91016310646372,0.0,0.0,0.0,24.91016310646372,597.8439145551292,0.1174722606180447,6.014256925129297e-05,0.935
1941-11-01,1941-11-12,227.8423,0.9755995102100816,222.2828362851385,0.922,1941,11,1,1941.11,1941,2,32,5,0.0192052370550359,10.23138707145668,0.0460286868858022,0.59,3,Normal,36,5,3,2,47,93.0,0.4183858796938423,129.2828362851385,129.2828362851385,,1,129.2828362851385,0.0,0.0,0.0,0.0,0.0,0.0,0.0,0.0,0.0,36.0,5.0,3.0,2.0,47.0,173.2828362851385,990.0,964.5336970177108,25.466302982289108,0.0966882234262941,0.0029282836285138,989.9003834929453,0.1183091053132493,0.0,0.0,0.0,25.248377369921,25.366686475234246,25.366686475234246,25.366686475234246,,0.9083798156760092,0.0,0.0,0.0,29.079070413854303,0.0,0.0,0.0,0.5922417599562995,0.0,0.0,0.0,0.97,0.96,0.96,0.96,28.206698301438674,0.0,0.0,0.0,28.206698301438674,676.9607592345282,0.1268955299151207,6.060505940124192e-05,0.92
1941-11-02,1941-11-13,227.8423,0.9755995102100816,222.2828362851385,0.922,1941,11,2,1941.11,1941,2,33,5,0.0192052370550359,0.0,0.0,0.59,3,Normal,36,5,3,2,47,93.0,0.4183858796938423,129.2828362851385,129.2828362851385,,1,129.2828362851385,0.0,0.0,0.0,0.0,0.0,0.0,0.0,0.0,0.0,36.0,5.0,3.0,2.0,47.0,173.2828362851385,990.0,964.5336970177108,25.466302982289108,0.0966882234262941,0.0029282836285138,989.9003834929453,0.1183091053132493,0.0,0.0,0.0,25.248377369921,25.366686475234246,25.366686475234246,25.366686475234246,,0.9083798156760092,0.0,0.0,0.0,29.079070413854303,0.0,0.0,0.0,0.5922417599562995,0.0,0.0,0.0,0.97,0.96,0.96,0.96,28.206698301438674,0.0,0.0,0.0,28.206698301438674,676.9607592345282,0.1268955299151207,6.060505940124192e-05,0.92
1941-11-03,1941-11-14,231.0479,0.97240029822707,224.67104686473823,0.918,1941,11,3,1941.11,1941,2,34,5,0.0194115784491133,2.388210579599729,0.0106298101732598,0.59,3,Normal,36,5,3,2,47,93.0,0.4139385172135244,131.67104686473823,131.67104686473823,,1,131.67104686473823,0.0,0.0,0.0,0.0,0.0,0.0,0.0,0.0,0.0,36.0,5.0,3.0,2.0,47.0,175.67104686473823,990.0,964.5480262811884,25.451973718811587,0.0975311001268008,0.0031671046864738,989.8993017951868,0.1227415681057078,0.0,0.0,0.0,25.228533945892597,25.351275513998303,25.351275513998303,25.351275513998303,,0.9094455741773764,0.0,0.0,0.0,29.627684805418504,0.0,0.0,0.0,0.6034151691531263,0.0,0.0,0.0,0.97,0.96,0.96,0.96,28.73885426125595,0.0,0.0,0.0,28.73885426125595,689.7325022701427,0.1279152550464501,6.062847727467232e-05,0.92
1941-11-04,1941-11-15,231.0479,0.97240029822707,224.67104686473823,0.918,1941,11,4,1941.11,1941,2,35,5,0.0194115784491133,0.0,0.0,0.59,3,Normal,36,5,3,2,47,93.0,0.4139385172135244,131.67104686473823,131.67104686473823,,1,131.67104686473823,0.0,0.0,0.0,0.0,0.0,0.0,0.0,0.0,0.0,36.0,5.0,3.0,2.0,47.0,175.67104686473823,990.0,964.5480262811884,25.451973718811587,0.0975311001268008,0.0031671046864738,989.8993017951868,0.1227415681057078,0.0,0.0,0.0,25.228533945892597,25.351275513998303,25.351275513998303,25.351275513998303,,0.9094455741773764,0.0,0.0,0.0,29.627684805418504,0.0,0.0,0.0,0.6034151691531263,0.0,0.0,0.0,0.97,0.96,0.96,0.96,28.73885426125595,0.0,0.0,0.0,28.73885426125595,689.7325022701427,0.1279152550464501,6.062847727467232e-05,0.92
1941-11-05,1941-11-16,231.0479,0.97240029822707,224.67104686473823,0.918,1941,11,5,1941.11,1941,2,36,6,0.0194115784491133,0.0,0.0,0.59,3,Normal,36,5,3,2,47,93.0,0.4139385172135244,131.67104686473823,131.67104686473823,,1,131.67104686473823,0.0,0.0,0.0,0.0,0.0,0.0,0.0,0.0,0.0,36.0,5.0,3.0,2.0,47.0,175.67104686473823,990.0,964.5480262811884,25.451973718811587,0.0975311001268008,0.0031671046864738,989.8993017951868,0.1227415681057078,0.0,0.0,0.0,25.228533945892597,25.351275513998303,25.351275513998303,25.351275513998303,,0.9094455741773764,0.0,0.0,0.0,29.627684805418504,0.0,0.0,0.0,0.6034151691531263,0.0,0.0,0.0,0.97,0.96,0.96,0.96,28.73885426125595,0.0,0.0,0.0,28.73885426125595,689.7325022701427,0.1279152550464501,6.062847727467232e-05,0.92
1941-11-06,1941-11-17,231.0479,0.97240029822707,224.67104686473823,0.918,1941,11,6,1941.11,1941,2,37,6,0.0194115784491133,0.0,0.0,0.59,3,Normal,36,5,3,2,47,93.0,0.4139385172135244,131.67104686473823,131.67104686473823,,1,131.67104686473823,0.0,0.0,0.0,0.0,0.0,0.0,0.0,0.0,0.0,36.0,5.0,3.0,2.0,47.0,175.67104686473823,990.0,964.5480262811884,25.451973718811587,0.0975311001268008,0.0031671046864738,989.8993017951868,0.1227415681057078,0.0,0.0,0.0,25.228533945892597,25.351275513998303,25.351275513998303,25.351275513998303,,0.9094455741773764,0.0,0.0,0.0,29.627684805418504,0.0,0.0,0.0,0.6034151691531263,0.0,0.0,0.0,0.97,0.96,0.96,0.96,28.73885426125595,0.0,0.0,0.0,28.73885426125595,689.7325022701427,0.1279152550464501,6.062847727467232e-05,0.92
1941-11-07,1941-11-18,231.0479,0.97240029822707,224.67104686473823,0.918,1941,11,7,1941.11,1941,2,38,6,0.0194115784491133,0.0,0.0,0.59,3,Normal,36,5,3,2,47,93.0,0.4139385172135244,131.67104686473823,131.67104686473823,,1,131.67104686473823,0.0,0.0,0.0,0.0,0.0,0.0,0.0,0.0,0.0,36.0,5.0,3.0,2.0,47.0,175.67104686473823,990.0,964.5480262811884,25.451973718811587,0.0975311001268008,0.0031671046864738,989.8993017951868,0.1227415681057078,0.0,0.0,0.0,25.228533945892597,25.351275513998303,25.351275513998303,25.351275513998303,,0.9094455741773764,0.0,0.0,0.0,29.627684805418504,0.0,0.0,0.0,0.6034151691531263,0.0,0.0,0.0,0.97,0.96,0.96,0.96,28.73885426125595,0.0,0.0,0.0,28.73885426125595,689.7325022701427,0.1279152550464501,6.062847727467232e-05,0.92
1941-11-08,1941-11-19,231.0479,0.97240029822707,224.67104686473823,0.918,1941,11,8,1941.11,1941,2,39,6,0.0194115784491133,0.0,0.0,0.59,3,Normal,36,5,3,2,47,93.0,0.4139385172135244,131.67104686473823,131.67104686473823,,1,131.67104686473823,0.0,0.0,0.0,0.0,0.0,0.0,0.0,0.0,0.0,36.0,5.0,3.0,2.0,47.0,175.67104686473823,990.0,964.5480262811884,25.451973718811587,0.0975311001268008,0.0031671046864738,989.8993017951868,0.1227415681057078,0.0,0.0,0.0,25.228533945892597,25.351275513998303,25.351275513998303,25.351275513998303,,0.9094455741773764,0.0,0.0,0.0,29.627684805418504,0.0,0.0,0.0,0.6034151691531263,0.0,0.0,0.0,0.97,0.96,0.96,0.96,28.73885426125595,0.0,0.0,0.0,28.73885426125595,689.7325022701427,0.1279152550464501,6.062847727467232e-05,0.92
1941-11-09,1941-11-20,231.0479,0.97240029822707,224.67104686473823,0.918,1941,11,9,1941.11,1941,2,40,6,0.0194115784491133,0.0,0.0,0.59,3,Normal,36,5,3,2,47,93.0,0.4139385172135244,131.67104686473823,131.67104686473823,,1,131.67104686473823,0.0,0.0,0.0,0.0,0.0,0.0,0.0,0.0,0.0,36.0,5.0,3.0,2.0,47.0,175.67104686473823,990.0,964.5480262811884,25.451973718811587,0.0975311001268008,0.0031671046864738,989.8993017951868,0.1227415681057078,0.0,0.0,0.0,25.228533945892597,25.351275513998303,25.351275513998303,25.351275513998303,,0.9094455741773764,0.0,0.0,0.0,29.627684805418504,0.0,0.0,0.0,0.6034151691531263,0.0,0.0,0.0,0.97,0.96,0.96,0.96,28.73885426125595,0.0,0.0,0.0,28.73885426125595,689.7325022701427,0.1279152550464501,6.062847727467232e-05,0.92
1941-11-10,1941-11-21,227.8423,0.9755995102100816,222.2828362851385,0.922,1941,11,10,1941.11,1941,2,41,6,0.0192052370550359,2.388210579599729,0.0107440170348384,0.59,3,Normal,36,5,3,2,47,93.0,0.4183858796938423,129.2828362851385,129.2828362851385,,1,129.2828362851385,0.0,0.0,0.0,0.0,0.0,0.0,0.0,0.0,0.0,36.0,5.0,3.0,2.0,47.0,173.2828362851385,990.0,964.5336970177108,25.466302982289108,0.0966882234262941,0.0029282836285138,989.9003834929453,0.1183091053132493,0.0,0.0,0.0,25.248377369921,25.366686475234246,25.366686475234246,25.366686475234246,,0.9083798156760092,0.0,0.0,0.0,29.079070413854303,0.0,0.0,0.0,0.5922417599562995,0.0,0.0,0.0,0.97,0.96,0.96,0.96,28.206698301438674,0.0,0.0,0.0,28.206698301438674,676.9607592345282,0.1268955299151207,6.060505940124192e-05,0.92
1941-11-11,1941-11-22,227.8423,0.9755995102100816,222.2828362851385,0.922,1941,11,11,1941.11,1941,2,42,6,0.0192052370550359,0.0,0.0,0.64,3,Normal,36,5,3,2,47,93.0,0.4183858796938423,129.2828362851385,129.2828362851385,,1,129.2828362851385,0.0,0.0,0.0,0.0,0.0,0.0,0.0,0.0,0.0,36.0,5.0,3.0,2.0,47.0,173.2828362851385,990.0,964.5336970177108,25.466302982289108,0.0966882234262941,0.0029282836285138,989.9003834929453,0.1183091053132493,0.0,0.0,0.0,25.248377369921,25.366686475234246,25.366686475234246,25.366686475234246,,0.9083798156760092,0.0,0.0,0.0,29.079070413854303,0.0,0.0,0.0,0.5922417599562995,0.0,0.0,0.0,0.97,0.96,0.96,0.96,28.206698301438674,0.0,0.0,0.0,28.206698301438674,676.9607592345282,0.1268955299151207,6.060505940124192e-05,0.92
1941-11-12,1941-11-23,231.0479,0.97240029822707,224.67104686473823,0.918,1941,11,12,1941.11,1941,2,43,7,0.0194115784491133,2.388210579599729,0.0106298101732598,0.64,3,Normal,36,5,3,2,47,93.0,0.4139385172135244,131.67104686473823,131.67104686473823,,1,131.67104686473823,0.0,0.0,0.0,0.0,0.0,0.0,0.0,0.0,0.0,36.0,5.0,3.0,2.0,47.0,175.67104686473823,990.0,964.5480262811884,25.451973718811587,0.0975311001268008,0.0031671046864738,989.8993017951868,0.1227415681057078,0.0,0.0,0.0,25.228533945892597,25.351275513998303,25.351275513998303,25.351275513998303,,0.9094455741773764,0.0,0.0,0.0,29.627684805418504,0.0,0.0,0.0,0.6034151691531263,0.0,0.0,0.0,0.97,0.96,0.96,0.96,28.73885426125595,0.0,0.0,0.0,28.73885426125595,689.7325022701427,0.1279152550464501,6.062847727467232e-05,0.92
1941-11-13,1941-11-24,231.0479,0.97240029822707,224.67104686473823,0.918,1941,11,13,1941.11,1941,2,44,7,0.0194115784491133,0.0,0.0,0.64,3,Normal,36,5,3,2,47,93.0,0.4139385172135244,131.67104686473823,131.67104686473823,,1,131.67104686473823,0.0,0.0,0.0,0.0,0.0,0.0,0.0,0.0,0.0,36.0,5.0,3.0,2.0,47.0,175.67104686473823,990.0,964.5480262811884,25.451973718811587,0.0975311001268008,0.0031671046864738,989.8993017951868,0.1227415681057078,0.0,0.0,0.0,25.228533945892597,25.351275513998303,25.351275513998303,25.351275513998303,,0.9094455741773764,0.0,0.0,0.0,29.627684805418504,0.0,0.0,0.0,0.6034151691531263,0.0,0.0,0.0,0.97,0.96,0.96,0.96,28.73885426125595,0.0,0.0,0.0,28.73885426125595,689.7325022701427,0.1279152550464501,6.062847727467232e-05,0.92
1941-11-14,1941-11-25,234.2817,0.966268687364318,226.3790707324809,0.913,1941,11,14,1941.11,1941,2,45,7,0.0195591517112863,1.7080238677426678,0.0075449725198363,0.64,3,Normal,36,5,3,2,47,93.0,0.4108153624762465,133.3790707324809,133.3790707324809,,1,133.3790707324809,0.0,0.0,0.0,0.0,0.0,0.0,0.0,0.0,0.0,36.0,5.0,3.0,2.0,47.0,177.3790707324809,990.0,964.5582744243948,25.44172557560512,0.0981339169530585,0.003337907073248,989.8985281759736,0.1259526529770641,0.0,0.0,0.0,25.21430109860169,25.34025375157876,25.34025375157876,25.34025375157876,,0.9102087163999928,0.0,0.0,0.0,30.020250483868427,0.0,0.0,0.0,0.6114103968201309,0.0,0.0,0.0,0.97,0.96,0.96,0.96,29.119642969352373,0.0,0.0,0.0,29.119642969352373,698.871431264457,0.1286322223831546,6.064511972746249e-05,0.915
1941-11-15,1941-11-26,244.1538,0.9479000783611428,231.4334061521708,0.906,1941,11,15,1941.11,1941,2,46,7,0.0199958462915475,5.05433541968992,0.0218392647099815,0.64,3,Normal,36,5,3,2,47,93.0,0.4018434570282008,138.4334061521708,138.4334061521708,,1,138.4334061521708,0.0,0.0,0.0,0.0,0.0,0.0,0.0,0.0,0.0,36.0,5.0,3.0,2.0,47.0,182.4334061521708,990.0,964.588600436913,25.411399563087,0.0999177552787879,0.003843340615217,989.896238904106,0.1356608079352113,0.0,0.0,0.0,25.17197765925789,25.3076384671931,25.3076384671931,25.3076384671931,,0.9124715179519224,0.0,0.0,0.0,31.182882564305697,0.0,0.0,0.0,0.6350892579288329,0.0,0.0,0.0,0.97,0.96,0.96,0.96,30.24739608737653,0.0,0.0,0.0,30.24739608737653,725.9375060970366,0.1306958947295985,6.069383613576533e-05,0.905
1941-11-16,1941-11-27,247.5017,0.9485505757172864,234.76788002600708,0.898,1941,11,16,1941.11,1941,2,47,7,0.020283944834247,3.33447387383626,0.0142032797394041,0.64,3,Normal,36,5,3,2,47,93.0,0.39613596199658,141.76788002600708,141.76788002600708,,1,141.76788002600708,0.0,0.0,0.0,0.0,0.0,0.0,0.0,0.0,0.0,36.0,5.0,3.0,2.0,47.0,185.76788002600708,990.0,964.608607280156,25.391392719843907,0.1010945988790603,0.0041767880026007,989.8947286131184,0.1422711176525342,0.0,0.0,0.0,25.143850215309705,25.28612133296224,25.28612133296224,25.28612133296224,,0.9139680557316718,0.0,0.0,0.0,31.950623844662825,0.0,0.0,0.0,0.6507255365511777,0.0,0.0,0.0,0.97,0.96,0.96,0.96,30.99210512932294,0.0,0.0,0.0,30.99210512932294,743.8105231037506,0.1320116922548762,6.072544845771344e-05,0.9
1941-11-17,1941-11-28,250.8784,0.9414693900674836,236.1943342291061,0.893,1941,11,17,1941.11,1941,2,48,7,0.0204071904773947,1.4264542030990697,0.0060393243883463,0.64,3,Normal,36,5,3,2,47,93.0,0.3937435684201931,143.19433422910612,143.19433422910612,,1,143.19433422910612,0.0,0.0,0.0,0.0,0.0,0.0,0.0,0.0,0.0,36.0,5.0,3.0,2.0,47.0,187.1943342291061,990.0,964.6171660053748,25.382833994625344,0.1015980406703338,0.0043194334229106,989.8940825259068,0.1451525551427943,0.0,0.0,0.0,25.13176396538936,25.276916520532158,25.276916520532158,25.276916520532158,,0.9146091655604583,0.0,0.0,0.0,32.27922176338376,0.0,0.0,0.0,0.6574179585210541,0.0,0.0,0.0,0.97,0.96,0.96,0.96,31.310845110482244,0.0,0.0,0.0,31.310845110482244,751.4602826515738,0.1325639127317552,6.073883454926588e-05,0.895
1941-11-18,1941-11-29,254.284,0.9424159355737844,239.64129376144416,0.89,1941,11,18,1941.11,1941,2,49,7,0.0207050077809887,3.4469595323380133,0.0143838295906103,0.64,3,Normal,36,5,3,2,47,93.0,0.3880800280296381,146.64129376144416,146.64129376144416,,1,146.64129376144416,0.0,0.0,0.0,0.0,0.0,0.0,0.0,0.0,0.0,36.0,5.0,3.0,2.0,47.0,190.64129376144416,990.0,964.6378477625686,25.36215223743136,0.102814584095028,0.0046641293761444,989.8925212865288,0.1522138910238038,0.0,0.0,0.0,25.10245963293646,25.254673523960264,25.254673523960264,25.254673523960264,,0.9160639274770712,0.0,0.0,0.0,33.0702168258047,0.0,0.0,0.0,0.6735278375927637,0.0,0.0,0.0,0.97,0.96,0.96,0.96,32.07811032103056,0.0,0.0,0.0,32.07811032103056,769.8746477047334,0.1338588597045523,6.076450890280602e-05,0.89
1941-11-19,1941-11-30,261.1822,0.9426194585361816,246.1954239432886,0.879,1941,11,19,1941.11,1941,2,50,8,0.0212712846287001,6.5541301818444415,0.0266216572057577,0.64,3,Normal,36,5,3,2,47,93.0,0.3777486945550322,153.1954239432886,153.1954239432886,,1,153.1954239432886,0.0,0.0,0.0,0.0,0.0,0.0,0.0,0.0,0.0,36.0,5.0,3.0,2.0,47.0,197.1954239432886,990.0,964.6771725436598,25.32282745634018,0.1051277484656884,0.0053195423943288,989.88955270914,0.1661021157175033,0.0,0.0,0.0,25.046278049762723,25.212380165480223,25.212380165480223,25.212380165480223,,0.9186340991256268,0.0,0.0,0.0,34.5676815131587,0.0,0.0,0.0,0.704026100064332,0.0,0.0,0.0,0.97,0.96,0.96,0.96,33.53065106776394,0.0,0.0,0.0,33.53065106776394,804.7356256263346,0.1361952652519153,6.07986159201042e-05,0.88
1941-11-20,1941-12-01,268.1972,0.9570673705328404,256.6827889882703,0.865,1941,11,20,1941.11,1941,2,51,8,0.0221773929685865,10.487365044981717,0.0408572973915323,0.64,3,Normal,36,5,3,2,47,93.0,0.3623149038023341,163.68278898827032,163.68278898827032,,1,163.68278898827032,0.0,0.0,0.0,0.0,0.0,0.0,0.0,0.0,0.0,36.0,5.0,3.0,2.0,47.0,207.68278898827032,990.0,964.7267311559532,25.273268844046925,0.1088291557084552,0.006368278898827,989.8848025653928,0.1895704146730217,0.0,0.0,0.0,24.968500994766664,25.158071409439685,25.158071409439685,25.158071409439685,,0.9227572931143256,0.0,0.0,0.0,36.98466353749433,0.0,0.0,0.0,0.7532518032076237,0.0,0.0,0.0,0.97,0.96,0.96,0.96,35.8751236313695,0.0,0.0,0.0,35.8751236313695,861.002967152868,0.1397644297569514,6.088185680010001e-05,0.865
1941-11-21,1941-12-02,271.7487,0.9523418217225876,258.7976520087449,0.862,1941,11,21,1941.11,1941,2,52,8,0.0223601171335555,2.1148630204745587,0.0081718787016008,0.64,3,Normal,36,5,3,2,47,93.0,0.3593541103566793,165.79765200874488,165.79765200874488,,1,165.79765200874488,0.0,0.0,0.0,0.0,0.0,0.0,0.0,0.0,0.0,36.0,5.0,3.0,2.0,47.0,209.79765200874488,990.0,964.735190608035,25.264809391964945,0.109575580462664,0.0065797652008744,989.8838446543364,0.1944984117808127,0.0,0.0,0.0,24.954155634520617,25.14865404630143,25.14865404630143,25.14865404630143,,0.9235675264773962,0.0,0.0,0.0,37.473875451748256,0.0,0.0,0.0,0.7632153859826528,0.0,0.0,0.0,0.97,0.96,0.96,0.96,36.34965918819581,0.0,0.0,0.0,36.34965918819581,872.3918205166995,0.1404559079499204,6.0900304859227126e-05,0.86
1941-11-22,1941-12-03,271.7487,0.9523418217225876,258.7976520087449,0.862,1941,11,22,1941.11,1941,2,53,8,0.0223601171335555,0.0,0.0,0.64,3,Normal,36,5,3,2,47,93.0,0.3593541103566793,165.79765200874488,165.79765200874488,,1,165.79765200874488,0.0,0.0,0.0,0.0,0.0,0.0,0.0,0.0,0.0,36.0,5.0,3.0,2.0,47.0,209.79765200874488,990.0,964.735190608035,25.264809391964945,0.109575580462664,0.0065797652008744,989.8838446543364,0.1944984117808127,0.0,0.0,0.0,24.954155634520617,25.14865404630143,25.14865404630143,25.14865404630143,,0.9235675264773962,0.0,0.0,0.0,37.473875451748256,0.0,0.0,0.0,0.7632153859826528,0.0,0.0,0.0,0.97,0.96,0.96,0.96,36.34965918819581,0.0,0.0,0.0,36.34965918819581,872.3918205166995,0.1404559079499204,6.0900304859227126e-05,0.86
1941-11-23,1941-12-04,275.3297,0.9493451834369376,261.382924552137,0.855,1941,11,23,1941.11,1941,2,54,8,0.0225834846813046,2.5852725433921364,0.0098907476370992,0.64,3,Normal,36,5,3,2,47,93.0,0.3557998295387871,168.382924552137,168.382924552137,,1,168.382924552137,0.0,0.0,0.0,0.0,0.0,0.0,0.0,0.0,0.0,36.0,5.0,3.0,2.0,47.0,212.382924552137,990.0,964.7455316982084,25.254468301791466,0.1104880326659897,0.0068382924552137,989.8826736748788,0.200651360434086,0.0,0.0,0.0,24.936490616236163,25.13714197667025,25.13714197667025,25.13714197667025,,0.924515261291998,0.0,0.0,0.0,38.07028835572918,0.0,0.0,0.0,0.7753622883040566,0.0,0.0,0.0,0.97,0.96,0.96,0.96,36.9281797050573,0.0,0.0,0.0,36.9281797050573,886.2763129213753,0.1412800004756675,6.091964326628074e-05,0.855
1941-11-24,1941-12-05,278.9403,0.9468161724841248,264.1051871975735,0.852,1941,11,24,1941.11,1941,2,55,8,0.0228186881738703,2.7222626454365013,0.0103074940493312,0.64,3,Normal,36,5,3,2,47,93.0,0.352132424913063,171.1051871975735,171.1051871975735,,1,171.1051871975735,0.0,0.0,0.0,0.0,0.0,0.0,0.0,0.0,0.0,36.0,5.0,3.0,2.0,47.0,215.1051871975735,990.0,964.7564207487904,25.243579251209667,0.1114488344797902,0.0071105187197573,989.8814406468005,0.2071966567620793,0.0,0.0,0.0,24.917823241248044,25.125019898010123,25.125019898010123,25.125019898010123,,0.9255117697752429,0.0,0.0,0.0,38.69848133114507,0.0,0.0,0.0,0.7881564425895126,0.0,0.0,0.0,0.97,0.96,0.96,0.96,37.53752689121072,0.0,0.0,0.0,37.53752689121072,900.9006453890572,0.142130971714423,6.093965340205627e-05,0.85
1941-11-25,1941-12-06,264.675,0.9437959007304476,249.7991800258312,0.875,1941,11,25,1941.11,1941,2,56,8,0.0215826491542318,14.306007171742325,0.0572700325528009,0.64,3,Normal,36,5,3,2,47,93.0,0.3722990603507308,156.7991800258312,156.7991800258312,,1,156.7991800258312,0.0,0.0,0.0,0.0,0.0,0.0,0.0,0.0,0.0,36.0,5.0,3.0,2.0,47.0,200.7991800258312,990.0,964.698795080155,25.301204919844963,0.1063996384876639,0.0056799180025831,989.8879204435098,0.1739941796573452,0.0,0.0,0.0,25.01513118369737,25.18912536335472,25.18912536335472,25.18912536335472,,0.9200506011777168,0.0,0.0,0.0,35.391338250752334,0.0,0.0,0.0,0.7208011863697013,0.0,0.0,0.0,0.97,0.96,0.96,0.96,34.32959810322976,0.0,0.0,0.0,34.32959810322976,823.9103544775144,0.1374287861940932,6.081664120659568e-05,0.875
1941-11-26,1941-12-07,264.675,0.9437959007304476,249.7991800258312,0.875,1941,11,26,1941.11,1941,2,57,9,0.0215826491542318,0.0,0.0,0.64,3,Normal,36,5,3,2,47,93.0,0.3722990603507308,156.7991800258312,156.7991800258312,,1,156.7991800258312,0.0,0.0,0.0,0.0,0.0,0.0,0.0,0.0,0.0,36.0,5.0,3.0,2.0,47.0,200.7991800258312,990.0,964.698795080155,25.301204919844963,0.1063996384876639,0.0056799180025831,989.8879204435098,0.1739941796573452,0.0,0.0,0.0,25.01513118369737,25.18912536335472,25.18912536335472,25.18912536335472,,0.9200506011777168,0.0,0.0,0.0,35.391338250752334,0.0,0.0,0.0,0.7208011863697013,0.0,0.0,0.0,0.97,0.96,0.96,0.96,34.32959810322976,0.0,0.0,0.0,34.32959810322976,823.9103544775144,0.1374287861940932,6.081664120659568e-05,0.875
1941-11-27,1941-12-08,268.1972,0.9570673705328404,256.6827889882703,0.865,1941,11,27,1941.11,1941,2,58,9,0.0221773929685865,6.8836089624391255,0.0268175711724625,0.64,3,Normal,36,5,3,2,47,93.0,0.3623149038023341,163.68278898827032,163.68278898827032,,1,163.68278898827032,0.0,0.0,0.0,0.0,0.0,0.0,0.0,0.0,0.0,36.0,5.0,3.0,2.0,47.0,207.68278898827032,990.0,964.7267311559532,25.273268844046925,0.1088291557084552,0.006368278898827,989.8848025653928,0.1895704146730217,0.0,0.0,0.0,24.968500994766664,25.158071409439685,25.158071409439685,25.158071409439685,,0.9227572931143256,0.0,0.0,0.0,36.98466353749433,0.0,0.0,0.0,0.7532518032076237,0.0,0.0,0.0,0.97,0.96,0.96,0.96,35.8751236313695,0.0,0.0,0.0,35.8751236313695,861.002967152868,0.1397644297569514,6.088185680010001e-05,0.865
1941-11-28,1941-12-09,268.1972,0.9570673705328404,256.6827889882703,0.865,1941,11,28,1941.11,1941,2,59,9,0.0221773929685865,0.0,0.0,0.64,3,Normal,36,5,3,2,47,93.0,0.3623149038023341,163.68278898827032,163.68278898827032,,1,163.68278898827032,0.0,0.0,0.0,0.0,0.0,0.0,0.0,0.0,0.0,36.0,5.0,3.0,2.0,47.0,207.68278898827032,990.0,964.7267311559532,25.273268844046925,0.1088291557084552,0.006368278898827,989.8848025653928,0.1895704146730217,0.0,0.0,0.0,24.968500994766664,25.158071409439685,25.158071409439685,25.158071409439685,,0.9227572931143256,0.0,0.0,0.0,36.98466353749433,0.0,0.0,0.0,0.7532518032076237,0.0,0.0,0.0,0.97,0.96,0.96,0.96,35.8751236313695,0.0,0.0,0.0,35.8751236313695,861.002967152868,0.1397644297569514,6.088185680010001e-05,0.865
1941-11-29,1941-12-10,275.3297,0.9493451834369376,261.382924552137,0.855,1941,11,29,1941.11,1941,2,60,9,0.0225834846813046,4.700135563866695,0.0179818003487415,0.64,3,Normal,36,5,3,2,47,93.0,0.3557998295387871,168.382924552137,168.382924552137,,1,168.382924552137,0.0,0.0,0.0,0.0,0.0,0.0,0.0,0.0,0.0,36.0,5.0,3.0,2.0,47.0,212.382924552137,990.0,964.7455316982084,25.254468301791466,0.1104880326659897,0.0068382924552137,989.8826736748788,0.200651360434086,0.0,0.0,0.0,24.936490616236163,25.13714197667025,25.13714197667025,25.13714197667025,,0.924515261291998,0.0,0.0,0.0,38.07028835572918,0.0,0.0,0.0,0.7753622883040566,0.0,0.0,0.0,0.97,0.96,0.96,0.96,36.9281797050573,0.0,0.0,0.0,36.9281797050573,886.2763129213753,0.1412800004756675,6.091964326628074e-05,0.855
1941-11-30,1941-12-11,282.5805,0.9441063439037743,266.78604271350054,0.847,1941,11,30,1941.11,1941,2,61,9,0.0230503140904464,5.403118161363523,0.0202526268106382,0.64,3,Normal,36,5,3,2,47,93.0,0.3485939483718493,173.78604271350054,173.78604271350054,,1,173.78604271350054,0.0,0.0,0.0,0.0,0.0,0.0,0.0,0.0,0.0,36.0,5.0,3.0,2.0,47.0,217.7860427135005,990.0,964.767144170854,25.232855829145933,0.1123950219634107,0.00737860427135,989.8802263737653,0.2137379442209413,0.0,0.0,0.0,24.899344258690245,25.113082202911187,25.113082202911187,25.113082202911187,,0.926491635339558,0.0,0.0,0.0,39.31723841413353,0.0,0.0,0.0,0.8007584198397867,0.0,0.0,0.0,0.9700758419839788,0.96,0.96,0.96,38.14070315907541,0.0,0.0,0.0,38.14070315907541,915.37687581781,0.142963637719363,6.09636976651566e-05,0.845
1941-12-01,1941-12-12,282.5805,0.9441063439037743,266.78604271350054,0.847,1941,12,1,1941.12,1941,3,62,9,0.0230503140904464,0.0,0.0,0.77,4,Mod_Dry,31,5,3,2,36,77.0,0.2886207959637892,189.7860427135005,189.7860427135005,,1,189.7860427135005,0.0,0.0,0.0,0.0,0.0,0.0,0.0,0.0,0.0,31.0,5.0,3.0,2.0,36.0,228.7860427135005,990.0,964.767144170854,25.232855829145933,0.1162773879685876,0.00897860427135,989.87474400776,0.2548308736179114,0.0,0.0,0.0,24.85276896328813,25.107599836906047,25.107599836906047,25.107599836906047,,0.9320004123415068,0.0,0.0,0.0,43.11157177822101,0.0,0.0,0.0,0.8780360850961509,0.0,0.0,0.0,0.9778036085096152,0.96,0.96,0.96,42.15465045326579,0.0,0.0,0.0,42.15465045326579,1011.7116108783788,0.158009204771388,6.169908470868913e-05,0.845
1941-12-02,1941-12-13,282.5805,0.9441063439037743,266.78604271350054,0.847,1941,12,2,1941.12,1941,3,63,9,0.0230503140904464,0.0,0.0,0.77,4,Mod_Dry,31,5,3,2,36,77.0,0.2886207959637892,189.7860427135005,189.7860427135005,,1,189.7860427135005,0.0,0.0,0.0,0.0,0.0,0.0,0.0,0.0,0.0,31.0,5.0,3.0,2.0,36.0,228.7860427135005,990.0,964.767144170854,25.232855829145933,0.1162773879685876,0.00897860427135,989.87474400776,0.2548308736179114,0.0,0.0,0.0,24.85276896328813,25.107599836906047,25.107599836906047,25.107599836906047,,0.9320004123415068,0.0,0.0,0.0,43.11157177822101,0.0,0.0,0.0,0.8780360850961509,0.0,0.0,0.0,0.9778036085096152,0.96,0.96,0.96,42.15465045326579,0.0,0.0,0.0,42.15465045326579,1011.7116108783788,0.158009204771388,6.169908470868913e-05,0.845
1941-12-03,1941-12-14,286.2506,0.9441456049247084,270.26224589706084,0.836,1941,12,3,1941.12,1941,3,64,10,0.023350658045506,3.476203183560301,0.012862333664186,0.77,4,Mod_Dry,31,5,3,2,36,77.0,0.28490845898368,193.26224589706084,193.26224589706084,,1,193.26224589706084,0.0,0.0,0.0,0.0,0.0,0.0,0.0,0.0,0.0,31.0,5.0,3.0,2.0,36.0,232.26224589706084,990.0,964.7810489835882,25.21895101641178,0.1175042873383096,0.009326224589706,989.873169488072,0.2642733088400055,0.0,0.0,0.0,24.827847195643766,25.092120504483773,25.092120504483773,25.092120504483773,,0.9329851561620238,0.0,0.0,0.0,43.903538003400016,0.0,0.0,0.0,0.8941657434501021,0.0,0.0,0.0,0.9794165743450102,0.96,0.96,0.96,42.99985279291601,0.0,0.0,0.0,42.99985279291601,1031.9964670299842,0.1591041791656466,6.180412267355025e-05,0.835
1941-12-04,1941-12-15,293.6805,0.9321845933144058,273.7644374568714,0.8280000000000001,1941,12,4,1941.12,1941,3,65,10,0.0236532473962736,3.5021915598105693,0.0127927191433047,0.77,4,Mod_Dry,31,5,3,2,36,77.0,0.28126370508635,196.7644374568714,196.7644374568714,,1,196.7644374568714,0.0,0.0,0.0,0.0,0.0,0.0,0.0,0.0,0.0,31.0,5.0,3.0,2.0,36.0,235.7644374568714,990.0,964.7950577498276,25.204942250172508,0.1187403478327686,0.0096764437456871,989.8715832084216,0.2739404248792399,0.0,0.0,0.0,24.80258503371488,25.07652545859412,25.07652545859412,25.07652545859412,,0.9339805368400887,0.0,0.0,0.0,44.70129255380257,0.0,0.0,0.0,0.910413290301478,0.0,0.0,0.0,0.98,0.96,0.96,0.96,43.80726670272652,0.0,0.0,0.0,43.80726670272652,1051.3744008654364,0.1600181057469448,6.184392541903845e-05,0.83
1941-12-05,1941-12-16,301.2308,0.93390939438871,281.3222739992266,0.8160000000000001,1941,12,5,1941.12,1941,3,66,10,0.0243062444735331,7.557836542355176,0.0268654039899306,0.77,4,Mod_Dry,31,5,3,2,36,77.0,0.2737074420215005,204.32227399922655,204.32227399922655,,1,204.32227399922655,0.0,0.0,0.0,0.0,0.0,0.0,0.0,0.0,0.0,31.0,5.0,3.0,2.0,36.0,243.32227399922655,990.0,964.8252890959968,25.174710904003064,0.1214077428442509,0.0108644547998453,989.867727802356,0.295361703637788,0.0,0.0,0.0,24.74707700272122,25.042438706359007,25.042438706359007,25.042438706359007,,0.9361395897532624,0.0,0.0,0.0,46.42147489948593,0.0,0.0,0.0,0.9454475539610168,0.0,0.0,0.0,0.98,0.96,0.96,0.96,45.49304540149621,0.0,0.0,0.0,45.49304540149621,1091.8330896359091,0.1617114946313184,6.184816177221582e-05,0.815
1941-12-06,1941-12-17,312.7836,0.9288272938647332,290.5219447532691,0.797,1941,12,6,1941.12,1941,3,67,10,0.0251010960266824,9.199670754042527,0.0316660098150434,0.77,4,Mod_Dry,31,5,3,2,36,77.0,0.2650402194759972,213.5219447532691,213.5219447532691,,1,213.5219447532691,0.0,0.0,0.0,0.0,0.0,0.0,0.0,0.0,0.0,31.0,5.0,3.0,2.0,36.0,252.5219447532691,990.0,964.8620877790132,25.13791222098689,0.1246545920899433,0.0127043889506538,989.8626410189594,0.3225658342598073,0.0,0.0,0.0,24.677987405686466,25.00055323994627,25.00055323994627,25.00055323994627,,0.938436048494041,0.0,0.0,0.0,48.49485177308881,0.0,0.0,0.0,0.9876751888612793,0.0,0.0,0.0,0.98,0.96,0.96,0.96,47.52495473762704,0.0,0.0,0.0,47.52495473762704,1140.5989137030488,0.1635847329123052,6.18267894256119e-05,0.795
1941-12-07,1941-12-18,324.6118,0.9312809696570542,302.30479186612183,0.7809999999999999,1941,12,7,1941.12,1941,3,68,10,0.0261191340172329,11.78284711285272,0.038976713005829,0.77,4,Mod_Dry,31,5,3,2,36,77.0,0.2547098229064793,225.30479186612183,225.30479186612183,,2,112.65239593306092,112.65239593306092,0.0,0.0,0.0,0.0,0.0,0.0,0.0,0.0,31.0,5.0,3.0,2.0,36.0,264.30479186612183,990.0,964.9115239593306,25.088476040669438,0.1288131244204253,0.0150609583732243,989.8561259172064,0.0898438334928974,0.0898438334928974,0.0,0.0,24.85475812438298,24.85475812438298,24.944601957875875,24.944601957875875,,0.8955204436147073,0.8955204436147073,0.0,0.0,24.590319878597192,24.590319878597192,0.0,0.0,0.5008211787901669,0.5008211787901669,0.0,0.0,0.97,0.97,0.96,0.96,23.85261028223928,23.85261028223928,0.0,0.0,47.70522056447855,1144.9252935474851,0.1578050426193879,5.881566054162633e-05,0.78
1941-12-08,1941-12-19,332.6514,0.9289857410847936,309.0284073518941,0.77,1941,12,8,1941.12,1941,3,69,10,0.0267000543952036,6.723615485772258,0.0217572732014762,0.77,4,Mod_Dry,31,5,3,2,36,77.0,0.2491680317024034,232.0284073518941,232.0284073518941,,2,116.01420367594704,116.01420367594704,0.0,0.0,0.0,0.0,0.0,0.0,0.0,0.0,31.0,5.0,3.0,2.0,36.0,271.0284073518941,990.0,964.9451420367594,25.05485796324058,0.1311860969378073,0.0164056814703788,989.852408221592,0.0952835781020721,0.0952835781020721,0.0,0.0,24.81198260673038,24.81198260673038,24.90726618483245,24.90726618483245,,0.8983151832111484,0.8983151832111484,0.0,0.0,25.3594640598328,25.3594640598328,0.0,0.0,0.5164860297318288,0.5164860297318288,0.0,0.0,0.97,0.97,0.96,0.96,24.59868013803781,24.59868013803781,0.0,0.0,49.19736027607562,1180.736646625815,0.1592001224018672,5.8897673633967e-05,0.77
1941-12-09,1941-12-20,332.6514,0.9289857410847936,309.0284073518941,0.77,1941,12,9,1941.12,1941,3,70,10,0.0267000543952036,0.0,0.0,0.77,4,Mod_Dry,31,5,3,2,36,77.0,0.2491680317024034,232.0284073518941,232.0284073518941,,2,116.01420367594704,116.01420367594704,0.0,0.0,0.0,0.0,0.0,0.0,0.0,0.0,31.0,5.0,3.0,2.0,36.0,271.0284073518941,990.0,964.9451420367594,25.05485796324058,0.1311860969378073,0.0164056814703788,989.852408221592,0.0952835781020721,0.0952835781020721,0.0,0.0,24.81198260673038,24.81198260673038,24.90726618483245,24.90726618483245,,0.8983151832111484,0.8983151832111484,0.0,0.0,25.3594640598328,25.3594640598328,0.0,0.0,0.5164860297318288,0.5164860297318288,0.0,0.0,0.97,0.97,0.96,0.96,24.59868013803781,24.59868013803781,0.0,0.0,49.19736027607562,1180.736646625815,0.1592001224018672,5.8897673633967e-05,0.77
1941-12-10,1941-12-21,340.8154,0.928721014594374,316.52242407738737,0.763,1941,12,10,1941.12,1941,3,71,11,0.0273475374402862,7.494016725493282,0.0236761005080039,0.77,4,Mod_Dry,31,5,3,2,36,77.0,0.2432687043404358,239.52242407738737,239.52242407738737,,2,119.76121203869369,119.76121203869369,0.0,0.0,0.0,0.0,0.0,0.0,0.0,0.0,31.0,5.0,3.0,2.0,36.0,278.52242407738737,990.0,964.9826121203868,25.017387879613125,0.1338309679557926,0.0179044848154774,989.8482645472288,0.1015036119842315,0.1015036119842315,0.0,0.0,24.764148814857617,24.764148814857617,24.865652426841848,24.865652426841848,,0.9014165589718862,0.9014165589718862,0.0,0.0,26.21825716792933,26.21825716792933,0.0,0.0,0.5339767243977461,0.5339767243977461,0.0,0.0,0.97,0.97,0.96,0.96,25.43170945289145,25.43170945289145,0.0,0.0,50.86341890578291,1220.7220537387898,0.160694519682268,5.898707617147249e-05,0.765
1941-12-11,1941-12-22,349.1046,0.9270188758292952,323.62655383883583,0.7509999999999999,1941,12,11,1941.12,1941,3,72,11,0.0279613342516754,7.104129761448463,0.0219516281256274,0.72,4,Mod_Dry,31,5,3,2,36,77.0,0.2379285602081514,246.62655383883583,246.62655383883583,,2,123.31327691941792,123.31327691941792,0.0,0.0,0.0,0.0,0.0,0.0,0.0,0.0,31.0,5.0,3.0,2.0,36.0,285.62655383883583,990.0,965.0181327691942,24.981867230805847,0.1363382357672113,0.0193253107677671,989.8443364534652,0.1076651018397871,0.1076651018397871,0.0,0.0,24.718538582431133,24.718538582431133,24.82620368427092,24.82620368427092,,0.9043431303097444,0.9043431303097444,0.0,0.0,27.03364291093557,27.03364291093557,0.0,0.0,0.5505833586748587,0.5505833586748587,0.0,0.0,0.97,0.97,0.96,0.96,26.222633623607496,26.222633623607496,0.0,0.0,52.44526724721499,1258.68641393316,0.1620548951410595,5.906959151046224e-05,0.75
1941-12-12,1941-12-23,349.1046,0.9270188758292952,323.62655383883583,0.7509999999999999,1941,12,12,1941.12,1941,3,73,11,0.0279613342516754,0.0,0.0,0.72,4,Mod_Dry,31,5,3,2,36,77.0,0.2379285602081514,246.62655383883583,246.62655383883583,,2,123.31327691941792,123.31327691941792,0.0,0.0,0.0,0.0,0.0,0.0,0.0,0.0,31.0,5.0,3.0,2.0,36.0,285.62655383883583,990.0,965.0181327691942,24.981867230805847,0.1363382357672113,0.0193253107677671,989.8443364534652,0.1076651018397871,0.1076651018397871,0.0,0.0,24.718538582431133,24.718538582431133,24.82620368427092,24.82620368427092,,0.9043431303097444,0.9043431303097444,0.0,0.0,27.03364291093557,27.03364291093557,0.0,0.0,0.5505833586748587,0.5505833586748587,0.0,0.0,0.97,0.97,0.96,0.96,26.222633623607496,26.222633623607496,0.0,0.0,52.44526724721499,1258.68641393316,0.1620548951410595,5.906959151046224e-05,0.75
1941-12-13,1941-12-24,349.1046,0.9270188758292952,323.62655383883583,0.7509999999999999,1941,12,13,1941.12,1941,3,74,11,0.0279613342516754,0.0,0.0,0.72,4,Mod_Dry,31,5,3,2,36,77.0,0.2379285602081514,246.62655383883583,246.62655383883583,,2,123.31327691941792,123.31327691941792,0.0,0.0,0.0,0.0,0.0,0.0,0.0,0.0,31.0,5.0,3.0,2.0,36.0,285.62655383883583,990.0,965.0181327691942,24.981867230805847,0.1363382357672113,0.0193253107677671,989.8443364534652,0.1076651018397871,0.1076651018397871,0.0,0.0,24.718538582431133,24.718538582431133,24.82620368427092,24.82620368427092,,0.9043431303097444,0.9043431303097444,0.0,0.0,27.03364291093557,27.03364291093557,0.0,0.0,0.5505833586748587,0.5505833586748587,0.0,0.0,0.97,0.97,0.96,0.96,26.222633623607496,26.222633623607496,0.0,0.0,52.44526724721499,1258.68641393316,0.1620548951410595,5.906959151046224e-05,0.75
1941-12-14,1941-12-25,349.1046,0.9270188758292952,323.62655383883583,0.7509999999999999,1941,12,14,1941.12,1941,3,75,11,0.0279613342516754,0.0,0.0,0.72,4,Mod_Dry,31,5,3,2,36,77.0,0.2379285602081514,246.62655383883583,246.62655383883583,,2,123.31327691941792,123.31327691941792,0.0,0.0,0.0,0.0,0.0,0.0,0.0,0.0,31.0,5.0,3.0,2.0,36.0,285.62655383883583,990.0,965.0181327691942,24.981867230805847,0.1363382357672113,0.0193253107677671,989.8443364534652,0.1076651018397871,0.1076651018397871,0.0,0.0,24.718538582431133,24.718538582431133,24.82620368427092,24.82620368427092,,0.9043431303097444,0.9043431303097444,0.0,0.0,27.03364291093557,27.03364291093557,0.0,0.0,0.5505833586748587,0.5505833586748587,0.0,0.0,0.97,0.97,0.96,0.96,26.222633623607496,26.222633623607496,0.0,0.0,52.44526724721499,1258.68641393316,0.1620548951410595,5.906959151046224e-05,0.75
1941-12-15,1941-12-26,349.1046,0.9270188758292952,323.62655383883583,0.7509999999999999,1941,12,15,1941.12,1941,3,76,11,0.0279613342516754,0.0,0.0,0.72,4,Mod_Dry,31,5,3,2,36,77.0,0.2379285602081514,246.62655383883583,246.62655383883583,,2,123.31327691941792,123.31327691941792,0.0,0.0,0.0,0.0,0.0,0.0,0.0,0.0,31.0,5.0,3.0,2.0,36.0,285.62655383883583,990.0,965.0181327691942,24.981867230805847,0.1363382357672113,0.0193253107677671,989.8443364534652,0.1076651018397871,0.1076651018397871,0.0,0.0,24.718538582431133,24.718538582431133,24.82620368427092,24.82620368427092,,0.9043431303097444,0.9043431303097444,0.0,0.0,27.03364291093557,27.03364291093557,0.0,0.0,0.5505833586748587,0.5505833586748587,0.0,0.0,0.97,0.97,0.96,0.96,26.222633623607496,26.222633623607496,0.0,0.0,52.44526724721499,1258.68641393316,0.1620548951410595,5.906959151046224e-05,0.75
1941-12-16,1941-12-27,349.1046,0.9270188758292952,323.62655383883583,0.7509999999999999,1941,12,16,1941.12,1941,3,77,11,0.0279613342516754,0.0,0.0,0.72,4,Mod_Dry,31,5,3,2,36,77.0,0.2379285602081514,246.62655383883583,246.62655383883583,,2,123.31327691941792,123.31327691941792,0.0,0.0,0.0,0.0,0.0,0.0,0.0,0.0,31.0,5.0,3.0,2.0,36.0,285.62655383883583,990.0,965.0181327691942,24.981867230805847,0.1363382357672113,0.0193253107677671,989.8443364534652,0.1076651018397871,0.1076651018397871,0.0,0.0,24.718538582431133,24.718538582431133,24.82620368427092,24.82620368427092,,0.9043431303097444,0.9043431303097444,0.0,0.0,27.03364291093557,27.03364291093557,0.0,0.0,0.5505833586748587,0.5505833586748587,0.0,0.0,0.97,0.97,0.96,0.96,26.222633623607496,26.222633623607496,0.0,0.0,52.44526724721499,1258.68641393316,0.1620548951410595,5.906959151046224e-05,0.75
1941-12-17,1941-12-28,353.2963,0.921778111561846,325.6607962357874,0.746,1941,12,17,1941.12,1941,3,78,12,0.028137092794772,2.0342423969515835,0.0062465068576407,0.72,4,Mod_Dry,31,5,3,2,36,77.0,0.2364423378251826,248.66079623578744,248.66079623578744,,2,124.33039811789372,124.33039811789372,0.0,0.0,0.0,0.0,0.0,0.0,0.0,0.0,31.0,5.0,3.0,2.0,36.0,287.6607962357874,990.0,965.028303981179,24.971696018821035,0.1370561830251819,0.0197321592471574,989.8432116577276,0.109434892725135,0.109434892725135,0.0,0.0,24.70547278382359,24.70547278382359,24.814907676548728,24.814907676548728,,0.9051787784764258,0.9051787784764258,0.0,0.0,27.26738917430206,27.26738917430206,0.0,0.0,0.5553439750367019,0.5553439750367019,0.0,0.0,0.97,0.97,0.96,0.96,26.449367499073,26.449367499073,0.0,0.0,52.898734998146,1269.569639955504,0.1624350723500837,5.9092922074886256e-05,0.745
1941-12-18,1941-12-29,357.5196,0.9208048873506705,329.2057950036568,0.742,1941,12,18,1941.12,1941,3,79,12,0.0284433806883159,3.544998767869401,0.0107683364681658,0.72,4,Mod_Dry,31,5,3,2,36,77.0,0.2338962471761612,252.2057950036568,252.2057950036568,,2,126.1028975018284,126.1028975018284,0.0,0.0,0.0,0.0,0.0,0.0,0.0,0.0,31.0,5.0,3.0,2.0,36.0,291.2057950036568,990.0,965.0460289750184,24.953971024981684,0.1383073230804257,0.0204411590007313,989.8412515179187,0.1125852155032911,0.1125852155032911,0.0,0.0,24.682637327397256,24.682637327397256,24.795222542900547,24.795222542900547,,0.9062197820713832,0.9062197820713832,0.0,0.0,27.662336838174408,27.662336838174408,0.0,0.0,0.5633877156450999,0.5633877156450999,0.0,0.0,0.97,0.97,0.96,0.96,26.83246673302917,26.83246673302917,0.0,0.0,53.66493346605835,1287.9584031854004,0.1630133317229796,5.910619921551701e-05,0.74
1941-12-19,1941-12-30,357.5196,0.9208048873506705,329.2057950036568,0.742,1941,12,19,1941.12,1941,3,80,12,0.0284433806883159,0.0,0.0,0.72,4,Mod_Dry,31,5,3,2,36,77.0,0.2338962471761612,252.2057950036568,252.2057950036568,,2,126.1028975018284,126.1028975018284,0.0,0.0,0.0,0.0,0.0,0.0,0.0,0.0,31.0,5.0,3.0,2.0,36.0,291.2057950036568,990.0,965.0460289750184,24.953971024981684,0.1383073230804257,0.0204411590007313,989.8412515179187,0.1125852155032911,0.1125852155032911,0.0,0.0,24.682637327397256,24.682637327397256,24.795222542900547,24.795222542900547,,0.9062197820713832,0.9062197820713832,0.0,0.0,27.662336838174408,27.662336838174408,0.0,0.0,0.5633877156450999,0.5633877156450999,0.0,0.0,0.97,0.97,0.96,0.96,26.83246673302917,26.83246673302917,0.0,0.0,53.66493346605835,1287.9584031854004,0.1630133317229796,5.910619921551701e-05,0.74
1941-12-20,1941-12-31,361.7746,0.9166247913690906,331.6115672476363,0.736,1941,12,20,1941.12,1941,3,81,12,0.0286512394101957,2.40577224397947,0.0072547898854894,0.72,4,Mod_Dry,31,5,3,2,36,77.0,0.2321993790478937,254.6115672476363,254.6115672476363,,2,127.30578362381814,127.30578362381814,0.0,0.0,0.0,0.0,0.0,0.0,0.0,0.0,31.0,5.0,3.0,2.0,36.0,293.6115672476363,990.0,965.0580578362382,24.94194216376184,0.1391563947488047,0.0209223134495272,989.8399212918016,0.1147504105228726,0.1147504105228726,0.0,0.0,24.66711304504057,24.66711304504057,24.78186345556344,24.78186345556344,,0.9067565499905396,0.9067565499905396,0.0,0.0,27.925172178348728,27.925172178348728,0.0,0.0,0.5687407775631105,0.5687407775631105,0.0,0.0,0.97,0.97,0.96,0.96,27.087417012998262,27.087417012998262,0.0,0.0,54.17483402599653,1300.1960166239169,0.1633683483228454,5.910401153371387e-05,0.735
1941-12-21,1942-01-01,366.0613,0.9164389073302937,335.4728177879068,0.731,1941,12,21,1941.12,1941,3,82,12,0.0289848514568751,3.861250540270533,0.0115098760183655,0.85,4,Mod_Dry,31,5,3,2,36,77.0,0.229526792983511,258.4728177879068,258.4728177879068,,2,129.2364088939534,129.2364088939534,0.0,0.0,0.0,0.0,0.0,0.0,0.0,0.0,31.0,5.0,3.0,2.0,36.0,297.4728177879068,990.0,965.0773640889396,24.922635911060524,0.1405191498668178,0.0216945635575813,989.8377862865756,0.1182255360091161,0.1182255360091161,0.0,0.0,24.642196661626983,24.642196661626983,24.760422197636103,24.760422197636103,,0.9076197380260218,0.9076197380260218,0.0,0.0,28.346988815794177,28.346988815794177,0.0,0.0,0.5773317477758488,0.5773317477758488,0.0,0.0,0.97,0.97,0.96,0.96,27.49657915132035,27.49657915132035,0.0,0.0,54.9931583026407,1319.8357992633769,0.1639273150810345,5.910051755935087e-05,0.73
1941-12-22,1942-01-02,370.3799,0.9134433097017404,338.3210417029997,0.727,1941,12,22,1941.12,1941,3,83,12,0.0292309380031391,2.848223915092888,0.0084187016590982,0.85,4,Mod_Dry,31,5,3,2,36,77.0,0.2275944753906132,261.3210417029997,261.3210417029997,,2,130.66052085149985,130.66052085149985,0.0,0.0,0.0,0.0,0.0,0.0,0.0,0.0,31.0,5.0,3.0,2.0,36.0,300.3210417029997,990.0,965.0916052085148,24.90839479148508,0.1415243764578041,0.0222642083405999,989.8362114152015,0.1208417792008197,0.1208417792008197,0.0,0.0,24.623764427485806,24.623764427485806,24.744606206686623,24.744606206686623,,0.9082577158669616,0.9082577158669616,0.0,0.0,28.6580494829183,28.6580494829183,0.0,0.0,0.5836669955787841,0.5836669955787841,0.0,0.0,0.97,0.97,0.96,0.96,27.79830799843075,27.79830799843075,0.0,0.0,55.5966159968615,1334.3187839246762,0.1643309435233645,5.9097822138351606e-05,0.725
1941-12-23,1942-01-03,379.1131,0.9090149185803196,344.6194637292325,0.718,1941,12,23,1941.12,1941,3,84,12,0.0297751216662056,6.2984220262328,0.0182764547250919,0.85,4,Mod_Dry,31,5,3,2,36,77.0,0.2234348552654556,267.6194637292325,267.6194637292325,,2,133.80973186461625,133.80973186461625,0.0,0.0,0.0,0.0,0.0,0.0,0.0,0.0,31.0,5.0,3.0,2.0,36.0,306.6194637292325,990.0,965.1230973186462,24.87690268135384,0.1437472850109108,0.0235238927458465,989.8327288222432,0.1267622959054785,0.1267622959054785,0.0,0.0,24.582869207691573,24.582869207691573,24.70963150359705,24.70963150359705,,0.9096723407377582,0.9096723407377582,0.0,0.0,29.345665325950783,29.345665325950783,0.0,0.0,0.5976713915672257,0.5976713915672257,0.0,0.0,0.97,0.97,0.96,0.96,28.46529536617226,28.46529536617226,0.0,0.0,56.93059073234452,1366.3341775762683,0.1651984194864712,5.909156516809587e-05,0.72
1941-12-24,1942-01-04,387.9749,0.9026852126280548,350.2192051008483,0.7090000000000001,1941,12,24,1941.12,1941,3,85,13,0.0302589393207132,5.599741371615778,0.0159892469917613,0.85,4,Mod_Dry,31,5,3,2,36,77.0,0.2198623001780478,273.2192051008483,273.2192051008483,,2,136.60960255042414,136.60960255042414,0.0,0.0,0.0,0.0,0.0,0.0,0.0,0.0,31.0,5.0,3.0,2.0,36.0,312.2192051008483,990.0,965.1510960255042,24.848903974495784,0.1457236074831595,0.0246438410201696,989.8296325514966,0.1321226289478228,0.1321226289478228,0.0,0.0,24.546413897044577,24.546413897044577,24.6785365259924,24.6785365259924,,0.9109345726938114,0.9109345726938114,0.0,0.0,29.9567824409605,29.9567824409605,0.0,0.0,0.610117768655,0.610117768655,0.0,0.0,0.97,0.97,0.96,0.96,29.05807896773168,29.05807896773168,0.0,0.0,58.11615793546336,1394.7877904511206,0.1659422358597621,5.908580693782736e-05,0.71
1941-12-25,1942-01-05,410.6973,0.908236127635729,373.01012538244936,0.6880000000000001,1941,12,25,1941.12,1941,3,86,13,0.0322280748330436,22.790920281601075,0.0611000043450118,0.85,4,Mod_Dry,31,5,3,2,36,77.0,0.2064287126818648,296.01012538244936,296.01012538244936,,2,148.00506269122468,148.00506269122468,0.0,0.0,0.0,0.0,0.0,0.0,0.0,0.0,31.0,5.0,3.0,2.0,36.0,335.01012538244936,990.0,965.2650506269122,24.73494937308783,0.1537672303804721,0.0292020250764898,989.817030744543,0.1550505303977473,0.1550505303977473,0.0,0.0,24.39692958723307,24.39692958723307,24.55198011763082,24.55198011763082,,0.915915479356697,0.915915479356697,0.0,0.0,32.43439805271231,32.43439805271231,0.0,0.0,0.6605783717456682,0.6605783717456682,0.0,0.0,0.97,0.97,0.96,0.96,31.46136611113094,31.46136611113094,0.0,0.0,62.92273222226188,1510.145573334285,0.1686890728710027,5.904709072307427e-05,0.69
1941-12-26,1942-01-06,429.4657,0.9060885103777592,389.1339363713416,0.6629999999999999,1941,12,26,1941.12,1941,3,87,13,0.0336211721024839,16.123810988892277,0.0414351190730013,0.85,4,Mod_Dry,31,5,3,2,36,77.0,0.1978753143918053,312.1339363713416,312.1339363713416,,2,156.0669681856708,156.0669681856708,0.0,0.0,0.0,0.0,0.0,0.0,0.0,0.0,31.0,5.0,3.0,2.0,36.0,351.1339363713416,990.0,965.3456696818566,24.65433031814337,0.1594578235491426,0.0324267872742683,989.8081153891766,0.1723686693721891,0.1723686693721891,0.0,0.0,24.290077037947757,24.290077037947757,24.462445707319944,24.462445707319944,,0.9190723070831498,0.9190723070831498,0.0,0.0,34.16868505744549,34.16868505744549,0.0,0.0,0.6958998993369753,0.6958998993369753,0.0,0.0,0.97,0.97,0.96,0.96,33.14362450572212,33.14362450572212,0.0,0.0,66.28724901144425,1590.8939762746618,0.1703455875104859,5.899110151065192e-05,0.665
1941-12-27,1942-01-07,448.7655,0.9091709283658698,408.00454625357366,0.643,1941,12,27,1941.12,1941,3,88,13,0.0352515927963087,18.87060988223203,0.046250979444979,0.85,4,Mod_Dry,31,5,3,2,36,77.0,0.1887233872932011,331.00454625357366,331.00454625357366,,2,165.50227312678683,165.50227312678683,0.0,0.0,0.0,0.0,0.0,0.0,0.0,0.0,31.0,5.0,3.0,2.0,36.0,370.00454625357366,990.0,965.436020458141,24.563979541859,0.1661178472717261,0.0362009092507147,989.7976812434777,0.1937954100417526,0.1937954100417526,0.0,0.0,24.167865375294788,24.167865375294788,24.36166078533654,24.36166078533654,,0.9227677904653234,0.9227677904653234,0.0,0.0,36.197067073747725,36.197067073747725,0.0,0.0,0.7372111420315218,0.7372111420315218,0.0,0.0,0.97,0.97,0.96,0.96,35.11115506153529,35.11115506153529,0.0,0.0,70.22231012307059,1685.335442953694,0.1721115874023316,5.893030013390004e-05,0.645
1941-12-28,1942-01-08,473.647,0.9007401735700734,426.6328809909446,0.62,1941,12,28,1941.12,1941,3,89,13,0.0368610809176176,18.62833473737095,0.0436636170519785,0.85,4,Mod_Dry,31,5,3,2,36,77.0,0.1804830415816786,349.6328809909446,349.6328809909446,,2,174.8164404954723,174.8164404954723,0.0,0.0,0.0,0.0,0.0,0.0,0.0,0.0,31.0,5.0,3.0,2.0,36.0,388.6328809909446,990.0,965.5198479644592,24.480152035540755,0.1726923645786593,0.0399265761981889,989.7873810592232,0.2162521148089524,0.2162521148089524,0.0,0.0,24.051280979954896,24.051280979954896,24.26753309476385,24.26753309476385,,0.926020672364319,0.926020672364319,0.0,0.0,38.18386330055121,38.18386330055121,0.0,0.0,0.7776754236364808,0.7776754236364808,0.0,0.0,0.97,0.97,0.96,0.96,37.03834740153467,37.03834740153467,0.0,0.0,74.07669480306934,1777.840675273664,0.1736310024464374,5.885275895447658e-05,0.62
1941-12-29,1942-01-09,499.3804,0.8921883077628417,445.541354005931,0.598,1941,12,29,1941.12,1941,3,90,13,0.0384947729861124,18.908473014986388,0.0424393220628733,0.85,4,Mod_Dry,31,5,3,2,36,77.0,0.1728234636531067,368.541354005931,368.541354005931,,2,184.2706770029655,184.2706770029655,0.0,0.0,0.0,0.0,0.0,0.0,0.0,0.0,31.0,5.0,3.0,2.0,36.0,407.541354005931,990.0,965.6049360930268,24.39506390697329,0.1793657513755647,0.0437082708011862,989.7769259778232,0.240218346667651,0.240218346667651,0.0,0.0,23.931771538128867,23.931771538128867,24.17198988479652,24.17198988479652,,0.9293110045971608,0.9293110045971608,0.0,0.0,40.19118943872147,40.19118943872147,0.0,0.0,0.818557829709195,0.818557829709195,0.0,0.0,0.9718557829709196,0.9718557829709196,0.96,0.96,39.06003988050121,39.06003988050121,0.0,0.0,78.12007976100242,1874.881914264058,0.1753374385084857,5.888083364312159e-05,0.6
1941-12-30,1942-01-10,515.2343,0.8913623235036077,459.2604427967548,0.585,1941,12,30,1941.12,1941,3,91,13,0.0396801022576396,13.719088790823832,0.029872132481689,0.85,4,Mod_Dry,31,5,3,2,36,77.0,0.1676608582509168,382.2604427967548,382.2604427967548,,2,191.1302213983774,191.1302213983774,0.0,0.0,0.0,0.0,0.0,0.0,0.0,0.0,31.0,5.0,3.0,2.0,36.0,421.2604427967548,990.0,965.6666719925854,24.333328007414597,0.1842076434696378,0.0464520885593509,989.769340267971,0.2584742022035865,0.2584742022035865,0.0,0.0,23.844194073181967,23.844194073181967,24.102668275385557,24.102668275385557,,0.9313817039252162,0.9313817039252162,0.0,0.0,41.62731627944465,41.62731627944465,0.0,0.0,0.8478068488685264,0.8478068488685264,0.0,0.0,0.9747806848868528,0.9747806848868528,0.96,0.96,40.57750387287869,40.57750387287869,0.0,0.0,81.15500774575737,1947.720185898177,0.1767080292209543,5.897303299871081e-05,0.585
1941-12-31,1942-01-11,504.6303,0.897830776149602,453.0726139176065,0.595,1941,12,31,1941.12,1941,3,92,14,0.0391454738424812,6.187828879148299,0.0136574771660632,0.85,4,Mod_Dry,31,5,3,2,36,77.0,0.1699506825941213,376.0726139176065,376.0726139176065,,2,188.03630695880324,188.03630695880324,0.0,0.0,0.0,0.0,0.0,0.0,0.0,0.0,31.0,5.0,3.0,2.0,36.0,415.0726139176065,990.0,965.6388267626292,24.36117323737085,0.1820237666694916,0.0452145227835212,989.7727617105468,0.2501765765104166,0.2501765765104166,0.0,0.0,23.88375837140732,23.88375837140732,24.133934947917737,24.133934947917737,,0.930465312739355,0.930465312739355,0.0,0.0,40.98106767717572,40.98106767717572,0.0,0.0,0.8346449628752692,0.8346449628752692,0.0,0.0,0.9734644962875268,0.9734644962875268,0.96,0.96,39.89361440368691,39.89361440368691,0.0,0.0,79.78722880737382,1914.893491376972,0.1761025194559288,5.893308444420551e-05,0.595
1942-01-01,1942-01-12,468.6029,0.9015518661337044,422.4698189706656,0.626,1942,1,1,1942.01,1941,4,93,14,0.0365013923590655,30.602794946940943,0.072437825313779,0.7000000000000001,4,Mod_Dry,34,5,4,3,45,91.0,0.2154000023521647,331.4698189706656,331.4698189706656,,2,165.7349094853328,165.7349094853328,0.0,0.0,0.0,0.0,0.0,0.0,0.0,0.0,34.0,5.0,4.0,3.0,45.0,374.4698189706656,990.0,965.501114185368,24.49888581463199,0.167693780556831,0.0362939637941331,989.796012255649,0.194349084575092,0.194349084575092,0.0,0.0,24.100548985705878,24.100548985705878,24.294898070280965,24.294898070280965,,0.922792712099188,0.922792712099188,0.0,0.0,36.14795944401776,36.14795944401776,0.0,0.0,0.7362109866398728,0.7362109866398728,0.0,0.0,0.97,0.97,0.96,0.96,35.06352066069722,35.06352066069722,0.0,0.0,70.12704132139444,1683.0489917134666,0.165993020500865,5.87677447101489e-05,0.625
1942-01-02,1942-01-13,463.5928,0.9065907191323836,420.28892993659525,0.63,1942,1,2,1942.01,1941,4,94,14,0.0363129635465218,2.180889034070333,0.0051890232616865,0.7000000000000001,4,Mod_Dry,34,5,4,3,45,91.0,0.2165177179749375,329.28892993659525,329.28892993659525,,2,164.64446496829763,164.64446496829763,0.0,0.0,0.0,0.0,0.0,0.0,0.0,0.0,34.0,5.0,4.0,3.0,45.0,372.28892993659525,990.0,965.4913001847146,24.508699815285357,0.1669240771506413,0.035857785987319,989.797218136862,0.1917822694270845,0.1917822694270845,0.0,0.0,24.114135682720327,24.114135682720327,24.30591795214741,24.30591795214741,,0.9223946252537512,0.9223946252537512,0.0,0.0,35.91486998079725,35.91486998079725,0.0,0.0,0.7314637470630804,0.7314637470630804,0.0,0.0,0.97,0.97,0.96,0.96,34.83742388137333,34.83742388137333,0.0,0.0,69.67484776274667,1672.19634630592,0.1657784509652866,5.877550873716705e-05,0.63
1942-01-03,1942-01-14,468.6029,0.9015518661337044,422.4698189706656,0.626,1942,1,3,1942.01,1941,4,95,14,0.0365013923590655,2.180889034070333,0.0051622362974567,0.7000000000000001,4,Mod_Dry,34,5,4,3,45,91.0,0.2154000023521647,331.4698189706656,331.4698189706656,,2,165.7349094853328,165.7349094853328,0.0,0.0,0.0,0.0,0.0,0.0,0.0,0.0,34.0,5.0,4.0,3.0,45.0,374.4698189706656,990.0,965.501114185368,24.49888581463199,0.167693780556831,0.0362939637941331,989.796012255649,0.194349084575092,0.194349084575092,0.0,0.0,24.100548985705878,24.100548985705878,24.294898070280965,24.294898070280965,,0.922792712099188,0.922792712099188,0.0,0.0,36.14795944401776,36.14795944401776,0.0,0.0,0.7362109866398728,0.7362109866398728,0.0,0.0,0.97,0.97,0.96,0.96,35.06352066069722,35.06352066069722,0.0,0.0,70.12704132139444,1683.0489917134666,0.165993020500865,5.87677447101489e-05,0.625
1942-01-04,1942-01-15,473.647,0.9007401735700734,426.6328809909446,0.62,1942,1,4,1942.01,1941,4,96,14,0.0368610809176176,4.163062020279028,0.0097579492949756,0.7000000000000001,4,Mod_Dry,34,5,4,3,45,91.0,0.2132981400510747,335.6328809909446,335.6328809909446,,2,167.8164404954723,167.8164404954723,0.0,0.0,0.0,0.0,0.0,0.0,0.0,0.0,34.0,5.0,4.0,3.0,45.0,378.6328809909446,990.0,965.5198479644592,24.480152035540755,0.1691630543103916,0.0371265761981889,989.7937103694916,0.1993031283792241,0.1993031283792241,0.0,0.0,24.074559276652995,24.074559276652995,24.27386240503222,24.27386240503222,,0.9235203168135352,0.9235203168135352,0.0,0.0,36.59131389672228,36.59131389672228,0.0,0.0,0.7452406088945474,0.7452406088945474,0.0,0.0,0.97,0.97,0.96,0.96,35.49357447982061,35.49357447982061,0.0,0.0,70.98714895964122,1703.6915750313892,0.1663893059408797,5.875065765478811e-05,0.62
1942-01-05,1942-01-16,483.8375,0.9000891520783358,435.49688511870175,0.611,1942,1,5,1942.01,1941,4,97,14,0.0376269308742558,8.86400412775714,0.020353771589758,0.7000000000000001,4,Mod_Dry,34,5,4,3,45,91.0,0.2089567184279549,344.4968851187017,344.4968851187017,,2,172.24844255935088,172.24844255935088,0.0,0.0,0.0,0.0,0.0,0.0,0.0,0.0,34.0,5.0,4.0,3.0,45.0,387.49688511870175,990.0,965.559735983034,24.440264016965894,0.1722914363889977,0.0388993770237403,989.7888091865872,0.2099861998448161,0.2099861998448161,0.0,0.0,24.019087003708368,24.019087003708368,24.229073203553185,24.229073203553185,,0.925064357708013,0.925064357708013,0.0,0.0,37.5337923222212,37.5337923222212,0.0,0.0,0.764435688843609,0.764435688843609,0.0,0.0,0.97,0.97,0.96,0.96,36.40777855255457,36.40777855255457,0.0,0.0,72.81555710510914,1747.5733705226194,0.1672010973976589,5.87132845434545e-05,0.61
1942-01-06,1942-01-17,488.9841,0.8998924733267547,440.0331111664572,0.609,1942,1,6,1942.01,1941,4,98,14,0.0380188608047818,4.536226047755463,0.0103088288872868,0.7000000000000001,4,Mod_Dry,34,5,4,3,45,91.0,0.2068026193728321,349.0331111664572,349.0331111664572,,2,174.5165555832286,174.5165555832286,0.0,0.0,0.0,0.0,0.0,0.0,0.0,0.0,34.0,5.0,4.0,3.0,45.0,392.0331111664572,990.0,965.580149000249,24.41985099975102,0.1738924113059503,0.0398066222332914,989.7863009664608,0.2155203956230778,0.2155203956230778,0.0,0.0,23.990631570588715,23.990631570588715,24.20615196621179,24.20615196621179,,0.9258530821888278,0.9258530821888278,0.0,0.0,38.01535847930239,38.01535847930239,0.0,0.0,0.7742435535499469,0.7742435535499469,0.0,0.0,0.97,0.97,0.96,0.96,36.87489772492332,36.87489772492332,0.0,0.0,73.74979544984664,1769.9950907963191,0.1676005590905369,5.869372743222081e-05,0.61
1942-01-07,1942-01-18,488.9841,0.8998924733267547,440.0331111664572,0.609,1942,1,7,1942.01,1941,4,99,15,0.0380188608047818,0.0,0.0,0.7000000000000001,4,Mod_Dry,34,5,4,3,45,91.0,0.2068026193728321,349.0331111664572,349.0331111664572,,2,174.5165555832286,174.5165555832286,0.0,0.0,0.0,0.0,0.0,0.0,0.0,0.0,34.0,5.0,4.0,3.0,45.0,392.0331111664572,990.0,965.580149000249,24.41985099975102,0.1738924113059503,0.0398066222332914,989.7863009664608,0.2155203956230778,0.2155203956230778,0.0,0.0,23.990631570588715,23.990631570588715,24.20615196621179,24.20615196621179,,0.9258530821888278,0.9258530821888278,0.0,0.0,38.01535847930239,38.01535847930239,0.0,0.0,0.7742435535499469,0.7742435535499469,0.0,0.0,0.97,0.97,0.96,0.96,36.87489772492332,36.87489772492332,0.0,0.0,73.74979544984664,1769.9950907963191,0.1676005590905369,5.869372743222081e-05,0.61
1942-01-08,1942-01-19,494.165,0.8960553284209241,442.799181369126,0.602,1942,1,8,1942.01,1941,4,100,15,0.0382578492702924,2.766070202668743,0.0062467825575379,0.7000000000000001,4,Mod_Dry,34,5,4,3,45,91.0,0.2055107683772807,351.799181369126,351.799181369126,,2,175.899590684563,175.899590684563,0.0,0.0,0.0,0.0,0.0,0.0,0.0,0.0,34.0,5.0,4.0,3.0,45.0,394.799181369126,990.0,965.592596316161,24.407403683838996,0.1748686433028531,0.0403598362738252,989.7847715204232,0.2189489767114075,0.2189489767114075,0.0,0.0,23.97322622755089,23.97322622755089,24.1921752042623,24.1921752042623,,0.9263353278369588,0.9263353278369588,0.0,0.0,38.30877274436688,38.30877274436688,0.0,0.0,0.7802194041622582,0.7802194041622582,0.0,0.0,0.97,0.97,0.96,0.96,37.15950956203587,37.15950956203587,0.0,0.0,74.31901912407174,1783.6564589777215,0.1678391068707012,5.868169419430193e-05,0.6
1942-01-09,1942-01-20,504.6303,0.897830776149602,453.0726139176065,0.595,1942,1,9,1942.01,1941,4,101,15,0.0391454738424812,10.27343254848057,0.0226750243402459,0.7000000000000001,4,Mod_Dry,34,5,4,3,45,91.0,0.2008508067021433,362.0726139176065,362.0726139176065,,2,181.03630695880324,181.03630695880324,0.0,0.0,0.0,0.0,0.0,0.0,0.0,0.0,34.0,5.0,4.0,3.0,45.0,405.0726139176065,990.0,965.6388267626292,24.36117323737085,0.1784944564012239,0.0424145227835213,989.7790910208151,0.2318736719537123,0.2318736719537123,0.0,0.0,23.9083905862324,23.9083905862324,24.140264258186107,24.140264258186107,,0.9281277456476772,0.9281277456476772,0.0,0.0,39.39693891714087,39.39693891714087,0.0,0.0,0.8023816480069423,0.8023816480069423,0.0,0.0,0.9702381648006942,0.9702381648006942,0.96,0.96,38.22441371373181,38.22441371373181,0.0,0.0,76.44882742746363,1834.771858259127,0.1687341611015276,5.865062581438459e-05,0.595
1942-01-10,1942-01-21,509.9149,0.8935905892579125,455.65515596238953,0.59,1942,1,10,1942.01,1941,4,102,15,0.0393686054751504,2.582542044782997,0.0056677555624898,0.7000000000000001,4,Mod_Dry,34,5,4,3,45,91.0,0.1997124334252266,364.65515596238953,364.65515596238953,,2,182.3275779811948,182.3275779811948,0.0,0.0,0.0,0.0,0.0,0.0,0.0,0.0,34.0,5.0,4.0,3.0,45.0,407.65515596238953,990.0,965.6504482018308,24.349551798169276,0.1794059156169125,0.0429310311924779,989.7776630531906,0.2352051511914825,0.2352051511914825,0.0,0.0,23.89200970016841,23.89200970016841,24.12721485135989,24.12721485135989,,0.9285786222505864,0.9285786222505864,0.0,0.0,39.67002059028324,39.67002059028324,0.0,0.0,0.807943392877459,0.807943392877459,0.0,0.0,0.9707943392877458,0.9707943392877458,0.96,0.96,38.51143142847529,38.51143142847529,0.0,0.0,77.02286285695058,1848.548708566814,0.1690376194564737,5.867252754460703e-05,0.59
1942-01-11,1942-01-22,515.2343,0.8913623235036077,459.2604427967548,0.585,1942,1,11,1942.01,1941,4,103,15,0.0396801022576396,3.6052868343653017,0.0078502011024729,0.84,4,Mod_Dry,34,5,4,3,45,91.0,0.1981446506601744,368.2604427967548,368.2604427967548,,2,184.1302213983774,184.1302213983774,0.0,0.0,0.0,0.0,0.0,0.0,0.0,0.0,34.0,5.0,4.0,3.0,45.0,411.2604427967548,990.0,965.6666719925854,24.333328007414597,0.1806783332013701,0.0436520885593509,989.7756695782392,0.2398559712078136,0.2398559712078136,0.0,0.0,23.869141614446,23.869141614446,24.10899758565381,24.10899758565381,,0.9292083037703244,0.9292083037703244,0.0,0.0,40.05102711748388,40.05102711748388,0.0,0.0,0.8157031999487551,0.8157031999487551,0.0,0.0,0.9715703199948756,0.9715703199948756,0.96,0.96,38.91238923265725,38.91238923265725,0.0,0.0,77.8247784653145,1867.794683167548,0.1694567422166506,5.870300337979559e-05,0.585
1942-01-12,1942-01-23,520.5884,0.8885427859104034,462.56506724863937,0.581,1942,1,12,1942.01,1941,4,104,15,0.0399656218102824,3.304624451884536,0.0071441288715133,0.84,4,Mod_Dry,34,5,4,3,45,91.0,0.1967290797406571,371.56506724863937,371.56506724863937,,2,185.78253362431968,185.78253362431968,0.0,0.0,0.0,0.0,0.0,0.0,0.0,0.0,34.0,5.0,4.0,3.0,45.0,414.56506724863937,990.0,965.6815428026188,24.31845719738112,0.1818446377024506,0.0443130134497278,989.773842348848,0.2441815394406903,0.2441815394406903,0.0,0.0,23.84811800678833,23.84811800678833,24.09229954622901,24.09229954622901,,0.9297440569155336,0.9297440569155336,0.0,0.0,40.39811524560857,40.39811524560857,0.0,0.0,0.8227722045948792,0.8227722045948792,0.0,0.0,0.972277220459488,0.972277220459488,0.96,0.96,39.278167202802365,39.278167202802365,0.0,0.0,78.55633440560473,1885.3520257345133,0.1698276414880652,5.872781357821999e-05,0.58
1942-01-13,1942-01-24,525.9775,0.8881694527338079,467.1571483252964,0.58,1942,1,13,1942.01,1941,4,105,15,0.0403623776153056,4.592081076657053,0.009829842255693,0.84,4,Mod_Dry,34,5,4,3,45,91.0,0.1947952639196988,376.1571483252964,376.1571483252964,,2,188.0785741626482,188.0785741626482,0.0,0.0,0.0,0.0,0.0,0.0,0.0,0.0,34.0,5.0,4.0,3.0,45.0,419.1571483252964,990.0,965.7022071674638,24.29779283253617,0.1834653255921069,0.0452314296650592,989.7713032447429,0.2502890072726442,0.2502890072726442,0.0,0.0,23.818807070006383,23.818807070006383,24.069096077279028,24.069096077279028,,0.9304241743201656,0.9304241743201656,0.0,0.0,40.87700005481485,40.87700005481485,0.0,0.0,0.8325254593648646,0.8325254593648646,0.0,0.0,0.9732525459364864,0.9732525459364864,0.96,0.96,39.78364437359445,39.78364437359445,0.0,0.0,79.5672887471889,1909.6149299325332,0.170322318800918,5.875742292921504e-05,0.58
1942-01-14,1942-01-25,531.4016,0.8847902403509693,470.1789493868897,0.5740000000000001,1942,1,14,1942.01,1941,4,106,16,0.0406234612270272,3.021801061593294,0.0064269169547758,0.84,4,Mod_Dry,34,5,4,3,45,91.0,0.1935433309353032,379.1789493868897,379.1789493868897,,2,189.58947469344488,189.58947469344488,0.0,0.0,0.0,0.0,0.0,0.0,0.0,0.0,34.0,5.0,4.0,3.0,45.0,422.1789493868897,990.0,965.715805272241,24.28419472775897,0.1845318129436413,0.0458357898773779,989.769632397179,0.2543080026845633,0.2543080026845633,0.0,0.0,23.79951912225336,23.79951912225336,24.053827124937925,24.053827124937925,,0.9308716495004428,0.9308716495004428,0.0,0.0,41.19181311928044,41.19181311928044,0.0,0.0,0.8389371307389091,0.8389371307389091,0.0,0.0,0.9738937130738908,0.9738937130738908,0.96,0.96,40.11644782698183,40.11644782698183,0.0,0.0,80.23289565396367,1925.589495695128,0.1706433173126675,5.877677412069155e-05,0.575
1942-01-15,1942-01-26,536.8608,0.8801028281077824,472.4927083802066,0.5690000000000001,1942,1,15,1942.01,1941,4,107,16,0.0408233700040498,2.313758993316867,0.0048969199995675,0.84,4,Mod_Dry,34,5,4,3,45,91.0,0.1925955647272632,381.4927083802066,381.4927083802066,,2,190.7463541901033,190.7463541901033,0.0,0.0,0.0,0.0,0.0,0.0,0.0,0.0,34.0,5.0,4.0,3.0,45.0,424.4927083802066,990.0,965.7262171877107,24.27378281228914,0.1853484102809823,0.0462985416760413,989.768353048043,0.2574300833970809,0.2574300833970809,0.0,0.0,23.784705776935027,23.784705776935027,24.04213586033211,24.04213586033211,,0.9312141993743568,0.9312141993743568,0.0,0.0,41.43261251305225,41.43261251305225,0.0,0.0,0.8438413953778462,0.8438413953778462,0.0,0.0,0.9743841395377846,0.9743841395377846,0.96,0.96,40.37128049233287,40.37128049233287,0.0,0.0,80.74256098466573,1937.8214636319776,0.1708863640699691,5.879139671538433e-05,0.57
1942-01-16,1942-01-27,536.8608,0.8801028281077824,472.4927083802066,0.5690000000000001,1942,1,16,1942.01,1941,4,108,16,0.0408233700040498,0.0,0.0,0.84,4,Mod_Dry,34,5,4,3,45,91.0,0.1925955647272632,381.4927083802066,381.4927083802066,,2,190.7463541901033,190.7463541901033,0.0,0.0,0.0,0.0,0.0,0.0,0.0,0.0,34.0,5.0,4.0,3.0,45.0,424.4927083802066,990.0,965.7262171877107,24.27378281228914,0.1853484102809823,0.0462985416760413,989.768353048043,0.2574300833970809,0.2574300833970809,0.0,0.0,23.784705776935027,23.784705776935027,24.04213586033211,24.04213586033211,,0.9312141993743568,0.9312141993743568,0.0,0.0,41.43261251305225,41.43261251305225,0.0,0.0,0.8438413953778462,0.8438413953778462,0.0,0.0,0.9743841395377846,0.9743841395377846,0.96,0.96,40.37128049233287,40.37128049233287,0.0,0.0,80.74256098466573,1937.8214636319776,0.1708863640699691,5.879139671538433e-05,0.57
1942-01-17,1942-01-28,536.8608,0.8801028281077824,472.4927083802066,0.5690000000000001,1942,1,17,1942.01,1941,4,109,16,0.0408233700040498,0.0,0.0,0.84,4,Mod_Dry,34,5,4,3,45,91.0,0.1925955647272632,381.4927083802066,381.4927083802066,,2,190.7463541901033,190.7463541901033,0.0,0.0,0.0,0.0,0.0,0.0,0.0,0.0,34.0,5.0,4.0,3.0,45.0,424.4927083802066,990.0,965.7262171877107,24.27378281228914,0.1853484102809823,0.0462985416760413,989.768353048043,0.2574300833970809,0.2574300833970809,0.0,0.0,23.784705776935027,23.784705776935027,24.04213586033211,24.04213586033211,,0.9312141993743568,0.9312141993743568,0.0,0.0,41.43261251305225,41.43261251305225,0.0,0.0,0.8438413953778462,0.8438413953778462,0.0,0.0,0.9743841395377846,0.9743841395377846,0.96,0.96,40.37128049233287,40.37128049233287,0.0,0.0,80.74256098466573,1937.8214636319776,0.1708863640699691,5.879139671538433e-05,0.57
1942-01-18,1942-01-29,542.3552,0.8801399653154843,477.3484869166725,0.5650000000000001,1942,1,18,1942.01,1941,4,110,16,0.0412429092696005,4.855778536465948,0.0101723974612987,0.84,4,Mod_Dry,34,5,4,3,45,91.0,0.1906364060935742,386.3484869166725,386.3484869166725,,2,193.17424345833624,193.17424345833624,0.0,0.0,0.0,0.0,0.0,0.0,0.0,0.0,34.0,5.0,4.0,3.0,45.0,429.3484869166725,990.0,965.748068191125,24.25193180887504,0.1870621651859006,0.0472696973833345,989.7656681374308,0.2640339422066746,0.2640339422066746,0.0,0.0,23.753566004099163,23.753566004099163,24.01759994630584,24.01759994630584,,0.9319329381136324,0.9319329381136324,0.0,0.0,41.9373900133408,41.9373900133408,0.0,0.0,0.8541219961983868,0.8541219961983868,0.0,0.0,0.9754121996198386,0.9754121996198386,0.96,0.96,40.9062418392278,40.9062418392278,0.0,0.0,81.81248367845559,1963.4996082829343,0.1713894270554942,5.882173912999839e-05,0.565
1942-01-19,1942-01-30,542.3552,0.8801399653154843,477.3484869166725,0.5650000000000001,1942,1,19,1942.01,1941,4,111,16,0.0412429092696005,0.0,0.0,0.84,4,Mod_Dry,34,5,4,3,45,91.0,0.1906364060935742,386.3484869166725,386.3484869166725,,2,193.17424345833624,193.17424345833624,0.0,0.0,0.0,0.0,0.0,0.0,0.0,0.0,34.0,5.0,4.0,3.0,45.0,429.3484869166725,990.0,965.748068191125,24.25193180887504,0.1870621651859006,0.0472696973833345,989.7656681374308,0.2640339422066746,0.2640339422066746,0.0,0.0,23.753566004099163,23.753566004099163,24.01759994630584,24.01759994630584,,0.9319329381136324,0.9319329381136324,0.0,0.0,41.9373900133408,41.9373900133408,0.0,0.0,0.8541219961983868,0.8541219961983868,0.0,0.0,0.9754121996198386,0.9754121996198386,0.96,0.96,40.9062418392278,40.9062418392278,0.0,0.0,81.81248367845559,1963.4996082829343,0.1713894270554942,5.882173912999839e-05,0.565
1942-01-20,1942-01-31,547.8849,0.8752989863551575,479.5630976092969,0.5630000000000001,1942,1,20,1942.01,1941,4,112,16,0.0414342516334432,2.2146106926243188,0.0046179756191928,0.84,4,Mod_Dry,34,5,4,3,45,91.0,0.1897560518181035,388.5630976092969,388.5630976092969,,2,194.28154880464845,194.28154880464845,0.0,0.0,0.0,0.0,0.0,0.0,0.0,0.0,34.0,5.0,4.0,3.0,45.0,431.5630976092969,990.0,965.7580339392418,24.24196606075816,0.1878437700116701,0.0477126195218593,989.7644436104664,0.2670458127486438,0.2670458127486438,0.0,0.0,23.73936385847603,23.73936385847603,24.006409671224677,24.006409671224677,,0.9322606883784944,0.9322606883784944,0.0,0.0,42.16738845410196,42.16738845410196,0.0,0.0,0.858806282160936,0.858806282160936,0.0,0.0,0.9758806282160936,0.9758806282160936,0.96,0.96,41.15033753482107,41.15033753482107,0.0,0.0,82.30067506964214,1975.2162016714117,0.1716159468481309,5.883548584802399e-05,0.565
1942-01-21,1942-02-01,553.45,0.8781733244038457,486.0250263913084,0.5579999999999999,1942,1,21,1942.01,1941,4,113,17,0.041992562280209,6.461928782011513,0.0132954651121378,0.92,5,Dry,29,5,4,2,33,73.0,0.1501980269247004,413.0250263913084,413.0250263913084,,2,206.5125131956542,206.5125131956542,0.0,0.0,0.0,0.0,0.0,0.0,0.0,0.0,29.0,5.0,4.0,2.0,33.0,451.0250263913084,990.0,965.7871126187608,24.21288738123917,0.1947124885207349,0.0526050052782616,989.752682506201,0.3017467887952234,0.3017467887952234,0.0,0.0,23.663823098644983,23.663823098644983,23.96556988744021,23.96556988744021,,0.9358630180641372,0.9358630180641372,0.0,0.0,44.85204687477299,44.85204687477299,0.0,0.0,0.9134836430707328,0.9134836430707328,0.0,0.0,0.98,0.98,0.96,0.96,43.95500593727753,43.95500593727753,0.0,0.0,87.91001187455505,2109.8402849893214,0.1808754839792487,5.9123409436687445e-05,0.56
1942-01-22,1942-02-02,564.6867,0.8760275090430032,494.6810831907137,0.5529999999999999,1942,1,22,1942.01,1941,4,114,17,0.0427404455876776,8.656056799405293,0.0174982571469548,0.92,5,Dry,29,5,4,2,33,73.0,0.1475698232266068,421.6810831907137,421.6810831907137,,2,210.84054159535685,210.84054159535685,0.0,0.0,0.0,0.0,0.0,0.0,0.0,0.0,29.0,5.0,4.0,2.0,33.0,459.6810831907137,990.0,965.8260648743582,24.173935125641837,0.1977674795352198,0.0543362166381427,989.7478963038268,0.3145216247860705,0.3145216247860705,0.0,0.0,23.60730980468244,23.60730980468244,23.92183142946851,23.92183142946851,,0.9368899087456396,0.9368899087456396,0.0,0.0,45.732809610775455,45.732809610775455,0.0,0.0,0.9314217843335124,0.9314217843335124,0.0,0.0,0.98,0.98,0.96,0.96,44.818153418559945,44.818153418559945,0.0,0.0,89.63630683711989,2151.2713640908773,0.1812001911594475,5.904693170729959e-05,0.555
1942-01-23,1942-02-03,570.3586,0.8854392210789449,505.01787451967766,0.547,1942,1,23,1942.01,1941,4,115,17,0.0436335443585001,10.336791328964011,0.0204681692480594,0.92,5,Dry,29,5,4,2,33,73.0,0.1445493391088984,432.01787451967766,432.01787451967766,,2,216.00893725983883,216.00893725983883,0.0,0.0,0.0,0.0,0.0,0.0,0.0,0.0,29.0,5.0,4.0,2.0,33.0,470.01787451967766,990.0,965.8725804353384,24.127419564661523,0.2014156539130451,0.0564035749039355,989.742180771183,0.3301075267603036,0.3301075267603036,0.0,0.0,23.539492809084248,23.539492809084248,23.869600335844552,23.869600335844552,,0.9380985063477923,0.9380985063477923,0.0,0.0,46.779541983074886,46.779541983074886,0.0,0.0,0.9527401625880833,0.9527401625880833,0.0,0.0,0.98,0.98,0.96,0.96,45.843951143413385,45.843951143413385,0.0,0.0,91.68790228682676,2200.5096548838424,0.1815537764361927,5.895325922488122e-05,0.545
1942-01-24,1942-02-04,576.0661,0.8889914195501405,512.1178199937132,0.544,1942,1,24,1942.01,1941,4,116,17,0.0442469796474568,7.099945474035508,0.0138638906846136,0.92,5,Dry,29,5,4,2,33,73.0,0.1425453228729595,439.1178199937132,439.1178199937132,,2,219.55890999685656,219.55890999685656,0.0,0.0,0.0,0.0,0.0,0.0,0.0,0.0,29.0,5.0,4.0,2.0,33.0,477.1178199937132,990.0,965.9045301899716,24.09546981002836,0.2039214449596106,0.0578235639987426,989.7382549910416,0.3410414427903183,0.3410414427903183,0.0,0.0,23.492683358279617,23.492683358279617,23.83372480106993,23.83372480106993,,0.9389173966109008,0.9389173966109008,0.0,0.0,47.49520610339962,47.49520610339962,0.0,0.0,0.9673158065865504,0.9673158065865504,0.0,0.0,0.98,0.98,0.96,0.96,46.545301981331626,46.545301981331626,0.0,0.0,93.09060396266324,2234.174495103918,0.1817757561410498,5.888738721901564e-05,0.545
1942-01-25,1942-02-05,587.589,0.8901106602929673,523.0192327708844,0.536,1942,1,25,1942.01,1941,4,117,17,0.0451888617114044,10.901412777171233,0.0208432349981032,0.92,5,Dry,29,5,4,2,33,73.0,0.1395742172104379,450.0192327708844,450.0192327708844,,3,150.00641092362812,150.00641092362812,150.00641092362812,0.0,0.0,0.0,0.0,0.0,0.0,0.0,29.0,5.0,4.0,2.0,33.0,488.0192327708844,990.0,965.953586547469,24.046413452531056,0.2077688917649201,0.0600038465541768,989.7322272616808,0.1592138475950367,0.1592138475950367,0.1592138475950367,0.0,23.619426866616937,23.619426866616937,23.619426866616937,23.77864071421197,,0.915934450579392,0.915934450579392,0.915934450579392,0.0,31.82601543007103,31.82601543007103,31.82601543007103,0.0,0.6481876869668234,0.6481876869668234,0.6481876869668234,0.0,0.97,0.97,0.97,0.96,30.8712349671689,30.8712349671689,30.8712349671689,0.0,92.6137049015067,2222.7289176361605,0.1770751419806341,5.7166510375358005e-05,0.535
1942-01-26,1942-02-06,593.4044,0.8886647923374786,527.3375978981461,0.532,1942,1,26,1942.01,1941,4,118,17,0.0455619684583998,4.3183651272617,0.0081889953314039,0.92,5,Dry,29,5,4,2,33,73.0,0.1384312445973172,454.3375978981461,454.3375978981461,,3,151.4458659660487,151.4458659660487,151.4458659660487,0.0,0.0,0.0,0.0,0.0,0.0,0.0,29.0,5.0,4.0,2.0,33.0,492.3375978981461,990.0,965.9730191905415,24.026980809458337,0.2092929768034975,0.0608675195796292,989.729839503617,0.1623230704866652,0.1623230704866652,0.1623230704866652,0.0,23.594497242588645,23.594497242588645,23.594497242588645,23.75682031307531,,0.9165009909226768,0.9165009909226768,0.9165009909226768,0.0,32.1173562442768,32.1173562442768,32.1173562442768,0.0,0.6541213084374093,0.6541213084374093,0.6541213084374093,0.0,0.97,0.97,0.97,0.96,31.153835556948493,31.153835556948493,31.153835556948493,0.0,93.46150667084548,2243.0761601002914,0.1772327765806247,5.714149511485178e-05,0.53
1942-01-27,1942-02-07,593.4044,0.8886647923374786,527.3375978981461,0.532,1942,1,27,1942.01,1941,4,119,17,0.0455619684583998,0.0,0.0,0.92,5,Dry,29,5,4,2,33,73.0,0.1384312445973172,454.3375978981461,454.3375978981461,,3,151.4458659660487,151.4458659660487,151.4458659660487,0.0,0.0,0.0,0.0,0.0,0.0,0.0,29.0,5.0,4.0,2.0,33.0,492.3375978981461,990.0,965.9730191905415,24.026980809458337,0.2092929768034975,0.0608675195796292,989.729839503617,0.1623230704866652,0.1623230704866652,0.1623230704866652,0.0,23.594497242588645,23.594497242588645,23.594497242588645,23.75682031307531,,0.9165009909226768,0.9165009909226768,0.9165009909226768,0.0,32.1173562442768,32.1173562442768,32.1173562442768,0.0,0.6541213084374093,0.6541213084374093,0.6541213084374093,0.0,0.97,0.97,0.97,0.96,31.153835556948493,31.153835556948493,31.153835556948493,0.0,93.46150667084548,2243.0761601002914,0.1772327765806247,5.714149511485178e-05,0.53
1942-01-28,1942-02-08,599.256,0.8886339443648977,532.5192229643311,0.53,1942,1,28,1942.01,1941,4,120,18,0.0460096608641182,5.181625066185006,0.0097304000357787,0.92,5,Dry,29,5,4,2,33,73.0,0.1370842532099346,459.5192229643311,459.5192229643311,,3,153.1730743214437,153.1730743214437,153.1730743214437,0.0,0.0,0.0,0.0,0.0,0.0,0.0,29.0,5.0,4.0,2.0,33.0,497.5192229643311,990.0,965.9963365033394,24.00366349666058,0.2111217330587375,0.0619038445928662,989.7269744223483,0.1660538405343183,0.1660538405343183,0.1660538405343183,0.0,23.564584078474724,23.564584078474724,23.564584078474724,23.73063791900904,,0.9171815429398312,0.9171815429398312,0.9171815429398312,0.0,32.466555409003625,32.466555409003625,32.466555409003625,0.0,0.6612333077190148,0.6612333077190148,0.6612333077190148,0.0,0.97,0.97,0.97,0.96,31.492558746733515,31.492558746733515,31.492558746733515,0.0,94.47767624020054,2267.464229764813,0.1774164615396969,5.711142786652988e-05,0.53
1942-01-29,1942-02-09,599.256,0.8886339443648977,532.5192229643311,0.53,1942,1,29,1942.01,1941,4,121,18,0.0460096608641182,0.0,0.0,0.92,5,Dry,29,5,4,2,33,73.0,0.1370842532099346,459.5192229643311,459.5192229643311,,3,153.1730743214437,153.1730743214437,153.1730743214437,0.0,0.0,0.0,0.0,0.0,0.0,0.0,29.0,5.0,4.0,2.0,33.0,497.5192229643311,990.0,965.9963365033394,24.00366349666058,0.2111217330587375,0.0619038445928662,989.7269744223483,0.1660538405343183,0.1660538405343183,0.1660538405343183,0.0,23.564584078474724,23.564584078474724,23.564584078474724,23.73063791900904,,0.9171815429398312,0.9171815429398312,0.9171815429398312,0.0,32.466555409003625,32.466555409003625,32.466555409003625,0.0,0.6612333077190148,0.6612333077190148,0.6612333077190148,0.0,0.97,0.97,0.97,0.96,31.492558746733515,31.492558746733515,31.492558746733515,0.0,94.47767624020054,2267.464229764813,0.1774164615396969,5.711142786652988e-05,0.53
1942-01-30,1942-02-10,605.1438,0.8886028945088347,537.7325322740754,0.526,1942,1,30,1942.01,1941,4,122,18,0.0464600907884801,5.213309309744318,0.009694985883962,0.92,5,Dry,29,5,4,2,33,73.0,0.1357552233101508,464.7325322740754,464.7325322740754,,3,154.91084409135848,154.91084409135848,154.91084409135848,0.0,0.0,0.0,0.0,0.0,0.0,0.0,29.0,5.0,4.0,2.0,33.0,502.7325322740754,990.0,966.0197963952334,23.980203604766643,0.2129616716665912,0.062946506454815,989.7240918218786,0.1698074232373343,0.1698074232373343,0.1698074232373343,0.0,23.534488003407883,23.534488003407883,23.534488003407883,23.704295426645217,,0.9178670906074536,0.9178670906074536,0.9178670906074536,0.0,32.81746821691984,32.81746821691984,32.81746821691984,0.0,0.6683802080839072,0.6683802080839072,0.6683802080839072,0.0,0.97,0.97,0.97,0.96,31.832944170412247,31.832944170412247,31.832944170412247,0.0,95.49883251123674,2291.971980269682,0.1775954155263238,5.708112007036986e-05,0.525
1942-01-31,1942-02-11,617.0284,0.8884164098844547,548.1781559247493,0.519,1942,1,31,1942.01,1941,4,123,18,0.0473625926718983,10.445623650673838,0.0190551621544506,0.92,5,Dry,29,5,4,2,33,73.0,0.1331683855166622,475.17815592474926,475.17815592474926,,3,158.3927186415831,158.3927186415831,158.3927186415831,0.0,0.0,0.0,0.0,0.0,0.0,0.0,29.0,5.0,4.0,2.0,33.0,513.1781559247493,990.0,966.0668017016612,23.93319829833865,0.2181553132823447,0.0650356311849498,989.7168090555328,0.1775318353843144,0.1775318353843144,0.1775318353843144,0.0,23.472475518487077,23.472475518487077,23.472475518487077,23.650007353871388,,0.919241573151022,0.919241573151022,0.919241573151022,0.0,33.51679357495358,33.51679357495358,33.51679357495358,0.0,0.6826230870662644,0.6826230870662644,0.6826230870662644,0.0,0.97,0.97,0.97,0.96,32.51128976770497,32.51128976770497,32.51128976770497,0.0,97.53386930311493,2340.8128632747585,0.1779236699765611,5.701596577048457e-05,0.52
1942-02-01,1942-02-12,623.0255,0.8843912864860217,550.9983234585969,0.515,1942,2,1,1942.02,1941,5,124,18,0.0476062551468227,2.8201675338476657,0.0051182869598324,0.91,5,Dry,31,6,4,3,41,85.0,0.1542654421640668,465.9983234585969,465.9983234585969,,3,155.332774486199,155.332774486199,155.332774486199,0.0,0.0,0.0,0.0,0.0,0.0,0.0,31.0,6.0,4.0,3.0,41.0,506.9983234585969,990.0,966.0794924555636,23.920507544436305,0.2146433753487677,0.0631996646917193,989.7221569599596,0.1707387593593617,0.1707387593593617,0.1707387593593617,0.0,23.47192574503648,23.47192574503648,23.47192574503648,23.64266450439584,,0.917979665057616,0.917979665057616,0.917979665057616,0.0,32.82340129731597,32.82340129731597,32.82340129731597,0.0,0.6685010447518527,0.6685010447518527,0.6685010447518527,0.0,0.97,0.97,0.97,0.96,31.83869925839649,31.83869925839649,31.83869925839649,0.0,95.51609777518946,2292.3863466045477,0.1733509771420688,5.693636231366059e-05,0.515
1942-02-02,1942-02-13,629.0591,0.8842087083672124,556.2195342976412,0.513,1942,2,2,1942.02,1941,5,125,18,0.0480573677633162,5.221210839044262,0.0093869605741863,0.91,5,Dry,31,6,4,3,41,85.0,0.1528173585405133,471.2195342976412,471.2195342976412,,3,157.07317809921372,157.07317809921372,157.07317809921372,0.0,0.0,0.0,0.0,0.0,0.0,0.0,31.0,6.0,4.0,3.0,41.0,512.2195342976412,990.0,966.1029879043392,23.89701209566067,0.2176105380518466,0.0642439068595282,989.7181455550888,0.1746024553802544,0.1746024553802544,0.1746024553802544,0.0,23.440555195369072,23.440555195369072,23.440555195369072,23.615157650749325,,0.9186668793856744,0.9186668793856744,0.9186668793856744,0.0,33.171620135303776,33.171620135303776,33.171620135303776,0.0,0.6755930781120931,0.6755930781120931,0.6755930781120931,0.0,0.97,0.97,0.97,0.96,32.176471531244665,32.176471531244665,32.176471531244665,0.0,96.529414593734,2316.705950249616,0.1735455312903119,5.69028325958588e-05,0.515
1942-02-03,1942-02-14,635.1294,0.8861628436789661,562.8280752081156,0.506,1942,2,3,1942.02,1941,5,126,18,0.0486283456979812,6.608540910474403,0.0117416689066741,0.91,5,Dry,31,6,4,3,41,85.0,0.1510230277133381,477.8280752081156,477.8280752081156,,3,159.27602506937183,159.27602506937183,159.27602506937183,0.0,0.0,0.0,0.0,0.0,0.0,0.0,31.0,6.0,4.0,3.0,41.0,518.8280752081156,990.0,966.1327263384364,23.86727366156356,0.2213661067725535,0.0655656150416231,989.713068278186,0.1794927756540055,0.1794927756540055,0.1794927756540055,0.0,23.40084916409547,23.40084916409547,23.40084916409547,23.580341939749477,,0.9195379462810748,0.9195379462810748,0.9195379462810748,0.0,33.61169247560644,33.61169247560644,33.61169247560644,0.0,0.6845558549003348,0.6845558549003348,0.6845558549003348,0.0,0.97,0.97,0.97,0.96,32.603341701338245,32.603341701338245,32.603341701338245,0.0,97.81002510401473,2347.4406024963537,0.1737831309638343,5.6860307770631417e-05,0.505
1942-02-04,1942-02-15,641.2365,0.8794376863729334,563.9275439778775,0.503,1942,2,4,1942.02,1941,5,127,19,0.0487233397996886,1.09946876976187,0.0019496631819157,0.91,5,Dry,31,6,4,3,41,85.0,0.1507285836765839,478.9275439778775,478.9275439778775,,3,159.6425146592925,159.6425146592925,159.6425146592925,0.0,0.0,0.0,0.0,0.0,0.0,0.0,31.0,6.0,4.0,3.0,41.0,519.9275439778775,990.0,966.1376739479005,23.862326052099547,0.221990924047206,0.0657855087955755,989.7122235671573,0.1803063825436293,0.1803063825436293,0.1803063825436293,0.0,23.39424323671317,23.39424323671317,23.39424323671317,23.5745496192568,,0.9196830022301984,0.9196830022301984,0.9196830022301984,0.0,33.684834699917765,33.684834699917765,33.684834699917765,0.0,0.6860455132366143,0.6860455132366143,0.6860455132366143,0.0,0.97,0.97,0.97,0.96,32.67428965892023,32.67428965892023,32.67428965892023,0.0,98.02286897676068,2352.5488554422564,0.1738217436327353,5.685322353692941e-05,0.505
1942-02-05,1942-02-16,653.5614,0.8750395785925671,571.8920920403683,0.4970000000000001,1942,2,5,1942.02,1941,5,128,19,0.0494114767522878,7.964548062490849,0.0139266623430223,0.91,5,Dry,31,6,4,3,41,85.0,0.1486294375862782,486.8920920403683,486.8920920403683,,3,162.2973640134561,162.2973640134561,162.2973640134561,0.0,0.0,0.0,0.0,0.0,0.0,0.0,31.0,6.0,4.0,3.0,41.0,527.8920920403683,990.0,966.1735144141816,23.826485585818432,0.2265170982788958,0.0673784184080736,989.706104483313,0.186383937230949,0.186383937230949,0.186383937230949,0.0,23.34620613190045,23.34620613190045,23.34620613190045,23.5325900691314,,0.9207347743015148,0.9207347743015148,0.9207347743015148,0.0,34.2137775459782,34.2137775459782,34.2137775459782,0.0,0.6968182799588227,0.6968182799588227,0.6968182799588227,0.0,0.97,0.97,0.97,0.96,33.18736421959885,33.18736421959885,33.18736421959885,0.0,99.56209265879654,2389.490223811117,0.1740924451387041,5.680136790427217e-05,0.495
1942-02-06,1942-02-17,653.5614,0.8750395785925671,571.8920920403683,0.4970000000000001,1942,2,6,1942.02,1941,5,129,19,0.0494114767522878,0.0,0.0,0.91,5,Dry,31,6,4,3,41,85.0,0.1486294375862782,486.8920920403683,486.8920920403683,,3,162.2973640134561,162.2973640134561,162.2973640134561,0.0,0.0,0.0,0.0,0.0,0.0,0.0,31.0,6.0,4.0,3.0,41.0,527.8920920403683,990.0,966.1735144141816,23.826485585818432,0.2265170982788958,0.0673784184080736,989.706104483313,0.186383937230949,0.186383937230949,0.186383937230949,0.0,23.34620613190045,23.34620613190045,23.34620613190045,23.5325900691314,,0.9207347743015148,0.9207347743015148,0.9207347743015148,0.0,34.2137775459782,34.2137775459782,34.2137775459782,0.0,0.6968182799588227,0.6968182799588227,0.6968182799588227,0.0,0.97,0.97,0.97,0.96,33.18736421959885,33.18736421959885,33.18736421959885,0.0,99.56209265879654,2389.490223811117,0.1740924451387041,5.680136790427217e-05,0.495
1942-02-07,1942-02-18,666.0345,0.8753352736866753,583.0034913422678,0.493,1942,2,7,1942.02,1941,5,130,19,0.0503715016519719,11.111399301899494,0.0190588898126791,0.91,5,Dry,31,6,4,3,41,85.0,0.1457967255124009,498.0034913422678,498.0034913422678,,3,166.00116378075597,166.00116378075597,166.00116378075597,0.0,0.0,0.0,0.0,0.0,0.0,0.0,31.0,6.0,4.0,3.0,41.0,539.0034913422678,990.0,966.22351571104,23.776484288959864,0.2328315970807959,0.0696006982684535,989.6975677046509,0.1949827697981991,0.1949827697981991,0.1949827697981991,0.0,23.279069223812403,23.279069223812403,23.279069223812403,23.4740519936106,,0.9221536068748484,0.9221536068748484,0.9221536068748484,0.0,34.9477091986606,34.9477091986606,34.9477091986606,0.0,0.7117659714594826,0.7117659714594826,0.7117659714594826,0.0,0.97,0.97,0.97,0.96,33.899277922700776,33.899277922700776,33.899277922700776,0.0,101.69783376810231,2440.748010434456,0.174437778295221,5.6725301649546206e-05,0.495
1942-02-08,1942-02-19,672.3268,0.8764068829576366,589.2318351168824,0.488,1942,2,8,1942.02,1941,5,131,19,0.0509096305540986,6.2283437746145855,0.0105702771021852,0.91,5,Dry,31,6,4,3,41,85.0,0.1442556137231435,504.2318351168824,504.2318351168824,,3,168.07727837229413,168.07727837229413,168.07727837229413,0.0,0.0,0.0,0.0,0.0,0.0,0.0,31.0,6.0,4.0,3.0,41.0,545.2318351168824,990.0,966.251543258026,23.74845674197411,0.2363711035132487,0.0716927340467529,989.69193616244,0.19992392252606,0.19992392252606,0.19992392252606,0.0,23.240468981888064,23.240468981888064,23.240468981888064,23.440392904414125,,0.922870884167852,0.922870884167852,0.922870884167852,0.0,35.35359144238065,35.35359144238065,35.35359144238065,0.0,0.7200324122684449,0.7200324122684449,0.7200324122684449,0.0,0.97,0.97,0.97,0.96,34.29298369910923,34.29298369910923,34.29298369910923,0.0,102.87895109732769,2469.0948263358646,0.174598426232215,5.667529185121764e-05,0.49
1942-02-09,1942-02-20,685.0236,0.878477532975807,601.777842158206,0.482,1942,2,9,1942.02,1941,5,132,19,0.051993605562469,12.546007041323604,0.0208482369445987,0.91,5,Dry,31,6,4,3,41,85.0,0.1412481385076549,516.777842158206,516.777842158206,,3,172.259280719402,172.259280719402,172.259280719402,0.0,0.0,0.0,0.0,0.0,0.0,0.0,31.0,6.0,4.0,3.0,41.0,557.777842158206,990.0,966.3071113686328,23.69288863136717,0.243500875765923,0.0767111368632824,989.6797879873708,0.2100126449553409,0.2100126449553409,0.2100126449553409,0.0,23.16266397378261,23.16266397378261,23.16266397378261,23.372676618737955,,0.9243173835954772,0.9243173835954772,0.9243173835954772,0.0,36.16853820841133,36.16853820841133,36.16853820841133,0.0,0.7366301060776238,0.7366301060776238,0.7366301060776238,0.0,0.97,0.97,0.97,0.96,35.083482062158986,35.083482062158986,35.083482062158986,0.0,105.25044618647696,2526.010708475447,0.1748991717757644,5.6574087870525984e-05,0.48
1942-02-10,1942-02-21,697.8704,0.8821520065429723,615.6277736669467,0.475,1942,2,10,1942.02,1941,5,133,19,0.0531902396448241,13.849931508740726,0.0224972493138906,0.91,5,Dry,31,6,4,3,41,85.0,0.1380704439205252,530.6277736669467,530.6277736669467,,3,176.8759245556489,176.8759245556489,176.8759245556489,0.0,0.0,0.0,0.0,0.0,0.0,0.0,31.0,6.0,4.0,3.0,41.0,571.6277736669467,990.0,966.3625110946678,23.637488905332248,0.2513716554528155,0.0822511094667786,989.6663772350804,0.2213898113891222,0.2213898113891222,0.2213898113891222,0.0,23.082476329023528,23.082476329023528,23.082476329023528,23.30386614041265,,0.9259217611205078,0.9259217611205078,0.9259217611205078,0.0,37.07354472912085,37.07354472912085,37.07354472912085,0.0,0.755062010776392,0.755062010776392,0.755062010776392,0.0,0.97,0.97,0.97,0.96,35.961338387247224,35.961338387247224,35.961338387247224,0.0,107.88401516174169,2589.2163638818,0.1752422807683571,5.6476090164444046e-05,0.475
1942-02-11,1942-02-22,717.4235,0.8782993569127185,630.1125986840717,0.468,1942,2,11,1942.02,1941,5,134,20,0.0544417285263038,14.484825017124992,0.0229876771982898,0.92,5,Dry,31,6,4,3,41,85.0,0.1348965251250556,545.1125986840717,545.1125986840717,,3,181.70419956135723,181.70419956135723,181.70419956135723,0.0,0.0,0.0,0.0,0.0,0.0,0.0,31.0,6.0,4.0,3.0,41.0,586.1125986840717,990.0,966.4204503947362,23.579549605263765,0.2596032388683024,0.0880450394736286,989.652351721658,0.2335968348683016,0.2335968348683016,0.2335968348683016,0.0,22.998304492053546,22.998304492053546,22.998304492053546,23.231901326921843,,0.9276001896749928,0.9276001896749928,0.9276001896749928,0.0,38.01546549671512,38.01546549671512,38.01546549671512,0.0,0.7742457331306543,0.7742457331306543,0.7742457331306543,0.0,0.97,0.97,0.97,0.96,36.87500153181367,36.87500153181367,36.87500153181367,0.0,110.625004595441,2655.000110290584,0.1755638671984506,5.637214773123894e-05,0.47
1942-02-12,1942-02-23,730.6486,0.8864028278959922,647.6489852382476,0.462,1942,2,12,1942.02,1941,5,135,20,0.0559568723245846,17.53638655417592,0.0270769922502463,0.92,5,Dry,31,6,4,3,41,85.0,0.1312439329596594,562.6489852382476,562.6489852382476,,3,187.5496617460825,187.5496617460825,187.5496617460825,0.0,0.0,0.0,0.0,0.0,0.0,0.0,31.0,6.0,4.0,3.0,41.0,603.6489852382476,990.0,966.490595940953,23.50940405904703,0.2695689946545309,0.095059594095299,989.6353714112502,0.2488821002445795,0.2488821002445795,0.2488821002445795,0.0,22.89589337005261,22.89589337005261,22.89589337005261,23.14477547029719,,0.9293909912738822,0.9293909912738822,0.9293909912738822,0.0,39.13911821824341,39.13911821824341,39.13911821824341,0.0,0.7971307172758332,0.7971307172758332,0.7971307172758332,0.0,0.97,0.97,0.97,0.96,37.96494467169611,37.96494467169611,37.96494467169611,0.0,113.89483401508832,2733.4760163621195,0.1758588936462092,5.622946939055359e-05,0.46
1942-02-13,1942-02-24,737.3183,0.8872912629151888,654.21608557748,0.458,1942,2,13,1942.02,1941,5,136,20,0.0565242697938942,6.567100339232411,0.0100381211712879,0.92,5,Dry,31,6,4,3,41,85.0,0.1299264904576139,569.21608557748,569.21608557748,,3,189.7386951924933,189.7386951924933,189.7386951924933,0.0,0.0,0.0,0.0,0.0,0.0,0.0,31.0,6.0,4.0,3.0,41.0,610.21608557748,990.0,966.51686434231,23.483135657690127,0.2733010131066939,0.097686434230992,989.6290125526624,0.2547049292120323,0.2547049292120323,0.2547049292120323,0.0,22.857443281140384,22.857443281140384,22.857443281140384,23.112148210352416,,0.9300071828347192,0.9300071828347192,0.9300071828347192,0.0,39.55565339431225,39.55565339431225,39.55565339431225,0.0,0.8056141220837526,0.8056141220837526,0.8056141220837526,0.0,0.9705614122083752,0.9705614122083752,0.9705614122083752,0.96,38.39119081920871,38.39119081920871,38.39119081920871,0.0,115.17357245762614,2764.165738983027,0.1760482125045302,5.620476972914447e-05,0.46
1942-02-14,1942-02-25,757.5572,0.8885900059140133,673.1577568282033,0.45,1942,2,14,1942.02,1941,5,137,20,0.0581608301899567,18.94167125072329,0.0281385322513001,0.92,5,Dry,31,6,4,3,41,85.0,0.1262705497155741,588.1577568282033,588.1577568282033,,3,196.05258560940112,196.05258560940112,196.05258560940112,0.0,0.0,0.0,0.0,0.0,0.0,0.0,31.0,6.0,4.0,3.0,41.0,629.1577568282033,990.0,966.5926310273128,23.40736897268721,0.2840653783471935,0.1052631027312813,989.6106715189214,0.2719472397063231,0.2719472397063231,0.2719472397063231,0.0,22.746093251902323,22.746093251902323,22.746093251902323,23.018040491608645,,0.9318329019933342,0.9318329019933342,0.9318329019933342,0.0,40.75267583279823,40.75267583279823,40.75267583279823,0.0,0.8299933978166645,0.8299933978166645,0.8299933978166645,0.0,0.9729993397816664,0.9729993397816664,0.9729993397816664,0.96,39.652326679648944,39.652326679648944,39.652326679648944,0.0,118.95698003894682,2854.967520934724,0.1767148619061458,5.618153494152745e-05,0.45
1942-02-15,1942-02-26,764.3804,0.8926299826267534,682.3088631722309,0.445,1942,2,15,1942.02,1941,5,138,20,0.0589514857780807,9.15110634402754,0.0134119704989345,0.92,5,Dry,31,6,4,3,41,85.0,0.1245770128279045,597.3088631722309,597.3088631722309,,3,199.10295439074363,199.10295439074363,199.10295439074363,0.0,0.0,0.0,0.0,0.0,0.0,0.0,31.0,6.0,4.0,3.0,41.0,638.3088631722309,990.0,966.6292354526888,23.37076454731107,0.2892658619654488,0.1089235452688923,989.6018105927656,0.2804882722940821,0.2804882722940821,0.2804882722940821,0.0,22.69208686778266,22.69208686778266,22.69208686778266,22.972575140076746,,0.9327408826484622,0.9327408826484622,0.9327408826484622,0.0,41.32871038783281,41.32871038783281,41.32871038783281,0.0,0.8417252624813198,0.8417252624813198,0.8417252624813198,0.0,0.974172526248132,0.974172526248132,0.974172526248132,0.96,40.2612942050925,40.2612942050925,40.2612942050925,0.0,120.78388261527748,2898.81318276666,0.1770222975760887,5.617040123271948e-05,0.445
1942-02-16,1942-02-27,764.3804,0.8926299826267534,682.3088631722309,0.445,1942,2,16,1942.02,1941,5,139,20,0.0589514857780807,0.0,0.0,0.92,5,Dry,31,6,4,3,41,85.0,0.1245770128279045,597.3088631722309,597.3088631722309,,3,199.10295439074363,199.10295439074363,199.10295439074363,0.0,0.0,0.0,0.0,0.0,0.0,0.0,31.0,6.0,4.0,3.0,41.0,638.3088631722309,990.0,966.6292354526888,23.37076454731107,0.2892658619654488,0.1089235452688923,989.6018105927656,0.2804882722940821,0.2804882722940821,0.2804882722940821,0.0,22.69208686778266,22.69208686778266,22.69208686778266,22.972575140076746,,0.9327408826484622,0.9327408826484622,0.9327408826484622,0.0,41.32871038783281,41.32871038783281,41.32871038783281,0.0,0.8417252624813198,0.8417252624813198,0.8417252624813198,0.0,0.974172526248132,0.974172526248132,0.974172526248132,0.96,40.2612942050925,40.2612942050925,40.2612942050925,0.0,120.78388261527748,2898.81318276666,0.1770222975760887,5.617040123271948e-05,0.445
1942-02-17,1942-02-28,778.1427,0.8891770066630039,691.9065967426677,0.441,1942,2,17,1942.02,1941,5,140,20,0.0597807299585664,9.597733570436844,0.0138714294900795,0.92,5,Dry,31,6,4,3,41,85.0,0.1228489515783775,606.9065967426677,606.9065967426677,,3,202.30219891422257,202.30219891422257,202.30219891422257,0.0,0.0,0.0,0.0,0.0,0.0,0.0,31.0,6.0,4.0,3.0,41.0,647.9065967426677,990.0,966.6676263869706,23.332373613029404,0.294720159438236,0.1120719790228003,989.593207861539,0.2895842888946765,0.2895842888946765,0.2895842888946765,0.0,22.635997185673716,22.635997185673716,22.635997185673716,22.92558147456839,,0.933712165932954,0.933712165932954,0.933712165932954,0.0,41.93261547672071,41.93261547672071,41.93261547672071,0.0,0.8540247551266947,0.8540247551266947,0.8540247551266947,0.0,0.9754024755126696,0.9754024755126696,0.9754024755126696,0.96,40.90117694071426,40.90117694071426,40.90117694071426,0.0,122.70353082214277,2944.884739731426,0.1773411778407691,5.61607244017383e-05,0.44
1942-02-18,1942-03-01,785.0819,0.8950098277210273,702.6560160658968,0.4370000000000001,1942,2,18,1942.02,1941,5,141,21,0.0607094797880934,10.749419323229064,0.0152982669719588,0.92,5,Dry,31,6,4,3,41,85.0,0.1209695755199063,617.6560160658968,617.6560160658968,,3,205.88533868863223,205.88533868863223,205.88533868863223,0.0,0.0,0.0,0.0,0.0,0.0,0.0,31.0,6.0,4.0,3.0,41.0,658.6560160658968,990.0,966.7106240642636,23.289375935736416,0.3008289485829162,0.115296804819769,989.5838742465974,0.2999028957445788,0.2999028957445788,0.2999028957445788,0.0,22.5733472865892,22.5733472865892,22.5733472865892,22.873250182333777,,0.9347373984098262,0.9347373984098262,0.9347373984098262,0.0,42.60393395503306,42.60393395503306,42.60393395503306,0.0,0.8676972292267426,0.8676972292267426,0.8676972292267426,0.0,0.9767697229226744,0.9767697229226744,0.9767697229226744,0.96,41.61423276467356,41.61423276467356,41.61423276467356,0.0,124.84269829402068,2996.224759056496,0.1776725672869107,5.614537283191432e-05,0.435
1942-02-19,1942-03-02,799.0771,0.8911326595966059,712.0837013457431,0.433,1942,2,19,1942.02,1941,5,142,21,0.0615240317962722,9.427685279846289,0.0132395745921851,0.92,5,Dry,31,6,4,3,41,85.0,0.1193679898014255,627.0837013457431,627.0837013457431,,3,209.02790044858105,209.02790044858105,209.02790044858105,0.0,0.0,0.0,0.0,0.0,0.0,0.0,31.0,6.0,4.0,3.0,41.0,668.0837013457431,990.0,966.7483348053828,23.25166519461709,0.3061866092867399,0.1181251104037229,989.5756882803096,0.3091420273188282,0.3091420273188282,0.3091420273188282,0.0,22.51821144760773,22.51821144760773,22.51821144760773,22.827353474926557,,0.935417088973455,0.935417088973455,0.935417088973455,0.0,43.17995152288317,43.17995152288317,43.17995152288317,0.0,0.8794287479202275,0.8794287479202275,0.8794287479202275,0.0,0.9779428747920228,0.9779428747920228,0.9779428747920228,0.96,42.227525925668544,42.227525925668544,42.227525925668544,0.0,126.68257777700563,3040.381866648135,0.1779040547306341,5.611628058987823e-05,0.435
1942-02-20,1942-03-03,806.1332,0.8935666243082664,720.3337222668207,0.431,1942,2,20,1942.02,1941,5,143,21,0.0622368336038533,8.250020921077635,0.0114530538638613,0.92,5,Dry,31,6,4,3,41,85.0,0.1180008617846089,635.3337222668207,635.3337222668207,,3,211.7779074222736,211.7779074222736,211.7779074222736,0.0,0.0,0.0,0.0,0.0,0.0,0.0,31.0,6.0,4.0,3.0,41.0,676.3337222668207,990.0,966.7813348890672,23.21866511093276,0.3108750149327227,0.1206001166800462,989.5685248683872,0.3173337222668206,0.3173337222668206,0.3173337222668206,0.0,22.4698562570531,22.4698562570531,22.4698562570531,22.78718997931992,,0.9360116360369916,0.9360116360369916,0.9360116360369916,0.0,43.68183701645021,43.68183701645021,43.68183701645021,0.0,0.8896504484002079,0.8896504484002079,0.8896504484002079,0.0,0.9789650448400208,0.9789650448400208,0.9789650448400208,0.96,42.76299153350366,42.76299153350366,42.76299153350366,0.0,128.28897460051098,3078.935390412264,0.1780965830626365,5.6089933571877625e-05,0.43
1942-02-21,1942-03-04,820.3628,0.8945448145815545,733.8512888156049,0.422,1942,2,21,1942.02,1941,5,144,21,0.0634047513536682,13.517566548784204,0.0184200351689792,0.91,5,Dry,31,6,4,3,41,85.0,0.1158272817605665,648.8512888156049,648.8512888156049,,3,216.28376293853495,216.28376293853495,216.28376293853495,0.0,0.0,0.0,0.0,0.0,0.0,0.0,31.0,6.0,4.0,3.0,41.0,689.8512888156049,990.0,966.8354051552624,23.16459484473762,0.3185569148858916,0.1246553866446814,989.5567876984694,0.3309539898506877,0.3309539898506877,0.3309539898506877,0.0,22.39042855335634,22.39042855335634,22.39042855335634,22.721382543207028,,0.9369853257369144,0.9369853257369144,0.9369853257369144,0.0,44.49977466534301,44.49977466534301,44.49977466534301,0.0,0.9063090563206314,0.9063090563206314,0.9063090563206314,0.0,0.98,0.98,0.98,0.96,43.60977917203614,43.60977917203614,43.60977917203614,0.0,130.8293375161084,3139.904100386602,0.1782777239885477,5.600895500986086e-05,0.42
1942-02-22,1942-03-05,827.5366,0.8937943571986156,739.6475434553279,0.419,1942,2,22,1942.02,1941,5,145,21,0.0639055477545403,5.7962546397229735,0.0078365090116371,0.91,5,Dry,31,6,4,3,41,85.0,0.1149196002232564,654.6475434553279,654.6475434553279,,3,218.21584781844263,218.21584781844263,218.21584781844263,0.0,0.0,0.0,0.0,0.0,0.0,0.0,31.0,6.0,4.0,3.0,41.0,695.6475434553279,990.0,966.8585901738212,23.141409826178688,0.3218508693180558,0.1263942630365983,989.5517548676454,0.3369048112808033,0.3369048112808033,0.3369048112808033,0.0,22.356259882543284,22.356259882543284,22.356259882543284,22.693164693824087,,0.9374026273251888,0.9374026273251888,0.9374026273251888,0.0,44.84874587609087,44.84874587609087,44.84874587609087,0.0,0.9134164129550074,0.9134164129550074,0.9134164129550074,0.0,0.98,0.98,0.98,0.96,43.95177095856905,43.95177095856905,43.95177095856905,0.0,131.85531287570714,3164.527509016972,0.1782677628586902,5.594838957996774e-05,0.42
1942-02-23,1942-03-06,827.5366,0.8937943571986156,739.6475434553279,0.419,1942,2,23,1942.02,1941,5,146,21,0.0639055477545403,0.0,0.0,0.91,5,Dry,31,6,4,3,41,85.0,0.1149196002232564,654.6475434553279,654.6475434553279,,3,218.21584781844263,218.21584781844263,218.21584781844263,0.0,0.0,0.0,0.0,0.0,0.0,0.0,31.0,6.0,4.0,3.0,41.0,695.6475434553279,990.0,966.8585901738212,23.141409826178688,0.3218508693180558,0.1263942630365983,989.5517548676454,0.3369048112808033,0.3369048112808033,0.3369048112808033,0.0,22.356259882543284,22.356259882543284,22.356259882543284,22.693164693824087,,0.9374026273251888,0.9374026273251888,0.9374026273251888,0.0,44.84874587609087,44.84874587609087,44.84874587609087,0.0,0.9134164129550074,0.9134164129550074,0.9134164129550074,0.0,0.98,0.98,0.98,0.96,43.95177095856905,43.95177095856905,43.95177095856905,0.0,131.85531287570714,3164.527509016972,0.1782677628586902,5.594838957996774e-05,0.42
1942-02-24,1942-03-07,834.7498,0.8963571399655789,748.233943314839,0.416,1942,2,24,1942.02,1941,5,147,21,0.0646474127024021,8.586399859511175,0.0114755551204634,0.91,5,Dry,31,6,4,3,41,85.0,0.1136008340164728,663.233943314839,663.233943314839,,4,165.80848582870976,165.80848582870976,165.80848582870976,165.80848582870976,0.0,0.0,0.0,0.0,0.0,0.0,31.0,6.0,4.0,3.0,41.0,704.233943314839,990.0,966.8929357732592,23.107064226740704,0.3267304358022024,0.1289701829944517,989.5442993812034,0.1945241962723292,0.1945241962723292,0.1945241962723292,0.1945241962723292,22.456839411671734,22.456839411671734,22.456839411671734,22.456839411671734,,0.9205345635036332,0.9205345635036332,0.9205345635036332,0.9205345635036332,33.61508284161917,33.61508284161917,33.61508284161917,33.61508284161917,0.6846249051246267,0.6846249051246267,0.6846249051246267,0.6846249051246267,0.97,0.97,0.97,0.97,32.606630356370594,32.606630356370594,32.606630356370594,32.606630356370594,130.42652142548238,3130.236514211577,0.1743124895506137,5.462565607511122e-05,0.415
1942-02-25,1942-03-08,849.2947,0.8954821115912885,760.52821131929,0.409,1942,2,25,1942.02,1941,5,148,22,0.0657096374579866,12.294268004450943,0.0161654332100633,0.91,5,Dry,31,6,4,3,41,85.0,0.111764427321572,675.52821131929,675.52821131929,,4,168.8820528298225,168.8820528298225,168.8820528298225,168.8820528298225,0.0,0.0,0.0,0.0,0.0,0.0,31.0,6.0,4.0,3.0,41.0,716.52821131929,990.0,966.9421128452772,23.057887154722835,0.3337171472392644,0.132658463395787,989.533624389365,0.2018392857349775,0.2018392857349775,0.2018392857349775,0.2018392857349775,22.389672258352803,22.389672258352803,22.389672258352803,22.389672258352803,,0.9215327897841972,0.9215327897841972,0.9215327897841972,0.9215327897841972,34.17281284228638,34.17281284228638,34.17281284228638,34.17281284228638,0.6959839682746717,0.6959839682746717,0.6959839682746717,0.6959839682746717,0.97,0.97,0.97,0.97,33.14762845701779,33.14762845701779,33.14762845701779,33.14762845701779,132.59051382807115,3182.172331873708,0.1743400334854983,5.452133259341733e-05,0.41
1942-02-26,1942-03-09,856.6266,0.8970607168566745,768.4460718744957,0.407,1942,2,26,1942.02,1941,5,149,22,0.0663937406099564,7.9178605552057215,0.0103037296239818,0.91,5,Dry,31,6,4,3,41,85.0,0.1106128368808714,683.4460718744957,683.4460718744957,,4,170.86151796862393,170.86151796862393,170.86151796862393,170.86151796862393,0.0,0.0,0.0,0.0,0.0,0.0,31.0,6.0,4.0,3.0,41.0,724.4460718744957,990.0,966.973784287498,23.026215712502108,0.3382167894203272,0.1350338215623487,989.5267493890173,0.2066021038434423,0.2066021038434423,0.2066021038434423,0.2066021038434423,22.34636299767592,22.34636299767592,22.34636299767592,22.34636299767592,,0.9221805858627932,0.9221805858627932,0.9221805858627932,0.9221805858627932,34.530731945214846,34.530731945214846,34.530731945214846,34.530731945214846,0.7032735630389989,0.7032735630389989,0.7032735630389989,0.7032735630389989,0.97,0.97,0.97,0.97,33.4948099868584,33.4948099868584,33.4948099868584,33.4948099868584,133.9792399474336,3215.5017587384064,0.1743508683968071,5.445412165275858e-05,0.405
1942-02-27,1942-03-10,893.8841,0.8990978772765416,803.6892968412517,0.396,1942,2,27,1942.02,1941,5,150,22,0.0694387552470841,35.24322496675597,0.0438518033091554,0.91,5,Dry,31,6,4,3,41,85.0,0.1057622645145037,718.6892968412517,718.6892968412517,,4,179.67232421031292,179.67232421031292,179.67232421031292,179.67232421031292,0.0,0.0,0.0,0.0,0.0,0.0,31.0,6.0,4.0,3.0,41.0,759.6892968412517,990.0,967.114757187365,22.885242812635056,0.358245167105362,0.1493446484206258,989.492410184474,0.2283808105257823,0.2283808105257823,0.2283808105257823,0.2283808105257823,22.14927218658329,22.14927218658329,22.14927218658329,22.14927218658329,,0.9251028892067524,0.9251028892067524,0.9251028892067524,0.9251028892067524,36.10516904459983,36.10516904459983,36.10516904459983,36.10516904459983,0.7353394917433774,0.7353394917433774,0.7353394917433774,0.7353394917433774,0.97,0.97,0.97,0.97,35.022013973261835,35.022013973261835,35.022013973261835,35.022013973261835,140.08805589304734,3362.113341433136,0.1743062355609771,5.4144884347394456e-05,0.395
1942-02-28,1942-03-11,901.4559,0.907115570001353,817.7246825595828,0.391,1942,2,28,1942.02,1941,5,151,22,0.0706514125731479,14.0353857183311,0.0171639501872421,0.91,5,Dry,31,6,4,3,41,85.0,0.1039469662746869,732.7246825595828,732.7246825595828,,4,183.1811706398957,183.1811706398957,183.1811706398957,183.1811706398957,0.0,0.0,0.0,0.0,0.0,0.0,31.0,6.0,4.0,3.0,41.0,773.7246825595828,990.0,967.1708987302384,22.829101269761736,0.3662213385932732,0.1563623412797914,989.477416320127,0.2374074202509309,0.2374074202509309,0.2374074202509309,0.2374074202509309,22.069110169637767,22.069110169637767,22.069110169637767,22.069110169637767,,0.9262855877887226,0.9262855877887226,0.9262855877887226,0.9262855877887226,36.72393915111568,36.72393915111568,36.72393915111568,36.72393915111568,0.7479417342386085,0.7479417342386085,0.7479417342386085,0.7479417342386085,0.97,0.97,0.97,0.97,35.622220976582206,35.622220976582206,35.622220976582206,35.622220976582206,142.48888390632882,3419.7332137518915,0.1742504377638698,5.40178957685341e-05,0.39
1942-03-01,1942-03-12,909.0679,0.9012241447918772,819.2739407352476,0.39,1942,3,1,1942.03,1941,6,152,22,0.0707852684795253,1.5492581756648178,0.0018910136141697,0.87,4,Mod_Dry,41,8,7,6,67,129.0,0.1574564911514584,690.2739407352476,690.2739407352476,,4,172.5684851838119,172.5684851838119,172.5684851838119,172.5684851838119,0.0,0.0,0.0,0.0,0.0,0.0,41.0,8.0,7.0,6.0,67.0,746.2739407352476,990.0,967.177095762941,22.822904237058992,0.3506213523402906,0.1370821822205743,989.5122964654392,0.210767103848501,0.210767103848501,0.210767103848501,0.210767103848501,22.124433598649627,22.124433598649627,22.124433598649627,22.124433598649627,,0.9223296594551988,0.9223296594551988,0.9223296594551988,0.9223296594551988,34.53492539328316,34.53492539328316,34.53492539328316,34.53492539328316,0.7033589693133027,0.7033589693133027,0.7033589693133027,0.7033589693133027,0.97,0.97,0.97,0.97,33.49887763148467,33.49887763148467,33.49887763148467,33.49887763148467,133.99551052593867,3215.892252622528,0.1635539761043613,5.392203435414066e-05,0.39
1942-03-02,1942-03-13,916.7204,0.9105214280240044,834.6935677067364,0.383,1942,3,2,1942.03,1941,6,153,22,0.072117524249862,15.41962697148881,0.01847339858369,0.87,4,Mod_Dry,41,8,7,6,67,129.0,0.1545477346308282,705.6935677067364,705.6935677067364,,4,176.4233919266841,176.4233919266841,176.4233919266841,176.4233919266841,0.0,0.0,0.0,0.0,0.0,0.0,41.0,8.0,7.0,6.0,67.0,761.6935677067364,990.0,967.2387742708268,22.76122572917313,0.3593841745008233,0.1428467838533682,989.4977690416458,0.2202584798167102,0.2202584798167102,0.2202584798167102,0.2202584798167102,22.038736291002248,22.038736291002248,22.038736291002248,22.038736291002248,,0.9236226062488356,0.9236226062488356,0.9236226062488356,0.9236226062488356,35.21892610916019,35.21892610916019,35.21892610916019,35.21892610916019,0.7172897374574377,0.7172897374574377,0.7172897374574377,0.7172897374574377,0.97,0.97,0.97,0.97,34.162358325885386,34.162358325885386,34.162358325885386,34.162358325885386,136.64943330354154,3279.586399284997,0.1637120957802233,5.378846804711791e-05,0.385
1942-03-03,1942-03-14,924.4132,0.9124994692702046,843.5265543863715,0.38,1942,3,3,1942.03,1941,6,154,22,0.0728806942989824,8.832986679635043,0.0104714980621572,0.87,4,Mod_Dry,41,8,7,6,67,129.0,0.1529293883271307,714.5265543863715,714.5265543863715,,4,178.63163859659286,178.63163859659286,178.63163859659286,178.63163859659286,0.0,0.0,0.0,0.0,0.0,0.0,41.0,8.0,7.0,6.0,67.0,770.5265543863715,990.0,967.2741062175454,22.72589378245459,0.3644038738465411,0.1472632771931857,989.4883328489605,0.2257790964914821,0.2257790964914821,0.2257790964914821,0.2257790964914821,21.98844753492345,21.98844753492345,21.98844753492345,21.98844753492345,,0.9243835108315992,0.9243835108315992,0.9243835108315992,0.9243835108315992,35.6076931804959,35.6076931804959,35.6076931804959,35.6076931804959,0.7252076004174317,0.7252076004174317,0.7252076004174317,0.7252076004174317,0.97,0.97,0.97,0.97,34.53946238508102,34.53946238508102,34.53946238508102,34.53946238508102,138.1578495403241,3315.7883889677782,0.1637860110294072,5.370994288774301e-05,0.38
1942-03-04,1942-03-15,932.1467,0.9087491724907756,847.0875422650073,0.377,1942,3,4,1942.03,1941,6,155,23,0.0731883636516966,3.5609878786358418,0.0042038014974393,0.87,4,Mod_Dry,41,8,7,6,67,129.0,0.1522865035354787,718.0875422650073,718.0875422650073,,4,179.52188556625185,179.52188556625185,179.52188556625185,179.52188556625185,0.0,0.0,0.0,0.0,0.0,0.0,41.0,8.0,7.0,6.0,67.0,774.0875422650073,990.0,967.28835016906,22.71164983094002,0.3664275481905441,0.1490437711325036,989.4845286806768,0.2280047139156295,0.2280047139156295,0.2280047139156295,0.2280047139156295,21.96817379770132,21.96817379770132,21.96817379770132,21.96817379770132,,0.9247123931740844,0.9247123931740844,0.9247123931740844,0.9247123931740844,35.764876895785584,35.764876895785584,35.764876895785584,35.764876895785584,0.7284088980811727,0.7284088980811727,0.7284088980811727,0.7284088980811727,0.97,0.97,0.97,0.97,34.691930588912015,34.691930588912015,34.691930588912015,34.691930588912015,138.76772235564806,3330.425336535553,0.1638174514815792,5.3679512976441685e-05,0.375
1942-03-05,1942-03-16,932.1467,0.9087491724907756,847.0875422650073,0.377,1942,3,5,1942.03,1941,6,156,23,0.0731883636516966,0.0,0.0,0.87,4,Mod_Dry,41,8,7,6,67,129.0,0.1522865035354787,718.0875422650073,718.0875422650073,,4,179.52188556625185,179.52188556625185,179.52188556625185,179.52188556625185,0.0,0.0,0.0,0.0,0.0,0.0,41.0,8.0,7.0,6.0,67.0,774.0875422650073,990.0,967.28835016906,22.71164983094002,0.3664275481905441,0.1490437711325036,989.4845286806768,0.2280047139156295,0.2280047139156295,0.2280047139156295,0.2280047139156295,21.96817379770132,21.96817379770132,21.96817379770132,21.96817379770132,,0.9247123931740844,0.9247123931740844,0.9247123931740844,0.9247123931740844,35.764876895785584,35.764876895785584,35.764876895785584,35.764876895785584,0.7284088980811727,0.7284088980811727,0.7284088980811727,0.7284088980811727,0.97,0.97,0.97,0.97,34.691930588912015,34.691930588912015,34.691930588912015,34.691930588912015,138.76772235564806,3330.425336535553,0.1638174514815792,5.3679512976441685e-05,0.375
1942-03-06,1942-03-17,955.5912,0.91769253620946,876.9389119074414,0.3720000000000001,1942,3,6,1942.03,1941,6,157,23,0.0757675219888029,29.85136964243407,0.0340404208743616,0.87,4,Mod_Dry,41,8,7,6,67,129.0,0.147102606861646,747.9389119074414,747.9389119074414,,4,186.98472797686037,186.98472797686037,186.98472797686037,186.98472797686037,0.0,0.0,0.0,0.0,0.0,0.0,41.0,8.0,7.0,6.0,67.0,803.9389119074414,990.0,967.4077556476298,22.592244352370244,0.3909092788133081,0.1639694559537207,989.445121265233,0.2473793764184485,0.2473793764184485,0.2473793764184485,0.2473793764184485,21.789986241184756,21.789986241184756,21.789986241184756,21.789986241184756,,0.92739675395719,0.92739675395719,0.92739675395719,0.92739675395719,37.05675309398605,37.05675309398605,37.05675309398605,37.05675309398605,0.754720022280775,0.754720022280775,0.754720022280775,0.754720022280775,0.97,0.97,0.97,0.97,35.94505050116647,35.94505050116647,35.94505050116647,35.94505050116647,143.78020200466588,3450.7248481119814,0.1639569188370575,5.339867249243825e-05,0.37
1942-03-07,1942-03-18,963.4877,0.9186515277026396,885.1094475277025,0.3670000000000001,1942,3,7,1942.03,1941,6,158,23,0.0764734562663935,8.170535620261147,0.0092311020327296,0.87,4,Mod_Dry,41,8,7,6,67,129.0,0.1457446876884257,756.1094475277025,756.1094475277025,,4,189.02736188192563,189.02736188192563,189.02736188192563,189.02736188192563,0.0,0.0,0.0,0.0,0.0,0.0,41.0,8.0,7.0,6.0,67.0,812.1094475277025,990.0,967.4404377901108,22.55956220988924,0.3983854299046624,0.1680547237638512,989.4335598463316,0.2528127826059222,0.2528127826059222,0.2528127826059222,0.2528127826059222,21.740309273614805,21.740309273614805,21.740309273614805,21.740309273614805,,0.9280839719163512,0.9280839719163512,0.9280839719163512,0.9280839719163512,37.40385486357837,37.40385486357837,37.40385486357837,37.40385486357837,0.761789304757197,0.761789304757197,0.761789304757197,0.761789304757197,0.97,0.97,0.97,0.97,36.281739217671024,36.281739217671024,36.281739217671024,36.281739217671024,145.1269568706841,3483.046964896418,0.1639649845293758,5.3316412996827454e-05,0.365
1942-03-08,1942-03-19,971.4252,0.9180964110207984,891.8619896951615,0.363,1942,3,8,1942.03,1941,6,159,23,0.0770568759096619,6.752542167458955,0.0075712859674252,0.87,4,Mod_Dry,41,8,7,6,67,129.0,0.1446412129797035,762.8619896951615,762.8619896951615,,4,190.7154974237904,190.7154974237904,190.7154974237904,190.7154974237904,0.0,0.0,0.0,0.0,0.0,0.0,41.0,8.0,7.0,6.0,67.0,818.8619896951615,990.0,967.4674479587808,22.532552041219333,0.4045640977228991,0.1714309948475807,989.4240049074295,0.2573461529927098,0.2573461529927098,0.2573461529927098,0.2573461529927098,21.69921079565617,21.69921079565617,21.69921079565617,21.69921079565617,,0.9286503566831904,0.9286503566831904,0.9286503566831904,0.9286503566831904,37.6895414044084,37.6895414044084,37.6895414044084,37.6895414044084,0.7676077679105581,0.7676077679105581,0.7676077679105581,0.7676077679105581,0.97,0.97,0.97,0.97,36.55885516227615,36.55885516227615,36.55885516227615,36.55885516227615,146.23542064910458,3509.65009557851,0.1639664234363075,5.324809825239674e-05,0.365
1942-03-09,1942-03-20,979.4038,0.924461588505012,905.4211927358452,0.359,1942,3,9,1942.03,1941,6,160,23,0.078228391052377,13.55920304068377,0.0149755750687841,0.87,4,Mod_Dry,41,8,7,6,67,129.0,0.1424751276366859,776.4211927358452,776.4211927358452,,4,194.1052981839613,194.1052981839613,194.1052981839613,194.1052981839613,0.0,0.0,0.0,0.0,0.0,0.0,41.0,8.0,7.0,6.0,67.0,832.4211927358452,990.0,967.5216847709434,22.478315229056648,0.4169709527103646,0.1782105963679226,989.4048184509218,0.2665664110603747,0.2665664110603747,0.2665664110603747,0.2665664110603747,21.61656726891804,21.61656726891804,21.61656726891804,21.61656726891804,,0.9297833751807358,0.9297833751807358,0.9297833751807358,0.9297833751807358,38.2599673082448,38.2599673082448,38.2599673082448,38.2599673082448,0.7792254034265742,0.7792254034265742,0.7792254034265742,0.7792254034265742,0.97,0.97,0.97,0.97,37.11216828899745,37.11216828899745,37.11216828899745,37.11216828899745,148.4486731559898,3562.7681557437554,0.1639553771736149,5.311001673979263e-05,0.36
1942-03-10,1942-03-21,987.4235,0.9179659771125324,906.4211780013768,0.357,1942,3,10,1942.03,1941,6,161,23,0.0783147897793189,0.9999852655314498,0.0011032236335611,0.87,4,Mod_Dry,41,8,7,6,67,129.0,0.1423179457086825,777.4211780013768,777.4211780013768,,4,194.3552945003442,194.3552945003442,194.3552945003442,194.3552945003442,0.0,0.0,0.0,0.0,0.0,0.0,41.0,8.0,7.0,6.0,67.0,833.4211780013768,990.0,967.5256847120056,22.4743152879945,0.4178859528133815,0.1787105890006884,989.4034034581858,0.2672464010409362,0.2672464010409362,0.2672464010409362,0.2672464010409362,21.6104723451394,21.6104723451394,21.6104723451394,21.6104723451394,,0.9298667129541568,0.9298667129541568,0.9298667129541568,0.9298667129541568,38.301875133411606,38.301875133411606,38.301875133411606,38.301875133411606,0.7800789232874054,0.7800789232874054,0.7800789232874054,0.7800789232874054,0.97,0.97,0.97,0.97,37.15281887940926,37.15281887940926,37.15281887940926,37.15281887940926,148.61127551763704,3566.6706124232887,0.1639538871381172,5.309980102695013e-05,0.355
1942-03-11,1942-03-22,1003.5869,0.9213790990341242,924.6839937244496,0.353,1942,3,11,1942.03,1941,6,162,24,0.0798926970577924,18.26281572307289,0.0197503318398686,0.86,4,Mod_Dry,41,8,7,6,67,129.0,0.1395071190541676,795.6839937244496,795.6839937244496,,4,198.9209984311124,198.9209984311124,198.9209984311124,198.9209984311124,0.0,0.0,0.0,0.0,0.0,0.0,41.0,8.0,7.0,6.0,67.0,851.6839937244496,990.0,967.5987359748976,22.40126402510225,0.4345966773050139,0.1878419968622248,989.3775613258327,0.2799787956071147,0.2799787956071147,0.2799787956071147,0.2799787956071147,21.498846555327997,21.498846555327997,21.498846555327997,21.498846555327997,,0.9313830752572172,0.9313830752572172,0.9313830752572172,0.9313830752572172,39.06275157876418,39.06275157876418,39.06275157876418,39.06275157876418,0.7955753885695351,0.7955753885695351,0.7955753885695351,0.7955753885695351,0.97,0.97,0.97,0.97,37.89086903140125,37.89086903140125,37.89086903140125,37.89086903140125,151.563476125605,3637.52342701452,0.1639084023885137,5.291166584032815e-05,0.355
1942-03-12,1942-03-23,1019.9159,0.9227467245233664,941.1240560143012,0.348,1942,3,12,1942.03,1941,6,163,24,0.0813131184396356,16.440062289851767,0.017468539014374,0.86,4,Mod_Dry,41,8,7,6,67,129.0,0.137070133502187,812.1240560143012,812.1240560143012,,4,203.0310140035753,203.0310140035753,203.0310140035753,203.0310140035753,0.0,0.0,0.0,0.0,0.0,0.0,41.0,8.0,7.0,6.0,67.0,868.1240560143012,990.0,967.6644962240572,22.33550377594281,0.4496395576426775,0.199699244811441,989.350661197546,0.2916687000502254,0.2916687000502254,0.2916687000502254,0.2916687000502254,21.39449627343853,21.39449627343853,21.39449627343853,21.39449627343853,,0.9327357417193648,0.9327357417193648,0.9327357417193648,0.9327357417193648,39.73395244402332,39.73395244402332,39.73395244402332,39.73395244402332,0.8092454672917172,0.8092454672917172,0.8092454672917172,0.8092454672917172,0.9709245467291716,0.9709245467291716,0.9709245467291716,0.9709245467291716,38.578669766471805,38.578669766471805,38.578669766471805,38.578669766471805,154.31467906588722,3703.552297581293,0.1639684779915372,5.2781577287323056e-05,0.35
1942-03-13,1942-03-24,1028.1428,0.9210811262601332,947.0029281802472,0.345,1942,3,13,1942.03,1941,6,164,24,0.0818210529947733,5.878872165945723,0.0062078711596409,0.86,4,Mod_Dry,41,8,7,6,67,129.0,0.1362192197735706,818.0029281802472,818.0029281802472,,4,204.5007320450618,204.5007320450618,204.5007320450618,204.5007320450618,0.0,0.0,0.0,0.0,0.0,0.0,41.0,8.0,7.0,6.0,67.0,874.0029281802472,990.0,967.6880117127208,22.311988287279064,0.4550188055404994,0.2044023425441977,989.3405788519152,0.2958720936488767,0.2958720936488767,0.2958720936488767,0.2958720936488767,21.35669504554551,21.35669504554551,21.35669504554551,21.35669504554551,,0.933216901131346,0.933216901131346,0.933216901131346,0.933216901131346,39.97147810808657,39.97147810808657,39.97147810808657,39.97147810808657,0.8140830571911726,0.8140830571911726,0.8140830571911726,0.8140830571911726,0.9714083057191172,0.9714083057191172,0.9714083057191172,0.9714083057191172,38.82862582606516,38.82862582606516,38.82862582606516,38.82862582606516,155.31450330426065,3727.548079302256,0.1640063601521398,5.274176423853863e-05,0.345
1942-03-14,1942-03-25,1036.4114,0.9189739555961264,952.4350838829192,0.343,1942,3,14,1942.03,1941,6,165,24,0.0822903912474842,5.432155702672277,0.0057034393152825,0.86,4,Mod_Dry,41,8,7,6,67,129.0,0.1354423017200169,823.4350838829192,823.4350838829192,,4,205.8587709707298,205.8587709707298,205.8587709707298,205.8587709707298,0.0,0.0,0.0,0.0,0.0,0.0,41.0,8.0,7.0,6.0,67.0,879.4350838829192,990.0,967.7097403355316,22.29025966446829,0.4599893018056684,0.2087480671063354,989.331262631088,0.2998247866539456,0.2998247866539456,0.2998247866539456,0.2998247866539456,21.32169750890241,21.32169750890241,21.32169750890241,21.32169750890241,,0.9335502006361578,0.9335502006361578,0.9335502006361578,0.9335502006361578,40.185329106468295,40.185329106468295,40.185329106468295,40.185329106468295,0.8184384746734886,0.8184384746734886,0.8184384746734886,0.8184384746734886,0.9718438474673488,0.9718438474673488,0.9718438474673488,0.9718438474673488,39.05386485057179,39.05386485057179,39.05386485057179,39.05386485057179,156.21545940228717,3749.171025654892,0.1640169099666328,5.269775847135498e-05,0.345
1942-03-15,1942-03-26,1053.0739999999996,0.9224728423044594,971.4321659369264,0.34,1942,3,15,1942.03,1941,6,166,24,0.0839317391369504,18.997082054007024,0.0195557474007304,0.86,4,Mod_Dry,41,8,7,6,67,129.0,0.1327936262802067,842.4321659369264,842.4321659369264,,4,210.6080414842316,210.6080414842316,210.6080414842316,210.6080414842316,0.0,0.0,0.0,0.0,0.0,0.0,41.0,8.0,7.0,6.0,67.0,898.4321659369264,990.0,967.7857286637476,22.214271336252292,0.4773718899653015,0.2239457327495411,989.2986823772852,0.3138241244526947,0.3138241244526947,0.3138241244526947,0.3138241244526947,21.19912958908482,21.19912958908482,21.19912958908482,21.19912958908482,,0.9344815972842766,0.9344815972842766,0.9344815972842766,0.9344815972842766,40.91687260455978,40.91687260455978,40.91687260455978,40.91687260455978,0.8333375275877755,0.8333375275877755,0.8333375275877755,0.8333375275877755,0.9733337527587776,0.9733337527587776,0.9733337527587776,0.9733337527587776,39.82577316334898,39.82577316334898,39.82577316334898,39.82577316334898,159.30309265339594,3823.2742236815034,0.1639878709387303,5.252750412393544e-05,0.34
1942-03-16,1942-03-27,1061.4682,0.9202131020126134,976.7769450097452,0.335,1942,3,16,1942.03,1941,6,167,24,0.0843935280488419,5.344779072818824,0.0054718521972951,0.86,4,Mod_Dry,41,8,7,6,67,129.0,0.1320669991844586,847.7769450097452,847.7769450097452,,4,211.9442362524363,211.9442362524363,211.9442362524363,211.9442362524363,0.0,0.0,0.0,0.0,0.0,0.0,41.0,8.0,7.0,6.0,67.0,903.7769450097452,990.0,967.8071077800388,22.19289221996109,0.4822624354271209,0.2282215560077961,989.289516008565,0.3178327087573089,0.3178327087573089,0.3178327087573089,0.3178327087573089,21.16457551976877,21.16457551976877,21.16457551976877,21.16457551976877,,0.9347407366125592,0.9347407366125592,0.9347407366125592,0.9347407366125592,41.12075146599942,41.12075146599942,41.12075146599942,41.12075146599942,0.8374898465580329,0.8374898465580329,0.8374898465580329,0.8374898465580329,0.9737489846558032,0.9737489846558032,0.9737489846558032,0.9737489846558032,40.04128998830057,40.04128998830057,40.04128998830057,40.04128998830057,160.16515995320228,3843.9638388768544,0.163973116658281,5.2478806449155605e-05,0.335
1942-03-17,1942-03-28,1069.9044,0.9248279637273736,989.4775076349576,0.333,1942,3,17,1942.03,1941,6,168,24,0.0854908566596603,12.700562625212342,0.0128356253954363,0.86,4,Mod_Dry,41,8,7,6,67,129.0,0.1303718366558275,860.4775076349576,860.4775076349576,,4,215.1193769087394,215.1193769087394,215.1193769087394,215.1193769087394,0.0,0.0,0.0,0.0,0.0,0.0,41.0,8.0,7.0,6.0,67.0,916.4775076349576,990.0,967.8579100305398,22.142089969460244,0.4938836227695806,0.2383820061079661,989.2677343711224,0.3273676808789174,0.3273676808789174,0.3273676808789174,0.3273676808789174,21.08245665970384,21.08245665970384,21.08245665970384,21.08245665970384,,0.9353515067831206,0.9353515067831206,0.9353515067831206,0.9353515067831206,41.60200838213583,41.60200838213583,41.60200838213583,41.60200838213583,0.8472914130781227,0.8472914130781227,0.8472914130781227,0.8472914130781227,0.9747291413078124,0.9747291413078124,0.9747291413078124,0.9747291413078124,40.55068990699967,40.55068990699967,40.55068990699967,40.55068990699967,162.20275962799866,3892.866231071968,0.1639276874677976,5.2361998679926986e-05,0.335
1942-03-18,1942-03-29,1069.9044,0.9248279637273736,989.4775076349576,0.333,1942,3,18,1942.03,1941,6,169,25,0.0854908566596603,0.0,0.0,0.86,4,Mod_Dry,41,8,7,6,67,129.0,0.1303718366558275,860.4775076349576,860.4775076349576,,4,215.1193769087394,215.1193769087394,215.1193769087394,215.1193769087394,0.0,0.0,0.0,0.0,0.0,0.0,41.0,8.0,7.0,6.0,67.0,916.4775076349576,990.0,967.8579100305398,22.142089969460244,0.4938836227695806,0.2383820061079661,989.2677343711224,0.3273676808789174,0.3273676808789174,0.3273676808789174,0.3273676808789174,21.08245665970384,21.08245665970384,21.08245665970384,21.08245665970384,,0.9353515067831206,0.9353515067831206,0.9353515067831206,0.9353515067831206,41.60200838213583,41.60200838213583,41.60200838213583,41.60200838213583,0.8472914130781227,0.8472914130781227,0.8472914130781227,0.8472914130781227,0.9747291413078124,0.9747291413078124,0.9747291413078124,0.9747291413078124,40.55068990699967,40.55068990699967,40.55068990699967,40.55068990699967,162.20275962799866,3892.866231071968,0.1639276874677976,5.2361998679926986e-05,0.335
1942-03-19,1942-03-30,1078.3827,0.9251619817921662,997.6786758623872,0.331,1942,3,19,1942.03,1941,6,170,25,0.0861994375945102,8.201168227429662,0.0082202500923863,0.86,4,Mod_Dry,41,8,7,6,67,129.0,0.1293001475535128,868.6786758623872,868.6786758623872,,4,217.1696689655968,217.1696689655968,217.1696689655968,217.1696689655968,0.0,0.0,0.0,0.0,0.0,0.0,41.0,8.0,7.0,6.0,67.0,924.6786758623872,990.0,967.8907147034496,22.109285296550524,0.5013878031126457,0.2449429406899097,989.2536692561974,0.3336825804140381,0.3336825804140381,0.3336825804140381,0.3336825804140381,21.029271972333927,21.029271972333927,21.029271972333927,21.029271972333927,,0.9357419828703027,0.9357419828703027,0.9357419828703027,0.9357419828703027,41.91005410858181,41.91005410858181,41.91005410858181,41.91005410858181,0.8535652567939269,0.8535652567939269,0.8535652567939269,0.8535652567939269,0.9753565256793928,0.9753565256793928,0.9753565256793928,0.9753565256793928,40.87724476638172,40.87724476638172,40.87724476638172,40.87724476638172,163.50897906552686,3924.215497572645,0.1638894195309835,5.2285341074414e-05,0.33
1942-03-20,1942-03-31,1086.9032,0.940956999887256,1022.729174239858,0.328,1942,3,20,1942.03,1941,6,171,25,0.0883638006543237,25.05049837747072,0.0244937750955324,0.86,4,Mod_Dry,41,8,7,6,67,129.0,0.1261330988195179,893.729174239858,893.729174239858,,4,223.4322935599645,223.4322935599645,223.4322935599645,223.4322935599645,0.0,0.0,0.0,0.0,0.0,0.0,41.0,8.0,7.0,6.0,67.0,949.729174239858,990.0,967.971434547611,22.02856545238899,0.5243093494454566,0.2649833393918864,989.2107073111628,0.3531774017782885,0.3531774017782885,0.3531774017782885,0.3531774017782885,20.88609536177335,20.88609536177335,20.88609536177335,20.88609536177335,,0.9368692595312444,0.9368692595312444,0.9368692595312444,0.9368692595312444,42.87665421977587,42.87665421977587,42.87665421977587,42.87665421977587,0.8732516134373904,0.8732516134373904,0.8732516134373904,0.8732516134373904,0.977325161343739,0.977325161343739,0.977325161343739,0.977325161343739,41.90443300322217,41.90443300322217,41.90443300322217,41.90443300322217,167.61773201288867,4022.825568309328,0.1638925888053113,5.2096857142760615e-05,0.33
1942-03-21,1942-04-01,1104.0713,0.9309189777098624,1027.8009259147989,0.324,1942,3,21,1942.03,1941,6,172,25,0.0888019999990386,5.071751674940742,0.0049345661665235,0.87,4,Mod_Dry,41,8,7,6,67,129.0,0.1255106866976043,898.8009259147989,898.8009259147989,,4,224.7002314786997,224.7002314786997,224.7002314786997,224.7002314786997,0.0,0.0,0.0,0.0,0.0,0.0,41.0,8.0,7.0,6.0,67.0,954.8009259147988,990.0,967.9873743385892,22.01262566141065,0.5289500711290707,0.2690407407318391,989.2020091881392,0.3571587268431171,0.3571587268431171,0.3571587268431171,0.3571587268431171,20.857476122706608,20.857476122706608,20.857476122706608,20.857476122706608,,0.9370995049892692,0.9370995049892692,0.9370995049892692,0.9370995049892692,43.07146887573971,43.07146887573971,43.07146887573971,43.07146887573971,0.8772193253714808,0.8772193253714808,0.8772193253714808,0.8772193253714808,0.977721932537148,0.977721932537148,0.977721932537148,0.977721932537148,42.11191978640185,42.11191978640185,42.11191978640185,42.11191978640185,168.4476791456074,4042.7442994945777,0.1638913479238985,5.205938338043775e-05,0.325
1942-03-22,1942-04-02,1112.7189,0.9371977043562544,1042.8375986738165,0.321,1942,3,22,1942.03,1941,6,173,25,0.0901011685254177,15.03667275901762,0.0144189975295672,0.87,4,Mod_Dry,41,8,7,6,67,129.0,0.1237009484161773,913.8375986738164,913.8375986738164,,4,228.45939966845413,228.45939966845413,228.45939966845413,228.45939966845413,0.0,0.0,0.0,0.0,0.0,0.0,41.0,8.0,7.0,6.0,67.0,969.8375986738164,990.0,968.0346324529748,21.965367547025156,0.5427088309806155,0.2810700789390532,989.1762210900804,0.3692392669324222,0.3692392669324222,0.3692392669324222,0.3692392669324222,20.77234937017312,20.77234937017312,20.77234937017312,20.77234937017312,,0.9376067186089948,0.9376067186089948,0.9376067186089948,0.9376067186089948,43.63691702511538,43.63691702511538,43.63691702511538,43.63691702511538,0.88873558095958,0.88873558095958,0.88873558095958,0.88873558095958,0.978873558095958,0.978873558095958,0.978873558095958,0.978873558095958,42.71502423271278,42.71502423271278,42.71502423271278,42.71502423271278,170.8600969308511,4100.642326340427,0.1638415196653199,5.19360749713344e-05,0.32
1942-03-23,1942-04-03,1121.4092,0.9368114987301732,1050.5490333418047,0.319,1942,3,23,1942.03,1941,6,174,25,0.0907674364807319,7.711434667988442,0.0073403852873561,0.87,4,Mod_Dry,41,8,7,6,67,129.0,0.1227929357943912,921.5490333418048,921.5490333418048,,4,230.3872583354512,230.3872583354512,230.3872583354512,230.3872583354512,0.0,0.0,0.0,0.0,0.0,0.0,41.0,8.0,7.0,6.0,67.0,977.5490333418048,990.0,968.0588683905028,21.941131609497237,0.5497648984636363,0.2872392266734437,989.1629958748628,0.3754702073402798,0.3754702073402798,0.3754702073402798,0.3754702073402798,20.728657277019828,20.728657277019828,20.728657277019828,20.728657277019828,,0.9378563504441616,0.9378563504441616,0.9378563504441616,0.9378563504441616,43.92427992582028,43.92427992582028,43.92427992582028,43.92427992582028,0.8945881858619201,0.8945881858619201,0.8945881858619201,0.8945881858619201,0.979458818586192,0.979458818586192,0.979458818586192,0.979458818586192,43.02202332339312,43.02202332339312,43.02202332339312,43.02202332339312,172.08809329357248,4130.11423904574,0.1638077689207508,5.187162745291873e-05,0.32
1942-03-24,1942-04-04,1130.1421,0.9379332643780708,1059.9978690640885,0.316,1942,3,24,1942.03,1941,6,175,25,0.0915838158871372,9.448835722283777,0.0089140138844113,0.87,4,Mod_Dry,41,8,7,6,67,129.0,0.1216983578598124,930.9978690640884,930.9978690640884,,4,232.74946726602207,232.74946726602207,232.74946726602207,232.74946726602207,0.0,0.0,0.0,0.0,0.0,0.0,41.0,8.0,7.0,6.0,67.0,986.9978690640884,990.0,968.0885647313444,21.911435268655737,0.5584107115143749,0.2947982952512707,989.1467909932344,0.3832182526325525,0.3832182526325525,0.3832182526325525,0.3832182526325525,20.67500800925746,20.67500800925746,20.67500800925746,20.67500800925746,,0.9381596024217962,0.9381596024217962,0.9381596024217962,0.9381596024217962,44.27410693301019,44.27410693301019,44.27410693301019,44.27410693301019,0.901712972159067,0.901712972159067,0.901712972159067,0.901712972159067,0.98,0.98,0.98,0.98,43.38862479434999,43.38862479434999,43.38862479434999,43.38862479434999,173.55449917739995,4165.307980257599,0.163730988752494,5.17826997319525e-05,0.315
1942-03-25,1942-04-05,1147.7361,0.9351417914976156,1073.2959927204863,0.312,1942,3,25,1942.03,1941,6,176,26,0.09273277377105,13.298123656398046,0.0123899872417218,0.87,4,Mod_Dry,41,8,7,6,67,129.0,0.1201905167585908,944.2959927204864,944.2959927204864,,4,236.0739981801216,236.0739981801216,236.0739981801216,236.0739981801216,0.0,0.0,0.0,0.0,0.0,0.0,41.0,8.0,7.0,6.0,67.0,1000.2959927204864,990.0,968.1303588342644,21.86964116573563,0.5705786753183886,0.305436794176389,989.1239845305053,0.3942086338852085,0.3942086338852085,0.3942086338852085,0.3942086338852085,20.59941706235556,20.59941706235556,20.59941706235556,20.59941706235556,,0.9385817224806582,0.9385817224806582,0.9385817224806582,0.9385817224806582,44.76245300918231,44.76245300918231,44.76245300918231,44.76245300918231,0.9116589207572772,0.9116589207572772,0.9116589207572772,0.9116589207572772,0.98,0.98,0.98,0.98,43.86720394899866,43.86720394899866,43.86720394899866,43.86720394899866,175.46881579599466,4211.251579103871,0.1634859507406091,5.161658854517364e-05,0.31
1942-03-26,1942-04-06,1156.5974,0.9338086699838878,1080.0406798008228,0.311,1942,3,26,1942.03,1941,6,177,26,0.093315514734791,6.7446870803362335,0.0062448454085822,0.87,4,Mod_Dry,41,8,7,6,67,129.0,0.1194399455618558,951.0406798008228,951.0406798008228,,4,237.7601699502057,237.7601699502057,237.7601699502057,237.7601699502057,0.0,0.0,0.0,0.0,0.0,0.0,41.0,8.0,7.0,6.0,67.0,1007.0406798008228,990.0,968.1515564222312,21.84844357776888,0.5767501556251948,0.3108325438406582,989.1124173005342,0.3998741710326911,0.3998741710326911,0.3998741710326911,0.3998741710326911,20.560986707270345,20.560986707270345,20.560986707270345,20.560986707270345,,0.9387936260409327,0.9387936260409327,0.9387936260409327,0.9387936260409327,45.00822507188722,45.00822507188722,45.00822507188722,45.00822507188722,0.9166644617492304,0.9166644617492304,0.9166644617492304,0.9166644617492304,0.98,0.98,0.98,0.98,44.108060570449474,44.108060570449474,44.108060570449474,44.108060570449474,176.4322422817979,4234.373814763149,0.1633570342131325,5.153192416506546e-05,0.31
1942-03-27,1942-04-07,1165.5017,0.9291100950872416,1082.8793953113418,0.307,1942,3,27,1942.03,1941,6,178,26,0.0935607797548999,2.838715510519023,0.0026214512186769,0.87,4,Mod_Dry,41,8,7,6,67,129.0,0.1191268395710039,953.8793953113418,953.8793953113418,,4,238.46984882783545,238.46984882783545,238.46984882783545,238.46984882783545,0.0,0.0,0.0,0.0,0.0,0.0,41.0,8.0,7.0,6.0,67.0,1009.8793953113418,990.0,968.16047809955,21.83952190045011,0.5793476188819957,0.3131035162490734,989.1075488648688,0.4022586920615271,0.4022586920615271,0.4022586920615271,0.4022586920615271,20.544812073257518,20.544812073257518,20.544812073257518,20.544812073257518,,0.938882405480132,0.938882405480132,0.938882405480132,0.938882405480132,45.111321485726585,45.111321485726585,45.111321485726585,45.111321485726585,0.918764185045348,0.918764185045348,0.918764185045348,0.918764185045348,0.98,0.98,0.98,0.98,44.20909505601205,44.20909505601205,44.20909505601205,44.20909505601205,176.8363802240482,4244.073125377157,0.1633020085059476,5.149625515589353e-05,0.305
1942-03-28,1942-04-08,1183.4396,0.9205844129984858,1089.4560494851628,0.303,1942,3,28,1942.03,1941,6,179,26,0.094129002675518,6.576654173820997,0.0060366401902388,0.87,4,Mod_Dry,41,8,7,6,67,129.0,0.1184077137035135,960.4560494851628,960.4560494851628,,4,240.1140123712907,240.1140123712907,240.1140123712907,240.1140123712907,0.0,0.0,0.0,0.0,0.0,0.0,41.0,8.0,7.0,6.0,67.0,1016.4560494851628,990.0,968.1811475840964,21.81885241590373,0.5853653467965704,0.3183648395881302,989.0962698136152,0.4077922025572399,0.4077922025572399,0.4077922025572399,0.4077922025572399,20.507330026961704,20.507330026961704,20.507330026961704,20.507330026961704,,0.9390871432837024,0.9390871432837024,0.9390871432837024,0.9390871432837024,45.349366007206605,45.349366007206605,45.349366007206605,45.349366007206605,0.9236123423056336,0.9236123423056336,0.9236123423056336,0.9236123423056336,0.98,0.98,0.98,0.98,44.44237868706247,44.44237868706247,44.44237868706247,44.44237868706247,177.7695147482499,4266.468353957997,0.163172727190103,5.141351422573926e-05,0.305
1942-03-29,1942-04-09,1192.4734,0.9195163786021252,1096.498822347363,0.301,1942,3,29,1942.03,1941,6,180,26,0.0947374982508122,7.042772862200537,0.006422964364999,0.87,4,Mod_Dry,41,8,7,6,67,129.0,0.1176471851778548,967.4988223473632,967.4988223473632,,4,241.8747055868408,241.8747055868408,241.8747055868408,241.8747055868408,0.0,0.0,0.0,0.0,0.0,0.0,41.0,8.0,7.0,6.0,67.0,1023.4988223473632,990.0,968.2032820130916,21.79671798690833,0.5918095796433536,0.3239990578778904,989.0841913624788,0.4138489872187322,0.4138489872187322,0.4138489872187322,0.4138489872187322,20.467060362168294,20.467060362168294,20.467060362168294,20.467060362168294,,0.9393047002693948,0.9393047002693948,0.9393047002693948,0.9393047002693948,45.60275906095983,45.60275906095983,45.60275906095983,45.60275906095983,0.9287730969645586,0.9287730969645586,0.9287730969645586,0.9287730969645586,0.98,0.98,0.98,0.98,44.69070387974063,44.69070387974063,44.69070387974063,44.69070387974063,178.76281551896253,4290.307572455101,0.1630305586067759,5.1324442466688646e-05,0.3
1942-03-30,1942-04-10,1210.671,0.922658798487674,1117.0362502238706,0.296,1942,3,30,1942.03,1941,6,181,26,0.0965119320193424,20.53742787650731,0.0183856413544245,0.87,4,Mod_Dry,41,8,7,6,67,129.0,0.1154841662248172,988.0362502238706,988.0362502238706,,4,247.0090625559677,247.0090625559677,247.0090625559677,247.0090625559677,0.0,0.0,0.0,0.0,0.0,0.0,41.0,8.0,7.0,6.0,67.0,1044.0362502238706,990.0,968.2678282149892,21.73217178501068,0.6164641901523031,0.3404290001790965,989.0431068096684,0.4316317189458868,0.4316317189458868,0.4316317189458868,0.4316317189458868,20.34364687573332,20.34364687573332,20.34364687573332,20.34364687573332,,0.9397342816979252,0.9397342816979252,0.9397342816979252,0.9397342816979252,46.3111393855165,46.3111393855165,46.3111393855165,46.3111393855165,0.9432003948170364,0.9432003948170364,0.9432003948170364,0.9432003948170364,0.98,0.98,0.98,0.98,45.38491659780617,45.38491659780617,45.38491659780617,45.38491659780617,181.53966639122467,4356.951993389392,0.162519046588543,5.103829449298803e-05,0.295
1942-03-31,1942-04-11,1229.0427,0.91756512366433,1127.726717014242,0.293,1942,3,31,1942.03,1941,6,182,26,0.0974355883500305,10.690466790371373,0.0094796608336772,0.87,4,Mod_Dry,41,8,7,6,67,129.0,0.1143894154973459,998.726717014242,998.726717014242,,4,249.6816792535605,249.6816792535605,249.6816792535605,249.6816792535605,0.0,0.0,0.0,0.0,0.0,0.0,41.0,8.0,7.0,6.0,67.0,1054.726717014242,990.0,968.301426824902,21.69857317509809,0.6321306175934291,0.3489813736113936,989.0188880087952,0.4409858773874617,0.4409858773874617,0.4409858773874617,0.4409858773874617,20.27647530650573,20.27647530650573,20.27647530650573,20.27647530650573,,0.9397944274233204,0.9397944274233204,0.9397944274233204,0.9397944274233204,46.66064143259474,46.66064143259474,46.66064143259474,46.66064143259474,0.9503185627819704,0.9503185627819704,0.9503185627819704,0.9503185627819704,0.98,0.98,0.98,0.98,45.72742860394285,45.72742860394285,45.72742860394285,45.72742860394285,182.9097144157714,4389.833145978513,0.1621932970605159,5.0873029767618e-05,0.295
1942-04-01,1942-04-12,1238.2939,0.9143826532177884,1132.2744617454025,0.29,1942,4,1,1942.04,1941,7,183,27,0.0978285134948028,4.547744731160492,0.0040164685196115,0.87,4,Mod_Dry,45,11,10,10,72,148.0,0.1307103577800896,984.2744617454024,984.2744617454024,,4,246.06861543635063,246.06861543635063,246.06861543635063,246.06861543635063,0.0,0.0,0.0,0.0,0.0,0.0,45.0,11.0,10.0,10.0,72.0,1050.2744617454025,990.0,968.3157197369142,21.68428026308584,0.6256060255913786,0.337419569396322,989.0369744050124,0.4283401540272272,0.4283401540272272,0.4283401540272272,0.4283401540272272,20.29291451407091,20.29291451407091,20.29291451407091,20.29291451407091,,0.9395618259920984,0.9395618259920984,0.9395618259920984,0.9395618259920984,46.01132227475508,46.01132227475508,46.01132227475508,46.01132227475508,0.9370941400153784,0.9370941400153784,0.9370941400153784,0.9370941400153784,0.98,0.98,0.98,0.98,45.09109582925998,45.09109582925998,45.09109582925998,45.09109582925998,180.3643833170399,4328.745199608958,0.1592938721226724,5.090167380673754e-05,0.29
1942-04-02,1942-04-13,1266.3107,0.909265330658498,1151.4124173518942,0.285,1942,4,2,1942.04,1941,7,184,27,0.0994820328592036,19.137955606491687,0.0166212864461776,0.87,4,Mod_Dry,45,11,10,10,72,148.0,0.1285377834819444,1003.4124173518942,1003.4124173518942,,4,250.85310433797355,250.85310433797355,250.85310433797355,250.85310433797355,0.0,0.0,0.0,0.0,0.0,0.0,45.0,11.0,10.0,10.0,72.0,1069.4124173518942,990.0,968.3758675973916,21.624132402608325,0.6536518910114588,0.3544361425574624,988.9919119664312,0.4451370514431858,0.4451370514431858,0.4451370514431858,0.4451370514431858,20.17090731759621,20.17090731759621,20.17090731759621,20.17090731759621,,0.939658123424239,0.939658123424239,0.939658123424239,0.939658123424239,46.62871913870763,46.62871913870763,46.62871913870763,46.62871913870763,0.949668414230298,0.949668414230298,0.949668414230298,0.949668414230298,0.98,0.98,0.98,0.98,45.696144755933474,45.696144755933474,45.696144755933474,45.696144755933474,182.7845790237339,4386.829896569614,0.1587481394756153,5.060082304667482e-05,0.285
1942-04-03,1942-04-14,1294.7235,0.9135144469019452,1182.7486219934508,0.279,1942,4,3,1942.04,1941,7,185,27,0.1021894809402341,31.336204641556613,0.026494391165505,0.87,4,Mod_Dry,45,11,10,10,72,148.0,0.1251322531668267,1034.7486219934508,1034.7486219934508,,4,258.6871554983627,258.6871554983627,258.6871554983627,258.6871554983627,0.0,0.0,0.0,0.0,0.0,0.0,45.0,11.0,10.0,10.0,72.0,1100.7486219934508,990.0,968.4743528119794,21.52564718802057,0.6995737750529853,0.395173208591486,988.9052530163556,0.4733949891240074,0.4733949891240074,0.4733949891240074,0.4733949891240074,19.957505215252137,19.957505215252137,19.957505215252137,19.957505215252137,,0.9397147597294306,0.9397147597294306,0.9397147597294306,0.9397147597294306,47.5790607554377,47.5790607554377,47.5790607554377,47.5790607554377,0.969023640640279,0.969023640640279,0.969023640640279,0.969023640640279,0.98,0.98,0.98,0.98,46.62747954032895,46.62747954032895,46.62747954032895,46.62747954032895,186.5099181613158,4476.238035871579,0.1576919344424724,5.006849924627723e-05,0.28
1942-04-04,1942-04-15,1323.5347,0.9063317221724048,1199.561484005937,0.273,1942,4,4,1942.04,1941,7,186,27,0.1036421122181129,16.81286201248622,0.0140158401521359,0.87,4,Mod_Dry,45,11,10,10,72,148.0,0.1233784195085639,1051.561484005937,1051.561484005937,,4,262.89037100148425,262.89037100148425,262.89037100148425,262.89037100148425,0.0,0.0,0.0,0.0,0.0,0.0,45.0,11.0,10.0,10.0,72.0,1117.561484005937,990.0,968.5271932354472,21.47280676455273,0.7242123140392824,0.4170299292077181,988.858757756753,0.4888943727054917,0.4888943727054917,0.4888943727054917,0.4888943727054917,19.84267014860023,19.84267014860023,19.84267014860023,19.84267014860023,,0.939682898939233,0.939682898939233,0.939682898939233,0.939682898939233,48.07229046396954,48.07229046396954,48.07229046396954,48.07229046396954,0.9790690522193388,0.9790690522193388,0.9790690522193388,0.9790690522193388,0.98,0.98,0.98,0.98,47.11084465469016,47.11084465469016,47.11084465469016,47.11084465469016,188.44337861876065,4522.641086850255,0.1570935555461932,4.9778718359144654e-05,0.275
1942-04-05,1942-04-16,1362.5733,0.9145051960029634,1246.0803627849048,0.265,1942,4,5,1942.04,1941,7,187,27,0.1076613433446157,46.51887877896775,0.0373321658604756,0.87,4,Mod_Dry,45,11,10,10,72,148.0,0.1187724358878668,1098.0803627849048,1098.0803627849048,,4,274.5200906962262,274.5200906962262,274.5200906962262,274.5200906962262,0.0,0.0,0.0,0.0,0.0,0.0,45.0,11.0,10.0,10.0,72.0,1164.0803627849048,990.0,968.6733954258954,21.32660457410464,0.7923837656067327,0.4775044716203761,988.7301117627728,0.5330475500874331,0.5330475500874331,0.5330475500874331,0.5330475500874331,19.52366878679014,19.52366878679014,19.52366878679014,19.52366878679014,,0.938715206832243,0.938715206832243,0.938715206832243,0.938715206832243,49.3410193990427,49.3410193990427,49.3410193990427,49.3410193990427,1.0049087453980183,1.0049087453980183,1.0049087453980183,1.0049087453980183,0.98,0.98,0.98,0.98,48.2,48.2,48.2,48.2,192.8,4627.200000000001,0.1547251732377076,4.877198187911333e-05,0.265
1942-04-06,1942-04-17,1422.4786,0.9333766458487232,1327.7083044595877,0.255,1942,4,6,1942.04,1941,7,188,27,0.1147139975053083,81.62794167468269,0.0614803277199561,0.87,4,Mod_Dry,45,11,10,10,72,148.0,0.1114702676053833,1179.7083044595877,1100.0,,4,275.0,275.0,275.0,275.0,79.70830445958768,24.23563311271247,5.924265871996382,5.385696247269438,5.385696247269438,38.777012980339954,69.23563311271246,16.924265871996383,15.385696247269438,15.385696247269438,110.77701298033996,1201.5455952319785,990.0,968.9299403854444,21.07005961455559,0.8472874809641991,0.48,988.6727125190358,0.5349,0.5349,0.5349,0.5349,19.20787213359141,19.20787213359141,19.20787213359141,19.20787213359141,,0.9377185610568052,0.9377185610568052,0.9377185610568052,0.9377185610568052,48.576157917269015,48.576157917269015,48.576157917269015,48.576157917269015,0.989331118477984,0.989331118477984,0.989331118477984,0.989331118477984,0.98,0.98,0.98,0.98,47.60463475892363,47.60463475892363,47.60463475892363,47.60463475892363,190.4185390356945,4570.044936856669,0.1434189561036148,4.808548965547842e-05,0.255
1942-04-07,1942-04-18,1484.0171,0.9431309976592172,1399.6225280663384,0.244,1942,4,7,1942.04,1941,7,189,27,0.1209273864249316,71.91422360675097,0.0513811561079291,0.87,4,Mod_Dry,45,11,10,10,72,148.0,0.1057427963841585,1251.6225280663384,1100.0,,4,275.0,275.0,275.0,275.0,151.62252806633842,46.10144434449479,6.999999999999998,10.244765409887732,10.244765409887732,78.03155290206817,91.10144434449478,18.0,20.244765409887734,20.244765409887734,150.03155290206817,1229.3462097543825,990.0,969.1603189368298,20.839681063170246,0.8909215311393003,0.48,988.6290784688608,0.5349,0.5349,0.5349,0.5349,18.93385953203096,18.93385953203096,18.93385953203096,18.93385953203096,,0.9368616575258976,0.9368616575258976,0.9368616575258976,0.9368616575258976,47.83943141419044,47.83943141419044,47.83943141419044,47.83943141419044,0.9743265053806608,0.9743265053806608,0.9743265053806608,0.9743265053806608,0.98,0.98,0.98,0.98,46.88264278590663,46.88264278590663,46.88264278590663,46.88264278590663,187.53057114362653,4500.733707447037,0.1339865337854422,4.735620483424913e-05,0.245
1942-04-08,1942-04-19,1568.6399,0.9517310164019286,1492.9232463956196,0.231,1942,4,8,1942.04,1941,7,190,28,0.1289885684885815,93.30071832928115,0.062495321547533,0.87,4,Mod_Dry,45,11,10,10,72,148.0,0.0991343663227952,1344.9232463956196,1100.0,,4,275.0,275.0,275.0,275.0,244.9232463956196,55.0,7.0,15.0,16.548867999704026,151.37437839591556,100.0,18.0,25.0,26.548867999704022,223.3743783959156,1243.0,990.0,969.4617520268166,20.53824797318339,0.9262894125183112,0.48,988.5937105874816,0.5349,0.5349,0.5349,0.5349,18.59705856066511,18.59705856066511,18.59705856066511,18.59705856066511,,0.9358007344660952,0.9358007344660952,0.9358007344660952,0.9358007344660952,46.935238997421045,46.935238997421045,46.935238997421045,46.935238997421045,0.9559111812102046,0.9559111812102046,0.9559111812102046,0.9559111812102046,0.98,0.98,0.98,0.98,45.99653421747262,45.99653421747262,45.99653421747262,45.99653421747262,183.9861368698905,4415.667284877372,0.1232388452079436,4.646114567421477e-05,0.23
1942-04-09,1942-04-20,1645.1264,0.9659758417726594,1589.152359062425,0.219,1942,4,9,1942.04,1941,7,191,28,0.1373027638229935,96.22911266680536,0.0605537361588029,0.87,4,Mod_Dry,45,11,10,10,72,148.0,0.0931314100602145,1441.152359062425,1100.0,,4,275.0,275.0,275.0,275.0,341.1523590624249,55.000000000000014,7.0,14.999999999999996,23.050835071785468,241.10152399063944,100.0,18.0,25.0,33.05083507178547,313.10152399063946,1243.0,990.0,969.7726460831248,20.227353916875245,0.9262894125183112,0.48,988.5937105874816,0.5349,0.5349,0.5349,0.5349,18.286164504356968,18.286164504356968,18.286164504356968,18.286164504356968,,0.9348214181887244,0.9348214181887244,0.9348214181887244,0.9348214181887244,46.10230822107891,46.10230822107891,46.10230822107891,46.10230822107891,0.9389472142785928,0.9389472142785928,0.9389472142785928,0.9389472142785928,0.98,0.98,0.98,0.98,45.18026205665733,45.18026205665733,45.18026205665733,45.18026205665733,180.7210482266293,4337.305157439103,0.1137216624926082,4.56366283400579e-05,0.22
1942-04-10,1942-04-21,1712.5226,0.9796730877109254,1677.712303316742,0.209,1942,4,10,1942.04,1941,7,192,28,0.1449543430065665,88.55994425431709,0.052786132687493,0.87,4,Mod_Dry,45,11,10,10,72,148.0,0.0882153630914027,1529.712303316742,1100.0,,4,275.0,275.0,275.0,275.0,429.712303316742,55.0,7.000000000000004,15.0,29.03461508896905,323.677688227773,100.0,18.0,25.0,39.034615088969055,395.677688227773,1243.0,990.0,970.0587628261004,19.941237173899708,0.9262894125183112,0.48,988.5937105874816,0.5349,0.5349,0.5349,0.5349,18.00004776138143,18.00004776138143,18.00004776138143,18.00004776138143,,0.9339201504483516,0.9339201504483516,0.9339201504483516,0.9339201504483516,45.3372106349255,45.3372106349255,45.3372106349255,45.3372106349255,0.9233647787153868,0.9233647787153868,0.9233647787153868,0.9233647787153868,0.98,0.98,0.98,0.98,44.430466422226985,44.430466422226985,44.430466422226985,44.430466422226985,177.72186568890794,4265.324776533791,0.1059310737231657,4.4879259012350496e-05,0.21
1942-04-11,1942-04-22,1793.3188,0.9856727560705408,1767.625484109115,0.199,1942,4,11,1942.04,1941,7,193,28,0.1527228418270275,89.91318079237293,0.0508666465836168,0.8200000000000001,4,Mod_Dry,45,11,10,10,72,148.0,0.0837281433937869,1619.625484109115,1100.0,,4,275.0,275.0,275.0,275.0,519.625484109115,55.0,7.0,15.0,35.10983000737264,407.5156541017424,100.0,18.0,25.0,45.10983000737264,479.5156541017424,1243.0,990.0,970.3492515640448,19.650748435955165,0.9262894125183112,0.48,988.5937105874816,0.5349,0.5349,0.5349,0.5349,17.70955902343689,17.70955902343689,17.70955902343689,17.70955902343689,,0.9324285855853484,0.9324285855853484,0.9324285855853484,0.9324285855853484,44.53430916826936,44.53430916826936,44.53430916826936,44.53430916826936,0.9070124066857304,0.9070124066857304,0.9070124066857304,0.9070124066857304,0.98,0.98,0.98,0.98,43.64362298490397,43.64362298490397,43.64362298490397,43.64362298490397,174.57449193961588,4189.787806550781,0.098762149283903,4.408446766151916e-05,0.2
1942-04-12,1942-04-23,1876.4759,0.9974557133713636,1871.701607458672,0.189,1942,4,12,1942.04,1941,7,194,28,0.1617150188844292,104.0761233495566,0.0556050830617533,0.8200000000000001,4,Mod_Dry,45,11,10,10,72,148.0,0.0790724330257689,1723.701607458672,1100.0,,4,275.0,275.0,275.0,275.0,623.701607458672,55.0,7.0,15.0,42.142000503964326,504.55960695470776,100.0,18.0,25.0,52.142000503964326,576.5596069547078,1243.0,990.0,970.6854975010204,19.314502498979664,0.9262894125183112,0.48,988.5937105874816,0.5349,0.5349,0.5349,0.5349,17.373313086461387,17.373313086461387,17.373313086461387,17.373313086461387,,0.9307019626989792,0.9307019626989792,0.9307019626989792,0.9307019626989792,43.60784940998383,43.60784940998383,43.60784940998383,43.60784940998383,0.8881435725047623,0.8881435725047623,0.8881435725047623,0.8881435725047623,0.9788143572504762,0.9788143572504762,0.9788143572504762,0.9788143572504762,42.68398909130888,42.68398909130888,42.68398909130888,42.68398909130888,170.7359563652355,4097.662952765651,0.0912196450998696,4.311514049627158e-05,0.19
1942-04-13,1942-04-24,1912.8444,1.0019327227762016,1916.5413979392097,0.185,1942,4,13,1942.04,1941,7,195,28,0.1655891767819477,44.83979048053811,0.0233962024137609,0.8200000000000001,4,Mod_Dry,45,11,10,10,72,148.0,0.0772224383773495,1768.5413979392097,1100.0,,4,275.0,275.0,275.0,275.0,668.5413979392097,55.0,7.0,15.0,45.17171607697363,546.3696818622361,100.0,18.0,25.0,55.17171607697363,618.3696818622361,1243.0,990.0,970.830364516419,19.169635483581036,0.9262894125183112,0.48,988.5937105874816,0.5349,0.5349,0.5349,0.5349,17.228446071062756,17.228446071062756,17.228446071062756,17.228446071062756,,0.9299580705749072,0.9299580705749072,0.9299580705749072,0.9299580705749072,43.20966197489292,43.20966197489292,43.20966197489292,43.20966197489292,0.8800338487758231,0.8800338487758231,0.8800338487758231,0.8800338487758231,0.9780033848775824,0.9780033848775824,0.9780033848775824,0.9780033848775824,42.25919567086143,42.25919567086143,42.25919567086143,42.25919567086143,169.03678268344572,4056.882784402697,0.0881988684748501,4.2686056233193365e-05,0.185
1942-04-14,1942-04-25,1937.3349,1.0078456066936932,1952.5344676593647,0.182,1942,4,14,1942.04,1941,7,196,28,0.1686989780057691,35.993069720155525,0.0184340252714221,0.8200000000000001,4,Mod_Dry,45,11,10,10,72,148.0,0.0757989179967806,1804.5344676593647,1100.0,,4,275.0,275.0,275.0,275.0,704.5344676593647,55.0,7.0,15.0,47.60368024725437,579.9307874121104,100.0,18.0,25.0,57.60368024725437,651.9307874121104,1243.0,990.0,970.9466498185918,19.053350181408177,0.9262894125183112,0.48,988.5937105874816,0.5349,0.5349,0.5349,0.5349,17.1121607688899,17.1121607688899,17.1121607688899,17.1121607688899,,0.9293609455482496,0.9293609455482496,0.9293609455482496,0.9293609455482496,42.89045597448777,42.89045597448777,42.89045597448777,42.89045597448777,0.8735327082380401,0.8735327082380401,0.8735327082380401,0.8735327082380401,0.977353270823804,0.977353270823804,0.977353270823804,0.977353270823804,41.91912743378999,41.91912743378999,41.91912743378999,41.91912743378999,167.67650973515995,4024.236233643839,0.0858763379148769,4.234255296342423e-05,0.18
1942-04-15,1942-04-26,1986.9064,1.008700287979832,2004.1930578689712,0.176,1942,4,15,1942.04,1941,7,197,29,0.1731622801998791,51.658590209606025,0.0257752565336863,0.8200000000000001,4,Mod_Dry,45,11,10,10,72,148.0,0.0738451814404377,1856.1930578689712,1100.0,,4,275.0,275.0,275.0,275.0,756.1930578689712,55.0,6.999999999999993,15.0,51.09412553168725,628.098932337284,100.0,18.0,25.0,61.09412553168725,700.098932337284,1243.0,990.0,971.1101211741664,18.88987882583353,0.9262894125183112,0.48,988.5937105874816,0.5349,0.5349,0.5349,0.5349,16.948689413315257,16.948689413315257,16.948689413315257,16.948689413315257,,0.92852947327831,0.92852947327831,0.92852947327831,0.92852947327831,42.44271997329496,42.44271997329496,42.44271997329496,42.44271997329496,0.8644138487432781,0.8644138487432781,0.8644138487432781,0.8644138487432781,0.9764413848743276,0.9764413848743276,0.9764413848743276,0.9764413848743276,41.44282826855742,41.44282826855742,41.44282826855742,41.44282826855742,165.77131307422968,3978.511513781512,0.0827122479161223,4.186144269551254e-05,0.175
1942-04-16,1942-04-27,2037.2697,1.0148234027606982,2067.468969295266,0.17,1942,4,16,1942.04,1941,7,198,29,0.1786293189471109,63.2759114262949,0.0306054951082838,0.8200000000000001,4,Mod_Dry,45,11,10,10,72,148.0,0.0715851131010921,1919.468969295266,1100.0,,4,275.0,275.0,275.0,275.0,819.4689692952661,55.00000000000003,6.999999999999993,15.0,55.36952495238285,687.0994443428833,100.0,18.0,25.0,65.36952495238285,759.0994443428833,1243.0,990.0,971.2628561327816,18.737143867218265,0.9262894125183112,0.48,988.5937105874816,0.5349,0.5349,0.5349,0.5349,16.795954454699988,16.795954454699988,16.795954454699988,16.795954454699988,,0.927768853184406,0.927768853184406,0.927768853184406,0.927768853184406,42.02578844930464,42.02578844930464,42.02578844930464,42.02578844930464,0.8559223716762655,0.8559223716762655,0.8559223716762655,0.8559223716762655,0.9755922371676266,0.9755922371676266,0.9755922371676266,0.9755922371676266,41.00003297199051,41.00003297199051,41.00003297199051,41.00003297199051,164.00013188796203,3936.0031653110887,0.0793241080391472,4.141417471918233e-05,0.17
1942-04-17,1942-04-28,2062.7498,1.0155075573385,2094.7380107984795,0.1669999999999999,1942,4,17,1942.04,1941,7,199,29,0.1809853641329886,27.26904150321343,0.0130178768717806,0.8200000000000001,4,Mod_Dry,45,11,10,10,72,148.0,0.0706532269128896,1946.7380107984795,1100.0,,4,275.0,275.0,275.0,275.0,846.7380107984795,55.0,7.0,15.0,57.21202775665402,712.5259830418255,100.0,18.0,25.0,67.21202775665402,784.5259830418255,1243.0,990.0,971.3286779570998,18.67132204290021,0.9262894125183112,0.48,988.5937105874816,0.5349,0.5349,0.5349,0.5349,16.730132630381938,16.730132630381938,16.730132630381938,16.730132630381938,,0.927441060499302,0.927441060499302,0.927441060499302,0.927441060499302,41.846303127220665,41.846303127220665,41.846303127220665,41.846303127220665,0.8522668661348404,0.8522668661348404,0.8522668661348404,0.8522668661348404,0.975226686613484,0.975226686613484,0.975226686613484,0.975226686613484,40.809631545782885,40.809631545782885,40.809631545782885,40.809631545782885,163.23852618313154,3917.724628395157,0.0779278961577193,4.122185004624534e-05,0.165
1942-04-18,1942-04-29,2075.5648,1.01276353090847,2102.056335477332,0.166,1942,4,18,1942.04,1941,7,200,29,0.1816176673852414,7.31832467885215,0.0034815073960376,0.8200000000000001,4,Mod_Dry,45,11,10,10,72,148.0,0.0704072471808384,1954.056335477332,1100.0,,4,275.0,275.0,275.0,275.0,854.0563354773321,55.0,7.0,15.0,57.7065091538738,719.3498263234584,100.0,18.0,25.0,67.7065091538738,791.3498263234584,1243.0,990.0,971.3463428787384,18.65365712126163,0.9262894125183112,0.48,988.5937105874816,0.5349,0.5349,0.5349,0.5349,16.712467708743354,16.712467708743354,16.712467708743354,16.712467708743354,,0.9273530891895418,0.9273530891895418,0.9273530891895418,0.9273530891895418,41.79815358995128,41.79815358995128,41.79815358995128,41.79815358995128,0.8512862238279282,0.8512862238279282,0.8512862238279282,0.8512862238279282,0.9751286223827929,0.9751286223827929,0.9751286223827929,0.9751286223827929,40.75857592831357,40.75857592831357,40.75857592831357,40.75857592831357,163.03430371325427,3912.8232891181024,0.0775594359492904,4.117027871546825e-05,0.165
1942-04-19,1942-04-30,2114.3104,1.0117799479063805,2139.216866369918,0.162,1942,4,19,1942.04,1941,7,201,29,0.1848283372543609,37.1605308925864,0.0173710910178288,0.8200000000000001,4,Mod_Dry,45,11,10,10,72,148.0,0.0691841964817453,1991.216866369918,1100.0,,4,275.0,275.0,275.0,275.0,891.2168663699181,55.0,7.0,15.0,60.21735583580528,753.9995105341128,100.0,18.0,25.0,70.21735583580528,825.9995105341128,1243.0,990.0,971.4360407119274,18.563959288072624,0.9262894125183112,0.48,988.5937105874816,0.5349,0.5349,0.5349,0.5349,16.622769875554347,16.622769875554347,16.622769875554347,16.622769875554347,,0.9269063939802606,0.9269063939802606,0.9269063939802606,0.9269063939802606,41.55379222502867,41.55379222502867,41.55379222502867,41.55379222502867,0.8463094139517041,0.8463094139517041,0.8463094139517041,0.8463094139517041,0.9746309413951704,0.9746309413951704,0.9746309413951704,0.9746309413951704,40.49961163481901,40.49961163481901,40.49961163481901,40.49961163481901,161.99844653927602,3887.962716942624,0.0757279213183161,4.0908698621029295e-05,0.16
1942-04-20,1942-05-01,2127.3261,1.0131069972131326,2155.2089572641244,0.16,1942,4,20,1942.04,1941,7,202,29,0.1862100539076203,15.992090894206283,0.0074202043566611,0.8200000000000001,4,Mod_Dry,45,11,10,10,72,148.0,0.0686708356055994,2007.2089572641244,1100.0,,4,275.0,275.0,275.0,275.0,907.2089572641244,55.0,7.0,15.000000000000009,61.297902517846246,768.9110547462781,100.0,18.0,25.0,71.29790251784624,840.9110547462781,1243.0,990.0,971.4746423106376,18.52535768936241,0.9262894125183112,0.48,988.5937105874816,0.5349,0.5349,0.5349,0.5349,16.58416827684413,16.58416827684413,16.58416827684413,16.58416827684413,,0.9267141580186836,0.9267141580186836,0.9267141580186836,0.9267141580186836,41.44869745730567,41.44869745730567,41.44869745730567,41.44869745730567,0.8441689909838221,0.8441689909838221,0.8441689909838221,0.8441689909838221,0.974416899098382,0.974416899098382,0.974416899098382,0.974416899098382,40.38831124801479,40.38831124801479,40.38831124801479,40.38831124801479,161.55324499205915,3877.27787980942,0.0749594346513568,4.079627398789373e-05,0.16
1942-04-21,1942-05-02,2153.5086,1.007296810227308,2169.222343577076,0.159,1942,4,21,1942.04,1941,7,203,29,0.1874208104850593,14.013386312951754,0.0064600967966444,0.75,4,Mod_Dry,45,11,10,10,72,148.0,0.0682272153604807,2021.222343577076,1100.0,,4,275.0,275.0,275.0,275.0,921.222343577076,55.0,7.0,15.0,62.24475294439704,781.9775906326792,100.0,18.0,25.0,72.24475294439704,853.9775906326792,1243.0,990.0,971.5084677258756,18.491532274124324,0.9262894125183112,0.48,988.5937105874816,0.5349,0.5349,0.5349,0.5349,16.550342861606048,16.550342861606048,16.550342861606048,16.550342861606048,,0.926545707450798,0.926545707450798,0.926545707450798,0.926545707450798,41.3566389897364,41.3566389897364,41.3566389897364,41.3566389897364,0.8422940731107209,0.8422940731107209,0.8422940731107209,0.8422940731107209,0.974229407311072,0.974229407311072,0.974229407311072,0.974229407311072,40.29085389134887,40.29085389134887,40.29085389134887,40.29085389134887,161.16341556539547,3867.921973569492,0.0742954801487222,4.069783221348371e-05,0.16
1942-04-22,1942-05-03,2166.6756,1.0097605349112566,2187.823512835168,0.156,1942,4,22,1942.04,1941,7,204,30,0.1890279515089585,18.60116925809189,0.0085021342667566,0.75,4,Mod_Dry,45,11,10,10,72,148.0,0.067647138414839,2039.823512835168,1100.0,,4,275.0,275.0,275.0,275.0,939.823512835168,55.0,7.0,15.000000000000009,63.50158870507892,799.3219241300891,100.0,18.0,25.0,73.50158870507892,871.3219241300891,1243.0,990.0,971.553367099947,18.446632900053032,0.9262894125183112,0.48,988.5937105874816,0.5349,0.5349,0.5349,0.5349,16.505443487534755,16.505443487534755,16.505443487534755,16.505443487534755,,0.9263221085679232,0.9263221085679232,0.9263221085679232,0.9263221085679232,41.2344893656397,41.2344893656397,41.2344893656397,41.2344893656397,0.8398063007258595,0.8398063007258595,0.8398063007258595,0.8398063007258595,0.973980630072586,0.973980630072586,0.973980630072586,0.973980630072586,40.1615939330671,40.1615939330671,40.1615939330671,40.1615939330671,160.6463757322684,3855.5130175744416,0.0734274838851554,4.056726659905768e-05,0.155
1942-04-23,1942-05-04,2166.6756,1.0097605349112566,2187.823512835168,0.156,1942,4,23,1942.04,1941,7,205,30,0.1890279515089585,0.0,0.0,0.75,4,Mod_Dry,45,11,10,10,72,148.0,0.067647138414839,2039.823512835168,1100.0,,4,275.0,275.0,275.0,275.0,939.823512835168,55.0,7.0,15.000000000000009,63.50158870507892,799.3219241300891,100.0,18.0,25.0,73.50158870507892,871.3219241300891,1243.0,990.0,971.553367099947,18.446632900053032,0.9262894125183112,0.48,988.5937105874816,0.5349,0.5349,0.5349,0.5349,16.505443487534755,16.505443487534755,16.505443487534755,16.505443487534755,,0.9263221085679232,0.9263221085679232,0.9263221085679232,0.9263221085679232,41.2344893656397,41.2344893656397,41.2344893656397,41.2344893656397,0.8398063007258595,0.8398063007258595,0.8398063007258595,0.8398063007258595,0.973980630072586,0.973980630072586,0.973980630072586,0.973980630072586,40.1615939330671,40.1615939330671,40.1615939330671,40.1615939330671,160.6463757322684,3855.5130175744416,0.0734274838851554,4.056726659905768e-05,0.155
1942-04-24,1942-05-05,2166.6756,1.0097605349112566,2187.823512835168,0.156,1942,4,24,1942.04,1941,7,206,30,0.1890279515089585,0.0,0.0,0.75,4,Mod_Dry,45,11,10,10,72,148.0,0.067647138414839,2039.823512835168,1100.0,,4,275.0,275.0,275.0,275.0,939.823512835168,55.0,7.0,15.000000000000009,63.50158870507892,799.3219241300891,100.0,18.0,25.0,73.50158870507892,871.3219241300891,1243.0,990.0,971.553367099947,18.446632900053032,0.9262894125183112,0.48,988.5937105874816,0.5349,0.5349,0.5349,0.5349,16.505443487534755,16.505443487534755,16.505443487534755,16.505443487534755,,0.9263221085679232,0.9263221085679232,0.9263221085679232,0.9263221085679232,41.2344893656397,41.2344893656397,41.2344893656397,41.2344893656397,0.8398063007258595,0.8398063007258595,0.8398063007258595,0.8398063007258595,0.973980630072586,0.973980630072586,0.973980630072586,0.973980630072586,40.1615939330671,40.1615939330671,40.1615939330671,40.1615939330671,160.6463757322684,3855.5130175744416,0.0734274838851554,4.056726659905768e-05,0.155
1942-04-25,1942-05-06,2153.5086,1.007296810227308,2169.222343577076,0.159,1942,4,25,1942.04,1941,7,207,30,0.1874208104850593,18.60116925809189,0.0085750404116796,0.75,4,Mod_Dry,45,11,10,10,72,148.0,0.0682272153604807,2021.222343577076,1100.0,,4,275.0,275.0,275.0,275.0,921.222343577076,55.0,7.0,15.0,62.24475294439704,781.9775906326792,100.0,18.0,25.0,72.24475294439704,853.9775906326792,1243.0,990.0,971.5084677258756,18.491532274124324,0.9262894125183112,0.48,988.5937105874816,0.5349,0.5349,0.5349,0.5349,16.550342861606048,16.550342861606048,16.550342861606048,16.550342861606048,,0.926545707450798,0.926545707450798,0.926545707450798,0.926545707450798,41.3566389897364,41.3566389897364,41.3566389897364,41.3566389897364,0.8422940731107209,0.8422940731107209,0.8422940731107209,0.8422940731107209,0.974229407311072,0.974229407311072,0.974229407311072,0.974229407311072,40.29085389134887,40.29085389134887,40.29085389134887,40.29085389134887,161.16341556539547,3867.921973569492,0.0742954801487222,4.069783221348371e-05,0.16
1942-04-26,1942-05-07,2127.3261,1.0131069972131326,2155.2089572641244,0.16,1942,4,26,1942.04,1941,7,208,30,0.1862100539076203,14.013386312951754,0.0065021009984761,0.75,4,Mod_Dry,45,11,10,10,72,148.0,0.0686708356055994,2007.2089572641244,1100.0,,4,275.0,275.0,275.0,275.0,907.2089572641244,55.0,7.0,15.000000000000009,61.297902517846246,768.9110547462781,100.0,18.0,25.0,71.29790251784624,840.9110547462781,1243.0,990.0,971.4746423106376,18.52535768936241,0.9262894125183112,0.48,988.5937105874816,0.5349,0.5349,0.5349,0.5349,16.58416827684413,16.58416827684413,16.58416827684413,16.58416827684413,,0.9267141580186836,0.9267141580186836,0.9267141580186836,0.9267141580186836,41.44869745730567,41.44869745730567,41.44869745730567,41.44869745730567,0.8441689909838221,0.8441689909838221,0.8441689909838221,0.8441689909838221,0.974416899098382,0.974416899098382,0.974416899098382,0.974416899098382,40.38831124801479,40.38831124801479,40.38831124801479,40.38831124801479,161.55324499205915,3877.27787980942,0.0749594346513568,4.079627398789373e-05,0.16
1942-04-27,1942-05-08,2114.3104,1.0117799479063805,2139.216866369918,0.162,1942,4,27,1942.04,1941,7,209,30,0.1848283372543609,15.992090894206283,0.007475675395802,0.75,4,Mod_Dry,45,11,10,10,72,148.0,0.0691841964817453,1991.216866369918,1100.0,,4,275.0,275.0,275.0,275.0,891.2168663699181,55.0,7.0,15.0,60.21735583580528,753.9995105341128,100.0,18.0,25.0,70.21735583580528,825.9995105341128,1243.0,990.0,971.4360407119274,18.563959288072624,0.9262894125183112,0.48,988.5937105874816,0.5349,0.5349,0.5349,0.5349,16.622769875554347,16.622769875554347,16.622769875554347,16.622769875554347,,0.9269063939802606,0.9269063939802606,0.9269063939802606,0.9269063939802606,41.55379222502867,41.55379222502867,41.55379222502867,41.55379222502867,0.8463094139517041,0.8463094139517041,0.8463094139517041,0.8463094139517041,0.9746309413951704,0.9746309413951704,0.9746309413951704,0.9746309413951704,40.49961163481901,40.49961163481901,40.49961163481901,40.49961163481901,161.99844653927602,3887.962716942624,0.0757279213183161,4.0908698621029295e-05,0.16
1942-04-28,1942-05-09,2101.345,1.0136734641144909,2130.077665449665,0.163,1942,4,28,1942.04,1941,7,210,30,0.184038710294851,9.139200920253188,0.0042905482126276,0.75,4,Mod_Dry,45,11,10,10,72,148.0,0.0694810346123021,1982.077665449665,1100.0,,4,275.0,275.0,275.0,275.0,882.0776654496649,55.0,7.0,15.0,59.599842260112496,745.4778231895524,100.0,18.0,25.0,69.5998422601125,817.4778231895524,1243.0,990.0,971.413980571775,18.58601942822497,0.9262894125183112,0.48,988.5937105874816,0.5349,0.5349,0.5349,0.5349,16.644830015706695,16.644830015706695,16.644830015706695,16.644830015706695,,0.9270162534782194,0.9270162534782194,0.9270162534782194,0.9270162534782194,41.613870024252414,41.613870024252414,41.613870024252414,41.613870024252414,0.8475329943839596,0.8475329943839596,0.8475329943839596,0.8475329943839596,0.974753299438396,0.974753299438396,0.974753299438396,0.974753299438396,40.56325710854061,40.56325710854061,40.56325710854061,40.56325710854061,162.25302843416242,3894.072682419898,0.0761723532742222,4.097298697832384e-05,0.165
1942-04-29,1942-05-10,2075.5648,1.01276353090847,2102.056335477332,0.166,1942,4,29,1942.04,1941,7,211,31,0.1816176673852414,28.021329972333213,0.0133304372006614,0.75,4,Mod_Dry,45,11,10,10,72,148.0,0.0704072471808384,1954.056335477332,1100.0,,4,275.0,275.0,275.0,275.0,854.0563354773321,55.0,7.0,15.0,57.7065091538738,719.3498263234584,100.0,18.0,25.0,67.7065091538738,791.3498263234584,1243.0,990.0,971.3463428787384,18.65365712126163,0.9262894125183112,0.48,988.5937105874816,0.5349,0.5349,0.5349,0.5349,16.712467708743354,16.712467708743354,16.712467708743354,16.712467708743354,,0.9273530891895418,0.9273530891895418,0.9273530891895418,0.9273530891895418,41.79815358995128,41.79815358995128,41.79815358995128,41.79815358995128,0.8512862238279282,0.8512862238279282,0.8512862238279282,0.8512862238279282,0.9751286223827929,0.9751286223827929,0.9751286223827929,0.9751286223827929,40.75857592831357,40.75857592831357,40.75857592831357,40.75857592831357,163.03430371325427,3912.8232891181024,0.0775594359492904,4.117027871546825e-05,0.165
1942-04-30,1942-05-11,2062.7498,1.0155075573385,2094.7380107984795,0.1669999999999999,1942,4,30,1942.04,1941,7,212,31,0.1809853641329886,7.31832467885215,0.0034936706361968,0.75,4,Mod_Dry,45,11,10,10,72,148.0,0.0706532269128896,1946.7380107984795,1100.0,,4,275.0,275.0,275.0,275.0,846.7380107984795,55.0,7.0,15.0,57.21202775665402,712.5259830418255,100.0,18.0,25.0,67.21202775665402,784.5259830418255,1243.0,990.0,971.3286779570998,18.67132204290021,0.9262894125183112,0.48,988.5937105874816,0.5349,0.5349,0.5349,0.5349,16.730132630381938,16.730132630381938,16.730132630381938,16.730132630381938,,0.927441060499302,0.927441060499302,0.927441060499302,0.927441060499302,41.846303127220665,41.846303127220665,41.846303127220665,41.846303127220665,0.8522668661348404,0.8522668661348404,0.8522668661348404,0.8522668661348404,0.975226686613484,0.975226686613484,0.975226686613484,0.975226686613484,40.809631545782885,40.809631545782885,40.809631545782885,40.809631545782885,163.23852618313154,3917.724628395157,0.0779278961577193,4.122185004624534e-05,0.165
1942-05-01,1942-05-12,2049.9848,1.0130719634467324,2076.782126371957,0.1689999999999999,1942,5,1,1942.05,1941,8,213,31,0.1794339757185371,17.955884426522058,0.0086460125973301,0.73,4,Mod_Dry,47,10,10,10,115,192.0,0.0924507186198752,1884.782126371957,1100.0,,4,275.0,275.0,275.0,275.0,784.782126371957,53.0,8.0,15.0,40.87406908187276,667.9080572900843,100.0,18.0,25.0,50.87406908187276,782.9080572900843,1243.0,990.0,971.2853361671048,18.71466383289521,0.9262894125183112,0.48,988.5937105874816,0.5349,0.5349,0.5349,0.5349,16.773474420376935,16.773474420376935,16.773474420376935,16.773474420376935,,0.9276569026134772,0.9276569026134772,0.9276569026134772,0.9276569026134772,41.96447599583736,41.96447599583736,41.96447599583736,41.96447599583736,0.8546736455364025,0.8546736455364025,0.8546736455364025,0.8546736455364025,0.9754673645536402,0.9754673645536402,0.9754673645536402,0.9754673645536402,40.93497680453397,40.93497680453397,40.93497680453397,40.93497680453397,163.73990721813587,3929.757773235261,0.078843083797231,4.134846141872118e-05,0.17
1942-05-02,1942-05-13,2011.9887,1.00817989886424,2028.446564081993,0.174,1942,5,2,1942.05,1941,8,214,31,0.1752577831366842,48.3355622899644,0.0238288565968901,0.73,4,Mod_Dry,47,10,10,10,115,192.0,0.0946537135361476,1836.446564081993,1100.0,,4,275.0,275.0,275.0,275.0,736.4465640819931,53.0,8.0,15.0,38.35659187927048,622.0899722027226,100.0,18.0,25.0,48.35659187927048,737.0899722027226,1243.0,990.0,971.168664120198,18.83133587980205,0.9262894125183112,0.48,988.5937105874816,0.5349,0.5349,0.5349,0.5349,16.890146467283778,16.890146467283778,16.890146467283778,16.890146467283778,,0.9282379294070732,0.9282379294070732,0.9282379294070732,0.9282379294070732,42.28283705174174,42.28283705174174,42.28283705174174,42.28283705174174,0.8611575774285486,0.8611575774285486,0.8611575774285486,0.8611575774285486,0.9761157577428548,0.9761157577428548,0.9761157577428548,0.9761157577428548,41.27294352827855,41.27294352827855,41.27294352827855,41.27294352827855,165.09177411311418,3962.202578714741,0.0813882786149849,4.168984194775611e-05,0.175
1942-05-03,1942-05-14,1986.9064,1.008700287979832,2004.1930578689712,0.176,1942,5,3,1942.05,1941,8,215,31,0.1731622801998791,24.253506213021865,0.0121013822085634,0.73,4,Mod_Dry,47,10,10,10,115,192.0,0.0957991543011084,1812.1930578689712,1100.0,,4,275.0,275.0,275.0,275.0,712.1930578689712,53.0,8.0,15.0,37.09338843067559,599.0996694382957,100.0,18.0,25.0,47.09338843067559,714.0996694382957,1243.0,990.0,971.1101211741664,18.88987882583353,0.9262894125183112,0.48,988.5937105874816,0.5349,0.5349,0.5349,0.5349,16.948689413315257,16.948689413315257,16.948689413315257,16.948689413315257,,0.92852947327831,0.92852947327831,0.92852947327831,0.92852947327831,42.44271997329496,42.44271997329496,42.44271997329496,42.44271997329496,0.8644138487432781,0.8644138487432781,0.8644138487432781,0.8644138487432781,0.9764413848743276,0.9764413848743276,0.9764413848743276,0.9764413848743276,41.44282826855742,41.44282826855742,41.44282826855742,41.44282826855742,165.77131307422968,3978.511513781512,0.0827122479161223,4.186144269551254e-05,0.175
1942-05-04,1942-05-15,1937.3349,1.0078456066936932,1952.5344676593647,0.182,1942,5,4,1942.05,1941,8,216,31,0.1686989780057691,51.658590209606025,0.0264571975886974,0.73,4,Mod_Dry,47,10,10,10,115,192.0,0.098333731455283,1760.5344676593647,1100.0,,4,275.0,275.0,275.0,275.0,660.5344676593647,53.0,8.0,15.0,34.402836857258585,550.1316308021061,100.0,18.0,25.0,44.402836857258585,665.1316308021061,1243.0,990.0,970.9466498185918,19.053350181408177,0.9262894125183112,0.48,988.5937105874816,0.5349,0.5349,0.5349,0.5349,17.1121607688899,17.1121607688899,17.1121607688899,17.1121607688899,,0.9293609455482496,0.9293609455482496,0.9293609455482496,0.9293609455482496,42.89045597448777,42.89045597448777,42.89045597448777,42.89045597448777,0.8735327082380401,0.8735327082380401,0.8735327082380401,0.8735327082380401,0.977353270823804,0.977353270823804,0.977353270823804,0.977353270823804,41.91912743378999,41.91912743378999,41.91912743378999,41.91912743378999,167.67650973515995,4024.236233643839,0.0858763379148769,4.234255296342423e-05,0.18
1942-05-05,1942-05-16,1937.3349,1.0078456066936932,1952.5344676593647,0.182,1942,5,5,1942.05,1941,8,217,31,0.1686989780057691,0.0,0.0,0.73,4,Mod_Dry,47,10,10,10,115,192.0,0.098333731455283,1760.5344676593647,1100.0,,4,275.0,275.0,275.0,275.0,660.5344676593647,53.0,8.0,15.0,34.402836857258585,550.1316308021061,100.0,18.0,25.0,44.402836857258585,665.1316308021061,1243.0,990.0,970.9466498185918,19.053350181408177,0.9262894125183112,0.48,988.5937105874816,0.5349,0.5349,0.5349,0.5349,17.1121607688899,17.1121607688899,17.1121607688899,17.1121607688899,,0.9293609455482496,0.9293609455482496,0.9293609455482496,0.9293609455482496,42.89045597448777,42.89045597448777,42.89045597448777,42.89045597448777,0.8735327082380401,0.8735327082380401,0.8735327082380401,0.8735327082380401,0.977353270823804,0.977353270823804,0.977353270823804,0.977353270823804,41.91912743378999,41.91912743378999,41.91912743378999,41.91912743378999,167.67650973515995,4024.236233643839,0.0858763379148769,4.234255296342423e-05,0.18
1942-05-06,1942-05-17,1900.6727,1.0007678191571476,1902.1320729105275,0.186,1942,5,6,1942.05,1941,8,218,32,0.1643442110994695,50.40239474883765,0.0264978417990265,0.73,4,Mod_Dry,47,10,10,10,115,192.0,0.100939363114893,1710.1320729105275,1100.0,,4,275.0,275.0,275.0,275.0,610.1320729105275,53.0,8.000000000000004,15.000000000000004,31.777712130756644,502.3543607797709,100.0,18.0,25.0,41.77771213075664,617.3543607797709,1243.0,990.0,970.7838113124802,19.21618868751977,0.9262894125183112,0.48,988.5937105874816,0.5349,0.5349,0.5349,0.5349,17.2749992750015,17.2749992750015,17.2749992750015,17.2749992750015,,0.9301971212771326,0.9301971212771326,0.9301971212771326,0.9301971212771326,43.33755664192816,43.33755664192816,43.33755664192816,43.33755664192816,0.8826386281451764,0.8826386281451764,0.8826386281451764,0.8826386281451764,0.9782638628145176,0.9782638628145176,0.9782638628145176,0.9782638628145176,42.39556556547559,42.39556556547559,42.39556556547559,42.39556556547559,169.58226226190237,4069.974294285657,0.0891537788973916,4.28238036014905e-05,0.185
1942-05-07,1942-05-18,1876.4759,0.9974557133713636,1871.701607458672,0.189,1942,5,7,1942.05,1941,8,219,32,0.1617150188844292,30.43046545185598,0.0162581820363841,0.73,4,Mod_Dry,47,10,10,10,115,192.0,0.1025804536550516,1679.701607458672,1100.0,,4,275.0,275.0,275.0,275.0,579.701607458672,53.0,8.000000000000004,15.000000000000004,30.19279205513917,473.50881540353294,100.0,18.0,25.0,40.192792055139165,588.5088154035329,1243.0,990.0,970.6854975010204,19.314502498979664,0.9262894125183112,0.48,988.5937105874816,0.5349,0.5349,0.5349,0.5349,17.373313086461387,17.373313086461387,17.373313086461387,17.373313086461387,,0.9307019626989792,0.9307019626989792,0.9307019626989792,0.9307019626989792,43.60784940998383,43.60784940998383,43.60784940998383,43.60784940998383,0.8881435725047623,0.8881435725047623,0.8881435725047623,0.8881435725047623,0.9788143572504762,0.9788143572504762,0.9788143572504762,0.9788143572504762,42.68398909130888,42.68398909130888,42.68398909130888,42.68398909130888,170.7359563652355,4097.662952765651,0.0912196450998696,4.311514049627158e-05,0.19
1942-05-08,1942-05-19,1840.5463,0.9955175444855696,1832.2961330880007,0.193,1942,5,8,1942.05,1941,8,220,32,0.1583103858988032,39.40547437067085,0.0215060620710147,0.73,4,Mod_Dry,47,10,10,10,115,192.0,0.10478655525863,1640.2961330880007,1100.0,,4,275.0,275.0,275.0,275.0,540.2961330880007,53.0,8.0,15.0,28.14042359833337,436.1557094896674,100.0,18.0,25.0,38.14042359833337,551.1557094896674,1243.0,990.0,970.5581875068996,19.441812493100315,0.9262894125183112,0.48,988.5937105874816,0.5349,0.5349,0.5349,0.5349,17.500623080582038,17.500623080582038,17.500623080582038,17.500623080582038,,0.9313556995187888,0.9313556995187888,0.9313556995187888,0.9313556995187888,43.95825876689554,43.95825876689554,43.95825876689554,43.95825876689554,0.8952802192850415,0.8952802192850415,0.8952802192850415,0.8952802192850415,0.979528021928504,0.979528021928504,0.979528021928504,0.979528021928504,43.05834625735851,43.05834625735851,43.05834625735851,43.05834625735851,172.23338502943403,4133.601240706417,0.0939986620717067,4.349327904783688e-05,0.195
1942-05-09,1942-05-20,1816.8359,0.9916635128780744,1801.689870916998,0.196,1942,5,9,1942.05,1941,8,221,32,0.1556660048472286,30.606262171002754,0.0169875307981973,0.73,4,Mod_Dry,47,10,10,10,115,192.0,0.106566620093323,1609.689870916998,1100.0,,4,275.0,275.0,275.0,275.0,509.689870916998,53.000000000000014,8.0,15.0,26.54634744359365,407.14352347340434,100.0,18.0,25.0,36.546347443593646,522.1435234734043,1243.0,990.0,970.4593057368088,19.5406942631912,0.9262894125183112,0.48,988.5937105874816,0.5349,0.5349,0.5349,0.5349,17.599504850672922,17.599504850672922,17.599504850672922,17.599504850672922,,0.9318634574082054,0.9318634574082054,0.9318634574082054,0.9318634574082054,44.230731728599125,44.230731728599125,44.230731728599125,44.230731728599125,0.9008295667739128,0.9008295667739128,0.9008295667739128,0.9008295667739128,0.98,0.98,0.98,0.98,43.34611709402714,43.34611709402714,43.34611709402714,43.34611709402714,173.38446837610857,4161.227241026606,0.0962343581849976,4.378395666063348e-05,0.195
1942-05-10,1942-05-21,1781.6326,0.9830968663905726,1751.5174261192883,0.201,1942,5,10,1942.05,1941,8,222,32,0.1513311056167065,50.172444797709424,0.0286451302450772,0.73,4,Mod_Dry,47,10,10,10,115,192.0,0.1096192348056739,1559.5174261192883,1100.0,,4,275.0,275.0,275.0,275.0,459.5174261192883,53.0,7.9999999999999964,14.999999999999996,23.933199277046267,359.58422684224206,100.0,18.0,25.0,33.93319927704627,474.58422684224206,1243.0,990.0,970.2972101459238,19.702789854076173,0.9262894125183112,0.48,988.5937105874816,0.5349,0.5349,0.5349,0.5349,17.761600441557896,17.761600441557896,17.761600441557896,17.761600441557896,,0.9326958182673998,0.9326958182673998,0.9326958182673998,0.9326958182673998,44.677978936024,44.677978936024,44.677978936024,44.677978936024,0.909938471202118,0.909938471202118,0.909938471202118,0.909938471202118,0.98,0.98,0.98,0.98,43.78441935730352,43.78441935730352,43.78441935730352,43.78441935730352,175.13767742921408,4203.304258301137,0.0999919697157989,4.42266862194985e-05,0.2
1942-05-11,1942-05-22,1746.8622,0.982614654600295,1716.4923972873114,0.205,1942,5,11,1942.05,1941,8,223,32,0.1483049431256237,35.025028831977124,0.0204050008536766,0.75,4,Mod_Dry,47,10,10,10,115,192.0,0.1118560153854631,1524.4923972873114,1100.0,,4,275.0,275.0,275.0,275.0,424.4923972873114,53.0,8.0,15.0,22.108979025380805,326.3834182619306,100.0,18.0,25.0,32.108979025380805,441.3834182619306,1243.0,990.0,970.1840523604668,19.815947639533302,0.9262894125183112,0.48,988.5937105874816,0.5349,0.5349,0.5349,0.5349,17.87475822701503,17.87475822701503,17.87475822701503,17.87475822701503,,0.9332768834957222,0.9332768834957222,0.9332768834957222,0.9332768834957222,44.99063039718336,44.99063039718336,44.99063039718336,44.99063039718336,0.9163061180689076,0.9163061180689076,0.9163061180689076,0.9163061180689076,0.98,0.98,0.98,0.98,44.09081778923969,44.09081778923969,44.09081778923969,44.09081778923969,176.36327115695877,4232.718507767011,0.1027463165206426,4.45361795850906e-05,0.205
1942-05-12,1942-05-23,1712.5226,0.9796730877109254,1677.712303316742,0.209,1942,5,12,1942.05,1941,8,224,32,0.1449543430065665,38.7800939705694,0.0231148653400844,0.75,4,Mod_Dry,47,10,10,10,115,192.0,0.1144415521185765,1485.712303316742,1100.0,,4,275.0,275.0,275.0,275.0,385.712303316742,53.0,8.0,15.0,20.089182464413646,289.6231208523283,100.0,18.0,25.0,30.089182464413646,404.6231208523283,1243.0,990.0,970.0587628261004,19.941237173899708,0.9262894125183112,0.48,988.5937105874816,0.5349,0.5349,0.5349,0.5349,18.00004776138143,18.00004776138143,18.00004776138143,18.00004776138143,,0.9339201504483516,0.9339201504483516,0.9339201504483516,0.9339201504483516,45.3372106349255,45.3372106349255,45.3372106349255,45.3372106349255,0.9233647787153868,0.9233647787153868,0.9233647787153868,0.9233647787153868,0.98,0.98,0.98,0.98,44.430466422226985,44.430466422226985,44.430466422226985,44.430466422226985,177.72186568890794,4265.324776533791,0.1059310737231657,4.4879259012350496e-05,0.21
1942-05-13,1942-05-24,1678.6114,0.9718781251926132,1631.4057003589478,0.215,1942,5,13,1942.05,1941,8,225,33,0.1409534525110131,46.30660295779421,0.0283844802967193,0.75,4,Mod_Dry,47,10,10,10,115,192.0,0.1176899160998122,1439.4057003589478,1100.0,,4,275.0,275.0,275.0,275.0,339.4057003589478,53.000000000000014,8.0,15.0,17.677380227028532,245.72832013191925,100.0,18.0,25.0,27.67738022702853,360.7283201319193,1243.0,990.0,969.9091568780829,20.09084312191726,0.9262894125183112,0.48,988.5937105874816,0.5349,0.5349,0.5349,0.5349,18.149653709398983,18.149653709398983,18.149653709398983,18.149653709398983,,0.934391409184607,0.934391409184607,0.934391409184607,0.934391409184607,45.73709463838924,45.73709463838924,45.73709463838924,45.73709463838924,0.9315090557716748,0.9315090557716748,0.9315090557716748,0.9315090557716748,0.98,0.98,0.98,0.98,44.82235274562145,44.82235274562145,44.82235274562145,44.82235274562145,179.2894109824858,4302.945863579659,0.1098987277922578,4.527510378345601e-05,0.215
1942-05-14,1942-05-25,1656.2409,0.9717907482149442,1609.5195834351923,0.217,1942,5,14,1942.05,1941,8,226,33,0.1390624920088006,21.886116923755253,0.0135979189995587,0.75,4,Mod_Dry,47,10,10,10,115,192.0,0.1192902540460023,1417.5195834351923,1100.0,,4,275.0,275.0,275.0,275.0,317.5195834351923,53.0,8.0,15.0,16.537478303916266,224.98210513127609,100.0,18.0,25.0,26.537478303916263,339.98210513127606,1243.0,990.0,969.8384478849443,20.161552115055542,0.9262894125183112,0.48,988.5937105874816,0.5349,0.5349,0.5349,0.5349,18.220362702537265,18.220362702537265,18.220362702537265,18.220362702537265,,0.9346141425129924,0.9346141425129924,0.9346141425129924,0.9346141425129924,45.92622611954096,45.92622611954096,45.92622611954096,45.92622611954096,0.9353610207645816,0.9353610207645816,0.9353610207645816,0.9353610207645816,0.98,0.98,0.98,0.98,45.00770159715015,45.00770159715015,45.00770159715015,45.00770159715015,180.03080638860058,4320.739353326414,0.1118537532823064,4.546232484560621e-05,0.215
1942-05-15,1942-05-26,1623.0388,0.9609360770575194,1559.6365373841434,0.223,1942,5,15,1942.05,1941,8,227,33,0.13475259682999,49.88304605104896,0.0319837634316479,0.75,4,Mod_Dry,47,10,10,10,115,192.0,0.1231056053111109,1367.6365373841434,1100.0,,4,275.0,275.0,275.0,275.0,267.63653738414337,53.0,8.0,13.939402988757468,13.939402988757468,178.7577314066285,100.0,18.0,23.939402988757468,23.939402988757468,293.75773140662847,1241.9394029887576,990.0,969.6772872746257,20.322712725374345,0.9235421116875696,0.48,988.5964578883124,0.5349,0.5349,0.5349,0.5349,18.384270613686787,18.384270613686787,18.384270613686787,18.384270613686787,,0.9351304524331134,0.9351304524331134,0.9351304524331134,0.9351304524331134,46.364971529924176,46.364971529924176,46.364971529924176,46.364971529924176,0.9442967725035474,0.9442967725035474,0.9442967725035474,0.9442967725035474,0.98,0.98,0.98,0.98,45.437672099325695,45.437672099325695,45.437672099325695,45.437672099325695,181.7506883973028,4362.016521535266,0.1165340026607346,4.589663848416737e-05,0.225
1942-05-16,1942-05-27,1612.0655,0.96221627423111,1551.1556592265113,0.223,1942,5,16,1942.05,1941,8,228,33,0.1340198489571705,8.480878157632333,0.0054674578319633,0.75,4,Mod_Dry,47,10,10,10,115,192.0,0.1237786800170277,1359.1556592265113,1100.0,,4,275.0,275.0,275.0,275.0,259.15565922651126,53.00000000000001,8.0,13.497690584714128,13.497690584714128,171.160278057083,100.0,18.0,23.497690584714128,23.497690584714128,286.160278057083,1241.497690584714,990.0,969.649887514424,20.35011248557589,0.9223979288907918,0.48,988.5976020711092,0.5349,0.5349,0.5349,0.5349,18.412814556685127,18.412814556685127,18.412814556685127,18.412814556685127,,0.9352203658535582,0.9352203658535582,0.9352203658535582,0.9352203658535582,46.4414240521395,46.4414240521395,46.4414240521395,46.4414240521395,0.9458538503490732,0.9458538503490732,0.9458538503490732,0.9458538503490732,0.98,0.98,0.98,0.98,45.51259557109671,45.51259557109671,45.51259557109671,45.51259557109671,182.05038228438684,4369.209174825284,0.1173643542487327,4.5972318758683545e-05,0.225
1942-05-17,1942-05-28,1601.139,0.9548448794010084,1528.8393753592509,0.226,1942,5,17,1942.05,1941,8,229,33,0.1320917220310392,22.31628386726038,0.0145968793235825,0.75,4,Mod_Dry,47,10,10,10,115,192.0,0.1255854624720686,1336.8393753592509,1100.0,,4,275.0,275.0,275.0,275.0,236.83937535925088,52.99999999999999,7.999999999999998,12.335384133294315,12.335384133294315,151.16860709266226,100.0,18.0,22.33538413329432,22.33538413329432,266.1686070926622,1240.3353841332944,990.0,969.5777887511608,20.42221124883929,0.9193871666071786,0.48,988.6006128333928,0.5349,0.5349,0.5349,0.5349,18.48792408223209,18.48792408223209,18.48792408223209,18.48792408223209,,0.9354569608590312,0.9354569608590312,0.9354569608590312,0.9354569608590312,46.64266466393829,46.64266466393829,46.64266466393829,46.64266466393829,0.9499524371474192,0.9499524371474192,0.9499524371474192,0.9499524371474192,0.98,0.98,0.98,0.98,45.70981137065952,45.70981137065952,45.70981137065952,45.70981137065952,182.8392454826381,4388.141891583314,0.1195934958436519,4.617152663702982e-05,0.225
1942-05-18,1942-05-29,1579.4263,0.9567215637917794,1511.0711996298642,0.229,1942,5,18,1942.05,1941,8,230,33,0.1305565516480202,17.768175729386712,0.0117586621555218,0.75,4,Mod_Dry,47,10,10,10,115,192.0,0.1270621794969226,1319.0711996298642,1100.0,,4,275.0,275.0,275.0,275.0,219.07119962986417,53.0,8.0,11.409958314055428,11.409958314055428,135.2512830017533,100.0,18.0,21.409958314055427,21.409958314055427,250.2512830017533,1239.4099583140555,990.0,969.5203838757272,20.479616124272752,0.9169900043532456,0.48,988.6030099956467,0.5349,0.5349,0.5349,0.5349,18.547726119919496,18.547726119919496,18.547726119919496,18.547726119919496,,0.9356453372777463,0.9356453372777463,0.9356453372777463,0.9356453372777463,46.80296053328163,46.80296053328163,46.80296053328163,46.80296053328163,0.9532171188041064,0.9532171188041064,0.9532171188041064,0.9532171188041064,0.98,0.98,0.98,0.98,45.866901322616,45.866901322616,45.866901322616,45.866901322616,183.467605290464,4403.222526971135,0.1214155926837889,4.633020335617777e-05,0.23
1942-05-19,1942-05-30,1568.6399,0.9517310164019286,1492.9232463956196,0.231,1942,5,19,1942.05,1941,8,231,33,0.1289885684885815,18.147953234244603,0.0121559854319767,0.75,4,Mod_Dry,47,10,10,10,115,192.0,0.1286067454998424,1300.9232463956196,1100.0,,4,275.0,275.0,275.0,275.0,200.9232463956196,49.18433635726104,7.999999999999998,10.46475241643852,10.46475241643852,122.80940520548153,96.18433635726105,18.0,20.46475241643852,20.46475241643852,237.8094052054815,1234.6490887736995,990.0,969.4617520268166,20.53824797318339,0.904657760622,0.48,988.615342239378,0.5349,0.5349,0.5349,0.5349,18.618690212561425,18.618690212561425,18.618690212561425,18.618690212561425,,0.9358688741695684,0.9358688741695684,0.9358688741695684,0.9358688741695684,46.993254473441375,46.993254473441375,46.993254473441375,46.993254473441375,0.9570927591332256,0.9570927591332256,0.9570927591332256,0.9570927591332256,0.98,0.98,0.98,0.98,46.053389383972544,46.053389383972544,46.053389383972544,46.053389383972544,184.21355753589015,4421.125380861364,0.1233911776647854,4.65185751353258e-05,0.23
1942-05-20,1942-05-31,1547.2067,0.947753481275309,1466.3705361774826,0.234,1942,5,20,1942.05,1941,8,232,34,0.1266944143257345,26.55271021813701,0.0181077766928912,0.75,4,Mod_Dry,47,10,10,10,115,192.0,0.130935527728553,1274.3705361774826,1100.0,,4,275.0,275.0,275.0,275.0,174.37053617748256,42.68445416844625,8.0,9.081798759243885,9.081798759243885,105.52248449054856,89.68445416844625,18.0,19.081798759243885,19.081798759243885,220.52248449054852,1226.7662529276902,990.0,969.3759663476504,20.62403365234968,0.8842472893201092,0.48,988.63575271068,0.5349,0.5349,0.5349,0.5349,18.724886363029547,18.724886363029547,18.724886363029547,18.724886363029547,,0.9362033920435432,0.9362033920435432,0.9362033920435432,0.9362033920435432,47.27818485592512,47.27818485592512,47.27818485592512,47.27818485592512,0.9628958219129352,0.9628958219129352,0.9628958219129352,0.9628958219129352,0.98,0.98,0.98,0.98,46.33262115880662,46.33262115880662,46.33262115880662,46.33262115880662,185.33048463522647,4447.931631245436,0.1263872125515722,4.6800627433138e-05,0.235
1942-05-21,1942-06-01,1515.4044,0.9482599209629142,1436.9972565708524,0.239,1942,5,21,1942.05,1941,8,233,34,0.1241565629677216,29.37327960663015,0.0204407346446328,0.81,4,Mod_Dry,47,10,10,10,115,192.0,0.1336119461064074,1244.9972565708524,1100.0,,4,275.0,275.0,275.0,275.0,144.9972565708524,35.494120098073246,7.5519404463985635,7.5519404463985635,7.5519404463985635,86.84731513358348,82.49412009807324,17.551940446398564,17.551940446398564,17.551940446398564,201.8473151335835,1217.5980009908703,990.0,969.2810680596904,20.71893194030952,0.8708116034378502,0.48,988.6491883965622,0.5349,0.5349,0.5349,0.5349,18.833220336871697,18.833220336871697,18.833220336871697,18.833220336871697,,0.936544644061146,0.936544644061146,0.936544644061146,0.936544644061146,47.5690485814291,47.5690485814291,47.5690485814291,47.5690485814291,0.9688197267093503,0.9688197267093503,0.9688197267093503,0.9688197267093503,0.98,0.98,0.98,0.98,46.61766760980052,46.61766760980052,46.61766760980052,46.61766760980052,186.47067043920208,4475.29609054085,0.1297641102559808,4.708855314121264e-05,0.24
1942-05-22,1942-06-02,1473.6465,0.944675992155444,1392.1184694738974,0.245,1942,5,22,1942.05,1941,8,234,34,0.1202790357625447,44.878787096954966,0.032237764300272,0.81,4,Mod_Dry,47,10,10,10,115,192.0,0.1379192965326864,1200.1184694738974,1100.0,,4,275.0,275.0,275.0,275.0,100.11846947389743,24.508167006631144,5.214503618432159,5.214503618432159,5.214503618432159,59.96679161196983,71.50816700663114,15.21450361843216,15.21450361843216,15.21450361843216,174.96679161196982,1201.9371742434955,990.0,969.1360750552234,20.863924944776613,0.8478613234625386,0.48,988.6721386765374,0.5349,0.5349,0.5349,0.5349,19.00116362131404,19.00116362131404,19.00116362131404,19.00116362131404,,0.9370736304984998,0.9370736304984998,0.9370736304984998,0.9370736304984998,48.02034854267376,48.02034854267376,48.02034854267376,48.02034854267376,0.978011171948549,0.978011171948549,0.978011171948549,0.978011171948549,0.98,0.98,0.98,0.98,47.05994157182028,47.05994157182028,47.05994157182028,47.05994157182028,188.23976628728116,4517.754390894747,0.1352182090928078,4.753529451699019e-05,0.245
1942-05-23,1942-06-03,1432.6212,0.9362992295163016,1341.3621257487196,0.254,1942,5,23,1942.05,1941,8,235,34,0.1158936876646893,50.75634372517789,0.0378394042524846,0.81,4,Mod_Dry,47,10,10,10,115,192.0,0.143138080548405,1149.3621257487196,1100.0,,4,275.0,275.0,275.0,275.0,49.36212574871956,12.083437032238642,2.5709440494124776,2.5709440494124776,2.5709440494124776,29.56585656824349,59.08343703223864,12.570944049412478,12.570944049412478,12.570944049412478,144.56585656824348,1184.2253251310635,990.0,968.9728523952102,21.02714760478977,0.8219053568607801,0.48,988.6980946431393,0.5349,0.5349,0.5349,0.5349,19.19034224792903,19.19034224792903,19.19034224792903,19.19034224792903,,0.9376638678135386,0.9376638678135386,0.9376638678135386,0.9376638678135386,48.5289946784868,48.5289946784868,48.5289946784868,48.5289946784868,0.9883705637166356,0.9883705637166356,0.9883705637166356,0.9883705637166356,0.98,0.98,0.98,0.98,47.55841478491707,47.55841478491707,47.55841478491707,47.55841478491707,190.23365913966828,4565.607819352039,0.1418212542966232,4.803880281304755e-05,0.255
1942-05-24,1942-06-04,1362.5733,0.9145051960029634,1246.0803627849048,0.265,1942,5,24,1942.05,1941,8,236,34,0.1076613433446157,95.2817629638148,0.0764651829925852,0.81,4,Mod_Dry,47,10,10,10,115,192.0,0.1540831600707462,1054.0803627849048,1054.0803627849048,,4,263.5200906962262,263.5200906962262,263.5200906962262,263.5200906962262,0.0,0.0,0.0,0.0,0.0,0.0,47.0,10.0,10.0,10.0,115.0,1121.0803627849048,990.0,968.6733954258954,21.32660457410464,0.7293690822277836,0.4203044716203761,988.8503264461518,0.4912243355760369,0.4912243355760369,0.4912243355760369,0.4912243355760369,19.685706684680422,19.685706684680422,19.685706684680422,19.685706684680422,,0.9392917970003176,0.9392917970003176,0.9392917970003176,0.9392917970003176,47.78636216694838,47.78636216694838,47.78636216694838,47.78636216694838,0.9732456653146307,0.9732456653146307,0.9732456653146307,0.9732456653146307,0.98,0.98,0.98,0.98,46.83063492360941,46.83063492360941,46.83063492360941,46.83063492360941,187.32253969443764,4495.740952666503,0.150329421190608,4.936439444383095e-05,0.265
1942-05-25,1942-06-05,1323.5347,0.9063317221724048,1199.561484005937,0.273,1942,5,25,1942.05,1941,8,237,34,0.1036421122181129,46.51887877896775,0.0387799036558075,0.81,4,Mod_Dry,47,10,10,10,115,192.0,0.1600584901732721,1007.561484005937,1007.561484005937,,4,251.89037100148423,251.89037100148423,251.89037100148423,251.89037100148423,0.0,0.0,0.0,0.0,0.0,0.0,47.0,10.0,10.0,10.0,115.0,1074.561484005937,990.0,968.5271932354472,21.47280676455273,0.6611976306603335,0.3598299292077181,988.978972440132,0.4488297207652839,0.4488297207652839,0.4488297207652839,0.4488297207652839,20.002949483919327,20.002949483919327,20.002949483919327,20.002949483919327,,0.9393748211618697,0.9393748211618697,0.9393748211618697,0.9393748211618697,46.41765742317872,46.41765742317872,46.41765742317872,46.41765742317872,0.9453698049527234,0.9453698049527234,0.9453698049527234,0.9453698049527234,0.98,0.98,0.98,0.98,45.489304274715145,45.489304274715145,45.489304274715145,45.489304274715145,181.95721709886055,4366.973210372654,0.1516864450259058,5.0164354452489504e-05,0.275
1942-05-26,1942-06-06,1294.7235,0.9135144469019452,1182.7486219934508,0.279,1942,5,26,1942.05,1941,8,238,34,0.1021894809402341,16.81286201248622,0.0142150763905766,0.81,4,Mod_Dry,47,10,10,10,115,192.0,0.1623337338380455,990.7486219934508,990.7486219934508,,4,247.6871554983627,247.6871554983627,247.6871554983627,247.6871554983627,0.0,0.0,0.0,0.0,0.0,0.0,47.0,10.0,10.0,10.0,115.0,1057.7486219934508,990.0,968.4743528119794,21.52564718802057,0.6365590916740365,0.3425988975947606,989.0208420107311,0.4340050442442694,0.4340050442442694,0.4340050442442694,0.4340050442442694,20.11248415450756,20.11248415450756,20.11248415450756,20.11248415450756,,0.939312615289644,0.939312615289644,0.939312615289644,0.939312615289644,45.88999973304143,45.88999973304143,45.88999973304143,45.88999973304143,0.9346232124855688,0.9346232124855688,0.9346232124855688,0.9346232124855688,0.98,0.98,0.98,0.98,44.9721997383806,44.9721997383806,44.9721997383806,44.9721997383806,179.88879895352238,4317.331174884537,0.1520938563008687,5.0435710644625246e-05,0.28
1942-05-27,1942-06-07,1275.7375,0.914516856089578,1166.683447695578,0.283,1942,5,27,1942.05,1941,8,239,35,0.1008014498808979,16.065174297872776,0.0137699513347896,0.81,4,Mod_Dry,47,10,10,10,115,192.0,0.1645690614529901,974.683447695578,974.683447695578,,4,243.6708619238945,243.6708619238945,243.6708619238945,243.6708619238945,0.0,0.0,0.0,0.0,0.0,0.0,47.0,10.0,10.0,10.0,115.0,1041.683447695578,990.0,968.423862264186,21.57613773581386,0.6130162574459416,0.3297467581564624,989.0572369843976,0.420027765018197,0.420027765018197,0.420027765018197,0.420027765018197,20.213346955193263,20.213346955193263,20.213346955193263,20.213346955193263,,0.939104933475033,0.939104933475033,0.939104933475033,0.939104933475033,45.36225667488564,45.36225667488564,45.36225667488564,45.36225667488564,0.9238748813622332,0.9238748813622332,0.9238748813622332,0.9238748813622332,0.98,0.98,0.98,0.98,44.45501154138793,44.45501154138793,44.45501154138793,44.45501154138793,177.82004616555173,4267.6811079732415,0.1524149901301678,5.067743520728808e-05,0.285
1942-05-28,1942-06-08,1238.2939,0.9143826532177884,1132.2744617454025,0.29,1942,5,28,1942.05,1941,8,240,35,0.0978285134948028,34.40898595017552,0.0303892625972805,0.81,4,Mod_Dry,47,10,10,10,115,192.0,0.169570193876873,940.2744617454024,940.2744617454024,,4,235.06861543635063,235.06861543635063,235.06861543635063,235.06861543635063,0.0,0.0,0.0,0.0,0.0,0.0,47.0,10.0,10.0,10.0,115.0,1007.2744617454024,990.0,968.3157197369142,21.68428026308584,0.5769640692804728,0.302219569396322,989.1208163613233,0.3908305478661381,0.3908305478661381,0.3908305478661381,0.3908305478661381,20.41426607654284,20.41426607654284,20.41426607654284,20.41426607654284,,0.9380623743334084,0.9380623743334084,0.9380623743334084,0.9380623743334084,44.14676010632755,44.14676010632755,44.14676010632755,44.14676010632755,0.8991193504343696,0.8991193504343696,0.8991193504343696,0.8991193504343696,0.979911935043437,0.979911935043437,0.979911935043437,0.979911935043437,43.25993712168984,43.25993712168984,43.25993712168984,43.25993712168984,173.03974848675935,4152.953963682225,0.1528249151005475,5.111975147411008e-05,0.29
1942-05-29,1942-06-09,1219.8351,0.9229021768936402,1125.7884692412713,0.294,1942,5,29,1942.05,1941,8,241,35,0.0972681237424458,6.485992504131218,0.0057612888045499,0.81,4,Mod_Dry,47,10,10,10,115,192.0,0.1705471367364412,933.7884692412712,933.7884692412712,,4,233.44711731031785,233.44711731031785,233.44711731031785,233.44711731031785,0.0,0.0,0.0,0.0,0.0,0.0,47.0,10.0,10.0,10.0,115.0,1000.7884692412712,990.0,968.295335189044,21.704664810956046,0.5710292980253263,0.297030775393017,989.1319399265816,0.3855065447778424,0.3855065447778424,0.3855065447778424,0.3855065447778424,20.4510981927598,20.4510981927598,20.4510981927598,20.4510981927598,,0.937859844937898,0.937859844937898,0.937859844937898,0.937859844937898,43.911855691818445,43.911855691818445,43.911855691818445,43.911855691818445,0.8943351464728807,0.8943351464728807,0.8943351464728807,0.8943351464728807,0.979433514647288,0.979433514647288,0.979433514647288,0.979433514647288,43.00874315492226,43.00874315492226,43.00874315492226,43.00874315492226,172.03497261968903,4128.839342872537,0.1528128749938543,5.1175928990841695e-05,0.295
1942-05-30,1942-06-10,1183.4396,0.9205844129984858,1089.4560494851628,0.303,1942,5,30,1942.05,1941,8,242,35,0.094129002675518,36.33241975610849,0.0333491376483501,0.81,4,Mod_Dry,47,10,10,10,115,192.0,0.1762347366749968,897.4560494851628,897.4560494851628,,4,224.3640123712907,224.3640123712907,224.3640123712907,224.3640123712907,0.0,0.0,0.0,0.0,0.0,0.0,47.0,10.0,10.0,10.0,115.0,964.4560494851628,990.0,968.1811475840964,21.81885241590373,0.5377846403632758,0.2679648395881302,989.1942505200486,0.3561029988458528,0.3561029988458528,0.3561029988458528,0.3561029988458528,20.65699993710651,20.65699993710651,20.65699993710651,20.65699993710651,,0.9366638432053788,0.9366638432053788,0.9366638432053788,0.9366638432053788,42.573847655988594,42.573847655988594,42.573847655988594,42.573847655988594,0.8670844736453889,0.8670844736453889,0.8670844736453889,0.8670844736453889,0.9767084473645388,0.9767084473645388,0.9767084473645388,0.9767084473645388,41.58223664241503,41.58223664241503,41.58223664241503,41.58223664241503,166.32894656966013,3991.894717671843,0.1526715526048628,5.148161314946128e-05,0.305
1942-05-31,1942-06-11,1147.7361,0.9351417914976156,1073.2959927204863,0.312,1942,5,31,1942.05,1941,8,243,35,0.09273277377105,16.160056764676256,0.0150564773131364,0.81,4,Mod_Dry,47,10,10,10,115,192.0,0.1788882109895305,881.2959927204863,881.2959927204863,,4,220.3239981801216,220.3239981801216,220.3239981801216,220.3239981801216,0.0,0.0,0.0,0.0,0.0,0.0,47.0,10.0,10.0,10.0,115.0,948.2959927204864,990.0,968.1303588342644,21.86964116573563,0.5229979688850941,0.2550367941763891,989.2219652369386,0.3434173542855817,0.3434173542855817,0.3434173542855817,0.3434173542855817,20.748189048388607,20.748189048388607,20.748189048388607,20.748189048388607,,0.9359141573202144,0.9359141573202144,0.9359141573202144,0.9359141573202144,41.95818724716807,41.95818724716807,41.95818724716807,41.95818724716807,0.8545455651154393,0.8545455651154393,0.8545455651154393,0.8545455651154393,0.975454556511544,0.975454556511544,0.975454556511544,0.975454556511544,40.92830493321465,40.92830493321465,40.92830493321465,40.92830493321465,163.7132197328586,3929.117273588606,0.1525331510070155,5.160115868660454e-05,0.31
1942-06-01,1942-06-12,1112.7189,0.9371977043562544,1042.8375986738165,0.321,1942,6,1,1942.06,1941,9,244,35,0.0901011685254177,30.458394046670264,0.0292072265954012,0.86,4,Mod_Dry,45,10,9,9,88,161.0,0.1543864550000352,881.8375986738165,881.8375986738165,,4,220.45939966845413,220.45939966845413,220.45939966845413,220.45939966845413,0.0,0.0,0.0,0.0,0.0,0.0,45.0,10.0,9.0,9.0,88.0,945.8375986738164,990.0,968.0346324529748,21.965367547025156,0.5207485049344796,0.2554700789390532,989.2237814161264,0.3438425149589459,0.3438425149589459,0.3438425149589459,0.3438425149589459,20.84530644819269,20.84530644819269,20.84530644819269,20.84530644819269,,0.9361311010567652,0.9361311010567652,0.9361311010567652,0.9361311010567652,42.190267414541744,42.190267414541744,42.190267414541744,42.190267414541744,0.8592722487686709,0.8592722487686709,0.8592722487686709,0.8592722487686709,0.9759272248768672,0.9759272248768672,0.9759272248768672,0.9759272248768672,41.17463059468664,41.17463059468664,41.17463059468664,41.17463059468664,164.69852237874656,3952.764537089917,0.1579330497751469,5.187983549176629e-05,0.32
1942-06-02,1942-06-13,1086.9032,0.940956999887256,1022.729174239858,0.328,1942,6,2,1942.06,1941,9,245,35,0.0883638006543237,20.10842443395836,0.0196615340018083,0.86,4,Mod_Dry,45,10,9,9,88,161.0,0.1574219295344371,861.729174239858,861.729174239858,,4,215.4322935599645,215.4322935599645,215.4322935599645,215.4322935599645,0.0,0.0,0.0,0.0,0.0,0.0,45.0,10.0,9.0,9.0,88.0,925.729174239858,990.0,967.971434547611,22.02856545238899,0.5023490233993206,0.2393833393918864,989.2582676372087,0.3283314641646906,0.3283314641646906,0.3283314641646906,0.3283314641646906,20.958501625433044,20.958501625433044,20.958501625433044,20.958501625433044,,0.9352434791860224,0.9352434791860224,0.9352434791860224,0.9352434791860224,41.41278370295333,41.41278370295333,41.41278370295333,41.41278370295333,0.8434375499583163,0.8434375499583163,0.8434375499583163,0.8434375499583163,0.9743437549958316,0.9743437549958316,0.9743437549958316,0.9743437549958316,40.35028717796573,40.35028717796573,40.35028717796573,40.35028717796573,161.40114871186293,3873.627569084711,0.1578141631012179,5.202754387364249e-05,0.33
1942-06-03,1942-06-14,1053.0739999999996,0.9224728423044594,971.4321659369264,0.34,1942,6,3,1942.06,1941,9,246,36,0.0839317391369504,51.29700830293154,0.0528055484486213,0.86,4,Mod_Dry,45,10,9,9,88,161.0,0.1657346808613433,810.4321659369264,810.4321659369264,,4,202.6080414842316,202.6080414842316,202.6080414842316,202.6080414842316,0.0,0.0,0.0,0.0,0.0,0.0,45.0,10.0,9.0,9.0,88.0,874.4321659369264,990.0,967.7857286637476,22.214271336252292,0.4554115639191655,0.1983457327495411,989.3462427033312,0.2904589986449023,0.2904589986449023,0.2904589986449023,0.2904589986449023,21.270055040938708,21.270055040938708,21.270055040938708,21.270055040938708,,0.9324703916712648,0.9324703916712648,0.9324703916712648,0.9324703916712648,39.40932917840557,39.40932917840557,39.40932917840557,39.40932917840557,0.802633995486875,0.802633995486875,0.802633995486875,0.802633995486875,0.9702633995486876,0.9702633995486876,0.9702633995486876,0.9702633995486876,38.23742970257307,38.23742970257307,38.23742970257307,38.23742970257307,152.94971881029227,3670.7932514470144,0.1574476573593539,5.242392243123965e-05,0.34
1942-06-04,1942-06-15,1019.9159,0.9227467245233664,941.1240560143012,0.348,1942,6,4,1942.06,1941,9,247,36,0.0813131184396356,30.30810992262501,0.0322041602580865,0.86,4,Mod_Dry,45,10,9,9,88,161.0,0.1710720270841249,780.1240560143012,780.1240560143012,,4,195.0310140035753,195.0310140035753,195.0310140035753,195.0310140035753,0.0,0.0,0.0,0.0,0.0,0.0,45.0,10.0,9.0,9.0,88.0,844.1240560143012,990.0,967.6644962240572,22.33550377594281,0.4276792315965415,0.1800620280071506,989.3922587403964,0.2690868392100108,0.2690868392100108,0.2690868392100108,0.2690868392100108,21.4586756771291,21.4586756771291,21.4586756771291,21.4586756771291,,0.9299753962092664,0.9299753962092664,0.9299753962092664,0.9299753962092664,38.169524790993634,38.169524790993634,38.169524790993634,38.169524790993634,0.7773833969652472,0.7773833969652472,0.7773833969652472,0.7773833969652472,0.97,0.97,0.97,0.97,37.02443904726383,37.02443904726383,37.02443904726383,37.02443904726383,148.0977561890553,3554.3461485373277,0.1573626295520012,5.2732979185706296e-05,0.35
1942-06-05,1942-06-16,987.4235,0.9179659771125324,906.4211780013768,0.357,1942,6,5,1942.06,1941,9,248,36,0.0783147897793189,34.702878012924664,0.0382855992944065,0.86,4,Mod_Dry,45,10,9,9,88,161.0,0.1776216221635495,745.4211780013768,745.4211780013768,,4,186.3552945003442,186.3552945003442,186.3552945003442,186.3552945003442,0.0,0.0,0.0,0.0,0.0,0.0,45.0,10.0,9.0,9.0,88.0,809.4211780013768,990.0,967.5256847120056,22.4743152879945,0.3959256267672456,0.1627105890006884,989.441363784232,0.2457050833709156,0.2457050833709156,0.2457050833709156,0.2457050833709156,21.66997398885565,21.66997398885565,21.66997398885565,21.66997398885565,,0.9270799028382748,0.9270799028382748,0.9270799028382748,0.9270799028382748,36.71605333039341,36.71605333039341,36.71605333039341,36.71605333039341,0.7477811268919229,0.7477811268919229,0.7477811268919229,0.7477811268919229,0.97,0.97,0.97,0.97,35.614571730481615,35.614571730481615,35.614571730481615,35.614571730481615,142.45828692192646,3418.998886126235,0.1571656646814468,5.308642621786191e-05,0.355
1942-06-06,1942-06-17,963.4877,0.9186515277026396,885.1094475277025,0.3670000000000001,1942,6,6,1942.06,1941,9,249,36,0.0764734562663935,21.31173047367417,0.0240780736588026,0.86,4,Mod_Dry,45,10,9,9,88,161.0,0.1818984086653995,724.1094475277025,724.1094475277025,,4,181.02736188192563,181.02736188192563,181.02736188192563,181.02736188192563,0.0,0.0,0.0,0.0,0.0,0.0,45.0,10.0,9.0,9.0,88.0,788.1094475277025,990.0,967.4404377901108,22.55956220988924,0.3764251038585265,0.1520547237638512,989.4715201723776,0.2318505936553681,0.2318505936553681,0.2318505936553681,0.2318505936553681,21.799231788611475,21.799231788611475,21.799231788611475,21.799231788611475,,0.9251691621121896,0.9251691621121896,0.9251691621121896,0.9251691621121896,35.80513038325667,35.80513038325667,35.80513038325667,35.80513038325667,0.7292287247099117,0.7292287247099117,0.7292287247099117,0.7292287247099117,0.97,0.97,0.97,0.97,34.730976471758964,34.730976471758964,34.730976471758964,34.730976471758964,138.92390588703586,3334.1737412888606,0.156956754077227,5.329301252630544e-05,0.365
1942-06-07,1942-06-18,924.4132,0.9124994692702046,843.5265543863715,0.38,1942,6,7,1942.06,1941,9,250,36,0.0728806942989824,41.582893141331056,0.0492964838215209,0.86,4,Mod_Dry,45,10,9,9,88,161.0,0.1908653606253337,682.5265543863715,682.5265543863715,,4,170.63163859659286,170.63163859659286,170.63163859659286,170.63163859659286,0.0,0.0,0.0,0.0,0.0,0.0,45.0,10.0,9.0,9.0,88.0,746.5265543863715,990.0,967.2741062175454,22.72589378245459,0.350764910190569,0.1347579663159114,989.5144771234936,0.2060411981756865,0.2060411981756865,0.2060411981756865,0.2060411981756865,22.034329707772425,22.034329707772425,22.034329707772425,22.034329707772425,,0.9213821004463484,0.9213821004463484,0.9213821004463484,0.9213821004463484,33.97331106016116,33.97331106016116,33.97331106016116,33.97331106016116,0.6919207955226305,0.6919207955226305,0.6919207955226305,0.6919207955226305,0.97,0.97,0.97,0.97,32.954111728356324,32.954111728356324,32.954111728356324,32.954111728356324,131.8164469134253,3163.594725922207,0.1562682837048514,5.364726026094793e-05,0.38
1942-06-08,1942-06-19,863.9982,0.9020463209442272,779.3663976124346,0.405,1942,6,8,1942.06,1941,9,251,36,0.0673372567537143,64.16015677393682,0.0823234834995318,0.86,4,Mod_Dry,45,10,9,9,88,161.0,0.2065780619914056,618.3663976124346,618.3663976124346,,3,206.12213253747825,206.12213253747825,206.12213253747825,0.0,0.0,0.0,0.0,0.0,0.0,0.0,45.0,10.0,9.0,9.0,88.0,682.3663976124346,990.0,967.0174655904495,22.98253440955034,0.3143033249238522,0.1155099192837303,989.5701867557924,0.3005990696601859,0.3005990696601859,0.3005990696601859,0.0,22.252122095682672,22.252122095682672,22.252122095682672,22.55272116534286,,0.9344999073129696,0.9344999073129696,0.9344999073129696,0.0,42.03528762056697,42.03528762056697,42.03528762056697,0.0,0.856115837486089,0.856115837486089,0.856115837486089,0.0,0.9756115837486088,0.9756115837486088,0.9756115837486088,0.96,41.01011352882964,41.01011352882964,41.01011352882964,0.0,123.0303405864889,2952.728174075733,0.1578594367981332,5.526673949184656e-05,0.405
1942-06-09,1942-06-20,827.5366,0.8937943571986156,739.6475434553279,0.419,1942,6,9,1942.06,1941,9,252,36,0.0639055477545403,39.71885415710676,0.0536997040124769,0.86,4,Mod_Dry,45,10,9,9,88,161.0,0.2176712427758152,578.6475434553279,578.6475434553279,,3,192.88251448510928,192.88251448510928,192.88251448510928,0.0,0.0,0.0,0.0,0.0,0.0,0.0,45.0,10.0,9.0,9.0,88.0,642.6475434553279,990.0,966.8585901738212,23.141409826178688,0.2917314912444506,0.1014590173821311,989.6068094913734,0.2632404393994972,0.2632404393994972,0.2632404393994972,0.0,22.48497887815257,22.48497887815257,22.48497887815257,22.74821931755207,,0.930418860640402,0.930418860640402,0.930418860640402,0.0,39.5733255592554,39.5733255592554,39.5733255592554,0.0,0.8059740439766883,0.8059740439766883,0.8059740439766883,0.0,0.9705974043976688,0.9705974043976688,0.9705974043976688,0.96,38.409767071197216,38.409767071197216,38.409767071197216,0.0,115.22930121359164,2765.5032291262,0.1557894732878959,5.531543266366384e-05,0.42
1942-06-10,1942-06-21,785.0819,0.8950098277210273,702.6560160658968,0.4370000000000001,1942,6,10,1942.06,1941,9,253,37,0.0607094797880934,36.9915273894311,0.0526452866603819,0.86,4,Mod_Dry,45,10,9,9,88,161.0,0.2291306077494695,541.6560160658968,541.6560160658968,,3,180.5520053552989,180.5520053552989,180.5520053552989,0.0,0.0,0.0,0.0,0.0,0.0,0.0,45.0,10.0,9.0,9.0,88.0,605.6560160658968,990.0,966.7106240642636,23.289375935736416,0.270709570509311,0.0866624064263587,989.6426280230644,0.2306241738166712,0.2306241738166712,0.2306241738166712,0.0,22.70137978498402,22.70137978498402,22.70137978498402,22.93200395880069,,0.9265725185189968,0.9265725185189968,0.9265725185189968,0.0,37.24540365666821,37.24540365666821,37.24540365666821,0.0,0.7585621926001672,0.7585621926001672,0.7585621926001672,0.0,0.97,0.97,0.97,0.96,36.12804154696816,36.12804154696816,36.12804154696816,0.0,108.38412464090447,2601.218991381708,0.154249194716551,5.558269528289965e-05,0.435
1942-06-11,1942-06-22,764.3804,0.8926299826267534,682.3088631722309,0.445,1942,6,11,1942.06,1941,9,254,37,0.0589514857780807,20.347152893665907,0.0298210297299476,0.89,4,Mod_Dry,45,10,9,9,88,161.0,0.2359635184152075,521.3088631722309,521.3088631722309,,3,173.7696210574103,173.7696210574103,173.7696210574103,0.0,0.0,0.0,0.0,0.0,0.0,0.0,45.0,10.0,9.0,9.0,88.0,585.3088631722309,990.0,966.6292354526888,23.37076454731107,0.2591464838918436,0.0785235452688923,989.6623299708392,0.2136978753800811,0.2136978753800811,0.2136978753800811,0.0,22.8193966427702,22.8193966427702,22.8193966427702,23.03309451815028,,0.924324546282022,0.924324546282022,0.924324546282022,0.0,35.945224224292886,35.945224224292886,35.945224224292886,0.0,0.7320819597615659,0.7320819597615659,0.7320819597615659,0.0,0.97,0.97,0.97,0.96,34.8668674975641,34.8668674975641,34.8668674975641,0.0,104.6006024926923,2510.4144598246157,0.1533038893945726,5.573609997311186e-05,0.445
1942-06-12,1942-06-23,737.3183,0.8872912629151888,654.21608557748,0.458,1942,6,12,1942.06,1941,9,255,37,0.0565242697938942,28.092777594750828,0.0429411294128501,0.89,4,Mod_Dry,45,10,9,9,88,161.0,0.2460960583961864,493.21608557748,493.21608557748,,3,164.40536185916002,164.40536185916002,164.40536185916002,0.0,0.0,0.0,0.0,0.0,0.0,0.0,45.0,10.0,9.0,9.0,88.0,557.21608557748,990.0,966.51686434231,23.483135657690127,0.2431816350330887,0.068643217115496,989.6881751478512,0.191232332276068,0.191232332276068,0.191232332276068,0.0,22.980078473265383,22.980078473265383,22.980078473265383,23.17131080554145,,0.9212446611153288,0.9212446611153288,0.9212446611153288,0.0,34.13352717580616,34.13352717580616,34.13352717580616,0.0,0.6951838528677425,0.6951838528677425,0.6951838528677425,0.0,0.97,0.97,0.97,0.96,33.10952136053197,33.10952136053197,33.10952136053197,0.0,99.32856408159591,2383.885537958302,0.151828373333129,5.594154085250117e-05,0.46
1942-06-13,1942-06-24,717.4235,0.8782993569127185,630.1125986840717,0.468,1942,6,13,1942.06,1941,9,256,37,0.0544417285263038,24.103486893408327,0.038252666180213,0.89,4,Mod_Dry,45,10,9,9,88,161.0,0.2555098887662819,469.1125986840717,469.1125986840717,,3,156.3708662280239,156.3708662280239,156.3708662280239,0.0,0.0,0.0,0.0,0.0,0.0,0.0,45.0,10.0,9.0,9.0,88.0,533.1125986840717,990.0,966.4204503947362,23.579549605263765,0.2294838607946971,0.0638225197368143,989.7066936194684,0.1730433230262131,0.1730433230262131,0.1730433230262131,0.0,23.11319990170596,23.11319990170596,23.11319990170596,23.28624322473217,,0.9180599747991516,0.9180599747991516,0.9180599747991516,0.0,32.54060854967259,32.54060854967259,32.54060854967259,0.0,0.6627415183232707,0.6627415183232707,0.6627415183232707,0.0,0.97,0.97,0.97,0.96,31.564390293182413,31.564390293182413,31.564390293182413,0.0,94.69317087954724,2272.636101109134,0.1502797612320474,5.6071098178641024e-05,0.47
1942-06-14,1942-06-25,691.4282,0.8804892019345739,608.7950640130589,0.48,1942,6,14,1942.06,1941,9,257,37,0.0525998935307282,21.317534671012822,0.0350159453174468,0.89,4,Mod_Dry,45,10,9,9,88,161.0,0.2644568090593889,447.7950640130589,447.7950640130589,,3,149.2650213376863,149.2650213376863,149.2650213376863,0.0,0.0,0.0,0.0,0.0,0.0,0.0,45.0,10.0,9.0,9.0,88.0,511.7950640130589,990.0,966.3351802560522,23.66481974394776,0.2173693157691608,0.0595590128026117,989.7230716714282,0.1576712443823875,0.1576712443823875,0.1576712443823875,0.0,23.230220170993583,23.230220170993583,23.230220170993583,23.38789141537597,,0.9152304271061976,0.9152304271061976,0.9152304271061976,0.0,31.12293335586831,31.12293335586831,31.12293335586831,0.0,0.6338682964535297,0.6338682964535297,0.6338682964535297,0.0,0.97,0.97,0.97,0.96,30.18924535519226,30.18924535519226,30.18924535519226,0.0,90.56773606557678,2173.6256655738425,0.1487655557989775,5.618129024737653e-05,0.48
1942-06-15,1942-06-26,666.0345,0.8753352736866753,583.0034913422678,0.493,1942,6,15,1942.06,1941,9,258,37,0.0503715016519719,25.791572670791087,0.044239139308429,0.89,4,Mod_Dry,45,10,9,9,88,161.0,0.2761561506764299,422.0034913422678,422.0034913422678,,2,211.0017456711339,211.0017456711339,0.0,0.0,0.0,0.0,0.0,0.0,0.0,0.0,45.0,10.0,9.0,9.0,88.0,486.0034913422678,990.0,966.22351571104,23.776484288959864,0.2070574740727012,0.0544006982684535,989.7385418276588,0.3150052370134017,0.3150052370134017,0.0,0.0,23.20002087960534,23.20002087960534,23.515026116618746,23.515026116618746,,0.9365178364263074,0.9365178364263074,0.0,0.0,44.96029754527042,44.96029754527042,0.0,0.0,0.915688341044204,0.915688341044204,0.0,0.0,0.98,0.98,0.96,0.96,44.06109159436501,44.06109159436501,0.0,0.0,88.12218318873002,2114.9323965295207,0.1511520676931856,5.800516991277301e-05,0.495
1942-06-16,1942-06-27,647.3805,0.8756118252012844,566.8540212047202,0.501,1942,6,16,1942.06,1941,9,259,37,0.0489761874320878,16.14947013754761,0.0284896455408846,0.89,4,Mod_Dry,45,10,9,9,88,161.0,0.2840237415231365,405.8540212047202,405.8540212047202,,2,202.9270106023601,202.9270106023601,0.0,0.0,0.0,0.0,0.0,0.0,0.0,0.0,45.0,10.0,9.0,9.0,88.0,469.8540212047202,990.0,966.1508430954212,23.849156904578763,0.2013578249943483,0.051170804240944,989.7474713707646,0.2913712503227498,0.2913712503227498,0.0,0.0,23.30525702502064,23.30525702502064,23.59662827534339,23.59662827534339,,0.9345445009210132,0.9345445009210132,0.0,0.0,43.34434459805217,43.34434459805217,0.0,0.0,0.8827768757240767,0.8827768757240767,0.0,0.0,0.9782776875724076,0.9782776875724076,0.96,0.96,42.40280520272405,42.40280520272405,0.0,0.0,84.8056104054481,2035.3346497307543,0.1496074954627876,5.804331796833602e-05,0.5
1942-06-17,1942-06-28,629.0591,0.8842087083672124,556.2195342976412,0.513,1942,6,17,1942.06,1941,9,260,38,0.0480573677633162,10.634486907079008,0.0191192258655704,0.89,4,Mod_Dry,45,10,9,9,88,161.0,0.2894540555885018,395.2195342976412,395.2195342976412,,2,197.6097671488206,197.6097671488206,0.0,0.0,0.0,0.0,0.0,0.0,0.0,0.0,45.0,10.0,9.0,9.0,88.0,459.2195342976412,990.0,966.1029879043392,23.89701209566067,0.197604584610457,0.0490439068595282,989.75335150853,0.2763073480166976,0.2763073480166976,0.0,0.0,23.37405625617402,23.37405625617402,23.65036360419072,23.65036360419072,,0.9329737722024544,0.9329737722024544,0.0,0.0,42.26205645933764,42.26205645933764,0.0,0.0,0.860734347440685,0.860734347440685,0.0,0.0,0.9760734347440684,0.9760734347440684,0.96,0.96,41.25087060761343,41.25087060761343,0.0,0.0,82.50174121522686,1980.0417891654447,0.1483258607941643,5.798587455523905e-05,0.515
1942-06-18,1942-06-29,611.0679,0.8869861279741288,542.0087505502821,0.523,1942,6,18,1942.06,1941,9,261,38,0.0468295560475443,14.210783747359072,0.0262187349059058,0.89,4,Mod_Dry,45,10,9,9,88,161.0,0.297043174739416,381.0087505502821,381.0087505502821,,2,190.50437527514103,190.50437527514103,0.0,0.0,0.0,0.0,0.0,0.0,0.0,0.0,45.0,10.0,9.0,9.0,88.0,445.0087505502821,990.0,966.0390393774762,23.96096062252377,0.1925891581104884,0.0462017501100564,989.7612090917794,0.2567719007483837,0.2567719007483837,0.0,0.0,23.46539781355478,23.46539781355478,23.722169714303163,23.722169714303163,,0.9308731807436617,0.9308731807436617,0.0,0.0,40.80957700980064,40.80957700980064,0.0,0.0,0.8311522812586687,0.8311522812586687,0.0,0.0,0.9731152281258668,0.9731152281258668,0.96,0.96,39.71242084161227,39.71242084161227,0.0,0.0,79.42484168322454,1906.196200397389,0.146537932464351,5.790537879052288e-05,0.525
1942-06-19,1942-06-30,593.4044,0.8886647923374786,527.3375978981461,0.532,1942,6,19,1942.06,1941,9,262,38,0.0455619684583998,14.671152652136016,0.0278211770042797,0.89,4,Mod_Dry,45,10,9,9,88,161.0,0.3053072654817545,366.3375978981461,366.3375978981461,,2,183.16879894907305,183.16879894907305,0.0,0.0,0.0,0.0,0.0,0.0,0.0,0.0,45.0,10.0,9.0,9.0,88.0,430.3375978981461,990.0,965.9730191905415,24.026980809458337,0.1874112531402377,0.0432675195796292,989.76932122728,0.2373755012886084,0.2373755012886084,0.0,0.0,23.55892653544983,23.55892653544983,23.79630203673844,23.79630203673844,,0.9286027653169436,0.9286027653169436,0.0,0.0,39.298472293602345,39.298472293602345,0.0,0.0,0.8003762177923084,0.8003762177923084,0.0,0.0,0.9700376217792308,0.9700376217792308,0.96,0.96,38.120996603243015,38.120996603243015,0.0,0.0,76.24199320648603,1829.8078369556647,0.1445790960295077,5.781096881061712e-05,0.53
1942-06-20,1942-07-01,581.8096,0.8882166996280455,516.7730027239134,0.54,1942,6,20,1942.06,1941,9,263,38,0.0446491874353461,10.56459517423275,0.0204433960724471,0.89,4,Mod_Dry,45,10,9,9,88,161.0,0.3115487828337938,355.7730027239133,355.7730027239133,,2,177.88650136195668,177.88650136195668,0.0,0.0,0.0,0.0,0.0,0.0,0.0,0.0,45.0,10.0,9.0,9.0,88.0,419.77300272391335,990.0,965.9254785122577,24.07452148774246,0.1836826797173866,0.0411546005447826,989.7751627197378,0.2239162534048916,0.2239162534048916,0.0,0.0,23.62576795407532,23.62576795407532,23.84968420748021,23.84968420748021,,0.9267527672944844,0.9267527672944844,0.0,0.0,38.19719912597393,38.19719912597393,0.0,0.0,0.7779470290422389,0.7779470290422389,0.0,0.0,0.97,0.97,0.96,0.96,37.05128315219471,37.05128315219471,0.0,0.0,74.10256630438943,1778.4615913053462,0.1433948095465405,5.78572461599548e-05,0.54
1942-06-21,1942-07-02,576.0661,0.8889914195501405,512.1178199937132,0.544,1942,6,21,1942.06,1941,9,264,38,0.0442469796474568,4.655182730200182,0.0090900619905343,0.91,5,Dry,39,9,7,5,59,119.0,0.2323684030394819,393.1178199937132,393.1178199937132,,2,196.55890999685656,196.55890999685656,0.0,0.0,0.0,0.0,0.0,0.0,0.0,0.0,39.0,9.0,7.0,5.0,59.0,448.1178199937132,990.0,965.9045301899716,24.09546981002836,0.1936864451816342,0.0486235639987426,989.7576899908196,0.2733649479911984,0.2733649479911984,0.0,0.0,23.579794852856864,23.579794852856864,23.85315980084806,23.85315980084806,,0.93282495798343,0.93282495798343,0.0,0.0,42.40056211807776,42.40056211807776,0.0,0.0,0.8635552366207282,0.8635552366207282,0.0,0.0,0.9763555236620728,0.9763555236620728,0.96,0.96,41.39802303036205,41.39802303036205,0.0,0.0,82.79604606072411,1987.1051054573784,0.1616738235387718,5.85038390879922e-05,0.545
1942-06-22,1942-07-03,564.6867,0.8760275090430032,494.6810831907137,0.5529999999999999,1942,6,22,1942.06,1941,9,265,38,0.0427404455876776,17.43673680299952,0.0352484406529795,0.91,5,Dry,39,9,7,5,59,119.0,0.2405590269036467,375.6810831907137,375.6810831907137,,2,187.84054159535685,187.84054159535685,0.0,0.0,0.0,0.0,0.0,0.0,0.0,0.0,39.0,9.0,7.0,5.0,59.0,430.6810831907137,990.0,965.8260648743582,24.173935125641837,0.1875324797572435,0.0451362166381427,989.7673313036046,0.2496558406436492,0.2496558406436492,0.0,0.0,23.691610588602764,23.691610588602764,23.94126642924641,23.94126642924641,,0.9302452070653642,0.9302452070653642,0.0,0.0,40.59944137578724,40.59944137578724,0.0,0.0,0.8268725331117563,0.8268725331117563,0.0,0.0,0.9726872533111756,0.9726872533111756,0.96,0.96,39.49055911778258,39.49055911778258,0.0,0.0,78.98111823556516,1895.546837653564,0.1596606802227682,5.839846745422053e-05,0.555
1942-06-23,1942-07-04,553.45,0.8781733244038457,486.0250263913084,0.5579999999999999,1942,6,23,1942.06,1941,9,266,38,0.041992562280209,8.656056799405293,0.0178098993454631,0.91,5,Dry,39,9,7,5,59,119.0,0.2448433589594432,367.0250263913084,367.0250263913084,,2,183.5125131956542,183.5125131956542,0.0,0.0,0.0,0.0,0.0,0.0,0.0,0.0,39.0,9.0,7.0,5.0,59.0,422.0250263913084,990.0,965.7871126187608,24.21288738123917,0.1844774887427585,0.0434050052782616,989.7721175059788,0.2382622840447878,0.2382622840447878,0.0,0.0,23.746742603173324,23.746742603173324,23.98500488721811,23.98500488721811,,0.9288837263448458,0.9288837263448458,0.0,0.0,39.69810549651177,39.69810549651177,0.0,0.0,0.8085153868943334,0.8085153868943334,0.0,0.0,0.9708515386894332,0.9708515386894332,0.96,0.96,38.5409668043439,38.5409668043439,0.0,0.0,77.0819336086878,1849.9664066085077,0.1585966347885707,5.8338387534933935e-05,0.56
1942-06-24,1942-07-05,542.3552,0.8801399653154843,477.3484869166725,0.5650000000000001,1942,6,24,1942.06,1941,9,267,39,0.0412429092696005,8.676539474635831,0.0181765307997099,0.91,5,Dry,39,9,7,5,59,119.0,0.249293761814674,358.3484869166725,358.3484869166725,,2,179.17424345833626,179.17424345833626,0.0,0.0,0.0,0.0,0.0,0.0,0.0,0.0,39.0,9.0,7.0,5.0,59.0,413.3484869166725,990.0,965.748068191125,24.25193180887504,0.1814152687566723,0.0416696973833345,989.77691503386,0.2271356086458406,0.2271356086458406,0.0,0.0,23.80171123408915,23.80171123408915,24.028846842734996,24.028846842734996,,0.9273670177103028,0.9273670177103028,0.0,0.0,38.78592084151328,38.78592084151328,0.0,0.0,0.7899372880145269,0.7899372880145269,0.0,0.0,0.97,0.97,0.96,0.96,37.62234321626787,37.62234321626787,0.0,0.0,75.24468643253574,1805.872474380858,0.1576305120784235,5.832674770488344e-05,0.565
1942-06-25,1942-07-06,531.4016,0.8847902403509693,470.1789493868897,0.5740000000000001,1942,6,25,1942.06,1941,9,268,39,0.0406234612270272,7.169537529782815,0.0152485293931849,0.91,5,Dry,39,9,7,5,59,119.0,0.2530951250692427,351.1789493868897,351.1789493868897,,2,175.58947469344486,175.58947469344486,0.0,0.0,0.0,0.0,0.0,0.0,0.0,0.0,39.0,9.0,7.0,5.0,59.0,406.1789493868897,990.0,965.715805272241,24.28419472775897,0.178884916514413,0.0402357898773779,989.7808792936082,0.2181736867336121,0.2181736867336121,0.0,0.0,23.846900334633585,23.846900334633585,24.065074021367195,24.065074021367195,,0.9261148008110756,0.9261148008110756,0.0,0.0,38.03066685308138,38.03066685308138,0.0,0.0,0.7745553330566471,0.7745553330566471,0.0,0.0,0.97,0.97,0.96,0.96,36.88974684748894,36.88974684748894,0.0,0.0,73.77949369497787,1770.707848679469,0.1569179007082002,5.8358577129810216e-05,0.575
1942-06-26,1942-07-07,520.5884,0.8885427859104034,462.56506724863937,0.581,1942,6,26,1942.06,1941,9,269,39,0.0399656218102824,7.613882138250346,0.0164601321572727,0.91,5,Dry,39,9,7,5,59,119.0,0.2572611042762439,343.56506724863937,343.56506724863937,,2,171.78253362431968,171.78253362431968,0.0,0.0,0.0,0.0,0.0,0.0,0.0,0.0,39.0,9.0,7.0,5.0,59.0,398.56506724863937,990.0,965.6815428026188,24.31845719738112,0.1761977412732222,0.0387130134497278,989.785089245277,0.20884938204334,0.20884938204334,0.0,0.0,23.89469706061483,23.89469706061483,24.10354644265817,24.10354644265817,,0.9247860479650412,0.9247860479650412,0.0,0.0,37.22721103609346,37.22721103609346,0.0,0.0,0.7581916707962008,0.7581916707962008,0.0,0.0,0.97,0.97,0.96,0.96,36.110394705010656,36.110394705010656,0.0,0.0,72.22078941002131,1733.2989458405114,0.1561310927338163,5.8391647766547e-05,0.58
1942-06-27,1942-07-08,515.2343,0.8913623235036077,459.2604427967548,0.585,1942,6,27,1942.06,1941,9,270,39,0.0396801022576396,3.304624451884536,0.0071955346987003,0.91,5,Dry,39,9,7,5,59,119.0,0.2591122354786896,340.2604427967548,340.2604427967548,,2,170.1302213983774,170.1302213983774,0.0,0.0,0.0,0.0,0.0,0.0,0.0,0.0,39.0,9.0,7.0,5.0,59.0,395.2604427967548,990.0,965.6666719925854,24.333328007414597,0.1750314367721417,0.0380520885593509,989.7869164746686,0.2048177402120408,0.2048177402120408,0.0,0.0,23.915426741871155,23.915426741871155,24.120244482083194,24.120244482083194,,0.9242097172387858,0.9242097172387858,0.0,0.0,36.87812498130232,36.87812498130232,0.0,0.0,0.7510819751792733,0.7510819751792733,0.0,0.0,0.97,0.97,0.96,0.96,35.77178123186325,35.77178123186325,0.0,0.0,71.5435624637265,1717.045499129436,0.1557799361687852,5.840588354065682e-05,0.585
1942-06-28,1942-07-09,504.6303,0.897830776149602,453.0726139176065,0.595,1942,6,28,1942.06,1941,9,271,39,0.0391454738424812,6.187828879148299,0.0136574771660632,0.91,5,Dry,39,9,7,5,59,119.0,0.2626510549181874,334.0726139176065,334.0726139176065,,2,167.03630695880324,167.03630695880324,0.0,0.0,0.0,0.0,0.0,0.0,0.0,0.0,39.0,9.0,7.0,5.0,59.0,389.0726139176065,990.0,965.6388267626292,24.36117323737085,0.1728475599719956,0.0368145227835212,989.7903379172444,0.1974464105619517,0.1974464105619517,0.0,0.0,23.954064744053422,23.954064744053422,24.151511154615378,24.151511154615378,,0.9231310380053224,0.9231310380053224,0.0,0.0,36.22364519550174,36.22364519550174,0.0,0.0,0.7377524479735588,0.7377524479735588,0.0,0.0,0.97,0.97,0.96,0.96,35.136935839636685,35.136935839636685,0.0,0.0,70.27387167927337,1686.5729203025608,0.1551050968886259,5.8431966876888886e-05,0.595
1942-06-29,1942-07-10,499.3804,0.8921883077628417,445.541354005931,0.598,1942,6,29,1942.06,1941,9,272,39,0.0384947729861124,7.5312599116755345,0.0169036158910072,0.91,5,Dry,39,9,7,5,59,119.0,0.2670908074638923,326.541354005931,326.541354005931,,2,163.2706770029655,163.2706770029655,0.0,0.0,0.0,0.0,0.0,0.0,0.0,0.0,39.0,9.0,7.0,5.0,59.0,381.541354005931,990.0,965.6049360930268,24.39506390697329,0.1701895446780687,0.0353082708011861,989.7945021845206,0.1886225571068206,0.1886225571068206,0.0,0.0,24.00094353438711,24.00094353438711,24.18956609149393,24.18956609149393,,0.921735272593046,0.921735272593046,0.0,0.0,35.422679969321536,35.422679969321536,0.0,0.0,0.7214395105768133,0.7214395105768133,0.0,0.0,0.97,0.97,0.96,0.96,34.35999957024189,34.35999957024189,0.0,0.0,68.71999914048378,1649.2799793716108,0.1542393282298302,5.84577984257016e-05,0.6
1942-06-30,1942-07-11,488.9841,0.8998924733267547,440.0331111664572,0.609,1942,6,30,1942.06,1941,9,273,39,0.0380188608047818,5.50824283947378,0.012517791729064,0.91,5,Dry,39,9,7,5,59,119.0,0.2704341945644728,321.0331111664572,321.0331111664572,,2,160.5165555832286,160.5165555832286,0.0,0.0,0.0,0.0,0.0,0.0,0.0,0.0,39.0,9.0,7.0,5.0,59.0,376.0331111664572,990.0,965.580149000249,24.41985099975102,0.168245514876722,0.0342066222332914,989.79754786289,0.1822880778414258,0.1822880778414258,0.0,0.0,24.03511078479952,24.03511078479952,24.217398862640948,24.217398862640948,,0.9206427965246275,0.9206427965246275,0.0,0.0,34.83339616442699,34.83339616442699,0.0,0.0,0.7094378037561505,0.7094378037561505,0.0,0.0,0.97,0.97,0.96,0.96,33.788394279494185,33.788394279494185,0.0,0.0,67.57678855898837,1621.8429254157209,0.1535720536571739,5.847163268321417e-05,0.61
1942-07-01,1942-07-12,483.8375,0.9000891520783358,435.49688511870175,0.611,1942,7,1,1942.07,1941,10,274,40,0.0376269308742558,4.536226047755463,0.0104162077910592,0.91,5,Dry,37,8,6,4,53,108.0,0.2479925889035069,327.4968851187017,327.4968851187017,,2,163.74844255935088,163.74844255935088,0.0,0.0,0.0,0.0,0.0,0.0,0.0,0.0,37.0,8.0,6.0,4.0,53.0,378.49688511870175,990.0,965.559735983034,24.440264016965894,0.1691150571475567,0.0354993770237403,989.7953855658288,0.189721417886507,0.189721417886507,0.0,0.0,24.04592816490812,24.04592816490812,24.235649582794625,24.235649582794625,,0.921969868144182,0.921969868144182,0.0,0.0,35.6019798894039,35.6019798894039,0.0,0.0,0.725091240110059,0.725091240110059,0.0,0.0,0.97,0.97,0.96,0.96,34.53392049272178,34.53392049272178,0.0,0.0,69.06784098544357,1657.6281836506455,0.1585954879255175,5.858227133333379e-05,0.61
1942-07-02,1942-07-13,473.647,0.9007401735700734,426.6328809909446,0.62,1942,7,2,1942.07,1941,10,275,40,0.0368610809176176,8.86400412775714,0.0207766548775345,0.91,5,Dry,37,8,6,4,53,108.0,0.2531450453353414,318.6328809909446,318.6328809909446,,2,159.3164404954723,159.3164404954723,0.0,0.0,0.0,0.0,0.0,0.0,0.0,0.0,37.0,8.0,6.0,4.0,53.0,369.6328809909446,990.0,965.5198479644592,24.480152035540755,0.1659866750689506,0.0337265761981889,989.8002867487328,0.1795824978999485,0.1795824978999485,0.0,0.0,24.100856286373595,24.100856286373595,24.280438784273542,24.280438784273542,,0.9202142983069954,0.9202142983069954,0.0,0.0,34.65139668152968,34.65139668152968,0.0,0.0,0.7057310933101768,0.7057310933101768,0.0,0.0,0.97,0.97,0.96,0.96,33.61185478108379,33.61185478108379,0.0,0.0,67.22370956216758,1613.369029492022,0.1575680463400438,5.860428653214966e-05,0.62
1942-07-03,1942-07-14,463.5928,0.9065907191323836,420.28892993659525,0.63,1942,7,3,1942.07,1941,10,276,40,0.0363129635465218,6.343951054349362,0.0150942615959606,0.91,5,Dry,37,8,6,4,53,108.0,0.2569660828713544,312.28892993659525,312.28892993659525,,2,156.14446496829763,156.14446496829763,0.0,0.0,0.0,0.0,0.0,0.0,0.0,0.0,37.0,8.0,6.0,4.0,53.0,363.28892993659525,990.0,965.4913001847146,24.508699815285357,0.1637476979092003,0.032457785987319,989.8037945161036,0.1725407122296207,0.1725407122296207,0.0,0.0,24.13995361915923,24.13995361915923,24.312494331388848,24.312494331388848,,0.918960475315418,0.918960475315418,0.0,0.0,33.97023548264255,33.97023548264255,0.0,0.0,0.6918581564692984,0.6918581564692984,0.0,0.0,0.97,0.97,0.96,0.96,32.95112841816327,32.95112841816327,0.0,0.0,65.90225683632654,1581.654164071837,0.1568022665890071,5.861937680036208e-05,0.63
1942-07-04,1942-07-15,458.6166,0.911126574868046,417.8577719356288,0.633,1942,7,4,1942.07,1941,10,277,40,0.0361029114952383,2.4311580009666045,0.0058181471406044,0.91,5,Dry,37,8,6,4,53,108.0,0.2584611493516446,309.8577719356288,309.8577719356288,,2,154.9288859678144,154.9288859678144,0.0,0.0,0.0,0.0,0.0,0.0,0.0,0.0,37.0,8.0,6.0,4.0,53.0,360.8577719356288,990.0,965.4803599737104,24.51964002628972,0.1628896668195412,0.0319715543871257,989.8051387787932,0.1698463936904791,0.1698463936904791,0.0,0.0,24.15493241139256,24.15493241139256,24.32477880508304,24.32477880508304,,0.9184805999216128,0.9184805999216128,0.0,0.0,33.70908093039651,33.70908093039651,0.0,0.0,0.686539326484654,0.686539326484654,0.0,0.0,0.97,0.97,0.96,0.96,32.69780850248461,32.69780850248461,0.0,0.0,65.39561700496922,1569.4948081192615,0.1565020956820768,5.862512034011778e-05,0.635
1942-07-05,1942-07-16,453.6742,0.9119592484433596,413.7323824701425,0.64,1942,7,5,1942.07,1941,10,278,40,0.0357464778454203,4.125389465486137,0.0099711543990247,0.91,5,Dry,37,8,6,4,53,108.0,0.2610383053779793,305.7323824701425,305.7323824701425,,2,152.86619123507126,152.86619123507126,0.0,0.0,0.0,0.0,0.0,0.0,0.0,0.0,37.0,8.0,6.0,4.0,53.0,356.7323824701425,990.0,965.4617957211155,24.538204278884336,0.1614336888794267,0.0311464764940285,989.8074198346266,0.1653909730677539,0.1653909730677539,0.0,0.0,24.18023314044314,24.18023314044314,24.34562411351089,24.34562411351089,,0.9176669845434574,0.9176669845434574,0.0,0.0,33.26562867908379,33.26562867908379,0.0,0.0,0.6775077124049651,0.6775077124049651,0.0,0.0,0.97,0.97,0.96,0.96,32.26765981871127,32.26765981871127,0.0,0.0,64.53531963742255,1548.847671298141,0.1559832451405464,5.863454022183108e-05,0.64
1942-07-06,1942-07-17,453.6742,0.9119592484433596,413.7323824701425,0.64,1942,7,6,1942.07,1941,10,279,40,0.0357464778454203,0.0,0.0,0.91,5,Dry,37,8,6,4,53,108.0,0.2610383053779793,305.7323824701425,305.7323824701425,,2,152.86619123507126,152.86619123507126,0.0,0.0,0.0,0.0,0.0,0.0,0.0,0.0,37.0,8.0,6.0,4.0,53.0,356.7323824701425,990.0,965.4617957211155,24.538204278884336,0.1614336888794267,0.0311464764940285,989.8074198346266,0.1653909730677539,0.1653909730677539,0.0,0.0,24.18023314044314,24.18023314044314,24.34562411351089,24.34562411351089,,0.9176669845434574,0.9176669845434574,0.0,0.0,33.26562867908379,33.26562867908379,0.0,0.0,0.6775077124049651,0.6775077124049651,0.0,0.0,0.97,0.97,0.96,0.96,32.26765981871127,32.26765981871127,0.0,0.0,64.53531963742255,1548.847671298141,0.1559832451405464,5.863454022183108e-05,0.64
1942-07-07,1942-07-18,448.7655,0.9091709283658698,408.00454625357366,0.643,1942,7,7,1942.07,1941,10,280,40,0.0352515927963087,5.727836216568846,0.0140386578266434,0.91,5,Dry,37,8,6,4,53,108.0,0.2647029328268276,300.00454625357366,300.00454625357366,,2,150.00227312678683,150.00227312678683,0.0,0.0,0.0,0.0,0.0,0.0,0.0,0.0,37.0,8.0,6.0,4.0,53.0,351.00454625357366,990.0,965.436020458141,24.563979541859,0.1594121577620175,0.0300009092507147,989.8105869329872,0.1592049099538595,0.1592049099538595,0.0,0.0,24.215361564892373,24.215361564892373,24.374566474846237,24.374566474846237,,0.9165389763695132,0.9165389763695132,0.0,0.0,32.64964294194012,32.64964294194012,0.0,0.0,0.664962178043587,0.664962178043587,0.0,0.0,0.97,0.97,0.96,0.96,31.67015365368192,31.67015365368192,0.0,0.0,63.34030730736384,1520.167375376732,0.1552441213927013,5.864754393664952e-05,0.645
1942-07-08,1942-07-19,443.8904,0.9076618404997884,402.90237744418727,0.648,1942,7,8,1942.07,1941,10,281,41,0.0348107654111777,5.102168809386399,0.0126635361194739,0.91,5,Dry,37,8,6,4,53,108.0,0.2680550079776108,294.90237744418727,294.90237744418727,,2,147.45118872209363,147.45118872209363,0.0,0.0,0.0,0.0,0.0,0.0,0.0,0.0,37.0,8.0,6.0,4.0,53.0,345.90237744418727,990.0,965.4130606984988,24.58693930150116,0.1576114440850772,0.0289804754888374,989.813408080426,0.1538984725419547,0.1538984725419547,0.0,0.0,24.24644890938524,24.24644890938524,24.40034738192719,24.40034738192719,,0.9155355819610836,0.9155355819610836,0.0,0.0,32.10039281032229,32.10039281032229,0.0,0.0,0.6537758209841606,0.6537758209841606,0.0,0.0,0.97,0.97,0.96,0.96,31.13738102601262,31.13738102601262,0.0,0.0,62.27476205202524,1494.5942892486055,0.1545653873949948,5.865854715845874e-05,0.65
1942-07-09,1942-07-20,439.0488,0.9068394067509818,398.1467533267305,0.657,1942,7,9,1942.07,1941,10,282,41,0.0343998794874295,4.755624117456762,0.0119444000929832,0.91,5,Dry,37,8,6,4,53,108.0,0.2712567642398232,290.1467533267305,290.1467533267305,,2,145.07337666336525,145.07337666336525,0.0,0.0,0.0,0.0,0.0,0.0,0.0,0.0,37.0,8.0,6.0,4.0,53.0,341.1467533267305,990.0,965.3907337666336,24.609266233366384,0.1559330367821011,0.0280293506653461,989.8160376125526,0.1489526234597997,0.1489526234597997,0.0,0.0,24.27635122245916,24.27635122245916,24.42530384591896,24.42530384591896,,0.9146026773360189,0.9146026773360189,0.0,0.0,31.589467096161684,31.589467096161684,0.0,0.0,0.6433700019584864,0.6433700019584864,0.0,0.0,0.97,0.97,0.96,0.96,30.64178308327683,30.64178308327683,0.0,0.0,61.28356616655366,1470.8055879972878,0.153922054253856,5.8671043631748186e-05,0.655
1942-07-10,1942-07-21,434.2405,0.9023039355474278,391.8169121240828,0.66,1942,7,10,1942.07,1941,10,283,41,0.0338529812075207,6.3298412026476845,0.0161550995038292,0.91,5,Dry,37,8,6,4,53,108.0,0.2756389442572043,283.8169121240828,283.8169121240828,,2,141.9084560620414,141.9084560620414,0.0,0.0,0.0,0.0,0.0,0.0,0.0,0.0,37.0,8.0,6.0,4.0,53.0,334.8169121240828,990.0,965.3590845606204,24.64091543937957,0.1536990394268002,0.0267633824248165,989.8195375781484,0.1425550812453236,0.1425550812453236,0.0,0.0,24.3178979362826,24.3178979362826,24.460453017527925,24.460453017527925,,0.9131557065961212,0.9131557065961212,0.0,0.0,30.904224027660632,30.904224027660632,0.0,0.0,0.6294139313169171,0.6294139313169171,0.0,0.0,0.97,0.97,0.96,0.96,29.977097306830814,29.977097306830814,0.0,0.0,59.95419461366163,1438.900670727879,0.1530158417324135,5.867847276471795e-05,0.66
1942-07-11,1942-07-22,429.4657,0.9060885103777592,389.1339363713416,0.6629999999999999,1942,7,11,1942.07,1941,10,284,41,0.0336211721024839,2.6829757527411857,0.0068947359815487,0.9,5,Dry,37,8,6,4,53,108.0,0.2775394020040906,281.1339363713416,281.1339363713416,,2,140.5669681856708,140.5669681856708,0.0,0.0,0.0,0.0,0.0,0.0,0.0,0.0,37.0,8.0,6.0,4.0,53.0,332.1339363713416,990.0,965.3456696818566,24.65433031814337,0.1527521340394339,0.0262267872742683,989.8210210786864,0.1398452757350549,0.1398452757350549,0.0,0.0,24.335506121094586,24.335506121094586,24.47535139682964,24.47535139682964,,0.9125419748835268,0.9125419748835268,0.0,0.0,30.613656894115827,30.613656894115827,0.0,0.0,0.6234960670899353,0.6234960670899353,0.0,0.0,0.97,0.97,0.96,0.96,29.695247187292352,29.695247187292352,0.0,0.0,59.39049437458471,1425.371864990033,0.1526222434578661,5.868149452688228e-05,0.665
1942-07-12,1942-07-23,424.724,0.9100759486875,386.53109723034976,0.6709999999999999,1942,7,12,1942.07,1941,10,285,41,0.0333962868007022,2.6028391409918754,0.0067338414933294,0.9,5,Dry,37,8,6,4,53,108.0,0.2794083083453396,278.53109723034976,278.53109723034976,,2,139.26554861517488,139.26554861517488,0.0,0.0,0.0,0.0,0.0,0.0,0.0,0.0,37.0,8.0,6.0,4.0,53.0,329.53109723034976,990.0,965.3326554861516,24.66734451384832,0.1518335113487388,0.0257062194460699,989.8224602692052,0.1372751643134392,0.1372751643134392,0.0,0.0,24.35252961874006,24.35252961874006,24.4898047830535,24.4898047830535,,0.9119474755819889,0.9119474755819889,0.0,0.0,30.33166840687272,30.33166840687272,0.0,0.0,0.6177529207102386,0.6177529207102386,0.0,0.0,0.97,0.97,0.96,0.96,29.42171835466653,29.42171835466653,0.0,0.0,58.84343670933307,1412.2424810239936,0.1522346769276001,5.86842878531726e-05,0.67
1942-07-13,1942-07-24,424.724,0.9100759486875,386.53109723034976,0.6709999999999999,1942,7,13,1942.07,1941,10,286,41,0.0333962868007022,0.0,0.0,0.9,5,Dry,37,8,6,4,53,108.0,0.2794083083453396,278.53109723034976,278.53109723034976,,2,139.26554861517488,139.26554861517488,0.0,0.0,0.0,0.0,0.0,0.0,0.0,0.0,37.0,8.0,6.0,4.0,53.0,329.53109723034976,990.0,965.3326554861516,24.66734451384832,0.1518335113487388,0.0257062194460699,989.8224602692052,0.1372751643134392,0.1372751643134392,0.0,0.0,24.35252961874006,24.35252961874006,24.4898047830535,24.4898047830535,,0.9119474755819889,0.9119474755819889,0.0,0.0,30.33166840687272,30.33166840687272,0.0,0.0,0.6177529207102386,0.6177529207102386,0.0,0.0,0.97,0.97,0.96,0.96,29.42171835466653,29.42171835466653,0.0,0.0,58.84343670933307,1412.2424810239936,0.1522346769276001,5.86842878531726e-05,0.67
1942-07-14,1942-07-25,420.0154,0.9067213782142306,380.8369423592014,0.675,1942,7,14,1942.07,1941,10,287,41,0.032904311819835,5.694154871148385,0.0149516872913492,0.9,5,Dry,37,8,6,4,53,108.0,0.283585933998324,272.8369423592014,272.8369423592014,,2,136.4184711796007,136.4184711796007,0.0,0.0,0.0,0.0,0.0,0.0,0.0,0.0,37.0,8.0,6.0,4.0,53.0,323.8369423592014,990.0,965.304184711796,24.695815288204017,0.1498238674231537,0.0245673884718402,989.825608744105,0.1317518340884253,0.1317518340884253,0.0,0.0,24.3896721982206,24.3896721982206,24.521424032309028,24.521424032309028,,0.9106501050995224,0.9106501050995224,0.0,0.0,29.71456542183505,29.71456542183505,0.0,0.0,0.6051846318092678,0.6051846318092678,0.0,0.0,0.97,0.97,0.96,0.96,28.82312845918,28.82312845918,0.0,0.0,57.64625691836,1383.51016604064,0.1513672926824117,5.869017958318598e-05,0.675
1942-07-15,1942-07-26,415.3399,0.9079714249478594,377.11676084070143,0.68,1942,7,15,1942.07,1941,10,288,42,0.0325828881366366,3.720181518499942,0.0098648002549836,0.9,5,Dry,37,8,6,4,53,108.0,0.2863834525923404,269.11676084070143,269.11676084070143,,2,134.55838042035072,134.55838042035072,0.0,0.0,0.0,0.0,0.0,0.0,0.0,0.0,37.0,8.0,6.0,4.0,53.0,320.11676084070143,990.0,965.2855838042036,24.714416195796503,0.1485108999398475,0.0238233521681402,989.827665747892,0.1281697551902593,0.1281697551902593,0.0,0.0,24.4139121884982,24.4139121884982,24.54208194368846,24.54208194368846,,0.9098049114740172,0.9098049114740172,0.0,0.0,29.31130171306088,29.31130171306088,0.0,0.0,0.5969715216509345,0.5969715216509345,0.0,0.0,0.97,0.97,0.96,0.96,28.43196266166905,28.43196266166905,0.0,0.0,56.86392532333811,1364.7342077601147,0.150785993167135,5.8693983840672906e-05,0.68
1942-07-16,1942-07-27,410.6973,0.908236127635729,373.01012538244936,0.6880000000000001,1942,7,16,1942.07,1941,10,289,42,0.0322280748330436,4.106635458252072,0.0110094476766321,0.9,5,Dry,37,8,6,4,53,108.0,0.289536376229109,265.01012538244936,265.01012538244936,,2,132.50506269122468,132.50506269122468,0.0,0.0,0.0,0.0,0.0,0.0,0.0,0.0,37.0,8.0,6.0,4.0,53.0,316.01012538244936,990.0,965.2650506269122,24.73494937308783,0.1470615408707634,0.0230020250764898,989.8299364340528,0.1243095178595024,0.1243095178595024,0.0,0.0,24.440576289281125,24.440576289281125,24.564885807140627,24.564885807140627,,0.9088740453490376,0.9088740453490376,0.0,0.0,28.86598056547256,28.86598056547256,0.0,0.0,0.5879018445106428,0.5879018445106428,0.0,0.0,0.97,0.97,0.96,0.96,28.000001148508385,28.000001148508385,0.0,0.0,56.00000229701677,1344.0000551284024,0.1501299790175927,5.869796926123773e-05,0.69
1942-07-17,1942-07-28,406.0875,0.9120318780949216,370.3647452958713,0.6890000000000001,1942,7,17,1942.07,1941,10,290,42,0.0319995139935632,2.645380086578029,0.0071426347139621,0.9,5,Dry,37,8,6,4,53,108.0,0.2916044288009179,262.3647452958713,262.3647452958713,,2,131.18237264793564,131.18237264793564,0.0,0.0,0.0,0.0,0.0,0.0,0.0,0.0,37.0,8.0,6.0,4.0,53.0,313.3647452958713,990.0,965.2518237264792,24.7481762735207,0.1461279041604603,0.0224729490591742,989.8313991467804,0.121822860578119,0.121822860578119,0.0,0.0,24.45775255972289,24.45775255972289,24.57957542030101,24.57957542030101,,0.90827565406522,0.90827565406522,0.0,0.0,28.57909033705939,28.57909033705939,0.0,0.0,0.5820588663352217,0.5820588663352217,0.0,0.0,0.97,0.97,0.96,0.96,27.72171762694761,27.72171762694761,0.0,0.0,55.44343525389522,1330.6424460934852,0.1496995487775258,5.870054766628538e-05,0.69
1942-07-18,1942-07-29,401.5105,0.9082764151386006,364.6825175805071,0.6940000000000001,1942,7,18,1942.07,1941,10,291,42,0.0315085695189558,5.682227715364206,0.0155813000114813,0.9,5,Dry,37,8,6,4,53,108.0,0.2961480048907416,256.6825175805071,256.6825175805071,,2,128.34125879025356,128.34125879025356,0.0,0.0,0.0,0.0,0.0,0.0,0.0,0.0,37.0,8.0,6.0,4.0,53.0,307.6825175805071,990.0,965.2234125879024,24.776587412097456,0.1441224696982133,0.0213365035161014,989.8345410267856,0.1166142658224564,0.1166142658224564,0.0,0.0,24.4945141730607,24.4945141730607,24.61112843888316,24.61112843888316,,0.9069934352614928,0.9069934352614928,0.0,0.0,27.96262688607048,27.96262688607048,0.0,0.0,0.5695036025676269,0.5695036025676269,0.0,0.0,0.97,0.97,0.96,0.96,27.123748079488365,27.123748079488365,0.0,0.0,54.24749615897673,1301.9399078154415,0.148752664424066,5.870578594556156e-05,0.695
1942-07-19,1942-07-30,396.9661,0.9077571128687334,360.34880084276085,0.7000000000000001,1942,7,19,1942.07,1941,10,292,42,0.0311341363928145,4.333716737746272,0.0120264497276273,0.9,5,Dry,37,8,6,4,53,108.0,0.2997096139834972,252.34880084276085,252.34880084276085,,2,126.17440042138044,126.17440042138044,0.0,0.0,0.0,0.0,0.0,0.0,0.0,0.0,37.0,8.0,6.0,4.0,53.0,303.34880084276085,990.0,965.2017440042138,24.798255995786235,0.1425929665999842,0.0204697601685521,989.8369372732316,0.1127139207584847,0.1127139207584847,0.0,0.0,24.522479348259207,24.522479348259207,24.63519326901769,24.63519326901769,,0.9060184268316728,0.9060184268316728,0.0,0.0,27.492317902907587,27.492317902907587,0.0,0.0,0.5599250082058571,0.5599250082058571,0.0,0.0,0.97,0.97,0.96,0.96,26.66754836582036,26.66754836582036,0.0,0.0,53.33509673164072,1280.0423215593771,0.1480096412334493,5.870962968002939e-05,0.7
1942-07-20,1942-07-31,392.4543,0.9019707790507928,353.9823107128336,0.7040000000000001,1942,7,20,1942.07,1941,10,293,42,0.0305840716455888,6.366490129927229,0.017985334117704,0.9,5,Dry,37,8,6,4,53,108.0,0.3050999915292786,245.9823107128336,245.9823107128336,,2,122.9911553564168,122.9911553564168,0.0,0.0,0.0,0.0,0.0,0.0,0.0,0.0,37.0,8.0,6.0,4.0,53.0,296.9823107128336,990.0,965.169911553564,24.830088446435862,0.1403460347011464,0.0191964621425667,989.8404575031564,0.1071046103201652,0.1071046103201652,0.0,0.0,24.56344133927206,24.56344133927206,24.670545949592224,24.670545949592224,,0.9038536370333292,0.9038536370333292,0.0,0.0,26.779342021989223,26.779342021989223,0.0,0.0,0.5454041145007988,0.5454041145007988,0.0,0.0,0.97,0.97,0.96,0.96,25.975961761329547,25.975961761329547,0.0,0.0,51.95192352265909,1246.8461645438183,0.1467641798767872,5.866718556137376e-05,0.705
1942-07-21,1942-08-01,387.9749,0.9026852126280548,350.2192051008483,0.7090000000000001,1942,7,21,1942.07,1941,10,294,42,0.0302589393207132,3.7631056119853374,0.0107450007229093,0.9,5,Dry,37,8,6,4,53,108.0,0.3083782911588203,242.21920510084828,242.21920510084828,,2,121.10960255042414,121.10960255042414,0.0,0.0,0.0,0.0,0.0,0.0,0.0,0.0,37.0,8.0,6.0,4.0,53.0,293.2192051008483,990.0,965.1510960255042,24.848903974495784,0.1390179179734509,0.0184438410201696,989.8425382410064,0.103830708437738,0.103830708437738,0.0,0.0,24.58761150706447,24.58761150706447,24.691442215502207,24.691442215502207,,0.9023162397452876,0.9023162397452876,0.0,0.0,26.35071444360609,26.35071444360609,0.0,0.0,0.5366744285866821,0.5366744285866821,0.0,0.0,0.97,0.97,0.96,0.96,25.560193010297912,25.560193010297912,0.0,0.0,51.120386020595824,1226.8892644942998,0.1459668267075054,5.86250261288367e-05,0.71
1942-07-22,1942-08-02,383.5279,0.9045977994923856,346.9384943839358,0.7120000000000001,1942,7,22,1942.07,1941,10,295,43,0.029975485914772,3.2807107169124947,0.009456173846428,0.9,5,Dry,37,8,6,4,53,108.0,0.3112943698904825,238.9384943839358,238.9384943839358,,2,119.4692471919679,119.4692471919679,0.0,0.0,0.0,0.0,0.0,0.0,0.0,0.0,37.0,8.0,6.0,4.0,53.0,289.9384943839358,990.0,965.1346924719196,24.865307528080397,0.1378600533714093,0.0177876988767871,989.844352247752,0.1010189503386667,0.1010189503386667,0.0,0.0,24.60864082549361,24.60864082549361,24.70965977583228,24.70965977583228,,0.9009729369926536,0.9009729369926536,0.0,0.0,25.977311385675332,25.977311385675332,0.0,0.0,0.5290694783233266,0.5290694783233266,0.0,0.0,0.97,0.97,0.96,0.96,25.197992044105074,25.197992044105074,0.0,0.0,50.39598408821015,1209.5036181170435,0.1452591306643533,5.858781568470631e-05,0.71
1942-07-23,1942-08-03,379.1131,0.9090149185803196,344.6194637292325,0.718,1942,7,23,1942.07,1941,10,296,43,0.0297751216662056,2.319030654703284,0.0067292503725945,0.9,5,Dry,37,8,6,4,53,108.0,0.3133891476450546,236.6194637292325,236.6194637292325,,2,118.30973186461624,118.30973186461624,0.0,0.0,0.0,0.0,0.0,0.0,0.0,0.0,37.0,8.0,6.0,4.0,53.0,287.6194637292325,990.0,965.1230973186462,24.87690268135384,0.1370415955012022,0.0173238927458465,989.845634511753,0.0990941548952629,0.0990941548952629,0.0,0.0,24.6234430382116,24.6234430382116,24.72253719310686,24.72253719310686,,0.9000216778578392,0.9000216778578392,0.0,0.0,25.71348365656412,25.71348365656412,0.0,0.0,0.5236962048180065,0.5236962048180065,0.0,0.0,0.97,0.97,0.96,0.96,24.942079146867197,24.942079146867197,0.0,0.0,49.88415829373439,1197.2197990496252,0.1447514245246704,5.8561161532361926e-05,0.72
1942-07-24,1942-08-04,374.7305,0.908907350449394,340.5953058875766,0.721,1942,7,24,1942.07,1941,10,297,43,0.0294274344286866,4.024157841655892,0.0118150713532857,0.9,5,Dry,37,8,6,4,53,108.0,0.3170918627858263,232.5953058875766,232.5953058875766,,2,116.29765294378832,116.29765294378832,0.0,0.0,0.0,0.0,0.0,0.0,0.0,0.0,37.0,8.0,6.0,4.0,53.0,283.5953058875766,990.0,965.102976529438,24.89702347056209,0.1356213453420335,0.0165190611775153,989.8478595934804,0.0957541038866885,0.0957541038866885,0.0,0.0,24.6491289601558,24.6491289601558,24.744883064042483,24.744883064042483,,0.8983677629939154,0.8983677629939154,0.0,0.0,25.256047513504743,25.256047513504743,0.0,0.0,0.5143797864257585,0.5143797864257585,0.0,0.0,0.97,0.97,0.96,0.96,24.4983660880996,24.4983660880996,0.0,0.0,48.9967321761992,1175.9215722287809,0.1438561581126781,5.851452302677147e-05,0.72
1942-07-25,1942-08-05,370.3799,0.9134433097017404,338.3210417029997,0.727,1942,7,25,1942.07,1941,10,298,43,0.0292309380031391,2.2742641845769067,0.0067222073245252,0.9,5,Dry,37,8,6,4,53,108.0,0.3192234200283926,230.3210417029997,230.3210417029997,,2,115.16052085149984,115.16052085149984,0.0,0.0,0.0,0.0,0.0,0.0,0.0,0.0,37.0,8.0,6.0,4.0,53.0,281.3210417029997,990.0,965.0916052085148,24.90839479148508,0.1348186869480955,0.0160642083405999,989.8491171047114,0.0938664646134897,0.0938664646134897,0.0,0.0,24.663645431582943,24.663645431582943,24.757511896196437,24.757511896196437,,0.8974312425717272,0.8974312425717272,0.0,0.0,24.997741510302514,24.997741510302514,0.0,0.0,0.5091189716965889,0.5091189716965889,0.0,0.0,0.97,0.97,0.96,0.96,24.24780926499344,24.24780926499344,0.0,0.0,48.49561852998688,1163.8948447196851,0.1433420111438398,5.848794815972357e-05,0.725
1942-07-26,1942-08-06,366.0613,0.9164389073302937,335.4728177879068,0.731,1942,7,26,1942.07,1941,10,299,43,0.0289848514568751,2.848223915092888,0.0084901779341585,0.9,5,Dry,37,8,6,4,53,108.0,0.3219336836651842,227.4728177879068,227.4728177879068,,2,113.7364088939534,113.7364088939534,0.0,0.0,0.0,0.0,0.0,0.0,0.0,0.0,37.0,8.0,6.0,4.0,53.0,278.4728177879068,990.0,965.0773640889396,24.922635911060524,0.1338134603571092,0.0154945635575813,989.8506919760852,0.0915782542303254,0.0915782542303254,0.0,0.0,24.681749632915476,24.681749632915476,24.7733278871458,24.7733278871458,,0.896256452485411,0.896256452485411,0.0,0.0,24.674391381553185,24.674391381553185,0.0,0.0,0.5025334293595354,0.5025334293595354,0.0,0.0,0.97,0.97,0.96,0.96,23.93415964010659,23.93415964010659,0.0,0.0,47.86831928021318,1148.8396627251163,0.142689114414261,5.8454260535043456e-05,0.73
1942-07-27,1942-08-07,361.7746,0.9166247913690906,331.6115672476363,0.736,1942,7,27,1942.07,1941,10,300,43,0.0286512394101957,3.861250540270533,0.0116438958155735,0.9,5,Dry,37,8,6,4,53,108.0,0.3256822459373055,223.6115672476363,223.6115672476363,,2,111.80578362381814,111.80578362381814,0.0,0.0,0.0,0.0,0.0,0.0,0.0,0.0,37.0,8.0,6.0,4.0,53.0,274.6115672476363,990.0,965.0580578362382,24.94194216376184,0.1324507052390961,0.0147223134495272,989.8528269813114,0.088489253798109,0.088489253798109,0.0,0.0,24.706279891275138,24.706279891275138,24.794769145073246,24.794769145073246,,0.8946605603570887,0.8946605603570887,0.0,0.0,24.23642832360561,24.23642832360561,0.0,0.0,0.4936136114787294,0.4936136114787294,0.0,0.0,0.9693613611478727,0.9693613611478727,0.96,0.96,23.4938571491332,23.4938571491332,0.0,0.0,46.9877142982664,1127.7051431583936,0.1416950400381467,5.836971236007258e-05,0.735
1942-07-28,1942-08-08,361.7746,0.9166247913690906,331.6115672476363,0.736,1942,7,28,1942.07,1941,10,301,43,0.0286512394101957,0.0,0.0,0.9,5,Dry,37,8,6,4,53,108.0,0.3256822459373055,223.6115672476363,223.6115672476363,,2,111.80578362381814,111.80578362381814,0.0,0.0,0.0,0.0,0.0,0.0,0.0,0.0,37.0,8.0,6.0,4.0,53.0,274.6115672476363,990.0,965.0580578362382,24.94194216376184,0.1324507052390961,0.0147223134495272,989.8528269813114,0.088489253798109,0.088489253798109,0.0,0.0,24.706279891275138,24.706279891275138,24.794769145073246,24.794769145073246,,0.8946605603570887,0.8946605603570887,0.0,0.0,24.23642832360561,24.23642832360561,0.0,0.0,0.4936136114787294,0.4936136114787294,0.0,0.0,0.9693613611478727,0.9693613611478727,0.96,0.96,23.4938571491332,23.4938571491332,0.0,0.0,46.9877142982664,1127.7051431583936,0.1416950400381467,5.836971236007258e-05,0.735
1942-07-29,1942-08-09,361.7746,0.9166247913690906,331.6115672476363,0.736,1942,7,29,1942.07,1941,10,302,44,0.0286512394101957,0.0,0.0,0.9,5,Dry,37,8,6,4,53,108.0,0.3256822459373055,223.6115672476363,223.6115672476363,,2,111.80578362381814,111.80578362381814,0.0,0.0,0.0,0.0,0.0,0.0,0.0,0.0,37.0,8.0,6.0,4.0,53.0,274.6115672476363,990.0,965.0580578362382,24.94194216376184,0.1324507052390961,0.0147223134495272,989.8528269813114,0.088489253798109,0.088489253798109,0.0,0.0,24.706279891275138,24.706279891275138,24.794769145073246,24.794769145073246,,0.8946605603570887,0.8946605603570887,0.0,0.0,24.23642832360561,24.23642832360561,0.0,0.0,0.4936136114787294,0.4936136114787294,0.0,0.0,0.9693613611478727,0.9693613611478727,0.96,0.96,23.4938571491332,23.4938571491332,0.0,0.0,46.9877142982664,1127.7051431583936,0.1416950400381467,5.836971236007258e-05,0.735
1942-07-30,1942-08-10,357.5196,0.9208048873506705,329.2057950036568,0.742,1942,7,30,1942.07,1941,10,303,44,0.0284433806883159,2.40577224397947,0.0073078064860697,0.9,5,Dry,37,8,6,4,53,108.0,0.3280622687665639,221.2057950036568,221.2057950036568,,2,110.6028975018284,110.6028975018284,0.0,0.0,0.0,0.0,0.0,0.0,0.0,0.0,37.0,8.0,6.0,4.0,53.0,272.2057950036568,990.0,965.0460289750184,24.953971024981684,0.1316016335707171,0.0142411590007313,989.8541572074286,0.0865646360029254,0.0865646360029254,0.0,0.0,24.721563596407314,24.721563596407314,24.80812823241024,24.80812823241024,,0.8936643397404028,0.8936643397404028,0.0,0.0,23.963793474191505,23.963793474191505,0.0,0.0,0.4880609668878106,0.4880609668878106,0.0,0.0,0.968806096688781,0.968806096688781,0.96,0.96,23.21626921758756,23.21626921758756,0.0,0.0,46.43253843517511,1114.3809224442027,0.1410441102188354,5.8307366418185286e-05,0.74
1942-07-31,1942-08-11,353.2963,0.921778111561846,325.6607962357874,0.746,1942,7,31,1942.07,1941,10,304,44,0.028137092794772,3.544998767869401,0.010885555795616,0.9,5,Dry,37,8,6,4,53,108.0,0.3316334088976587,217.66079623578744,217.66079623578744,,1,217.66079623578744,0.0,0.0,0.0,0.0,0.0,0.0,0.0,0.0,0.0,37.0,8.0,6.0,4.0,53.0,268.6607962357874,990.0,965.028303981179,24.971696018821035,0.1303504935154733,0.0135321592471574,989.8561173472374,0.3351952524062252,0.0,0.0,0.0,24.492618113652195,24.82781336605842,24.82781336605842,24.82781336605842,,0.9393643785451928,0.0,0.0,0.0,49.11206684517267,0.0,0.0,0.0,1.000245760594148,0.0,0.0,0.0,0.98,0.96,0.96,0.96,48.129825508269214,0.0,0.0,0.0,48.129825508269214,1155.115812198461,0.1477912787310815,6.1423077585531e-05,0.745
1942-08-01,1942-08-12,349.1046,0.9270188758292952,323.62655383883583,0.7509999999999999,1942,8,1,1942.08,1941,11,305,44,0.0279613342516754,2.0342423969515835,0.0062857709691047,0.9,5,Dry,34,7,5,3,44,93.0,0.2873682610306244,230.62655383883583,230.62655383883583,,2,115.31327691941792,115.31327691941792,0.0,0.0,0.0,0.0,0.0,0.0,0.0,0.0,34.0,7.0,5.0,3.0,44.0,276.62655383883583,990.0,965.0181327691942,24.981867230805847,0.1331618565257703,0.0161253107677671,989.8507128327064,0.0941200396862337,0.0941200396862337,0.0,0.0,24.73846002382606,24.73846002382606,24.832580063512296,24.832580063512296,,0.8976421326126712,0.8976421326126712,0.0,0.0,25.11272861662849,25.11272861662849,0.0,0.0,0.5114608679557738,0.5114608679557738,0.0,0.0,0.97,0.97,0.96,0.96,24.35934675812964,24.35934675812964,0.0,0.0,48.71869351625928,1169.2486443902226,0.1505398519941009,5.8679151190196896e-05,0.75
1942-08-02,1942-08-13,344.9443,0.9283094176295976,320.2150422476492,0.757,1942,8,2,1942.08,1941,11,306,44,0.0276665796501968,3.4115115911866383,0.0106538142844277,0.9,5,Dry,34,7,5,3,44,93.0,0.2904298291148836,227.2150422476492,227.2150422476492,,2,113.6075211238246,113.6075211238246,0.0,0.0,0.0,0.0,0.0,0.0,0.0,0.0,34.0,7.0,5.0,3.0,44.0,273.2150422476492,990.0,965.0010752112382,24.99892478876177,0.1319578282368614,0.0154430084495298,989.8525991633136,0.0913720337981193,0.0913720337981193,0.0,0.0,24.760151918277234,24.760151918277234,24.851523952075357,24.851523952075357,,0.8962298629312482,0.8962298629312482,0.0,0.0,24.72398657320103,24.72398657320103,0.0,0.0,0.5035435147291453,0.5035435147291453,0.0,0.0,0.97,0.97,0.96,0.96,23.982266976005,23.982266976005,0.0,0.0,47.96453395201,1151.14881484824,0.1497885096694333,5.863820247787296e-05,0.755
1942-08-03,1942-08-14,336.7179,0.9260439379072553,311.8155700798613,0.7659999999999999,1942,8,3,1942.08,1941,11,307,44,0.0269408652549,8.399472167787906,0.0269373083763477,0.9,5,Dry,34,7,5,3,44,93.0,0.2982532269834412,218.8155700798613,218.8155700798613,,1,218.8155700798613,0.0,0.0,0.0,0.0,0.0,0.0,0.0,0.0,0.0,34.0,7.0,5.0,3.0,44.0,264.8155700798613,990.0,964.9590778503992,25.04092214960076,0.1289933938998811,0.0137631140159722,989.857243492084,0.3387519558459727,0.0,0.0,0.0,24.55941368583887,24.89816564168484,24.89816564168484,24.89816564168484,,0.939699144337668,0.0,0.0,0.0,49.52491592466583,0.0,0.0,0.0,1.0086540921520537,0.0,0.0,0.0,0.98,0.96,0.96,0.96,48.2,0.0,0.0,0.0,48.2,1156.8000000000002,0.1545785542000201,6.118800816597438e-05,0.765
1942-08-04,1942-08-15,332.6514,0.9289857410847936,309.0284073518941,0.77,1942,8,4,1942.08,1941,11,308,44,0.0267000543952036,2.7871627279672,0.0090191149475569,0.9,5,Dry,34,7,5,3,44,93.0,0.3009432071210847,216.0284073518941,216.0284073518941,,1,216.0284073518941,0.0,0.0,0.0,0.0,0.0,0.0,0.0,0.0,0.0,34.0,7.0,5.0,3.0,44.0,262.0284073518941,990.0,964.9451420367594,25.05485796324058,0.1280097176963663,0.0132056814703788,989.8587846008332,0.3301674946438338,0.0,0.0,0.0,24.58347506942999,24.913642564073825,24.913642564073825,24.913642564073825,,0.9390077473527572,0.0,0.0,0.0,48.90598526491202,0.0,0.0,0.0,0.9960485797334424,0.0,0.0,0.0,0.98,0.96,0.96,0.96,47.92786555961378,0.0,0.0,0.0,47.92786555961378,1150.2687734307306,0.1550921029244984,6.16275246018698e-05,0.77
1942-08-05,1942-08-16,332.6514,0.9289857410847936,309.0284073518941,0.77,1942,8,5,1942.08,1941,11,309,45,0.0267000543952036,0.0,0.0,0.9,5,Dry,34,7,5,3,44,93.0,0.3009432071210847,216.0284073518941,216.0284073518941,,1,216.0284073518941,0.0,0.0,0.0,0.0,0.0,0.0,0.0,0.0,0.0,34.0,7.0,5.0,3.0,44.0,262.0284073518941,990.0,964.9451420367594,25.05485796324058,0.1280097176963663,0.0132056814703788,989.8587846008332,0.3301674946438338,0.0,0.0,0.0,24.58347506942999,24.913642564073825,24.913642564073825,24.913642564073825,,0.9390077473527572,0.0,0.0,0.0,48.90598526491202,0.0,0.0,0.0,0.9960485797334424,0.0,0.0,0.0,0.98,0.96,0.96,0.96,47.92786555961378,0.0,0.0,0.0,47.92786555961378,1150.2687734307306,0.1550921029244984,6.16275246018698e-05,0.77
1942-08-06,1942-08-17,324.6118,0.9312809696570542,302.30479186612183,0.7809999999999999,1942,8,6,1942.08,1941,11,310,45,0.0261191340172329,6.723615485772258,0.0222411806450949,0.9,5,Dry,34,7,5,3,44,93.0,0.307636539354579,209.30479186612183,209.30479186612183,,1,209.30479186612183,0.0,0.0,0.0,0.0,0.0,0.0,0.0,0.0,0.0,34.0,7.0,5.0,3.0,44.0,255.30479186612183,990.0,964.9115239593306,25.088476040669438,0.1256367451789844,0.0118609583732243,989.8625022964478,0.3099560880863982,0.0,0.0,0.0,24.64102224903085,24.95097833711725,24.95097833711725,24.95097833711725,,0.937345295991204,0.0,0.0,0.0,47.410681258538304,0.0,0.0,0.0,0.9655943229844868,0.0,0.0,0.0,0.98,0.96,0.96,0.96,46.46246763336754,0.0,0.0,0.0,46.46246763336754,1115.099223200821,0.1536941156193906,6.166242489815528e-05,0.78
1942-08-07,1942-08-18,324.6118,0.9312809696570542,302.30479186612183,0.7809999999999999,1942,8,7,1942.08,1941,11,311,45,0.0261191340172329,0.0,0.0,0.9,5,Dry,34,7,5,3,44,93.0,0.307636539354579,209.30479186612183,209.30479186612183,,1,209.30479186612183,0.0,0.0,0.0,0.0,0.0,0.0,0.0,0.0,0.0,34.0,7.0,5.0,3.0,44.0,255.30479186612183,990.0,964.9115239593306,25.088476040669438,0.1256367451789844,0.0118609583732243,989.8625022964478,0.3099560880863982,0.0,0.0,0.0,24.64102224903085,24.95097833711725,24.95097833711725,24.95097833711725,,0.937345295991204,0.0,0.0,0.0,47.410681258538304,0.0,0.0,0.0,0.9655943229844868,0.0,0.0,0.0,0.98,0.96,0.96,0.96,46.46246763336754,0.0,0.0,0.0,46.46246763336754,1115.099223200821,0.1536941156193906,6.166242489815528e-05,0.78
1942-08-08,1942-08-19,320.6383,0.9330769620260724,299.18021087320443,0.7859999999999999,1942,8,8,1942.08,1941,11,312,45,0.0258491702194448,3.124580992917401,0.0104438090467207,0.9,5,Dry,34,7,5,3,44,93.0,0.3108494366273922,206.18021087320443,206.18021087320443,,1,206.18021087320443,0.0,0.0,0.0,0.0,0.0,0.0,0.0,0.0,0.0,34.0,7.0,5.0,3.0,44.0,252.18021087320443,990.0,964.8967208434927,25.103279156507256,0.1245339836007506,0.0112360421746408,989.8642299742246,0.300769819967221,0.0,0.0,0.0,24.666739310764637,24.96750913073185,24.96750913073185,24.96750913073185,,0.936574724221444,0.0,0.0,0.0,46.71322551770059,0.0,0.0,0.0,0.9513895217454296,0.0,0.0,0.0,0.98,0.96,0.96,0.96,45.77896100734658,0.0,0.0,0.0,45.77896100734658,1098.6950641763178,0.153014669231409,6.167603575406428e-05,0.785
1942-08-09,1942-08-20,316.6956,0.9306200236043244,294.72326674738565,0.794,1942,8,9,1942.08,1941,11,313,45,0.0254640902469741,4.4569441258187785,0.0151224712422821,0.9,5,Dry,34,7,5,3,44,93.0,0.3155502482934695,201.72326674738565,201.72326674738565,,1,201.72326674738565,0.0,0.0,0.0,0.0,0.0,0.0,0.0,0.0,0.0,34.0,7.0,5.0,3.0,44.0,247.72326674738565,990.0,964.8788930669896,25.121106933010424,0.1229609897339158,0.0103446533494771,989.8666943569168,0.2879285428975229,0.0,0.0,0.0,24.6998727470296,24.98780128992712,24.98780128992712,24.98780128992712,,0.9353406654570944,0.0,0.0,0.0,45.70452758327498,0.0,0.0,0.0,0.9308457756267816,0.0,0.0,0.0,0.98,0.96,0.96,0.96,44.79043703160948,0.0,0.0,0.0,44.79043703160948,1074.9704887586274,0.1519745540483589,6.167750634296731e-05,0.795
1942-08-10,1942-08-21,316.6956,0.9306200236043244,294.72326674738565,0.794,1942,8,10,1942.08,1941,11,314,45,0.0254640902469741,0.0,0.0,0.9,5,Dry,34,7,5,3,44,93.0,0.3155502482934695,201.72326674738565,201.72326674738565,,1,201.72326674738565,0.0,0.0,0.0,0.0,0.0,0.0,0.0,0.0,0.0,34.0,7.0,5.0,3.0,44.0,247.72326674738565,990.0,964.8788930669896,25.121106933010424,0.1229609897339158,0.0103446533494771,989.8666943569168,0.2879285428975229,0.0,0.0,0.0,24.6998727470296,24.98780128992712,24.98780128992712,24.98780128992712,,0.9353406654570944,0.0,0.0,0.0,45.70452758327498,0.0,0.0,0.0,0.9308457756267816,0.0,0.0,0.0,0.98,0.96,0.96,0.96,44.79043703160948,0.0,0.0,0.0,44.79043703160948,1074.9704887586274,0.1519745540483589,6.167750634296731e-05,0.795
1942-08-11,1942-08-22,312.7836,0.9288272938647332,290.5219447532691,0.797,1942,8,11,1942.08,1941,11,315,45,0.0251010960266824,4.20132199411654,0.014461289654675,0.92,5,Dry,34,7,5,3,44,93.0,0.320113511834646,197.5219447532691,197.5219447532691,,1,197.5219447532691,0.0,0.0,0.0,0.0,0.0,0.0,0.0,0.0,0.0,34.0,7.0,5.0,3.0,44.0,243.5219447532691,990.0,964.8620877790132,25.13791222098689,0.1214782128485024,0.0097521944753269,989.868769592676,0.2760614453091535,0.0,0.0,0.0,24.73062036835387,25.006681813663025,25.006681813663025,25.006681813663025,,0.9341360490990418,0.0,0.0,0.0,44.75063429423838,0.0,0.0,0.0,0.9114182137319424,0.0,0.0,0.0,0.98,0.96,0.96,0.96,43.855621608353616,0.0,0.0,0.0,43.855621608353616,1052.534918600487,0.1509545919004458,6.167475279087915e-05,0.795
1942-08-12,1942-08-23,308.9022,0.9297022486736368,287.1870699602335,0.8029999999999999,1942,8,12,1942.08,1941,11,316,46,0.0248129628445641,3.3348747930356235,0.0116122038276214,0.92,5,Dry,34,7,5,3,44,93.0,0.3238307351820457,194.1870699602335,194.1870699602335,,1,194.1870699602335,0.0,0.0,0.0,0.0,0.0,0.0,0.0,0.0,0.0,34.0,7.0,5.0,3.0,44.0,240.1870699602335,990.0,964.848748279841,25.151251720159053,0.1203012320634576,0.0094187069960233,989.8702800609406,0.2667888302918351,0.0,0.0,0.0,24.754742950807778,25.02153178109961,25.02153178109961,25.02153178109961,,0.9331831742835448,0.0,0.0,0.0,43.99307600806408,0.0,0.0,0.0,0.8959893280664781,0.0,0.0,0.0,0.9795989328066478,0.96,0.96,0.96,43.09557030838131,0.0,0.0,0.0,43.09557030838131,1034.2936874011516,0.1500609700650823,6.164669848914048e-05,0.805
1942-08-13,1942-08-24,308.9022,0.9297022486736368,287.1870699602335,0.8029999999999999,1942,8,13,1942.08,1941,11,317,46,0.0248129628445641,0.0,0.0,0.92,5,Dry,34,7,5,3,44,93.0,0.3238307351820457,194.1870699602335,194.1870699602335,,1,194.1870699602335,0.0,0.0,0.0,0.0,0.0,0.0,0.0,0.0,0.0,34.0,7.0,5.0,3.0,44.0,240.1870699602335,990.0,964.848748279841,25.151251720159053,0.1203012320634576,0.0094187069960233,989.8702800609406,0.2667888302918351,0.0,0.0,0.0,24.754742950807778,25.02153178109961,25.02153178109961,25.02153178109961,,0.9331831742835448,0.0,0.0,0.0,43.99307600806408,0.0,0.0,0.0,0.8959893280664781,0.0,0.0,0.0,0.9795989328066478,0.96,0.96,0.96,43.09557030838131,0.0,0.0,0.0,43.09557030838131,1034.2936874011516,0.1500609700650823,6.164669848914048e-05,0.805
1942-08-14,1942-08-25,305.0513,0.9297058187130764,283.6079686159883,0.8130000000000001,1942,8,14,1942.08,1941,11,318,46,0.0245037284884213,3.5791013442452027,0.0126198899195649,0.92,5,Dry,34,7,5,3,44,93.0,0.3279174434126149,190.60796861598828,190.60796861598828,,1,190.60796861598828,0.0,0.0,0.0,0.0,0.0,0.0,0.0,0.0,0.0,34.0,7.0,5.0,3.0,44.0,236.60796861598828,990.0,964.834431874464,25.165568125536083,0.1190380561509161,0.0090607968615988,989.8719011469876,0.2570536746354881,0.0,0.0,0.0,24.780415597888105,25.037469272523595,25.037469272523595,25.037469272523595,,0.9321637816521622,0.0,0.0,0.0,43.17979369165201,0.0,0.0,0.0,0.8794255334348677,0.0,0.0,0.0,0.9779425533434868,0.96,0.96,0.96,42.22735769565915,0.0,0.0,0.0,42.22735769565915,1013.4565846958196,0.1488934105121565,6.153898846568809e-05,0.815
1942-08-15,1942-08-26,301.2308,0.93390939438871,281.3222739992266,0.8160000000000001,1942,8,15,1942.08,1941,11,319,46,0.0243062444735331,2.2856946167617025,0.008124826322028,0.92,5,Dry,34,7,5,3,44,93.0,0.3305817156883058,188.32227399922655,188.32227399922655,,1,188.32227399922655,0.0,0.0,0.0,0.0,0.0,0.0,0.0,0.0,0.0,34.0,7.0,5.0,3.0,44.0,234.32227399922655,990.0,964.8252890959968,25.174710904003064,0.1182313585268148,0.0088322273999226,989.8729364140733,0.2509372488379427,0.0,0.0,0.0,24.79671006923837,25.047647318076315,25.047647318076315,25.047647318076315,,0.9315145403590016,0.0,0.0,0.0,42.66031831292044,0.0,0.0,0.0,0.8688455868211902,0.0,0.0,0.0,0.976884558682119,0.96,0.96,0.96,41.674206228356,0.0,0.0,0.0,41.674206228356,1000.180949480544,0.1481368881174,6.1469990516433e-05,0.815
1942-08-16,1942-08-27,297.4406,0.927655743202664,275.9224808516464,0.8220000000000001,1942,8,16,1942.08,1941,11,320,46,0.0238397023455822,5.399793147580169,0.0195699644730414,0.92,5,Dry,34,7,5,3,44,93.0,0.3370511881197631,182.9224808516464,182.9224808516464,,1,182.9224808516464,0.0,0.0,0.0,0.0,0.0,0.0,0.0,0.0,0.0,34.0,7.0,5.0,3.0,44.0,228.9224808516464,990.0,964.8036899234066,25.196310076593363,0.1163255427676192,0.0082922480851646,989.8753822091472,0.2367400005972477,0.0,0.0,0.0,24.83495228514335,25.0716922857406,25.0716922857406,25.0716922857406,,0.9298190421830368,0.0,0.0,0.0,41.42547989831671,0.0,0.0,0.0,0.8436961282752894,0.0,0.0,0.0,0.9743696128275288,0.96,0.96,0.96,40.36372880971743,0.0,0.0,0.0,40.36372880971743,968.7294914332184,0.1462864812070878,6.129452672731592e-05,0.82
1942-08-17,1942-08-28,297.4406,0.927655743202664,275.9224808516464,0.8220000000000001,1942,8,17,1942.08,1941,11,321,46,0.0238397023455822,0.0,0.0,0.92,5,Dry,34,7,5,3,44,93.0,0.3370511881197631,182.9224808516464,182.9224808516464,,1,182.9224808516464,0.0,0.0,0.0,0.0,0.0,0.0,0.0,0.0,0.0,34.0,7.0,5.0,3.0,44.0,228.9224808516464,990.0,964.8036899234066,25.196310076593363,0.1163255427676192,0.0082922480851646,989.8753822091472,0.2367400005972477,0.0,0.0,0.0,24.83495228514335,25.0716922857406,25.0716922857406,25.0716922857406,,0.9298190421830368,0.0,0.0,0.0,41.42547989831671,0.0,0.0,0.0,0.8436961282752894,0.0,0.0,0.0,0.9743696128275288,0.96,0.96,0.96,40.36372880971743,0.0,0.0,0.0,40.36372880971743,968.7294914332184,0.1462864812070878,6.129452672731592e-05,0.82
1942-08-18,1942-08-29,293.6805,0.9321845933144058,273.7644374568714,0.8280000000000001,1942,8,18,1942.08,1941,11,322,46,0.0236532473962736,2.1580433947750066,0.0078828478045654,0.92,5,Dry,34,7,5,3,44,93.0,0.3397081113380591,180.7644374568714,180.7644374568714,,1,180.7644374568714,0.0,0.0,0.0,0.0,0.0,0.0,0.0,0.0,0.0,34.0,7.0,5.0,3.0,44.0,226.7644374568714,990.0,964.7950577498276,25.204942250172508,0.1155638778300218,0.0080764437456871,989.8763596784244,0.2311722486387282,0.0,0.0,0.0,24.85012967995803,25.08130192859676,25.08130192859676,25.08130192859676,,0.9290345535136876,0.0,0.0,0.0,40.92721753807086,0.0,0.0,0.0,0.8335482186979809,0.0,0.0,0.0,0.973354821869798,0.96,0.96,0.96,39.83670453639544,0.0,0.0,0.0,39.83670453639544,956.0809088734904,0.1455145339783998,6.121641743138785e-05,0.83
1942-08-19,1942-08-30,289.9506,0.935581823043148,271.2725109404546,0.835,1942,8,19,1942.08,1941,11,323,47,0.0234379449452552,2.491926516416811,0.0091860635188494,0.92,5,Dry,34,7,5,3,44,93.0,0.3428286916266789,178.2725109404546,178.2725109404546,,1,178.2725109404546,0.0,0.0,0.0,0.0,0.0,0.0,0.0,0.0,0.0,34.0,7.0,5.0,3.0,44.0,224.2725109404546,990.0,964.7850900437618,25.214909956238216,0.1146843713941368,0.0078272510940454,989.877488377512,0.2248812773511364,0.0,0.0,0.0,24.86751705639897,25.09239833375011,25.09239833375011,25.09239833375011,,0.9281274053368698,0.0,0.0,0.0,40.35181761986343,0.0,0.0,0.0,0.8218292794269538,0.0,0.0,0.0,0.9721829279426952,0.96,0.96,0.96,39.22934820148848,0.0,0.0,0.0,39.22934820148848,941.5043568357236,0.1446123238417603,6.112575129835855e-05,0.835
1942-08-20,1942-08-31,289.9506,0.935581823043148,271.2725109404546,0.835,1942,8,20,1942.08,1941,11,324,47,0.0234379449452552,0.0,0.0,0.92,5,Dry,34,7,5,3,44,93.0,0.3428286916266789,178.2725109404546,178.2725109404546,,1,178.2725109404546,0.0,0.0,0.0,0.0,0.0,0.0,0.0,0.0,0.0,34.0,7.0,5.0,3.0,44.0,224.2725109404546,990.0,964.7850900437618,25.214909956238216,0.1146843713941368,0.0078272510940454,989.877488377512,0.2248812773511364,0.0,0.0,0.0,24.86751705639897,25.09239833375011,25.09239833375011,25.09239833375011,,0.9281274053368698,0.0,0.0,0.0,40.35181761986343,0.0,0.0,0.0,0.8218292794269538,0.0,0.0,0.0,0.9721829279426952,0.96,0.96,0.96,39.22934820148848,0.0,0.0,0.0,39.22934820148848,941.5043568357236,0.1446123238417603,6.112575129835855e-05,0.835
1942-08-21,1942-09-01,286.2506,0.9441456049247084,270.26224589706084,0.836,1942,8,21,1942.08,1941,11,325,47,0.023350658045506,1.0102650433937583,0.0037380916451739,0.89,4,Mod_Dry,39,7,5,4,60,115.0,0.4255126335470545,155.26224589706084,155.26224589706084,,1,155.26224589706084,0.0,0.0,0.0,0.0,0.0,0.0,0.0,0.0,0.0,39.0,7.0,5.0,4.0,60.0,206.26224589706084,990.0,964.7810489835882,25.21895101641178,0.1083277858715279,0.005526224589706,989.8861459895388,0.170582185891475,0.0,0.0,0.0,24.934514820059007,25.105097005950483,25.105097005950483,25.105097005950483,,0.9193664749369234,0.0,0.0,0.0,34.905522919554215,0.0,0.0,0.0,0.710906780438986,0.0,0.0,0.0,0.97,0.96,0.96,0.96,33.85835723196759,0.0,0.0,0.0,33.85835723196759,812.6005735672221,0.1252796413334912,6.0575571200597647e-05,0.835
1942-08-22,1942-09-02,282.5805,0.9441063439037743,266.78604271350054,0.847,1942,8,22,1942.08,1941,11,326,47,0.0230503140904464,3.476203183560301,0.0130299289580653,0.89,4,Mod_Dry,39,7,5,4,60,115.0,0.4310570329329319,151.78604271350054,151.78604271350054,,1,151.78604271350054,0.0,0.0,0.0,0.0,0.0,0.0,0.0,0.0,0.0,39.0,7.0,5.0,4.0,60.0,202.7860427135005,990.0,964.767144170854,25.232855829145933,0.1071008865018059,0.00517860427135,989.8877205092268,0.1630578522611611,0.0,0.0,0.0,24.9575184861116,25.12057633837276,25.12057633837276,25.12057633837276,,0.918001946289602,0.0,0.0,0.0,34.10480269253957,0.0,0.0,0.0,0.6945988328419465,0.0,0.0,0.0,0.97,0.96,0.96,0.96,33.08165861176338,0.0,0.0,0.0,33.08165861176338,793.9598066823212,0.1240007096146687,6.054146646226106e-05,0.845
1942-08-23,1942-09-03,282.5805,0.9441063439037743,266.78604271350054,0.847,1942,8,23,1942.08,1941,11,327,47,0.0230503140904464,0.0,0.0,0.89,4,Mod_Dry,39,7,5,4,60,115.0,0.4310570329329319,151.78604271350054,151.78604271350054,,1,151.78604271350054,0.0,0.0,0.0,0.0,0.0,0.0,0.0,0.0,0.0,39.0,7.0,5.0,4.0,60.0,202.7860427135005,990.0,964.767144170854,25.232855829145933,0.1071008865018059,0.00517860427135,989.8877205092268,0.1630578522611611,0.0,0.0,0.0,24.9575184861116,25.12057633837276,25.12057633837276,25.12057633837276,,0.918001946289602,0.0,0.0,0.0,34.10480269253957,0.0,0.0,0.0,0.6945988328419465,0.0,0.0,0.0,0.97,0.96,0.96,0.96,33.08165861176338,0.0,0.0,0.0,33.08165861176338,793.9598066823212,0.1240007096146687,6.054146646226106e-05,0.845
1942-08-24,1942-09-04,278.9403,0.9468161724841248,264.1051871975735,0.852,1942,8,24,1942.08,1941,11,328,47,0.0228186881738703,2.6808555159270213,0.0101507113297305,0.89,4,Mod_Dry,39,7,5,4,60,115.0,0.4354325684408843,149.1051871975735,149.1051871975735,,1,149.1051871975735,0.0,0.0,0.0,0.0,0.0,0.0,0.0,0.0,0.0,39.0,7.0,5.0,4.0,60.0,200.1051871975735,990.0,964.7564207487904,25.243579251209667,0.1061546990181854,0.0049105187197573,989.888934782262,0.1573387893709529,0.0,0.0,0.0,24.975175244100853,25.132514033471807,25.132514033471807,25.132514033471807,,0.9169505710045458,0.0,0.0,0.0,33.48774633868455,0.0,0.0,0.0,0.6820314936595632,0.0,0.0,0.0,0.97,0.96,0.96,0.96,32.483113948524014,0.0,0.0,0.0,32.483113948524014,779.5947347645763,0.1229930933701193,6.0514911503160457e-05,0.85
1942-08-25,1942-09-05,275.3297,0.9493451834369376,261.382924552137,0.855,1942,8,25,1942.08,1941,11,329,47,0.0225834846813046,2.7222626454365013,0.0104148450022162,0.89,4,Mod_Dry,39,7,5,4,60,115.0,0.4399675311501131,146.382924552137,146.382924552137,,1,146.382924552137,0.0,0.0,0.0,0.0,0.0,0.0,0.0,0.0,0.0,39.0,7.0,5.0,4.0,60.0,197.382924552137,990.0,964.7455316982084,25.254468301791466,0.1051939234905706,0.0046382924552137,989.8901677840544,0.1516764830684449,0.0,0.0,0.0,24.992959602777272,25.14463608584572,25.14463608584572,25.14463608584572,,0.9158837251081832,0.0,0.0,0.0,32.86148219775613,0.0,0.0,0.0,0.6692766231722226,0.0,0.0,0.0,0.97,0.96,0.96,0.96,31.87563773182345,0.0,0.0,0.0,31.87563773182345,765.0153055637627,0.1219499620583108,6.048754553501056e-05,0.855
1942-08-26,1942-09-06,271.7487,0.9523418217225876,258.7976520087449,0.862,1942,8,26,1942.08,1941,11,330,48,0.0223601171335555,2.5852725433921364,0.0099895517726906,0.89,4,Mod_Dry,39,7,5,4,60,115.0,0.44436260958084,143.79765200874488,143.79765200874488,,1,143.79765200874488,0.0,0.0,0.0,0.0,0.0,0.0,0.0,0.0,0.0,39.0,7.0,5.0,4.0,60.0,194.79765200874488,990.0,964.735190608035,25.264809391964945,0.1042814972539989,0.0043797652008744,989.8913387375452,0.1463712570576646,0.0,0.0,0.0,25.00977687245248,25.156148129510143,25.156148129510143,25.156148129510143,,0.9147963623915708,0.0,0.0,0.0,32.26448522431254,0.0,0.0,0.0,0.6571178253424141,0.0,0.0,0.0,0.97,0.96,0.96,0.96,31.29655066758316,0.0,0.0,0.0,31.29655066758316,751.1172160219958,0.1209305819610976,6.045638558842528e-05,0.86
1942-08-27,1942-09-07,271.7487,0.9523418217225876,258.7976520087449,0.862,1942,8,27,1942.08,1941,11,331,48,0.0223601171335555,0.0,0.0,0.89,4,Mod_Dry,39,7,5,4,60,115.0,0.44436260958084,143.79765200874488,143.79765200874488,,1,143.79765200874488,0.0,0.0,0.0,0.0,0.0,0.0,0.0,0.0,0.0,39.0,7.0,5.0,4.0,60.0,194.79765200874488,990.0,964.735190608035,25.264809391964945,0.1042814972539989,0.0043797652008744,989.8913387375452,0.1463712570576646,0.0,0.0,0.0,25.00977687245248,25.156148129510143,25.156148129510143,25.156148129510143,,0.9147963623915708,0.0,0.0,0.0,32.26448522431254,0.0,0.0,0.0,0.6571178253424141,0.0,0.0,0.0,0.97,0.96,0.96,0.96,31.29655066758316,0.0,0.0,0.0,31.29655066758316,751.1172160219958,0.1209305819610976,6.045638558842528e-05,0.86
1942-08-28,1942-09-08,268.1972,0.9570673705328404,256.6827889882703,0.865,1942,8,28,1942.08,1941,11,332,48,0.0221773929685865,2.1148630204745587,0.0082392085141758,0.89,4,Mod_Dry,39,7,5,4,60,115.0,0.4480238057770799,141.68278898827032,141.68278898827032,,1,141.68278898827032,0.0,0.0,0.0,0.0,0.0,0.0,0.0,0.0,0.0,39.0,7.0,5.0,4.0,60.0,192.68278898827032,990.0,964.7267311559532,25.273268844046925,0.1035350937417007,0.004168278898827,989.8922966273594,0.142099233756306,0.0,0.0,0.0,25.023466237650048,25.165565471406357,25.165565471406357,25.165565471406357,,0.9138384281236048,0.0,0.0,0.0,31.77405780249992,0.0,0.0,0.0,0.6471294868126256,0.0,0.0,0.0,0.97,0.96,0.96,0.96,30.82083606842492,0.0,0.0,0.0,30.82083606842492,739.7000656421981,0.1200736371531063,6.042613512533999e-05,0.865
1942-08-29,1942-09-09,264.675,0.9437959007304476,249.7991800258312,0.875,1942,8,29,1942.08,1941,11,333,48,0.0215826491542318,6.8836089624391255,0.0275565714896554,0.89,4,Mod_Dry,39,7,5,4,60,115.0,0.4603698058100435,134.7991800258312,134.7991800258312,,1,134.7991800258312,0.0,0.0,0.0,0.0,0.0,0.0,0.0,0.0,0.0,39.0,7.0,5.0,4.0,60.0,185.7991800258312,990.0,964.698795080155,25.301204919844963,0.1011056456606142,0.0034799180025831,989.8954144363368,0.1286224584485626,0.0,0.0,0.0,25.067996897733263,25.196619356181827,25.196619356181827,25.196619356181827,,0.9107270670781016,0.0,0.0,0.0,30.18101396693178,0.0,0.0,0.0,0.6146846021778366,0.0,0.0,0.0,0.97,0.96,0.96,0.96,29.275583547923823,0.0,0.0,0.0,29.275583547923823,702.6140051501718,0.1171964757646382,6.032756682593781e-05,0.875
1942-08-30,1942-09-10,264.675,0.9437959007304476,249.7991800258312,0.875,1942,8,30,1942.08,1941,11,334,48,0.0215826491542318,0.0,0.0,0.89,4,Mod_Dry,39,7,5,4,60,115.0,0.4603698058100435,134.7991800258312,134.7991800258312,,1,134.7991800258312,0.0,0.0,0.0,0.0,0.0,0.0,0.0,0.0,0.0,39.0,7.0,5.0,4.0,60.0,185.7991800258312,990.0,964.698795080155,25.301204919844963,0.1011056456606142,0.0034799180025831,989.8954144363368,0.1286224584485626,0.0,0.0,0.0,25.067996897733263,25.196619356181827,25.196619356181827,25.196619356181827,,0.9107270670781016,0.0,0.0,0.0,30.18101396693178,0.0,0.0,0.0,0.6146846021778366,0.0,0.0,0.0,0.97,0.96,0.96,0.96,29.275583547923823,0.0,0.0,0.0,29.275583547923823,702.6140051501718,0.1171964757646382,6.032756682593781e-05,0.875
1942-08-31,1942-09-11,261.1822,0.9426194585361816,246.1954239432886,0.879,1942,8,31,1942.08,1941,11,335,48,0.0212712846287001,3.603756082542589,0.0146377866201636,0.89,4,Mod_Dry,39,7,5,4,60,115.0,0.4671086007938571,131.1954239432886,131.1954239432886,,1,131.1954239432886,0.0,0.0,0.0,0.0,0.0,0.0,0.0,0.0,0.0,39.0,7.0,5.0,4.0,60.0,182.1954239432886,990.0,964.6771725436598,25.32282745634018,0.0998337636656884,0.0031195423943288,989.89704669394,0.1218473970133825,0.0,0.0,0.0,25.09802675326675,25.21987415028013,25.21987415028013,25.21987415028013,,0.9091084509865356,0.0,0.0,0.0,29.35706670070977,0.0,0.0,0.0,0.5979035987924597,0.0,0.0,0.0,0.97,0.96,0.96,0.96,28.476354699688475,0.0,0.0,0.0,28.476354699688475,683.4325127925234,0.1156656539085309,6.029248802999802e-05,0.88
1942-09-01,1942-09-12,257.7185,0.9439744768586136,243.27968621428656,0.884,1942,9,1,1942.09,1941,12,336,48,0.0210193648889143,2.915737729001989,0.0119851261499644,0.9,5,Dry,30,6,4,2,30,72.0,0.2959556595965874,171.27968621428656,171.27968621428656,,1,171.27968621428656,0.0,0.0,0.0,0.0,0.0,0.0,0.0,0.0,0.0,30.0,6.0,4.0,2.0,30.0,211.27968621428656,990.0,964.6596781172858,25.340321882714196,0.1100986531188553,0.0071279686214286,989.8827733782598,0.2076224343628591,0.0,0.0,0.0,25.01547282661113,25.22309526097399,25.22309526097399,25.22309526097399,,0.925661043632386,0.0,0.0,0.0,38.89602862096535,0.0,0.0,0.0,0.7921798089809644,0.0,0.0,0.0,0.97,0.96,0.96,0.96,37.72914776233639,0.0,0.0,0.0,37.72914776233639,905.4995462960732,0.1550854835002691,6.118833502391742e-05,0.885
1942-09-02,1942-09-13,254.284,0.9424159355737844,239.64129376144416,0.89,1942,9,2,1942.09,1941,12,337,49,0.0207050077809887,3.638392452842453,0.0151826606998056,0.9,5,Dry,30,6,4,2,30,72.0,0.3004490539584295,167.64129376144416,167.64129376144416,,1,167.64129376144416,0.0,0.0,0.0,0.0,0.0,0.0,0.0,0.0,0.0,30.0,6.0,4.0,2.0,30.0,207.64129376144416,990.0,964.6378477625686,25.36215223743136,0.108814510285,0.0067641293761444,989.8844213603388,0.198886279152237,0.0,0.0,0.0,25.047687318617943,25.24657359777018,25.24657359777018,25.24657359777018,,0.9243170199647096,0.0,0.0,0.0,38.06346201581552,0.0,0.0,0.0,0.7752232589779128,0.0,0.0,0.0,0.97,0.96,0.96,0.96,36.92155815534105,0.0,0.0,0.0,36.92155815534105,886.1173957281853,0.1540701002561577,6.117817481818077e-05,0.89
1942-09-03,1942-09-14,250.8784,0.9414693900674836,236.1943342291061,0.893,1942,9,3,1942.09,1941,12,338,49,0.0204071904773947,3.4469595323380133,0.0145937435103523,0.9,5,Dry,30,6,4,2,30,72.0,0.3048337303898269,164.19433422910612,164.19433422910612,,1,164.19433422910612,0.0,0.0,0.0,0.0,0.0,0.0,0.0,0.0,0.0,30.0,6.0,4.0,2.0,30.0,204.1943342291061,990.0,964.6171660053748,25.382833994625344,0.1075979322386755,0.0064194334229106,989.8859826343383,0.190746968726944,0.0,0.0,0.0,25.078069660236743,25.26881662896369,25.26881662896369,25.26881662896369,,0.9230271075057954,0.0,0.0,0.0,37.273950707243145,0.0,0.0,0.0,0.7591435989255223,0.0,0.0,0.0,0.97,0.96,0.96,0.96,36.15573218602585,0.0,0.0,0.0,36.15573218602585,867.7375724646204,0.1530762044061359,6.116690315604327e-05,0.895
1942-09-04,1942-09-15,247.5017,0.9485505757172864,234.76788002600708,0.898,1942,9,4,1942.09,1941,12,339,49,0.020283944834247,1.4264542030990697,0.0060760194407388,0.9,5,Dry,30,6,4,2,30,72.0,0.3066859060618684,162.76788002600708,162.76788002600708,,1,162.76788002600708,0.0,0.0,0.0,0.0,0.0,0.0,0.0,0.0,0.0,30.0,6.0,4.0,2.0,30.0,202.76788002600708,990.0,964.608607280156,25.391392719843907,0.1070944761199434,0.0062767880026007,989.8866287358774,0.1874661240598162,0.0,0.0,0.0,25.090555331661456,25.278021455721277,25.278021455721277,25.278021455721277,,0.9224661901835712,0.0,0.0,0.0,36.946060561462666,0.0,0.0,0.0,0.75246559188315,0.0,0.0,0.0,0.97,0.96,0.96,0.96,35.837678744618785,0.0,0.0,0.0,35.837678744618785,860.1042898708508,0.152651541346494,6.116016723203318e-05,0.9
1942-09-05,1942-09-16,244.1538,0.9479000783611428,231.4334061521708,0.906,1942,9,5,1942.09,1941,12,340,49,0.0199958462915475,3.33447387383626,0.0144079194498126,0.9,5,Dry,30,6,4,2,30,72.0,0.3111046118928006,159.4334061521708,159.4334061521708,,1,159.4334061521708,0.0,0.0,0.0,0.0,0.0,0.0,0.0,0.0,0.0,30.0,6.0,4.0,2.0,30.0,199.4334061521708,990.0,964.588600436913,25.411399563087,0.1059176047187879,0.005943340615217,989.888139054666,0.1798421616578191,0.0,0.0,0.0,25.11969645609518,25.299538617753,25.299538617753,25.299538617753,,0.9211564959676828,0.0,0.0,0.0,36.17977237790399,0.0,0.0,0.0,0.7368589079002849,0.0,0.0,0.0,0.97,0.96,0.96,0.96,35.09437920656686,0.0,0.0,0.0,35.09437920656686,842.2651009576048,0.1516392114260799,6.11442664606088e-05,0.905
1942-09-06,1942-09-17,244.1538,0.9479000783611428,231.4334061521708,0.906,1942,9,6,1942.09,1941,12,341,49,0.0199958462915475,0.0,0.0,0.9,5,Dry,30,6,4,2,30,72.0,0.3111046118928006,159.4334061521708,159.4334061521708,,1,159.4334061521708,0.0,0.0,0.0,0.0,0.0,0.0,0.0,0.0,0.0,30.0,6.0,4.0,2.0,30.0,199.4334061521708,990.0,964.588600436913,25.411399563087,0.1059176047187879,0.005943340615217,989.888139054666,0.1798421616578191,0.0,0.0,0.0,25.11969645609518,25.299538617753,25.299538617753,25.299538617753,,0.9211564959676828,0.0,0.0,0.0,36.17977237790399,0.0,0.0,0.0,0.7368589079002849,0.0,0.0,0.0,0.97,0.96,0.96,0.96,35.09437920656686,0.0,0.0,0.0,35.09437920656686,842.2651009576048,0.1516392114260799,6.11442664606088e-05,0.905
1942-09-07,1942-09-18,240.8345,0.9523763640910288,229.3650854576809,0.908,1942,9,7,1942.09,1941,12,342,49,0.0198171433835436,2.068320694489956,0.0090175917156823,0.9,5,Dry,30,6,4,2,30,72.0,0.3139100262637156,157.3650854576809,157.3650854576809,,1,157.3650854576809,0.0,0.0,0.0,0.0,0.0,0.0,0.0,0.0,0.0,30.0,6.0,4.0,2.0,30.0,197.3650854576809,990.0,964.576190512746,25.423809487253948,0.1051876274975775,0.005736508545768,989.8890758639568,0.1752504897160516,0.0,0.0,0.0,25.137634861494583,25.31288535121064,25.31288535121064,25.31288535121064,,0.9203451104228644,0.0,0.0,0.0,35.70443823170376,0.0,0.0,0.0,0.7271779680591397,0.0,0.0,0.0,0.97,0.96,0.96,0.96,34.63330508475265,0.0,0.0,0.0,34.63330508475265,831.1993220340636,0.1509964126215831,6.11340342463039e-05,0.91
1942-09-08,1942-09-19,237.5439,0.9621267175397727,228.5473327785961,0.91,1942,9,8,1942.09,1941,12,343,49,0.0197464895520707,0.8177526790847764,0.0035780451652742,0.9,5,Dry,30,6,4,2,30,72.0,0.3150332105155197,156.5473327785961,156.5473327785961,,1,156.5473327785961,0.0,0.0,0.0,0.0,0.0,0.0,0.0,0.0,0.0,30.0,6.0,4.0,2.0,30.0,196.5473327785961,990.0,964.5712839966716,25.428716003328415,0.1048990161473619,0.0056547332778596,989.8894462505748,0.1734350787684833,0.0,0.0,0.0,25.14472717513473,25.31816225390321,25.31816225390321,25.31816225390321,,0.9200245377934776,0.0,0.0,0.0,35.516544899854146,0.0,0.0,0.0,0.7233512199562963,0.0,0.0,0.0,0.97,0.96,0.96,0.96,34.45104855285852,0.0,0.0,0.0,34.45104855285852,826.8251652686046,0.1507392282115704,6.112998247412995e-05,0.91
1942-09-09,1942-09-20,234.2817,0.966268687364318,226.3790707324809,0.913,1942,9,9,1942.09,1941,12,344,50,0.0195591517112863,2.1682620461151885,0.0095780146066483,0.9,5,Dry,30,6,4,2,30,72.0,0.3180506032074167,154.3790707324809,154.3790707324809,,1,154.3790707324809,0.0,0.0,0.0,0.0,0.0,0.0,0.0,0.0,0.0,30.0,6.0,4.0,2.0,30.0,194.3790707324809,990.0,964.5582744243948,25.44172557560512,0.1041337663930585,0.005437907073248,989.8904283265338,0.1686587927821587,0.0,0.0,0.0,25.163495109356727,25.332153902138884,25.332153902138884,25.332153902138884,,0.9191751385092976,0.0,0.0,0.0,35.01840440920248,0.0,0.0,0.0,0.7132057924481157,0.0,0.0,0.0,0.97,0.96,0.96,0.96,33.96785227692641,0.0,0.0,0.0,33.96785227692641,815.2284546462338,0.1500485542546787,6.111913018131184e-05,0.915
1942-09-10,1942-09-21,231.0479,0.97240029822707,224.67104686473823,0.918,1942,9,10,1942.09,1941,12,345,50,0.0194115784491133,1.7080238677426678,0.0076023319051474,0.9,5,Dry,30,6,4,2,30,72.0,0.3204685294556318,152.67104686473823,152.67104686473823,,1,152.67104686473823,0.0,0.0,0.0,0.0,0.0,0.0,0.0,0.0,0.0,30.0,6.0,4.0,2.0,30.0,192.67104686473823,990.0,964.5480262811884,25.451973718811587,0.1035309495668008,0.0052671046864738,989.8912019457468,0.1649694612278346,0.0,0.0,0.0,25.178206203330483,25.34317566455832,25.34317566455832,25.34317566455832,,0.9185066192084188,0.0,0.0,0.0,34.62601074231419,0.0,0.0,0.0,0.7052140680715722,0.0,0.0,0.0,0.97,0.96,0.96,0.96,33.58723042004477,0.0,0.0,0.0,33.58723042004477,806.0935300810745,0.1494951436277668,6.111038352973444e-05,0.92
1942-09-11,1942-09-22,227.8423,0.9755995102100816,222.2828362851385,0.922,1942,9,11,1942.09,1941,12,346,50,0.0192052370550359,2.388210579599729,0.0107440170348384,0.91,5,Dry,30,6,4,2,30,72.0,0.3239116487952327,150.2828362851385,150.2828362851385,,1,150.2828362851385,0.0,0.0,0.0,0.0,0.0,0.0,0.0,0.0,0.0,30.0,6.0,4.0,2.0,30.0,190.2828362851385,990.0,964.5336970177108,25.466302982289108,0.1026880728662941,0.0050282836285138,989.8922836435052,0.1598109263758991,0.0,0.0,0.0,25.198775699418476,25.358586625794374,25.358586625794374,25.358586625794374,,0.9175728021549684,0.0,0.0,0.0,34.07752580231762,0.0,0.0,0.0,0.6940432953628843,0.0,0.0,0.0,0.97,0.96,0.96,0.96,33.055200028248095,0.0,0.0,0.0,33.055200028248095,793.3248006779543,0.1487078380889731,6.109812826812281e-05,0.92
1942-09-12,1942-09-23,224.6649,0.98159746285063,220.53049583159049,0.926,1942,9,12,1942.09,1941,12,347,50,0.0190538348398494,1.7523404535480438,0.0079460232787316,0.91,5,Dry,30,6,4,2,30,72.0,0.3264854582968119,148.53049583159049,148.53049583159049,,1,148.53049583159049,0.0,0.0,0.0,0.0,0.0,0.0,0.0,0.0,0.0,30.0,6.0,4.0,2.0,30.0,188.53049583159049,990.0,964.5231829749896,25.476817025010405,0.1020696152845935,0.004853049583159,989.8930773351324,0.1561434313297082,0.0,0.0,0.0,25.21375092881296,25.369894360142663,25.369894360142663,25.369894360142663,,0.9168882271246628,0.0,0.0,0.0,33.675045029509185,0.0,0.0,0.0,0.6858461309472339,0.0,0.0,0.0,0.97,0.96,0.96,0.96,32.66479367862391,0.0,0.0,0.0,32.66479367862391,783.9550482869738,0.148119168532449,6.108882723926064e-05,0.925
1942-09-13,1942-09-24,224.6649,0.98159746285063,220.53049583159049,0.926,1942,9,13,1942.09,1941,12,348,50,0.0190538348398494,0.0,0.0,0.91,5,Dry,30,6,4,2,30,72.0,0.3264854582968119,148.53049583159049,148.53049583159049,,1,148.53049583159049,0.0,0.0,0.0,0.0,0.0,0.0,0.0,0.0,0.0,30.0,6.0,4.0,2.0,30.0,188.53049583159049,990.0,964.5231829749896,25.476817025010405,0.1020696152845935,0.004853049583159,989.8930773351324,0.1561434313297082,0.0,0.0,0.0,25.21375092881296,25.369894360142663,25.369894360142663,25.369894360142663,,0.9168882271246628,0.0,0.0,0.0,33.675045029509185,0.0,0.0,0.0,0.6858461309472339,0.0,0.0,0.0,0.97,0.96,0.96,0.96,32.66479367862391,0.0,0.0,0.0,32.66479367862391,783.9550482869738,0.148119168532449,6.108882723926064e-05,0.925
1942-09-14,1942-09-25,221.5156,0.969471677754902,214.75310038088367,0.933,1942,9,14,1942.09,1941,12,349,50,0.0185546678729083,5.777395450706706,0.0269025007809432,0.91,5,Dry,30,6,4,2,30,72.0,0.3352687335936087,142.75310038088367,142.75310038088367,,1,142.75310038088367,0.0,0.0,0.0,0.0,0.0,0.0,0.0,0.0,0.0,30.0,6.0,4.0,2.0,30.0,182.75310038088367,990.0,964.4885186022854,25.511481397714647,0.1000305857046181,0.0042753100380883,989.8956941042572,0.144261262769385,0.0,0.0,0.0,25.26291423920251,25.4,25.4,25.4,,0.9145047071833012,0.0,0.0,0.0,32.34399355076756,0.0,0.0,0.0,0.6587371395268341,0.0,0.0,0.0,0.97,0.96,0.96,0.96,31.37367374424453,0.0,0.0,0.0,31.37367374424453,752.9681698618688,0.1460918314501655,6.10488273119726e-05,0.935
1942-09-15,1942-09-26,218.3943,0.9709568849264008,212.05144921368185,0.936,1942,9,15,1942.09,1941,12,350,50,0.0183212452120621,2.7016511672019305,0.0127405456422017,0.91,5,Dry,30,6,4,2,30,72.0,0.3395402401963611,140.05144921368185,140.05144921368185,,1,140.05144921368185,0.0,0.0,0.0,0.0,0.0,0.0,0.0,0.0,0.0,30.0,6.0,4.0,2.0,30.0,180.05144921368185,990.0,964.472308695282,25.527691304717905,0.0990770856903469,0.0040051449213681,989.8969177693882,0.1388039274116373,0.0,0.0,0.0,25.28580514669448,25.4,25.4,25.4,,0.9132969636437288,0.0,0.0,0.0,31.71868013598766,0.0,0.0,0.0,0.6460016320975084,0.0,0.0,0.0,0.97,0.96,0.96,0.96,30.767119731908032,0.0,0.0,0.0,30.767119731908032,738.4108735657928,0.1450927114433646,6.102344671002032e-05,0.935
1942-09-16,1942-09-27,218.3943,0.9709568849264008,212.05144921368185,0.936,1942,9,16,1942.09,1941,12,351,51,0.0183212452120621,0.0,0.0,0.91,5,Dry,30,6,4,2,30,72.0,0.3395402401963611,140.05144921368185,140.05144921368185,,1,140.05144921368185,0.0,0.0,0.0,0.0,0.0,0.0,0.0,0.0,0.0,30.0,6.0,4.0,2.0,30.0,180.05144921368185,990.0,964.472308695282,25.527691304717905,0.0990770856903469,0.0040051449213681,989.8969177693882,0.1388039274116373,0.0,0.0,0.0,25.28580514669448,25.4,25.4,25.4,,0.9132969636437288,0.0,0.0,0.0,31.71868013598766,0.0,0.0,0.0,0.6460016320975084,0.0,0.0,0.0,0.97,0.96,0.96,0.96,30.767119731908032,0.0,0.0,0.0,30.767119731908032,738.4108735657928,0.1450927114433646,6.102344671002032e-05,0.935
1942-09-17,1942-09-28,215.3008,0.9720099401276424,209.2745177174335,0.939,1942,9,17,1942.09,1941,12,352,51,0.0180813183307862,2.776931496248324,0.0132693245529194,0.91,5,Dry,30,6,4,2,30,72.0,0.3440457098423028,137.2745177174335,137.2745177174335,,1,137.2745177174335,0.0,0.0,0.0,0.0,0.0,0.0,0.0,0.0,0.0,30.0,6.0,4.0,2.0,30.0,177.2745177174335,990.0,964.4556471063046,25.544352893695415,0.0980970168148949,0.0037274517717433,989.8981755314134,0.1334125643718209,0.0,0.0,0.0,25.30911586073696,25.4,25.4,25.4,,0.9120575133573392,0.0,0.0,0.0,31.076194099190257,0.0,0.0,0.0,0.6329163767655857,0.0,0.0,0.0,0.97,0.96,0.96,0.96,30.14390827621455,0.0,0.0,0.0,30.14390827621455,723.4537986291492,0.1440400322265486,6.099681130725003e-05,0.94
1942-09-18,1942-09-29,212.2351,0.9734329677943336,206.5966432631272,0.942,1942,9,18,1942.09,1941,12,353,51,0.0178499499779341,2.677874454306334,0.0129618488084325,0.91,5,Dry,30,6,4,2,30,72.0,0.3485051783164686,134.5966432631272,134.5966432631272,,1,134.5966432631272,0.0,0.0,0.0,0.0,0.0,0.0,0.0,0.0,0.0,30.0,6.0,4.0,2.0,30.0,174.5966432631272,990.0,964.4395798595788,25.56042014042123,0.0971519083710678,0.0034596643263127,989.8993884273026,0.1282416893346791,0.0,0.0,0.0,25.331566878389147,25.4,25.4,25.4,,0.910864274669932,0.0,0.0,0.0,30.457107146954616,0.0,0.0,0.0,0.620307681200705,0.0,0.0,0.0,0.97,0.96,0.96,0.96,29.54339393254598,0.0,0.0,0.0,29.54339393254598,709.0414543811034,0.1430003579241057,6.097104738751147e-05,0.94
1942-09-19,1942-09-30,212.2351,0.9734329677943336,206.5966432631272,0.942,1942,9,19,1942.09,1941,12,354,51,0.0178499499779341,0.0,0.0,0.91,5,Dry,30,6,4,2,30,72.0,0.3485051783164686,134.5966432631272,134.5966432631272,,1,134.5966432631272,0.0,0.0,0.0,0.0,0.0,0.0,0.0,0.0,0.0,30.0,6.0,4.0,2.0,30.0,174.5966432631272,990.0,964.4395798595788,25.56042014042123,0.0971519083710678,0.0034596643263127,989.8993884273026,0.1282416893346791,0.0,0.0,0.0,25.331566878389147,25.4,25.4,25.4,,0.910864274669932,0.0,0.0,0.0,30.457107146954616,0.0,0.0,0.0,0.620307681200705,0.0,0.0,0.0,0.97,0.96,0.96,0.96,29.54339393254598,0.0,0.0,0.0,29.54339393254598,709.0414543811034,0.1430003579241057,6.097104738751147e-05,0.94
1942-09-20,1942-10-01,209.197,0.9663848551669614,202.1648125463628,0.946,1942,9,20,1942.09,1941,12,355,51,0.0174670398040057,4.4318307167643525,0.0219218698889451,0.91,5,Dry,30,6,4,2,30,72.0,0.3561450634911459,130.1648125463628,130.1648125463628,,1,130.1648125463628,0.0,0.0,0.0,0.0,0.0,0.0,0.0,0.0,0.0,30.0,6.0,4.0,2.0,30.0,170.1648125463628,990.0,964.4129888752782,25.58701112472181,0.0955877720743529,0.0030164812546362,989.9013957466708,0.119909847587162,0.0,0.0,0.0,25.368497023805563,25.4,25.4,25.4,,0.9088936329828984,0.0,0.0,0.0,29.433377173567887,0.0,0.0,0.0,0.5994577835757207,0.0,0.0,0.0,0.97,0.96,0.96,0.96,28.55037585836085,0.0,0.0,0.0,28.55037585836085,685.2090206006604,0.1412232697607223,6.09278329950424e-05,0.945
1942-09-21,1942-10-02,206.1864,0.9756711054590376,201.1701128186193,0.952,1942,9,21,1942.09,1941,12,356,51,0.0173810977475287,0.9946997277434946,0.0049445701143506,0.91,5,Dry,30,6,4,2,30,72.0,0.3579060477284578,129.1701128186193,129.1701128186193,,1,129.1701128186193,0.0,0.0,0.0,0.0,0.0,0.0,0.0,0.0,0.0,30.0,6.0,4.0,2.0,30.0,169.1701128186193,990.0,964.4070206769117,25.592979323088343,0.095236710391737,0.0029170112818619,989.9018462783264,0.1181062030735147,0.0,0.0,0.0,25.376719398341216,25.4,25.4,25.4,,0.9084520117717504,0.0,0.0,0.0,29.20372208813535,0.0,0.0,0.0,0.594780490593388,0.0,0.0,0.0,0.97,0.96,0.96,0.96,28.32761042549129,0.0,0.0,0.0,28.32761042549129,679.862650211791,0.1408142095691534,6.091796702846367e-05,0.95
1942-09-22,1942-10-03,206.1864,0.9756711054590376,201.1701128186193,0.952,1942,9,22,1942.09,1941,12,357,51,0.0173810977475287,0.0,0.0,0.91,5,Dry,30,6,4,2,30,72.0,0.3579060477284578,129.1701128186193,129.1701128186193,,1,129.1701128186193,0.0,0.0,0.0,0.0,0.0,0.0,0.0,0.0,0.0,30.0,6.0,4.0,2.0,30.0,169.1701128186193,990.0,964.4070206769117,25.592979323088343,0.095236710391737,0.0029170112818619,989.9018462783264,0.1181062030735147,0.0,0.0,0.0,25.376719398341216,25.4,25.4,25.4,,0.9084520117717504,0.0,0.0,0.0,29.20372208813535,0.0,0.0,0.0,0.594780490593388,0.0,0.0,0.0,0.97,0.96,0.96,0.96,28.32761042549129,0.0,0.0,0.0,28.32761042549129,679.862650211791,0.1408142095691534,6.091796702846367e-05,0.95
1942-09-23,1942-10-04,203.2033,0.9854563497164652,200.2479822683398,0.956,1942,9,23,1942.09,1941,12,358,52,0.0173014256679845,0.9221305502795192,0.0046049430303064,0.91,5,Dry,30,6,4,2,30,72.0,0.3595541846884494,128.2479822683398,128.2479822683398,,1,128.2479822683398,0.0,0.0,0.0,0.0,0.0,0.0,0.0,0.0,0.0,30.0,6.0,4.0,2.0,30.0,168.2479822683398,990.0,964.40148789361,25.59851210638999,0.094911260717284,0.0028247982268339,989.902263941056,0.1164463680830116,0.0,0.0,0.0,25.384329679362917,25.4,25.4,25.4,,0.9080428385649112,0.0,0.0,0.0,28.990871951198056,0.0,0.0,0.0,0.5904454572545429,0.0,0.0,0.0,0.97,0.96,0.96,0.96,28.121145792662112,0.0,0.0,0.0,28.121145792662112,674.9074990238908,0.1404316062220228,6.090878974225368e-05,0.955
1942-09-24,1942-10-05,200.2476,0.9942319359830292,199.0925590239552,0.959,1942,9,24,1942.09,1941,12,359,52,0.0172015970996697,1.155423244384593,0.0058034476529359,0.91,5,Dry,30,6,4,2,30,72.0,0.361640838577683,127.0925590239552,127.0925590239552,,1,127.0925590239552,0.0,0.0,0.0,0.0,0.0,0.0,0.0,0.0,0.0,30.0,6.0,4.0,2.0,30.0,167.0925590239552,990.0,964.401814881952,25.598185118047923,0.0945034745110614,0.0027092559023955,989.9027872695866,0.1143666062431193,0.0,0.0,0.0,25.386605781391413,25.4,25.4,25.4,,0.9075232475634312,0.0,0.0,0.0,28.71581996739529,0.0,0.0,0.0,0.5848435838573379,0.0,0.0,0.0,0.97,0.96,0.96,0.96,27.85434536837343,0.0,0.0,0.0,27.85434536837343,668.5042888409623,0.13990651134793,6.087939543670003e-05,0.96
1942-09-25,1942-10-06,197.3191,0.9892995851469644,195.20770377157243,0.965,1942,9,25,1942.09,1941,12,360,52,0.0168659456058638,3.8848552523827777,0.0199011369803762,0.91,5,Dry,30,6,4,2,30,72.0,0.3688379024439155,123.20770377157244,123.20770377157244,,1,123.20770377157244,0.0,0.0,0.0,0.0,0.0,0.0,0.0,0.0,0.0,30.0,6.0,4.0,2.0,30.0,163.20770377157243,990.0,964.4095845924568,25.59041540754322,0.0931323835339738,0.0023207703771572,989.9045468460888,0.107481404562536,0.0,0.0,0.0,25.38748084906949,25.4,25.4,25.4,,0.90507588289136,0.0,0.0,0.0,27.763944309066027,0.0,0.0,0.0,0.5654571142375973,0.0,0.0,0.0,0.97,0.96,0.96,0.96,26.931025979794043,0.0,0.0,0.0,26.931025979794043,646.344623515057,0.1379608768479143,6.071731166918181e-05,0.965
1942-09-26,1942-10-07,194.4177,1.0019441346365396,194.7956741845264,0.967,1942,9,26,1942.09,1941,12,361,52,0.016830346249543,0.4120295870460211,0.0021151885880982,0.91,5,Dry,30,6,4,2,30,72.0,0.369618064166023,122.7956741845264,122.7956741845264,,1,122.7956741845264,0.0,0.0,0.0,0.0,0.0,0.0,0.0,0.0,0.0,30.0,6.0,4.0,2.0,30.0,162.7956741845264,990.0,964.410408651631,25.589591348369023,0.092986964975909,0.0022795674184526,989.9047334676056,0.1067644730810759,0.0,0.0,0.0,25.38756034289359,25.4,25.4,25.4,,0.904730395927178,0.0,0.0,0.0,27.660620448197804,0.0,0.0,0.0,0.5633527586190998,0.0,0.0,0.0,0.97,0.96,0.96,0.96,26.83080183475187,0.0,0.0,0.0,26.83080183475187,643.9392440340449,0.1377381810303217,6.069432460994996e-05,0.965
1942-09-27,1942-10-08,191.5433,1.0070581277156851,192.89523707448373,0.971,1942,9,27,1942.09,1941,12,362,52,0.0166661484832353,1.9004371100426736,0.0098521722924078,0.91,5,Dry,30,6,4,2,30,72.0,0.3732596050165729,120.89523707448372,120.89523707448372,,1,120.89523707448372,0.0,0.0,0.0,0.0,0.0,0.0,0.0,0.0,0.0,30.0,6.0,4.0,2.0,30.0,160.89523707448373,990.0,964.414209525851,25.585790474149007,0.0923162392976475,0.0020895237074483,989.9055942369948,0.1034577125096017,0.0,0.0,0.0,25.387926998634235,25.4,25.4,25.4,,0.9031369066734556,0.0,0.0,0.0,27.184961461418148,0.0,0.0,0.0,0.5536652028802067,0.0,0.0,0.0,0.97,0.96,0.96,0.96,26.3694126175756,0.0,0.0,0.0,26.3694126175756,632.8659028218144,0.136703285252157,6.058829955147532e-05,0.97
1942-09-28,1942-10-09,188.6959,1.0242652879741163,193.27466035303507,0.97,1942,9,28,1942.09,1941,12,363,52,0.0166989306545022,0.3794232785513429,0.0019631299719181,0.91,5,Dry,30,6,4,2,30,72.0,0.3725268478986586,121.27466035303507,121.27466035303507,,1,121.27466035303507,0.0,0.0,0.0,0.0,0.0,0.0,0.0,0.0,0.0,30.0,6.0,4.0,2.0,30.0,161.27466035303507,990.0,964.413450679294,25.586549320706126,0.0924501500356086,0.0021274660353035,989.9054223839292,0.104117909014281,0.0,0.0,0.0,25.38785379562098,25.4,25.4,25.4,,0.9034550439751268,0.0,0.0,0.0,27.279807537769177,0.0,0.0,0.0,0.555596894862916,0.0,0.0,0.0,0.97,0.96,0.96,0.96,26.4614133116361,0.0,0.0,0.0,26.4614133116361,635.0739194792664,0.1369109290545472,6.060946751092367e-05,0.97
1942-09-29,1942-10-10,185.8753,1.0287508888495398,191.21938009017487,0.974,1942,9,29,1942.09,1941,12,364,52,0.0165213544397911,2.055280262860208,0.0107482843103611,0.91,5,Dry,30,6,4,2,30,72.0,0.376530872373116,119.21938009017488,119.21938009017488,,1,119.21938009017488,0.0,0.0,0.0,0.0,0.0,0.0,0.0,0.0,0.0,30.0,6.0,4.0,2.0,30.0,159.21938009017487,990.0,964.4175612398196,25.582438760180366,0.0917247752041872,0.0019219380090174,989.9063532867868,0.1006041709496902,0.0,0.0,0.0,25.388187876017515,25.4,25.4,25.4,,0.9017316865557224,0.0,0.0,0.0,26.766685317317236,0.0,0.0,0.0,0.5451463404748927,0.0,0.0,0.0,0.97,0.96,0.96,0.96,25.963684757797715,0.0,0.0,0.0,25.963684757797715,623.1284341871451,0.1357795676649187,6.049464985884603e-05,0.975
1942-09-30,1942-10-11,183.0814,1.0336364301739838,189.2396047272552,0.977,1942,9,30,1942.09,1941,12,365,53,0.0163503018484348,1.979775362919696,0.0104617390517861,0.91,5,Dry,30,6,4,2,30,72.0,0.3804700401048249,117.2396047272552,117.2396047272552,,1,117.2396047272552,0.0,0.0,0.0,0.0,0.0,0.0,0.0,0.0,0.0,30.0,6.0,4.0,2.0,30.0,157.2396047272552,990.0,964.4215207905456,25.578479209454485,0.0910260484922731,0.0017239604727255,989.907249991035,0.0973177438472436,0.0,0.0,0.0,25.388411456642217,25.4,25.4,25.4,,0.9000715566978554,0.0,0.0,0.0,26.27396462381351,0.0,0.0,0.0,0.5351112958006824,0.0,0.0,0.0,0.97,0.96,0.96,0.96,25.485745685099104,0.0,0.0,0.0,25.485745685099104,611.6578964423785,0.1346744817070975,6.0383808166922673e-05,0.975
