Date,LaggedDate,VicFalls,Conversion,Flow,Exceedance,Year,Month,Day,MonthId,WaterYear,WaterMonth,WaterDay,WaterWeek,Volume,Flow_difference,Flow_difference_pct,EWRRefExceedance,EWRBandNo,EWRBandLabel,EWRChannelA,EWRChannelC,EWRChannelD,EWRChannelE,EWRChannelFG,EWRTotal,EWRProportion,FlowAvailableForGeneration,FlowCanal,LowFlowShutoff,Turbines,FlowTurbine1,FlowTurbine2,FlowTurbine3,FlowTurbine4,FlowSpill,SpillChannelA,SpillChannelC,SpillChannelD,SpillChannelE,SpillChannelFG,FlowChannelA,FlowChannelC,FlowChannelD,FlowChannelE,FlowChannelFG,FlowLeftChannel,LevelHeadpond,LevelTailwater,HeadGross,HeadlossLeftChannel,HeadlossCanal,LevelForebay,HeadlossTurbine1,HeadlossTurbine2,HeadlossTurbine3,HeadlossTurbine4,HeadTurbine1,HeadTurbine2,HeadTurbine3,HeadTurbine4,LowHeadShutoff,EffTurbine1,EffTurbine2,EffTurbine3,EffTurbine4,PowerTurbine1,PowerTurbine2,PowerTurbine3,PowerTurbine4,LoadFactorTurbine1,LoadFactorTurbine2,LoadFactorTurbine3,LoadFactorTurbine4,EffGen1,EffGen2,EffGen3,EffGen4,PowerGenerator1,PowerGenerator2,PowerGenerator3,PowerGenerator4,Power,Energy,PerfMwPerCumec,PerfMWhPerm3,ExceedanceRnd
1973-10-01,1973-10-12,231.0479,0.97240029822707,224.67104686473823,0.918,1973,10,1,1973.1,1973,1,1,1,0.0194115784491133,4.694038592942633,0.0208929395151154,0.66,3,Normal,37,5,3,2,50,97.0,0.431742324405504,127.67104686473824,127.67104686473824,,1,127.67104686473824,0.0,0.0,0.0,0.0,0.0,0.0,0.0,0.0,0.0,37.0,5.0,3.0,2.0,50.0,172.67104686473823,990.0,964.5480262811884,25.451973718811587,0.0964723031668007,0.0027671046864738,989.9007605921468,0.1154078843565288,0.0,0.0,0.0,25.23732642660181,25.35273431095834,25.35273431095834,25.35273431095834,,0.907637326168323,0.0,0.0,0.0,28.6805061706392,0.0,0.0,0.0,0.5841243619274786,0.0,0.0,0.0,0.97,0.96,0.96,0.96,27.820090985520025,0.0,0.0,0.0,27.820090985520025,667.6821836524806,0.1238258839923816,6.052901766929664e-05,0.92
1973-10-02,1973-10-13,231.0479,0.97240029822707,224.67104686473823,0.918,1973,10,2,1973.1,1973,1,2,1,0.0194115784491133,0.0,0.0,0.66,3,Normal,37,5,3,2,50,97.0,0.431742324405504,127.67104686473824,127.67104686473824,,1,127.67104686473824,0.0,0.0,0.0,0.0,0.0,0.0,0.0,0.0,0.0,37.0,5.0,3.0,2.0,50.0,172.67104686473823,990.0,964.5480262811884,25.451973718811587,0.0964723031668007,0.0027671046864738,989.9007605921468,0.1154078843565288,0.0,0.0,0.0,25.23732642660181,25.35273431095834,25.35273431095834,25.35273431095834,,0.907637326168323,0.0,0.0,0.0,28.6805061706392,0.0,0.0,0.0,0.5841243619274786,0.0,0.0,0.0,0.97,0.96,0.96,0.96,27.820090985520025,0.0,0.0,0.0,27.820090985520025,667.6821836524806,0.1238258839923816,6.052901766929664e-05,0.92
1973-10-03,1973-10-14,227.8423,0.9755995102100816,222.2828362851385,0.922,1973,10,3,1973.1,1973,1,3,1,0.0192052370550359,2.388210579599729,0.0107440170348384,0.66,3,Normal,37,5,3,2,50,97.0,0.4363809712935774,125.2828362851385,125.2828362851385,,1,125.2828362851385,0.0,0.0,0.0,0.0,0.0,0.0,0.0,0.0,0.0,37.0,5.0,3.0,2.0,50.0,170.2828362851385,990.0,964.5336970177108,25.466302982289108,0.0956294264662941,0.0025282836285138,989.9018422899052,0.1111091053132493,0.0,0.0,0.0,25.257036166881036,25.368145272194283,25.368145272194283,25.368145272194283,,0.9065730867344304,0.0,0.0,0.0,28.13296361697082,0.0,0.0,0.0,0.572972782423031,0.0,0.0,0.0,0.97,0.96,0.96,0.96,27.28897470846169,0.0,0.0,0.0,27.28897470846169,654.9353930030807,0.122766899885406,6.050526135198672e-05,0.92
1973-10-04,1973-10-15,224.6649,0.98159746285063,220.53049583159049,0.926,1973,10,4,1973.1,1973,1,4,1,0.0190538348398494,1.7523404535480438,0.0079460232787316,0.66,3,Normal,37,5,3,2,50,97.0,0.4398484646498716,123.53049583159049,123.53049583159049,,1,123.53049583159049,0.0,0.0,0.0,0.0,0.0,0.0,0.0,0.0,0.0,37.0,5.0,3.0,2.0,50.0,168.53049583159049,990.0,964.5231829749896,25.476817025010405,0.0950109688845935,0.002353049583159,989.9026359815324,0.1080430627469674,0.0,0.0,0.0,25.27140994379572,25.37945300654269,25.37945300654269,25.37945300654269,,0.9052214310981528,0.0,0.0,0.0,27.71387055790461,0.0,0.0,0.0,0.5644372822383831,0.0,0.0,0.0,0.97,0.96,0.96,0.96,26.88245444116747,0.0,0.0,0.0,26.88245444116747,645.1789065880193,0.1218990341439962,6.044943319955677e-05,0.925
1973-10-05,1973-10-16,224.6649,0.98159746285063,220.53049583159049,0.926,1973,10,5,1973.1,1973,1,5,1,0.0190538348398494,0.0,0.0,0.66,3,Normal,37,5,3,2,50,97.0,0.4398484646498716,123.53049583159049,123.53049583159049,,1,123.53049583159049,0.0,0.0,0.0,0.0,0.0,0.0,0.0,0.0,0.0,37.0,5.0,3.0,2.0,50.0,168.53049583159049,990.0,964.5231829749896,25.476817025010405,0.0950109688845935,0.002353049583159,989.9026359815324,0.1080430627469674,0.0,0.0,0.0,25.27140994379572,25.37945300654269,25.37945300654269,25.37945300654269,,0.9052214310981528,0.0,0.0,0.0,27.71387055790461,0.0,0.0,0.0,0.5644372822383831,0.0,0.0,0.0,0.97,0.96,0.96,0.96,26.88245444116747,0.0,0.0,0.0,26.88245444116747,645.1789065880193,0.1218990341439962,6.044943319955677e-05,0.925
1973-10-06,1973-10-17,221.5156,0.969471677754902,214.75310038088367,0.933,1973,10,6,1973.1,1973,1,6,1,0.0185546678729083,5.777395450706706,0.0269025007809432,0.66,3,Normal,37,5,3,2,50,97.0,0.4516814883136117,117.75310038088368,117.75310038088368,,1,117.75310038088368,0.0,0.0,0.0,0.0,0.0,0.0,0.0,0.0,0.0,37.0,5.0,3.0,2.0,50.0,162.75310038088367,990.0,964.4885186022854,25.511481397714647,0.0929719393046181,0.0017753100380883,989.9052527506574,0.0981701466322668,0.0,0.0,0.0,25.31856400173976,25.4,25.4,25.4,,0.9004135697404292,0.0,0.0,0.0,26.326440983565814,0.0,0.0,0.0,0.5361800607650878,0.0,0.0,0.0,0.97,0.96,0.96,0.96,25.53664775405884,0.0,0.0,0.0,25.53664775405884,612.8795460974121,0.1189116604545747,6.02405647245949e-05,0.935
1973-10-07,1973-10-18,215.3008,0.9720099401276424,209.2745177174335,0.939,1973,10,7,1973.1,1973,1,7,1,0.0180813183307862,5.478582663450254,0.0261789286302288,0.66,3,Normal,37,5,3,2,50,97.0,0.4635060257597692,112.2745177174335,112.2745177174335,,1,112.2745177174335,0.0,0.0,0.0,0.0,0.0,0.0,0.0,0.0,0.0,37.0,5.0,3.0,2.0,50.0,157.2745177174335,990.0,964.4556471063046,25.544352893695415,0.0910383704148949,0.0012274517717433,989.9077341778132,0.0892392283478935,0.0,0.0,0.0,25.362847843160797,25.4,25.4,25.4,,0.8958703597702308,0.0,0.0,0.0,25.018604514681105,0.0,0.0,0.0,0.5095438801360713,0.0,0.0,0.0,0.97,0.96,0.96,0.96,24.268046379240676,0.0,0.0,0.0,24.268046379240676,582.4331131017761,0.1159627394865525,6.004144245089719e-05,0.94
1973-10-08,1973-10-19,221.5156,0.969471677754902,214.75310038088367,0.933,1973,10,8,1973.1,1973,1,8,2,0.0185546678729083,5.478582663450254,0.0255110759925398,0.66,3,Normal,37,5,3,2,50,97.0,0.4516814883136117,117.75310038088368,117.75310038088368,,1,117.75310038088368,0.0,0.0,0.0,0.0,0.0,0.0,0.0,0.0,0.0,37.0,5.0,3.0,2.0,50.0,162.75310038088367,990.0,964.4885186022854,25.511481397714647,0.0929719393046181,0.0017753100380883,989.9052527506574,0.0981701466322668,0.0,0.0,0.0,25.31856400173976,25.4,25.4,25.4,,0.9004135697404292,0.0,0.0,0.0,26.326440983565814,0.0,0.0,0.0,0.5361800607650878,0.0,0.0,0.0,0.97,0.96,0.96,0.96,25.53664775405884,0.0,0.0,0.0,25.53664775405884,612.8795460974121,0.1189116604545747,6.02405647245949e-05,0.935
1973-10-09,1973-10-20,221.5156,0.969471677754902,214.75310038088367,0.933,1973,10,9,1973.1,1973,1,9,2,0.0185546678729083,0.0,0.0,0.66,3,Normal,37,5,3,2,50,97.0,0.4516814883136117,117.75310038088368,117.75310038088368,,1,117.75310038088368,0.0,0.0,0.0,0.0,0.0,0.0,0.0,0.0,0.0,37.0,5.0,3.0,2.0,50.0,162.75310038088367,990.0,964.4885186022854,25.511481397714647,0.0929719393046181,0.0017753100380883,989.9052527506574,0.0981701466322668,0.0,0.0,0.0,25.31856400173976,25.4,25.4,25.4,,0.9004135697404292,0.0,0.0,0.0,26.326440983565814,0.0,0.0,0.0,0.5361800607650878,0.0,0.0,0.0,0.97,0.96,0.96,0.96,25.53664775405884,0.0,0.0,0.0,25.53664775405884,612.8795460974121,0.1189116604545747,6.02405647245949e-05,0.935
1973-10-10,1973-10-21,234.2817,0.966268687364318,226.3790707324809,0.913,1973,10,10,1973.1,1973,1,10,2,0.0195591517112863,11.62597035159715,0.0513562067110696,0.66,3,Normal,37,5,3,2,50,97.0,0.4284848404322142,129.3790707324809,129.3790707324809,,1,129.3790707324809,0.0,0.0,0.0,0.0,0.0,0.0,0.0,0.0,0.0,37.0,5.0,3.0,2.0,50.0,174.3790707324809,990.0,964.5582744243948,25.44172557560512,0.0970751199930585,0.002937907073248,989.8999869729336,0.1184823273184656,0.0,0.0,0.0,25.22323022122033,25.341712548538798,25.341712548538798,25.341712548538798,,0.9083994120980154,0.0,0.0,0.0,29.072359163098067,0.0,0.0,0.0,0.5921050746048486,0.0,0.0,0.0,0.97,0.96,0.96,0.96,28.200188388205124,0.0,0.0,0.0,28.200188388205124,676.804521316923,0.1245706517698809,6.054600345358427e-05,0.915
1973-10-11,1973-10-22,247.5017,0.9485505757172864,234.76788002600708,0.898,1973,10,11,1973.1,1973,1,11,2,0.020283944834247,8.38880929352618,0.0357323552634069,0.62,3,Normal,37,5,3,2,50,97.0,0.413174067888906,137.76788002600708,137.76788002600708,,1,137.76788002600708,0.0,0.0,0.0,0.0,0.0,0.0,0.0,0.0,0.0,37.0,5.0,3.0,2.0,50.0,182.76788002600708,990.0,964.608607280156,25.391392719843907,0.1000358019190603,0.0037767880026007,989.8961874100784,0.1343696872504537,0.0,0.0,0.0,25.15321044267182,25.28758012992228,25.28758012992228,25.28758012992228,,0.9121532189607756,0.0,0.0,0.0,30.999015011888837,0.0,0.0,0.0,0.631344501260465,0.0,0.0,0.0,0.97,0.96,0.96,0.96,30.069044561532166,0.0,0.0,0.0,30.069044561532166,721.657069476772,0.1280798913301137,6.06274290975998e-05,0.9
1973-10-12,1973-10-23,257.7185,0.9439744768586136,243.27968621428656,0.884,1973,10,12,1973.1,1973,1,12,2,0.0210193648889143,8.511806188279536,0.0349877390945914,0.62,3,Normal,37,5,3,2,50,97.0,0.398718041400958,146.27968621428656,146.27968621428656,,1,146.27968621428656,0.0,0.0,0.0,0.0,0.0,0.0,0.0,0.0,0.0,37.0,5.0,3.0,2.0,50.0,191.27968621428656,990.0,964.6596781172858,25.340321882714196,0.1030398934244801,0.0046279686214286,989.892332137954,0.151461747325716,0.0,0.0,0.0,25.081192273342577,25.23265402066829,25.23265402066829,25.23265402066829,,0.915905646640771,0.0,0.0,0.0,32.95502409792907,0.0,0.0,0.0,0.671181753521977,0.0,0.0,0.0,0.97,0.96,0.96,0.96,31.9663733749912,0.0,0.0,0.0,31.9663733749912,767.1929609997887,0.1313976266264765,6.070253764908982e-05,0.885
1973-10-13,1973-10-24,257.7185,0.9439744768586136,243.27968621428656,0.884,1973,10,13,1973.1,1973,1,13,2,0.0210193648889143,0.0,0.0,0.62,3,Normal,37,5,3,2,50,97.0,0.398718041400958,146.27968621428656,146.27968621428656,,1,146.27968621428656,0.0,0.0,0.0,0.0,0.0,0.0,0.0,0.0,0.0,37.0,5.0,3.0,2.0,50.0,191.27968621428656,990.0,964.6596781172858,25.340321882714196,0.1030398934244801,0.0046279686214286,989.892332137954,0.151461747325716,0.0,0.0,0.0,25.081192273342577,25.23265402066829,25.23265402066829,25.23265402066829,,0.915905646640771,0.0,0.0,0.0,32.95502409792907,0.0,0.0,0.0,0.671181753521977,0.0,0.0,0.0,0.97,0.96,0.96,0.96,31.9663733749912,0.0,0.0,0.0,31.9663733749912,767.1929609997887,0.1313976266264765,6.070253764908982e-05,0.885
1973-10-14,1973-10-25,257.7185,0.9439744768586136,243.27968621428656,0.884,1973,10,14,1973.1,1973,1,14,2,0.0210193648889143,0.0,0.0,0.62,3,Normal,37,5,3,2,50,97.0,0.398718041400958,146.27968621428656,146.27968621428656,,1,146.27968621428656,0.0,0.0,0.0,0.0,0.0,0.0,0.0,0.0,0.0,37.0,5.0,3.0,2.0,50.0,191.27968621428656,990.0,964.6596781172858,25.340321882714196,0.1030398934244801,0.0046279686214286,989.892332137954,0.151461747325716,0.0,0.0,0.0,25.081192273342577,25.23265402066829,25.23265402066829,25.23265402066829,,0.915905646640771,0.0,0.0,0.0,32.95502409792907,0.0,0.0,0.0,0.671181753521977,0.0,0.0,0.0,0.97,0.96,0.96,0.96,31.9663733749912,0.0,0.0,0.0,31.9663733749912,767.1929609997887,0.1313976266264765,6.070253764908982e-05,0.885
1973-10-15,1973-10-26,257.7185,0.9439744768586136,243.27968621428656,0.884,1973,10,15,1973.1,1973,1,15,3,0.0210193648889143,0.0,0.0,0.62,3,Normal,37,5,3,2,50,97.0,0.398718041400958,146.27968621428656,146.27968621428656,,1,146.27968621428656,0.0,0.0,0.0,0.0,0.0,0.0,0.0,0.0,0.0,37.0,5.0,3.0,2.0,50.0,191.27968621428656,990.0,964.6596781172858,25.340321882714196,0.1030398934244801,0.0046279686214286,989.892332137954,0.151461747325716,0.0,0.0,0.0,25.081192273342577,25.23265402066829,25.23265402066829,25.23265402066829,,0.915905646640771,0.0,0.0,0.0,32.95502409792907,0.0,0.0,0.0,0.671181753521977,0.0,0.0,0.0,0.97,0.96,0.96,0.96,31.9663733749912,0.0,0.0,0.0,31.9663733749912,767.1929609997887,0.1313976266264765,6.070253764908982e-05,0.885
1973-10-16,1973-10-27,254.284,0.9424159355737844,239.64129376144416,0.89,1973,10,16,1973.1,1973,1,16,3,0.0207050077809887,3.638392452842453,0.0151826606998056,0.62,3,Normal,37,5,3,2,50,97.0,0.4047716421384398,142.64129376144416,142.64129376144416,,1,142.64129376144416,0.0,0.0,0.0,0.0,0.0,0.0,0.0,0.0,0.0,37.0,5.0,3.0,2.0,50.0,187.64129376144416,990.0,964.6378477625686,25.36215223743136,0.101755787135028,0.0042641293761444,989.8939800834888,0.1440354133981172,0.0,0.0,0.0,25.11209690752207,25.256132320920187,25.256132320920187,25.256132320920187,,0.9143425430386458,0.0,0.0,0.0,32.12002500574846,0.0,0.0,0.0,0.6541756620315369,0.0,0.0,0.0,0.97,0.96,0.96,0.96,31.15642425557601,0.0,0.0,0.0,31.15642425557601,747.7541821338241,0.1300127526710455,6.067361046016311e-05,0.89
1973-10-17,1973-10-28,250.8784,0.9414693900674836,236.1943342291061,0.893,1973,10,17,1973.1,1973,1,17,3,0.0204071904773947,3.4469595323380133,0.0145937435103523,0.62,3,Normal,37,5,3,2,50,97.0,0.4106787756640723,139.19433422910612,139.19433422910612,,1,139.19433422910612,0.0,0.0,0.0,0.0,0.0,0.0,0.0,0.0,0.0,37.0,5.0,3.0,2.0,50.0,184.1943342291061,990.0,964.6171660053748,25.382833994625344,0.1005392437103338,0.0039194334229106,989.8955413228668,0.1371370084044658,0.0,0.0,0.0,25.14123830908761,25.27837531749208,25.27837531749208,25.27837531749208,,0.912793401603166,0.0,0.0,0.0,31.327043796478364,0.0,0.0,0.0,0.6380253319038364,0.0,0.0,0.0,0.97,0.96,0.96,0.96,30.38723248258401,0.0,0.0,0.0,30.38723248258401,729.2935795820163,0.128653519915125,6.064110266108708e-05,0.895
1973-10-18,1973-10-29,247.5017,0.9485505757172864,234.76788002600708,0.898,1973,10,18,1973.1,1973,1,18,3,0.020283944834247,1.4264542030990697,0.0060760194407388,0.62,3,Normal,37,5,3,2,50,97.0,0.413174067888906,137.76788002600708,137.76788002600708,,1,137.76788002600708,0.0,0.0,0.0,0.0,0.0,0.0,0.0,0.0,0.0,37.0,5.0,3.0,2.0,50.0,182.76788002600708,990.0,964.608607280156,25.391392719843907,0.1000358019190603,0.0037767880026007,989.8961874100784,0.1343696872504537,0.0,0.0,0.0,25.15321044267182,25.28758012992228,25.28758012992228,25.28758012992228,,0.9121532189607756,0.0,0.0,0.0,30.999015011888837,0.0,0.0,0.0,0.631344501260465,0.0,0.0,0.0,0.97,0.96,0.96,0.96,30.069044561532166,0.0,0.0,0.0,30.069044561532166,721.657069476772,0.1280798913301137,6.06274290975998e-05,0.9
1973-10-19,1973-10-30,247.5017,0.9485505757172864,234.76788002600708,0.898,1973,10,19,1973.1,1973,1,19,3,0.020283944834247,0.0,0.0,0.62,3,Normal,37,5,3,2,50,97.0,0.413174067888906,137.76788002600708,137.76788002600708,,1,137.76788002600708,0.0,0.0,0.0,0.0,0.0,0.0,0.0,0.0,0.0,37.0,5.0,3.0,2.0,50.0,182.76788002600708,990.0,964.608607280156,25.391392719843907,0.1000358019190603,0.0037767880026007,989.8961874100784,0.1343696872504537,0.0,0.0,0.0,25.15321044267182,25.28758012992228,25.28758012992228,25.28758012992228,,0.9121532189607756,0.0,0.0,0.0,30.999015011888837,0.0,0.0,0.0,0.631344501260465,0.0,0.0,0.0,0.97,0.96,0.96,0.96,30.069044561532166,0.0,0.0,0.0,30.069044561532166,721.657069476772,0.1280798913301137,6.06274290975998e-05,0.9
1973-10-20,1973-10-31,244.1538,0.9479000783611428,231.4334061521708,0.906,1973,10,20,1973.1,1973,1,20,3,0.0199958462915475,3.33447387383626,0.0144079194498126,0.62,3,Normal,37,5,3,2,50,97.0,0.4191270465778009,134.4334061521708,134.4334061521708,,1,134.4334061521708,0.0,0.0,0.0,0.0,0.0,0.0,0.0,0.0,0.0,37.0,5.0,3.0,2.0,50.0,179.4334061521708,990.0,964.588600436913,25.411399563087,0.0988589583187879,0.003443340615217,989.897697701066,0.127934803566081,0.0,0.0,0.0,25.18116246058683,25.30909726415291,25.30909726415291,25.30909726415291,,0.9106588991974396,0.0,0.0,0.0,30.23273330338848,0.0,0.0,0.0,0.6157379491525148,0.0,0.0,0.0,0.97,0.96,0.96,0.96,29.325751304286825,0.0,0.0,0.0,29.325751304286825,703.8180313028837,0.1267135621942353,6.05953703185034e-05,0.905
1973-10-21,1973-11-01,247.5017,0.9485505757172864,234.76788002600708,0.898,1973,10,21,1973.1,1973,1,21,3,0.020283944834247,3.33447387383626,0.0142032797394041,0.44,3,Normal,37,5,3,2,50,97.0,0.413174067888906,137.76788002600708,137.76788002600708,,1,137.76788002600708,0.0,0.0,0.0,0.0,0.0,0.0,0.0,0.0,0.0,37.0,5.0,3.0,2.0,50.0,182.76788002600708,990.0,964.608607280156,25.391392719843907,0.1000358019190603,0.0037767880026007,989.8961874100784,0.1343696872504537,0.0,0.0,0.0,25.15321044267182,25.28758012992228,25.28758012992228,25.28758012992228,,0.9121532189607756,0.0,0.0,0.0,30.999015011888837,0.0,0.0,0.0,0.631344501260465,0.0,0.0,0.0,0.97,0.96,0.96,0.96,30.069044561532166,0.0,0.0,0.0,30.069044561532166,721.657069476772,0.1280798913301137,6.06274290975998e-05,0.9
1973-10-22,1973-11-02,247.5017,0.9485505757172864,234.76788002600708,0.898,1973,10,22,1973.1,1973,1,22,4,0.020283944834247,0.0,0.0,0.44,3,Normal,37,5,3,2,50,97.0,0.413174067888906,137.76788002600708,137.76788002600708,,1,137.76788002600708,0.0,0.0,0.0,0.0,0.0,0.0,0.0,0.0,0.0,37.0,5.0,3.0,2.0,50.0,182.76788002600708,990.0,964.608607280156,25.391392719843907,0.1000358019190603,0.0037767880026007,989.8961874100784,0.1343696872504537,0.0,0.0,0.0,25.15321044267182,25.28758012992228,25.28758012992228,25.28758012992228,,0.9121532189607756,0.0,0.0,0.0,30.999015011888837,0.0,0.0,0.0,0.631344501260465,0.0,0.0,0.0,0.97,0.96,0.96,0.96,30.069044561532166,0.0,0.0,0.0,30.069044561532166,721.657069476772,0.1280798913301137,6.06274290975998e-05,0.9
1973-10-23,1973-11-03,244.1538,0.9479000783611428,231.4334061521708,0.906,1973,10,23,1973.1,1973,1,23,4,0.0199958462915475,3.33447387383626,0.0144079194498126,0.44,3,Normal,37,5,3,2,50,97.0,0.4191270465778009,134.4334061521708,134.4334061521708,,1,134.4334061521708,0.0,0.0,0.0,0.0,0.0,0.0,0.0,0.0,0.0,37.0,5.0,3.0,2.0,50.0,179.4334061521708,990.0,964.588600436913,25.411399563087,0.0988589583187879,0.003443340615217,989.897697701066,0.127934803566081,0.0,0.0,0.0,25.18116246058683,25.30909726415291,25.30909726415291,25.30909726415291,,0.9106588991974396,0.0,0.0,0.0,30.23273330338848,0.0,0.0,0.0,0.6157379491525148,0.0,0.0,0.0,0.97,0.96,0.96,0.96,29.325751304286825,0.0,0.0,0.0,29.325751304286825,703.8180313028837,0.1267135621942353,6.05953703185034e-05,0.905
1973-10-24,1973-11-04,247.5017,0.9485505757172864,234.76788002600708,0.898,1973,10,24,1973.1,1973,1,24,4,0.020283944834247,3.33447387383626,0.0142032797394041,0.44,3,Normal,37,5,3,2,50,97.0,0.413174067888906,137.76788002600708,137.76788002600708,,1,137.76788002600708,0.0,0.0,0.0,0.0,0.0,0.0,0.0,0.0,0.0,37.0,5.0,3.0,2.0,50.0,182.76788002600708,990.0,964.608607280156,25.391392719843907,0.1000358019190603,0.0037767880026007,989.8961874100784,0.1343696872504537,0.0,0.0,0.0,25.15321044267182,25.28758012992228,25.28758012992228,25.28758012992228,,0.9121532189607756,0.0,0.0,0.0,30.999015011888837,0.0,0.0,0.0,0.631344501260465,0.0,0.0,0.0,0.97,0.96,0.96,0.96,30.069044561532166,0.0,0.0,0.0,30.069044561532166,721.657069476772,0.1280798913301137,6.06274290975998e-05,0.9
1973-10-25,1973-11-05,250.8784,0.9414693900674836,236.1943342291061,0.893,1973,10,25,1973.1,1973,1,25,4,0.0204071904773947,1.4264542030990697,0.0060393243883463,0.44,3,Normal,37,5,3,2,50,97.0,0.4106787756640723,139.19433422910612,139.19433422910612,,1,139.19433422910612,0.0,0.0,0.0,0.0,0.0,0.0,0.0,0.0,0.0,37.0,5.0,3.0,2.0,50.0,184.1943342291061,990.0,964.6171660053748,25.382833994625344,0.1005392437103338,0.0039194334229106,989.8955413228668,0.1371370084044658,0.0,0.0,0.0,25.14123830908761,25.27837531749208,25.27837531749208,25.27837531749208,,0.912793401603166,0.0,0.0,0.0,31.327043796478364,0.0,0.0,0.0,0.6380253319038364,0.0,0.0,0.0,0.97,0.96,0.96,0.96,30.38723248258401,0.0,0.0,0.0,30.38723248258401,729.2935795820163,0.128653519915125,6.064110266108708e-05,0.895
1973-10-26,1973-11-06,250.8784,0.9414693900674836,236.1943342291061,0.893,1973,10,26,1973.1,1973,1,26,4,0.0204071904773947,0.0,0.0,0.44,3,Normal,37,5,3,2,50,97.0,0.4106787756640723,139.19433422910612,139.19433422910612,,1,139.19433422910612,0.0,0.0,0.0,0.0,0.0,0.0,0.0,0.0,0.0,37.0,5.0,3.0,2.0,50.0,184.1943342291061,990.0,964.6171660053748,25.382833994625344,0.1005392437103338,0.0039194334229106,989.8955413228668,0.1371370084044658,0.0,0.0,0.0,25.14123830908761,25.27837531749208,25.27837531749208,25.27837531749208,,0.912793401603166,0.0,0.0,0.0,31.327043796478364,0.0,0.0,0.0,0.6380253319038364,0.0,0.0,0.0,0.97,0.96,0.96,0.96,30.38723248258401,0.0,0.0,0.0,30.38723248258401,729.2935795820163,0.128653519915125,6.064110266108708e-05,0.895
1973-10-27,1973-11-07,244.1538,0.9479000783611428,231.4334061521708,0.906,1973,10,27,1973.1,1973,1,27,4,0.0199958462915475,4.760928076935329,0.0205714816892292,0.44,3,Normal,37,5,3,2,50,97.0,0.4191270465778009,134.4334061521708,134.4334061521708,,1,134.4334061521708,0.0,0.0,0.0,0.0,0.0,0.0,0.0,0.0,0.0,37.0,5.0,3.0,2.0,50.0,179.4334061521708,990.0,964.588600436913,25.411399563087,0.0988589583187879,0.003443340615217,989.897697701066,0.127934803566081,0.0,0.0,0.0,25.18116246058683,25.30909726415291,25.30909726415291,25.30909726415291,,0.9106588991974396,0.0,0.0,0.0,30.23273330338848,0.0,0.0,0.0,0.6157379491525148,0.0,0.0,0.0,0.97,0.96,0.96,0.96,29.325751304286825,0.0,0.0,0.0,29.325751304286825,703.8180313028837,0.1267135621942353,6.05953703185034e-05,0.905
1973-10-28,1973-11-08,257.7185,0.9439744768586136,243.27968621428656,0.884,1973,10,28,1973.1,1973,1,28,4,0.0210193648889143,11.846280062115795,0.0486940781881858,0.44,3,Normal,37,5,3,2,50,97.0,0.398718041400958,146.27968621428656,146.27968621428656,,1,146.27968621428656,0.0,0.0,0.0,0.0,0.0,0.0,0.0,0.0,0.0,37.0,5.0,3.0,2.0,50.0,191.27968621428656,990.0,964.6596781172858,25.340321882714196,0.1030398934244801,0.0046279686214286,989.892332137954,0.151461747325716,0.0,0.0,0.0,25.081192273342577,25.23265402066829,25.23265402066829,25.23265402066829,,0.915905646640771,0.0,0.0,0.0,32.95502409792907,0.0,0.0,0.0,0.671181753521977,0.0,0.0,0.0,0.97,0.96,0.96,0.96,31.9663733749912,0.0,0.0,0.0,31.9663733749912,767.1929609997887,0.1313976266264765,6.070253764908982e-05,0.885
1973-10-29,1973-11-09,261.1822,0.9426194585361816,246.1954239432886,0.879,1973,10,29,1973.1,1973,1,29,5,0.0212712846287001,2.915737729001989,0.0118431840945737,0.44,3,Normal,37,5,3,2,50,97.0,0.3939959502348186,149.1954239432886,149.1954239432886,,1,149.1954239432886,0.0,0.0,0.0,0.0,0.0,0.0,0.0,0.0,0.0,37.0,5.0,3.0,2.0,50.0,194.1954239432886,990.0,964.6771725436598,25.32282745634018,0.1040689515056884,0.0049195423943288,989.8910115061,0.1575264818020403,0.0,0.0,0.0,25.05631248063811,25.21383896244015,25.21383896244015,25.21383896244015,,0.917048696375822,0.0,0.0,0.0,33.62046816770811,0.0,0.0,0.0,0.6847345859003688,0.0,0.0,0.0,0.97,0.96,0.96,0.96,32.61185412267687,0.0,0.0,0.0,32.61185412267687,782.6844989442448,0.1324632830307562,6.0718004131639065e-05,0.88
1973-10-30,1973-11-10,268.1972,0.9570673705328404,256.6827889882703,0.865,1973,10,30,1973.1,1973,1,30,5,0.0221773929685865,10.487365044981717,0.0408572973915323,0.44,3,Normal,37,5,3,2,50,97.0,0.3778983405250152,159.68278898827032,159.68278898827032,,1,159.68278898827032,0.0,0.0,0.0,0.0,0.0,0.0,0.0,0.0,0.0,37.0,5.0,3.0,2.0,50.0,204.68278898827032,990.0,964.7267311559532,25.273268844046925,0.1077703286161343,0.005968278898827,989.886261392485,0.1803957915539601,0.0,0.0,0.0,24.979134444978005,25.159530236531964,25.159530236531964,25.159530236531964,,0.9211718843866468,0.0,0.0,0.0,36.03419865409094,0.0,0.0,0.0,0.7338940662747646,0.0,0.0,0.0,0.97,0.96,0.96,0.96,34.953172694468215,0.0,0.0,0.0,34.953172694468215,838.8761446672372,0.136172638735297,6.080313788898992e-05,0.865
1973-10-31,1973-11-11,268.1972,0.9570673705328404,256.6827889882703,0.865,1973,10,31,1973.1,1973,1,31,5,0.0221773929685865,0.0,0.0,0.44,3,Normal,37,5,3,2,50,97.0,0.3778983405250152,159.68278898827032,159.68278898827032,,1,159.68278898827032,0.0,0.0,0.0,0.0,0.0,0.0,0.0,0.0,0.0,37.0,5.0,3.0,2.0,50.0,204.68278898827032,990.0,964.7267311559532,25.273268844046925,0.1077703286161343,0.005968278898827,989.886261392485,0.1803957915539601,0.0,0.0,0.0,24.979134444978005,25.159530236531964,25.159530236531964,25.159530236531964,,0.9211718843866468,0.0,0.0,0.0,36.03419865409094,0.0,0.0,0.0,0.7338940662747646,0.0,0.0,0.0,0.97,0.96,0.96,0.96,34.953172694468215,0.0,0.0,0.0,34.953172694468215,838.8761446672372,0.136172638735297,6.080313788898992e-05,0.865
1973-11-01,1973-11-12,268.1972,0.9570673705328404,256.6827889882703,0.865,1973,11,1,1973.11,1973,2,32,5,0.0221773929685865,0.0,0.0,0.41,3,Normal,36,5,3,2,47,93.0,0.3623149038023341,163.68278898827032,163.68278898827032,,1,163.68278898827032,0.0,0.0,0.0,0.0,0.0,0.0,0.0,0.0,0.0,36.0,5.0,3.0,2.0,47.0,207.68278898827032,990.0,964.7267311559532,25.273268844046925,0.1088291557084552,0.006368278898827,989.8848025653928,0.1895704146730217,0.0,0.0,0.0,24.968500994766664,25.158071409439685,25.158071409439685,25.158071409439685,,0.9227572931143256,0.0,0.0,0.0,36.98466353749433,0.0,0.0,0.0,0.7532518032076237,0.0,0.0,0.0,0.97,0.96,0.96,0.96,35.8751236313695,0.0,0.0,0.0,35.8751236313695,861.002967152868,0.1397644297569514,6.088185680010001e-05,0.865
1973-11-02,1973-11-13,268.1972,0.9570673705328404,256.6827889882703,0.865,1973,11,2,1973.11,1973,2,33,5,0.0221773929685865,0.0,0.0,0.41,3,Normal,36,5,3,2,47,93.0,0.3623149038023341,163.68278898827032,163.68278898827032,,1,163.68278898827032,0.0,0.0,0.0,0.0,0.0,0.0,0.0,0.0,0.0,36.0,5.0,3.0,2.0,47.0,207.68278898827032,990.0,964.7267311559532,25.273268844046925,0.1088291557084552,0.006368278898827,989.8848025653928,0.1895704146730217,0.0,0.0,0.0,24.968500994766664,25.158071409439685,25.158071409439685,25.158071409439685,,0.9227572931143256,0.0,0.0,0.0,36.98466353749433,0.0,0.0,0.0,0.7532518032076237,0.0,0.0,0.0,0.97,0.96,0.96,0.96,35.8751236313695,0.0,0.0,0.0,35.8751236313695,861.002967152868,0.1397644297569514,6.088185680010001e-05,0.865
1973-11-03,1973-11-14,264.675,0.9437959007304476,249.7991800258312,0.875,1973,11,3,1973.11,1973,2,34,5,0.0215826491542318,6.8836089624391255,0.0275565714896554,0.41,3,Normal,36,5,3,2,47,93.0,0.3722990603507308,156.7991800258312,156.7991800258312,,1,156.7991800258312,0.0,0.0,0.0,0.0,0.0,0.0,0.0,0.0,0.0,36.0,5.0,3.0,2.0,47.0,200.7991800258312,990.0,964.698795080155,25.301204919844963,0.1063996384876639,0.0056799180025831,989.8879204435098,0.1739941796573452,0.0,0.0,0.0,25.01513118369737,25.18912536335472,25.18912536335472,25.18912536335472,,0.9200506011777168,0.0,0.0,0.0,35.391338250752334,0.0,0.0,0.0,0.7208011863697013,0.0,0.0,0.0,0.97,0.96,0.96,0.96,34.32959810322976,0.0,0.0,0.0,34.32959810322976,823.9103544775144,0.1374287861940932,6.081664120659568e-05,0.875
1973-11-04,1973-11-15,261.1822,0.9426194585361816,246.1954239432886,0.879,1973,11,4,1973.11,1973,2,35,5,0.0212712846287001,3.603756082542589,0.0146377866201636,0.41,3,Normal,36,5,3,2,47,93.0,0.3777486945550322,153.1954239432886,153.1954239432886,,1,153.1954239432886,0.0,0.0,0.0,0.0,0.0,0.0,0.0,0.0,0.0,36.0,5.0,3.0,2.0,47.0,197.1954239432886,990.0,964.6771725436598,25.32282745634018,0.1051277484656884,0.0053195423943288,989.88955270914,0.1661021157175033,0.0,0.0,0.0,25.046278049762723,25.212380165480223,25.212380165480223,25.212380165480223,,0.9186340991256268,0.0,0.0,0.0,34.5676815131587,0.0,0.0,0.0,0.704026100064332,0.0,0.0,0.0,0.97,0.96,0.96,0.96,33.53065106776394,0.0,0.0,0.0,33.53065106776394,804.7356256263346,0.1361952652519153,6.07986159201042e-05,0.88
1973-11-05,1973-11-16,261.1822,0.9426194585361816,246.1954239432886,0.879,1973,11,5,1973.11,1973,2,36,6,0.0212712846287001,0.0,0.0,0.41,3,Normal,36,5,3,2,47,93.0,0.3777486945550322,153.1954239432886,153.1954239432886,,1,153.1954239432886,0.0,0.0,0.0,0.0,0.0,0.0,0.0,0.0,0.0,36.0,5.0,3.0,2.0,47.0,197.1954239432886,990.0,964.6771725436598,25.32282745634018,0.1051277484656884,0.0053195423943288,989.88955270914,0.1661021157175033,0.0,0.0,0.0,25.046278049762723,25.212380165480223,25.212380165480223,25.212380165480223,,0.9186340991256268,0.0,0.0,0.0,34.5676815131587,0.0,0.0,0.0,0.704026100064332,0.0,0.0,0.0,0.97,0.96,0.96,0.96,33.53065106776394,0.0,0.0,0.0,33.53065106776394,804.7356256263346,0.1361952652519153,6.07986159201042e-05,0.88
1973-11-06,1973-11-17,264.675,0.9437959007304476,249.7991800258312,0.875,1973,11,6,1973.11,1973,2,37,6,0.0215826491542318,3.603756082542589,0.0144266129383208,0.41,3,Normal,36,5,3,2,47,93.0,0.3722990603507308,156.7991800258312,156.7991800258312,,1,156.7991800258312,0.0,0.0,0.0,0.0,0.0,0.0,0.0,0.0,0.0,36.0,5.0,3.0,2.0,47.0,200.7991800258312,990.0,964.698795080155,25.301204919844963,0.1063996384876639,0.0056799180025831,989.8879204435098,0.1739941796573452,0.0,0.0,0.0,25.01513118369737,25.18912536335472,25.18912536335472,25.18912536335472,,0.9200506011777168,0.0,0.0,0.0,35.391338250752334,0.0,0.0,0.0,0.7208011863697013,0.0,0.0,0.0,0.97,0.96,0.96,0.96,34.32959810322976,0.0,0.0,0.0,34.32959810322976,823.9103544775144,0.1374287861940932,6.081664120659568e-05,0.875
1973-11-07,1973-11-18,264.675,0.9437959007304476,249.7991800258312,0.875,1973,11,7,1973.11,1973,2,38,6,0.0215826491542318,0.0,0.0,0.41,3,Normal,36,5,3,2,47,93.0,0.3722990603507308,156.7991800258312,156.7991800258312,,1,156.7991800258312,0.0,0.0,0.0,0.0,0.0,0.0,0.0,0.0,0.0,36.0,5.0,3.0,2.0,47.0,200.7991800258312,990.0,964.698795080155,25.301204919844963,0.1063996384876639,0.0056799180025831,989.8879204435098,0.1739941796573452,0.0,0.0,0.0,25.01513118369737,25.18912536335472,25.18912536335472,25.18912536335472,,0.9200506011777168,0.0,0.0,0.0,35.391338250752334,0.0,0.0,0.0,0.7208011863697013,0.0,0.0,0.0,0.97,0.96,0.96,0.96,34.32959810322976,0.0,0.0,0.0,34.32959810322976,823.9103544775144,0.1374287861940932,6.081664120659568e-05,0.875
1973-11-08,1973-11-19,264.675,0.9437959007304476,249.7991800258312,0.875,1973,11,8,1973.11,1973,2,39,6,0.0215826491542318,0.0,0.0,0.41,3,Normal,36,5,3,2,47,93.0,0.3722990603507308,156.7991800258312,156.7991800258312,,1,156.7991800258312,0.0,0.0,0.0,0.0,0.0,0.0,0.0,0.0,0.0,36.0,5.0,3.0,2.0,47.0,200.7991800258312,990.0,964.698795080155,25.301204919844963,0.1063996384876639,0.0056799180025831,989.8879204435098,0.1739941796573452,0.0,0.0,0.0,25.01513118369737,25.18912536335472,25.18912536335472,25.18912536335472,,0.9200506011777168,0.0,0.0,0.0,35.391338250752334,0.0,0.0,0.0,0.7208011863697013,0.0,0.0,0.0,0.97,0.96,0.96,0.96,34.32959810322976,0.0,0.0,0.0,34.32959810322976,823.9103544775144,0.1374287861940932,6.081664120659568e-05,0.875
1973-11-09,1973-11-20,264.675,0.9437959007304476,249.7991800258312,0.875,1973,11,9,1973.11,1973,2,40,6,0.0215826491542318,0.0,0.0,0.41,3,Normal,36,5,3,2,47,93.0,0.3722990603507308,156.7991800258312,156.7991800258312,,1,156.7991800258312,0.0,0.0,0.0,0.0,0.0,0.0,0.0,0.0,0.0,36.0,5.0,3.0,2.0,47.0,200.7991800258312,990.0,964.698795080155,25.301204919844963,0.1063996384876639,0.0056799180025831,989.8879204435098,0.1739941796573452,0.0,0.0,0.0,25.01513118369737,25.18912536335472,25.18912536335472,25.18912536335472,,0.9200506011777168,0.0,0.0,0.0,35.391338250752334,0.0,0.0,0.0,0.7208011863697013,0.0,0.0,0.0,0.97,0.96,0.96,0.96,34.32959810322976,0.0,0.0,0.0,34.32959810322976,823.9103544775144,0.1374287861940932,6.081664120659568e-05,0.875
1973-11-10,1973-11-21,264.675,0.9437959007304476,249.7991800258312,0.875,1973,11,10,1973.11,1973,2,41,6,0.0215826491542318,0.0,0.0,0.41,3,Normal,36,5,3,2,47,93.0,0.3722990603507308,156.7991800258312,156.7991800258312,,1,156.7991800258312,0.0,0.0,0.0,0.0,0.0,0.0,0.0,0.0,0.0,36.0,5.0,3.0,2.0,47.0,200.7991800258312,990.0,964.698795080155,25.301204919844963,0.1063996384876639,0.0056799180025831,989.8879204435098,0.1739941796573452,0.0,0.0,0.0,25.01513118369737,25.18912536335472,25.18912536335472,25.18912536335472,,0.9200506011777168,0.0,0.0,0.0,35.391338250752334,0.0,0.0,0.0,0.7208011863697013,0.0,0.0,0.0,0.97,0.96,0.96,0.96,34.32959810322976,0.0,0.0,0.0,34.32959810322976,823.9103544775144,0.1374287861940932,6.081664120659568e-05,0.875
1973-11-11,1973-11-22,268.1972,0.9570673705328404,256.6827889882703,0.865,1973,11,11,1973.11,1973,2,42,6,0.0221773929685865,6.8836089624391255,0.0268175711724625,0.44,3,Normal,36,5,3,2,47,93.0,0.3623149038023341,163.68278898827032,163.68278898827032,,1,163.68278898827032,0.0,0.0,0.0,0.0,0.0,0.0,0.0,0.0,0.0,36.0,5.0,3.0,2.0,47.0,207.68278898827032,990.0,964.7267311559532,25.273268844046925,0.1088291557084552,0.006368278898827,989.8848025653928,0.1895704146730217,0.0,0.0,0.0,24.968500994766664,25.158071409439685,25.158071409439685,25.158071409439685,,0.9227572931143256,0.0,0.0,0.0,36.98466353749433,0.0,0.0,0.0,0.7532518032076237,0.0,0.0,0.0,0.97,0.96,0.96,0.96,35.8751236313695,0.0,0.0,0.0,35.8751236313695,861.002967152868,0.1397644297569514,6.088185680010001e-05,0.865
1973-11-12,1973-11-23,271.7487,0.9523418217225876,258.7976520087449,0.862,1973,11,12,1973.11,1973,2,43,7,0.0223601171335555,2.1148630204745587,0.0081718787016008,0.44,3,Normal,36,5,3,2,47,93.0,0.3593541103566793,165.79765200874488,165.79765200874488,,1,165.79765200874488,0.0,0.0,0.0,0.0,0.0,0.0,0.0,0.0,0.0,36.0,5.0,3.0,2.0,47.0,209.79765200874488,990.0,964.735190608035,25.264809391964945,0.109575580462664,0.0065797652008744,989.8838446543364,0.1944984117808127,0.0,0.0,0.0,24.954155634520617,25.14865404630143,25.14865404630143,25.14865404630143,,0.9235675264773962,0.0,0.0,0.0,37.473875451748256,0.0,0.0,0.0,0.7632153859826528,0.0,0.0,0.0,0.97,0.96,0.96,0.96,36.34965918819581,0.0,0.0,0.0,36.34965918819581,872.3918205166995,0.1404559079499204,6.0900304859227126e-05,0.86
1973-11-13,1973-11-24,278.9403,0.9468161724841248,264.1051871975735,0.852,1973,11,13,1973.11,1973,2,44,7,0.0228186881738703,5.307535188828638,0.0200962928640176,0.44,3,Normal,36,5,3,2,47,93.0,0.352132424913063,171.1051871975735,171.1051871975735,,1,171.1051871975735,0.0,0.0,0.0,0.0,0.0,0.0,0.0,0.0,0.0,36.0,5.0,3.0,2.0,47.0,215.1051871975735,990.0,964.7564207487904,25.243579251209667,0.1114488344797902,0.0071105187197573,989.8814406468005,0.2071966567620793,0.0,0.0,0.0,24.917823241248044,25.125019898010123,25.125019898010123,25.125019898010123,,0.9255117697752429,0.0,0.0,0.0,38.69848133114507,0.0,0.0,0.0,0.7881564425895126,0.0,0.0,0.0,0.97,0.96,0.96,0.96,37.53752689121072,0.0,0.0,0.0,37.53752689121072,900.9006453890572,0.142130971714423,6.093965340205627e-05,0.85
1973-11-14,1973-11-25,282.5805,0.9441063439037743,266.78604271350054,0.847,1973,11,14,1973.11,1973,2,45,7,0.0230503140904464,2.6808555159270213,0.0100487097775424,0.44,3,Normal,36,5,3,2,47,93.0,0.3485939483718493,173.78604271350054,173.78604271350054,,1,173.78604271350054,0.0,0.0,0.0,0.0,0.0,0.0,0.0,0.0,0.0,36.0,5.0,3.0,2.0,47.0,217.7860427135005,990.0,964.767144170854,25.232855829145933,0.1123950219634107,0.00737860427135,989.8802263737653,0.2137379442209413,0.0,0.0,0.0,24.899344258690245,25.113082202911187,25.113082202911187,25.113082202911187,,0.926491635339558,0.0,0.0,0.0,39.31723841413353,0.0,0.0,0.0,0.8007584198397867,0.0,0.0,0.0,0.9700758419839788,0.96,0.96,0.96,38.14070315907541,0.0,0.0,0.0,38.14070315907541,915.37687581781,0.142963637719363,6.09636976651566e-05,0.845
1973-11-15,1973-11-26,289.9506,0.935581823043148,271.2725109404546,0.835,1973,11,15,1973.11,1973,2,46,7,0.0234379449452552,4.4864682269540594,0.0165386024975411,0.44,3,Normal,36,5,3,2,47,93.0,0.3428286916266789,178.2725109404546,178.2725109404546,,1,178.2725109404546,0.0,0.0,0.0,0.0,0.0,0.0,0.0,0.0,0.0,36.0,5.0,3.0,2.0,47.0,222.2725109404546,990.0,964.7850900437618,25.214909956238216,0.1139784866659228,0.0078272510940454,989.87819426224,0.2248812773511364,0.0,0.0,0.0,24.86822294112715,25.093104218478288,25.093104218478288,25.093104218478288,,0.9281281506206622,0.0,0.0,0.0,40.3529954423963,0.0,0.0,0.0,0.8218532676659124,0.0,0.0,0.0,0.9721853267665912,0.96,0.96,0.96,39.23059006017681,0.0,0.0,0.0,39.23059006017681,941.5341614442434,0.1446169017427205,6.112768631764414e-05,0.835
1973-11-16,1973-11-27,278.9403,0.9468161724841248,264.1051871975735,0.852,1973,11,16,1973.11,1973,2,47,7,0.0228186881738703,7.167323742881081,0.0271381407496525,0.44,3,Normal,36,5,3,2,47,93.0,0.352132424913063,171.1051871975735,171.1051871975735,,1,171.1051871975735,0.0,0.0,0.0,0.0,0.0,0.0,0.0,0.0,0.0,36.0,5.0,3.0,2.0,47.0,215.1051871975735,990.0,964.7564207487904,25.243579251209667,0.1114488344797902,0.0071105187197573,989.8814406468005,0.2071966567620793,0.0,0.0,0.0,24.917823241248044,25.125019898010123,25.125019898010123,25.125019898010123,,0.9255117697752429,0.0,0.0,0.0,38.69848133114507,0.0,0.0,0.0,0.7881564425895126,0.0,0.0,0.0,0.97,0.96,0.96,0.96,37.53752689121072,0.0,0.0,0.0,37.53752689121072,900.9006453890572,0.142130971714423,6.093965340205627e-05,0.85
1973-11-17,1973-11-28,289.9506,0.935581823043148,271.2725109404546,0.835,1973,11,17,1973.11,1973,2,48,7,0.0234379449452552,7.167323742881081,0.0264211206584597,0.44,3,Normal,36,5,3,2,47,93.0,0.3428286916266789,178.2725109404546,178.2725109404546,,1,178.2725109404546,0.0,0.0,0.0,0.0,0.0,0.0,0.0,0.0,0.0,36.0,5.0,3.0,2.0,47.0,222.2725109404546,990.0,964.7850900437618,25.214909956238216,0.1139784866659228,0.0078272510940454,989.87819426224,0.2248812773511364,0.0,0.0,0.0,24.86822294112715,25.093104218478288,25.093104218478288,25.093104218478288,,0.9281281506206622,0.0,0.0,0.0,40.3529954423963,0.0,0.0,0.0,0.8218532676659124,0.0,0.0,0.0,0.9721853267665912,0.96,0.96,0.96,39.23059006017681,0.0,0.0,0.0,39.23059006017681,941.5341614442434,0.1446169017427205,6.112768631764414e-05,0.835
1973-11-18,1973-11-29,316.6956,0.9306200236043244,294.72326674738565,0.794,1973,11,18,1973.11,1973,2,49,7,0.0254640902469741,23.450755806931056,0.0795687292209313,0.44,3,Normal,36,5,3,2,47,93.0,0.3155502482934695,201.72326674738565,201.72326674738565,,1,201.72326674738565,0.0,0.0,0.0,0.0,0.0,0.0,0.0,0.0,0.0,36.0,5.0,3.0,2.0,47.0,245.72326674738565,990.0,964.8788930669896,25.121106933010424,0.1222551276802623,0.0103446533494771,989.8674002189704,0.2879285428975229,0.0,0.0,0.0,24.700578609083163,24.988507151980684,24.988507151980684,24.988507151980684,,0.9353412470142274,0.0,0.0,0.0,45.70586212512234,0.0,0.0,0.0,0.9308729557051392,0.0,0.0,0.0,0.98,0.96,0.96,0.96,44.79174488261989,0.0,0.0,0.0,44.79174488261989,1075.0018771828773,0.1519789916043919,6.16793072851848e-05,0.795
1973-11-19,1973-11-30,312.7836,0.9288272938647332,290.5219447532691,0.797,1973,11,19,1973.11,1973,2,50,8,0.0251010960266824,4.20132199411654,0.014461289654675,0.44,3,Normal,36,5,3,2,47,93.0,0.320113511834646,197.5219447532691,197.5219447532691,,1,197.5219447532691,0.0,0.0,0.0,0.0,0.0,0.0,0.0,0.0,0.0,36.0,5.0,3.0,2.0,47.0,241.5219447532691,990.0,964.8620877790132,25.13791222098689,0.1207723507948489,0.0097521944753269,989.8694754547298,0.2760614453091535,0.0,0.0,0.0,24.731326230407547,25.0073876757167,25.0073876757167,25.0073876757167,,0.9341366884844736,0.0,0.0,0.0,44.75194219929878,0.0,0.0,0.0,0.9114448513095474,0.0,0.0,0.0,0.98,0.96,0.96,0.96,43.8569033553128,0.0,0.0,0.0,43.8569033553128,1052.5656805275073,0.1509590037770092,6.167655532893354e-05,0.795
1973-11-20,1973-12-01,320.6383,0.9330769620260724,299.18021087320443,0.7859999999999999,1973,11,20,1973.11,1973,2,51,8,0.0258491702194448,8.658266119935321,0.02893996930701,0.44,3,Normal,36,5,3,2,47,93.0,0.3108494366273922,206.18021087320443,206.18021087320443,,1,206.18021087320443,0.0,0.0,0.0,0.0,0.0,0.0,0.0,0.0,0.0,36.0,5.0,3.0,2.0,47.0,250.18021087320443,990.0,964.8967208434927,25.103279156507256,0.1238281215470971,0.0112360421746408,989.8649358362782,0.300769819967221,0.0,0.0,0.0,24.6674451728182,24.96821499278542,24.96821499278542,24.96821499278542,,0.9365752519294108,0.0,0.0,0.0,46.71458858185687,0.0,0.0,0.0,0.9514172827262092,0.0,0.0,0.0,0.98,0.96,0.96,0.96,45.78029681021973,0.0,0.0,0.0,45.78029681021973,1098.7271234452735,0.1530191341085118,6.167783542413e-05,0.785
1973-11-21,1973-12-02,324.6118,0.9312809696570542,302.30479186612183,0.7809999999999999,1973,11,21,1973.11,1973,2,52,8,0.0261191340172329,3.124580992917401,0.0103358632644538,0.35,2,Mod_Wet,40,6,4,3,53,106.0,0.3506394964686599,196.30479186612183,196.30479186612183,,1,196.30479186612183,0.0,0.0,0.0,0.0,0.0,0.0,0.0,0.0,0.0,40.0,6.0,4.0,3.0,53.0,246.30479186612183,990.0,964.9115239593306,25.088476040669438,0.1224603659375434,0.0096304791866121,989.867909154876,0.2726534172251411,0.0,0.0,0.0,24.683731778320155,24.95638519554529,24.95638519554529,24.95638519554529,,0.9337361384617672,0.0,0.0,0.0,44.37154865672385,0.0,0.0,0.0,0.9036975286501804,0.0,0.0,0.0,0.98,0.96,0.96,0.96,43.484117683589375,0.0,0.0,0.0,43.484117683589375,1043.618824406145,0.1438419729146955,6.153146575765987e-05,0.78
1973-11-22,1973-12-03,328.6161,0.9312389803097992,306.020121877383,0.775,1973,11,22,1973.11,1973,2,53,8,0.0264401385302058,3.7153300112611873,0.0121408029918694,0.35,2,Mod_Wet,40,6,4,3,53,106.0,0.3463824514208656,200.02012187738305,200.02012187738305,,1,200.02012187738305,0.0,0.0,0.0,0.0,0.0,0.0,0.0,0.0,0.0,40.0,6.0,4.0,3.0,53.0,250.02012187738305,990.0,964.9301006093868,25.06989939061316,0.1237716211734182,0.0100040243754766,989.8662243544512,0.2830575485693154,0.0,0.0,0.0,24.65306619649495,24.936123745064265,24.936123745064265,24.936123745064265,,0.9348009254319514,0.0,0.0,0.0,45.206664297677925,0.0,0.0,0.0,0.9207059938427276,0.0,0.0,0.0,0.98,0.96,0.96,0.96,44.30253101172437,0.0,0.0,0.0,44.30253101172437,1063.2607442813849,0.1447699933583963,6.152510306893975e-05,0.775
1973-11-23,1973-12-04,328.6161,0.9312389803097992,306.020121877383,0.775,1973,11,23,1973.11,1973,2,54,8,0.0264401385302058,0.0,0.0,0.35,2,Mod_Wet,40,6,4,3,53,106.0,0.3463824514208656,200.02012187738305,200.02012187738305,,1,200.02012187738305,0.0,0.0,0.0,0.0,0.0,0.0,0.0,0.0,0.0,40.0,6.0,4.0,3.0,53.0,250.02012187738305,990.0,964.9301006093868,25.06989939061316,0.1237716211734182,0.0100040243754766,989.8662243544512,0.2830575485693154,0.0,0.0,0.0,24.65306619649495,24.936123745064265,24.936123745064265,24.936123745064265,,0.9348009254319514,0.0,0.0,0.0,45.206664297677925,0.0,0.0,0.0,0.9207059938427276,0.0,0.0,0.0,0.98,0.96,0.96,0.96,44.30253101172437,0.0,0.0,0.0,44.30253101172437,1063.2607442813849,0.1447699933583963,6.152510306893975e-05,0.775
1973-11-24,1973-12-05,328.6161,0.9312389803097992,306.020121877383,0.775,1973,11,24,1973.11,1973,2,55,8,0.0264401385302058,0.0,0.0,0.35,2,Mod_Wet,40,6,4,3,53,106.0,0.3463824514208656,200.02012187738305,200.02012187738305,,1,200.02012187738305,0.0,0.0,0.0,0.0,0.0,0.0,0.0,0.0,0.0,40.0,6.0,4.0,3.0,53.0,250.02012187738305,990.0,964.9301006093868,25.06989939061316,0.1237716211734182,0.0100040243754766,989.8662243544512,0.2830575485693154,0.0,0.0,0.0,24.65306619649495,24.936123745064265,24.936123745064265,24.936123745064265,,0.9348009254319514,0.0,0.0,0.0,45.206664297677925,0.0,0.0,0.0,0.9207059938427276,0.0,0.0,0.0,0.98,0.96,0.96,0.96,44.30253101172437,0.0,0.0,0.0,44.30253101172437,1063.2607442813849,0.1447699933583963,6.152510306893975e-05,0.775
1973-11-25,1973-12-06,332.6514,0.9289857410847936,309.0284073518941,0.77,1973,11,25,1973.11,1973,2,56,8,0.0267000543952036,3.008285474511069,0.0097346567595175,0.35,2,Mod_Wet,40,6,4,3,53,106.0,0.3430105371487632,203.0284073518941,203.0284073518941,,1,203.0284073518941,0.0,0.0,0.0,0.0,0.0,0.0,0.0,0.0,0.0,40.0,6.0,4.0,3.0,53.0,253.0284073518941,990.0,964.9451420367594,25.05485796324058,0.1248333384549254,0.0106056814703788,989.8645609800748,0.2916612450264171,0.0,0.0,0.0,24.62775769828893,24.91941894331535,24.91941894331535,24.91941894331535,,0.9356659517157544,0.0,0.0,0.0,45.8818800820447,0.0,0.0,0.0,0.934457842811501,0.0,0.0,0.0,0.98,0.96,0.96,0.96,44.96424248040381,0.0,0.0,0.0,44.96424248040381,1079.1418195296912,0.1455019713744391,6.151881659604221e-05,0.77
1973-11-26,1973-12-07,336.7179,0.9260439379072553,311.8155700798613,0.7659999999999999,1973,11,26,1973.11,1973,2,57,9,0.0269408652549,2.7871627279672,0.0089384976101525,0.35,2,Mod_Wet,40,6,4,3,53,106.0,0.3399445382822018,205.8155700798613,205.8155700798613,,1,205.8155700798613,0.0,0.0,0.0,0.0,0.0,0.0,0.0,0.0,0.0,40.0,6.0,4.0,3.0,53.0,255.8155700798613,990.0,964.9590778503992,25.04092214960076,0.1258170146584402,0.0111631140159722,989.8630198713256,0.2996977760347922,0.0,0.0,0.0,24.60424424489157,24.903942020926365,24.903942020926365,24.903942020926365,,0.9364356916248072,0.0,0.0,0.0,46.505563775562486,0.0,0.0,0.0,0.9471601583617614,0.0,0.0,0.0,0.98,0.96,0.96,0.96,45.575452500051234,0.0,0.0,0.0,45.575452500051234,1093.8108600012297,0.1461615675201164,6.151064232783059e-05,0.765
1973-11-27,1973-12-08,340.8154,0.928721014594374,316.52242407738737,0.763,1973,11,27,1973.11,1973,2,58,9,0.0273475374402862,4.706853997526082,0.0148705230324385,0.35,2,Mod_Wet,40,6,4,3,53,106.0,0.3348893851959246,210.52242407738737,210.52242407738737,,1,210.52242407738737,0.0,0.0,0.0,0.0,0.0,0.0,0.0,0.0,0.0,40.0,6.0,4.0,3.0,53.0,260.52242407738737,990.0,964.9826121203868,25.017387879613125,0.1274782094729107,0.0121044848154774,989.8604173057116,0.3135672722321621,0.0,0.0,0.0,24.564237913092583,24.877805185324743,24.877805185324743,24.877805185324743,,0.9375991722711476,0.0,0.0,0.0,47.55077196190747,0.0,0.0,0.0,0.9684474941325352,0.0,0.0,0.0,0.98,0.96,0.96,0.96,46.59975652266933,0.0,0.0,0.0,46.59975652266933,1118.3941565440637,0.1472241869071369,6.148692648102074e-05,0.765
1973-11-28,1973-12-09,344.9443,0.9283094176295976,320.2150422476492,0.757,1973,11,28,1973.11,1973,2,59,9,0.0276665796501968,3.692618170261824,0.0115316824104909,0.35,2,Mod_Wet,40,6,4,3,53,106.0,0.3310275471632007,214.2150422476492,214.2150422476492,,1,214.2150422476492,0.0,0.0,0.0,0.0,0.0,0.0,0.0,0.0,0.0,40.0,6.0,4.0,3.0,53.0,264.2150422476492,990.0,965.0010752112382,24.99892478876177,0.1287814489954205,0.0128430084495298,989.8583755425552,0.3246451267429476,0.0,0.0,0.0,24.53265520457393,24.85730033131688,24.85730033131688,24.85730033131688,,0.9385145827964984,0.0,0.0,0.0,48.369794642898505,0.0,0.0,0.0,0.9851282004663646,0.0,0.0,0.0,0.98,0.96,0.96,0.96,47.40239875004053,0.0,0.0,0.0,47.40239875004053,1137.6575700009728,0.1480330168667725,6.146782619915138e-05,0.755
1973-11-29,1973-12-10,344.9443,0.9283094176295976,320.2150422476492,0.757,1973,11,29,1973.11,1973,2,60,9,0.0276665796501968,0.0,0.0,0.35,2,Mod_Wet,40,6,4,3,53,106.0,0.3310275471632007,214.2150422476492,214.2150422476492,,1,214.2150422476492,0.0,0.0,0.0,0.0,0.0,0.0,0.0,0.0,0.0,40.0,6.0,4.0,3.0,53.0,264.2150422476492,990.0,965.0010752112382,24.99892478876177,0.1287814489954205,0.0128430084495298,989.8583755425552,0.3246451267429476,0.0,0.0,0.0,24.53265520457393,24.85730033131688,24.85730033131688,24.85730033131688,,0.9385145827964984,0.0,0.0,0.0,48.369794642898505,0.0,0.0,0.0,0.9851282004663646,0.0,0.0,0.0,0.98,0.96,0.96,0.96,47.40239875004053,0.0,0.0,0.0,47.40239875004053,1137.6575700009728,0.1480330168667725,6.146782619915138e-05,0.755
1973-11-30,1973-12-11,344.9443,0.9283094176295976,320.2150422476492,0.757,1973,11,30,1973.11,1973,2,61,9,0.0276665796501968,0.0,0.0,0.35,2,Mod_Wet,40,6,4,3,53,106.0,0.3310275471632007,214.2150422476492,214.2150422476492,,1,214.2150422476492,0.0,0.0,0.0,0.0,0.0,0.0,0.0,0.0,0.0,40.0,6.0,4.0,3.0,53.0,264.2150422476492,990.0,965.0010752112382,24.99892478876177,0.1287814489954205,0.0128430084495298,989.8583755425552,0.3246451267429476,0.0,0.0,0.0,24.53265520457393,24.85730033131688,24.85730033131688,24.85730033131688,,0.9385145827964984,0.0,0.0,0.0,48.369794642898505,0.0,0.0,0.0,0.9851282004663646,0.0,0.0,0.0,0.98,0.96,0.96,0.96,47.40239875004053,0.0,0.0,0.0,47.40239875004053,1137.6575700009728,0.1480330168667725,6.146782619915138e-05,0.755
1973-12-01,1973-12-12,361.7746,0.9166247913690906,331.6115672476363,0.736,1973,12,1,1973.12,1973,3,62,9,0.0286512394101957,11.396524999987092,0.0343670912766337,0.42,3,Normal,38,5,4,3,54,104.0,0.3136199405322201,227.6115672476363,227.6115672476363,,2,113.80578362381814,113.80578362381814,0.0,0.0,0.0,0.0,0.0,0.0,0.0,0.0,38.0,5.0,4.0,3.0,54.0,274.6115672476363,990.0,965.0580578362382,24.94194216376184,0.1324507052390961,0.0155223134495272,989.8520269813114,0.091689253798109,0.091689253798109,0.0,0.0,24.70227989127511,24.70227989127511,24.79396914507322,24.79396914507322,,0.8963361651546871,0.8963361651546871,0.0,0.0,24.712176140188863,24.712176140188863,0.0,0.0,0.503302976378592,0.503302976378592,0.0,0.0,0.97,0.97,0.96,0.96,23.9708108559832,23.9708108559832,0.0,0.0,47.9416217119664,1150.5989210871935,0.1445716206762028,5.8508085960869305e-05,0.735
1973-12-02,1973-12-13,357.5196,0.9208048873506705,329.2057950036568,0.742,1973,12,2,1973.12,1973,3,63,9,0.0284433806883159,2.40577224397947,0.0073078064860697,0.42,3,Normal,38,5,4,3,54,104.0,0.3159118143678022,225.2057950036568,225.2057950036568,,2,112.6028975018284,112.6028975018284,0.0,0.0,0.0,0.0,0.0,0.0,0.0,0.0,38.0,5.0,4.0,3.0,54.0,272.2057950036568,990.0,965.0460289750184,24.953971024981684,0.1316016335707171,0.0150411590007313,989.8533572074284,0.0897646360029254,0.0897646360029254,0.0,0.0,24.717563596407288,24.717563596407288,24.80732823241021,24.80732823241021,,0.8953413420067136,0.8953413420067136,0.0,0.0,24.43895118898919,24.43895118898919,0.0,0.0,0.4977383134213684,0.4977383134213684,0.0,0.0,0.9697738313421368,0.9697738313421368,0.96,0.96,23.700255328529515,23.700255328529515,0.0,0.0,47.40051065705903,1137.6122557694166,0.1439844358041525,5.846567365478286e-05,0.74
1973-12-03,1973-12-14,392.4543,0.9019707790507928,353.9823107128336,0.7040000000000001,1973,12,3,1973.12,1973,3,64,10,0.0305840716455888,24.77651570917681,0.0699936549351377,0.42,3,Normal,38,5,4,3,54,104.0,0.293799991843009,249.9823107128336,249.9823107128336,,2,124.9911553564168,124.9911553564168,0.0,0.0,0.0,0.0,0.0,0.0,0.0,0.0,38.0,5.0,4.0,3.0,54.0,296.9823107128336,990.0,965.169911553564,24.830088446435862,0.1403460347011464,0.0199964621425667,989.8396575031564,0.1105846103201652,0.1105846103201652,0.0,0.0,24.559161339272038,24.559161339272038,24.6697459495922,24.6697459495922,,0.905515773194407,0.905515773194407,0.0,0.0,27.260105598626357,27.260105598626357,0.0,0.0,0.5551956333732455,0.5551956333732455,0.0,0.0,0.97,0.97,0.96,0.96,26.442302430667564,26.442302430667564,0.0,0.0,52.88460486133513,1269.230516672043,0.1493990045853943,5.876483009996983e-05,0.705
1973-12-04,1973-12-15,392.4543,0.9019707790507928,353.9823107128336,0.7040000000000001,1973,12,4,1973.12,1973,3,65,10,0.0305840716455888,0.0,0.0,0.42,3,Normal,38,5,4,3,54,104.0,0.293799991843009,249.9823107128336,249.9823107128336,,2,124.9911553564168,124.9911553564168,0.0,0.0,0.0,0.0,0.0,0.0,0.0,0.0,38.0,5.0,4.0,3.0,54.0,296.9823107128336,990.0,965.169911553564,24.830088446435862,0.1403460347011464,0.0199964621425667,989.8396575031564,0.1105846103201652,0.1105846103201652,0.0,0.0,24.559161339272038,24.559161339272038,24.6697459495922,24.6697459495922,,0.905515773194407,0.905515773194407,0.0,0.0,27.260105598626357,27.260105598626357,0.0,0.0,0.5551956333732455,0.5551956333732455,0.0,0.0,0.97,0.97,0.96,0.96,26.442302430667564,26.442302430667564,0.0,0.0,52.88460486133513,1269.230516672043,0.1493990045853943,5.876483009996983e-05,0.705
1973-12-05,1973-12-16,401.5105,0.9082764151386006,364.6825175805071,0.6940000000000001,1973,12,5,1973.12,1973,3,66,10,0.0315085695189558,10.7002068676735,0.0293411566275899,0.42,3,Normal,38,5,4,3,54,104.0,0.2851795602651586,260.6825175805071,260.6825175805071,,2,130.34125879025356,130.34125879025356,0.0,0.0,0.0,0.0,0.0,0.0,0.0,0.0,38.0,5.0,4.0,3.0,54.0,307.6825175805071,990.0,965.2234125879024,24.776587412097456,0.1441224696982133,0.0221365035161014,989.8337410267856,0.1202415665256766,0.1202415665256766,0.0,0.0,24.49008687235745,24.49008687235745,24.61032843888313,24.61032843888313,,0.9079250828922174,0.9079250828922174,0.0,0.0,28.422413304948492,28.422413304948492,0.0,0.0,0.5788678880844907,0.5788678880844907,0.0,0.0,0.97,0.97,0.96,0.96,27.56974090580004,27.56974090580004,0.0,0.0,55.13948181160008,1323.3475634784018,0.1511985882334694,5.875546571976861e-05,0.695
1973-12-06,1973-12-17,415.3399,0.9079714249478594,377.11676084070143,0.68,1973,12,6,1973.12,1973,3,67,10,0.0325828881366366,12.434243260194306,0.0329718658817359,0.42,3,Normal,38,5,4,3,54,104.0,0.2757766580518834,273.11676084070143,273.11676084070143,,2,136.55838042035072,136.55838042035072,0.0,0.0,0.0,0.0,0.0,0.0,0.0,0.0,38.0,5.0,4.0,3.0,54.0,320.11676084070143,990.0,965.2855838042036,24.714416195796503,0.1485108999398475,0.0246233521681402,989.826865747892,0.1320232580154804,0.1320232580154804,0.0,0.0,24.409258685672956,24.409258685672956,24.541281943688432,24.541281943688432,,0.910740335950255,0.910740335950255,0.0,0.0,29.771877163400376,29.771877163400376,0.0,0.0,0.6063518770549975,0.6063518770549975,0.0,0.0,0.97,0.97,0.96,0.96,28.878720848498364,28.878720848498364,0.0,0.0,57.75744169699673,1386.1786007279215,0.1531553293156178,5.874313152856632e-05,0.68
1973-12-07,1973-12-18,415.3399,0.9079714249478594,377.11676084070143,0.68,1973,12,7,1973.12,1973,3,68,10,0.0325828881366366,0.0,0.0,0.42,3,Normal,38,5,4,3,54,104.0,0.2757766580518834,273.11676084070143,273.11676084070143,,2,136.55838042035072,136.55838042035072,0.0,0.0,0.0,0.0,0.0,0.0,0.0,0.0,38.0,5.0,4.0,3.0,54.0,320.11676084070143,990.0,965.2855838042036,24.714416195796503,0.1485108999398475,0.0246233521681402,989.826865747892,0.1320232580154804,0.1320232580154804,0.0,0.0,24.409258685672956,24.409258685672956,24.541281943688432,24.541281943688432,,0.910740335950255,0.910740335950255,0.0,0.0,29.771877163400376,29.771877163400376,0.0,0.0,0.6063518770549975,0.6063518770549975,0.0,0.0,0.97,0.97,0.96,0.96,28.878720848498364,28.878720848498364,0.0,0.0,57.75744169699673,1386.1786007279215,0.1531553293156178,5.874313152856632e-05,0.68
1973-12-08,1973-12-19,443.8904,0.9076618404997884,402.90237744418727,0.648,1973,12,8,1973.12,1973,3,69,10,0.0348107654111777,25.78561660348584,0.0639996635588426,0.42,3,Normal,38,5,4,3,54,104.0,0.2581270447191808,298.90237744418727,298.90237744418727,,2,149.45118872209363,149.45118872209363,0.0,0.0,0.0,0.0,0.0,0.0,0.0,0.0,38.0,5.0,4.0,3.0,54.0,345.90237744418727,990.0,965.4130606984988,24.58693930150116,0.1576114440850772,0.0297804754888374,989.812608080426,0.1580584725419547,0.1580584725419547,0.0,0.0,24.24148890938532,24.24148890938532,24.39954738192728,24.39954738192728,,0.916341851571818,0.916341851571818,0.0,0.0,32.55778764185059,32.55778764185059,0.0,0.0,0.6630913980010303,0.6630913980010303,0.0,0.0,0.97,0.97,0.96,0.96,31.581054012595068,31.581054012595068,0.0,0.0,63.162108025190136,1515.8905926045632,0.156767771949769,5.869819489901303e-05,0.65
1973-12-09,1973-12-20,448.7655,0.9091709283658698,408.00454625357366,0.643,1973,12,9,1973.12,1973,3,70,10,0.0352515927963087,5.102168809386399,0.0125051763668716,0.42,3,Normal,38,5,4,3,54,104.0,0.2548991204999081,304.00454625357366,304.00454625357366,,2,152.00227312678683,152.00227312678683,0.0,0.0,0.0,0.0,0.0,0.0,0.0,0.0,38.0,5.0,4.0,3.0,54.0,351.00454625357366,990.0,965.436020458141,24.563979541859,0.1594121577620175,0.0308009092507147,989.8097869329872,0.1635249099538595,0.1635249099538595,0.0,0.0,24.210241564892343,24.210241564892343,24.373766474846207,24.373766474846207,,0.917345797890345,0.917345797890345,0.0,0.0,33.10708782106774,33.10708782106774,0.0,0.0,0.6742787743598319,0.6742787743598319,0.0,0.0,0.97,0.97,0.96,0.96,32.11387518643571,32.11387518643571,0.0,0.0,64.22775037287143,1541.4660089489144,0.157419202708967,5.868675975444343e-05,0.645
1973-12-10,1973-12-21,448.7655,0.9091709283658698,408.00454625357366,0.643,1973,12,10,1973.12,1973,3,71,11,0.0352515927963087,0.0,0.0,0.42,3,Normal,38,5,4,3,54,104.0,0.2548991204999081,304.00454625357366,304.00454625357366,,2,152.00227312678683,152.00227312678683,0.0,0.0,0.0,0.0,0.0,0.0,0.0,0.0,38.0,5.0,4.0,3.0,54.0,351.00454625357366,990.0,965.436020458141,24.563979541859,0.1594121577620175,0.0308009092507147,989.8097869329872,0.1635249099538595,0.1635249099538595,0.0,0.0,24.210241564892343,24.210241564892343,24.373766474846207,24.373766474846207,,0.917345797890345,0.917345797890345,0.0,0.0,33.10708782106774,33.10708782106774,0.0,0.0,0.6742787743598319,0.6742787743598319,0.0,0.0,0.97,0.97,0.96,0.96,32.11387518643571,32.11387518643571,0.0,0.0,64.22775037287143,1541.4660089489144,0.157419202708967,5.868675975444343e-05,0.645
1973-12-11,1973-12-22,448.7655,0.9091709283658698,408.00454625357366,0.643,1973,12,11,1973.12,1973,3,72,11,0.0352515927963087,0.0,0.0,0.34,2,Mod_Wet,42,7,5,3,61,118.0,0.2892124636441265,290.00454625357366,290.00454625357366,,2,145.00227312678683,145.00227312678683,0.0,0.0,0.0,0.0,0.0,0.0,0.0,0.0,42.0,7.0,5.0,3.0,61.0,344.00454625357366,990.0,965.436020458141,24.563979541859,0.1569416405742301,0.0280009092507147,989.815057450175,0.1488047281037166,0.1488047281037166,0.0,0.0,24.230232263930287,24.230232263930287,24.379036992034003,24.379036992034003,,0.9145249686636974,0.9145249686636974,0.0,0.0,31.5113242351425,31.5113242351425,0.0,0.0,0.6417784976607434,0.6417784976607434,0.0,0.0,0.97,0.97,0.96,0.96,30.565984508088224,30.565984508088224,0.0,0.0,61.13196901617645,1467.1672563882348,0.1498315878524135,5.8554607932406525e-05,0.645
1973-12-12,1973-12-23,473.647,0.9007401735700734,426.6328809909446,0.62,1973,12,12,1973.12,1973,3,73,11,0.0368610809176176,18.62833473737095,0.0436636170519785,0.34,2,Mod_Wet,42,7,5,3,61,118.0,0.2765844013849101,308.6328809909446,308.6328809909446,,2,154.3164404954723,154.3164404954723,0.0,0.0,0.0,0.0,0.0,0.0,0.0,0.0,42.0,7.0,5.0,3.0,61.0,362.6328809909446,990.0,965.5198479644592,24.480152035540755,0.1635161578811632,0.0317265761981889,989.8047572659208,0.1685235114702201,0.1685235114702201,0.0,0.0,24.11638578999121,24.11638578999121,24.284909301461425,24.284909301461425,,0.9181941757973172,0.9181941757973172,0.0,0.0,33.51179209371814,33.51179209371814,0.0,0.0,0.6825212239046464,0.6825212239046464,0.0,0.0,0.97,0.97,0.96,0.96,32.5064383309066,32.5064383309066,0.0,0.0,65.0128766618132,1560.3090398835166,0.1523859963882931,5.85133131248873e-05,0.62
1973-12-13,1973-12-24,499.3804,0.8921883077628417,445.541354005931,0.598,1973,12,13,1973.12,1973,3,74,11,0.0384947729861124,18.908473014986388,0.0424393220628733,0.34,2,Mod_Wet,42,7,5,3,61,118.0,0.2648463468969688,327.541354005931,327.541354005931,,2,163.7706770029655,163.7706770029655,0.0,0.0,0.0,0.0,0.0,0.0,0.0,0.0,42.0,7.0,5.0,3.0,61.0,381.541354005931,990.0,965.6049360930268,24.39506390697329,0.1701895446780687,0.0355082708011862,989.7943021845208,0.1897725571068206,0.1897725571068206,0.0,0.0,23.99959353438716,23.99959353438716,24.18936609149398,24.18936609149398,,0.9219380664007382,0.9219380664007382,0.0,0.0,35.53697668861483,35.53697668861483,0.0,0.0,0.723767346000302,0.723767346000302,0.0,0.0,0.97,0.97,0.96,0.96,34.47086738795638,34.47086738795638,0.0,0.0,68.94173477591276,1654.6016346219062,0.1547370051198323,5.846737106011725e-05,0.6
1973-12-14,1973-12-25,499.3804,0.8921883077628417,445.541354005931,0.598,1973,12,14,1973.12,1973,3,75,11,0.0384947729861124,0.0,0.0,0.34,2,Mod_Wet,42,7,5,3,61,118.0,0.2648463468969688,327.541354005931,327.541354005931,,2,163.7706770029655,163.7706770029655,0.0,0.0,0.0,0.0,0.0,0.0,0.0,0.0,42.0,7.0,5.0,3.0,61.0,381.541354005931,990.0,965.6049360930268,24.39506390697329,0.1701895446780687,0.0355082708011862,989.7943021845208,0.1897725571068206,0.1897725571068206,0.0,0.0,23.99959353438716,23.99959353438716,24.18936609149398,24.18936609149398,,0.9219380664007382,0.9219380664007382,0.0,0.0,35.53697668861483,35.53697668861483,0.0,0.0,0.723767346000302,0.723767346000302,0.0,0.0,0.97,0.97,0.96,0.96,34.47086738795638,34.47086738795638,0.0,0.0,68.94173477591276,1654.6016346219062,0.1547370051198323,5.846737106011725e-05,0.6
1973-12-15,1973-12-26,499.3804,0.8921883077628417,445.541354005931,0.598,1973,12,15,1973.12,1973,3,76,11,0.0384947729861124,0.0,0.0,0.34,2,Mod_Wet,42,7,5,3,61,118.0,0.2648463468969688,327.541354005931,327.541354005931,,2,163.7706770029655,163.7706770029655,0.0,0.0,0.0,0.0,0.0,0.0,0.0,0.0,42.0,7.0,5.0,3.0,61.0,381.541354005931,990.0,965.6049360930268,24.39506390697329,0.1701895446780687,0.0355082708011862,989.7943021845208,0.1897725571068206,0.1897725571068206,0.0,0.0,23.99959353438716,23.99959353438716,24.18936609149398,24.18936609149398,,0.9219380664007382,0.9219380664007382,0.0,0.0,35.53697668861483,35.53697668861483,0.0,0.0,0.723767346000302,0.723767346000302,0.0,0.0,0.97,0.97,0.96,0.96,34.47086738795638,34.47086738795638,0.0,0.0,68.94173477591276,1654.6016346219062,0.1547370051198323,5.846737106011725e-05,0.6
1973-12-16,1973-12-27,494.165,0.8960553284209241,442.799181369126,0.602,1973,12,16,1973.12,1973,3,77,11,0.0382578492702924,2.742172636805037,0.006192813248494,0.34,2,Mod_Wet,42,7,5,3,61,118.0,0.2664864908628476,324.799181369126,324.799181369126,,2,162.399590684563,162.399590684563,0.0,0.0,0.0,0.0,0.0,0.0,0.0,0.0,42.0,7.0,5.0,3.0,61.0,378.799181369126,990.0,965.592596316161,24.407403683838996,0.1692217468736248,0.0349598362738252,989.7958184168524,0.1866190585744949,0.1866190585744949,0.0,0.0,24.01660304211701,24.01660304211701,24.203222100691505,24.203222100691505,,0.9213938878056446,0.9213938878056446,0.0,0.0,35.24362216464489,35.24362216464489,0.0,0.0,0.7177927121108939,0.7177927121108939,0.0,0.0,0.97,0.97,0.96,0.96,34.18631349970554,34.18631349970554,0.0,0.0,68.37262699941108,1640.943047985866,0.1544100122046394,5.847427419203044e-05,0.6
1973-12-17,1973-12-28,587.589,0.8901106602929673,523.0192327708844,0.536,1973,12,17,1973.12,1973,3,78,12,0.0451888617114044,80.22005140175844,0.1533787791641304,0.34,2,Mod_Wet,42,7,5,3,61,118.0,0.2256131182305708,405.0192327708844,405.0192327708844,,2,202.5096163854422,202.5096163854422,0.0,0.0,0.0,0.0,0.0,0.0,0.0,0.0,42.0,7.0,5.0,3.0,61.0,459.0192327708844,990.0,965.953586547469,24.046413452531056,0.1975338919869437,0.0510038465541768,989.7514622614588,0.2901775028623647,0.2901775028623647,0.0,0.0,23.50769821112756,23.50769821112756,23.797875713989924,23.797875713989924,,0.9345882217300976,0.9345882217300976,0.0,0.0,43.63296850663021,43.63296850663021,0.0,0.0,0.8886551630678251,0.8886551630678251,0.0,0.0,0.9788655163067824,0.9788655163067824,0.96,0.96,42.710808245240166,42.710808245240166,0.0,0.0,85.42161649048033,2050.118795771528,0.1633240445823154,5.858543220423816e-05,0.535
1973-12-18,1973-12-29,605.1438,0.8886028945088347,537.7325322740754,0.526,1973,12,18,1973.12,1973,3,79,12,0.0464600907884801,14.713299503191026,0.0273617432833538,0.34,2,Mod_Wet,42,7,5,3,61,118.0,0.219439950008189,419.7325322740754,419.7325322740754,,2,209.8662661370377,209.8662661370377,0.0,0.0,0.0,0.0,0.0,0.0,0.0,0.0,42.0,7.0,5.0,3.0,61.0,473.7325322740754,990.0,966.0197963952334,23.980203604766643,0.2027266718886148,0.053946506454815,989.7433268216564,0.3116068224428909,0.3116068224428909,0.0,0.0,23.41192360398028,23.41192360398028,23.723530426423167,23.723530426423167,,0.936455664247142,0.936455664247142,0.0,0.0,45.12379883334396,45.12379883334396,0.0,0.0,0.9190183061780846,0.9190183061780846,0.0,0.0,0.98,0.98,0.96,0.96,44.22132285667708,44.22132285667708,0.0,0.0,88.44264571335415,2122.6234971204995,0.1644733029994102,5.853108753314572e-05,0.525
1973-12-19,1973-12-30,641.2365,0.8794376863729334,563.9275439778775,0.503,1973,12,19,1973.12,1973,3,80,12,0.0487233397996886,26.19501170380204,0.0464510236883014,0.34,2,Mod_Wet,42,7,5,3,61,118.0,0.2092467396921989,445.9275439778775,445.9275439778775,,3,148.6425146592925,148.6425146592925,148.6425146592925,0.0,0.0,0.0,0.0,0.0,0.0,0.0,42.0,7.0,5.0,3.0,61.0,499.9275439778775,990.0,966.1376739479005,23.862326052099547,0.2119717042669769,0.0591855087955755,989.7288427869374,0.1563764304913283,0.1563764304913283,0.1563764304913283,0.0,23.43479240854565,23.43479240854565,23.43479240854565,23.591168839036985,,0.9151834961495492,0.9151834961495492,0.9151834961495492,0.0,31.26446733820158,31.26446733820158,31.26446733820158,0.0,0.6367508622851645,0.6367508622851645,0.6367508622851645,0.0,0.97,0.97,0.97,0.96,30.32653331805553,30.32653331805553,30.32653331805553,0.0,90.9795999541666,2183.510398899998,0.161332073465338,5.667313320218085e-05,0.505
1973-12-20,1973-12-31,672.3268,0.8764068829576366,589.2318351168824,0.488,1973,12,20,1973.12,1973,3,81,12,0.0509096305540986,25.30429113900493,0.0429445417421912,0.34,2,Mod_Wet,42,7,5,3,61,118.0,0.2002607343450698,471.2318351168824,471.2318351168824,,3,157.07727837229413,157.07727837229413,157.07727837229413,0.0,0.0,0.0,0.0,0.0,0.0,0.0,42.0,7.0,5.0,3.0,61.0,525.2318351168824,990.0,966.251543258026,23.74845674197411,0.2250053004666052,0.0642463670233764,989.71074833251,0.1746115579864929,0.1746115579864929,0.1746115579864929,0.0,23.2845935164976,23.2845935164976,23.2845935164976,23.45920507448409,,0.9185183200093884,0.9185183200093884,0.9185183200093884,0.0,32.94644430250508,32.94644430250508,32.94644430250508,0.0,0.6710070122709791,0.6710070122709791,0.6710070122709791,0.0,0.97,0.97,0.97,0.96,31.958050973429923,31.958050973429923,31.958050973429923,0.0,95.87415292028976,2300.9796700869547,0.1627104090553284,5.651508909180408e-05,0.49
1973-12-21,1974-01-01,672.3268,0.8764068829576366,589.2318351168824,0.488,1973,12,21,1973.12,1973,3,82,12,0.0509096305540986,0.0,0.0,0.18,2,Mod_Wet,42,7,5,3,61,118.0,0.2002607343450698,471.2318351168824,471.2318351168824,,3,157.07727837229413,157.07727837229413,157.07727837229413,0.0,0.0,0.0,0.0,0.0,0.0,0.0,42.0,7.0,5.0,3.0,61.0,525.2318351168824,990.0,966.251543258026,23.74845674197411,0.2250053004666052,0.0642463670233764,989.71074833251,0.1746115579864929,0.1746115579864929,0.1746115579864929,0.0,23.2845935164976,23.2845935164976,23.2845935164976,23.45920507448409,,0.9185183200093884,0.9185183200093884,0.9185183200093884,0.0,32.94644430250508,32.94644430250508,32.94644430250508,0.0,0.6710070122709791,0.6710070122709791,0.6710070122709791,0.0,0.97,0.97,0.97,0.96,31.958050973429923,31.958050973429923,31.958050973429923,0.0,95.87415292028976,2300.9796700869547,0.1627104090553284,5.651508909180408e-05,0.49
1973-12-22,1974-01-02,672.3268,0.8764068829576366,589.2318351168824,0.488,1973,12,22,1973.12,1973,3,83,12,0.0509096305540986,0.0,0.0,0.18,2,Mod_Wet,42,7,5,3,61,118.0,0.2002607343450698,471.2318351168824,471.2318351168824,,3,157.07727837229413,157.07727837229413,157.07727837229413,0.0,0.0,0.0,0.0,0.0,0.0,0.0,42.0,7.0,5.0,3.0,61.0,525.2318351168824,990.0,966.251543258026,23.74845674197411,0.2250053004666052,0.0642463670233764,989.71074833251,0.1746115579864929,0.1746115579864929,0.1746115579864929,0.0,23.2845935164976,23.2845935164976,23.2845935164976,23.45920507448409,,0.9185183200093884,0.9185183200093884,0.9185183200093884,0.0,32.94644430250508,32.94644430250508,32.94644430250508,0.0,0.6710070122709791,0.6710070122709791,0.6710070122709791,0.0,0.97,0.97,0.97,0.96,31.958050973429923,31.958050973429923,31.958050973429923,0.0,95.87415292028976,2300.9796700869547,0.1627104090553284,5.651508909180408e-05,0.49
1973-12-23,1974-01-03,685.0236,0.878477532975807,601.777842158206,0.482,1973,12,23,1973.12,1973,3,84,12,0.051993605562469,12.546007041323604,0.0208482369445987,0.18,2,Mod_Wet,42,7,5,3,61,118.0,0.1960856511047445,483.777842158206,483.777842158206,,3,161.259280719402,161.259280719402,161.259280719402,0.0,0.0,0.0,0.0,0.0,0.0,0.0,42.0,7.0,5.0,3.0,61.0,537.777842158206,990.0,966.3071113686328,23.69288863136717,0.2321350727192796,0.0667555684316412,989.7011093588492,0.1839963456546246,0.1839963456546246,0.1839963456546246,0.0,23.21000164456161,23.21000164456161,23.21000164456161,23.393997990216235,,0.9201791467169828,0.9201791467169828,0.9201791467169828,0.0,33.77621465688437,33.77621465688437,33.77621465688437,0.0,0.6879066121565045,0.6879066121565045,0.6879066121565045,0.0,0.97,0.97,0.97,0.96,32.76292821717784,32.76292821717784,32.76292821717784,0.0,98.28878465153352,2358.930831636804,0.1633306808024573,5.643590466893073e-05,0.48
1973-12-24,1974-01-04,691.4282,0.8804892019345739,608.7950640130589,0.48,1973,12,24,1973.12,1973,3,85,13,0.0525998935307282,7.017221854852892,0.0115264105602248,0.18,2,Mod_Wet,42,7,5,3,61,118.0,0.1938254873851422,490.7950640130589,490.7950640130589,,3,163.59835467101962,163.59835467101962,163.59835467101962,0.0,0.0,0.0,0.0,0.0,0.0,0.0,42.0,7.0,5.0,3.0,61.0,544.7950640130589,990.0,966.3351802560522,23.66481974394776,0.2361228907961226,0.0681590128026117,989.6957180964012,0.1893762157433451,0.1893762157433451,0.1893762157433451,0.0,23.17116162460568,23.17116162460568,23.17116162460568,23.360537840349025,,0.9211128802684224,0.9211128802684224,0.9211128802684224,0.0,34.24351148990344,34.24351148990344,34.24351148990344,0.0,0.6974238592648359,0.6974238592648359,0.6974238592648359,0.0,0.97,0.97,0.97,0.96,33.216206145206336,33.216206145206336,33.216206145206336,0.0,99.648618435619,2391.566842454856,0.1636817121655925,5.639863522941917e-05,0.48
1973-12-25,1974-01-05,771.2422,0.8877747482097623,684.6893499137433,0.444,1973,12,25,1973.12,1973,3,86,13,0.0591571598325474,75.89428590068441,0.1108448465135984,0.18,2,Mod_Wet,42,7,5,3,61,118.0,0.1723409309855127,566.6893499137433,566.6893499137433,,3,188.89644997124776,188.89644997124776,188.89644997124776,0.0,0.0,0.0,0.0,0.0,0.0,0.0,42.0,7.0,5.0,3.0,61.0,620.6893499137433,990.0,966.6387573996548,23.36124260034512,0.2792528660917641,0.0966757399654973,989.6240713939428,0.252464556923519,0.252464556923519,0.252464556923519,0.0,22.73284943736441,22.73284943736441,22.73284943736441,22.98531399428793,,0.9295254989117716,0.9295254989117716,0.9295254989117716,0.0,39.14512453366411,39.14512453366411,39.14512453366411,0.0,0.7972530454921407,0.7972530454921407,0.7972530454921407,0.0,0.97,0.97,0.97,0.96,37.97077079765418,37.97077079765418,37.97077079765418,0.0,113.91231239296256,2733.895497431101,0.1663707963433535,5.583713370096241e-05,0.445
1973-12-26,1974-01-06,778.1427,0.8891770066630039,691.9065967426677,0.441,1973,12,26,1973.12,1973,3,87,13,0.0597807299585664,7.217246828924432,0.0104309553672439,0.18,2,Mod_Wet,42,7,5,3,61,118.0,0.1705432504264535,573.9065967426677,573.9065967426677,,3,191.30219891422257,191.30219891422257,191.30219891422257,0.0,0.0,0.0,0.0,0.0,0.0,0.0,42.0,7.0,5.0,3.0,61.0,627.9065967426677,990.0,966.6676263869706,23.332373613029404,0.2833543563915925,0.0995626386970671,989.6170830049114,0.2589419810466854,0.2589419810466854,0.2589419810466854,0.0,22.690514636894083,22.690514636894083,22.690514636894083,22.94945661794077,,0.930226399202301,0.930226399202301,0.930226399202301,0.0,39.599679224961626,39.599679224961626,39.599679224961626,0.0,0.8065107785124567,0.8065107785124567,0.8065107785124567,0.0,0.9706510778512456,0.9706510778512456,0.9706510778512456,0.96,38.43747132227258,38.43747132227258,38.43747132227258,0.0,115.31241396681772,2767.4979352036253,0.1666589312917108,5.581261181469953e-05,0.44
1973-12-27,1974-01-07,785.0819,0.8950098277210273,702.6560160658968,0.4370000000000001,1973,12,27,1973.12,1973,3,88,13,0.0607094797880934,10.749419323229064,0.0152982669719588,0.18,2,Mod_Wet,42,7,5,3,61,118.0,0.167934234251164,584.6560160658968,584.6560160658968,,3,194.88533868863223,194.88533868863223,194.88533868863223,0.0,0.0,0.0,0.0,0.0,0.0,0.0,42.0,7.0,5.0,3.0,61.0,638.6560160658968,990.0,966.7106240642636,23.289375935736416,0.2894631455362728,0.1038624064263587,989.6066744480372,0.2686881212330798,0.2686881212330798,0.2686881212330798,0.0,22.62736226254066,22.62736226254066,22.62736226254066,22.89605038377374,,0.9312898198633092,0.9312898198633092,0.9312898198633092,0.0,40.27510239247599,40.27510239247599,40.27510239247599,0.0,0.8202668511705903,0.8202668511705903,0.8202668511705903,0.0,0.972026685117059,0.972026685117059,0.972026685117059,0.96,39.148474271308565,39.148474271308565,39.148474271308565,0.0,117.44542281392567,2818.6901475342165,0.1671449758183119,5.579986806421021e-05,0.435
1973-12-28,1974-01-08,806.1332,0.8935666243082664,720.3337222668207,0.431,1973,12,28,1973.12,1973,3,89,13,0.0622368336038533,17.67770620092392,0.0245409948951076,0.18,2,Mod_Wet,42,7,5,3,61,118.0,0.1638129610656924,602.3337222668207,602.3337222668207,,3,200.7779074222736,200.7779074222736,200.7779074222736,0.0,0.0,0.0,0.0,0.0,0.0,0.0,42.0,7.0,5.0,3.0,61.0,656.3337222668207,990.0,966.7813348890672,23.21866511093276,0.2995092118860792,0.1107001166800462,989.589790671434,0.2852248152277024,0.2852248152277024,0.2852248152277024,0.0,22.523230967138947,22.523230967138947,22.523230967138947,22.80845578236665,,0.9330895057755756,0.9330895057755756,0.9330895057755756,0.0,41.38172768405409,41.38172768405409,41.38172768405409,0.0,0.8428050444817533,0.8428050444817533,0.8428050444817533,0.0,0.9742805044481752,0.9742805044481752,0.9742805044481752,0.96,40.31741052295724,40.31741052295724,40.31741052295724,0.0,120.95223156887172,2902.853557652921,0.1679113830576288,5.577944727388393e-05,0.43
1973-12-29,1974-01-09,924.4132,0.9124994692702046,843.5265543863715,0.38,1973,12,29,1973.12,1973,3,90,13,0.0728806942989824,123.19283211955076,0.146044995832014,0.18,2,Mod_Wet,42,7,5,3,61,118.0,0.1398888978496235,725.5265543863715,725.5265543863715,,4,181.3816385965929,181.3816385965929,181.3816385965929,181.3816385965929,0.0,0.0,0.0,0.0,0.0,0.0,42.0,7.0,5.0,3.0,61.0,779.5265543863715,990.0,967.2741062175454,22.72589378245459,0.3695184852175307,0.1527632771931857,989.4777182375892,0.2327646275792095,0.2327646275792095,0.2327646275792095,0.2327646275792095,21.970847392464595,21.970847392464595,21.970847392464595,21.970847392464595,,0.9254318421669124,0.9254318421669124,0.9254318421669124,0.9254318421669124,36.1678977784258,36.1678977784258,36.1678977784258,36.1678977784258,0.7366170626970631,0.7366170626970631,0.7366170626970631,0.7366170626970631,0.97,0.97,0.97,0.97,35.08286084507302,35.08286084507302,35.08286084507302,35.08286084507302,140.3314433802921,3367.9546411270103,0.16636280464505,5.372781500395187e-05,0.38
1973-12-30,1974-01-10,939.9208,0.9134042636758518,858.5276662376176,0.375,1973,12,30,1973.12,1973,3,91,13,0.0741767903629301,15.001111851246147,0.0174730674865569,0.18,2,Mod_Wet,42,7,5,3,61,118.0,0.1374446096968769,740.5276662376176,740.5276662376176,,4,185.1319165594044,185.1319165594044,185.1319165594044,185.1319165594044,0.0,0.0,0.0,0.0,0.0,0.0,42.0,7.0,5.0,3.0,61.0,794.5276662376176,990.0,967.3341106649503,22.665889335049545,0.3822978611712408,0.1602638331188088,989.45743830571,0.2424508980480157,0.2424508980480157,0.2424508980480157,0.2424508980480157,21.88087674271148,21.88087674271148,21.88087674271148,21.88087674271148,,0.926806535309425,0.926806535309425,0.926806535309425,0.926806535309425,36.81915386852797,36.81915386852797,36.81915386852797,36.81915386852797,0.7498809341859056,0.7498809341859056,0.7498809341859056,0.7498809341859056,0.97,0.97,0.97,0.97,35.71457925247213,35.71457925247213,35.71457925247213,35.71457925247213,142.8583170098885,3428.599608237324,0.1663992001981088,5.3587283291785694e-05,0.375
1973-12-31,1974-01-11,947.7356,0.9111032605413876,863.4849952911484,0.375,1973,12,31,1973.12,1973,3,92,14,0.0746051035931552,4.957329053530772,0.005741071449492,0.18,2,Mod_Wet,42,7,5,3,61,118.0,0.1366555303722596,745.4849952911484,745.4849952911484,,4,186.3712488227871,186.3712488227871,186.3712488227871,186.3712488227871,0.0,0.0,0.0,0.0,0.0,0.0,42.0,7.0,5.0,3.0,61.0,799.4849952911484,990.0,967.3539399811646,22.64606001883544,0.3868338846018042,0.1627424976455742,989.4504236177526,0.2457475218686136,0.2457475218686136,0.2457475218686136,0.2457475218686136,21.850736114719396,21.850736114719396,21.850736114719396,21.850736114719396,,0.9272254197464748,0.9272254197464748,0.9272254197464748,0.9272254197464748,37.03130493083266,37.03130493083266,37.03130493083266,37.03130493083266,0.7542017297521927,0.7542017297521927,0.7542017297521927,0.7542017297521927,0.97,0.97,0.97,0.97,35.92036578290768,35.92036578290768,35.92036578290768,35.92036578290768,143.68146313163072,3448.3551151591373,0.1663971741433497,5.353765372698976e-05,0.375
1974-01-01,1974-01-12,1019.9159,0.9227467245233664,941.1240560143012,0.348,1974,1,1,1974.01,1973,4,93,14,0.0813131184396356,77.63906072315297,0.0824960962659455,0.11,2,Mod_Wet,46,7,6,4,76,139.0,0.1476957252465426,802.1240560143012,802.1240560143012,,4,200.5310140035753,200.5310140035753,200.5310140035753,200.5310140035753,0.0,0.0,0.0,0.0,0.0,0.0,46.0,7.0,6.0,4.0,76.0,861.1240560143012,990.0,967.6644962240572,22.33550377594281,0.4432344625458878,0.191699244811441,989.3650662926428,0.2845187000502253,0.2845187000502253,0.2845187000502253,0.2845187000502253,21.41605136853531,21.41605136853531,21.41605136853531,21.41605136853531,,0.9318756089096404,0.9318756089096404,0.9318756089096404,0.9318756089096404,39.24800568882064,39.24800568882064,39.24800568882064,39.24800568882064,0.7993483847010313,0.7993483847010313,0.7993483847010313,0.7993483847010313,0.97,0.97,0.97,0.97,38.07056551815602,38.07056551815602,38.07056551815602,38.07056551815602,152.2822620726241,3654.774289742978,0.1618089146690667,5.273576828464113e-05,0.35
1974-01-02,1974-01-13,1019.9159,0.9227467245233664,941.1240560143012,0.348,1974,1,2,1974.01,1973,4,94,14,0.0813131184396356,0.0,0.0,0.11,2,Mod_Wet,46,7,6,4,76,139.0,0.1476957252465426,802.1240560143012,802.1240560143012,,4,200.5310140035753,200.5310140035753,200.5310140035753,200.5310140035753,0.0,0.0,0.0,0.0,0.0,0.0,46.0,7.0,6.0,4.0,76.0,861.1240560143012,990.0,967.6644962240572,22.33550377594281,0.4432344625458878,0.191699244811441,989.3650662926428,0.2845187000502253,0.2845187000502253,0.2845187000502253,0.2845187000502253,21.41605136853531,21.41605136853531,21.41605136853531,21.41605136853531,,0.9318756089096404,0.9318756089096404,0.9318756089096404,0.9318756089096404,39.24800568882064,39.24800568882064,39.24800568882064,39.24800568882064,0.7993483847010313,0.7993483847010313,0.7993483847010313,0.7993483847010313,0.97,0.97,0.97,0.97,38.07056551815602,38.07056551815602,38.07056551815602,38.07056551815602,152.2822620726241,3654.774289742978,0.1618089146690667,5.273576828464113e-05,0.35
1974-01-03,1974-01-14,1019.9159,0.9227467245233664,941.1240560143012,0.348,1974,1,3,1974.01,1973,4,95,14,0.0813131184396356,0.0,0.0,0.11,2,Mod_Wet,46,7,6,4,76,139.0,0.1476957252465426,802.1240560143012,802.1240560143012,,4,200.5310140035753,200.5310140035753,200.5310140035753,200.5310140035753,0.0,0.0,0.0,0.0,0.0,0.0,46.0,7.0,6.0,4.0,76.0,861.1240560143012,990.0,967.6644962240572,22.33550377594281,0.4432344625458878,0.191699244811441,989.3650662926428,0.2845187000502253,0.2845187000502253,0.2845187000502253,0.2845187000502253,21.41605136853531,21.41605136853531,21.41605136853531,21.41605136853531,,0.9318756089096404,0.9318756089096404,0.9318756089096404,0.9318756089096404,39.24800568882064,39.24800568882064,39.24800568882064,39.24800568882064,0.7993483847010313,0.7993483847010313,0.7993483847010313,0.7993483847010313,0.97,0.97,0.97,0.97,38.07056551815602,38.07056551815602,38.07056551815602,38.07056551815602,152.2822620726241,3654.774289742978,0.1618089146690667,5.273576828464113e-05,0.35
1974-01-04,1974-01-15,1028.1428,0.9210811262601332,947.0029281802472,0.345,1974,1,4,1974.01,1973,4,96,14,0.0818210529947733,5.878872165945723,0.0062078711596409,0.11,2,Mod_Wet,46,7,6,4,76,139.0,0.1467788492133823,808.0029281802472,808.0029281802472,,4,202.0007320450618,202.0007320450618,202.0007320450618,202.0007320450618,0.0,0.0,0.0,0.0,0.0,0.0,46.0,7.0,6.0,4.0,76.0,867.0029281802472,990.0,967.6880117127208,22.311988287279064,0.4486137104437098,0.1964023425441977,989.354983947012,0.2887220936488767,0.2887220936488767,0.2887220936488767,0.2887220936488767,21.37825014064229,21.37825014064229,21.37825014064229,21.37825014064229,,0.9323580301514404,0.9323580301514404,0.9323580301514404,0.9323580301514404,39.48630654483681,39.48630654483681,39.48630654483681,39.48630654483681,0.8042017626239676,0.8042017626239676,0.8042017626239676,0.8042017626239676,0.9704201762623968,0.9704201762623968,0.9704201762623968,0.9704201762623968,38.31830855719157,38.31830855719157,38.31830855719157,38.31830855719157,153.27323422876626,3678.5576214903904,0.161850855649723,5.269275260272546e-05,0.345
1974-01-05,1974-01-16,1028.1428,0.9210811262601332,947.0029281802472,0.345,1974,1,5,1974.01,1973,4,97,14,0.0818210529947733,0.0,0.0,0.11,2,Mod_Wet,46,7,6,4,76,139.0,0.1467788492133823,808.0029281802472,808.0029281802472,,4,202.0007320450618,202.0007320450618,202.0007320450618,202.0007320450618,0.0,0.0,0.0,0.0,0.0,0.0,46.0,7.0,6.0,4.0,76.0,867.0029281802472,990.0,967.6880117127208,22.311988287279064,0.4486137104437098,0.1964023425441977,989.354983947012,0.2887220936488767,0.2887220936488767,0.2887220936488767,0.2887220936488767,21.37825014064229,21.37825014064229,21.37825014064229,21.37825014064229,,0.9323580301514404,0.9323580301514404,0.9323580301514404,0.9323580301514404,39.48630654483681,39.48630654483681,39.48630654483681,39.48630654483681,0.8042017626239676,0.8042017626239676,0.8042017626239676,0.8042017626239676,0.9704201762623968,0.9704201762623968,0.9704201762623968,0.9704201762623968,38.31830855719157,38.31830855719157,38.31830855719157,38.31830855719157,153.27323422876626,3678.5576214903904,0.161850855649723,5.269275260272546e-05,0.345
1974-01-06,1974-01-17,1028.1428,0.9210811262601332,947.0029281802472,0.345,1974,1,6,1974.01,1973,4,98,14,0.0818210529947733,0.0,0.0,0.11,2,Mod_Wet,46,7,6,4,76,139.0,0.1467788492133823,808.0029281802472,808.0029281802472,,4,202.0007320450618,202.0007320450618,202.0007320450618,202.0007320450618,0.0,0.0,0.0,0.0,0.0,0.0,46.0,7.0,6.0,4.0,76.0,867.0029281802472,990.0,967.6880117127208,22.311988287279064,0.4486137104437098,0.1964023425441977,989.354983947012,0.2887220936488767,0.2887220936488767,0.2887220936488767,0.2887220936488767,21.37825014064229,21.37825014064229,21.37825014064229,21.37825014064229,,0.9323580301514404,0.9323580301514404,0.9323580301514404,0.9323580301514404,39.48630654483681,39.48630654483681,39.48630654483681,39.48630654483681,0.8042017626239676,0.8042017626239676,0.8042017626239676,0.8042017626239676,0.9704201762623968,0.9704201762623968,0.9704201762623968,0.9704201762623968,38.31830855719157,38.31830855719157,38.31830855719157,38.31830855719157,153.27323422876626,3678.5576214903904,0.161850855649723,5.269275260272546e-05,0.345
1974-01-07,1974-01-18,1053.0739999999996,0.9224728423044594,971.4321659369264,0.34,1974,1,7,1974.01,1973,4,99,15,0.0839317391369504,24.429237756679303,0.0251476516974479,0.11,2,Mod_Wet,46,7,6,4,76,139.0,0.1430877058368119,832.4321659369264,832.4321659369264,,4,208.1080414842316,208.1080414842316,208.1080414842316,208.1080414842316,0.0,0.0,0.0,0.0,0.0,0.0,46.0,7.0,6.0,4.0,76.0,891.4321659369264,990.0,967.7857286637476,22.214271336252292,0.4709667948685118,0.2159457327495411,989.313087472382,0.3064376419636408,0.3064376419636408,0.3064376419636408,0.3064376419636408,21.220921166670536,21.220921166670536,21.220921166670536,21.220921166670536,,0.9339504609183436,0.9339504609183436,0.9339504609183436,0.9339504609183436,40.449730677719984,40.449730677719984,40.449730677719984,40.449730677719984,0.8238234353914456,0.8238234353914456,0.8238234353914456,0.8238234353914456,0.9723823435391444,0.9723823435391444,0.9723823435391444,0.9723823435391444,39.33260391192859,39.33260391192859,39.33260391192859,39.33260391192859,157.33041564771435,3775.929975545144,0.1619571815351331,5.250024569423906e-05,0.34
1974-01-08,1974-01-19,1053.0739999999996,0.9224728423044594,971.4321659369264,0.34,1974,1,8,1974.01,1973,4,100,15,0.0839317391369504,0.0,0.0,0.11,2,Mod_Wet,46,7,6,4,76,139.0,0.1430877058368119,832.4321659369264,832.4321659369264,,4,208.1080414842316,208.1080414842316,208.1080414842316,208.1080414842316,0.0,0.0,0.0,0.0,0.0,0.0,46.0,7.0,6.0,4.0,76.0,891.4321659369264,990.0,967.7857286637476,22.214271336252292,0.4709667948685118,0.2159457327495411,989.313087472382,0.3064376419636408,0.3064376419636408,0.3064376419636408,0.3064376419636408,21.220921166670536,21.220921166670536,21.220921166670536,21.220921166670536,,0.9339504609183436,0.9339504609183436,0.9339504609183436,0.9339504609183436,40.449730677719984,40.449730677719984,40.449730677719984,40.449730677719984,0.8238234353914456,0.8238234353914456,0.8238234353914456,0.8238234353914456,0.9723823435391444,0.9723823435391444,0.9723823435391444,0.9723823435391444,39.33260391192859,39.33260391192859,39.33260391192859,39.33260391192859,157.33041564771435,3775.929975545144,0.1619571815351331,5.250024569423906e-05,0.34
1974-01-09,1974-01-20,1036.4114,0.9189739555961264,952.4350838829192,0.343,1974,1,9,1974.01,1973,4,101,15,0.0822903912474842,18.997082054007024,0.0199458024756491,0.11,2,Mod_Wet,46,7,6,4,76,139.0,0.1459417049541267,813.4350838829192,813.4350838829192,,4,203.3587709707298,203.3587709707298,203.3587709707298,203.3587709707298,0.0,0.0,0.0,0.0,0.0,0.0,46.0,7.0,6.0,4.0,76.0,872.4350838829192,990.0,967.7097403355316,22.29025966446829,0.4535842067088788,0.2007480671063354,989.3456677261848,0.2926060849762872,0.2926060849762872,0.2926060849762872,0.2926060849762872,21.34332130567673,21.34332130567673,21.34332130567673,21.34332130567673,,0.9328028060623312,0.9328028060623312,0.9328028060623312,0.9328028060623312,39.70575460872779,39.70575460872779,39.70575460872779,39.70575460872779,0.808671173293845,0.808671173293845,0.808671173293845,0.808671173293845,0.9708671173293844,0.9708671173293844,0.9708671173293844,0.9708671173293844,38.54901151836347,38.54901151836347,38.54901151836347,38.54901151836347,154.19604607345389,3700.705105762893,0.1618966464830571,5.2655996611241405e-05,0.345
1974-01-10,1974-01-21,1019.9159,0.9227467245233664,941.1240560143012,0.348,1974,1,10,1974.01,1973,4,102,15,0.0813131184396356,11.311027868617996,0.0120186364340963,0.11,2,Mod_Wet,46,7,6,4,76,139.0,0.1476957252465426,802.1240560143012,802.1240560143012,,4,200.5310140035753,200.5310140035753,200.5310140035753,200.5310140035753,0.0,0.0,0.0,0.0,0.0,0.0,46.0,7.0,6.0,4.0,76.0,861.1240560143012,990.0,967.6644962240572,22.33550377594281,0.4432344625458878,0.191699244811441,989.3650662926428,0.2845187000502253,0.2845187000502253,0.2845187000502253,0.2845187000502253,21.41605136853531,21.41605136853531,21.41605136853531,21.41605136853531,,0.9318756089096404,0.9318756089096404,0.9318756089096404,0.9318756089096404,39.24800568882064,39.24800568882064,39.24800568882064,39.24800568882064,0.7993483847010313,0.7993483847010313,0.7993483847010313,0.7993483847010313,0.97,0.97,0.97,0.97,38.07056551815602,38.07056551815602,38.07056551815602,38.07056551815602,152.2822620726241,3654.774289742978,0.1618089146690667,5.273576828464113e-05,0.35
1974-01-11,1974-01-22,971.4252,0.9180964110207984,891.8619896951615,0.363,1974,1,11,1974.01,1973,4,103,15,0.0770568759096619,49.26206631913988,0.0552350777231549,0.04,1,Wet,49,8,7,5,81,150.0,0.1681874569531436,741.8619896951615,741.8619896951615,,4,185.4654974237904,185.4654974237904,185.4654974237904,185.4654974237904,0.0,0.0,0.0,0.0,0.0,0.0,49.0,8.0,7.0,5.0,81.0,805.8619896951615,990.0,967.4674479587808,22.532552041219333,0.3926689211145754,0.1609309948475807,989.4464000840378,0.2433382231472824,0.2433382231472824,0.2433382231472824,0.2433382231472824,21.73561390210985,21.73561390210985,21.73561390210985,21.73561390210985,,0.9268144839328458,0.9268144839328458,0.9268144839328458,0.9268144839328458,36.64093532366267,36.64093532366267,36.64093532366267,36.64093532366267,0.7462512285878343,0.7462512285878343,0.7462512285878343,0.7462512285878343,0.97,0.97,0.97,0.97,35.54170726395279,35.54170726395279,35.54170726395279,35.54170726395279,142.16682905581115,3412.003897339468,0.1594045162799277,5.3231984381709046e-05,0.365
1974-01-12,1974-01-23,955.5912,0.91769253620946,876.9389119074414,0.3720000000000001,1974,1,12,1974.01,1973,4,104,15,0.0757675219888029,14.923077787720104,0.0170172375579283,0.04,1,Wet,49,8,7,5,81,150.0,0.1710495428623791,726.9389119074414,726.9389119074414,,4,181.73472797686037,181.73472797686037,181.73472797686037,181.73472797686037,0.0,0.0,0.0,0.0,0.0,0.0,49.0,8.0,7.0,5.0,81.0,790.9389119074414,990.0,967.4077556476298,22.592244352370244,0.3790141022049845,0.1534694559537207,989.4675164418412,0.2336755981802996,0.2336755981802996,0.2336755981802996,0.2336755981802996,21.82608519603116,21.82608519603116,21.82608519603116,21.82608519603116,,0.9254611209624864,0.9254611209624864,0.9254611209624864,0.9254611209624864,36.000675472272846,36.000675472272846,36.000675472272846,36.000675472272846,0.7332113130809134,0.7332113130809134,0.7332113130809134,0.7332113130809134,0.97,0.97,0.97,0.97,34.92065520810466,34.92065520810466,34.92065520810466,34.92065520810466,139.68262083241865,3352.382899978048,0.1592843229280283,5.337550016024668e-05,0.37
1974-01-13,1974-01-24,924.4132,0.9124994692702046,843.5265543863715,0.38,1974,1,13,1974.01,1973,4,105,15,0.0728806942989824,33.41235752106991,0.03961032091678,0.04,1,Wet,49,8,7,5,81,150.0,0.1778248701478265,693.5265543863715,693.5265543863715,,4,173.38163859659286,173.38163859659286,173.38163859659286,173.38163859659286,0.0,0.0,0.0,0.0,0.0,0.0,49.0,8.0,7.0,5.0,81.0,757.5265543863715,990.0,967.2741062175454,22.72589378245459,0.3570161018662229,0.1380579663159114,989.504925931818,0.2127511981756865,0.2127511981756865,0.2127511981756865,0.2127511981756865,22.01806851609677,22.01806851609677,22.01806851609677,22.01806851609677,,0.9224053744153242,0.9224053744153242,0.9224053744153242,0.9224053744153242,34.53367886521066,34.53367886521066,34.53367886521066,34.53367886521066,0.7033335817761845,0.7033335817761845,0.7033335817761845,0.7033335817761845,0.97,0.97,0.97,0.97,33.49766849925434,33.49766849925434,33.49766849925434,33.49766849925434,133.99067399701735,3215.7761759284167,0.1588458280302624,5.366720485385003e-05,0.38
1974-01-14,1974-01-25,909.0679,0.9012241447918772,819.2739407352476,0.39,1974,1,14,1974.01,1973,4,106,16,0.0707852684795253,24.25261365112385,0.0296025693547125,0.04,1,Wet,49,8,7,5,81,150.0,0.1830889431993702,669.2739407352476,669.2739407352476,,4,167.3184851838119,167.3184851838119,167.3184851838119,167.3184851838119,0.0,0.0,0.0,0.0,0.0,0.0,49.0,8.0,7.0,5.0,81.0,733.2739407352476,990.0,967.177095762941,22.822904237058992,0.3432335803599723,0.1307821822205743,989.5259842374194,0.1981179947374723,0.1981179947374723,0.1981179947374723,0.1981179947374723,22.1507704797409,22.1507704797409,22.1507704797409,22.1507704797409,,0.920380252277288,0.920380252277288,0.920380252277288,0.920380252277288,33.45328361393165,33.45328361393165,33.45328361393165,33.45328361393165,0.681329605171724,0.681329605171724,0.681329605171724,0.681329605171724,0.97,0.97,0.97,0.97,32.4496851055137,32.4496851055137,32.4496851055137,32.4496851055137,129.7987404220548,3115.169770129315,0.1584314280832226,5.387211943913976e-05,0.39
1974-01-15,1974-01-26,971.4252,0.9180964110207984,891.8619896951615,0.363,1974,1,15,1974.01,1973,4,107,16,0.0770568759096619,72.58804895991386,0.0813893290650546,0.04,1,Wet,49,8,7,5,81,150.0,0.1681874569531436,741.8619896951615,741.8619896951615,,4,185.4654974237904,185.4654974237904,185.4654974237904,185.4654974237904,0.0,0.0,0.0,0.0,0.0,0.0,49.0,8.0,7.0,5.0,81.0,805.8619896951615,990.0,967.4674479587808,22.532552041219333,0.3926689211145754,0.1609309948475807,989.4464000840378,0.2433382231472824,0.2433382231472824,0.2433382231472824,0.2433382231472824,21.73561390210985,21.73561390210985,21.73561390210985,21.73561390210985,,0.9268144839328458,0.9268144839328458,0.9268144839328458,0.9268144839328458,36.64093532366267,36.64093532366267,36.64093532366267,36.64093532366267,0.7462512285878343,0.7462512285878343,0.7462512285878343,0.7462512285878343,0.97,0.97,0.97,0.97,35.54170726395279,35.54170726395279,35.54170726395279,35.54170726395279,142.16682905581115,3412.003897339468,0.1594045162799277,5.3231984381709046e-05,0.365
1974-01-16,1974-01-27,939.9208,0.9134042636758518,858.5276662376176,0.375,1974,1,16,1974.01,1973,4,108,16,0.0741767903629301,33.33432345754386,0.0388273142129793,0.04,1,Wet,49,8,7,5,81,150.0,0.1747177241909452,708.5276662376176,708.5276662376176,,4,177.1319165594044,177.1319165594044,177.1319165594044,177.1319165594044,0.0,0.0,0.0,0.0,0.0,0.0,49.0,8.0,7.0,5.0,81.0,772.5276662376176,990.0,967.3341106649503,22.665889335049545,0.3655410860053195,0.1442638331188088,989.490195080876,0.222029791398511,0.222029791398511,0.222029791398511,0.222029791398511,21.934054624526908,21.934054624526908,21.934054624526908,21.934054624526908,,0.9237661739207292,0.9237661739207292,0.9237661739207292,0.9237661739207292,35.1978792676538,35.1978792676538,35.1978792676538,35.1978792676538,0.7168610848809328,0.7168610848809328,0.7168610848809328,0.7168610848809328,0.97,0.97,0.97,0.97,34.14194288962419,34.14194288962419,34.14194288962419,34.14194288962419,136.56777155849676,3277.626517403922,0.159072068296863,5.354129966586241e-05,0.375
1974-01-17,1974-01-28,916.7204,0.9105214280240044,834.6935677067364,0.383,1974,1,17,1974.01,1973,4,109,16,0.072117524249862,23.83409853088119,0.0285543095729894,0.04,1,Wet,49,8,7,5,81,150.0,0.1797066681753817,684.6935677067364,684.6935677067364,,4,171.1733919266841,171.1733919266841,171.1733919266841,171.1733919266841,0.0,0.0,0.0,0.0,0.0,0.0,49.0,8.0,7.0,5.0,81.0,748.6935677067364,990.0,967.2387742708268,22.76122572917313,0.351996402520505,0.1354080703120209,989.5125955271676,0.2073630763011092,0.2073630763011092,0.2073630763011092,0.2073630763011092,22.066458180039515,22.066458180039515,22.066458180039515,22.066458180039515,,0.9216636572325766,0.9216636572325766,0.9216636572325766,0.9216636572325766,34.14129973956686,34.14129973956686,34.14129973956686,34.14129973956686,0.6953421535553332,0.6953421535553332,0.6953421535553332,0.6953421535553332,0.97,0.97,0.97,0.97,33.11706074737985,33.11706074737985,33.11706074737985,33.11706074737985,132.4682429895194,3179.237831748466,0.1587028439112893,5.3741901339893895e-05,0.385
1974-01-18,1974-01-29,909.0679,0.9012241447918772,819.2739407352476,0.39,1974,1,18,1974.01,1973,4,110,16,0.0707852684795253,15.41962697148881,0.0188210880449226,0.04,1,Wet,49,8,7,5,81,150.0,0.1830889431993702,669.2739407352476,669.2739407352476,,4,167.3184851838119,167.3184851838119,167.3184851838119,167.3184851838119,0.0,0.0,0.0,0.0,0.0,0.0,49.0,8.0,7.0,5.0,81.0,733.2739407352476,990.0,967.177095762941,22.822904237058992,0.3432335803599723,0.1307821822205743,989.5259842374194,0.1981179947374723,0.1981179947374723,0.1981179947374723,0.1981179947374723,22.1507704797409,22.1507704797409,22.1507704797409,22.1507704797409,,0.920380252277288,0.920380252277288,0.920380252277288,0.920380252277288,33.45328361393165,33.45328361393165,33.45328361393165,33.45328361393165,0.681329605171724,0.681329605171724,0.681329605171724,0.681329605171724,0.97,0.97,0.97,0.97,32.4496851055137,32.4496851055137,32.4496851055137,32.4496851055137,129.7987404220548,3115.169770129315,0.1584314280832226,5.387211943913976e-05,0.39
1974-01-19,1974-01-30,909.0679,0.9012241447918772,819.2739407352476,0.39,1974,1,19,1974.01,1973,4,111,16,0.0707852684795253,0.0,0.0,0.04,1,Wet,49,8,7,5,81,150.0,0.1830889431993702,669.2739407352476,669.2739407352476,,4,167.3184851838119,167.3184851838119,167.3184851838119,167.3184851838119,0.0,0.0,0.0,0.0,0.0,0.0,49.0,8.0,7.0,5.0,81.0,733.2739407352476,990.0,967.177095762941,22.822904237058992,0.3432335803599723,0.1307821822205743,989.5259842374194,0.1981179947374723,0.1981179947374723,0.1981179947374723,0.1981179947374723,22.1507704797409,22.1507704797409,22.1507704797409,22.1507704797409,,0.920380252277288,0.920380252277288,0.920380252277288,0.920380252277288,33.45328361393165,33.45328361393165,33.45328361393165,33.45328361393165,0.681329605171724,0.681329605171724,0.681329605171724,0.681329605171724,0.97,0.97,0.97,0.97,32.4496851055137,32.4496851055137,32.4496851055137,32.4496851055137,129.7987404220548,3115.169770129315,0.1584314280832226,5.387211943913976e-05,0.39
1974-01-20,1974-01-31,909.0679,0.9012241447918772,819.2739407352476,0.39,1974,1,20,1974.01,1973,4,112,16,0.0707852684795253,0.0,0.0,0.04,1,Wet,49,8,7,5,81,150.0,0.1830889431993702,669.2739407352476,669.2739407352476,,4,167.3184851838119,167.3184851838119,167.3184851838119,167.3184851838119,0.0,0.0,0.0,0.0,0.0,0.0,49.0,8.0,7.0,5.0,81.0,733.2739407352476,990.0,967.177095762941,22.822904237058992,0.3432335803599723,0.1307821822205743,989.5259842374194,0.1981179947374723,0.1981179947374723,0.1981179947374723,0.1981179947374723,22.1507704797409,22.1507704797409,22.1507704797409,22.1507704797409,,0.920380252277288,0.920380252277288,0.920380252277288,0.920380252277288,33.45328361393165,33.45328361393165,33.45328361393165,33.45328361393165,0.681329605171724,0.681329605171724,0.681329605171724,0.681329605171724,0.97,0.97,0.97,0.97,32.4496851055137,32.4496851055137,32.4496851055137,32.4496851055137,129.7987404220548,3115.169770129315,0.1584314280832226,5.387211943913976e-05,0.39
1974-01-21,1974-02-01,932.1467,0.9087491724907756,847.0875422650073,0.377,1974,1,21,1974.01,1973,4,113,17,0.0731883636516966,27.81360152975969,0.0328343885867918,0.24,2,Mod_Wet,46,7,6,4,76,139.0,0.1640916588483065,708.0875422650073,708.0875422650073,,4,177.02188556625185,177.02188556625185,177.02188556625185,177.02188556625185,0.0,0.0,0.0,0.0,0.0,0.0,46.0,7.0,6.0,4.0,76.0,767.0875422650073,990.0,967.28835016906,22.71164983094002,0.3624495171242189,0.1440437711325036,989.4935067117432,0.2217547139156295,0.2217547139156295,0.2217547139156295,0.2217547139156295,21.983401828767683,21.983401828767683,21.983401828767683,21.983401828767683,,0.9237586939621484,0.9237586939621484,0.9237586939621484,0.9237586939621484,35.254868489372726,35.254868489372726,35.254868489372726,35.254868489372726,0.7180217614943528,0.7180217614943528,0.7180217614943528,0.7180217614943528,0.97,0.97,0.97,0.97,34.19722243469154,34.19722243469154,34.19722243469154,34.19722243469154,136.78888973876616,3282.933353730388,0.1614814088435412,5.366132229184636e-05,0.375
1974-01-22,1974-02-02,932.1467,0.9087491724907756,847.0875422650073,0.377,1974,1,22,1974.01,1973,4,114,17,0.0731883636516966,0.0,0.0,0.24,2,Mod_Wet,46,7,6,4,76,139.0,0.1640916588483065,708.0875422650073,708.0875422650073,,4,177.02188556625185,177.02188556625185,177.02188556625185,177.02188556625185,0.0,0.0,0.0,0.0,0.0,0.0,46.0,7.0,6.0,4.0,76.0,767.0875422650073,990.0,967.28835016906,22.71164983094002,0.3624495171242189,0.1440437711325036,989.4935067117432,0.2217547139156295,0.2217547139156295,0.2217547139156295,0.2217547139156295,21.983401828767683,21.983401828767683,21.983401828767683,21.983401828767683,,0.9237586939621484,0.9237586939621484,0.9237586939621484,0.9237586939621484,35.254868489372726,35.254868489372726,35.254868489372726,35.254868489372726,0.7180217614943528,0.7180217614943528,0.7180217614943528,0.7180217614943528,0.97,0.97,0.97,0.97,34.19722243469154,34.19722243469154,34.19722243469154,34.19722243469154,136.78888973876616,3282.933353730388,0.1614814088435412,5.366132229184636e-05,0.375
1974-01-23,1974-02-03,939.9208,0.9134042636758518,858.5276662376176,0.375,1974,1,23,1974.01,1973,4,115,17,0.0741767903629301,11.440123972610309,0.0133252828330449,0.24,2,Mod_Wet,46,7,6,4,76,139.0,0.1619050910836093,719.5276662376176,719.5276662376176,,4,179.8819165594044,179.8819165594044,179.8819165594044,179.8819165594044,0.0,0.0,0.0,0.0,0.0,0.0,46.0,7.0,6.0,4.0,76.0,778.5276662376176,990.0,967.3341106649503,22.665889335049545,0.3689508269193126,0.1497638331188088,989.481285339962,0.228904791398511,0.228904791398511,0.228904791398511,0.228904791398511,21.918269883612947,21.918269883612947,21.918269883612947,21.918269883612947,,0.9248150238635852,0.9248150238635852,0.9248150238635852,0.9248150238635852,35.75916359806675,35.75916359806675,35.75916359806675,35.75916359806675,0.728292537638834,0.728292537638834,0.728292537638834,0.728292537638834,0.97,0.97,0.97,0.97,34.686388690124744,34.686388690124744,34.686388690124744,34.686388690124744,138.74555476049898,3329.8933142519754,0.161608717129097,5.356351629874472e-05,0.375
1974-01-24,1974-02-04,947.7356,0.9111032605413876,863.4849952911484,0.375,1974,1,24,1974.01,1973,4,116,17,0.0746051035931552,4.957329053530772,0.005741071449492,0.24,2,Mod_Wet,46,7,6,4,76,139.0,0.1609755823876617,724.4849952911484,724.4849952911484,,4,181.1212488227871,181.1212488227871,181.1212488227871,181.1212488227871,0.0,0.0,0.0,0.0,0.0,0.0,46.0,7.0,6.0,4.0,76.0,783.4849952911484,990.0,967.3539399811646,22.64606001883544,0.3721936672377135,0.1522424976455742,989.4755638351166,0.2320928219627906,0.2320928219627906,0.2320928219627906,0.2320928219627906,21.889531031989296,21.889531031989296,21.889531031989296,21.889531031989296,,0.9252716307605658,0.9252716307605658,0.9252716307605658,0.9252716307605658,35.976077271768354,35.976077271768354,35.976077271768354,35.976077271768354,0.7327103314005774,0.7327103314005774,0.7327103314005774,0.7327103314005774,0.97,0.97,0.97,0.97,34.8967949536153,34.8967949536153,34.8967949536153,34.8967949536153,139.5871798144612,3350.0923155470687,0.1616555939890946,5.351969587658049e-05,0.375
1974-01-25,1974-02-05,963.4877,0.9186515277026396,885.1094475277025,0.3670000000000001,1974,1,25,1974.01,1973,4,117,17,0.0764734562663935,21.62445223655413,0.0244313878887586,0.24,2,Mod_Wet,46,7,6,4,76,139.0,0.15704272549373,746.1094475277025,746.1094475277025,,4,186.52736188192563,186.52736188192563,186.52736188192563,186.52736188192563,0.0,0.0,0.0,0.0,0.0,0.0,46.0,7.0,6.0,4.0,76.0,805.1094475277025,990.0,967.4404377901108,22.55956220988924,0.3919803348078727,0.1630547237638512,989.4449649414285,0.2461627826059221,0.2461627826059221,0.2461627826059221,0.2461627826059221,21.758364368711653,21.758364368711653,21.758364368711653,21.758364368711653,,0.9272094618234248,0.9272094618234248,0.9272094618234248,0.9272094618234248,36.90501170600304,36.90501170600304,36.90501170600304,36.90501170600304,0.7516295663137075,0.7516295663137075,0.7516295663137075,0.7516295663137075,0.97,0.97,0.97,0.97,35.79786135482294,35.79786135482294,35.79786135482294,35.79786135482294,143.19144541929177,3436.5946900630024,0.1617782363743328,5.3310411277002346e-05,0.365
1974-01-26,1974-02-06,995.4845,0.9181998096202312,914.0536783798912,0.355,1974,1,26,1974.01,1973,4,118,17,0.0789742378120225,28.94423085218864,0.0316657889321015,0.24,2,Mod_Wet,46,7,6,4,76,139.0,0.1520698436949235,775.0536783798912,775.0536783798912,,4,193.7634195949728,193.7634195949728,193.7634195949728,193.7634195949728,0.0,0.0,0.0,0.0,0.0,0.0,46.0,7.0,6.0,4.0,76.0,834.0536783798912,990.0,967.5562147135196,22.44378528648042,0.4184646992524016,0.1775268391899455,989.4040084615576,0.265636501298326,0.265636501298326,0.265636501298326,0.265636501298326,21.582157246739836,21.582157246739836,21.582157246739836,21.582157246739836,,0.9296331264088072,0.9296331264088072,0.9296331264088072,0.9296331264088072,38.125621612201954,38.125621612201954,38.125621612201954,38.125621612201954,0.776489238537718,0.776489238537718,0.776489238537718,0.776489238537718,0.97,0.97,0.97,0.97,36.98185296383589,36.98185296383589,36.98185296383589,36.98185296383589,147.92741185534356,3550.257884528245,0.1618366791297603,5.301690564644322e-05,0.355
1974-01-27,1974-02-07,1019.9159,0.9227467245233664,941.1240560143012,0.348,1974,1,27,1974.01,1973,4,119,17,0.0813131184396356,27.0703776344102,0.0287638781108776,0.24,2,Mod_Wet,46,7,6,4,76,139.0,0.1476957252465426,802.1240560143012,802.1240560143012,,4,200.5310140035753,200.5310140035753,200.5310140035753,200.5310140035753,0.0,0.0,0.0,0.0,0.0,0.0,46.0,7.0,6.0,4.0,76.0,861.1240560143012,990.0,967.6644962240572,22.33550377594281,0.4432344625458878,0.191699244811441,989.3650662926428,0.2845187000502253,0.2845187000502253,0.2845187000502253,0.2845187000502253,21.41605136853531,21.41605136853531,21.41605136853531,21.41605136853531,,0.9318756089096404,0.9318756089096404,0.9318756089096404,0.9318756089096404,39.24800568882064,39.24800568882064,39.24800568882064,39.24800568882064,0.7993483847010313,0.7993483847010313,0.7993483847010313,0.7993483847010313,0.97,0.97,0.97,0.97,38.07056551815602,38.07056551815602,38.07056551815602,38.07056551815602,152.2822620726241,3654.774289742978,0.1618089146690667,5.273576828464113e-05,0.35
1974-01-28,1974-02-08,1028.1428,0.9210811262601332,947.0029281802472,0.345,1974,1,28,1974.01,1973,4,120,18,0.0818210529947733,5.878872165945723,0.0062078711596409,0.24,2,Mod_Wet,46,7,6,4,76,139.0,0.1467788492133823,808.0029281802472,808.0029281802472,,4,202.0007320450618,202.0007320450618,202.0007320450618,202.0007320450618,0.0,0.0,0.0,0.0,0.0,0.0,46.0,7.0,6.0,4.0,76.0,867.0029281802472,990.0,967.6880117127208,22.311988287279064,0.4486137104437098,0.1964023425441977,989.354983947012,0.2887220936488767,0.2887220936488767,0.2887220936488767,0.2887220936488767,21.37825014064229,21.37825014064229,21.37825014064229,21.37825014064229,,0.9323580301514404,0.9323580301514404,0.9323580301514404,0.9323580301514404,39.48630654483681,39.48630654483681,39.48630654483681,39.48630654483681,0.8042017626239676,0.8042017626239676,0.8042017626239676,0.8042017626239676,0.9704201762623968,0.9704201762623968,0.9704201762623968,0.9704201762623968,38.31830855719157,38.31830855719157,38.31830855719157,38.31830855719157,153.27323422876626,3678.5576214903904,0.161850855649723,5.269275260272546e-05,0.345
1974-01-29,1974-02-09,1044.7218,0.9169267811345148,957.9333972550564,0.342,1974,1,29,1974.01,1973,4,121,18,0.0827654455228368,10.93046907480925,0.0114104687300081,0.24,2,Mod_Wet,46,7,6,4,76,139.0,0.1451040337442064,818.9333972550564,818.9333972550564,,4,204.7333493137641,204.7333493137641,204.7333493137641,204.7333493137641,0.0,0.0,0.0,0.0,0.0,0.0,46.0,7.0,6.0,4.0,76.0,877.9333972550564,990.0,967.7317335890202,22.268266410979777,0.4586152381403772,0.2051467178040451,989.3362380440556,0.2965373790373654,0.2965373790373654,0.2965373790373654,0.2965373790373654,21.307967075997976,21.307967075997976,21.307967075997976,21.307967075997976,,0.9332520327578264,0.9332520327578264,0.9332520327578264,0.9332520327578264,39.92714457882931,39.92714457882931,39.92714457882931,39.92714457882931,0.8131801339883769,0.8131801339883769,0.8131801339883769,0.8131801339883769,0.9713180133988376,0.9713180133988376,0.9713180133988376,0.9713180133988376,38.781954752996654,38.781954752996654,38.781954752996654,38.781954752996654,155.12781901198662,3723.067656287679,0.1619400883782766,5.261851694056905e-05,0.34
1974-01-30,1974-02-10,1121.4092,0.9368114987301732,1050.5490333418047,0.319,1974,1,30,1974.01,1973,4,122,18,0.0907674364807319,92.6156360867484,0.0881592701981147,0.24,2,Mod_Wet,46,7,6,4,76,139.0,0.1323117680265146,911.5490333418048,911.5490333418048,,4,227.8872583354512,227.8872583354512,227.8872583354512,227.8872583354512,0.0,0.0,0.0,0.0,0.0,0.0,46.0,7.0,6.0,4.0,76.0,970.5490333418048,990.0,968.0588683905028,21.941131609497237,0.5433598033668466,0.2792392266734438,989.1774009699598,0.3673969718401528,0.3673969718401528,0.3673969718401528,0.3673969718401528,20.75113560761684,20.75113560761684,20.75113560761684,20.75113560761684,,0.93747041607695,0.93747041607695,0.93747041607695,0.93747041607695,43.47686122442992,43.47686122442992,43.47686122442992,43.47686122442992,0.885475788684927,0.885475788684927,0.885475788684927,0.885475788684927,0.9785475788684926,0.9785475788684926,0.9785475788684926,0.9785475788684926,42.544177287967344,42.544177287967344,42.544177287967344,42.544177287967344,170.17670915186935,4084.241019644865,0.1619883544231495,5.1858217571074e-05,0.32
1974-01-31,1974-02-11,1192.4734,0.9195163786021252,1096.498822347363,0.301,1974,1,31,1974.01,1973,4,123,18,0.0947374982508122,45.94978900555861,0.0419059173334907,0.24,2,Mod_Wet,46,7,6,4,76,139.0,0.1267671220133474,957.4988223473632,957.4988223473632,,4,239.3747055868408,239.3747055868408,239.3747055868408,239.3747055868408,0.0,0.0,0.0,0.0,0.0,0.0,46.0,7.0,6.0,4.0,76.0,1016.4988223473632,990.0,968.2032820130916,21.79671798690833,0.5854044845465639,0.3159990578778904,989.0985964575756,0.405299010771785,0.405299010771785,0.405299010771785,0.405299010771785,20.49001543371213,20.49001543371213,20.49001543371213,20.49001543371213,,0.9389292646723852,0.9389292646723852,0.9389292646723852,0.9389292646723852,45.16397076358393,45.16397076358393,45.16397076358393,45.16397076358393,0.9198364717634202,0.9198364717634202,0.9198364717634202,0.9198364717634202,0.98,0.98,0.98,0.98,44.26069134831226,44.26069134831226,44.26069134831226,44.26069134831226,177.04276539324903,4249.026369437976,0.161461883756737,5.136146885487039e-05,0.3
1974-02-01,1974-02-12,1192.4734,0.9195163786021252,1096.498822347363,0.301,1974,2,1,1974.02,1973,5,124,18,0.0947374982508122,0.0,0.0,0.27,2,Mod_Wet,49,8,7,5,93,162.0,0.1477429767349805,934.4988223473632,934.4988223473632,,4,233.6247055868408,233.6247055868408,233.6247055868408,233.6247055868408,0.0,0.0,0.0,0.0,0.0,0.0,49.0,8.0,7.0,5.0,93.0,998.4988223473632,990.0,968.2032820130916,21.79671798690833,0.5689342400119619,0.2975990578778905,989.1334667021102,0.3860890343248377,0.3860890343248377,0.3860890343248377,0.3860890343248377,20.544095654693734,20.544095654693734,20.544095654693734,20.544095654693734,,0.9380635902567545,0.9380635902567545,0.9380635902567545,0.9380635902567545,44.154683365963685,44.154683365963685,44.154683365963685,44.154683365963685,0.8992807202843928,0.8992807202843928,0.8992807202843928,0.8992807202843928,0.9799280720284392,0.9799280720284392,0.9799280720284392,0.9799280720284392,43.26841374183499,43.26841374183499,43.26841374183499,43.26841374183499,173.07365496733996,4153.767719216159,0.1578420801189984,5.144577405452864e-05,0.3
1974-02-02,1974-02-13,1174.4491,0.9250503042586872,1086.4244972913411,0.306,1974,2,2,1974.02,1973,5,125,18,0.0938670765659718,10.07432505602219,0.0092729177969931,0.27,2,Mod_Wet,49,8,7,5,93,162.0,0.149112985213327,924.4244972913413,924.4244972913413,,4,231.10612432283529,231.10612432283529,231.10612432283529,231.10612432283529,0.0,0.0,0.0,0.0,0.0,0.0,49.0,8.0,7.0,5.0,93.0,988.4244972913413,990.0,968.17161984863,21.828380151370084,0.5597160957234203,0.2895395978330729,989.1507443064436,0.3778280877788997,0.3778280877788997,0.3778280877788997,0.3778280877788997,20.60129637003477,20.60129637003477,20.60129637003477,20.60129637003477,,0.9377441575023822,0.9377441575023822,0.9377441575023822,0.9377441575023822,43.78537472734429,43.78537472734429,43.78537472734429,43.78537472734429,0.8917591594163806,0.8917591594163806,0.8917591594163806,0.8917591594163806,0.979175915941638,0.979175915941638,0.979175915941638,0.979175915941638,42.8735844034952,42.8735844034952,42.8735844034952,42.8735844034952,171.49433761398078,4115.864102735539,0.157852053264215,5.153186241111717e-05,0.305
1974-02-03,1974-02-14,1192.4734,0.9195163786021252,1096.498822347363,0.301,1974,2,3,1974.02,1973,5,126,18,0.0947374982508122,10.07432505602219,0.0091877208171143,0.27,2,Mod_Wet,49,8,7,5,93,162.0,0.1477429767349805,934.4988223473632,934.4988223473632,,4,233.6247055868408,233.6247055868408,233.6247055868408,233.6247055868408,0.0,0.0,0.0,0.0,0.0,0.0,49.0,8.0,7.0,5.0,93.0,998.4988223473632,990.0,968.2032820130916,21.79671798690833,0.5689342400119619,0.2975990578778905,989.1334667021102,0.3860890343248377,0.3860890343248377,0.3860890343248377,0.3860890343248377,20.544095654693734,20.544095654693734,20.544095654693734,20.544095654693734,,0.9380635902567545,0.9380635902567545,0.9380635902567545,0.9380635902567545,44.154683365963685,44.154683365963685,44.154683365963685,44.154683365963685,0.8992807202843928,0.8992807202843928,0.8992807202843928,0.8992807202843928,0.9799280720284392,0.9799280720284392,0.9799280720284392,0.9799280720284392,43.26841374183499,43.26841374183499,43.26841374183499,43.26841374183499,173.07365496733996,4153.767719216159,0.1578420801189984,5.144577405452864e-05,0.3
1974-02-04,1974-02-15,1285.2084,0.9120856039266032,1172.2200796855432,0.281,1974,2,4,1974.02,1973,5,127,19,0.1012798148848309,75.72125733817984,0.0645964513408545,0.27,2,Mod_Wet,49,8,7,5,93,162.0,0.1381993047273663,1010.2200796855432,1010.2200796855432,,4,252.5550199213858,252.5550199213858,252.5550199213858,252.5550199213858,0.0,0.0,0.0,0.0,0.0,0.0,49.0,8.0,7.0,5.0,93.0,1074.2200796855432,990.0,968.4412631075832,21.55873689241685,0.6606973170521051,0.3632861035912061,988.9760165793566,0.4511958709201334,0.4511958709201334,0.4511958709201334,0.4511958709201334,20.08355760085332,20.08355760085332,20.08355760085332,20.08355760085332,,0.9395926465671328,0.9395926465671328,0.9395926465671328,0.9395926465671328,46.73852043419006,46.73852043419006,46.73852043419006,46.73852043419006,0.9519046931606936,0.9519046931606936,0.9519046931606936,0.9519046931606936,0.98,0.98,0.98,0.98,45.803750025506254,45.803750025506254,45.803750025506254,45.803750025506254,183.21500010202504,4397.160002448601,0.1562974421587913,5.037818650341776e-05,0.28
1974-02-05,1974-02-16,1342.9646,0.905877929951145,1216.5619918456675,0.269,1974,2,5,1974.02,1973,5,128,19,0.1051109560954656,44.341912160124366,0.0364485430724762,0.27,2,Mod_Wet,49,8,7,5,93,162.0,0.1331621414164246,1054.5619918456675,1054.5619918456675,,4,263.6404979614169,263.6404979614169,263.6404979614169,263.6404979614169,0.0,0.0,0.0,0.0,0.0,0.0,49.0,8.0,7.0,5.0,93.0,1118.5619918456675,990.0,968.5806234029436,21.419376597056495,0.7256785160099517,0.4209305893993678,988.8533908945908,0.4916698424572424,0.4916698424572424,0.4916698424572424,0.4916698424572424,19.781097649189945,19.781097649189945,19.781097649189945,19.781097649189945,,0.9395631287378816,0.9395631287378816,0.9395631287378816,0.9395631287378816,48.05373787170477,48.05373787170477,48.05373787170477,48.05373787170477,0.9786911990163903,0.9786911990163903,0.9786911990163903,0.9786911990163903,0.98,0.98,0.98,0.98,47.09266311427067,47.09266311427067,47.09266311427067,47.09266311427067,188.37065245708268,4520.895658969985,0.1548385151925569,4.9617928241942725e-05,0.27
1974-02-06,1974-02-17,1402.3296,0.9252414293343468,1297.4934435018629,0.26,1974,2,6,1974.02,1973,5,129,19,0.1121034335185609,80.93145165619535,0.0623752297643723,0.27,2,Mod_Wet,49,8,7,5,93,162.0,0.1248561222496593,1135.4934435018629,1100.0,,4,275.0,275.0,275.0,275.0,35.493443501862885,10.73567118266223,1.7527626420673028,1.53366731180889,1.0954766512920642,20.3758657140324,59.73567118266223,9.752762642067305,8.53366731180889,6.095476651292064,113.3758657140324,1178.0221011365384,990.0,968.834979393863,21.165020606136977,0.8128147941644149,0.48,988.7071852058356,0.5349,0.5349,0.5349,0.5349,19.33730581197255,19.33730581197255,19.33730581197255,19.33730581197255,,0.9381223941333544,0.9381223941333544,0.9381223941333544,0.9381223941333544,48.92455250648664,48.92455250648664,48.92455250648664,48.92455250648664,0.9964267312930069,0.9964267312930069,0.9964267312930069,0.9964267312930069,0.98,0.98,0.98,0.98,47.9460614563569,47.9460614563569,47.9460614563569,47.9460614563569,191.7842458254276,4602.821899810262,0.1478113410020882,4.843036510743121e-05,0.26
1974-02-07,1974-02-18,1463.3217,0.94550510416192,1383.5781363808978,0.248,1974,2,7,1974.02,1973,5,130,19,0.1195411509833096,86.08469287903496,0.0622188878354289,0.27,2,Mod_Wet,49,8,7,5,93,162.0,0.1170877131838411,1221.5781363808978,1100.0,,4,275.0,275.0,275.0,275.0,121.57813638089785,36.7736338436049,6.003858586711004,5.253376263372128,3.752411616694377,69.79485607051542,85.7736338436049,14.003858586711004,12.253376263372129,8.752411616694378,162.79485607051544,1212.030868693688,990.0,969.108483209846,20.89151679015401,0.8626532062509744,0.48,988.657346793749,0.5349,0.5349,0.5349,0.5349,19.01396358390297,19.01396358390297,19.01396358390297,19.01396358390297,,0.9371135663817772,0.9371135663817772,0.9371135663817772,0.9371135663817772,48.05474491098947,48.05474491098947,48.05474491098947,48.05474491098947,0.9787117089814557,0.9787117089814557,0.9787117089814557,0.9787117089814557,0.98,0.98,0.98,0.98,47.09365001276968,47.09365001276968,47.09365001276968,47.09365001276968,188.37460005107872,4520.990401225889,0.1361503156907499,4.75693434472421e-05,0.25
1974-02-08,1974-02-19,1515.4044,0.9482599209629142,1436.9972565708524,0.239,1974,2,8,1974.02,1973,5,131,19,0.1241565629677216,53.419120189954576,0.0371741281659995,0.27,2,Mod_Wet,49,8,7,5,93,162.0,0.1127350795272812,1274.9972565708524,1100.0,,4,275.0,275.0,275.0,275.0,174.9972565708524,51.0,8.641839830659379,7.561609851826955,5.401149894162112,102.39265699420396,100.0,16.64183983065938,14.561609851826956,10.401149894162112,195.39265699420395,1231.2034496824865,990.0,969.2810680596904,20.71893194030952,0.8957324034529877,0.48,988.624267596547,0.5349,0.5349,0.5349,0.5349,18.80829953685656,18.80829953685656,18.80829953685656,18.80829953685656,,0.936466143541098,0.936466143541098,0.936466143541098,0.936466143541098,47.50212156303994,47.50212156303994,47.50212156303994,47.50212156303994,0.9674566509784102,0.9674566509784102,0.9674566509784102,0.9674566509784102,0.98,0.98,0.98,0.98,46.552079131779145,46.552079131779145,46.552079131779145,46.552079131779145,186.20831652711655,4468.999596650798,0.1295815393353434,4.702230215331226e-05,0.24
1974-02-09,1974-02-20,1515.4044,0.9482599209629142,1436.9972565708524,0.239,1974,2,9,1974.02,1973,5,132,19,0.1241565629677216,0.0,0.0,0.27,2,Mod_Wet,49,8,7,5,93,162.0,0.1127350795272812,1274.9972565708524,1100.0,,4,275.0,275.0,275.0,275.0,174.9972565708524,51.0,8.641839830659379,7.561609851826955,5.401149894162112,102.39265699420396,100.0,16.64183983065938,14.561609851826956,10.401149894162112,195.39265699420395,1231.2034496824865,990.0,969.2810680596904,20.71893194030952,0.8957324034529877,0.48,988.624267596547,0.5349,0.5349,0.5349,0.5349,18.80829953685656,18.80829953685656,18.80829953685656,18.80829953685656,,0.936466143541098,0.936466143541098,0.936466143541098,0.936466143541098,47.50212156303994,47.50212156303994,47.50212156303994,47.50212156303994,0.9674566509784102,0.9674566509784102,0.9674566509784102,0.9674566509784102,0.98,0.98,0.98,0.98,46.552079131779145,46.552079131779145,46.552079131779145,46.552079131779145,186.20831652711655,4468.999596650798,0.1295815393353434,4.702230215331226e-05,0.24
1974-02-10,1974-02-21,1515.4044,0.9482599209629142,1436.9972565708524,0.239,1974,2,10,1974.02,1973,5,133,19,0.1241565629677216,0.0,0.0,0.27,2,Mod_Wet,49,8,7,5,93,162.0,0.1127350795272812,1274.9972565708524,1100.0,,4,275.0,275.0,275.0,275.0,174.9972565708524,51.0,8.641839830659379,7.561609851826955,5.401149894162112,102.39265699420396,100.0,16.64183983065938,14.561609851826956,10.401149894162112,195.39265699420395,1231.2034496824865,990.0,969.2810680596904,20.71893194030952,0.8957324034529877,0.48,988.624267596547,0.5349,0.5349,0.5349,0.5349,18.80829953685656,18.80829953685656,18.80829953685656,18.80829953685656,,0.936466143541098,0.936466143541098,0.936466143541098,0.936466143541098,47.50212156303994,47.50212156303994,47.50212156303994,47.50212156303994,0.9674566509784102,0.9674566509784102,0.9674566509784102,0.9674566509784102,0.98,0.98,0.98,0.98,46.552079131779145,46.552079131779145,46.552079131779145,46.552079131779145,186.20831652711655,4468.999596650798,0.1295815393353434,4.702230215331226e-05,0.24
1974-02-11,1974-02-22,1525.9589,0.9480519815469955,1446.688358904274,0.237,1974,2,11,1974.02,1973,5,134,20,0.1249938742093292,9.691102333421668,0.0066988182173261,0.15,2,Mod_Wet,49,8,7,5,93,162.0,0.1119798877228121,1284.688358904274,1100.0,,4,275.0,275.0,275.0,275.0,184.68835890427408,51.0,9.120412785396253,7.980361187221719,5.7002579908726565,110.88732694078344,100.0,17.12041278539625,14.98036118722172,10.700257990872656,203.88732694078345,1232.100773972618,990.0,969.3123777749216,20.687622225078485,0.8980567733518202,0.48,988.621943226648,0.5349,0.5349,0.5349,0.5349,18.7746654517266,18.7746654517266,18.7746654517266,18.7746654517266,,0.9363601961729388,0.9363601961729388,0.9363601961729388,0.9363601961729388,47.4118109758985,47.4118109758985,47.4118109758985,47.4118109758985,0.9656173314846944,0.9656173314846944,0.9656173314846944,0.9656173314846944,0.98,0.98,0.98,0.98,46.46357475638053,46.46357475638053,46.46357475638053,46.46357475638053,185.8542990255221,4460.50317661253,0.1284687872696291,4.693290379432376e-05,0.235
1974-02-12,1974-02-23,1579.4263,0.9567215637917794,1511.0711996298642,0.229,1974,2,12,1974.02,1973,5,135,20,0.1305565516480202,64.3828407255901,0.0426074170041495,0.15,2,Mod_Wet,49,8,7,5,93,162.0,0.1072087139505284,1349.0711996298642,1100.0,,4,275.0,275.0,275.0,275.0,249.07119962986417,51.0,9.999999999999998,10.762335786475612,7.687382704625437,169.62148113876313,100.0,18.0,17.76233578647561,12.687382704625437,262.6214811387631,1235.7623357864757,990.0,969.5203838757272,20.479616124272752,0.9075414425583064,0.48,988.6124585574416,0.5349,0.5349,0.5349,0.5349,18.557174681714397,18.557174681714397,18.557174681714397,18.557174681714397,,0.9356751002474004,0.9356751002474004,0.9356751002474004,0.9356751002474004,46.82829241001296,46.82829241001296,46.82829241001296,46.82829241001296,0.9537330429737872,0.9537330429737872,0.9537330429737872,0.9537330429737872,0.98,0.98,0.98,0.98,45.891726561812696,45.891726561812696,45.891726561812696,45.891726561812696,183.5669062472508,4405.605749934019,0.121481308287932,4.635527935536636e-05,0.23
1974-02-13,1974-02-24,1612.0655,0.96221627423111,1551.1556592265113,0.223,1974,2,13,1974.02,1973,5,136,20,0.1340198489571705,40.08445959664709,0.0258416744691086,0.15,2,Mod_Wet,49,8,7,5,93,162.0,0.1044382612643671,1389.1556592265113,1100.0,,4,275.0,275.0,275.0,275.0,289.15565922651126,51.000000000000014,10.0,12.494380336948018,8.924557383534298,206.7367215060289,100.0,18.0,19.49438033694802,13.924557383534298,299.73672150602897,1237.494380336948,990.0,969.649887514424,20.35011248557589,0.9120280169894563,0.48,988.6079719830104,0.5349,0.5349,0.5349,0.5349,18.423184468586435,18.423184468586435,18.423184468586435,18.423184468586435,,0.9352530310760472,0.9352530310760472,0.9352530310760472,0.9352530310760472,46.469202406843245,46.469202406843245,46.469202406843245,46.469202406843245,0.9464196009540377,0.9464196009540377,0.9464196009540377,0.9464196009540377,0.98,0.98,0.98,0.98,45.53981835870638,45.53981835870638,45.53981835870638,45.53981835870638,182.1592734348255,4371.822562435812,0.1174345542636641,4.599981652394583e-05,0.225
1974-02-14,1974-02-25,1645.1264,0.9659758417726594,1589.152359062425,0.219,1974,2,14,1974.02,1973,5,137,20,0.1373027638229935,37.99669983591366,0.0239100421172524,0.15,2,Mod_Wet,49,8,7,5,93,162.0,0.1019411380388835,1427.152359062425,1100.0,,4,275.0,275.0,275.0,275.0,327.1523590624249,51.0,10.0,14.13621304590725,10.097295032790893,241.9188509837268,100.0,18.0,21.136213045907247,15.097295032790893,334.9188509837268,1239.1362130459072,990.0,969.7726460831248,20.227353916875245,0.9162809125920736,0.48,988.603719087408,0.5349,0.5349,0.5349,0.5349,18.296173004283094,18.296173004283094,18.296173004283094,18.296173004283094,,0.9348529449634916,0.9348529449634916,0.9348529449634916,0.9348529449634916,46.12909687730145,46.12909687730145,46.12909687730145,46.12909687730145,0.9394928080916792,0.9394928080916792,0.9394928080916792,0.9394928080916792,0.98,0.98,0.98,0.98,45.20651493975542,45.20651493975542,45.20651493975542,45.20651493975542,180.8260597590217,4339.82543421652,0.1137877427093939,4.566314640379335e-05,0.22
1974-02-15,1974-02-26,1656.2409,0.9717907482149442,1609.5195834351923,0.217,1974,2,15,1974.02,1973,5,138,20,0.1390624920088006,20.367224372767623,0.0126542258835384,0.15,2,Mod_Wet,49,8,7,5,93,162.0,0.1006511518513145,1447.5195834351923,1100.0,,4,275.0,275.0,275.0,275.0,347.5195834351923,51.0,10.0,15.016278296582383,10.725913068987415,260.7773920696225,100.0,18.0,22.016278296582385,15.725913068987415,353.7773920696225,1240.0162782965824,990.0,969.8384478849443,20.161552115055542,0.9185605758087882,0.48,988.6014394241912,0.5349,0.5349,0.5349,0.5349,18.22809153924674,18.22809153924674,18.22809153924674,18.22809153924674,,0.9346384883486274,0.9346384883486274,0.9346384883486274,0.9346384883486274,45.94690426008512,45.94690426008512,45.94690426008512,45.94690426008512,0.9357821641565196,0.9357821641565196,0.9357821641565196,0.9357821641565196,0.98,0.98,0.98,0.98,45.02796617488342,45.02796617488342,45.02796617488342,45.02796617488342,180.11186469953367,4322.684752788808,0.1119041150870134,4.5482794116043854e-05,0.215
1974-02-16,1974-02-27,1758.4044,0.981668277899988,1726.1698191997614,0.204,1974,2,16,1974.02,1973,5,139,20,0.1491410723788594,116.65023576456883,0.0675774969919512,0.15,2,Mod_Wet,49,8,7,5,93,162.0,0.0938493989398458,1564.1698191997614,1100.0,,4,275.0,275.0,275.0,275.0,464.1698191997614,51.0,10.0,18.0,14.326228987646957,370.84359021211446,100.0,18.0,25.0,19.32622898764696,463.84359021211446,1243.0,990.0,970.2153178774146,19.784682122585423,0.9262894125183112,0.48,988.5937105874816,0.5349,0.5349,0.5349,0.5349,17.843492710067146,17.843492710067146,17.843492710067146,17.843492710067146,,0.9331163350661948,0.9331163350661948,0.9331163350661948,0.9331163350661948,44.904209282423466,44.904209282423466,44.904209282423466,44.904209282423466,0.9145460138986448,0.9145460138986448,0.9145460138986448,0.9145460138986448,0.98,0.98,0.98,0.98,44.006125096774994,44.006125096774994,44.006125096774994,44.006125096774994,176.02450038709998,4224.588009290399,0.1019740343210864,4.445063141088383e-05,0.205
1974-02-17,1974-02-28,1864.4507,0.9977817706837708,1860.314920798596,0.19,1974,2,17,1974.02,1973,5,140,20,0.1607312091569987,134.14510159883457,0.0721088134589861,0.15,2,Mod_Wet,49,8,7,5,93,162.0,0.0870820301384545,1698.314920798596,1100.0,,4,275.0,275.0,275.0,275.0,598.314920798596,51.0,10.000000000000004,18.000000000000004,18.46650990119123,500.84841089740473,100.0,18.0,25.0,23.46650990119123,593.8484108974047,1243.0,990.0,970.6487097441186,19.351290255881395,0.9262894125183112,0.48,988.5937105874816,0.5349,0.5349,0.5349,0.5349,17.410100843363118,17.410100843363118,17.410100843363118,17.410100843363118,,0.9308908678306697,0.9308908678306697,0.9308908678306697,0.9308908678306697,43.70905829814181,43.70905829814181,43.70905829814181,43.70905829814181,0.8902048533226438,0.8902048533226438,0.8902048533226438,0.8902048533226438,0.9790204853322644,0.9790204853322644,0.9790204853322644,0.9790204853322644,42.79206346846304,42.79206346846304,42.79206346846304,42.79206346846304,171.16825387385214,4108.038092972452,0.0920103644604285,4.3224306533801046e-05,0.19
1974-02-18,1974-03-01,1888.5499,0.9960254141200148,1881.0436962338129,0.188,1974,2,18,1974.02,1973,5,141,21,0.1625221753546014,20.728775435216907,0.0110198266402421,0.15,2,Mod_Wet,49,8,7,5,93,162.0,0.0861224012628484,1719.0436962338129,1100.0,,4,275.0,275.0,275.0,275.0,619.0436962338129,51.0,10.0,18.0,19.10628692079669,520.9374093130161,100.0,18.0,25.0,24.10628692079669,613.9374093130161,1243.0,990.0,970.7156796339862,19.284320366013844,0.9262894125183112,0.48,988.5937105874816,0.5349,0.5349,0.5349,0.5349,17.343130953495567,17.343130953495567,17.343130953495567,17.343130953495567,,0.9305469774461996,0.9305469774461996,0.9305469774461996,0.9305469774461996,43.52484162162183,43.52484162162183,43.52484162162183,43.52484162162183,0.886452986183744,0.886452986183744,0.886452986183744,0.886452986183744,0.9786452986183743,0.9786452986183743,0.9786452986183743,0.9786452986183743,42.59538162610955,42.59538162610955,42.59538162610955,42.59538162610955,170.3815265044382,4089.156636106517,0.0905781863789621,4.302563800617127e-05,0.19
1974-02-19,1974-03-02,2024.6043,1.0084233130046596,2041.65817572948,0.172,1974,2,19,1974.02,1973,5,142,21,0.176399266383027,160.61447949566718,0.078668643656904,0.15,2,Mod_Wet,49,8,7,5,93,162.0,0.0793472687670245,1879.65817572948,1100.0,,4,275.0,275.0,275.0,275.0,779.65817572948,51.0,10.0,18.0,24.0635239422679,676.5946517872122,100.0,18.0,25.0,29.0635239422679,769.5946517872122,1243.0,990.0,971.200554217278,18.79944578272193,0.9262894125183112,0.48,988.5937105874816,0.5349,0.5349,0.5349,0.5349,16.858256370203655,16.858256370203655,16.858256370203655,16.858256370203655,,0.9280791167236142,0.9280791167236142,0.9280791167236142,0.9280791167236142,42.19578276633541,42.19578276633541,42.19578276633541,42.19578276633541,0.8593845777257721,0.8593845777257721,0.8593845777257721,0.8593845777257721,0.9759384577725772,0.9759384577725772,0.9759384577725772,0.9759384577725772,41.18048715748407,41.18048715748407,41.18048715748407,41.18048715748407,164.7219486299363,3953.3267671184713,0.0806804736405404,4.159645167422634e-05,0.17
1974-02-20,1974-03-03,2075.5648,1.01276353090847,2102.056335477332,0.166,1974,2,20,1974.02,1973,5,143,21,0.1816176673852414,60.39815974785165,0.0287328929907754,0.15,2,Mod_Wet,49,8,7,5,93,162.0,0.0770673921844312,1940.056335477332,1100.0,,4,275.0,275.0,275.0,275.0,840.0563354773321,50.99999999999997,10.0,18.0,25.9276646752263,735.1286708021058,100.0,18.0,25.0,30.9276646752263,828.1286708021058,1243.0,990.0,971.3463428787384,18.65365712126163,0.9262894125183112,0.48,988.5937105874816,0.5349,0.5349,0.5349,0.5349,16.712467708743354,16.712467708743354,16.712467708743354,16.712467708743354,,0.9273530891895418,0.9273530891895418,0.9273530891895418,0.9273530891895418,41.79815358995128,41.79815358995128,41.79815358995128,41.79815358995128,0.8512862238279282,0.8512862238279282,0.8512862238279282,0.8512862238279282,0.9751286223827929,0.9751286223827929,0.9751286223827929,0.9751286223827929,40.75857592831357,40.75857592831357,40.75857592831357,40.75857592831357,163.03430371325427,3912.8232891181024,0.0775594359492904,4.117027871546825e-05,0.165
1974-02-21,1974-03-04,2140.3921,1.0098948620755834,2161.5709846171685,0.159,1974,2,21,1974.02,1973,5,144,21,0.1867597330709233,59.51464913983682,0.0275330533039965,0.17,2,Mod_Wet,49,8,7,5,93,162.0,0.0749454915674173,1999.5709846171685,1100.0,,4,275.0,275.0,275.0,275.0,899.5709846171685,51.0,10.0,18.0,27.76453656225829,792.8064480549102,100.0,18.0,25.0,32.764536562258286,885.8064480549102,1243.0,990.0,971.4899989283864,18.510001071613715,0.9262894125183112,0.48,988.5937105874816,0.5349,0.5349,0.5349,0.5349,16.568811659095438,16.568811659095438,16.568811659095438,16.568811659095438,,0.9266376820622952,0.9266376820622952,0.9266376820622952,0.9266376820622952,41.40689943250229,41.40689943250229,41.40689943250229,41.40689943250229,0.8433177073829388,0.8433177073829388,0.8433177073829388,0.8433177073829388,0.9743317707382938,0.9743317707382938,0.9743317707382938,0.9743317707382938,40.34405764485241,40.34405764485241,40.34405764485241,40.34405764485241,161.37623057940965,3873.029533905832,0.0746569193090786,4.07515733786388e-05,0.16
1974-02-22,1974-03-05,2219.8507,1.0053779694075775,2231.78898915399,0.151,1974,2,22,1974.02,1973,5,145,21,0.1928265686629047,70.21800453682135,0.0314626538969703,0.17,2,Mod_Wet,49,8,7,5,93,162.0,0.0725875075050933,2069.78898915399,1100.0,,4,275.0,275.0,275.0,275.0,969.78898915399,51.0,10.0,18.0,29.931758924505857,860.857230229484,100.0,18.0,25.0,34.93175892450586,953.857230229484,1243.0,990.0,971.6594906634753,18.34050933652486,0.9262894125183112,0.48,988.5937105874816,0.5349,0.5349,0.5349,0.5349,16.399319924006583,16.399319924006583,16.399319924006583,16.399319924006583,,0.9257936132215528,0.9257936132215528,0.9257936132215528,0.9257936132215528,40.94599339445112,40.94599339445112,40.94599339445112,40.94599339445112,0.833930619031591,0.833930619031591,0.833930619031591,0.833930619031591,0.9733930619031592,0.9733930619031592,0.9733930619031592,0.9733930619031592,39.8565458828913,39.8565458828913,39.8565458828913,39.8565458828913,159.4261835315652,3826.228404757565,0.0714342548988017,4.025913725544576e-05,0.15
1974-02-23,1974-03-06,2301.1428,1.0040153765184947,2310.3827547648234,0.142,1974,2,23,1974.02,1973,5,146,21,0.1996170700116807,78.59376561083354,0.0340176386136649,0.17,2,Mod_Wet,49,8,7,5,93,162.0,0.0701182519069184,2148.3827547648234,1100.0,,4,275.0,275.0,275.0,275.0,1048.3827547648234,51.0,10.0,18.0,32.357492431013064,937.0252623338102,100.0,18.0,25.0,37.35749243101306,1030.02526233381,1243.0,990.0,971.8491997528806,18.150800247119378,0.9262894125183112,0.48,988.5937105874816,0.5349,0.5349,0.5349,0.5349,16.2096108346011,16.2096108346011,16.2096108346011,16.2096108346011,,0.9248488619563136,0.9248488619563136,0.9248488619563136,0.9248488619563136,40.4310246718807,40.4310246718807,40.4310246718807,40.4310246718807,0.823442457675778,0.823442457675778,0.823442457675778,0.823442457675778,0.9723442457675776,0.9723442457675776,0.9723442457675776,0.9723442457675776,39.312874190190165,39.312874190190165,39.312874190190165,39.312874190190165,157.25149676076066,3774.035922258256,0.0680629633494505,3.9709973929485015e-05,0.14
1974-02-24,1974-03-07,2412.4143,1.0045395565552413,2423.365591149523,0.13,1974,2,24,1974.02,1973,5,147,21,0.2093787870753188,112.98283638469955,0.0466222829924337,0.17,2,Mod_Wet,49,8,7,5,93,162.0,0.0668491789235793,2261.365591149523,1100.0,,4,275.0,275.0,275.0,275.0,1161.365591149523,51.0,9.999999999999991,18.0,35.84461701078774,1046.5209741387353,100.0,18.0,25.0,40.84461701078774,1139.5209741387353,1243.0,990.0,972.121916944154,17.87808305584599,0.9262894125183112,0.48,988.5937105874816,0.5349,0.5349,0.5349,0.5349,15.936893643327714,15.936893643327714,15.936893643327714,15.936893643327714,,0.9231329173014402,0.9231329173014402,0.9231329173014402,0.9231329173014402,39.677043633437954,39.677043633437954,39.677043633437954,39.677043633437954,0.8080864283795917,0.8080864283795917,0.8080864283795917,0.8080864283795917,0.9708086428379592,0.9708086428379592,0.9708086428379592,0.9708086428379592,38.51881688160039,38.51881688160039,38.51881688160039,38.51881688160039,154.07526752640155,3697.806420633637,0.0635790439911775,3.890789584000039e-05,0.13
1974-02-25,1974-03-08,2469.2967,1.0111383888554557,2496.800686844093,0.124,1974,2,25,1974.02,1973,5,148,22,0.2157235793433296,73.43509569457002,0.0294116771440777,0.17,2,Mod_Wet,49,8,7,5,93,162.0,0.0648830324557323,2334.800686844093,1100.0,,4,275.0,275.0,275.0,275.0,1234.800686844093,51.0,10.000000000000009,18.0,38.11113231000287,1117.68955453409,100.0,18.0,25.0,43.11113231000287,1210.68955453409,1243.0,990.0,972.2991740716926,17.70082592830738,0.9262894125183112,0.48,988.5937105874816,0.5349,0.5349,0.5349,0.5349,15.759636515789104,15.759636515789104,15.759636515789104,15.759636515789104,,0.921245128893154,0.921245128893154,0.921245128893154,0.921245128893154,39.15550183346031,39.15550183346031,39.15550183346031,39.15550183346031,0.797464395793489,0.797464395793489,0.797464395793489,0.797464395793489,0.97,0.97,0.97,0.97,37.980836778456506,37.980836778456506,37.980836778456506,37.980836778456506,151.92334711382605,3646.1603307318246,0.0608472065529003,3.836448159440051e-05,0.125
1974-02-26,1974-03-09,2541.5783,1.0133665021153897,2575.550311723379,0.118,1974,2,26,1974.02,1973,5,149,22,0.2225275469328999,78.74962487928588,0.0305758441296346,0.17,2,Mod_Wet,49,8,7,5,93,162.0,0.0628991789687078,2413.550311723379,1100.0,,4,275.0,275.0,275.0,275.0,1313.5503117233789,51.0,10.0,18.0,40.541676287758605,1194.00863543562,100.0,18.0,25.0,45.541676287758605,1287.00863543562,1243.0,990.0,972.4892593731254,17.51074062687462,0.9262894125183112,0.48,988.5937105874816,0.5349,0.5349,0.5349,0.5349,15.569551214356345,15.569551214356345,15.569551214356345,15.569551214356345,,0.919220720432895,0.919220720432895,0.919220720432895,0.919220720432895,38.598221414013466,38.598221414013466,38.598221414013466,38.598221414013466,0.7861144890837772,0.7861144890837772,0.7861144890837772,0.7861144890837772,0.97,0.97,0.97,0.97,37.44027477159306,37.44027477159306,37.44027477159306,37.44027477159306,149.76109908637224,3594.266378072933,0.0581472232961982,3.781845936524551e-05,0.12
1974-02-27,1974-03-10,2600.3529,1.0174076948207036,2645.619049709331,0.113,1974,2,27,1974.02,1973,5,150,22,0.2285814858948862,70.06873798595234,0.0264848176057889,0.17,2,Mod_Wet,49,8,7,5,93,162.0,0.0612333056861677,2483.619049709331,1100.0,,4,275.0,275.0,275.0,275.0,1383.6190497093312,51.0,10.0,18.000000000000007,42.70429165769541,1261.9147580516358,100.0,18.0,25.0,47.70429165769541,1354.9147580516358,1243.0,990.0,972.6583908096432,17.341609190356735,0.9262894125183112,0.48,988.5937105874816,0.5349,0.5349,0.5349,0.5349,15.400419777838458,15.400419777838458,15.400419777838458,15.400419777838458,,0.9174194706339796,0.9174194706339796,0.9174194706339796,0.9174194706339796,38.10411727559656,38.10411727559656,38.10411727559656,38.10411727559656,0.7760512683420887,0.7760512683420887,0.7760512683420887,0.7760512683420887,0.97,0.97,0.97,0.97,36.96099375732866,36.96099375732866,36.96099375732866,36.96099375732866,147.84397502931463,3548.2554007035515,0.0558825636841244,3.733433712861481e-05,0.115
1974-02-28,1974-03-11,2659.9765,1.0168576574949744,2704.817472781681,0.109,1974,2,28,1974.02,1973,5,151,22,0.2336962296483372,59.19842307234967,0.0218862912814109,0.17,2,Mod_Wet,49,8,7,5,93,162.0,0.0598931357217965,2542.817472781681,1100.0,,4,275.0,275.0,275.0,275.0,1442.8174727816809,51.0,10.0,18.0,44.53140348091608,1319.286069300765,100.0,18.0,25.0,49.53140348091608,1412.286069300765,1243.0,990.0,972.8012835549904,17.198716445009723,0.9262894125183112,0.48,988.5937105874816,0.5349,0.5349,0.5349,0.5349,15.257527032491446,15.257527032491446,15.257527032491446,15.257527032491446,,0.915897662896034,0.915897662896034,0.915897662896034,0.915897662896034,37.68794801932842,37.68794801932842,37.68794801932842,37.68794801932842,0.7675753160759351,0.7675753160759351,0.7675753160759351,0.7675753160759351,0.97,0.97,0.97,0.97,36.557309578748566,36.557309578748566,36.557309578748566,36.557309578748566,146.22923831499426,3509.501719559862,0.0540625161536721,3.6926575332069256e-05,0.11
1974-03-01,1974-03-12,2705.2546,1.016250048483886,2749.2151184112568,0.106,1974,3,1,1974.03,1973,6,152,22,0.2375321862307325,44.39764562957589,0.0161492075801012,0.17,2,Mod_Wet,59,11,12,13,144,239.0,0.0869339028435561,2510.2151184112568,1100.0,,4,275.0,275.0,275.0,275.0,1410.2151184112568,41.0,7.0,13.0,67.0,1282.2151184112568,100.0,18.0,25.0,80.0,1426.2151184112568,1243.0,990.0,972.9084502858204,17.091549714179678,0.9262894125183112,0.48,988.5937105874816,0.5349,0.5349,0.5349,0.5349,15.1503603016614,15.1503603016614,15.1503603016614,15.1503603016614,,0.914756337212694,0.914756337212694,0.914756337212694,0.914756337212694,37.376599019073694,37.376599019073694,37.376599019073694,37.376599019073694,0.7612341959078145,0.7612341959078145,0.7612341959078145,0.7612341959078145,0.97,0.97,0.97,0.97,36.25530104850148,36.25530104850148,36.25530104850148,36.25530104850148,145.02120419400592,3480.508900656142,0.0527500388102813,3.662151621060756e-05,0.105
1974-03-02,1974-03-13,2751.0152,1.018827290046873,2802.809361093756,0.101,1974,3,2,1974.03,1973,6,153,22,0.2421627287985004,53.5942426824986,0.0191216154143228,0.17,2,Mod_Wet,59,11,12,13,144,239.0,0.0852715861869155,2563.809361093756,1100.0,,4,275.0,275.0,275.0,275.0,1463.8093610937558,41.0,7.0,13.0,67.0,1335.8093610937558,100.0,18.0,25.0,80.0,1479.8093610937558,1243.0,990.0,973.0378156991918,16.96218430080819,0.9262894125183112,0.48,988.5937105874816,0.5349,0.5349,0.5349,0.5349,15.020994888289913,15.020994888289913,15.020994888289913,15.020994888289913,,0.9133785955602876,0.9133785955602876,0.9133785955602876,0.9133785955602876,37.00163558440257,37.00163558440257,37.00163558440257,37.00163558440257,0.7535974660774454,0.7535974660774454,0.7535974660774454,0.7535974660774454,0.97,0.97,0.97,0.97,35.89158651687049,35.89158651687049,35.89158651687049,35.89158651687049,143.56634606748196,3445.592305619567,0.0512223014737817,3.625412779481868e-05,0.1
1974-03-03,1974-03-14,2766.3764,1.0193217385998146,2819.8276016694963,0.1,1974,3,3,1974.03,1973,6,154,22,0.2436331047842445,17.018240575740947,0.0060352060408463,0.17,2,Mod_Wet,59,11,12,13,144,239.0,0.0847569545948477,2580.8276016694963,1100.0,,4,275.0,275.0,275.0,275.0,1480.8276016694963,41.0,7.0,13.0,67.0,1352.8276016694963,100.0,18.0,25.0,80.0,1496.8276016694963,1243.0,990.0,973.0788942109264,16.921105789073636,0.9262894125183112,0.48,988.5937105874816,0.5349,0.5349,0.5349,0.5349,14.97991637655536,14.97991637655536,14.97991637655536,14.97991637655536,,0.9129312684348267,0.9129312684348267,0.9129312684348267,0.9129312684348267,36.88237374931344,36.88237374931344,36.88237374931344,36.88237374931344,0.7511685081326566,0.7511685081326566,0.7511685081326566,0.7511685081326566,0.97,0.97,0.97,0.97,35.77590253683403,35.77590253683403,35.77590253683403,35.77590253683403,143.10361014733613,3434.4866435360677,0.0507490635465128,3.613727528973135e-05,0.1
1974-03-04,1974-03-15,2781.7915,1.0178649970908706,2831.488197054909,0.099,1974,3,4,1974.03,1973,6,155,23,0.2446405802255441,11.660595385412762,0.004118186117654,0.17,2,Mod_Wet,59,11,12,13,144,239.0,0.0844079096810606,2592.488197054909,1100.0,,4,275.0,275.0,275.0,275.0,1492.488197054909,41.0,7.0,13.0,67.0,1364.488197054909,100.0,18.0,25.0,80.0,1508.488197054909,1243.0,990.0,973.1070404756498,16.892959524350204,0.9262894125183112,0.48,988.5937105874816,0.5349,0.5349,0.5349,0.5349,14.951770111831928,14.951770111831928,14.951770111831928,14.951770111831928,,0.9126177190458076,0.9126177190458076,0.9126177190458076,0.9126177190458076,36.80043064944319,36.80043064944319,36.80043064944319,36.80043064944319,0.7494996058949732,0.7494996058949732,0.7494996058949732,0.7494996058949732,0.97,0.97,0.97,0.97,35.69641772995989,35.69641772995989,35.69641772995989,35.69641772995989,142.78567091983956,3426.856102076149,0.0504277824884998,3.605698760602009e-05,0.1
1974-03-05,1974-03-16,2797.2606,1.0153902476925185,2840.311133494523,0.098,1974,3,5,1974.03,1973,6,156,23,0.2454028819339268,8.822936439613839,0.0031063274496828,0.17,2,Mod_Wet,59,11,12,13,144,239.0,0.084145711074248,2601.311133494523,1100.0,,4,275.0,275.0,275.0,275.0,1501.311133494523,41.0,7.0,13.0,67.0,1373.3111334945231,100.0,18.0,25.0,80.0,1517.3111334945231,1243.0,990.0,973.1283372187798,16.871662781220152,0.9262894125183112,0.48,988.5937105874816,0.5349,0.5349,0.5349,0.5349,14.930473368701875,14.930473368701875,14.930473368701875,14.930473368701875,,0.9123804733273388,0.9123804733273388,0.9123804733273388,0.9123804733273388,36.73846041128599,36.73846041128599,36.73846041128599,36.73846041128599,0.7482374829182483,0.7482374829182483,0.7482374829182483,0.7482374829182483,0.97,0.97,0.97,0.97,35.636306598947414,35.636306598947414,35.636306598947414,35.636306598947414,142.54522639578963,3421.085433498952,0.050186482992943,3.5996269291866074e-05,0.1
1974-03-06,1974-03-17,2797.2606,1.0153902476925185,2840.311133494523,0.098,1974,3,6,1974.03,1973,6,157,23,0.2454028819339268,0.0,0.0,0.17,2,Mod_Wet,59,11,12,13,144,239.0,0.084145711074248,2601.311133494523,1100.0,,4,275.0,275.0,275.0,275.0,1501.311133494523,41.0,7.0,13.0,67.0,1373.3111334945231,100.0,18.0,25.0,80.0,1517.3111334945231,1243.0,990.0,973.1283372187798,16.871662781220152,0.9262894125183112,0.48,988.5937105874816,0.5349,0.5349,0.5349,0.5349,14.930473368701875,14.930473368701875,14.930473368701875,14.930473368701875,,0.9123804733273388,0.9123804733273388,0.9123804733273388,0.9123804733273388,36.73846041128599,36.73846041128599,36.73846041128599,36.73846041128599,0.7482374829182483,0.7482374829182483,0.7482374829182483,0.7482374829182483,0.97,0.97,0.97,0.97,35.636306598947414,35.636306598947414,35.636306598947414,35.636306598947414,142.54522639578963,3421.085433498952,0.050186482992943,3.5996269291866074e-05,0.1
1974-03-07,1974-03-18,2797.2606,1.0153902476925185,2840.311133494523,0.098,1974,3,7,1974.03,1973,6,158,23,0.2454028819339268,0.0,0.0,0.17,2,Mod_Wet,59,11,12,13,144,239.0,0.084145711074248,2601.311133494523,1100.0,,4,275.0,275.0,275.0,275.0,1501.311133494523,41.0,7.0,13.0,67.0,1373.3111334945231,100.0,18.0,25.0,80.0,1517.3111334945231,1243.0,990.0,973.1283372187798,16.871662781220152,0.9262894125183112,0.48,988.5937105874816,0.5349,0.5349,0.5349,0.5349,14.930473368701875,14.930473368701875,14.930473368701875,14.930473368701875,,0.9123804733273388,0.9123804733273388,0.9123804733273388,0.9123804733273388,36.73846041128599,36.73846041128599,36.73846041128599,36.73846041128599,0.7482374829182483,0.7482374829182483,0.7482374829182483,0.7482374829182483,0.97,0.97,0.97,0.97,35.636306598947414,35.636306598947414,35.636306598947414,35.636306598947414,142.54522639578963,3421.085433498952,0.050186482992943,3.5996269291866074e-05,0.1
1974-03-08,1974-03-19,2797.2606,1.0153902476925185,2840.311133494523,0.098,1974,3,8,1974.03,1973,6,159,23,0.2454028819339268,0.0,0.0,0.17,2,Mod_Wet,59,11,12,13,144,239.0,0.084145711074248,2601.311133494523,1100.0,,4,275.0,275.0,275.0,275.0,1501.311133494523,41.0,7.0,13.0,67.0,1373.3111334945231,100.0,18.0,25.0,80.0,1517.3111334945231,1243.0,990.0,973.1283372187798,16.871662781220152,0.9262894125183112,0.48,988.5937105874816,0.5349,0.5349,0.5349,0.5349,14.930473368701875,14.930473368701875,14.930473368701875,14.930473368701875,,0.9123804733273388,0.9123804733273388,0.9123804733273388,0.9123804733273388,36.73846041128599,36.73846041128599,36.73846041128599,36.73846041128599,0.7482374829182483,0.7482374829182483,0.7482374829182483,0.7482374829182483,0.97,0.97,0.97,0.97,35.636306598947414,35.636306598947414,35.636306598947414,35.636306598947414,142.54522639578963,3421.085433498952,0.050186482992943,3.5996269291866074e-05,0.1
1974-03-09,1974-03-20,2751.0152,1.018827290046873,2802.809361093756,0.101,1974,3,9,1974.03,1973,6,160,23,0.2421627287985004,37.50177240076754,0.0133800653449127,0.17,2,Mod_Wet,59,11,12,13,144,239.0,0.0852715861869155,2563.809361093756,1100.0,,4,275.0,275.0,275.0,275.0,1463.8093610937558,41.0,7.0,13.0,67.0,1335.8093610937558,100.0,18.0,25.0,80.0,1479.8093610937558,1243.0,990.0,973.0378156991918,16.96218430080819,0.9262894125183112,0.48,988.5937105874816,0.5349,0.5349,0.5349,0.5349,15.020994888289913,15.020994888289913,15.020994888289913,15.020994888289913,,0.9133785955602876,0.9133785955602876,0.9133785955602876,0.9133785955602876,37.00163558440257,37.00163558440257,37.00163558440257,37.00163558440257,0.7535974660774454,0.7535974660774454,0.7535974660774454,0.7535974660774454,0.97,0.97,0.97,0.97,35.89158651687049,35.89158651687049,35.89158651687049,35.89158651687049,143.56634606748196,3445.592305619567,0.0512223014737817,3.625412779481868e-05,0.1
1974-03-10,1974-03-21,2735.7079,1.0169969211617809,2782.206511497961,0.102,1974,3,10,1974.03,1973,6,161,23,0.2403826425934238,20.6028495957944,0.0074052193863573,0.17,2,Mod_Wet,59,11,12,13,144,239.0,0.0859030409900523,2543.206511497961,1100.0,,4,275.0,275.0,275.0,275.0,1443.206511497961,41.0,7.0,13.0,67.0,1315.206511497961,100.0,18.0,25.0,80.0,1459.206511497961,1243.0,990.0,972.988084682926,17.011915317073885,0.9262894125183112,0.48,988.5937105874816,0.5349,0.5349,0.5349,0.5349,15.070725904555609,15.070725904555609,15.070725904555609,15.070725904555609,,0.9139082308835172,0.9139082308835172,0.9139082308835172,0.9139082308835172,37.14566633379473,37.14566633379473,37.14566633379473,37.14566633379473,0.7565308825620107,0.7565308825620107,0.7565308825620107,0.7565308825620107,0.97,0.97,0.97,0.97,36.03129634378089,36.03129634378089,36.03129634378089,36.03129634378089,144.12518537512355,3459.004449002965,0.0518024757614148,3.63952488321019e-05,0.1
1974-03-11,1974-03-22,2720.4544,1.0178994636696477,2769.1490746977324,0.103,1974,3,11,1974.03,1973,6,162,24,0.239254480053884,13.057436800228515,0.004715324617059,0.25,2,Mod_Wet,59,11,12,13,144,239.0,0.086308101713913,2530.1490746977324,1100.0,,4,275.0,275.0,275.0,275.0,1430.1490746977324,41.0,7.0,13.0,67.0,1302.1490746977322,100.0,18.0,25.0,80.0,1446.1490746977322,1243.0,990.0,972.956566732029,17.043433267970954,0.9262894125183112,0.48,988.5937105874816,0.5349,0.5349,0.5349,0.5349,15.102243855452675,15.102243855452675,15.102243855452675,15.102243855452675,,0.914243897060571,0.914243897060571,0.914243897060571,0.914243897060571,37.237022036202646,37.237022036202646,37.237022036202646,37.237022036202646,0.7583914874990355,0.7583914874990355,0.7583914874990355,0.7583914874990355,0.97,0.97,0.97,0.97,36.119911375116565,36.119911375116565,36.119911375116565,36.119911375116565,144.47964550046626,3467.51149201119,0.0521747445165035,3.64847589647642e-05,0.105
1974-03-12,1974-03-23,2705.2546,1.016250048483886,2749.2151184112568,0.106,1974,3,12,1974.03,1973,6,163,24,0.2375321862307325,19.93395628647568,0.0072507808330383,0.25,2,Mod_Wet,59,11,12,13,144,239.0,0.0869339028435561,2510.2151184112568,1100.0,,4,275.0,275.0,275.0,275.0,1410.2151184112568,41.0,7.0,13.0,67.0,1282.2151184112568,100.0,18.0,25.0,80.0,1426.2151184112568,1243.0,990.0,972.9084502858204,17.091549714179678,0.9262894125183112,0.48,988.5937105874816,0.5349,0.5349,0.5349,0.5349,15.1503603016614,15.1503603016614,15.1503603016614,15.1503603016614,,0.914756337212694,0.914756337212694,0.914756337212694,0.914756337212694,37.376599019073694,37.376599019073694,37.376599019073694,37.376599019073694,0.7612341959078145,0.7612341959078145,0.7612341959078145,0.7612341959078145,0.97,0.97,0.97,0.97,36.25530104850148,36.25530104850148,36.25530104850148,36.25530104850148,145.02120419400592,3480.508900656142,0.0527500388102813,3.662151621060756e-05,0.105
1974-03-13,1974-03-24,2690.1084,1.0194753303873465,2742.499149867776,0.106,1974,3,13,1974.03,1973,6,164,24,0.2369519265485758,6.7159685434808125,0.0024488498178038,0.25,2,Mod_Wet,59,11,12,13,144,239.0,0.0871467909156956,2503.499149867776,1100.0,,4,275.0,275.0,275.0,275.0,1403.499149867776,41.0,7.0,13.0,67.0,1275.499149867776,100.0,18.0,25.0,80.0,1419.499149867776,1243.0,990.0,972.892239327267,17.10776067273298,0.9262894125183112,0.48,988.5937105874816,0.5349,0.5349,0.5349,0.5349,15.166571260214702,15.166571260214702,15.166571260214702,15.166571260214702,,0.9149289839212866,0.9149289839212866,0.9149289839212866,0.9149289839212866,37.42365398772122,37.42365398772122,37.42365398772122,37.42365398772122,0.7621925455747703,0.7621925455747703,0.7621925455747703,0.7621925455747703,0.97,0.97,0.97,0.97,36.30094436808959,36.30094436808959,36.30094436808959,36.30094436808959,145.20377747235835,3484.8906593366005,0.0529457875964552,3.6667620573827867e-05,0.105
1974-03-14,1974-03-25,2675.0157,1.01532983475929,2716.0232486595064,0.107,1974,3,14,1974.03,1973,6,165,24,0.2346644086841813,26.47590120826953,0.0097480392413197,0.25,2,Mod_Wet,59,11,12,13,144,239.0,0.0879963012532968,2477.0232486595064,1100.0,,4,275.0,275.0,275.0,275.0,1377.0232486595064,41.0,7.000000000000007,13.0,67.0,1249.0232486595066,100.0,18.0,25.0,80.0,1393.0232486595066,1243.0,990.0,972.8283319795228,17.171668020477114,0.9262894125183112,0.48,988.5937105874816,0.5349,0.5349,0.5349,0.5349,15.230478607958837,15.230478607958837,15.230478607958837,15.230478607958837,,0.9156095971747616,0.9156095971747616,0.9156095971747616,0.9156095971747616,37.60930261963179,37.60930261963179,37.60930261963179,37.60930261963179,0.7659735767745782,0.7659735767745782,0.7659735767745782,0.7659735767745782,0.97,0.97,0.97,0.97,36.48102354104284,36.48102354104284,36.48102354104284,36.48102354104284,145.92409416417135,3502.178259940112,0.0537271152727401,3.6849518728326094e-05,0.105
1974-03-15,1974-03-26,2659.9765,1.0168576574949744,2704.817472781681,0.109,1974,3,15,1974.03,1973,6,166,24,0.2336962296483372,11.205775877825545,0.004142895404436,0.25,2,Mod_Wet,59,11,12,13,144,239.0,0.0883608607253665,2465.817472781681,1100.0,,4,275.0,275.0,275.0,275.0,1365.8174727816809,41.0,6.999999999999993,13.0,67.0,1237.817472781681,100.0,18.0,25.0,80.0,1381.817472781681,1243.0,990.0,972.8012835549904,17.198716445009723,0.9262894125183112,0.48,988.5937105874816,0.5349,0.5349,0.5349,0.5349,15.257527032491446,15.257527032491446,15.257527032491446,15.257527032491446,,0.915897662896034,0.915897662896034,0.915897662896034,0.915897662896034,37.68794801932842,37.68794801932842,37.68794801932842,37.68794801932842,0.7675753160759351,0.7675753160759351,0.7675753160759351,0.7675753160759351,0.97,0.97,0.97,0.97,36.557309578748566,36.557309578748566,36.557309578748566,36.557309578748566,146.22923831499426,3509.501719559862,0.0540625161536721,3.6926575332069256e-05,0.11
1974-03-16,1974-03-27,2630.0582,1.019244741793797,2680.67299096166,0.11,1974,3,16,1974.03,1973,6,167,24,0.2316101464190874,24.144481820021163,0.0090068732372163,0.25,2,Mod_Wet,59,11,12,13,144,239.0,0.0891567157970512,2441.67299096166,1100.0,,4,275.0,275.0,275.0,275.0,1341.6729909616602,41.0,7.0,13.0,67.0,1213.6729909616604,100.0,18.0,25.0,80.0,1357.6729909616604,1243.0,990.0,972.7430037712868,17.256996228713206,0.9262894125183112,0.48,988.5937105874816,0.5349,0.5349,0.5349,0.5349,15.315806816194929,15.315806816194929,15.315806816194929,15.315806816194929,,0.916518342592476,0.916518342592476,0.916518342592476,0.916518342592476,37.85754386075632,37.85754386075632,37.85754386075632,37.85754386075632,0.7710294065327153,0.7710294065327153,0.7710294065327153,0.7710294065327153,0.97,0.97,0.97,0.97,36.72181754493363,36.72181754493363,36.72181754493363,36.72181754493363,146.88727017973451,3525.2944843136283,0.0547949230193274,3.709274499488245e-05,0.11
1974-03-17,1974-03-28,2585.5798,1.0179079879576662,2631.882331921985,0.115,1974,3,17,1974.03,1973,6,168,24,0.2273946334780595,48.79065903967465,0.0185383132246814,0.25,2,Mod_Wet,59,11,12,13,144,239.0,0.0908095309205808,2392.882331921985,1100.0,,4,275.0,275.0,275.0,275.0,1292.882331921985,41.0,7.000000000000007,13.0,67.0,1164.882331921985,100.0,18.0,25.0,80.0,1308.882331921985,1243.0,990.0,972.625233214984,17.374766785015936,0.9262894125183112,0.48,988.5937105874816,0.5349,0.5349,0.5349,0.5349,15.43357737249766,15.43357737249766,15.43357737249766,15.43357737249766,,0.9177725990171002,0.9177725990171002,0.9177725990171002,0.9177725990171002,38.20085507360978,38.20085507360978,38.20085507360978,38.20085507360978,0.7780214882608917,0.7780214882608917,0.7780214882608917,0.7780214882608917,0.97,0.97,0.97,0.97,37.054829421401486,37.054829421401486,37.054829421401486,37.054829421401486,148.21931768560594,3557.263624454543,0.0563168481690311,3.7429120627678274e-05,0.115
1974-03-18,1974-03-29,2570.8598,1.0179079879576662,2616.898726339248,0.115,1974,3,18,1974.03,1973,6,169,25,0.226100049955711,14.9836055827368,0.0057257109080782,0.25,2,Mod_Wet,59,11,12,13,144,239.0,0.0913294800423303,2377.898726339248,1100.0,,4,275.0,275.0,275.0,275.0,1277.8987263392478,41.0,7.0,13.0,67.0,1149.8987263392478,100.0,18.0,25.0,80.0,1293.8987263392478,1243.0,990.0,972.5890658911636,17.410934108836273,0.9262894125183112,0.48,988.5937105874816,0.5349,0.5349,0.5349,0.5349,15.469744696317996,15.469744696317996,15.469744696317996,15.469744696317996,,0.9181577810157866,0.9181577810157866,0.9181577810157866,0.9181577810157866,38.30644581887789,38.30644581887789,38.30644581887789,38.30644581887789,0.7801720126044377,0.7801720126044377,0.7801720126044377,0.7801720126044377,0.97,0.97,0.97,0.97,37.15725244431155,37.15725244431155,37.15725244431155,37.15725244431155,148.6290097772462,3567.096234653909,0.0567958585027712,3.753257822657733e-05,0.115
1974-03-19,1974-03-30,2527.0168,1.0161275825449274,2567.771472034419,0.119,1974,3,19,1974.03,1973,6,170,25,0.2218554551837738,49.12725430482943,0.0191322533332401,0.25,2,Mod_Wet,59,11,12,13,144,239.0,0.0930768187912932,2328.771472034419,1100.0,,4,275.0,275.0,275.0,275.0,1228.7714720344188,41.0,7.0,13.0,66.83694199350396,1100.934530040915,100.0,18.0,25.0,79.83694199350396,1244.934530040915,1243.0,990.0,972.4704828635314,17.5295171364686,0.9262894125183112,0.48,988.5937105874816,0.5349,0.5349,0.5349,0.5349,15.588327723950322,15.588327723950322,15.588327723950322,15.588327723950322,,0.9194206902600708,0.9194206902600708,0.9194206902600708,0.9194206902600708,38.65317684436336,38.65317684436336,38.65317684436336,38.65317684436336,0.7872337442843861,0.7872337442843861,0.7872337442843861,0.7872337442843861,0.97,0.97,0.97,0.97,37.493581539032455,37.493581539032455,37.493581539032455,37.493581539032455,149.97432615612982,3599.383827747116,0.0584064149748134,3.787230458488127e-05,0.12
1974-03-20,1974-03-31,2469.2967,1.0111383888554557,2496.800686844093,0.124,1974,3,20,1974.03,1973,6,171,25,0.2157235793433296,70.97078519032584,0.0284246898698315,0.25,2,Mod_Wet,59,11,12,13,144,239.0,0.0957224984995063,2257.800686844093,1100.0,,4,275.0,275.0,275.0,275.0,1157.800686844093,41.0,6.999999999999993,13.000000000000009,62.976606397377445,1033.8240804467157,100.0,18.0,25.0,75.97660639737745,1177.8240804467157,1243.0,990.0,972.2991740716926,17.70082592830738,0.9262894125183112,0.48,988.5937105874816,0.5349,0.5349,0.5349,0.5349,15.759636515789104,15.759636515789104,15.759636515789104,15.759636515789104,,0.921245128893154,0.921245128893154,0.921245128893154,0.921245128893154,39.15550183346031,39.15550183346031,39.15550183346031,39.15550183346031,0.797464395793489,0.797464395793489,0.797464395793489,0.797464395793489,0.97,0.97,0.97,0.97,37.980836778456506,37.980836778456506,37.980836778456506,37.980836778456506,151.92334711382605,3646.1603307318246,0.0608472065529003,3.836448159440051e-05,0.125
1974-03-21,1974-04-01,2426.5566,1.0097146303051494,2450.1297002835204,0.128,1974,3,21,1974.03,1973,6,172,25,0.2116912061044961,46.67098656057261,0.019048373869829,0.42,3,Normal,49,9,9,9,107,183.0,0.0746899235492814,2267.1297002835204,1100.0,,4,275.0,275.0,275.0,275.0,1167.1297002835204,51.0,9.000000000000007,16.000000000000007,57.39982132541903,1033.7298789581014,100.0,18.0,25.0,66.39982132541903,1140.7298789581014,1243.0,990.0,972.1865199662016,17.81348003379844,0.9262894125183112,0.48,988.5937105874816,0.5349,0.5349,0.5349,0.5349,15.872290621280165,15.872290621280165,15.872290621280165,15.872290621280165,,0.9224448951166336,0.9224448951166336,0.9224448951166336,0.9224448951166336,39.486753798707205,39.486753798707205,39.486753798707205,39.486753798707205,0.8042108716640979,0.8042108716640979,0.8042108716640979,0.8042108716640979,0.9704210871664096,0.9704210871664096,0.9704210871664096,0.9704210871664096,38.3187785500138,38.3187785500138,38.3187785500138,38.3187785500138,153.2751142000552,3678.602740801325,0.0625579593530574,3.870583691920586e-05,0.13
1974-03-22,1974-04-02,2426.5566,1.0097146303051494,2450.1297002835204,0.128,1974,3,22,1974.03,1973,6,173,25,0.2116912061044961,0.0,0.0,0.42,3,Normal,49,9,9,9,107,183.0,0.0746899235492814,2267.1297002835204,1100.0,,4,275.0,275.0,275.0,275.0,1167.1297002835204,51.0,9.000000000000007,16.000000000000007,57.39982132541903,1033.7298789581014,100.0,18.0,25.0,66.39982132541903,1140.7298789581014,1243.0,990.0,972.1865199662016,17.81348003379844,0.9262894125183112,0.48,988.5937105874816,0.5349,0.5349,0.5349,0.5349,15.872290621280165,15.872290621280165,15.872290621280165,15.872290621280165,,0.9224448951166336,0.9224448951166336,0.9224448951166336,0.9224448951166336,39.486753798707205,39.486753798707205,39.486753798707205,39.486753798707205,0.8042108716640979,0.8042108716640979,0.8042108716640979,0.8042108716640979,0.9704210871664096,0.9704210871664096,0.9704210871664096,0.9704210871664096,38.3187785500138,38.3187785500138,38.3187785500138,38.3187785500138,153.2751142000552,3678.602740801325,0.0625579593530574,3.870583691920586e-05,0.13
1974-03-23,1974-04-03,2412.4143,1.0045395565552413,2423.365591149523,0.13,1974,3,23,1974.03,1973,6,174,25,0.2093787870753188,26.76410913399741,0.0110441896310419,0.42,3,Normal,49,9,9,9,107,183.0,0.0755148132284877,2240.365591149523,1100.0,,4,275.0,275.0,275.0,275.0,1140.365591149523,51.0,9.0,16.0,56.083553663091294,1008.2820374864316,100.0,18.0,25.0,65.0835536630913,1115.2820374864316,1243.0,990.0,972.121916944154,17.87808305584599,0.9262894125183112,0.48,988.5937105874816,0.5349,0.5349,0.5349,0.5349,15.936893643327714,15.936893643327714,15.936893643327714,15.936893643327714,,0.9231329173014402,0.9231329173014402,0.9231329173014402,0.9231329173014402,39.677043633437954,39.677043633437954,39.677043633437954,39.677043633437954,0.8080864283795917,0.8080864283795917,0.8080864283795917,0.8080864283795917,0.9708086428379592,0.9708086428379592,0.9708086428379592,0.9708086428379592,38.51881688160039,38.51881688160039,38.51881688160039,38.51881688160039,154.07526752640155,3697.806420633637,0.0635790439911775,3.890789584000039e-05,0.13
1974-03-24,1974-04-04,2469.2967,1.0111383888554557,2496.800686844093,0.124,1974,3,24,1974.03,1973,6,175,25,0.2157235793433296,73.43509569457002,0.0294116771440777,0.42,3,Normal,49,9,9,9,107,183.0,0.0732937959222161,2313.800686844093,1100.0,,4,275.0,275.0,275.0,275.0,1213.800686844093,51.0,9.0,16.0,59.6951157464308,1078.105571097662,100.0,18.0,25.0,68.6951157464308,1185.105571097662,1243.0,990.0,972.2991740716926,17.70082592830738,0.9262894125183112,0.48,988.5937105874816,0.5349,0.5349,0.5349,0.5349,15.759636515789104,15.759636515789104,15.759636515789104,15.759636515789104,,0.921245128893154,0.921245128893154,0.921245128893154,0.921245128893154,39.15550183346031,39.15550183346031,39.15550183346031,39.15550183346031,0.797464395793489,0.797464395793489,0.797464395793489,0.797464395793489,0.97,0.97,0.97,0.97,37.980836778456506,37.980836778456506,37.980836778456506,37.980836778456506,151.92334711382605,3646.1603307318246,0.0608472065529003,3.836448159440051e-05,0.125
1974-03-25,1974-04-05,2370.2993,1.0061312558588449,2384.832211470341,0.134,1974,3,25,1974.03,1973,6,176,26,0.2060495030710374,111.96847537375194,0.0469502528669382,0.42,3,Normal,49,9,9,9,107,183.0,0.0767349581743419,2201.832211470341,1100.0,,4,275.0,275.0,275.0,275.0,1101.832211470341,51.0,9.0,16.0,54.188469416574144,971.6437420537668,100.0,18.0,25.0,63.188469416574144,1078.6437420537668,1243.0,990.0,972.028905338032,17.971094661968095,0.9262894125183112,0.48,988.5937105874816,0.5349,0.5349,0.5349,0.5349,16.02990524944982,16.02990524944982,16.02990524944982,16.02990524944982,,0.92395392814226,0.92395392814226,0.92395392814226,0.92395392814226,39.944102253988056,39.944102253988056,39.944102253988056,39.944102253988056,0.8135255041545428,0.8135255041545428,0.8135255041545428,0.8135255041545428,0.9713525504154542,0.9713525504154542,0.9713525504154542,0.9713525504154542,38.79980559846699,38.79980559846699,38.79980559846699,38.79980559846699,155.19922239386796,3724.781337452831,0.0650776275359773,3.919172282673433e-05,0.135
1974-03-26,1974-04-06,2356.3647,1.0031685153704124,2363.830877770248,0.136,1974,3,26,1974.03,1973,6,177,26,0.2042349878393492,21.00133370009371,0.008884448501622,0.42,3,Normal,49,9,9,9,107,183.0,0.0774167059585159,2180.830877770248,1100.0,,4,275.0,275.0,275.0,275.0,1080.8308777702478,51.0,9.0,16.0,53.15561693952038,951.6752608307274,100.0,18.0,25.0,62.15561693952038,1058.6752608307274,1243.0,990.0,971.9782124635834,18.021787536416586,0.9262894125183112,0.48,988.5937105874816,0.5349,0.5349,0.5349,0.5349,16.080598123898305,16.080598123898305,16.080598123898305,16.080598123898305,,0.9242063786570136,0.9242063786570136,0.9242063786570136,0.9242063786570136,40.08136961871388,40.08136961871388,40.08136961871388,40.08136961871388,0.8163211734972277,0.8163211734972277,0.8163211734972277,0.8163211734972277,0.9716321173497228,0.9716321173497228,0.9716321173497228,0.9716321173497228,38.944346028907816,38.944346028907816,38.944346028907816,38.944346028907816,155.77738411563126,3738.6572187751503,0.0659003931205826,3.9337723261523046e-05,0.135
1974-03-27,1974-04-07,2342.4819,1.0013569424535649,2345.660513136817,0.138,1974,3,27,1974.03,1973,6,178,26,0.2026650683350209,18.170364633430378,0.0077463744355449,0.42,3,Normal,49,9,9,9,107,183.0,0.0780164047504371,2162.660513136817,1100.0,,4,275.0,275.0,275.0,275.0,1062.660513136817,51.0,9.0,16.0,52.26199244935165,934.3985206874652,100.0,18.0,25.0,61.26199244935165,1041.3985206874652,1243.0,990.0,971.934352962744,18.065647037255985,0.9262894125183112,0.48,988.5937105874816,0.5349,0.5349,0.5349,0.5349,16.12445762473771,16.12445762473771,16.12445762473771,16.12445762473771,,0.9244247989711938,0.9244247989711938,0.9244247989711938,0.9244247989711938,40.20018911036579,40.20018911036579,40.20018911036579,40.20018911036579,0.8187411224107085,0.8187411224107085,0.8187411224107085,0.8187411224107085,0.9718741122410708,0.9718741122410708,0.9718741122410708,0.9718741122410708,39.06952310355992,39.06952310355992,39.06952310355992,39.06952310355992,156.2780924142397,3750.674217941752,0.066624343778227,3.946416475107062e-05,0.14
1974-03-28,1974-04-08,2314.871,1.0053953122300698,2327.3604518173347,0.14,1974,3,28,1974.03,1973,6,179,26,0.2010839430370177,18.30006131948221,0.0078630112087676,0.42,3,Normal,49,9,9,9,107,183.0,0.0786298486154575,2144.3604518173347,1100.0,,4,275.0,275.0,275.0,275.0,1044.3604518173347,51.0,9.0,16.0,51.36198943363941,916.9984623836954,100.0,18.0,25.0,60.36198943363941,1023.9984623836954,1243.0,990.0,971.8901804009384,18.109819599061552,0.9262894125183112,0.48,988.5937105874816,0.5349,0.5349,0.5349,0.5349,16.168630186543275,16.168630186543275,16.168630186543275,16.168630186543275,,0.9246447783289854,0.9246447783289854,0.9246447783289854,0.9246447783289854,40.31990894036205,40.31990894036205,40.31990894036205,40.31990894036205,0.8211794081540131,0.8211794081540131,0.8211794081540131,0.8211794081540131,0.9721179408154011,0.9721179408154011,0.9721179408154011,0.9721179408154011,39.19570685296924,39.19570685296924,39.19570685296924,39.19570685296924,156.78282741187695,3762.787857885047,0.0673650818846956,3.959162308380731e-05,0.14
1974-03-29,1974-04-09,2314.871,1.0053953122300698,2327.3604518173347,0.14,1974,3,29,1974.03,1973,6,180,26,0.2010839430370177,0.0,0.0,0.42,3,Normal,49,9,9,9,107,183.0,0.0786298486154575,2144.3604518173347,1100.0,,4,275.0,275.0,275.0,275.0,1044.3604518173347,51.0,9.0,16.0,51.36198943363941,916.9984623836954,100.0,18.0,25.0,60.36198943363941,1023.9984623836954,1243.0,990.0,971.8901804009384,18.109819599061552,0.9262894125183112,0.48,988.5937105874816,0.5349,0.5349,0.5349,0.5349,16.168630186543275,16.168630186543275,16.168630186543275,16.168630186543275,,0.9246447783289854,0.9246447783289854,0.9246447783289854,0.9246447783289854,40.31990894036205,40.31990894036205,40.31990894036205,40.31990894036205,0.8211794081540131,0.8211794081540131,0.8211794081540131,0.8211794081540131,0.9721179408154011,0.9721179408154011,0.9721179408154011,0.9721179408154011,39.19570685296924,39.19570685296924,39.19570685296924,39.19570685296924,156.78282741187695,3762.787857885047,0.0673650818846956,3.959162308380731e-05,0.14
1974-03-30,1974-04-10,2314.871,1.0053953122300698,2327.3604518173347,0.14,1974,3,30,1974.03,1973,6,181,26,0.2010839430370177,0.0,0.0,0.42,3,Normal,49,9,9,9,107,183.0,0.0786298486154575,2144.3604518173347,1100.0,,4,275.0,275.0,275.0,275.0,1044.3604518173347,51.0,9.0,16.0,51.36198943363941,916.9984623836954,100.0,18.0,25.0,60.36198943363941,1023.9984623836954,1243.0,990.0,971.8901804009384,18.109819599061552,0.9262894125183112,0.48,988.5937105874816,0.5349,0.5349,0.5349,0.5349,16.168630186543275,16.168630186543275,16.168630186543275,16.168630186543275,,0.9246447783289854,0.9246447783289854,0.9246447783289854,0.9246447783289854,40.31990894036205,40.31990894036205,40.31990894036205,40.31990894036205,0.8211794081540131,0.8211794081540131,0.8211794081540131,0.8211794081540131,0.9721179408154011,0.9721179408154011,0.9721179408154011,0.9721179408154011,39.19570685296924,39.19570685296924,39.19570685296924,39.19570685296924,156.78282741187695,3762.787857885047,0.0673650818846956,3.959162308380731e-05,0.14
1974-03-31,1974-04-11,2301.1428,1.0040153765184947,2310.3827547648234,0.142,1974,3,31,1974.03,1973,6,182,26,0.1996170700116807,16.977697052511306,0.0073484348069588,0.42,3,Normal,49,9,9,9,107,183.0,0.0792076549318893,2127.3827547648234,1100.0,,4,275.0,275.0,275.0,275.0,1027.3827547648234,51.0,9.0,16.0,50.52702072613886,900.8557340386844,100.0,18.0,25.0,59.52702072613886,1007.8557340386844,1243.0,990.0,971.8491997528806,18.150800247119378,0.9262894125183112,0.48,988.5937105874816,0.5349,0.5349,0.5349,0.5349,16.2096108346011,16.2096108346011,16.2096108346011,16.2096108346011,,0.9248488619563136,0.9248488619563136,0.9248488619563136,0.9248488619563136,40.4310246718807,40.4310246718807,40.4310246718807,40.4310246718807,0.823442457675778,0.823442457675778,0.823442457675778,0.823442457675778,0.9723442457675776,0.9723442457675776,0.9723442457675776,0.9723442457675776,39.312874190190165,39.312874190190165,39.312874190190165,39.312874190190165,157.25149676076066,3774.035922258256,0.0680629633494505,3.9709973929485015e-05,0.14
1974-04-01,1974-04-12,2287.4661,1.006148957666809,2301.531632213161,0.143,1974,4,1,1974.04,1973,7,183,27,0.1988523330232171,8.851122551662229,0.0038457531618416,0.58,3,Normal,54,13,14,19,117,217.0,0.0942850391290655,2084.531632213161,1100.0,,4,275.0,275.0,275.0,275.0,984.5316322131612,46.0,5.0,10.999999999999991,61.0,861.5316322131613,100.0,18.0,25.0,80.0,978.5316322131612,1243.0,990.0,971.8278349743076,18.17216502569238,0.9262894125183112,0.48,988.5937105874816,0.5349,0.5349,0.5349,0.5349,16.230975613174103,16.230975613174103,16.230975613174103,16.230975613174103,,0.924955258553607,0.924955258553607,0.924955258553607,0.924955258553607,40.48897144053996,40.48897144053996,40.48897144053996,40.48897144053996,0.824622636263543,0.824622636263543,0.824622636263543,0.824622636263543,0.9724622636263542,0.9724622636263542,0.9724622636263542,0.9724622636263542,39.3739968189703,39.3739968189703,39.3739968189703,39.3739968189703,157.4959872758812,3779.9036946211486,0.0684309461888353,3.977171395855586e-05,0.145
1974-04-02,1974-04-13,2273.8406,1.008849609181632,2293.9632006513275,0.144,1974,4,2,1974.04,1973,7,184,27,0.1981984205362747,7.568431561833678,0.0032992820284496,0.58,3,Normal,54,13,14,19,117,217.0,0.0945961120642157,2076.9632006513275,1100.0,,4,275.0,275.0,275.0,275.0,976.9632006513276,46.0,5.000000000000007,10.999999999999991,61.0,853.9632006513276,100.0,18.0,25.0,80.0,970.9632006513276,1243.0,990.0,971.8095663463996,18.19043365360028,0.9262894125183112,0.48,988.5937105874816,0.5349,0.5349,0.5349,0.5349,16.249244241082003,16.249244241082003,16.249244241082003,16.249244241082003,,0.9250462363205884,0.9250462363205884,0.9250462363205884,0.9250462363205884,40.53853037763114,40.53853037763114,40.53853037763114,40.53853037763114,0.8256319832511434,0.8256319832511434,0.8256319832511434,0.8256319832511434,0.9725631983251144,0.9725631983251144,0.9725631983251144,0.9725631983251144,39.42628275946875,39.42628275946875,39.42628275946875,39.42628275946875,157.705131037875,3784.923144909,0.0687478905472841,3.982452803986742e-05,0.145
1974-04-03,1974-04-14,2260.2665,1.007005963056233,2276.101843596241,0.146,1974,4,3,1974.04,1973,7,185,27,0.1966551992867152,17.8613570550865,0.0078473452782172,0.58,3,Normal,54,13,14,19,117,217.0,0.0953384404175605,2059.101843596241,1100.0,,4,275.0,275.0,275.0,275.0,959.101843596241,45.99999999999997,5.000000000000007,11.000000000000009,61.0,836.101843596241,100.0,18.0,25.0,80.0,953.101843596241,1243.0,990.0,971.766452725922,18.233547274077974,0.9262894125183112,0.48,988.5937105874816,0.5349,0.5349,0.5349,0.5349,16.2923578615597,16.2923578615597,16.2923578615597,16.2923578615597,,0.9252609421505672,0.9252609421505672,0.9252609421505672,0.9252609421505672,40.65552408638352,40.65552408638352,40.65552408638352,40.65552408638352,0.8280147471768536,0.8280147471768536,0.8280147471768536,0.8280147471768536,0.9728014747176852,0.9728014747176852,0.9728014747176852,0.9728014747176852,39.54975378665426,39.54975378665426,39.54975378665426,39.54975378665426,158.19901514661703,3796.776363518809,0.0695043658049424,3.994924624914572e-05,0.145
1974-04-04,1974-04-15,2246.7435,1.0085781674414218,2266.0164419409257,0.147,1974,4,4,1974.04,1973,7,186,27,0.1957838205836959,10.085401655315309,0.0044507186570441,0.58,3,Normal,54,13,14,19,117,217.0,0.0957627649930605,2049.0164419409257,1100.0,,4,275.0,275.0,275.0,275.0,949.0164419409256,46.00000000000003,5.000000000000007,11.0,61.0,826.0164419409257,100.0,18.0,25.0,80.0,943.0164419409256,1243.0,990.0,971.7421086529608,18.257891347039163,0.9262894125183112,0.48,988.5937105874816,0.5349,0.5349,0.5349,0.5349,16.316701934520886,16.316701934520886,16.316701934520886,16.316701934520886,,0.925382175633914,0.925382175633914,0.925382175633914,0.925382175633914,40.72160655084582,40.72160655084582,40.72160655084582,40.72160655084582,0.8293606222168192,0.8293606222168192,0.8293606222168192,0.8293606222168192,0.972936062221682,0.972936062221682,0.972936062221682,0.972936062221682,39.61951952492058,39.61951952492058,39.61951952492058,39.61951952492058,158.4780780996823,3803.473874392376,0.0699368615189482,4.001971669183896e-05,0.145
1974-04-05,1974-04-16,2233.2716,1.0124644434742982,2261.108087620956,0.148,1974,4,5,1974.04,1973,7,187,27,0.1953597387704506,4.908354319969477,0.0021707738550145,0.58,3,Normal,54,13,14,19,117,217.0,0.0959706442995913,2044.108087620956,1100.0,,4,275.0,275.0,275.0,275.0,944.1080876209562,46.00000000000003,5.000000000000007,11.0,61.0,821.1080876209562,100.0,18.0,25.0,80.0,938.1080876209562,1243.0,990.0,971.730260901154,18.269739098846003,0.9262894125183112,0.48,988.5937105874816,0.5349,0.5349,0.5349,0.5349,16.328549686327726,16.328549686327726,16.328549686327726,16.328549686327726,,0.925441177437912,0.925441177437912,0.925441177437912,0.925441177437912,40.753773264958376,40.753773264958376,40.753773264958376,40.753773264958376,0.8300157487771563,0.8300157487771563,0.8300157487771563,0.8300157487771563,0.9730015748777155,0.9730015748777155,0.9730015748777155,0.9730015748777155,39.653485569013846,39.653485569013846,39.653485569013846,39.653485569013846,158.61394227605538,3806.7346146253294,0.0701487660605125,4.005402582728671e-05,0.15
1974-04-06,1974-04-17,2233.2716,1.0124644434742982,2261.108087620956,0.148,1974,4,6,1974.04,1973,7,188,27,0.1953597387704506,0.0,0.0,0.58,3,Normal,54,13,14,19,117,217.0,0.0959706442995913,2044.108087620956,1100.0,,4,275.0,275.0,275.0,275.0,944.1080876209562,46.00000000000003,5.000000000000007,11.0,61.0,821.1080876209562,100.0,18.0,25.0,80.0,938.1080876209562,1243.0,990.0,971.730260901154,18.269739098846003,0.9262894125183112,0.48,988.5937105874816,0.5349,0.5349,0.5349,0.5349,16.328549686327726,16.328549686327726,16.328549686327726,16.328549686327726,,0.925441177437912,0.925441177437912,0.925441177437912,0.925441177437912,40.753773264958376,40.753773264958376,40.753773264958376,40.753773264958376,0.8300157487771563,0.8300157487771563,0.8300157487771563,0.8300157487771563,0.9730015748777155,0.9730015748777155,0.9730015748777155,0.9730015748777155,39.653485569013846,39.653485569013846,39.653485569013846,39.653485569013846,158.61394227605538,3806.7346146253294,0.0701487660605125,4.005402582728671e-05,0.15
1974-04-07,1974-04-18,2233.2716,1.0124644434742982,2261.108087620956,0.148,1974,4,7,1974.04,1973,7,189,27,0.1953597387704506,0.0,0.0,0.58,3,Normal,54,13,14,19,117,217.0,0.0959706442995913,2044.108087620956,1100.0,,4,275.0,275.0,275.0,275.0,944.1080876209562,46.00000000000003,5.000000000000007,11.0,61.0,821.1080876209562,100.0,18.0,25.0,80.0,938.1080876209562,1243.0,990.0,971.730260901154,18.269739098846003,0.9262894125183112,0.48,988.5937105874816,0.5349,0.5349,0.5349,0.5349,16.328549686327726,16.328549686327726,16.328549686327726,16.328549686327726,,0.925441177437912,0.925441177437912,0.925441177437912,0.925441177437912,40.753773264958376,40.753773264958376,40.753773264958376,40.753773264958376,0.8300157487771563,0.8300157487771563,0.8300157487771563,0.8300157487771563,0.9730015748777155,0.9730015748777155,0.9730015748777155,0.9730015748777155,39.653485569013846,39.653485569013846,39.653485569013846,39.653485569013846,158.61394227605538,3806.7346146253294,0.0701487660605125,4.005402582728671e-05,0.15
1974-04-08,1974-04-19,2233.2716,1.0124644434742982,2261.108087620956,0.148,1974,4,8,1974.04,1973,7,190,28,0.1953597387704506,0.0,0.0,0.58,3,Normal,54,13,14,19,117,217.0,0.0959706442995913,2044.108087620956,1100.0,,4,275.0,275.0,275.0,275.0,944.1080876209562,46.00000000000003,5.000000000000007,11.0,61.0,821.1080876209562,100.0,18.0,25.0,80.0,938.1080876209562,1243.0,990.0,971.730260901154,18.269739098846003,0.9262894125183112,0.48,988.5937105874816,0.5349,0.5349,0.5349,0.5349,16.328549686327726,16.328549686327726,16.328549686327726,16.328549686327726,,0.925441177437912,0.925441177437912,0.925441177437912,0.925441177437912,40.753773264958376,40.753773264958376,40.753773264958376,40.753773264958376,0.8300157487771563,0.8300157487771563,0.8300157487771563,0.8300157487771563,0.9730015748777155,0.9730015748777155,0.9730015748777155,0.9730015748777155,39.653485569013846,39.653485569013846,39.653485569013846,39.653485569013846,158.61394227605538,3806.7346146253294,0.0701487660605125,4.005402582728671e-05,0.15
1974-04-09,1974-04-20,2260.2665,1.007005963056233,2276.101843596241,0.146,1974,4,9,1974.04,1973,7,191,28,0.1966551992867152,14.993755975284786,0.0065874714778116,0.58,3,Normal,54,13,14,19,117,217.0,0.0953384404175605,2059.101843596241,1100.0,,4,275.0,275.0,275.0,275.0,959.101843596241,45.99999999999997,5.000000000000007,11.000000000000009,61.0,836.101843596241,100.0,18.0,25.0,80.0,953.101843596241,1243.0,990.0,971.766452725922,18.233547274077974,0.9262894125183112,0.48,988.5937105874816,0.5349,0.5349,0.5349,0.5349,16.2923578615597,16.2923578615597,16.2923578615597,16.2923578615597,,0.9252609421505672,0.9252609421505672,0.9252609421505672,0.9252609421505672,40.65552408638352,40.65552408638352,40.65552408638352,40.65552408638352,0.8280147471768536,0.8280147471768536,0.8280147471768536,0.8280147471768536,0.9728014747176852,0.9728014747176852,0.9728014747176852,0.9728014747176852,39.54975378665426,39.54975378665426,39.54975378665426,39.54975378665426,158.19901514661703,3796.776363518809,0.0695043658049424,3.994924624914572e-05,0.145
1974-04-10,1974-04-21,2273.8406,1.008849609181632,2293.9632006513275,0.144,1974,4,10,1974.04,1973,7,192,28,0.1981984205362747,17.8613570550865,0.0077862439336494,0.58,3,Normal,54,13,14,19,117,217.0,0.0945961120642157,2076.9632006513275,1100.0,,4,275.0,275.0,275.0,275.0,976.9632006513276,46.0,5.000000000000007,10.999999999999991,61.0,853.9632006513276,100.0,18.0,25.0,80.0,970.9632006513276,1243.0,990.0,971.8095663463996,18.19043365360028,0.9262894125183112,0.48,988.5937105874816,0.5349,0.5349,0.5349,0.5349,16.249244241082003,16.249244241082003,16.249244241082003,16.249244241082003,,0.9250462363205884,0.9250462363205884,0.9250462363205884,0.9250462363205884,40.53853037763114,40.53853037763114,40.53853037763114,40.53853037763114,0.8256319832511434,0.8256319832511434,0.8256319832511434,0.8256319832511434,0.9725631983251144,0.9725631983251144,0.9725631983251144,0.9725631983251144,39.42628275946875,39.42628275946875,39.42628275946875,39.42628275946875,157.705131037875,3784.923144909,0.0687478905472841,3.982452803986742e-05,0.145
1974-04-11,1974-04-22,2233.2716,1.0124644434742982,2261.108087620956,0.148,1974,4,11,1974.04,1973,7,193,28,0.1953597387704506,32.855113030371285,0.0145305362491273,0.6900000000000001,3,Normal,54,13,14,19,117,217.0,0.0959706442995913,2044.108087620956,1100.0,,4,275.0,275.0,275.0,275.0,944.1080876209562,46.00000000000003,5.000000000000007,11.0,61.0,821.1080876209562,100.0,18.0,25.0,80.0,938.1080876209562,1243.0,990.0,971.730260901154,18.269739098846003,0.9262894125183112,0.48,988.5937105874816,0.5349,0.5349,0.5349,0.5349,16.328549686327726,16.328549686327726,16.328549686327726,16.328549686327726,,0.925441177437912,0.925441177437912,0.925441177437912,0.925441177437912,40.753773264958376,40.753773264958376,40.753773264958376,40.753773264958376,0.8300157487771563,0.8300157487771563,0.8300157487771563,0.8300157487771563,0.9730015748777155,0.9730015748777155,0.9730015748777155,0.9730015748777155,39.653485569013846,39.653485569013846,39.653485569013846,39.653485569013846,158.61394227605538,3806.7346146253294,0.0701487660605125,4.005402582728671e-05,0.15
1974-04-12,1974-04-23,2233.2716,1.0124644434742982,2261.108087620956,0.148,1974,4,12,1974.04,1973,7,194,28,0.1953597387704506,0.0,0.0,0.6900000000000001,3,Normal,54,13,14,19,117,217.0,0.0959706442995913,2044.108087620956,1100.0,,4,275.0,275.0,275.0,275.0,944.1080876209562,46.00000000000003,5.000000000000007,11.0,61.0,821.1080876209562,100.0,18.0,25.0,80.0,938.1080876209562,1243.0,990.0,971.730260901154,18.269739098846003,0.9262894125183112,0.48,988.5937105874816,0.5349,0.5349,0.5349,0.5349,16.328549686327726,16.328549686327726,16.328549686327726,16.328549686327726,,0.925441177437912,0.925441177437912,0.925441177437912,0.925441177437912,40.753773264958376,40.753773264958376,40.753773264958376,40.753773264958376,0.8300157487771563,0.8300157487771563,0.8300157487771563,0.8300157487771563,0.9730015748777155,0.9730015748777155,0.9730015748777155,0.9730015748777155,39.653485569013846,39.653485569013846,39.653485569013846,39.653485569013846,158.61394227605538,3806.7346146253294,0.0701487660605125,4.005402582728671e-05,0.15
1974-04-13,1974-04-24,2233.2716,1.0124644434742982,2261.108087620956,0.148,1974,4,13,1974.04,1973,7,195,28,0.1953597387704506,0.0,0.0,0.6900000000000001,3,Normal,54,13,14,19,117,217.0,0.0959706442995913,2044.108087620956,1100.0,,4,275.0,275.0,275.0,275.0,944.1080876209562,46.00000000000003,5.000000000000007,11.0,61.0,821.1080876209562,100.0,18.0,25.0,80.0,938.1080876209562,1243.0,990.0,971.730260901154,18.269739098846003,0.9262894125183112,0.48,988.5937105874816,0.5349,0.5349,0.5349,0.5349,16.328549686327726,16.328549686327726,16.328549686327726,16.328549686327726,,0.925441177437912,0.925441177437912,0.925441177437912,0.925441177437912,40.753773264958376,40.753773264958376,40.753773264958376,40.753773264958376,0.8300157487771563,0.8300157487771563,0.8300157487771563,0.8300157487771563,0.9730015748777155,0.9730015748777155,0.9730015748777155,0.9730015748777155,39.653485569013846,39.653485569013846,39.653485569013846,39.653485569013846,158.61394227605538,3806.7346146253294,0.0701487660605125,4.005402582728671e-05,0.15
1974-04-14,1974-04-25,2219.8507,1.0053779694075775,2231.78898915399,0.151,1974,4,14,1974.04,1973,7,196,28,0.1928265686629047,29.319098466966352,0.0131370387655153,0.6900000000000001,3,Normal,54,13,14,19,117,217.0,0.0972314143741065,2014.7889891539896,1100.0,,4,275.0,275.0,275.0,275.0,914.78898915399,46.0,5.000000000000007,11.000000000000009,61.0,791.7889891539899,100.0,18.0,25.0,80.0,908.78898915399,1243.0,990.0,971.6594906634753,18.34050933652486,0.9262894125183112,0.48,988.5937105874816,0.5349,0.5349,0.5349,0.5349,16.399319924006583,16.399319924006583,16.399319924006583,16.399319924006583,,0.9257936132215528,0.9257936132215528,0.9257936132215528,0.9257936132215528,40.94599339445112,40.94599339445112,40.94599339445112,40.94599339445112,0.833930619031591,0.833930619031591,0.833930619031591,0.833930619031591,0.9733930619031592,0.9733930619031592,0.9733930619031592,0.9733930619031592,39.8565458828913,39.8565458828913,39.8565458828913,39.8565458828913,159.4261835315652,3826.228404757565,0.0714342548988017,4.025913725544576e-05,0.15
1974-04-15,1974-04-26,2233.2716,1.0124644434742982,2261.108087620956,0.148,1974,4,15,1974.04,1973,7,197,29,0.1953597387704506,29.319098466966352,0.0129666947933544,0.6900000000000001,3,Normal,54,13,14,19,117,217.0,0.0959706442995913,2044.108087620956,1100.0,,4,275.0,275.0,275.0,275.0,944.1080876209562,46.00000000000003,5.000000000000007,11.0,61.0,821.1080876209562,100.0,18.0,25.0,80.0,938.1080876209562,1243.0,990.0,971.730260901154,18.269739098846003,0.9262894125183112,0.48,988.5937105874816,0.5349,0.5349,0.5349,0.5349,16.328549686327726,16.328549686327726,16.328549686327726,16.328549686327726,,0.925441177437912,0.925441177437912,0.925441177437912,0.925441177437912,40.753773264958376,40.753773264958376,40.753773264958376,40.753773264958376,0.8300157487771563,0.8300157487771563,0.8300157487771563,0.8300157487771563,0.9730015748777155,0.9730015748777155,0.9730015748777155,0.9730015748777155,39.653485569013846,39.653485569013846,39.653485569013846,39.653485569013846,158.61394227605538,3806.7346146253294,0.0701487660605125,4.005402582728671e-05,0.15
1974-04-16,1974-04-27,2246.7435,1.0085781674414218,2266.0164419409257,0.147,1974,4,16,1974.04,1973,7,198,29,0.1957838205836959,4.908354319969477,0.0021660718029765,0.6900000000000001,3,Normal,54,13,14,19,117,217.0,0.0957627649930605,2049.0164419409257,1100.0,,4,275.0,275.0,275.0,275.0,949.0164419409256,46.00000000000003,5.000000000000007,11.0,61.0,826.0164419409257,100.0,18.0,25.0,80.0,943.0164419409256,1243.0,990.0,971.7421086529608,18.257891347039163,0.9262894125183112,0.48,988.5937105874816,0.5349,0.5349,0.5349,0.5349,16.316701934520886,16.316701934520886,16.316701934520886,16.316701934520886,,0.925382175633914,0.925382175633914,0.925382175633914,0.925382175633914,40.72160655084582,40.72160655084582,40.72160655084582,40.72160655084582,0.8293606222168192,0.8293606222168192,0.8293606222168192,0.8293606222168192,0.972936062221682,0.972936062221682,0.972936062221682,0.972936062221682,39.61951952492058,39.61951952492058,39.61951952492058,39.61951952492058,158.4780780996823,3803.473874392376,0.0699368615189482,4.001971669183896e-05,0.145
1974-04-17,1974-04-28,2246.7435,1.0085781674414218,2266.0164419409257,0.147,1974,4,17,1974.04,1973,7,199,29,0.1957838205836959,0.0,0.0,0.6900000000000001,3,Normal,54,13,14,19,117,217.0,0.0957627649930605,2049.0164419409257,1100.0,,4,275.0,275.0,275.0,275.0,949.0164419409256,46.00000000000003,5.000000000000007,11.0,61.0,826.0164419409257,100.0,18.0,25.0,80.0,943.0164419409256,1243.0,990.0,971.7421086529608,18.257891347039163,0.9262894125183112,0.48,988.5937105874816,0.5349,0.5349,0.5349,0.5349,16.316701934520886,16.316701934520886,16.316701934520886,16.316701934520886,,0.925382175633914,0.925382175633914,0.925382175633914,0.925382175633914,40.72160655084582,40.72160655084582,40.72160655084582,40.72160655084582,0.8293606222168192,0.8293606222168192,0.8293606222168192,0.8293606222168192,0.972936062221682,0.972936062221682,0.972936062221682,0.972936062221682,39.61951952492058,39.61951952492058,39.61951952492058,39.61951952492058,158.4780780996823,3803.473874392376,0.0699368615189482,4.001971669183896e-05,0.145
1974-04-18,1974-04-29,2233.2716,1.0124644434742982,2261.108087620956,0.148,1974,4,18,1974.04,1973,7,200,29,0.1953597387704506,4.908354319969477,0.0021707738550145,0.6900000000000001,3,Normal,54,13,14,19,117,217.0,0.0959706442995913,2044.108087620956,1100.0,,4,275.0,275.0,275.0,275.0,944.1080876209562,46.00000000000003,5.000000000000007,11.0,61.0,821.1080876209562,100.0,18.0,25.0,80.0,938.1080876209562,1243.0,990.0,971.730260901154,18.269739098846003,0.9262894125183112,0.48,988.5937105874816,0.5349,0.5349,0.5349,0.5349,16.328549686327726,16.328549686327726,16.328549686327726,16.328549686327726,,0.925441177437912,0.925441177437912,0.925441177437912,0.925441177437912,40.753773264958376,40.753773264958376,40.753773264958376,40.753773264958376,0.8300157487771563,0.8300157487771563,0.8300157487771563,0.8300157487771563,0.9730015748777155,0.9730015748777155,0.9730015748777155,0.9730015748777155,39.653485569013846,39.653485569013846,39.653485569013846,39.653485569013846,158.61394227605538,3806.7346146253294,0.0701487660605125,4.005402582728671e-05,0.15
1974-04-19,1974-04-30,2233.2716,1.0124644434742982,2261.108087620956,0.148,1974,4,19,1974.04,1973,7,201,29,0.1953597387704506,0.0,0.0,0.6900000000000001,3,Normal,54,13,14,19,117,217.0,0.0959706442995913,2044.108087620956,1100.0,,4,275.0,275.0,275.0,275.0,944.1080876209562,46.00000000000003,5.000000000000007,11.0,61.0,821.1080876209562,100.0,18.0,25.0,80.0,938.1080876209562,1243.0,990.0,971.730260901154,18.269739098846003,0.9262894125183112,0.48,988.5937105874816,0.5349,0.5349,0.5349,0.5349,16.328549686327726,16.328549686327726,16.328549686327726,16.328549686327726,,0.925441177437912,0.925441177437912,0.925441177437912,0.925441177437912,40.753773264958376,40.753773264958376,40.753773264958376,40.753773264958376,0.8300157487771563,0.8300157487771563,0.8300157487771563,0.8300157487771563,0.9730015748777155,0.9730015748777155,0.9730015748777155,0.9730015748777155,39.653485569013846,39.653485569013846,39.653485569013846,39.653485569013846,158.61394227605538,3806.7346146253294,0.0701487660605125,4.005402582728671e-05,0.15
1974-04-20,1974-05-01,2233.2716,1.0124644434742982,2261.108087620956,0.148,1974,4,20,1974.04,1973,7,202,29,0.1953597387704506,0.0,0.0,0.6900000000000001,3,Normal,54,13,14,19,117,217.0,0.0959706442995913,2044.108087620956,1100.0,,4,275.0,275.0,275.0,275.0,944.1080876209562,46.00000000000003,5.000000000000007,11.0,61.0,821.1080876209562,100.0,18.0,25.0,80.0,938.1080876209562,1243.0,990.0,971.730260901154,18.269739098846003,0.9262894125183112,0.48,988.5937105874816,0.5349,0.5349,0.5349,0.5349,16.328549686327726,16.328549686327726,16.328549686327726,16.328549686327726,,0.925441177437912,0.925441177437912,0.925441177437912,0.925441177437912,40.753773264958376,40.753773264958376,40.753773264958376,40.753773264958376,0.8300157487771563,0.8300157487771563,0.8300157487771563,0.8300157487771563,0.9730015748777155,0.9730015748777155,0.9730015748777155,0.9730015748777155,39.653485569013846,39.653485569013846,39.653485569013846,39.653485569013846,158.61394227605538,3806.7346146253294,0.0701487660605125,4.005402582728671e-05,0.15
1974-04-21,1974-05-02,2233.2716,1.0124644434742982,2261.108087620956,0.148,1974,4,21,1974.04,1973,7,203,29,0.1953597387704506,0.0,0.0,0.71,4,Mod_Dry,45,11,10,10,72,148.0,0.0654546329785231,2113.108087620956,1100.0,,4,275.0,275.0,275.0,275.0,1013.1080876209562,55.0,7.0,15.0,68.45324916357812,867.6548384573781,100.0,18.0,25.0,78.45324916357812,939.654838457378,1243.0,990.0,971.730260901154,18.269739098846003,0.9262894125183112,0.48,988.5937105874816,0.5349,0.5349,0.5349,0.5349,16.328549686327726,16.328549686327726,16.328549686327726,16.328549686327726,,0.925441177437912,0.925441177437912,0.925441177437912,0.925441177437912,40.753773264958376,40.753773264958376,40.753773264958376,40.753773264958376,0.8300157487771563,0.8300157487771563,0.8300157487771563,0.8300157487771563,0.9730015748777155,0.9730015748777155,0.9730015748777155,0.9730015748777155,39.653485569013846,39.653485569013846,39.653485569013846,39.653485569013846,158.61394227605538,3806.7346146253294,0.0701487660605125,4.005402582728671e-05,0.15
1974-04-22,1974-05-03,2273.8406,1.008849609181632,2293.9632006513275,0.144,1974,4,22,1974.04,1973,7,204,30,0.1981984205362747,32.855113030371285,0.0143224237516289,0.71,4,Mod_Dry,45,11,10,10,72,148.0,0.0645171639884973,2145.9632006513275,1100.0,,4,275.0,275.0,275.0,275.0,1045.9632006513275,55.0,7.0,15.0,70.0,898.9632006513275,100.0,18.0,25.0,80.0,970.9632006513276,1243.0,990.0,971.8095663463996,18.19043365360028,0.9262894125183112,0.48,988.5937105874816,0.5349,0.5349,0.5349,0.5349,16.249244241082003,16.249244241082003,16.249244241082003,16.249244241082003,,0.9250462363205884,0.9250462363205884,0.9250462363205884,0.9250462363205884,40.53853037763114,40.53853037763114,40.53853037763114,40.53853037763114,0.8256319832511434,0.8256319832511434,0.8256319832511434,0.8256319832511434,0.9725631983251144,0.9725631983251144,0.9725631983251144,0.9725631983251144,39.42628275946875,39.42628275946875,39.42628275946875,39.42628275946875,157.705131037875,3784.923144909,0.0687478905472841,3.982452803986742e-05,0.145
1974-04-23,1974-05-04,2314.871,1.0053953122300698,2327.3604518173347,0.14,1974,4,23,1974.04,1973,7,205,30,0.2010839430370177,33.39725116600721,0.0143498404554948,0.71,4,Mod_Dry,45,11,10,10,72,148.0,0.0635913529786214,2179.3604518173347,1100.0,,4,275.0,275.0,275.0,275.0,1079.3604518173347,55.0,7.0,15.0,70.0,932.3604518173348,100.0,18.0,25.0,80.0,1004.3604518173348,1243.0,990.0,971.8901804009384,18.109819599061552,0.9262894125183112,0.48,988.5937105874816,0.5349,0.5349,0.5349,0.5349,16.168630186543275,16.168630186543275,16.168630186543275,16.168630186543275,,0.9246447783289854,0.9246447783289854,0.9246447783289854,0.9246447783289854,40.31990894036205,40.31990894036205,40.31990894036205,40.31990894036205,0.8211794081540131,0.8211794081540131,0.8211794081540131,0.8211794081540131,0.9721179408154011,0.9721179408154011,0.9721179408154011,0.9721179408154011,39.19570685296924,39.19570685296924,39.19570685296924,39.19570685296924,156.78282741187695,3762.787857885047,0.0673650818846956,3.959162308380731e-05,0.14
1974-04-24,1974-05-05,2328.6506,1.0027954239303196,2335.160165612593,0.139,1974,4,24,1974.04,1973,7,206,30,0.201757838308928,7.799713795258413,0.0033401194102727,0.71,4,Mod_Dry,45,11,10,10,72,148.0,0.063378950266212,2187.160165612593,1100.0,,4,275.0,275.0,275.0,275.0,1087.1601656125931,55.0,7.0,15.0,70.0,940.1601656125932,100.0,18.0,25.0,80.0,1012.1601656125932,1243.0,990.0,971.9090072963064,18.0909927036937,0.9262894125183112,0.48,988.5937105874816,0.5349,0.5349,0.5349,0.5349,16.149803291175424,16.149803291175424,16.149803291175424,16.149803291175424,,0.9245510203900535,0.9245510203900535,0.9245510203900535,0.9245510203900535,40.26887645055466,40.26887645055466,40.26887645055466,40.26887645055466,0.8201400499094634,0.8201400499094634,0.8201400499094634,0.8201400499094634,0.9720140049909464,0.9720140049909464,0.9720140049909464,0.9720140049909464,39.14191187518924,39.14191187518924,39.14191187518924,39.14191187518924,156.56764750075695,3757.623540018167,0.0670479266503263,3.953728472241337e-05,0.14
1974-04-25,1974-05-06,2342.4819,1.0013569424535649,2345.660513136817,0.138,1974,4,25,1974.04,1973,7,207,30,0.2026650683350209,10.500347524223796,0.0044764992484704,0.71,4,Mod_Dry,45,11,10,10,72,148.0,0.0630952344429764,2197.660513136817,1100.0,,4,275.0,275.0,275.0,275.0,1097.660513136817,55.0,7.0,15.0,70.0,950.6605131368168,100.0,18.0,25.0,80.0,1022.6605131368168,1243.0,990.0,971.934352962744,18.065647037255985,0.9262894125183112,0.48,988.5937105874816,0.5349,0.5349,0.5349,0.5349,16.12445762473771,16.12445762473771,16.12445762473771,16.12445762473771,,0.9244247989711938,0.9244247989711938,0.9244247989711938,0.9244247989711938,40.20018911036579,40.20018911036579,40.20018911036579,40.20018911036579,0.8187411224107085,0.8187411224107085,0.8187411224107085,0.8187411224107085,0.9718741122410708,0.9718741122410708,0.9718741122410708,0.9718741122410708,39.06952310355992,39.06952310355992,39.06952310355992,39.06952310355992,156.2780924142397,3750.674217941752,0.066624343778227,3.946416475107062e-05,0.14
1974-04-26,1974-05-07,2384.2857,1.004803744062384,2395.739198274402,0.132,1974,4,26,1974.04,1973,7,208,30,0.2069918667309084,50.07868513758513,0.0209032290216129,0.71,4,Mod_Dry,45,11,10,10,72,148.0,0.0617763403072425,2247.739198274402,1100.0,,4,275.0,275.0,275.0,275.0,1147.739198274402,55.0,7.0,15.0,70.0,1000.739198274402,100.0,18.0,25.0,80.0,1072.739198274402,1243.0,990.0,972.055232547559,17.944767452441056,0.9262894125183112,0.48,988.5937105874816,0.5349,0.5349,0.5349,0.5349,16.00357803992278,16.00357803992278,16.00357803992278,16.00357803992278,,0.9238228186388155,0.9238228186388155,0.9238228186388155,0.9238228186388155,39.87284004706264,39.87284004706264,39.87284004706264,39.87284004706264,0.8120741353780578,0.8120741353780578,0.8120741353780578,0.8120741353780578,0.9712074135378056,0.9712074135378056,0.9712074135378056,0.9712074135378056,38.72479785251434,38.72479785251434,38.72479785251434,38.72479785251434,154.89919141005737,3717.580593841377,0.0646561159585433,3.911595742678216e-05,0.13
1974-04-27,1974-05-08,2412.4143,1.0045395565552413,2423.365591149523,0.13,1974,4,27,1974.04,1973,7,209,30,0.2093787870753188,27.62639287512093,0.0114000103723583,0.71,4,Mod_Dry,45,11,10,10,72,148.0,0.0610720893869736,2275.365591149523,1100.0,,4,275.0,275.0,275.0,275.0,1175.365591149523,55.0,7.0,15.0,70.0,1028.365591149523,100.0,18.0,25.0,80.0,1100.365591149523,1243.0,990.0,972.121916944154,17.87808305584599,0.9262894125183112,0.48,988.5937105874816,0.5349,0.5349,0.5349,0.5349,15.936893643327714,15.936893643327714,15.936893643327714,15.936893643327714,,0.9231329173014402,0.9231329173014402,0.9231329173014402,0.9231329173014402,39.677043633437954,39.677043633437954,39.677043633437954,39.677043633437954,0.8080864283795917,0.8080864283795917,0.8080864283795917,0.8080864283795917,0.9708086428379592,0.9708086428379592,0.9708086428379592,0.9708086428379592,38.51881688160039,38.51881688160039,38.51881688160039,38.51881688160039,154.07526752640155,3697.806420633637,0.0635790439911775,3.890789584000039e-05,0.13
1974-04-28,1974-05-09,2412.4143,1.0045395565552413,2423.365591149523,0.13,1974,4,28,1974.04,1973,7,210,30,0.2093787870753188,0.0,0.0,0.71,4,Mod_Dry,45,11,10,10,72,148.0,0.0610720893869736,2275.365591149523,1100.0,,4,275.0,275.0,275.0,275.0,1175.365591149523,55.0,7.0,15.0,70.0,1028.365591149523,100.0,18.0,25.0,80.0,1100.365591149523,1243.0,990.0,972.121916944154,17.87808305584599,0.9262894125183112,0.48,988.5937105874816,0.5349,0.5349,0.5349,0.5349,15.936893643327714,15.936893643327714,15.936893643327714,15.936893643327714,,0.9231329173014402,0.9231329173014402,0.9231329173014402,0.9231329173014402,39.677043633437954,39.677043633437954,39.677043633437954,39.677043633437954,0.8080864283795917,0.8080864283795917,0.8080864283795917,0.8080864283795917,0.9708086428379592,0.9708086428379592,0.9708086428379592,0.9708086428379592,38.51881688160039,38.51881688160039,38.51881688160039,38.51881688160039,154.07526752640155,3697.806420633637,0.0635790439911775,3.890789584000039e-05,0.13
1974-04-29,1974-05-10,2412.4143,1.0045395565552413,2423.365591149523,0.13,1974,4,29,1974.04,1973,7,211,31,0.2093787870753188,0.0,0.0,0.71,4,Mod_Dry,45,11,10,10,72,148.0,0.0610720893869736,2275.365591149523,1100.0,,4,275.0,275.0,275.0,275.0,1175.365591149523,55.0,7.0,15.0,70.0,1028.365591149523,100.0,18.0,25.0,80.0,1100.365591149523,1243.0,990.0,972.121916944154,17.87808305584599,0.9262894125183112,0.48,988.5937105874816,0.5349,0.5349,0.5349,0.5349,15.936893643327714,15.936893643327714,15.936893643327714,15.936893643327714,,0.9231329173014402,0.9231329173014402,0.9231329173014402,0.9231329173014402,39.677043633437954,39.677043633437954,39.677043633437954,39.677043633437954,0.8080864283795917,0.8080864283795917,0.8080864283795917,0.8080864283795917,0.9708086428379592,0.9708086428379592,0.9708086428379592,0.9708086428379592,38.51881688160039,38.51881688160039,38.51881688160039,38.51881688160039,154.07526752640155,3697.806420633637,0.0635790439911775,3.890789584000039e-05,0.13
1974-04-30,1974-05-11,2426.5566,1.0097146303051494,2450.1297002835204,0.128,1974,4,30,1974.04,1973,7,212,31,0.2116912061044961,26.76410913399741,0.0109235478966278,0.71,4,Mod_Dry,45,11,10,10,72,148.0,0.0604049654934079,2302.1297002835204,1100.0,,4,275.0,275.0,275.0,275.0,1202.1297002835204,55.0,7.0,15.0,70.0,1055.1297002835204,100.0,18.0,25.0,80.0,1127.1297002835204,1243.0,990.0,972.1865199662016,17.81348003379844,0.9262894125183112,0.48,988.5937105874816,0.5349,0.5349,0.5349,0.5349,15.872290621280165,15.872290621280165,15.872290621280165,15.872290621280165,,0.9224448951166336,0.9224448951166336,0.9224448951166336,0.9224448951166336,39.486753798707205,39.486753798707205,39.486753798707205,39.486753798707205,0.8042108716640979,0.8042108716640979,0.8042108716640979,0.8042108716640979,0.9704210871664096,0.9704210871664096,0.9704210871664096,0.9704210871664096,38.3187785500138,38.3187785500138,38.3187785500138,38.3187785500138,153.2751142000552,3678.602740801325,0.0625579593530574,3.870583691920586e-05,0.13
1974-05-01,1974-05-12,2454.9977,1.0134122837316493,2487.9248257129457,0.126,1974,5,1,1974.05,1973,8,213,31,0.2149567049415985,37.7951254294253,0.0151914258175363,0.62,3,Normal,55,13,13,17,178,276.0,0.1109358277820588,2211.9248257129457,1100.0,,4,275.0,275.0,275.0,275.0,1111.9248257129457,45.00000000000003,4.999999999999993,11.999999999999991,63.0,986.9248257129456,100.0,18.0,25.0,80.0,1164.9248257129457,1243.0,990.0,972.2777495793072,17.72225042069283,0.9262894125183112,0.48,988.5937105874816,0.5349,0.5349,0.5349,0.5349,15.781061008174554,15.781061008174554,15.781061008174554,15.781061008174554,,0.9214732997370588,0.9214732997370588,0.9214732997370588,0.9214732997370588,39.218443000566495,39.218443000566495,39.218443000566495,39.218443000566495,0.7987462932905599,0.7987462932905599,0.7987462932905599,0.7987462932905599,0.97,0.97,0.97,0.97,38.0418897105495,38.0418897105495,38.0418897105495,38.0418897105495,152.167558842198,3652.021412212752,0.0611624423975883,3.842615122277727e-05,0.125
1974-05-02,1974-05-13,2483.648,1.0134558978398422,2517.067713758129,0.123,1974,5,2,1974.05,1973,8,214,31,0.2174746504687023,29.1428880451831,0.0115781104679425,0.62,3,Normal,55,13,13,17,178,276.0,0.1096514005131454,2241.067713758129,1100.0,,4,275.0,275.0,275.0,275.0,1141.0677137581288,45.0,4.999999999999993,11.999999999999991,63.0,1016.0677137581288,100.0,18.0,25.0,80.0,1194.0677137581288,1243.0,990.0,972.3480944814852,17.65190551851481,0.9262894125183112,0.48,988.5937105874816,0.5349,0.5349,0.5349,0.5349,15.710716105996532,15.710716105996532,15.710716105996532,15.710716105996532,,0.920724126528863,0.920724126528863,0.920724126528863,0.920724126528863,39.01188162617935,39.01188162617935,39.01188162617935,39.01188162617935,0.7945393406553838,0.7945393406553838,0.7945393406553838,0.7945393406553838,0.97,0.97,0.97,0.97,37.84152517739396,37.84152517739396,37.84152517739396,37.84152517739396,151.36610070957585,3632.78641702982,0.0601358874384739,3.822376280544845e-05,0.125
1974-05-03,1974-05-14,2498.0517,1.0179830997411152,2542.9744128795624,0.122,1974,5,3,1974.05,1973,8,215,31,0.2197129892727941,25.90669912143357,0.0101875579204502,0.62,3,Normal,55,13,13,17,178,276.0,0.1085343205193593,2266.9744128795624,1100.0,,4,275.0,275.0,275.0,275.0,1166.9744128795624,45.0,5.0,12.0,63.0,1041.9744128795626,100.0,18.0,25.0,80.0,1219.9744128795626,1243.0,990.0,972.4106278931577,17.58937210684246,0.9262894125183112,0.48,988.5937105874816,0.5349,0.5349,0.5349,0.5349,15.648182694324184,15.648182694324184,15.648182694324184,15.648182694324184,,0.9200581456945526,0.9200581456945526,0.9200581456945526,0.9200581456945526,38.82849664371838,38.82849664371838,38.82849664371838,38.82849664371838,0.79080441229569,0.79080441229569,0.79080441229569,0.79080441229569,0.97,0.97,0.97,0.97,37.66364174440683,37.66364174440683,37.66364174440683,37.66364174440683,150.65456697762733,3615.709607463056,0.0592434458697648,3.8044082570107913e-05,0.12
1974-05-04,1974-05-15,2498.0517,1.0179830997411152,2542.9744128795624,0.122,1974,5,4,1974.05,1973,8,216,31,0.2197129892727941,0.0,0.0,0.62,3,Normal,55,13,13,17,178,276.0,0.1085343205193593,2266.9744128795624,1100.0,,4,275.0,275.0,275.0,275.0,1166.9744128795624,45.0,5.0,12.0,63.0,1041.9744128795626,100.0,18.0,25.0,80.0,1219.9744128795626,1243.0,990.0,972.4106278931577,17.58937210684246,0.9262894125183112,0.48,988.5937105874816,0.5349,0.5349,0.5349,0.5349,15.648182694324184,15.648182694324184,15.648182694324184,15.648182694324184,,0.9200581456945526,0.9200581456945526,0.9200581456945526,0.9200581456945526,38.82849664371838,38.82849664371838,38.82849664371838,38.82849664371838,0.79080441229569,0.79080441229569,0.79080441229569,0.79080441229569,0.97,0.97,0.97,0.97,37.66364174440683,37.66364174440683,37.66364174440683,37.66364174440683,150.65456697762733,3615.709607463056,0.0592434458697648,3.8044082570107913e-05,0.12
1974-05-05,1974-05-16,2498.0517,1.0179830997411152,2542.9744128795624,0.122,1974,5,5,1974.05,1973,8,217,31,0.2197129892727941,0.0,0.0,0.62,3,Normal,55,13,13,17,178,276.0,0.1085343205193593,2266.9744128795624,1100.0,,4,275.0,275.0,275.0,275.0,1166.9744128795624,45.0,5.0,12.0,63.0,1041.9744128795626,100.0,18.0,25.0,80.0,1219.9744128795626,1243.0,990.0,972.4106278931577,17.58937210684246,0.9262894125183112,0.48,988.5937105874816,0.5349,0.5349,0.5349,0.5349,15.648182694324184,15.648182694324184,15.648182694324184,15.648182694324184,,0.9200581456945526,0.9200581456945526,0.9200581456945526,0.9200581456945526,38.82849664371838,38.82849664371838,38.82849664371838,38.82849664371838,0.79080441229569,0.79080441229569,0.79080441229569,0.79080441229569,0.97,0.97,0.97,0.97,37.66364174440683,37.66364174440683,37.66364174440683,37.66364174440683,150.65456697762733,3615.709607463056,0.0592434458697648,3.8044082570107913e-05,0.12
1974-05-06,1974-05-17,2498.0517,1.0179830997411152,2542.9744128795624,0.122,1974,5,6,1974.05,1973,8,218,32,0.2197129892727941,0.0,0.0,0.62,3,Normal,55,13,13,17,178,276.0,0.1085343205193593,2266.9744128795624,1100.0,,4,275.0,275.0,275.0,275.0,1166.9744128795624,45.0,5.0,12.0,63.0,1041.9744128795626,100.0,18.0,25.0,80.0,1219.9744128795626,1243.0,990.0,972.4106278931577,17.58937210684246,0.9262894125183112,0.48,988.5937105874816,0.5349,0.5349,0.5349,0.5349,15.648182694324184,15.648182694324184,15.648182694324184,15.648182694324184,,0.9200581456945526,0.9200581456945526,0.9200581456945526,0.9200581456945526,38.82849664371838,38.82849664371838,38.82849664371838,38.82849664371838,0.79080441229569,0.79080441229569,0.79080441229569,0.79080441229569,0.97,0.97,0.97,0.97,37.66364174440683,37.66364174440683,37.66364174440683,37.66364174440683,150.65456697762733,3615.709607463056,0.0592434458697648,3.8044082570107913e-05,0.12
1974-05-07,1974-05-18,2483.648,1.0134558978398422,2517.067713758129,0.123,1974,5,7,1974.05,1973,8,219,32,0.2174746504687023,25.90669912143357,0.0102924124686154,0.62,3,Normal,55,13,13,17,178,276.0,0.1096514005131454,2241.067713758129,1100.0,,4,275.0,275.0,275.0,275.0,1141.0677137581288,45.0,4.999999999999993,11.999999999999991,63.0,1016.0677137581288,100.0,18.0,25.0,80.0,1194.0677137581288,1243.0,990.0,972.3480944814852,17.65190551851481,0.9262894125183112,0.48,988.5937105874816,0.5349,0.5349,0.5349,0.5349,15.710716105996532,15.710716105996532,15.710716105996532,15.710716105996532,,0.920724126528863,0.920724126528863,0.920724126528863,0.920724126528863,39.01188162617935,39.01188162617935,39.01188162617935,39.01188162617935,0.7945393406553838,0.7945393406553838,0.7945393406553838,0.7945393406553838,0.97,0.97,0.97,0.97,37.84152517739396,37.84152517739396,37.84152517739396,37.84152517739396,151.36610070957585,3632.78641702982,0.0601358874384739,3.822376280544845e-05,0.125
1974-05-08,1974-05-19,2454.9977,1.0134122837316493,2487.9248257129457,0.126,1974,5,8,1974.05,1973,8,220,32,0.2149567049415985,29.1428880451831,0.0117137333668559,0.62,3,Normal,55,13,13,17,178,276.0,0.1109358277820588,2211.9248257129457,1100.0,,4,275.0,275.0,275.0,275.0,1111.9248257129457,45.00000000000003,4.999999999999993,11.999999999999991,63.0,986.9248257129456,100.0,18.0,25.0,80.0,1164.9248257129457,1243.0,990.0,972.2777495793072,17.72225042069283,0.9262894125183112,0.48,988.5937105874816,0.5349,0.5349,0.5349,0.5349,15.781061008174554,15.781061008174554,15.781061008174554,15.781061008174554,,0.9214732997370588,0.9214732997370588,0.9214732997370588,0.9214732997370588,39.218443000566495,39.218443000566495,39.218443000566495,39.218443000566495,0.7987462932905599,0.7987462932905599,0.7987462932905599,0.7987462932905599,0.97,0.97,0.97,0.97,38.0418897105495,38.0418897105495,38.0418897105495,38.0418897105495,152.167558842198,3652.021412212752,0.0611624423975883,3.842615122277727e-05,0.125
1974-05-09,1974-05-20,2440.7511,1.0109361405961952,2467.4434971899177,0.127,1974,5,9,1974.05,1973,8,221,32,0.2131871181572089,20.48132852302797,0.0083006271658716,0.62,3,Normal,55,13,13,17,178,276.0,0.111856664727815,2191.4434971899177,1100.0,,4,275.0,275.0,275.0,275.0,1091.4434971899177,44.99999999999997,5.000000000000007,12.000000000000009,63.0,966.4434971899176,100.0,18.0,25.0,80.0,1144.4434971899177,1243.0,990.0,972.2283118897687,17.771688110231253,0.9262894125183112,0.48,988.5937105874816,0.5349,0.5349,0.5349,0.5349,15.830498697712976,15.830498697712976,15.830498697712976,15.830498697712976,,0.9219998111306432,0.9219998111306432,0.9219998111306432,0.9219998111306432,39.36378234403929,39.36378234403929,39.36378234403929,39.36378234403929,0.8017063613857289,0.8017063613857289,0.8017063613857289,0.8017063613857289,0.9701706361385728,0.9701706361385728,0.9701706361385728,0.9701706361385728,38.189585757536925,38.189585757536925,38.189585757536925,38.189585757536925,152.7583430301477,3666.200232723545,0.0619095607271731,3.85753391490272e-05,0.125
1974-05-10,1974-05-21,2426.5566,1.0097146303051494,2450.1297002835204,0.128,1974,5,10,1974.05,1973,8,222,32,0.2116912061044961,17.313796906397332,0.0070664817884513,0.62,3,Normal,55,13,13,17,178,276.0,0.112647097812031,2174.1297002835204,1100.0,,4,275.0,275.0,275.0,275.0,1074.1297002835204,45.0,5.0,12.0,63.0,949.1297002835204,100.0,18.0,25.0,80.0,1127.1297002835204,1243.0,990.0,972.1865199662016,17.81348003379844,0.9262894125183112,0.48,988.5937105874816,0.5349,0.5349,0.5349,0.5349,15.872290621280165,15.872290621280165,15.872290621280165,15.872290621280165,,0.9224448951166336,0.9224448951166336,0.9224448951166336,0.9224448951166336,39.486753798707205,39.486753798707205,39.486753798707205,39.486753798707205,0.8042108716640979,0.8042108716640979,0.8042108716640979,0.8042108716640979,0.9704210871664096,0.9704210871664096,0.9704210871664096,0.9704210871664096,38.3187785500138,38.3187785500138,38.3187785500138,38.3187785500138,153.2751142000552,3678.602740801325,0.0625579593530574,3.870583691920586e-05,0.13
1974-05-11,1974-05-22,2426.5566,1.0097146303051494,2450.1297002835204,0.128,1974,5,11,1974.05,1973,8,223,32,0.2116912061044961,0.0,0.0,0.5,3,Normal,55,13,13,17,178,276.0,0.112647097812031,2174.1297002835204,1100.0,,4,275.0,275.0,275.0,275.0,1074.1297002835204,45.0,5.0,12.0,63.0,949.1297002835204,100.0,18.0,25.0,80.0,1127.1297002835204,1243.0,990.0,972.1865199662016,17.81348003379844,0.9262894125183112,0.48,988.5937105874816,0.5349,0.5349,0.5349,0.5349,15.872290621280165,15.872290621280165,15.872290621280165,15.872290621280165,,0.9224448951166336,0.9224448951166336,0.9224448951166336,0.9224448951166336,39.486753798707205,39.486753798707205,39.486753798707205,39.486753798707205,0.8042108716640979,0.8042108716640979,0.8042108716640979,0.8042108716640979,0.9704210871664096,0.9704210871664096,0.9704210871664096,0.9704210871664096,38.3187785500138,38.3187785500138,38.3187785500138,38.3187785500138,153.2751142000552,3678.602740801325,0.0625579593530574,3.870583691920586e-05,0.13
1974-05-12,1974-05-23,2412.4143,1.0045395565552413,2423.365591149523,0.13,1974,5,12,1974.05,1973,8,224,32,0.2093787870753188,26.76410913399741,0.0110441896310419,0.5,3,Normal,55,13,13,17,178,276.0,0.1138911937216536,2147.365591149523,1100.0,,4,275.0,275.0,275.0,275.0,1047.365591149523,45.0,5.0,12.0,63.0,922.3655911495232,100.0,18.0,25.0,80.0,1100.365591149523,1243.0,990.0,972.121916944154,17.87808305584599,0.9262894125183112,0.48,988.5937105874816,0.5349,0.5349,0.5349,0.5349,15.936893643327714,15.936893643327714,15.936893643327714,15.936893643327714,,0.9231329173014402,0.9231329173014402,0.9231329173014402,0.9231329173014402,39.677043633437954,39.677043633437954,39.677043633437954,39.677043633437954,0.8080864283795917,0.8080864283795917,0.8080864283795917,0.8080864283795917,0.9708086428379592,0.9708086428379592,0.9708086428379592,0.9708086428379592,38.51881688160039,38.51881688160039,38.51881688160039,38.51881688160039,154.07526752640155,3697.806420633637,0.0635790439911775,3.890789584000039e-05,0.13
1974-05-13,1974-05-24,2384.2857,1.004803744062384,2395.739198274402,0.132,1974,5,13,1974.05,1973,8,225,33,0.2069918667309084,27.62639287512093,0.0115314692413179,0.5,3,Normal,55,13,13,17,178,276.0,0.1152045265189118,2119.739198274402,1100.0,,4,275.0,275.0,275.0,275.0,1019.739198274402,45.00000000000003,5.0,12.0,62.81002308211897,894.9291751922831,100.0,18.0,25.0,79.81002308211896,1072.929175192283,1243.0,990.0,972.055232547559,17.944767452441056,0.9262894125183112,0.48,988.5937105874816,0.5349,0.5349,0.5349,0.5349,16.00357803992278,16.00357803992278,16.00357803992278,16.00357803992278,,0.9238228186388155,0.9238228186388155,0.9238228186388155,0.9238228186388155,39.87284004706264,39.87284004706264,39.87284004706264,39.87284004706264,0.8120741353780578,0.8120741353780578,0.8120741353780578,0.8120741353780578,0.9712074135378056,0.9712074135378056,0.9712074135378056,0.9712074135378056,38.72479785251434,38.72479785251434,38.72479785251434,38.72479785251434,154.89919141005737,3717.580593841377,0.0646561159585433,3.911595742678216e-05,0.13
1974-05-14,1974-05-25,2356.3647,1.0031685153704124,2363.830877770248,0.136,1974,5,14,1974.05,1973,8,226,33,0.2042349878393492,31.908320504154744,0.0134985632027335,0.5,3,Normal,55,13,13,17,178,276.0,0.1167596221013683,2087.830877770248,1100.0,,4,275.0,275.0,275.0,275.0,987.8308777702478,45.0,5.0,12.0,60.8446555148341,864.9862222554137,100.0,18.0,25.0,77.8446555148341,1042.9862222554138,1243.0,990.0,971.9782124635834,18.021787536416586,0.9262894125183112,0.48,988.5937105874816,0.5349,0.5349,0.5349,0.5349,16.080598123898305,16.080598123898305,16.080598123898305,16.080598123898305,,0.9242063786570136,0.9242063786570136,0.9242063786570136,0.9242063786570136,40.08136961871388,40.08136961871388,40.08136961871388,40.08136961871388,0.8163211734972277,0.8163211734972277,0.8163211734972277,0.8163211734972277,0.9716321173497228,0.9716321173497228,0.9716321173497228,0.9716321173497228,38.944346028907816,38.944346028907816,38.944346028907816,38.944346028907816,155.77738411563126,3738.6572187751503,0.0659003931205826,3.9337723261523046e-05,0.135
1974-05-15,1974-05-26,2342.4819,1.0013569424535649,2345.660513136817,0.138,1974,5,15,1974.05,1973,8,227,33,0.2026650683350209,18.170364633430378,0.0077463744355449,0.5,3,Normal,55,13,13,17,178,276.0,0.1176640858531183,2069.660513136817,1100.0,,4,275.0,275.0,275.0,275.0,969.6605131368168,45.0,5.0,12.0,59.72546638886192,847.9350467479551,100.0,18.0,25.0,76.72546638886192,1025.935046747955,1243.0,990.0,971.934352962744,18.065647037255985,0.9262894125183112,0.48,988.5937105874816,0.5349,0.5349,0.5349,0.5349,16.12445762473771,16.12445762473771,16.12445762473771,16.12445762473771,,0.9244247989711938,0.9244247989711938,0.9244247989711938,0.9244247989711938,40.20018911036579,40.20018911036579,40.20018911036579,40.20018911036579,0.8187411224107085,0.8187411224107085,0.8187411224107085,0.8187411224107085,0.9718741122410708,0.9718741122410708,0.9718741122410708,0.9718741122410708,39.06952310355992,39.06952310355992,39.06952310355992,39.06952310355992,156.2780924142397,3750.674217941752,0.066624343778227,3.946416475107062e-05,0.14
1974-05-16,1974-05-27,2328.6506,1.0027954239303196,2335.160165612593,0.139,1974,5,16,1974.05,1973,8,228,33,0.201757838308928,10.500347524223796,0.0044966284021332,0.5,3,Normal,55,13,13,17,178,276.0,0.1181931775234765,2059.160165612593,1100.0,,4,275.0,275.0,275.0,275.0,959.1601656125932,45.0,5.0,12.0,59.07870585294958,838.0814597596436,100.0,18.0,25.0,76.07870585294958,1016.0814597596436,1243.0,990.0,971.9090072963064,18.0909927036937,0.9262894125183112,0.48,988.5937105874816,0.5349,0.5349,0.5349,0.5349,16.149803291175424,16.149803291175424,16.149803291175424,16.149803291175424,,0.9245510203900535,0.9245510203900535,0.9245510203900535,0.9245510203900535,40.26887645055466,40.26887645055466,40.26887645055466,40.26887645055466,0.8201400499094634,0.8201400499094634,0.8201400499094634,0.8201400499094634,0.9720140049909464,0.9720140049909464,0.9720140049909464,0.9720140049909464,39.14191187518924,39.14191187518924,39.14191187518924,39.14191187518924,156.56764750075695,3757.623540018167,0.0670479266503263,3.953728472241337e-05,0.14
1974-05-17,1974-05-28,2287.4661,1.006148957666809,2301.531632213161,0.143,1974,5,17,1974.05,1973,8,229,33,0.1988523330232171,33.628533399431944,0.0146113713705922,0.5,3,Normal,55,13,13,17,178,276.0,0.1199201419337423,2025.5316322131607,1100.0,,4,275.0,275.0,275.0,275.0,925.5316322131612,45.0,5.0,12.0,57.00738314356428,806.524249069597,100.0,18.0,25.0,74.00738314356428,984.524249069597,1243.0,990.0,971.8278349743076,18.17216502569238,0.9262894125183112,0.48,988.5937105874816,0.5349,0.5349,0.5349,0.5349,16.230975613174103,16.230975613174103,16.230975613174103,16.230975613174103,,0.924955258553607,0.924955258553607,0.924955258553607,0.924955258553607,40.48897144053996,40.48897144053996,40.48897144053996,40.48897144053996,0.824622636263543,0.824622636263543,0.824622636263543,0.824622636263543,0.9724622636263542,0.9724622636263542,0.9724622636263542,0.9724622636263542,39.3739968189703,39.3739968189703,39.3739968189703,39.3739968189703,157.4959872758812,3779.9036946211486,0.0684309461888353,3.977171395855586e-05,0.145
1974-05-18,1974-05-29,2246.7435,1.0085781674414218,2266.0164419409257,0.147,1974,5,18,1974.05,1973,8,230,33,0.1957838205836959,35.51519027223549,0.0156729623028751,0.5,3,Normal,55,13,13,17,178,276.0,0.1217996457976253,1990.0164419409257,1100.0,,4,275.0,275.0,275.0,275.0,890.0164419409257,45.0,5.0,12.0,54.81985330795557,773.1965886329701,100.0,18.0,25.0,71.81985330795557,951.19658863297,1243.0,990.0,971.7421086529608,18.257891347039163,0.9262894125183112,0.48,988.5937105874816,0.5349,0.5349,0.5349,0.5349,16.316701934520886,16.316701934520886,16.316701934520886,16.316701934520886,,0.925382175633914,0.925382175633914,0.925382175633914,0.925382175633914,40.72160655084582,40.72160655084582,40.72160655084582,40.72160655084582,0.8293606222168192,0.8293606222168192,0.8293606222168192,0.8293606222168192,0.972936062221682,0.972936062221682,0.972936062221682,0.972936062221682,39.61951952492058,39.61951952492058,39.61951952492058,39.61951952492058,158.4780780996823,3803.473874392376,0.0699368615189482,4.001971669183896e-05,0.145
1974-05-19,1974-05-30,2233.2716,1.0124644434742982,2261.108087620956,0.148,1974,5,19,1974.05,1973,8,231,33,0.1953597387704506,4.908354319969477,0.0021707738550145,0.5,3,Normal,55,13,13,17,178,276.0,0.1220640452842728,1985.108087620956,1100.0,,4,275.0,275.0,275.0,275.0,885.1080876209562,45.0,5.0,12.0,54.51752713607339,768.5905604848826,100.0,18.0,25.0,71.5175271360734,946.5905604848826,1243.0,990.0,971.730260901154,18.269739098846003,0.9262894125183112,0.48,988.5937105874816,0.5349,0.5349,0.5349,0.5349,16.328549686327726,16.328549686327726,16.328549686327726,16.328549686327726,,0.925441177437912,0.925441177437912,0.925441177437912,0.925441177437912,40.753773264958376,40.753773264958376,40.753773264958376,40.753773264958376,0.8300157487771563,0.8300157487771563,0.8300157487771563,0.8300157487771563,0.9730015748777155,0.9730015748777155,0.9730015748777155,0.9730015748777155,39.653485569013846,39.653485569013846,39.653485569013846,39.653485569013846,158.61394227605538,3806.7346146253294,0.0701487660605125,4.005402582728671e-05,0.15
1974-05-20,1974-05-31,2233.2716,1.0124644434742982,2261.108087620956,0.148,1974,5,20,1974.05,1973,8,232,34,0.1953597387704506,0.0,0.0,0.5,3,Normal,55,13,13,17,178,276.0,0.1220640452842728,1985.108087620956,1100.0,,4,275.0,275.0,275.0,275.0,885.1080876209562,45.0,5.0,12.0,54.51752713607339,768.5905604848826,100.0,18.0,25.0,71.5175271360734,946.5905604848826,1243.0,990.0,971.730260901154,18.269739098846003,0.9262894125183112,0.48,988.5937105874816,0.5349,0.5349,0.5349,0.5349,16.328549686327726,16.328549686327726,16.328549686327726,16.328549686327726,,0.925441177437912,0.925441177437912,0.925441177437912,0.925441177437912,40.753773264958376,40.753773264958376,40.753773264958376,40.753773264958376,0.8300157487771563,0.8300157487771563,0.8300157487771563,0.8300157487771563,0.9730015748777155,0.9730015748777155,0.9730015748777155,0.9730015748777155,39.653485569013846,39.653485569013846,39.653485569013846,39.653485569013846,158.61394227605538,3806.7346146253294,0.0701487660605125,4.005402582728671e-05,0.15
1974-05-21,1974-06-01,2219.8507,1.0053779694075775,2231.78898915399,0.151,1974,5,21,1974.05,1973,8,233,34,0.1928265686629047,29.319098466966352,0.0131370387655153,0.43,3,Normal,55,13,13,17,178,276.0,0.1236676053790479,1955.7889891539896,1100.0,,4,275.0,275.0,275.0,275.0,855.7889891539899,45.0,5.0,12.0,52.71164063629648,741.0773485176935,100.0,18.0,25.0,69.71164063629648,919.0773485176936,1243.0,990.0,971.6594906634753,18.34050933652486,0.9262894125183112,0.48,988.5937105874816,0.5349,0.5349,0.5349,0.5349,16.399319924006583,16.399319924006583,16.399319924006583,16.399319924006583,,0.9257936132215528,0.9257936132215528,0.9257936132215528,0.9257936132215528,40.94599339445112,40.94599339445112,40.94599339445112,40.94599339445112,0.833930619031591,0.833930619031591,0.833930619031591,0.833930619031591,0.9733930619031592,0.9733930619031592,0.9733930619031592,0.9733930619031592,39.8565458828913,39.8565458828913,39.8565458828913,39.8565458828913,159.4261835315652,3826.228404757565,0.0714342548988017,4.025913725544576e-05,0.15
1974-05-22,1974-06-02,2179.8933,1.0070301010933984,2195.2181702718217,0.155,1974,5,22,1974.05,1973,8,234,34,0.1896668499114853,36.570818882168176,0.0166593094834122,0.43,3,Normal,55,13,13,17,178,276.0,0.12572782229013,1919.2181702718217,1100.0,,4,275.0,275.0,275.0,275.0,819.2181702718217,45.0,5.0,12.0,50.459090197902064,706.7590800739197,100.0,18.0,25.0,67.45909019790207,884.7590800739197,1243.0,990.0,971.57121627307,18.42878372693008,0.9262894125183112,0.48,988.5937105874816,0.5349,0.5349,0.5349,0.5349,16.4875943144118,16.4875943144118,16.4875943144118,16.4875943144118,,0.9262332196857708,0.9262332196857708,0.9262332196857708,0.9262332196857708,41.185945384130456,41.185945384130456,41.185945384130456,41.185945384130456,0.8388176249313738,0.8388176249313738,0.8388176249313738,0.8388176249313738,0.9738817624931374,0.9738817624931374,0.9738817624931374,0.9738817624931374,40.11024108064306,40.11024108064306,40.11024108064306,40.11024108064306,160.44096432257226,3850.583143741734,0.0730865690232081,4.051539503095259e-05,0.155
1974-05-23,1974-06-03,2127.3261,1.0131069972131326,2155.2089572641244,0.16,1974,5,23,1974.05,1973,8,235,34,0.1862100539076203,40.009213007697326,0.0185639600618986,0.43,3,Normal,55,13,13,17,178,276.0,0.1280618285617935,1879.2089572641244,1100.0,,4,275.0,275.0,275.0,275.0,779.2089572641244,45.0,5.0,12.0,47.99475461409462,669.2142026500297,100.0,18.0,25.0,64.99475461409462,847.2142026500297,1243.0,990.0,971.4746423106376,18.52535768936241,0.9262894125183112,0.48,988.5937105874816,0.5349,0.5349,0.5349,0.5349,16.58416827684413,16.58416827684413,16.58416827684413,16.58416827684413,,0.9267141580186836,0.9267141580186836,0.9267141580186836,0.9267141580186836,41.44869745730567,41.44869745730567,41.44869745730567,41.44869745730567,0.8441689909838221,0.8441689909838221,0.8441689909838221,0.8441689909838221,0.974416899098382,0.974416899098382,0.974416899098382,0.974416899098382,40.38831124801479,40.38831124801479,40.38831124801479,40.38831124801479,161.55324499205915,3877.27787980942,0.0749594346513568,4.079627398789373e-05,0.16
1974-05-24,1974-06-04,2088.4298,1.0116219640558364,2112.7014560687376,0.165,1974,5,24,1974.05,1973,8,236,34,0.1825374058043389,42.5075011953868,0.0201199753392908,0.43,3,Normal,55,13,13,17,178,276.0,0.1306384293943612,1836.7014560687376,1100.0,,4,275.0,275.0,275.0,275.0,736.7014560687376,45.0,5.0,12.0,45.376538960755575,629.3249171079821,100.0,18.0,25.0,62.376538960755575,807.3249171079821,1243.0,990.0,971.3720379974072,18.627962002592653,0.9262894125183112,0.48,988.5937105874816,0.5349,0.5349,0.5349,0.5349,16.686772590074376,16.686772590074376,16.686772590074376,16.686772590074376,,0.9272251274985704,0.9272251274985704,0.9272251274985704,0.9272251274985704,41.728130990051554,41.728130990051554,41.728130990051554,41.728130990051554,0.8498601016303778,0.8498601016303778,0.8498601016303778,0.8498601016303778,0.9749860101630378,0.9749860101630378,0.9749860101630378,0.9749860101630378,40.68434394555098,40.68434394555098,40.68434394555098,40.68434394555098,162.7373757822039,3905.697018772894,0.0770280984635763,4.109529691469796e-05,0.165
1974-05-25,1974-06-05,2049.9848,1.0130719634467324,2076.782126371957,0.1689999999999999,1974,5,25,1974.05,1973,8,237,34,0.1794339757185371,35.919329696780096,0.0172956658479767,0.43,3,Normal,55,13,13,17,178,276.0,0.1328979080160706,1800.782126371957,1100.0,,4,275.0,275.0,275.0,275.0,700.782126371957,45.0,5.0,12.0,43.16411647943214,595.6180098925249,100.0,18.0,25.0,60.16411647943214,773.6180098925249,1243.0,990.0,971.2853361671048,18.71466383289521,0.9262894125183112,0.48,988.5937105874816,0.5349,0.5349,0.5349,0.5349,16.773474420376935,16.773474420376935,16.773474420376935,16.773474420376935,,0.9276569026134772,0.9276569026134772,0.9276569026134772,0.9276569026134772,41.96447599583736,41.96447599583736,41.96447599583736,41.96447599583736,0.8546736455364025,0.8546736455364025,0.8546736455364025,0.8546736455364025,0.9754673645536402,0.9754673645536402,0.9754673645536402,0.9754673645536402,40.93497680453397,40.93497680453397,40.93497680453397,40.93497680453397,163.73990721813587,3929.757773235261,0.078843083797231,4.134846141872118e-05,0.17
1974-05-26,1974-06-06,2024.6043,1.0084233130046596,2041.65817572948,0.172,1974,5,26,1974.05,1973,8,238,34,0.176399266383027,35.12395064247744,0.0172036392085701,0.43,3,Normal,55,13,13,17,178,276.0,0.1351842356771528,1765.65817572948,1100.0,,4,275.0,275.0,275.0,275.0,665.65817572948,45.0,5.0,12.0,41.00068473696073,562.6574909925193,100.0,18.0,25.0,58.00068473696073,740.6574909925193,1243.0,990.0,971.200554217278,18.79944578272193,0.9262894125183112,0.48,988.5937105874816,0.5349,0.5349,0.5349,0.5349,16.858256370203655,16.858256370203655,16.858256370203655,16.858256370203655,,0.9280791167236142,0.9280791167236142,0.9280791167236142,0.9280791167236142,42.19578276633541,42.19578276633541,42.19578276633541,42.19578276633541,0.8593845777257721,0.8593845777257721,0.8593845777257721,0.8593845777257721,0.9759384577725772,0.9759384577725772,0.9759384577725772,0.9759384577725772,41.18048715748407,41.18048715748407,41.18048715748407,41.18048715748407,164.7219486299363,3953.3267671184713,0.0806804736405404,4.159645167422634e-05,0.17
1974-05-27,1974-06-07,1974.4395,1.004560374130299,1983.4436828176408,0.178,1974,5,27,1974.05,1973,8,239,35,0.1713695341954441,58.21449291183944,0.0293502121669222,0.43,3,Normal,55,13,13,17,178,276.0,0.1391519216759005,1707.4436828176408,1100.0,,4,275.0,275.0,275.0,275.0,607.4436828176408,45.000000000000014,5.0,12.0,37.41500944891266,508.0286733687281,100.0,18.0,25.0,54.41500944891266,686.028673368728,1243.0,990.0,971.0465103598724,18.9534896401276,0.9262894125183112,0.48,988.5937105874816,0.5349,0.5349,0.5349,0.5349,17.012300227609323,17.012300227609323,17.012300227609323,17.012300227609323,,0.9288481616687738,0.9288481616687738,0.9288481616687738,0.9288481616687738,42.61663526310541,42.61663526310541,42.61663526310541,42.61663526310541,0.8679559116722079,0.8679559116722079,0.8679559116722079,0.8679559116722079,0.9767955911672208,0.9767955911672208,0.9767955911672208,0.9767955911672208,41.62774143538287,41.62774143538287,41.62774143538287,41.62774143538287,166.5109657415315,3996.263177796756,0.0839504379095802,4.204822367210391e-05,0.18
1974-05-28,1974-06-08,1974.4395,1.004560374130299,1983.4436828176408,0.178,1974,5,28,1974.05,1973,8,240,35,0.1713695341954441,0.0,0.0,0.43,3,Normal,55,13,13,17,178,276.0,0.1391519216759005,1707.4436828176408,1100.0,,4,275.0,275.0,275.0,275.0,607.4436828176408,45.000000000000014,5.0,12.0,37.41500944891266,508.0286733687281,100.0,18.0,25.0,54.41500944891266,686.028673368728,1243.0,990.0,971.0465103598724,18.9534896401276,0.9262894125183112,0.48,988.5937105874816,0.5349,0.5349,0.5349,0.5349,17.012300227609323,17.012300227609323,17.012300227609323,17.012300227609323,,0.9288481616687738,0.9288481616687738,0.9288481616687738,0.9288481616687738,42.61663526310541,42.61663526310541,42.61663526310541,42.61663526310541,0.8679559116722079,0.8679559116722079,0.8679559116722079,0.8679559116722079,0.9767955911672208,0.9767955911672208,0.9767955911672208,0.9767955911672208,41.62774143538287,41.62774143538287,41.62774143538287,41.62774143538287,166.5109657415315,3996.263177796756,0.0839504379095802,4.204822367210391e-05,0.18
1974-05-29,1974-06-09,1937.3349,1.0078456066936932,1952.5344676593647,0.182,1974,5,29,1974.05,1973,8,241,35,0.1686989780057691,30.9092151582754,0.0158303044941011,0.43,3,Normal,55,13,13,17,178,276.0,0.1413547389669693,1676.5344676593647,1100.0,,4,275.0,275.0,275.0,275.0,576.5344676593647,45.0,4.9999999999999964,11.999999999999996,35.511180979018846,479.0232866803459,100.0,18.0,25.0,52.511180979018846,657.0232866803459,1243.0,990.0,970.9466498185918,19.053350181408177,0.9262894125183112,0.48,988.5937105874816,0.5349,0.5349,0.5349,0.5349,17.1121607688899,17.1121607688899,17.1121607688899,17.1121607688899,,0.9293609455482496,0.9293609455482496,0.9293609455482496,0.9293609455482496,42.89045597448777,42.89045597448777,42.89045597448777,42.89045597448777,0.8735327082380401,0.8735327082380401,0.8735327082380401,0.8735327082380401,0.977353270823804,0.977353270823804,0.977353270823804,0.977353270823804,41.91912743378999,41.91912743378999,41.91912743378999,41.91912743378999,167.67650973515995,4024.236233643839,0.0858763379148769,4.234255296342423e-05,0.18
1974-05-30,1974-06-10,1888.5499,0.9960254141200148,1881.0436962338129,0.188,1974,5,30,1974.05,1973,8,242,35,0.1625221753546014,71.49077142555234,0.0380059068105061,0.43,3,Normal,55,13,13,17,178,276.0,0.1467270540033714,1605.0436962338129,1100.0,,4,275.0,275.0,275.0,275.0,505.04369623381285,44.99999999999999,5.000000000000004,12.000000000000004,31.10776389845949,411.9359323353533,100.0,18.0,25.0,48.10776389845949,589.9359323353533,1243.0,990.0,970.7156796339862,19.284320366013844,0.9262894125183112,0.48,988.5937105874816,0.5349,0.5349,0.5349,0.5349,17.343130953495567,17.343130953495567,17.343130953495567,17.343130953495567,,0.9305469774461996,0.9305469774461996,0.9305469774461996,0.9305469774461996,43.52484162162183,43.52484162162183,43.52484162162183,43.52484162162183,0.886452986183744,0.886452986183744,0.886452986183744,0.886452986183744,0.9786452986183743,0.9786452986183743,0.9786452986183743,0.9786452986183743,42.59538162610955,42.59538162610955,42.59538162610955,42.59538162610955,170.3815265044382,4089.156636106517,0.0905781863789621,4.302563800617127e-05,0.19
1974-05-31,1974-06-11,1852.4742,0.9909847503011144,1835.7736825262568,0.192,1974,5,31,1974.05,1973,8,243,35,0.1586108461702685,45.270013707556245,0.0246599099542918,0.43,3,Normal,55,13,13,17,178,276.0,0.150345329942953,1559.7736825262568,1100.0,,4,275.0,275.0,275.0,275.0,459.7736825262568,45.0,4.9999999999999964,11.999999999999996,28.31939348893611,369.45428903732073,100.0,18.0,25.0,45.31939348893612,547.4542890373207,1243.0,990.0,970.5694226666232,19.43057733337673,0.9262894125183112,0.48,988.5937105874816,0.5349,0.5349,0.5349,0.5349,17.489387920858455,17.489387920858455,17.489387920858455,17.489387920858455,,0.931298006973608,0.931298006973608,0.931298006973608,0.931298006973608,43.92731693550439,43.92731693550439,43.92731693550439,43.92731693550439,0.8946500394196413,0.8946500394196413,0.8946500394196413,0.8946500394196413,0.979465003941964,0.979465003941964,0.979465003941964,0.979465003941964,43.025269655393714,43.025269655393714,43.025269655393714,43.025269655393714,172.10107862157486,4130.425886917797,0.0937485269887636,4.3459868338781527e-05,0.19
1974-06-01,1974-06-12,1828.6668,0.9885857895968824,1807.794012387604,0.195,1974,6,1,1974.06,1973,9,244,35,0.1561934026702889,27.97967013865264,0.0154772446124539,0.41,3,Normal,53,12,12,13,120,210.0,0.1161636771451893,1597.794012387604,1100.0,,4,275.0,275.0,275.0,275.0,497.794012387604,47.0,5.9999999999999964,12.999999999999996,30.81581981447072,400.9781925731333,100.0,18.0,25.0,43.81581981447072,520.9781925731332,1243.0,990.0,970.4790268092522,19.52097319074778,0.9262894125183112,0.48,988.5937105874816,0.5349,0.5349,0.5349,0.5349,17.579783778229505,17.579783778229505,17.579783778229505,17.579783778229505,,0.9317621897012084,0.9317621897012084,0.9317621897012084,0.9317621897012084,44.176367847195,44.176367847195,44.176367847195,44.176367847195,0.8997223594133401,0.8997223594133401,0.8997223594133401,0.8997223594133401,0.979972235941334,0.979972235941334,0.979972235941334,0.979972235941334,43.29161397498254,43.29161397498254,43.29161397498254,43.29161397498254,173.16645589993016,4155.994941598324,0.0957888203596959,4.372890300503287e-05,0.195
1974-06-02,1974-06-13,1793.3188,0.9856727560705408,1767.625484109115,0.199,1974,6,2,1974.06,1973,9,245,35,0.1527228418270275,40.16852827848902,0.0227245695649913,0.41,3,Normal,53,12,12,13,120,210.0,0.1188034467074003,1557.625484109115,1100.0,,4,275.0,275.0,275.0,275.0,457.62548410911495,47.0,6.0,13.0,28.329196635326163,363.2962874737888,100.0,18.0,25.0,41.32919663532616,483.2962874737888,1243.0,990.0,970.3492515640448,19.650748435955165,0.9262894125183112,0.48,988.5937105874816,0.5349,0.5349,0.5349,0.5349,17.70955902343689,17.70955902343689,17.70955902343689,17.70955902343689,,0.9324285855853484,0.9324285855853484,0.9324285855853484,0.9324285855853484,44.53430916826936,44.53430916826936,44.53430916826936,44.53430916826936,0.9070124066857304,0.9070124066857304,0.9070124066857304,0.9070124066857304,0.98,0.98,0.98,0.98,43.64362298490397,43.64362298490397,43.64362298490397,43.64362298490397,174.57449193961588,4189.787806550781,0.098762149283903,4.408446766151916e-05,0.2
1974-06-03,1974-06-14,1758.4044,0.981668277899988,1726.1698191997614,0.204,1974,6,3,1974.06,1973,9,246,36,0.1491410723788594,41.45566490935357,0.024015982928361,0.41,3,Normal,53,12,12,13,120,210.0,0.1216566282553557,1516.1698191997614,1100.0,,4,275.0,275.0,275.0,275.0,416.1698191997614,47.0,6.0,13.0,25.76289356950904,324.4069256302523,100.0,18.0,25.0,38.76289356950904,444.4069256302523,1243.0,990.0,970.2153178774146,19.784682122585423,0.9262894125183112,0.48,988.5937105874816,0.5349,0.5349,0.5349,0.5349,17.843492710067146,17.843492710067146,17.843492710067146,17.843492710067146,,0.9331163350661948,0.9331163350661948,0.9331163350661948,0.9331163350661948,44.904209282423466,44.904209282423466,44.904209282423466,44.904209282423466,0.9145460138986448,0.9145460138986448,0.9145460138986448,0.9145460138986448,0.98,0.98,0.98,0.98,44.006125096774994,44.006125096774994,44.006125096774994,44.006125096774994,176.02450038709998,4224.588009290399,0.1019740343210864,4.445063141088383e-05,0.205
1974-06-04,1974-06-15,1712.5226,0.9796730877109254,1677.712303316742,0.209,1974,6,4,1974.06,1973,9,247,36,0.1449543430065665,48.45751588301937,0.0288830902576214,0.41,3,Normal,53,12,12,13,120,210.0,0.125170447629693,1467.712303316742,1100.0,,4,275.0,275.0,275.0,275.0,367.712303316742,47.0,5.9999999999999964,12.999999999999996,22.763142586274505,278.9491607304675,100.0,18.0,25.0,35.763142586274505,398.9491607304675,1243.0,990.0,970.0587628261004,19.941237173899708,0.9262894125183112,0.48,988.5937105874816,0.5349,0.5349,0.5349,0.5349,18.00004776138143,18.00004776138143,18.00004776138143,18.00004776138143,,0.9339201504483516,0.9339201504483516,0.9339201504483516,0.9339201504483516,45.3372106349255,45.3372106349255,45.3372106349255,45.3372106349255,0.9233647787153868,0.9233647787153868,0.9233647787153868,0.9233647787153868,0.98,0.98,0.98,0.98,44.430466422226985,44.430466422226985,44.430466422226985,44.430466422226985,177.72186568890794,4265.324776533791,0.1059310737231657,4.4879259012350496e-05,0.21
1974-06-05,1974-06-16,1689.8676,0.97387137230227,1645.7136786211431,0.213,1974,6,5,1974.06,1973,9,248,36,0.1421896618328668,31.998624695598888,0.0194436159286279,0.41,3,Normal,53,12,12,13,120,210.0,0.1276042137390192,1435.7136786211431,1100.0,,4,275.0,275.0,275.0,275.0,335.7136786211431,47.000000000000014,6.0,13.0,20.782275343213623,248.93140327792943,100.0,18.0,25.0,33.78227534321363,368.9314032779295,1243.0,990.0,969.9553826540068,20.04461734599317,0.9262894125183112,0.48,988.5937105874816,0.5349,0.5349,0.5349,0.5349,18.103427933474897,18.103427933474897,18.103427933474897,18.103427933474897,,0.934245797990446,0.934245797990446,0.934245797990446,0.934245797990446,45.6134964641868,45.6134964641868,45.6134964641868,45.6134964641868,0.928991781348,0.928991781348,0.928991781348,0.928991781348,0.98,0.98,0.98,0.98,44.70122653490306,44.70122653490306,44.70122653490306,44.70122653490306,178.80490613961223,4291.317747350693,0.1086488545744017,4.5152754075659646e-05,0.215
1974-06-06,1974-06-17,1678.6114,0.9718781251926132,1631.4057003589478,0.215,1974,6,6,1974.06,1973,9,249,36,0.1409534525110131,14.30797826219532,0.0087703372981026,0.41,3,Normal,53,12,12,13,120,210.0,0.1287233457341696,1421.4057003589478,1100.0,,4,275.0,275.0,275.0,275.0,321.4057003589478,47.000000000000014,6.0,13.0,19.896543355553916,235.50915700339385,100.0,18.0,25.0,32.89654335555392,355.50915700339385,1243.0,990.0,969.9091568780829,20.09084312191726,0.9262894125183112,0.48,988.5937105874816,0.5349,0.5349,0.5349,0.5349,18.149653709398983,18.149653709398983,18.149653709398983,18.149653709398983,,0.934391409184607,0.934391409184607,0.934391409184607,0.934391409184607,45.73709463838924,45.73709463838924,45.73709463838924,45.73709463838924,0.9315090557716748,0.9315090557716748,0.9315090557716748,0.9315090557716748,0.98,0.98,0.98,0.98,44.82235274562145,44.82235274562145,44.82235274562145,44.82235274562145,179.2894109824858,4302.945863579659,0.1098987277922578,4.527510378345601e-05,0.215
1974-06-07,1974-06-18,1645.1264,0.9659758417726594,1589.152359062425,0.219,1974,6,7,1974.06,1973,9,250,36,0.1373027638229935,42.25334129652288,0.0265886030723018,0.41,3,Normal,53,12,12,13,120,210.0,0.1321459196800341,1379.152359062425,1100.0,,4,275.0,275.0,275.0,275.0,279.1523590624249,47.0,6.000000000000002,13.000000000000002,17.28086032291202,195.8714987395129,100.0,18.0,25.0,30.28086032291202,315.8714987395129,1243.0,990.0,969.7726460831248,20.227353916875245,0.9262894125183112,0.48,988.5937105874816,0.5349,0.5349,0.5349,0.5349,18.286164504356968,18.286164504356968,18.286164504356968,18.286164504356968,,0.9348214181887244,0.9348214181887244,0.9348214181887244,0.9348214181887244,46.10230822107891,46.10230822107891,46.10230822107891,46.10230822107891,0.9389472142785928,0.9389472142785928,0.9389472142785928,0.9389472142785928,0.98,0.98,0.98,0.98,45.18026205665733,45.18026205665733,45.18026205665733,45.18026205665733,180.7210482266293,4337.305157439103,0.1137216624926082,4.56366283400579e-05,0.22
1974-06-08,1974-06-19,1612.0655,0.96221627423111,1551.1556592265113,0.223,1974,6,8,1974.06,1973,9,251,36,0.1340198489571705,37.99669983591366,0.0244957362015239,0.41,3,Normal,53,12,12,13,120,210.0,0.135382931268624,1341.1556592265113,1100.0,,4,275.0,275.0,275.0,275.0,241.1556592265113,47.0,6.0,13.0,14.928683666403078,160.2269755601082,100.0,18.0,25.0,27.92868366640308,280.2269755601082,1243.0,990.0,969.649887514424,20.35011248557589,0.9262894125183112,0.48,988.5937105874816,0.5349,0.5349,0.5349,0.5349,18.40892307305761,18.40892307305761,18.40892307305761,18.40892307305761,,0.9352081076801314,0.9352081076801314,0.9352081076801314,0.9352081076801314,46.43100022941105,46.43100022941105,46.43100022941105,46.43100022941105,0.94564155253383,0.94564155253383,0.94564155253383,0.94564155253383,0.98,0.98,0.98,0.98,45.50238022482283,45.50238022482283,45.50238022482283,45.50238022482283,182.0095208992913,4368.228501582991,0.1173380117054473,4.596200022709376e-05,0.225
1974-06-09,1974-06-20,1579.4263,0.9567215637917794,1511.0711996298642,0.229,1974,6,9,1974.06,1973,9,252,36,0.1305565516480202,40.08445959664709,0.0265271812515953,0.41,3,Normal,53,12,12,13,120,210.0,0.1389742588247591,1301.0711996298642,1100.0,,4,275.0,275.0,275.0,275.0,201.07119962986417,47.0,6.0,11.489782835992235,12.447264738991592,124.13415205488032,100.0,18.0,23.48978283599224,25.447264738991592,244.13415205488036,1241.4897828359922,990.0,969.5203838757272,20.479616124272752,0.922377445177937,0.48,988.597622554822,0.5349,0.5349,0.5349,0.5349,18.54233867909476,18.54233867909476,18.54233867909476,18.54233867909476,,0.9356283668391484,0.9356283668391484,0.9356283668391484,0.9356283668391484,46.78851732233723,46.78851732233723,46.78851732233723,46.78851732233723,0.9529229597217358,0.9529229597217358,0.9529229597217358,0.9529229597217358,0.98,0.98,0.98,0.98,45.85274697589048,45.85274697589048,45.85274697589048,45.85274697589048,183.41098790356196,4401.863709685486,0.1213781243057827,4.6315906036253015e-05,0.23
1974-06-10,1974-06-21,1557.9001,0.953111909397202,1484.853138961092,0.232,1974,6,10,1974.06,1973,9,253,37,0.1282913112062383,26.218060668772296,0.017657005922563,0.41,3,Normal,53,12,12,13,120,210.0,0.1414281281359116,1274.853138961092,1100.0,,4,275.0,275.0,275.0,275.0,174.8531389610921,44.12960173779943,6.0,9.991607940633834,10.824241935686654,103.90768734697218,97.12960173779943,18.0,21.991607940633838,23.82424193568665,223.90768734697215,1237.1212096784334,990.0,969.4356793720282,20.564320627971824,0.9110613802280112,0.48,988.608938619772,0.5349,0.5349,0.5349,0.5349,18.63835924774377,18.63835924774377,18.63835924774377,18.63835924774377,,0.9359308316303928,0.9359308316303928,0.9359308316303928,0.9359308316303928,47.046013168338526,47.046013168338526,47.046013168338526,47.046013168338526,0.958167274304247,0.958167274304247,0.958167274304247,0.958167274304247,0.98,0.98,0.98,0.98,46.10509290497176,46.10509290497176,46.10509290497176,46.10509290497176,184.42037161988705,4426.088918877289,0.1242010854682372,4.6570800914112886e-05,0.23
1974-06-11,1974-06-22,1547.2067,0.947753481275309,1466.3705361774826,0.234,1974,6,11,1974.06,1973,9,254,37,0.1266944143257345,18.48260278360931,0.0126043195274432,0.39,2,Mod_Wet,62,12,14,16,153,257.0,0.1752626595116569,1209.3705361774826,1100.0,,4,275.0,275.0,275.0,275.0,109.37053617748256,26.385109894956884,5.106795463540042,5.957928040796715,6.8090606180533895,65.11164216013553,88.38510989495688,17.106795463540042,19.95792804079672,22.80906061805339,218.11164216013557,1225.4498333992935,990.0,969.3759663476504,20.62403365234968,0.8823181321160214,0.48,988.637681867884,0.5349,0.5349,0.5349,0.5349,18.72681552023368,18.72681552023368,18.72681552023368,18.72681552023368,,0.936209468888736,0.936209468888736,0.936209468888736,0.936209468888736,47.28336266776596,47.28336266776596,47.28336266776596,47.28336266776596,0.9630012763292456,0.9630012763292456,0.9630012763292456,0.9630012763292456,0.98,0.98,0.98,0.98,46.33769541441064,46.33769541441064,46.33769541441064,46.33769541441064,185.35078165764256,4448.418759783422,0.1264010542252252,4.680575294384913e-05,0.235
1974-06-12,1974-06-23,1504.8959,0.9514248483621192,1431.7953534582748,0.241,1974,6,12,1974.06,1973,9,255,37,0.1237071185387949,34.57518271920777,0.0241481316695831,0.39,2,Mod_Wet,62,12,14,16,153,257.0,0.1794949252903057,1174.7953534582748,1100.0,,4,275.0,275.0,275.0,275.0,74.7953534582748,18.04401523117913,3.492390044744349,4.07445505220174,4.656520059659131,44.52797307049045,80.04401523117913,15.492390044744347,18.074455052201746,20.65652005965913,197.52797307049045,1213.6108603281252,990.0,969.2642619111728,20.735738088827134,0.8649686172413337,0.48,988.6550313827588,0.5349,0.5349,0.5349,0.5349,18.855869471585827,18.855869471585827,18.855869471585827,18.855869471585827,,0.9366159888354952,0.9366159888354952,0.9366159888354952,0.9366159888354952,47.62988399425964,47.62988399425964,47.62988399425964,47.62988399425964,0.970058737153964,0.970058737153964,0.970058737153964,0.970058737153964,0.98,0.98,0.98,0.98,46.67728631437444,46.67728631437444,46.67728631437444,46.67728631437444,186.70914525749777,4481.019486179946,0.1304021170389549,4.714877405492368e-05,0.24
1974-06-13,1974-06-24,1463.3217,0.94550510416192,1383.5781363808978,0.248,1974,6,13,1974.06,1973,9,256,37,0.1195411509833096,48.217217077376965,0.0348496523683884,0.39,2,Mod_Wet,62,12,14,16,153,257.0,0.1857502610385628,1126.5781363808978,1100.0,,4,275.0,275.0,275.0,275.0,26.57813638089783,6.411846130800255,1.2410024769290815,1.4478362230839286,1.6546699692387754,15.82278158084579,68.41184613080026,13.24100247692908,15.447836223083929,17.654669969238775,168.8227815808458,1197.1006848308132,990.0,969.108483209846,20.89151679015401,0.8407736525554267,0.48,988.6792263474446,0.5349,0.5349,0.5349,0.5349,19.035843137598583,19.035843137598583,19.035843137598583,19.035843137598583,,0.9371818305893076,0.9371818305893076,0.9371818305893076,0.9371818305893076,48.113546560261625,48.113546560261625,48.113546560261625,48.113546560261625,0.9799092985796664,0.9799092985796664,0.9799092985796664,0.9799092985796664,0.98,0.98,0.98,0.98,47.15127562905639,47.15127562905639,47.15127562905639,47.15127562905639,188.6051025162256,4526.522460389414,0.1363169144964739,4.762755114046101e-05,0.25
1974-06-14,1974-06-25,1442.8091,0.9395485585172468,1355.589210120566,0.252,1974,6,14,1974.06,1973,9,257,37,0.1171229077544169,27.988926260331937,0.0206470559453941,0.39,2,Mod_Wet,62,12,14,16,153,257.0,0.1895854570700975,1098.589210120566,1098.589210120566,,4,274.6473025301415,274.6473025301415,274.6473025301415,274.6473025301415,0.0,0.0,0.0,0.0,0.0,0.0,62.0,12.0,14.0,16.0,153.0,1186.589210120566,990.0,969.0180574480818,20.981942551918223,0.8253695304458439,0.4781659731567356,988.6964644963974,0.5335385877663461,0.5335385877663461,0.5335385877663461,0.5335385877663461,19.1448684605493,19.1448684605493,19.1448684605493,19.1448684605493,,0.9375350145747654,0.9375350145747654,0.9375350145747654,0.9375350145747654,48.34526228032766,48.34526228032766,48.34526228032766,48.34526228032766,0.9846285596808078,0.9846285596808078,0.9846285596808078,0.9846285596808078,0.98,0.98,0.98,0.98,47.37835703472111,47.37835703472111,47.37835703472111,47.37835703472111,189.5134281388844,4548.322275333227,0.1398015170997334,4.7918383361593885e-05,0.25
1974-06-15,1974-06-26,1412.3815,0.928274988254288,1311.0784203230735,0.258,1974,6,15,1974.06,1973,9,258,37,0.1132771755159135,44.51078979749241,0.0339497539640109,0.39,2,Mod_Wet,62,12,14,16,153,257.0,0.1960218366927819,1054.0784203230735,1054.0784203230735,,4,263.5196050807684,263.5196050807684,263.5196050807684,263.5196050807684,0.0,0.0,0.0,0.0,0.0,0.0,62.0,12.0,14.0,16.0,153.0,1142.0784203230735,990.0,968.8776750353012,21.12232496469892,0.7601408484450083,0.4203019464199955,988.8195572051352,0.491222538798843,0.491222538798843,0.491222538798843,0.491222538798843,19.45065963103516,19.45065963103516,19.45065963103516,19.45065963103516,,0.9386429463879522,0.9386429463879522,0.9386429463879522,0.9386429463879522,47.18309068423358,47.18309068423358,47.18309068423358,47.18309068423358,0.960959077071967,0.960959077071967,0.960959077071967,0.960959077071967,0.98,0.98,0.98,0.98,46.23942887054891,46.23942887054891,46.23942887054891,46.23942887054891,184.95771548219565,4438.985171572695,0.1410729614759571,4.874129115910728e-05,0.26
1974-06-16,1974-06-27,1362.5733,0.9145051960029634,1246.0803627849048,0.265,1974,6,16,1974.06,1973,9,259,37,0.1076613433446157,64.99805753816872,0.0521620109580272,0.39,2,Mod_Wet,62,12,14,16,153,257.0,0.2062467298863634,989.0803627849048,989.0803627849048,,4,247.2700906962262,247.2700906962262,247.2700906962262,247.2700906962262,0.0,0.0,0.0,0.0,0.0,0.0,62.0,12.0,14.0,16.0,153.0,1077.0803627849048,990.0,968.6733954258954,21.32660457410464,0.6648889410958361,0.3412642902279238,988.9938467686762,0.4325453174367916,0.4325453174367916,0.4325453174367916,0.4325453174367916,19.88790602534408,19.88790602534408,19.88790602534408,19.88790602534408,,0.9387567840615734,0.9387567840615734,0.9387567840615734,0.9387567840615734,45.27437203811648,45.27437203811648,45.27437203811648,45.27437203811648,0.9220849702264048,0.9220849702264048,0.9220849702264048,0.9220849702264048,0.98,0.98,0.98,0.98,44.36888459735415,44.36888459735415,44.36888459735415,44.36888459735415,177.47553838941658,4259.412921345998,0.1424270405744705,4.984302845212572e-05,0.265
1974-06-17,1974-06-28,1323.5347,0.9063317221724048,1199.561484005937,0.273,1974,6,17,1974.06,1973,9,260,38,0.1036421122181129,46.51887877896775,0.0387799036558075,0.39,2,Mod_Wet,62,12,14,16,153,257.0,0.2142449582006819,942.561484005937,942.561484005937,,4,235.64037100148423,235.64037100148423,235.64037100148423,235.64037100148423,0.0,0.0,0.0,0.0,0.0,0.0,62.0,12.0,14.0,16.0,153.0,1030.561484005937,990.0,968.5271932354472,21.47280676455273,0.5982720110090131,0.3040491872047496,989.0976788017862,0.3927516465649871,0.3927516465649871,0.3927516465649871,0.3927516465649871,20.177733919773917,20.177733919773917,20.177733919773917,20.177733919773917,,0.937710603976322,0.937710603976322,0.937710603976322,0.937710603976322,43.72497957604926,43.72497957604926,43.72497957604926,43.72497957604926,0.8905291156018178,0.8905291156018178,0.8905291156018178,0.8905291156018178,0.9790529115601818,0.9790529115601818,0.9790529115601818,0.9790529115601818,42.80906856184051,42.80906856184051,42.80906856184051,42.80906856184051,171.23627424736205,4109.670581936689,0.1427490599944225,5.046422174309717e-05,0.275
1974-06-18,1974-06-29,1294.7235,0.9135144469019452,1182.7486219934508,0.279,1974,6,18,1974.06,1973,9,261,38,0.1021894809402341,16.81286201248622,0.0142150763905766,0.39,2,Mod_Wet,62,12,14,16,153,257.0,0.2172904666478005,925.7486219934508,925.7486219934508,,4,231.4371554983627,231.4371554983627,231.4371554983627,231.4371554983627,0.0,0.0,0.0,0.0,0.0,0.0,62.0,12.0,14.0,16.0,153.0,1013.7486219934508,990.0,968.4743528119794,21.52564718802057,0.5828880138605591,0.2905988975947606,989.1265130885446,0.3789138700346296,0.3789138700346296,0.3789138700346296,0.3789138700346296,20.273246406530525,20.273246406530525,20.273246406530525,20.273246406530525,,0.9371941037107436,0.9371941037107436,0.9371941037107436,0.9371941037107436,43.12455523051898,43.12455523051898,43.12455523051898,43.12455523051898,0.878300513859857,0.878300513859857,0.878300513859857,0.878300513859857,0.9778300513859856,0.9778300513859856,0.9778300513859856,0.9778300513859856,42.16848605705615,42.16848605705615,42.16848605705615,42.16848605705615,168.6739442282246,4048.17466147739,0.1426118289987393,5.061187484766304e-05,0.28
1974-06-19,1974-06-30,1275.7375,0.914516856089578,1166.683447695578,0.283,1974,6,19,1974.06,1973,9,262,38,0.1008014498808979,16.065174297872776,0.0137699513347896,0.39,2,Mod_Wet,62,12,14,16,153,257.0,0.2202825457990545,909.683447695578,909.683447695578,,4,227.4208619238945,227.4208619238945,227.4208619238945,227.4208619238945,0.0,0.0,0.0,0.0,0.0,0.0,62.0,12.0,14.0,16.0,153.0,997.683447695578,990.0,968.423862264186,21.57613773581386,0.5681881611285055,0.2777467581564624,989.154065080715,0.3658951753949402,0.3658951753949402,0.3658951753949402,0.3658951753949402,20.364307641133905,20.364307641133905,20.364307641133905,20.364307641133905,,0.9366923284490316,0.9366923284490316,0.9366923284490316,0.9366923284490316,42.543734847061806,42.543734847061806,42.543734847061806,42.543734847061806,0.8664711781478983,0.8664711781478983,0.8664711781478983,0.8664711781478983,0.97664711781479,0.97664711781479,0.97664711781479,0.97664711781479,41.55021601945956,41.55021601945956,41.55021601945956,41.55021601945956,166.20086407783822,3988.820737868117,0.1424558344477386,5.0750518551523614e-05,0.285
1974-06-20,1974-07-01,1247.589,0.9151467263536076,1141.726989184771,0.287,1974,6,20,1974.06,1973,9,263,38,0.0986452118655642,24.956458510807124,0.0218585167445562,0.39,2,Mod_Wet,62,12,14,16,153,257.0,0.2250975955149366,884.7269891847709,884.7269891847709,,4,221.18174729619275,221.18174729619275,221.18174729619275,221.18174729619275,0.0,0.0,0.0,0.0,0.0,0.0,62.0,12.0,14.0,16.0,153.0,972.7269891847708,990.0,968.345427680295,21.65457231970504,0.5453526625512476,0.2577815913478167,989.1968657461008,0.3461106865100451,0.3461106865100451,0.3461106865100451,0.3461106865100451,20.505327379295903,20.505327379295903,20.505327379295903,20.505327379295903,,0.935647586574684,0.935647586574684,0.935647586574684,0.935647586574684,41.61663803857018,41.61663803857018,41.61663803857018,41.61663803857018,0.8475893694209813,0.8475893694209813,0.8475893694209813,0.8475893694209813,0.974758936942098,0.974758936942098,0.974758936942098,0.974758936942098,40.56618985358075,40.56618985358075,40.56618985358075,40.56618985358075,162.264759414323,3894.354225943752,0.1421222069298591,5.094627476357343e-05,0.285
1974-06-21,1974-07-02,1210.671,0.922658798487674,1117.0362502238706,0.296,1974,6,21,1974.06,1973,9,264,38,0.0965119320193424,24.690738960900266,0.022103793816854,0.39,2,Mod_Wet,62,12,14,16,153,257.0,0.2300731063548684,860.0362502238706,860.0362502238706,,4,215.0090625559677,215.0090625559677,215.0090625559677,215.0090625559677,0.0,0.0,0.0,0.0,0.0,0.0,62.0,12.0,14.0,16.0,153.0,948.0362502238706,990.0,968.2678282149892,21.73217178501068,0.5227603009720225,0.2380290001790965,989.239210698849,0.3270279126723804,0.3270279126723804,0.3270279126723804,0.3270279126723804,20.644354571187275,20.644354571187275,20.644354571187275,20.644354571187275,,0.9344955577526308,0.9344955577526308,0.9344955577526308,0.9344955577526308,40.67935103748733,40.67935103748733,40.67935103748733,40.67935103748733,0.8285000211300881,0.8285000211300881,0.8285000211300881,0.8285000211300881,0.9728500021130088,0.9728500021130088,0.9728500021130088,0.9728500021130088,39.574906742775376,39.574906742775376,39.574906742775376,39.574906742775376,158.2996269711015,3799.191047306436,0.1417139568562577,5.112821534166455e-05,0.295
1974-06-22,1974-07-03,1174.4491,0.9250503042586872,1086.4244972913411,0.306,1974,6,22,1974.06,1973,9,265,38,0.0938670765659718,30.61175293252949,0.0281766040887795,0.39,2,Mod_Wet,62,12,14,16,153,257.0,0.2365557851841052,829.4244972913411,829.4244972913411,,4,207.35612432283529,207.35612432283529,207.35612432283529,207.35612432283529,0.0,0.0,0.0,0.0,0.0,0.0,62.0,12.0,14.0,16.0,153.0,917.4244972913413,990.0,968.17161984863,21.828380151370084,0.4947501311702681,0.2135395978330729,989.2917102709966,0.3042270055091357,0.3042270055091357,0.3042270055091357,0.3042270055091357,20.815863416857592,20.815863416857592,20.815863416857592,20.815863416857592,,0.9331379591156383,0.9331379591156383,0.9331379591156383,0.9331379591156383,39.49988693045665,39.49988693045665,39.49988693045665,39.49988693045665,0.8044783488891374,0.8044783488891374,0.8044783488891374,0.8044783488891374,0.9704478348889136,0.9704478348889136,0.9704478348889136,0.9704478348889136,38.33257975001855,38.33257975001855,38.33257975001855,38.33257975001855,153.3303190000742,3679.927656001781,0.1411329727766221,5.135097337598619e-05,0.305
1974-06-23,1974-07-04,1138.9177,0.936281984298218,1066.3481241083623,0.314,1974,6,23,1974.06,1973,9,266,38,0.0921324779229625,20.07637318297861,0.0188272223011276,0.39,2,Mod_Wet,62,12,14,16,153,257.0,0.2410094735383842,809.3481241083623,809.3481241083623,,4,202.33703102709055,202.33703102709055,202.33703102709055,202.33703102709055,0.0,0.0,0.0,0.0,0.0,0.0,62.0,12.0,14.0,16.0,153.0,897.3481241083623,990.0,968.1085226757692,21.89147732423089,0.47637997696518,0.1974784992866898,989.326141523748,0.289683908737479,0.289683908737479,0.289683908737479,0.289683908737479,20.92793493924152,20.92793493924152,20.92793493924152,20.92793493924152,,0.9319511472557253,0.9319511472557253,0.9319511472557253,0.9319511472557253,38.7020167379589,38.7020167379589,38.7020167379589,38.7020167379589,0.7882284468016069,0.7882284468016069,0.7882284468016069,0.7882284468016069,0.97,0.97,0.97,0.97,37.54095623582013,37.54095623582013,37.54095623582013,37.54095623582013,150.16382494328053,3603.9317986387327,0.1408206396657203,5.153798761356112e-05,0.315
1974-06-24,1974-07-05,1165.5017,0.9291100950872416,1082.8793953113418,0.307,1974,6,24,1974.06,1973,9,267,39,0.0935607797548999,16.53127120297927,0.0152660317248222,0.39,2,Mod_Wet,62,12,14,16,153,257.0,0.2373302152693645,825.8793953113418,825.8793953113418,,4,206.46984882783545,206.46984882783545,206.46984882783545,206.46984882783545,0.0,0.0,0.0,0.0,0.0,0.0,62.0,12.0,14.0,16.0,153.0,913.8793953113418,990.0,968.16047809955,21.83952190045011,0.491506314697452,0.2107035162490734,989.2977901690537,0.3016213555538362,0.3016213555538362,0.3016213555538362,0.3016213555538362,20.835690713949813,20.835690713949813,20.835690713949813,20.835690713949813,,0.9329858288244728,0.9329858288244728,0.9329858288244728,0.9329858288244728,39.362102568521024,39.362102568521024,39.362102568521024,39.362102568521024,0.8016721500717112,0.8016721500717112,0.8016721500717112,0.8016721500717112,0.9701672150071712,0.9701672150071712,0.9701672150071712,0.9701672150071712,38.18782142572866,38.18782142572866,38.18782142572866,38.18782142572866,152.75128570291463,3666.030856869951,0.1410602938464783,5.137664522948701e-05,0.305
1974-06-25,1974-07-06,1078.3827,0.9251619817921662,997.6786758623872,0.331,1974,6,25,1974.06,1973,9,268,39,0.0861994375945102,85.20071944895459,0.0853989581117463,0.39,2,Mod_Wet,62,12,14,16,153,257.0,0.2575979683818047,740.6786758623872,740.6786758623872,,4,185.1696689655968,185.1696689655968,185.1696689655968,185.1696689655968,0.0,0.0,0.0,0.0,0.0,0.0,62.0,12.0,14.0,16.0,153.0,828.6786758623872,990.0,967.8907147034496,22.109285296550524,0.413546498928102,0.1603393379311936,989.4261141631408,0.2425513194484874,0.2425513194484874,0.2425513194484874,0.2425513194484874,21.292848140242747,21.292848140242747,21.292848140242747,21.292848140242747,,0.9263721062590224,0.9263721062590224,0.9263721062590224,0.9263721062590224,35.82018100241052,35.82018100241052,35.82018100241052,35.82018100241052,0.7295352546315789,0.7295352546315789,0.7295352546315789,0.7295352546315789,0.97,0.97,0.97,0.97,34.745575572338204,34.745575572338204,34.745575572338204,34.745575572338204,138.98230228935282,3335.575254944468,0.1393056759173662,5.212273059626809e-05,0.33
1974-06-26,1974-07-07,1044.7218,0.9169267811345148,957.9333972550564,0.342,1974,6,26,1974.06,1973,9,269,39,0.0827654455228368,39.74527860733088,0.0414906492677052,0.39,2,Mod_Wet,62,12,14,16,153,257.0,0.2682858753400075,700.9333972550564,700.9333972550564,,4,175.2333493137641,175.2333493137641,175.2333493137641,175.2333493137641,0.0,0.0,0.0,0.0,0.0,0.0,62.0,12.0,14.0,16.0,153.0,788.9333972550564,990.0,967.7317335890202,22.268266410979777,0.377179029052623,0.1404666986275282,989.48235427232,0.2172833732844102,0.2172833732844102,0.2172833732844102,0.2172833732844102,21.533337310015234,21.533337310015234,21.533337310015234,21.533337310015234,,0.9227550344453536,0.9227550344453536,0.9227550344453536,0.9227550344453536,34.14705296665239,34.14705296665239,34.14705296665239,34.14705296665239,0.6954593272230629,0.6954593272230629,0.6954593272230629,0.6954593272230629,0.97,0.97,0.97,0.97,33.12264137765282,33.12264137765282,33.12264137765282,33.12264137765282,132.49056551061128,3179.7735722546704,0.1383087445225951,5.2505608961113306e-05,0.34
1974-06-27,1974-07-08,1003.5869,0.9213790990341242,924.6839937244496,0.353,1974,6,27,1974.06,1973,9,270,39,0.0798926970577924,33.249403530606735,0.0359575852467009,0.39,2,Mod_Wet,62,12,14,16,153,257.0,0.2779327875730317,667.6839937244496,667.6839937244496,,4,166.9209984311124,166.9209984311124,166.9209984311124,166.9209984311124,0.0,0.0,0.0,0.0,0.0,0.0,62.0,12.0,14.0,16.0,153.0,755.6839937244496,990.0,967.5987359748976,22.40126402510225,0.355968992786978,0.1303051981173348,989.5137258090956,0.1971719762660475,0.1971719762660475,0.1971719762660475,0.1971719762660475,21.71781785793192,21.71781785793192,21.71781785793192,21.71781785793192,,0.9196902071804672,0.9196902071804672,0.9196902071804672,0.9196902071804672,32.69696345498599,32.69696345498599,32.69696345498599,32.69696345498599,0.6659259359467615,0.6659259359467615,0.6659259359467615,0.6659259359467615,0.97,0.97,0.97,0.97,31.71605455133641,31.71605455133641,31.71605455133641,31.71605455133641,126.86421820534564,3044.741236928295,0.1371973766890469,5.277954982269567e-05,0.355
1974-06-28,1974-07-09,963.4877,0.9186515277026396,885.1094475277025,0.3670000000000001,1974,6,28,1974.06,1973,9,271,39,0.0764734562663935,39.574546196747065,0.044711471905861,0.39,2,Mod_Wet,62,12,14,16,153,257.0,0.2903595715963209,628.1094475277025,628.1094475277025,,3,209.3698158425675,209.3698158425675,209.3698158425675,0.0,0.0,0.0,0.0,0.0,0.0,0.0,62.0,12.0,14.0,16.0,153.0,716.1094475277025,990.0,967.4404377901108,22.55956220988924,0.333479167900352,0.1184328342583107,989.5480879978412,0.3101472585771485,0.3101472585771485,0.3101472585771485,0.0,21.797502949153408,21.797502949153408,21.797502949153408,22.10765020773056,,0.9348174542965814,0.9348174542965814,0.9348174542965814,0.0,41.83948481737914,41.83948481737914,41.83948481737914,0.0,0.8521280003539539,0.8521280003539539,0.8521280003539539,0.0,0.9752128000353952,0.9752128000353952,0.9752128000353952,0.96,40.80240114079472,40.80240114079472,40.80240114079472,0.0,122.40720342238416,2937.77288213722,0.1382961211907672,5.413387919015917e-05,0.365
1974-06-29,1974-07-10,924.4132,0.9124994692702046,843.5265543863715,0.38,1974,6,29,1974.06,1973,9,272,39,0.0728806942989824,41.582893141331056,0.0492964838215209,0.39,2,Mod_Wet,62,12,14,16,153,257.0,0.3046732775199427,586.5265543863715,586.5265543863715,,3,195.50885146212383,195.50885146212383,195.50885146212383,0.0,0.0,0.0,0.0,0.0,0.0,0.0,62.0,12.0,14.0,16.0,153.0,674.5265543863715,990.0,967.2741062175454,22.72589378245459,0.3098480192226524,0.1046106217545485,989.5855413590228,0.2704247840939467,0.2704247840939467,0.2704247840939467,0.0,22.041010357383485,22.041010357383485,22.041010357383485,22.311435141477432,,0.930669728489122,0.930669728489122,0.930669728489122,0.0,39.33074841513412,39.33074841513412,39.33074841513412,0.0,0.8010335726096561,0.8010335726096561,0.8010335726096561,0.0,0.9701033572609656,0.9701033572609656,0.9701033572609656,0.96,38.15489108110801,38.15489108110801,38.15489108110801,0.0,114.46467324332404,2747.152157839777,0.1356977710400499,5.4210235376052095e-05,0.38
1974-06-30,1974-07-11,893.8841,0.8990978772765416,803.6892968412517,0.396,1974,6,30,1974.06,1973,9,273,39,0.0694387552470841,39.83725754511977,0.0495679831766984,0.39,2,Mod_Wet,62,12,14,16,153,257.0,0.3197753174144408,546.6892968412517,546.6892968412517,,3,182.22976561375057,182.22976561375057,182.22976561375057,0.0,0.0,0.0,0.0,0.0,0.0,0.0,62.0,12.0,14.0,16.0,153.0,634.6892968412517,990.0,967.114757187365,22.885242812635056,0.2872088980638402,0.0886757187365006,989.6241153831998,0.2349527952834764,0.2349527952834764,0.2349527952834764,0.0,22.27440540055133,22.27440540055133,22.27440540055133,22.509358195834807,,0.9263332639053394,0.9263332639053394,0.9263332639053394,0.0,36.87494619122177,36.87494619122177,36.87494619122177,0.0,0.7510172340371032,0.7510172340371032,0.7510172340371032,0.0,0.97,0.97,0.97,0.96,35.76869780548511,35.76869780548511,35.76869780548511,0.0,107.30609341645533,2575.346241994928,0.13351688748152,5.452319689348712e-05,0.395
1974-07-01,1974-07-12,849.2947,0.8954821115912885,760.52821131929,0.409,1974,7,1,1974.07,1973,10,274,40,0.0657096374579866,43.161085521961695,0.0567514588934052,0.42,3,Normal,50,10,9,9,108,186.0,0.2445668644919106,574.52821131929,574.52821131929,,3,191.50940377309664,191.50940377309664,191.50940377309664,0.0,0.0,0.0,0.0,0.0,0.0,0.0,50.0,10.0,9.0,9.0,108.0,643.52821131929,990.0,966.9421128452772,23.057887154722835,0.2922319661190157,0.099811284527716,989.6079567493532,0.2595055782628229,0.2595055782628229,0.2595055782628229,0.0,22.40633832581322,22.40633832581322,22.40633832581322,22.66584390407604,,0.929835185234082,0.929835185234082,0.929835185234082,0.0,39.1296234825387,39.1296234825387,39.1296234825387,0.0,0.7969373418032321,0.7969373418032321,0.7969373418032321,0.0,0.97,0.97,0.97,0.96,37.955734778062535,37.955734778062535,37.955734778062535,0.0,113.8672043341876,2732.812904020502,0.1497212103896342,5.505348276821302e-05,0.41
1974-07-02,1974-07-13,827.5366,0.8937943571986156,739.6475434553279,0.419,1974,7,2,1974.07,1973,10,275,40,0.0639055477545403,20.88066786396212,0.0282305647449544,0.42,3,Normal,50,10,9,9,108,186.0,0.25147112519442,553.6475434553279,553.6475434553279,,3,184.549181151776,184.549181151776,184.549181151776,0.0,0.0,0.0,0.0,0.0,0.0,0.0,50.0,10.0,9.0,9.0,108.0,622.6475434553279,990.0,966.8585901738212,23.141409826178688,0.2803656881978071,0.0914590173821311,989.62817529442,0.240936887371582,0.240936887371582,0.240936887371582,0.0,22.528648233227194,22.528648233227194,22.528648233227194,22.769585120598776,,0.9277123294448936,0.9277123294448936,0.9277123294448936,0.0,37.82677223439752,37.82677223439752,37.82677223439752,0.0,0.7704026931649189,0.7704026931649189,0.7704026931649189,0.0,0.97,0.97,0.97,0.96,36.6919690673656,36.6919690673656,36.6919690673656,0.0,110.0759072020968,2641.821772850323,0.1488221088220852,5.522762857149473e-05,0.42
1974-07-03,1974-07-14,799.0771,0.8911326595966059,712.0837013457431,0.433,1974,7,3,1974.07,1973,10,276,40,0.0615240317962722,27.563842109584808,0.0387087108685296,0.42,3,Normal,50,10,9,9,108,186.0,0.2612052482713546,526.0837013457431,526.0837013457431,,3,175.36123378191436,175.36123378191436,175.36123378191436,0.0,0.0,0.0,0.0,0.0,0.0,0.0,50.0,10.0,9.0,9.0,108.0,595.0837013457431,990.0,966.7483348053828,23.25166519461709,0.2647014281664911,0.0804334805382972,989.6548650912952,0.2176030844547859,0.2176030844547859,0.2176030844547859,0.0,22.688927201457467,22.688927201457467,22.688927201457467,22.90653028591225,,0.924625573672092,0.924625573672092,0.924625573672092,0.0,36.07880585101526,36.07880585101526,36.07880585101526,0.0,0.7348025631571335,0.7348025631571335,0.7348025631571335,0.0,0.97,0.97,0.97,0.96,34.9964416754848,34.9964416754848,34.9964416754848,0.0,104.9893250264544,2519.7438006349057,0.147439584459016,5.543547789379413e-05,0.435
1974-07-04,1974-07-15,771.2422,0.8877747482097623,684.6893499137433,0.444,1974,7,4,1974.07,1973,10,277,40,0.0591571598325474,27.394351431999784,0.0400098985553826,0.42,3,Normal,50,10,9,9,108,186.0,0.2716560437568251,498.6893499137433,498.6893499137433,,3,166.2297833045811,166.2297833045811,166.2297833045811,0.0,0.0,0.0,0.0,0.0,0.0,0.0,50.0,10.0,9.0,9.0,108.0,567.6893499137433,990.0,966.6387573996548,23.36124260034512,0.2491334880181589,0.0697378699827486,989.6811286419992,0.195526884264903,0.195526884264903,0.195526884264903,0.0,22.846844358079284,22.846844358079284,22.846844358079284,23.04237124234419,,0.9216216382523172,0.9216216382523172,0.9216216382523172,0.0,34.32625497559745,34.32625497559745,34.32625497559745,0.0,0.6991090626394593,0.6991090626394593,0.6991090626394593,0.0,0.97,0.97,0.97,0.96,33.29646732632953,33.29646732632953,33.29646732632953,0.0,99.8894019789886,2397.345647495726,0.145890106208856,5.563996125057399e-05,0.445
1974-07-05,1974-07-16,757.5572,0.8885900059140133,673.1577568282033,0.45,1974,7,5,1974.07,1973,10,278,40,0.0581608301899567,11.531593085539953,0.0171305952706758,0.42,3,Normal,50,10,9,9,108,186.0,0.2763096734952563,487.1577568282033,487.1577568282033,,3,162.38591894273443,162.38591894273443,162.38591894273443,0.0,0.0,0.0,0.0,0.0,0.0,0.0,50.0,10.0,9.0,9.0,108.0,556.1577568282033,990.0,966.5926310273128,23.40736897268721,0.2425801972269447,0.0674315513656406,989.6899882514074,0.1865876135682892,0.1865876135682892,0.1865876135682892,0.0,22.910769610526305,22.910769610526305,22.910769610526305,23.097357224094598,,0.920238313435694,0.920238313435694,0.920238313435694,0.0,33.57585307322191,33.57585307322191,33.57585307322191,0.0,0.6838259281715255,0.6838259281715255,0.6838259281715255,0.0,0.97,0.97,0.97,0.96,32.56857748102525,32.56857748102525,32.56857748102525,0.0,97.70573244307576,2344.9375786338182,0.1451453711288233,5.571189384501339e-05,0.45
1974-07-06,1974-07-17,730.6486,0.8864028278959922,647.6489852382476,0.462,1974,7,6,1974.07,1973,10,279,40,0.0559568723245846,25.508771589955696,0.0393867236286518,0.42,3,Normal,50,10,9,9,108,186.0,0.287192606241137,461.6489852382476,461.6489852382476,,3,153.88299507941588,153.88299507941588,153.88299507941588,0.0,0.0,0.0,0.0,0.0,0.0,0.0,50.0,10.0,9.0,9.0,108.0,530.6489852382476,990.0,966.490595940953,23.50940405904703,0.2280838135342822,0.0623297970476495,989.7095863894182,0.1675872693715383,0.1675872693715383,0.1675872693715383,0.0,23.05140317909367,23.05140317909367,23.05140317909367,23.21899044846521,,0.9169661604093808,0.9169661604093808,0.9169661604093808,0.0,31.89921572766851,31.89921572766851,31.89921572766851,0.0,0.6496785280584217,0.6496785280584217,0.6496785280584217,0.0,0.97,0.97,0.97,0.96,30.94223925583845,30.94223925583845,30.94223925583845,0.0,92.82671776751536,2227.841226420369,0.1433287473358236,5.585455660984105e-05,0.46
1974-07-07,1974-07-18,717.4235,0.8782993569127185,630.1125986840717,0.468,1974,7,7,1974.07,1973,10,280,40,0.0544417285263038,17.53638655417592,0.0278305601106833,0.42,3,Normal,50,10,9,9,108,186.0,0.2951853373324747,444.1125986840717,444.1125986840717,,3,148.03753289469057,148.03753289469057,148.03753289469057,0.0,0.0,0.0,0.0,0.0,0.0,0.0,50.0,10.0,9.0,9.0,108.0,513.1125986840717,990.0,966.4204503947362,23.579549605263765,0.2181180577480536,0.0588225197368143,989.7230594225152,0.1551180684209563,0.1551180684209563,0.1551180684209563,0.0,23.147490959357928,23.147490959357928,23.147490959357928,23.302609027778885,,0.914636370031985,0.914636370031985,0.914636370031985,0.0,30.737102707283427,30.737102707283427,30.737102707283427,0.0,0.6260102384375443,0.6260102384375443,0.6260102384375443,0.0,0.97,0.97,0.97,0.96,29.81498962606492,29.81498962606492,29.81498962606492,0.0,89.44496887819477,2146.6792530766743,0.1419507704892614,5.5944876956895344e-05,0.47
1974-07-08,1974-07-19,697.8704,0.8821520065429723,615.6277736669467,0.475,1974,7,8,1974.07,1973,10,281,41,0.0531902396448241,14.484825017124992,0.0235285437673597,0.42,3,Normal,50,10,9,9,108,186.0,0.3021306184613847,429.6277736669467,429.6277736669467,,2,214.81388683347336,214.81388683347336,0.0,0.0,0.0,0.0,0.0,0.0,0.0,0.0,50.0,10.0,9.0,9.0,108.0,498.6277736669467,990.0,966.3625110946678,23.637488905332248,0.2115129749965012,0.0559255547333893,989.7325614702702,0.3264416605004201,0.3264416605004201,0.0,0.0,23.04360871510201,23.04360871510201,23.370050375602432,23.370050375602432,,0.9372503513134832,0.9372503513134832,0.0,0.0,45.49955580966903,45.49955580966903,0.0,0.0,0.9266711977529334,0.9266711977529334,0.0,0.0,0.98,0.98,0.96,0.96,44.58956469347565,44.58956469347565,0.0,0.0,89.1791293869513,2140.299105286831,0.1448588468576744,5.765916894485464e-05,0.475
1974-07-09,1974-07-20,678.6565,0.8777769920279594,595.7090611902229,0.485,1974,7,9,1974.07,1973,10,282,41,0.0514692628868352,19.91871247672384,0.0334369808592912,0.42,3,Normal,50,10,9,9,108,186.0,0.3122329541678839,409.7090611902229,409.7090611902229,,2,204.85453059511144,204.85453059511144,0.0,0.0,0.0,0.0,0.0,0.0,0.0,0.0,50.0,10.0,9.0,9.0,108.0,478.7090611902229,990.0,966.280690775356,23.719309224644007,0.2044830433490238,0.0519418122380445,989.743575144413,0.2968839575020187,0.2968839575020187,0.0,0.0,23.166000411554933,23.166000411554933,23.46288436905695,23.46288436905695,,0.9350165625639448,0.9350165625639448,0.0,0.0,43.516567966701146,43.516567966701146,0.0,0.0,0.8862844799735468,0.8862844799735468,0.0,0.0,0.9786284479973546,0.9786284479973546,0.96,0.96,42.58655137142414,42.58655137142414,0.0,0.0,85.17310274284829,2044.1544658283588,0.1429776854034635,5.774633135429258e-05,0.485
1974-07-10,1974-07-21,666.0345,0.8753352736866753,583.0034913422678,0.493,1974,7,10,1974.07,1973,10,283,41,0.0503715016519719,12.705569847955074,0.021793299760011,0.42,3,Normal,50,10,9,9,108,186.0,0.3190375405330183,397.0034913422678,397.0034913422678,,2,198.5017456711339,198.5017456711339,0.0,0.0,0.0,0.0,0.0,0.0,0.0,0.0,50.0,10.0,9.0,9.0,108.0,466.0034913422678,990.0,966.22351571104,23.776484288959864,0.1999988535361657,0.0494006982684535,989.7506004481954,0.2788048878791749,0.2788048878791749,0.0,0.0,23.24827984927612,23.24827984927612,23.52708473715529,23.52708473715529,,0.9331409586616464,0.9331409586616464,0.0,0.0,42.23194730860238,42.23194730860238,0.0,0.0,0.8601211264481136,0.8601211264481136,0.0,0.0,0.9760121126448114,0.9760121126448114,0.96,0.96,41.21889211377336,41.21889211377336,0.0,0.0,82.43778422754673,1978.5068214611213,0.1414018705749901,5.7680562027878166e-05,0.495
1974-07-11,1974-07-22,647.3805,0.8756118252012844,566.8540212047202,0.501,1974,7,11,1974.07,1973,10,284,41,0.0489761874320878,16.14947013754761,0.0284896455408846,0.5,3,Normal,50,10,9,9,108,186.0,0.3281268069770397,380.8540212047202,380.8540212047202,,2,190.4270106023601,190.4270106023601,0.0,0.0,0.0,0.0,0.0,0.0,0.0,0.0,50.0,10.0,9.0,9.0,108.0,449.8540212047202,990.0,966.1508430954212,23.849156904578763,0.1942992044578128,0.046170804240944,989.7595299913012,0.2565614688384194,0.2565614688384194,0.0,0.0,23.352125427041635,23.352125427041635,23.60868689588005,23.60868689588005,,0.9307548403371928,0.9307548403371928,0.0,0.0,40.59092677568395,40.59092677568395,0.0,0.0,0.8266991196676975,0.8266991196676975,0.0,0.0,0.9726699119667698,0.9726699119667698,0.96,0.96,39.4815731735541,39.4815731735541,0.0,0.0,78.96314634710821,1895.115512330597,0.139300672471706,5.759216418211556e-05,0.5
1974-07-12,1974-07-23,641.2365,0.8794376863729334,563.9275439778775,0.503,1974,7,12,1974.07,1973,10,285,41,0.0487233397996886,2.926477226842735,0.0051894560889856,0.5,3,Normal,50,10,9,9,108,186.0,0.3298296066334661,377.9275439778775,377.9275439778775,,2,188.96377198893876,188.96377198893876,0.0,0.0,0.0,0.0,0.0,0.0,0.0,0.0,50.0,10.0,9.0,9.0,108.0,446.9275439778775,990.0,966.1376739479005,23.862326052099547,0.193266359845158,0.0455855087955754,989.7611481313592,0.252643633490577,0.252643633490577,0.0,0.0,23.370830549968133,23.370830549968133,23.62347418345871,23.62347418345871,,0.9303221734728354,0.9303221734728354,0.0,0.0,40.29255131630471,40.29255131630471,0.0,0.0,0.8206222264013179,0.8206222264013179,0.0,0.0,0.9720622226401318,0.9720622226401318,0.96,0.96,39.16686698836872,39.16686698836872,0.0,0.0,78.33373397673745,1880.0096154416988,0.1389074444283757,5.757550857517665e-05,0.505
1974-07-13,1974-07-24,629.0591,0.8842087083672124,556.2195342976412,0.513,1974,7,13,1974.07,1973,10,286,41,0.0480573677633162,7.708009680236273,0.0138578550463342,0.5,3,Normal,50,10,9,9,108,186.0,0.3344003375121822,370.2195342976412,370.2195342976412,,2,185.1097671488206,185.1097671488206,0.0,0.0,0.0,0.0,0.0,0.0,0.0,0.0,50.0,10.0,9.0,9.0,108.0,439.2195342976412,990.0,966.1029879043392,23.89701209566067,0.1905459640739216,0.0440439068595282,989.7654101290664,0.2423919806158627,0.2423919806158627,0.0,0.0,23.420030244111288,23.420030244111288,23.662422224727152,23.662422224727152,,0.9291822599556736,0.9291822599556736,0.0,0.0,39.50539378843188,39.50539378843188,0.0,0.0,0.8045905048560464,0.8045905048560464,0.0,0.0,0.9704590504856048,0.9704590504856048,0.96,0.96,38.33836694498151,38.33836694498151,0.0,0.0,76.67673388996302,1840.2416133591123,0.1378533639362119,5.753098033473393e-05,0.515
1974-07-14,1974-07-25,623.0255,0.8843912864860217,550.9983234585969,0.515,1974,7,14,1974.07,1973,10,287,41,0.0476062551468227,5.221210839044262,0.0094759105731409,0.5,3,Normal,50,10,9,9,108,186.0,0.3375690852060757,364.9983234585969,364.9983234585969,,2,182.4991617292985,182.4991617292985,0.0,0.0,0.0,0.0,0.0,0.0,0.0,0.0,50.0,10.0,9.0,9.0,108.0,433.9983234585969,990.0,966.0794924555636,23.920507544436305,0.1887032367712186,0.0429996646917193,989.7682970985372,0.23564783726159,0.23564783726159,0.0,0.0,23.45315680571183,23.45315680571183,23.688804642973423,23.688804642973423,,0.9282722823080644,0.9282722823080644,0.0,0.0,38.96514202296813,38.96514202296813,0.0,0.0,0.7935874139097379,0.7935874139097379,0.0,0.0,0.97,0.97,0.96,0.96,37.79618776227908,37.79618776227908,0.0,0.0,75.59237552455816,1814.217012589396,0.1371916615826841,5.752870832716828e-05,0.515
1974-07-15,1974-07-26,611.0679,0.8869861279741288,542.0087505502821,0.523,1974,7,15,1974.07,1973,10,288,42,0.0468295560475443,8.989572908314813,0.0165856601008526,0.5,3,Normal,50,10,9,9,108,186.0,0.3431678913138595,356.0087505502821,356.0087505502821,,2,178.00437527514106,178.00437527514106,0.0,0.0,0.0,0.0,0.0,0.0,0.0,0.0,50.0,10.0,9.0,9.0,108.0,425.0087505502821,990.0,966.0390393774762,23.96096062252377,0.185530537573953,0.0412017501100564,989.773267712316,0.2242109381878526,0.2242109381878526,0.0,0.0,23.51001739665186,23.51001739665186,23.734228334839717,23.734228334839717,,0.9266963902801828,0.9266963902801828,0.0,0.0,38.03293126438103,38.03293126438103,0.0,0.0,0.7746014514130555,0.7746014514130555,0.0,0.0,0.97,0.97,0.96,0.96,36.89194332644959,36.89194332644959,0.0,0.0,73.78388665289918,1770.8132796695804,0.1361304343850335,5.757028173765357e-05,0.525
1974-07-16,1974-07-27,599.256,0.8886339443648977,532.5192229643311,0.53,1974,7,16,1974.07,1973,10,289,42,0.0460096608641182,9.48952758595101,0.0178200657867831,0.5,3,Normal,50,10,9,9,108,186.0,0.3492831657129841,346.5192229643311,346.5192229643311,,2,173.25961148216555,173.25961148216555,0.0,0.0,0.0,0.0,0.0,0.0,0.0,0.0,50.0,10.0,9.0,9.0,108.0,415.5192229643311,990.0,965.9963365033394,24.00366349666058,0.1821813888589423,0.0393038445928662,989.7785147665484,0.2124534520164839,0.2124534520164839,0.0,0.0,23.56972481119235,23.56972481119235,23.782178263208834,23.782178263208834,,0.9250345213285264,0.9250345213285264,0.0,0.0,37.04661125040936,37.04661125040936,0.0,0.0,0.7545134674217793,0.7545134674217793,0.0,0.0,0.97,0.97,0.96,0.96,35.93521291289708,35.93521291289708,0.0,0.0,71.87042582579416,1724.89021981906,0.1349630637288903,5.761298609366529e-05,0.53
1974-07-17,1974-07-28,587.589,0.8901106602929673,523.0192327708844,0.536,1974,7,17,1974.07,1973,10,290,42,0.0451888617114044,9.499990193446706,0.0181637492432487,0.5,3,Normal,50,10,9,9,108,186.0,0.3556274575498829,337.0192327708844,337.0192327708844,,2,168.5096163854422,168.5096163854422,0.0,0.0,0.0,0.0,0.0,0.0,0.0,0.0,50.0,10.0,9.0,9.0,108.0,406.0192327708844,990.0,965.953586547469,24.046413452531056,0.1788285475651249,0.0374038465541768,989.7837676058808,0.2009528869973524,0.2009528869973524,0.0,0.0,23.62922817141441,23.62922817141441,23.830181058411767,23.830181058411767,,0.9233725668789364,0.9233725668789364,0.0,0.0,36.05702517018388,36.05702517018388,0.0,0.0,0.734358964769529,0.734358964769529,0.0,0.0,0.97,0.97,0.96,0.96,34.97531441507836,34.97531441507836,0.0,0.0,69.95062883015672,1678.8150919237612,0.1337438940047536,5.765466282397204e-05,0.535
1974-07-18,1974-07-29,581.8096,0.8882166996280455,516.7730027239134,0.54,1974,7,18,1974.07,1973,10,291,42,0.0446491874353461,6.246230046971049,0.0120869898660478,0.5,3,Normal,50,10,9,9,108,186.0,0.3599259230253767,330.7730027239133,330.7730027239133,,2,165.38650136195668,165.38650136195668,0.0,0.0,0.0,0.0,0.0,0.0,0.0,0.0,50.0,10.0,9.0,9.0,108.0,399.77300272391335,990.0,965.9254785122577,24.07452148774246,0.1766240591808512,0.0361546005447826,989.7872213402744,0.1935198732414569,0.1935198732414569,0.0,0.0,23.668222954775302,23.668222954775302,23.86174282801676,23.86174282801676,,0.9222807967119008,0.9222807967119008,0.0,0.0,35.40524282536671,35.40524282536671,0.0,0.0,0.7210843752620512,0.7210843752620512,0.0,0.0,0.97,0.97,0.96,0.96,34.34308554060571,34.34308554060571,0.0,0.0,68.68617108121143,1648.4681059490742,0.1329136211047524,5.768152724038445e-05,0.54
1974-07-19,1974-07-30,570.3586,0.8854392210789449,505.01787451967766,0.547,1974,7,19,1974.07,1973,10,292,42,0.0436335443585001,11.755128204235689,0.0232766577131868,0.5,3,Normal,50,10,9,9,108,186.0,0.3683037955377412,319.01787451967766,319.01787451967766,,2,159.50893725983883,159.50893725983883,0.0,0.0,0.0,0.0,0.0,0.0,0.0,0.0,50.0,10.0,9.0,9.0,108.0,388.01787451967766,990.0,965.8725804353384,24.127419564661523,0.1724753097132499,0.0338035749039355,989.7937211153828,0.1800098407168422,0.1800098407168422,0.0,0.0,23.741130839327504,23.741130839327504,23.921140680044346,23.921140680044346,,0.919955292422987,0.919955292422987,0.0,0.0,34.165819698712944,34.165819698712944,0.0,0.0,0.6958415417253145,0.6958415417253145,0.0,0.0,0.97,0.97,0.96,0.96,33.14084510775155,33.14084510775155,0.0,0.0,66.2816902155031,1590.7605651720746,0.1312462262420782,5.771331980422265e-05,0.545
1974-07-20,1974-07-31,564.6867,0.8760275090430032,494.6810831907137,0.5529999999999999,1974,7,20,1974.07,1973,10,293,42,0.0427404455876776,10.336791328964011,0.0208958694403498,0.5,3,Normal,50,10,9,9,108,186.0,0.3759998235636831,308.6810831907137,308.6810831907137,,2,154.34054159535685,154.34054159535685,0.0,0.0,0.0,0.0,0.0,0.0,0.0,0.0,50.0,10.0,9.0,9.0,108.0,377.6810831907137,990.0,965.8260648743582,24.173935125641837,0.1688271353354246,0.0317362166381427,989.7994366480264,0.1685755698459708,0.1685755698459708,0.0,0.0,23.80479620382233,23.80479620382233,23.973371773668305,23.973371773668305,,0.9178986114203797,0.9178986114203797,0.0,0.0,33.073328157919626,33.073328157919626,0.0,0.0,0.6735912048456135,0.6735912048456135,0.0,0.0,0.97,0.97,0.96,0.96,32.081128313182035,32.081128313182035,0.0,0.0,64.16225662636407,1539.8941590327377,0.1297042858653798,5.773871491784076e-05,0.555
1974-07-21,1974-08-01,559.0506,0.8753118667840304,489.3436243127323,0.555,1974,7,21,1974.07,1973,10,294,42,0.04227928914062,5.337458877981362,0.0109073841218993,0.47,3,Normal,50,10,9,9,108,186.0,0.3801009980690586,303.3436243127323,303.3436243127323,,2,151.67181215636614,151.67181215636614,0.0,0.0,0.0,0.0,0.0,0.0,0.0,0.0,50.0,10.0,9.0,9.0,108.0,372.3436243127323,990.0,965.8020463094072,24.19795369059273,0.166943380492973,0.0306687248625464,989.8023878946444,0.1628111142577508,0.1628111142577508,0.0,0.0,23.83753047097952,23.83753047097952,24.000341585237265,24.000341585237265,,0.9168385533884658,0.9168385533884658,0.0,0.0,32.50855784637645,32.50855784637645,0.0,0.0,0.6620887545086853,0.6620887545086853,0.0,0.0,0.97,0.97,0.96,0.96,31.533301110985157,31.533301110985157,0.0,0.0,63.06660222197031,1513.5984533272874,0.1288799916634151,5.775133944847071e-05,0.555
1974-07-22,1974-08-02,547.8849,0.8752989863551575,479.5630976092969,0.5630000000000001,1974,7,22,1974.07,1973,10,295,43,0.0414342516334432,9.780526703435443,0.0203946607906092,0.47,3,Normal,50,10,9,9,108,186.0,0.387853028990849,293.5630976092969,293.5630976092969,,2,146.78154880464845,146.78154880464845,0.0,0.0,0.0,0.0,0.0,0.0,0.0,0.0,50.0,10.0,9.0,9.0,108.0,362.5630976092969,990.0,965.7580339392418,24.24196606075816,0.1634915291606229,0.0287126195218593,989.8077958513176,0.1525056215136687,0.1525056215136687,0.0,0.0,23.89725629056194,23.89725629056194,24.04976191207561,24.04976191207561,,0.914899427923754,0.914899427923754,0.0,0.0,31.472523228959563,31.472523228959563,0.0,0.0,0.6409882531356327,0.6409882531356327,0.0,0.0,0.97,0.97,0.96,0.96,30.528347532090777,30.528347532090777,0.0,0.0,61.056695064181554,1465.3606815403573,0.1273173339828679,5.777358670590159e-05,0.565
1974-07-23,1974-08-03,531.4016,0.8847902403509693,470.1789493868897,0.5740000000000001,1974,7,23,1974.07,1973,10,296,43,0.0406234612270272,9.384148222407132,0.0199586736808272,0.47,3,Normal,50,10,9,9,108,186.0,0.3955940610325978,284.1789493868897,284.1789493868897,,2,142.08947469344486,142.08947469344486,0.0,0.0,0.0,0.0,0.0,0.0,0.0,0.0,50.0,10.0,9.0,9.0,108.0,353.1789493868897,990.0,965.715805272241,24.28419472775897,0.1601795720925941,0.0268357898773779,989.81298463803,0.1429207388807586,0.1429207388807586,0.0,0.0,23.954258626908217,23.954258626908217,24.09717936578897,24.09717936578897,,0.912830325740224,0.912830325740224,0.0,0.0,30.47006649457761,30.47006649457761,0.0,0.0,0.6205716190341671,0.6205716190341671,0.0,0.0,0.97,0.97,0.96,0.96,29.55596449974028,29.55596449974028,0.0,0.0,59.11192899948056,1418.6862959875334,0.1257221938084683,5.778042431735096e-05,0.575
1974-07-24,1974-08-04,531.4016,0.8847902403509693,470.1789493868897,0.5740000000000001,1974,7,24,1974.07,1973,10,297,43,0.0406234612270272,0.0,0.0,0.47,3,Normal,50,10,9,9,108,186.0,0.3955940610325978,284.1789493868897,284.1789493868897,,2,142.08947469344486,142.08947469344486,0.0,0.0,0.0,0.0,0.0,0.0,0.0,0.0,50.0,10.0,9.0,9.0,108.0,353.1789493868897,990.0,965.715805272241,24.28419472775897,0.1601795720925941,0.0268357898773779,989.81298463803,0.1429207388807586,0.1429207388807586,0.0,0.0,23.954258626908217,23.954258626908217,24.09717936578897,24.09717936578897,,0.912830325740224,0.912830325740224,0.0,0.0,30.47006649457761,30.47006649457761,0.0,0.0,0.6205716190341671,0.6205716190341671,0.0,0.0,0.97,0.97,0.96,0.96,29.55596449974028,29.55596449974028,0.0,0.0,59.11192899948056,1418.6862959875334,0.1257221938084683,5.778042431735096e-05,0.575
1974-07-25,1974-08-05,531.4016,0.8847902403509693,470.1789493868897,0.5740000000000001,1974,7,25,1974.07,1973,10,298,43,0.0406234612270272,0.0,0.0,0.47,3,Normal,50,10,9,9,108,186.0,0.3955940610325978,284.1789493868897,284.1789493868897,,2,142.08947469344486,142.08947469344486,0.0,0.0,0.0,0.0,0.0,0.0,0.0,0.0,50.0,10.0,9.0,9.0,108.0,353.1789493868897,990.0,965.715805272241,24.28419472775897,0.1601795720925941,0.0268357898773779,989.81298463803,0.1429207388807586,0.1429207388807586,0.0,0.0,23.954258626908217,23.954258626908217,24.09717936578897,24.09717936578897,,0.912830325740224,0.912830325740224,0.0,0.0,30.47006649457761,30.47006649457761,0.0,0.0,0.6205716190341671,0.6205716190341671,0.0,0.0,0.97,0.97,0.96,0.96,29.55596449974028,29.55596449974028,0.0,0.0,59.11192899948056,1418.6862959875334,0.1257221938084683,5.778042431735096e-05,0.575
1974-07-26,1974-08-06,525.9775,0.8881694527338079,467.1571483252964,0.58,1974,7,26,1974.07,1973,10,299,43,0.0403623776153056,3.021801061593294,0.0064684893989658,0.47,3,Normal,50,10,9,9,108,186.0,0.3981529570226811,281.1571483252964,281.1571483252964,,2,140.5785741626482,140.5785741626482,0.0,0.0,0.0,0.0,0.0,0.0,0.0,0.0,50.0,10.0,9.0,9.0,108.0,350.1571483252964,990.0,965.7022071674638,24.29779283253617,0.1591130847410597,0.0262314296650592,989.814655485594,0.1398687198085493,0.1398687198085493,0.0,0.0,23.972579598321527,23.972579598321527,24.11244831813008,24.11244831813008,,0.9121257687197676,0.9121257687197676,0.0,0.0,30.14583572538187,30.14583572538187,0.0,0.0,0.6139681410464739,0.6139681410464739,0.0,0.0,0.97,0.97,0.96,0.96,29.24146065362041,29.24146065362041,0.0,0.0,58.48292130724082,1403.5901113737798,0.1251889680311972,5.7779985376300605e-05,0.58
1974-07-27,1974-08-07,520.5884,0.8885427859104034,462.56506724863937,0.581,1974,7,27,1974.07,1973,10,300,43,0.0399656218102824,4.592081076657053,0.0099274273000574,0.47,3,Normal,50,10,9,9,108,186.0,0.4021055915578266,276.56506724863937,276.56506724863937,,2,138.28253362431968,138.28253362431968,0.0,0.0,0.0,0.0,0.0,0.0,0.0,0.0,50.0,10.0,9.0,9.0,108.0,345.56506724863937,990.0,965.6815428026188,24.31845719738112,0.1574923968514034,0.0253130134497278,989.8171945896988,0.1353681152311801,0.1353681152311801,0.0,0.0,24.000283671848884,24.000283671848884,24.135651787080064,24.135651787080064,,0.9110593165344774,0.9110593165344774,0.0,0.0,29.65302857598738,29.65302857598738,0.0,0.0,0.6039313355598245,0.6039313355598245,0.0,0.0,0.97,0.97,0.96,0.96,28.76343771870776,28.76343771870776,0.0,0.0,57.52687543741552,1380.6450104979724,0.12436493697976,5.777912510960085e-05,0.58
1974-07-28,1974-08-08,509.9149,0.8935905892579125,455.65515596238953,0.59,1974,7,28,1974.07,1973,10,301,43,0.0393686054751504,6.909911286249838,0.0151647823926306,0.47,3,Normal,50,10,9,9,108,186.0,0.4082034353526611,269.6551559623896,269.6551559623896,,2,134.82757798119476,134.82757798119476,0.0,0.0,0.0,0.0,0.0,0.0,0.0,0.0,50.0,10.0,9.0,9.0,108.0,338.6551559623896,990.0,965.6504482018308,24.349551798169276,0.1550536747658653,0.0239310311924779,989.8210152940416,0.1286758466046461,0.1286758466046461,0.0,0.0,24.041891245606298,24.041891245606298,24.170567092210945,24.170567092210945,,0.9094558902740534,0.9094558902740534,0.0,0.0,28.911305368660184,28.911305368660184,0.0,0.0,0.5888249565918571,0.5888249565918571,0.0,0.0,0.97,0.97,0.96,0.96,28.043966207600377,28.043966207600377,0.0,0.0,56.087932415200754,1346.110377964818,0.1230929392135098,5.7777427510481896e-05,0.59
1974-07-29,1974-08-09,504.6303,0.897830776149602,453.0726139176065,0.595,1974,7,29,1974.07,1973,10,302,44,0.0391454738424812,2.582542044782997,0.0057000621212842,0.47,3,Normal,50,10,9,9,108,186.0,0.410530220292293,267.0726139176065,267.0726139176065,,2,133.53630695880324,133.53630695880324,0.0,0.0,0.0,0.0,0.0,0.0,0.0,0.0,50.0,10.0,9.0,9.0,108.0,336.0726139176065,990.0,965.6388267626292,24.36117323737085,0.1541422155501767,0.0234145227835212,989.8224432616664,0.12624825708255,0.12624825708255,0.0,0.0,24.05736824195461,24.05736824195461,24.18361649903716,24.18361649903716,,0.9088581090394138,0.9088581090394138,0.0,0.0,28.634015993032424,28.634015993032424,0.0,0.0,0.5831775151330433,0.5831775151330433,0.0,0.0,0.97,0.97,0.96,0.96,27.77499551324145,27.77499551324145,0.0,0.0,55.5499910264829,1333.1997846355896,0.1226072583512737,5.777662050992745e-05,0.595
1974-07-30,1974-08-10,494.165,0.8960553284209241,442.799181369126,0.602,1974,7,30,1974.07,1973,10,303,44,0.0382578492702924,10.27343254848057,0.0232011100759385,0.47,3,Normal,50,10,9,9,108,186.0,0.4200549771227936,256.799181369126,256.799181369126,,2,128.399590684563,128.399590684563,0.0,0.0,0.0,0.0,0.0,0.0,0.0,0.0,50.0,10.0,9.0,9.0,108.0,325.799181369126,990.0,965.592596316161,24.407403683838996,0.150516402451806,0.0213598362738252,989.8281237612744,0.1167192632322134,0.1167192632322134,0.0,0.0,24.118808181881136,24.118808181881136,24.235527445113348,24.235527445113348,,0.9064884440917008,0.9064884440917008,0.0,0.0,27.530902882589043,27.530902882589043,0.0,0.0,0.5607108530058869,0.5607108530058869,0.0,0.0,0.97,0.97,0.96,0.96,26.70497579611137,26.70497579611137,0.0,0.0,53.40995159222274,1281.8388382133458,0.1206189031946271,5.7773150153390654e-05,0.6
1974-07-31,1974-08-11,494.165,0.8960553284209241,442.799181369126,0.602,1974,7,31,1974.07,1973,10,304,44,0.0382578492702924,0.0,0.0,0.47,3,Normal,50,10,9,9,108,186.0,0.4200549771227936,256.799181369126,256.799181369126,,2,128.399590684563,128.399590684563,0.0,0.0,0.0,0.0,0.0,0.0,0.0,0.0,50.0,10.0,9.0,9.0,108.0,325.799181369126,990.0,965.592596316161,24.407403683838996,0.150516402451806,0.0213598362738252,989.8281237612744,0.1167192632322134,0.1167192632322134,0.0,0.0,24.118808181881136,24.118808181881136,24.235527445113348,24.235527445113348,,0.9064884440917008,0.9064884440917008,0.0,0.0,27.530902882589043,27.530902882589043,0.0,0.0,0.5607108530058869,0.5607108530058869,0.0,0.0,0.97,0.97,0.96,0.96,26.70497579611137,26.70497579611137,0.0,0.0,53.40995159222274,1281.8388382133458,0.1206189031946271,5.7773150153390654e-05,0.6
1974-08-01,1974-08-12,488.9841,0.8998924733267547,440.0331111664572,0.609,1974,8,1,1974.08,1973,11,305,44,0.0380188608047818,2.766070202668743,0.0062860501459454,0.46,3,Normal,47,8,6,5,89,155.0,0.352246219810868,285.0331111664572,285.0331111664572,,2,142.5165555832286,142.5165555832286,0.0,0.0,0.0,0.0,0.0,0.0,0.0,0.0,47.0,8.0,6.0,5.0,89.0,346.0331111664572,990.0,965.580149000249,24.41985099975102,0.1576575840719188,0.0270066222332914,989.8153357936948,0.1437834422781218,0.1437834422781218,0.0,0.0,24.09140335116767,24.09140335116767,24.23518679344579,24.23518679344579,,0.9131909563499516,0.9131909563499516,0.0,0.0,30.748767861069844,30.748767861069844,0.0,0.0,0.626247817944396,0.626247817944396,0.0,0.0,0.97,0.97,0.96,0.96,29.82630482523775,29.82630482523775,0.0,0.0,59.6526096504755,1431.662631611412,0.1355639112982793,5.813419107535704e-05,0.61
1974-08-02,1974-08-13,483.8375,0.9000891520783358,435.49688511870175,0.611,1974,8,2,1974.08,1973,11,306,44,0.0376269308742558,4.536226047755463,0.0104162077910592,0.46,3,Normal,47,8,6,5,89,155.0,0.3559152896300331,280.4968851187017,280.4968851187017,,2,140.24844255935088,140.24844255935088,0.0,0.0,0.0,0.0,0.0,0.0,0.0,0.0,47.0,8.0,6.0,5.0,89.0,341.4968851187017,990.0,965.559735983034,24.440264016965894,0.1560566091549662,0.0260993770237403,989.8178440138214,0.1392018539698887,0.1392018539698887,0.0,0.0,24.118906176817408,24.118906176817408,24.258108030787294,24.258108030787294,,0.9121398160295128,0.9121398160295128,0.0,0.0,30.25908340288215,30.25908340288215,0.0,0.0,0.6162746110566629,0.6162746110566629,0.0,0.0,0.97,0.97,0.96,0.96,29.351310900795685,29.351310900795685,0.0,0.0,58.70262180159137,1408.862923238193,0.1347945847777786,5.813356475197514e-05,0.61
1974-08-03,1974-08-14,473.647,0.9007401735700734,426.6328809909446,0.62,1974,8,3,1974.08,1973,11,307,44,0.0368610809176176,8.86400412775714,0.0207766548775345,0.46,3,Normal,47,8,6,5,89,155.0,0.3633100187683141,271.6328809909446,271.6328809909446,,2,135.8164404954723,135.8164404954723,0.0,0.0,0.0,0.0,0.0,0.0,0.0,0.0,47.0,8.0,6.0,5.0,89.0,332.6328809909446,990.0,965.5198479644592,24.480152035540755,0.1529282270763601,0.0243265761981889,989.8227451967256,0.1305838945612162,0.1305838945612162,0.0,0.0,24.172313337705003,24.172313337705003,24.30289723226622,24.30289723226622,,0.9100931580260364,0.9100931580260364,0.0,0.0,29.301854555032133,29.301854555032133,0.0,0.0,0.5967791151737705,0.5967791151737705,0.0,0.0,0.97,0.97,0.96,0.96,28.42279891838117,28.42279891838117,0.0,0.0,56.84559783676234,1364.294348082296,0.1332424207546461,5.813156266627196e-05,0.62
1974-08-04,1974-08-15,468.6029,0.9015518661337044,422.4698189706656,0.626,1974,8,4,1974.08,1973,11,308,44,0.0365013923590655,4.163062020279028,0.00985410515341,0.46,3,Normal,47,8,6,5,89,155.0,0.3668901138965444,267.4698189706656,267.4698189706656,,2,133.7349094853328,133.7349094853328,0.0,0.0,0.0,0.0,0.0,0.0,0.0,0.0,47.0,8.0,6.0,5.0,89.0,328.4698189706656,990.0,965.501114185368,24.49888581463199,0.1514589533227995,0.0234939637941331,989.825047082883,0.1266216298324256,0.1266216298324256,0.0,0.0,24.19731126768254,24.19731126768254,24.323932897514965,24.323932897514965,,0.9091353277216956,0.9091353277216956,0.0,0.0,28.85221321482672,28.85221321482672,0.0,0.0,0.5876214504038028,0.5876214504038028,0.0,0.0,0.97,0.97,0.96,0.96,27.98664681838192,27.98664681838192,0.0,0.0,55.97329363676384,1343.359047282332,0.1324906327584323,5.813043572975428e-05,0.625
1974-08-05,1974-08-16,468.6029,0.9015518661337044,422.4698189706656,0.626,1974,8,5,1974.08,1973,11,309,45,0.0365013923590655,0.0,0.0,0.46,3,Normal,47,8,6,5,89,155.0,0.3668901138965444,267.4698189706656,267.4698189706656,,2,133.7349094853328,133.7349094853328,0.0,0.0,0.0,0.0,0.0,0.0,0.0,0.0,47.0,8.0,6.0,5.0,89.0,328.4698189706656,990.0,965.501114185368,24.49888581463199,0.1514589533227995,0.0234939637941331,989.825047082883,0.1266216298324256,0.1266216298324256,0.0,0.0,24.19731126768254,24.19731126768254,24.323932897514965,24.323932897514965,,0.9091353277216956,0.9091353277216956,0.0,0.0,28.85221321482672,28.85221321482672,0.0,0.0,0.5876214504038028,0.5876214504038028,0.0,0.0,0.97,0.97,0.96,0.96,27.98664681838192,27.98664681838192,0.0,0.0,55.97329363676384,1343.359047282332,0.1324906327584323,5.813043572975428e-05,0.625
1974-08-06,1974-08-17,463.5928,0.9065907191323836,420.28892993659525,0.63,1974,8,6,1974.08,1973,11,310,45,0.0363129635465218,2.180889034070333,0.0051890232616865,0.46,3,Normal,47,8,6,5,89,155.0,0.3687939152320364,265.28892993659525,265.28892993659525,,2,132.64446496829763,132.64446496829763,0.0,0.0,0.0,0.0,0.0,0.0,0.0,0.0,47.0,8.0,6.0,5.0,89.0,326.28892993659525,990.0,965.4913001847146,24.508699815285357,0.1506892499166098,0.023057785987319,989.826252964096,0.1245715941403995,0.1245715941403995,0.0,0.0,24.21038118524101,24.21038118524101,24.33495277938141,24.33495277938141,,0.9086344115088956,0.9086344115088956,0.0,0.0,28.616639954473005,28.616639954473005,0.0,0.0,0.5828236243273525,0.5828236243273525,0.0,0.0,0.97,0.97,0.96,0.96,27.758140755838813,27.758140755838813,0.0,0.0,55.516281511677626,1332.390756280263,0.1320907536633258,5.8129788199172304e-05,0.63
1974-08-07,1974-08-18,458.6166,0.911126574868046,417.8577719356288,0.633,1974,8,7,1974.08,1973,11,311,45,0.0361029114952383,2.4311580009666045,0.0058181471406044,0.46,3,Normal,47,8,6,5,89,155.0,0.3709396124954158,262.8577719356288,262.8577719356288,,2,131.4288859678144,131.4288859678144,0.0,0.0,0.0,0.0,0.0,0.0,0.0,0.0,47.0,8.0,6.0,5.0,89.0,323.8577719356288,990.0,965.4803599737104,24.51964002628972,0.1498312188269506,0.0225715543871257,989.827597226786,0.1222863056194911,0.1222863056194911,0.0,0.0,24.224950947456115,24.224950947456115,24.347237253075605,24.347237253075605,,0.9080767347775016,0.9080767347775016,0.0,0.0,28.354042211374296,28.354042211374296,0.0,0.0,0.5774754014536516,0.5774754014536516,0.0,0.0,0.97,0.97,0.96,0.96,27.503420945033067,27.503420945033067,0.0,0.0,55.00684189006613,1320.1642053615872,0.1316401071954692,5.812907181811609e-05,0.635
1974-08-08,1974-08-19,448.7655,0.9091709283658698,408.00454625357366,0.643,1974,8,8,1974.08,1973,11,312,45,0.0352515927963087,9.853225682054983,0.0241497938504127,0.46,3,Normal,47,8,6,5,89,155.0,0.3798977276681322,253.0045462535737,253.0045462535737,,2,126.50227312678685,126.50227312678685,0.0,0.0,0.0,0.0,0.0,0.0,0.0,0.0,47.0,8.0,6.0,5.0,89.0,314.00454625357366,990.0,965.436020458141,24.563979541859,0.146353709769427,0.0206009092507147,989.83304538098,0.1133040916282163,0.1133040916282163,0.0,0.0,24.28372083121069,24.28372083121069,24.39702492283891,24.39702492283891,,0.9058239201399232,0.9058239201399232,0.0,0.0,27.289529333433705,27.289529333433705,0.0,0.0,0.5557948947746171,0.5557948947746171,0.0,0.0,0.97,0.97,0.96,0.96,26.47084345343069,26.47084345343069,0.0,0.0,52.94168690686138,1270.600485764673,0.1297575906763506,5.812553315170757e-05,0.645
1974-08-09,1974-08-20,448.7655,0.9091709283658698,408.00454625357366,0.643,1974,8,9,1974.08,1973,11,313,45,0.0352515927963087,0.0,0.0,0.46,3,Normal,47,8,6,5,89,155.0,0.3798977276681322,253.0045462535737,253.0045462535737,,2,126.50227312678685,126.50227312678685,0.0,0.0,0.0,0.0,0.0,0.0,0.0,0.0,47.0,8.0,6.0,5.0,89.0,314.00454625357366,990.0,965.436020458141,24.563979541859,0.146353709769427,0.0206009092507147,989.83304538098,0.1133040916282163,0.1133040916282163,0.0,0.0,24.28372083121069,24.28372083121069,24.39702492283891,24.39702492283891,,0.9058239201399232,0.9058239201399232,0.0,0.0,27.289529333433705,27.289529333433705,0.0,0.0,0.5557948947746171,0.5557948947746171,0.0,0.0,0.97,0.97,0.96,0.96,26.47084345343069,26.47084345343069,0.0,0.0,52.94168690686138,1270.600485764673,0.1297575906763506,5.812553315170757e-05,0.645
1974-08-10,1974-08-21,448.7655,0.9091709283658698,408.00454625357366,0.643,1974,8,10,1974.08,1973,11,314,45,0.0352515927963087,0.0,0.0,0.46,3,Normal,47,8,6,5,89,155.0,0.3798977276681322,253.0045462535737,253.0045462535737,,2,126.50227312678685,126.50227312678685,0.0,0.0,0.0,0.0,0.0,0.0,0.0,0.0,47.0,8.0,6.0,5.0,89.0,314.00454625357366,990.0,965.436020458141,24.563979541859,0.146353709769427,0.0206009092507147,989.83304538098,0.1133040916282163,0.1133040916282163,0.0,0.0,24.28372083121069,24.28372083121069,24.39702492283891,24.39702492283891,,0.9058239201399232,0.9058239201399232,0.0,0.0,27.289529333433705,27.289529333433705,0.0,0.0,0.5557948947746171,0.5557948947746171,0.0,0.0,0.97,0.97,0.96,0.96,26.47084345343069,26.47084345343069,0.0,0.0,52.94168690686138,1270.600485764673,0.1297575906763506,5.812553315170757e-05,0.645
1974-08-11,1974-08-22,439.0488,0.9068394067509818,398.1467533267305,0.657,1974,8,11,1974.08,1973,11,315,45,0.0343998794874295,9.85779292684316,0.0247591945544601,0.47,3,Normal,47,8,6,5,89,155.0,0.3893036894182649,243.1467533267305,243.1467533267305,,2,121.57337666336524,121.57337666336524,0.0,0.0,0.0,0.0,0.0,0.0,0.0,0.0,47.0,8.0,6.0,5.0,89.0,304.1467533267305,990.0,965.3907337666336,24.609266233366384,0.1428745887895106,0.0186293506653461,989.8384960605453,0.1046376753942555,0.1046376753942555,0.0,0.0,24.34312461851727,24.34312461851727,24.447762293911524,24.447762293911524,,0.9023723950586484,0.9023723950586484,0.0,0.0,26.19022938756505,26.19022938756505,0.0,0.0,0.5334058938404288,0.5334058938404288,0.0,0.0,0.97,0.97,0.96,0.96,25.4045225059381,25.4045225059381,0.0,0.0,50.8090450118762,1219.4170802850288,0.1276138624447876,5.804570047227714e-05,0.655
1974-08-12,1974-08-23,434.2405,0.9023039355474278,391.8169121240828,0.66,1974,8,12,1974.08,1973,11,316,46,0.0338529812075207,6.3298412026476845,0.0161550995038292,0.47,3,Normal,47,8,6,5,89,155.0,0.3955929292580247,236.8169121240828,236.8169121240828,,2,118.4084560620414,118.4084560620414,0.0,0.0,0.0,0.0,0.0,0.0,0.0,0.0,47.0,8.0,6.0,5.0,89.0,297.8169121240828,990.0,965.3590845606204,24.64091543937957,0.1406405914342097,0.0173633824248165,989.8419960261408,0.0992580370629887,0.0992580370629887,0.0,0.0,24.3836534284575,24.3836534284575,24.482911465520488,24.482911465520488,,0.8998094196277696,0.8998094196277696,0.0,0.0,25.47831660489776,25.47831660489776,0.0,0.0,0.5189066518309116,0.5189066518309116,0.0,0.0,0.97,0.97,0.96,0.96,24.71396710675082,24.71396710675082,0.0,0.0,49.42793421350164,1186.270421124039,0.1261505889205939,5.797720104879461e-05,0.66
1974-08-13,1974-08-24,429.4657,0.9060885103777592,389.1339363713416,0.6629999999999999,1974,8,13,1974.08,1973,11,317,46,0.0336211721024839,2.6829757527411857,0.0068947359815487,0.47,3,Normal,47,8,6,5,89,155.0,0.3983204380614263,234.1339363713416,234.1339363713416,,2,117.0669681856708,117.0669681856708,0.0,0.0,0.0,0.0,0.0,0.0,0.0,0.0,47.0,8.0,6.0,5.0,89.0,295.1339363713416,990.0,965.3456696818566,24.65433031814337,0.1396936860468434,0.0168267872742683,989.843479526679,0.0970311671882135,0.0970311671882135,0.0,0.0,24.4007786776341,24.4007786776341,24.497809844822317,24.497809844822317,,0.8987199524914325,0.8987199524914325,0.0,0.0,25.17683536055576,25.17683536055576,0.0,0.0,0.5127665042883046,0.5127665042883046,0.0,0.0,0.97,0.97,0.96,0.96,24.42153029973908,24.42153029973908,0.0,0.0,48.84306059947816,1172.2334543874758,0.1255173502854512,5.794767321414695e-05,0.665
1974-08-14,1974-08-25,420.0154,0.9067213782142306,380.8369423592014,0.675,1974,8,14,1974.08,1973,11,318,46,0.032904311819835,8.29699401214026,0.0217862110769564,0.47,3,Normal,47,8,6,5,89,155.0,0.4069983312012983,225.83694235920137,225.83694235920137,,2,112.91847117960069,112.91847117960069,0.0,0.0,0.0,0.0,0.0,0.0,0.0,0.0,47.0,8.0,6.0,5.0,89.0,286.8369423592014,990.0,965.304184711796,24.695815288204017,0.1367654194305632,0.0151673884718402,989.8480671920976,0.0902695538873611,0.0902695538873611,0.0,0.0,24.45361292641423,24.45361292641423,24.54388248030159,24.54388248030159,,0.8953392085212638,0.8953392085212638,0.0,0.0,24.24567760223816,24.24567760223816,0.0,0.0,0.4938019878256244,0.4938019878256244,0.0,0.0,0.9693801987825624,0.9693801987825624,0.96,0.96,23.50327977367555,23.50327977367555,0.0,0.0,47.0065595473511,1128.1574291364263,0.1234296212341055,5.7817722448941794e-05,0.675
1974-08-15,1974-08-26,415.3399,0.9079714249478594,377.11676084070143,0.68,1974,8,15,1974.08,1973,11,319,46,0.0325828881366366,3.720181518499942,0.0098648002549836,0.47,3,Normal,47,8,6,5,89,155.0,0.4110132884427108,222.11676084070143,222.11676084070143,,2,111.05838042035072,111.05838042035072,0.0,0.0,0.0,0.0,0.0,0.0,0.0,0.0,47.0,8.0,6.0,5.0,89.0,283.11676084070143,990.0,965.2855838042036,24.714416195796503,0.135452451947257,0.0144233521681402,989.8501241958846,0.0872934086725611,0.0872934086725611,0.0,0.0,24.477246983008573,24.477246983008573,24.56454039168113,24.56454039168113,,0.8938176858686432,0.8938176858686432,0.0,0.0,23.828765812687717,23.828765812687717,0.0,0.0,0.4853109126820308,0.4853109126820308,0.0,0.0,0.968531091268203,0.968531091268203,0.96,0.96,23.07890055613688,23.07890055613688,0.0,0.0,46.15780111227376,1107.78722669457,0.1223965782092919,5.772464613452335e-05,0.68
1974-08-16,1974-08-27,415.3399,0.9079714249478594,377.11676084070143,0.68,1974,8,16,1974.08,1973,11,320,46,0.0325828881366366,0.0,0.0,0.47,3,Normal,47,8,6,5,89,155.0,0.4110132884427108,222.11676084070143,222.11676084070143,,2,111.05838042035072,111.05838042035072,0.0,0.0,0.0,0.0,0.0,0.0,0.0,0.0,47.0,8.0,6.0,5.0,89.0,283.11676084070143,990.0,965.2855838042036,24.714416195796503,0.135452451947257,0.0144233521681402,989.8501241958846,0.0872934086725611,0.0872934086725611,0.0,0.0,24.477246983008573,24.477246983008573,24.56454039168113,24.56454039168113,,0.8938176858686432,0.8938176858686432,0.0,0.0,23.828765812687717,23.828765812687717,0.0,0.0,0.4853109126820308,0.4853109126820308,0.0,0.0,0.968531091268203,0.968531091268203,0.96,0.96,23.07890055613688,23.07890055613688,0.0,0.0,46.15780111227376,1107.78722669457,0.1223965782092919,5.772464613452335e-05,0.68
1974-08-17,1974-08-28,415.3399,0.9079714249478594,377.11676084070143,0.68,1974,8,17,1974.08,1973,11,321,46,0.0325828881366366,0.0,0.0,0.47,3,Normal,47,8,6,5,89,155.0,0.4110132884427108,222.11676084070143,222.11676084070143,,2,111.05838042035072,111.05838042035072,0.0,0.0,0.0,0.0,0.0,0.0,0.0,0.0,47.0,8.0,6.0,5.0,89.0,283.11676084070143,990.0,965.2855838042036,24.714416195796503,0.135452451947257,0.0144233521681402,989.8501241958846,0.0872934086725611,0.0872934086725611,0.0,0.0,24.477246983008573,24.477246983008573,24.56454039168113,24.56454039168113,,0.8938176858686432,0.8938176858686432,0.0,0.0,23.828765812687717,23.828765812687717,0.0,0.0,0.4853109126820308,0.4853109126820308,0.0,0.0,0.968531091268203,0.968531091268203,0.96,0.96,23.07890055613688,23.07890055613688,0.0,0.0,46.15780111227376,1107.78722669457,0.1223965782092919,5.772464613452335e-05,0.68
1974-08-18,1974-08-29,410.6973,0.908236127635729,373.01012538244936,0.6880000000000001,1974,8,18,1974.08,1973,11,322,46,0.0322280748330436,4.106635458252072,0.0110094476766321,0.47,3,Normal,47,8,6,5,89,155.0,0.4155383177362213,218.01012538244936,218.01012538244936,,1,218.01012538244936,0.0,0.0,0.0,0.0,0.0,0.0,0.0,0.0,0.0,47.0,8.0,6.0,5.0,89.0,279.01012538244936,990.0,965.2650506269122,24.73494937308783,0.1340030928781729,0.0136020250764898,989.8523948820454,0.336271186177944,0.0,0.0,0.0,24.251073068955247,24.58734425513319,24.58734425513319,24.58734425513319,,0.9393026449020252,0.0,0.0,0.0,48.70256891600309,0.0,0.0,0.0,0.9919056805703276,0.0,0.0,0.0,0.98,0.96,0.96,0.96,47.72851753768303,0.0,0.0,0.0,47.72851753768303,1145.484420904393,0.1279550186171131,6.081332926618554e-05,0.69
1974-08-19,1974-08-30,410.6973,0.908236127635729,373.01012538244936,0.6880000000000001,1974,8,19,1974.08,1973,11,323,47,0.0322280748330436,0.0,0.0,0.47,3,Normal,47,8,6,5,89,155.0,0.4155383177362213,218.01012538244936,218.01012538244936,,1,218.01012538244936,0.0,0.0,0.0,0.0,0.0,0.0,0.0,0.0,0.0,47.0,8.0,6.0,5.0,89.0,279.01012538244936,990.0,965.2650506269122,24.73494937308783,0.1340030928781729,0.0136020250764898,989.8523948820454,0.336271186177944,0.0,0.0,0.0,24.251073068955247,24.58734425513319,24.58734425513319,24.58734425513319,,0.9393026449020252,0.0,0.0,0.0,48.70256891600309,0.0,0.0,0.0,0.9919056805703276,0.0,0.0,0.0,0.98,0.96,0.96,0.96,47.72851753768303,0.0,0.0,0.0,47.72851753768303,1145.484420904393,0.1279550186171131,6.081332926618554e-05,0.69
1974-08-20,1974-08-31,410.6973,0.908236127635729,373.01012538244936,0.6880000000000001,1974,8,20,1974.08,1973,11,324,47,0.0322280748330436,0.0,0.0,0.47,3,Normal,47,8,6,5,89,155.0,0.4155383177362213,218.01012538244936,218.01012538244936,,1,218.01012538244936,0.0,0.0,0.0,0.0,0.0,0.0,0.0,0.0,0.0,47.0,8.0,6.0,5.0,89.0,279.01012538244936,990.0,965.2650506269122,24.73494937308783,0.1340030928781729,0.0136020250764898,989.8523948820454,0.336271186177944,0.0,0.0,0.0,24.251073068955247,24.58734425513319,24.58734425513319,24.58734425513319,,0.9393026449020252,0.0,0.0,0.0,48.70256891600309,0.0,0.0,0.0,0.9919056805703276,0.0,0.0,0.0,0.98,0.96,0.96,0.96,47.72851753768303,0.0,0.0,0.0,47.72851753768303,1145.484420904393,0.1279550186171131,6.081332926618554e-05,0.69
1974-08-21,1974-09-01,406.0875,0.9120318780949216,370.3647452958713,0.6890000000000001,1974,8,21,1974.08,1973,11,325,47,0.0319995139935632,2.645380086578029,0.0071426347139621,0.48,3,Normal,47,8,6,5,89,155.0,0.4185063561494656,215.36474529587127,215.36474529587127,,1,215.36474529587127,0.0,0.0,0.0,0.0,0.0,0.0,0.0,0.0,0.0,47.0,8.0,6.0,5.0,89.0,276.3647452958713,990.0,965.2518237264792,24.7481762735207,0.1330694561678698,0.0130729490591742,989.853857594773,0.3281234155112835,0.0,0.0,0.0,24.27391045278241,24.602033868293688,24.602033868293688,24.602033868293688,,0.9386380137215852,0.0,0.0,0.0,48.12283399580007,0.0,0.0,0.0,0.9800984520529544,0.0,0.0,0.0,0.98,0.96,0.96,0.96,47.16037731588406,0.0,0.0,0.0,47.16037731588406,1131.8490555812175,0.1273349526780939,6.0827526770784496e-05,0.69
1974-08-22,1974-09-02,396.9661,0.9077571128687334,360.34880084276085,0.7000000000000001,1974,8,22,1974.08,1973,11,326,47,0.0311341363928145,10.015944453110476,0.0277951374603878,0.48,3,Normal,47,8,6,5,89,155.0,0.4301387978466859,205.34880084276085,205.34880084276085,,1,205.34880084276085,0.0,0.0,0.0,0.0,0.0,0.0,0.0,0.0,0.0,47.0,8.0,6.0,5.0,89.0,266.34880084276085,990.0,965.2017440042138,24.798255995786235,0.1295345186073936,0.0110697601685521,989.859395721224,0.2983254744777169,0.0,0.0,0.0,24.359326242532536,24.657651717010253,24.657651717010253,24.657651717010253,,0.9361322857634108,0.0,0.0,0.0,45.92332936396953,0.0,0.0,0.0,0.9353020237061004,0.0,0.0,0.0,0.98,0.96,0.96,0.96,45.00486277669014,0.0,0.0,0.0,45.00486277669014,1080.1167066405633,0.1248925004646487,6.087861589644888e-05,0.7
1974-08-23,1974-09-03,392.4543,0.9019707790507928,353.9823107128336,0.7040000000000001,1974,8,23,1974.08,1973,11,327,47,0.0305840716455888,6.366490129927229,0.017985334117704,0.48,3,Normal,47,8,6,5,89,155.0,0.4378749878429461,198.9823107128336,198.9823107128336,,1,198.9823107128336,0.0,0.0,0.0,0.0,0.0,0.0,0.0,0.0,0.0,47.0,8.0,6.0,5.0,89.0,259.9823107128336,990.0,965.169911553564,24.830088446435862,0.1272875867085559,0.0098982310712833,989.8628141822202,0.2801504699959341,0.0,0.0,0.0,24.41275215866011,24.692902628656043,24.692902628656043,24.692902628656043,,0.9342846954071684,0.0,0.0,0.0,44.50913417947978,0.0,0.0,0.0,0.9064996777898122,0.0,0.0,0.0,0.98,0.96,0.96,0.96,43.61895149589019,0.0,0.0,0.0,43.61895149589019,1046.8548359013644,0.1232235345547417,6.089172134004971e-05,0.705
1974-08-24,1974-09-04,379.1131,0.9090149185803196,344.6194637292325,0.718,1974,8,24,1974.08,1973,11,328,47,0.0297751216662056,9.362846983601116,0.0271686540344613,0.48,3,Normal,47,8,6,5,89,155.0,0.4497714618979951,189.6194637292325,189.6194637292325,,1,189.6194637292325,0.0,0.0,0.0,0.0,0.0,0.0,0.0,0.0,0.0,47.0,8.0,6.0,5.0,89.0,250.6194637292325,990.0,965.1230973186462,24.87690268135384,0.1239831475086117,0.0089619463729232,989.8670549061184,0.2543877735197585,0.0,0.0,0.0,24.489569813952563,24.743957587472323,24.743957587472323,24.743957587472323,,0.9315670804259496,0.0,0.0,0.0,42.42451663987822,0.0,0.0,0.0,0.8640431087551572,0.0,0.0,0.0,0.9764043108755156,0.96,0.96,0.96,41.42348093398714,0.0,0.0,0.0,41.42348093398714,994.1635424156914,0.1202006424295685,6.068218027498409e-05,0.72
1974-08-25,1974-09-05,374.7305,0.908907350449394,340.5953058875766,0.721,1974,8,25,1974.08,1973,11,329,47,0.0294274344286866,4.024157841655892,0.0118150713532857,0.48,3,Normal,47,8,6,5,89,155.0,0.4550855438129915,185.5953058875766,185.5953058875766,,1,185.5953058875766,0.0,0.0,0.0,0.0,0.0,0.0,0.0,0.0,0.0,47.0,8.0,6.0,5.0,89.0,246.5953058875766,990.0,965.102976529438,24.89702347056209,0.122562897349443,0.0085595305887576,989.8688775720618,0.2436835136609538,0.0,0.0,0.0,24.522217528962955,24.76590104262391,24.76590104262391,24.76590104262391,,0.9304072469219864,0.0,0.0,0.0,41.52776060460214,0.0,0.0,0.0,0.8457792383829357,0.0,0.0,0.0,0.9745779238382936,0.96,0.96,0.96,40.47203871168684,0.0,0.0,0.0,40.47203871168684,971.328929080484,0.118827353202119,6.057390795367685e-05,0.72
1974-08-26,1974-09-06,379.1131,0.9090149185803196,344.6194637292325,0.718,1974,8,26,1974.08,1973,11,330,48,0.0297751216662056,4.024157841655892,0.0116771055183861,0.48,3,Normal,47,8,6,5,89,155.0,0.4497714618979951,189.6194637292325,189.6194637292325,,1,189.6194637292325,0.0,0.0,0.0,0.0,0.0,0.0,0.0,0.0,0.0,47.0,8.0,6.0,5.0,89.0,250.6194637292325,990.0,965.1230973186462,24.87690268135384,0.1239831475086117,0.0089619463729232,989.8670549061184,0.2543877735197585,0.0,0.0,0.0,24.489569813952563,24.743957587472323,24.743957587472323,24.743957587472323,,0.9315670804259496,0.0,0.0,0.0,42.42451663987822,0.0,0.0,0.0,0.8640431087551572,0.0,0.0,0.0,0.9764043108755156,0.96,0.96,0.96,41.42348093398714,0.0,0.0,0.0,41.42348093398714,994.1635424156914,0.1202006424295685,6.068218027498409e-05,0.72
1974-08-27,1974-09-07,379.1131,0.9090149185803196,344.6194637292325,0.718,1974,8,27,1974.08,1973,11,331,48,0.0297751216662056,0.0,0.0,0.48,3,Normal,47,8,6,5,89,155.0,0.4497714618979951,189.6194637292325,189.6194637292325,,1,189.6194637292325,0.0,0.0,0.0,0.0,0.0,0.0,0.0,0.0,0.0,47.0,8.0,6.0,5.0,89.0,250.6194637292325,990.0,965.1230973186462,24.87690268135384,0.1239831475086117,0.0089619463729232,989.8670549061184,0.2543877735197585,0.0,0.0,0.0,24.489569813952563,24.743957587472323,24.743957587472323,24.743957587472323,,0.9315670804259496,0.0,0.0,0.0,42.42451663987822,0.0,0.0,0.0,0.8640431087551572,0.0,0.0,0.0,0.9764043108755156,0.96,0.96,0.96,41.42348093398714,0.0,0.0,0.0,41.42348093398714,994.1635424156914,0.1202006424295685,6.068218027498409e-05,0.72
1974-08-28,1974-09-08,374.7305,0.908907350449394,340.5953058875766,0.721,1974,8,28,1974.08,1973,11,332,48,0.0294274344286866,4.024157841655892,0.0118150713532857,0.48,3,Normal,47,8,6,5,89,155.0,0.4550855438129915,185.5953058875766,185.5953058875766,,1,185.5953058875766,0.0,0.0,0.0,0.0,0.0,0.0,0.0,0.0,0.0,47.0,8.0,6.0,5.0,89.0,246.5953058875766,990.0,965.102976529438,24.89702347056209,0.122562897349443,0.0085595305887576,989.8688775720618,0.2436835136609538,0.0,0.0,0.0,24.522217528962955,24.76590104262391,24.76590104262391,24.76590104262391,,0.9304072469219864,0.0,0.0,0.0,41.52776060460214,0.0,0.0,0.0,0.8457792383829357,0.0,0.0,0.0,0.9745779238382936,0.96,0.96,0.96,40.47203871168684,0.0,0.0,0.0,40.47203871168684,971.328929080484,0.118827353202119,6.057390795367685e-05,0.72
1974-08-29,1974-09-09,370.3799,0.9134433097017404,338.3210417029997,0.727,1974,8,29,1974.08,1973,11,333,48,0.0292309380031391,2.2742641845769067,0.0067222073245252,0.48,3,Normal,47,8,6,5,89,155.0,0.4581447231888967,183.3210417029997,183.3210417029997,,1,183.3210417029997,0.0,0.0,0.0,0.0,0.0,0.0,0.0,0.0,0.0,47.0,8.0,6.0,5.0,89.0,244.3210417029997,990.0,965.0916052085148,24.90839479148508,0.121760238955505,0.0083321041702999,989.869907656874,0.2377682875937392,0.0,0.0,0.0,24.54053416076549,24.778302448359227,24.778302448359227,24.778302448359227,,0.9296353232967124,0.0,0.0,0.0,41.01546547984656,0.0,0.0,0.0,0.8353455291211112,0.0,0.0,0.0,0.9735345529121112,0.96,0.96,0.96,39.92997284840455,0.0,0.0,0.0,39.92997284840455,958.3193483617092,0.1180239119843384,6.050401536844051e-05,0.725
1974-08-30,1974-09-10,370.3799,0.9134433097017404,338.3210417029997,0.727,1974,8,30,1974.08,1973,11,334,48,0.0292309380031391,0.0,0.0,0.48,3,Normal,47,8,6,5,89,155.0,0.4581447231888967,183.3210417029997,183.3210417029997,,1,183.3210417029997,0.0,0.0,0.0,0.0,0.0,0.0,0.0,0.0,0.0,47.0,8.0,6.0,5.0,89.0,244.3210417029997,990.0,965.0916052085148,24.90839479148508,0.121760238955505,0.0083321041702999,989.869907656874,0.2377682875937392,0.0,0.0,0.0,24.54053416076549,24.778302448359227,24.778302448359227,24.778302448359227,,0.9296353232967124,0.0,0.0,0.0,41.01546547984656,0.0,0.0,0.0,0.8353455291211112,0.0,0.0,0.0,0.9735345529121112,0.96,0.96,0.96,39.92997284840455,0.0,0.0,0.0,39.92997284840455,958.3193483617092,0.1180239119843384,6.050401536844051e-05,0.725
1974-08-31,1974-09-11,366.0613,0.9164389073302937,335.4728177879068,0.731,1974,8,31,1974.08,1973,11,335,48,0.0289848514568751,2.848223915092888,0.0084901779341585,0.48,3,Normal,47,8,6,5,89,155.0,0.4620344534083663,180.4728177879068,180.4728177879068,,1,180.4728177879068,0.0,0.0,0.0,0.0,0.0,0.0,0.0,0.0,0.0,47.0,8.0,6.0,5.0,89.0,241.4728177879068,990.0,965.0773640889396,24.922635911060524,0.1207550123645187,0.0080472817787906,989.8711977058568,0.2304198698927995,0.0,0.0,0.0,24.563413747024452,24.79383361691725,24.79383361691725,24.79383361691725,,0.9286146943301206,0.0,0.0,0.0,40.37148958641882,0.0,0.0,0.0,0.8222299304769617,0.0,0.0,0.0,0.972222993047696,0.96,0.96,0.96,39.250090439502,0.0,0.0,0.0,39.250090439502,942.0021705480478,0.1169993166609306,6.041243791447159e-05,0.73
1974-09-01,1974-09-12,361.7746,0.9166247913690906,331.6115672476363,0.736,1974,9,1,1974.09,1973,12,336,48,0.0286512394101957,3.861250540270533,0.0116438958155735,0.44,3,Normal,40,6,4,3,65,118.0,0.355838009450019,213.6115672476363,213.6115672476363,,1,213.6115672476363,0.0,0.0,0.0,0.0,0.0,0.0,0.0,0.0,0.0,40.0,6.0,4.0,3.0,65.0,263.6115672476363,990.0,965.0580578362382,24.94194216376184,0.1285684639440016,0.0127223134495272,989.8587092226064,0.3228347017429088,0.0,0.0,0.0,24.47781668462535,24.80065138636826,24.80065138636826,24.80065138636826,,0.9383246375007042,0.0,0.0,0.0,48.11597201409103,0.0,0.0,0.0,0.9799586968246644,0.0,0.0,0.0,0.98,0.96,0.96,0.96,47.1536525738092,0.0,0.0,0.0,47.1536525738092,1131.6876617714208,0.1421954395776443,6.131801285308462e-05,0.735
1974-09-02,1974-09-13,357.5196,0.9208048873506705,329.2057950036568,0.742,1974,9,2,1974.09,1973,12,337,49,0.0284433806883159,2.40577224397947,0.0073078064860697,0.44,3,Normal,40,6,4,3,65,118.0,0.3584384047634679,211.2057950036568,211.2057950036568,,1,211.2057950036568,0.0,0.0,0.0,0.0,0.0,0.0,0.0,0.0,0.0,40.0,6.0,4.0,3.0,65.0,261.2057950036568,990.0,965.0460289750184,24.953971024981684,0.1277193922756226,0.0122411590007313,989.8600394487236,0.3156173850109705,0.0,0.0,0.0,24.4983930886944,24.81401047370537,24.81401047370537,24.81401047370537,,0.93772670683479,0.0,0.0,0.0,47.58372242733921,0.0,0.0,0.0,0.9691185830415318,0.0,0.0,0.0,0.98,0.96,0.96,0.96,46.63204797879243,0.0,0.0,0.0,46.63204797879243,1119.1691514910185,0.1416501431217954,6.133045099710167e-05,0.74
1974-09-03,1974-09-14,357.5196,0.9208048873506705,329.2057950036568,0.742,1974,9,3,1974.09,1973,12,338,49,0.0284433806883159,0.0,0.0,0.44,3,Normal,40,6,4,3,65,118.0,0.3584384047634679,211.2057950036568,211.2057950036568,,1,211.2057950036568,0.0,0.0,0.0,0.0,0.0,0.0,0.0,0.0,0.0,40.0,6.0,4.0,3.0,65.0,261.2057950036568,990.0,965.0460289750184,24.953971024981684,0.1277193922756226,0.0122411590007313,989.8600394487236,0.3156173850109705,0.0,0.0,0.0,24.4983930886944,24.81401047370537,24.81401047370537,24.81401047370537,,0.93772670683479,0.0,0.0,0.0,47.58372242733921,0.0,0.0,0.0,0.9691185830415318,0.0,0.0,0.0,0.98,0.96,0.96,0.96,46.63204797879243,0.0,0.0,0.0,46.63204797879243,1119.1691514910185,0.1416501431217954,6.133045099710167e-05,0.74
1974-09-04,1974-09-15,357.5196,0.9208048873506705,329.2057950036568,0.742,1974,9,4,1974.09,1973,12,339,49,0.0284433806883159,0.0,0.0,0.44,3,Normal,40,6,4,3,65,118.0,0.3584384047634679,211.2057950036568,211.2057950036568,,1,211.2057950036568,0.0,0.0,0.0,0.0,0.0,0.0,0.0,0.0,0.0,40.0,6.0,4.0,3.0,65.0,261.2057950036568,990.0,965.0460289750184,24.953971024981684,0.1277193922756226,0.0122411590007313,989.8600394487236,0.3156173850109705,0.0,0.0,0.0,24.4983930886944,24.81401047370537,24.81401047370537,24.81401047370537,,0.93772670683479,0.0,0.0,0.0,47.58372242733921,0.0,0.0,0.0,0.9691185830415318,0.0,0.0,0.0,0.98,0.96,0.96,0.96,46.63204797879243,0.0,0.0,0.0,46.63204797879243,1119.1691514910185,0.1416501431217954,6.133045099710167e-05,0.74
1974-09-05,1974-09-16,353.2963,0.921778111561846,325.6607962357874,0.746,1974,9,5,1974.09,1973,12,340,49,0.028137092794772,3.544998767869401,0.010885555795616,0.44,3,Normal,40,6,4,3,65,118.0,0.3623402060178123,207.66079623578744,207.66079623578744,,1,207.66079623578744,0.0,0.0,0.0,0.0,0.0,0.0,0.0,0.0,0.0,40.0,6.0,4.0,3.0,65.0,257.6607962357874,990.0,965.028303981179,24.971696018821035,0.1264682522203788,0.0115321592471574,989.8619995885324,0.305122740933215,0.0,0.0,0.0,24.52857286642022,24.833695607353437,24.833695607353437,24.833695607353437,,0.9368474245423865,0.0,0.0,0.0,46.79876175016042,0.0,0.0,0.0,0.9531316038729212,0.0,0.0,0.0,0.98,0.96,0.96,0.96,45.86278651515721,0.0,0.0,0.0,45.86278651515721,1100.706876363773,0.1408299280885848,6.1348425662453e-05,0.745
1974-09-06,1974-09-17,353.2963,0.921778111561846,325.6607962357874,0.746,1974,9,6,1974.09,1973,12,341,49,0.028137092794772,0.0,0.0,0.44,3,Normal,40,6,4,3,65,118.0,0.3623402060178123,207.66079623578744,207.66079623578744,,1,207.66079623578744,0.0,0.0,0.0,0.0,0.0,0.0,0.0,0.0,0.0,40.0,6.0,4.0,3.0,65.0,257.6607962357874,990.0,965.028303981179,24.971696018821035,0.1264682522203788,0.0115321592471574,989.8619995885324,0.305122740933215,0.0,0.0,0.0,24.52857286642022,24.833695607353437,24.833695607353437,24.833695607353437,,0.9368474245423865,0.0,0.0,0.0,46.79876175016042,0.0,0.0,0.0,0.9531316038729212,0.0,0.0,0.0,0.98,0.96,0.96,0.96,45.86278651515721,0.0,0.0,0.0,45.86278651515721,1100.706876363773,0.1408299280885848,6.1348425662453e-05,0.745
1974-09-07,1974-09-18,353.2963,0.921778111561846,325.6607962357874,0.746,1974,9,7,1974.09,1973,12,342,49,0.028137092794772,0.0,0.0,0.44,3,Normal,40,6,4,3,65,118.0,0.3623402060178123,207.66079623578744,207.66079623578744,,1,207.66079623578744,0.0,0.0,0.0,0.0,0.0,0.0,0.0,0.0,0.0,40.0,6.0,4.0,3.0,65.0,257.6607962357874,990.0,965.028303981179,24.971696018821035,0.1264682522203788,0.0115321592471574,989.8619995885324,0.305122740933215,0.0,0.0,0.0,24.52857286642022,24.833695607353437,24.833695607353437,24.833695607353437,,0.9368474245423865,0.0,0.0,0.0,46.79876175016042,0.0,0.0,0.0,0.9531316038729212,0.0,0.0,0.0,0.98,0.96,0.96,0.96,45.86278651515721,0.0,0.0,0.0,45.86278651515721,1100.706876363773,0.1408299280885848,6.1348425662453e-05,0.745
1974-09-08,1974-09-19,349.1046,0.9270188758292952,323.62655383883583,0.7509999999999999,1974,9,8,1974.09,1973,12,343,49,0.0279613342516754,2.0342423969515835,0.0062857709691047,0.44,3,Normal,40,6,4,3,65,118.0,0.3646177935657385,205.62655383883583,205.62655383883583,,1,205.62655383883583,0.0,0.0,0.0,0.0,0.0,0.0,0.0,0.0,0.0,40.0,6.0,4.0,3.0,65.0,255.62655383883583,990.0,965.0181327691942,24.981867230805847,0.1257503049624081,0.0111253107677671,989.86312438427,0.2991420682861773,0.0,0.0,0.0,24.545849546789565,24.84499161507574,24.84499161507574,24.84499161507574,,0.9363438453333838,0.0,0.0,0.0,46.34803482984257,0.0,0.0,0.0,0.943951829528362,0.0,0.0,0.0,0.98,0.96,0.96,0.96,45.42107413324572,0.0,0.0,0.0,45.42107413324572,1090.1057791978972,0.1403502697614397,6.135863681740984e-05,0.75
1974-09-09,1974-09-20,344.9443,0.9283094176295976,320.2150422476492,0.757,1974,9,9,1974.09,1973,12,344,50,0.0276665796501968,3.4115115911866383,0.0106538142844277,0.44,3,Normal,40,6,4,3,65,118.0,0.3685023638231857,202.2150422476492,202.2150422476492,,1,202.2150422476492,0.0,0.0,0.0,0.0,0.0,0.0,0.0,0.0,0.0,40.0,6.0,4.0,3.0,65.0,252.2150422476492,990.0,965.0010752112382,24.99892478876177,0.1245462766734992,0.0104430084495298,989.8650107148768,0.2893350208282766,0.0,0.0,0.0,24.57460048281041,24.86393550363869,24.86393550363869,24.86393550363869,,0.9353829189793118,0.0,0.0,0.0,45.58564027371743,0.0,0.0,0.0,0.9284244454932268,0.0,0.0,0.0,0.98,0.96,0.96,0.96,44.67392746824308,0.0,0.0,0.0,44.67392746824308,1072.174259237834,0.139512270112823,6.136746385828502e-05,0.755
1974-09-10,1974-09-21,336.7179,0.9260439379072553,311.8155700798613,0.7659999999999999,1974,9,10,1974.09,1973,12,345,50,0.0269408652549,8.399472167787906,0.0269373083763477,0.44,3,Normal,40,6,4,3,65,118.0,0.3784288256349039,193.8155700798613,193.8155700798613,,1,193.8155700798613,0.0,0.0,0.0,0.0,0.0,0.0,0.0,0.0,0.0,40.0,6.0,4.0,3.0,65.0,243.8155700798613,990.0,964.9590778503992,25.04092214960076,0.1215818423365189,0.0093815570079861,989.8690366006556,0.2657783506172227,0.0,0.0,0.0,24.64418039963913,24.90995875025635,24.90995875025635,24.90995875025635,,0.9329664505336892,0.0,0.0,0.0,43.70264963553692,0.0,0.0,0.0,0.8900743306626663,0.0,0.0,0.0,0.9790074330662666,0.96,0.96,0.96,42.78521883788141,0.0,0.0,0.0,42.78521883788141,1026.8452521091538,0.1372132213504392,6.132006322105863e-05,0.765
1974-09-11,1974-09-22,336.7179,0.9260439379072553,311.8155700798613,0.7659999999999999,1974,9,11,1974.09,1973,12,346,50,0.0269408652549,0.0,0.0,0.36,2,Mod_Wet,46,7,6,4,75,138.0,0.4425693045560741,173.8155700798613,173.8155700798613,,1,173.8155700798613,0.0,0.0,0.0,0.0,0.0,0.0,0.0,0.0,0.0,46.0,7.0,6.0,4.0,75.0,232.8155700798613,990.0,964.9590778503992,25.04092214960076,0.1176995788835048,0.0073815570079861,989.8749188641084,0.2138099909948615,0.0,0.0,0.0,24.702031022714408,24.91584101370927,24.91584101370927,24.91584101370927,,0.9263066076849772,0.0,0.0,0.0,39.004507764637104,0.0,0.0,0.0,0.7943891601759084,0.0,0.0,0.0,0.97,0.96,0.96,0.96,37.83437253169799,0.0,0.0,0.0,37.83437253169799,908.0249407607516,0.1213357386932537,6.046378883458453e-05,0.765
1974-09-12,1974-09-23,336.7179,0.9260439379072553,311.8155700798613,0.7659999999999999,1974,9,12,1974.09,1973,12,347,50,0.0269408652549,0.0,0.0,0.36,2,Mod_Wet,46,7,6,4,75,138.0,0.4425693045560741,173.8155700798613,173.8155700798613,,1,173.8155700798613,0.0,0.0,0.0,0.0,0.0,0.0,0.0,0.0,0.0,46.0,7.0,6.0,4.0,75.0,232.8155700798613,990.0,964.9590778503992,25.04092214960076,0.1176995788835048,0.0073815570079861,989.8749188641084,0.2138099909948615,0.0,0.0,0.0,24.702031022714408,24.91584101370927,24.91584101370927,24.91584101370927,,0.9263066076849772,0.0,0.0,0.0,39.004507764637104,0.0,0.0,0.0,0.7943891601759084,0.0,0.0,0.0,0.97,0.96,0.96,0.96,37.83437253169799,0.0,0.0,0.0,37.83437253169799,908.0249407607516,0.1213357386932537,6.046378883458453e-05,0.765
1974-09-13,1974-09-24,336.7179,0.9260439379072553,311.8155700798613,0.7659999999999999,1974,9,13,1974.09,1973,12,348,50,0.0269408652549,0.0,0.0,0.36,2,Mod_Wet,46,7,6,4,75,138.0,0.4425693045560741,173.8155700798613,173.8155700798613,,1,173.8155700798613,0.0,0.0,0.0,0.0,0.0,0.0,0.0,0.0,0.0,46.0,7.0,6.0,4.0,75.0,232.8155700798613,990.0,964.9590778503992,25.04092214960076,0.1176995788835048,0.0073815570079861,989.8749188641084,0.2138099909948615,0.0,0.0,0.0,24.702031022714408,24.91584101370927,24.91584101370927,24.91584101370927,,0.9263066076849772,0.0,0.0,0.0,39.004507764637104,0.0,0.0,0.0,0.7943891601759084,0.0,0.0,0.0,0.97,0.96,0.96,0.96,37.83437253169799,0.0,0.0,0.0,37.83437253169799,908.0249407607516,0.1213357386932537,6.046378883458453e-05,0.765
1974-09-14,1974-09-25,332.6514,0.9289857410847936,309.0284073518941,0.77,1974,9,14,1974.09,1973,12,349,50,0.0267000543952036,2.7871627279672,0.0090191149475569,0.36,2,Mod_Wet,46,7,6,4,75,138.0,0.4465608879861257,171.0284073518941,171.0284073518941,,1,171.0284073518941,0.0,0.0,0.0,0.0,0.0,0.0,0.0,0.0,0.0,46.0,7.0,6.0,4.0,75.0,230.0284073518941,990.0,964.9451420367594,25.05485796324058,0.1167158710811451,0.0071028407351894,989.8761812881836,0.2070093139386215,0.0,0.0,0.0,24.72402993748556,24.93103925142418,24.93103925142418,24.93103925142418,,0.925298224952192,0.0,0.0,0.0,38.37142614285883,0.0,0.0,0.0,0.7814954407914222,0.0,0.0,0.0,0.97,0.96,0.96,0.96,37.22028335857306,0.0,0.0,0.0,37.22028335857306,893.2868006057536,0.1204429187514464,6.045175628824639e-05,0.77
1974-09-15,1974-09-26,328.6161,0.9312389803097992,306.020121877383,0.775,1974,9,15,1974.09,1973,12,350,50,0.0264401385302058,3.008285474511069,0.0098303518607068,0.36,2,Mod_Wet,46,7,6,4,75,138.0,0.450950738642259,168.02012187738302,168.02012187738302,,1,168.02012187738302,0.0,0.0,0.0,0.0,0.0,0.0,0.0,0.0,0.0,46.0,7.0,6.0,4.0,75.0,227.02012187738305,990.0,964.9301006093868,25.06989939061316,0.1156541196938625,0.0068020121877383,989.8775438681184,0.1997878900681715,0.0,0.0,0.0,24.74765536866331,24.94744325873148,24.94744325873148,24.94744325873148,,0.9242078061303552,0.0,0.0,0.0,37.68805167896226,0.0,0.0,0.0,0.7675774272701071,0.0,0.0,0.0,0.97,0.96,0.96,0.96,36.55741012859339,0.0,0.0,0.0,36.55741012859339,877.3778430862413,0.1194608050749071,6.043821438388343e-05,0.775
1974-09-16,1974-09-27,320.6383,0.9330769620260724,299.18021087320443,0.7859999999999999,1974,9,16,1974.09,1973,12,351,51,0.0258491702194448,6.839911004178588,0.022862177228284,0.36,2,Mod_Wet,46,7,6,4,75,138.0,0.4612604543503239,161.18021087320443,161.18021087320443,,1,161.18021087320443,0.0,0.0,0.0,0.0,0.0,0.0,0.0,0.0,0.0,46.0,7.0,6.0,4.0,75.0,220.18021087320443,990.0,964.8967208434927,25.103279156507256,0.1132400253337663,0.0061180210873204,989.8806419535788,0.1838144850083702,0.0,0.0,0.0,24.800106625077788,24.98392111008616,24.98392111008616,24.98392111008616,,0.9216066530666592,0.0,0.0,0.0,36.12846986055364,0.0,0.0,0.0,0.7358140501131089,0.0,0.0,0.0,0.97,0.96,0.96,0.96,35.04461576473703,0.0,0.0,0.0,35.04461576473703,841.0707783536888,0.1171354738418487,6.039584783682072e-05,0.785
1974-09-17,1974-09-28,312.7836,0.9288272938647332,290.5219447532691,0.797,1974,9,17,1974.09,1973,12,352,51,0.0251010960266824,8.658266119935321,0.0298024513338863,0.36,2,Mod_Wet,46,7,6,4,75,138.0,0.4750071465933457,152.5219447532691,152.5219447532691,,1,152.5219447532691,0.0,0.0,0.0,0.0,0.0,0.0,0.0,0.0,0.0,46.0,7.0,6.0,4.0,75.0,211.5219447532691,990.0,964.8620877790132,25.13791222098689,0.1101841564203289,0.0052521944753269,989.8845636491044,0.1646474006670613,0.0,0.0,0.0,24.85782846942411,25.02247587009117,25.02247587009117,25.02247587009117,,0.918196952522553,0.0,0.0,0.0,34.14051496060243,0.0,0.0,0.0,0.6953261702770352,0.0,0.0,0.0,0.97,0.96,0.96,0.96,33.116299511784355,0.0,0.0,0.0,33.116299511784355,794.7911882828246,0.1139889778030673,6.031244947399347e-05,0.795
1974-09-18,1974-09-29,312.7836,0.9288272938647332,290.5219447532691,0.797,1974,9,18,1974.09,1973,12,353,51,0.0251010960266824,0.0,0.0,0.36,2,Mod_Wet,46,7,6,4,75,138.0,0.4750071465933457,152.5219447532691,152.5219447532691,,1,152.5219447532691,0.0,0.0,0.0,0.0,0.0,0.0,0.0,0.0,0.0,46.0,7.0,6.0,4.0,75.0,211.5219447532691,990.0,964.8620877790132,25.13791222098689,0.1101841564203289,0.0052521944753269,989.8845636491044,0.1646474006670613,0.0,0.0,0.0,24.85782846942411,25.02247587009117,25.02247587009117,25.02247587009117,,0.918196952522553,0.0,0.0,0.0,34.14051496060243,0.0,0.0,0.0,0.6953261702770352,0.0,0.0,0.0,0.97,0.96,0.96,0.96,33.116299511784355,0.0,0.0,0.0,33.116299511784355,794.7911882828246,0.1139889778030673,6.031244947399347e-05,0.795
1974-09-19,1974-09-30,312.7836,0.9288272938647332,290.5219447532691,0.797,1974,9,19,1974.09,1973,12,354,51,0.0251010960266824,0.0,0.0,0.36,2,Mod_Wet,46,7,6,4,75,138.0,0.4750071465933457,152.5219447532691,152.5219447532691,,1,152.5219447532691,0.0,0.0,0.0,0.0,0.0,0.0,0.0,0.0,0.0,46.0,7.0,6.0,4.0,75.0,211.5219447532691,990.0,964.8620877790132,25.13791222098689,0.1101841564203289,0.0052521944753269,989.8845636491044,0.1646474006670613,0.0,0.0,0.0,24.85782846942411,25.02247587009117,25.02247587009117,25.02247587009117,,0.918196952522553,0.0,0.0,0.0,34.14051496060243,0.0,0.0,0.0,0.6953261702770352,0.0,0.0,0.0,0.97,0.96,0.96,0.96,33.116299511784355,0.0,0.0,0.0,33.116299511784355,794.7911882828246,0.1139889778030673,6.031244947399347e-05,0.795
1974-09-20,1974-10-01,308.9022,0.9297022486736368,287.1870699602335,0.8029999999999999,1974,9,20,1974.09,1973,12,355,51,0.0248129628445641,3.3348747930356235,0.0116122038276214,0.36,2,Mod_Wet,46,7,6,4,75,138.0,0.4805230263991645,149.1870699602335,149.1870699602335,,1,149.1870699602335,0.0,0.0,0.0,0.0,0.0,0.0,0.0,0.0,0.0,46.0,7.0,6.0,4.0,75.0,208.1870699602335,990.0,964.848748279841,25.151251720159053,0.1090071378268741,0.0049187069960233,989.8860741551772,0.1575091055172856,0.0,0.0,0.0,24.87981676981885,25.037325875336137,25.037325875336137,25.037325875336137,,0.9168859337032926,0.0,0.0,0.0,33.37585282598038,0.0,0.0,0.0,0.6797526033804558,0.0,0.0,0.0,0.97,0.96,0.96,0.96,32.37457724120097,0.0,0.0,0.0,32.37457724120097,776.9898537888232,0.1127299263357638,6.027960817886519e-05,0.805
1974-09-21,1974-10-02,305.0513,0.9297058187130764,283.6079686159883,0.8130000000000001,1974,9,21,1974.09,1973,12,356,51,0.0245037284884213,3.5791013442452027,0.0126198899195649,0.36,2,Mod_Wet,46,7,6,4,75,138.0,0.4865871740961382,145.60796861598828,145.60796861598828,,1,145.60796861598828,0.0,0.0,0.0,0.0,0.0,0.0,0.0,0.0,0.0,46.0,7.0,6.0,4.0,75.0,204.60796861598828,990.0,964.834431874464,25.165568125536083,0.1077439213370577,0.0045607968615988,989.8876952818014,0.1500645747212556,0.0,0.0,0.0,24.9031988326162,25.05326340733745,25.05326340733745,25.05326340733745,,0.9154802253507264,0.0,0.0,0.0,32.55576811577779,0.0,0.0,0.0,0.6630502671237839,0.0,0.0,0.0,0.97,0.96,0.96,0.96,31.57909507230445,0.0,0.0,0.0,31.57909507230445,757.8982817353069,0.1113477002300428,6.024375545374314e-05,0.815
1974-09-22,1974-10-03,301.2308,0.93390939438871,281.3222739992266,0.8160000000000001,1974,9,22,1974.09,1973,12,357,51,0.0243062444735331,2.2856946167617025,0.008124826322028,0.36,2,Mod_Wet,46,7,6,4,75,138.0,0.4905406103761958,143.32227399922658,143.32227399922658,,1,143.32227399922658,0.0,0.0,0.0,0.0,0.0,0.0,0.0,0.0,0.0,46.0,7.0,6.0,4.0,75.0,202.32227399922655,990.0,964.8252890959968,25.174710904003064,0.1069372028753912,0.0043322273999226,989.8887305697248,0.1454109934784377,0.0,0.0,0.0,24.91803048024928,25.06344147372772,25.06344147372772,25.06344147372772,,0.9144817570692272,0.0,0.0,0.0,32.02883547701049,0.0,0.0,0.0,0.6523184414869753,0.0,0.0,0.0,0.97,0.96,0.96,0.96,31.067970412700173,0.0,0.0,0.0,31.067970412700173,745.6312899048041,0.1104355157202574,6.021389097797998e-05,0.815
1974-09-23,1974-10-04,301.2308,0.93390939438871,281.3222739992266,0.8160000000000001,1974,9,23,1974.09,1973,12,358,52,0.0243062444735331,0.0,0.0,0.36,2,Mod_Wet,46,7,6,4,75,138.0,0.4905406103761958,143.32227399922658,143.32227399922658,,1,143.32227399922658,0.0,0.0,0.0,0.0,0.0,0.0,0.0,0.0,0.0,46.0,7.0,6.0,4.0,75.0,202.32227399922655,990.0,964.8252890959968,25.174710904003064,0.1069372028753912,0.0043322273999226,989.8887305697248,0.1454109934784377,0.0,0.0,0.0,24.91803048024928,25.06344147372772,25.06344147372772,25.06344147372772,,0.9144817570692272,0.0,0.0,0.0,32.02883547701049,0.0,0.0,0.0,0.6523184414869753,0.0,0.0,0.0,0.97,0.96,0.96,0.96,31.067970412700173,0.0,0.0,0.0,31.067970412700173,745.6312899048041,0.1104355157202574,6.021389097797998e-05,0.815
1974-09-24,1974-10-05,289.9506,0.935581823043148,271.2725109404546,0.835,1974,9,24,1974.09,1973,12,359,52,0.0234379449452552,10.049763058771989,0.037046743232225,0.36,2,Mod_Wet,46,7,6,4,75,138.0,0.5087135424137816,133.2725109404546,133.2725109404546,,1,133.2725109404546,0.0,0.0,0.0,0.0,0.0,0.0,0.0,0.0,0.0,46.0,7.0,6.0,4.0,75.0,192.2725109404546,990.0,964.7850900437618,25.214909956238216,0.10339029335844,0.0033272510940454,989.8932824555476,0.1257523205680546,0.0,0.0,0.0,24.982440091217757,25.108192411785808,25.108192411785808,25.108192411785808,,0.9099457689341994,0.0,0.0,0.0,29.711846605925675,0.0,0.0,0.0,0.6051292587764903,0.0,0.0,0.0,0.97,0.96,0.96,0.96,28.820491207747903,0.0,0.0,0.0,28.820491207747903,691.6917889859496,0.1062418418579614,6.007009206669103e-05,0.835
1974-09-25,1974-10-06,289.9506,0.935581823043148,271.2725109404546,0.835,1974,9,25,1974.09,1973,12,360,52,0.0234379449452552,0.0,0.0,0.36,2,Mod_Wet,46,7,6,4,75,138.0,0.5087135424137816,133.2725109404546,133.2725109404546,,1,133.2725109404546,0.0,0.0,0.0,0.0,0.0,0.0,0.0,0.0,0.0,46.0,7.0,6.0,4.0,75.0,192.2725109404546,990.0,964.7850900437618,25.214909956238216,0.10339029335844,0.0033272510940454,989.8932824555476,0.1257523205680546,0.0,0.0,0.0,24.982440091217757,25.108192411785808,25.108192411785808,25.108192411785808,,0.9099457689341994,0.0,0.0,0.0,29.711846605925675,0.0,0.0,0.0,0.6051292587764903,0.0,0.0,0.0,0.97,0.96,0.96,0.96,28.820491207747903,0.0,0.0,0.0,28.820491207747903,691.6917889859496,0.1062418418579614,6.007009206669103e-05,0.835
1974-09-26,1974-10-07,289.9506,0.935581823043148,271.2725109404546,0.835,1974,9,26,1974.09,1973,12,361,52,0.0234379449452552,0.0,0.0,0.36,2,Mod_Wet,46,7,6,4,75,138.0,0.5087135424137816,133.2725109404546,133.2725109404546,,1,133.2725109404546,0.0,0.0,0.0,0.0,0.0,0.0,0.0,0.0,0.0,46.0,7.0,6.0,4.0,75.0,192.2725109404546,990.0,964.7850900437618,25.214909956238216,0.10339029335844,0.0033272510940454,989.8932824555476,0.1257523205680546,0.0,0.0,0.0,24.982440091217757,25.108192411785808,25.108192411785808,25.108192411785808,,0.9099457689341994,0.0,0.0,0.0,29.711846605925675,0.0,0.0,0.0,0.6051292587764903,0.0,0.0,0.0,0.97,0.96,0.96,0.96,28.820491207747903,0.0,0.0,0.0,28.820491207747903,691.6917889859496,0.1062418418579614,6.007009206669103e-05,0.835
1974-09-27,1974-10-08,278.9403,0.9468161724841248,264.1051871975735,0.852,1974,9,27,1974.09,1973,12,362,52,0.0228186881738703,7.167323742881081,0.0271381407496525,0.36,2,Mod_Wet,46,7,6,4,75,138.0,0.5225190821290612,126.10518719757351,126.10518719757351,,1,126.10518719757351,0.0,0.0,0.0,0.0,0.0,0.0,0.0,0.0,0.0,46.0,7.0,6.0,4.0,75.0,185.1051871975735,990.0,964.7564207487904,25.243579251209667,0.1008607131616739,0.0026105187197573,989.8965287681186,0.1125893369556323,0.0,0.0,0.0,25.027518682372666,25.14010801932829,25.14010801932829,25.14010801932829,,0.9067140181599574,0.0,0.0,0.0,28.064659345645875,0.0,0.0,0.0,0.5715816567341319,0.0,0.0,0.0,0.97,0.96,0.96,0.96,27.2227195652765,0.0,0.0,0.0,27.2227195652765,653.345269566636,0.1030752930456892,5.9964754138643735e-05,0.85
1974-09-28,1974-10-09,275.3297,0.9493451834369376,261.382924552137,0.855,1974,9,28,1974.09,1973,12,363,52,0.0225834846813046,2.7222626454365013,0.0104148450022162,0.36,2,Mod_Wet,46,7,6,4,75,138.0,0.5279610373801357,123.382924552137,123.382924552137,,1,123.382924552137,0.0,0.0,0.0,0.0,0.0,0.0,0.0,0.0,0.0,46.0,7.0,6.0,4.0,75.0,182.382924552137,990.0,964.7455316982084,25.254468301791466,0.0998999386905706,0.0023382924552137,989.8977617688544,0.1077862887207184,0.0,0.0,0.0,25.044443781925,25.152230070645714,25.152230070645714,25.152230070645714,,0.90485120902683,0.0,0.0,0.0,27.420938922668896,0.0,0.0,0.0,0.5584712611541527,0.0,0.0,0.0,0.97,0.96,0.96,0.96,26.598310754988827,0.0,0.0,0.0,26.598310754988827,638.3594581197318,0.1017599401359646,5.988202728199632e-05,0.855
1974-09-29,1974-10-10,275.3297,0.9493451834369376,261.382924552137,0.855,1974,9,29,1974.09,1973,12,364,52,0.0225834846813046,0.0,0.0,0.36,2,Mod_Wet,46,7,6,4,75,138.0,0.5279610373801357,123.382924552137,123.382924552137,,1,123.382924552137,0.0,0.0,0.0,0.0,0.0,0.0,0.0,0.0,0.0,46.0,7.0,6.0,4.0,75.0,182.382924552137,990.0,964.7455316982084,25.254468301791466,0.0998999386905706,0.0023382924552137,989.8977617688544,0.1077862887207184,0.0,0.0,0.0,25.044443781925,25.152230070645714,25.152230070645714,25.152230070645714,,0.90485120902683,0.0,0.0,0.0,27.420938922668896,0.0,0.0,0.0,0.5584712611541527,0.0,0.0,0.0,0.97,0.96,0.96,0.96,26.598310754988827,0.0,0.0,0.0,26.598310754988827,638.3594581197318,0.1017599401359646,5.988202728199632e-05,0.855
1974-09-30,1974-10-11,275.3297,0.9493451834369376,261.382924552137,0.855,1974,9,30,1974.09,1973,12,365,53,0.0225834846813046,0.0,0.0,0.36,2,Mod_Wet,46,7,6,4,75,138.0,0.5279610373801357,123.382924552137,123.382924552137,,1,123.382924552137,0.0,0.0,0.0,0.0,0.0,0.0,0.0,0.0,0.0,46.0,7.0,6.0,4.0,75.0,182.382924552137,990.0,964.7455316982084,25.254468301791466,0.0998999386905706,0.0023382924552137,989.8977617688544,0.1077862887207184,0.0,0.0,0.0,25.044443781925,25.152230070645714,25.152230070645714,25.152230070645714,,0.90485120902683,0.0,0.0,0.0,27.420938922668896,0.0,0.0,0.0,0.5584712611541527,0.0,0.0,0.0,0.97,0.96,0.96,0.96,26.598310754988827,0.0,0.0,0.0,26.598310754988827,638.3594581197318,0.1017599401359646,5.988202728199632e-05,0.855
