Date,LaggedDate,VicFalls,Conversion,Flow,Exceedance,Year,Month,Day,MonthId,WaterYear,WaterMonth,WaterDay,WaterWeek,Volume,Flow_difference,Flow_difference_pct,EWRRefExceedance,EWRBandNo,EWRBandLabel,EWRChannelA,EWRChannelC,EWRChannelD,EWRChannelE,EWRChannelFG,EWRTotal,EWRProportion,FlowAvailableForGeneration,FlowCanal,LowFlowShutoff,Turbines,FlowTurbine1,FlowTurbine2,FlowTurbine3,FlowTurbine4,FlowSpill,SpillChannelA,SpillChannelC,SpillChannelD,SpillChannelE,SpillChannelFG,FlowChannelA,FlowChannelC,FlowChannelD,FlowChannelE,FlowChannelFG,FlowLeftChannel,LevelHeadpond,LevelTailwater,HeadGross,HeadlossLeftChannel,HeadlossCanal,LevelForebay,HeadlossTurbine1,HeadlossTurbine2,HeadlossTurbine3,HeadlossTurbine4,HeadTurbine1,HeadTurbine2,HeadTurbine3,HeadTurbine4,LowHeadShutoff,EffTurbine1,EffTurbine2,EffTurbine3,EffTurbine4,PowerTurbine1,PowerTurbine2,PowerTurbine3,PowerTurbine4,LoadFactorTurbine1,LoadFactorTurbine2,LoadFactorTurbine3,LoadFactorTurbine4,EffGen1,EffGen2,EffGen3,EffGen4,PowerGenerator1,PowerGenerator2,PowerGenerator3,PowerGenerator4,Power,Energy,PerfMwPerCumec,PerfMWhPerm3,ExceedanceRnd
1952-10-01,1952-10-12,264.675,0.9437959007304476,249.7991800258312,0.875,1952,10,1,1952.1,1952,1,1,1,0.0215826491542318,8.998471982913687,0.0360228243422703,0.42,3,Normal,37,5,3,2,50,97.0,0.3883119231615149,152.7991800258312,152.7991800258312,,1,152.7991800258312,0.0,0.0,0.0,0.0,0.0,0.0,0.0,0.0,0.0,37.0,5.0,3.0,2.0,50.0,197.7991800258312,990.0,964.698795080155,25.301204919844963,0.1053408335006142,0.0052799180025831,989.8893792484968,0.1652462288557953,0.0,0.0,0.0,25.025337939486047,25.190584168341843,25.190584168341843,25.190584168341843,,0.9184635360312672,0.0,0.0,0.0,34.443049280932094,0.0,0.0,0.0,0.7014877653957656,0.0,0.0,0.0,0.97,0.96,0.96,0.96,33.40975780250413,0.0,0.0,0.0,33.40975780250413,801.8341872600992,0.1337464670582557,6.073650576465446e-05,0.875
1952-10-02,1952-10-13,264.675,0.9437959007304476,249.7991800258312,0.875,1952,10,2,1952.1,1952,1,2,1,0.0215826491542318,0.0,0.0,0.42,3,Normal,37,5,3,2,50,97.0,0.3883119231615149,152.7991800258312,152.7991800258312,,1,152.7991800258312,0.0,0.0,0.0,0.0,0.0,0.0,0.0,0.0,0.0,37.0,5.0,3.0,2.0,50.0,197.7991800258312,990.0,964.698795080155,25.301204919844963,0.1053408335006142,0.0052799180025831,989.8893792484968,0.1652462288557953,0.0,0.0,0.0,25.025337939486047,25.190584168341843,25.190584168341843,25.190584168341843,,0.9184635360312672,0.0,0.0,0.0,34.443049280932094,0.0,0.0,0.0,0.7014877653957656,0.0,0.0,0.0,0.97,0.96,0.96,0.96,33.40975780250413,0.0,0.0,0.0,33.40975780250413,801.8341872600992,0.1337464670582557,6.073650576465446e-05,0.875
1952-10-03,1952-10-14,261.1822,0.9426194585361816,246.1954239432886,0.879,1952,10,3,1952.1,1952,1,3,1,0.0212712846287001,3.603756082542589,0.0146377866201636,0.42,3,Normal,37,5,3,2,50,97.0,0.3939959502348186,149.1954239432886,149.1954239432886,,1,149.1954239432886,0.0,0.0,0.0,0.0,0.0,0.0,0.0,0.0,0.0,37.0,5.0,3.0,2.0,50.0,194.1954239432886,990.0,964.6771725436598,25.32282745634018,0.1040689515056884,0.0049195423943288,989.8910115061,0.1575264818020403,0.0,0.0,0.0,25.05631248063811,25.21383896244015,25.21383896244015,25.21383896244015,,0.917048696375822,0.0,0.0,0.0,33.62046816770811,0.0,0.0,0.0,0.6847345859003688,0.0,0.0,0.0,0.97,0.96,0.96,0.96,32.61185412267687,0.0,0.0,0.0,32.61185412267687,782.6844989442448,0.1324632830307562,6.0718004131639065e-05,0.88
1952-10-04,1952-10-15,254.284,0.9424159355737844,239.64129376144416,0.89,1952,10,4,1952.1,1952,1,4,1,0.0207050077809887,6.5541301818444415,0.0273497529535493,0.42,3,Normal,37,5,3,2,50,97.0,0.4047716421384398,142.64129376144416,142.64129376144416,,1,142.64129376144416,0.0,0.0,0.0,0.0,0.0,0.0,0.0,0.0,0.0,37.0,5.0,3.0,2.0,50.0,187.64129376144416,990.0,964.6378477625686,25.36215223743136,0.101755787135028,0.0042641293761444,989.8939800834888,0.1440354133981172,0.0,0.0,0.0,25.11209690752207,25.256132320920187,25.256132320920187,25.256132320920187,,0.9143425430386458,0.0,0.0,0.0,32.12002500574846,0.0,0.0,0.0,0.6541756620315369,0.0,0.0,0.0,0.97,0.96,0.96,0.96,31.15642425557601,0.0,0.0,0.0,31.15642425557601,747.7541821338241,0.1300127526710455,6.067361046016311e-05,0.89
1952-10-05,1952-10-16,254.284,0.9424159355737844,239.64129376144416,0.89,1952,10,5,1952.1,1952,1,5,1,0.0207050077809887,0.0,0.0,0.42,3,Normal,37,5,3,2,50,97.0,0.4047716421384398,142.64129376144416,142.64129376144416,,1,142.64129376144416,0.0,0.0,0.0,0.0,0.0,0.0,0.0,0.0,0.0,37.0,5.0,3.0,2.0,50.0,187.64129376144416,990.0,964.6378477625686,25.36215223743136,0.101755787135028,0.0042641293761444,989.8939800834888,0.1440354133981172,0.0,0.0,0.0,25.11209690752207,25.256132320920187,25.256132320920187,25.256132320920187,,0.9143425430386458,0.0,0.0,0.0,32.12002500574846,0.0,0.0,0.0,0.6541756620315369,0.0,0.0,0.0,0.97,0.96,0.96,0.96,31.15642425557601,0.0,0.0,0.0,31.15642425557601,747.7541821338241,0.1300127526710455,6.067361046016311e-05,0.89
1952-10-06,1952-10-17,254.284,0.9424159355737844,239.64129376144416,0.89,1952,10,6,1952.1,1952,1,6,1,0.0207050077809887,0.0,0.0,0.42,3,Normal,37,5,3,2,50,97.0,0.4047716421384398,142.64129376144416,142.64129376144416,,1,142.64129376144416,0.0,0.0,0.0,0.0,0.0,0.0,0.0,0.0,0.0,37.0,5.0,3.0,2.0,50.0,187.64129376144416,990.0,964.6378477625686,25.36215223743136,0.101755787135028,0.0042641293761444,989.8939800834888,0.1440354133981172,0.0,0.0,0.0,25.11209690752207,25.256132320920187,25.256132320920187,25.256132320920187,,0.9143425430386458,0.0,0.0,0.0,32.12002500574846,0.0,0.0,0.0,0.6541756620315369,0.0,0.0,0.0,0.97,0.96,0.96,0.96,31.15642425557601,0.0,0.0,0.0,31.15642425557601,747.7541821338241,0.1300127526710455,6.067361046016311e-05,0.89
1952-10-07,1952-10-18,254.284,0.9424159355737844,239.64129376144416,0.89,1952,10,7,1952.1,1952,1,7,1,0.0207050077809887,0.0,0.0,0.42,3,Normal,37,5,3,2,50,97.0,0.4047716421384398,142.64129376144416,142.64129376144416,,1,142.64129376144416,0.0,0.0,0.0,0.0,0.0,0.0,0.0,0.0,0.0,37.0,5.0,3.0,2.0,50.0,187.64129376144416,990.0,964.6378477625686,25.36215223743136,0.101755787135028,0.0042641293761444,989.8939800834888,0.1440354133981172,0.0,0.0,0.0,25.11209690752207,25.256132320920187,25.256132320920187,25.256132320920187,,0.9143425430386458,0.0,0.0,0.0,32.12002500574846,0.0,0.0,0.0,0.6541756620315369,0.0,0.0,0.0,0.97,0.96,0.96,0.96,31.15642425557601,0.0,0.0,0.0,31.15642425557601,747.7541821338241,0.1300127526710455,6.067361046016311e-05,0.89
1952-10-08,1952-10-19,254.284,0.9424159355737844,239.64129376144416,0.89,1952,10,8,1952.1,1952,1,8,2,0.0207050077809887,0.0,0.0,0.42,3,Normal,37,5,3,2,50,97.0,0.4047716421384398,142.64129376144416,142.64129376144416,,1,142.64129376144416,0.0,0.0,0.0,0.0,0.0,0.0,0.0,0.0,0.0,37.0,5.0,3.0,2.0,50.0,187.64129376144416,990.0,964.6378477625686,25.36215223743136,0.101755787135028,0.0042641293761444,989.8939800834888,0.1440354133981172,0.0,0.0,0.0,25.11209690752207,25.256132320920187,25.256132320920187,25.256132320920187,,0.9143425430386458,0.0,0.0,0.0,32.12002500574846,0.0,0.0,0.0,0.6541756620315369,0.0,0.0,0.0,0.97,0.96,0.96,0.96,31.15642425557601,0.0,0.0,0.0,31.15642425557601,747.7541821338241,0.1300127526710455,6.067361046016311e-05,0.89
1952-10-09,1952-10-20,247.5017,0.9485505757172864,234.76788002600708,0.898,1952,10,9,1952.1,1952,1,9,2,0.020283944834247,4.873413735437083,0.0207584348203732,0.42,3,Normal,37,5,3,2,50,97.0,0.413174067888906,137.76788002600708,137.76788002600708,,1,137.76788002600708,0.0,0.0,0.0,0.0,0.0,0.0,0.0,0.0,0.0,37.0,5.0,3.0,2.0,50.0,182.76788002600708,990.0,964.608607280156,25.391392719843907,0.1000358019190603,0.0037767880026007,989.8961874100784,0.1343696872504537,0.0,0.0,0.0,25.15321044267182,25.28758012992228,25.28758012992228,25.28758012992228,,0.9121532189607756,0.0,0.0,0.0,30.999015011888837,0.0,0.0,0.0,0.631344501260465,0.0,0.0,0.0,0.97,0.96,0.96,0.96,30.069044561532166,0.0,0.0,0.0,30.069044561532166,721.657069476772,0.1280798913301137,6.06274290975998e-05,0.9
1952-10-10,1952-10-21,247.5017,0.9485505757172864,234.76788002600708,0.898,1952,10,10,1952.1,1952,1,10,2,0.020283944834247,0.0,0.0,0.42,3,Normal,37,5,3,2,50,97.0,0.413174067888906,137.76788002600708,137.76788002600708,,1,137.76788002600708,0.0,0.0,0.0,0.0,0.0,0.0,0.0,0.0,0.0,37.0,5.0,3.0,2.0,50.0,182.76788002600708,990.0,964.608607280156,25.391392719843907,0.1000358019190603,0.0037767880026007,989.8961874100784,0.1343696872504537,0.0,0.0,0.0,25.15321044267182,25.28758012992228,25.28758012992228,25.28758012992228,,0.9121532189607756,0.0,0.0,0.0,30.999015011888837,0.0,0.0,0.0,0.631344501260465,0.0,0.0,0.0,0.97,0.96,0.96,0.96,30.069044561532166,0.0,0.0,0.0,30.069044561532166,721.657069476772,0.1280798913301137,6.06274290975998e-05,0.9
1952-10-11,1952-10-22,247.5017,0.9485505757172864,234.76788002600708,0.898,1952,10,11,1952.1,1952,1,11,2,0.020283944834247,0.0,0.0,0.44,3,Normal,37,5,3,2,50,97.0,0.413174067888906,137.76788002600708,137.76788002600708,,1,137.76788002600708,0.0,0.0,0.0,0.0,0.0,0.0,0.0,0.0,0.0,37.0,5.0,3.0,2.0,50.0,182.76788002600708,990.0,964.608607280156,25.391392719843907,0.1000358019190603,0.0037767880026007,989.8961874100784,0.1343696872504537,0.0,0.0,0.0,25.15321044267182,25.28758012992228,25.28758012992228,25.28758012992228,,0.9121532189607756,0.0,0.0,0.0,30.999015011888837,0.0,0.0,0.0,0.631344501260465,0.0,0.0,0.0,0.97,0.96,0.96,0.96,30.069044561532166,0.0,0.0,0.0,30.069044561532166,721.657069476772,0.1280798913301137,6.06274290975998e-05,0.9
1952-10-12,1952-10-23,247.5017,0.9485505757172864,234.76788002600708,0.898,1952,10,12,1952.1,1952,1,12,2,0.020283944834247,0.0,0.0,0.44,3,Normal,37,5,3,2,50,97.0,0.413174067888906,137.76788002600708,137.76788002600708,,1,137.76788002600708,0.0,0.0,0.0,0.0,0.0,0.0,0.0,0.0,0.0,37.0,5.0,3.0,2.0,50.0,182.76788002600708,990.0,964.608607280156,25.391392719843907,0.1000358019190603,0.0037767880026007,989.8961874100784,0.1343696872504537,0.0,0.0,0.0,25.15321044267182,25.28758012992228,25.28758012992228,25.28758012992228,,0.9121532189607756,0.0,0.0,0.0,30.999015011888837,0.0,0.0,0.0,0.631344501260465,0.0,0.0,0.0,0.97,0.96,0.96,0.96,30.069044561532166,0.0,0.0,0.0,30.069044561532166,721.657069476772,0.1280798913301137,6.06274290975998e-05,0.9
1952-10-13,1952-10-24,244.1538,0.9479000783611428,231.4334061521708,0.906,1952,10,13,1952.1,1952,1,13,2,0.0199958462915475,3.33447387383626,0.0144079194498126,0.44,3,Normal,37,5,3,2,50,97.0,0.4191270465778009,134.4334061521708,134.4334061521708,,1,134.4334061521708,0.0,0.0,0.0,0.0,0.0,0.0,0.0,0.0,0.0,37.0,5.0,3.0,2.0,50.0,179.4334061521708,990.0,964.588600436913,25.411399563087,0.0988589583187879,0.003443340615217,989.897697701066,0.127934803566081,0.0,0.0,0.0,25.18116246058683,25.30909726415291,25.30909726415291,25.30909726415291,,0.9106588991974396,0.0,0.0,0.0,30.23273330338848,0.0,0.0,0.0,0.6157379491525148,0.0,0.0,0.0,0.97,0.96,0.96,0.96,29.325751304286825,0.0,0.0,0.0,29.325751304286825,703.8180313028837,0.1267135621942353,6.05953703185034e-05,0.905
1952-10-14,1952-10-25,234.2817,0.966268687364318,226.3790707324809,0.913,1952,10,14,1952.1,1952,1,14,2,0.0195591517112863,5.05433541968992,0.0223268670700693,0.44,3,Normal,37,5,3,2,50,97.0,0.4284848404322142,129.3790707324809,129.3790707324809,,1,129.3790707324809,0.0,0.0,0.0,0.0,0.0,0.0,0.0,0.0,0.0,37.0,5.0,3.0,2.0,50.0,174.3790707324809,990.0,964.5582744243948,25.44172557560512,0.0970751199930585,0.002937907073248,989.8999869729336,0.1184823273184656,0.0,0.0,0.0,25.22323022122033,25.341712548538798,25.341712548538798,25.341712548538798,,0.9083994120980154,0.0,0.0,0.0,29.072359163098067,0.0,0.0,0.0,0.5921050746048486,0.0,0.0,0.0,0.97,0.96,0.96,0.96,28.200188388205124,0.0,0.0,0.0,28.200188388205124,676.804521316923,0.1245706517698809,6.054600345358427e-05,0.915
1952-10-15,1952-10-26,234.2817,0.966268687364318,226.3790707324809,0.913,1952,10,15,1952.1,1952,1,15,3,0.0195591517112863,0.0,0.0,0.44,3,Normal,37,5,3,2,50,97.0,0.4284848404322142,129.3790707324809,129.3790707324809,,1,129.3790707324809,0.0,0.0,0.0,0.0,0.0,0.0,0.0,0.0,0.0,37.0,5.0,3.0,2.0,50.0,174.3790707324809,990.0,964.5582744243948,25.44172557560512,0.0970751199930585,0.002937907073248,989.8999869729336,0.1184823273184656,0.0,0.0,0.0,25.22323022122033,25.341712548538798,25.341712548538798,25.341712548538798,,0.9083994120980154,0.0,0.0,0.0,29.072359163098067,0.0,0.0,0.0,0.5921050746048486,0.0,0.0,0.0,0.97,0.96,0.96,0.96,28.200188388205124,0.0,0.0,0.0,28.200188388205124,676.804521316923,0.1245706517698809,6.054600345358427e-05,0.915
1952-10-16,1952-10-27,234.2817,0.966268687364318,226.3790707324809,0.913,1952,10,16,1952.1,1952,1,16,3,0.0195591517112863,0.0,0.0,0.44,3,Normal,37,5,3,2,50,97.0,0.4284848404322142,129.3790707324809,129.3790707324809,,1,129.3790707324809,0.0,0.0,0.0,0.0,0.0,0.0,0.0,0.0,0.0,37.0,5.0,3.0,2.0,50.0,174.3790707324809,990.0,964.5582744243948,25.44172557560512,0.0970751199930585,0.002937907073248,989.8999869729336,0.1184823273184656,0.0,0.0,0.0,25.22323022122033,25.341712548538798,25.341712548538798,25.341712548538798,,0.9083994120980154,0.0,0.0,0.0,29.072359163098067,0.0,0.0,0.0,0.5921050746048486,0.0,0.0,0.0,0.97,0.96,0.96,0.96,28.200188388205124,0.0,0.0,0.0,28.200188388205124,676.804521316923,0.1245706517698809,6.054600345358427e-05,0.915
1952-10-17,1952-10-28,234.2817,0.966268687364318,226.3790707324809,0.913,1952,10,17,1952.1,1952,1,17,3,0.0195591517112863,0.0,0.0,0.44,3,Normal,37,5,3,2,50,97.0,0.4284848404322142,129.3790707324809,129.3790707324809,,1,129.3790707324809,0.0,0.0,0.0,0.0,0.0,0.0,0.0,0.0,0.0,37.0,5.0,3.0,2.0,50.0,174.3790707324809,990.0,964.5582744243948,25.44172557560512,0.0970751199930585,0.002937907073248,989.8999869729336,0.1184823273184656,0.0,0.0,0.0,25.22323022122033,25.341712548538798,25.341712548538798,25.341712548538798,,0.9083994120980154,0.0,0.0,0.0,29.072359163098067,0.0,0.0,0.0,0.5921050746048486,0.0,0.0,0.0,0.97,0.96,0.96,0.96,28.200188388205124,0.0,0.0,0.0,28.200188388205124,676.804521316923,0.1245706517698809,6.054600345358427e-05,0.915
1952-10-18,1952-10-29,227.8423,0.9755995102100816,222.2828362851385,0.922,1952,10,18,1952.1,1952,1,18,3,0.0192052370550359,4.096234447342397,0.0184280285234792,0.44,3,Normal,37,5,3,2,50,97.0,0.4363809712935774,125.2828362851385,125.2828362851385,,1,125.2828362851385,0.0,0.0,0.0,0.0,0.0,0.0,0.0,0.0,0.0,37.0,5.0,3.0,2.0,50.0,170.2828362851385,990.0,964.5336970177108,25.466302982289108,0.0956294264662941,0.0025282836285138,989.9018422899052,0.1111091053132493,0.0,0.0,0.0,25.257036166881036,25.368145272194283,25.368145272194283,25.368145272194283,,0.9065730867344304,0.0,0.0,0.0,28.13296361697082,0.0,0.0,0.0,0.572972782423031,0.0,0.0,0.0,0.97,0.96,0.96,0.96,27.28897470846169,0.0,0.0,0.0,27.28897470846169,654.9353930030807,0.122766899885406,6.050526135198672e-05,0.92
1952-10-19,1952-10-30,224.6649,0.98159746285063,220.53049583159049,0.926,1952,10,19,1952.1,1952,1,19,3,0.0190538348398494,1.7523404535480438,0.0079460232787316,0.44,3,Normal,37,5,3,2,50,97.0,0.4398484646498716,123.53049583159049,123.53049583159049,,1,123.53049583159049,0.0,0.0,0.0,0.0,0.0,0.0,0.0,0.0,0.0,37.0,5.0,3.0,2.0,50.0,168.53049583159049,990.0,964.5231829749896,25.476817025010405,0.0950109688845935,0.002353049583159,989.9026359815324,0.1080430627469674,0.0,0.0,0.0,25.27140994379572,25.37945300654269,25.37945300654269,25.37945300654269,,0.9052214310981528,0.0,0.0,0.0,27.71387055790461,0.0,0.0,0.0,0.5644372822383831,0.0,0.0,0.0,0.97,0.96,0.96,0.96,26.88245444116747,0.0,0.0,0.0,26.88245444116747,645.1789065880193,0.1218990341439962,6.044943319955677e-05,0.925
1952-10-20,1952-10-31,224.6649,0.98159746285063,220.53049583159049,0.926,1952,10,20,1952.1,1952,1,20,3,0.0190538348398494,0.0,0.0,0.44,3,Normal,37,5,3,2,50,97.0,0.4398484646498716,123.53049583159049,123.53049583159049,,1,123.53049583159049,0.0,0.0,0.0,0.0,0.0,0.0,0.0,0.0,0.0,37.0,5.0,3.0,2.0,50.0,168.53049583159049,990.0,964.5231829749896,25.476817025010405,0.0950109688845935,0.002353049583159,989.9026359815324,0.1080430627469674,0.0,0.0,0.0,25.27140994379572,25.37945300654269,25.37945300654269,25.37945300654269,,0.9052214310981528,0.0,0.0,0.0,27.71387055790461,0.0,0.0,0.0,0.5644372822383831,0.0,0.0,0.0,0.97,0.96,0.96,0.96,26.88245444116747,0.0,0.0,0.0,26.88245444116747,645.1789065880193,0.1218990341439962,6.044943319955677e-05,0.925
1952-10-21,1952-11-01,247.5017,0.9485505757172864,234.76788002600708,0.898,1952,10,21,1952.1,1952,1,21,3,0.020283944834247,14.237384194416618,0.0606445148835498,0.49,3,Normal,37,5,3,2,50,97.0,0.413174067888906,137.76788002600708,137.76788002600708,,1,137.76788002600708,0.0,0.0,0.0,0.0,0.0,0.0,0.0,0.0,0.0,37.0,5.0,3.0,2.0,50.0,182.76788002600708,990.0,964.608607280156,25.391392719843907,0.1000358019190603,0.0037767880026007,989.8961874100784,0.1343696872504537,0.0,0.0,0.0,25.15321044267182,25.28758012992228,25.28758012992228,25.28758012992228,,0.9121532189607756,0.0,0.0,0.0,30.999015011888837,0.0,0.0,0.0,0.631344501260465,0.0,0.0,0.0,0.97,0.96,0.96,0.96,30.069044561532166,0.0,0.0,0.0,30.069044561532166,721.657069476772,0.1280798913301137,6.06274290975998e-05,0.9
1952-10-22,1952-11-02,247.5017,0.9485505757172864,234.76788002600708,0.898,1952,10,22,1952.1,1952,1,22,4,0.020283944834247,0.0,0.0,0.49,3,Normal,37,5,3,2,50,97.0,0.413174067888906,137.76788002600708,137.76788002600708,,1,137.76788002600708,0.0,0.0,0.0,0.0,0.0,0.0,0.0,0.0,0.0,37.0,5.0,3.0,2.0,50.0,182.76788002600708,990.0,964.608607280156,25.391392719843907,0.1000358019190603,0.0037767880026007,989.8961874100784,0.1343696872504537,0.0,0.0,0.0,25.15321044267182,25.28758012992228,25.28758012992228,25.28758012992228,,0.9121532189607756,0.0,0.0,0.0,30.999015011888837,0.0,0.0,0.0,0.631344501260465,0.0,0.0,0.0,0.97,0.96,0.96,0.96,30.069044561532166,0.0,0.0,0.0,30.069044561532166,721.657069476772,0.1280798913301137,6.06274290975998e-05,0.9
1952-10-23,1952-11-03,247.5017,0.9485505757172864,234.76788002600708,0.898,1952,10,23,1952.1,1952,1,23,4,0.020283944834247,0.0,0.0,0.49,3,Normal,37,5,3,2,50,97.0,0.413174067888906,137.76788002600708,137.76788002600708,,1,137.76788002600708,0.0,0.0,0.0,0.0,0.0,0.0,0.0,0.0,0.0,37.0,5.0,3.0,2.0,50.0,182.76788002600708,990.0,964.608607280156,25.391392719843907,0.1000358019190603,0.0037767880026007,989.8961874100784,0.1343696872504537,0.0,0.0,0.0,25.15321044267182,25.28758012992228,25.28758012992228,25.28758012992228,,0.9121532189607756,0.0,0.0,0.0,30.999015011888837,0.0,0.0,0.0,0.631344501260465,0.0,0.0,0.0,0.97,0.96,0.96,0.96,30.069044561532166,0.0,0.0,0.0,30.069044561532166,721.657069476772,0.1280798913301137,6.06274290975998e-05,0.9
1952-10-24,1952-11-04,247.5017,0.9485505757172864,234.76788002600708,0.898,1952,10,24,1952.1,1952,1,24,4,0.020283944834247,0.0,0.0,0.49,3,Normal,37,5,3,2,50,97.0,0.413174067888906,137.76788002600708,137.76788002600708,,1,137.76788002600708,0.0,0.0,0.0,0.0,0.0,0.0,0.0,0.0,0.0,37.0,5.0,3.0,2.0,50.0,182.76788002600708,990.0,964.608607280156,25.391392719843907,0.1000358019190603,0.0037767880026007,989.8961874100784,0.1343696872504537,0.0,0.0,0.0,25.15321044267182,25.28758012992228,25.28758012992228,25.28758012992228,,0.9121532189607756,0.0,0.0,0.0,30.999015011888837,0.0,0.0,0.0,0.631344501260465,0.0,0.0,0.0,0.97,0.96,0.96,0.96,30.069044561532166,0.0,0.0,0.0,30.069044561532166,721.657069476772,0.1280798913301137,6.06274290975998e-05,0.9
1952-10-25,1952-11-05,247.5017,0.9485505757172864,234.76788002600708,0.898,1952,10,25,1952.1,1952,1,25,4,0.020283944834247,0.0,0.0,0.49,3,Normal,37,5,3,2,50,97.0,0.413174067888906,137.76788002600708,137.76788002600708,,1,137.76788002600708,0.0,0.0,0.0,0.0,0.0,0.0,0.0,0.0,0.0,37.0,5.0,3.0,2.0,50.0,182.76788002600708,990.0,964.608607280156,25.391392719843907,0.1000358019190603,0.0037767880026007,989.8961874100784,0.1343696872504537,0.0,0.0,0.0,25.15321044267182,25.28758012992228,25.28758012992228,25.28758012992228,,0.9121532189607756,0.0,0.0,0.0,30.999015011888837,0.0,0.0,0.0,0.631344501260465,0.0,0.0,0.0,0.97,0.96,0.96,0.96,30.069044561532166,0.0,0.0,0.0,30.069044561532166,721.657069476772,0.1280798913301137,6.06274290975998e-05,0.9
1952-10-26,1952-11-06,250.8784,0.9414693900674836,236.1943342291061,0.893,1952,10,26,1952.1,1952,1,26,4,0.0204071904773947,1.4264542030990697,0.0060393243883463,0.49,3,Normal,37,5,3,2,50,97.0,0.4106787756640723,139.19433422910612,139.19433422910612,,1,139.19433422910612,0.0,0.0,0.0,0.0,0.0,0.0,0.0,0.0,0.0,37.0,5.0,3.0,2.0,50.0,184.1943342291061,990.0,964.6171660053748,25.382833994625344,0.1005392437103338,0.0039194334229106,989.8955413228668,0.1371370084044658,0.0,0.0,0.0,25.14123830908761,25.27837531749208,25.27837531749208,25.27837531749208,,0.912793401603166,0.0,0.0,0.0,31.327043796478364,0.0,0.0,0.0,0.6380253319038364,0.0,0.0,0.0,0.97,0.96,0.96,0.96,30.38723248258401,0.0,0.0,0.0,30.38723248258401,729.2935795820163,0.128653519915125,6.064110266108708e-05,0.895
1952-10-27,1952-11-07,264.675,0.9437959007304476,249.7991800258312,0.875,1952,10,27,1952.1,1952,1,27,4,0.0215826491542318,13.604845796725044,0.0544631323262077,0.49,3,Normal,37,5,3,2,50,97.0,0.3883119231615149,152.7991800258312,152.7991800258312,,1,152.7991800258312,0.0,0.0,0.0,0.0,0.0,0.0,0.0,0.0,0.0,37.0,5.0,3.0,2.0,50.0,197.7991800258312,990.0,964.698795080155,25.301204919844963,0.1053408335006142,0.0052799180025831,989.8893792484968,0.1652462288557953,0.0,0.0,0.0,25.025337939486047,25.190584168341843,25.190584168341843,25.190584168341843,,0.9184635360312672,0.0,0.0,0.0,34.443049280932094,0.0,0.0,0.0,0.7014877653957656,0.0,0.0,0.0,0.97,0.96,0.96,0.96,33.40975780250413,0.0,0.0,0.0,33.40975780250413,801.8341872600992,0.1337464670582557,6.073650576465446e-05,0.875
1952-10-28,1952-11-08,264.675,0.9437959007304476,249.7991800258312,0.875,1952,10,28,1952.1,1952,1,28,4,0.0215826491542318,0.0,0.0,0.49,3,Normal,37,5,3,2,50,97.0,0.3883119231615149,152.7991800258312,152.7991800258312,,1,152.7991800258312,0.0,0.0,0.0,0.0,0.0,0.0,0.0,0.0,0.0,37.0,5.0,3.0,2.0,50.0,197.7991800258312,990.0,964.698795080155,25.301204919844963,0.1053408335006142,0.0052799180025831,989.8893792484968,0.1652462288557953,0.0,0.0,0.0,25.025337939486047,25.190584168341843,25.190584168341843,25.190584168341843,,0.9184635360312672,0.0,0.0,0.0,34.443049280932094,0.0,0.0,0.0,0.7014877653957656,0.0,0.0,0.0,0.97,0.96,0.96,0.96,33.40975780250413,0.0,0.0,0.0,33.40975780250413,801.8341872600992,0.1337464670582557,6.073650576465446e-05,0.875
1952-10-29,1952-11-09,264.675,0.9437959007304476,249.7991800258312,0.875,1952,10,29,1952.1,1952,1,29,5,0.0215826491542318,0.0,0.0,0.49,3,Normal,37,5,3,2,50,97.0,0.3883119231615149,152.7991800258312,152.7991800258312,,1,152.7991800258312,0.0,0.0,0.0,0.0,0.0,0.0,0.0,0.0,0.0,37.0,5.0,3.0,2.0,50.0,197.7991800258312,990.0,964.698795080155,25.301204919844963,0.1053408335006142,0.0052799180025831,989.8893792484968,0.1652462288557953,0.0,0.0,0.0,25.025337939486047,25.190584168341843,25.190584168341843,25.190584168341843,,0.9184635360312672,0.0,0.0,0.0,34.443049280932094,0.0,0.0,0.0,0.7014877653957656,0.0,0.0,0.0,0.97,0.96,0.96,0.96,33.40975780250413,0.0,0.0,0.0,33.40975780250413,801.8341872600992,0.1337464670582557,6.073650576465446e-05,0.875
1952-10-30,1952-11-10,268.1972,0.9570673705328404,256.6827889882703,0.865,1952,10,30,1952.1,1952,1,30,5,0.0221773929685865,6.8836089624391255,0.0268175711724625,0.49,3,Normal,37,5,3,2,50,97.0,0.3778983405250152,159.68278898827032,159.68278898827032,,1,159.68278898827032,0.0,0.0,0.0,0.0,0.0,0.0,0.0,0.0,0.0,37.0,5.0,3.0,2.0,50.0,204.68278898827032,990.0,964.7267311559532,25.273268844046925,0.1077703286161343,0.005968278898827,989.886261392485,0.1803957915539601,0.0,0.0,0.0,24.979134444978005,25.159530236531964,25.159530236531964,25.159530236531964,,0.9211718843866468,0.0,0.0,0.0,36.03419865409094,0.0,0.0,0.0,0.7338940662747646,0.0,0.0,0.0,0.97,0.96,0.96,0.96,34.953172694468215,0.0,0.0,0.0,34.953172694468215,838.8761446672372,0.136172638735297,6.080313788898992e-05,0.865
1952-10-31,1952-11-11,271.7487,0.9523418217225876,258.7976520087449,0.862,1952,10,31,1952.1,1952,1,31,5,0.0223601171335555,2.1148630204745587,0.0081718787016008,0.49,3,Normal,37,5,3,2,50,97.0,0.3748102011247085,161.79765200874488,161.79765200874488,,1,161.79765200874488,0.0,0.0,0.0,0.0,0.0,0.0,0.0,0.0,0.0,37.0,5.0,3.0,2.0,50.0,206.79765200874488,990.0,964.735190608035,25.264809391964945,0.108516753370343,0.0061797652008744,989.8853034814288,0.1852345996201132,0.0,0.0,0.0,24.9648782737736,25.15011287339371,25.15011287339371,25.15011287339371,,0.9220022399397684,0.0,0.0,0.0,36.52349618173847,0.0,0.0,0.0,0.743859392703431,0.0,0.0,0.0,0.97,0.96,0.96,0.96,35.42779129628631,0.0,0.0,0.0,35.42779129628631,850.2669911108715,0.1368937894965491,6.082321353665514e-05,0.86
1952-11-01,1952-11-12,264.675,0.9437959007304476,249.7991800258312,0.875,1952,11,1,1952.11,1952,2,32,5,0.0215826491542318,8.998471982913687,0.0360228243422703,0.36,2,Mod_Wet,40,6,4,3,53,106.0,0.4243408644857792,143.7991800258312,143.7991800258312,,1,143.7991800258312,0.0,0.0,0.0,0.0,0.0,0.0,0.0,0.0,0.0,40.0,6.0,4.0,3.0,53.0,193.7991800258312,990.0,964.698795080155,25.301204919844963,0.1039291042206142,0.0043799180025831,989.8916909777768,0.146374343652179,0.0,0.0,0.0,25.046521553969654,25.19289589762184,25.19289589762184,25.19289589762184,,0.9148235112957948,0.0,0.0,0.0,32.313190914247976,0.0,0.0,0.0,0.6581097945875352,0.0,0.0,0.0,0.97,0.96,0.96,0.96,31.343795186820536,0.0,0.0,0.0,31.343795186820536,752.2510844836929,0.1254759730739682,6.0547005709996496e-05,0.875
1952-11-02,1952-11-13,268.1972,0.9570673705328404,256.6827889882703,0.865,1952,11,2,1952.11,1952,2,33,5,0.0221773929685865,6.8836089624391255,0.0268175711724625,0.36,2,Mod_Wet,40,6,4,3,53,106.0,0.4129610731510475,150.68278898827032,150.68278898827032,,1,150.68278898827032,0.0,0.0,0.0,0.0,0.0,0.0,0.0,0.0,0.0,40.0,6.0,4.0,3.0,53.0,200.68278898827032,990.0,964.7267311559532,25.273268844046925,0.1063585591597063,0.005068278898827,989.8885731619414,0.1606748242146639,0.0,0.0,0.0,25.001167181773656,25.16184200598832,25.16184200598832,25.16184200598832,,0.9176053354777424,0.0,0.0,0.0,33.901472636617655,0.0,0.0,0.0,0.6904576911734757,0.0,0.0,0.0,0.97,0.96,0.96,0.96,32.88442845751912,0.0,0.0,0.0,32.88442845751912,789.2262829804589,0.1281131025073202,6.062114672653852e-05,0.865
1952-11-03,1952-11-14,275.3297,0.9493451834369376,261.382924552137,0.855,1952,11,3,1952.11,1952,2,34,5,0.0225834846813046,4.700135563866695,0.0179818003487415,0.36,2,Mod_Wet,40,6,4,3,53,106.0,0.4055352895818434,155.382924552137,155.382924552137,,1,155.382924552137,0.0,0.0,0.0,0.0,0.0,0.0,0.0,0.0,0.0,40.0,6.0,4.0,3.0,53.0,205.382924552137,990.0,964.7455316982084,25.254468301791466,0.1080174361172408,0.0055382924552137,989.8864442714276,0.1708500925057441,0.0,0.0,0.0,24.970062480713253,25.140912573219,25.140912573219,25.140912573219,,0.9194488146341212,0.0,0.0,0.0,34.98558796912633,0.0,0.0,0.0,0.7125374331797623,0.0,0.0,0.0,0.97,0.96,0.96,0.96,33.936020330052536,0.0,0.0,0.0,33.936020330052536,814.4644879212608,0.1298325833188979,6.066736316795522e-05,0.855
1952-11-04,1952-11-15,286.2506,0.9441456049247084,270.26224589706084,0.836,1952,11,4,1952.11,1952,2,35,5,0.023350658045506,8.879321344923824,0.0328544644312096,0.36,2,Mod_Wet,40,6,4,3,53,106.0,0.3922116448346764,164.26224589706084,164.26224589706084,,1,164.26224589706084,0.0,0.0,0.0,0.0,0.0,0.0,0.0,0.0,0.0,40.0,6.0,4.0,3.0,53.0,214.26224589706084,990.0,964.7810489835882,25.21895101641178,0.1111513247843838,0.006426224589706,989.882422450626,0.1909031655632399,0.0,0.0,0.0,24.910470301474422,25.10137346703766,25.10137346703766,25.10137346703766,,0.9229374866686886,0.0,0.0,0.0,37.03656228360249,0.0,0.0,0.0,0.7543088041466902,0.0,0.0,0.0,0.97,0.96,0.96,0.96,35.925465415094415,0.0,0.0,0.0,35.925465415094415,862.211169962266,0.1329281686972213,6.075221907589844e-05,0.835
1952-11-05,1952-11-16,297.4406,0.927655743202664,275.9224808516464,0.8220000000000001,1952,11,5,1952.11,1952,2,36,6,0.0238397023455822,5.660234954585576,0.0205138593169901,0.36,2,Mod_Wet,40,6,4,3,53,106.0,0.3841658703300525,169.9224808516464,169.9224808516464,,1,169.9224808516464,0.0,0.0,0.0,0.0,0.0,0.0,0.0,0.0,0.0,40.0,6.0,4.0,3.0,53.0,219.9224808516464,990.0,964.8036899234066,25.196310076593363,0.1131490614906563,0.0069922480851646,989.8798586904244,0.2043155044269184,0.0,0.0,0.0,24.871853262590715,25.076168767017634,25.076168767017634,25.076168767017634,,0.9250282277384884,0.0,0.0,0.0,38.34004975025246,0.0,0.0,0.0,0.7808564103921072,0.0,0.0,0.0,0.97,0.96,0.96,0.96,37.189848257744885,0.0,0.0,0.0,37.189848257744885,892.5563581858772,0.1347836832394259,6.079544833122086e-05,0.82
1952-11-06,1952-11-17,305.0513,0.9297058187130764,283.6079686159883,0.8130000000000001,1952,11,6,1952.11,1952,2,37,6,0.0245037284884213,7.685487764341872,0.0270989838608808,0.36,2,Mod_Wet,40,6,4,3,53,106.0,0.3737553656100772,177.60796861598828,177.60796861598828,,1,177.60796861598828,0.0,0.0,0.0,0.0,0.0,0.0,0.0,0.0,0.0,40.0,6.0,4.0,3.0,53.0,227.60796861598828,990.0,964.834431874464,25.165568125536083,0.1158615957115184,0.0077607968615988,989.8763776074268,0.2232199215399707,0.0,0.0,0.0,24.818725811423,25.04194573296297,25.04194573296297,25.04194573296297,,0.927829370744083,0.0,0.0,0.0,40.10963813493042,0.0,0.0,0.0,0.8168969070250595,0.0,0.0,0.0,0.971689690702506,0.96,0.96,0.96,38.97412187351998,0.0,0.0,0.0,38.97412187351998,935.3789249644794,0.137422520473294,6.095528848862747e-05,0.815
1952-11-07,1952-11-18,305.0513,0.9297058187130764,283.6079686159883,0.8130000000000001,1952,11,7,1952.11,1952,2,38,6,0.0245037284884213,0.0,0.0,0.36,2,Mod_Wet,40,6,4,3,53,106.0,0.3737553656100772,177.60796861598828,177.60796861598828,,1,177.60796861598828,0.0,0.0,0.0,0.0,0.0,0.0,0.0,0.0,0.0,40.0,6.0,4.0,3.0,53.0,227.60796861598828,990.0,964.834431874464,25.165568125536083,0.1158615957115184,0.0077607968615988,989.8763776074268,0.2232199215399707,0.0,0.0,0.0,24.818725811423,25.04194573296297,25.04194573296297,25.04194573296297,,0.927829370744083,0.0,0.0,0.0,40.10963813493042,0.0,0.0,0.0,0.8168969070250595,0.0,0.0,0.0,0.971689690702506,0.96,0.96,0.96,38.97412187351998,0.0,0.0,0.0,38.97412187351998,935.3789249644794,0.137422520473294,6.095528848862747e-05,0.815
1952-11-08,1952-11-19,308.9022,0.9297022486736368,287.1870699602335,0.8029999999999999,1952,11,8,1952.11,1952,2,39,6,0.0248129628445641,3.5791013442452027,0.0124626131139566,0.36,2,Mod_Wet,40,6,4,3,53,106.0,0.3690973970892133,181.1870699602335,181.1870699602335,,1,181.1870699602335,0.0,0.0,0.0,0.0,0.0,0.0,0.0,0.0,0.0,40.0,6.0,4.0,3.0,53.0,231.1870699602335,990.0,964.848748279841,25.151251720159053,0.1171248122013348,0.0081187069960233,989.8747564808026,0.2322626404974024,0.0,0.0,0.0,24.79374556046425,25.026008200961652,25.026008200961652,25.026008200961652,,0.929129688097158,0.0,0.0,0.0,40.93401822548755,0.0,0.0,0.0,0.8336867255700111,0.0,0.0,0.0,0.9733686725570012,0.96,0.96,0.96,39.8438909825669,0.0,0.0,0.0,39.8438909825669,956.2533835816056,0.1387384570903002,6.108464305751287e-05,0.805
1952-11-09,1952-11-20,312.7836,0.9288272938647332,290.5219447532691,0.797,1952,11,9,1952.11,1952,2,40,6,0.0251010960266824,3.3348747930356235,0.0114789084035212,0.36,2,Mod_Wet,40,6,4,3,53,106.0,0.3648605618760482,184.5219447532691,184.5219447532691,,1,184.5219447532691,0.0,0.0,0.0,0.0,0.0,0.0,0.0,0.0,0.0,40.0,6.0,4.0,3.0,53.0,234.5219447532691,990.0,964.8620877790132,25.13791222098689,0.1183018307947896,0.0084521944753269,989.87324597473,0.2408666174634343,0.0,0.0,0.0,24.770291578253367,25.011158195716803,25.011158195716803,25.011158195716803,,0.9303388190667649,0.0,0.0,0.0,41.702201659395406,0.0,0.0,0.0,0.8493320093563219,0.0,0.0,0.0,0.9749332009356322,0.96,0.96,0.96,40.6568609498576,0.0,0.0,0.0,40.6568609498576,975.7646627965825,0.1399441993422774,6.120449522235739e-05,0.795
1952-11-10,1952-11-21,312.7836,0.9288272938647332,290.5219447532691,0.797,1952,11,10,1952.11,1952,2,41,6,0.0251010960266824,0.0,0.0,0.36,2,Mod_Wet,40,6,4,3,53,106.0,0.3648605618760482,184.5219447532691,184.5219447532691,,1,184.5219447532691,0.0,0.0,0.0,0.0,0.0,0.0,0.0,0.0,0.0,40.0,6.0,4.0,3.0,53.0,234.5219447532691,990.0,964.8620877790132,25.13791222098689,0.1183018307947896,0.0084521944753269,989.87324597473,0.2408666174634343,0.0,0.0,0.0,24.770291578253367,25.011158195716803,25.011158195716803,25.011158195716803,,0.9303388190667649,0.0,0.0,0.0,41.702201659395406,0.0,0.0,0.0,0.8493320093563219,0.0,0.0,0.0,0.9749332009356322,0.96,0.96,0.96,40.6568609498576,0.0,0.0,0.0,40.6568609498576,975.7646627965825,0.1399441993422774,6.120449522235739e-05,0.795
1952-11-11,1952-11-22,316.6956,0.9306200236043244,294.72326674738565,0.794,1952,11,11,1952.11,1952,2,42,6,0.0254640902469741,4.20132199411654,0.0142551419183256,0.23,2,Mod_Wet,40,6,4,3,53,106.0,0.3596594227861051,188.72326674738565,188.72326674738565,,1,188.72326674738565,0.0,0.0,0.0,0.0,0.0,0.0,0.0,0.0,0.0,40.0,6.0,4.0,3.0,53.0,238.72326674738565,990.0,964.8788930669896,25.121106933010424,0.1197846104924749,0.0088723266747385,989.8713430628328,0.2520038895480458,0.0,0.0,0.0,24.740446106295185,24.99244999584323,24.99244999584323,24.99244999584323,,0.9315707967855535,0.0,0.0,0.0,42.65672773068659,0.0,0.0,0.0,0.868772458873454,0.0,0.0,0.0,0.9768772458873454,0.96,0.96,0.96,41.670386704119466,0.0,0.0,0.0,41.670386704119466,1000.0892808988672,0.1413881814082773,6.13337593043297e-05,0.795
1952-11-12,1952-11-23,324.6118,0.9312809696570542,302.30479186612183,0.7809999999999999,1952,11,12,1952.11,1952,2,43,7,0.0261191340172329,7.581525118736181,0.0250790768877184,0.23,2,Mod_Wet,40,6,4,3,53,106.0,0.3506394964686599,196.30479186612183,196.30479186612183,,1,196.30479186612183,0.0,0.0,0.0,0.0,0.0,0.0,0.0,0.0,0.0,40.0,6.0,4.0,3.0,53.0,246.30479186612183,990.0,964.9115239593306,25.088476040669438,0.1224603659375434,0.0096304791866121,989.867909154876,0.2726534172251411,0.0,0.0,0.0,24.683731778320155,24.95638519554529,24.95638519554529,24.95638519554529,,0.9337361384617672,0.0,0.0,0.0,44.37154865672385,0.0,0.0,0.0,0.9036975286501804,0.0,0.0,0.0,0.98,0.96,0.96,0.96,43.484117683589375,0.0,0.0,0.0,43.484117683589375,1043.618824406145,0.1438419729146955,6.153146575765987e-05,0.78
1952-11-13,1952-11-24,328.6161,0.9312389803097992,306.020121877383,0.775,1952,11,13,1952.11,1952,2,44,7,0.0264401385302058,3.7153300112611873,0.0121408029918694,0.23,2,Mod_Wet,40,6,4,3,53,106.0,0.3463824514208656,200.02012187738305,200.02012187738305,,1,200.02012187738305,0.0,0.0,0.0,0.0,0.0,0.0,0.0,0.0,0.0,40.0,6.0,4.0,3.0,53.0,250.02012187738305,990.0,964.9301006093868,25.06989939061316,0.1237716211734182,0.0100040243754766,989.8662243544512,0.2830575485693154,0.0,0.0,0.0,24.65306619649495,24.936123745064265,24.936123745064265,24.936123745064265,,0.9348009254319514,0.0,0.0,0.0,45.206664297677925,0.0,0.0,0.0,0.9207059938427276,0.0,0.0,0.0,0.98,0.96,0.96,0.96,44.30253101172437,0.0,0.0,0.0,44.30253101172437,1063.2607442813849,0.1447699933583963,6.152510306893975e-05,0.775
1952-11-14,1952-11-25,336.7179,0.9260439379072553,311.8155700798613,0.7659999999999999,1952,11,14,1952.11,1952,2,45,7,0.0269408652549,5.795448202478268,0.0185861411634895,0.23,2,Mod_Wet,40,6,4,3,53,106.0,0.3399445382822018,205.8155700798613,205.8155700798613,,1,205.8155700798613,0.0,0.0,0.0,0.0,0.0,0.0,0.0,0.0,0.0,40.0,6.0,4.0,3.0,53.0,255.8155700798613,990.0,964.9590778503992,25.04092214960076,0.1258170146584402,0.0111631140159722,989.8630198713256,0.2996977760347922,0.0,0.0,0.0,24.60424424489157,24.903942020926365,24.903942020926365,24.903942020926365,,0.9364356916248072,0.0,0.0,0.0,46.505563775562486,0.0,0.0,0.0,0.9471601583617614,0.0,0.0,0.0,0.98,0.96,0.96,0.96,45.575452500051234,0.0,0.0,0.0,45.575452500051234,1093.8108600012297,0.1461615675201164,6.151064232783059e-05,0.765
1952-11-15,1952-11-26,344.9443,0.9283094176295976,320.2150422476492,0.757,1952,11,15,1952.11,1952,2,46,7,0.0276665796501968,8.399472167787906,0.0262307232940415,0.23,2,Mod_Wet,40,6,4,3,53,106.0,0.3310275471632007,214.2150422476492,214.2150422476492,,1,214.2150422476492,0.0,0.0,0.0,0.0,0.0,0.0,0.0,0.0,0.0,40.0,6.0,4.0,3.0,53.0,264.2150422476492,990.0,965.0010752112382,24.99892478876177,0.1287814489954205,0.0128430084495298,989.8583755425552,0.3246451267429476,0.0,0.0,0.0,24.53265520457393,24.85730033131688,24.85730033131688,24.85730033131688,,0.9385145827964984,0.0,0.0,0.0,48.369794642898505,0.0,0.0,0.0,0.9851282004663646,0.0,0.0,0.0,0.98,0.96,0.96,0.96,47.40239875004053,0.0,0.0,0.0,47.40239875004053,1137.6575700009728,0.1480330168667725,6.146782619915138e-05,0.755
1952-11-16,1952-11-27,370.3799,0.9134433097017404,338.3210417029997,0.727,1952,11,16,1952.11,1952,2,47,7,0.0292309380031391,18.10599945535052,0.0535172136034185,0.23,2,Mod_Wet,40,6,4,3,53,106.0,0.313311875213052,232.3210417029997,232.3210417029997,,2,116.16052085149984,116.16052085149984,0.0,0.0,0.0,0.0,0.0,0.0,0.0,0.0,40.0,6.0,4.0,3.0,53.0,282.3210417029997,990.0,965.0916052085148,24.90839479148508,0.1351716179749222,0.0164642083405999,989.8483641736844,0.0955264646134897,0.0955264646134897,0.0,0.0,24.66123250055604,24.66123250055604,24.756758965169524,24.756758965169524,,0.8982667037966577,0.8982667037966577,0.0,0.0,25.235814694344715,25.235814694344715,0.0,0.0,0.5139677127157782,0.5139677127157782,0.0,0.0,0.97,0.97,0.96,0.96,24.47874025351437,24.47874025351437,0.0,0.0,48.95748050702875,1174.97953216869,0.1447071700317322,5.853666995100137e-05,0.725
1952-11-17,1952-11-28,374.7305,0.908907350449394,340.5953058875766,0.721,1952,11,17,1952.11,1952,2,48,7,0.0294274344286866,2.2742641845769067,0.0066773209884683,0.23,2,Mod_Wet,40,6,4,3,53,106.0,0.3112197912527555,234.5953058875766,234.5953058875766,,2,117.29765294378832,117.29765294378832,0.0,0.0,0.0,0.0,0.0,0.0,0.0,0.0,40.0,6.0,4.0,3.0,53.0,284.5953058875766,990.0,965.102976529438,24.89702347056209,0.1359742763688603,0.0169190611775153,989.8471066624536,0.0974141038866886,0.0974141038866886,0.0,0.0,24.646716029129,24.646716029129,24.744130133015688,24.744130133015688,,0.8992025424372833,0.8992025424372833,0.0,0.0,25.494389064872134,25.494389064872134,0.0,0.0,0.5192339931745853,0.5192339931745853,0.0,0.0,0.97,0.97,0.96,0.96,24.72955739292597,24.72955739292597,0.0,0.0,49.459114785851945,1187.0187548604467,0.1452137299924426,5.856316239615576e-05,0.72
1952-11-18,1952-11-29,374.7305,0.908907350449394,340.5953058875766,0.721,1952,11,18,1952.11,1952,2,49,7,0.0294274344286866,0.0,0.0,0.23,2,Mod_Wet,40,6,4,3,53,106.0,0.3112197912527555,234.5953058875766,234.5953058875766,,2,117.29765294378832,117.29765294378832,0.0,0.0,0.0,0.0,0.0,0.0,0.0,0.0,40.0,6.0,4.0,3.0,53.0,284.5953058875766,990.0,965.102976529438,24.89702347056209,0.1359742763688603,0.0169190611775153,989.8471066624536,0.0974141038866886,0.0974141038866886,0.0,0.0,24.646716029129,24.646716029129,24.744130133015688,24.744130133015688,,0.8992025424372833,0.8992025424372833,0.0,0.0,25.494389064872134,25.494389064872134,0.0,0.0,0.5192339931745853,0.5192339931745853,0.0,0.0,0.97,0.97,0.96,0.96,24.72955739292597,24.72955739292597,0.0,0.0,49.459114785851945,1187.0187548604467,0.1452137299924426,5.856316239615576e-05,0.72
1952-11-19,1952-11-30,374.7305,0.908907350449394,340.5953058875766,0.721,1952,11,19,1952.11,1952,2,50,8,0.0294274344286866,0.0,0.0,0.23,2,Mod_Wet,40,6,4,3,53,106.0,0.3112197912527555,234.5953058875766,234.5953058875766,,2,117.29765294378832,117.29765294378832,0.0,0.0,0.0,0.0,0.0,0.0,0.0,0.0,40.0,6.0,4.0,3.0,53.0,284.5953058875766,990.0,965.102976529438,24.89702347056209,0.1359742763688603,0.0169190611775153,989.8471066624536,0.0974141038866886,0.0974141038866886,0.0,0.0,24.646716029129,24.646716029129,24.744130133015688,24.744130133015688,,0.8992025424372833,0.8992025424372833,0.0,0.0,25.494389064872134,25.494389064872134,0.0,0.0,0.5192339931745853,0.5192339931745853,0.0,0.0,0.97,0.97,0.96,0.96,24.72955739292597,24.72955739292597,0.0,0.0,49.459114785851945,1187.0187548604467,0.1452137299924426,5.856316239615576e-05,0.72
1952-11-20,1952-12-01,379.1131,0.9090149185803196,344.6194637292325,0.718,1952,11,20,1952.11,1952,2,51,8,0.0297751216662056,4.024157841655892,0.0116771055183861,0.23,2,Mod_Wet,40,6,4,3,53,106.0,0.3075856449108869,238.6194637292325,238.6194637292325,,2,119.30973186461624,119.30973186461624,0.0,0.0,0.0,0.0,0.0,0.0,0.0,0.0,40.0,6.0,4.0,3.0,53.0,288.6194637292325,990.0,965.1230973186462,24.87690268135384,0.1373945265280289,0.0177238927458465,989.844881580726,0.1007541548952629,0.1007541548952629,0.0,0.0,24.621030107184687,24.621030107184687,24.72178426207995,24.72178426207995,,0.9008552509344876,0.9008552509344876,0.0,0.0,25.95229700219757,25.95229700219757,0.0,0.0,0.5285600204113559,0.5285600204113559,0.0,0.0,0.97,0.97,0.96,0.96,25.173728092131647,25.173728092131647,0.0,0.0,50.347456184263294,1208.338948422319,0.1460957998118797,5.860965521026516e-05,0.72
1952-11-21,1952-12-02,387.9749,0.9026852126280548,350.2192051008483,0.7090000000000001,1952,11,21,1952.11,1952,2,52,8,0.0302589393207132,5.599741371615778,0.0159892469917613,0.15,2,Mod_Wet,40,6,4,3,53,106.0,0.3026675820632866,244.21920510084828,244.21920510084828,,2,122.10960255042414,122.10960255042414,0.0,0.0,0.0,0.0,0.0,0.0,0.0,0.0,40.0,6.0,4.0,3.0,53.0,294.2192051008483,990.0,965.1510960255042,24.848903974495784,0.1393708490002776,0.0188438410201696,989.8417853099796,0.105570708437738,0.105570708437738,0.0,0.0,24.58511857603756,24.58511857603756,24.690689284475297,24.690689284475297,,0.9031480205522652,0.9031480205522652,0.0,0.0,26.59008703341648,26.59008703341648,0.0,0.0,0.541549634081802,0.541549634081802,0.0,0.0,0.97,0.97,0.96,0.96,25.79238442241398,25.79238442241398,0.0,0.0,51.58476884482796,1238.034452275871,0.1472928043165814,5.867311889324827e-05,0.71
1952-11-22,1952-12-03,396.9661,0.9077571128687334,360.34880084276085,0.7000000000000001,1952,11,22,1952.11,1952,2,53,8,0.0311341363928145,10.129595741912569,0.0281105299038656,0.15,2,Mod_Wet,40,6,4,3,53,106.0,0.2941594359467658,254.34880084276085,254.34880084276085,,2,127.17440042138044,127.17440042138044,0.0,0.0,0.0,0.0,0.0,0.0,0.0,0.0,40.0,6.0,4.0,3.0,53.0,304.34880084276085,990.0,965.2017440042138,24.798255995786235,0.1429458976268109,0.0208697601685521,989.8361843422048,0.1145139207584847,0.1145139207584847,0.0,0.0,24.51992641723241,24.51992641723241,24.634440337990892,24.634440337990892,,0.9064830090069828,0.9064830090069828,0.0,0.0,27.7215320997918,27.7215320997918,0.0,0.0,0.5645933217880204,0.5645933217880204,0.0,0.0,0.97,0.97,0.96,0.96,26.889886136798044,26.889886136798044,0.0,0.0,53.77977227359609,1290.7145345663062,0.1492436554466655,5.873361927422529e-05,0.7
1952-11-23,1952-12-04,396.9661,0.9077571128687334,360.34880084276085,0.7000000000000001,1952,11,23,1952.11,1952,2,54,8,0.0311341363928145,0.0,0.0,0.15,2,Mod_Wet,40,6,4,3,53,106.0,0.2941594359467658,254.34880084276085,254.34880084276085,,2,127.17440042138044,127.17440042138044,0.0,0.0,0.0,0.0,0.0,0.0,0.0,0.0,40.0,6.0,4.0,3.0,53.0,304.34880084276085,990.0,965.2017440042138,24.798255995786235,0.1429458976268109,0.0208697601685521,989.8361843422048,0.1145139207584847,0.1145139207584847,0.0,0.0,24.51992641723241,24.51992641723241,24.634440337990892,24.634440337990892,,0.9064830090069828,0.9064830090069828,0.0,0.0,27.7215320997918,27.7215320997918,0.0,0.0,0.5645933217880204,0.5645933217880204,0.0,0.0,0.97,0.97,0.96,0.96,26.889886136798044,26.889886136798044,0.0,0.0,53.77977227359609,1290.7145345663062,0.1492436554466655,5.873361927422529e-05,0.7
1952-11-24,1952-12-05,401.5105,0.9082764151386006,364.6825175805071,0.6940000000000001,1952,11,24,1952.11,1952,2,55,8,0.0315085695189558,4.333716737746272,0.011883533015233,0.15,2,Mod_Wet,40,6,4,3,53,106.0,0.2906637825779501,258.6825175805071,258.6825175805071,,2,129.34125879025356,129.34125879025356,0.0,0.0,0.0,0.0,0.0,0.0,0.0,0.0,40.0,6.0,4.0,3.0,53.0,308.6825175805071,990.0,965.2234125879024,24.776587412097456,0.1444754007250401,0.0217365035161014,989.8337880957588,0.1184142658224564,0.1184142658224564,0.0,0.0,24.491961242033906,24.491961242033906,24.61037550785636,24.61037550785636,,0.9074587376226286,0.9074587376226286,0.0,0.0,28.192022477343112,28.192022477343112,0.0,0.0,0.5741756105365196,0.5741756105365196,0.0,0.0,0.97,0.97,0.96,0.96,27.346261803022816,27.346261803022816,0.0,0.0,54.69252360604563,1312.6205665450952,0.1499729791515759,5.872978124089056e-05,0.695
1952-11-25,1952-12-06,410.6973,0.908236127635729,373.01012538244936,0.6880000000000001,1952,11,25,1952.11,1952,2,56,8,0.0322280748330436,8.327607801942236,0.0223254202373297,0.15,2,Mod_Wet,40,6,4,3,53,106.0,0.2841745914841255,267.01012538244936,267.01012538244936,,2,133.50506269122468,133.50506269122468,0.0,0.0,0.0,0.0,0.0,0.0,0.0,0.0,40.0,6.0,4.0,3.0,53.0,317.01012538244936,990.0,965.2650506269122,24.73494937308783,0.1474144718975902,0.0234020250764898,989.829183503026,0.1261895178595024,0.1261895178595024,0.0,0.0,24.437943358254216,24.437943358254216,24.56413287611372,24.56413287611372,,0.909340631346322,0.909340631346322,0.0,0.0,29.095624631337337,29.095624631337337,0.0,0.0,0.5925789130618602,0.5925789130618602,0.0,0.0,0.97,0.97,0.96,0.96,28.222755892397217,28.222755892397217,0.0,0.0,56.445511784794434,1354.6922828350664,0.1513243420052486,5.872177621223712e-05,0.69
1952-11-26,1952-12-07,410.6973,0.908236127635729,373.01012538244936,0.6880000000000001,1952,11,26,1952.11,1952,2,57,9,0.0322280748330436,0.0,0.0,0.15,2,Mod_Wet,40,6,4,3,53,106.0,0.2841745914841255,267.01012538244936,267.01012538244936,,2,133.50506269122468,133.50506269122468,0.0,0.0,0.0,0.0,0.0,0.0,0.0,0.0,40.0,6.0,4.0,3.0,53.0,317.01012538244936,990.0,965.2650506269122,24.73494937308783,0.1474144718975902,0.0234020250764898,989.829183503026,0.1261895178595024,0.1261895178595024,0.0,0.0,24.437943358254216,24.437943358254216,24.56413287611372,24.56413287611372,,0.909340631346322,0.909340631346322,0.0,0.0,29.095624631337337,29.095624631337337,0.0,0.0,0.5925789130618602,0.5925789130618602,0.0,0.0,0.97,0.97,0.96,0.96,28.222755892397217,28.222755892397217,0.0,0.0,56.445511784794434,1354.6922828350664,0.1513243420052486,5.872177621223712e-05,0.69
1952-11-27,1952-12-08,420.0154,0.9067213782142306,380.8369423592014,0.675,1952,11,27,1952.11,1952,2,58,9,0.032904311819835,7.826816976752013,0.0205516222461681,0.15,2,Mod_Wet,40,6,4,3,53,106.0,0.2783343426279847,274.8369423592014,274.8369423592014,,2,137.4184711796007,137.4184711796007,0.0,0.0,0.0,0.0,0.0,0.0,0.0,0.0,40.0,6.0,4.0,3.0,53.0,324.8369423592014,990.0,965.304184711796,24.695815288204017,0.1501767984499805,0.0249673884718402,989.8248558130782,0.1336918340884253,0.1336918340884253,0.0,0.0,24.38697926719381,24.38697926719381,24.520671101282232,24.520671101282232,,0.9111179336848872,0.9111179336848872,0.0,0.0,29.944455204037677,29.944455204037677,0.0,0.0,0.6098667047665514,0.6098667047665514,0.0,0.0,0.97,0.97,0.96,0.96,29.04612154791654,29.04612154791654,0.0,0.0,58.09224309583308,1394.213834299994,0.1525383612628658,5.871384703515175e-05,0.675
1952-11-28,1952-12-09,420.0154,0.9067213782142306,380.8369423592014,0.675,1952,11,28,1952.11,1952,2,59,9,0.032904311819835,0.0,0.0,0.15,2,Mod_Wet,40,6,4,3,53,106.0,0.2783343426279847,274.8369423592014,274.8369423592014,,2,137.4184711796007,137.4184711796007,0.0,0.0,0.0,0.0,0.0,0.0,0.0,0.0,40.0,6.0,4.0,3.0,53.0,324.8369423592014,990.0,965.304184711796,24.695815288204017,0.1501767984499805,0.0249673884718402,989.8248558130782,0.1336918340884253,0.1336918340884253,0.0,0.0,24.38697926719381,24.38697926719381,24.520671101282232,24.520671101282232,,0.9111179336848872,0.9111179336848872,0.0,0.0,29.944455204037677,29.944455204037677,0.0,0.0,0.6098667047665514,0.6098667047665514,0.0,0.0,0.97,0.97,0.96,0.96,29.04612154791654,29.04612154791654,0.0,0.0,58.09224309583308,1394.213834299994,0.1525383612628658,5.871384703515175e-05,0.675
1952-11-29,1952-12-10,420.0154,0.9067213782142306,380.8369423592014,0.675,1952,11,29,1952.11,1952,2,60,9,0.032904311819835,0.0,0.0,0.15,2,Mod_Wet,40,6,4,3,53,106.0,0.2783343426279847,274.8369423592014,274.8369423592014,,2,137.4184711796007,137.4184711796007,0.0,0.0,0.0,0.0,0.0,0.0,0.0,0.0,40.0,6.0,4.0,3.0,53.0,324.8369423592014,990.0,965.304184711796,24.695815288204017,0.1501767984499805,0.0249673884718402,989.8248558130782,0.1336918340884253,0.1336918340884253,0.0,0.0,24.38697926719381,24.38697926719381,24.520671101282232,24.520671101282232,,0.9111179336848872,0.9111179336848872,0.0,0.0,29.944455204037677,29.944455204037677,0.0,0.0,0.6098667047665514,0.6098667047665514,0.0,0.0,0.97,0.97,0.96,0.96,29.04612154791654,29.04612154791654,0.0,0.0,58.09224309583308,1394.213834299994,0.1525383612628658,5.871384703515175e-05,0.675
1952-11-30,1952-12-11,420.0154,0.9067213782142306,380.8369423592014,0.675,1952,11,30,1952.11,1952,2,61,9,0.032904311819835,0.0,0.0,0.15,2,Mod_Wet,40,6,4,3,53,106.0,0.2783343426279847,274.8369423592014,274.8369423592014,,2,137.4184711796007,137.4184711796007,0.0,0.0,0.0,0.0,0.0,0.0,0.0,0.0,40.0,6.0,4.0,3.0,53.0,324.8369423592014,990.0,965.304184711796,24.695815288204017,0.1501767984499805,0.0249673884718402,989.8248558130782,0.1336918340884253,0.1336918340884253,0.0,0.0,24.38697926719381,24.38697926719381,24.520671101282232,24.520671101282232,,0.9111179336848872,0.9111179336848872,0.0,0.0,29.944455204037677,29.944455204037677,0.0,0.0,0.6098667047665514,0.6098667047665514,0.0,0.0,0.97,0.97,0.96,0.96,29.04612154791654,29.04612154791654,0.0,0.0,58.09224309583308,1394.213834299994,0.1525383612628658,5.871384703515175e-05,0.675
1952-12-01,1952-12-12,424.724,0.9100759486875,386.53109723034976,0.6709999999999999,1952,12,1,1952.12,1952,3,62,9,0.0333962868007022,5.694154871148385,0.0147314275926291,0.23,2,Mod_Wet,42,7,5,3,61,118.0,0.3052794480069451,268.53109723034976,268.53109723034976,,2,134.26554861517488,134.26554861517488,0.0,0.0,0.0,0.0,0.0,0.0,0.0,0.0,42.0,7.0,5.0,3.0,61.0,322.53109723034976,990.0,965.3326554861516,24.66734451384832,0.1493629941609514,0.0237062194460699,989.826930786393,0.1276192313965287,0.1276192313965287,0.0,0.0,24.36665606884474,24.36665606884474,24.49427530024127,24.49427530024127,,0.90960610680649,0.90960610680649,0.0,0.0,29.18452242906005,29.18452242906005,0.0,0.0,0.5943894588403268,0.5943894588403268,0.0,0.0,0.97,0.97,0.96,0.96,28.308986756188244,28.308986756188244,0.0,0.0,56.61797351237649,1358.8313642970356,0.1464771500095774,5.85675738369251e-05,0.67
1952-12-02,1952-12-13,448.7655,0.9091709283658698,408.00454625357366,0.643,1952,12,2,1952.12,1952,3,63,9,0.0352515927963087,21.473449023223907,0.0526304160588402,0.23,2,Mod_Wet,42,7,5,3,61,118.0,0.2892124636441265,290.00454625357366,290.00454625357366,,2,145.00227312678683,145.00227312678683,0.0,0.0,0.0,0.0,0.0,0.0,0.0,0.0,42.0,7.0,5.0,3.0,61.0,344.00454625357366,990.0,965.436020458141,24.563979541859,0.1569416405742301,0.0280009092507147,989.815057450175,0.1488047281037166,0.1488047281037166,0.0,0.0,24.230232263930287,24.230232263930287,24.379036992034003,24.379036992034003,,0.9145249686636974,0.9145249686636974,0.0,0.0,31.5113242351425,31.5113242351425,0.0,0.0,0.6417784976607434,0.6417784976607434,0.0,0.0,0.97,0.97,0.96,0.96,30.565984508088224,30.565984508088224,0.0,0.0,61.13196901617645,1467.1672563882348,0.1498315878524135,5.8554607932406525e-05,0.645
1952-12-03,1952-12-14,463.5928,0.9065907191323836,420.28892993659525,0.63,1952,12,3,1952.12,1952,3,64,10,0.0363129635465218,12.284383683021588,0.0292284255140262,0.23,2,Mod_Wet,42,7,5,3,61,118.0,0.2807592386927761,302.28892993659525,302.28892993659525,,2,151.14446496829763,151.14446496829763,0.0,0.0,0.0,0.0,0.0,0.0,0.0,0.0,42.0,7.0,5.0,3.0,61.0,356.28892993659525,990.0,965.4913001847146,24.508699815285357,0.161277180721413,0.030457785987319,989.8082650332911,0.1616720443315228,0.1616720443315228,0.0,0.0,24.155292804245093,24.155292804245093,24.316964848576617,24.316964848576617,,0.916942487263208,0.916942487263208,0.0,0.0,32.83109364903325,32.83109364903325,0.0,0.0,0.6686577117929379,0.6686577117929379,0.0,0.0,0.97,0.97,0.96,0.96,31.84616083956225,31.84616083956225,0.0,0.0,63.6923216791245,1528.615720298988,0.1515441334339525,5.852781834004152e-05,0.63
1952-12-04,1952-12-15,463.5928,0.9065907191323836,420.28892993659525,0.63,1952,12,4,1952.12,1952,3,65,10,0.0363129635465218,0.0,0.0,0.23,2,Mod_Wet,42,7,5,3,61,118.0,0.2807592386927761,302.28892993659525,302.28892993659525,,2,151.14446496829763,151.14446496829763,0.0,0.0,0.0,0.0,0.0,0.0,0.0,0.0,42.0,7.0,5.0,3.0,61.0,356.28892993659525,990.0,965.4913001847146,24.508699815285357,0.161277180721413,0.030457785987319,989.8082650332911,0.1616720443315228,0.1616720443315228,0.0,0.0,24.155292804245093,24.155292804245093,24.316964848576617,24.316964848576617,,0.916942487263208,0.916942487263208,0.0,0.0,32.83109364903325,32.83109364903325,0.0,0.0,0.6686577117929379,0.6686577117929379,0.0,0.0,0.97,0.97,0.96,0.96,31.84616083956225,31.84616083956225,0.0,0.0,63.6923216791245,1528.615720298988,0.1515441334339525,5.852781834004152e-05,0.63
1952-12-05,1952-12-16,463.5928,0.9065907191323836,420.28892993659525,0.63,1952,12,5,1952.12,1952,3,66,10,0.0363129635465218,0.0,0.0,0.23,2,Mod_Wet,42,7,5,3,61,118.0,0.2807592386927761,302.28892993659525,302.28892993659525,,2,151.14446496829763,151.14446496829763,0.0,0.0,0.0,0.0,0.0,0.0,0.0,0.0,42.0,7.0,5.0,3.0,61.0,356.28892993659525,990.0,965.4913001847146,24.508699815285357,0.161277180721413,0.030457785987319,989.8082650332911,0.1616720443315228,0.1616720443315228,0.0,0.0,24.155292804245093,24.155292804245093,24.316964848576617,24.316964848576617,,0.916942487263208,0.916942487263208,0.0,0.0,32.83109364903325,32.83109364903325,0.0,0.0,0.6686577117929379,0.6686577117929379,0.0,0.0,0.97,0.97,0.96,0.96,31.84616083956225,31.84616083956225,0.0,0.0,63.6923216791245,1528.615720298988,0.1515441334339525,5.852781834004152e-05,0.63
1952-12-06,1952-12-17,463.5928,0.9065907191323836,420.28892993659525,0.63,1952,12,6,1952.12,1952,3,67,10,0.0363129635465218,0.0,0.0,0.23,2,Mod_Wet,42,7,5,3,61,118.0,0.2807592386927761,302.28892993659525,302.28892993659525,,2,151.14446496829763,151.14446496829763,0.0,0.0,0.0,0.0,0.0,0.0,0.0,0.0,42.0,7.0,5.0,3.0,61.0,356.28892993659525,990.0,965.4913001847146,24.508699815285357,0.161277180721413,0.030457785987319,989.8082650332911,0.1616720443315228,0.1616720443315228,0.0,0.0,24.155292804245093,24.155292804245093,24.316964848576617,24.316964848576617,,0.916942487263208,0.916942487263208,0.0,0.0,32.83109364903325,32.83109364903325,0.0,0.0,0.6686577117929379,0.6686577117929379,0.0,0.0,0.97,0.97,0.96,0.96,31.84616083956225,31.84616083956225,0.0,0.0,63.6923216791245,1528.615720298988,0.1515441334339525,5.852781834004152e-05,0.63
1952-12-07,1952-12-18,463.5928,0.9065907191323836,420.28892993659525,0.63,1952,12,7,1952.12,1952,3,68,10,0.0363129635465218,0.0,0.0,0.23,2,Mod_Wet,42,7,5,3,61,118.0,0.2807592386927761,302.28892993659525,302.28892993659525,,2,151.14446496829763,151.14446496829763,0.0,0.0,0.0,0.0,0.0,0.0,0.0,0.0,42.0,7.0,5.0,3.0,61.0,356.28892993659525,990.0,965.4913001847146,24.508699815285357,0.161277180721413,0.030457785987319,989.8082650332911,0.1616720443315228,0.1616720443315228,0.0,0.0,24.155292804245093,24.155292804245093,24.316964848576617,24.316964848576617,,0.916942487263208,0.916942487263208,0.0,0.0,32.83109364903325,32.83109364903325,0.0,0.0,0.6686577117929379,0.6686577117929379,0.0,0.0,0.97,0.97,0.96,0.96,31.84616083956225,31.84616083956225,0.0,0.0,63.6923216791245,1528.615720298988,0.1515441334339525,5.852781834004152e-05,0.63
1952-12-08,1952-12-19,463.5928,0.9065907191323836,420.28892993659525,0.63,1952,12,8,1952.12,1952,3,69,10,0.0363129635465218,0.0,0.0,0.23,2,Mod_Wet,42,7,5,3,61,118.0,0.2807592386927761,302.28892993659525,302.28892993659525,,2,151.14446496829763,151.14446496829763,0.0,0.0,0.0,0.0,0.0,0.0,0.0,0.0,42.0,7.0,5.0,3.0,61.0,356.28892993659525,990.0,965.4913001847146,24.508699815285357,0.161277180721413,0.030457785987319,989.8082650332911,0.1616720443315228,0.1616720443315228,0.0,0.0,24.155292804245093,24.155292804245093,24.316964848576617,24.316964848576617,,0.916942487263208,0.916942487263208,0.0,0.0,32.83109364903325,32.83109364903325,0.0,0.0,0.6686577117929379,0.6686577117929379,0.0,0.0,0.97,0.97,0.96,0.96,31.84616083956225,31.84616083956225,0.0,0.0,63.6923216791245,1528.615720298988,0.1515441334339525,5.852781834004152e-05,0.63
1952-12-09,1952-12-20,463.5928,0.9065907191323836,420.28892993659525,0.63,1952,12,9,1952.12,1952,3,70,10,0.0363129635465218,0.0,0.0,0.23,2,Mod_Wet,42,7,5,3,61,118.0,0.2807592386927761,302.28892993659525,302.28892993659525,,2,151.14446496829763,151.14446496829763,0.0,0.0,0.0,0.0,0.0,0.0,0.0,0.0,42.0,7.0,5.0,3.0,61.0,356.28892993659525,990.0,965.4913001847146,24.508699815285357,0.161277180721413,0.030457785987319,989.8082650332911,0.1616720443315228,0.1616720443315228,0.0,0.0,24.155292804245093,24.155292804245093,24.316964848576617,24.316964848576617,,0.916942487263208,0.916942487263208,0.0,0.0,32.83109364903325,32.83109364903325,0.0,0.0,0.6686577117929379,0.6686577117929379,0.0,0.0,0.97,0.97,0.96,0.96,31.84616083956225,31.84616083956225,0.0,0.0,63.6923216791245,1528.615720298988,0.1515441334339525,5.852781834004152e-05,0.63
1952-12-10,1952-12-21,453.6742,0.9119592484433596,413.7323824701425,0.64,1952,12,10,1952.12,1952,3,71,11,0.0357464778454203,6.556547466452741,0.0158473151830843,0.23,2,Mod_Wet,42,7,5,3,61,118.0,0.2852085188389033,295.7323824701425,295.7323824701425,,2,147.86619123507126,147.86619123507126,0.0,0.0,0.0,0.0,0.0,0.0,0.0,0.0,42.0,7.0,5.0,3.0,61.0,349.7323824701425,990.0,965.4617957211155,24.538204278884336,0.1589631716916393,0.0291464764940285,989.8118903518144,0.1547616777689482,0.1547616777689482,0.0,0.0,24.195332952929714,24.195332952929714,24.350094630698663,24.350094630698663,,0.9156511402688372,0.9156511402688372,0.0,0.0,32.12693016639129,32.12693016639129,0.0,0.0,0.6543162966678471,0.6543162966678471,0.0,0.0,0.97,0.97,0.96,0.96,31.16312226139955,31.16312226139955,0.0,0.0,62.3262445227991,1495.8298685471784,0.15064386343338,5.854227242945048e-05,0.64
1952-12-11,1952-12-22,453.6742,0.9119592484433596,413.7323824701425,0.64,1952,12,11,1952.12,1952,3,72,11,0.0357464778454203,0.0,0.0,0.3,2,Mod_Wet,42,7,5,3,61,118.0,0.2852085188389033,295.7323824701425,295.7323824701425,,2,147.86619123507126,147.86619123507126,0.0,0.0,0.0,0.0,0.0,0.0,0.0,0.0,42.0,7.0,5.0,3.0,61.0,349.7323824701425,990.0,965.4617957211155,24.538204278884336,0.1589631716916393,0.0291464764940285,989.8118903518144,0.1547616777689482,0.1547616777689482,0.0,0.0,24.195332952929714,24.195332952929714,24.350094630698663,24.350094630698663,,0.9156511402688372,0.9156511402688372,0.0,0.0,32.12693016639129,32.12693016639129,0.0,0.0,0.6543162966678471,0.6543162966678471,0.0,0.0,0.97,0.97,0.96,0.96,31.16312226139955,31.16312226139955,0.0,0.0,62.3262445227991,1495.8298685471784,0.15064386343338,5.854227242945048e-05,0.64
1952-12-12,1952-12-23,453.6742,0.9119592484433596,413.7323824701425,0.64,1952,12,12,1952.12,1952,3,73,11,0.0357464778454203,0.0,0.0,0.3,2,Mod_Wet,42,7,5,3,61,118.0,0.2852085188389033,295.7323824701425,295.7323824701425,,2,147.86619123507126,147.86619123507126,0.0,0.0,0.0,0.0,0.0,0.0,0.0,0.0,42.0,7.0,5.0,3.0,61.0,349.7323824701425,990.0,965.4617957211155,24.538204278884336,0.1589631716916393,0.0291464764940285,989.8118903518144,0.1547616777689482,0.1547616777689482,0.0,0.0,24.195332952929714,24.195332952929714,24.350094630698663,24.350094630698663,,0.9156511402688372,0.9156511402688372,0.0,0.0,32.12693016639129,32.12693016639129,0.0,0.0,0.6543162966678471,0.6543162966678471,0.0,0.0,0.97,0.97,0.96,0.96,31.16312226139955,31.16312226139955,0.0,0.0,62.3262445227991,1495.8298685471784,0.15064386343338,5.854227242945048e-05,0.64
1952-12-13,1952-12-24,448.7655,0.9091709283658698,408.00454625357366,0.643,1952,12,13,1952.12,1952,3,74,11,0.0352515927963087,5.727836216568846,0.0140386578266434,0.3,2,Mod_Wet,42,7,5,3,61,118.0,0.2892124636441265,290.00454625357366,290.00454625357366,,2,145.00227312678683,145.00227312678683,0.0,0.0,0.0,0.0,0.0,0.0,0.0,0.0,42.0,7.0,5.0,3.0,61.0,344.00454625357366,990.0,965.436020458141,24.563979541859,0.1569416405742301,0.0280009092507147,989.815057450175,0.1488047281037166,0.1488047281037166,0.0,0.0,24.230232263930287,24.230232263930287,24.379036992034003,24.379036992034003,,0.9145249686636974,0.9145249686636974,0.0,0.0,31.5113242351425,31.5113242351425,0.0,0.0,0.6417784976607434,0.6417784976607434,0.0,0.0,0.97,0.97,0.96,0.96,30.565984508088224,30.565984508088224,0.0,0.0,61.13196901617645,1467.1672563882348,0.1498315878524135,5.8554607932406525e-05,0.645
1952-12-14,1952-12-25,443.8904,0.9076618404997884,402.90237744418727,0.648,1952,12,14,1952.12,1952,3,75,11,0.0348107654111777,5.102168809386399,0.0126635361194739,0.3,2,Mod_Wet,42,7,5,3,61,118.0,0.2928749161236859,284.90237744418727,284.90237744418727,,2,142.45118872209363,142.45118872209363,0.0,0.0,0.0,0.0,0.0,0.0,0.0,0.0,42.0,7.0,5.0,3.0,61.0,338.90237744418727,990.0,965.4130606984988,24.58693930150116,0.1551409268972898,0.0269804754888374,989.817878597614,0.1436514012186291,0.1436514012186291,0.0,0.0,24.261166497896443,24.261166497896443,24.404817899115077,24.404817899115077,,0.913348993258492,0.913348993258492,0.0,0.0,30.956596743036595,30.956596743036595,0.0,0.0,0.630480585397894,0.630480585397894,0.0,0.0,0.97,0.97,0.96,0.96,30.027898840745497,30.027898840745497,0.0,0.0,60.05579768149099,1441.339144355784,0.1490579382093875,5.855397267053149e-05,0.65
1952-12-15,1952-12-26,443.8904,0.9076618404997884,402.90237744418727,0.648,1952,12,15,1952.12,1952,3,76,11,0.0348107654111777,0.0,0.0,0.3,2,Mod_Wet,42,7,5,3,61,118.0,0.2928749161236859,284.90237744418727,284.90237744418727,,2,142.45118872209363,142.45118872209363,0.0,0.0,0.0,0.0,0.0,0.0,0.0,0.0,42.0,7.0,5.0,3.0,61.0,338.90237744418727,990.0,965.4130606984988,24.58693930150116,0.1551409268972898,0.0269804754888374,989.817878597614,0.1436514012186291,0.1436514012186291,0.0,0.0,24.261166497896443,24.261166497896443,24.404817899115077,24.404817899115077,,0.913348993258492,0.913348993258492,0.0,0.0,30.956596743036595,30.956596743036595,0.0,0.0,0.630480585397894,0.630480585397894,0.0,0.0,0.97,0.97,0.96,0.96,30.027898840745497,30.027898840745497,0.0,0.0,60.05579768149099,1441.339144355784,0.1490579382093875,5.855397267053149e-05,0.65
1952-12-16,1952-12-27,453.6742,0.9119592484433596,413.7323824701425,0.64,1952,12,16,1952.12,1952,3,77,11,0.0357464778454203,10.830005025955243,0.0261763533260218,0.3,2,Mod_Wet,42,7,5,3,61,118.0,0.2852085188389033,295.7323824701425,295.7323824701425,,2,147.86619123507126,147.86619123507126,0.0,0.0,0.0,0.0,0.0,0.0,0.0,0.0,42.0,7.0,5.0,3.0,61.0,349.7323824701425,990.0,965.4617957211155,24.538204278884336,0.1589631716916393,0.0291464764940285,989.8118903518144,0.1547616777689482,0.1547616777689482,0.0,0.0,24.195332952929714,24.195332952929714,24.350094630698663,24.350094630698663,,0.9156511402688372,0.9156511402688372,0.0,0.0,32.12693016639129,32.12693016639129,0.0,0.0,0.6543162966678471,0.6543162966678471,0.0,0.0,0.97,0.97,0.96,0.96,31.16312226139955,31.16312226139955,0.0,0.0,62.3262445227991,1495.8298685471784,0.15064386343338,5.854227242945048e-05,0.64
1952-12-17,1952-12-28,453.6742,0.9119592484433596,413.7323824701425,0.64,1952,12,17,1952.12,1952,3,78,12,0.0357464778454203,0.0,0.0,0.3,2,Mod_Wet,42,7,5,3,61,118.0,0.2852085188389033,295.7323824701425,295.7323824701425,,2,147.86619123507126,147.86619123507126,0.0,0.0,0.0,0.0,0.0,0.0,0.0,0.0,42.0,7.0,5.0,3.0,61.0,349.7323824701425,990.0,965.4617957211155,24.538204278884336,0.1589631716916393,0.0291464764940285,989.8118903518144,0.1547616777689482,0.1547616777689482,0.0,0.0,24.195332952929714,24.195332952929714,24.350094630698663,24.350094630698663,,0.9156511402688372,0.9156511402688372,0.0,0.0,32.12693016639129,32.12693016639129,0.0,0.0,0.6543162966678471,0.6543162966678471,0.0,0.0,0.97,0.97,0.96,0.96,31.16312226139955,31.16312226139955,0.0,0.0,62.3262445227991,1495.8298685471784,0.15064386343338,5.854227242945048e-05,0.64
1952-12-18,1952-12-29,458.6166,0.911126574868046,417.8577719356288,0.633,1952,12,18,1952.12,1952,3,79,12,0.0361029114952383,4.125389465486137,0.0098727120627103,0.3,2,Mod_Wet,42,7,5,3,61,118.0,0.2823927372545746,299.8577719356288,299.8577719356288,,2,149.9288859678144,149.9288859678144,0.0,0.0,0.0,0.0,0.0,0.0,0.0,0.0,42.0,7.0,5.0,3.0,61.0,353.8577719356288,990.0,965.4803599737104,24.51964002628972,0.1604191496317538,0.0299715543871257,989.8096092959812,0.1590520828130539,0.1590520828130539,0.0,0.0,24.17019723945787,24.17019723945787,24.329249322270925,24.329249322270925,,0.916463425162233,0.916463425162233,0.0,0.0,32.57011901230591,32.57011901230591,0.0,0.0,0.6633425460754767,0.6633425460754767,0.0,0.0,0.97,0.97,0.96,0.96,31.59301544193673,31.59301544193673,0.0,0.0,63.18603088387346,1516.4647412129632,0.1512142052334671,5.853333442792428e-05,0.635
1952-12-19,1952-12-30,468.6029,0.9015518661337044,422.4698189706656,0.626,1952,12,19,1952.12,1952,3,80,12,0.0365013923590655,4.6120470350369365,0.0109168674966511,0.3,2,Mod_Wet,42,7,5,3,61,118.0,0.27930989315995,304.4698189706656,304.4698189706656,,2,152.2349094853328,152.2349094853328,0.0,0.0,0.0,0.0,0.0,0.0,0.0,0.0,42.0,7.0,5.0,3.0,61.0,358.4698189706656,990.0,965.501114185368,24.49888581463199,0.1620468841276026,0.0308939637941331,989.8070591520784,0.1640274044883188,0.1640274044883188,0.0,0.0,24.14191756222197,24.14191756222197,24.305944966710285,24.305944966710285,,0.917372521459159,0.917372521459159,0.0,0.0,33.0651458543358,33.0651458543358,0.0,0.0,0.673424559151442,0.673424559151442,0.0,0.0,0.97,0.97,0.96,0.96,32.07319147870573,32.07319147870573,0.0,0.0,64.14638295741146,1539.5131909778752,0.151836604834168,5.852284397393362e-05,0.625
1952-12-20,1952-12-31,473.647,0.9007401735700734,426.6328809909446,0.62,1952,12,20,1952.12,1952,3,81,12,0.0368610809176176,4.163062020279028,0.0097579492949756,0.3,2,Mod_Wet,42,7,5,3,61,118.0,0.2765844013849101,308.6328809909446,308.6328809909446,,2,154.3164404954723,154.3164404954723,0.0,0.0,0.0,0.0,0.0,0.0,0.0,0.0,42.0,7.0,5.0,3.0,61.0,362.6328809909446,990.0,965.5198479644592,24.480152035540755,0.1635161578811632,0.0317265761981889,989.8047572659208,0.1685235114702201,0.1685235114702201,0.0,0.0,24.11638578999121,24.11638578999121,24.284909301461425,24.284909301461425,,0.9181941757973172,0.9181941757973172,0.0,0.0,33.51179209371814,33.51179209371814,0.0,0.0,0.6825212239046464,0.6825212239046464,0.0,0.0,0.97,0.97,0.96,0.96,32.5064383309066,32.5064383309066,0.0,0.0,65.0128766618132,1560.3090398835166,0.1523859963882931,5.85133131248873e-05,0.62
1952-12-21,1953-01-01,473.647,0.9007401735700734,426.6328809909446,0.62,1952,12,21,1952.12,1952,3,82,12,0.0368610809176176,0.0,0.0,0.48,3,Normal,38,5,4,3,54,104.0,0.2437693029155139,322.6328809909446,322.6328809909446,,2,161.3164404954723,161.3164404954723,0.0,0.0,0.0,0.0,0.0,0.0,0.0,0.0,38.0,5.0,4.0,3.0,54.0,369.6328809909446,990.0,965.5198479644592,24.480152035540755,0.1659866750689506,0.0345265761981889,989.7994867487328,0.1841278131395863,0.1841278131395863,0.0,0.0,24.09551097113393,24.09551097113393,24.27963878427352,24.27963878427352,,0.9210235445603216,0.9210235445603216,0.0,0.0,35.10946428731493,35.10946428731493,0.0,0.0,0.7150603724504059,0.7150603724504059,0.0,0.0,0.97,0.97,0.96,0.96,34.05618035869548,34.05618035869548,0.0,0.0,68.11236071739096,1634.6966572173828,0.1596509874231579,5.8642814523936565e-05,0.62
1952-12-22,1953-01-02,478.7252,0.9002196493164109,430.9578316629287,0.615,1952,12,22,1952.12,1952,3,83,12,0.037234756655677,4.324950671984085,0.0100356702076754,0.48,3,Normal,38,5,4,3,54,104.0,0.2413229145846989,326.9578316629287,326.9578316629287,,2,163.47891583146435,163.47891583146435,0.0,0.0,0.0,0.0,0.0,0.0,0.0,0.0,38.0,5.0,4.0,3.0,54.0,373.9578316629287,990.0,965.5393102424832,24.46068975751689,0.1675130843505891,0.0353915663325857,989.7970953493168,0.189101506412368,0.189101506412368,0.0,0.0,24.068683600421327,24.068683600421327,24.25778510683369,24.25778510683369,,0.921880144890208,0.921880144890208,0.0,0.0,35.57355332693169,35.57355332693169,0.0,0.0,0.7245122877175496,0.7245122877175496,0.0,0.0,0.97,0.97,0.96,0.96,34.506346727123734,34.506346727123734,0.0,0.0,69.01269345424747,1656.3046429019391,0.1601379262280708,5.863200318120232e-05,0.615
1952-12-23,1953-01-03,478.7252,0.9002196493164109,430.9578316629287,0.615,1952,12,23,1952.12,1952,3,84,12,0.037234756655677,0.0,0.0,0.48,3,Normal,38,5,4,3,54,104.0,0.2413229145846989,326.9578316629287,326.9578316629287,,2,163.47891583146435,163.47891583146435,0.0,0.0,0.0,0.0,0.0,0.0,0.0,0.0,38.0,5.0,4.0,3.0,54.0,373.9578316629287,990.0,965.5393102424832,24.46068975751689,0.1675130843505891,0.0353915663325857,989.7970953493168,0.189101506412368,0.189101506412368,0.0,0.0,24.068683600421327,24.068683600421327,24.25778510683369,24.25778510683369,,0.921880144890208,0.921880144890208,0.0,0.0,35.57355332693169,35.57355332693169,0.0,0.0,0.7245122877175496,0.7245122877175496,0.0,0.0,0.97,0.97,0.96,0.96,34.506346727123734,34.506346727123734,0.0,0.0,69.01269345424747,1656.3046429019391,0.1601379262280708,5.863200318120232e-05,0.615
1952-12-24,1953-01-04,494.165,0.8960553284209241,442.799181369126,0.602,1952,12,24,1952.12,1952,3,85,13,0.0382578492702924,11.841349706197269,0.0267420316125789,0.48,3,Normal,38,5,4,3,54,104.0,0.2348694495740352,338.799181369126,338.799181369126,,2,169.399590684563,169.399590684563,0.0,0.0,0.0,0.0,0.0,0.0,0.0,0.0,38.0,5.0,4.0,3.0,54.0,385.799181369126,990.0,965.592596316161,24.407403683838996,0.1716922640614122,0.0377598362738252,989.7905478996648,0.2030710258292599,0.2030710258292599,0.0,0.0,23.99488055767445,23.99488055767445,24.19795158350371,24.19795158350371,,0.9240171241850852,0.9240171241850852,0.0,0.0,36.83406654122496,36.83406654122496,0.0,0.0,0.7501846546074329,0.7501846546074329,0.0,0.0,0.97,0.97,0.96,0.96,35.729044544988206,35.729044544988206,0.0,0.0,71.45808908997641,1714.994138159434,0.16137809665553,5.858771296744624e-05,0.6
1952-12-25,1953-01-05,515.2343,0.8913623235036077,459.2604427967548,0.585,1952,12,25,1952.12,1952,3,86,13,0.0396801022576396,16.46126142762887,0.0358429768681684,0.48,3,Normal,38,5,4,3,54,104.0,0.2264510293259136,355.2604427967548,355.2604427967548,,2,177.6302213983774,177.6302213983774,0.0,0.0,0.0,0.0,0.0,0.0,0.0,0.0,38.0,5.0,4.0,3.0,54.0,402.2604427967548,990.0,965.6666719925854,24.333328007414597,0.1775019539599291,0.0410520885593509,989.7814459574809,0.2232755534959434,0.2232755534959434,0.0,0.0,23.89149841139939,23.89149841139939,24.11477396489533,24.11477396489533,,0.9268877095597774,0.9268877095597774,0.0,0.0,38.57678836638233,38.57678836638233,0.0,0.0,0.7856779708020841,0.7856779708020841,0.0,0.0,0.97,0.97,0.96,0.96,37.41948471539086,37.41948471539086,0.0,0.0,74.83896943078172,1796.135266338761,0.1629554005893375,5.851651384546291e-05,0.585
1952-12-26,1953-01-06,515.2343,0.8913623235036077,459.2604427967548,0.585,1952,12,26,1952.12,1952,3,87,13,0.0396801022576396,0.0,0.0,0.48,3,Normal,38,5,4,3,54,104.0,0.2264510293259136,355.2604427967548,355.2604427967548,,2,177.6302213983774,177.6302213983774,0.0,0.0,0.0,0.0,0.0,0.0,0.0,0.0,38.0,5.0,4.0,3.0,54.0,402.2604427967548,990.0,965.6666719925854,24.333328007414597,0.1775019539599291,0.0410520885593509,989.7814459574809,0.2232755534959434,0.2232755534959434,0.0,0.0,23.89149841139939,23.89149841139939,24.11477396489533,24.11477396489533,,0.9268877095597774,0.9268877095597774,0.0,0.0,38.57678836638233,38.57678836638233,0.0,0.0,0.7856779708020841,0.7856779708020841,0.0,0.0,0.97,0.97,0.96,0.96,37.41948471539086,37.41948471539086,0.0,0.0,74.83896943078172,1796.135266338761,0.1629554005893375,5.851651384546291e-05,0.585
1952-12-27,1953-01-07,525.9775,0.8881694527338079,467.1571483252964,0.58,1952,12,27,1952.12,1952,3,88,13,0.0403623776153056,7.896705528541587,0.016903745467345,0.48,3,Normal,38,5,4,3,54,104.0,0.22262315876537,363.1571483252964,363.1571483252964,,2,181.5785741626482,181.5785741626482,0.0,0.0,0.0,0.0,0.0,0.0,0.0,0.0,38.0,5.0,4.0,3.0,54.0,410.1571483252964,990.0,965.7022071674638,24.29779283253617,0.180288946350666,0.0426314296650592,989.7770796239844,0.2332727213396323,0.2332727213396323,0.0,0.0,23.841599735180807,23.841599735180807,24.07487245652044,24.07487245652044,,0.9282666283500168,0.9282666283500168,0.0,0.0,39.41045339104741,39.41045339104741,0.0,0.0,0.8026568918746927,0.8026568918746927,0.0,0.0,0.9702656891874692,0.9702656891874692,0.96,0.96,38.23861072065525,38.23861072065525,0.0,0.0,76.4772214413105,1835.453314591452,0.1637076981813772,5.8497189771843136e-05,0.58
1952-12-28,1953-01-08,531.4016,0.8847902403509693,470.1789493868897,0.5740000000000001,1952,12,28,1952.12,1952,3,89,13,0.0406234612270272,3.021801061593294,0.0064269169547758,0.48,3,Normal,38,5,4,3,54,104.0,0.2211923782117751,366.1789493868897,366.1789493868897,,2,183.08947469344488,183.08947469344488,0.0,0.0,0.0,0.0,0.0,0.0,0.0,0.0,38.0,5.0,4.0,3.0,54.0,413.1789493868897,990.0,965.715805272241,24.28419472775897,0.1813554337022003,0.0432357898773779,989.7754087764204,0.2371708447090877,0.2371708447090877,0.0,0.0,23.82243265947036,23.82243265947036,24.05960350417945,24.05960350417945,,0.928794597895512,0.928794597895512,0.0,0.0,39.729021323231024,39.729021323231024,0.0,0.0,0.8091450371330147,0.8091450371330147,0.0,0.0,0.9709145037133016,0.9709145037133016,0.96,0.96,38.57348302106002,38.57348302106002,0.0,0.0,77.14696604212004,1851.527185010881,0.1640800085642268,5.852251426620385e-05,0.575
1952-12-29,1953-01-09,536.8608,0.8801028281077824,472.4927083802066,0.5690000000000001,1952,12,29,1952.12,1952,3,90,13,0.0408233700040498,2.313758993316867,0.0048969199995675,0.48,3,Normal,38,5,4,3,54,104.0,0.220109216831158,368.4927083802066,368.4927083802066,,2,184.2463541901033,184.2463541901033,0.0,0.0,0.0,0.0,0.0,0.0,0.0,0.0,38.0,5.0,4.0,3.0,54.0,415.4927083802066,990.0,965.7262171877107,24.27378281228914,0.1821720310395413,0.0436985416760413,989.7741294272844,0.2401555938104665,0.2401555938104665,0.0,0.0,23.807756645763167,23.807756645763167,24.047912239573638,24.047912239573638,,0.9291989952554311,0.9291989952554311,0.0,0.0,39.97282190632457,39.97282190632457,0.0,0.0,0.8141104257907243,0.8141104257907243,0.0,0.0,0.9714110425790724,0.9714110425790724,0.96,0.96,38.83004060285033,38.83004060285033,0.0,0.0,77.66008120570066,1863.841948936816,0.1643624966656817,5.854184978092782e-05,0.57
1952-12-30,1953-01-10,547.8849,0.8752989863551575,479.5630976092969,0.5630000000000001,1952,12,30,1952.12,1952,3,91,13,0.0414342516334432,7.070389229090267,0.0147433971970265,0.48,3,Normal,38,5,4,3,54,104.0,0.2168640592206898,375.5630976092969,375.5630976092969,,2,187.78154880464845,187.78154880464845,0.0,0.0,0.0,0.0,0.0,0.0,0.0,0.0,38.0,5.0,4.0,3.0,54.0,422.5630976092969,990.0,965.7580339392418,24.24196606075816,0.1846673907702291,0.0451126195218593,989.770219989708,0.2494989198203649,0.2494989198203649,0.0,0.0,23.76268713064572,23.76268713064572,24.012186050466084,24.012186050466084,,0.9302863057041348,0.9302863057041348,0.0,0.0,40.71025232336399,40.71025232336399,0.0,0.0,0.8291293752212625,0.8291293752212625,0.0,0.0,0.9729129375221264,0.9729129375221264,0.96,0.96,39.60753117519102,39.60753117519102,0.0,0.0,79.21506235038204,1901.161496409169,0.1651817305069604,5.85898458242787e-05,0.565
1952-12-31,1953-01-11,553.45,0.8781733244038457,486.0250263913084,0.5579999999999999,1952,12,31,1952.12,1952,3,92,14,0.041992562280209,6.461928782011513,0.0132954651121378,0.48,3,Normal,38,5,4,3,54,104.0,0.2139807506872445,382.0250263913084,382.0250263913084,,2,191.0125131956542,191.0125131956542,0.0,0.0,0.0,0.0,0.0,0.0,0.0,0.0,38.0,5.0,4.0,3.0,54.0,429.0250263913084,990.0,965.7871126187608,24.21288738123917,0.1869480059305459,0.0464050052782616,989.7666469887912,0.2581540358921794,0.2581540358921794,0.0,0.0,23.721380334138185,23.721380334138185,23.979534370030365,23.979534370030365,,0.9312429120239828,0.9312429120239828,0.0,0.0,41.38123570765024,41.38123570765024,0.0,0.0,0.8427950245957277,0.8427950245957277,0.0,0.0,0.9742795024595728,0.9742795024595728,0.96,0.96,40.316889736411774,40.316889736411774,0.0,0.0,80.63377947282355,1935.210707347765,0.1659045832917741,5.863037897638088e-05,0.56
1953-01-01,1953-01-12,564.6867,0.8760275090430032,494.6810831907137,0.5529999999999999,1953,1,1,1953.01,1952,4,93,14,0.0427404455876776,8.656056799405293,0.0174982571469548,0.49,3,Normal,41,6,4,3,66,120.0,0.2425805313314084,374.6810831907137,374.6810831907137,,2,187.34054159535685,187.34054159535685,0.0,0.0,0.0,0.0,0.0,0.0,0.0,0.0,41.0,6.0,4.0,3.0,66.0,425.6810831907137,990.0,965.8260648743582,24.173935125641837,0.1857678246231096,0.0449362166381427,989.7692959587388,0.2483258406436492,0.2483258406436492,0.0,0.0,23.694905243736965,23.694905243736965,23.943231084380614,23.943231084380614,,0.9300946035351088,0.9300946035351088,0.0,0.0,40.49044704974939,40.49044704974939,0.0,0.0,0.8246526894042646,0.8246526894042646,0.0,0.0,0.9724652689404264,0.9724652689404264,0.96,0.96,39.37555347975264,39.37555347975264,0.0,0.0,78.75110695950528,1890.0265670281267,0.159195711409778,5.838380550858201e-05,0.555
1953-01-02,1953-01-13,570.3586,0.8854392210789449,505.01787451967766,0.547,1953,1,2,1953.01,1952,4,94,14,0.0436335443585001,10.336791328964011,0.0204681692480594,0.49,3,Normal,41,6,4,3,66,120.0,0.237615351959833,385.01787451967766,385.01787451967766,,2,192.50893725983883,192.50893725983883,0.0,0.0,0.0,0.0,0.0,0.0,0.0,0.0,41.0,6.0,4.0,3.0,66.0,436.01787451967766,990.0,965.8725804353384,24.127419564661523,0.1894159990009349,0.0470035749039355,989.7635804260952,0.2622243093467616,0.2622243093467616,0.0,0.0,23.62877568140989,23.62877568140989,23.89099999075665,23.89099999075665,,0.9316243400542232,0.9316243400542232,0.0,0.0,41.55962708296686,41.55962708296686,0.0,0.0,0.8464282501622579,0.8464282501622579,0.0,0.0,0.9746428250162258,0.9746428250162258,0.96,0.96,40.50579234676367,40.50579234676367,0.0,0.0,81.01158469352734,1944.278032644656,0.160413301748136,5.844720325906364e-05,0.545
1953-01-03,1953-01-14,576.0661,0.8889914195501405,512.1178199937132,0.544,1953,1,3,1953.01,1952,4,95,14,0.0442469796474568,7.099945474035508,0.0138638906846136,0.49,3,Normal,41,6,4,3,66,120.0,0.2343210786952759,392.1178199937132,392.1178199937132,,2,196.05890999685656,196.05890999685656,0.0,0.0,0.0,0.0,0.0,0.0,0.0,0.0,41.0,6.0,4.0,3.0,66.0,443.1178199937132,990.0,965.9045301899716,24.09546981002836,0.1919217900475004,0.0484235639987426,989.7596546459538,0.2719649479911984,0.2719649479911984,0.0,0.0,23.583159507990956,23.583159507990956,23.85512445598215,23.85512445598215,,0.9326744979591832,0.9326744979591832,0.0,0.0,42.29191724925433,42.29191724925433,0.0,0.0,0.8613425101681127,0.8613425101681127,0.0,0.0,0.9761342510168112,0.9761342510168112,0.96,0.96,41.28258896816584,41.28258896816584,0.0,0.0,82.56517793633168,1981.5642704719603,0.1612230129725719,5.848949086105991e-05,0.545
1953-01-04,1953-01-15,587.589,0.8901106602929673,523.0192327708844,0.536,1953,1,4,1953.01,1952,4,96,14,0.0451888617114044,10.901412777171233,0.0208432349981032,0.49,3,Normal,41,6,4,3,66,120.0,0.2294370693870212,403.0192327708844,403.0192327708844,,2,201.5096163854422,201.5096163854422,0.0,0.0,0.0,0.0,0.0,0.0,0.0,0.0,41.0,6.0,4.0,3.0,66.0,454.0192327708844,990.0,965.953586547469,24.046413452531056,0.1957692368528099,0.0506038465541768,989.753626916593,0.2873175028623647,0.2873175028623647,0.0,0.0,23.51272286626171,23.51272286626171,23.80004036912408,23.80004036912408,,0.9342859674507764,0.9342859674507764,0.0,0.0,43.41274295256311,43.41274295256311,0.0,0.0,0.8841699175674766,0.8841699175674766,0.0,0.0,0.9784169917567476,0.9784169917567476,0.96,0.96,42.47576536355575,42.47576536355575,0.0,0.0,84.95153072711149,2038.836737450676,0.1624252520830828,5.8552162044367865e-05,0.535
1953-01-05,1953-01-16,599.256,0.8886339443648977,532.5192229643311,0.53,1953,1,5,1953.01,1952,4,97,14,0.0460096608641182,9.499990193446706,0.017839713166717,0.49,3,Normal,41,6,4,3,66,120.0,0.2253439778793446,412.5192229643311,412.5192229643311,,2,206.25961148216555,206.25961148216555,0.0,0.0,0.0,0.0,0.0,0.0,0.0,0.0,41.0,6.0,4.0,3.0,66.0,463.5192229643311,990.0,965.9963365033394,24.00366349666058,0.1991220781466273,0.0525038445928662,989.7483740772606,0.3010032577575667,0.3010032577575667,0.0,0.0,23.45103431616357,23.45103431616357,23.752037573921143,23.752037573921143,,0.9356115782944368,0.9356115782944368,0.0,0.0,44.38236948782349,44.38236948782349,0.0,0.0,0.9039179121756312,0.9039179121756312,0.0,0.0,0.98,0.98,0.96,0.96,43.494722098067015,43.494722098067015,0.0,0.0,86.98944419613403,2087.7466607072165,0.1633545615722509,5.857602059193119e-05,0.53
1953-01-06,1953-01-17,605.1438,0.8886028945088347,537.7325322740754,0.526,1953,1,6,1953.01,1952,4,98,14,0.0464600907884801,5.213309309744318,0.009694985883962,0.49,3,Normal,41,6,4,3,66,120.0,0.2231592711947685,417.7325322740754,417.7325322740754,,2,208.8662661370377,208.8662661370377,0.0,0.0,0.0,0.0,0.0,0.0,0.0,0.0,41.0,6.0,4.0,3.0,66.0,468.7325322740754,990.0,966.0197963952334,23.980203604766643,0.2009620167544809,0.053546506454815,989.7454914767908,0.3086668224428909,0.3086668224428909,0.0,0.0,23.417028259114428,23.417028259114428,23.72569508155732,23.72569508155732,,0.9362169141374914,0.9362169141374914,0.0,0.0,44.907126405155786,44.907126405155786,0.0,0.0,0.9146054257669204,0.9146054257669204,0.0,0.0,0.98,0.98,0.96,0.96,44.00898387705267,44.00898387705267,0.0,0.0,88.01796775410534,2112.431226098528,0.1636835461337565,5.8528923649188376e-05,0.525
1953-01-07,1953-01-18,617.0284,0.8884164098844547,548.1781559247493,0.519,1953,1,7,1953.01,1952,4,99,15,0.0473625926718983,10.445623650673838,0.0190551621544506,0.49,3,Normal,41,6,4,3,66,120.0,0.2189069350958831,428.17815592474926,428.17815592474926,,2,214.08907796237463,214.08907796237463,0.0,0.0,0.0,0.0,0.0,0.0,0.0,0.0,41.0,6.0,4.0,3.0,66.0,479.17815592474926,990.0,966.0668017016612,23.93319829833865,0.2046486014353592,0.0556356311849498,989.7397157673796,0.3242672338871239,0.3242672338871239,0.0,0.0,23.34864683183125,23.34864683183125,23.672914065718373,23.672914065718373,,0.9374151201456764,0.9374151201456764,0.0,0.0,45.95437687786247,45.95437687786247,0.0,0.0,0.9359343559646124,0.9359343559646124,0.0,0.0,0.98,0.98,0.96,0.96,45.03528934030521,45.03528934030521,0.0,0.0,90.07057868061042,2161.69388833465,0.1643089526773752,5.843269873266388e-05,0.52
1953-01-08,1953-01-19,623.0255,0.8843912864860217,550.9983234585969,0.515,1953,1,8,1953.01,1952,4,100,15,0.0476062551468227,2.8201675338476657,0.0051182869598324,0.49,3,Normal,41,6,4,3,66,120.0,0.217786506584565,430.9983234585969,430.9983234585969,,2,215.4991617292985,215.4991617292985,0.0,0.0,0.0,0.0,0.0,0.0,0.0,0.0,41.0,6.0,4.0,3.0,66.0,481.9983234585969,990.0,966.0794924555636,23.920507544436305,0.2056439260589036,0.0561996646917193,989.7381564092494,0.3285374181262392,0.3285374181262392,0.0,0.0,23.330126535559494,23.330126535559494,23.65866395368573,23.65866395368573,,0.9377352460582628,0.9377352460582628,0.0,0.0,46.23614518417596,46.23614518417596,0.0,0.0,0.941673018007657,0.941673018007657,0.0,0.0,0.98,0.98,0.96,0.96,45.31142228049245,45.31142228049245,0.0,0.0,90.62284456098487,2174.948269463637,0.1644702727807745,5.840628839585163e-05,0.515
1953-01-09,1953-01-20,623.0255,0.8843912864860217,550.9983234585969,0.515,1953,1,9,1953.01,1952,4,101,15,0.0476062551468227,0.0,0.0,0.49,3,Normal,41,6,4,3,66,120.0,0.217786506584565,430.9983234585969,430.9983234585969,,2,215.4991617292985,215.4991617292985,0.0,0.0,0.0,0.0,0.0,0.0,0.0,0.0,41.0,6.0,4.0,3.0,66.0,481.9983234585969,990.0,966.0794924555636,23.920507544436305,0.2056439260589036,0.0561996646917193,989.7381564092494,0.3285374181262392,0.3285374181262392,0.0,0.0,23.330126535559494,23.330126535559494,23.65866395368573,23.65866395368573,,0.9377352460582628,0.9377352460582628,0.0,0.0,46.23614518417596,46.23614518417596,0.0,0.0,0.941673018007657,0.941673018007657,0.0,0.0,0.98,0.98,0.96,0.96,45.31142228049245,45.31142228049245,0.0,0.0,90.62284456098487,2174.948269463637,0.1644702727807745,5.840628839585163e-05,0.515
1953-01-10,1953-01-21,635.1294,0.8861628436789661,562.8280752081156,0.506,1953,1,10,1953.01,1952,4,102,15,0.0486283456979812,11.829751749518664,0.0210184108977584,0.49,3,Normal,41,6,4,3,66,120.0,0.2132089803011832,442.8280752081156,442.8280752081156,,3,147.6093584027052,147.6093584027052,147.6093584027052,0.0,0.0,0.0,0.0,0.0,0.0,0.0,41.0,6.0,4.0,3.0,66.0,493.8280752081156,990.0,966.1327263384364,23.86727366156356,0.209819012490967,0.0585656150416231,989.7316153724674,0.1542274654776268,0.1542274654776268,0.1542274654776268,0.0,23.44466156855337,23.44466156855337,23.44466156855337,23.598889034031004,,0.91476755210699,0.91476755210699,0.91476755210699,0.0,31.046118529875216,31.046118529875216,31.046118529875216,0.0,0.6323038397123262,0.6323038397123262,0.6323038397123262,0.0,0.97,0.97,0.97,0.96,30.11473497397896,30.11473497397896,30.11473497397896,0.0,90.34420492193688,2168.260918126485,0.1605182983960608,5.667123175630097e-05,0.505
1953-01-11,1953-01-22,635.1294,0.8861628436789661,562.8280752081156,0.506,1953,1,11,1953.01,1952,4,103,15,0.0486283456979812,0.0,0.0,0.53,3,Normal,41,6,4,3,66,120.0,0.2132089803011832,442.8280752081156,442.8280752081156,,3,147.6093584027052,147.6093584027052,147.6093584027052,0.0,0.0,0.0,0.0,0.0,0.0,0.0,41.0,6.0,4.0,3.0,66.0,493.8280752081156,990.0,966.1327263384364,23.86727366156356,0.209819012490967,0.0585656150416231,989.7316153724674,0.1542274654776268,0.1542274654776268,0.1542274654776268,0.0,23.44466156855337,23.44466156855337,23.44466156855337,23.598889034031004,,0.91476755210699,0.91476755210699,0.91476755210699,0.0,31.046118529875216,31.046118529875216,31.046118529875216,0.0,0.6323038397123262,0.6323038397123262,0.6323038397123262,0.0,0.97,0.97,0.97,0.96,30.11473497397896,30.11473497397896,30.11473497397896,0.0,90.34420492193688,2168.260918126485,0.1605182983960608,5.667123175630097e-05,0.505
1953-01-12,1953-01-23,635.1294,0.8861628436789661,562.8280752081156,0.506,1953,1,12,1953.01,1952,4,104,15,0.0486283456979812,0.0,0.0,0.53,3,Normal,41,6,4,3,66,120.0,0.2132089803011832,442.8280752081156,442.8280752081156,,3,147.6093584027052,147.6093584027052,147.6093584027052,0.0,0.0,0.0,0.0,0.0,0.0,0.0,41.0,6.0,4.0,3.0,66.0,493.8280752081156,990.0,966.1327263384364,23.86727366156356,0.209819012490967,0.0585656150416231,989.7316153724674,0.1542274654776268,0.1542274654776268,0.1542274654776268,0.0,23.44466156855337,23.44466156855337,23.44466156855337,23.598889034031004,,0.91476755210699,0.91476755210699,0.91476755210699,0.0,31.046118529875216,31.046118529875216,31.046118529875216,0.0,0.6323038397123262,0.6323038397123262,0.6323038397123262,0.0,0.97,0.97,0.97,0.96,30.11473497397896,30.11473497397896,30.11473497397896,0.0,90.34420492193688,2168.260918126485,0.1605182983960608,5.667123175630097e-05,0.505
1953-01-13,1953-01-24,635.1294,0.8861628436789661,562.8280752081156,0.506,1953,1,13,1953.01,1952,4,105,15,0.0486283456979812,0.0,0.0,0.53,3,Normal,41,6,4,3,66,120.0,0.2132089803011832,442.8280752081156,442.8280752081156,,3,147.6093584027052,147.6093584027052,147.6093584027052,0.0,0.0,0.0,0.0,0.0,0.0,0.0,41.0,6.0,4.0,3.0,66.0,493.8280752081156,990.0,966.1327263384364,23.86727366156356,0.209819012490967,0.0585656150416231,989.7316153724674,0.1542274654776268,0.1542274654776268,0.1542274654776268,0.0,23.44466156855337,23.44466156855337,23.44466156855337,23.598889034031004,,0.91476755210699,0.91476755210699,0.91476755210699,0.0,31.046118529875216,31.046118529875216,31.046118529875216,0.0,0.6323038397123262,0.6323038397123262,0.6323038397123262,0.0,0.97,0.97,0.97,0.96,30.11473497397896,30.11473497397896,30.11473497397896,0.0,90.34420492193688,2168.260918126485,0.1605182983960608,5.667123175630097e-05,0.505
1953-01-14,1953-01-25,641.2365,0.8794376863729334,563.9275439778775,0.503,1953,1,14,1953.01,1952,4,106,16,0.0487233397996886,1.09946876976187,0.0019496631819157,0.53,3,Normal,41,6,4,3,66,120.0,0.2127932946022362,443.9275439778775,443.9275439778775,,3,147.97584799262583,147.97584799262583,147.97584799262583,0.0,0.0,0.0,0.0,0.0,0.0,0.0,41.0,6.0,4.0,3.0,66.0,494.9275439778775,990.0,966.1376739479005,23.862326052099547,0.2102070491328431,0.0587855087955754,989.7310074420716,0.1549897638246617,0.1549897638246617,0.1549897638246617,0.0,23.43834373034647,23.43834373034647,23.43834373034647,23.593333494171134,,0.9149121615646194,0.9149121615646194,0.9149121615646194,0.0,31.11973259083455,31.11973259083455,31.11973259083455,0.0,0.6338031077563044,0.6338031077563044,0.6338031077563044,0.0,0.97,0.97,0.97,0.96,30.18614061310951,30.18614061310951,30.18614061310951,0.0,90.55842183932852,2173.402124143885,0.1605852078097485,5.666491642348922e-05,0.505
1953-01-15,1953-01-26,672.3268,0.8764068829576366,589.2318351168824,0.488,1953,1,15,1953.01,1952,4,107,16,0.0509096305540986,25.30429113900493,0.0429445417421912,0.53,3,Normal,41,6,4,3,66,120.0,0.203654984079732,469.2318351168824,469.2318351168824,,3,156.41061170562747,156.41061170562747,156.41061170562747,0.0,0.0,0.0,0.0,0.0,0.0,0.0,41.0,6.0,4.0,3.0,66.0,520.2318351168824,990.0,966.251543258026,23.74845674197411,0.2221638497049443,0.0638463670233764,989.7139897832716,0.173131557986493,0.173131557986493,0.173131557986493,0.0,23.2893149672592,23.2893149672592,23.2893149672592,23.462446525245696,,0.9182470782488196,0.9182470782488196,0.9182470782488196,0.0,32.80357552352977,32.80357552352977,32.80357552352977,0.0,0.6680972611716858,0.6680972611716858,0.6680972611716858,0.0,0.97,0.97,0.97,0.96,31.81946825782388,31.81946825782388,31.81946825782388,0.0,95.45840477347164,2291.001714563319,0.1620048325368165,5.65098562453282e-05,0.49
1953-01-16,1953-01-27,672.3268,0.8764068829576366,589.2318351168824,0.488,1953,1,16,1953.01,1952,4,108,16,0.0509096305540986,0.0,0.0,0.53,3,Normal,41,6,4,3,66,120.0,0.203654984079732,469.2318351168824,469.2318351168824,,3,156.41061170562747,156.41061170562747,156.41061170562747,0.0,0.0,0.0,0.0,0.0,0.0,0.0,41.0,6.0,4.0,3.0,66.0,520.2318351168824,990.0,966.251543258026,23.74845674197411,0.2221638497049443,0.0638463670233764,989.7139897832716,0.173131557986493,0.173131557986493,0.173131557986493,0.0,23.2893149672592,23.2893149672592,23.2893149672592,23.462446525245696,,0.9182470782488196,0.9182470782488196,0.9182470782488196,0.0,32.80357552352977,32.80357552352977,32.80357552352977,0.0,0.6680972611716858,0.6680972611716858,0.6680972611716858,0.0,0.97,0.97,0.97,0.96,31.81946825782388,31.81946825782388,31.81946825782388,0.0,95.45840477347164,2291.001714563319,0.1620048325368165,5.65098562453282e-05,0.49
1953-01-17,1953-01-28,672.3268,0.8764068829576366,589.2318351168824,0.488,1953,1,17,1953.01,1952,4,109,16,0.0509096305540986,0.0,0.0,0.53,3,Normal,41,6,4,3,66,120.0,0.203654984079732,469.2318351168824,469.2318351168824,,3,156.41061170562747,156.41061170562747,156.41061170562747,0.0,0.0,0.0,0.0,0.0,0.0,0.0,41.0,6.0,4.0,3.0,66.0,520.2318351168824,990.0,966.251543258026,23.74845674197411,0.2221638497049443,0.0638463670233764,989.7139897832716,0.173131557986493,0.173131557986493,0.173131557986493,0.0,23.2893149672592,23.2893149672592,23.2893149672592,23.462446525245696,,0.9182470782488196,0.9182470782488196,0.9182470782488196,0.0,32.80357552352977,32.80357552352977,32.80357552352977,0.0,0.6680972611716858,0.6680972611716858,0.6680972611716858,0.0,0.97,0.97,0.97,0.96,31.81946825782388,31.81946825782388,31.81946825782388,0.0,95.45840477347164,2291.001714563319,0.1620048325368165,5.65098562453282e-05,0.49
1953-01-18,1953-01-29,691.4282,0.8804892019345739,608.7950640130589,0.48,1953,1,18,1953.01,1952,4,110,16,0.0525998935307282,19.563228896176497,0.0321343421663432,0.53,3,Normal,41,6,4,3,66,120.0,0.1971106651374327,488.7950640130589,488.7950640130589,,3,162.93168800435296,162.93168800435296,162.93168800435296,0.0,0.0,0.0,0.0,0.0,0.0,0.0,41.0,6.0,4.0,3.0,66.0,539.7950640130589,990.0,966.3351802560522,23.66481974394776,0.2332814400344617,0.0677590128026117,989.6989595471628,0.1878428824100118,0.1878428824100118,0.1878428824100118,0.0,23.17593640870062,23.17593640870062,23.17593640870062,23.36377929111063,,0.920840836108718,0.920840836108718,0.920840836108718,0.0,34.10092169574594,34.10092169574594,34.10092169574594,0.0,0.6945197901373918,0.6945197901373918,0.6945197901373918,0.0,0.97,0.97,0.97,0.96,33.07789404487356,33.07789404487356,33.07789404487356,0.0,99.23368213462068,2381.6083712308964,0.1630001424132638,5.639359669009437e-05,0.48
1953-01-19,1953-01-30,697.8704,0.8821520065429723,615.6277736669467,0.475,1953,1,19,1953.01,1952,4,111,16,0.0531902396448241,6.832709653887832,0.0110987677069688,0.53,3,Normal,41,6,4,3,66,120.0,0.1949229796525063,495.6277736669467,495.6277736669467,,3,165.20925788898225,165.20925788898225,165.20925788898225,0.0,0.0,0.0,0.0,0.0,0.0,0.0,41.0,6.0,4.0,3.0,66.0,546.6277736669467,990.0,966.3625110946678,23.637488905332248,0.2371644016445111,0.0691255547333893,989.693710043622,0.1930980337757777,0.1930980337757777,0.1930980337757777,0.0,23.138100915178573,23.138100915178573,23.138100915178573,23.331198948954352,,0.9217401502918904,0.9217401502918904,0.9217401502918904,0.0,34.55487260602481,34.55487260602481,34.55487260602481,0.0,0.7037652261919513,0.7037652261919513,0.7037652261919513,0.0,0.97,0.97,0.97,0.96,33.51822642784406,33.51822642784406,33.51822642784406,0.0,100.55467928353218,2413.312302804772,0.1633368141995686,5.635651761377368e-05,0.475
1953-01-20,1953-01-31,710.868,0.8775314292741972,623.8090120652902,0.47,1953,1,20,1953.01,1952,4,112,16,0.053897098642441,8.181238398343453,0.0131149730768672,0.53,3,Normal,41,6,4,3,66,120.0,0.1923665700223009,503.8090120652902,503.8090120652902,,3,167.93633735509673,167.93633735509673,167.93633735509673,0.0,0.0,0.0,0.0,0.0,0.0,0.0,41.0,6.0,4.0,3.0,66.0,554.8090120652902,990.0,966.3952360482612,23.60476395173885,0.2418137188601715,0.071523604826116,989.6866626763136,0.1995884829051302,0.1995884829051302,0.1995884829051302,0.0,23.09183814514746,23.09183814514746,23.09183814514746,23.29142662805259,,0.922687600953316,0.922687600953316,0.922687600953316,0.0,35.09106636724401,35.09106636724401,35.09106636724401,0.0,0.7146856693939717,0.7146856693939717,0.7146856693939717,0.0,0.97,0.97,0.97,0.96,34.038334376226686,34.038334376226686,34.038334376226686,0.0,102.11500312868006,2450.760075088321,0.1636959408306725,5.63016499656811e-05,0.47
1953-01-21,1953-02-01,717.4235,0.8782993569127185,630.1125986840717,0.468,1953,1,21,1953.01,1952,4,113,17,0.0544417285263038,6.303586618781537,0.0100039050670403,0.5700000000000001,3,Normal,41,6,4,3,66,120.0,0.1904421531177256,510.1125986840717,510.1125986840717,,3,170.03753289469057,170.03753289469057,170.03753289469057,0.0,0.0,0.0,0.0,0.0,0.0,0.0,41.0,6.0,4.0,3.0,66.0,561.1125986840717,990.0,966.4204503947362,23.579549605263765,0.245395985059998,0.0740450394736287,989.6805589754664,0.2045915802630449,0.2045915802630449,0.2045915802630449,0.0,23.05551700046712,23.05551700046712,23.05551700046712,23.26010858073016,,0.923417610900687,0.923417610900687,0.923417610900687,0.0,35.50230190504791,35.50230190504791,35.50230190504791,0.0,0.7230611385956803,0.7230611385956803,0.7230611385956803,0.0,0.97,0.97,0.97,0.96,34.43723284789647,34.43723284789647,34.43723284789647,0.0,103.3116985436894,2479.480765048545,0.1639575192742467,5.6257567670245046e-05,0.47
1953-01-22,1953-02-02,730.6486,0.8864028278959922,647.6489852382476,0.462,1953,1,22,1953.01,1952,4,114,17,0.0559568723245846,17.53638655417592,0.0270769922502463,0.5700000000000001,3,Normal,41,6,4,3,66,120.0,0.1852855524136367,527.6489852382476,527.6489852382476,,3,175.88299507941588,175.88299507941588,175.88299507941588,0.0,0.0,0.0,0.0,0.0,0.0,0.0,41.0,6.0,4.0,3.0,66.0,578.6489852382476,990.0,966.490595940953,23.50940405904703,0.2553617408462265,0.081059594095299,989.6635786650584,0.2189074876985396,0.2189074876985396,0.2189074876985396,0.0,22.95407523640697,22.95407523640697,22.95407523640697,23.17298272410551,,0.9253913439100214,0.9253913439100214,0.9253913439100214,0.0,36.6393521214461,36.6393521214461,36.6393521214461,0.0,0.7462189841435051,0.7462189841435051,0.7462189841435051,0.0,0.97,0.97,0.97,0.96,35.540171557802715,35.540171557802715,35.540171557802715,0.0,106.62051467340814,2558.8923521617958,0.1646270079990724,5.612975758520501e-05,0.46
1953-01-23,1953-02-03,737.3183,0.8872912629151888,654.21608557748,0.458,1953,1,23,1953.01,1952,4,115,17,0.0565242697938942,6.567100339232411,0.0100381211712879,0.5700000000000001,3,Normal,41,6,4,3,66,120.0,0.1834256335872196,534.21608557748,534.21608557748,,3,178.07202852582668,178.07202852582668,178.07202852582668,0.0,0.0,0.0,0.0,0.0,0.0,0.0,41.0,6.0,4.0,3.0,66.0,585.21608557748,990.0,966.51686434231,23.483135657690127,0.2590937592983896,0.083686434230992,989.6572198064706,0.2243800713145667,0.2243800713145667,0.2243800713145667,0.0,22.915975392846168,22.915975392846168,22.915975392846168,23.14035546416073,,0.9261079096090508,0.9261079096090508,0.9261079096090508,0.0,37.06246888925648,37.06246888925648,37.06246888925648,0.0,0.754836433589745,0.754836433589745,0.754836433589745,0.0,0.97,0.97,0.97,0.96,35.950594822578786,35.950594822578786,35.950594822578786,0.0,107.85178446773637,2588.4428272256728,0.1648565158292233,5.607998303987905e-05,0.46
1953-01-24,1953-02-04,764.3804,0.8926299826267534,682.3088631722309,0.445,1953,1,24,1953.01,1952,4,116,17,0.0589514857780807,28.092777594750828,0.0411731095857969,0.5700000000000001,3,Normal,41,6,4,3,66,120.0,0.1758734298746888,562.3088631722309,562.3088631722309,,3,187.43628772407692,187.43628772407692,187.43628772407692,0.0,0.0,0.0,0.0,0.0,0.0,0.0,41.0,6.0,4.0,3.0,66.0,613.3088631722309,990.0,966.6292354526888,23.37076454731107,0.2750586081571444,0.0949235452688923,989.630017846574,0.2485805253460447,0.2485805253460447,0.2485805253460447,0.0,22.75220186853901,22.75220186853901,22.75220186853901,23.00078239388506,,0.9290936904795964,0.9290936904795964,0.9290936904795964,0.0,38.85754126107175,38.85754126107175,38.85754126107175,0.0,0.7913959523639866,0.7913959523639866,0.7913959523639866,0.0,0.97,0.97,0.97,0.96,37.69181502323959,37.69181502323959,37.69181502323959,0.0,113.07544506971875,2713.8106816732507,0.1657247196584867,5.585870668213008e-05,0.445
1953-01-25,1953-02-05,785.0819,0.8950098277210273,702.6560160658968,0.4370000000000001,1953,1,25,1953.01,1952,4,117,17,0.0607094797880934,20.347152893665907,0.0289574876304164,0.5700000000000001,3,Normal,41,6,4,3,66,120.0,0.1707805772045736,582.6560160658968,582.6560160658968,,3,194.2186720219656,194.2186720219656,194.2186720219656,0.0,0.0,0.0,0.0,0.0,0.0,0.0,41.0,6.0,4.0,3.0,66.0,633.6560160658968,990.0,966.7106240642636,23.289375935736416,0.2866216947746118,0.1030624064263587,989.6103158987992,0.2668747878997464,0.2668747878997464,0.2668747878997464,0.0,22.63281704663573,22.63281704663573,22.63281704663573,22.899691834535474,,0.9310809237190556,0.9310809237190556,0.9310809237190556,0.0,40.13799932812079,40.13799932812079,40.13799932812079,0.0,0.8174745280676331,0.8174745280676331,0.8174745280676331,0.0,0.9717474528067632,0.9717474528067632,0.9717474528067632,0.96,39.00399860786095,39.00399860786095,39.00399860786095,0.0,117.01199582358284,2808.287899765988,0.1665281348884219,5.578477056270783e-05,0.435
1953-01-26,1953-02-06,806.1332,0.8935666243082664,720.3337222668207,0.431,1953,1,26,1953.01,1952,4,118,17,0.0622368336038533,17.67770620092392,0.0245409948951076,0.5700000000000001,3,Normal,41,6,4,3,66,120.0,0.1665894519312126,600.3337222668207,600.3337222668207,,3,200.1112407556069,200.1112407556069,200.1112407556069,0.0,0.0,0.0,0.0,0.0,0.0,0.0,41.0,6.0,4.0,3.0,66.0,651.3337222668207,990.0,966.7813348890672,23.21866511093276,0.2966677611244184,0.1101001166800462,989.5932321221954,0.2833181485610357,0.2833181485610357,0.2833181485610357,0.0,22.52857908456717,22.52857908456717,22.52857908456717,22.811897233128207,,0.932875204143539,0.932875204143539,0.932875204143539,0.0,41.2446416660754,41.2446416660754,41.2446416660754,0.0,0.8400130685555071,0.8400130685555071,0.8400130685555071,0.0,0.9740013068555506,0.9740013068555506,0.9740013068555506,0.96,40.172334883546334,40.172334883546334,40.172334883546334,0.0,120.517004650639,2892.408111615336,0.1673071812761779,5.576389347225384e-05,0.43
1953-01-27,1953-02-07,806.1332,0.8935666243082664,720.3337222668207,0.431,1953,1,27,1953.01,1952,4,119,17,0.0622368336038533,0.0,0.0,0.5700000000000001,3,Normal,41,6,4,3,66,120.0,0.1665894519312126,600.3337222668207,600.3337222668207,,3,200.1112407556069,200.1112407556069,200.1112407556069,0.0,0.0,0.0,0.0,0.0,0.0,0.0,41.0,6.0,4.0,3.0,66.0,651.3337222668207,990.0,966.7813348890672,23.21866511093276,0.2966677611244184,0.1101001166800462,989.5932321221954,0.2833181485610357,0.2833181485610357,0.2833181485610357,0.0,22.52857908456717,22.52857908456717,22.52857908456717,22.811897233128207,,0.932875204143539,0.932875204143539,0.932875204143539,0.0,41.2446416660754,41.2446416660754,41.2446416660754,0.0,0.8400130685555071,0.8400130685555071,0.8400130685555071,0.0,0.9740013068555506,0.9740013068555506,0.9740013068555506,0.96,40.172334883546334,40.172334883546334,40.172334883546334,0.0,120.517004650639,2892.408111615336,0.1673071812761779,5.576389347225384e-05,0.43
1953-01-28,1953-02-08,806.1332,0.8935666243082664,720.3337222668207,0.431,1953,1,28,1953.01,1952,4,120,18,0.0622368336038533,0.0,0.0,0.5700000000000001,3,Normal,41,6,4,3,66,120.0,0.1665894519312126,600.3337222668207,600.3337222668207,,3,200.1112407556069,200.1112407556069,200.1112407556069,0.0,0.0,0.0,0.0,0.0,0.0,0.0,41.0,6.0,4.0,3.0,66.0,651.3337222668207,990.0,966.7813348890672,23.21866511093276,0.2966677611244184,0.1101001166800462,989.5932321221954,0.2833181485610357,0.2833181485610357,0.2833181485610357,0.0,22.52857908456717,22.52857908456717,22.52857908456717,22.811897233128207,,0.932875204143539,0.932875204143539,0.932875204143539,0.0,41.2446416660754,41.2446416660754,41.2446416660754,0.0,0.8400130685555071,0.8400130685555071,0.8400130685555071,0.0,0.9740013068555506,0.9740013068555506,0.9740013068555506,0.96,40.172334883546334,40.172334883546334,40.172334883546334,0.0,120.517004650639,2892.408111615336,0.1673071812761779,5.576389347225384e-05,0.43
1953-01-29,1953-02-09,813.2284,0.8958086931444238,728.4970702319307,0.424,1953,1,29,1953.01,1952,4,121,18,0.0629421468680388,8.163347965110006,0.0112057389091641,0.5700000000000001,3,Normal,41,6,4,3,66,120.0,0.1647226940278507,608.4970702319307,608.4970702319307,,3,202.8323567439769,202.8323567439769,202.8323567439769,0.0,0.0,0.0,0.0,0.0,0.0,0.0,41.0,6.0,4.0,3.0,66.0,659.4970702319307,990.0,966.8139882809276,23.18601171907233,0.3013069113830512,0.1125491210695792,989.5861439675472,0.2911005402877739,0.2911005402877739,0.2911005402877739,0.0,22.48105514633184,22.48105514633184,22.48105514633184,22.77215568661961,,0.9337259672065792,0.9337259672065792,0.9337259672065792,0.0,41.755343821751865,41.755343821751865,41.755343821751865,0.0,0.8504143344552314,0.8504143344552314,0.8504143344552314,0.0,0.9750414334455232,0.9750414334455232,0.9750414334455232,0.96,40.71319029397161,40.71319029397161,40.71319029397161,0.0,122.13957088191482,2931.349701165956,0.1676596596922886,5.575648633012816e-05,0.425
1953-01-30,1953-02-10,827.5366,0.8937943571986156,739.6475434553279,0.419,1953,1,30,1953.01,1952,4,122,18,0.0639055477545403,11.150473223397167,0.015075387354505,0.5700000000000001,3,Normal,41,6,4,3,66,120.0,0.1622394356093032,619.6475434553279,619.6475434553279,,3,206.549181151776,206.549181151776,206.549181151776,0.0,0.0,0.0,0.0,0.0,0.0,0.0,41.0,6.0,4.0,3.0,66.0,670.6475434553279,990.0,966.8585901738212,23.141409826178688,0.3076436155097515,0.1158942630365983,989.5764621214536,0.3018545925862213,0.3018545925862213,0.3018545925862213,0.0,22.416017355046154,22.416017355046154,22.416017355046154,22.71787194763237,,0.9347483080634268,0.9347483080634268,0.9347483080634268,0.0,42.44390355268706,42.44390355268706,42.44390355268706,0.0,0.864437954229879,0.864437954229879,0.864437954229879,0.0,0.976443795422988,0.976443795422988,0.976443795422988,0.96,41.44408627755299,41.44408627755299,41.44408627755299,0.0,124.33225883265897,2983.974211983815,0.1680966291753366,5.573610180400456e-05,0.42
1953-01-31,1953-02-11,834.7498,0.8963571399655789,748.233943314839,0.416,1953,1,31,1953.01,1952,4,123,18,0.0646474127024021,8.586399859511175,0.0114755551204634,0.5700000000000001,3,Normal,41,6,4,3,66,120.0,0.1603776480232558,628.233943314839,628.233943314839,,3,209.41131443827967,209.41131443827967,209.41131443827967,0.0,0.0,0.0,0.0,0.0,0.0,0.0,41.0,6.0,4.0,3.0,66.0,679.233943314839,990.0,966.8929357732592,23.107064226740704,0.312523181993898,0.1184701829944517,989.5690066350116,0.3102692644485422,0.3102692644485422,0.3102692644485422,0.0,22.365801597303808,22.365801597303808,22.365801597303808,22.67607086175235,,0.935367111236161,0.935367111236161,0.935367111236161,0.0,42.96406903922127,42.96406903922127,42.96406903922127,0.0,0.8750319559922866,0.8750319559922866,0.8750319559922866,0.0,0.9775031955992286,0.9775031955992286,0.9775031955992286,0.96,41.99751478178467,41.99751478178467,41.99751478178467,0.0,125.99254434535402,3023.8210642884965,0.1683865660881136,5.570843370887613e-05,0.415
1953-02-01,1953-02-12,856.6266,0.8970607168566745,768.4460718744957,0.407,1953,2,1,1953.02,1952,5,124,18,0.0663937406099564,20.212128559656666,0.0263025985809941,0.54,3,Normal,43,7,5,4,78,137.0,0.1782818665021104,631.4460718744957,631.4460718744957,,3,210.48202395816523,210.48202395816523,210.48202395816523,0.0,0.0,0.0,0.0,0.0,0.0,0.0,43.0,7.0,5.0,4.0,78.0,686.4460718744957,990.0,966.973784287498,23.026215712502108,0.3166217636317046,0.1194338215623487,989.563944414806,0.3134460718744957,0.3134460718744957,0.3134460718744957,0.0,22.276714055433587,22.276714055433587,22.276714055433587,22.59016012730808,,0.9355343978252796,0.9355343978252796,0.9355343978252796,0.0,43.01942499833254,43.01942499833254,43.01942499833254,0.0,0.8761593686014774,0.8761593686014774,0.8761593686014774,0.0,0.9776159368601476,0.9776159368601476,0.9776159368601476,0.96,42.056475472929726,42.056475472929726,42.056475472929726,0.0,126.1694264187892,3028.0662340509407,0.1641877433389957,5.550285995139416e-05,0.405
1953-02-02,1953-02-13,856.6266,0.8970607168566745,768.4460718744957,0.407,1953,2,2,1953.02,1952,5,125,18,0.0663937406099564,0.0,0.0,0.54,3,Normal,43,7,5,4,78,137.0,0.1782818665021104,631.4460718744957,631.4460718744957,,3,210.48202395816523,210.48202395816523,210.48202395816523,0.0,0.0,0.0,0.0,0.0,0.0,0.0,43.0,7.0,5.0,4.0,78.0,686.4460718744957,990.0,966.973784287498,23.026215712502108,0.3166217636317046,0.1194338215623487,989.563944414806,0.3134460718744957,0.3134460718744957,0.3134460718744957,0.0,22.276714055433587,22.276714055433587,22.276714055433587,22.59016012730808,,0.9355343978252796,0.9355343978252796,0.9355343978252796,0.0,43.01942499833254,43.01942499833254,43.01942499833254,0.0,0.8761593686014774,0.8761593686014774,0.8761593686014774,0.0,0.9776159368601476,0.9776159368601476,0.9776159368601476,0.96,42.056475472929726,42.056475472929726,42.056475472929726,0.0,126.1694264187892,3028.0662340509407,0.1641877433389957,5.550285995139416e-05,0.405
1953-02-03,1953-02-14,878.8611,0.9037319275970654,794.2548359930772,0.399,1953,2,3,1953.02,1952,5,126,18,0.0686236178298018,25.80876411858151,0.032494311584911,0.54,3,Normal,43,7,5,4,78,137.0,0.1724887199820513,657.2548359930772,657.2548359930772,,3,219.08494533102572,219.08494533102572,219.08494533102572,0.0,0.0,0.0,0.0,0.0,0.0,0.0,43.0,7.0,5.0,4.0,78.0,712.2548359930772,990.0,967.0770193439724,22.92298065602768,0.3312886301241584,0.1271764507979231,989.541534919078,0.3395816316195593,0.3395816316195593,0.3395816316195593,0.0,22.12493394348601,22.12493394348601,22.12493394348601,22.464515575105565,,0.937392277049252,0.937392277049252,0.937392277049252,0.0,44.56096517408813,44.56096517408813,44.56096517408813,0.0,0.9075552988612654,0.9075552988612654,0.9075552988612654,0.0,0.98,0.98,0.98,0.96,43.66974587060637,43.66974587060637,43.66974587060637,0.0,131.00923761181912,3144.221702683659,0.1649461000108547,5.536886592425968e-05,0.4
1953-02-04,1953-02-15,909.0679,0.9012241447918772,819.2739407352476,0.39,1953,2,4,1953.02,1952,5,127,19,0.0707852684795253,25.019104742170388,0.0305381429802555,0.54,3,Normal,43,7,5,4,78,137.0,0.1672212347887582,682.2739407352476,682.2739407352476,,4,170.5684851838119,170.5684851838119,170.5684851838119,170.5684851838119,0.0,0.0,0.0,0.0,0.0,0.0,43.0,7.0,5.0,4.0,78.0,737.2739407352476,990.0,967.177095762941,22.822904237058992,0.345506740969301,0.1346821822205743,989.51981107681,0.205887103848501,0.205887103848501,0.205887103848501,0.205887103848501,22.13682821002062,22.13682821002062,22.13682821002062,22.13682821002062,,0.921591666972316,0.921591666972316,0.921591666972316,0.921591666972316,34.126474579841464,34.126474579841464,34.126474579841464,34.126474579841464,0.6950402154753862,0.6950402154753862,0.6950402154753862,0.6950402154753862,0.97,0.97,0.97,0.97,33.10268034244622,33.10268034244622,33.10268034244622,33.10268034244622,132.41072136978488,3177.857312874837,0.1616195936257345,5.390907337955022e-05,0.39
1953-02-05,1953-02-16,901.4559,0.907115570001353,817.7246825595828,0.391,1953,2,5,1953.02,1952,5,128,19,0.0706514125731479,1.5492581756648178,0.0018945963216072,0.54,3,Normal,43,7,5,4,78,137.0,0.1675380515250835,680.7246825595828,680.7246825595828,,4,170.1811706398957,170.1811706398957,170.1811706398957,170.1811706398957,0.0,0.0,0.0,0.0,0.0,0.0,43.0,7.0,5.0,4.0,78.0,735.7246825595828,990.0,967.1708987302384,22.829101269761736,0.3446263128046506,0.1342174047678748,989.5211562824276,0.2049420563613455,0.2049420563613455,0.2049420563613455,0.2049420563613455,22.145315495827845,22.145315495827845,22.145315495827845,22.145315495827845,,0.9214628254111932,0.9214628254111932,0.9214628254111932,0.9214628254111932,34.05727509111771,34.05727509111771,34.05727509111771,34.05727509111771,0.6936308572529065,0.6936308572529065,0.6936308572529065,0.6936308572529065,0.97,0.97,0.97,0.97,33.035556838384174,33.035556838384174,33.035556838384174,33.035556838384174,132.1422273535367,3171.413456484881,0.161597454708001,5.3922202625080326e-05,0.39
1953-02-06,1953-02-17,893.8841,0.8990978772765416,803.6892968412517,0.396,1953,2,6,1953.02,1952,5,129,19,0.0694387552470841,14.0353857183311,0.0174636961988849,0.54,3,Normal,43,7,5,4,78,137.0,0.1704638851586707,666.6892968412517,666.6892968412517,,4,166.67232421031292,166.67232421031292,166.67232421031292,166.67232421031292,0.0,0.0,0.0,0.0,0.0,0.0,43.0,7.0,5.0,4.0,78.0,721.6892968412517,990.0,967.114757187365,22.885242812635056,0.3366501413167393,0.1300067890523755,989.5333430696307,0.1965801316205447,0.1965801316205447,0.1965801316205447,0.1965801316205447,22.22200575064537,22.22200575064537,22.22200575064537,22.22200575064537,,0.9203020118956284,0.9203020118956284,0.9203020118956284,0.9203020118956284,33.42841754576138,33.42841754576138,33.42841754576138,33.42841754576138,0.6808231679381136,0.6808231679381136,0.6808231679381136,0.6808231679381136,0.97,0.97,0.97,0.97,32.425565019388536,32.425565019388536,32.425565019388536,32.425565019388536,129.70226007755414,3112.8542418613,0.1613835851582499,5.404077393742419e-05,0.395
1953-02-07,1953-02-18,909.0679,0.9012241447918772,819.2739407352476,0.39,1953,2,7,1953.02,1952,5,130,19,0.0707852684795253,15.584643893995915,0.0190225065379348,0.54,3,Normal,43,7,5,4,78,137.0,0.1672212347887582,682.2739407352476,682.2739407352476,,4,170.5684851838119,170.5684851838119,170.5684851838119,170.5684851838119,0.0,0.0,0.0,0.0,0.0,0.0,43.0,7.0,5.0,4.0,78.0,737.2739407352476,990.0,967.177095762941,22.822904237058992,0.345506740969301,0.1346821822205743,989.51981107681,0.205887103848501,0.205887103848501,0.205887103848501,0.205887103848501,22.13682821002062,22.13682821002062,22.13682821002062,22.13682821002062,,0.921591666972316,0.921591666972316,0.921591666972316,0.921591666972316,34.126474579841464,34.126474579841464,34.126474579841464,34.126474579841464,0.6950402154753862,0.6950402154753862,0.6950402154753862,0.6950402154753862,0.97,0.97,0.97,0.97,33.10268034244622,33.10268034244622,33.10268034244622,33.10268034244622,132.41072136978488,3177.857312874837,0.1616195936257345,5.390907337955022e-05,0.39
1953-02-08,1953-02-19,924.4132,0.9124994692702046,843.5265543863715,0.38,1953,2,8,1953.02,1952,5,131,19,0.0728806942989824,24.25261365112385,0.0287514524883766,0.54,3,Normal,43,7,5,4,78,137.0,0.1624133814016815,706.5265543863715,706.5265543863715,,4,176.63163859659286,176.63163859659286,176.63163859659286,176.63163859659286,0.0,0.0,0.0,0.0,0.0,0.0,43.0,7.0,5.0,4.0,78.0,761.5265543863715,990.0,967.2741062175454,22.72589378245459,0.3592892624755515,0.1432632771931857,989.4974474603312,0.2207790964914821,0.2207790964914821,0.2207790964914821,0.2207790964914821,22.00256214629438,22.00256214629438,22.00256214629438,22.00256214629438,,0.9236253018257804,0.9236253018257804,0.9236253018257804,0.9236253018257804,35.202724366825194,35.202724366825194,35.202724366825194,35.202724366825194,0.7169597630717962,0.7169597630717962,0.7169597630717962,0.7169597630717962,0.97,0.97,0.97,0.97,34.146642635820434,34.146642635820434,34.146642635820434,34.146642635820434,136.58657054328174,3278.077693038762,0.1619232611386401,5.370033695726065e-05,0.38
1953-02-09,1953-02-20,932.1467,0.9087491724907756,847.0875422650073,0.377,1953,2,9,1953.02,1952,5,132,19,0.0731883636516966,3.5609878786358418,0.0042038014974393,0.54,3,Normal,43,7,5,4,78,137.0,0.1617306277857409,710.0875422650073,710.0875422650073,,4,177.52188556625185,177.52188556625185,177.52188556625185,177.52188556625185,0.0,0.0,0.0,0.0,0.0,0.0,43.0,7.0,5.0,4.0,78.0,765.0875422650073,990.0,967.28835016906,22.71164983094002,0.3613129368195545,0.1450437711325036,989.493643292048,0.2230047139156295,0.2230047139156295,0.2230047139156295,0.2230047139156295,21.982288409072368,21.982288409072368,21.982288409072368,21.982288409072368,,0.9239508479399424,0.9239508479399424,0.9239508479399424,0.9239508479399424,35.36000937992699,35.36000937992699,35.36000937992699,35.36000937992699,0.7201631238274336,0.7201631238274336,0.7201631238274336,0.7201631238274336,0.97,0.97,0.97,0.97,34.29920909852918,34.29920909852918,34.29920909852918,34.29920909852918,137.19683639411673,3292.7240734588013,0.1619629962061174,5.366976613916741e-05,0.375
1953-02-10,1953-02-21,963.4877,0.9186515277026396,885.1094475277025,0.3670000000000001,1953,2,10,1953.02,1952,5,133,19,0.0764734562663935,38.02190526269521,0.0429572923087629,0.54,3,Normal,43,7,5,4,78,137.0,0.1547831179326691,748.1094475277025,748.1094475277025,,4,187.02736188192563,187.02736188192563,187.02736188192563,187.02736188192563,0.0,0.0,0.0,0.0,0.0,0.0,43.0,7.0,5.0,4.0,78.0,803.1094475277025,990.0,967.4404377901108,22.55956220988924,0.3901503076373614,0.1640547237638512,989.4457949685988,0.2474927826059222,0.2474927826059222,0.2474927826059222,0.2474927826059222,21.75786439588219,21.75786439588219,21.75786439588219,21.75786439588219,,0.9273868635296594,0.9273868635296594,0.9273868635296594,0.9273868635296594,37.01016770009959,37.01016770009959,37.01016770009959,37.01016770009959,0.753771236254574,0.753771236254574,0.753771236254574,0.753771236254574,0.97,0.97,0.97,0.97,35.8998626690966,35.8998626690966,35.8998626690966,35.8998626690966,143.5994506763864,3446.3868162332737,0.1622392022562746,5.331938586100952e-05,0.365
1953-02-11,1953-02-22,979.4038,0.924461588505012,905.4211927358452,0.359,1953,2,11,1953.02,1952,5,134,20,0.078228391052377,20.311745208142728,0.022433476674837,0.52,3,Normal,43,7,5,4,78,137.0,0.151310794466868,768.4211927358452,768.4211927358452,,4,192.1052981839613,192.1052981839613,192.1052981839613,192.1052981839613,0.0,0.0,0.0,0.0,0.0,0.0,43.0,7.0,5.0,4.0,78.0,823.4211927358452,990.0,967.5216847709434,22.478315229056648,0.4087358304430637,0.1742105963679226,989.4170535731888,0.2611264110603747,0.2611264110603747,0.2611264110603747,0.2611264110603747,21.6342423911852,21.6342423911852,21.6342423911852,21.6342423911852,,0.929089732798422,0.929089732798422,0.929089732798422,0.929089732798422,37.86843822195444,37.86843822195444,37.86843822195444,37.86843822195444,0.7712512876161799,0.7712512876161799,0.7712512876161799,0.7712512876161799,0.97,0.97,0.97,0.97,36.7323850752958,36.7323850752958,36.7323850752958,36.7323850752958,146.9295403011832,3526.308967228397,0.1622775582016331,5.3113789131012906e-05,0.36
1953-02-12,1953-02-23,979.4038,0.924461588505012,905.4211927358452,0.359,1953,2,12,1953.02,1952,5,135,20,0.078228391052377,0.0,0.0,0.52,3,Normal,43,7,5,4,78,137.0,0.151310794466868,768.4211927358452,768.4211927358452,,4,192.1052981839613,192.1052981839613,192.1052981839613,192.1052981839613,0.0,0.0,0.0,0.0,0.0,0.0,43.0,7.0,5.0,4.0,78.0,823.4211927358452,990.0,967.5216847709434,22.478315229056648,0.4087358304430637,0.1742105963679226,989.4170535731888,0.2611264110603747,0.2611264110603747,0.2611264110603747,0.2611264110603747,21.6342423911852,21.6342423911852,21.6342423911852,21.6342423911852,,0.929089732798422,0.929089732798422,0.929089732798422,0.929089732798422,37.86843822195444,37.86843822195444,37.86843822195444,37.86843822195444,0.7712512876161799,0.7712512876161799,0.7712512876161799,0.7712512876161799,0.97,0.97,0.97,0.97,36.7323850752958,36.7323850752958,36.7323850752958,36.7323850752958,146.9295403011832,3526.308967228397,0.1622775582016331,5.3113789131012906e-05,0.36
1953-02-13,1953-02-24,987.4235,0.9179659771125324,906.4211780013768,0.357,1953,2,13,1953.02,1952,5,136,20,0.0783147897793189,0.9999852655314498,0.0011032236335611,0.52,3,Normal,43,7,5,4,78,137.0,0.1511438648223992,769.4211780013768,769.4211780013768,,4,192.3552945003442,192.3552945003442,192.3552945003442,192.3552945003442,0.0,0.0,0.0,0.0,0.0,0.0,43.0,7.0,5.0,4.0,78.0,824.4211780013768,990.0,967.5256847120056,22.4743152879945,0.4096508305460805,0.1747105890006884,989.4156385804532,0.2618064010409362,0.2618064010409362,0.2618064010409362,0.2618064010409362,21.628147467406784,21.628147467406784,21.628147467406784,21.628147467406784,,0.9291732366574732,0.9291732366574732,0.9291732366574732,0.9291732366574732,37.910442905553445,37.910442905553445,37.910442905553445,37.910442905553445,0.7721067801538379,0.7721067801538379,0.7721067801538379,0.7721067801538379,0.97,0.97,0.97,0.97,36.77312961838684,36.77312961838684,36.77312961838684,36.77312961838684,147.09251847354736,3530.220443365137,0.1622783337850518,5.3103597974067726e-05,0.355
1953-02-14,1953-02-25,1003.5869,0.9213790990341242,924.6839937244496,0.353,1953,2,14,1953.02,1952,5,137,20,0.0798926970577924,18.26281572307289,0.0197503318398686,0.52,3,Normal,43,7,5,4,78,137.0,0.1481587233365966,787.6839937244496,787.6839937244496,,4,196.9209984311124,196.9209984311124,196.9209984311124,196.9209984311124,0.0,0.0,0.0,0.0,0.0,0.0,43.0,7.0,5.0,4.0,78.0,842.6839937244496,990.0,967.5987359748976,22.40126402510225,0.4263615550377129,0.1838419968622248,989.3897964481,0.2743787956071147,0.2743787956071147,0.2743787956071147,0.2743787956071147,21.51668167759515,21.51668167759515,21.51668167759515,21.51668167759515,,0.9306927791436794,0.9306927791436794,0.9306927791436794,0.9306927791436794,38.673401137586126,38.673401137586126,38.673401137586126,38.673401137586126,0.7876456443500229,0.7876456443500229,0.7876456443500229,0.7876456443500229,0.97,0.97,0.97,0.97,37.51319910345854,37.51319910345854,37.51319910345854,37.51319910345854,150.05279641383416,3601.26711393202,0.1622746770055468,5.291631246699837e-05,0.355
1953-02-15,1953-02-26,1003.5869,0.9213790990341242,924.6839937244496,0.353,1953,2,15,1953.02,1952,5,138,20,0.0798926970577924,0.0,0.0,0.52,3,Normal,43,7,5,4,78,137.0,0.1481587233365966,787.6839937244496,787.6839937244496,,4,196.9209984311124,196.9209984311124,196.9209984311124,196.9209984311124,0.0,0.0,0.0,0.0,0.0,0.0,43.0,7.0,5.0,4.0,78.0,842.6839937244496,990.0,967.5987359748976,22.40126402510225,0.4263615550377129,0.1838419968622248,989.3897964481,0.2743787956071147,0.2743787956071147,0.2743787956071147,0.2743787956071147,21.51668167759515,21.51668167759515,21.51668167759515,21.51668167759515,,0.9306927791436794,0.9306927791436794,0.9306927791436794,0.9306927791436794,38.673401137586126,38.673401137586126,38.673401137586126,38.673401137586126,0.7876456443500229,0.7876456443500229,0.7876456443500229,0.7876456443500229,0.97,0.97,0.97,0.97,37.51319910345854,37.51319910345854,37.51319910345854,37.51319910345854,150.05279641383416,3601.26711393202,0.1622746770055468,5.291631246699837e-05,0.355
1953-02-16,1953-02-27,1028.1428,0.9210811262601332,947.0029281802472,0.345,1953,2,16,1953.02,1952,5,139,20,0.0818210529947733,22.31893445579749,0.0235679677344666,0.52,3,Normal,43,7,5,4,78,137.0,0.1446669233254199,810.0029281802472,810.0029281802472,,4,202.5007320450618,202.5007320450618,202.5007320450618,202.5007320450618,0.0,0.0,0.0,0.0,0.0,0.0,43.0,7.0,5.0,4.0,78.0,865.0029281802472,990.0,967.6880117127208,22.311988287279064,0.4467836832731984,0.1980023425441977,989.3552139741826,0.2901520936488767,0.2901520936488767,0.2901520936488767,0.2901520936488767,21.377050167812747,21.377050167812747,21.377050167812747,21.377050167812747,,0.9325327994187635,0.9325327994187635,0.9325327994187635,0.9325327994187635,39.58924225897304,39.58924225897304,39.58924225897304,39.58924225897304,0.8062982130137076,0.8062982130137076,0.8062982130137076,0.8062982130137076,0.9706298213013708,0.9706298213013708,0.9706298213013708,0.9706298213013708,38.426499139283685,38.426499139283685,38.426499139283685,38.426499139283685,153.70599655713474,3688.9439173712335,0.1623078366320312,5.271105655220376e-05,0.345
1953-02-17,1953-02-28,1036.4114,0.9189739555961264,952.4350838829192,0.343,1953,2,17,1953.02,1952,5,140,20,0.0822903912474842,5.432155702672277,0.0057034393152825,0.52,3,Normal,43,7,5,4,78,137.0,0.1438418243073048,815.4350838829192,815.4350838829192,,4,203.8587709707298,203.8587709707298,203.8587709707298,203.8587709707298,0.0,0.0,0.0,0.0,0.0,0.0,43.0,7.0,5.0,4.0,78.0,870.4350838829192,990.0,967.7097403355316,22.29025966446829,0.4517541795383674,0.2023480671063353,989.3458977533552,0.2940360849762872,0.2940360849762872,0.2940360849762872,0.2940360849762872,21.34212133284731,21.34212133284731,21.34212133284731,21.34212133284731,,0.9329773843893816,0.9329773843893816,0.9329773843893816,0.9329773843893816,39.80859062173156,39.80859062173156,39.80859062173156,39.80859062173156,0.8107655931106224,0.8107655931106224,0.8107655931106224,0.8107655931106224,0.9710765593110622,0.9710765593110622,0.9710765593110622,0.9710765593110622,38.6571892119737,38.6571892119737,38.6571892119737,38.6571892119737,154.6287568478948,3711.0901643494753,0.162350966973517,5.267425121472417e-05,0.345
1953-02-18,1953-03-01,1078.3827,0.9251619817921662,997.6786758623872,0.331,1953,2,18,1953.02,1952,5,141,21,0.0861994375945102,45.24359197946785,0.0453488613860164,0.52,3,Normal,43,7,5,4,78,137.0,0.1373187613552811,860.6786758623872,860.6786758623872,,4,215.1696689655968,215.1696689655968,215.1696689655968,215.1696689655968,0.0,0.0,0.0,0.0,0.0,0.0,43.0,7.0,5.0,4.0,78.0,915.6786758623872,990.0,967.8907147034496,22.109285296550524,0.4931526808453448,0.2385429406899097,989.2683043784648,0.3275225804140381,0.3275225804140381,0.3275225804140381,0.3275225804140381,21.05006709460128,21.05006709460128,21.05006709460128,21.05006709460128,,0.9353270108178052,0.9353270108178052,0.9353270108178052,0.9353270108178052,41.54671701640959,41.54671701640959,41.54671701640959,41.54671701640959,0.8461653160164885,0.8461653160164885,0.8461653160164885,0.8461653160164885,0.9746165316016489,0.9746165316016489,0.9746165316016489,0.9746165316016489,40.49211723796832,40.49211723796832,40.49211723796832,40.49211723796832,161.96846895187326,3887.2432548449583,0.1623453250735952,5.227414439011144e-05,0.33
1953-02-19,1953-03-02,1130.1421,0.9379332643780708,1059.9978690640885,0.316,1953,2,19,1953.02,1952,5,142,21,0.0915838158871372,62.319193201701296,0.058791809889887,0.52,3,Normal,43,7,5,4,78,137.0,0.1292455428433666,922.9978690640884,922.9978690640884,,4,230.74946726602207,230.74946726602207,230.74946726602207,230.74946726602207,0.0,0.0,0.0,0.0,0.0,0.0,43.0,7.0,5.0,4.0,78.0,977.9978690640884,990.0,968.0885647313444,21.911435268655737,0.5501755892470739,0.2883982952512708,989.1614261155016,0.3766582526325525,0.3766582526325525,0.3766582526325525,0.3766582526325525,20.696203131524925,20.696203131524925,20.696203131524925,20.696203131524925,,0.9378584341081856,0.9378584341081856,0.9378584341081856,0.9378584341081856,43.924555285554185,43.924555285554185,43.924555285554185,43.924555285554185,0.8945937940031402,0.8945937940031402,0.8945937940031402,0.8945937940031402,0.979459379400314,0.979459379400314,0.979459379400314,0.979459379400314,43.02231766042368,43.02231766042368,43.02231766042368,43.02231766042368,172.08927064169472,4130.142495400673,0.1623486949022253,5.179055854887284e-05,0.315
1953-02-20,1953-03-03,1183.4396,0.9205844129984858,1089.4560494851628,0.303,1953,2,20,1953.02,1952,5,143,21,0.094129002675518,29.458180421074303,0.027039347236628,0.52,3,Normal,43,7,5,4,78,137.0,0.1257508277316383,952.4560494851628,952.4560494851628,,4,238.1140123712907,238.1140123712907,238.1140123712907,238.1140123712907,0.0,0.0,0.0,0.0,0.0,0.0,43.0,7.0,5.0,4.0,78.0,1007.4560494851628,990.0,968.1811475840964,21.81885241590373,0.5771302245292693,0.3119648395881302,989.1109049358828,0.4010630815675367,0.4010630815675367,0.4010630815675367,0.4010630815675367,20.52869427021887,20.52869427021887,20.52869427021887,20.52869427021887,,0.9387914595011128,0.9387914595011128,0.9387914595011128,0.9387914595011128,45.00431021683121,45.00431021683121,45.00431021683121,45.00431021683121,0.9165847294670306,0.9165847294670306,0.9165847294670306,0.9165847294670306,0.98,0.98,0.98,0.98,44.10422401249458,44.10422401249458,44.10422401249458,44.10422401249458,176.41689604997833,4234.0055051994805,0.1619311730228553,5.1450871012583765e-05,0.305
1953-02-21,1953-03-04,1219.8351,0.9229021768936402,1125.7884692412713,0.294,1953,2,21,1953.02,1952,5,144,21,0.0972681237424458,36.33241975610849,0.0322728654172438,0.53,3,Normal,43,7,5,4,78,137.0,0.1216924881921482,988.7884692412712,988.7884692412712,,4,247.19711731031785,247.19711731031785,247.19711731031785,247.19711731031785,0.0,0.0,0.0,0.0,0.0,0.0,43.0,7.0,5.0,4.0,78.0,1043.7884692412713,990.0,968.295335189044,21.704664810956046,0.6161010775903072,0.341030775393017,989.0428681470166,0.4322899105861124,0.4322899105861124,0.4322899105861124,0.4322899105861124,20.315243047386566,20.315243047386566,20.315243047386566,20.315243047386566,,0.9396905901605282,0.9396905901605282,0.9396905901605282,0.9396905901605282,46.27953661960744,46.27953661960744,46.27953661960744,46.27953661960744,0.9425567539634916,0.9425567539634916,0.9425567539634916,0.9425567539634916,0.98,0.98,0.98,0.98,45.35394588721528,45.35394588721528,45.35394588721528,45.35394588721528,181.41578354886116,4353.978805172667,0.1611455335575846,5.09646651186025e-05,0.295
1953-02-22,1953-03-05,1219.8351,0.9229021768936402,1125.7884692412713,0.294,1953,2,22,1953.02,1952,5,145,21,0.0972681237424458,0.0,0.0,0.53,3,Normal,43,7,5,4,78,137.0,0.1216924881921482,988.7884692412712,988.7884692412712,,4,247.19711731031785,247.19711731031785,247.19711731031785,247.19711731031785,0.0,0.0,0.0,0.0,0.0,0.0,43.0,7.0,5.0,4.0,78.0,1043.7884692412713,990.0,968.295335189044,21.704664810956046,0.6161010775903072,0.341030775393017,989.0428681470166,0.4322899105861124,0.4322899105861124,0.4322899105861124,0.4322899105861124,20.315243047386566,20.315243047386566,20.315243047386566,20.315243047386566,,0.9396905901605282,0.9396905901605282,0.9396905901605282,0.9396905901605282,46.27953661960744,46.27953661960744,46.27953661960744,46.27953661960744,0.9425567539634916,0.9425567539634916,0.9425567539634916,0.9425567539634916,0.98,0.98,0.98,0.98,45.35394588721528,45.35394588721528,45.35394588721528,45.35394588721528,181.41578354886116,4353.978805172667,0.1611455335575846,5.09646651186025e-05,0.295
1953-02-23,1953-03-06,1183.4396,0.9205844129984858,1089.4560494851628,0.303,1953,2,23,1953.02,1952,5,146,21,0.094129002675518,36.33241975610849,0.0333491376483501,0.53,3,Normal,43,7,5,4,78,137.0,0.1257508277316383,952.4560494851628,952.4560494851628,,4,238.1140123712907,238.1140123712907,238.1140123712907,238.1140123712907,0.0,0.0,0.0,0.0,0.0,0.0,43.0,7.0,5.0,4.0,78.0,1007.4560494851628,990.0,968.1811475840964,21.81885241590373,0.5771302245292693,0.3119648395881302,989.1109049358828,0.4010630815675367,0.4010630815675367,0.4010630815675367,0.4010630815675367,20.52869427021887,20.52869427021887,20.52869427021887,20.52869427021887,,0.9387914595011128,0.9387914595011128,0.9387914595011128,0.9387914595011128,45.00431021683121,45.00431021683121,45.00431021683121,45.00431021683121,0.9165847294670306,0.9165847294670306,0.9165847294670306,0.9165847294670306,0.98,0.98,0.98,0.98,44.10422401249458,44.10422401249458,44.10422401249458,44.10422401249458,176.41689604997833,4234.0055051994805,0.1619311730228553,5.1450871012583765e-05,0.305
1953-02-24,1953-03-07,1183.4396,0.9205844129984858,1089.4560494851628,0.303,1953,2,24,1953.02,1952,5,147,21,0.094129002675518,0.0,0.0,0.53,3,Normal,43,7,5,4,78,137.0,0.1257508277316383,952.4560494851628,952.4560494851628,,4,238.1140123712907,238.1140123712907,238.1140123712907,238.1140123712907,0.0,0.0,0.0,0.0,0.0,0.0,43.0,7.0,5.0,4.0,78.0,1007.4560494851628,990.0,968.1811475840964,21.81885241590373,0.5771302245292693,0.3119648395881302,989.1109049358828,0.4010630815675367,0.4010630815675367,0.4010630815675367,0.4010630815675367,20.52869427021887,20.52869427021887,20.52869427021887,20.52869427021887,,0.9387914595011128,0.9387914595011128,0.9387914595011128,0.9387914595011128,45.00431021683121,45.00431021683121,45.00431021683121,45.00431021683121,0.9165847294670306,0.9165847294670306,0.9165847294670306,0.9165847294670306,0.98,0.98,0.98,0.98,44.10422401249458,44.10422401249458,44.10422401249458,44.10422401249458,176.41689604997833,4234.0055051994805,0.1619311730228553,5.1450871012583765e-05,0.305
1953-02-25,1953-03-08,1229.0427,0.91756512366433,1127.726717014242,0.293,1953,2,25,1953.02,1952,5,148,22,0.0974355883500305,38.27066752907922,0.0339361185220513,0.53,3,Normal,43,7,5,4,78,137.0,0.1214833327374914,990.726717014242,990.726717014242,,4,247.6816792535605,247.6816792535605,247.6816792535605,247.6816792535605,0.0,0.0,0.0,0.0,0.0,0.0,43.0,7.0,5.0,4.0,78.0,1045.726717014242,990.0,968.301426824902,21.69857317509809,0.6189414978164398,0.3425813736113936,989.038477128572,0.4339858773874617,0.4339858773874617,0.4339858773874617,0.4339858773874617,20.30306442628277,20.30306442628277,20.30306442628277,20.30306442628277,,0.939701706829234,0.939701706829234,0.939701706829234,0.939701706829234,46.34300502713146,46.34300502713146,46.34300502713146,46.34300502713146,0.9438493895546122,0.9438493895546122,0.9438493895546122,0.9438493895546122,0.98,0.98,0.98,0.98,45.41614492658883,45.41614492658883,45.41614492658883,45.41614492658883,181.6645797063553,4359.949912952528,0.1610891867378372,5.093471528035914e-05,0.295
1953-02-26,1953-03-09,1266.3107,0.909265330658498,1151.4124173518942,0.285,1953,2,26,1953.02,1952,5,149,22,0.0994820328592036,23.68570033765218,0.0205709960920226,0.53,3,Normal,43,7,5,4,78,137.0,0.1189842995745026,1014.4124173518942,1014.4124173518942,,4,253.60310433797355,253.60310433797355,253.60310433797355,253.60310433797355,0.0,0.0,0.0,0.0,0.0,0.0,43.0,7.0,5.0,4.0,78.0,1069.4124173518942,990.0,968.3758675973916,21.624132402608325,0.6536518910114588,0.3687361425574624,988.977611966431,0.4549270514431858,0.4549270514431858,0.4549270514431858,0.4549270514431858,20.146817317596167,20.146817317596167,20.146817317596167,20.146817317596167,,0.9398024392510363,0.9398024392510363,0.9398024392510363,0.9398024392510363,47.090823069801225,47.090823069801225,47.090823069801225,47.090823069801225,0.9590798995886196,0.9590798995886196,0.9590798995886196,0.9590798995886196,0.98,0.98,0.98,0.98,46.1490066084052,46.1490066084052,46.1490066084052,46.1490066084052,184.5960264336208,4430.304634406899,0.1603213789010273,5.054815293290274e-05,0.285
1953-02-27,1953-03-10,1323.5347,0.9063317221724048,1199.561484005937,0.273,1953,2,27,1953.02,1952,5,150,22,0.1036421122181129,48.14906665404283,0.0401388901661371,0.53,3,Normal,43,7,5,4,78,137.0,0.1142084018423868,1062.561484005937,1062.561484005937,,4,265.64037100148425,265.64037100148425,265.64037100148425,265.64037100148425,0.0,0.0,0.0,0.0,0.0,0.0,43.0,7.0,5.0,4.0,78.0,1117.561484005937,990.0,968.5271932354472,21.47280676455273,0.7242123140392824,0.431329929207718,988.8444577567532,0.4991206023856104,0.4991206023856104,0.4991206023856104,0.4991206023856104,19.81814391892018,19.81814391892018,19.81814391892018,19.81814391892018,,0.9397477001207716,0.9397477001207716,0.9397477001207716,0.9397477001207716,48.51846216276213,48.51846216276213,48.51846216276213,48.51846216276213,0.988156052194748,0.988156052194748,0.988156052194748,0.988156052194748,0.98,0.98,0.98,0.98,47.548092919506885,47.548092919506885,47.548092919506885,47.548092919506885,190.19237167802757,4564.616920272661,0.1585515825690567,4.972061866559475e-05,0.275
1953-02-28,1953-03-11,1412.3815,0.928274988254288,1311.0784203230735,0.258,1953,2,28,1953.02,1952,5,151,22,0.1132771755159135,111.51693631713648,0.0850574112032571,0.53,3,Normal,43,7,5,4,78,137.0,0.1044941308440121,1174.0784203230735,1100.0,,4,275.0,275.0,275.0,275.0,74.07842032307349,23.250891050307736,3.785028775631492,2.7035919825939225,2.1628735860751385,42.17603492846519,66.25089105030773,10.785028775631492,7.703591982593922,6.162873586075138,120.1760349284652,1184.739511808533,990.0,968.8776750353012,21.12232496469892,0.8226588757137665,0.48,988.6973411242864,0.5349,0.5349,0.5349,0.5349,19.28476608898517,19.28476608898517,19.28476608898517,19.28476608898517,,0.9379584701976336,0.9379584701976336,0.9379584701976336,0.9379584701976336,48.783098169078364,48.783098169078364,48.783098169078364,48.783098169078364,0.993545787557604,0.993545787557604,0.993545787557604,0.993545787557604,0.98,0.98,0.98,0.98,47.8074362056968,47.8074362056968,47.8074362056968,47.8074362056968,191.2297448227872,4589.513875746892,0.1458568319472947,4.829033960171393e-05,0.26
1953-03-01,1953-03-12,1442.8091,0.9395485585172468,1355.589210120566,0.252,1953,3,1,1953.03,1952,6,152,22,0.1171229077544169,44.51078979749241,0.0328350133397223,0.5,3,Normal,49,9,9,9,107,183.0,0.1349966484195636,1172.589210120566,1100.0,,4,275.0,275.0,275.0,275.0,72.5892101205659,19.436455168894696,3.569961153470454,3.569961153470454,3.569961153470454,42.44287149125984,68.4364551688947,12.569961153470452,12.569961153470452,12.569961153470452,149.44287149125984,1193.5763774758357,990.0,969.0180574480818,20.981942551918223,0.8356089290181241,0.48,988.684391070982,0.5349,0.5349,0.5349,0.5349,19.131433622900083,19.131433622900083,19.131433622900083,19.131433622900083,,0.9374800729034484,0.9374800729034484,0.9374800729034484,0.9374800729034484,48.37054199909152,48.37054199909152,48.37054199909152,48.37054199909152,0.985143421570092,0.985143421570092,0.985143421570092,0.985143421570092,0.98,0.98,0.98,0.98,47.40313115910969,47.40313115910969,47.40313115910969,47.40313115910969,189.6125246364388,4550.70059127453,0.1398746192584217,4.788195066576736e-05,0.25
1953-03-02,1953-03-13,1463.3217,0.94550510416192,1383.5781363808978,0.248,1953,3,2,1953.03,1952,6,153,22,0.1195411509833096,27.988926260331937,0.0202293788289717,0.5,3,Normal,49,9,9,9,107,183.0,0.1322657500780427,1200.5781363808978,1100.0,,4,275.0,275.0,275.0,275.0,100.57813638089785,26.930757828765,4.946465723650713,4.946465723650713,4.946465723650713,58.807981381180696,75.930757828765,13.946465723650713,13.946465723650713,13.946465723650713,165.8079813811807,1203.8236892760665,990.0,969.108483209846,20.89151679015401,0.8506259315431687,0.48,988.6693740684568,0.5349,0.5349,0.5349,0.5349,19.025990858610832,19.025990858610832,19.025990858610832,19.025990858610832,,0.937151091478866,0.937151091478866,0.937151091478866,0.937151091478866,48.08706740637713,48.08706740637713,48.08706740637713,48.08706740637713,0.97937000827652,0.97937000827652,0.97937000827652,0.97937000827652,0.98,0.98,0.98,0.98,47.125326058249584,47.125326058249584,47.125326058249584,47.125326058249584,188.50130423299836,4524.03130159196,0.1362418928692178,4.760133945277736e-05,0.25
1953-03-03,1953-03-14,1515.4044,0.9482599209629142,1436.9972565708524,0.239,1953,3,3,1953.03,1952,6,154,22,0.1241565629677216,53.419120189954576,0.0371741281659995,0.5,3,Normal,49,9,9,9,107,183.0,0.1273488861326695,1253.9972565708524,1100.0,,4,275.0,275.0,275.0,275.0,153.9972565708524,41.23423809820639,7.5736355690583155,7.5736355690583155,7.5736355690583155,90.04211176547108,90.2342380982064,16.573635569058315,16.573635569058315,16.573635569058315,197.04211176547108,1223.381509236323,990.0,969.2810680596904,20.71893194030952,0.8792870904356813,0.48,988.6407129095644,0.5349,0.5349,0.5349,0.5349,18.8247448498738,18.8247448498738,18.8247448498738,18.8247448498738,,0.9365179462771024,0.9365179462771024,0.9365179462771024,0.9365179462771024,47.54628572539859,47.54628572539859,47.54628572539859,47.54628572539859,0.9683561247535354,0.9683561247535354,0.9683561247535354,0.9683561247535354,0.98,0.98,0.98,0.98,46.595360010890616,46.595360010890616,46.595360010890616,46.595360010890616,186.3814400435625,4473.1545610455,0.1297020152204951,4.706602021302083e-05,0.24
1953-03-04,1953-03-15,1769.9945,0.9864250135611264,1745.9668486656192,0.202,1953,3,4,1953.03,1952,6,155,23,0.1508515357247095,308.9695920947668,0.1769618892425714,0.5,3,Normal,49,9,9,9,107,183.0,0.1048129866496952,1562.9668486656192,1100.0,,4,275.0,275.0,275.0,275.0,462.9668486656192,51.0,9.0,16.0,22.76886140978455,364.1979872558346,100.0,18.0,25.0,31.76886140978455,471.1979872558346,1243.0,990.0,970.2792775110736,19.720722488926413,0.9262894125183112,0.48,988.5937105874816,0.5349,0.5349,0.5349,0.5349,17.779533076408136,17.779533076408136,17.779533076408136,17.779533076408136,,0.9327879023473558,0.9327879023473558,0.9327879023473558,0.9327879023473558,44.72750260272614,44.72750260272614,44.72750260272614,44.72750260272614,0.9109470998518562,0.9109470998518562,0.9109470998518562,0.9109470998518562,0.98,0.98,0.98,0.98,43.832952550671614,43.832952550671614,43.832952550671614,43.832952550671614,175.33181020268646,4207.963444864475,0.1004210419783665,4.427570964714304e-05,0.2
1953-03-05,1953-03-16,2356.3647,1.0031685153704124,2363.830877770248,0.136,1953,3,5,1953.03,1952,6,156,23,0.2042349878393492,617.8640291046281,0.2613825019865408,0.5,3,Normal,49,9,9,9,107,183.0,0.0774167059585159,2180.830877770248,1100.0,,4,275.0,275.0,275.0,275.0,1080.8308777702478,51.0,9.0,16.0,53.15561693952038,951.6752608307274,100.0,18.0,25.0,62.15561693952038,1058.6752608307274,1243.0,990.0,971.9782124635834,18.021787536416586,0.9262894125183112,0.48,988.5937105874816,0.5349,0.5349,0.5349,0.5349,16.080598123898305,16.080598123898305,16.080598123898305,16.080598123898305,,0.9242063786570136,0.9242063786570136,0.9242063786570136,0.9242063786570136,40.08136961871388,40.08136961871388,40.08136961871388,40.08136961871388,0.8163211734972277,0.8163211734972277,0.8163211734972277,0.8163211734972277,0.9716321173497228,0.9716321173497228,0.9716321173497228,0.9716321173497228,38.944346028907816,38.944346028907816,38.944346028907816,38.944346028907816,155.77738411563126,3738.6572187751503,0.0659003931205826,3.9337723261523046e-05,0.135
1953-03-06,1953-03-17,2527.0168,1.0161275825449274,2567.771472034419,0.119,1953,3,6,1953.03,1952,6,157,23,0.2218554551837738,203.94059426417152,0.0794231871820709,0.5,3,Normal,49,9,9,9,107,183.0,0.0712680244301534,2384.771472034419,1100.0,,4,275.0,275.0,275.0,275.0,1284.7714720344188,51.0,9.0,16.0,63.18548223120092,1145.585989803218,100.0,18.0,25.0,72.18548223120092,1252.585989803218,1243.0,990.0,972.4704828635314,17.5295171364686,0.9262894125183112,0.48,988.5937105874816,0.5349,0.5349,0.5349,0.5349,15.588327723950322,15.588327723950322,15.588327723950322,15.588327723950322,,0.9194206902600708,0.9194206902600708,0.9194206902600708,0.9194206902600708,38.65317684436336,38.65317684436336,38.65317684436336,38.65317684436336,0.7872337442843861,0.7872337442843861,0.7872337442843861,0.7872337442843861,0.97,0.97,0.97,0.97,37.493581539032455,37.493581539032455,37.493581539032455,37.493581539032455,149.97432615612982,3599.383827747116,0.0584064149748134,3.787230458488127e-05,0.12
1953-03-07,1953-03-18,2675.0157,1.01532983475929,2716.0232486595064,0.107,1953,3,7,1953.03,1952,6,158,23,0.2346644086841813,148.2517766250876,0.0545841338796555,0.5,3,Normal,49,9,9,9,107,183.0,0.0673779210433193,2533.0232486595064,1100.0,,4,275.0,275.0,275.0,275.0,1433.0232486595064,51.0,9.0,16.0,70.47655321276261,1286.5466954467438,100.0,18.0,25.0,79.47655321276261,1393.5466954467438,1243.0,990.0,972.8283319795228,17.171668020477114,0.9262894125183112,0.48,988.5937105874816,0.5349,0.5349,0.5349,0.5349,15.230478607958837,15.230478607958837,15.230478607958837,15.230478607958837,,0.9156095971747616,0.9156095971747616,0.9156095971747616,0.9156095971747616,37.60930261963179,37.60930261963179,37.60930261963179,37.60930261963179,0.7659735767745782,0.7659735767745782,0.7659735767745782,0.7659735767745782,0.97,0.97,0.97,0.97,36.48102354104284,36.48102354104284,36.48102354104284,36.48102354104284,145.92409416417135,3502.178259940112,0.0537271152727401,3.6849518728326094e-05,0.105
1953-03-08,1953-03-19,2891.2138,1.0178660401524815,2942.868341840209,0.091,1953,3,8,1953.03,1952,6,159,23,0.254263824734994,226.8450931807024,0.0770829907527747,0.5,3,Normal,49,9,9,9,107,183.0,0.0621842293785959,2759.868341840209,1100.0,,4,275.0,275.0,275.0,275.0,1659.8683418402088,51.0,9.0,16.0,71.0,1512.868341840209,100.0,18.0,25.0,80.0,1619.868341840209,1243.0,990.0,973.3758891009936,16.624110899006382,0.9262894125183112,0.48,988.5937105874816,0.5349,0.5349,0.5349,0.5349,14.682921486488103,14.682921486488103,14.682921486488103,14.682921486488103,,0.9096227453594774,0.9096227453594774,0.9096227453594774,0.9096227453594774,36.02012215360693,36.02012215360693,36.02012215360693,36.02012215360693,0.7336073758372083,0.7336073758372083,0.7336073758372083,0.7336073758372083,0.97,0.97,0.97,0.97,34.939518488998715,34.939518488998715,34.939518488998715,34.939518488998715,139.75807395599486,3354.1937749438766,0.0474904269310949,3.529244291818052e-05,0.09
1953-03-09,1953-03-20,3052.1754,1.0230557447200064,3122.545576863084,0.077,1953,3,9,1953.03,1952,6,160,23,0.2697879378409704,179.6772350228753,0.0575419095094136,0.5,3,Normal,49,9,9,9,107,183.0,0.0586060300787802,2939.545576863084,1100.0,,4,275.0,275.0,275.0,275.0,1839.545576863084,50.99999999999994,9.0,16.0,71.0,1692.5455768630843,100.0,18.0,25.0,80.0,1799.5455768630843,1243.0,990.0,973.8095927717384,16.190407228261506,0.9262894125183112,0.48,988.5937105874816,0.5349,0.5349,0.5349,0.5349,14.24921781574323,14.24921781574323,14.24921781574323,14.24921781574323,,0.9047912864673796,0.9047912864673796,0.9047912864673796,0.9047912864673796,34.77049136442298,34.77049136442298,34.77049136442298,34.77049136442298,0.7081566469332582,0.7081566469332582,0.7081566469332582,0.7081566469332582,0.97,0.97,0.97,0.97,33.727376623490294,33.727376623490294,33.727376623490294,33.727376623490294,134.90950649396115,3237.828155855068,0.0432049759316856,3.406805719544474e-05,0.075
1953-03-10,1953-03-21,3134.7263,1.0242753271445222,3210.822806441037,0.072,1953,3,10,1953.03,1952,6,161,23,0.2774150904765056,88.27722957795277,0.0274936472361119,0.5,3,Normal,49,9,9,9,107,183.0,0.0569947365618852,3027.822806441037,1100.0,,4,275.0,275.0,275.0,275.0,1927.8228064410368,51.0,9.0,16.0,71.0,1780.8228064410368,100.0,18.0,25.0,80.0,1887.8228064410368,1243.0,990.0,974.0076959469822,15.992304053017849,0.9262894125183112,0.48,988.5937105874816,0.5349,0.5349,0.5349,0.5349,14.05111464049957,14.05111464049957,14.05111464049957,14.05111464049957,,0.9025844170951652,0.9025844170951652,0.9025844170951652,0.9025844170951652,34.20345688698316,34.20345688698316,34.20345688698316,34.20345688698316,0.6966080832379462,0.6966080832379462,0.6966080832379462,0.6966080832379462,0.97,0.97,0.97,0.97,33.177353180373665,33.177353180373665,33.177353180373665,33.177353180373665,132.70941272149466,3185.025905315872,0.0413319017341207,3.35124779599734e-05,0.07
1953-03-11,1953-03-22,3304.0166,1.0414612372122911,3441.005216005948,0.061,1953,3,11,1953.03,1952,6,162,24,0.2973028506629138,230.1824095649108,0.0668939438086899,0.2,2,Mod_Wet,59,11,12,13,144,239.0,0.0694564480426486,3202.005216005948,1100.0,,4,275.0,275.0,275.0,275.0,2102.005216005948,41.0,7.0,13.0,67.0,1974.0052160059483,100.0,18.0,25.0,80.0,2118.005216005949,1243.0,990.0,974.4954634339172,15.50453656608272,0.9262894125183112,0.48,988.5937105874816,0.5349,0.5349,0.5349,0.5349,13.563347153564443,13.563347153564443,13.563347153564443,13.563347153564443,,0.8949303075665831,0.8949303075665831,0.8949303075665831,0.8949303075665831,32.736141334357114,32.736141334357114,32.736141334357114,32.736141334357114,0.6667238560968862,0.6667238560968862,0.6667238560968862,0.6667238560968862,0.97,0.97,0.97,0.97,31.7540570943264,31.7540570943264,31.7540570943264,31.7540570943264,127.0162283773056,3048.3894810553343,0.0369125358446088,3.2074805145784244e-05,0.06
1953-03-12,1953-03-23,3373.3099,1.0340492705415865,3488.168641405712,0.057,1953,3,12,1953.03,1952,6,163,24,0.3013777706174535,47.16342539976449,0.0135209705287522,0.2,2,Mod_Wet,59,11,12,13,144,239.0,0.0685173294556321,3249.168641405712,1100.0,,4,275.0,275.0,275.0,275.0,2149.168641405712,41.0,7.0,13.0,66.99999999999999,2021.1686414057124,100.0,18.0,25.0,80.0,2165.168641405712,1243.0,990.0,974.5954049782168,15.404595021783166,0.9262894125183112,0.48,988.5937105874816,0.5349,0.5349,0.5349,0.5349,13.463405609264887,13.463405609264887,13.463405609264887,13.463405609264887,,0.8933087560103228,0.8933087560103228,0.8933087560103228,0.8933087560103228,32.43604647965583,32.43604647965583,32.43604647965583,32.43604647965583,0.6606119445958417,0.6606119445958417,0.6606119445958417,0.6606119445958417,0.97,0.97,0.97,0.97,31.462965085266152,31.462965085266152,31.462965085266152,31.462965085266152,125.8518603410646,3020.4446481855507,0.0360796375631503,3.178077281340016e-05,0.055
1953-03-13,1953-03-24,3496.7627,1.0218789199542715,3573.2680912123824,0.052,1953,3,13,1953.03,1952,6,164,24,0.3087303630807498,85.09944980667024,0.023815579361636,0.2,2,Mod_Wet,59,11,12,13,144,239.0,0.0668855495583341,3334.2680912123824,1100.0,,4,275.0,275.0,275.0,275.0,2234.2680912123824,41.0,7.0,13.0,67.00000000000001,2106.2680912123824,100.0,18.0,25.0,80.0,2250.2680912123824,1243.0,990.0,974.775734764712,15.224265235288044,0.9262894125183112,0.48,988.5937105874816,0.5349,0.5349,0.5349,0.5349,13.283075822769767,13.283075822769767,13.283075822769767,13.283075822769767,,0.8903829052244394,0.8903829052244394,0.8903829052244394,0.8903829052244394,31.896781122662784,31.896781122662784,31.896781122662784,31.896781122662784,0.6496289434350873,0.6496289434350873,0.6496289434350873,0.6496289434350873,0.97,0.97,0.97,0.97,30.9398776889829,30.9398776889829,30.9398776889829,30.9398776889829,123.7595107559316,2970.2282581423583,0.0346348238074521,3.125240170604333e-05,0.05
1953-03-14,1953-03-25,3733.5042,1.0249522745569744,3826.663621858017,0.044,1953,3,14,1953.03,1952,6,165,24,0.3306237369285326,253.39553064563452,0.0662183969341417,0.2,2,Mod_Wet,59,11,12,13,144,239.0,0.0624564956885222,3587.663621858017,1100.0,,4,275.0,275.0,275.0,275.0,2487.663621858017,41.0,7.0,13.0,67.0,2359.663621858017,100.0,18.0,25.0,80.0,2503.663621858017,1243.0,990.0,975.3126919606038,14.687308039396155,0.9262894125183112,0.48,988.5937105874816,0.5349,0.5349,0.5349,0.5349,12.74611862687788,12.74611862687788,12.74611862687788,12.74611862687788,,0.8801881075020603,0.8801881075020603,0.8801881075020603,0.8801881075020603,30.25692897470306,30.25692897470306,30.25692897470306,30.25692897470306,0.6162307326823434,0.6162307326823434,0.6162307326823434,0.6162307326823434,0.97,0.97,0.97,0.97,29.349221105461968,29.349221105461968,29.349221105461968,29.349221105461968,117.39688442184789,2817.525226124349,0.0306786527436781,2.964567788430502e-05,0.045
1953-03-15,1953-03-26,4038.4235,0.9996429456641102,4036.981563379165,0.036,1953,3,15,1953.03,1952,6,166,24,0.3487952070759598,210.317941521148,0.0520978206660673,0.2,2,Mod_Wet,59,11,12,13,144,239.0,0.0592026483767105,3797.981563379165,1100.0,,4,275.0,275.0,275.0,275.0,2697.981563379165,41.0,6.999999999999986,13.0,67.0,2569.981563379165,100.0,18.0,25.0,80.0,2713.981563379165,1243.0,990.0,975.7476762609838,14.25232373901622,0.9262894125183112,0.48,988.5937105874816,0.5349,0.5349,0.5349,0.5349,12.311134326497942,12.311134326497942,12.311134326497942,12.311134326497942,,0.8705901789141771,0.8705901789141771,0.8705901789141771,0.8705901789141771,28.90568241659629,28.90568241659629,28.90568241659629,28.90568241659629,0.5887104361832238,0.5887104361832238,0.5887104361832238,0.5887104361832238,0.97,0.97,0.97,0.97,28.0385119440984,28.0385119440984,28.0385119440984,28.0385119440984,112.1540477763936,2691.697146633446,0.0277816596423875,2.832172923646303e-05,0.035
1953-03-16,1953-03-27,4196.5773,0.9961693822117608,4180.501816344899,0.033,1953,3,16,1953.03,1952,6,167,24,0.3611953569321993,143.52025296573447,0.0343308672668434,0.2,2,Mod_Wet,59,11,12,13,144,239.0,0.0571701701134441,3941.5018163449,1100.0,,4,275.0,275.0,275.0,275.0,2841.5018163448995,41.0,7.0,13.0,67.0,2713.5018163448995,100.0,18.0,25.0,80.0,2857.5018163448995,1243.0,990.0,976.0103183239112,13.98968167608882,0.9262894125183112,0.48,988.5937105874816,0.5349,0.5349,0.5349,0.5349,12.048492263570544,12.048492263570544,12.048492263570544,12.048492263570544,,0.864794981795684,0.864794981795684,0.864794981795684,0.864794981795684,28.10070768656179,28.10070768656179,28.10070768656179,28.10070768656179,0.572315838830179,0.572315838830179,0.572315838830179,0.572315838830179,0.97,0.97,0.97,0.97,27.257686455964937,27.257686455964937,27.257686455964937,27.257686455964937,109.03074582385976,2616.7378997726337,0.0260807794407771,2.7533016622186804e-05,0.035
1953-03-17,1953-03-28,4337.6663,0.9996331882875896,4336.075193196632,0.029,1953,3,17,1953.03,1952,6,168,24,0.3746368966921889,155.57337685173297,0.0358788466343549,0.2,2,Mod_Wet,59,11,12,13,144,239.0,0.0551189703478838,4097.075193196632,1100.0,,4,275.0,275.0,275.0,275.0,2997.0751931966324,41.0,7.0,13.0,67.0,2869.0751931966324,100.0,18.0,25.0,80.0,3013.0751931966324,1243.0,990.0,976.2950176035498,13.704982396450191,0.9262894125183112,0.48,988.5937105874816,0.5349,0.5349,0.5349,0.5349,11.763792983931914,11.763792983931914,11.763792983931914,11.763792983931914,,0.8467235079205494,0.8467235079205494,0.8467235079205494,0.8467235079205494,26.86336320934605,26.86336320934605,26.86336320934605,26.86336320934605,0.5471153403125469,0.5471153403125469,0.5471153403125469,0.5471153403125469,0.97,0.97,0.97,0.97,26.057462313065678,26.057462313065678,26.057462313065678,26.057462313065678,104.2298492522627,2501.516382054305,0.0240378325117149,2.6320669003096643e-05,0.03
1953-03-18,1953-03-29,4505.4084,0.9991072065460684,4501.386000873192,0.025,1953,3,18,1953.03,1952,6,169,25,0.3889197504754438,165.3108076765593,0.0367244239095451,0.2,2,Mod_Wet,59,11,12,13,144,239.0,0.0530947579153705,4262.386000873192,1100.0,,4,275.0,275.0,275.0,275.0,3162.386000873192,41.0,7.0,13.0,67.0,3034.386000873192,100.0,18.0,25.0,80.0,3178.386000873192,1243.0,990.0,976.597536381598,13.402463618402066,0.9262894125183112,0.48,988.5937105874816,0.5349,0.5349,0.5349,0.5349,11.46127420588379,11.46127420588379,11.46127420588379,11.46127420588379,,0.8249490886230813,0.8249490886230813,0.8249490886230813,0.8249490886230813,25.49948699953703,25.49948699953703,25.49948699953703,25.49948699953703,0.5193378207645016,0.5193378207645016,0.5193378207645016,0.5193378207645016,0.97,0.97,0.97,0.97,24.73450238955092,24.73450238955092,24.73450238955092,24.73450238955092,98.93800955820367,2374.512229396888,0.0219794546699641,2.498434584803123e-05,0.025
1953-03-19,1953-03-30,4883.7869,1.0292589936629206,5026.681589958155,0.017,1953,3,19,1953.03,1952,6,170,25,0.4343052893723847,525.2955890849636,0.1045014647703866,0.2,2,Mod_Wet,59,11,12,13,144,239.0,0.0475462779415852,4787.681589958155,1100.0,,4,275.0,275.0,275.0,275.0,3687.681589958155,41.0,7.0,13.0,67.0,3559.681589958155,100.0,18.0,25.0,80.0,3703.681589958155,1243.0,990.0087044000348,977.5510896485356,12.457614751499136,0.9230378686317636,0.48,988.6056665314028,0.5349,0.5349,0.5349,0.5349,10.519676882867309,10.519676882867309,10.519676882867309,10.519676882867309,,0.7571756596378806,0.7571756596378806,0.7571756596378806,0.7571756596378806,21.48178859609188,21.48178859609188,21.48178859609188,21.48178859609188,0.4375109693705067,0.4375109693705067,0.4375109693705067,0.4375109693705067,0.9637510969370506,0.9637510969370506,0.9637510969370506,0.9637510969370506,20.70309732365337,20.70309732365337,20.70309732365337,20.70309732365337,82.8123892946135,1987.497343070724,0.0164745643448052,2.0912219518841797e-05,0.015
1953-03-20,1953-03-31,5113.3614,1.0380217268960774,5307.780230671744,0.013,1953,3,20,1953.03,1952,6,171,25,0.4585922119300387,281.09864071358885,0.0529597361792075,0.2,2,Mod_Wet,59,11,12,13,144,239.0,0.0450282396054956,5068.780230671744,1100.0,,4,275.0,275.0,275.0,275.0,3968.780230671744,41.0,7.0,13.0,67.0,3840.780230671744,100.0,18.0,25.0,80.0,3984.780230671744,1243.0,990.0315596872152,977.9839815552344,12.0475781319808,0.9145002360539252,0.48,988.6370594511612,0.5349,0.5349,0.5349,0.5349,10.1181778959268,10.1181778959268,10.1181778959268,10.1181778959268,,0.7282769335966145,0.7282769335966145,0.7282769335966145,0.7282769335966145,19.87331238051748,19.87331238051748,19.87331238051748,19.87331238051748,0.4047517796439405,0.4047517796439405,0.4047517796439405,0.4047517796439405,0.960475177964394,0.960475177964394,0.960475177964394,0.960475177964394,19.08782324541952,19.08782324541952,19.08782324541952,19.08782324541952,76.35129298167809,1832.431031560274,0.0143847879270644,1.92806295408278e-05,0.015
1953-03-21,1953-04-01,5383.7291,1.0345701589618974,5569.845470794792,0.01,1953,3,21,1953.03,1952,6,172,25,0.4812346486766701,262.06524012304817,0.0470507200778144,0.1,2,Mod_Wet,59,11,12,13,144,239.0,0.0429096285082206,5330.845470794792,0.0,,0,275.0,275.0,275.0,275.0,5330.845470794792,1141.0,7.0,13.0,67.0,4102.845470794792,1200.0,18.0,25.0,80.0,4246.845470794792,1243.0,990.052867425694,978.387562025024,11.665305400670036,0.906540693005547,0.48,988.6663267326884,0.5349,0.5349,0.5349,0.5349,9.743864707664436,9.743864707664436,9.743864707664436,9.743864707664436,1.0,0.0,0.0,0.0,0.0,0.0,0.0,0.0,0.0,0.0,0.0,0.0,0.0,0.96,0.96,0.96,0.96,0.0,0.0,0.0,0.0,0.0,0.0,0.0,,0.01
1953-03-22,1953-04-02,5622.7563,1.0257801397590158,5767.711743244887,0.008,1953,3,22,1953.03,1952,6,173,25,0.4983302946163582,197.86627245009456,0.0343058532149833,0.1,2,Mod_Wet,59,11,12,13,144,239.0,0.0414375770911081,5528.711743244887,0.0,,0,275.0,275.0,275.0,275.0,5528.711743244887,1141.0,7.0,13.0,67.0,4300.711743244887,1200.0,18.0,25.0,80.0,4444.711743244887,1243.0,990.068955338708,978.6922760845972,11.376679254110968,0.9005310249067116,0.48,988.6884243138012,0.5349,0.5349,0.5349,0.5349,9.461248229204209,9.461248229204209,9.461248229204209,9.461248229204209,1.0,0.0,0.0,0.0,0.0,0.0,0.0,0.0,0.0,0.0,0.0,0.0,0.0,0.96,0.96,0.96,0.96,0.0,0.0,0.0,0.0,0.0,0.0,0.0,,0.01
1953-03-23,1953-04-03,5734.5421,1.026443120707377,5886.181288951835,0.0069999999999999,1953,3,23,1953.03,1952,6,174,25,0.5085660633654385,118.46954570694834,0.0201267239133989,0.1,2,Mod_Wet,59,11,12,13,144,239.0,0.0406035744173552,5647.181288951835,0.0,,0,275.0,275.0,275.0,275.0,5647.181288951835,1141.0,7.0,13.0,66.99999999999997,4419.181288951835,1200.0,18.0,25.0,80.0,4563.181288951835,1243.0,990.0785877420608,978.8747191849858,11.203868557074998,0.896932823754496,0.48,988.7016549183064,0.5349,0.5349,0.5349,0.5349,9.29203573332051,9.29203573332051,9.29203573332051,9.29203573332051,1.0,0.0,0.0,0.0,0.0,0.0,0.0,0.0,0.0,0.0,0.0,0.0,0.0,0.96,0.96,0.96,0.96,0.0,0.0,0.0,0.0,0.0,0.0,0.0,,0.005
1953-03-24,1953-04-04,5715.8471,1.026443120707377,5866.99193481021,0.0069999999999999,1953,3,24,1953.03,1952,6,175,25,0.5069081031676022,19.18935414162479,0.0032707312972035,0.1,2,Mod_Wet,59,11,12,13,144,239.0,0.0407363777989804,5627.99193481021,0.0,,0,275.0,275.0,275.0,275.0,5627.99193481021,1141.0,7.0,13.0,67.00000000000003,4399.99193481021,1200.0,18.0,25.0,80.0,4543.99193481021,1243.0,990.0770275132436,978.8451675796076,11.23185993363586,0.8975156499633021,0.48,988.6995118632802,0.5349,0.5349,0.5349,0.5349,9.319444283672505,9.319444283672505,9.319444283672505,9.319444283672505,1.0,0.0,0.0,0.0,0.0,0.0,0.0,0.0,0.0,0.0,0.0,0.0,0.0,0.96,0.96,0.96,0.96,0.0,0.0,0.0,0.0,0.0,0.0,0.0,,0.005
1953-03-25,1953-04-05,5678.5338,1.026443120707377,5828.6919547143225,0.0069999999999999,1953,3,25,1953.03,1952,6,176,26,0.5035989848873175,38.29998009588871,0.0065709391392542,0.1,2,Mod_Wet,59,11,12,13,144,239.0,0.0410040540582512,5589.6919547143225,0.0,,0,275.0,275.0,275.0,275.0,5589.6919547143225,1141.0,7.0,13.0,67.0,4361.6919547143225,1200.0,18.0,25.0,80.0,4505.6919547143225,1243.0,990.073913456762,978.78618561026,11.28772784650198,0.8986789112190889,0.48,988.6952345455428,0.5349,0.5349,0.5349,0.5349,9.37414893528284,9.37414893528284,9.37414893528284,9.37414893528284,1.0,0.0,0.0,0.0,0.0,0.0,0.0,0.0,0.0,0.0,0.0,0.0,0.0,0.96,0.96,0.96,0.96,0.0,0.0,0.0,0.0,0.0,0.0,0.0,,0.005
1953-03-26,1953-04-06,5659.9156,1.0257801397590158,5805.829015192234,0.008,1953,3,26,1953.03,1952,6,177,26,0.5016236269126091,22.862939522087803,0.0039379284960445,0.1,2,Mod_Wet,59,11,12,13,144,239.0,0.0411655250911805,5566.829015192234,0.0,,0,275.0,275.0,275.0,275.0,5566.829015192234,1141.0,7.0,13.0,67.0,4338.829015192234,1200.0,18.0,25.0,80.0,4482.829015192234,1243.0,990.0720545397382,978.750976683396,11.3210778563423,0.8993733129308533,0.48,988.6926812268074,0.5349,0.5349,0.5349,0.5349,9.406804543411448,9.406804543411448,9.406804543411448,9.406804543411448,1.0,0.0,0.0,0.0,0.0,0.0,0.0,0.0,0.0,0.0,0.0,0.0,0.0,0.96,0.96,0.96,0.96,0.0,0.0,0.0,0.0,0.0,0.0,0.0,,0.01
1953-03-27,1953-04-07,5567.2098,1.0257801397590158,5710.733246711761,0.008,1953,3,27,1953.03,1952,6,178,26,0.4934073525158961,95.09576848047254,0.0166521117993435,0.1,2,Mod_Wet,59,11,12,13,144,239.0,0.0418510180172775,5471.733246711761,0.0,,0,275.0,275.0,275.0,275.0,5471.733246711761,1141.0,7.0,13.0,67.0,4243.733246711761,1200.0,18.0,25.0,80.0,4387.733246711761,1243.0,990.0643225880904,978.604529199936,11.459793388154251,0.9022615970183774,0.48,988.682060991072,0.5349,0.5349,0.5349,0.5349,9.542631791135811,9.542631791135811,9.542631791135811,9.542631791135811,1.0,0.0,0.0,0.0,0.0,0.0,0.0,0.0,0.0,0.0,0.0,0.0,0.0,0.96,0.96,0.96,0.96,0.0,0.0,0.0,0.0,0.0,0.0,0.0,,0.01
1953-03-28,1953-04-08,5511.8949,1.0284370307265174,5668.636824632636,0.009,1953,3,28,1953.03,1952,6,179,26,0.4897702216482598,42.09642207912566,0.007426198463835,0.1,2,Mod_Wet,59,11,12,13,144,239.0,0.0421618119829874,5429.636824632636,0.0,,0,275.0,275.0,275.0,275.0,5429.636824632636,1141.0,7.0,13.0,67.0,4201.636824632636,1200.0,18.0,25.0,80.0,4345.636824632636,1243.0,990.0608998543004,978.5397007099342,11.521199144366165,0.90354016522362,0.48,988.6773596890768,0.5349,0.5349,0.5349,0.5349,9.602758979142545,9.602758979142545,9.602758979142545,9.602758979142545,1.0,0.0,0.0,0.0,0.0,0.0,0.0,0.0,0.0,0.0,0.0,0.0,0.0,0.96,0.96,0.96,0.96,0.0,0.0,0.0,0.0,0.0,0.0,0.0,,0.01
1953-03-29,1953-04-09,5420.2188,1.0284370307265174,5574.353728560048,0.01,1953,3,29,1953.03,1952,6,180,26,0.4816241621475881,94.2830960725878,0.0169137268037962,0.1,2,Mod_Wet,59,11,12,13,144,239.0,0.0428749253524206,5335.353728560048,0.0,,0,275.0,275.0,275.0,275.0,5335.353728560048,1141.0,7.0,13.0,67.0,4107.353728560048,1200.0,18.0,25.0,80.0,4251.353728560048,1243.0,990.053233978608,978.3945047419824,11.658729236625618,0.9064037665221378,0.48,988.666830212086,0.5349,0.5349,0.5349,0.5349,9.73742547010351,9.73742547010351,9.73742547010351,9.73742547010351,1.0,0.0,0.0,0.0,0.0,0.0,0.0,0.0,0.0,0.0,0.0,0.0,0.0,0.96,0.96,0.96,0.96,0.0,0.0,0.0,0.0,0.0,0.0,0.0,,0.01
1953-03-30,1953-04-10,5329.1885,1.0345701589618974,5513.419393582916,0.01,1953,3,30,1953.03,1952,6,181,26,0.476359435605564,60.93433497713158,0.0110520043238599,0.1,2,Mod_Wet,59,11,12,13,144,239.0,0.0433487792128008,5274.419393582916,0.0,,0,275.0,275.0,275.0,275.0,5274.419393582916,1141.0,7.0,13.0,67.0,4046.419393582916,1200.0,18.0,25.0,80.0,4190.419393582916,1243.0,990.048279590634,978.3006658661176,11.747613724516327,0.9082544868319103,0.48,988.660025103802,0.5349,0.5349,0.5349,0.5349,9.82445923768443,9.82445923768443,9.82445923768443,9.82445923768443,1.0,0.0,0.0,0.0,0.0,0.0,0.0,0.0,0.0,0.0,0.0,0.0,0.0,0.96,0.96,0.96,0.96,0.0,0.0,0.0,0.0,0.0,0.0,0.0,,0.01
1953-03-31,1953-04-11,5238.8058,1.0301690617890924,5396.855655881256,0.011,1953,3,31,1953.03,1952,6,182,26,0.4662883286681405,116.5637377016601,0.0215984538283202,0.1,2,Mod_Wet,59,11,12,13,144,239.0,0.0442850458191425,5157.855655881256,0.0,,0,275.0,275.0,275.0,275.0,5157.855655881256,1141.0,7.0,13.0,67.0,3929.855655881257,1200.0,18.0,25.0,80.0,4073.855655881257,1243.0,990.0388021428128,978.1211577100572,11.917644432755653,0.9117948040738064,0.48,988.647007338739,0.5349,0.5349,0.5349,0.5349,9.99094962868184,9.99094962868184,9.99094962868184,9.99094962868184,1.0,0.0,0.0,0.0,0.0,0.0,0.0,0.0,0.0,0.0,0.0,0.0,0.0,0.96,0.96,0.96,0.96,0.0,0.0,0.0,0.0,0.0,0.0,0.0,,0.01
1953-04-01,1953-04-12,5149.0725,1.0380217268960774,5344.849128363103,0.013,1953,4,1,1953.04,1952,7,183,27,0.4617949646905721,52.00652751815323,0.0097302143183376,0.05,1,Wet,84,14,20,27,219,364.0,0.06810295131969,4980.849128363103,1100.0,,4,275.0,275.0,275.0,275.0,3880.849128363103,16.0,4.0,5.0,53.0,3802.849128363103,100.0,18.0,25.0,80.0,4021.849128363103,1243.0,990.0345736480798,978.0410676576792,11.99350599040065,0.913374365691308,0.48,988.6411992823884,0.5349,0.5349,0.5349,0.5349,10.06523162470932,10.06523162470932,10.06523162470932,10.06523162470932,,0.7244660154210047,0.7244660154210047,0.7244660154210047,0.7244660154210047,19.66587092569667,19.66587092569667,19.66587092569667,19.66587092569667,0.4005269027636796,0.4005269027636796,0.4005269027636796,0.4005269027636796,0.960052690276368,0.960052690276368,0.960052690276368,0.960052690276368,18.880272288842896,18.880272288842896,18.880272288842896,18.880272288842896,75.52108915537158,1812.506139728918,0.0141296952152698,1.907098210994232e-05,0.015
1953-04-02,1953-04-13,5131.2039,1.0380217268960774,5326.301133333888,0.013,1953,4,2,1953.04,1952,7,184,27,0.4601924179200479,18.547995029214693,0.0034823406647316,0.05,1,Wet,84,14,20,27,219,364.0,0.0683401089964588,4962.301133333888,1100.0,,4,275.0,275.0,275.0,275.0,3862.301133333888,16.0,4.0,5.0,53.0,3784.301133333888,100.0,18.0,25.0,80.0,4003.301133333888,1243.0,990.033065566248,978.012503745334,12.020561820913828,0.9139377123023528,0.48,988.6391278539456,0.5349,0.5349,0.5349,0.5349,10.091724108611508,10.091724108611508,10.091724108611508,10.091724108611508,,0.7263728671425396,0.7263728671425396,0.7263728671425396,0.7263728671425396,19.76953141598508,19.76953141598508,19.76953141598508,19.76953141598508,0.4026381143785148,0.4026381143785148,0.4026381143785148,0.4026381143785148,0.9602638114378514,0.9602638114378514,0.9602638114378514,0.9602638114378514,18.983965587854176,18.983965587854176,18.983965587854176,18.983965587854176,75.9358623514167,1822.460696434001,0.0142567722797689,1.917572281601432e-05,0.015
1953-04-03,1953-04-14,5113.3614,1.0380217268960774,5307.780230671744,0.013,1953,4,3,1953.04,1952,7,185,27,0.4585922119300387,18.52090266214418,0.0034893876266991,0.05,1,Wet,84,14,20,27,219,364.0,0.0685785741271983,4943.780230671744,1100.0,,4,275.0,275.0,275.0,275.0,3843.780230671744,16.0,4.0,5.0,53.0,3765.780230671744,100.0,18.0,25.0,80.0,3984.780230671744,1243.0,990.0315596872152,977.9839815552344,12.0475781319808,0.9145002360539252,0.48,988.6370594511612,0.5349,0.5349,0.5349,0.5349,10.1181778959268,10.1181778959268,10.1181778959268,10.1181778959268,,0.7282769335966145,0.7282769335966145,0.7282769335966145,0.7282769335966145,19.87331238051748,19.87331238051748,19.87331238051748,19.87331238051748,0.4047517796439405,0.4047517796439405,0.4047517796439405,0.4047517796439405,0.960475177964394,0.960475177964394,0.960475177964394,0.960475177964394,19.08782324541952,19.08782324541952,19.08782324541952,19.08782324541952,76.35129298167809,1832.431031560274,0.0143847879270644,1.92806295408278e-05,0.015
1953-04-04,1953-04-15,5059.9903,1.0394378020389885,5259.545195770601,0.014,1953,4,4,1953.04,1952,7,186,27,0.4544247049145799,48.235034901143074,0.0091709516898781,0.05,1,Wet,84,14,20,27,219,364.0,0.0692075049174795,4895.545195770601,1100.0,,4,275.0,275.0,275.0,275.0,3795.545195770601,16.0,4.0,5.0,53.0,3717.545195770601,100.0,18.0,25.0,80.0,3936.545195770601,1243.0,990.0276378412324,977.9096996014867,12.11793823974574,0.9159652484934148,0.48,988.631672592739,0.5349,0.5349,0.5349,0.5349,10.1870729912523,10.1870729912523,10.1870729912523,10.1870729912523,,0.7332358016141162,0.7332358016141162,0.7332358016141162,0.7332358016141162,20.14487019371456,20.14487019371456,20.14487019371456,20.14487019371456,0.4102824886703576,0.4102824886703576,0.4102824886703576,0.4102824886703576,0.9610282488670358,0.9610282488670358,0.9610282488670358,0.9610282488670358,19.359789325919248,19.359789325919248,19.359789325919248,19.359789325919248,77.43915730367699,1858.539775288248,0.0147235463184057,1.9555342753453785e-05,0.015
1953-04-05,1953-04-16,4989.1947,1.039557435538597,5186.55444773476,0.015,1953,4,5,1953.04,1952,7,187,27,0.4481183042842833,72.99074803584062,0.0140730708163527,0.05,1,Wet,84,14,20,27,219,364.0,0.0701814670352063,4822.55444773476,1100.0,,4,275.0,275.0,275.0,275.0,3722.55444773476,16.0,4.0,5.0,53.0,3644.55444773476,100.0,18.0,25.0,80.0,3863.55444773476,1243.0,990.021703182482,977.7972938495116,12.22440933297048,0.9181821506695292,0.48,988.6235210318124,0.5349,0.5349,0.5349,0.5349,10.291327182300954,10.291327182300954,10.291327182300954,10.291327182300954,,0.7407397142110743,0.7407397142110743,0.7407397142110743,0.7407397142110743,20.559304010553223,20.559304010553223,20.559304010553223,20.559304010553223,0.4187230959379475,0.4187230959379475,0.4187230959379475,0.4187230959379475,0.9618723095937948,0.9618723095937948,0.9618723095937948,0.9618723095937948,19.775425232271797,19.775425232271797,19.775425232271797,19.775425232271797,79.10170092908717,1898.440822298092,0.0152513005939106,1.997517700229474e-05,0.015
1953-04-06,1953-04-17,4936.3728,1.0361660584290755,5114.9019471125,0.016,1953,4,6,1953.04,1952,7,188,27,0.44192752823052,71.65250062226005,0.0140085775569382,0.05,1,Wet,84,14,20,27,219,364.0,0.0711646095592287,4750.9019471125,1100.0,,4,275.0,275.0,275.0,275.0,3650.9019471125,16.0,4.0,5.0,53.0,3572.9019471125,100.0,18.0,25.0,80.0,3791.9019471125,1243.0,990.015877332614,977.6869489985532,12.328928334060606,0.9203584070969988,0.48,988.6155189255168,0.5349,0.5349,0.5349,0.5349,10.393669926963632,10.393669926963632,10.393669926963632,10.393669926963632,,0.748106046472222,0.748106046472222,0.748106046472222,0.748106046472222,20.97024376949128,20.97024376949128,20.97024376949128,20.97024376949128,0.4270925411301685,0.4270925411301685,0.4270925411301685,0.4270925411301685,0.9627092541130168,0.9627092541130168,0.9627092541130168,0.9627092541130168,20.18824773789508,20.18824773789508,20.18824773789508,20.18824773789508,80.75299095158033,1938.071782837928,0.0157877886588163,2.0392169432217257e-05,0.015
1953-04-07,1953-04-18,4866.3108,1.0292589936629206,5008.694156859004,0.017,1953,4,7,1953.04,1952,7,189,27,0.4327511751526179,106.20779025349655,0.0212046866762774,0.05,1,Wet,84,14,20,27,219,364.0,0.0726736328073718,4644.694156859004,1100.0,,4,275.0,275.0,275.0,275.0,3544.694156859004,16.0,4.0,5.0,53.0,3466.694156859004,100.0,18.0,25.0,80.0,3685.694156859004,1243.0,990.0072418958116,977.5233890015628,12.483852894248912,0.92358418964716,0.48,988.6036577061644,0.5349,0.5349,0.5349,0.5349,10.545368704601737,10.545368704601737,10.545368704601737,10.545368704601737,,0.7590248820318446,0.7590248820318446,0.7590248820318446,0.7590248820318446,21.586845099168062,21.586845099168062,21.586845099168062,21.586845099168062,0.4396506130176795,0.4396506130176795,0.4396506130176795,0.4396506130176795,0.963965061301768,0.963965061301768,0.963965061301768,0.963965061301768,20.80896445933131,20.80896445933131,20.80896445933131,20.80896445933131,83.23585783732524,1997.660588095806,0.0166182751892208,2.1019156019526576e-05,0.015
1953-04-08,1953-04-19,4831.4375,1.0281600220155551,4967.490886366779,0.018,1953,4,8,1953.04,1952,7,190,28,0.4291912125820897,41.20327049222488,0.0082945840132906,0.05,1,Wet,84,14,20,27,219,364.0,0.0732764303602436,4603.490886366779,1100.0,,4,275.0,275.0,275.0,275.0,3503.490886366779,16.0,4.0,5.0,53.0,3425.490886366779,100.0,18.0,25.0,80.0,3644.490886366779,1243.0,990.0,977.4505083220512,12.549491677948822,0.9262894125183112,0.48,988.5937105874816,0.5349,0.5349,0.5349,0.5349,10.608302265430543,10.608302265430543,10.608302265430543,10.608302265430543,,0.7635546561840831,0.7635546561840831,0.7635546561840831,0.7635546561840831,21.845269600869933,21.845269600869933,21.845269600869933,21.845269600869933,0.4449138411582471,0.4449138411582471,0.4449138411582471,0.4449138411582471,0.9644913841158248,0.9644913841158248,0.9644913841158248,0.9644913841158248,21.069574313726392,21.069574313726392,21.069574313726392,21.069574313726392,84.27829725490557,2022.6791341177336,0.0169659691749422,2.1282398296693326e-05,0.02
1953-04-09,1953-04-20,4814.0403,1.0281600220155551,4949.60378083177,0.018,1953,4,9,1953.04,1952,7,191,28,0.4276457666638649,17.88710553500914,0.0036138459414226,0.05,1,Wet,84,14,20,27,219,364.0,0.0735412400907029,4585.60378083177,1100.0,,4,275.0,275.0,275.0,275.0,3485.6037808317697,16.0,4.0,5.0,53.0,3407.60378083177,100.0,18.0,25.0,80.0,3626.60378083177,1243.0,990.0,977.417774918922,12.582225081077922,0.9262894125183112,0.48,988.5937105874816,0.5349,0.5349,0.5349,0.5349,10.641035668559644,10.641035668559644,10.641035668559644,10.641035668559644,,0.76591071106889,0.76591071106889,0.76591071106889,0.76591071106889,21.980290874351223,21.980290874351223,21.980290874351223,21.980290874351223,0.4476637652617357,0.4476637652617357,0.4476637652617357,0.4476637652617357,0.9647663765261736,0.9647663765261736,0.9647663765261736,0.9647663765261736,21.20584558183915,21.20584558183915,21.20584558183915,21.20584558183915,84.8233823273566,2035.7611758565583,0.0171374085852791,2.1420046042261768e-05,0.02
1953-04-10,1953-04-21,4762.0068,1.01605202564386,4838.446655269836,0.019,1953,4,10,1953.04,1952,7,192,28,0.4180417910153138,111.15712556193375,0.0229737214196349,0.05,1,Wet,84,14,20,27,219,364.0,0.0752307560534012,4474.446655269836,1100.0,,4,275.0,275.0,275.0,275.0,3374.446655269836,16.0,4.0,5.0,52.99999999999997,3296.4466552698364,100.0,18.0,25.0,80.0,3515.4466552698364,1243.0,990.0,977.2143573791436,12.785642620856263,0.9262894125183112,0.48,988.5937105874816,0.5349,0.5349,0.5349,0.5349,10.844453208337988,10.844453208337988,10.844453208337988,10.844453208337988,,0.7805521122809774,0.7805521122809774,0.7805521122809774,0.7805521122809774,22.82868816883087,22.82868816883087,22.82868816883087,22.82868816883087,0.4649427325627468,0.4649427325627468,0.4649427325627468,0.4649427325627468,0.9664942732562748,0.9664942732562748,0.9664942732562748,0.9664942732562748,22.063796381128306,22.063796381128306,22.063796381128306,22.063796381128306,88.25518552451322,2118.1244525883176,0.0182403965182481,2.228666301124072e-05,0.02
1953-04-11,1953-04-22,4692.9981,1.0142918534042853,4760.069740871789,0.02,1953,4,11,1953.04,1952,7,193,28,0.4112700256113226,78.37691439804712,0.0164654970756148,0.12,2,Mod_Wet,70,14,18,25,168,295.0,0.0619738819091276,4465.069740871789,1100.0,,4,275.0,275.0,275.0,275.0,3365.069740871789,30.0,4.0,7.0,55.0,3269.069740871789,100.0,18.0,25.0,80.0,3437.069740871789,1243.0,990.0,977.0709276257952,12.92907237420468,0.9262894125183112,0.48,988.5937105874816,0.5349,0.5349,0.5349,0.5349,10.987882961686402,10.987882961686402,10.987882961686402,10.987882961686402,,0.7908757675902157,0.7908757675902157,0.7908757675902157,0.7908757675902157,23.43655031473817,23.43655031473817,23.43655031473817,23.43655031473817,0.4773228170007774,0.4773228170007774,0.4773228170007774,0.4773228170007774,0.9677322817000776,0.9677322817000776,0.9677322817000776,0.9677322817000776,22.68030631126025,22.68030631126025,22.68030631126025,22.68030631126025,90.72122524504098,2177.309405880984,0.019058801694873,2.2909400314404293e-05,0.02
1953-04-12,1953-04-23,4675.812,1.009477735901297,4720.128111260116,0.021,1953,4,12,1953.04,1952,7,194,28,0.4078190688128741,39.9416296116724,0.0084619799866002,0.12,2,Mod_Wet,70,14,18,25,168,295.0,0.0624983036575345,4425.128111260116,1100.0,,4,275.0,275.0,275.0,275.0,3325.1281112601164,30.0,4.0,7.0,55.0,3229.1281112601164,100.0,18.0,25.0,80.0,3397.1281112601164,1243.0,990.0,976.997834443606,13.00216555639406,0.9262894125183112,0.48,988.5937105874816,0.5349,0.5349,0.5349,0.5349,11.060976143875784,11.060976143875784,11.060976143875784,11.060976143875784,,0.7961368016557594,0.7961368016557594,0.7961368016557594,0.7961368016557594,23.74939489057751,23.74939489057751,23.74939489057751,23.74939489057751,0.4836943969567721,0.4836943969567721,0.4836943969567721,0.4836943969567721,0.9683694396956772,0.9683694396956772,0.9683694396956772,0.9683694396956772,22.99818822329992,22.99818822329992,22.99818822329992,22.99818822329992,91.99275289319968,2207.8260694367923,0.0194894610325821,2.3230493154848405e-05,0.02
1953-04-13,1953-04-24,4692.9981,1.0142918534042853,4760.069740871789,0.02,1953,4,13,1953.04,1952,7,195,28,0.4112700256113226,39.9416296116724,0.0083909757180064,0.12,2,Mod_Wet,70,14,18,25,168,295.0,0.0619738819091276,4465.069740871789,1100.0,,4,275.0,275.0,275.0,275.0,3365.069740871789,30.0,4.0,7.0,55.0,3269.069740871789,100.0,18.0,25.0,80.0,3437.069740871789,1243.0,990.0,977.0709276257952,12.92907237420468,0.9262894125183112,0.48,988.5937105874816,0.5349,0.5349,0.5349,0.5349,10.987882961686402,10.987882961686402,10.987882961686402,10.987882961686402,,0.7908757675902157,0.7908757675902157,0.7908757675902157,0.7908757675902157,23.43655031473817,23.43655031473817,23.43655031473817,23.43655031473817,0.4773228170007774,0.4773228170007774,0.4773228170007774,0.4773228170007774,0.9677322817000776,0.9677322817000776,0.9677322817000776,0.9677322817000776,22.68030631126025,22.68030631126025,22.68030631126025,22.68030631126025,90.72122524504098,2177.309405880984,0.019058801694873,2.2909400314404293e-05,0.02
1953-04-14,1953-04-25,4658.6523,1.009477735901297,4702.805776155369,0.021,1953,4,14,1953.04,1952,7,196,28,0.4063224190598239,57.26396471641965,0.0121765531986808,0.12,2,Mod_Wet,70,14,18,25,168,295.0,0.0627285101791228,4407.805776155369,1100.0,,4,275.0,275.0,275.0,275.0,3307.805776155369,30.0,4.0,7.0,55.0,3211.805776155369,100.0,18.0,25.0,80.0,3379.805776155369,1243.0,990.0,976.9661345703644,13.03386542963574,0.9262894125183112,0.48,988.5937105874816,0.5349,0.5349,0.5349,0.5349,11.092676017117462,11.092676017117462,11.092676017117462,11.092676017117462,,0.7984184660737317,0.7984184660737317,0.7984184660737317,0.7984184660737317,23.88571768989774,23.88571768989774,23.88571768989774,23.88571768989774,0.4864708287148215,0.4864708287148215,0.4864708287148215,0.4864708287148215,0.9686470828714822,0.9686470828714822,0.9686470828714822,0.9686470828714822,23.1368307626112,23.1368307626112,23.1368307626112,23.1368307626112,92.5473230504448,2221.1357532106754,0.0196791718509166,2.33705361238497e-05,0.02
1953-04-15,1953-04-26,4624.4124,1.0010095903033338,4629.081161917657,0.022,1953,4,15,1953.04,1952,7,197,29,0.3999526123896856,73.72461423771256,0.0159264034608482,0.12,2,Mod_Wet,70,14,18,25,168,295.0,0.0637275497407335,4334.081161917657,1100.0,,4,275.0,275.0,275.0,275.0,3234.0811619176566,30.0,4.0,7.0,55.0,3138.0811619176566,100.0,18.0,25.0,80.0,3306.0811619176566,1243.0,990.0,976.8312185263092,13.168781473690728,0.9262894125183112,0.48,988.5937105874816,0.5349,0.5349,0.5349,0.5349,11.227592061172452,11.227592061172452,11.227592061172452,11.227592061172452,,0.8081293294196813,0.8081293294196813,0.8081293294196813,0.8081293294196813,24.47027708155325,24.47027708155325,24.47027708155325,24.47027708155325,0.4983763153065834,0.4983763153065834,0.4983763153065834,0.4983763153065834,0.9698376315306584,0.9698376315306584,0.9698376315306584,0.9698376315306584,23.73219556767255,23.73219556767255,23.73219556767255,23.73219556767255,94.9287822706902,2278.290774496565,0.0205070464202802,2.397191471482076e-05,0.02
1953-04-16,1953-04-27,4573.2514,0.993176831573204,4542.047335439719,0.023,1953,4,16,1953.04,1952,7,198,29,0.3924328897819917,87.03382647793751,0.0191618052499912,0.12,2,Mod_Wet,70,14,18,25,168,295.0,0.0649486846379246,4247.047335439719,1100.0,,4,275.0,275.0,275.0,275.0,3147.047335439719,30.0,4.0,7.0,55.0,3051.047335439719,100.0,18.0,25.0,80.0,3219.047335439719,1243.0,990.0,976.6719466238546,13.328053376145364,0.9262894125183112,0.48,988.5937105874816,0.5349,0.5349,0.5349,0.5349,11.386863963627086,11.386863963627086,11.386863963627086,11.386863963627086,,0.819593256415317,0.819593256415317,0.819593256415317,0.819593256415317,25.16946022696886,25.16946022696886,25.16946022696886,25.16946022696886,0.5126162979016061,0.5126162979016061,0.5126162979016061,0.5126162979016061,0.97,0.97,0.97,0.97,24.414376420159797,24.414376420159797,24.414376420159797,24.414376420159797,97.65750568063918,2343.78013633534,0.0215007679287395,2.466098628298969e-05,0.025
1953-04-17,1953-04-28,4539.2767,0.9984176938383548,4532.094174508177,0.023,1953,4,17,1953.04,1952,7,199,29,0.3915729366775065,9.953160931541788,0.0021961505097413,0.12,2,Mod_Wet,70,14,18,25,168,295.0,0.0650913217247992,4237.094174508177,1100.0,,4,275.0,275.0,275.0,275.0,3137.0941745081773,30.0,4.0,7.0,55.0,3041.094174508177,100.0,18.0,25.0,80.0,3209.094174508177,1243.0,990.0,976.65373233935,13.346267660650028,0.9262894125183112,0.48,988.5937105874816,0.5349,0.5349,0.5349,0.5349,11.405078248131751,11.405078248131751,11.405078248131751,11.405078248131751,,0.8209042674889664,0.8209042674889664,0.8209042674889664,0.8209042674889664,25.250046132142884,25.250046132142884,25.250046132142884,25.250046132142884,0.5142575586994478,0.5142575586994478,0.5142575586994478,0.5142575586994478,0.97,0.97,0.97,0.97,24.4925447481786,24.4925447481786,24.4925447481786,24.4925447481786,97.9701789927144,2351.2842958251454,0.0216169777635624,2.473994419007939e-05,0.025
1953-04-18,1953-04-29,4488.5142,0.9991072065460684,4484.506883904361,0.026,1953,4,18,1953.04,1952,7,200,29,0.3874613947693367,47.587290603816655,0.0106114879151184,0.12,2,Mod_Wet,70,14,18,25,168,295.0,0.0657820374986609,4189.506883904361,1100.0,,4,275.0,275.0,275.0,275.0,3089.5068839043606,30.0,4.0,7.0,55.0,2993.5068839043606,100.0,18.0,25.0,80.0,3161.5068839043606,1243.0,990.0,976.5666475975448,13.433352402455055,0.9262894125183112,0.48,988.5937105874816,0.5349,0.5349,0.5349,0.5349,11.49216298993678,11.49216298993678,11.49216298993678,11.49216298993678,,0.8271723732069289,0.8271723732069289,0.8271723732069289,0.8271723732069289,25.63711733826528,25.63711733826528,25.63711733826528,25.63711733826528,0.5221408826530606,0.5221408826530606,0.5221408826530606,0.5221408826530606,0.97,0.97,0.97,0.97,24.86800381811732,24.86800381811732,24.86800381811732,24.86800381811732,99.47201527246928,2387.328366539263,0.0221812604702405,2.511919577587608e-05,0.025
1953-04-19,1953-04-30,4437.9913,1.0054853034328617,4462.335028912899,0.026,1953,4,19,1953.04,1952,7,201,29,0.3855457464980745,22.171854991461263,0.0049686665944629,0.12,2,Mod_Wet,70,14,18,25,168,295.0,0.0661088865108962,4167.335028912899,1100.0,,4,275.0,275.0,275.0,275.0,3067.3350289129,30.0,4.0,7.0,55.0,2971.3350289129,100.0,18.0,25.0,80.0,3139.3350289129,1243.0,990.0,976.5260731029106,13.473926897089427,0.9262894125183112,0.48,988.5937105874816,0.5349,0.5349,0.5349,0.5349,11.53273748457115,11.53273748457115,11.53273748457115,11.53273748457115,,0.8300928069884347,0.8300928069884347,0.8300928069884347,0.8300928069884347,25.818466903337,25.818466903337,25.818466903337,25.818466903337,0.5258343564834419,0.5258343564834419,0.5258343564834419,0.5258343564834419,0.97,0.97,0.97,0.97,25.04391289623689,25.04391289623689,25.04391289623689,25.04391289623689,100.17565158494756,2404.2156380387414,0.0224491551924894,2.52968817133706e-05,0.025
1953-04-20,1953-05-01,4371.001,1.0032349857691722,4385.141126032038,0.028,1953,4,20,1953.04,1952,7,202,29,0.3788761932891681,77.19390288086106,0.0176035162067203,0.12,2,Mod_Wet,70,14,18,25,168,295.0,0.067272635365999,4090.1411260320383,1100.0,,4,275.0,275.0,275.0,275.0,2990.1411260320383,30.0,4.0,7.0,54.99999999999997,2894.141126032039,100.0,18.0,25.0,80.0,3062.141126032039,1243.0,990.0,976.3848082606386,13.61519173936142,0.9262894125183112,0.48,988.5937105874816,0.5349,0.5349,0.5349,0.5349,11.674002326843144,11.674002326843144,11.674002326843144,11.674002326843144,,0.8402606383127162,0.8402606383127162,0.8402606383127162,0.8402606383127162,26.454843001400736,26.454843001400736,26.454843001400736,26.454843001400736,0.5387951731446178,0.5387951731446178,0.5387951731446178,0.5387951731446178,0.97,0.97,0.97,0.97,25.661197711358717,25.661197711358717,25.661197711358717,25.661197711358717,102.64479084543484,2463.4749802904366,0.0234074087686921,2.5920401728645168e-05,0.03
1953-04-21,1953-05-02,4277.0944,0.9991151427865818,4273.309782167689,0.031,1953,4,21,1953.04,1952,7,203,29,0.3692139651792883,111.83134386434904,0.0261697254739208,0.11,2,Mod_Wet,70,14,18,25,168,295.0,0.0690331417654344,3978.309782167689,1100.0,,4,275.0,275.0,275.0,275.0,2878.3097821676893,30.0,4.0,7.0,55.0,2782.3097821676893,100.0,18.0,25.0,80.0,2950.3097821676893,1243.0,990.0,976.1801569013668,13.819843098633214,0.9262894125183112,0.48,988.5937105874816,0.5349,0.5349,0.5349,0.5349,11.878653686114935,11.878653686114935,11.878653686114935,11.878653686114935,,0.854990846253302,0.854990846253302,0.854990846253302,0.854990846253302,27.3905075185738,27.3905075185738,27.3905075185738,27.3905075185738,0.5578514769566965,0.5578514769566965,0.5578514769566965,0.5578514769566965,0.97,0.97,0.97,0.97,26.568792293016585,26.568792293016585,26.568792293016585,26.568792293016585,106.27516917206634,2550.604060129592,0.0248695214223755,2.6837163932339987e-05,0.03
1953-04-22,1953-05-03,4216.6162,0.9976583455247472,4206.742341804848,0.032,1953,4,22,1953.04,1952,7,204,30,0.3634625383319389,66.5674403628409,0.0158239880064251,0.11,2,Mod_Wet,70,14,18,25,168,295.0,0.0701255213727765,3911.742341804848,1100.0,,4,275.0,275.0,275.0,275.0,2811.7423418048484,30.0,4.0,7.0,55.00000000000003,2715.7423418048484,100.0,18.0,25.0,80.0,2883.7423418048484,1243.0,990.0,976.0583384855028,13.941661514497127,0.9262894125183112,0.48,988.5937105874816,0.5349,0.5349,0.5349,0.5349,12.00047210197885,12.00047210197885,12.00047210197885,12.00047210197885,,0.8637354169301633,0.8637354169301633,0.8637354169301633,0.8637354169301633,27.95441787501862,27.95441787501862,27.95441787501862,27.95441787501862,0.5693364129331694,0.5693364129331694,0.5693364129331694,0.5693364129331694,0.97,0.97,0.97,0.97,27.11578533876806,27.11578533876806,27.11578533876806,27.11578533876806,108.46314135507224,2603.1153925217336,0.0257831672449274,2.7389682160371777e-05,0.03
1953-04-23,1953-05-04,4136.8208,0.9937528900407524,4110.977625580697,0.034,1953,4,23,1953.04,1952,7,205,30,0.3551884668501723,95.76471622415102,0.0232948765345381,0.11,2,Mod_Wet,70,14,18,25,168,295.0,0.0717590867350755,3815.977625580697,1100.0,,4,275.0,275.0,275.0,275.0,2715.9776255806973,30.0,4.0,7.0,55.0,2619.9776255806973,100.0,18.0,25.0,80.0,2787.9776255806973,1243.0,990.0,975.8830890548128,14.116910945187328,0.9262894125183112,0.48,988.5937105874816,0.5349,0.5349,0.5349,0.5349,12.175721532669051,12.175721532669051,12.175721532669051,12.175721532669051,,0.8676022956183426,0.8676022956183426,0.8676022956183426,0.8676022956183426,28.48962892948591,28.48962892948591,28.48962892948591,28.48962892948591,0.5802368417410572,0.5802368417410572,0.5802368417410572,0.5802368417410572,0.97,0.97,0.97,0.97,27.63494006160133,27.63494006160133,27.63494006160133,27.63494006160133,110.53976024640532,2652.954245913728,0.0268889228582923,2.791408087030437e-05,0.035
1953-04-24,1953-05-05,4077.6034,0.9948355616753416,4056.5448687282815,0.035,1953,4,24,1953.04,1952,7,206,30,0.3504854766581235,54.432756852415885,0.0134185023496314,0.11,2,Mod_Wet,70,14,18,25,168,295.0,0.0727219862090375,3761.5448687282815,1100.0,,4,275.0,275.0,275.0,275.0,2661.544868728281,30.0,4.000000000000014,7.0,55.0,2565.544868728281,100.0,18.0,25.0,80.0,2733.544868728281,1243.0,990.0,975.7834771097728,14.216522890227338,0.9262894125183112,0.48,988.5937105874816,0.5349,0.5349,0.5349,0.5349,12.27533347770906,12.27533347770906,12.27533347770906,12.27533347770906,,0.8698002331856505,0.8698002331856505,0.8698002331856505,0.8698002331856505,28.79547270562104,28.79547270562104,28.79547270562104,28.79547270562104,0.586465839218351,0.586465839218351,0.586465839218351,0.586465839218351,0.97,0.97,0.97,0.97,27.931608524452404,27.931608524452404,27.931608524452404,27.931608524452404,111.72643409780962,2681.434418347431,0.0275422650835452,2.821374598429536e-05,0.035
1953-04-25,1953-05-06,3980.0999,1.0068859865754054,4007.5068144801726,0.037,1953,4,25,1953.04,1952,7,207,30,0.3462485887710869,49.03805424810889,0.0122365491858732,0.11,2,Mod_Wet,70,14,18,25,168,295.0,0.0736118523701788,3712.5068144801726,1100.0,,4,275.0,275.0,275.0,275.0,2612.5068144801726,30.0,3.999999999999986,7.0,55.0,2516.5068144801726,100.0,18.0,25.0,80.0,2684.5068144801726,1243.0,990.0,975.6937374704988,14.306262529501282,0.9262894125183112,0.48,988.5937105874816,0.5349,0.5349,0.5349,0.5349,12.365073116983003,12.365073116983003,12.365073116983003,12.365073116983003,,0.8717803383262301,0.8717803383262301,0.8717803383262301,0.8717803383262301,29.07201620416552,29.07201620416552,29.07201620416552,29.07201620416552,0.5920980896978721,0.5920980896978721,0.5920980896978721,0.5920980896978721,0.97,0.97,0.97,0.97,28.19985571804056,28.19985571804056,28.19985571804056,28.19985571804056,112.79942287216222,2707.186148931893,0.0281470320810405,2.8484702745495517e-05,0.035
1953-04-26,1953-05-07,3922.3099,1.0074330404372898,3951.464588094282,0.039,1953,4,26,1953.04,1952,7,208,30,0.3414065404113459,56.04222638589046,0.0141826467469163,0.11,2,Mod_Wet,70,14,18,25,168,295.0,0.0746558632687312,3656.464588094282,1100.0,,4,275.0,275.0,275.0,275.0,2556.464588094282,30.0,4.0,7.0,55.0,2460.464588094282,100.0,18.0,25.0,80.0,2628.464588094282,1243.0,990.0,975.5771511509616,14.42284884903836,0.9262894125183112,0.48,988.5937105874816,0.5349,0.5349,0.5349,0.5349,12.481659436520085,12.481659436520085,12.481659436520085,12.481659436520085,,0.8743528154668156,0.8743528154668156,0.8743528154668156,0.8743528154668156,29.432722430925303,29.432722430925303,29.432722430925303,29.432722430925303,0.5994444486950163,0.5994444486950163,0.5994444486950163,0.5994444486950163,0.97,0.97,0.97,0.97,28.549740757997544,28.549740757997544,28.549740757997544,28.549740757997544,114.19896303199016,2740.7751127677643,0.0289004141340581,2.8838121977775297e-05,0.04
1953-04-27,1953-05-08,3884.0786,1.0120830181699707,3931.0099922973936,0.04,1953,4,27,1953.04,1952,7,209,30,0.3396392633344948,20.454595796888498,0.005203394505984,0.11,2,Mod_Wet,70,14,18,25,168,295.0,0.0750443271775032,3636.0099922973936,1100.0,,4,275.0,275.0,275.0,275.0,2536.0099922973936,30.0,4.0,7.0,55.0,2440.0099922973936,100.0,18.0,25.0,80.0,2608.0099922973936,1243.0,990.0,975.5338068884396,14.4661931115603,0.9262894125183112,0.48,988.5937105874816,0.5349,0.5349,0.5349,0.5349,12.525003699042024,12.525003699042024,12.525003699042024,12.525003699042024,,0.8753092066193623,0.8753092066193623,0.8753092066193623,0.8753092066193623,29.56723768890452,29.56723768890452,29.56723768890452,29.56723768890452,0.6021840669837988,0.6021840669837988,0.6021840669837988,0.6021840669837988,0.97,0.97,0.97,0.97,28.680220558237384,28.680220558237384,28.680220558237384,28.680220558237384,114.72088223294952,2753.301173590789,0.0291835641368856,2.896991975579534e-05,0.04
1953-04-28,1953-05-09,3846.083,1.0193419091144624,3920.473587832679,0.04,1953,4,28,1953.04,1952,7,210,30,0.3387289179887435,10.536404464714906,0.0026875335922208,0.11,2,Mod_Wet,70,14,18,25,168,295.0,0.0752460113276983,3625.473587832679,1100.0,,4,275.0,275.0,275.0,275.0,2525.473587832679,30.0,4.0,7.0,55.0,2429.473587832679,100.0,18.0,25.0,80.0,2597.473587832679,1243.0,990.0,975.5114797456454,14.488520254354626,0.9262894125183112,0.48,988.5937105874816,0.5349,0.5349,0.5349,0.5349,12.547330841836349,12.547330841836349,12.547330841836349,12.547330841836349,,0.875801855025119,0.875801855025119,0.875801855025119,0.875801855025119,29.636615344754496,29.636615344754496,29.636615344754496,29.636615344754496,0.6035970538646537,0.6035970538646537,0.6035970538646537,0.6035970538646537,0.97,0.97,0.97,0.97,28.747516884411866,28.747516884411866,28.747516884411866,28.747516884411866,114.99006753764743,2759.761620903538,0.0293306573712224,2.9037895842840265e-05,0.04
1953-04-29,1953-05-10,3827.1734,1.0193419091144624,3901.198240068088,0.041,1953,4,29,1953.04,1952,7,211,31,0.3370635279418828,19.27534776459106,0.0049408788219525,0.11,2,Mod_Wet,70,14,18,25,168,295.0,0.0756177927515037,3606.198240068088,1100.0,,4,275.0,275.0,275.0,275.0,2506.198240068088,30.0,4.0,7.0,55.0,2410.198240068088,100.0,18.0,25.0,80.0,2578.198240068088,1243.0,990.0,975.4706343658584,14.529365634141527,0.9262894125183112,0.48,988.5937105874816,0.5349,0.5349,0.5349,0.5349,12.58817622162325,12.58817622162325,12.58817622162325,12.58817622162325,,0.8767031083301171,0.8767031083301171,0.8767031083301171,0.8767031083301171,29.76368870270632,29.76368870270632,29.76368870270632,29.76368870270632,0.6061851059614322,0.6061851059614322,0.6061851059614322,0.6061851059614322,0.97,0.97,0.97,0.97,28.87077804162513,28.87077804162513,28.87077804162513,28.87077804162513,115.4831121665005,2771.594691996012,0.029601959464763,2.91624020622476e-05,0.04
1953-04-30,1953-05-11,3789.5302,1.025470972214844,3886.053218431513,0.041,1953,4,30,1953.04,1952,7,212,31,0.3357549980724827,15.145021636574713,0.003897275921169,0.11,2,Mod_Wet,70,14,18,25,168,295.0,0.0759124961544061,3591.053218431513,1100.0,,4,275.0,275.0,275.0,275.0,2491.053218431513,30.0,3.999999999999986,7.0,55.0,2395.0532184315134,100.0,18.0,25.0,80.0,2563.0532184315134,1243.0,990.0,975.4385413438192,14.56145865618089,0.9262894125183112,0.48,988.5937105874816,0.5349,0.5349,0.5349,0.5349,12.620269243662612,12.620269243662612,12.620269243662612,12.620269243662612,,0.8774112408614155,0.8774112408614155,0.8774112408614155,0.8774112408614155,29.863672048265396,29.863672048265396,29.863672048265396,29.863672048265396,0.6082214266449163,0.6082214266449163,0.6082214266449163,0.6082214266449163,0.97,0.97,0.97,0.97,28.96776188681743,28.96776188681743,28.96776188681743,28.96776188681743,115.87104754726973,2780.905141134473,0.029817154072336,2.926036554223983e-05,0.04
1953-05-01,1953-05-12,3752.1211,1.0249522745569744,3845.745055858216,0.043,1953,5,1,1953.05,1952,8,213,31,0.3322723728261498,40.30816257329708,0.0104812362722525,0.15,2,Mod_Wet,65,14,17,23,202,321.0,0.0834688715288137,3524.745055858216,1100.0,,4,275.0,275.0,275.0,275.0,2424.745055858216,35.0,4.0,8.0,57.0,2320.745055858216,100.0,18.0,25.0,80.0,2522.745055858216,1243.0,990.0,975.35312642789,14.646873572110051,0.9262894125183112,0.48,988.5937105874816,0.5349,0.5349,0.5349,0.5349,12.705684159591776,12.705684159591776,12.705684159591776,12.705684159591776,,0.8792959209813926,0.8792959209813926,0.8792959209813926,0.8792959209813926,30.13037293697701,30.13037293697701,30.13037293697701,30.13037293697701,0.6136532166390429,0.6136532166390429,0.6136532166390429,0.6136532166390429,0.97,0.97,0.97,0.97,29.2264617488677,29.2264617488677,29.2264617488677,29.2264617488677,116.9058469954708,2805.740327891299,0.030398751164586,2.9521678534209797e-05,0.045
1953-05-02,1953-05-13,3641.2927,1.0362111948982793,3773.148259641381,0.046,1953,5,2,1953.05,1952,8,214,31,0.3260000096330153,72.59679621683472,0.0192403773245143,0.15,2,Mod_Wet,65,14,17,23,202,321.0,0.0850748441118795,3452.148259641381,1100.0,,4,275.0,275.0,275.0,275.0,2352.148259641381,35.0,4.0,8.0,57.0,2248.148259641381,100.0,18.0,25.0,80.0,2450.148259641381,1243.0,990.0,975.1992903597162,14.8007096402838,0.9262894125183112,0.48,988.5937105874816,0.5349,0.5349,0.5349,0.5349,12.859520227765522,12.859520227765522,12.859520227765522,12.859520227765522,,0.8826903138256461,0.8826903138256461,0.8826903138256461,0.8826903138256461,30.612903334466907,30.612903334466907,30.612903334466907,30.612903334466907,0.6234807196429105,0.6234807196429105,0.6234807196429105,0.6234807196429105,0.97,0.97,0.97,0.97,29.6945162344329,29.6945162344329,29.6945162344329,29.6945162344329,118.7780649377316,2850.6735585055585,0.0314798297772218,2.999446084286152e-05,0.045
1953-05-03,1953-05-14,3550.5294,1.0250435165353269,3639.447141738064,0.05,1953,5,3,1953.05,1952,8,215,31,0.3144482330461688,133.70111790331703,0.0367366560624002,0.15,2,Mod_Wet,65,14,17,23,202,321.0,0.0882002093995799,3318.447141738064,1100.0,,4,275.0,275.0,275.0,275.0,2218.447141738064,35.0,4.0,7.999999999999986,57.0,2114.447141738064,100.0,18.0,25.0,80.0,2316.447141738064,1243.0,990.0,974.9159713241592,15.08402867584084,0.9262894125183112,0.48,988.5937105874816,0.5349,0.5349,0.5349,0.5349,13.142839263322564,13.142839263322564,13.142839263322564,13.142839263322564,,0.8881075670474087,0.8881075670474087,0.8881075670474087,0.8881075670474087,31.47937928452557,31.47937928452557,31.47937928452557,31.47937928452557,0.6411278876685452,0.6411278876685452,0.6411278876685452,0.6411278876685452,0.97,0.97,0.97,0.97,30.534997905989805,30.534997905989805,30.534997905989805,30.534997905989805,122.13999162395922,2931.359798975021,0.0335600399915767,3.084343222827253e-05,0.05
1953-05-04,1953-05-15,3550.5294,1.0250435165353269,3639.447141738064,0.05,1953,5,4,1953.05,1952,8,216,31,0.3144482330461688,0.0,0.0,0.15,2,Mod_Wet,65,14,17,23,202,321.0,0.0882002093995799,3318.447141738064,1100.0,,4,275.0,275.0,275.0,275.0,2218.447141738064,35.0,4.0,7.999999999999986,57.0,2114.447141738064,100.0,18.0,25.0,80.0,2316.447141738064,1243.0,990.0,974.9159713241592,15.08402867584084,0.9262894125183112,0.48,988.5937105874816,0.5349,0.5349,0.5349,0.5349,13.142839263322564,13.142839263322564,13.142839263322564,13.142839263322564,,0.8881075670474087,0.8881075670474087,0.8881075670474087,0.8881075670474087,31.47937928452557,31.47937928452557,31.47937928452557,31.47937928452557,0.6411278876685452,0.6411278876685452,0.6411278876685452,0.6411278876685452,0.97,0.97,0.97,0.97,30.534997905989805,30.534997905989805,30.534997905989805,30.534997905989805,122.13999162395922,2931.359798975021,0.0335600399915767,3.084343222827253e-05,0.05
1953-05-05,1953-05-16,3550.5294,1.0250435165353269,3639.447141738064,0.05,1953,5,5,1953.05,1952,8,217,31,0.3144482330461688,0.0,0.0,0.15,2,Mod_Wet,65,14,17,23,202,321.0,0.0882002093995799,3318.447141738064,1100.0,,4,275.0,275.0,275.0,275.0,2218.447141738064,35.0,4.0,7.999999999999986,57.0,2114.447141738064,100.0,18.0,25.0,80.0,2316.447141738064,1243.0,990.0,974.9159713241592,15.08402867584084,0.9262894125183112,0.48,988.5937105874816,0.5349,0.5349,0.5349,0.5349,13.142839263322564,13.142839263322564,13.142839263322564,13.142839263322564,,0.8881075670474087,0.8881075670474087,0.8881075670474087,0.8881075670474087,31.47937928452557,31.47937928452557,31.47937928452557,31.47937928452557,0.6411278876685452,0.6411278876685452,0.6411278876685452,0.6411278876685452,0.97,0.97,0.97,0.97,30.534997905989805,30.534997905989805,30.534997905989805,30.534997905989805,122.13999162395922,2931.359798975021,0.0335600399915767,3.084343222827253e-05,0.05
1953-05-06,1953-05-17,3550.5294,1.0250435165353269,3639.447141738064,0.05,1953,5,6,1953.05,1952,8,218,32,0.3144482330461688,0.0,0.0,0.15,2,Mod_Wet,65,14,17,23,202,321.0,0.0882002093995799,3318.447141738064,1100.0,,4,275.0,275.0,275.0,275.0,2218.447141738064,35.0,4.0,7.999999999999986,57.0,2114.447141738064,100.0,18.0,25.0,80.0,2316.447141738064,1243.0,990.0,974.9159713241592,15.08402867584084,0.9262894125183112,0.48,988.5937105874816,0.5349,0.5349,0.5349,0.5349,13.142839263322564,13.142839263322564,13.142839263322564,13.142839263322564,,0.8881075670474087,0.8881075670474087,0.8881075670474087,0.8881075670474087,31.47937928452557,31.47937928452557,31.47937928452557,31.47937928452557,0.6411278876685452,0.6411278876685452,0.6411278876685452,0.6411278876685452,0.97,0.97,0.97,0.97,30.534997905989805,30.534997905989805,30.534997905989805,30.534997905989805,122.13999162395922,2931.359798975021,0.0335600399915767,3.084343222827253e-05,0.05
1953-05-07,1953-05-18,3514.6276,1.0243778615521175,3600.306705040052,0.051,1953,5,7,1953.05,1952,8,219,32,0.3110664993154605,39.14043669801232,0.0108714173276459,0.15,2,Mod_Wet,65,14,17,23,202,321.0,0.0891590706843485,3279.306705040052,1100.0,,4,275.0,275.0,275.0,275.0,2179.306705040052,35.0,4.0,8.000000000000014,57.0,2075.3067050400514,100.0,18.0,25.0,80.0,2277.3067050400514,1243.0,990.0,974.8330308749656,15.166969125034257,0.9262894125183112,0.48,988.5937105874816,0.5349,0.5349,0.5349,0.5349,13.22577971251598,13.22577971251598,13.22577971251598,13.22577971251598,,0.8894532758355718,0.8894532758355718,0.8894532758355718,0.8894532758355718,31.726036323546417,31.726036323546417,31.726036323546417,31.726036323546417,0.6461514526180533,0.6461514526180533,0.6461514526180533,0.6461514526180533,0.97,0.97,0.97,0.97,30.774255233840023,30.774255233840023,30.774255233840023,30.774255233840023,123.09702093536008,2954.328502448642,0.0341907040205872,3.1085106296808105e-05,0.05
1953-05-08,1953-05-19,3496.7627,1.0218789199542715,3573.2680912123824,0.052,1953,5,8,1953.05,1952,8,220,32,0.3087303630807498,27.038613827669447,0.0075669144148922,0.15,2,Mod_Wet,65,14,17,23,202,321.0,0.0898337297415283,3252.2680912123824,1100.0,,4,275.0,275.0,275.0,275.0,2152.2680912123824,35.0,4.0,8.000000000000014,57.0,2048.2680912123824,100.0,18.0,25.0,80.0,2250.2680912123824,1243.0,990.0,974.775734764712,15.224265235288044,0.9262894125183112,0.48,988.5937105874816,0.5349,0.5349,0.5349,0.5349,13.283075822769767,13.283075822769767,13.283075822769767,13.283075822769767,,0.8903829052244394,0.8903829052244394,0.8903829052244394,0.8903829052244394,31.896781122662784,31.896781122662784,31.896781122662784,31.896781122662784,0.6496289434350873,0.6496289434350873,0.6496289434350873,0.6496289434350873,0.97,0.97,0.97,0.97,30.9398776889829,30.9398776889829,30.9398776889829,30.9398776889829,123.7595107559316,2970.2282581423583,0.0346348238074521,3.125240170604333e-05,0.05
1953-05-09,1953-05-20,3443.512,1.0251582385453473,3530.1446963297662,0.054,1953,5,9,1953.05,1952,8,221,32,0.3050045017628918,43.12339488261614,0.0122157584439671,0.15,2,Mod_Wet,65,14,17,23,202,321.0,0.0909311168841714,3209.1446963297662,1100.0,,4,275.0,275.0,275.0,275.0,2109.1446963297662,35.0,4.0,8.000000000000014,57.0,2005.1446963297665,100.0,18.0,25.0,80.0,2207.1446963297662,1243.0,990.0,974.6843542374606,15.31564576253936,0.9262894125183112,0.48,988.5937105874816,0.5349,0.5349,0.5349,0.5349,13.374456350021084,13.374456350021084,13.374456350021084,13.374456350021084,,0.8918655542790921,0.8918655542790921,0.8918655542790921,0.8918655542790921,32.16969340739481,32.16969340739481,32.16969340739481,32.16969340739481,0.6551872384398129,0.6551872384398129,0.6551872384398129,0.6551872384398129,0.97,0.97,0.97,0.97,31.204602605172965,31.204602605172965,31.204602605172965,31.204602605172965,124.81841042069186,2995.6418500966047,0.0353578737297832,3.1519800611285825e-05,0.055
1953-05-10,1953-05-21,3408.2971,1.0258396885498031,3496.366435549196,0.056,1953,5,10,1953.05,1952,8,222,32,0.3020860600314505,33.77826078057024,0.0096609612874471,0.15,2,Mod_Wet,65,14,17,23,202,321.0,0.0918095988842137,3175.366435549196,1100.0,,4,275.0,275.0,275.0,275.0,2075.366435549196,35.0,4.0,8.0,57.0,1971.366435549196,100.0,18.0,25.0,80.0,2173.366435549196,1243.0,990.0,974.612776494378,15.387223505621932,0.9262894125183112,0.48,988.5937105874816,0.5349,0.5349,0.5349,0.5349,13.446034093103655,13.446034093103655,13.446034093103655,13.446034093103655,,0.8930269031606068,0.8930269031606068,0.8930269031606068,0.8930269031606068,32.38397413649035,32.38397413649035,32.38397413649035,32.38397413649035,0.6595514080751599,0.6595514080751599,0.6595514080751599,0.6595514080751599,0.97,0.97,0.97,0.97,31.41245491239564,31.41245491239564,31.41245491239564,31.41245491239564,125.64981964958255,3015.595671589981,0.0359372571398815,3.1729752436763274e-05,0.055
1953-05-11,1953-05-22,3355.9016,1.033126470307446,3467.070774707111,0.059,1953,5,11,1953.05,1952,8,223,32,0.2995549149346943,29.295660842085,0.0084496864199606,0.12,2,Mod_Wet,65,14,17,23,202,321.0,0.0925853612051277,3146.070774707111,1100.0,,4,275.0,275.0,275.0,275.0,2046.070774707111,35.0,4.0,8.0,57.0,1942.0707747071108,100.0,18.0,25.0,80.0,2144.070774707111,1243.0,990.0,974.5506975940222,15.449302405977846,0.9262894125183112,0.48,988.5937105874816,0.5349,0.5349,0.5349,0.5349,13.50811299345957,13.50811299345957,13.50811299345957,13.50811299345957,,0.8940341333188815,0.8940341333188815,0.8940341333188815,0.8940341333188815,32.5701814574369,32.5701814574369,32.5701814574369,32.5701814574369,0.6633438178704053,0.6633438178704053,0.6633438178704053,0.6633438178704053,0.97,0.97,0.97,0.97,31.593076013713794,31.593076013713794,31.593076013713794,31.593076013713794,126.37230405485518,3032.935297316524,0.0364493003652429,3.19121979936503e-05,0.06
1953-05-12,1953-05-23,3304.0166,1.0414612372122911,3441.005216005948,0.061,1953,5,12,1953.05,1952,8,224,32,0.2973028506629138,26.065558701163354,0.0075749837808784,0.12,2,Mod_Wet,65,14,17,23,202,321.0,0.0932866938146033,3120.005216005948,1100.0,,4,275.0,275.0,275.0,275.0,2020.005216005948,35.0,4.0,8.0,57.0,1916.005216005948,100.0,18.0,25.0,80.0,2118.005216005948,1243.0,990.0,974.4954634339172,15.50453656608272,0.9262894125183112,0.48,988.5937105874816,0.5349,0.5349,0.5349,0.5349,13.563347153564443,13.563347153564443,13.563347153564443,13.563347153564443,,0.8949303075665831,0.8949303075665831,0.8949303075665831,0.8949303075665831,32.736141334357114,32.736141334357114,32.736141334357114,32.736141334357114,0.6667238560968862,0.6667238560968862,0.6667238560968862,0.6667238560968862,0.97,0.97,0.97,0.97,31.7540570943264,31.7540570943264,31.7540570943264,31.7540570943264,127.0162283773056,3048.3894810553343,0.0369125358446088,3.2074805145784244e-05,0.06
1953-05-13,1953-05-24,3286.8346,1.039672960363583,3417.233058807453,0.063,1953,5,13,1953.05,1952,8,225,33,0.2952489362809639,23.772157198494824,0.0069565513353633,0.12,2,Mod_Wet,65,14,17,23,202,321.0,0.093935647489031,3096.233058807453,1100.0,,4,275.0,275.0,275.0,275.0,1996.2330588074528,35.0,4.0,8.0,57.0,1892.2330588074524,100.0,18.0,25.0,80.0,2094.2330588074524,1243.0,990.0,974.4450891008064,15.554910899193716,0.9262894125183112,0.48,988.5937105874816,0.5349,0.5349,0.5349,0.5349,13.613721486675438,13.613721486675438,13.613721486675438,13.613721486675438,,0.895747631121309,0.895747631121309,0.895747631121309,0.895747631121309,32.887731872989946,32.887731872989946,32.887731872989946,32.887731872989946,0.6698112397757626,0.6698112397757626,0.6698112397757626,0.6698112397757626,0.97,0.97,0.97,0.97,31.901099916800245,31.901099916800245,31.901099916800245,31.901099916800245,127.60439966720098,3062.5055920128234,0.0373414389569707,3.222333324929318e-05,0.065
1953-05-14,1953-05-25,3269.7091,1.0414080913697863,3405.1015131654217,0.064,1953,5,14,1953.05,1952,8,226,33,0.2942007707374925,12.131545642030687,0.0035627559399111,0.12,2,Mod_Wet,65,14,17,23,202,321.0,0.0942703172750919,3084.1015131654217,1100.0,,4,275.0,275.0,275.0,275.0,1984.1015131654217,35.0,4.0,8.0,57.0,1880.1015131654217,100.0,18.0,25.0,80.0,2082.1015131654217,1243.0,990.0,974.419381777898,15.580618222101862,0.9262894125183112,0.48,988.5937105874816,0.5349,0.5349,0.5349,0.5349,13.639428809583585,13.639428809583585,13.639428809583585,13.639428809583585,,0.8961647324354937,0.8961647324354937,0.8961647324354937,0.8961647324354937,32.96517802315613,32.96517802315613,32.96517802315613,32.96517802315613,0.6713885544430983,0.6713885544430983,0.6713885544430983,0.6713885544430983,0.97,0.97,0.97,0.97,31.976222682461444,31.976222682461444,31.976222682461444,31.976222682461444,127.90489072984576,3069.7173775162987,0.0375627247044813,3.229921483076914e-05,0.065
1953-05-15,1953-05-26,3218.6702,1.035277591399259,3332.217132164571,0.067,1953,5,15,1953.05,1952,8,227,33,0.2879035602190189,72.88438100085115,0.0218726385796793,0.12,2,Mod_Wet,65,14,17,23,202,321.0,0.0963322578536417,3011.217132164571,1100.0,,4,275.0,275.0,275.0,275.0,1911.217132164571,35.0,4.0,8.0,57.0,1807.2171321645708,100.0,18.0,25.0,80.0,2009.2171321645708,1243.0,990.0,974.2649363038726,15.73506369612744,0.9262894125183112,0.48,988.5937105874816,0.5349,0.5349,0.5349,0.5349,13.793874283609163,13.793874283609163,13.793874283609163,13.793874283609163,,0.8986706102515587,0.8986706102515587,0.8986706102515587,0.8986706102515587,33.431679584672786,33.431679584672786,33.431679584672786,33.431679584672786,0.6808896045758205,0.6808896045758205,0.6808896045758205,0.6808896045758205,0.97,0.97,0.97,0.97,32.428729197132604,32.428729197132604,32.428729197132604,32.428729197132604,129.71491678853042,3113.1580029247298,0.0389275103163127,3.275629211831576e-05,0.065
1953-05-16,1953-05-27,3168.1362,1.0261606943378303,3251.016842748816,0.071,1953,5,16,1953.05,1952,8,228,33,0.2808878552134977,81.20028941575492,0.0249768897989153,0.12,2,Mod_Wet,65,14,17,23,202,321.0,0.0987383380421328,2930.016842748816,1100.0,,4,275.0,275.0,275.0,275.0,1830.016842748816,35.0,4.0,8.0,57.0,1726.0168427488163,100.0,18.0,25.0,80.0,1928.0168427488163,1243.0,990.0,974.09286902392,15.907130976079884,0.9262894125183112,0.48,988.5937105874816,0.5349,0.5349,0.5349,0.5349,13.965941563561609,13.965941563561609,13.965941563561609,13.965941563561609,,0.9014624018687872,0.9014624018687872,0.9014624018687872,0.9014624018687872,33.953866109011166,33.953866109011166,33.953866109011166,33.953866109011166,0.6915247680043007,0.6915247680043007,0.6915247680043007,0.6915247680043007,0.97,0.97,0.97,0.97,32.93525012574083,32.93525012574083,32.93525012574083,32.93525012574083,131.74100050296332,3161.78401207112,0.0405230138369793,3.326792941994023e-05,0.07
1953-05-17,1953-05-28,3134.7263,1.0242753271445222,3210.822806441037,0.072,1953,5,17,1953.05,1952,8,229,33,0.2774150904765056,40.19403630777924,0.0125182978727908,0.12,2,Mod_Wet,65,14,17,23,202,321.0,0.0999743739692085,2889.822806441037,1100.0,,4,275.0,275.0,275.0,275.0,1789.8228064410368,35.0,4.0,8.0,57.0,1685.8228064410366,100.0,18.0,25.0,80.0,1887.8228064410368,1243.0,990.0,974.0076959469822,15.992304053017849,0.9262894125183112,0.48,988.5937105874816,0.5349,0.5349,0.5349,0.5349,14.05111464049957,14.05111464049957,14.05111464049957,14.05111464049957,,0.9025844170951652,0.9025844170951652,0.9025844170951652,0.9025844170951652,34.20345688698316,34.20345688698316,34.20345688698316,34.20345688698316,0.6966080832379462,0.6966080832379462,0.6966080832379462,0.6966080832379462,0.97,0.97,0.97,0.97,33.177353180373665,33.177353180373665,33.177353180373665,33.177353180373665,132.70941272149466,3185.025905315872,0.0413319017341207,3.35124779599734e-05,0.07
1953-05-18,1953-05-29,3085.0293,1.0205046759891518,3148.286826213541,0.076,1953,5,18,1953.05,1952,8,230,33,0.2720119817848499,62.53598022749611,0.0198634951894482,0.12,2,Mod_Wet,65,14,17,23,202,321.0,0.101960214465614,2827.286826213541,1100.0,,4,275.0,275.0,275.0,275.0,1727.2868262135412,35.0,4.0,8.0,57.000000000000014,1623.2868262135412,100.0,18.0,25.0,80.0,1825.2868262135407,1243.0,990.0,973.8717268218948,16.128273178105246,0.9262894125183112,0.48,988.5937105874816,0.5349,0.5349,0.5349,0.5349,14.18708376558697,14.18708376558697,14.18708376558697,14.18708376558697,,0.9040991131486388,0.9040991131486388,0.9040991131486388,0.9040991131486388,34.59239007327282,34.59239007327282,34.59239007327282,34.59239007327282,0.7045293293945584,0.7045293293945584,0.7045293293945584,0.7045293293945584,0.97,0.97,0.97,0.97,33.55461837107463,33.55461837107463,33.55461837107463,33.55461837107463,134.21847348429853,3221.2433636231644,0.0426322253635713,3.38935539101764e-05,0.075
1953-05-19,1953-05-30,3019.5429,1.0200701869153206,3080.145690401829,0.08,1953,5,19,1953.05,1952,8,231,33,0.2661245876507181,68.14113581171159,0.0221226989437704,0.12,2,Mod_Wet,65,14,17,23,202,321.0,0.104215849594479,2759.145690401829,1100.0,,4,275.0,275.0,275.0,275.0,1659.1456904018291,35.0,4.0,8.0,57.0,1555.1456904018291,100.0,18.0,25.0,80.0,1757.1456904018291,1243.0,990.0,973.7072482182112,16.292751781788752,0.9262894125183112,0.48,988.5937105874816,0.5349,0.5349,0.5349,0.5349,14.351562369270477,14.351562369270477,14.351562369270477,14.351562369270477,,0.9059314047936732,0.9059314047936732,0.9059314047936732,0.9059314047936732,35.06435794807393,35.06435794807393,35.06435794807393,35.06435794807393,0.71414170973674,0.71414170973674,0.71414170973674,0.71414170973674,0.97,0.97,0.97,0.97,34.01242720963172,34.01242720963172,34.01242720963172,34.01242720963172,136.04970883852687,3265.193012124645,0.0441698940613351,3.435598708043608e-05,0.08
1953-05-20,1953-05-31,3003.3095,1.0214817302837893,3067.825784637742,0.0819999999999999,1953,5,20,1953.05,1952,8,232,34,0.2650601477927009,12.319905764087252,0.0040158426941254,0.12,2,Mod_Wet,65,14,17,23,202,321.0,0.1046343640526851,2746.825784637742,1100.0,,4,275.0,275.0,275.0,275.0,1646.825784637742,35.0,4.0,8.0,57.0,1542.825784637742,100.0,18.0,25.0,80.0,1744.825784637742,1243.0,990.0,973.6775105146428,16.32248948535721,0.9262894125183112,0.48,988.5937105874816,0.5349,0.5349,0.5349,0.5349,14.381300072838933,14.381300072838933,14.381300072838933,14.381300072838933,,0.9062626828114256,0.9062626828114256,0.9062626828114256,0.9062626828114256,35.14986317962321,35.14986317962321,35.14986317962321,35.14986317962321,0.7158831604811244,0.7158831604811244,0.7158831604811244,0.7158831604811244,0.97,0.97,0.97,0.97,34.09536728423451,34.09536728423451,34.09536728423451,34.09536728423451,136.38146913693805,3273.155259286513,0.0444554152389857,3.4439764933570214e-05,0.08
1953-05-21,1953-06-01,2938.9259,1.022231970362161,3004.2640135053875,0.086,1953,5,21,1953.05,1952,8,233,34,0.2595684107668655,63.56177113235435,0.0211571855358311,0.11,2,Mod_Wet,65,14,17,23,202,321.0,0.1068481327063715,2683.2640135053875,1100.0,,4,275.0,275.0,275.0,275.0,1583.2640135053875,35.0,4.0,8.0,57.0,1479.2640135053873,100.0,18.0,25.0,80.0,1681.2640135053873,1243.0,990.0,973.5240855498406,16.475914450159394,0.9262894125183112,0.48,988.5937105874816,0.5349,0.5349,0.5349,0.5349,14.534725037641117,14.534725037641117,14.534725037641117,14.534725037641117,,0.907971836919322,0.907971836919322,0.907971836919322,0.907971836919322,35.59185239499207,35.59185239499207,35.59185239499207,35.59185239499207,0.7248849774947468,0.7248849774947468,0.7248849774947468,0.7248849774947468,0.97,0.97,0.97,0.97,34.5240968231423,34.5240968231423,34.5240968231423,34.5240968231423,138.0963872925692,3314.313295021661,0.045966794752981,3.487282507388111e-05,0.085
1953-05-22,1953-06-02,2859.6787,1.0192399753140005,2914.698847593973,0.093,1953,5,22,1953.05,1952,8,234,34,0.2518299804321192,89.56516591141462,0.0307287890086308,0.11,2,Mod_Wet,65,14,17,23,202,321.0,0.1101314464322718,2593.698847593973,1100.0,,4,275.0,275.0,275.0,275.0,1493.698847593973,35.0,4.0,8.0,57.0,1389.698847593973,100.0,18.0,25.0,80.0,1591.698847593973,1243.0,990.0,973.3078937700544,16.69210622994558,0.9262894125183112,0.48,988.5937105874816,0.5349,0.5349,0.5349,0.5349,14.750916817427305,14.750916817427305,14.750916817427305,14.750916817427305,,0.91038021334614,0.91038021334614,0.91038021334614,0.91038021334614,36.21706205768225,36.21706205768225,36.21706205768225,36.21706205768225,0.7376183718468889,0.7376183718468889,0.7376183718468889,0.7376183718468889,0.97,0.97,0.97,0.97,35.13055019595178,35.13055019595178,35.13055019595178,35.13055019595178,140.5222007838071,3372.532818811371,0.0482115676889931,3.548540423833513e-05,0.095
1953-05-23,1953-06-03,2843.9928,1.0201594850967353,2901.3262304668224,0.095,1953,5,23,1953.05,1952,8,235,34,0.2506745863123334,13.372617127150535,0.0046091394296596,0.11,2,Mod_Wet,65,14,17,23,202,321.0,0.1106390576244682,2580.3262304668224,1100.0,,4,275.0,275.0,275.0,275.0,1480.3262304668224,35.0,4.0,8.0,57.0,1376.3262304668222,100.0,18.0,25.0,80.0,1578.3262304668222,1243.0,990.0,973.2756150390578,16.72438496094219,0.9262894125183112,0.48,988.5937105874816,0.5349,0.5349,0.5349,0.5349,14.783195548423912,14.783195548423912,14.783195548423912,14.783195548423912,,0.9107397984094424,0.9107397984094424,0.9107397984094424,0.9107397984094424,36.31065057645838,36.31065057645838,36.31065057645838,36.31065057645838,0.7395244516590301,0.7395244516590301,0.7395244516590301,0.7395244516590301,0.97,0.97,0.97,0.97,35.221331059164626,35.221331059164626,35.221331059164626,35.221331059164626,140.8853242366585,3381.247781679804,0.0485589392730889,3.557710207996427e-05,0.095
1953-05-24,1953-06-04,2797.2606,1.0153902476925185,2840.311133494523,0.098,1953,5,24,1953.05,1952,8,236,34,0.2454028819339268,61.01509697229949,0.0214818356527127,0.11,2,Mod_Wet,65,14,17,23,202,321.0,0.113015787677128,2519.311133494523,1100.0,,4,275.0,275.0,275.0,275.0,1419.311133494523,35.0,4.000000000000007,8.0,57.0,1315.311133494523,100.0,18.0,25.0,80.0,1517.311133494523,1243.0,990.0,973.1283372187798,16.871662781220152,0.9262894125183112,0.48,988.5937105874816,0.5349,0.5349,0.5349,0.5349,14.930473368701875,14.930473368701875,14.930473368701875,14.930473368701875,,0.9123804733273388,0.9123804733273388,0.9123804733273388,0.9123804733273388,36.73846041128599,36.73846041128599,36.73846041128599,36.73846041128599,0.7482374829182483,0.7482374829182483,0.7482374829182483,0.7482374829182483,0.97,0.97,0.97,0.97,35.636306598947414,35.636306598947414,35.636306598947414,35.636306598947414,142.54522639578963,3421.085433498952,0.050186482992943,3.5996269291866074e-05,0.1
1953-05-25,1953-06-05,2720.4544,1.0178994636696477,2769.1490746977324,0.103,1953,5,25,1953.05,1952,8,237,34,0.239254480053884,71.16205879679046,0.0256981682376771,0.11,2,Mod_Wet,65,14,17,23,202,321.0,0.1159200864023685,2448.1490746977324,1100.0,,4,275.0,275.0,275.0,275.0,1348.1490746977324,35.0,4.0,8.0,57.0,1244.1490746977324,100.0,18.0,25.0,80.0,1446.1490746977324,1243.0,990.0,972.956566732029,17.043433267970954,0.9262894125183112,0.48,988.5937105874816,0.5349,0.5349,0.5349,0.5349,15.102243855452675,15.102243855452675,15.102243855452675,15.102243855452675,,0.914243897060571,0.914243897060571,0.914243897060571,0.914243897060571,37.237022036202646,37.237022036202646,37.237022036202646,37.237022036202646,0.7583914874990355,0.7583914874990355,0.7583914874990355,0.7583914874990355,0.97,0.97,0.97,0.97,36.119911375116565,36.119911375116565,36.119911375116565,36.119911375116565,144.47964550046626,3467.51149201119,0.0521747445165035,3.64847589647642e-05,0.105
1953-05-26,1953-06-06,2675.0157,1.01532983475929,2716.0232486595064,0.107,1953,5,26,1953.05,1952,8,238,34,0.2346644086841813,53.12582603822602,0.019560151432594,0.11,2,Mod_Wet,65,14,17,23,202,321.0,0.1181875008464782,2395.0232486595064,1100.0,,4,275.0,275.0,275.0,275.0,1295.0232486595064,35.0,4.0,8.0,57.0,1191.0232486595062,100.0,18.0,25.0,80.0,1393.0232486595062,1243.0,990.0,972.8283319795228,17.171668020477114,0.9262894125183112,0.48,988.5937105874816,0.5349,0.5349,0.5349,0.5349,15.230478607958837,15.230478607958837,15.230478607958837,15.230478607958837,,0.9156095971747616,0.9156095971747616,0.9156095971747616,0.9156095971747616,37.60930261963179,37.60930261963179,37.60930261963179,37.60930261963179,0.7659735767745782,0.7659735767745782,0.7659735767745782,0.7659735767745782,0.97,0.97,0.97,0.97,36.48102354104284,36.48102354104284,36.48102354104284,36.48102354104284,145.92409416417135,3502.178259940112,0.0537271152727401,3.6849518728326094e-05,0.105
1953-05-27,1953-06-07,2600.3529,1.0174076948207036,2645.619049709331,0.113,1953,5,27,1953.05,1952,8,239,35,0.2285814858948862,70.4041989501752,0.0266116162710237,0.11,2,Mod_Wet,65,14,17,23,202,321.0,0.121332661267036,2324.619049709331,1100.0,,4,275.0,275.0,275.0,275.0,1224.6190497093312,34.99999999999997,4.0,8.0,57.0,1120.6190497093312,100.0,18.0,25.0,80.0,1322.6190497093312,1243.0,990.0,972.6583908096432,17.341609190356735,0.9262894125183112,0.48,988.5937105874816,0.5349,0.5349,0.5349,0.5349,15.400419777838458,15.400419777838458,15.400419777838458,15.400419777838458,,0.9174194706339796,0.9174194706339796,0.9174194706339796,0.9174194706339796,38.10411727559656,38.10411727559656,38.10411727559656,38.10411727559656,0.7760512683420887,0.7760512683420887,0.7760512683420887,0.7760512683420887,0.97,0.97,0.97,0.97,36.96099375732866,36.96099375732866,36.96099375732866,36.96099375732866,147.84397502931463,3548.2554007035515,0.0558825636841244,3.733433712861481e-05,0.115
1953-05-28,1953-06-08,2556.1926,1.0139677253419703,2591.896796157977,0.117,1953,5,28,1953.05,1952,8,240,35,0.2239398831880492,53.72225355135425,0.0207270033401746,0.11,2,Mod_Wet,65,14,17,23,202,321.0,0.1238475237423901,2270.896796157977,1100.0,,4,275.0,275.0,275.0,275.0,1170.896796157977,34.99999999999997,4.0,8.0,57.0,1066.896796157977,100.0,18.0,25.0,80.0,1268.896796157977,1243.0,990.0,972.5287164045192,17.471283595480713,0.9262894125183112,0.48,988.5937105874816,0.5349,0.5349,0.5349,0.5349,15.530094182962436,15.530094182962436,15.530094182962436,15.530094182962436,,0.91880050304855,0.91880050304855,0.91880050304855,0.91880050304855,38.482803851853,38.482803851853,38.482803851853,38.482803851853,0.7837638259033197,0.7837638259033197,0.7837638259033197,0.7837638259033197,0.97,0.97,0.97,0.97,37.32831973629741,37.32831973629741,37.32831973629741,37.32831973629741,149.31327894518964,3583.5186946845515,0.0576077254181261,3.770537347100749e-05,0.115
1953-05-29,1953-06-09,2483.648,1.0134558978398422,2517.067713758129,0.123,1953,5,29,1953.05,1952,8,241,35,0.2174746504687023,74.82908239984819,0.0297286727690468,0.11,2,Mod_Wet,65,14,17,23,202,321.0,0.1275293462489844,2196.067713758129,1100.0,,4,275.0,275.0,275.0,275.0,1096.0677137581288,35.00000000000003,4.0,8.0,57.0,992.0677137581288,100.0,18.0,25.0,80.0,1194.0677137581288,1243.0,990.0,972.3480944814852,17.65190551851481,0.9262894125183112,0.48,988.5937105874816,0.5349,0.5349,0.5349,0.5349,15.710716105996532,15.710716105996532,15.710716105996532,15.710716105996532,,0.920724126528863,0.920724126528863,0.920724126528863,0.920724126528863,39.01188162617935,39.01188162617935,39.01188162617935,39.01188162617935,0.7945393406553838,0.7945393406553838,0.7945393406553838,0.7945393406553838,0.97,0.97,0.97,0.97,37.84152517739396,37.84152517739396,37.84152517739396,37.84152517739396,151.36610070957585,3632.78641702982,0.0601358874384739,3.822376280544845e-05,0.125
1953-05-30,1953-06-10,2440.7511,1.0109361405961952,2467.4434971899177,0.127,1953,5,30,1953.05,1952,8,242,35,0.2131871181572089,49.62421656821107,0.0201115918661263,0.11,2,Mod_Wet,65,14,17,23,202,321.0,0.1300941644116979,2146.4434971899177,1100.0,,4,275.0,275.0,275.0,275.0,1046.4434971899177,34.99999999999997,4.0,8.000000000000007,57.0,942.4434971899176,100.0,18.0,25.0,80.0,1144.4434971899177,1243.0,990.0,972.2283118897687,17.771688110231253,0.9262894125183112,0.48,988.5937105874816,0.5349,0.5349,0.5349,0.5349,15.830498697712976,15.830498697712976,15.830498697712976,15.830498697712976,,0.9219998111306432,0.9219998111306432,0.9219998111306432,0.9219998111306432,39.36378234403929,39.36378234403929,39.36378234403929,39.36378234403929,0.8017063613857289,0.8017063613857289,0.8017063613857289,0.8017063613857289,0.9701706361385728,0.9701706361385728,0.9701706361385728,0.9701706361385728,38.189585757536925,38.189585757536925,38.189585757536925,38.189585757536925,152.7583430301477,3666.200232723545,0.0619095607271731,3.85753391490272e-05,0.125
1953-05-31,1953-06-11,2370.2993,1.0061312558588449,2384.832211470341,0.134,1953,5,31,1953.05,1952,8,243,35,0.2060495030710374,82.6112857195767,0.0346402926471056,0.11,2,Mod_Wet,65,14,17,23,202,321.0,0.1346006643385998,2063.832211470341,1100.0,,4,275.0,275.0,275.0,275.0,963.832211470341,35.00000000000003,4.0,8.0,57.0,859.8322114703408,100.0,18.0,25.0,80.0,1061.8322114703408,1243.0,990.0,972.028905338032,17.971094661968095,0.9262894125183112,0.48,988.5937105874816,0.5349,0.5349,0.5349,0.5349,16.02990524944982,16.02990524944982,16.02990524944982,16.02990524944982,,0.92395392814226,0.92395392814226,0.92395392814226,0.92395392814226,39.944102253988056,39.944102253988056,39.944102253988056,39.944102253988056,0.8135255041545428,0.8135255041545428,0.8135255041545428,0.8135255041545428,0.9713525504154542,0.9713525504154542,0.9713525504154542,0.9713525504154542,38.79980559846699,38.79980559846699,38.79980559846699,38.79980559846699,155.19922239386796,3724.781337452831,0.0650776275359773,3.919172282673433e-05,0.135
1953-06-01,1953-06-12,2328.6506,1.0027954239303196,2335.160165612593,0.139,1953,6,1,1953.06,1952,9,244,35,0.201757838308928,49.67204585774789,0.0212713657029676,0.11,2,Mod_Wet,62,12,14,16,153,257.0,0.1100566906649763,2078.160165612593,1100.0,,4,275.0,275.0,275.0,275.0,978.1601656125932,38.0,6.0,11.0,60.89713093307973,862.2630346795135,100.0,18.0,25.0,76.89713093307972,1015.2630346795136,1243.0,990.0,971.9090072963064,18.0909927036937,0.9262894125183112,0.48,988.5937105874816,0.5349,0.5349,0.5349,0.5349,16.149803291175424,16.149803291175424,16.149803291175424,16.149803291175424,,0.9245510203900535,0.9245510203900535,0.9245510203900535,0.9245510203900535,40.26887645055466,40.26887645055466,40.26887645055466,40.26887645055466,0.8201400499094634,0.8201400499094634,0.8201400499094634,0.8201400499094634,0.9720140049909464,0.9720140049909464,0.9720140049909464,0.9720140049909464,39.14191187518924,39.14191187518924,39.14191187518924,39.14191187518924,156.56764750075695,3757.623540018167,0.0670479266503263,3.953728472241337e-05,0.14
1953-06-02,1953-06-13,2260.2665,1.007005963056233,2276.101843596241,0.146,1953,6,2,1953.06,1952,9,245,35,0.1966551992867152,59.05832201635212,0.0259471350908621,0.11,2,Mod_Wet,62,12,14,16,153,257.0,0.1129123464853136,2019.101843596241,1100.0,,4,275.0,275.0,275.0,275.0,919.101843596241,38.0,6.0,11.000000000000009,57.22034823945469,806.8814953567863,100.0,18.0,25.0,73.2203482394547,959.8814953567864,1243.0,990.0,971.766452725922,18.233547274077974,0.9262894125183112,0.48,988.5937105874816,0.5349,0.5349,0.5349,0.5349,16.2923578615597,16.2923578615597,16.2923578615597,16.2923578615597,,0.9252609421505672,0.9252609421505672,0.9252609421505672,0.9252609421505672,40.65552408638352,40.65552408638352,40.65552408638352,40.65552408638352,0.8280147471768536,0.8280147471768536,0.8280147471768536,0.8280147471768536,0.9728014747176852,0.9728014747176852,0.9728014747176852,0.9728014747176852,39.54975378665426,39.54975378665426,39.54975378665426,39.54975378665426,158.19901514661703,3796.776363518809,0.0695043658049424,3.994924624914572e-05,0.145
1953-06-03,1953-06-14,2219.8507,1.0053779694075775,2231.78898915399,0.151,1953,6,3,1953.06,1952,9,246,36,0.1928265686629047,44.31285444225114,0.0198553065086358,0.11,2,Mod_Wet,62,12,14,16,153,257.0,0.1151542557333888,1974.7889891539896,1100.0,,4,275.0,275.0,275.0,275.0,874.7889891539899,38.0,6.0,11.0,54.461571309197815,765.3274178447921,100.0,18.0,25.0,70.46157130919781,918.327417844792,1243.0,990.0,971.6594906634753,18.34050933652486,0.9262894125183112,0.48,988.5937105874816,0.5349,0.5349,0.5349,0.5349,16.399319924006583,16.399319924006583,16.399319924006583,16.399319924006583,,0.9257936132215528,0.9257936132215528,0.9257936132215528,0.9257936132215528,40.94599339445112,40.94599339445112,40.94599339445112,40.94599339445112,0.833930619031591,0.833930619031591,0.833930619031591,0.833930619031591,0.9733930619031592,0.9733930619031592,0.9733930619031592,0.9733930619031592,39.8565458828913,39.8565458828913,39.8565458828913,39.8565458828913,159.4261835315652,3826.228404757565,0.0714342548988017,4.025913725544576e-05,0.15
1953-06-04,1953-06-15,2193.1616,1.0110393405717577,2217.372657831301,0.154,1953,6,4,1953.06,1952,9,247,36,0.1915809976366244,14.416331322689071,0.0065015374261848,0.11,2,Mod_Wet,62,12,14,16,153,257.0,0.1159029354368239,1960.3726578313008,1100.0,,4,275.0,275.0,275.0,275.0,860.3726578313008,37.99999999999997,6.0,11.0,53.56405651868021,751.8086013126206,100.0,18.0,25.0,69.5640565186802,904.8086013126206,1243.0,990.0,971.6246926223514,18.3753073776486,0.9262894125183112,0.48,988.5937105874816,0.5349,0.5349,0.5349,0.5349,16.43411796513032,16.43411796513032,16.43411796513032,16.43411796513032,,0.9259669074663488,0.9259669074663488,0.9259669074663488,0.9259669074663488,41.04055822724167,41.04055822724167,41.04055822724167,41.04055822724167,0.8358565830395451,0.8358565830395451,0.8358565830395451,0.8358565830395451,0.9735856583039544,0.9735856583039544,0.9735856583039544,0.9735856583039544,39.95649889883086,39.95649889883086,39.95649889883086,39.95649889883086,159.82599559532343,3835.8238942877615,0.0720789962980968,4.036009989780895e-05,0.155
1953-06-05,1953-06-16,2193.1616,1.0110393405717577,2217.372657831301,0.154,1953,6,5,1953.06,1952,9,248,36,0.1915809976366244,0.0,0.0,0.11,2,Mod_Wet,62,12,14,16,153,257.0,0.1159029354368239,1960.3726578313008,1100.0,,4,275.0,275.0,275.0,275.0,860.3726578313008,37.99999999999997,6.0,11.0,53.56405651868021,751.8086013126206,100.0,18.0,25.0,69.5640565186802,904.8086013126206,1243.0,990.0,971.6246926223514,18.3753073776486,0.9262894125183112,0.48,988.5937105874816,0.5349,0.5349,0.5349,0.5349,16.43411796513032,16.43411796513032,16.43411796513032,16.43411796513032,,0.9259669074663488,0.9259669074663488,0.9259669074663488,0.9259669074663488,41.04055822724167,41.04055822724167,41.04055822724167,41.04055822724167,0.8358565830395451,0.8358565830395451,0.8358565830395451,0.8358565830395451,0.9735856583039544,0.9735856583039544,0.9735856583039544,0.9735856583039544,39.95649889883086,39.95649889883086,39.95649889883086,39.95649889883086,159.82599559532343,3835.8238942877615,0.0720789962980968,4.036009989780895e-05,0.155
1953-06-06,1953-06-17,2153.5086,1.007296810227308,2169.222343577076,0.159,1953,6,6,1953.06,1952,9,249,36,0.1874208104850593,48.15031425422468,0.0221970395966068,0.11,2,Mod_Wet,62,12,14,16,153,257.0,0.1184756374840781,1912.222343577076,1100.0,,4,275.0,275.0,275.0,275.0,812.2223435770761,38.0,6.0,11.0,50.566371584565054,706.655971992511,100.0,18.0,25.0,66.56637158456505,859.655971992511,1243.0,990.0,971.5084677258756,18.491532274124324,0.9262894125183112,0.48,988.5937105874816,0.5349,0.5349,0.5349,0.5349,16.550342861606048,16.550342861606048,16.550342861606048,16.550342861606048,,0.926545707450798,0.926545707450798,0.926545707450798,0.926545707450798,41.3566389897364,41.3566389897364,41.3566389897364,41.3566389897364,0.8422940731107209,0.8422940731107209,0.8422940731107209,0.8422940731107209,0.974229407311072,0.974229407311072,0.974229407311072,0.974229407311072,40.29085389134887,40.29085389134887,40.29085389134887,40.29085389134887,161.16341556539547,3867.921973569492,0.0742954801487222,4.069783221348371e-05,0.16
1953-06-07,1953-06-18,2127.3261,1.0131069972131326,2155.2089572641244,0.16,1953,6,7,1953.06,1952,9,250,36,0.1862100539076203,14.013386312951754,0.0065021009984761,0.11,2,Mod_Wet,62,12,14,16,153,257.0,0.1192459780448584,1898.2089572641244,1100.0,,4,275.0,275.0,275.0,275.0,798.2089572641244,38.0,6.0,11.0,49.693942864692566,693.5150143994318,100.0,18.0,25.0,65.69394286469256,846.5150143994318,1243.0,990.0,971.4746423106376,18.52535768936241,0.9262894125183112,0.48,988.5937105874816,0.5349,0.5349,0.5349,0.5349,16.58416827684413,16.58416827684413,16.58416827684413,16.58416827684413,,0.9267141580186836,0.9267141580186836,0.9267141580186836,0.9267141580186836,41.44869745730567,41.44869745730567,41.44869745730567,41.44869745730567,0.8441689909838221,0.8441689909838221,0.8441689909838221,0.8441689909838221,0.974416899098382,0.974416899098382,0.974416899098382,0.974416899098382,40.38831124801479,40.38831124801479,40.38831124801479,40.38831124801479,161.55324499205915,3877.27787980942,0.0749594346513568,4.079627398789373e-05,0.16
1953-06-08,1953-06-19,2049.9848,1.0130719634467324,2076.782126371957,0.1689999999999999,1953,6,8,1953.06,1952,9,251,36,0.1794339757185371,78.42683089216689,0.0377636295576055,0.11,2,Mod_Wet,62,12,14,16,153,257.0,0.1237491389859788,1819.782126371957,1100.0,,4,275.0,275.0,275.0,275.0,719.782126371957,38.0,6.0,11.0,44.811338606814445,619.9707877651424,100.0,18.0,25.0,60.811338606814445,772.9707877651424,1243.0,990.0,971.2853361671048,18.71466383289521,0.9262894125183112,0.48,988.5937105874816,0.5349,0.5349,0.5349,0.5349,16.773474420376935,16.773474420376935,16.773474420376935,16.773474420376935,,0.9276569026134772,0.9276569026134772,0.9276569026134772,0.9276569026134772,41.96447599583736,41.96447599583736,41.96447599583736,41.96447599583736,0.8546736455364025,0.8546736455364025,0.8546736455364025,0.8546736455364025,0.9754673645536402,0.9754673645536402,0.9754673645536402,0.9754673645536402,40.93497680453397,40.93497680453397,40.93497680453397,40.93497680453397,163.73990721813587,3929.757773235261,0.078843083797231,4.134846141872118e-05,0.17
1953-06-09,1953-06-20,2011.9887,1.00817989886424,2028.446564081993,0.174,1953,6,9,1953.06,1952,9,252,36,0.1752577831366842,48.3355622899644,0.0238288565968901,0.11,2,Mod_Wet,62,12,14,16,153,257.0,0.1266979394728643,1771.446564081993,1100.0,,4,275.0,275.0,275.0,275.0,671.4465640819931,38.0,6.0,11.0,41.80212072105793,574.6444433609352,100.0,18.0,25.0,57.80212072105793,727.6444433609352,1243.0,990.0,971.168664120198,18.83133587980205,0.9262894125183112,0.48,988.5937105874816,0.5349,0.5349,0.5349,0.5349,16.890146467283778,16.890146467283778,16.890146467283778,16.890146467283778,,0.9282379294070732,0.9282379294070732,0.9282379294070732,0.9282379294070732,42.28283705174174,42.28283705174174,42.28283705174174,42.28283705174174,0.8611575774285486,0.8611575774285486,0.8611575774285486,0.8611575774285486,0.9761157577428548,0.9761157577428548,0.9761157577428548,0.9761157577428548,41.27294352827855,41.27294352827855,41.27294352827855,41.27294352827855,165.09177411311418,3962.202578714741,0.0813882786149849,4.168984194775611e-05,0.175
1953-06-10,1953-06-21,1986.9064,1.008700287979832,2004.1930578689712,0.176,1953,6,10,1953.06,1952,9,253,37,0.1731622801998791,24.253506213021865,0.0121013822085634,0.11,2,Mod_Wet,62,12,14,16,153,257.0,0.1282311596634629,1747.1930578689712,1100.0,,4,275.0,275.0,275.0,275.0,647.1930578689712,38.0,6.000000000000004,11.0,40.29217480896319,551.900883060008,100.0,18.0,25.0,56.29217480896319,704.900883060008,1243.0,990.0,971.1101211741664,18.88987882583353,0.9262894125183112,0.48,988.5937105874816,0.5349,0.5349,0.5349,0.5349,16.948689413315257,16.948689413315257,16.948689413315257,16.948689413315257,,0.92852947327831,0.92852947327831,0.92852947327831,0.92852947327831,42.44271997329496,42.44271997329496,42.44271997329496,42.44271997329496,0.8644138487432781,0.8644138487432781,0.8644138487432781,0.8644138487432781,0.9764413848743276,0.9764413848743276,0.9764413848743276,0.9764413848743276,41.44282826855742,41.44282826855742,41.44282826855742,41.44282826855742,165.77131307422968,3978.511513781512,0.0827122479161223,4.186144269551254e-05,0.175
1953-06-11,1953-06-22,1949.6538,1.008719832298274,1966.6544541756928,0.18,1953,6,11,1953.06,1952,9,254,37,0.1699189448407798,37.53860369327845,0.0190875441354604,0.14,2,Mod_Wet,62,12,14,16,153,257.0,0.1306787775830805,1709.6544541756928,1100.0,,4,275.0,275.0,275.0,275.0,609.6544541756928,38.0,6.000000000000004,11.0,37.95514111599644,516.6993130596962,100.0,18.0,25.0,53.95514111599644,669.6993130596962,1243.0,990.0,970.9922682365676,19.00773176343239,0.9262894125183112,0.48,988.5937105874816,0.5349,0.5349,0.5349,0.5349,17.066542350914112,17.066542350914112,17.066542350914112,17.066542350914112,,0.929126694971944,0.929126694971944,0.929126694971944,0.929126694971944,42.76533458496847,42.76533458496847,42.76533458496847,42.76533458496847,0.8709844110991541,0.8709844110991541,0.8709844110991541,0.8709844110991541,0.9770984411099154,0.9770984411099154,0.9770984411099154,0.9770984411099154,41.78594175651664,41.78594175651664,41.78594175651664,41.78594175651664,167.14376702606657,4011.450408625597,0.0849888838739205,4.220802197627943e-05,0.18
1953-06-12,1953-06-23,1900.6727,1.0007678191571476,1902.1320729105275,0.186,1953,6,12,1953.06,1952,9,255,37,0.1643442110994695,64.52238126516521,0.0339210837060525,0.14,2,Mod_Wet,62,12,14,16,153,257.0,0.1351115433360808,1645.1320729105275,1100.0,,4,275.0,275.0,275.0,275.0,545.1320729105275,38.0,6.0,11.0,33.93818352750366,456.1938893830238,100.0,18.0,25.0,49.93818352750366,609.1938893830238,1243.0,990.0,970.7838113124802,19.21618868751977,0.9262894125183112,0.48,988.5937105874816,0.5349,0.5349,0.5349,0.5349,17.2749992750015,17.2749992750015,17.2749992750015,17.2749992750015,,0.9301971212771326,0.9301971212771326,0.9301971212771326,0.9301971212771326,43.33755664192816,43.33755664192816,43.33755664192816,43.33755664192816,0.8826386281451764,0.8826386281451764,0.8826386281451764,0.8826386281451764,0.9782638628145176,0.9782638628145176,0.9782638628145176,0.9782638628145176,42.39556556547559,42.39556556547559,42.39556556547559,42.39556556547559,169.58226226190237,4069.974294285657,0.0891537788973916,4.28238036014905e-05,0.185
1953-06-13,1953-06-24,1852.4742,0.9909847503011144,1835.7736825262568,0.192,1953,6,13,1953.06,1952,9,256,37,0.1586108461702685,66.35839038427092,0.0361473699159655,0.14,2,Mod_Wet,62,12,14,16,153,257.0,0.1399954702729671,1578.7736825262568,1100.0,,4,275.0,275.0,275.0,275.0,478.7736825262568,38.0,6.0,11.0,29.806921869338947,393.9667606569178,100.0,18.0,25.0,45.80692186933895,546.9667606569178,1243.0,990.0,970.5694226666232,19.43057733337673,0.9262894125183112,0.48,988.5937105874816,0.5349,0.5349,0.5349,0.5349,17.489387920858455,17.489387920858455,17.489387920858455,17.489387920858455,,0.931298006973608,0.931298006973608,0.931298006973608,0.931298006973608,43.92731693550439,43.92731693550439,43.92731693550439,43.92731693550439,0.8946500394196413,0.8946500394196413,0.8946500394196413,0.8946500394196413,0.979465003941964,0.979465003941964,0.979465003941964,0.979465003941964,43.025269655393714,43.025269655393714,43.025269655393714,43.025269655393714,172.10107862157486,4130.425886917797,0.0937485269887636,4.3459868338781527e-05,0.19
1953-06-14,1953-06-25,1828.6668,0.9885857895968824,1807.794012387604,0.195,1953,6,14,1953.06,1952,9,257,37,0.1561934026702889,27.97967013865264,0.0154772446124539,0.14,2,Mod_Wet,62,12,14,16,153,257.0,0.1421622144110174,1550.794012387604,1100.0,,4,275.0,275.0,275.0,275.0,450.794012387604,38.000000000000014,5.9999999999999964,11.0,28.06499688016212,367.7290155074418,100.0,18.0,25.0,44.06499688016211,520.7290155074418,1243.0,990.0,970.4790268092522,19.52097319074778,0.9262894125183112,0.48,988.5937105874816,0.5349,0.5349,0.5349,0.5349,17.579783778229505,17.579783778229505,17.579783778229505,17.579783778229505,,0.9317621897012084,0.9317621897012084,0.9317621897012084,0.9317621897012084,44.176367847195,44.176367847195,44.176367847195,44.176367847195,0.8997223594133401,0.8997223594133401,0.8997223594133401,0.8997223594133401,0.979972235941334,0.979972235941334,0.979972235941334,0.979972235941334,43.29161397498254,43.29161397498254,43.29161397498254,43.29161397498254,173.16645589993016,4155.994941598324,0.0957888203596959,4.372890300503287e-05,0.195
1953-06-15,1953-06-26,1816.8359,0.9916635128780744,1801.689870916998,0.196,1953,6,15,1953.06,1952,9,258,37,0.1556660048472286,6.1041414706060095,0.0033880089848644,0.14,2,Mod_Wet,62,12,14,16,153,257.0,0.1426438612707501,1544.689870916998,1100.0,,4,275.0,275.0,275.0,275.0,444.689870916998,37.99999999999999,6.000000000000004,11.0,27.684972508451235,362.0048984085467,100.0,18.0,25.0,43.68497250845124,515.0048984085468,1243.0,990.0,970.4593057368088,19.5406942631912,0.9262894125183112,0.48,988.5937105874816,0.5349,0.5349,0.5349,0.5349,17.599504850672922,17.599504850672922,17.599504850672922,17.599504850672922,,0.9318634574082054,0.9318634574082054,0.9318634574082054,0.9318634574082054,44.230731728599125,44.230731728599125,44.230731728599125,44.230731728599125,0.9008295667739128,0.9008295667739128,0.9008295667739128,0.9008295667739128,0.98,0.98,0.98,0.98,43.34611709402714,43.34611709402714,43.34611709402714,43.34611709402714,173.38446837610857,4161.227241026606,0.0962343581849976,4.378395666063348e-05,0.195
1953-06-16,1953-06-27,1781.6326,0.9830968663905726,1751.5174261192883,0.201,1953,6,16,1953.06,1952,9,259,37,0.1513311056167065,50.172444797709424,0.0286451302450772,0.14,2,Mod_Wet,62,12,14,16,153,257.0,0.1467299132555115,1494.5174261192883,1100.0,,4,275.0,275.0,275.0,275.0,394.5174261192883,37.99999999999999,6.0,11.0,24.561396178632734,314.9560299406555,100.0,18.0,25.0,40.561396178632734,467.9560299406555,1243.0,990.0,970.2972101459238,19.702789854076173,0.9262894125183112,0.48,988.5937105874816,0.5349,0.5349,0.5349,0.5349,17.761600441557896,17.761600441557896,17.761600441557896,17.761600441557896,,0.9326958182673998,0.9326958182673998,0.9326958182673998,0.9326958182673998,44.677978936024,44.677978936024,44.677978936024,44.677978936024,0.909938471202118,0.909938471202118,0.909938471202118,0.909938471202118,0.98,0.98,0.98,0.98,43.78441935730352,43.78441935730352,43.78441935730352,43.78441935730352,175.13767742921408,4203.304258301137,0.0999919697157989,4.42266862194985e-05,0.2
1953-06-17,1953-06-28,1723.9214,0.982538593168556,1693.8193070891668,0.208,1953,6,17,1953.06,1952,9,260,38,0.146345988132504,57.69811903012146,0.0340639162563779,0.14,2,Mod_Wet,62,12,14,16,153,257.0,0.1517281087329528,1436.8193070891668,1100.0,,4,275.0,275.0,275.0,275.0,336.81930708916684,38.0,6.000000000000002,11.0,20.96929538298315,260.8500117061837,100.0,18.0,25.0,36.96929538298315,413.8500117061837,1243.0,990.0,970.110800838288,19.889199161711872,0.9262894125183112,0.48,988.5937105874816,0.5349,0.5349,0.5349,0.5349,17.948009749193595,17.948009749193595,17.948009749193595,17.948009749193595,,0.9336530300621092,0.9336530300621092,0.9336530300621092,0.9336530300621092,45.193211189221294,45.193211189221294,45.193211189221294,45.193211189221294,0.9204319997804744,0.9204319997804744,0.9204319997804744,0.9204319997804744,0.98,0.98,0.98,0.98,44.28934696543687,44.28934696543687,44.28934696543687,44.28934696543687,177.15738786174748,4251.77730868194,0.1045904879701678,4.473671410650189e-05,0.21
1953-06-18,1953-06-29,1689.8676,0.97387137230227,1645.7136786211431,0.213,1953,6,18,1953.06,1952,9,261,38,0.1421896618328668,48.10562846802395,0.0292308614146837,0.14,2,Mod_Wet,62,12,14,16,153,257.0,0.1561632520520378,1388.7136786211431,1100.0,,4,275.0,275.0,275.0,275.0,288.7136786211431,37.99999999999999,6.000000000000002,11.000000000000002,17.97439244333965,215.73928617780348,100.0,18.0,25.0,33.97439244333965,368.7392861778035,1243.0,990.0,969.9553826540068,20.04461734599317,0.9262894125183112,0.48,988.5937105874816,0.5349,0.5349,0.5349,0.5349,18.103427933474897,18.103427933474897,18.103427933474897,18.103427933474897,,0.934245797990446,0.934245797990446,0.934245797990446,0.934245797990446,45.6134964641868,45.6134964641868,45.6134964641868,45.6134964641868,0.928991781348,0.928991781348,0.928991781348,0.928991781348,0.98,0.98,0.98,0.98,44.70122653490306,44.70122653490306,44.70122653490306,44.70122653490306,178.80490613961223,4291.317747350693,0.1086488545744017,4.5152754075659646e-05,0.215
1953-06-19,1953-06-30,1667.4025,0.969982977775391,1617.3520421001313,0.216,1953,6,19,1953.06,1952,9,262,38,0.1397392164374513,28.361636521011857,0.0175358461131222,0.14,2,Mod_Wet,62,12,14,16,153,257.0,0.1589017068085471,1360.3520421001313,1100.0,,4,275.0,275.0,275.0,275.0,260.35204210013126,37.99999999999999,6.0,10.999999999999998,16.208687445922568,189.1433546542087,100.0,18.0,25.0,32.208687445922564,342.1433546542087,1243.0,990.0,969.8637527514004,20.1362472485996,0.9262894125183112,0.48,988.5937105874816,0.5349,0.5349,0.5349,0.5349,18.195057836081325,18.195057836081325,18.195057836081325,18.195057836081325,,0.9345344321836562,0.9345344321836562,0.9345344321836562,0.9345344321836562,45.85853123618099,45.85853123618099,45.85853123618099,45.85853123618099,0.9339823062358652,0.9339823062358652,0.9339823062358652,0.9339823062358652,0.98,0.98,0.98,0.98,44.94136061145737,44.94136061145737,44.94136061145737,44.94136061145737,179.76544244582948,4314.370618699908,0.1111479985596729,4.539531374894684e-05,0.215
1953-06-20,1953-07-01,1645.1264,0.9659758417726594,1589.152359062425,0.219,1953,6,20,1953.06,1952,9,263,38,0.1373027638229935,28.199683037706336,0.0177451097604912,0.14,2,Mod_Wet,62,12,14,16,153,257.0,0.1617214350369941,1332.152359062425,1100.0,,4,275.0,275.0,275.0,275.0,232.1523590624249,37.99999999999999,6.000000000000002,10.999999999999998,14.453065155637349,162.6992939067876,100.0,18.0,25.0,30.453065155637347,315.6992939067876,1243.0,990.0,969.7726460831248,20.227353916875245,0.9262894125183112,0.48,988.5937105874816,0.5349,0.5349,0.5349,0.5349,18.286164504356968,18.286164504356968,18.286164504356968,18.286164504356968,,0.9348214181887244,0.9348214181887244,0.9348214181887244,0.9348214181887244,46.10230822107891,46.10230822107891,46.10230822107891,46.10230822107891,0.9389472142785928,0.9389472142785928,0.9389472142785928,0.9389472142785928,0.98,0.98,0.98,0.98,45.18026205665733,45.18026205665733,45.18026205665733,45.18026205665733,180.7210482266293,4337.305157439103,0.1137216624926082,4.56366283400579e-05,0.22
1953-06-21,1953-07-02,1579.4263,0.9567215637917794,1511.0711996298642,0.229,1953,6,21,1953.06,1952,9,264,38,0.1305565516480202,78.08115943256075,0.0516727202872284,0.14,2,Mod_Wet,62,12,14,16,153,257.0,0.1700780215141099,1254.0711996298642,1100.0,,4,275.0,275.0,275.0,275.0,154.07119962986417,37.16892753716567,6.000000000000001,8.392983637424507,9.591981299913725,92.91730715536026,99.16892753716569,18.0,22.392983637424507,25.591981299913723,245.91730715536028,1239.5619111745905,990.0,969.5203838757272,20.479616124272752,0.9173836130618837,0.48,988.602616386938,0.5349,0.5349,0.5349,0.5349,18.547332511210804,18.547332511210804,18.547332511210804,18.547332511210804,,0.935644097410314,0.935644097410314,0.935644097410314,0.935644097410314,46.80190528947348,46.80190528947348,46.80190528947348,46.80190528947348,0.9531956270768528,0.9531956270768528,0.9531956270768528,0.9531956270768528,0.98,0.98,0.98,0.98,45.86586718368401,45.86586718368401,45.86586718368401,45.86586718368401,183.46346873473604,4403.123249633665,0.1214128551849014,4.632915877139799e-05,0.23
1953-06-22,1953-07-03,1568.6399,0.9517310164019286,1492.9232463956196,0.231,1953,6,22,1953.06,1952,9,265,38,0.1289885684885815,18.147953234244603,0.0121559854319767,0.14,2,Mod_Wet,62,12,14,16,153,257.0,0.1721454874659349,1235.9232463956196,1100.0,,4,275.0,275.0,275.0,275.0,135.92324639561957,32.790822087659194,6.000000000000001,7.404379181084335,8.462147635524953,81.26589749135108,94.7908220876592,18.0,21.40437918108433,24.462147635524957,234.2658974913511,1234.1952012687434,990.0,969.4617520268166,20.53824797318339,0.9034820402435612,0.48,988.6165179597564,0.5349,0.5349,0.5349,0.5349,18.619865932939767,18.619865932939767,18.619865932939767,18.619865932939767,,0.9358725776887604,0.9358725776887604,0.9358725776887604,0.9358725776887604,46.996407949908125,46.996407949908125,46.996407949908125,46.996407949908125,0.9571569847231796,0.9571569847231796,0.9571569847231796,0.9571569847231796,0.98,0.98,0.98,0.98,46.05647979090996,46.05647979090996,46.05647979090996,46.05647979090996,184.22591916363984,4421.422059927356,0.1233994578143373,4.6521696758494905e-05,0.23
1953-06-23,1953-07-04,1515.4044,0.9482599209629142,1436.9972565708524,0.239,1953,6,23,1953.06,1952,9,266,38,0.1241565629677216,55.92598982476716,0.0389186475959076,0.14,2,Mod_Wet,62,12,14,16,153,257.0,0.1788451570278474,1179.9972565708524,1100.0,,4,275.0,275.0,275.0,275.0,79.99725657085241,19.298949056003305,3.735280462452253,4.357827206194295,4.980373949936337,47.62482589626622,81.29894905600331,15.735280462452252,18.35782720619429,20.980373949936336,200.62482589626623,1215.3920567246498,990.0,969.2810680596904,20.71893194030952,0.8675788853102341,0.48,988.6524211146898,0.5349,0.5349,0.5349,0.5349,18.836453054999303,18.836453054999303,18.836453054999303,18.836453054999303,,0.9365548271232478,0.9365548271232478,0.9365548271232478,0.9365548271232478,47.57773110581788,47.57773110581788,47.57773110581788,47.57773110581788,0.9689965601999568,0.9689965601999568,0.9689965601999568,0.9689965601999568,0.98,0.98,0.98,0.98,46.62617648370152,46.62617648370152,46.62617648370152,46.62617648370152,186.50470593480608,4476.112942435346,0.1297877954060035,4.709714796333487e-05,0.24
1953-06-24,1953-07-05,1473.6465,0.944675992155444,1392.1184694738974,0.245,1953,6,24,1953.06,1952,9,267,39,0.1202790357625447,44.878787096954966,0.032237764300272,0.14,2,Mod_Wet,62,12,14,16,153,257.0,0.1846107250463562,1135.1184694738974,1100.0,,4,275.0,275.0,275.0,275.0,35.11846947389745,8.47215995090133,1.6397728937228382,1.9130683760099776,2.186363858297117,20.907104394966183,70.47215995090133,13.63977289372284,15.913068376009978,18.18636385829712,173.90710439496618,1200.025001220634,990.0,969.1360750552234,20.863924944776613,0.8450591146811113,0.48,988.6749408853188,0.5349,0.5349,0.5349,0.5349,19.00396583009546,19.00396583009546,19.00396583009546,19.00396583009546,,0.937082373389898,0.937082373389898,0.937082373389898,0.937082373389898,48.02787846998727,48.02787846998727,48.02787846998727,48.02787846998727,0.9781645309569708,0.9781645309569708,0.9781645309569708,0.9781645309569708,0.98,0.98,0.98,0.98,47.067320900587525,47.067320900587525,47.067320900587525,47.067320900587525,188.2692836023501,4518.462806456402,0.1352394122559841,4.754274838443184e-05,0.245
1953-06-25,1953-07-06,1463.3217,0.94550510416192,1383.5781363808978,0.248,1953,6,25,1953.06,1952,9,268,39,0.1195411509833096,8.540333092999617,0.0061726424178247,0.14,2,Mod_Wet,62,12,14,16,153,257.0,0.1857502610385628,1126.5781363808978,1100.0,,4,275.0,275.0,275.0,275.0,26.57813638089783,6.411846130800255,1.2410024769290815,1.4478362230839286,1.6546699692387754,15.82278158084579,68.41184613080026,13.24100247692908,15.447836223083929,17.654669969238775,168.8227815808458,1197.1006848308132,990.0,969.108483209846,20.89151679015401,0.8407736525554267,0.48,988.6792263474446,0.5349,0.5349,0.5349,0.5349,19.035843137598583,19.035843137598583,19.035843137598583,19.035843137598583,,0.9371818305893076,0.9371818305893076,0.9371818305893076,0.9371818305893076,48.113546560261625,48.113546560261625,48.113546560261625,48.113546560261625,0.9799092985796664,0.9799092985796664,0.9799092985796664,0.9799092985796664,0.98,0.98,0.98,0.98,47.15127562905639,47.15127562905639,47.15127562905639,47.15127562905639,188.6051025162256,4526.522460389414,0.1363169144964739,4.762755114046101e-05,0.25
1953-06-26,1953-07-07,1422.4786,0.9333766458487232,1327.7083044595877,0.255,1953,6,26,1953.06,1952,9,269,39,0.1147139975053083,55.86983192131039,0.0420798994279476,0.14,2,Mod_Wet,62,12,14,16,153,257.0,0.1935666133417805,1070.7083044595877,1070.7083044595877,,4,267.6770761148969,267.6770761148969,267.6770761148969,267.6770761148969,0.0,0.0,0.0,0.0,0.0,0.0,62.0,12.0,14.0,16.0,153.0,1158.7083044595877,990.0,968.9299403854444,21.07005961455559,0.7845112410843349,0.4419207957974639,988.773567963118,0.5068193477143104,0.5068193477143104,0.5068193477143104,0.5068193477143104,19.33680822995941,19.33680822995941,19.33680822995941,19.33680822995941,,0.9383420797445324,0.9383420797445324,0.9383420797445324,0.9383420797445324,47.63167587915726,47.63167587915726,47.63167587915726,47.63167587915726,0.9700952317547302,0.9700952317547302,0.9700952317547302,0.9700952317547302,0.98,0.98,0.98,0.98,46.67904236157411,46.67904236157411,46.67904236157411,46.67904236157411,186.71616944629645,4481.1880667111145,0.1406304146920997,4.844045984134685e-05,0.255
1953-06-27,1953-07-08,1392.323,0.9273803807430936,1291.2130338573666,0.261,1953,6,27,1953.06,1952,9,270,39,0.1115608061252764,36.4952706022209,0.0282643294679229,0.14,2,Mod_Wet,62,12,14,16,153,257.0,0.1990376438752626,1034.2130338573666,1034.2130338573666,,4,258.55325846434164,258.55325846434164,258.55325846434164,258.55325846434164,0.0,0.0,0.0,0.0,0.0,0.0,62.0,12.0,14.0,16.0,153.0,1122.2130338573666,990.0,968.8152409635516,21.184759036448327,0.7310289638325203,0.3944769440145765,988.8744940921528,0.4729049259794904,0.4729049259794904,0.4729049259794904,0.4729049259794904,19.586348202621707,19.586348202621707,19.586348202621707,19.586348202621707,,0.93869313968729,0.93869313968729,0.93869313968729,0.93869313968729,46.61930876490887,46.61930876490887,46.61930876490887,46.61930876490887,0.9494767569227874,0.9494767569227874,0.9494767569227874,0.9494767569227874,0.98,0.98,0.98,0.98,45.68692258961069,45.68692258961069,45.68692258961069,45.68692258961069,182.74769035844275,4385.9445686026265,0.1415317887649435,4.908393692589129e-05,0.26
1953-06-28,1953-07-09,1352.7466,0.9107314904603608,1231.9889272331854,0.267,1953,6,28,1953.06,1952,9,271,39,0.1064438433129472,59.2241066241811,0.0480719471701643,0.14,2,Mod_Wet,62,12,14,16,153,257.0,0.2086057709765083,974.9889272331854,974.9889272331854,,4,243.7472318082964,243.7472318082964,243.7472318082964,243.7472318082964,0.0,0.0,0.0,0.0,0.0,0.0,62.0,12.0,14.0,16.0,153.0,1062.9889272331854,990.0,968.6291080570186,21.370891942981416,0.6442385376156858,0.3299911417865483,989.0257703205978,0.4202904774205395,0.4202904774205395,0.4202904774205395,0.4202904774205395,19.976371786158637,19.976371786158637,19.976371786158637,19.976371786158637,,0.9386342935201156,0.9386342935201156,0.9386342935201156,0.9386342935201156,44.82201960712114,44.82201960712114,44.82201960712114,44.82201960712114,0.912872089758068,0.912872089758068,0.912872089758068,0.912872089758068,0.98,0.98,0.98,0.98,43.92557921497872,43.92557921497872,43.92557921497872,43.92557921497872,175.70231685991487,4216.855604637957,0.142616798719538,5.005820862628248e-05,0.265
1953-06-29,1953-07-10,1323.5347,0.9063317221724048,1199.561484005937,0.273,1953,6,29,1953.06,1952,9,272,39,0.1036421122181129,32.42744322724843,0.0270327479329837,0.14,2,Mod_Wet,62,12,14,16,153,257.0,0.2142449582006819,942.561484005937,942.561484005937,,4,235.64037100148423,235.64037100148423,235.64037100148423,235.64037100148423,0.0,0.0,0.0,0.0,0.0,0.0,62.0,12.0,14.0,16.0,153.0,1030.561484005937,990.0,968.5271932354472,21.47280676455273,0.5982720110090131,0.3040491872047496,989.0976788017862,0.3927516465649871,0.3927516465649871,0.3927516465649871,0.3927516465649871,20.177733919773917,20.177733919773917,20.177733919773917,20.177733919773917,,0.937710603976322,0.937710603976322,0.937710603976322,0.937710603976322,43.72497957604926,43.72497957604926,43.72497957604926,43.72497957604926,0.8905291156018178,0.8905291156018178,0.8905291156018178,0.8905291156018178,0.9790529115601818,0.9790529115601818,0.9790529115601818,0.9790529115601818,42.80906856184051,42.80906856184051,42.80906856184051,42.80906856184051,171.23627424736205,4109.670581936689,0.1427490599944225,5.046422174309717e-05,0.275
1953-06-30,1953-07-11,1294.7235,0.9135144469019452,1182.7486219934508,0.279,1953,6,30,1953.06,1952,9,273,39,0.1021894809402341,16.81286201248622,0.0142150763905766,0.14,2,Mod_Wet,62,12,14,16,153,257.0,0.2172904666478005,925.7486219934508,925.7486219934508,,4,231.4371554983627,231.4371554983627,231.4371554983627,231.4371554983627,0.0,0.0,0.0,0.0,0.0,0.0,62.0,12.0,14.0,16.0,153.0,1013.7486219934508,990.0,968.4743528119794,21.52564718802057,0.5828880138605591,0.2905988975947606,989.1265130885446,0.3789138700346296,0.3789138700346296,0.3789138700346296,0.3789138700346296,20.273246406530525,20.273246406530525,20.273246406530525,20.273246406530525,,0.9371941037107436,0.9371941037107436,0.9371941037107436,0.9371941037107436,43.12455523051898,43.12455523051898,43.12455523051898,43.12455523051898,0.878300513859857,0.878300513859857,0.878300513859857,0.878300513859857,0.9778300513859856,0.9778300513859856,0.9778300513859856,0.9778300513859856,42.16848605705615,42.16848605705615,42.16848605705615,42.16848605705615,168.6739442282246,4048.17466147739,0.1426118289987393,5.061187484766304e-05,0.28
1953-07-01,1953-07-12,1247.589,0.9151467263536076,1141.726989184771,0.287,1953,7,1,1953.07,1952,10,274,40,0.0986452118655642,41.0216328086799,0.0359294587911691,0.12,2,Mod_Wet,58,11,11,11,136,227.0,0.1988216116026872,914.7269891847708,914.7269891847708,,4,228.68174729619275,228.68174729619275,228.68174729619275,228.68174729619275,0.0,0.0,0.0,0.0,0.0,0.0,58.0,11.0,11.0,11.0,136.0,994.7269891847708,990.0,968.345427680295,21.65457231970504,0.5654829614268722,0.2817815913478167,989.1527354472254,0.3699552262937405,0.3699552262937405,0.3699552262937405,0.3699552262937405,20.43735254063668,20.43735254063668,20.43735254063668,20.43735254063668,,0.9370355196577194,0.9370355196577194,0.9370355196577194,0.9370355196577194,42.94878591508704,42.94878591508704,42.94878591508704,42.94878591508704,0.8747206907349702,0.8747206907349702,0.8747206907349702,0.8747206907349702,0.977472069073497,0.977472069073497,0.977472069073497,0.977472069073497,41.98123863261479,41.98123863261479,41.98123863261479,41.98123863261479,167.92495453045916,4030.19890873102,0.1470797801235853,5.099425430146904e-05,0.285
1953-07-02,1953-07-13,1219.8351,0.9229021768936402,1125.7884692412713,0.294,1953,7,2,1953.07,1952,10,275,40,0.0972681237424458,15.938519943499616,0.0141576507301069,0.12,2,Mod_Wet,58,11,11,11,136,227.0,0.201636458537355,898.7884692412713,898.7884692412713,,4,224.69711731031785,224.69711731031785,224.69711731031785,224.69711731031785,0.0,0.0,0.0,0.0,0.0,0.0,58.0,11.0,11.0,11.0,136.0,978.7884692412712,990.0,968.295335189044,21.704664810956046,0.5508989991497018,0.269030775393017,989.1800702254571,0.3571489483543979,0.3571489483543979,0.3571489483543979,0.3571489483543979,20.527586088058907,20.527586088058907,20.527586088058907,20.527586088058907,,0.9365085592461624,0.9365085592461624,0.9365085592461624,0.9365085592461624,42.3629147121736,42.3629147121736,42.3629147121736,42.3629147121736,0.8627884870096456,0.8627884870096456,0.8627884870096456,0.8627884870096456,0.9762788487009644,0.9762788487009644,0.9762788487009644,0.9762788487009644,41.35801760281799,41.35801760281799,41.35801760281799,41.35801760281799,165.43207041127195,3970.369689870527,0.1469477392344988,5.112810685122868e-05,0.295
1953-07-03,1953-07-14,1192.4734,0.9195163786021252,1096.498822347363,0.301,1953,7,3,1953.07,1952,10,276,40,0.0947374982508122,29.28964689390796,0.0267119729606323,0.12,2,Mod_Wet,58,11,11,11,136,227.0,0.2070225661656825,869.4988223473631,869.4988223473631,,4,217.3747055868408,217.3747055868408,217.3747055868408,217.3747055868408,0.0,0.0,0.0,0.0,0.0,0.0,58.0,11.0,11.0,11.0,136.0,949.4988223473632,990.0,968.2032820130916,21.79671798690833,0.5240985743344344,0.2455990578778905,989.2303023677875,0.3343140932074696,0.3343140932074696,0.3343140932074696,0.3343140932074696,20.69270626148852,20.69270626148852,20.69270626148852,20.69270626148852,,0.9351354225567364,0.9351354225567364,0.9351354225567364,0.9351354225567364,41.25147741653531,41.25147741653531,41.25147741653531,41.25147741653531,0.8401522895424707,0.8401522895424707,0.8401522895424707,0.8401522895424707,0.9740152289542472,0.9740152289542472,0.9740152289542472,0.9740152289542472,40.17956722056759,40.17956722056759,40.17956722056759,40.17956722056759,160.71826888227037,3857.2384531744888,0.1465740460516025,5.134447848691077e-05,0.3
1953-07-04,1953-07-15,1156.5974,0.9338086699838878,1080.0406798008228,0.311,1953,7,4,1953.07,1952,10,277,40,0.093315514734791,16.458142546540554,0.0152384468977369,0.12,2,Mod_Wet,58,11,11,11,136,227.0,0.2101772685468315,853.0406798008228,853.0406798008228,,4,213.2601699502057,213.2601699502057,213.2601699502057,213.2601699502057,0.0,0.0,0.0,0.0,0.0,0.0,58.0,11.0,11.0,11.0,136.0,933.0406798008228,990.0,968.1515564222312,21.84844357776888,0.5090391503162757,0.2324325438406582,989.258528305843,0.321780509850617,0.321780509850617,0.321780509850617,0.321780509850617,20.785191373761275,20.785191373761275,20.785191373761275,20.785191373761275,,0.934395572368074,0.934395572368074,0.934395572368074,0.934395572368074,40.61937622406353,40.61937622406353,40.61937622406353,40.61937622406353,0.8272785381683,0.8272785381683,0.8272785381683,0.8272785381683,0.97272785381683,0.97272785381683,0.97272785381683,0.97272785381683,39.51159865781169,39.51159865781169,39.51159865781169,39.51159865781169,158.04639463124676,3793.113471149922,0.1463337424108813,5.146504419543989e-05,0.31
1953-07-05,1953-07-16,1147.7361,0.9351417914976156,1073.2959927204863,0.312,1953,7,5,1953.07,1952,10,278,40,0.09273277377105,6.7446870803362335,0.0062840885702372,0.12,2,Mod_Wet,58,11,11,11,136,227.0,0.2114980411178303,846.2959927204863,846.2959927204863,,4,211.5739981801216,211.5739981801216,211.5739981801216,211.5739981801216,0.0,0.0,0.0,0.0,0.0,0.0,58.0,11.0,11.0,11.0,136.0,926.2959927204864,990.0,968.1303588342644,21.86964116573563,0.5028676700094695,0.227036794176389,989.2700955358142,0.3167219945403647,0.3167219945403647,0.3167219945403647,0.3167219945403647,20.823014707009484,20.823014707009484,20.823014707009484,20.823014707009484,,0.934098910532427,0.934098910532427,0.934098910532427,0.934098910532427,40.35872744775863,40.35872744775863,40.35872744775863,40.35872744775863,0.8219700091193203,0.8219700091193203,0.8219700091193203,0.8219700091193203,0.972197000911932,0.972197000911932,0.972197000911932,0.972197000911932,39.236633785333005,39.236633785333005,39.236633785333005,39.236633785333005,156.94653514133202,3766.7168433919687,0.1462285671481165,5.1514198503218056e-05,0.31
1953-07-06,1953-07-17,1112.7189,0.9371977043562544,1042.8375986738165,0.321,1953,7,6,1953.07,1952,10,279,40,0.0901011685254177,30.458394046670264,0.0292072265954012,0.12,2,Mod_Wet,58,11,11,11,136,227.0,0.2176753123292422,815.8375986738165,815.8375986738165,,4,203.95939966845413,203.95939966845413,203.95939966845413,203.95939966845413,0.0,0.0,0.0,0.0,0.0,0.0,58.0,11.0,11.0,11.0,136.0,895.8375986738165,990.0,968.0346324529748,21.965367547025156,0.4749978256716963,0.2026700789390532,989.3223320953892,0.2943238830517788,0.2943238830517788,0.2943238830517788,0.2943238830517788,20.993375759362618,20.993375759362618,20.993375759362618,20.993375759362618,,0.9326720425960924,0.9326720425960924,0.9326720425960924,0.9326720425960924,39.16459703739267,39.16459703739267,39.16459703739267,39.16459703739267,0.7976496341627834,0.7976496341627834,0.7976496341627834,0.7976496341627834,0.97,0.97,0.97,0.97,37.98965912627089,37.98965912627089,37.98965912627089,37.98965912627089,151.95863650508355,3647.007276122005,0.145716491904713,5.173913586618072e-05,0.32
1953-07-07,1953-07-18,1095.466,0.935818257253338,1025.1570830002852,0.326,1953,7,7,1953.07,1952,10,280,40,0.0885735719712246,17.68051567353109,0.0172466405068248,0.12,2,Mod_Wet,58,11,11,11,136,227.0,0.2214294801881955,798.1570830002852,798.1570830002852,,4,199.5392707500713,199.5392707500713,199.5392707500713,199.5392707500713,0.0,0.0,0.0,0.0,0.0,0.0,58.0,11.0,11.0,11.0,136.0,878.1570830002852,990.0,967.9790651180008,22.020934881999096,0.4588199136360895,0.1890785415001425,989.3521015448638,0.2817099581001996,0.2817099581001996,0.2817099581001996,0.2817099581001996,21.09132646876268,21.09132646876268,21.09132646876268,21.09132646876268,,0.9312323525398444,0.9312323525398444,0.9312323525398444,0.9312323525398444,38.43518979199835,38.43518979199835,38.43518979199835,38.43518979199835,0.7827940894500681,0.7827940894500681,0.7827940894500681,0.7827940894500681,0.97,0.97,0.97,0.97,37.2821340982384,37.2821340982384,37.2821340982384,37.2821340982384,149.12853639295358,3579.0848734308856,0.1454689616507406,5.190030173856429e-05,0.325
1953-07-08,1953-07-19,1078.3827,0.9251619817921662,997.6786758623872,0.331,1953,7,8,1953.07,1952,10,281,41,0.0861994375945102,27.47840713789799,0.0275423418408194,0.12,2,Mod_Wet,58,11,11,11,136,227.0,0.2275281666251738,770.6786758623872,770.6786758623872,,4,192.6696689655968,192.6696689655968,192.6696689655968,192.6696689655968,0.0,0.0,0.0,0.0,0.0,0.0,58.0,11.0,11.0,11.0,136.0,850.6786758623872,990.0,967.8907147034496,22.109285296550524,0.4336767978037266,0.1753393379311936,989.3909838642652,0.2626614995864233,0.2626614995864233,0.2626614995864233,0.2626614995864233,21.237607661229184,21.237607661229184,21.237607661229184,21.237607661229184,,0.928957850343615,0.928957850343615,0.928957850343615,0.928957850343615,37.27809007154791,37.27809007154791,37.27809007154791,37.27809007154791,0.7592279036975134,0.7592279036975134,0.7592279036975134,0.7592279036975134,0.97,0.97,0.97,0.97,36.15974736940147,36.15974736940147,36.15974736940147,36.15974736940147,144.6389894776059,3471.3357474625413,0.1449755246623677,5.213261808775784e-05,0.33
1953-07-09,1953-07-20,1044.7218,0.9169267811345148,957.9333972550564,0.342,1953,7,9,1953.07,1952,10,282,41,0.0827654455228368,39.74527860733088,0.0414906492677052,0.12,2,Mod_Wet,58,11,11,11,136,227.0,0.2369684579851428,730.9333972550564,730.9333972550564,,4,182.7333493137641,182.7333493137641,182.7333493137641,182.7333493137641,0.0,0.0,0.0,0.0,0.0,0.0,58.0,11.0,11.0,11.0,136.0,810.9333972550564,990.0,967.7317335890202,22.268266410979777,0.3973093279282477,0.1554666986275282,989.4472239734442,0.2362520412295114,0.2362520412295114,0.2362520412295114,0.2362520412295114,21.479238343194503,21.479238343194503,21.479238343194503,21.479238343194503,,0.9255869664769248,0.9255869664769248,0.9255869664769248,0.9255869664769248,35.62809663876593,35.62809663876593,35.62809663876593,35.62809663876593,0.7256231494657013,0.7256231494657013,0.7256231494657013,0.7256231494657013,0.97,0.97,0.97,0.97,34.55925373960295,34.55925373960295,34.55925373960295,34.55925373960295,138.2370149584118,3317.688359001884,0.1443075430447752,5.253443195506609e-05,0.34
1953-07-10,1953-07-21,1003.5869,0.9213790990341242,924.6839937244496,0.353,1953,7,10,1953.07,1952,10,283,41,0.0798926970577924,33.249403530606735,0.0359575852467009,0.12,2,Mod_Wet,58,11,11,11,136,227.0,0.2454892715139229,697.6839937244496,697.6839937244496,,4,174.4209984311124,174.4209984311124,174.4209984311124,174.4209984311124,0.0,0.0,0.0,0.0,0.0,0.0,58.0,11.0,11.0,11.0,136.0,777.6839937244496,990.0,967.5987359748976,22.40126402510225,0.3684713761382858,0.1393051981173348,989.4922234257444,0.2152872361719142,0.2152872361719142,0.2152872361719142,0.2152872361719142,21.678200214674774,21.678200214674774,21.678200214674774,21.678200214674774,,0.922544065640382,0.922544065640382,0.922544065640382,0.922544065640382,34.209585353104714,34.209585353104714,34.209585353104714,34.209585353104714,0.6967328992485685,0.6967328992485685,0.6967328992485685,0.6967328992485685,0.97,0.97,0.97,0.97,33.183297792511574,33.183297792511574,33.183297792511574,33.183297792511574,132.7331911700463,3185.596588081111,0.143544380643405,5.284674897548296e-05,0.355
1953-07-11,1953-07-22,971.4252,0.9180964110207984,891.8619896951615,0.363,1953,7,11,1953.07,1952,10,284,41,0.0770568759096619,32.82200402928811,0.036801662598612,0.11,2,Mod_Wet,58,11,11,11,136,227.0,0.2545236848557574,664.8619896951615,664.8619896951615,,4,166.21549742379037,166.21549742379037,166.21549742379037,166.21549742379037,0.0,0.0,0.0,0.0,0.0,0.0,58.0,11.0,11.0,11.0,136.0,744.8619896951615,990.0,967.4674479587808,22.532552041219333,0.3498189544686345,0.1294585969085484,989.5207224486228,0.195492883868621,0.195492883868621,0.195492883868621,0.195492883868621,21.857781605973504,21.857781605973504,21.857781605973504,21.857781605973504,,0.9195084607877512,0.9195084607877512,0.9195084607877512,0.9195084607877512,32.76212214844418,32.76212214844418,32.76212214844418,32.76212214844418,0.6672529969133234,0.6672529969133234,0.6672529969133234,0.6672529969133234,0.97,0.97,0.97,0.97,31.77925848399085,31.77925848399085,31.77925848399085,31.77925848399085,127.1170339359634,3050.808814463122,0.1425299378207742,5.310919822717496e-05,0.365
1953-07-12,1953-07-23,955.5912,0.91769253620946,876.9389119074414,0.3720000000000001,1953,7,12,1953.07,1952,10,285,41,0.0757675219888029,14.923077787720104,0.0170172375579283,0.11,2,Mod_Wet,58,11,11,11,136,227.0,0.2588549748650671,649.9389119074414,649.9389119074414,,3,216.6463039691471,216.6463039691471,216.6463039691471,0.0,0.0,0.0,0.0,0.0,0.0,0.0,58.0,11.0,11.0,11.0,136.0,729.9389119074414,990.0,967.4077556476298,22.592244352370244,0.3413383163193861,0.1249816735722324,989.5336800101084,0.3320706162249731,0.3320706162249731,0.3320706162249731,0.0,21.793853746253625,21.793853746253625,21.793853746253625,22.1259243624786,,0.936481630751147,0.936481630751147,0.936481630751147,0.0,43.3633952338603,43.3633952338603,43.3633952338603,0.0,0.8831648723800468,0.8831648723800468,0.8831648723800468,0.0,0.9783164872380048,0.9783164872380048,0.9783164872380048,0.96,42.42312449990344,42.42312449990344,42.42312449990344,0.0,127.26937349971033,3054.464963993048,0.1451291210500456,5.439373316819373e-05,0.37
1953-07-13,1953-07-24,932.1467,0.9087491724907756,847.0875422650073,0.377,1953,7,13,1953.07,1952,10,286,41,0.0731883636516966,29.85136964243407,0.0352400054929567,0.11,2,Mod_Wet,58,11,11,11,136,227.0,0.2679770256011912,620.0875422650073,620.0875422650073,,3,206.6958474216691,206.6958474216691,206.6958474216691,0.0,0.0,0.0,0.0,0.0,0.0,0.0,58.0,11.0,11.0,11.0,136.0,700.0875422650073,990.0,967.28835016906,22.71164983094002,0.3243740769179632,0.1160262626795022,989.5595996604026,0.3022857914197072,0.3022857914197072,0.3022857914197072,0.0,21.96896369992288,21.96896369992288,21.96896369992288,22.271249491342587,,0.9343729312105552,0.9343729312105552,0.9343729312105552,0.0,41.61024479717102,41.61024479717102,41.61024479717102,0.0,0.8474591608385136,0.8474591608385136,0.8474591608385136,0.0,0.9747459160838512,0.9747459160838512,0.9747459160838512,0.96,40.55941618329177,40.55941618329177,40.55941618329177,0.0,121.67824854987532,2920.277965197008,0.1436430622324143,5.450764800501597e-05,0.375
1953-07-14,1953-07-25,909.0679,0.9012241447918772,819.2739407352476,0.39,1953,7,14,1953.07,1952,10,287,41,0.0707852684795253,27.81360152975969,0.0339490860710139,0.11,2,Mod_Wet,58,11,11,11,136,227.0,0.2770746007083803,592.2739407352476,592.2739407352476,,3,197.4246469117492,197.4246469117492,197.4246469117492,0.0,0.0,0.0,0.0,0.0,0.0,0.0,58.0,11.0,11.0,11.0,136.0,672.2739407352476,990.0,967.177095762941,22.822904237058992,0.3085678810677097,0.106909576294099,989.5845225426382,0.2757890113528977,0.2757890113528977,0.2757890113528977,0.0,22.13163776834428,22.13163776834428,22.13163776834428,22.407426779697172,,0.9314696684974972,0.9314696684974972,0.9314696684974972,0.0,39.913732318151645,39.913732318151645,39.913732318151645,0.0,0.812906971856449,0.812906971856449,0.812906971856449,0.0,0.9712906971856448,0.9712906971856448,0.9712906971856448,0.96,38.76783689057872,38.76783689057872,38.76783689057872,0.0,116.30351067173616,2791.284256121668,0.1419592457284323,5.45466016992807e-05,0.39
1953-07-15,1953-07-26,878.8611,0.9037319275970654,794.2548359930772,0.399,1953,7,15,1953.07,1952,10,288,42,0.0686236178298018,25.019104742170388,0.0315000974603929,0.11,2,Mod_Wet,58,11,11,11,136,227.0,0.2858024776344938,567.2548359930772,567.2548359930772,,3,189.08494533102572,189.08494533102572,189.08494533102572,0.0,0.0,0.0,0.0,0.0,0.0,0.0,58.0,11.0,11.0,11.0,136.0,647.2548359930772,990.0,967.0770193439724,22.92298065602768,0.2943497702225671,0.0969019343972309,989.6087482953802,0.2529659545805285,0.2529659545805285,0.2529659545805285,0.0,22.27876299682737,22.27876299682737,22.27876299682737,22.5317289514079,,0.928796784228998,0.928796784228998,0.928796784228998,0.0,38.37138086334016,38.37138086334016,38.37138086334016,0.0,0.7814945186016325,0.7814945186016325,0.7814945186016325,0.0,0.97,0.97,0.97,0.96,37.22023943743995,37.22023943743995,37.22023943743995,0.0,111.66071831231986,2679.8572394956764,0.1405855063793317,5.467889250087443e-05,0.4
1953-07-16,1953-07-27,856.6266,0.8970607168566745,768.4460718744957,0.407,1953,7,16,1953.07,1952,10,289,42,0.0663937406099564,25.80876411858151,0.0335856543005358,0.11,2,Mod_Wet,58,11,11,11,136,227.0,0.2954013408465625,541.4460718744957,541.4460718744957,,3,180.48202395816523,180.48202395816523,180.48202395816523,0.0,0.0,0.0,0.0,0.0,0.0,0.0,58.0,11.0,11.0,11.0,136.0,621.4460718744957,990.0,966.973784287498,23.026215712502108,0.2796829037301132,0.0865784287497982,989.63373866752,0.2304436218120663,0.2304436218120663,0.2304436218120663,0.0,22.429510758210142,22.429510758210142,22.429510758210142,22.659954380022214,,0.9259882391706132,0.9259882391706132,0.9259882391706132,0.0,36.761897817501726,36.761897817501726,36.761897817501726,0.0,0.7487148231670413,0.7487148231670413,0.7487148231670413,0.0,0.97,0.97,0.97,0.96,35.65904088297668,35.65904088297668,35.65904088297668,0.0,106.97712264893002,2567.4509435743203,0.1392122707947185,5.488241386552812e-05,0.405
1953-07-17,1953-07-28,842.0024,0.8927119306975572,751.6655881559767,0.414,1953,7,17,1953.07,1952,10,290,42,0.0649439068166763,16.780483718519008,0.0223244006150204,0.11,2,Mod_Wet,58,11,11,11,136,227.0,0.3019959987218354,524.6655881559767,524.6655881559767,,3,174.88852938532557,174.88852938532557,174.88852938532557,0.0,0.0,0.0,0.0,0.0,0.0,0.0,58.0,11.0,11.0,11.0,136.0,604.6655881559767,990.0,966.906662352624,23.093337647376075,0.2701467200815085,0.0798662352623906,989.649987044656,0.2164280117001943,0.2164280117001943,0.2164280117001943,0.0,22.52689668033197,22.52689668033197,22.52689668033197,22.74332469203216,,0.9240969579762864,0.9240969579762864,0.9240969579762864,0.0,35.70416929484736,35.70416929484736,35.70416929484736,0.0,0.7271724907300888,0.7271724907300888,0.7271724907300888,0.0,0.97,0.97,0.97,0.96,34.63304421600194,34.63304421600194,34.63304421600194,0.0,103.89913264800585,2493.57918355214,0.1382252085038192,5.50081248542293e-05,0.415
1953-07-18,1953-07-29,813.2284,0.8958086931444238,728.4970702319307,0.424,1953,7,18,1953.07,1952,10,291,42,0.0629421468680388,23.168517924046,0.0318031724090117,0.11,2,Mod_Wet,58,11,11,11,136,227.0,0.3116004295360176,501.4970702319307,501.4970702319307,,3,167.16569007731024,167.16569007731024,167.16569007731024,0.0,0.0,0.0,0.0,0.0,0.0,0.0,58.0,11.0,11.0,11.0,136.0,581.4970702319307,990.0,966.8139882809276,23.18601171907233,0.2569802795011416,0.0705988280927722,989.672420892406,0.1977543423839983,0.1977543423839983,0.1977543423839983,0.0,22.660678269094408,22.660678269094408,22.660678269094408,22.85843261147841,,0.9215252820378108,0.9215252820378108,0.9215252820378108,0.0,34.234658843316225,34.234658843316225,34.234658843316225,0.0,0.6972435609636706,0.6972435609636706,0.6972435609636706,0.0,0.97,0.97,0.97,0.96,33.20761907801674,33.20761907801674,33.20761907801674,0.0,99.62285723405024,2390.948573617205,0.1367512119195392,5.518081269258295e-05,0.425
1953-07-19,1953-07-30,799.0771,0.8911326595966059,712.0837013457431,0.433,1953,7,19,1953.07,1952,10,292,42,0.0615240317962722,16.41336888618764,0.023049774703688,0.11,2,Mod_Wet,58,11,11,11,136,227.0,0.3187827492343952,485.0837013457431,485.0837013457431,,3,161.69456711524768,161.69456711524768,161.69456711524768,0.0,0.0,0.0,0.0,0.0,0.0,0.0,58.0,11.0,11.0,11.0,136.0,565.0837013457431,990.0,966.7483348053828,23.25166519461709,0.2476527235965259,0.0670167402691486,989.6853305361344,0.1849975043650696,0.1849975043650696,0.1849975043650696,0.0,22.751998226386323,22.751998226386323,22.751998226386323,22.93699573075139,,0.9195701247817968,0.9195701247817968,0.9195701247817968,0.0,33.17710796330723,33.17710796330723,33.17710796330723,0.0,0.6757048465032022,0.6757048465032022,0.6757048465032022,0.0,0.97,0.97,0.97,0.96,32.181794724408014,32.181794724408014,32.181794724408014,0.0,96.54538417322404,2317.089220157377,0.1355815109807543,5.528563873809766e-05,0.435
1953-07-20,1953-07-31,785.0819,0.8950098277210273,702.6560160658968,0.4370000000000001,1953,7,20,1953.07,1952,10,293,42,0.0607094797880934,9.427685279846289,0.0134172127816267,0.11,2,Mod_Wet,58,11,11,11,136,227.0,0.323059925211985,475.6560160658968,475.6560160658968,,3,158.55200535529892,158.55200535529892,158.55200535529892,0.0,0.0,0.0,0.0,0.0,0.0,0.0,58.0,11.0,11.0,11.0,136.0,555.6560160658968,990.0,966.7106240642636,23.289375935736416,0.2422950628927023,0.0651312032131793,989.6925737338942,0.1778854518887636,0.1778854518887636,0.1778854518887636,0.0,22.804064217741814,22.804064217741814,22.804064217741814,22.98194966963058,,0.9183898508676236,0.9183898508676236,0.9183898508676236,0.0,32.56490157121834,32.56490157121834,32.56490157121834,0.0,0.6632362845461984,0.6632362845461984,0.6632362845461984,0.0,0.97,0.97,0.97,0.96,31.58795452408179,31.58795452408179,31.58795452408179,0.0,94.76386357224536,2274.3327257338888,0.1348652276583627,5.534103332583106e-05,0.435
1953-07-21,1953-08-01,778.1427,0.8891770066630039,691.9065967426677,0.441,1953,7,21,1953.07,1952,10,294,42,0.0597807299585664,10.749419323229064,0.0155359399286475,0.15,2,Mod_Wet,58,11,11,11,136,227.0,0.3280789648034318,464.9065967426677,464.9065967426677,,3,154.96886558088923,154.96886558088923,154.96886558088923,0.0,0.0,0.0,0.0,0.0,0.0,0.0,58.0,11.0,11.0,11.0,136.0,544.9065967426677,990.0,966.6676263869706,23.332373613029404,0.236186273748022,0.0629813193485335,989.7008324069036,0.1699327496547207,0.1699327496547207,0.1699327496547207,0.0,22.86327327027817,22.86327327027817,22.86327327027817,23.03320601993289,,0.917042336997736,0.917042336997736,0.917042336997736,0.0,31.86478164171153,31.86478164171153,31.86478164171153,0.0,0.6489772228454487,0.6489772228454487,0.6489772228454487,0.0,0.97,0.97,0.97,0.96,30.908838192460184,30.908838192460184,30.908838192460184,0.0,92.72651457738056,2225.4363498571333,0.1340159423452746,5.540331184984356e-05,0.44
1953-07-22,1953-08-02,750.7725,0.8881602932782826,666.8063237852695,0.452,1953,7,22,1953.07,1952,10,295,43,0.0576120663750472,25.10027295739826,0.0376425238664672,0.15,2,Mod_Wet,58,11,11,11,136,227.0,0.3404286850661309,439.8063237852695,439.8063237852695,,2,219.90316189263476,219.90316189263476,0.0,0.0,0.0,0.0,0.0,0.0,0.0,0.0,58.0,11.0,11.0,11.0,136.0,519.8063237852695,990.0,966.567225295141,23.43277470485896,0.221922035805483,0.0579612647570539,989.7201166994374,0.3421017386293149,0.3421017386293149,0.0,0.0,22.81078966566707,22.81078966566707,23.152891404296383,23.152891404296383,,0.9382113938196724,0.9382113938196724,0.0,0.0,46.15419665738608,46.15419665738608,0.0,0.0,0.940004005242079,0.940004005242079,0.0,0.0,0.98,0.98,0.96,0.96,45.23111272423836,45.23111272423836,0.0,0.0,90.46222544847672,2171.093410763441,0.1356649183153339,5.713514017178811e-05,0.45
1953-07-23,1953-08-03,744.0263,0.8869874635023101,659.9420006160087,0.456,1953,7,23,1953.07,1952,10,296,43,0.0570189888532231,6.864323169260729,0.0104014037034366,0.15,2,Mod_Wet,58,11,11,11,136,227.0,0.3439696212517338,432.9420006160087,432.9420006160087,,2,216.4710003080044,216.4710003080044,0.0,0.0,0.0,0.0,0.0,0.0,0.0,0.0,58.0,11.0,11.0,11.0,136.0,512.9420006160087,990.0,966.539768002464,23.46023199753597,0.2180211085459665,0.0565884001232017,989.7253904913308,0.3315306809486534,0.3315306809486534,0.0,0.0,22.85409180791813,22.85409180791813,23.185622488866784,23.185622488866784,,0.9374533942603582,0.9374533942603582,0.0,0.0,45.48331152428892,45.48331152428892,0.0,0.0,0.9263403569101614,0.9263403569101614,0.0,0.0,0.98,0.98,0.96,0.96,44.573645293803146,44.573645293803146,0.0,0.0,89.14729058760629,2139.534974102551,0.1350835232556704,5.719735262252453e-05,0.455
1953-07-24,1953-08-04,724.0169999999998,0.8797110956815125,636.9257883620418,0.466,1953,7,24,1953.07,1952,10,297,43,0.0550303881144804,23.016212253966952,0.0361364112970788,0.15,2,Mod_Wet,58,11,11,11,136,227.0,0.3563994489589869,409.92578836204177,409.92578836204177,,2,204.96289418102089,204.96289418102089,0.0,0.0,0.0,0.0,0.0,0.0,0.0,0.0,58.0,11.0,11.0,11.0,136.0,489.92578836204177,990.0,966.4477031534482,23.552296846551823,0.2084417743874096,0.0519851576724083,989.73957306794,0.2971938773577197,0.2971938773577197,0.0,0.0,22.99467603713422,22.99467603713422,23.29186991449194,23.29186991449194,,0.9349037905405844,0.9349037905405844,0.0,0.0,43.21237739685588,43.21237739685588,0.0,0.0,0.8800891526854557,0.8800891526854557,0.0,0.0,0.9780089152685456,0.9780089152685456,0.96,0.96,42.26209034407403,42.26209034407403,0.0,0.0,84.52418068814806,2028.5803365155532,0.1327064820306863,5.727607227117119e-05,0.465
1953-07-25,1953-08-05,710.868,0.8775314292741972,623.8090120652902,0.47,1953,7,25,1953.07,1952,10,298,43,0.053897098642441,13.116776296751594,0.0210269105496326,0.15,2,Mod_Wet,58,11,11,11,136,227.0,0.3638934282921859,396.8090120652902,396.8090120652902,,2,198.4045060326451,198.4045060326451,0.0,0.0,0.0,0.0,0.0,0.0,0.0,0.0,58.0,11.0,11.0,11.0,136.0,476.8090120652902,990.0,966.3952360482612,23.60476395173885,0.20381245706034,0.049361802413058,989.7468257405266,0.2785326168914062,0.2785326168914062,0.0,0.0,23.073057075374,23.073057075374,23.351589692265406,23.351589692265406,,0.9329633955125576,0.9329633955125576,0.0,0.0,41.88514043427679,41.88514043427679,0.0,0.0,0.8530578499852707,0.8530578499852707,0.0,0.0,0.975305784998527,0.975305784998527,0.96,0.96,40.85081977102588,40.85081977102588,0.0,0.0,81.70163954205175,1960.839349009242,0.1309722013658574,5.719350917629357e-05,0.47
1953-07-26,1953-08-06,691.4282,0.8804892019345739,608.7950640130589,0.48,1953,7,26,1953.07,1952,10,299,43,0.0525998935307282,15.013948052231283,0.024661744057618,0.15,2,Mod_Wet,58,11,11,11,136,227.0,0.372867674884977,381.7950640130589,381.7950640130589,,2,190.89753200652945,190.89753200652945,0.0,0.0,0.0,0.0,0.0,0.0,0.0,0.0,58.0,11.0,11.0,11.0,136.0,461.7950640130589,990.0,966.3351802560522,23.66481974394776,0.1985135689575422,0.0463590128026117,989.7551274182398,0.2578412870577601,0.2578412870577601,0.0,0.0,23.162105875129797,23.162105875129797,23.419947162187555,23.419947162187555,,0.9307401486949428,0.9307401486949428,0.0,0.0,40.35947458966047,40.35947458966047,0.0,0.0,0.8219852258586653,0.8219852258586653,0.0,0.0,0.9721985225858664,0.9721985225858664,0.96,0.96,39.23742156840972,39.23742156840972,0.0,0.0,78.47484313681944,1883.3962352836663,0.1289019043937848,5.709494331561029e-05,0.48
1953-07-27,1953-08-07,691.4282,0.8804892019345739,608.7950640130589,0.48,1953,7,27,1953.07,1952,10,300,43,0.0525998935307282,0.0,0.0,0.15,2,Mod_Wet,58,11,11,11,136,227.0,0.372867674884977,381.7950640130589,381.7950640130589,,2,190.89753200652945,190.89753200652945,0.0,0.0,0.0,0.0,0.0,0.0,0.0,0.0,58.0,11.0,11.0,11.0,136.0,461.7950640130589,990.0,966.3351802560522,23.66481974394776,0.1985135689575422,0.0463590128026117,989.7551274182398,0.2578412870577601,0.2578412870577601,0.0,0.0,23.162105875129797,23.162105875129797,23.419947162187555,23.419947162187555,,0.9307401486949428,0.9307401486949428,0.0,0.0,40.35947458966047,40.35947458966047,0.0,0.0,0.8219852258586653,0.8219852258586653,0.0,0.0,0.9721985225858664,0.9721985225858664,0.96,0.96,39.23742156840972,39.23742156840972,0.0,0.0,78.47484313681944,1883.3962352836663,0.1289019043937848,5.709494331561029e-05,0.48
1953-07-28,1953-08-08,685.0236,0.878477532975807,601.777842158206,0.482,1953,7,28,1953.07,1952,10,301,43,0.051993605562469,7.017221854852892,0.0116608179352141,0.15,2,Mod_Wet,58,11,11,11,136,227.0,0.3772156169557373,374.777842158206,374.777842158206,,2,187.388921079103,187.388921079103,0.0,0.0,0.0,0.0,0.0,0.0,0.0,0.0,58.0,11.0,11.0,11.0,136.0,454.777842158206,990.0,966.3071113686328,23.69288863136717,0.1960369736428377,0.0449555684316412,989.7590074579256,0.248454530070414,0.248454530070414,0.0,0.0,23.203441559222217,23.203441559222217,23.45189608929263,23.45189608929263,,0.929700352350189,0.929700352350189,0.0,0.0,39.64404956310064,39.64404956310064,0.0,0.0,0.8074144513869784,0.8074144513869784,0.0,0.0,0.970741445138698,0.970741445138698,0.96,0.96,38.484121964034486,38.484121964034486,0.0,0.0,76.96824392806897,1847.2378542736556,0.1279014256357983,5.704731004020166e-05,0.48
1953-07-29,1953-08-09,672.3268,0.8764068829576366,589.2318351168824,0.488,1953,7,29,1953.07,1952,10,302,44,0.0509096305540986,12.546007041323604,0.0212921405355413,0.15,2,Mod_Wet,58,11,11,11,136,227.0,0.3852473448841598,362.2318351168824,362.2318351168824,,2,181.1159175584412,181.1159175584412,0.0,0.0,0.0,0.0,0.0,0.0,0.0,0.0,58.0,11.0,11.0,11.0,136.0,442.2318351168824,990.0,966.251543258026,23.74845674197411,0.1916090984951675,0.0424463670233764,989.7659445344816,0.2320790673007783,0.2320790673007783,0.0,0.0,23.282322209154824,23.282322209154824,23.5144012764556,23.5144012764556,,0.9276282434768864,0.9276282434768864,0.0,0.0,38.36149980294695,38.36149980294695,0.0,0.0,0.7812932750091027,0.7812932750091027,0.0,0.0,0.97,0.97,0.96,0.96,37.210654808858536,37.210654808858536,0.0,0.0,74.42130961771707,1786.1114308252097,0.1263022552115748,5.707004189251044e-05,0.49
1953-07-30,1953-08-10,666.0345,0.8753352736866753,583.0034913422678,0.493,1953,7,30,1953.07,1952,10,303,44,0.0503715016519719,6.2283437746145855,0.0106832015024041,0.15,2,Mod_Wet,58,11,11,11,136,227.0,0.3893630198978235,356.0034913422678,356.0034913422678,,2,178.0017456711339,178.0017456711339,0.0,0.0,0.0,0.0,0.0,0.0,0.0,0.0,58.0,11.0,11.0,11.0,136.0,436.0034913422678,990.0,966.22351571104,23.776484288959864,0.1894109227313626,0.0412006982684535,989.7693883790002,0.2242043641778347,0.2242043641778347,0.0,0.0,23.32166830378228,23.32166830378228,23.54587266796011,23.54587266796011,,0.9265344972788588,0.9265344972788588,0.0,0.0,37.721084381435126,37.721084381435126,0.0,0.0,0.7682501910679251,0.7682501910679251,0.0,0.0,0.97,0.97,0.96,0.96,36.58945184999208,36.58945184999208,0.0,0.0,73.17890369998415,1756.2936887996195,0.1255205239534706,5.709908398188269e-05,0.495
1953-07-31,1953-08-11,647.3805,0.8756118252012844,566.8540212047202,0.501,1953,7,31,1953.07,1952,10,304,44,0.0489761874320878,16.14947013754761,0.0284896455408846,0.15,2,Mod_Wet,58,11,11,11,136,227.0,0.4004558343214409,339.8540212047202,339.8540212047202,,2,169.9270106023601,169.9270106023601,0.0,0.0,0.0,0.0,0.0,0.0,0.0,0.0,58.0,11.0,11.0,11.0,136.0,419.8540212047202,990.0,966.1508430954212,23.849156904578763,0.1837112736530097,0.037970804240944,989.778317922106,0.204326285233617,0.204326285233617,0.0,0.0,23.42314854145126,23.42314854145126,23.627474826684875,23.627474826684875,,0.9237020415352376,0.9237020415352376,0.0,0.0,36.0560620784352,36.0560620784352,0.0,0.0,0.7343393498662975,0.7343393498662975,0.0,0.0,0.97,0.97,0.96,0.96,34.974380216082146,34.974380216082146,0.0,0.0,69.94876043216429,1678.770250371943,0.1233981903903654,5.717222695285525e-05,0.5
1953-08-01,1953-08-12,635.1294,0.8861628436789661,562.8280752081156,0.506,1953,8,1,1953.08,1952,11,305,44,0.0486283456979812,4.025945996604604,0.0071530653390308,0.15,2,Mod_Wet,54,9,8,6,107,184.0,0.3269204364618143,378.8280752081156,378.8280752081156,,2,189.4140376040578,189.4140376040578,0.0,0.0,0.0,0.0,0.0,0.0,0.0,0.0,54.0,9.0,8.0,6.0,107.0,449.8280752081156,990.0,966.1327263384364,23.86727366156356,0.1942900473105891,0.0457656150416231,989.7599443376478,0.2538413400267937,0.2538413400267937,0.0,0.0,23.373376659184533,23.373376659184533,23.627217999211325,23.627217999211325,,0.9304622462325788,0.9304622462325788,0.0,0.0,40.39904279280657,40.39904279280657,0.0,0.0,0.8227910955765085,0.8227910955765085,0.0,0.0,0.9722791095576508,0.9722791095576508,0.96,0.96,39.2791453535714,39.2791453535714,0.0,0.0,78.5582907071428,1885.3989769714271,0.1395777754656153,5.76033004065568e-05,0.505
1953-08-02,1953-08-13,635.1294,0.8861628436789661,562.8280752081156,0.506,1953,8,2,1953.08,1952,11,306,44,0.0486283456979812,0.0,0.0,0.15,2,Mod_Wet,54,9,8,6,107,184.0,0.3269204364618143,378.8280752081156,378.8280752081156,,2,189.4140376040578,189.4140376040578,0.0,0.0,0.0,0.0,0.0,0.0,0.0,0.0,54.0,9.0,8.0,6.0,107.0,449.8280752081156,990.0,966.1327263384364,23.86727366156356,0.1942900473105891,0.0457656150416231,989.7599443376478,0.2538413400267937,0.2538413400267937,0.0,0.0,23.373376659184533,23.373376659184533,23.627217999211325,23.627217999211325,,0.9304622462325788,0.9304622462325788,0.0,0.0,40.39904279280657,40.39904279280657,0.0,0.0,0.8227910955765085,0.8227910955765085,0.0,0.0,0.9722791095576508,0.9722791095576508,0.96,0.96,39.2791453535714,39.2791453535714,0.0,0.0,78.5582907071428,1885.3989769714271,0.1395777754656153,5.76033004065568e-05,0.505
1953-08-03,1953-08-14,623.0255,0.8843912864860217,550.9983234585969,0.515,1953,8,3,1953.08,1952,11,307,44,0.0476062551468227,11.829751749518664,0.0214696692274193,0.15,2,Mod_Wet,54,9,8,6,107,184.0,0.333939310096333,366.9983234585969,366.9983234585969,,2,183.4991617292985,183.4991617292985,0.0,0.0,0.0,0.0,0.0,0.0,0.0,0.0,54.0,9.0,8.0,6.0,107.0,437.9983234585969,990.0,966.0794924555636,23.920507544436305,0.1901149608785257,0.0433996646917193,989.7664853744296,0.23822783726159,0.23822783726159,0.0,0.0,23.448765081604463,23.448765081604463,23.686992918866054,23.686992918866054,,0.9286300280587988,0.9286300280587988,0.0,0.0,39.18641041377086,39.18641041377086,0.0,0.0,0.7980938984474716,0.7980938984474716,0.0,0.0,0.97,0.97,0.96,0.96,38.01081810135773,38.01081810135773,0.0,0.0,76.02163620271546,1824.519268865171,0.1379707214452674,5.754010254982349e-05,0.515
1953-08-04,1953-08-15,611.0679,0.8869861279741288,542.0087505502821,0.523,1953,8,4,1953.08,1952,11,308,44,0.0468295560475443,8.989572908314813,0.0165856601008526,0.15,2,Mod_Wet,54,9,8,6,107,184.0,0.339477913987904,358.0087505502821,358.0087505502821,,2,179.00437527514106,179.00437527514106,0.0,0.0,0.0,0.0,0.0,0.0,0.0,0.0,54.0,9.0,8.0,6.0,107.0,429.0087505502821,990.0,966.0390393774762,23.96096062252377,0.18694226168126,0.0416017501100564,989.7714559882088,0.2267109381878526,0.2267109381878526,0.0,0.0,23.505705672544604,23.505705672544604,23.732416610732457,23.732416610732457,,0.9270539360081064,0.9270539360081064,0.0,0.0,38.25433367508788,38.25433367508788,0.0,0.0,0.7791106654804049,0.7791106654804049,0.0,0.0,0.97,0.97,0.96,0.96,37.10670366483524,37.10670366483524,0.0,0.0,74.21340732967047,1781.1217759120914,0.1369228951641911,5.758193155241765e-05,0.525
1953-08-05,1953-08-16,611.0679,0.8869861279741288,542.0087505502821,0.523,1953,8,5,1953.08,1952,11,309,45,0.0468295560475443,0.0,0.0,0.15,2,Mod_Wet,54,9,8,6,107,184.0,0.339477913987904,358.0087505502821,358.0087505502821,,2,179.00437527514106,179.00437527514106,0.0,0.0,0.0,0.0,0.0,0.0,0.0,0.0,54.0,9.0,8.0,6.0,107.0,429.0087505502821,990.0,966.0390393774762,23.96096062252377,0.18694226168126,0.0416017501100564,989.7714559882088,0.2267109381878526,0.2267109381878526,0.0,0.0,23.505705672544604,23.505705672544604,23.732416610732457,23.732416610732457,,0.9270539360081064,0.9270539360081064,0.0,0.0,38.25433367508788,38.25433367508788,0.0,0.0,0.7791106654804049,0.7791106654804049,0.0,0.0,0.97,0.97,0.96,0.96,37.10670366483524,37.10670366483524,0.0,0.0,74.21340732967047,1781.1217759120914,0.1369228951641911,5.758193155241765e-05,0.525
1953-08-06,1953-08-17,605.1438,0.8886028945088347,537.7325322740754,0.526,1953,8,6,1953.08,1952,11,310,45,0.0464600907884801,4.276218276206691,0.0079523146165669,0.15,2,Mod_Wet,54,9,8,6,107,184.0,0.3421775491653117,353.7325322740754,353.7325322740754,,2,176.8662661370377,176.8662661370377,0.0,0.0,0.0,0.0,0.0,0.0,0.0,0.0,54.0,9.0,8.0,6.0,107.0,424.7325322740754,990.0,966.0197963952334,23.980203604766643,0.185433051574103,0.040746506454815,989.773820441971,0.2213656653425942,0.2213656653425942,0.0,0.0,23.532658381395045,23.532658381395045,23.75402404673764,23.75402404673764,,0.926304724819602,0.926304724819602,0.0,0.0,37.81016533906487,37.81016533906487,0.0,0.0,0.7700644671907304,0.7700644671907304,0.0,0.0,0.97,0.97,0.96,0.96,36.67586037889292,36.67586037889292,0.0,0.0,73.35172075778584,1760.4412981868602,0.1364093045432471,5.760136863093701e-05,0.525
1953-08-07,1953-08-18,587.589,0.8901106602929673,523.0192327708844,0.536,1953,8,7,1953.08,1952,11,311,45,0.0451888617114044,14.713299503191026,0.0281314693252138,0.15,2,Mod_Wet,54,9,8,6,107,184.0,0.3518035063934325,339.0192327708844,339.0192327708844,,2,169.5096163854422,169.5096163854422,0.0,0.0,0.0,0.0,0.0,0.0,0.0,0.0,54.0,9.0,8.0,6.0,107.0,410.0192327708844,990.0,965.953586547469,24.046413452531056,0.180240271672432,0.0378038465541768,989.7819558817732,0.2033328869973524,0.2033328869973524,0.0,0.0,23.62503644730705,23.62503644730705,23.8283693343044,23.8283693343044,,0.9237296581893768,0.9237296581893768,0.0,0.0,36.27859133454903,36.27859133454903,0.0,0.0,0.7388715139419354,0.7388715139419354,0.0,0.0,0.97,0.97,0.96,0.96,35.19023359451256,35.19023359451256,0.0,0.0,70.38046718902511,1689.1312125366026,0.1345657344494943,5.766672768073174e-05,0.535
1953-08-08,1953-08-19,576.0661,0.8889914195501405,512.1178199937132,0.544,1953,8,8,1953.08,1952,11,312,45,0.0442469796474568,10.901412777171233,0.0212869233437435,0.15,2,Mod_Wet,54,9,8,6,107,184.0,0.3592923206660897,328.1178199937132,328.1178199937132,,2,164.05890999685658,164.05890999685658,0.0,0.0,0.0,0.0,0.0,0.0,0.0,0.0,54.0,9.0,8.0,6.0,107.0,399.1178199937132,990.0,965.9045301899716,24.09546981002836,0.1763928248671225,0.0356235639987426,989.787983611134,0.1904354929927701,0.1904354929927701,0.0,0.0,23.693017928169706,23.693017928169706,23.88345342116247,23.88345342116247,,0.9217774402319988,0.9217774402319988,0.0,0.0,35.1386424766993,35.1386424766993,0.0,0.0,0.715654632926666,0.715654632926666,0.0,0.0,0.97,0.97,0.96,0.96,34.084483202398324,34.084483202398324,0.0,0.0,68.16896640479665,1636.0551937151197,0.1331118811792831,5.771044072429598e-05,0.545
1953-08-09,1953-08-20,564.6867,0.8760275090430032,494.6810831907137,0.5529999999999999,1953,8,9,1953.08,1952,11,313,45,0.0427404455876776,17.43673680299952,0.0352484406529795,0.15,2,Mod_Wet,54,9,8,6,107,184.0,0.3719568147081596,310.6810831907137,310.6810831907137,,2,155.34054159535685,155.34054159535685,0.0,0.0,0.0,0.0,0.0,0.0,0.0,0.0,54.0,9.0,8.0,6.0,107.0,381.6810831907137,990.0,965.8260648743582,24.173935125641837,0.1702388594427317,0.0321362166381427,989.7976249239192,0.1707560023416922,0.1707560023416922,0.0,0.0,23.80080404721924,23.80080404721924,23.97156004956093,23.97156004956093,,0.9183042716132408,0.9183042716132408,0.0,0.0,33.29674251970902,33.29674251970902,0.0,0.0,0.678141395513422,0.678141395513422,0.0,0.0,0.97,0.97,0.96,0.96,32.29784024411775,32.29784024411775,0.0,0.0,64.5956804882355,1550.296331717652,0.1305804541212505,5.775454493652204e-05,0.555
1953-08-10,1953-08-21,564.6867,0.8760275090430032,494.6810831907137,0.5529999999999999,1953,8,10,1953.08,1952,11,314,45,0.0427404455876776,0.0,0.0,0.15,2,Mod_Wet,54,9,8,6,107,184.0,0.3719568147081596,310.6810831907137,310.6810831907137,,2,155.34054159535685,155.34054159535685,0.0,0.0,0.0,0.0,0.0,0.0,0.0,0.0,54.0,9.0,8.0,6.0,107.0,381.6810831907137,990.0,965.8260648743582,24.173935125641837,0.1702388594427317,0.0321362166381427,989.7976249239192,0.1707560023416922,0.1707560023416922,0.0,0.0,23.80080404721924,23.80080404721924,23.97156004956093,23.97156004956093,,0.9183042716132408,0.9183042716132408,0.0,0.0,33.29674251970902,33.29674251970902,0.0,0.0,0.678141395513422,0.678141395513422,0.0,0.0,0.97,0.97,0.96,0.96,32.29784024411775,32.29784024411775,0.0,0.0,64.5956804882355,1550.296331717652,0.1305804541212505,5.775454493652204e-05,0.555
1953-08-11,1953-08-22,553.45,0.8781733244038457,486.0250263913084,0.5579999999999999,1953,8,11,1953.08,1952,11,315,45,0.041992562280209,8.656056799405293,0.0178098993454631,0.18,2,Mod_Wet,54,9,8,6,107,184.0,0.378581328138971,302.0250263913084,302.0250263913084,,2,151.0125131956542,151.0125131956542,0.0,0.0,0.0,0.0,0.0,0.0,0.0,0.0,54.0,9.0,8.0,6.0,107.0,373.0250263913084,990.0,965.7871126187608,24.21288738123917,0.1671838684282467,0.0304050052782616,989.8024111262936,0.1613870285026131,0.1613870285026131,0.0,0.0,23.85391147903013,23.85391147903013,24.015298507532748,24.015298507532748,,0.9165852784248794,0.9165852784248794,0.0,0.0,32.38054213187348,32.38054213187348,0.0,0.0,0.6594815098141237,0.6594815098141237,0.0,0.0,0.97,0.97,0.96,0.96,31.409125867917272,31.409125867917272,0.0,0.0,62.818251735834544,1507.638041660029,0.1292490063778286,5.777506115820113e-05,0.56
1953-08-12,1953-08-23,547.8849,0.8752989863551575,479.5630976092969,0.5630000000000001,1953,8,12,1953.08,1952,11,316,46,0.0414342516334432,6.461928782011513,0.0134746164044425,0.18,2,Mod_Wet,54,9,8,6,107,184.0,0.3836825663135281,295.5630976092969,295.5630976092969,,2,147.78154880464845,147.78154880464845,0.0,0.0,0.0,0.0,0.0,0.0,0.0,0.0,54.0,9.0,8.0,6.0,107.0,366.5630976092969,990.0,965.7580339392418,24.24196606075816,0.1649032532679299,0.0291126195218593,989.8059841272104,0.1545856215136687,0.1545856215136687,0.0,0.0,23.8933645664548,23.8933645664548,24.047950187968468,24.047950187968468,,0.9153042112460404,0.9153042112460404,0.0,0.0,31.69579749308281,31.69579749308281,0.0,0.0,0.645535590490485,0.645535590490485,0.0,0.0,0.97,0.97,0.96,0.96,30.74492356829033,30.74492356829033,0.0,0.0,61.48984713658066,1475.7563312779355,0.1282205562586403,5.7789735023258064e-05,0.565
1953-08-13,1953-08-24,542.3552,0.8801399653154843,477.3484869166725,0.5650000000000001,1953,8,13,1953.08,1952,11,317,46,0.0412429092696005,2.2146106926243188,0.0046394002564648,0.18,2,Mod_Wet,54,9,8,6,107,184.0,0.3854626233100842,293.3484869166725,293.3484869166725,,2,146.67424345833626,146.67424345833626,0.0,0.0,0.0,0.0,0.0,0.0,0.0,0.0,54.0,9.0,8.0,6.0,107.0,364.3484869166725,990.0,965.748068191125,24.25193180887504,0.1641216484421605,0.0286696973833345,989.8072086541746,0.1522824263933394,0.1522824263933394,0.0,0.0,23.90685803665629,23.90685803665629,24.05914046304963,24.05914046304963,,0.9148656083884394,0.9148656083884394,0.0,0.0,31.460988273326336,31.460988273326336,0.0,0.0,0.6407533253223286,0.6407533253223286,0.0,0.0,0.97,0.97,0.96,0.96,30.517158625126545,30.517158625126545,0.0,0.0,61.03431725025309,1464.8236140060742,0.1278611306479482,5.7794663242204046e-05,0.565
1953-08-14,1953-08-25,536.8608,0.8801028281077824,472.4927083802066,0.5690000000000001,1953,8,14,1953.08,1952,11,318,46,0.0408233700040498,4.855778536465948,0.0102769385650679,0.18,2,Mod_Wet,54,9,8,6,107,184.0,0.3894239990089718,288.4927083802066,288.4927083802066,,2,144.2463541901033,144.2463541901033,0.0,0.0,0.0,0.0,0.0,0.0,0.0,0.0,54.0,9.0,8.0,6.0,107.0,359.4927083802066,990.0,965.7262171877107,24.27378281228914,0.1624078935372422,0.0276985416760413,989.8098935647868,0.1472776354640086,0.1472776354640086,0.0,0.0,23.936398741611896,23.936398741611896,24.083676377075903,24.083676377075903,,0.913849196321744,0.913849196321744,0.0,0.0,30.944031167574543,30.944031167574543,0.0,0.0,0.6302246673640436,0.6302246673640436,0.0,0.0,0.97,0.97,0.96,0.96,30.015710232547303,30.015710232547303,0.0,0.0,60.03142046509461,1440.7540911622707,0.1270525859984031,5.780178870815956e-05,0.57
1953-08-15,1953-08-26,525.9775,0.8881694527338079,467.1571483252964,0.58,1953,8,15,1953.08,1952,11,319,46,0.0403623776153056,5.335560054910161,0.011421338780831,0.18,2,Mod_Wet,54,9,8,6,107,184.0,0.3938717424310393,283.1571483252964,283.1571483252964,,2,141.5785741626482,141.5785741626482,0.0,0.0,0.0,0.0,0.0,0.0,0.0,0.0,54.0,9.0,8.0,6.0,107.0,354.1571483252964,990.0,965.7022071674638,24.29779283253617,0.1605248088483668,0.0266314296650592,989.8128437614866,0.1418887198085493,0.1418887198085493,0.0,0.0,23.968747874214277,23.968747874214277,24.11063659402282,24.11063659402282,,0.9126018081307704,0.9126018081307704,0.0,0.0,30.371266716945332,30.371266716945332,0.0,0.0,0.6185594036037746,0.6185594036037746,0.0,0.0,0.97,0.97,0.96,0.96,29.460128715436973,29.460128715436973,0.0,0.0,58.920257430873946,1414.0861783409746,0.1261251329281723,5.780090056720142e-05,0.58
1953-08-16,1953-08-27,525.9775,0.8881694527338079,467.1571483252964,0.58,1953,8,16,1953.08,1952,11,320,46,0.0403623776153056,0.0,0.0,0.18,2,Mod_Wet,54,9,8,6,107,184.0,0.3938717424310393,283.1571483252964,283.1571483252964,,2,141.5785741626482,141.5785741626482,0.0,0.0,0.0,0.0,0.0,0.0,0.0,0.0,54.0,9.0,8.0,6.0,107.0,354.1571483252964,990.0,965.7022071674638,24.29779283253617,0.1605248088483668,0.0266314296650592,989.8128437614866,0.1418887198085493,0.1418887198085493,0.0,0.0,23.968747874214277,23.968747874214277,24.11063659402282,24.11063659402282,,0.9126018081307704,0.9126018081307704,0.0,0.0,30.371266716945332,30.371266716945332,0.0,0.0,0.6185594036037746,0.6185594036037746,0.0,0.0,0.97,0.97,0.96,0.96,29.460128715436973,29.460128715436973,0.0,0.0,58.920257430873946,1414.0861783409746,0.1261251329281723,5.780090056720142e-05,0.58
1953-08-17,1953-08-28,515.2343,0.8913623235036077,459.2604427967548,0.585,1953,8,17,1953.08,1952,11,321,46,0.0396801022576396,7.896705528541587,0.0171943951463641,0.18,2,Mod_Wet,54,9,8,6,107,184.0,0.4006441288073857,275.2604427967548,275.2604427967548,,2,137.6302213983774,137.6302213983774,0.0,0.0,0.0,0.0,0.0,0.0,0.0,0.0,54.0,9.0,8.0,6.0,107.0,346.2604427967548,990.0,965.6666719925854,24.333328007414597,0.15773781645763,0.0250520885593509,989.817210094983,0.1341026295128521,0.1341026295128521,0.0,0.0,24.01643547288475,24.01643547288475,24.150538102397604,24.150538102397604,,0.9107662169664018,0.9107662169664018,0.0,0.0,29.523508771203808,29.523508771203808,0.0,0.0,0.601293457661992,0.601293457661992,0.0,0.0,0.97,0.97,0.96,0.96,28.63780350806769,28.63780350806769,0.0,0.0,57.27560701613539,1374.6145683872494,0.1247126938852921,5.779940872057246e-05,0.585
1953-08-18,1953-08-29,509.9149,0.8935905892579125,455.65515596238953,0.59,1953,8,18,1953.08,1952,11,322,46,0.0393686054751504,3.6052868343653017,0.0079123143613958,0.18,2,Mod_Wet,54,9,8,6,107,184.0,0.4038141511015573,271.6551559623896,271.6551559623896,,2,135.82757798119476,135.82757798119476,0.0,0.0,0.0,0.0,0.0,0.0,0.0,0.0,54.0,9.0,8.0,6.0,107.0,342.6551559623896,990.0,965.6504482018308,24.349551798169276,0.1564653988731724,0.0243310311924779,989.8192035699344,0.1306055012835178,0.1306055012835178,0.0,0.0,24.03814986682017,24.03814986682017,24.16875536810369,24.16875536810369,,0.9099297859243988,0.9099297859243988,0.0,0.0,29.136378897003773,29.136378897003773,0.0,0.0,0.5934089388391807,0.5934089388391807,0.0,0.0,0.97,0.97,0.96,0.96,28.26228753009366,28.26228753009366,0.0,0.0,56.52457506018732,1356.5898014444956,0.1240512135560097,5.779853798256588e-05,0.59
1953-08-19,1953-08-30,504.6303,0.897830776149602,453.0726139176065,0.595,1953,8,19,1953.08,1952,11,323,47,0.0391454738424812,2.582542044782997,0.0057000621212842,0.18,2,Mod_Wet,54,9,8,6,107,184.0,0.4061159168482898,269.0726139176065,269.0726139176065,,2,134.53630695880324,134.53630695880324,0.0,0.0,0.0,0.0,0.0,0.0,0.0,0.0,54.0,9.0,8.0,6.0,107.0,340.0726139176065,990.0,965.6388267626292,24.36117323737085,0.1555539396574838,0.0238145227835212,989.820631537559,0.1281282570825501,0.1281282570825501,0.0,0.0,24.05367651784735,24.05367651784735,24.1818047749299,24.1818047749299,,0.9093316318696992,0.9093316318696992,0.0,0.0,28.859045728212195,28.859045728212195,0.0,0.0,0.5877606054625701,0.5877606054625701,0.0,0.0,0.97,0.97,0.96,0.96,27.993274356365827,27.993274356365827,0.0,0.0,55.98654871273165,1343.6771691055596,0.1235708074002307,5.779785189001833e-05,0.595
1953-08-20,1953-08-31,504.6303,0.897830776149602,453.0726139176065,0.595,1953,8,20,1953.08,1952,11,324,47,0.0391454738424812,0.0,0.0,0.18,2,Mod_Wet,54,9,8,6,107,184.0,0.4061159168482898,269.0726139176065,269.0726139176065,,2,134.53630695880324,134.53630695880324,0.0,0.0,0.0,0.0,0.0,0.0,0.0,0.0,54.0,9.0,8.0,6.0,107.0,340.0726139176065,990.0,965.6388267626292,24.36117323737085,0.1555539396574838,0.0238145227835212,989.820631537559,0.1281282570825501,0.1281282570825501,0.0,0.0,24.05367651784735,24.05367651784735,24.1818047749299,24.1818047749299,,0.9093316318696992,0.9093316318696992,0.0,0.0,28.859045728212195,28.859045728212195,0.0,0.0,0.5877606054625701,0.5877606054625701,0.0,0.0,0.97,0.97,0.96,0.96,27.993274356365827,27.993274356365827,0.0,0.0,55.98654871273165,1343.6771691055596,0.1235708074002307,5.779785189001833e-05,0.595
1953-08-21,1953-09-01,499.3804,0.8921883077628417,445.541354005931,0.598,1953,8,21,1953.08,1952,11,325,47,0.0384947729861124,7.5312599116755345,0.0169036158910072,0.19,2,Mod_Wet,54,9,8,6,107,184.0,0.4129807443139175,261.541354005931,261.541354005931,,2,130.7706770029655,130.7706770029655,0.0,0.0,0.0,0.0,0.0,0.0,0.0,0.0,54.0,9.0,8.0,6.0,107.0,332.541354005931,990.0,965.6049360930268,24.39506390697329,0.1528959243635569,0.0223082708011862,989.8247958048352,0.1210488727655751,0.1210488727655751,0.0,0.0,24.098810839042997,24.098810839042997,24.219859711808567,24.219859711808567,,0.9075920083562112,0.9075920083562112,0.0,0.0,28.05016029808497,28.05016029808497,0.0,0.0,0.5712863604497956,0.5712863604497956,0.0,0.0,0.97,0.97,0.96,0.96,27.20865548914242,27.20865548914242,0.0,0.0,54.41731097828484,1306.0154634788362,0.1221375086487716,5.779552443491384e-05,0.6
1953-08-22,1953-09-02,488.9841,0.8998924733267547,440.0331111664572,0.609,1953,8,22,1953.08,1952,11,326,47,0.0380188608047818,5.50824283947378,0.012517791729064,0.19,2,Mod_Wet,54,9,8,6,107,184.0,0.4181503512593529,256.0331111664572,256.0331111664572,,2,128.0165555832286,128.0165555832286,0.0,0.0,0.0,0.0,0.0,0.0,0.0,0.0,54.0,9.0,8.0,6.0,107.0,327.0331111664572,990.0,965.580149000249,24.41985099975102,0.1509518945622102,0.0212066222332914,989.8278414832045,0.1160298000498114,0.1160298000498114,0.0,0.0,24.13166268290566,24.13166268290566,24.247692482955472,24.247692482955472,,0.9063240766919612,0.9063240766919612,0.0,0.0,27.458423605678256,27.458423605678256,0.0,0.0,0.5592346966533249,0.5592346966533249,0.0,0.0,0.97,0.97,0.96,0.96,26.634670897507903,26.634670897507903,0.0,0.0,53.26934179501581,1278.4642030803795,0.1210575759942412,5.779346007276479e-05,0.61
1953-08-23,1953-09-03,488.9841,0.8998924733267547,440.0331111664572,0.609,1953,8,23,1953.08,1952,11,327,47,0.0380188608047818,0.0,0.0,0.19,2,Mod_Wet,54,9,8,6,107,184.0,0.4181503512593529,256.0331111664572,256.0331111664572,,2,128.0165555832286,128.0165555832286,0.0,0.0,0.0,0.0,0.0,0.0,0.0,0.0,54.0,9.0,8.0,6.0,107.0,327.0331111664572,990.0,965.580149000249,24.41985099975102,0.1509518945622102,0.0212066222332914,989.8278414832045,0.1160298000498114,0.1160298000498114,0.0,0.0,24.13166268290566,24.13166268290566,24.247692482955472,24.247692482955472,,0.9063240766919612,0.9063240766919612,0.0,0.0,27.458423605678256,27.458423605678256,0.0,0.0,0.5592346966533249,0.5592346966533249,0.0,0.0,0.97,0.97,0.96,0.96,26.634670897507903,26.634670897507903,0.0,0.0,53.26934179501581,1278.4642030803795,0.1210575759942412,5.779346007276479e-05,0.61
1953-08-24,1953-09-04,473.647,0.9007401735700734,426.6328809909446,0.62,1953,8,24,1953.08,1952,11,328,47,0.0368610809176176,13.400230175512604,0.0314092766230013,0.19,2,Mod_Wet,54,9,8,6,107,184.0,0.4312841513120631,242.6328809909446,242.6328809909446,,2,121.3164404954723,121.3164404954723,0.0,0.0,0.0,0.0,0.0,0.0,0.0,0.0,54.0,9.0,8.0,6.0,107.0,313.6328809909446,990.0,965.5198479644592,24.480152035540755,0.1462225375666515,0.0185265761981889,989.8352508862351,0.1041906064621218,0.1041906064621218,0.0,0.0,24.211212315313777,24.211212315313777,24.3154029217759,24.3154029217759,,0.9019829245134448,0.9019829245134448,0.0,0.0,25.98203784248653,25.98203784248653,0.0,0.0,0.5291657401728418,0.5291657401728418,0.0,0.0,0.97,0.97,0.96,0.96,25.202576707211936,25.202576707211936,0.0,0.0,50.40515341442387,1209.723681946173,0.1181464337613812,5.770624099595629e-05,0.62
1953-08-25,1953-09-05,463.5928,0.9065907191323836,420.28892993659525,0.63,1953,8,25,1953.08,1952,11,329,47,0.0363129635465218,6.343951054349362,0.0150942615959606,0.19,2,Mod_Wet,54,9,8,6,107,184.0,0.4377940671141593,236.28892993659525,236.28892993659525,,2,118.14446496829764,118.14446496829764,0.0,0.0,0.0,0.0,0.0,0.0,0.0,0.0,54.0,9.0,8.0,6.0,107.0,307.28892993659525,990.0,965.4913001847146,24.508699815285357,0.1439835604069012,0.017257785987319,989.8387586536056,0.098819811847374,0.098819811847374,0.0,0.0,24.24863865704372,24.24863865704372,24.34745846889109,24.34745846889109,,0.8994264473878206,0.8994264473878206,0.0,0.0,25.269991450940854,25.269991450940854,0.0,0.0,0.5146637770049054,0.5146637770049054,0.0,0.0,0.97,0.97,0.96,0.96,24.511891707412627,24.511891707412627,0.0,0.0,49.02378341482525,1176.570801955806,0.1166430517744566,5.763163606049321e-05,0.63
1953-08-26,1953-09-06,453.6742,0.9119592484433596,413.7323824701425,0.64,1953,8,26,1953.08,1952,11,330,48,0.0357464778454203,6.556547466452741,0.0158473151830843,0.19,2,Mod_Wet,54,9,8,6,107,184.0,0.4447319276810018,229.7323824701425,229.7323824701425,,2,114.86619123507126,114.86619123507126,0.0,0.0,0.0,0.0,0.0,0.0,0.0,0.0,54.0,9.0,8.0,6.0,107.0,300.7323824701425,990.0,965.4617957211155,24.538204278884336,0.1416695513771275,0.0159464764940285,989.8423839721288,0.093385905976114,0.093385905976114,0.0,0.0,24.287202345037024,24.287202345037024,24.380588251013137,24.380588251013137,,0.8967743158581459,0.8967743158581459,0.0,0.0,24.53531130754084,24.53531130754084,0.0,0.0,0.4997008412941108,0.4997008412941108,0.0,0.0,0.9699700841294112,0.9699700841294112,0.96,0.96,23.79851797311668,23.79851797311668,0.0,0.0,47.59703594623336,1142.3288627096008,0.1150430518927733,5.755130701120052e-05,0.64
1953-08-27,1953-09-07,448.7655,0.9091709283658698,408.00454625357366,0.643,1953,8,27,1953.08,1952,11,331,48,0.0352515927963087,5.727836216568846,0.0140386578266434,0.19,2,Mod_Wet,54,9,8,6,107,184.0,0.4509753670382989,224.0045462535737,224.0045462535737,,2,112.00227312678685,112.00227312678685,0.0,0.0,0.0,0.0,0.0,0.0,0.0,0.0,54.0,9.0,8.0,6.0,107.0,295.00454625357366,990.0,965.436020458141,24.563979541859,0.1396480202597184,0.0148009092507147,989.8455510704896,0.0888036370028589,0.0888036370028589,0.0,0.0,24.320726975345615,24.320726975345615,24.40953061234848,24.40953061234848,,0.8944490644679725,0.8944490644679725,0.0,0.0,23.894486561087376,23.894486561087376,0.0,0.0,0.4866494207960768,0.4866494207960768,0.0,0.0,0.9686649420796076,0.9686649420796076,0.96,0.96,23.145751440717667,23.145751440717667,0.0,0.0,46.291502881435335,1110.996069154448,0.1134583016451618,5.7403972443677855e-05,0.645
1953-08-28,1953-09-08,443.8904,0.9076618404997884,402.90237744418727,0.648,1953,8,28,1953.08,1952,11,332,48,0.0348107654111777,5.102168809386399,0.0126635361194739,0.19,2,Mod_Wet,54,9,8,6,107,184.0,0.4566863098877814,218.90237744418727,218.90237744418727,,1,218.90237744418727,0.0,0.0,0.0,0.0,0.0,0.0,0.0,0.0,0.0,54.0,9.0,8.0,6.0,107.0,289.90237744418727,990.0,965.4130606984988,24.58693930150116,0.1378473065827781,0.0137804754888374,989.8483722179284,0.3390193225280967,0.0,0.0,0.0,24.09629219690145,24.435311519429547,24.435311519429547,24.435311519429547,,0.939436792766516,0.0,0.0,0.0,48.596720680436526,0.0,0.0,0.0,0.9897499120251838,0.0,0.0,0.0,0.98,0.96,0.96,0.96,47.6247862668278,0.0,0.0,0.0,47.6247862668278,1142.994870403867,0.1182042820619123,6.043382192006585e-05,0.65
1953-08-29,1953-09-09,439.0488,0.9068394067509818,398.1467533267305,0.657,1953,8,29,1953.08,1952,11,333,48,0.0343998794874295,4.755624117456762,0.0119444000929832,0.19,2,Mod_Wet,54,9,8,6,107,184.0,0.4621411538900692,214.1467533267305,214.1467533267305,,1,214.1467533267305,0.0,0.0,0.0,0.0,0.0,0.0,0.0,0.0,0.0,54.0,9.0,8.0,6.0,107.0,285.1467533267305,990.0,965.3907337666336,24.609266233366384,0.1361688992798019,0.0128293506653461,989.8510017500548,0.3244402599801915,0.0,0.0,0.0,24.13582772344101,24.460267983421204,24.460267983421204,24.460267983421204,,0.9382337665399488,0.0,0.0,0.0,47.55798550041278,0.0,0.0,0.0,0.9685944093770422,0.0,0.0,0.0,0.98,0.96,0.96,0.96,46.60682579040452,0.0,0.0,0.0,46.60682579040452,1118.5638189697086,0.1170594144017988,6.045546008153552e-05,0.655
1953-08-30,1953-09-10,434.2405,0.9023039355474278,391.8169121240828,0.66,1953,8,30,1953.08,1952,11,334,48,0.0338529812075207,6.3298412026476845,0.0161550995038292,0.19,2,Mod_Wet,54,9,8,6,107,184.0,0.4696070902159778,207.8169121240828,207.8169121240828,,1,207.8169121240828,0.0,0.0,0.0,0.0,0.0,0.0,0.0,0.0,0.0,54.0,9.0,8.0,6.0,107.0,278.8169121240828,990.0,965.3590845606204,24.64091543937957,0.133934901924501,0.0115633824248165,989.8545017156508,0.3055817216448035,0.0,0.0,0.0,24.18983543338548,24.49541715503028,24.49541715503028,24.49541715503028,,0.9366396487533666,0.0,0.0,0.0,46.176928143314704,0.0,0.0,0.0,0.9404669682956152,0.0,0.0,0.0,0.98,0.96,0.96,0.96,45.253389580448406,0.0,0.0,0.0,45.253389580448406,1086.0813499307617,0.1154962641482849,6.04877912297316e-05,0.66
1953-08-31,1953-09-11,429.4657,0.9060885103777592,389.1339363713416,0.6629999999999999,1953,8,31,1953.08,1952,11,335,48,0.0336211721024839,2.6829757527411857,0.0068947359815487,0.19,2,Mod_Wet,54,9,8,6,107,184.0,0.4728449071180803,205.1339363713416,205.1339363713416,,1,205.1339363713416,0.0,0.0,0.0,0.0,0.0,0.0,0.0,0.0,0.0,54.0,9.0,8.0,6.0,107.0,276.1339363713416,990.0,965.3456696818566,24.65433031814337,0.1329879965371347,0.0110267872742683,989.8559852161884,0.2976937729317442,0.0,0.0,0.0,24.212621761400136,24.51031553433188,24.51031553433188,24.51031553433188,,0.9359660500102616,0.0,0.0,0.0,45.59089596080332,0.0,0.0,0.0,0.9285314859634076,0.0,0.0,0.0,0.98,0.96,0.96,0.96,44.67907804158725,0.0,0.0,0.0,44.67907804158725,1072.297872998094,0.1148167092755206,6.050122778848934e-05,0.665
1953-09-01,1953-09-12,429.4657,0.9060885103777592,389.1339363713416,0.6629999999999999,1953,9,1,1953.09,1952,12,336,48,0.0336211721024839,0.0,0.0,0.2,2,Mod_Wet,46,7,6,4,75,138.0,0.3546336803385602,251.1339363713416,251.1339363713416,,2,125.5669681856708,125.5669681856708,0.0,0.0,0.0,0.0,0.0,0.0,0.0,0.0,46.0,7.0,6.0,4.0,75.0,310.1339363713416,990.0,965.3456696818566,24.65433031814337,0.144987651449245,0.0202267872742683,989.8347855612764,0.1116205427342074,0.1116205427342074,0.0,0.0,24.377495336685637,24.377495336685637,24.48911587941984,24.48911587941984,,0.9055197276979988,0.9055197276979988,0.0,0.0,27.183232905791264,27.183232905791264,0.0,0.0,0.5536299980812884,0.5536299980812884,0.0,0.0,0.97,0.97,0.96,0.96,26.367735918617527,26.367735918617527,0.0,0.0,52.73547183723505,1265.6513240936413,0.1355201047973127,5.833039687375917e-05,0.665
1953-09-02,1953-09-13,420.0154,0.9067213782142306,380.8369423592014,0.675,1953,9,2,1953.09,1952,12,337,49,0.032904311819835,8.29699401214026,0.0217862110769564,0.2,2,Mod_Wet,46,7,6,4,75,138.0,0.362359804553414,242.83694235920137,242.83694235920137,,2,121.41847117960069,121.41847117960069,0.0,0.0,0.0,0.0,0.0,0.0,0.0,0.0,46.0,7.0,6.0,4.0,75.0,301.8369423592014,990.0,965.304184711796,24.695815288204017,0.1420593848329648,0.0185673884718402,989.8393732266952,0.1043681398525052,0.1043681398525052,0.0,0.0,24.43082037504673,24.43082037504673,24.535188514899232,24.535188514899232,,0.9023627726308644,0.9023627726308644,0.0,0.0,26.25080828985895,26.25080828985895,0.0,0.0,0.5346396800378604,0.5346396800378604,0.0,0.0,0.97,0.97,0.96,0.96,25.46328404116318,25.46328404116318,0.0,0.0,50.92656808232636,1222.2376339758328,0.1337227627310718,5.825418807502665e-05,0.675
1953-09-03,1953-09-14,420.0154,0.9067213782142306,380.8369423592014,0.675,1953,9,3,1953.09,1952,12,338,49,0.032904311819835,0.0,0.0,0.2,2,Mod_Wet,46,7,6,4,75,138.0,0.362359804553414,242.83694235920137,242.83694235920137,,2,121.41847117960069,121.41847117960069,0.0,0.0,0.0,0.0,0.0,0.0,0.0,0.0,46.0,7.0,6.0,4.0,75.0,301.8369423592014,990.0,965.304184711796,24.695815288204017,0.1420593848329648,0.0185673884718402,989.8393732266952,0.1043681398525052,0.1043681398525052,0.0,0.0,24.43082037504673,24.43082037504673,24.535188514899232,24.535188514899232,,0.9023627726308644,0.9023627726308644,0.0,0.0,26.25080828985895,26.25080828985895,0.0,0.0,0.5346396800378604,0.5346396800378604,0.0,0.0,0.97,0.97,0.96,0.96,25.46328404116318,25.46328404116318,0.0,0.0,50.92656808232636,1222.2376339758328,0.1337227627310718,5.825418807502665e-05,0.675
1953-09-04,1953-09-15,410.6973,0.908236127635729,373.01012538244936,0.6880000000000001,1953,9,4,1953.09,1952,12,339,49,0.0322280748330436,7.826816976752013,0.0209828539338634,0.2,2,Mod_Wet,46,7,6,4,75,138.0,0.3699631474038615,235.01012538244936,235.01012538244936,,2,117.50506269122468,117.50506269122468,0.0,0.0,0.0,0.0,0.0,0.0,0.0,0.0,46.0,7.0,6.0,4.0,75.0,294.01012538244936,990.0,965.2650506269122,24.73494937308783,0.1392970582805745,0.0170020250764898,989.8437009166428,0.0977584040674329,0.0977584040674329,0.0,0.0,24.480891885663283,24.480891885663283,24.57865028973072,24.57865028973072,,0.8991782717607666,0.8991782717607666,0.0,0.0,25.36695379087698,25.36695379087698,0.0,0.0,0.5166385700789609,0.5166385700789609,0.0,0.0,0.97,0.97,0.96,0.96,24.60594517715067,24.60594517715067,0.0,0.0,49.21189035430134,1181.085368503232,0.1319317814867468,5.8167576910209e-05,0.69
1953-09-05,1953-09-16,406.0875,0.9120318780949216,370.3647452958713,0.6890000000000001,1953,9,5,1953.09,1952,12,340,49,0.0319995139935632,2.645380086578029,0.0071426347139621,0.2,2,Mod_Wet,46,7,6,4,75,138.0,0.3726056590233951,232.36474529587127,232.36474529587127,,2,116.18237264793564,116.18237264793564,0.0,0.0,0.0,0.0,0.0,0.0,0.0,0.0,46.0,7.0,6.0,4.0,75.0,291.3647452958713,990.0,965.2518237264792,24.7481762735207,0.1383634215702714,0.0164729490591742,989.8451636293704,0.0955627385955731,0.0955627385955731,0.0,0.0,24.497777164295645,24.497777164295645,24.593339902891216,24.593339902891216,,0.8980984006301287,0.8980984006301287,0.0,0.0,25.068569001280636,25.068569001280636,0.0,0.0,0.5105614867877929,0.5105614867877929,0.0,0.0,0.97,0.97,0.96,0.96,24.31651193124221,24.31651193124221,0.0,0.0,48.63302386248443,1167.1925726996262,0.1313111587433443,5.813779227969053e-05,0.69
1953-09-06,1953-09-17,392.4543,0.9019707790507928,353.9823107128336,0.7040000000000001,1953,9,6,1953.09,1952,12,341,49,0.0305840716455888,16.382434583037707,0.0462803764121644,0.2,2,Mod_Wet,46,7,6,4,75,138.0,0.3898499891763004,215.9823107128336,215.9823107128336,,1,215.9823107128336,0.0,0.0,0.0,0.0,0.0,0.0,0.0,0.0,0.0,46.0,7.0,6.0,4.0,75.0,274.9823107128336,990.0,965.169911553564,24.830088446435862,0.1325815521109575,0.0131964621425667,989.8542219857464,0.3300255169955275,0.0,0.0,0.0,24.35428491518679,24.684310432182315,24.684310432182315,24.684310432182315,,0.938848312061818,0.0,0.0,0.0,48.43147489775633,0.0,0.0,0.0,0.9863844174695792,0.0,0.0,0.0,0.98,0.96,0.96,0.96,47.4628453998012,0.0,0.0,0.0,47.4628453998012,1139.1082895952288,0.1340825345318037,6.104260890002417e-05,0.705
1953-09-07,1953-09-18,383.5279,0.9045977994923856,346.9384943839358,0.7120000000000001,1953,9,7,1953.09,1952,12,342,49,0.029975485914772,7.043816328897831,0.0203027811641531,0.2,2,Mod_Wet,46,7,6,4,75,138.0,0.3977650281933943,208.9384943839358,208.9384943839358,,1,208.9384943839358,0.0,0.0,0.0,0.0,0.0,0.0,0.0,0.0,0.0,46.0,7.0,6.0,4.0,75.0,267.9384943839358,990.0,965.1346924719196,24.865307528080397,0.1300955707812204,0.0117876988767871,989.858116730342,0.3088791734887712,0.0,0.0,0.0,24.4145450849336,24.72342425842237,24.72342425842237,24.72342425842237,,0.9370899503805474,0.0,0.0,0.0,46.87994324627541,0.0,0.0,0.0,0.954784994832493,0.0,0.0,0.0,0.98,0.96,0.96,0.96,45.9423443813499,0.0,0.0,0.0,45.9423443813499,1102.6162651523975,0.1324221587544802,6.107903843081361e-05,0.71
1953-09-08,1953-09-19,383.5279,0.9045977994923856,346.9384943839358,0.7120000000000001,1953,9,8,1953.09,1952,12,343,49,0.029975485914772,0.0,0.0,0.2,2,Mod_Wet,46,7,6,4,75,138.0,0.3977650281933943,208.9384943839358,208.9384943839358,,1,208.9384943839358,0.0,0.0,0.0,0.0,0.0,0.0,0.0,0.0,0.0,46.0,7.0,6.0,4.0,75.0,267.9384943839358,990.0,965.1346924719196,24.865307528080397,0.1300955707812204,0.0117876988767871,989.858116730342,0.3088791734887712,0.0,0.0,0.0,24.4145450849336,24.72342425842237,24.72342425842237,24.72342425842237,,0.9370899503805474,0.0,0.0,0.0,46.87994324627541,0.0,0.0,0.0,0.954784994832493,0.0,0.0,0.0,0.98,0.96,0.96,0.96,45.9423443813499,0.0,0.0,0.0,45.9423443813499,1102.6162651523975,0.1324221587544802,6.107903843081361e-05,0.71
1953-09-09,1953-09-20,379.1131,0.9090149185803196,344.6194637292325,0.718,1953,9,9,1953.09,1952,12,344,50,0.0297751216662056,2.319030654703284,0.0067292503725945,0.2,2,Mod_Wet,46,7,6,4,75,138.0,0.4004416886575698,206.6194637292325,206.6194637292325,,1,206.6194637292325,0.0,0.0,0.0,0.0,0.0,0.0,0.0,0.0,0.0,46.0,7.0,6.0,4.0,75.0,265.6194637292325,990.0,965.1230973186462,24.87690268135384,0.1292771129110132,0.0113238927458465,989.8593989943432,0.3020612233639436,0.0,0.0,0.0,24.434240452333007,24.73630167569695,24.73630167569695,24.73630167569695,,0.9365128895965548,0.0,0.0,0.0,46.368445025374974,0.0,0.0,0.0,0.9443675157917508,0.0,0.0,0.0,0.98,0.96,0.96,0.96,45.44107612486747,0.0,0.0,0.0,45.44107612486747,1090.5858269968194,0.131858704767095,6.109066841029985e-05,0.72
1953-09-10,1953-09-21,374.7305,0.908907350449394,340.5953058875766,0.721,1953,9,10,1953.09,1952,12,345,50,0.0294274344286866,4.024157841655892,0.0118150713532857,0.2,2,Mod_Wet,46,7,6,4,75,138.0,0.4051729357818892,202.5953058875766,202.5953058875766,,1,202.5953058875766,0.0,0.0,0.0,0.0,0.0,0.0,0.0,0.0,0.0,46.0,7.0,6.0,4.0,75.0,261.5953058875766,990.0,965.102976529438,24.89702347056209,0.1278568627518446,0.0105190611775153,989.8616240760706,0.2904225748384691,0.0,0.0,0.0,24.468224971794218,24.758647546632687,24.758647546632687,24.758647546632687,,0.9354095656737924,0.0,0.0,0.0,45.47496251891856,0.0,0.0,0.0,0.9261703160675876,0.0,0.0,0.0,0.98,0.96,0.96,0.96,44.565463268540185,0.0,0.0,0.0,44.565463268540185,1069.5711184449644,0.1308457941086549,6.110356455761982e-05,0.72
1953-09-11,1953-09-22,370.3799,0.9134433097017404,338.3210417029997,0.727,1953,9,11,1953.09,1952,12,346,50,0.0292309380031391,2.2742641845769067,0.0067222073245252,0.25,2,Mod_Wet,46,7,6,4,75,138.0,0.4078965922585016,200.3210417029997,200.3210417029997,,1,200.3210417029997,0.0,0.0,0.0,0.0,0.0,0.0,0.0,0.0,0.0,46.0,7.0,6.0,4.0,75.0,259.3210417029997,990.0,965.0916052085148,24.90839479148508,0.1270542043579065,0.0100642083405999,989.8628815873014,0.2839181792705791,0.0,0.0,0.0,24.487358199515946,24.771276378786524,24.771276378786524,24.771276378786524,,0.934748418443932,0.0,0.0,0.0,44.967831254356845,0.0,0.0,0.0,0.9158417770744774,0.0,0.0,0.0,0.98,0.96,0.96,0.96,44.06847462926971,0.0,0.0,0.0,44.06847462926971,1057.643391102473,0.1302563813573141,6.110812348272455e-05,0.725
1953-09-12,1953-09-23,361.7746,0.9166247913690906,331.6115672476363,0.736,1953,9,12,1953.09,1952,12,347,50,0.0286512394101957,6.70947445536342,0.0202329324970531,0.25,2,Mod_Wet,46,7,6,4,75,138.0,0.4161495364754459,193.6115672476363,193.6115672476363,,1,193.6115672476363,0.0,0.0,0.0,0.0,0.0,0.0,0.0,0.0,0.0,46.0,7.0,6.0,4.0,75.0,252.6115672476363,990.0,965.0580578362382,24.94194216376184,0.1246862226489071,0.0093611567247636,989.8659526206264,0.2652234629135707,0.0,0.0,0.0,24.5426713214746,24.807894784388168,24.807894784388168,24.807894784388168,,0.9328066947784444,0.0,0.0,0.0,43.46938397593859,0.0,0.0,0.0,0.8853235025649407,0.0,0.0,0.0,0.978532350256494,0.96,0.96,0.96,42.536198466177176,0.0,0.0,0.0,42.536198466177176,1020.8687631882522,0.1282711541675884,6.1027400650791776e-05,0.735
1953-09-13,1953-09-24,361.7746,0.9166247913690906,331.6115672476363,0.736,1953,9,13,1953.09,1952,12,348,50,0.0286512394101957,0.0,0.0,0.25,2,Mod_Wet,46,7,6,4,75,138.0,0.4161495364754459,193.6115672476363,193.6115672476363,,1,193.6115672476363,0.0,0.0,0.0,0.0,0.0,0.0,0.0,0.0,0.0,46.0,7.0,6.0,4.0,75.0,252.6115672476363,990.0,965.0580578362382,24.94194216376184,0.1246862226489071,0.0093611567247636,989.8659526206264,0.2652234629135707,0.0,0.0,0.0,24.5426713214746,24.807894784388168,24.807894784388168,24.807894784388168,,0.9328066947784444,0.0,0.0,0.0,43.46938397593859,0.0,0.0,0.0,0.8853235025649407,0.0,0.0,0.0,0.978532350256494,0.96,0.96,0.96,42.536198466177176,0.0,0.0,0.0,42.536198466177176,1020.8687631882522,0.1282711541675884,6.1027400650791776e-05,0.735
1953-09-14,1953-09-25,361.7746,0.9166247913690906,331.6115672476363,0.736,1953,9,14,1953.09,1952,12,349,50,0.0286512394101957,0.0,0.0,0.25,2,Mod_Wet,46,7,6,4,75,138.0,0.4161495364754459,193.6115672476363,193.6115672476363,,1,193.6115672476363,0.0,0.0,0.0,0.0,0.0,0.0,0.0,0.0,0.0,46.0,7.0,6.0,4.0,75.0,252.6115672476363,990.0,965.0580578362382,24.94194216376184,0.1246862226489071,0.0093611567247636,989.8659526206264,0.2652234629135707,0.0,0.0,0.0,24.5426713214746,24.807894784388168,24.807894784388168,24.807894784388168,,0.9328066947784444,0.0,0.0,0.0,43.46938397593859,0.0,0.0,0.0,0.8853235025649407,0.0,0.0,0.0,0.978532350256494,0.96,0.96,0.96,42.536198466177176,0.0,0.0,0.0,42.536198466177176,1020.8687631882522,0.1282711541675884,6.1027400650791776e-05,0.735
1953-09-15,1953-09-26,357.5196,0.9208048873506705,329.2057950036568,0.742,1953,9,15,1953.09,1952,12,350,50,0.0284433806883159,2.40577224397947,0.0073078064860697,0.25,2,Mod_Wet,46,7,6,4,75,138.0,0.419190676757276,191.2057950036568,191.2057950036568,,1,191.2057950036568,0.0,0.0,0.0,0.0,0.0,0.0,0.0,0.0,0.0,46.0,7.0,6.0,4.0,75.0,250.2057950036568,990.0,965.0460289750184,24.953971024981684,0.1238371509805281,0.0091205795003656,989.8670422695192,0.2586797624099465,0.0,0.0,0.0,24.5623335320908,24.821013294500744,24.821013294500744,24.821013294500744,,0.932113812958862,0.0,0.0,0.0,42.93172296777679,0.0,0.0,0.0,0.8743731765331321,0.0,0.0,0.0,0.9774373176533132,0.96,0.96,0.96,41.96306813985888,0.0,0.0,0.0,41.96306813985888,1007.1136353566131,0.1274675864663705,6.096262833668058e-05,0.74
1953-09-16,1953-09-27,349.1046,0.9270188758292952,323.62655383883583,0.7509999999999999,1953,9,16,1953.09,1952,12,351,51,0.0279613342516754,5.579241164820986,0.0172397508753234,0.25,2,Mod_Wet,46,7,6,4,75,138.0,0.4264174195938298,185.62655383883583,185.62655383883583,,1,185.62655383883583,0.0,0.0,0.0,0.0,0.0,0.0,0.0,0.0,0.0,46.0,7.0,6.0,4.0,75.0,244.62655383883583,990.0,965.0181327691942,24.981867230805847,0.1218680636673136,0.0085626553838835,989.8695692809488,0.2437666332113033,0.0,0.0,0.0,24.607669878543323,24.851436511754628,24.851436511754628,24.851436511754628,,0.930513747999892,0.0,0.0,0.0,41.6842591791821,0.0,0.0,0.0,0.8489665820607352,0.0,0.0,0.0,0.9748966582060736,0.96,0.96,0.96,40.63784497358047,0.0,0.0,0.0,40.63784497358047,975.3082793659312,0.1255701810977411,6.081182911061155e-05,0.75
1953-09-17,1953-09-28,349.1046,0.9270188758292952,323.62655383883583,0.7509999999999999,1953,9,17,1953.09,1952,12,352,51,0.0279613342516754,0.0,0.0,0.25,2,Mod_Wet,46,7,6,4,75,138.0,0.4264174195938298,185.62655383883583,185.62655383883583,,1,185.62655383883583,0.0,0.0,0.0,0.0,0.0,0.0,0.0,0.0,0.0,46.0,7.0,6.0,4.0,75.0,244.62655383883583,990.0,965.0181327691942,24.981867230805847,0.1218680636673136,0.0085626553838835,989.8695692809488,0.2437666332113033,0.0,0.0,0.0,24.607669878543323,24.851436511754628,24.851436511754628,24.851436511754628,,0.930513747999892,0.0,0.0,0.0,41.6842591791821,0.0,0.0,0.0,0.8489665820607352,0.0,0.0,0.0,0.9748966582060736,0.96,0.96,0.96,40.63784497358047,0.0,0.0,0.0,40.63784497358047,975.3082793659312,0.1255701810977411,6.081182911061155e-05,0.75
1953-09-18,1953-09-29,349.1046,0.9270188758292952,323.62655383883583,0.7509999999999999,1953,9,18,1953.09,1952,12,353,51,0.0279613342516754,0.0,0.0,0.25,2,Mod_Wet,46,7,6,4,75,138.0,0.4264174195938298,185.62655383883583,185.62655383883583,,1,185.62655383883583,0.0,0.0,0.0,0.0,0.0,0.0,0.0,0.0,0.0,46.0,7.0,6.0,4.0,75.0,244.62655383883583,990.0,965.0181327691942,24.981867230805847,0.1218680636673136,0.0085626553838835,989.8695692809488,0.2437666332113033,0.0,0.0,0.0,24.607669878543323,24.851436511754628,24.851436511754628,24.851436511754628,,0.930513747999892,0.0,0.0,0.0,41.6842591791821,0.0,0.0,0.0,0.8489665820607352,0.0,0.0,0.0,0.9748966582060736,0.96,0.96,0.96,40.63784497358047,0.0,0.0,0.0,40.63784497358047,975.3082793659312,0.1255701810977411,6.081182911061155e-05,0.75
1953-09-19,1953-09-30,349.1046,0.9270188758292952,323.62655383883583,0.7509999999999999,1953,9,19,1953.09,1952,12,354,51,0.0279613342516754,0.0,0.0,0.25,2,Mod_Wet,46,7,6,4,75,138.0,0.4264174195938298,185.62655383883583,185.62655383883583,,1,185.62655383883583,0.0,0.0,0.0,0.0,0.0,0.0,0.0,0.0,0.0,46.0,7.0,6.0,4.0,75.0,244.62655383883583,990.0,965.0181327691942,24.981867230805847,0.1218680636673136,0.0085626553838835,989.8695692809488,0.2437666332113033,0.0,0.0,0.0,24.607669878543323,24.851436511754628,24.851436511754628,24.851436511754628,,0.930513747999892,0.0,0.0,0.0,41.6842591791821,0.0,0.0,0.0,0.8489665820607352,0.0,0.0,0.0,0.9748966582060736,0.96,0.96,0.96,40.63784497358047,0.0,0.0,0.0,40.63784497358047,975.3082793659312,0.1255701810977411,6.081182911061155e-05,0.75
1953-09-20,1953-10-01,340.8154,0.928721014594374,316.52242407738737,0.763,1953,9,20,1953.09,1952,12,355,51,0.0273475374402862,7.104129761448463,0.0224443174355051,0.25,2,Mod_Wet,46,7,6,4,75,138.0,0.4359880675192227,178.52242407738737,178.52242407738737,,1,178.52242407738737,0.0,0.0,0.0,0.0,0.0,0.0,0.0,0.0,0.0,46.0,7.0,6.0,4.0,75.0,237.52242407738737,990.0,964.9826121203868,25.017387879613125,0.119360795855895,0.0078522424077387,989.8727869617364,0.2255060601934684,0.0,0.0,0.0,24.66466878115609,24.89017484134956,24.89017484134956,24.89017484134956,,0.9280054043592436,0.0,0.0,0.0,40.07349933359178,0.0,0.0,0.0,0.8161608825578774,0.0,0.0,0.0,0.9716160882557876,0.96,0.96,0.96,38.936056665225365,0.0,0.0,0.0,38.936056665225365,934.4653599654088,0.1230120007412359,6.058382498328339e-05,0.765
1953-09-21,1953-10-02,336.7179,0.9260439379072553,311.8155700798613,0.7659999999999999,1953,9,21,1953.09,1952,12,356,51,0.0269408652549,4.706853997526082,0.0150949934806673,0.22,2,Mod_Wet,46,7,6,4,75,138.0,0.4425693045560741,173.8155700798613,173.8155700798613,,1,173.8155700798613,0.0,0.0,0.0,0.0,0.0,0.0,0.0,0.0,0.0,46.0,7.0,6.0,4.0,75.0,232.8155700798613,990.0,964.9590778503992,25.04092214960076,0.1176995788835048,0.0073815570079861,989.8749188641084,0.2138099909948615,0.0,0.0,0.0,24.702031022714408,24.91584101370927,24.91584101370927,24.91584101370927,,0.9263066076849772,0.0,0.0,0.0,39.004507764637104,0.0,0.0,0.0,0.7943891601759084,0.0,0.0,0.0,0.97,0.96,0.96,0.96,37.83437253169799,0.0,0.0,0.0,37.83437253169799,908.0249407607516,0.1213357386932537,6.046378883458453e-05,0.765
1953-09-22,1953-10-03,336.7179,0.9260439379072553,311.8155700798613,0.7659999999999999,1953,9,22,1953.09,1952,12,357,51,0.0269408652549,0.0,0.0,0.22,2,Mod_Wet,46,7,6,4,75,138.0,0.4425693045560741,173.8155700798613,173.8155700798613,,1,173.8155700798613,0.0,0.0,0.0,0.0,0.0,0.0,0.0,0.0,0.0,46.0,7.0,6.0,4.0,75.0,232.8155700798613,990.0,964.9590778503992,25.04092214960076,0.1176995788835048,0.0073815570079861,989.8749188641084,0.2138099909948615,0.0,0.0,0.0,24.702031022714408,24.91584101370927,24.91584101370927,24.91584101370927,,0.9263066076849772,0.0,0.0,0.0,39.004507764637104,0.0,0.0,0.0,0.7943891601759084,0.0,0.0,0.0,0.97,0.96,0.96,0.96,37.83437253169799,0.0,0.0,0.0,37.83437253169799,908.0249407607516,0.1213357386932537,6.046378883458453e-05,0.765
1953-09-23,1953-10-04,336.7179,0.9260439379072553,311.8155700798613,0.7659999999999999,1953,9,23,1953.09,1952,12,358,52,0.0269408652549,0.0,0.0,0.22,2,Mod_Wet,46,7,6,4,75,138.0,0.4425693045560741,173.8155700798613,173.8155700798613,,1,173.8155700798613,0.0,0.0,0.0,0.0,0.0,0.0,0.0,0.0,0.0,46.0,7.0,6.0,4.0,75.0,232.8155700798613,990.0,964.9590778503992,25.04092214960076,0.1176995788835048,0.0073815570079861,989.8749188641084,0.2138099909948615,0.0,0.0,0.0,24.702031022714408,24.91584101370927,24.91584101370927,24.91584101370927,,0.9263066076849772,0.0,0.0,0.0,39.004507764637104,0.0,0.0,0.0,0.7943891601759084,0.0,0.0,0.0,0.97,0.96,0.96,0.96,37.83437253169799,0.0,0.0,0.0,37.83437253169799,908.0249407607516,0.1213357386932537,6.046378883458453e-05,0.765
1953-09-24,1953-10-05,336.7179,0.9260439379072553,311.8155700798613,0.7659999999999999,1953,9,24,1953.09,1952,12,359,52,0.0269408652549,0.0,0.0,0.22,2,Mod_Wet,46,7,6,4,75,138.0,0.4425693045560741,173.8155700798613,173.8155700798613,,1,173.8155700798613,0.0,0.0,0.0,0.0,0.0,0.0,0.0,0.0,0.0,46.0,7.0,6.0,4.0,75.0,232.8155700798613,990.0,964.9590778503992,25.04092214960076,0.1176995788835048,0.0073815570079861,989.8749188641084,0.2138099909948615,0.0,0.0,0.0,24.702031022714408,24.91584101370927,24.91584101370927,24.91584101370927,,0.9263066076849772,0.0,0.0,0.0,39.004507764637104,0.0,0.0,0.0,0.7943891601759084,0.0,0.0,0.0,0.97,0.96,0.96,0.96,37.83437253169799,0.0,0.0,0.0,37.83437253169799,908.0249407607516,0.1213357386932537,6.046378883458453e-05,0.765
1953-09-25,1953-10-06,336.7179,0.9260439379072553,311.8155700798613,0.7659999999999999,1953,9,25,1953.09,1952,12,360,52,0.0269408652549,0.0,0.0,0.22,2,Mod_Wet,46,7,6,4,75,138.0,0.4425693045560741,173.8155700798613,173.8155700798613,,1,173.8155700798613,0.0,0.0,0.0,0.0,0.0,0.0,0.0,0.0,0.0,46.0,7.0,6.0,4.0,75.0,232.8155700798613,990.0,964.9590778503992,25.04092214960076,0.1176995788835048,0.0073815570079861,989.8749188641084,0.2138099909948615,0.0,0.0,0.0,24.702031022714408,24.91584101370927,24.91584101370927,24.91584101370927,,0.9263066076849772,0.0,0.0,0.0,39.004507764637104,0.0,0.0,0.0,0.7943891601759084,0.0,0.0,0.0,0.97,0.96,0.96,0.96,37.83437253169799,0.0,0.0,0.0,37.83437253169799,908.0249407607516,0.1213357386932537,6.046378883458453e-05,0.765
1953-09-26,1953-10-07,336.7179,0.9260439379072553,311.8155700798613,0.7659999999999999,1953,9,26,1953.09,1952,12,361,52,0.0269408652549,0.0,0.0,0.22,2,Mod_Wet,46,7,6,4,75,138.0,0.4425693045560741,173.8155700798613,173.8155700798613,,1,173.8155700798613,0.0,0.0,0.0,0.0,0.0,0.0,0.0,0.0,0.0,46.0,7.0,6.0,4.0,75.0,232.8155700798613,990.0,964.9590778503992,25.04092214960076,0.1176995788835048,0.0073815570079861,989.8749188641084,0.2138099909948615,0.0,0.0,0.0,24.702031022714408,24.91584101370927,24.91584101370927,24.91584101370927,,0.9263066076849772,0.0,0.0,0.0,39.004507764637104,0.0,0.0,0.0,0.7943891601759084,0.0,0.0,0.0,0.97,0.96,0.96,0.96,37.83437253169799,0.0,0.0,0.0,37.83437253169799,908.0249407607516,0.1213357386932537,6.046378883458453e-05,0.765
1953-09-27,1953-10-08,328.6161,0.9312389803097992,306.020121877383,0.775,1953,9,27,1953.09,1952,12,362,52,0.0264401385302058,5.795448202478268,0.0189381278816704,0.22,2,Mod_Wet,46,7,6,4,75,138.0,0.450950738642259,168.02012187738302,168.02012187738302,,1,168.02012187738302,0.0,0.0,0.0,0.0,0.0,0.0,0.0,0.0,0.0,46.0,7.0,6.0,4.0,75.0,227.02012187738305,990.0,964.9301006093868,25.06989939061316,0.1156541196938625,0.0068020121877383,989.8775438681184,0.1997878900681715,0.0,0.0,0.0,24.74765536866331,24.94744325873148,24.94744325873148,24.94744325873148,,0.9242078061303552,0.0,0.0,0.0,37.68805167896226,0.0,0.0,0.0,0.7675774272701071,0.0,0.0,0.0,0.97,0.96,0.96,0.96,36.55741012859339,0.0,0.0,0.0,36.55741012859339,877.3778430862413,0.1194608050749071,6.043821438388343e-05,0.775
1953-09-28,1953-10-09,316.6956,0.9306200236043244,294.72326674738565,0.794,1953,9,28,1953.09,1952,12,363,52,0.0254640902469741,11.296855129997368,0.0383303810882368,0.22,2,Mod_Wet,46,7,6,4,75,138.0,0.4682358523064386,156.72326674738565,156.72326674738565,,1,156.72326674738565,0.0,0.0,0.0,0.0,0.0,0.0,0.0,0.0,0.0,46.0,7.0,6.0,4.0,75.0,215.72326674738565,990.0,964.8788930669896,25.121106933010424,0.1116669809373071,0.0056723266747385,989.882660692388,0.1738256521791961,0.0,0.0,0.0,24.829941973219185,25.003767625398385,25.003767625398385,25.003767625398385,,0.9198503998287452,0.0,0.0,0.0,35.10468505798243,0.0,0.0,0.0,0.7149630358041228,0.0,0.0,0.0,0.97,0.96,0.96,0.96,34.051544506242955,0.0,0.0,0.0,34.051544506242955,817.237068149831,0.1155373475668934,6.035327465507319e-05,0.795
1953-09-29,1953-10-10,312.7836,0.9288272938647332,290.5219447532691,0.797,1953,9,29,1953.09,1952,12,364,52,0.0251010960266824,4.20132199411654,0.014461289654675,0.22,2,Mod_Wet,46,7,6,4,75,138.0,0.4750071465933457,152.5219447532691,152.5219447532691,,1,152.5219447532691,0.0,0.0,0.0,0.0,0.0,0.0,0.0,0.0,0.0,46.0,7.0,6.0,4.0,75.0,211.5219447532691,990.0,964.8620877790132,25.13791222098689,0.1101841564203289,0.0052521944753269,989.8845636491044,0.1646474006670613,0.0,0.0,0.0,24.85782846942411,25.02247587009117,25.02247587009117,25.02247587009117,,0.918196952522553,0.0,0.0,0.0,34.14051496060243,0.0,0.0,0.0,0.6953261702770352,0.0,0.0,0.0,0.97,0.96,0.96,0.96,33.116299511784355,0.0,0.0,0.0,33.116299511784355,794.7911882828246,0.1139889778030673,6.031244947399347e-05,0.795
1953-09-30,1953-10-11,308.9022,0.9297022486736368,287.1870699602335,0.8029999999999999,1953,9,30,1953.09,1952,12,365,53,0.0248129628445641,3.3348747930356235,0.0116122038276214,0.22,2,Mod_Wet,46,7,6,4,75,138.0,0.4805230263991645,149.1870699602335,149.1870699602335,,1,149.1870699602335,0.0,0.0,0.0,0.0,0.0,0.0,0.0,0.0,0.0,46.0,7.0,6.0,4.0,75.0,208.1870699602335,990.0,964.848748279841,25.151251720159053,0.1090071378268741,0.0049187069960233,989.8860741551772,0.1575091055172856,0.0,0.0,0.0,24.87981676981885,25.037325875336137,25.037325875336137,25.037325875336137,,0.9168859337032926,0.0,0.0,0.0,33.37585282598038,0.0,0.0,0.0,0.6797526033804558,0.0,0.0,0.0,0.97,0.96,0.96,0.96,32.37457724120097,0.0,0.0,0.0,32.37457724120097,776.9898537888232,0.1127299263357638,6.027960817886519e-05,0.805
