Date,LaggedDate,VicFalls,Conversion,Flow,Exceedance,Year,Month,Day,MonthId,WaterYear,WaterMonth,WaterDay,WaterWeek,Volume,Flow_difference,Flow_difference_pct,EWRRefExceedance,EWRBandNo,EWRBandLabel,EWRChannelA,EWRChannelC,EWRChannelD,EWRChannelE,EWRChannelFG,EWRTotal,EWRProportion,FlowAvailableForGeneration,FlowCanal,LowFlowShutoff,Turbines,FlowTurbine1,FlowTurbine2,FlowTurbine3,FlowTurbine4,FlowSpill,SpillChannelA,SpillChannelC,SpillChannelD,SpillChannelE,SpillChannelFG,FlowChannelA,FlowChannelC,FlowChannelD,FlowChannelE,FlowChannelFG,FlowLeftChannel,LevelHeadpond,LevelTailwater,HeadGross,HeadlossLeftChannel,HeadlossCanal,LevelForebay,HeadlossTurbine1,HeadlossTurbine2,HeadlossTurbine3,HeadlossTurbine4,HeadTurbine1,HeadTurbine2,HeadTurbine3,HeadTurbine4,LowHeadShutoff,EffTurbine1,EffTurbine2,EffTurbine3,EffTurbine4,PowerTurbine1,PowerTurbine2,PowerTurbine3,PowerTurbine4,LoadFactorTurbine1,LoadFactorTurbine2,LoadFactorTurbine3,LoadFactorTurbine4,EffGen1,EffGen2,EffGen3,EffGen4,PowerGenerator1,PowerGenerator2,PowerGenerator3,PowerGenerator4,Power,Energy,PerfMwPerCumec,PerfMWhPerm3
1924-10-15,1924-10-26,100.0,1.1140747964374855,111.40747964374856,0.999,1924,10,15,1924.1,1924,1,15,3,0.0096256062412198,0.0,0.0,1.0,5,Dry,24,4,2,2,20,52.0,0.4667550165059128,59.40747964374856,59.40747964374856,,1,59.40747964374856,0.0,0.0,0.0,0.0,0.0,0.0,0.0,0.0,0.0,24.0,4.0,2.0,2.0,20.0,89.40747964374856,990.0,964.5,25.5,0.070824342,0.0007996357697186,989.9283760222304,0.0227000975190605,0.01,0.01,0.01,25.405675924711225,25.41837602223028,25.41837602223028,25.41837602223028,,0.0,0.0,0.0,0.0,0.0,0.0,0.0,0.0,0.0,0.0,0.0,0.0,0.96,0.96,0.96,0.96,0.0,0.0,0.0,0.0,0.0,0.0,0.0,0.0
1924-11-15,1924-11-26,132.6503,1.0825707017418942,143.60332835727277,0.996,1924,11,15,1924.11,1924,2,46,7,0.0124073275700683,0.0,0.0,0.99,5,Dry,23,4,2,2,19,50.0,0.3481813449031229,93.60332835727276,93.60332835727276,,1,93.60332835727276,0.0,0.0,0.0,0.0,0.0,0.0,0.0,0.0,0.0,23.0,4.0,2.0,2.0,19.0,122.60332835727276,990.0,964.5,25.5,0.078801787116854,0.0037062829103681,989.9174919299728,0.0688644932823182,0.01,0.01,0.01,25.34862743669049,25.40749192997281,25.40749192997281,25.40749192997281,,0.917362790501886,0.0,0.0,0.0,21.34644506888337,0.0,0.0,0.0,0.459063334814696,0.0,0.0,0.0,0.9659063334814696,0.96,0.96,0.96,20.61866648934873,0.0,0.0,0.0,20.61866648934873,494.8479957443696,0.1435807005674078,6.11880737433993e-05
1924-12-15,1924-12-26,282.5805,0.9441063439037743,266.78604271350054,0.847,1924,12,15,1924.12,1924,3,76,11,0.0230503140904464,4.4864682269540594,0.0168167276718146,0.94,5,Dry,26,4,3,2,24,59.0,0.2211509995047216,207.7860427135005,207.7860427135005,,1,207.7860427135005,0.0,0.0,0.0,0.0,0.0,0.0,0.0,0.0,0.0,26.0,4.0,3.0,2.0,24.0,240.7860427135005,990.0,964.767144170854,25.232855829145933,0.1205126281323094,0.0134118136306475,989.866075558237,0.2230111576632257,0.01,0.01,0.01,24.875920229719664,25.08893138738289,25.08893138738289,25.08893138738289,,0.9561543779247282,0.0,0.0,0.0,48.46879747192733,0.0,0.0,0.0,1.0423397305790822,0.0,0.0,0.0,0.98,0.96,0.96,0.96,47.49942152248877,0.0,0.0,0.0,47.49942152248877,1139.9861165397306,0.1780431278914318,6.34993745679031e-05
1925-01-15,1925-01-26,678.6565,0.8777769920279594,595.7090611902229,0.485,1925,1,15,1925.01,1924,4,107,16,0.0514692628868352,19.91871247672384,0.0334369808592912,0.64,3,Normal,41,6,4,3,66,120.0,0.2014406155921831,475.7090611902229,475.7090611902229,,2,237.85453059511144,237.85453059511144,0.0,0.0,0.0,0.0,0.0,0.0,0.0,0.0,41.0,6.0,4.0,3.0,66.0,526.7090611902229,990.0,966.280690775356,23.719309224644007,0.225844793496853,0.1235346768817852,989.6506205296212,0.2636036163034004,0.2636036163034004,0.01,0.01,23.106326137961887,23.106326137961887,23.359929754265284,23.359929754265284,,0.956436249013362,0.956436249013362,0.0,0.0,51.55099524236039,51.55099524236039,0.0,0.0,1.108623553599148,1.108623553599148,0.0,0.0,0.98,0.98,0.96,0.96,48.2,48.2,0.0,0.0,96.4,2313.6000000000004,0.1618239611923871,5.629024116290711e-05
1925-02-15,1925-02-26,1247.589,0.9151467263536076,1141.726989184771,0.287,1925,2,15,1925.02,1924,5,138,20,0.0986452118655642,0.0,0.0,0.23,2,Mod_Wet,49,8,7,5,93,162.0,0.1418903131261468,979.7269891847708,979.7269891847708,,4,244.93174729619275,244.93174729619275,244.93174729619275,244.93174729619275,0.0,0.0,0.0,0.0,0.0,0.0,49.0,8.0,7.0,5.0,93.0,1043.726989184771,990.0,968.345427680295,21.65457231970504,0.6160109811648539,0.4131878627654291,988.9708011560696,0.2731578588498602,0.2731578588498602,0.2731578588498602,0.2731578588498602,20.352215616924862,20.352215616924862,20.352215616924862,20.352215616924862,,0.955404044182828,0.955404044182828,0.955404044182828,0.955404044182828,46.70706206917235,46.70706206917235,46.70706206917235,46.70706206917235,1.0044529477241366,1.0044529477241366,1.0044529477241366,1.0044529477241366,0.98,0.98,0.98,0.98,45.7729208277889,45.7729208277889,45.7729208277889,45.7729208277889,183.0916833111556,4394.200399467734,0.1603638041716863,5.191119718166075e-05
1925-03-15,1925-03-26,1547.2067,0.947753481275309,1466.3705361774826,0.234,1925,3,15,1925.03,1924,6,166,24,0.1266944143257345,19.68217727320848,0.0134223763964296,0.62,3,Normal,49,9,9,9,107,183.0,0.1247979248662771,1283.3705361774826,1100.0,,4,275.0,275.0,275.0,275.0,183.37053617748256,49.09921460489971,9.000000000000002,9.018223090695864,9.018223090695864,107.23487539119114,98.09921460489971,18.0,18.018223090695862,18.018223090695862,214.23487539119117,1234.1174376955955,990.0,969.3759663476504,20.62403365234968,0.903280606591716,0.648,988.4487193934084,0.28,0.28,0.28,0.28,18.79275304575796,18.79275304575796,18.79275304575796,18.79275304575796,,0.9522409413071976,0.9522409413071976,0.9522409413071976,0.9522409413071976,48.26237057412325,48.26237057412325,48.26237057412325,48.26237057412325,1.0379004424542635,1.0379004424542635,1.0379004424542635,1.0379004424542635,0.98,0.98,0.98,0.98,47.29712316264079,47.29712316264079,47.29712316264079,47.29712316264079,189.18849265056315,4540.523823613516,0.1290182037779738,4.777487188145534e-05
1925-04-15,1925-04-26,2938.9259,1.022231970362161,3004.2640135053875,0.086,1925,4,15,1925.04,1924,7,197,29,0.2595684107668655,0.0,0.0,0.43,3,Normal,54,13,14,19,117,217.0,0.0722306691504131,2787.2640135053875,1100.0,,4,275.0,275.0,275.0,275.0,1687.2640135053875,46.0,5.0,11.0,61.0,1564.2640135053875,100.0,18.0,25.0,80.0,1681.2640135053875,1243.0,990.0,973.5240855498406,16.475914450159394,0.9262894125183112,0.648,988.4257105874816,0.28,0.28,0.28,0.28,14.621625037641111,14.621625037641111,14.621625037641111,14.621625037641111,,0.9387297502258466,0.9387297502258466,0.9387297502258466,0.9387297502258466,37.01754538895886,37.01754538895886,37.01754538895886,37.01754538895886,0.7960762449238464,0.7960762449238464,0.7960762449238464,0.7960762449238464,0.97,0.97,0.97,0.97,35.90701902729009,35.90701902729009,35.90701902729009,35.90701902729009,143.62807610916036,3447.0738266198487,0.0478080739453968,3.626971618918191e-05
1925-05-15,1925-05-26,2193.1616,1.0110393405717577,2217.372657831301,0.154,1925,5,15,1925.05,1924,8,227,33,0.1915809976366244,43.73542978965543,0.0197239871409034,0.43,3,Normal,55,13,13,17,178,276.0,0.1244716349438265,1941.3726578313008,1100.0,,4,275.0,275.0,275.0,275.0,841.3726578313008,45.0,5.0,12.0,51.82367819975404,727.5489796315467,100.0,18.0,25.0,68.82367819975403,905.5489796315468,1243.0,990.0,971.6246926223514,18.3753073776486,0.9262894125183112,0.648,988.4257105874816,0.28,0.28,0.28,0.28,16.521017965130312,16.521017965130312,16.521017965130312,16.521017965130312,,0.9465630538953907,0.9465630538953907,0.9465630538953907,0.9465630538953907,42.175257799049085,42.175257799049085,42.175257799049085,42.175257799049085,0.9069947913773996,0.9069947913773996,0.9069947913773996,0.9069947913773996,0.98,0.98,0.98,0.98,41.3317526430681,41.3317526430681,41.3317526430681,41.3317526430681,165.3270105722724,3967.8482537345376,0.0745598670518334,4.174924509400818e-05
1925-06-15,1925-06-26,1247.589,0.9151467263536076,1141.726989184771,0.287,1925,6,15,1925.06,1924,9,258,37,0.0986452118655642,30.493090500772272,0.0267078651811019,0.54,3,Normal,53,12,12,13,120,210.0,0.1839318873857459,931.7269891847708,931.7269891847708,,4,232.93174729619275,232.93174729619275,232.93174729619275,232.93174729619275,0.0,0.0,0.0,0.0,0.0,0.0,53.0,12.0,12.0,13.0,120.0,1008.7269891847708,990.0,968.345427680295,21.65457231970504,0.5782931516204515,0.3899558627654291,989.0317509856142,0.2569578588498601,0.2569578588498601,0.2569578588498601,0.2569578588498601,20.429365446469347,20.429365446469347,20.429365446469347,20.429365446469347,,0.955025226019498,0.955025226019498,0.955025226019498,0.955025226019498,44.56943251652435,44.56943251652435,44.56943251652435,44.56943251652435,0.9584824197102012,0.9584824197102012,0.9584824197102012,0.9584824197102012,0.98,0.98,0.98,0.98,43.67804386619386,43.67804386619386,43.67804386619386,43.67804386619386,174.71217546477544,4193.092211154611,0.1530244770595512,5.2087317867425535e-05
1925-07-15,1925-07-26,564.6867,0.8760275090430032,494.6810831907137,0.5529999999999999,1925,7,15,1925.07,1924,10,288,42,0.0427404455876776,22.0919195331997,0.0446589131541192,0.49,3,Normal,50,10,9,9,108,186.0,0.3759998235636831,308.6810831907137,308.6810831907137,,2,154.34054159535685,154.34054159535685,0.0,0.0,0.0,0.0,0.0,0.0,0.0,0.0,50.0,10.0,9.0,9.0,108.0,377.6810831907137,990.0,965.8260648743582,24.173935125641837,0.1688271353354246,0.0446974712660168,989.7864753933986,0.1508597311537317,0.1508597311537317,0.01,0.01,23.80955078788673,23.80955078788673,23.950410519040464,23.950410519040464,,0.9422897831246252,0.9422897831246252,0.0,0.0,33.95896171421251,33.95896171421251,0.0,0.0,0.7303002519185486,0.7303002519185486,0.0,0.0,0.97,0.97,0.96,0.96,32.940192862786134,32.940192862786134,0.0,0.0,65.88038572557227,1581.1292574137344,0.1331774914468954,5.928483519894177e-05
1925-08-15,1925-08-26,293.6805,0.9321845933144058,273.7644374568714,0.8280000000000001,1925,8,15,1925.08,1924,11,319,46,0.0236532473962736,7.557836542355176,0.0276070793290886,0.87,4,Mod_Dry,39,7,5,4,60,115.0,0.4200691699341591,158.7644374568714,158.7644374568714,,1,158.7644374568714,0.0,0.0,0.0,0.0,0.0,0.0,0.0,0.0,0.0,39.0,7.0,5.0,4.0,60.0,209.7644374568714,990.0,964.7950577498276,25.204942250172508,0.109563857640203,0.009244977183834,989.881191165176,0.1568319905667764,0.01,0.01,0.01,24.929301424781737,25.07613341534851,25.07613341534851,25.07613341534851,,0.941956288416392,0.0,0.0,0.0,36.56223931317282,0.0,0.0,0.0,0.7862847164123187,0.0,0.0,0.0,0.97,0.96,0.96,0.96,35.465372133777635,0.0,0.0,0.0,35.465372133777635,851.1689312106632,0.1295470385534089,6.205100094949694e-05
1925-09-15,1925-09-26,206.1864,0.9756711054590376,201.1701128186193,0.952,1925,9,15,1925.09,1924,12,350,50,0.0173810977475287,0.0,0.0,0.95,5,Dry,30,6,4,2,30,72.0,0.3579060477284578,129.1701128186193,129.1701128186193,,1,129.1701128186193,0.0,0.0,0.0,0.0,0.0,0.0,0.0,0.0,0.0,30.0,6.0,4.0,2.0,30.0,169.1701128186193,990.0,964.4070206769117,25.592979323088343,0.095236710391737,0.0067294595895826,989.8980338300188,0.116879652305136,0.01,0.01,0.01,25.37413350080188,25.481013153107018,25.481013153107018,25.481013153107018,,0.9300927441071968,0.0,0.0,0.0,29.89635316727397,0.0,0.0,0.0,0.6429323261779348,0.0,0.0,0.0,0.97,0.96,0.96,0.96,28.99946257225575,0.0,0.0,0.0,28.99946257225575,695.987101734138,0.1441539310484082,6.236277180761192e-05
1925-10-15,1925-10-26,156.5885,1.0617930438264065,166.26458004321125,0.99,1925,10,15,1925.1,1925,1,15,3,0.0143652597157334,2.928760336624152,0.0176150586965845,0.95,5,Dry,24,4,2,2,20,52.0,0.3127545264691102,114.26458004321124,114.26458004321124,,1,114.26458004321124,0.0,0.0,0.0,0.0,0.0,0.0,0.0,0.0,0.0,24.0,4.0,2.0,2.0,20.0,144.26458004321125,990.0,964.4674708399136,25.532529160086483,0.0864467429284762,0.0054624893036729,989.9080907677678,0.0967571830583352,0.01,0.01,0.01,25.343862744795963,25.4306199278543,25.4306199278543,25.4306199278543,,0.920938849397288,0.0,0.0,0.0,26.154952104341834,0.0,0.0,0.0,0.5624720882654158,0.0,0.0,0.0,0.97,0.96,0.96,0.96,25.37030354121158,0.0,0.0,0.0,25.37030354121158,608.8872849890779,0.1525899475078695,6.167533750669167e-05
1925-11-15,1925-11-26,180.3141,1.0466171465371623,188.71982882241664,0.978,1925,11,15,1925.11,1925,2,46,7,0.0163053932102567,2.941123250503466,0.0155846010928243,0.94,5,Dry,23,4,2,2,19,50.0,0.2649430126764764,138.71982882241664,138.71982882241664,,1,138.71982882241664,0.0,0.0,0.0,0.0,0.0,0.0,0.0,0.0,0.0,23.0,4.0,2.0,2.0,19.0,167.71982882241664,990.0,964.4225603423552,25.577439657644845,0.0947248582962983,0.0075411854499054,989.8977339562538,0.1297717689102624,0.01,0.01,0.01,25.34540184498836,25.465173613898617,25.465173613898617,25.465173613898617,,0.9339459903553932,0.0,0.0,0.0,32.203137536988145,0.0,0.0,0.0,0.6925405921932934,0.0,0.0,0.0,0.97,0.96,0.96,0.96,31.2370434108785,0.0,0.0,0.0,31.2370434108785,749.689041861084,0.1655207277676805,6.255022498715512e-05
1925-12-15,1925-12-26,353.2963,0.921778111561846,325.6607962357874,0.746,1925,12,15,1925.12,1925,3,76,11,0.028137092794772,5.445753988138222,0.0167221662880027,0.81,4,Mod_Dry,31,5,3,2,36,77.0,0.2364423378251826,248.66079623578744,248.66079623578744,,1,248.66079623578744,0.0,0.0,0.0,0.0,0.0,0.0,0.0,0.0,0.0,31.0,5.0,3.0,2.0,36.0,287.6607962357874,990.0,965.028303981179,24.971696018821035,0.1370561830251819,0.0168861676800419,989.8460576492948,0.278192074918313,0.01,0.01,0.01,24.53956159319756,24.80775366811587,24.80775366811587,24.80775366811587,,0.9562474262176048,0.0,0.0,0.0,57.22464383996208,0.0,0.0,0.0,1.2306375019346685,0.0,0.0,0.0,0.98,0.96,0.96,0.96,48.2,0.0,0.0,0.0,48.2,1156.8000000000002,0.1480067621191403,5.384398784033956e-05
1926-01-15,1926-01-26,547.8849,0.8752989863551575,479.5630976092969,0.5630000000000001,1926,1,15,1926.01,1925,4,107,16,0.0414342516334432,2.2146106926243188,0.0046179756191928,0.8300000000000001,4,Mod_Dry,34,5,4,3,45,91.0,0.1897560518181035,388.5630976092969,388.5630976092969,,2,194.28154880464845,194.28154880464845,0.0,0.0,0.0,0.0,0.0,0.0,0.0,0.0,34.0,5.0,4.0,3.0,45.0,431.5630976092969,990.0,965.7580339392418,24.24196606075816,0.1878437700116701,0.0824017820715881,989.7297544479168,0.2047800908862754,0.2047800908862754,0.01,0.01,23.76694041778866,23.76694041778866,23.961720508674933,23.961720508674933,,0.9535348552322248,0.9535348552322248,0.0,0.0,43.179748320319725,43.179748320319725,0.0,0.0,0.928596738071392,0.928596738071392,0.0,0.0,0.98,0.98,0.96,0.96,42.31615335391333,42.31615335391333,0.0,0.0,84.63230670782666,2031.17536098784,0.1764779382102856,6.05023334180485e-05
1926-02-15,1926-02-26,799.0771,0.8911326595966059,712.0837013457431,0.433,1926,2,15,1926.02,1925,5,138,20,0.0615240317962722,8.250020921077635,0.0115857460372793,0.85,4,Mod_Dry,36,6,5,4,54,105.0,0.147454575637055,607.0837013457431,607.0837013457431,,3,202.3612337819144,202.3612337819144,202.3612337819144,0.0,0.0,0.0,0.0,0.0,0.0,0.0,36.0,6.0,5.0,4.0,54.0,654.0837013457431,990.0,966.7483348053828,23.25166519461709,0.2982305471540895,0.2065319124989563,989.495237540347,0.2156876656055844,0.2156876656055844,0.2156876656055844,0.01,22.531215069358534,22.531215069358534,22.531215069358534,22.73690273496412,,0.9546689867790464,0.9546689867790464,0.9546689867790464,0.0,42.68776780098193,42.68776780098193,42.68776780098193,0.0,0.9180165118490736,0.9180165118490736,0.9180165118490736,0.0,0.98,0.98,0.98,0.96,41.83401244496229,41.83401244496229,41.83401244496229,0.0,125.50203733488686,3012.048896037285,0.1762461872076341,5.74248278453029e-05
1926-03-15,1926-03-26,1974.4395,1.004560374130299,1983.4436828176408,0.178,1926,3,15,1926.03,1925,6,166,24,0.1713695341954441,81.31160990711305,0.0409951694678839,0.5700000000000001,3,Normal,49,9,9,9,107,183.0,0.0922637741546731,1800.4436828176408,1100.0,,4,275.0,275.0,275.0,275.0,700.4436828176408,51.0,9.0,16.0,34.448049974638074,589.9956328430026,100.0,18.0,25.0,43.44804997463808,696.9956328430026,1243.0,990.0,971.0465103598724,18.9534896401276,0.9262894125183112,0.648,988.4257105874816,0.28,0.28,0.28,0.28,17.099200227609316,17.099200227609316,17.099200227609316,17.099200227609316,,0.9483224007397304,0.9483224007397304,0.9483224007397304,0.9483224007397304,43.73238879694569,43.73238879694569,43.73238879694569,43.73238879694569,0.9404814795042084,0.9404814795042084,0.9404814795042084,0.9404814795042084,0.98,0.98,0.98,0.98,42.85774102100677,42.85774102100677,42.85774102100677,42.85774102100677,171.4309640840271,4114.34313801665,0.0864309713298719,4.329064749596644e-05
1926-04-15,1926-04-26,3941.514,1.0074330404372898,3970.811432946144,0.038,1926,4,15,1926.04,1925,7,197,29,0.3430781078065468,56.21064434863638,0.0141559591277118,0.19,2,Mod_Wet,70,14,18,25,168,295.0,0.0742921201325152,3675.811432946144,1100.0,,4,275.0,275.0,275.0,275.0,2575.811432946144,30.0,4.000000000000014,7.0,55.0,2479.811432946144,100.0,18.0,25.0,80.0,2647.811432946144,1243.0,990.0,975.6181480364812,14.381851963518898,0.9262894125183112,0.648,988.4257105874816,0.28,0.28,0.28,0.28,12.527562551000615,12.527562551000615,12.527562551000615,12.527562551000615,,0.9247480629590056,0.9247480629590056,0.9247480629590056,0.9247480629590056,31.243624058922517,31.243624058922517,31.243624058922517,31.243624058922517,0.6719058937402691,0.6719058937402691,0.6719058937402691,0.6719058937402691,0.97,0.97,0.97,0.97,30.30631533715484,30.30631533715484,30.30631533715484,30.30631533715484,121.22526134861936,2909.4062723668644,0.0305290904379904,3.0612439734499835e-05
1926-05-15,1926-05-26,2483.648,1.0134558978398422,2517.067713758129,0.123,1926,5,15,1926.05,1925,8,227,33,0.2174746504687023,25.90669912143357,0.0102924124686154,0.29,2,Mod_Wet,65,14,17,23,202,321.0,0.1275293462489844,2196.067713758129,1100.0,,4,275.0,275.0,275.0,275.0,1096.0677137581288,35.00000000000003,4.0,8.0,57.0,992.0677137581288,100.0,18.0,25.0,80.0,1194.0677137581288,1243.0,990.0,972.3480944814852,17.65190551851481,0.9262894125183112,0.648,988.4257105874816,0.28,0.28,0.28,0.28,15.797616105996529,15.797616105996529,15.797616105996529,15.797616105996529,,0.944190464423986,0.944190464423986,0.944190464423986,0.944190464423986,40.22745515266327,40.22745515266327,40.22745515266327,40.22745515266327,0.865106562422866,0.865106562422866,0.865106562422866,0.865106562422866,0.9765106562422866,0.9765106562422866,0.9765106562422866,0.9765106562422866,39.28253863008436,39.28253863008436,39.28253863008436,39.28253863008436,157.13015452033744,3771.1237084880986,0.0624258750217462,3.967933194958016e-05
1926-06-15,1926-06-26,1275.7375,0.914516856089578,1166.683447695578,0.283,1926,6,15,1926.06,1925,9,258,37,0.1008014498808979,19.97864892864981,0.0171243099129515,0.52,3,Normal,53,12,12,13,120,210.0,0.179997410964208,956.683447695578,956.683447695578,,4,239.1708619238945,239.1708619238945,239.1708619238945,239.1708619238945,0.0,0.0,0.0,0.0,0.0,0.0,53.0,12.0,12.0,13.0,120.0,1033.683447695578,990.0,968.423862264186,21.57613773581386,0.601292595421951,0.4020347886846597,988.9966726158934,0.2653806635972576,0.2653806635972576,0.2653806635972576,0.2653806635972576,20.30742968811003,20.30742968811003,20.30742968811003,20.30742968811003,,0.9550918454230396,0.9550918454230396,0.9550918454230396,0.9550918454230396,45.49326045927074,45.49326045927074,45.49326045927074,45.49326045927074,0.978349687296145,0.978349687296145,0.978349687296145,0.978349687296145,0.98,0.98,0.98,0.98,44.58339525008533,44.58339525008533,44.58339525008533,44.58339525008533,178.3335810003413,4280.005944008191,0.1528551565144633,5.178003858303517e-05
1926-07-15,1926-07-26,611.0679,0.8869861279741288,542.0087505502821,0.523,1926,7,15,1926.07,1925,10,288,42,0.0468295560475443,8.989572908314813,0.0165856601008526,0.47,3,Normal,50,10,9,9,108,186.0,0.3431678913138595,356.0087505502821,356.0087505502821,,2,178.00437527514106,178.00437527514106,0.0,0.0,0.0,0.0,0.0,0.0,0.0,0.0,50.0,10.0,9.0,9.0,108.0,425.0087505502821,990.0,966.0390393774762,23.96096062252377,0.185530537573953,0.0670361302597331,989.7474333321665,0.1828059066214404,0.1828059066214404,0.01,0.01,23.52558804806867,23.52558804806867,23.698393954690108,23.698393954690108,,0.9493299635280362,0.9493299635280362,0.0,0.0,38.98764951537365,38.98764951537365,0.0,0.0,0.8384440755994332,0.8384440755994332,0.0,0.0,0.9738444075599432,0.9738444075599432,0.96,0.96,37.96790444445376,37.96790444445376,0.0,0.0,75.93580888890752,1822.4594133337805,0.1401007065140786,5.924933085019655e-05
1926-08-15,1926-08-26,366.0613,0.9164389073302937,335.4728177879068,0.731,1926,8,15,1926.08,1925,11,319,46,0.0289848514568751,2.848223915092888,0.0084901779341585,0.61,3,Normal,47,8,6,5,89,155.0,0.4620344534083663,180.4728177879068,180.4728177879068,,1,180.4728177879068,0.0,0.0,0.0,0.0,0.0,0.0,0.0,0.0,0.0,47.0,8.0,6.0,5.0,89.0,241.4728177879068,990.0,965.0773640889396,24.922635911060524,0.1207550123645187,0.011090189511972,989.8681547981236,0.1861383040136742,0.01,0.01,0.01,24.604652405170405,24.78079070918408,24.78079070918408,24.78079070918408,,0.9490444960007814,0.0,0.0,0.0,41.32894388815513,0.0,0.0,0.0,0.8887944922183899,0.0,0.0,0.0,0.978879449221839,0.96,0.96,0.96,40.45605383015759,0.0,0.0,0.0,40.45605383015759,970.945291923782,0.120594133667589,6.226861678308852e-05
1926-09-15,1926-09-26,244.1538,0.9479000783611428,231.4334061521708,0.906,1926,9,15,1926.09,1925,12,350,50,0.0199958462915475,3.33447387383626,0.0144079194498126,0.78,4,Mod_Dry,34,6,4,3,44,91.0,0.3932016622534008,140.4334061521708,140.4334061521708,,1,140.4334061521708,0.0,0.0,0.0,0.0,0.0,0.0,0.0,0.0,0.0,34.0,6.0,4.0,3.0,44.0,184.4334061521708,990.0,964.588600436913,25.411399563087,0.1006236199187879,0.0076868395229345,989.8916895405582,0.1320850983054305,0.01,0.01,0.01,25.17100400533979,25.29308910364522,25.29308910364522,25.29308910364522,,0.934931279878251,0.0,0.0,0.0,32.41077067839633,0.0,0.0,0.0,0.6970058210407813,0.0,0.0,0.0,0.97,0.96,0.96,0.96,31.43844755804444,0.0,0.0,0.0,31.43844755804444,754.5227413930666,0.1358423059174664,6.21853612949756e-05
1926-10-15,1926-10-26,206.1864,0.9756711054590376,201.1701128186193,0.952,1926,10,15,1926.1,1926,1,15,3,0.0173810977475287,0.0,0.0,0.78,4,Mod_Dry,31,4,3,2,33,73.0,0.3628769650580197,128.1701128186193,128.1701128186193,,1,128.1701128186193,0.0,0.0,0.0,0.0,0.0,0.0,0.0,0.0,0.0,31.0,4.0,3.0,2.0,33.0,166.1701128186193,990.0,964.4070206769117,25.592979323088343,0.094177913431737,0.0066444595895826,989.8991776269788,0.115529652305136,0.01,0.01,0.01,25.37662729776192,25.48215695006705,25.48215695006705,25.48215695006705,,0.9296910032988696,0.0,0.0,0.0,29.655004595607043,0.0,0.0,0.0,0.6377420343141299,0.0,0.0,0.0,0.97,0.96,0.96,0.96,28.76535445773883,0.0,0.0,0.0,28.76535445773883,690.368506985732,0.142990198964965,6.234196149587866e-05
1926-11-15,1926-11-26,209.197,0.9663848551669614,202.1648125463628,0.946,1926,11,15,1926.11,1926,2,46,7,0.0174670398040057,0.0,0.0,0.75,4,Mod_Dry,29,4,2,2,30,67.0,0.3314127674153719,135.1648125463628,135.1648125463628,,1,135.1648125463628,0.0,0.0,0.0,0.0,0.0,0.0,0.0,0.0,0.0,29.0,4.0,2.0,2.0,30.0,170.1648125463628,990.0,964.4129888752782,25.58701112472181,0.0955877720743529,0.0072390090664408,989.8971732188592,0.1249724969375898,0.01,0.01,0.01,25.359211846643387,25.474184343580976,25.474184343580976,25.474184343580976,,0.9325045717861832,0.0,0.0,0.0,31.34650077469537,0.0,0.0,0.0,0.674118296230008,0.0,0.0,0.0,0.97,0.96,0.96,0.96,30.40610575145451,0.0,0.0,0.0,30.40610575145451,729.7465380349083,0.1504025619912536,6.24877164951347e-05
1926-12-15,1926-12-26,453.6742,0.9119592484433596,413.7323824701425,0.64,1926,12,15,1926.12,1926,3,76,11,0.0357464778454203,5.727836216568846,0.013844302402368,0.54,3,Normal,38,5,4,3,54,104.0,0.2513702199936097,309.7323824701425,309.7323824701425,,2,154.86619123507126,154.86619123507126,0.0,0.0,0.0,0.0,0.0,0.0,0.0,0.0,38.0,5.0,4.0,3.0,54.0,356.7323824701425,990.0,965.4617957211155,24.538204278884336,0.1614336888794267,0.0451936845259072,989.7933726265946,0.1515693581673462,0.1515693581673462,0.01,0.01,24.18000754731164,24.18000754731164,24.32157690547898,24.32157690547898,,0.9420760184021092,0.9420760184021092,0.0,0.0,34.59694072853227,34.59694072853227,0.0,0.0,0.744020230721124,0.744020230721124,0.0,0.0,0.97,0.97,0.96,0.96,33.559032506676296,33.559032506676296,0.0,0.0,67.11806501335259,1610.8335603204623,0.1622257958456907,6.019359938882311e-05
1927-01-15,1927-01-26,653.5614,0.8750395785925671,571.8920920403683,0.4970000000000001,1927,1,15,1927.01,1926,4,107,16,0.0494114767522878,0.0,0.0,0.49,3,Normal,41,6,4,3,66,120.0,0.2098297942394516,451.8920920403683,451.8920920403683,,2,225.94604602018416,225.94604602018416,0.0,0.0,0.0,0.0,0.0,0.0,0.0,0.0,41.0,6.0,4.0,3.0,66.0,502.8920920403683,990.0,966.1735144141816,23.826485585818432,0.2130179852587491,0.1122930674430538,989.6746889472984,0.2475271621272486,0.2475271621272486,0.01,0.01,23.253647370989437,23.253647370989437,23.49117453311668,23.49117453311668,,0.958069926638516,0.958069926638516,0.0,0.0,49.36643157669664,49.36643157669664,0.0,0.0,1.0616436898214332,1.0616436898214332,0.0,0.0,0.98,0.98,0.96,0.96,48.2,48.2,0.0,0.0,96.4,2313.6000000000004,0.1685632680390261,5.9257017879803214e-05
1927-02-15,1927-02-26,1313.8865,0.9097424573913048,1195.2983332432605,0.275,1927,2,15,1927.02,1926,5,138,20,0.1032737759922177,12.54971124980966,0.0104992292725431,0.29,2,Mod_Wet,49,8,7,5,93,162.0,0.1355310180684663,1033.2983332432605,1033.2983332432605,,4,258.3245833108151,258.3245833108151,258.3245833108151,258.3245833108151,0.0,0.0,0.0,0.0,0.0,0.0,49.0,8.0,7.0,5.0,93.0,1097.2983332432605,990.0,968.5137947616216,21.48620523837837,0.6945175226539344,0.497921249797336,988.8075612275488,0.28,0.28,0.28,0.28,20.013766465927205,20.013766465927205,20.013766465927205,20.013766465927205,,0.9550920037034056,0.9550920037034056,0.9550920037034056,0.9550920037034056,48.425986196257576,48.425986196257576,48.425986196257576,48.425986196257576,1.041419057984034,1.041419057984034,1.041419057984034,1.041419057984034,0.98,0.98,0.98,0.98,47.45746647233242,47.45746647233242,47.45746647233242,47.45746647233242,189.82986588932968,4555.916781343913,0.1588137961961807,5.103126232390592e-05
1927-03-15,1927-03-26,1678.6114,0.9718781251926132,1631.4057003589478,0.215,1927,3,15,1927.03,1926,6,166,24,0.1409534525110131,14.05365825881654,0.0086144471946643,0.56,3,Normal,49,9,9,9,107,183.0,0.1121732012826335,1448.4057003589478,1100.0,,4,275.0,275.0,275.0,275.0,348.4057003589478,51.000000000000014,9.0,16.0,17.13470657503022,255.27099378391756,100.0,18.0,25.0,26.13470657503022,362.2709937839176,1243.0,990.0,969.9091568780829,20.09084312191726,0.9262894125183112,0.648,988.4257105874816,0.28,0.28,0.28,0.28,18.236553709398976,18.236553709398976,18.236553709398976,18.236553709398976,,0.9515456921367488,0.9515456921367488,0.9515456921367488,0.9515456921367488,46.79977992432236,46.79977992432236,46.79977992432236,46.79977992432236,1.006446880092954,1.006446880092954,1.006446880092954,1.006446880092954,0.98,0.98,0.98,0.98,45.86378432583591,45.86378432583591,45.86378432583591,45.86378432583591,183.45513730334363,4402.923295280247,0.1124521860276565,4.632705487458172e-05
1927-04-15,1927-04-26,2891.2138,1.0178660401524815,2942.868341840209,0.091,1927,4,15,1927.04,1926,7,197,29,0.254263824734994,61.395671665178725,0.0208625274845925,0.42,3,Normal,54,13,14,19,117,217.0,0.0737375834707941,2725.868341840209,1100.0,,4,275.0,275.0,275.0,275.0,1625.8683418402088,46.0,5.0,11.0,61.0,1502.8683418402088,100.0,18.0,25.0,80.0,1619.8683418402088,1243.0,990.0,973.3758891009936,16.624110899006382,0.9262894125183112,0.648,988.4257105874816,0.28,0.28,0.28,0.28,14.7698214864881,14.7698214864881,14.7698214864881,14.7698214864881,,0.9396189289189286,0.9396189289189286,0.9396189289189286,0.9396189289189286,37.42815305862136,37.42815305862136,37.42815305862136,37.42815305862136,0.8049065173897068,0.8049065173897068,0.8049065173897068,0.8049065173897068,0.9704906517389706,0.9704906517389706,0.9704906517389706,0.9704906517389706,36.32367265524739,36.32367265524739,36.32367265524739,36.32367265524739,145.29469062098957,3487.0725749037497,0.0493717943664904,3.669057843964383e-05
1927-05-15,1927-05-26,2370.2993,1.0061312558588449,2384.832211470341,0.134,1927,5,15,1927.05,1926,8,227,33,0.2060495030710374,10.906986804061034,0.0045734818372553,0.54,3,Normal,55,13,13,17,178,276.0,0.1157314123285157,2108.832211470341,1100.0,,4,275.0,275.0,275.0,275.0,1008.832211470341,45.0,5.0,12.0,62.13821592389782,884.693995546443,100.0,18.0,25.0,79.13821592389782,1062.6939955464431,1243.0,990.0,972.028905338032,17.971094661968095,0.9262894125183112,0.648,988.4257105874816,0.28,0.28,0.28,0.28,16.11680524944981,16.11680524944981,16.11680524944981,16.11680524944981,,0.9453504157483494,0.9453504157483494,0.9453504157483494,0.9453504157483494,41.09066510335429,41.09066510335429,41.09066510335429,41.09066510335429,0.8836702172764364,0.8836702172764364,0.8836702172764364,0.8836702172764364,0.9783670217276436,0.9783670217276436,0.9783670217276436,0.9783670217276436,40.20175163797675,40.20175163797675,40.20175163797675,40.20175163797675,160.807006551907,3859.368157245768,0.0674290651470038,4.0607829937350255e-05
1927-06-15,1927-06-26,1323.5347,0.9063317221724048,1199.561484005937,0.273,1927,6,15,1927.06,1926,9,258,37,0.1036421122181129,17.000507839730517,0.0141722688385736,0.42,3,Normal,53,12,12,13,120,210.0,0.1750639736270164,989.561484005937,989.561484005937,,4,247.39037100148423,247.39037100148423,247.39037100148423,247.39037100148423,0.0,0.0,0.0,0.0,0.0,0.0,53.0,12.0,12.0,13.0,120.0,1066.561484005937,990.0,968.5271932354472,21.47280676455273,0.649473968636343,0.4179477582588735,988.9325782731048,0.2764770008520038,0.2764770008520038,0.2764770008520038,0.2764770008520038,20.128908036805534,20.128908036805534,20.128908036805534,20.128908036805534,,0.9551793523431594,0.9551793523431594,0.9551793523431594,0.9551793523431594,46.64731307035898,46.64731307035898,46.64731307035898,46.64731307035898,1.0031680230184727,1.0031680230184727,1.0031680230184727,1.0031680230184727,0.98,0.98,0.98,0.98,45.7143668089518,45.7143668089518,45.7143668089518,45.7143668089518,182.8574672358072,4388.579213659373,0.1524369277222493,5.132954517713483e-05
1927-07-15,1927-07-26,564.6867,0.8760275090430032,494.6810831907137,0.5529999999999999,1927,7,15,1927.07,1926,10,288,42,0.0427404455876776,17.43673680299952,0.0352484406529795,0.56,3,Normal,50,10,9,9,108,186.0,0.3759998235636831,308.6810831907137,308.6810831907137,,2,154.34054159535685,154.34054159535685,0.0,0.0,0.0,0.0,0.0,0.0,0.0,0.0,50.0,10.0,9.0,9.0,108.0,377.6810831907137,990.0,965.8260648743582,24.173935125641837,0.1688271353354246,0.0446974712660168,989.7864753933986,0.1508597311537317,0.1508597311537317,0.01,0.01,23.80955078788673,23.80955078788673,23.950410519040464,23.950410519040464,,0.9422897831246252,0.9422897831246252,0.0,0.0,33.95896171421251,33.95896171421251,0.0,0.0,0.7303002519185486,0.7303002519185486,0.0,0.0,0.97,0.97,0.96,0.96,32.940192862786134,32.940192862786134,0.0,0.0,65.88038572557227,1581.1292574137344,0.1331774914468954,5.928483519894177e-05
1927-08-15,1927-08-26,332.6514,0.9289857410847936,309.0284073518941,0.77,1927,8,15,1927.08,1926,11,319,46,0.0267000543952036,0.0,0.0,0.74,4,Mod_Dry,39,7,5,4,60,115.0,0.3721340733217714,194.0284073518941,194.0284073518941,,1,194.0284073518941,0.0,0.0,0.0,0.0,0.0,0.0,0.0,0.0,0.0,39.0,7.0,5.0,4.0,60.0,245.0284073518941,990.0,964.9451420367594,25.05485796324058,0.1220098902403112,0.0122424146249109,989.8657476951348,0.204438349925057,0.01,0.01,0.01,24.716167308450338,24.910605658375392,24.910605658375392,24.910605658375392,,0.9529759623063812,0.0,0.0,0.0,44.81950863157338,0.0,0.0,0.0,0.9638604006789974,0.0,0.0,0.0,0.98,0.96,0.96,0.96,43.92311845894191,0.0,0.0,0.0,43.92311845894191,1054.1548430146058,0.1421329476967021,6.288185531754235e-05
1927-09-15,1927-09-26,221.5156,0.969471677754902,214.75310038088367,0.933,1927,9,15,1927.09,1926,12,350,50,0.0185546678729083,0.0,0.0,0.8300000000000001,4,Mod_Dry,34,6,4,3,44,91.0,0.423742427180811,123.75310038088368,123.75310038088368,,1,123.75310038088368,0.0,0.0,0.0,0.0,0.0,0.0,0.0,0.0,0.0,34.0,6.0,4.0,3.0,44.0,167.75310038088367,990.0,964.4885186022854,25.511481397714647,0.0947366009046181,0.0062690135323751,989.898994385563,0.1095666855141929,0.01,0.01,0.01,25.30090909776347,25.40047578327766,25.40047578327766,25.40047578327766,,0.927660821100829,0.0,0.0,0.0,28.485256128835022,0.0,0.0,0.0,0.61258615330828,0.0,0.0,0.0,0.97,0.96,0.96,0.96,27.630698444969973,0.0,0.0,0.0,27.630698444969973,663.1367626792794,0.1286626288326663,6.202021596929024e-05
1927-10-15,1927-10-26,191.5433,1.0070581277156851,192.89523707448373,0.971,1927,10,15,1927.1,1927,1,15,3,0.0166661484832353,0.0,0.0,0.89,4,Mod_Dry,31,4,3,2,33,73.0,0.3784437661973587,119.89523707448372,119.89523707448372,,1,119.89523707448372,0.0,0.0,0.0,0.0,0.0,0.0,0.0,0.0,0.0,31.0,4.0,3.0,2.0,33.0,157.89523707448373,990.0,964.414209525851,25.585790474149007,0.0912574423376475,0.0059410951513311,989.902801462511,0.104358570050553,0.01,0.01,0.01,25.384233366609436,25.478591936659985,25.478591936659985,25.478591936659985,,0.9247762061766835,0.0,0.0,0.0,27.602049421333827,0.0,0.0,0.0,0.5935924606738457,0.0,0.0,0.0,0.97,0.96,0.96,0.96,26.77398793869381,0.0,0.0,0.0,26.77398793869381,642.5757105286515,0.1388006689266019,6.203097848865417e-05
1927-11-15,1927-11-26,264.675,0.9437959007304476,249.7991800258312,0.875,1927,11,15,1927.11,1927,2,46,7,0.0215826491542318,0.0,0.0,0.47,3,Normal,36,5,3,2,47,93.0,0.3722990603507308,156.7991800258312,156.7991800258312,,1,156.7991800258312,0.0,0.0,0.0,0.0,0.0,0.0,0.0,0.0,0.0,36.0,5.0,3.0,2.0,47.0,200.7991800258312,990.0,964.698795080155,25.301204919844963,0.1063996384876639,0.0090779303021956,989.88452243121,0.1541788930348721,0.01,0.01,0.01,25.03154845802024,25.175727351055105,25.175727351055105,25.175727351055105,,0.9411742964705634,0.0,0.0,0.0,36.22765813043682,0.0,0.0,0.0,0.7790894221599317,0.0,0.0,0.0,0.97,0.96,0.96,0.96,35.140828386523715,0.0,0.0,0.0,35.140828386523715,843.3798812765692,0.1406763160026781,6.225377720005118e-05
1927-12-15,1927-12-26,383.5279,0.9045977994923856,346.9384943839358,0.7120000000000001,1927,12,15,1927.12,1927,3,76,11,0.029975485914772,15.326927136299505,0.044177649307886,0.84,4,Mod_Dry,31,5,3,2,36,77.0,0.2219413563108069,269.9384943839358,269.9384943839358,,1,269.9384943839358,0.0,0.0,0.0,0.0,0.0,0.0,0.0,0.0,0.0,31.0,5.0,3.0,2.0,36.0,308.9384943839358,990.0,965.1346924719196,24.865307528080397,0.144565742881118,0.0264109693492176,989.8290232877696,0.28,0.01,0.01,0.01,24.414330815850093,24.68433081585009,24.68433081585009,24.68433081585009,,0.9461043826595694,0.0,0.0,0.0,61.14872414249229,0.0,0.0,0.0,1.3150263256449954,0.0,0.0,0.0,0.98,0.96,0.96,0.96,48.2,0.0,0.0,0.0,48.2,1156.8000000000002,0.1389295243400116,4.959977612472626e-05
1928-01-15,1928-01-26,672.3268,0.8764068829576366,589.2318351168824,0.488,1928,1,15,1928.01,1927,4,107,16,0.0509096305540986,0.0,0.0,0.41,3,Normal,41,6,4,3,66,120.0,0.203654984079732,469.2318351168824,469.2318351168824,,2,234.6159175584412,234.6159175584412,0.0,0.0,0.0,0.0,0.0,0.0,0.0,0.0,41.0,6.0,4.0,3.0,66.0,520.2318351168824,990.0,966.251543258026,23.74845674197411,0.2221638497049443,0.1204774261751685,989.6573587241198,0.2592314887038956,0.2592314887038956,0.01,0.01,23.146583977390044,23.146583977390044,23.39581546609394,23.39581546609394,,0.9568315852007894,0.9568315852007894,0.0,0.0,50.95872837277488,50.95872837277488,0.0,0.0,1.095886631672578,1.095886631672578,0.0,0.0,0.98,0.98,0.96,0.96,48.2,48.2,0.0,0.0,96.4,2313.6000000000004,0.1636028372107181,5.70672656323662e-05
1928-02-15,1928-02-26,893.8841,0.8990978772765416,803.6892968412517,0.396,1928,2,15,1928.02,1927,5,138,20,0.0694387552470841,24.32289922881705,0.0302640576705619,0.71,4,Mod_Dry,36,6,5,4,54,105.0,0.1306475032237987,698.6892968412517,698.6892968412517,,3,232.89643228041723,232.89643228041723,232.89643228041723,0.0,0.0,0.0,0.0,0.0,0.0,0.0,36.0,6.0,5.0,4.0,54.0,745.6892968412517,990.0,967.114757187365,22.885242812635056,0.3502891049727116,0.2677244502899562,989.3819864447372,0.2569101835785632,0.2569101835785632,0.2569101835785632,0.01,22.010319073793816,22.010319073793816,22.010319073793816,22.257229257372376,,0.9570289278052412,0.9570289278052412,0.9570289278052412,0.0,48.111947713876766,48.111947713876766,48.111947713876766,0.0,1.034665542233909,1.034665542233909,1.034665542233909,0.0,0.98,0.98,0.98,0.96,47.14970875959923,47.14970875959923,47.14970875959923,0.0,141.44912627879768,3394.7790306911443,0.1759997636334546,5.623590363265582e-05
1928-03-15,1928-03-26,1974.4395,1.004560374130299,1983.4436828176408,0.178,1928,3,15,1928.03,1927,6,167,24,0.1713695341954441,30.9092151582754,0.0155836111839416,0.58,3,Normal,49,9,9,9,107,183.0,0.0922637741546731,1800.4436828176408,1100.0,,4,275.0,275.0,275.0,275.0,700.4436828176408,51.0,9.0,16.0,34.448049974638074,589.9956328430026,100.0,18.0,25.0,43.44804997463808,696.9956328430026,1243.0,990.0,971.0465103598724,18.9534896401276,0.9262894125183112,0.648,988.4257105874816,0.28,0.28,0.28,0.28,17.099200227609316,17.099200227609316,17.099200227609316,17.099200227609316,,0.9483224007397304,0.9483224007397304,0.9483224007397304,0.9483224007397304,43.73238879694569,43.73238879694569,43.73238879694569,43.73238879694569,0.9404814795042084,0.9404814795042084,0.9404814795042084,0.9404814795042084,0.98,0.98,0.98,0.98,42.85774102100677,42.85774102100677,42.85774102100677,42.85774102100677,171.4309640840271,4114.34313801665,0.0864309713298719,4.329064749596644e-05
1928-04-15,1928-04-26,2166.6756,1.0097605349112566,2187.823512835168,0.156,1928,4,15,1928.04,1927,7,198,29,0.1890279515089585,26.252528217999497,0.011999381149341,0.71,4,Mod_Dry,45,11,10,10,72,148.0,0.067647138414839,2039.823512835168,1100.0,,4,275.0,275.0,275.0,275.0,939.823512835168,55.0,7.0,15.000000000000009,63.50158870507892,799.3219241300891,100.0,18.0,25.0,73.50158870507892,871.3219241300891,1243.0,990.0,971.553367099947,18.446632900053032,0.9262894125183112,0.648,988.4257105874816,0.28,0.28,0.28,0.28,16.592343487534748,16.592343487534748,16.592343487534748,16.592343487534748,,0.9467770304626042,0.9467770304626042,0.9467770304626042,0.9467770304626042,42.36691447764312,42.36691447764312,42.36691447764312,42.36691447764312,0.911116440379422,0.911116440379422,0.911116440379422,0.911116440379422,0.98,0.98,0.98,0.98,41.51957618809025,41.51957618809025,41.51957618809025,41.51957618809025,166.078304752361,3985.879314056664,0.0759102842519242,4.193896584655581e-05
1928-05-15,1928-05-26,2037.2697,1.0148234027606982,2067.468969295266,0.17,1928,5,15,1928.05,1927,8,228,33,0.1786293189471109,34.58736618206558,0.0167293278379192,0.6,3,Normal,55,13,13,17,178,276.0,0.1334965622696042,1791.468969295266,1100.0,,4,275.0,275.0,275.0,275.0,691.4689692952661,45.0,5.0,12.0,42.59047999282436,586.8784893024418,100.0,18.0,25.0,59.59047999282436,764.8784893024418,1243.0,990.0,971.2628561327816,18.737143867218265,0.9262894125183112,0.648,988.4257105874816,0.28,0.28,0.28,0.28,16.88285445469998,16.88285445469998,16.88285445469998,16.88285445469998,,0.9476485633641,0.9476485633641,0.9476485633641,0.9476485633641,43.148388297859405,43.148388297859405,43.148388297859405,43.148388297859405,0.9279223289862236,0.9279223289862236,0.9279223289862236,0.9279223289862236,0.98,0.98,0.98,0.98,42.28542053190222,42.28542053190222,42.28542053190222,42.28542053190222,169.14168212760887,4059.400371062613,0.0818109894946882,4.271254599182042e-05
1928-06-15,1928-06-26,1104.0713,0.9309189777098624,1027.8009259147989,0.324,1928,6,15,1928.06,1927,9,259,37,0.0888019999990386,15.03667275901762,0.0146299466948175,0.64,3,Normal,53,12,12,13,120,210.0,0.2043197225309838,817.8009259147989,817.8009259147989,,3,272.6003086382663,272.6003086382663,272.6003086382663,0.0,0.0,0.0,0.0,0.0,0.0,0.0,53.0,12.0,12.0,13.0,120.0,894.8009259147989,990.0,967.9873743385892,22.01262566141065,0.4740492560137307,0.3348156481427626,989.1911350958436,0.28,0.28,0.28,0.01,20.923760757254144,20.923760757254144,20.923760757254144,21.193760757254143,,0.9561236504389304,0.9561236504389304,0.9561236504389304,0.0,53.48338044587888,53.48338044587888,53.48338044587888,0.0,1.1501802246425563,1.1501802246425563,1.1501802246425563,0.0,0.98,0.98,0.98,0.96,48.2,48.2,48.2,0.0,144.60000000000002,3470.4000000000005,0.1406887232284774,4.911545755678365e-05
1928-07-15,1928-07-26,463.5928,0.9065907191323836,420.28892993659525,0.63,1928,7,15,1928.07,1927,10,289,42,0.0363129635465218,6.343951054349362,0.0150942615959606,0.77,4,Mod_Dry,42,9,8,6,70,135.0,0.321207603589193,285.28892993659525,285.28892993659525,,2,142.64446496829763,142.64446496829763,0.0,0.0,0.0,0.0,0.0,0.0,0.0,0.0,42.0,9.0,8.0,6.0,70.0,344.28892993659525,990.0,965.4913001847146,24.508699815285357,0.1570420083994917,0.0336563749300729,989.8093016166704,0.1350700277072018,0.1350700277072018,0.01,0.01,24.18293140424865,24.18293140424865,24.308001431955848,24.308001431955848,,0.9374695865618144,0.9374695865618144,0.0,0.0,31.714637743702653,31.714637743702653,0.0,0.0,0.6820352202946807,0.6820352202946807,0.0,0.0,0.97,0.97,0.96,0.96,30.763198611391573,30.763198611391573,0.0,0.0,61.526397222783146,1476.6335333467955,0.1463907156252367,5.990651617297558e-05
1928-08-15,1928-08-26,305.0513,0.9297058187130764,283.6079686159883,0.8130000000000001,1928,8,15,1928.08,1927,11,320,46,0.0245037284884213,3.5791013442452027,0.0126198899195649,0.87,4,Mod_Dry,39,7,5,4,60,115.0,0.4054893117467819,168.60796861598828,168.60796861598828,,1,168.60796861598828,0.0,0.0,0.0,0.0,0.0,0.0,0.0,0.0,0.0,39.0,7.0,5.0,4.0,60.0,219.60796861598828,990.0,964.834431874464,25.165568125536083,0.1130380567986625,0.010081677332359,989.876880265869,0.1701207576315842,0.01,0.01,0.01,24.87232763377348,25.032448391405055,25.032448391405055,25.032448391405055,,0.9450493036251189,0.0,0.0,0.0,38.867597067797305,0.0,0.0,0.0,0.8358623025332754,0.0,0.0,0.0,0.9735862302533276,0.96,0.96,0.96,37.84095730824206,0.0,0.0,0.0,37.84095730824206,908.1829753978096,0.1334269889978993,6.234211298759753e-05
1928-09-15,1928-09-26,227.8423,0.9755995102100816,222.2828362851385,0.922,1928,9,15,1928.09,1927,12,351,51,0.0192052370550359,0.0,0.0,0.87,4,Mod_Dry,34,6,4,3,44,91.0,0.4093883338939747,131.2828362851385,131.2828362851385,,1,131.2828362851385,0.0,0.0,0.0,0.0,0.0,0.0,0.0,0.0,0.0,34.0,6.0,4.0,3.0,44.0,175.2828362851385,990.0,964.5336970177108,25.466302982289108,0.0973940880662941,0.0069090410842367,989.8956968708496,0.1197318289849369,0.01,0.01,0.01,25.24226802415369,25.351999853138626,25.351999853138626,25.351999853138626,,0.9311210282201466,0.0,0.0,0.0,30.260852512585277,0.0,0.0,0.0,0.6507710217760274,0.0,0.0,0.0,0.97,0.96,0.96,0.96,29.35302693720772,0.0,0.0,0.0,29.35302693720772,704.4726464929852,0.1320526021161365,6.210727026006382e-05
1928-10-15,1928-10-26,268.1972,0.9570673705328404,256.6827889882703,0.865,1928,10,15,1928.1,1928,1,15,3,0.0221773929685865,0.0,0.0,0.35,2,Mod_Wet,41,6,4,3,56,110.0,0.4285445098737286,146.68278898827032,146.68278898827032,,1,146.68278898827032,0.0,0.0,0.0,0.0,0.0,0.0,0.0,0.0,0.0,41.0,6.0,4.0,3.0,56.0,197.68278898827032,990.0,964.7267311559532,25.273268844046925,0.1052997553417007,0.0082180370640029,989.8864822075944,0.1405217651341649,0.01,0.01,0.01,25.019229286507088,25.14975105164125,25.14975105164125,25.14975105164125,,0.9377587115730694,0.0,0.0,0.0,33.75070841528566,0.0,0.0,0.0,0.7258216863502291,0.0,0.0,0.0,0.97,0.96,0.96,0.96,32.73818716282709,0.0,0.0,0.0,32.73818716282709,785.7164919078501,0.1275433670168011,6.199732730259369e-05
1928-11-15,1928-11-26,264.675,0.9437959007304476,249.7991800258312,0.875,1928,11,15,1928.11,1928,2,46,7,0.0215826491542318,6.519493811544577,0.0260989400000048,0.6,3,Normal,36,5,3,2,47,93.0,0.3722990603507308,156.7991800258312,156.7991800258312,,1,156.7991800258312,0.0,0.0,0.0,0.0,0.0,0.0,0.0,0.0,0.0,36.0,5.0,3.0,2.0,47.0,200.7991800258312,990.0,964.698795080155,25.301204919844963,0.1063996384876639,0.0090779303021956,989.88452243121,0.1541788930348721,0.01,0.01,0.01,25.03154845802024,25.175727351055105,25.175727351055105,25.175727351055105,,0.9411742964705634,0.0,0.0,0.0,36.22765813043682,0.0,0.0,0.0,0.7790894221599317,0.0,0.0,0.0,0.97,0.96,0.96,0.96,35.140828386523715,0.0,0.0,0.0,35.140828386523715,843.3798812765692,0.1406763160026781,6.225377720005118e-05
1928-12-15,1928-12-26,374.7305,0.908907350449394,340.5953058875766,0.721,1928,12,15,1928.12,1928,3,76,11,0.0294274344286866,0.0,0.0,0.71,4,Mod_Dry,31,5,3,2,36,77.0,0.226074754023228,263.5953058875766,263.5953058875766,,1,263.5953058875766,0.0,0.0,0.0,0.0,0.0,0.0,0.0,0.0,0.0,31.0,5.0,3.0,2.0,36.0,302.5953058875766,990.0,965.102976529438,24.89702347056209,0.1423270348517422,0.0234169843789361,989.8342559807692,0.28,0.01,0.01,0.01,24.451279451331374,24.721279451331373,24.721279451331373,24.721279451331373,,0.949508185095417,0.0,0.0,0.0,60.01733036035235,0.0,0.0,0.0,1.2906952765667172,0.0,0.0,0.0,0.98,0.96,0.96,0.96,48.2,0.0,0.0,0.0,48.2,1156.8000000000002,0.1415169239470077,5.079335098098921e-05
1929-01-15,1929-01-26,576.0661,0.8889914195501405,512.1178199937132,0.544,1929,1,15,1929.01,1928,4,107,16,0.0442469796474568,26.092793602404807,0.0509507628590724,0.95,5,Dry,29,5,4,2,33,73.0,0.1425453228729595,439.1178199937132,439.1178199937132,,2,219.55890999685656,219.55890999685656,0.0,0.0,0.0,0.0,0.0,0.0,0.0,0.0,29.0,5.0,4.0,2.0,33.0,477.1178199937132,990.0,965.9045301899716,24.09546981002836,0.2039214449596106,0.1062636110370326,989.6898149440034,0.2389045284957564,0.2389045284957564,0.01,0.01,23.546380225535994,23.546380225535994,23.77528475403175,23.77528475403175,,0.957589431068425,0.957589431068425,0.0,0.0,48.5504503062815,48.5504503062815,0.0,0.0,1.0440957055114302,1.0440957055114302,0.0,0.0,0.98,0.98,0.96,0.96,47.57944130015586,47.57944130015586,0.0,0.0,95.15888260031171,2283.8131824074817,0.1858144334861847,6.019574187380844e-05
1929-02-15,1929-02-26,757.5572,0.8885900059140133,673.1577568282033,0.45,1929,2,15,1929.02,1928,5,138,20,0.0581608301899567,6.351433042933878,0.0094352816683873,0.84,4,Mod_Dry,36,6,5,4,54,105.0,0.1559812672957092,568.1577568282033,568.1577568282033,,3,189.38591894273443,189.38591894273443,189.38591894273443,0.0,0.0,0.0,0.0,0.0,0.0,0.0,36.0,6.0,5.0,4.0,54.0,615.1577568282033,990.0,966.5926310273128,23.40736897268721,0.276109316214543,0.1805293815612398,989.5433613022244,0.1981709905726915,0.1981709905726915,0.1981709905726915,0.01,22.752559284338812,22.752559284338812,22.752559284338812,22.940730274911505,,0.9520516585885118,0.9520516585885118,0.9520516585885118,0.0,40.232512387807255,40.232512387807255,40.232512387807255,0.0,0.8652153201678979,0.8652153201678979,0.8652153201678979,0.0,0.9765215320167898,0.9765215320167898,0.9765215320167898,0.96,39.28791463382601,39.28791463382601,39.28791463382601,0.0,117.86374390147805,2828.729853635473,0.1750908203997091,5.762471508669627e-05
1929-03-15,1929-03-26,979.4038,0.924461588505012,905.4211927358452,0.359,1929,3,15,1929.03,1928,6,166,24,0.078228391052377,13.55920304068377,0.0149755750687841,0.9,4,Mod_Dry,41,8,7,6,67,129.0,0.1424751276366859,776.4211927358452,776.4211927358452,,3,258.80706424528177,258.80706424528177,258.80706424528177,0.0,0.0,0.0,0.0,0.0,0.0,0.0,41.0,8.0,7.0,6.0,67.0,832.4211927358452,990.0,967.5216847709434,22.478315229056648,0.4169709527103646,0.3147878572841491,989.2682411900056,0.28,0.28,0.28,0.01,21.46655641906213,21.46655641906213,21.46655641906213,21.73655641906213,,0.9561431011427112,0.9561431011427112,0.9561431011427112,0.0,52.09548719777362,52.09548719777362,52.09548719777362,0.0,1.120333058016637,1.120333058016637,1.120333058016637,0.0,0.98,0.98,0.98,0.96,48.2,48.2,48.2,0.0,144.60000000000002,3470.4000000000005,0.159704677955541,5.173308900177357e-05
1929-04-15,1929-04-26,1484.0171,0.9431309976592172,1399.6225280663384,0.244,1929,4,15,1929.04,1928,7,197,29,0.1209273864249316,0.0,0.0,0.9,4,Mod_Dry,45,11,10,10,72,148.0,0.1057427963841585,1251.6225280663384,1100.0,,4,275.0,275.0,275.0,275.0,151.62252806633842,46.10144434449479,6.999999999999998,10.244765409887732,10.244765409887732,78.03155290206817,91.10144434449478,18.0,20.244765409887734,20.244765409887734,150.03155290206817,1229.3462097543825,990.0,969.1603189368298,20.839681063170246,0.8909215311393003,0.648,988.4610784688608,0.28,0.28,0.28,0.28,19.02075953203095,19.02075953203095,19.02075953203095,19.02075953203095,,0.9525518988300774,0.9525518988300774,0.9525518988300774,0.9525518988300774,48.86387399781229,48.86387399781229,48.86387399781229,48.86387399781229,1.0508359999529524,1.0508359999529524,1.0508359999529524,1.0508359999529524,0.98,0.98,0.98,0.98,47.886596517856034,47.886596517856034,47.886596517856034,47.886596517856034,191.5463860714241,4597.113265714179,0.1368557466248109,4.837029951298589e-05
1929-05-15,1929-05-26,1275.7375,0.914516856089578,1166.683447695578,0.283,1929,5,15,1929.05,1928,8,227,33,0.1008014498808979,19.97864892864981,0.0171243099129515,0.87,4,Mod_Dry,47,10,10,10,115,192.0,0.1645690614529901,974.683447695578,974.683447695578,,4,243.6708619238945,243.6708619238945,243.6708619238945,243.6708619238945,0.0,0.0,0.0,0.0,0.0,0.0,47.0,10.0,10.0,10.0,115.0,1041.683447695578,990.0,968.423862264186,21.57613773581386,0.6130162574459416,0.4107467886846597,988.9762369538696,0.2714556635972576,0.2714556635972576,0.2714556635972576,0.2714556635972576,20.28091902608609,20.28091902608609,20.28091902608609,20.28091902608609,,0.9552432963694714,0.9552432963694714,0.9552432963694714,0.9552432963694714,46.29604896541889,46.29604896541889,46.29604896541889,46.29604896541889,0.9956139562455676,0.9956139562455676,0.9956139562455676,0.9956139562455676,0.98,0.98,0.98,0.98,45.37012798611051,45.37012798611051,45.37012798611051,45.37012798611051,181.48051194444204,4355.532286666609,0.1555524870974218,5.1720641647384855e-05
1929-06-15,1929-06-26,478.7252,0.9002196493164109,430.9578316629287,0.615,1929,6,15,1929.06,1928,9,258,37,0.037234756655677,4.324950671984085,0.0100356702076754,0.96,5,Dry,39,9,7,5,59,119.0,0.2761291041882612,311.9578316629287,311.9578316629287,,2,155.97891583146435,155.97891583146435,0.0,0.0,0.0,0.0,0.0,0.0,0.0,0.0,39.0,9.0,7.0,5.0,59.0,366.9578316629287,990.0,965.5393102424832,24.46068975751689,0.1650425671628017,0.0462440965449023,989.7887133362924,0.1530715363724769,0.1530715363724769,0.01,0.01,24.096331557436702,24.096331557436702,24.239403093809177,24.239403093809177,,0.9425543936451108,0.9425543936451108,0.0,0.0,34.74257065026442,34.74257065026442,0.0,0.0,0.7471520569949337,0.7471520569949337,0.0,0.0,0.97,0.97,0.96,0.96,33.70029353075648,33.70029353075648,0.0,0.0,67.40058706151297,1617.6140894763112,0.156397174176962,6.001575660102132e-05
1929-07-15,1929-07-26,357.5196,0.9208048873506705,329.2057950036568,0.742,1929,7,15,1929.07,1928,10,288,42,0.0284433806883159,0.0,0.0,0.95,5,Dry,37,8,6,4,53,108.0,0.3280622687665639,221.2057950036568,221.2057950036568,,1,221.2057950036568,0.0,0.0,0.0,0.0,0.0,0.0,0.0,0.0,0.0,37.0,8.0,6.0,4.0,53.0,272.2057950036568,990.0,965.0460289750184,24.953971024981684,0.1316016335707171,0.0145524925753108,989.853845873854,0.2411278232549367,0.01,0.01,0.01,24.56668907558072,24.79781689883565,24.79781689883565,24.79781689883565,,0.958431686635894,0.0,0.0,0.0,51.07907128703742,0.0,0.0,0.0,1.098474651334138,0.0,0.0,0.0,0.98,0.96,0.96,0.96,48.2,0.0,0.0,0.0,48.2,1156.8000000000002,0.1464129755050776,6.052684509765016e-05
1929-08-15,1929-08-26,286.2506,0.9441456049247084,270.26224589706084,0.836,1929,8,15,1929.08,1928,11,319,46,0.023350658045506,0.0,0.0,0.94,5,Dry,34,7,5,3,44,93.0,0.3441102166945746,177.26224589706084,177.26224589706084,,1,177.26224589706084,0.0,0.0,0.0,0.0,0.0,0.0,0.0,0.0,0.0,34.0,7.0,5.0,3.0,44.0,223.26224589706084,990.0,964.7810489835882,25.21895101641178,0.1143278060613467,0.0108172909012501,989.8748549030372,0.1818040319610321,0.01,0.01,0.01,24.912001887488064,25.08380591944909,25.08380591944909,25.08380591944909,,0.94763155769445,0.0,0.0,0.0,41.03959725146327,0.0,0.0,0.0,0.882571983902436,0.0,0.0,0.0,0.9782571983902436,0.96,0.96,0.96,40.1472814302804,0.0,0.0,0.0,40.1472814302804,963.5347543267296,0.1485493517491597,6.29125652960445e-05
1929-09-15,1929-09-26,227.8423,0.9755995102100816,222.2828362851385,0.922,1929,9,15,1929.09,1928,12,350,50,0.0192052370550359,0.0,0.0,0.92,5,Dry,30,6,4,2,30,72.0,0.3239116487952327,150.2828362851385,150.2828362851385,,1,150.2828362851385,0.0,0.0,0.0,0.0,0.0,0.0,0.0,0.0,0.0,30.0,6.0,4.0,2.0,30.0,190.2828362851385,990.0,964.5336970177108,25.466302982289108,0.1026880728662941,0.0085240410842367,989.8887878860496,0.1453818289849369,0.01,0.01,0.01,25.20970903935367,25.345090868338605,25.345090868338605,25.345090868338605,,0.9388174857434108,0.0,0.0,0.0,34.88165525291576,0.0,0.0,0.0,0.7501431237186185,0.0,0.0,0.0,0.97,0.96,0.96,0.96,33.83520559532828,0.0,0.0,0.0,33.83520559532828,812.0449342878787,0.1522169059959509,6.25398645198045e-05
1929-10-15,1929-10-26,180.3141,1.0466171465371623,188.71982882241664,0.978,1929,10,15,1929.1,1929,1,15,3,0.0163053932102567,0.0,0.0,0.87,4,Mod_Dry,31,4,3,2,33,73.0,0.3868167985076556,115.71982882241664,115.71982882241664,,1,115.71982882241664,0.0,0.0,0.0,0.0,0.0,0.0,0.0,0.0,0.0,31.0,4.0,3.0,2.0,33.0,153.71982882241664,990.0,964.4225603423552,25.577439657644845,0.0897838058162983,0.0055861854499054,989.9046300087338,0.0987217689102624,0.01,0.01,0.01,25.383347897468344,25.472069666378605,25.472069666378605,25.472069666378605,,0.92180024052946,0.0,0.0,0.0,26.554137594134016,0.0,0.0,0.0,0.571056722454495,0.0,0.0,0.0,0.97,0.96,0.96,0.96,25.757513466309994,0.0,0.0,0.0,25.757513466309994,618.1803231914398,0.1364854643363816,6.182920355622557e-05
1929-11-15,1929-11-26,237.5439,0.9621267175397727,228.5473327785961,0.91,1929,11,15,1929.11,1929,2,46,7,0.0197464895520707,2.886073373574732,0.0126279022313972,0.73,4,Mod_Dry,29,4,2,2,30,67.0,0.2931559042297197,161.5473327785961,161.5473327785961,,1,161.5473327785961,0.0,0.0,0.0,0.0,0.0,0.0,0.0,0.0,0.0,29.0,4.0,2.0,2.0,30.0,196.5473327785961,990.0,964.5712839966716,25.428716003328415,0.1048990161473619,0.0094815232861806,989.8856194605664,0.1605888992511047,0.01,0.01,0.01,25.153746564643857,25.30433546389496,25.30433546389496,25.30433546389496,,0.9424010220359268,0.0,0.0,0.0,37.55579163143172,0.0,0.0,0.0,0.8076514329340154,0.0,0.0,0.0,0.9707651432934016,0.96,0.96,0.96,36.45785344458394,0.0,0.0,0.0,36.45785344458394,874.9884826700145,0.1595199252659941,6.268863334477912e-05
1929-12-15,1929-12-26,559.0506,0.8753118667840304,489.3436243127323,0.555,1929,12,15,1929.12,1929,3,76,11,0.04227928914062,33.675608458152105,0.0688179160512174,0.2,2,Mod_Wet,42,7,5,3,61,118.0,0.2411393428610156,371.3436243127323,371.3436243127323,,2,185.67181215636612,185.67181215636612,0.0,0.0,0.0,0.0,0.0,0.0,0.0,0.0,42.0,7.0,5.0,3.0,61.0,425.3436243127323,990.0,965.8020463094072,24.19795369059273,0.1856487249147918,0.0742741906756096,989.7400770844096,0.1931569464110943,0.1931569464110943,0.01,0.01,23.7448738285912,23.7448738285912,23.928030775002288,23.928030775002288,,0.9512764827642998,0.9512764827642998,0.0,0.0,41.13024554537919,41.13024554537919,0.0,0.0,0.884521409578047,0.884521409578047,0.0,0.0,0.9784521409578046,0.9784521409578046,0.96,0.96,40.24397681199648,40.24397681199648,0.0,0.0,80.48795362399295,1931.7108869758308,0.1644814597043861,6.020775215121154e-05
1930-01-15,1930-01-26,685.0236,0.878477532975807,601.777842158206,0.482,1930,1,15,1930.01,1929,4,107,16,0.051993605562469,6.068780967983116,0.0100847531145682,0.5700000000000001,3,Normal,41,6,4,3,66,120.0,0.1994091367166893,481.777842158206,481.777842158206,,2,240.888921079103,240.888921079103,0.0,0.0,0.0,0.0,0.0,0.0,0.0,0.0,41.0,6.0,4.0,3.0,66.0,532.777842158206,990.0,966.3071113686328,23.69288863136717,0.2292936219576187,0.1263991414986732,989.6443072365436,0.267700043456789,0.267700043456789,0.01,0.01,23.069495824454066,23.069495824454066,23.32719586791085,23.32719586791085,,0.9560974174213844,0.9560974174213844,0.0,0.0,52.10696453755799,52.10696453755799,0.0,0.0,1.1205798825281288,1.1205798825281288,0.0,0.0,0.98,0.98,0.96,0.96,48.2,48.2,0.0,0.0,96.4,2313.6000000000004,0.1601920064957404,5.5581173384442426e-05
1930-02-15,1930-02-26,806.1332,0.8935666243082664,720.3337222668207,0.431,1930,2,15,1930.02,1929,5,138,20,0.0622368336038533,8.250020921077635,0.0114530538638613,0.8300000000000001,4,Mod_Dry,36,6,5,4,54,105.0,0.145765770439811,615.3337222668207,615.3337222668207,,3,205.1112407556069,205.1112407556069,205.1112407556069,0.0,0.0,0.0,0.0,0.0,0.0,0.0,36.0,6.0,5.0,4.0,54.0,662.3337222668207,990.0,966.7813348890672,23.21866511093276,0.3029189528000723,0.2120429264742362,989.4850381207256,0.2194001750200693,0.2194001750200693,0.2194001750200693,0.01,22.484303056638367,22.484303056638367,22.484303056638367,22.69370323165844,,0.9549902094325524,0.9549902094325524,0.9549902094325524,0.0,43.19231788681286,43.19231788681286,43.19231788681286,0.0,0.9288670513293088,0.9288670513293088,0.9288670513293088,0.0,0.98,0.98,0.98,0.96,42.3284715290766,42.3284715290766,42.3284715290766,0.0,126.9854145872298,3047.649950093515,0.1762869218278702,5.7324546011042656e-05
1930-03-15,1930-03-26,979.4038,0.924461588505012,905.4211927358452,0.359,1930,3,15,1930.03,1929,6,166,24,0.078228391052377,0.0,0.0,0.87,4,Mod_Dry,41,8,7,6,67,129.0,0.1424751276366859,776.4211927358452,776.4211927358452,,3,258.80706424528177,258.80706424528177,258.80706424528177,0.0,0.0,0.0,0.0,0.0,0.0,0.0,41.0,8.0,7.0,6.0,67.0,832.4211927358452,990.0,967.5216847709434,22.478315229056648,0.4169709527103646,0.3147878572841491,989.2682411900056,0.28,0.28,0.28,0.01,21.46655641906213,21.46655641906213,21.46655641906213,21.73655641906213,,0.9561431011427112,0.9561431011427112,0.9561431011427112,0.0,52.09548719777362,52.09548719777362,52.09548719777362,0.0,1.120333058016637,1.120333058016637,1.120333058016637,0.0,0.98,0.98,0.98,0.96,48.2,48.2,48.2,0.0,144.60000000000002,3470.4000000000005,0.159704677955541,5.173308900177357e-05
1930-04-15,1930-04-26,1130.1421,0.9379332643780708,1059.9978690640885,0.316,1930,4,15,1930.04,1929,7,197,29,0.0915838158871372,0.0,0.0,0.96,5,Dry,40,10,8,5,62,125.0,0.1179247653680352,934.9978690640884,934.9978690640884,,4,233.74946726602207,233.74946726602207,233.74946726602207,233.74946726602207,0.0,0.0,0.0,0.0,0.0,0.0,40.0,10.0,8.0,5.0,62.0,992.9978690640884,990.0,968.0885647313444,21.911435268655737,0.563900793025909,0.3915389686270188,989.044560238347,0.2580617808091299,0.2580617808091299,0.2580617808091299,0.2580617808091299,20.69793372619361,20.69793372619361,20.69793372619361,20.69793372619361,,0.9554945281624287,0.9554945281624287,0.9554945281624287,0.9554945281624287,45.33613841621957,45.33613841621957,45.33613841621957,45.33613841621957,0.9749707186283778,0.9749707186283778,0.9749707186283778,0.9749707186283778,0.98,0.98,0.98,0.98,44.429415647895176,44.429415647895176,44.429415647895176,44.429415647895176,177.7176625915807,4265.223902197937,0.1676585093029425,5.279799988845371e-05
1930-05-15,1930-05-26,2024.6043,1.0084233130046596,2041.65817572948,0.172,1930,5,15,1930.05,1929,8,227,33,0.176399266383027,58.21449291183944,0.0285133396000726,0.84,4,Mod_Dry,47,10,10,10,115,192.0,0.0940412074275846,1849.65817572948,1100.0,,4,275.0,275.0,275.0,275.0,749.65817572948,53.0,8.0,15.0,39.04469665257709,634.6134790769029,100.0,18.0,25.0,49.04469665257709,749.6134790769029,1243.0,990.0,971.200554217278,18.79944578272193,0.9262894125183112,0.648,988.4257105874816,0.28,0.28,0.28,0.28,16.945156370203648,16.945156370203648,16.945156370203648,16.945156370203648,,0.9478354691106108,0.9478354691106108,0.9478354691106108,0.9478354691106108,43.31615814812002,43.31615814812002,43.31615814812002,43.31615814812002,0.9315302827552692,0.9315302827552692,0.9315302827552692,0.9315302827552692,0.98,0.98,0.98,0.98,42.449834985157615,42.449834985157615,42.449834985157615,42.449834985157615,169.79933994063046,4075.184158575131,0.0831673695230405,4.28786211971289e-05
1930-06-15,1930-06-26,1442.8091,0.9395485585172468,1355.589210120566,0.252,1930,6,15,1930.06,1929,9,258,37,0.1171229077544169,36.52925935333155,0.0269471452565505,0.34,2,Mod_Wet,62,12,14,16,153,257.0,0.1895854570700975,1098.589210120566,1098.589210120566,,4,274.6473025301415,274.6473025301415,274.6473025301415,274.6473025301415,0.0,0.0,0.0,0.0,0.0,0.0,62.0,12.0,14.0,16.0,153.0,1186.589210120566,990.0,969.0180574480818,20.981942551918223,0.8253695304458439,0.6448257227712733,988.5298047467828,0.28,0.28,0.28,0.28,19.23174729870104,19.23174729870104,19.23174729870104,19.23174729870104,,0.9530856890254176,0.9530856890254176,0.9530856890254176,0.9530856890254176,49.37018216952008,49.37018216952008,49.37018216952008,49.37018216952008,1.0617243477316145,1.0617243477316145,1.0617243477316145,1.0617243477316145,0.98,0.98,0.98,0.98,48.2,48.2,48.2,48.2,192.8,4627.200000000001,0.1422259771327424,4.874939154889209e-05
1930-07-15,1930-07-26,635.1294,0.8861628436789661,562.8280752081156,0.506,1930,7,15,1930.07,1929,10,288,42,0.0486283456979812,20.17541613415221,0.0358464991759552,0.33,2,Mod_Wet,58,11,11,11,136,227.0,0.4033203210697383,335.8280752081156,335.8280752081156,,2,167.9140376040578,167.9140376040578,0.0,0.0,0.0,0.0,0.0,0.0,0.0,0.0,58.0,11.0,11.0,11.0,136.0,415.8280752081156,990.0,966.1327263384364,23.86727366156356,0.1822903923984789,0.0575108514982305,989.7601987561033,0.169183950765478,0.169183950765478,0.01,0.01,23.45828846690133,23.45828846690133,23.617472417666807,23.617472417666807,,0.946464997702065,0.946464997702065,0.0,0.0,36.5617171145449,36.5617171145449,0.0,0.0,0.7862734863342988,0.7862734863342988,0.0,0.0,0.97,0.97,0.96,0.96,35.46486560110855,35.46486560110855,0.0,0.0,70.9297312022171,1702.3135488532102,0.1260237971888477,5.866901717349579e-05
1930-08-15,1930-08-26,443.8904,0.9076618404997884,402.90237744418727,0.648,1930,8,15,1930.08,1929,11,319,46,0.0348107654111777,5.102168809386399,0.0126635361194739,0.44,3,Normal,47,8,6,5,89,155.0,0.3847085762641637,247.90237744418727,247.90237744418727,,1,247.90237744418727,0.0,0.0,0.0,0.0,0.0,0.0,0.0,0.0,0.0,47.0,8.0,6.0,5.0,89.0,308.90237744418727,990.0,965.4130606984988,24.58693930150116,0.1445529960924867,0.0168217020827559,989.8386253018248,0.2771682095496528,0.01,0.01,0.01,24.148396393776284,24.415564603325937,24.415564603325937,24.415564603325937,,0.9535948642912676,0.0,0.0,0.0,55.98498818147791,0.0,0.0,0.0,1.2039782404618906,0.0,0.0,0.0,0.98,0.96,0.96,0.96,48.2,0.0,0.0,0.0,48.2,1156.8000000000002,0.1196319572640818,5.400871515200884e-05
1930-09-15,1930-09-26,305.0513,0.9297058187130764,283.6079686159883,0.8130000000000001,1930,9,15,1930.09,1929,12,350,50,0.0245037284884213,0.0,0.0,0.43,3,Normal,40,6,4,3,65,118.0,0.4160672937923501,165.60796861598828,165.60796861598828,,1,165.60796861598828,0.0,0.0,0.0,0.0,0.0,0.0,0.0,0.0,0.0,40.0,6.0,4.0,3.0,65.0,215.60796861598828,990.0,964.834431874464,25.165568125536083,0.1116262873422345,0.009826677332359,989.8785470353254,0.1660707576315842,0.01,0.01,0.01,24.878044403229868,25.03411516086145,25.03411516086145,25.03411516086145,,0.9441269279341368,0.0,0.0,0.0,38.147541373469,0.0,0.0,0.0,0.820377233838043,0.0,0.0,0.0,0.9720377233838042,0.96,0.96,0.96,37.080849269356285,0.0,0.0,0.0,37.080849269356285,889.9403824645508,0.1307468526018907,6.219649932449028e-05
1930-10-15,1930-10-26,250.8784,0.9414693900674836,236.1943342291061,0.893,1930,10,15,1930.1,1930,1,15,3,0.0204071904773947,0.0,0.0,0.37,2,Mod_Wet,41,6,4,3,56,110.0,0.46571819920668,126.19433422910612,126.19433422910612,,1,126.19433422910612,0.0,0.0,0.0,0.0,0.0,0.0,0.0,0.0,0.0,41.0,6.0,4.0,3.0,56.0,177.19433422910612,990.0,964.6171660053748,25.382833994625344,0.0980687174703338,0.006476518409474,989.89545476412,0.1128623512092932,0.01,0.01,0.01,25.16542640753618,25.268288758745477,25.268288758745477,25.268288758745477,,0.9291658810156536,0.0,0.0,0.0,28.938505850032964,0.0,0.0,0.0,0.6223334591404939,0.0,0.0,0.0,0.97,0.96,0.96,0.96,28.070350674531973,0.0,0.0,0.0,28.070350674531973,673.6884161887674,0.1188443015203913,6.178819104238376e-05
1930-11-15,1930-11-26,224.6649,0.98159746285063,220.53049583159049,0.926,1930,11,15,1930.11,1930,2,46,7,0.0190538348398494,8.479046617908638,0.0384484086245546,0.75,4,Mod_Dry,29,4,2,2,30,67.0,0.3038128570262,153.53049583159049,153.53049583159049,,1,153.53049583159049,0.0,0.0,0.0,0.0,0.0,0.0,0.0,0.0,0.0,29.0,4.0,2.0,2.0,30.0,188.53049583159049,990.0,964.5231829749896,25.476817025010405,0.1020696152845935,0.0088000921456851,989.8891302925698,0.1497661693726471,0.01,0.01,0.01,25.21618114820756,25.35594731758021,25.35594731758021,25.35594731758021,,0.939808074053543,0.0,0.0,0.0,35.682217776721934,0.0,0.0,0.0,0.7673595220800415,0.0,0.0,0.0,0.97,0.96,0.96,0.96,34.61175124342027,0.0,0.0,0.0,34.61175124342027,830.6820298420865,0.156947687043935,6.262192597841051e-05
1930-12-15,1930-12-26,406.0875,0.9120318780949216,370.3647452958713,0.6890000000000001,1930,12,15,1930.12,1930,3,76,11,0.0319995139935632,6.752015544830102,0.0182307188537509,0.75,4,Mod_Dry,31,5,3,2,36,77.0,0.2079031575710248,293.3647452958713,293.3647452958713,,2,146.68237264793564,146.68237264793564,0.0,0.0,0.0,0.0,0.0,0.0,0.0,0.0,31.0,5.0,3.0,2.0,36.0,332.3647452958713,990.0,965.2518237264792,24.7481762735207,0.152833593670169,0.0374681597796512,989.8096982465502,0.1405212030747131,0.1405212030747131,0.01,0.01,24.41735331699616,24.41735331699616,24.547874520070867,24.547874520070867,,0.9387942426371356,0.9387942426371356,0.0,0.0,32.975062753260524,32.975062753260524,0.0,0.0,0.709141134478721,0.709141134478721,0.0,0.0,0.97,0.97,0.96,0.96,31.985810870662707,31.985810870662707,0.0,0.0,63.97162174132541,1535.31892179181,0.1727260020124776,6.057270075251962e-05
1931-01-15,1931-01-26,564.6867,0.8760275090430032,494.6810831907137,0.5529999999999999,1931,1,15,1931.01,1930,4,107,16,0.0427404455876776,8.656056799405293,0.0174982571469548,0.77,4,Mod_Dry,34,5,4,3,45,91.0,0.183956902926318,403.6810831907137,403.6810831907137,,2,201.84054159535685,201.84054159535685,0.0,0.0,0.0,0.0,0.0,0.0,0.0,0.0,34.0,5.0,4.0,3.0,45.0,446.6810831907137,990.0,965.8260648743582,24.173935125641837,0.1931793761864718,0.0895374712660168,989.7172831525476,0.2149847311537317,0.2149847311537317,0.01,0.01,23.676233547035668,23.676233547035668,23.8812182781894,23.8812182781894,,0.9552433424223288,0.9552433424223288,0.0,0.0,44.76862306998633,44.76862306998633,0.0,0.0,0.9627660875265878,0.9627660875265878,0.0,0.0,0.98,0.98,0.96,0.96,43.8732506085866,43.8732506085866,0.0,0.0,87.7465012171732,2105.916029212157,0.1773799407311163,6.037941615502023e-05
1931-02-15,1931-02-26,764.3804,0.8926299826267534,682.3088631722309,0.445,1931,2,15,1931.02,1930,5,138,20,0.0589514857780807,9.15110634402754,0.0134119704989345,0.92,5,Dry,31,6,4,3,41,85.0,0.1245770128279045,597.3088631722309,597.3088631722309,,3,199.10295439074363,199.10295439074363,199.10295439074363,0.0,0.0,0.0,0.0,0.0,0.0,0.0,31.0,6.0,4.0,3.0,41.0,638.3088631722309,990.0,966.6292354526888,23.37076454731107,0.2892658619654488,0.2000023205990502,989.5107318174356,0.2112889884275039,0.2112889884275039,0.2112889884275039,0.01,22.670207376319063,22.670207376319063,22.670207376319063,22.87149636474657,,0.9542522827254084,0.9542522827254084,0.9542522827254084,0.0,42.24108882484799,42.24108882484799,42.24108882484799,0.0,0.9084105123623224,0.9084105123623224,0.9084105123623224,0.0,0.98,0.98,0.98,0.96,41.39626704835103,41.39626704835103,41.39626704835103,0.0,124.18880114505308,2980.531227481274,0.1820125867450513,5.775385455315468e-05
1931-03-15,1931-03-26,1053.0739999999996,0.9224728423044594,971.4321659369264,0.34,1931,3,15,1931.03,1930,6,166,24,0.0839317391369504,18.997082054007024,0.0195557474007304,0.89,4,Mod_Dry,41,8,7,6,67,129.0,0.1327936262802067,842.4321659369264,842.4321659369264,,4,210.6080414842316,210.6080414842316,210.6080414842316,210.6080414842316,0.0,0.0,0.0,0.0,0.0,0.0,41.0,8.0,7.0,6.0,67.0,898.4321659369264,990.0,967.7857286637476,22.214271336252292,0.4773718899653015,0.3467371683134723,989.1758909417211,0.2268208560037126,0.2268208560037126,0.2268208560037126,0.2268208560037126,21.163341421969847,21.163341421969847,21.163341421969847,21.163341421969847,,0.9542378381771116,0.9542378381771116,0.9542378381771116,0.9542378381771116,41.71137638632689,41.71137638632689,41.71137638632689,41.71137638632689,0.8970188470177826,0.8970188470177826,0.8970188470177826,0.8970188470177826,0.9797018847017782,0.9797018847017782,0.9797018847017782,0.9797018847017782,40.8647140591897,40.8647140591897,40.8647140591897,40.8647140591897,163.4588562367588,3923.012549682211,0.1682658470332883,5.389779697341666e-05
1931-04-15,1931-04-26,2859.6787,1.0192399753140005,2914.698847593973,0.093,1931,4,15,1931.04,1930,7,197,29,0.2518299804321192,19.241457247705053,0.0066015249786743,0.58,3,Normal,54,13,14,19,117,217.0,0.0744502301426884,2697.698847593973,1100.0,,4,275.0,275.0,275.0,275.0,1597.698847593973,46.0,5.0,11.0,61.0,1474.6988475939731,100.0,18.0,25.0,80.0,1591.6988475939731,1243.0,990.0,973.3078937700544,16.69210622994558,0.9262894125183112,0.648,988.4257105874816,0.28,0.28,0.28,0.28,14.837816817427298,14.837816817427298,14.837816817427298,14.837816817427298,,0.9400269009045638,0.9400269009045638,0.9400269009045638,0.9400269009045638,37.61678548667408,37.61678548667408,37.61678548667408,37.61678548667408,0.8089631287456792,0.8089631287456792,0.8089631287456792,0.8089631287456792,0.970896312874568,0.970896312874568,0.970896312874568,0.970896312874568,36.521998331205424,36.521998331205424,36.521998331205424,36.521998331205424,146.0879933248217,3506.1118397957207,0.0501211277609055,3.6890907405258e-05
1931-05-15,1931-05-26,2675.0157,1.01532983475929,2716.0232486595064,0.107,1931,5,15,1931.05,1930,8,227,33,0.2346644086841813,53.12582603822602,0.019560151432594,0.22,2,Mod_Wet,65,14,17,23,202,321.0,0.1181875008464782,2395.0232486595064,1100.0,,4,275.0,275.0,275.0,275.0,1295.0232486595064,35.0,4.0,8.0,57.0,1191.0232486595062,100.0,18.0,25.0,80.0,1393.0232486595062,1243.0,990.0,972.8283319795228,17.171668020477114,0.9262894125183112,0.648,988.4257105874816,0.28,0.28,0.28,0.28,15.317378607958831,15.317378607958831,15.317378607958831,15.317378607958831,,0.9422695144318354,0.9422695144318354,0.9422695144318354,0.9422695144318354,38.92521149858056,38.92521149858056,38.92521149858056,38.92521149858056,0.8371013225501196,0.8371013225501196,0.8371013225501196,0.8371013225501196,0.973710132255012,0.973710132255012,0.973710132255012,0.973710132255012,37.90187283633718,37.90187283633718,37.90187283633718,37.90187283633718,151.60749134534873,3638.5797922883694,0.055819658914987,3.828472003670423e-05
1931-06-15,1931-06-26,1463.3217,0.94550510416192,1383.5781363808978,0.248,1931,6,15,1931.06,1930,9,258,37,0.1195411509833096,8.540333092999617,0.0061726424178247,0.36,2,Mod_Wet,62,12,14,16,153,257.0,0.1857502610385628,1126.5781363808978,1100.0,,4,275.0,275.0,275.0,275.0,26.57813638089783,6.411846130800255,1.2410024769290815,1.4478362230839286,1.6546699692387754,15.82278158084579,68.41184613080026,13.24100247692908,15.447836223083929,17.654669969238775,168.8227815808458,1197.1006848308132,990.0,969.108483209846,20.89151679015401,0.8407736525554267,0.648,988.5112263474446,0.28,0.28,0.28,0.28,19.122743137598576,19.122743137598576,19.122743137598576,19.122743137598576,,0.9528068578439964,0.9528068578439964,0.9528068578439964,0.9528068578439964,49.13901640562603,49.13901640562603,49.13901640562603,49.13901640562603,1.056753040981205,1.056753040981205,1.056753040981205,1.056753040981205,0.98,0.98,0.98,0.98,48.15623607751351,48.15623607751351,48.15623607751351,48.15623607751351,192.62494431005405,4622.998663441297,0.1392223100705492,4.86426627045591e-05
1931-07-15,1931-07-26,666.0345,0.8753352736866753,583.0034913422678,0.493,1931,7,15,1931.07,1930,10,288,42,0.0503715016519719,18.77435081593819,0.0322028102657042,0.33,2,Mod_Wet,58,11,11,11,136,227.0,0.3893630198978235,356.0034913422678,356.0034913422678,,2,178.0017456711339,178.0017456711339,0.0,0.0,0.0,0.0,0.0,0.0,0.0,0.0,58.0,11.0,11.0,11.0,136.0,436.0034913422678,990.0,966.22351571104,23.776484288959864,0.1894109227313626,0.0670336479135504,989.7435554293552,0.1828023566560307,0.1828023566560307,0.01,0.01,23.337237361658904,23.337237361658904,23.51003971831493,23.51003971831493,,0.9493804397153076,0.9493804397153076,0.0,0.0,38.67699140901989,38.67699140901989,0.0,0.0,0.8317632561079547,0.8317632561079547,0.0,0.0,0.9731763256107956,0.9731763256107956,0.96,0.96,37.63953238511028,37.63953238511028,0.0,0.0,75.27906477022056,1806.6975544852933,0.1291228369780481,5.873777036910354e-05
1931-08-15,1931-08-26,448.7655,0.9091709283658698,408.00454625357366,0.643,1931,8,15,1931.08,1930,11,319,46,0.0352515927963087,5.727836216568846,0.0140386578266434,0.42,3,Normal,47,8,6,5,89,155.0,0.3798977276681322,253.0045462535737,253.0045462535737,,1,253.0045462535737,0.0,0.0,0.0,0.0,0.0,0.0,0.0,0.0,0.0,47.0,8.0,6.0,5.0,89.0,314.00454625357366,990.0,965.436020458141,24.563979541859,0.146353709769427,0.0184181458316867,989.8352281443988,0.28,0.01,0.01,0.01,24.11920768625791,24.389207686257908,24.389207686257908,24.389207686257908,,0.9511094648797987,0.0,0.0,0.0,56.91943300952857,0.0,0.0,0.0,1.2240738281619046,0.0,0.0,0.0,0.98,0.96,0.96,0.96,48.2,0.0,0.0,0.0,48.2,1156.8000000000002,0.1181359385393805,5.2919558510501566e-05
1931-09-15,1931-09-26,312.7836,0.9288272938647332,290.5219447532691,0.797,1931,9,15,1931.09,1930,12,350,50,0.0251010960266824,0.0,0.0,0.42,3,Normal,40,6,4,3,65,118.0,0.4061655311450348,172.5219447532691,172.5219447532691,,1,172.5219447532691,0.0,0.0,0.0,0.0,0.0,0.0,0.0,0.0,0.0,40.0,6.0,4.0,3.0,65.0,222.5219447532691,990.0,964.8620877790132,25.13791222098689,0.1140665224255058,0.0104143653040278,989.8755191122704,0.1754046254169133,0.01,0.01,0.01,24.838026707840445,25.00343133325736,25.00343133325736,25.00343133325736,,0.9462957447332716,0.0,0.0,0.0,39.76738386808451,0.0,0.0,0.0,0.8552125563028926,0.0,0.0,0.0,0.9755212556302892,0.96,0.96,0.96,38.79392824412551,0.0,0.0,0.0,38.79392824412551,931.0542778590122,0.1335318344955729,6.24621476087294e-05
1931-10-15,1931-10-26,250.8784,0.9414693900674836,236.1943342291061,0.893,1931,10,15,1931.1,1931,1,15,3,0.0204071904773947,0.0,0.0,0.48,3,Normal,37,5,3,2,50,97.0,0.4106787756640723,139.19433422910612,139.19433422910612,,1,139.19433422910612,0.0,0.0,0.0,0.0,0.0,0.0,0.0,0.0,0.0,37.0,5.0,3.0,2.0,50.0,184.1943342291061,990.0,964.6171660053748,25.382833994625344,0.1005392437103338,0.007581518409474,989.8918792378802,0.1304123512092932,0.01,0.01,0.01,25.144300881296225,25.26471323250552,25.26471323250552,25.26471323250552,,0.9344739085095382,0.0,0.0,0.0,32.07502491537075,0.0,0.0,0.0,0.6897854820509838,0.0,0.0,0.0,0.97,0.96,0.96,0.96,31.112774167909624,0.0,0.0,0.0,31.112774167909624,746.706580029831,0.1317253196163907,6.208900180260796e-05
1931-11-15,1931-11-26,308.9022,0.9297022486736368,287.1870699602335,0.8029999999999999,1931,11,15,1931.11,1931,2,46,7,0.0248129628445641,3.5791013442452027,0.0124626131139566,0.23,2,Mod_Wet,40,6,4,3,53,106.0,0.3690973970892133,181.1870699602335,181.1870699602335,,1,181.1870699602335,0.0,0.0,0.0,0.0,0.0,0.0,0.0,0.0,0.0,40.0,6.0,4.0,3.0,53.0,231.1870699602335,990.0,964.848748279841,25.151251720159053,0.1171248122013348,0.0111509009466198,989.871724286852,0.1871025444463152,0.01,0.01,0.01,24.835873462564724,25.01297600701104,25.01297600701104,25.01297600701104,,0.9489485934401178,0.0,0.0,0.0,41.87820189370117,0.0,0.0,0.0,0.9006064923376595,0.0,0.0,0.0,0.98,0.96,0.96,0.96,41.04063785582714,0.0,0.0,0.0,41.04063785582714,984.9753085398514,0.1429055906364795,6.291937490173162e-05
1931-12-15,1931-12-26,672.3268,0.8764068829576366,589.2318351168824,0.488,1931,12,15,1931.12,1931,3,76,11,0.0509096305540986,0.0,0.0,0.05,1,Wet,44,8,6,4,64,126.0,0.2138377332837187,463.2318351168824,463.2318351168824,,2,231.6159175584412,231.6159175584412,0.0,0.0,0.0,0.0,0.0,0.0,0.0,0.0,44.0,8.0,6.0,4.0,64.0,521.2318351168824,990.0,966.251543258026,23.74845674197411,0.2227321398572765,0.1176454261751685,989.6596224339676,0.2551814887038956,0.2551814887038956,0.01,0.01,23.152897687237783,23.152897687237783,23.39807917594168,23.39807917594168,,0.9572474609356768,0.9572474609356768,0.0,0.0,50.34272012333022,50.34272012333022,0.0,0.0,1.082639142437209,1.082639142437209,0.0,0.0,0.98,0.98,0.96,0.96,48.2,48.2,0.0,0.0,96.4,2313.6000000000004,0.1636028372107181,5.780642811611e-05
1932-01-15,1932-01-26,916.7204,0.9105214280240044,834.6935677067364,0.383,1932,1,15,1932.01,1931,4,107,16,0.072117524249862,42.24534420070495,0.0506118003482058,0.29,2,Mod_Wet,46,7,6,4,76,139.0,0.1665281791758537,695.6935677067364,695.6935677067364,,3,231.89785590224548,231.89785590224548,231.89785590224548,0.0,0.0,0.0,0.0,0.0,0.0,0.0,46.0,7.0,6.0,4.0,76.0,754.6935677067364,990.0,967.2387742708268,22.76122572917313,0.355406143434498,0.2657233032280999,989.3788705533374,0.2555621054680314,0.2555621054680314,0.2555621054680314,0.01,21.88453417704248,21.88453417704248,21.88453417704248,22.13009628251051,,0.9569009212958798,0.9569009212958798,0.9569009212958798,0.0,47.62551799850085,47.62551799850085,47.62551799850085,0.0,1.0242046881398033,1.0242046881398033,1.0242046881398033,0.0,0.98,0.98,0.98,0.96,46.67300763853083,46.67300763853083,46.67300763853083,0.0,140.01902291559247,3360.45654997422,0.1677490139288903,5.590704706429673e-05
1932-02-15,1932-02-26,1130.1421,0.9379332643780708,1059.9978690640885,0.316,1932,2,15,1932.02,1931,5,138,20,0.0915838158871372,0.0,0.0,0.33,2,Mod_Wet,49,8,7,5,93,162.0,0.1528304959169737,897.9978690640885,897.9978690640885,,4,224.49946726602207,224.49946726602207,224.49946726602207,224.49946726602207,0.0,0.0,0.0,0.0,0.0,0.0,49.0,8.0,7.0,5.0,93.0,961.9978690640884,990.0,968.0885647313444,21.911435268655737,0.5355353718829833,0.3736309686270188,989.09083365949,0.2455742808091298,0.2455742808091298,0.2455742808091298,0.2455742808091298,20.75669464733665,20.75669464733665,20.75669464733665,20.75669464733665,,0.9552054716715856,0.9552054716715856,0.9552054716715856,0.9552054716715856,43.65248906762906,43.65248906762906,43.65248906762906,43.65248906762906,0.9387632057554636,0.9387632057554636,0.9387632057554636,0.9387632057554636,0.98,0.98,0.98,0.98,42.77943928627648,42.77943928627648,42.77943928627648,42.77943928627648,171.1177571451059,4106.826171482542,0.1614321708931284,5.293187429010776e-05
1932-03-15,1932-03-26,3134.7263,1.0242753271445222,3210.822806441037,0.072,1932,3,15,1932.03,1931,6,167,24,0.2774150904765056,247.2694617925504,0.0770112449981724,0.4,2,Mod_Wet,59,11,12,13,144,239.0,0.0744357488431179,2971.822806441037,1100.0,,4,275.0,275.0,275.0,275.0,1871.8228064410368,40.99999999999994,7.0,13.0,67.0,1743.8228064410368,100.0,18.0,25.0,80.0,1887.8228064410368,1243.0,990.0,974.0076959469822,15.992304053017849,0.9262894125183112,0.648,988.4257105874816,0.28,0.28,0.28,0.28,14.138014640499565,14.138014640499565,14.138014640499565,14.138014640499565,,0.9358280878429974,0.9358280878429974,0.9358280878429974,0.9358280878429974,35.682551090734435,35.682551090734435,35.682551090734435,35.682551090734435,0.7673666901233211,0.7673666901233211,0.7673666901233211,0.7673666901233211,0.97,0.97,0.97,0.97,34.6120745580124,34.6120745580124,34.6120745580124,34.6120745580124,138.4482982320496,3322.7591575691904,0.0431192583889453,3.49616914727398e-05
1932-04-15,1932-04-26,3052.1754,1.0230557447200064,3122.545576863084,0.077,1932,4,15,1932.04,1931,7,198,29,0.2697879378409704,25.74124935045666,0.0082436745010833,0.41,3,Normal,54,13,14,19,117,217.0,0.0694945821152748,2905.545576863084,1100.0,,4,275.0,275.0,275.0,275.0,1805.545576863084,46.0,5.0,10.999999999999986,61.0,1682.545576863084,100.0,18.0,25.0,80.0,1799.545576863084,1243.0,990.0,973.8095927717384,16.190407228261506,0.9262894125183112,0.648,988.4257105874816,0.28,0.28,0.28,0.28,14.336117815743224,14.336117815743224,14.336117815743224,14.336117815743224,,0.9370167068944594,0.9370167068944594,0.9370167068944594,0.9370167068944594,36.2284946752359,36.2284946752359,36.2284946752359,36.2284946752359,0.7791074123706645,0.7791074123706645,0.7791074123706645,0.7791074123706645,0.97,0.97,0.97,0.97,35.141639834978825,35.141639834978825,35.141639834978825,35.141639834978825,140.5665593399153,3373.597424157967,0.0450166557636378,3.5496605893918005e-05
1932-05-15,1932-05-26,1769.9945,0.9864250135611264,1745.9668486656192,0.202,1932,5,15,1932.05,1931,8,228,33,0.1508515357247095,55.72302225137879,0.0319152808049969,0.6900000000000001,3,Normal,55,13,13,17,178,276.0,0.1580786028159338,1469.9668486656192,1100.0,,4,275.0,275.0,275.0,275.0,369.9668486656192,45.000000000000014,5.0,12.0,22.78781314244756,285.17903552317165,100.0,18.0,25.0,39.78781314244756,463.1790355231717,1243.0,990.0,970.2792775110736,19.720722488926413,0.9262894125183112,0.648,988.4257105874816,0.28,0.28,0.28,0.28,17.86643307640813,17.86643307640813,17.86643307640813,17.86643307640813,,0.9508159074983265,0.9508159074983265,0.9508159074983265,0.9508159074983265,45.81478884314367,45.81478884314367,45.81478884314367,45.81478884314367,0.985264276196638,0.985264276196638,0.985264276196638,0.985264276196638,0.98,0.98,0.98,0.98,44.89849306628079,44.89849306628079,44.89849306628079,44.89849306628079,179.59397226512317,4310.255334362956,0.102862189166066,4.535201319826343e-05
1932-06-15,1932-06-26,1086.9032,0.940956999887256,1022.729174239858,0.328,1932,6,15,1932.06,1931,9,259,37,0.0883638006543237,20.10842443395836,0.0196615340018083,0.7000000000000001,4,Mod_Dry,45,10,9,9,88,161.0,0.1574219295344371,861.729174239858,861.729174239858,,4,215.4322935599645,215.4322935599645,215.4322935599645,215.4322935599645,0.0,0.0,0.0,0.0,0.0,0.0,45.0,10.0,9.0,9.0,88.0,925.729174239858,990.0,967.971434547611,22.02856545238899,0.5023490233993206,0.3560769203320912,989.1415740562686,0.2333335963059521,0.2333335963059521,0.2333335963059521,0.2333335963059521,20.936805912351648,20.936805912351648,20.936805912351648,20.936805912351648,,0.9544828067772984,0.9544828067772984,0.9544828067772984,0.9544828067772984,42.22095393471592,42.22095393471592,42.22095393471592,42.22095393471592,0.9079775039723852,0.9079775039723852,0.9079775039723852,0.9079775039723852,0.98,0.98,0.98,0.98,41.37653485602159,41.37653485602159,41.37653485602159,41.37653485602159,165.50613942408637,3972.147346178073,0.1618279243350015,5.335078466892564e-05
1932-07-15,1932-07-26,576.0661,0.8889914195501405,512.1178199937132,0.544,1932,7,15,1932.07,1931,10,289,42,0.0442469796474568,10.901412777171233,0.0212869233437435,0.56,3,Normal,50,10,9,9,108,186.0,0.3631976719776776,326.1178199937132,326.1178199937132,,2,163.05890999685658,163.05890999685658,0.0,0.0,0.0,0.0,0.0,0.0,0.0,0.0,50.0,10.0,9.0,9.0,108.0,395.1178199937132,990.0,965.9045301899716,24.09546981002836,0.1749811007598154,0.0529276110370326,989.7720912882032,0.1626295284957564,0.1626295284957564,0.01,0.01,23.70493156973572,23.70493156973572,23.857561098231475,23.857561098231475,,0.9449280461190028,0.9449280461190028,0.0,0.0,35.819595703246726,35.819595703246726,0.0,0.0,0.7703138860913274,0.7703138860913274,0.0,0.0,0.97,0.97,0.96,0.96,34.74500783214933,34.74500783214933,0.0,0.0,69.49001566429865,1667.7603759431677,0.1356914619084173,5.918959635307253e-05
1932-08-15,1932-08-26,406.0875,0.9120318780949216,370.3647452958713,0.6890000000000001,1932,8,15,1932.08,1931,11,320,46,0.0319995139935632,6.752015544830102,0.0182307188537509,0.52,3,Normal,47,8,6,5,89,155.0,0.4185063561494656,215.36474529587127,215.36474529587127,,1,215.36474529587127,0.0,0.0,0.0,0.0,0.0,0.0,0.0,0.0,0.0,47.0,8.0,6.0,5.0,89.0,276.3647452958713,990.0,965.2518237264792,24.7481762735207,0.1330694561678698,0.014056003350149,989.852874540482,0.2332424061494262,0.01,0.01,0.01,24.36780840785332,24.591050814002745,24.591050814002745,24.591050814002745,,0.957361037456024,0.0,0.0,0.0,49.27260586619733,0.0,0.0,0.0,1.059625932606394,0.0,0.0,0.0,0.98,0.96,0.96,0.96,48.2,0.0,0.0,0.0,48.2,1156.8000000000002,0.1301419765574467,6.216843369835223e-05
1932-09-15,1932-09-26,305.0513,0.9297058187130764,283.6079686159883,0.8130000000000001,1932,9,15,1932.09,1931,12,351,51,0.0245037284884213,3.5791013442452027,0.0126198899195649,0.46,3,Normal,40,6,4,3,65,118.0,0.4160672937923501,165.60796861598828,165.60796861598828,,1,165.60796861598828,0.0,0.0,0.0,0.0,0.0,0.0,0.0,0.0,0.0,40.0,6.0,4.0,3.0,65.0,215.60796861598828,990.0,964.834431874464,25.165568125536083,0.1116262873422345,0.009826677332359,989.8785470353254,0.1660707576315842,0.01,0.01,0.01,24.878044403229868,25.03411516086145,25.03411516086145,25.03411516086145,,0.9441269279341368,0.0,0.0,0.0,38.147541373469,0.0,0.0,0.0,0.820377233838043,0.0,0.0,0.0,0.9720377233838042,0.96,0.96,0.96,37.080849269356285,0.0,0.0,0.0,37.080849269356285,889.9403824645508,0.1307468526018907,6.219649932449028e-05
1932-10-15,1932-10-26,227.8423,0.9755995102100816,222.2828362851385,0.922,1932,10,15,1932.1,1932,1,15,3,0.0192052370550359,0.0,0.0,0.52,3,Normal,37,5,3,2,50,97.0,0.4363809712935774,125.2828362851385,125.2828362851385,,1,125.2828362851385,0.0,0.0,0.0,0.0,0.0,0.0,0.0,0.0,0.0,37.0,5.0,3.0,2.0,50.0,170.2828362851385,990.0,964.5336970177108,25.466302982289108,0.0956294264662941,0.0063990410842367,989.8979715324494,0.1116318289849369,0.01,0.01,0.01,25.252642685753617,25.354274514738552,25.354274514738552,25.354274514738552,,0.9286907015359086,0.0,0.0,0.0,28.814308872572017,0.0,0.0,0.0,0.6196625563993983,0.0,0.0,0.0,0.97,0.96,0.96,0.96,27.949879606394852,0.0,0.0,0.0,27.949879606394852,670.7971105534765,0.1257401609296612,6.197062324284056e-05
1932-11-15,1932-11-26,206.1864,0.9756711054590376,201.1701128186193,0.952,1932,11,15,1932.11,1932,2,46,7,0.0173810977475287,5.962409047046889,0.0296386424579021,0.8,4,Mod_Dry,29,4,2,2,30,67.0,0.3330514610806482,134.1701128186193,134.1701128186193,,1,134.1701128186193,0.0,0.0,0.0,0.0,0.0,0.0,0.0,0.0,0.0,29.0,4.0,2.0,2.0,30.0,169.1701128186193,990.0,964.4070206769117,25.592979323088343,0.095236710391737,0.0071544595895826,989.8976088300186,0.123629652305136,0.01,0.01,0.01,25.366958500801815,25.480588153106957,25.480588153106957,25.480588153106957,,0.9320959884610824,0.0,0.0,0.0,31.111684192193717,0.0,0.0,0.0,0.6690684772514777,0.0,0.0,0.0,0.97,0.96,0.96,0.96,30.1783336664279,0.0,0.0,0.0,30.1783336664279,724.2800079942696,0.1500140017997482,6.247941726209324e-05
1932-12-15,1932-12-26,349.1046,0.9270188758292952,323.62655383883583,0.7509999999999999,1932,12,15,1932.12,1932,3,76,11,0.0279613342516754,11.810983758974546,0.0364957189664243,0.84,4,Mod_Dry,31,5,3,2,36,77.0,0.2379285602081514,246.62655383883583,246.62655383883583,,1,246.62655383883583,0.0,0.0,0.0,0.0,0.0,0.0,0.0,0.0,0.0,31.0,5.0,3.0,2.0,36.0,285.62655383883583,990.0,965.0181327691942,24.981867230805847,0.1363382357672113,0.016713257076301,989.8469485071564,0.2754458476824284,0.01,0.01,0.01,24.553369890279946,24.81881573796237,24.81881573796237,24.81881573796237,,0.9565801309485528,0.0,0.0,0.0,56.80819577346669,0.0,0.0,0.0,1.2216816295369182,0.0,0.0,0.0,0.98,0.96,0.96,0.96,48.2,0.0,0.0,0.0,48.2,1156.8000000000002,0.1489370987276999,5.428810758811555e-05
1933-01-15,1933-01-26,678.6565,0.8777769920279594,595.7090611902229,0.485,1933,1,15,1933.01,1932,4,107,16,0.0514692628868352,6.477226073340488,0.0108731367295287,0.45,3,Normal,41,6,4,3,66,120.0,0.2014406155921831,475.7090611902229,475.7090611902229,,2,237.85453059511144,237.85453059511144,0.0,0.0,0.0,0.0,0.0,0.0,0.0,0.0,41.0,6.0,4.0,3.0,66.0,526.7090611902229,990.0,966.280690775356,23.719309224644007,0.225844793496853,0.1235346768817852,989.6506205296212,0.2636036163034004,0.2636036163034004,0.01,0.01,23.106326137961887,23.106326137961887,23.359929754265284,23.359929754265284,,0.956436249013362,0.956436249013362,0.0,0.0,51.55099524236039,51.55099524236039,0.0,0.0,1.108623553599148,1.108623553599148,0.0,0.0,0.98,0.98,0.96,0.96,48.2,48.2,0.0,0.0,96.4,2313.6000000000004,0.1618239611923871,5.629024116290711e-05
1933-02-15,1933-02-26,856.6266,0.8970607168566745,768.4460718744957,0.407,1933,2,15,1933.02,1932,5,138,20,0.0663937406099564,7.9178605552057215,0.0103037296239818,0.71,4,Mod_Dry,36,6,5,4,54,105.0,0.1366393867351941,663.4460718744957,663.4460718744957,,3,221.14869062483191,221.14869062483191,221.14869062483191,0.0,0.0,0.0,0.0,0.0,0.0,0.0,36.0,6.0,5.0,4.0,54.0,710.4460718744957,990.0,966.973784287498,23.026215712502108,0.3302607272876767,0.2441819760121631,989.4255572967002,0.2410507323435231,0.2410507323435231,0.2410507323435231,0.01,22.210722276858743,22.210722276858743,22.210722276858743,22.44177300920227,,0.9567853846536944,0.9567853846536944,0.9567853846536944,0.0,46.08931847119741,46.08931847119741,46.08931847119741,0.0,0.9911681391655356,0.9911681391655356,0.9911681391655356,0.0,0.98,0.98,0.98,0.96,45.16753210177346,45.16753210177346,45.16753210177346,0.0,135.50259630532037,3252.062311327689,0.1763332539065291,5.6733488493593056e-05
1933-03-15,1933-03-26,1201.5505,0.921902008637954,1107.711819429938,0.298,1933,3,15,1933.03,1932,6,166,24,0.0957063011987466,18.25576994477524,0.01648061312027,0.77,4,Mod_Dry,41,8,7,6,67,129.0,0.1164562819835102,978.711819429938,978.711819429938,,4,244.6779548574845,244.6779548574845,244.6779548574845,244.6779548574845,0.0,0.0,0.0,0.0,0.0,0.0,41.0,8.0,7.0,6.0,67.0,1034.711819429938,990.0,968.2385228610656,21.761477138934534,0.6027996307530337,0.41269652060409,988.9845038486428,0.2728152390576041,0.2728152390576041,0.2728152390576041,0.2728152390576041,20.473165748519865,20.473165748519865,20.473165748519865,20.473165748519865,,0.9555747485474162,0.9555747485474162,0.9555747485474162,0.9555747485474162,46.94433685878816,46.94433685878816,46.94433685878816,46.94433685878816,1.0095556313717884,1.0095556313717884,1.0095556313717884,1.0095556313717884,0.98,0.98,0.98,0.98,46.00545012161239,46.00545012161239,46.00545012161239,46.00545012161239,184.0218004864496,4416.523211674789,0.1661278658028157,5.222902777608768e-05
1933-04-15,1933-04-26,1579.4263,0.9567215637917794,1511.0711996298642,0.229,1933,4,15,1933.04,1932,7,197,29,0.1305565516480202,0.0,0.0,0.8,4,Mod_Dry,45,11,10,10,72,148.0,0.0979437633622112,1363.0711996298642,1100.0,,4,275.0,275.0,275.0,275.0,263.07119962986417,55.0,7.0,15.0,17.775081056071905,168.29611857379228,100.0,18.0,25.0,27.775081056071905,240.29611857379228,1243.0,990.0,969.5203838757272,20.479616124272752,0.9262894125183112,0.648,988.4257105874816,0.28,0.28,0.28,0.28,18.625326711754468,18.625326711754468,18.625326711754468,18.625326711754468,,0.9520316583896932,0.9520316583896932,0.9520316583896932,0.9520316583896932,47.82188418205192,47.82188418205192,47.82188418205192,47.82188418205192,1.0284276168183208,1.0284276168183208,1.0284276168183208,1.0284276168183208,0.98,0.98,0.98,0.98,46.86544649841088,46.86544649841088,46.86544649841088,46.86544649841088,187.4617859936435,4499.082863847444,0.1240588703163438,4.733883484687967e-05
1933-05-15,1933-05-26,1086.9032,0.940956999887256,1022.729174239858,0.328,1933,5,15,1933.05,1932,8,227,33,0.0883638006543237,0.0,0.0,0.93,5,Dry,42,9,8,6,82,147.0,0.1437330660966599,875.729174239858,875.729174239858,,4,218.9322935599645,218.9322935599645,218.9322935599645,218.9322935599645,0.0,0.0,0.0,0.0,0.0,0.0,42.0,9.0,8.0,6.0,82.0,934.729174239858,990.0,967.971434547611,22.02856545238899,0.5105841456666216,0.3628529203320912,989.1265629340012,0.2380585963059521,0.2380585963059521,0.2380585963059521,0.2380585963059521,20.917069790084337,20.917069790084337,20.917069790084337,20.917069790084337,,0.9548482463838928,0.9548482463838928,0.9548482463838928,0.9548482463838928,42.88285845745046,42.88285845745046,42.88285845745046,42.88285845745046,0.9222120098376444,0.9222120098376444,0.9222120098376444,0.9222120098376444,0.98,0.98,0.98,0.98,42.02520128830145,42.02520128830145,42.02520128830145,42.02520128830145,168.1008051532058,4034.41932367694,0.1643649261087584,5.3320900424088505e-05
1933-06-15,1933-06-26,494.165,0.8960553284209241,442.799181369126,0.602,1933,6,15,1933.06,1932,9,258,37,0.0382578492702924,2.742172636805037,0.006192813248494,0.94,5,Dry,39,9,7,5,59,119.0,0.2687448509549056,323.799181369126,323.799181369126,,2,161.899590684563,161.899590684563,0.0,0.0,0.0,0.0,0.0,0.0,0.0,0.0,39.0,9.0,7.0,5.0,59.0,378.799181369126,990.0,965.592596316161,24.407403683838996,0.1692217468736248,0.0518332136062274,989.7789450395202,0.16106444742416,0.16106444742416,0.01,0.01,24.02528427593501,24.02528427593501,24.176348723359173,24.176348723359173,,0.9444432382950828,0.9444432382950828,0.0,0.0,36.027062005118545,36.027062005118545,0.0,0.0,0.7747755269917966,0.7747755269917966,0.0,0.0,0.97,0.97,0.96,0.96,34.946250144964985,34.946250144964985,0.0,0.0,69.89250028992997,1677.4200069583194,0.1578424333889321,5.995871679408946e-05
1933-07-15,1933-07-26,357.5196,0.9208048873506705,329.2057950036568,0.742,1933,7,15,1933.07,1932,10,288,42,0.0284433806883159,0.0,0.0,0.94,5,Dry,37,8,6,4,53,108.0,0.3280622687665639,221.2057950036568,221.2057950036568,,1,221.2057950036568,0.0,0.0,0.0,0.0,0.0,0.0,0.0,0.0,0.0,37.0,8.0,6.0,4.0,53.0,272.2057950036568,990.0,965.0460289750184,24.953971024981684,0.1316016335707171,0.0145524925753108,989.853845873854,0.2411278232549367,0.01,0.01,0.01,24.56668907558072,24.79781689883565,24.79781689883565,24.79781689883565,,0.958431686635894,0.0,0.0,0.0,51.07907128703742,0.0,0.0,0.0,1.098474651334138,0.0,0.0,0.0,0.98,0.96,0.96,0.96,48.2,0.0,0.0,0.0,48.2,1156.8000000000002,0.1464129755050776,6.052684509765016e-05
1933-08-15,1933-08-26,254.284,0.9424159355737844,239.64129376144416,0.89,1933,8,15,1933.08,1932,11,319,46,0.0207050077809887,6.5541301818444415,0.0273497529535493,0.95,5,Dry,34,7,5,3,44,93.0,0.3880800280296381,146.64129376144416,146.64129376144416,,1,146.64129376144416,0.0,0.0,0.0,0.0,0.0,0.0,0.0,0.0,0.0,34.0,7.0,5.0,3.0,44.0,192.64129376144416,990.0,964.6378477625686,25.36215223743136,0.103520448735028,0.0082145099697227,989.8882650412952,0.1404657465779496,0.01,0.01,0.01,25.10995153214861,25.24041727872656,25.24041727872656,25.24041727872656,,0.937566055380298,0.0,0.0,0.0,33.8565524649172,0.0,0.0,0.0,0.7280979024713377,0.0,0.0,0.0,0.97,0.96,0.96,0.96,32.840855890969685,0.0,0.0,0.0,32.840855890969685,788.1805413832724,0.1370417233837077,6.220935273903274e-05
1933-09-15,1933-09-26,197.3191,0.9892995851469644,195.20770377157243,0.965,1933,9,15,1933.09,1932,12,350,50,0.0168659456058638,5.040278496767371,0.0258200798400117,0.95,5,Dry,30,6,4,2,30,72.0,0.3688379024439155,123.20770377157244,123.20770377157244,,1,123.20770377157244,0.0,0.0,0.0,0.0,0.0,0.0,0.0,0.0,0.0,30.0,6.0,4.0,2.0,30.0,163.20770377157243,990.0,964.4095845924568,25.59041540754322,0.0931323835339738,0.0062226548205836,989.9006449616454,0.1088304000916227,0.01,0.01,0.01,25.382229969097008,25.48106036918863,25.48106036918863,25.48106036918863,,0.927143452420188,0.0,0.0,0.0,28.435002672050786,0.0,0.0,0.0,0.6115054338075437,0.0,0.0,0.0,0.97,0.96,0.96,0.96,27.581952591889262,0.0,0.0,0.0,27.581952591889262,661.9668622053423,0.1412954102680549,6.218485746598892e-05
1933-10-15,1933-10-26,161.6793,1.0585027423930735,171.1379824381925,0.987,1933,10,15,1933.1,1933,1,15,3,0.0147863216826598,0.0,0.0,0.91,5,Dry,24,4,2,2,20,52.0,0.3038483874775146,119.1379824381925,119.1379824381925,,1,119.1379824381925,0.0,0.0,0.0,0.0,0.0,0.0,0.0,0.0,0.0,24.0,4.0,2.0,2.0,20.0,149.1379824381925,990.0,964.4577240351236,25.542275964876357,0.0881667241420305,0.0058767285072463,989.9059565473508,0.1033362762915598,0.01,0.01,0.01,25.34489623593548,25.438232512227035,25.438232512227035,25.438232512227035,,0.9243533719664389,0.0,0.0,0.0,27.372690570564348,0.0,0.0,0.0,0.588660012270201,0.0,0.0,0.0,0.97,0.96,0.96,0.96,26.551509853447417,0.0,0.0,0.0,26.551509853447417,637.236236482738,0.1551467971935257,6.190653268416463e-05
1933-11-15,1933-11-26,212.2351,0.9734329677943336,206.5966432631272,0.942,1933,11,15,1933.11,1933,2,46,7,0.0178499499779341,4.4318307167643525,0.0214516104751994,0.86,4,Mod_Dry,29,4,2,2,30,67.0,0.3243034298222694,139.5966432631272,139.5966432631272,,1,139.5966432631272,0.0,0.0,0.0,0.0,0.0,0.0,0.0,0.0,0.0,29.0,4.0,2.0,2.0,30.0,174.5966432631272,990.0,964.4395798595788,25.56042014042123,0.0971519083710678,0.0076157146773658,989.8952323769516,0.1309554684052217,0.01,0.01,0.01,25.324697048967533,25.445652517372757,25.445652517372757,25.445652517372757,,0.9343313606932964,0.0,0.0,0.0,32.393573488318005,0.0,0.0,0.0,0.6966359889960861,0.0,0.0,0.0,0.97,0.96,0.96,0.96,31.421766283668465,0.0,0.0,0.0,31.421766283668465,754.1223908080432,0.1520923369681705,6.252491613052703e-05
1933-12-15,1933-12-26,429.4657,0.9060885103777592,389.1339363713416,0.6629999999999999,1933,12,15,1933.12,1933,3,76,11,0.0336211721024839,8.29699401214026,0.0213216921903789,0.62,3,Normal,38,5,4,3,54,104.0,0.267260164892828,285.1339363713416,285.1339363713416,,2,142.5669681856708,142.5669681856708,0.0,0.0,0.0,0.0,0.0,0.0,0.0,0.0,38.0,5.0,4.0,3.0,54.0,332.1339363713416,990.0,965.3456696818566,24.65433031814337,0.1527521340394339,0.0335832179672732,989.8136646479932,0.1349654070506555,0.1349654070506555,0.01,0.01,24.33302955908599,24.33302955908599,24.45799496613664,24.45799496613664,,0.9371915924526444,0.9371915924526444,0.0,0.0,31.884688693407703,31.884688693407703,0.0,0.0,0.6856922299657571,0.6856922299657571,0.0,0.0,0.97,0.97,0.96,0.96,30.92814803260547,30.92814803260547,0.0,0.0,61.85629606521094,1484.5511055650627,0.158958883519691,6.026046804958838e-05
1934-01-15,1934-01-26,730.6486,0.8864028278959922,647.6489852382476,0.462,1934,1,15,1934.01,1933,4,107,16,0.0559568723245846,17.53638655417592,0.0270769922502463,0.41,3,Normal,41,6,4,3,66,120.0,0.1852855524136367,527.6489852382476,527.6489852382476,,2,263.8244926191238,263.8244926191238,0.0,0.0,0.0,0.0,0.0,0.0,0.0,0.0,41.0,6.0,4.0,3.0,66.0,578.6489852382476,990.0,966.490595940953,23.50940405904703,0.2553617408462265,0.1534695221391494,989.5911687370146,0.28,0.28,0.01,0.01,22.82057279606167,22.82057279606167,23.090572796061668,23.090572796061668,,0.9505376682833784,0.9505376682833784,0.0,0.0,56.124138025953535,56.124138025953535,0.0,0.0,1.2069707102355598,1.2069707102355598,0.0,0.0,0.98,0.98,0.96,0.96,48.2,48.2,0.0,0.0,96.4,2313.6000000000004,0.1488460604389548,5.0749226335926514e-05
1934-02-15,1934-02-26,916.7204,0.9105214280240044,834.6935677067364,0.383,1934,2,15,1934.02,1933,5,138,20,0.072117524249862,0.0,0.0,0.62,3,Normal,43,7,5,4,78,137.0,0.1641320902668486,697.6935677067364,697.6935677067364,,3,232.5645225689121,232.5645225689121,232.5645225689121,0.0,0.0,0.0,0.0,0.0,0.0,0.0,43.0,7.0,5.0,4.0,78.0,752.6935677067364,990.0,967.2387742708268,22.76122572917313,0.3542695631298337,0.2670593032280999,989.378671133642,0.2564621054680314,0.2564621054680314,0.2564621054680314,0.01,21.883434757347217,21.883434757347217,21.883434757347217,22.129896862815247,,0.9569014641127622,0.9569014641127622,0.9569014641127622,0.0,47.76006085320061,47.76006085320061,47.76006085320061,0.0,1.0270980828645293,1.0270980828645293,1.0270980828645293,0.0,0.98,0.98,0.98,0.96,46.8048596361366,46.8048596361366,46.8048596361366,0.0,140.4145789084098,3369.949893801835,0.1682229075925303,5.5904270158292735e-05
1934-03-15,1934-03-26,3168.1362,1.0261606943378303,3251.016842748816,0.071,1934,3,15,1934.03,1933,6,166,24,0.2808878552134977,128.471265885732,0.0395172563231343,0.35,2,Mod_Wet,59,11,12,13,144,239.0,0.0735154604114322,3012.016842748816,1100.0,,4,275.0,275.0,275.0,275.0,1912.016842748816,41.0,7.0,13.0,67.0,1784.0168427488163,100.0,18.0,25.0,80.0,1928.0168427488163,1243.0,990.0,974.09286902392,15.907130976079884,0.9262894125183112,0.648,988.4257105874816,0.28,0.28,0.28,0.28,14.052841563561602,14.052841563561602,14.052841563561602,14.052841563561602,,0.9353170493813696,0.9353170493813696,0.9353170493813696,0.9353170493813696,35.44821688141533,35.44821688141533,35.44821688141533,35.44821688141533,0.76232724476162,0.76232724476162,0.76232724476162,0.76232724476162,0.97,0.97,0.97,0.97,34.38477037497287,34.38477037497287,34.38477037497287,34.38477037497287,137.53908149989147,3300.937955997395,0.0423064807574477,3.4732091287851375e-05
1934-04-15,1934-04-26,3903.1648,1.0120830181699707,3950.3268111987895,0.039,1934,4,15,1934.04,1933,7,197,29,0.3413082364875754,37.7244488057795,0.0095497032546356,0.18,2,Mod_Wet,70,14,18,25,168,295.0,0.0746773657216673,3655.3268111987895,1100.0,,4,275.0,275.0,275.0,275.0,2555.326811198789,30.0,4.0,7.0,55.0,2459.326811198789,100.0,18.0,25.0,80.0,2627.326811198789,1243.0,990.0,975.5747401475404,14.425259852459703,0.9262894125183112,0.648,988.4257105874816,0.28,0.28,0.28,0.28,12.57097043994142,12.57097043994142,12.57097043994142,12.57097043994142,,0.9251387339594728,0.9251387339594728,0.9251387339594728,0.9251387339594728,31.36512791075717,31.36512791075717,31.36512791075717,31.36512791075717,0.6745188798012295,0.6745188798012295,0.6745188798012295,0.6745188798012295,0.97,0.97,0.97,0.97,30.42417407343445,30.42417407343445,30.42417407343445,30.42417407343445,121.69669629373782,2920.7207110497075,0.0308067413432072,3.073148896306511e-05
1934-05-15,1934-05-26,2328.6506,1.0027954239303196,2335.160165612593,0.139,1934,5,15,1934.05,1933,8,227,33,0.201757838308928,60.57903266180893,0.025942131744919,0.39,2,Mod_Wet,65,14,17,23,202,321.0,0.1374638042936085,2014.160165612593,1100.0,,4,275.0,275.0,275.0,275.0,914.1601656125932,35.0,4.0,7.999999999999993,57.0,810.1601656125931,100.0,18.0,25.0,80.0,1012.1601656125932,1243.0,990.0,971.9090072963064,18.0909927036937,0.9262894125183112,0.648,988.4257105874816,0.28,0.28,0.28,0.28,16.236703291175417,16.236703291175417,16.236703291175417,16.236703291175417,,0.945710109873526,0.945710109873526,0.945710109873526,0.945710109873526,41.41210243294174,41.41210243294174,41.41210243294174,41.41210243294174,0.8905828480202524,0.8905828480202524,0.8905828480202524,0.8905828480202524,0.9790582848020252,0.9790582848020252,0.9790582848020252,0.9790582848020252,40.54486197804172,40.54486197804172,40.54486197804172,40.54486197804172,162.17944791216686,3892.306749892005,0.0694511024555875,4.095440603842597e-05
1934-06-15,1934-06-26,1219.8351,0.9229021768936402,1125.7884692412713,0.294,1934,6,15,1934.06,1933,9,258,37,0.0972681237424458,15.938519943499616,0.0141576507301069,0.5,3,Normal,53,12,12,13,120,210.0,0.1865359308054826,915.7884692412712,915.7884692412712,,4,228.94711731031785,228.94711731031785,228.94711731031785,228.94711731031785,0.0,0.0,0.0,0.0,0.0,0.0,53.0,12.0,12.0,13.0,120.0,992.7884692412712,990.0,968.295335189044,21.704664810956046,0.5637091893432811,0.3822416191127753,989.054049191544,0.2515786083689291,0.2515786083689291,0.2515786083689291,0.2515786083689291,20.507135394131097,20.507135394131097,20.507135394131097,20.507135394131097,,0.9549914209777802,0.9549914209777802,0.9549914209777802,0.9549914209777802,43.9722155406196,43.9722155406196,43.9722155406196,43.9722155406196,0.9456390438842924,0.9456390438842924,0.9456390438842924,0.9456390438842924,0.98,0.98,0.98,0.98,43.0927712298072,43.0927712298072,43.0927712298072,43.0927712298072,172.3710849192288,4136.906038061491,0.1531114322350439,5.228375168523052e-05
1934-07-15,1934-07-26,570.3586,0.8854392210789449,505.01787451967766,0.547,1934,7,15,1934.07,1933,10,288,42,0.0436335443585001,7.099945474035508,0.0140588003559047,0.53,3,Normal,50,10,9,9,108,186.0,0.3683037955377412,319.01787451967766,319.01787451967766,,2,159.50893725983883,159.50893725983883,0.0,0.0,0.0,0.0,0.0,0.0,0.0,0.0,50.0,10.0,9.0,9.0,108.0,388.01787451967766,990.0,965.8725804353384,24.127419564661523,0.1724753097132499,0.0495764367732878,989.7779482535136,0.1578370653007824,0.1578370653007824,0.01,0.01,23.74753075287424,23.74753075287424,23.89536781817502,23.89536781817502,,0.9438529972638584,0.9438529972638584,0.0,0.0,35.06279552590246,35.06279552590246,0.0,0.0,0.7540386134602679,0.7540386134602679,0.0,0.0,0.97,0.97,0.96,0.96,34.01091166012539,34.01091166012539,0.0,0.0,68.02182332025077,1632.5237596860186,0.1346919124099247,5.9228502323704126e-05
1934-08-15,1934-08-26,392.4543,0.9019707790507928,353.9823107128336,0.7040000000000001,1934,8,15,1934.08,1933,11,319,46,0.0305840716455888,10.7002068676735,0.0302280835619325,0.52,3,Normal,47,8,6,5,89,155.0,0.4378749878429461,198.9823107128336,198.9823107128336,,1,198.9823107128336,0.0,0.0,0.0,0.0,0.0,0.0,0.0,0.0,0.0,47.0,8.0,6.0,5.0,89.0,259.9823107128336,990.0,965.169911553564,24.830088446435862,0.1272875867085559,0.0126634964105908,989.8600489168808,0.2111261194623254,0.01,0.01,0.01,24.47901124385437,24.680137363316693,24.680137363316693,24.680137363316693,,0.9545996738290464,0.0,0.0,0.0,45.6003654087731,0.0,0.0,0.0,0.9806530195435076,0.0,0.0,0.0,0.98,0.96,0.96,0.96,44.68835810059764,0.0,0.0,0.0,44.68835810059764,1072.5205944143431,0.1262446081291639,6.238460474829006e-05
1934-09-15,1934-09-26,271.7487,0.9523418217225876,258.7976520087449,0.862,1934,9,15,1934.09,1933,12,350,50,0.0223601171335555,7.988390704755659,0.030867322955796,0.61,3,Normal,40,6,4,3,65,118.0,0.4559546776568619,140.79765200874488,140.79765200874488,,1,140.79765200874488,0.0,0.0,0.0,0.0,0.0,0.0,0.0,0.0,0.0,40.0,6.0,4.0,3.0,65.0,190.79765200874488,990.0,964.735190608035,25.264809391964945,0.102869767973999,0.0077178004207433,989.8894124316053,0.1325768302118055,0.01,0.01,0.01,25.02164499335839,25.144221823570195,25.144221823570195,25.144221823570195,,0.9353383945514904,0.0,0.0,0.0,32.31608426826206,0.0,0.0,0.0,0.6949695541561733,0.0,0.0,0.0,0.97,0.96,0.96,0.96,31.3466017402142,0.0,0.0,0.0,31.3466017402142,752.3184417651407,0.1211239804415033,6.184328536771984e-05
1934-10-15,1934-10-26,197.3191,0.9892995851469644,195.20770377157243,0.965,1934,10,15,1934.1,1934,1,15,3,0.0168659456058638,0.0,0.0,0.6,3,Normal,37,5,3,2,50,97.0,0.4969066185702751,98.20770377157244,98.20770377157244,,1,98.20770377157244,0.0,0.0,0.0,0.0,0.0,0.0,0.0,0.0,0.0,37.0,5.0,3.0,2.0,50.0,143.20770377157243,990.0,964.4095845924568,25.59041540754322,0.0860737371339738,0.0040976548205836,989.9098286080454,0.0750804000916227,0.01,0.01,0.01,25.42516361549696,25.490244015588576,25.490244015588576,25.490244015588576,,0.0,0.0,0.0,0.0,0.0,0.0,0.0,0.0,0.0,0.0,0.0,0.0,0.96,0.96,0.96,0.96,0.0,0.0,0.0,0.0,0.0,0.0,0.0,0.0
1934-11-15,1934-11-26,268.1972,0.9570673705328404,256.6827889882703,0.865,1934,11,15,1934.11,1934,2,46,7,0.0221773929685865,0.0,0.0,0.6,3,Normal,36,5,3,2,47,93.0,0.3623149038023341,163.68278898827032,163.68278898827032,,1,163.68278898827032,0.0,0.0,0.0,0.0,0.0,0.0,0.0,0.0,0.0,36.0,5.0,3.0,2.0,47.0,207.68278898827032,990.0,964.7267311559532,25.273268844046925,0.1088291557084552,0.0096630370640029,989.8815078072276,0.1634717651341649,0.01,0.01,0.01,24.99130488614029,25.14477665127446,25.14477665127446,25.14477665127446,,0.9433506078933516,0.0,0.0,0.0,37.8445880611631,0.0,0.0,0.0,0.8138621088422172,0.0,0.0,0.0,0.9713862108842216,0.96,0.96,0.96,36.76171099920748,0.0,0.0,0.0,36.76171099920748,882.2810639809795,0.1432184492934093,6.238643935496796e-05
1934-12-15,1934-12-26,515.2343,0.8913623235036077,459.2604427967548,0.585,1934,12,15,1934.12,1934,3,76,11,0.0396801022576396,6.187828879148299,0.0134734636439975,0.24,2,Mod_Wet,42,7,5,3,61,118.0,0.2569348217351712,341.2604427967548,341.2604427967548,,2,170.6302213983774,170.6302213983774,0.0,0.0,0.0,0.0,0.0,0.0,0.0,0.0,42.0,7.0,5.0,3.0,61.0,395.2604427967548,990.0,965.6666719925854,24.333328007414597,0.1750314367721417,0.0600749290000682,989.764893634228,0.1728507988878095,0.1728507988878095,0.01,0.01,23.92537084275465,23.92537084275465,24.08822164164245,24.08822164164245,,0.9471142447584774,0.9471142447584774,0.0,0.0,37.918897387495086,37.918897387495086,0.0,0.0,0.8154601588708621,0.8154601588708621,0.0,0.0,0.9715460158870862,0.9715460158870862,0.96,0.96,36.83995368365209,36.83995368365209,0.0,0.0,73.67990736730418,1768.3177768153005,0.1604316429227307,5.997366928211962e-05
1935-01-15,1935-01-26,730.6486,0.8864028278959922,647.6489852382476,0.462,1935,1,15,1935.01,1934,4,107,16,0.0559568723245846,0.0,0.0,0.41,3,Normal,41,6,4,3,66,120.0,0.1852855524136367,527.6489852382476,527.6489852382476,,2,263.8244926191238,263.8244926191238,0.0,0.0,0.0,0.0,0.0,0.0,0.0,0.0,41.0,6.0,4.0,3.0,66.0,578.6489852382476,990.0,966.490595940953,23.50940405904703,0.2553617408462265,0.1534695221391494,989.5911687370146,0.28,0.28,0.01,0.01,22.82057279606167,22.82057279606167,23.090572796061668,23.090572796061668,,0.9505376682833784,0.9505376682833784,0.0,0.0,56.124138025953535,56.124138025953535,0.0,0.0,1.2069707102355598,1.2069707102355598,0.0,0.0,0.98,0.98,0.96,0.96,48.2,48.2,0.0,0.0,96.4,2313.6000000000004,0.1488460604389548,5.0749226335926514e-05
1935-02-15,1935-02-26,1156.5974,0.9338086699838878,1080.0406798008228,0.311,1935,2,15,1935.02,1934,5,138,20,0.093315514734791,29.491646459018053,0.0273060515317411,0.39,2,Mod_Wet,49,8,7,5,93,162.0,0.14999435024047,918.0406798008228,918.0406798008228,,4,229.5101699502057,229.5101699502057,229.5101699502057,229.5101699502057,0.0,0.0,0.0,0.0,0.0,0.0,49.0,8.0,7.0,5.0,93.0,982.0406798008228,990.0,968.1515564222312,21.84844357776888,0.5538748159938033,0.3833316890235982,989.0627934949824,0.2523387294327777,0.2523387294327777,0.2523387294327777,0.2523387294327777,20.65889834331864,20.65889834331864,20.65889834331864,20.65889834331864,,0.9552674894409248,0.9552674894409248,0.9552674894409248,0.9552674894409248,44.41941046978103,44.41941046978103,44.41941046978103,44.41941046978103,0.955256139135076,0.955256139135076,0.955256139135076,0.955256139135076,0.98,0.98,0.98,0.98,43.531022260385406,43.531022260385406,43.531022260385406,43.531022260385406,174.12408904154162,4178.978136996999,0.1612199357839493,5.268590333277298e-05
1935-03-15,1935-03-26,2891.2138,1.0178660401524815,2942.868341840209,0.091,1935,3,15,1935.03,1934,6,166,24,0.254263824734994,69.81594055535834,0.0237237730151739,0.37,2,Mod_Wet,59,11,12,13,144,239.0,0.0812132831775106,2703.868341840209,1100.0,,4,275.0,275.0,275.0,275.0,1603.8683418402088,41.0,7.0,13.0,67.0,1475.8683418402088,100.0,18.0,25.0,80.0,1619.8683418402088,1243.0,990.0,973.3758891009936,16.624110899006382,0.9262894125183112,0.648,988.4257105874816,0.28,0.28,0.28,0.28,14.7698214864881,14.7698214864881,14.7698214864881,14.7698214864881,,0.9396189289189286,0.9396189289189286,0.9396189289189286,0.9396189289189286,37.42815305862136,37.42815305862136,37.42815305862136,37.42815305862136,0.8049065173897068,0.8049065173897068,0.8049065173897068,0.8049065173897068,0.9704906517389706,0.9704906517389706,0.9704906517389706,0.9704906517389706,36.32367265524739,36.32367265524739,36.32367265524739,36.32367265524739,145.29469062098957,3487.0725749037497,0.0493717943664904,3.669057843964383e-05
1935-04-15,1935-04-26,2301.1428,1.0040153765184947,2310.3827547648234,0.142,1935,4,15,1935.04,1934,7,197,29,0.1996170700116807,35.27775837199352,0.0152692268409805,0.61,3,Normal,54,13,14,19,117,217.0,0.0939238312580326,2093.3827547648234,1100.0,,4,275.0,275.0,275.0,275.0,993.3827547648234,46.0,5.000000000000007,11.0,61.0,870.3827547648234,100.0,18.0,25.0,80.0,987.3827547648234,1243.0,990.0,971.8491997528806,18.150800247119378,0.9262894125183112,0.648,988.4257105874816,0.28,0.28,0.28,0.28,16.296510834601094,16.296510834601094,16.296510834601094,16.296510834601094,,0.9458895325038033,0.9458895325038033,0.9458895325038033,0.9458895325038033,41.57252876585338,41.57252876585338,41.57252876585338,41.57252876585338,0.8940328766850191,0.8940328766850191,0.8940328766850191,0.8940328766850191,0.979403287668502,0.979403287668502,0.979403287668502,0.979403287668502,40.71627134997017,40.71627134997017,40.71627134997017,40.71627134997017,162.86508539988068,3908.762049597136,0.0704926857093247,4.1127546818151687e-05
1935-05-15,1935-05-26,1735.3679,0.9841314895494252,1707.8301963432584,0.206,1935,5,15,1935.05,1934,8,227,33,0.1475565289640575,0.0,0.0,0.77,4,Mod_Dry,47,10,10,10,115,192.0,0.1124233547404789,1515.8301963432584,1100.0,,4,275.0,275.0,275.0,275.0,415.8301963432584,52.99999999999999,8.0,15.0,21.65782272621138,318.1723736170471,100.0,18.0,25.0,31.65782272621138,433.1723736170471,1243.0,990.0,970.156066788186,19.843933211814036,0.9262894125183112,0.648,988.4257105874816,0.28,0.28,0.28,0.28,17.98964379929575,17.98964379929575,17.98964379929575,17.98964379929575,,0.9512163423477112,0.9512163423477112,0.9512163423477112,0.9512163423477112,46.15016527075551,46.15016527075551,46.15016527075551,46.15016527075551,0.9924766724893658,0.9924766724893658,0.9924766724893658,0.9924766724893658,0.98,0.98,0.98,0.98,45.2271619653404,45.2271619653404,45.2271619653404,45.2271619653404,180.9086478613616,4341.807548672678,0.1059289431986367,4.568400198519232e-05
1935-06-15,1935-06-26,1028.1428,0.9210811262601332,947.0029281802472,0.345,1935,6,15,1935.06,1934,9,258,37,0.0818210529947733,24.429237756679303,0.0257963698207589,0.74,4,Mod_Dry,45,10,9,9,88,161.0,0.1700100339809679,786.0029281802472,786.0029281802472,,3,262.0009760600824,262.0009760600824,262.0009760600824,0.0,0.0,0.0,0.0,0.0,0.0,0.0,45.0,10.0,9.0,9.0,88.0,850.0029281802472,990.0,967.6880117127208,22.311988287279064,0.4330584794943635,0.3194254172392396,989.2475161032664,0.28,0.28,0.28,0.01,21.279504390545497,21.279504390545497,21.279504390545497,21.549504390545497,,0.9561010103909008,0.9561010103909008,0.9561010103909008,0.0,52.27654713405607,52.27654713405607,52.27654713405607,0.0,1.1242268200872272,1.1242268200872272,1.1242268200872272,0.0,0.98,0.98,0.98,0.96,48.2,48.2,48.2,0.0,144.60000000000002,3470.4000000000005,0.1526922416996768,5.110243896884771e-05
1935-07-15,1935-07-26,547.8849,0.8752989863551575,479.5630976092969,0.5630000000000001,1935,7,15,1935.07,1934,10,288,42,0.0414342516334432,6.461928782011513,0.0134746164044425,0.62,3,Normal,50,10,9,9,108,186.0,0.387853028990849,293.5630976092969,293.5630976092969,,2,146.78154880464845,146.78154880464845,0.0,0.0,0.0,0.0,0.0,0.0,0.0,0.0,50.0,10.0,9.0,9.0,108.0,362.5630976092969,990.0,965.7580339392418,24.24196606075816,0.1634915291606229,0.0375617820715881,989.7989466887676,0.1406550908862754,0.1406550908862754,0.01,0.01,23.90025765863961,23.90025765863961,24.03091274952589,24.03091274952589,,0.939582314607978,0.939582314607978,0.0,0.0,32.32567349231963,32.32567349231963,0.0,0.0,0.6951757740283792,0.6951757740283792,0.0,0.0,0.97,0.97,0.96,0.96,31.35590328755004,31.35590328755004,0.0,0.0,62.71180657510008,1505.083357802402,0.1307686243744129,5.933970043484601e-05
1935-08-15,1935-08-26,383.5279,0.9045977994923856,346.9384943839358,0.7120000000000001,1935,8,15,1935.08,1934,11,319,46,0.029975485914772,7.043816328897831,0.0203027811641531,0.58,3,Normal,47,8,6,5,89,155.0,0.4467650678983776,191.9384943839358,191.9384943839358,,1,191.9384943839358,0.0,0.0,0.0,0.0,0.0,0.0,0.0,0.0,0.0,47.0,8.0,6.0,5.0,89.0,252.9384943839358,990.0,965.1346924719196,24.865307528080397,0.1248016053788188,0.0120647720226345,989.8631336225984,0.2016169674183133,0.01,0.01,0.01,24.526824183260604,24.71844115067892,24.71844115067892,24.71844115067892,,0.9525095441197152,0.0,0.0,0.0,43.97556592705029,0.0,0.0,0.0,0.9457110952053824,0.0,0.0,0.0,0.98,0.96,0.96,0.96,43.09605460850928,0.0,0.0,0.0,43.09605460850928,1034.3053106042228,0.1242181404085344,6.236959562783454e-05
1935-09-15,1935-09-26,289.9506,0.935581823043148,271.2725109404546,0.835,1935,9,15,1935.09,1934,12,350,50,0.0234379449452552,2.491926516416811,0.0091860635188494,0.54,3,Normal,40,6,4,3,65,118.0,0.4349869420639582,153.2725109404546,153.2725109404546,,1,153.2725109404546,0.0,0.0,0.0,0.0,0.0,0.0,0.0,0.0,0.0,40.0,6.0,4.0,3.0,65.0,203.2725109404546,990.0,964.7850900437618,25.214909956238216,0.10727258174789,0.0087781634299386,989.883949254822,0.1494178897696137,0.01,0.01,0.01,24.949441321290745,25.08885921106036,25.08885921106036,25.08885921106036,,0.9402475735195588,0.0,0.0,0.0,35.261925060333056,0.0,0.0,0.0,0.7583209690394206,0.0,0.0,0.0,0.97,0.96,0.96,0.96,34.204067308523065,0.0,0.0,0.0,34.204067308523065,820.8976154045536,0.126087480039697,6.198847888395462e-05
1935-10-15,1935-10-26,231.0479,0.97240029822707,224.67104686473823,0.918,1935,10,15,1935.1,1935,1,15,3,0.0194115784491133,1.7080238677426678,0.0076023319051474,0.48,3,Normal,37,5,3,2,50,97.0,0.431742324405504,127.67104686473824,127.67104686473824,,1,127.67104686473824,0.0,0.0,0.0,0.0,0.0,0.0,0.0,0.0,0.0,37.0,5.0,3.0,2.0,50.0,172.67104686473823,990.0,964.5480262811884,25.451973718811587,0.0964723031668007,0.0066020389835027,989.8969256578496,0.1148559132673966,0.01,0.01,0.01,25.23404346339388,25.33889937666128,25.33889937666128,25.33889937666128,,0.929676227518698,0.0,0.0,0.0,29.37309376258582,0.0,0.0,0.0,0.6316794357545338,0.0,0.0,0.0,0.97,0.96,0.96,0.96,28.49190094970825,0.0,0.0,0.0,28.49190094970825,683.8056227929978,0.1268160777603961,6.199069503095313e-05
1935-11-15,1935-11-26,215.3008,0.9720099401276424,209.2745177174335,0.939,1935,11,15,1935.11,1935,2,46,7,0.0180813183307862,22.15888843473732,0.1058843125117444,0.84,4,Mod_Dry,29,4,2,2,30,67.0,0.3201536466588096,142.2745177174335,142.2745177174335,,1,142.2745177174335,0.0,0.0,0.0,0.0,0.0,0.0,0.0,0.0,0.0,29.0,4.0,2.0,2.0,30.0,177.2745177174335,990.0,964.4556471063046,25.544352893695415,0.0980970168148949,0.0078433340059818,989.8940596491792,0.1345705989185352,0.01,0.01,0.01,25.30384194395598,25.428412542874515,25.428412542874515,25.428412542874515,,0.9354402147691598,0.0,0.0,0.0,33.026938987966574,0.0,0.0,0.0,0.7102567524293887,0.0,0.0,0.0,0.97,0.96,0.96,0.96,32.03613081832758,0.0,0.0,0.0,32.03613081832758,768.8671396398619,0.1530818523332276,6.254756909446752e-05
1935-12-15,1935-12-26,379.1131,0.9090149185803196,344.6194637292325,0.718,1935,12,15,1935.12,1935,3,76,11,0.0297751216662056,6.2984220262328,0.0182764547250919,0.66,3,Normal,38,5,4,3,54,104.0,0.3017821421767193,240.6194637292325,240.6194637292325,,1,240.6194637292325,0.0,0.0,0.0,0.0,0.0,0.0,0.0,0.0,0.0,38.0,5.0,4.0,3.0,54.0,287.6194637292325,990.0,965.1230973186462,24.87690268135384,0.1370415955012022,0.0162026544169847,989.846755750082,0.2673362760344639,0.01,0.01,0.01,24.45632215540129,24.71365843143575,24.71365843143575,24.71365843143575,,0.956773479519892,0.0,0.0,0.0,55.21660867281881,0.0,0.0,0.0,1.1874539499530927,0.0,0.0,0.0,0.98,0.96,0.96,0.96,48.2,0.0,0.0,0.0,48.2,1156.8000000000002,0.139864415893441,5.564341587908831e-05
1936-01-15,1936-01-26,593.4044,0.8886647923374786,527.3375978981461,0.532,1936,1,15,1936.01,1935,4,107,16,0.0455619684583998,10.56459517423275,0.0200338364196692,0.73,4,Mod_Dry,34,5,4,3,45,91.0,0.1725649761418612,436.3375978981461,436.3375978981461,,2,218.16879894907305,218.16879894907305,0.0,0.0,0.0,0.0,0.0,0.0,0.0,0.0,34.0,5.0,4.0,3.0,45.0,479.3375978981461,990.0,965.9730191905415,24.026980809458337,0.2047048734547495,0.1049513462079249,989.6903437803372,0.2370278785812486,0.2370278785812486,0.01,0.01,23.480296711214432,23.480296711214432,23.70732458979568,23.70732458979568,,0.9573744587755898,0.9573744587755898,0.0,0.0,48.09686370896612,48.09686370896612,0.0,0.0,1.0343411550315291,1.0343411550315291,0.0,0.0,0.98,0.98,0.96,0.96,47.1349264347868,47.1349264347868,0.0,0.0,94.2698528695736,2262.4764688697664,0.1787656583663158,6.001332538769857e-05
1936-02-15,1936-02-26,863.9982,0.9020463209442272,779.3663976124346,0.405,1936,2,15,1936.02,1935,5,138,20,0.0673372567537143,10.920325737938924,0.0140117995481881,0.71,4,Mod_Dry,36,6,5,4,54,105.0,0.1347248230378732,674.3663976124346,674.3663976124346,,3,224.78879920414488,224.78879920414488,224.78879920414488,0.0,0.0,0.0,0.0,0.0,0.0,0.0,36.0,6.0,5.0,4.0,54.0,721.3663976124346,990.0,967.0174655904495,22.98253440955034,0.336466640864807,0.2514767536051063,989.41205660553,0.2459648789255956,0.2459648789255956,0.2459648789255956,0.01,22.14862613615484,22.14862613615484,22.14862613615484,22.384591015080435,,0.9571742726025876,0.9571742726025876,0.9571742726025876,0.0,46.73596088906075,46.73596088906075,46.73596088906075,0.0,1.0050744277217365,1.0050744277217365,1.0050744277217365,0.0,0.98,0.98,0.98,0.96,45.801241671279534,45.801241671279534,45.801241671279534,0.0,137.4037250138386,3297.6894003321263,0.1763018336879428,5.659786953778252e-05
1936-03-15,1936-03-26,1402.3296,0.9252414293343468,1297.4934435018629,0.26,1936,3,15,1936.03,1935,6,167,24,0.1121034335185609,27.746198255039417,0.0213844612425585,0.7000000000000001,4,Mod_Dry,41,8,7,6,67,129.0,0.0994224677173212,1168.4934435018629,1100.0,,4,275.0,275.0,275.0,275.0,68.49344350186288,21.769233981212235,4.247655410968241,3.716698484597211,3.1857415582261805,35.57411406685902,62.76923398121224,12.24765541096824,10.716698484597211,9.18574155822618,102.574114066859,1185.7335878767776,990.0,968.834979393863,21.165020606136977,0.8241156521950461,0.648,988.527884347805,0.28,0.28,0.28,0.28,19.412904953941933,19.412904953941933,19.412904953941933,19.412904953941933,,0.9535322623848548,0.9535322623848548,0.9535322623848548,0.9535322623848548,49.92261353792456,49.92261353792456,49.92261353792456,49.92261353792456,1.0736045922134312,1.0736045922134312,1.0736045922134312,1.0736045922134312,0.98,0.98,0.98,0.98,48.2,48.2,48.2,48.2,192.8,4627.200000000001,0.1485941998131748,4.8686868686868696e-05
1936-04-15,1936-04-26,2356.3647,1.0031685153704124,2363.830877770248,0.136,1936,4,15,1936.04,1935,7,198,29,0.2042349878393492,0.0,0.0,0.65,3,Normal,54,13,14,19,117,217.0,0.0918001376666555,2146.830877770248,1100.0,,4,275.0,275.0,275.0,275.0,1046.8308777702478,46.0,5.000000000000007,11.0,61.0,923.8308777702478,100.0,18.0,25.0,80.0,1040.8308777702478,1243.0,990.0,971.9782124635834,18.021787536416586,0.9262894125183112,0.648,988.4257105874816,0.28,0.28,0.28,0.28,16.167498123898298,16.167498123898298,16.167498123898298,16.167498123898298,,0.9455024943716948,0.9455024943716948,0.9455024943716948,0.9455024943716948,41.22654037484465,41.22654037484465,41.22654037484465,41.22654037484465,0.8865922661256914,0.8865922661256914,0.8865922661256914,0.8865922661256914,0.9786592266125692,0.9786592266125692,0.9786592266125692,0.9786592266125692,40.346734119157325,40.346734119157325,40.346734119157325,40.346734119157325,161.3869364766293,3873.286475439103,0.0682734699822781,4.07542768880377e-05
1936-05-15,1936-05-26,2024.6043,1.0084233130046596,2041.65817572948,0.172,1936,5,15,1936.05,1935,8,228,33,0.176399266383027,35.12395064247744,0.0172036392085701,0.5700000000000001,3,Normal,55,13,13,17,178,276.0,0.1351842356771528,1765.65817572948,1100.0,,4,275.0,275.0,275.0,275.0,665.65817572948,45.0,5.0,12.0,41.00068473696073,562.6574909925193,100.0,18.0,25.0,58.00068473696073,740.6574909925193,1243.0,990.0,971.200554217278,18.79944578272193,0.9262894125183112,0.648,988.4257105874816,0.28,0.28,0.28,0.28,16.945156370203648,16.945156370203648,16.945156370203648,16.945156370203648,,0.9478354691106108,0.9478354691106108,0.9478354691106108,0.9478354691106108,43.31615814812002,43.31615814812002,43.31615814812002,43.31615814812002,0.9315302827552692,0.9315302827552692,0.9315302827552692,0.9315302827552692,0.98,0.98,0.98,0.98,42.449834985157615,42.449834985157615,42.449834985157615,42.449834985157615,169.79933994063046,4075.184158575131,0.0831673695230405,4.28786211971289e-05
1936-06-15,1936-06-26,878.8611,0.9037319275970654,794.2548359930772,0.399,1936,6,15,1936.06,1935,9,259,37,0.0686236178298018,40.43873171365921,0.0509140516130413,0.74,4,Mod_Dry,45,10,9,9,88,161.0,0.2027057220227026,633.2548359930772,633.2548359930772,,3,211.08494533102572,211.08494533102572,211.08494533102572,0.0,0.0,0.0,0.0,0.0,0.0,0.0,45.0,10.0,9.0,9.0,88.0,697.2548359930772,990.0,967.0770193439724,22.92298065602768,0.3227642778391758,0.2240142304433756,989.4532214917176,0.2274646761968848,0.2274646761968848,0.2274646761968848,0.01,22.14873747154829,22.14873747154829,22.14873747154829,22.36620214774517,,0.955471540510929,0.955471540510929,0.955471540510929,0.0,43.80893454956729,43.80893454956729,43.80893454956729,0.0,0.9421276247218772,0.9421276247218772,0.9421276247218772,0.0,0.98,0.98,0.98,0.96,42.932755858575945,42.932755858575945,42.932755858575945,0.0,128.79826757572783,3091.158421817468,0.1621623964236718,5.649747071051883e-05
1936-07-15,1936-07-26,468.6029,0.9015518661337044,422.4698189706656,0.626,1936,7,15,1936.07,1935,10,289,42,0.0365013923590655,13.02706614803617,0.0308354953728439,0.8300000000000001,4,Mod_Dry,42,9,8,6,70,135.0,0.3195494540389257,287.4698189706656,287.4698189706656,,2,143.7349094853328,143.7349094853328,0.0,0.0,0.0,0.0,0.0,0.0,0.0,0.0,42.0,9.0,8.0,6.0,70.0,346.4698189706656,990.0,965.501114185368,24.49888581463199,0.1578117118056814,0.0346857545541541,989.80750253364,0.1365421278051992,0.1365421278051992,0.01,0.01,24.16984622046689,24.16984622046689,24.29638834827209,24.29638834827209,,0.9379574487365404,0.9379574487365404,0.0,0.0,31.95640990532268,31.95640990532268,0.0,0.0,0.6872346216198426,0.6872346216198426,0.0,0.0,0.97,0.97,0.96,0.96,30.997717608163,30.997717608163,0.0,0.0,61.995435216326,1487.8904451918238,0.146745240565056,5.990525992752828e-05
1936-08-15,1936-08-26,332.6514,0.9289857410847936,309.0284073518941,0.77,1936,8,15,1936.08,1935,11,320,46,0.0267000543952036,2.7871627279672,0.0090191149475569,0.77,4,Mod_Dry,39,7,5,4,60,115.0,0.3721340733217714,194.0284073518941,194.0284073518941,,1,194.0284073518941,0.0,0.0,0.0,0.0,0.0,0.0,0.0,0.0,0.0,39.0,7.0,5.0,4.0,60.0,245.0284073518941,990.0,964.9451420367594,25.05485796324058,0.1220098902403112,0.0122424146249109,989.8657476951348,0.204438349925057,0.01,0.01,0.01,24.716167308450338,24.910605658375392,24.910605658375392,24.910605658375392,,0.9529759623063812,0.0,0.0,0.0,44.81950863157338,0.0,0.0,0.0,0.9638604006789974,0.0,0.0,0.0,0.98,0.96,0.96,0.96,43.92311845894191,0.0,0.0,0.0,43.92311845894191,1054.1548430146058,0.1421329476967021,6.288185531754235e-05
1936-09-15,1936-09-26,247.5017,0.9485505757172864,234.76788002600708,0.898,1936,9,15,1936.09,1935,12,351,51,0.020283944834247,1.4264542030990697,0.0060760194407388,0.78,4,Mod_Dry,34,6,4,3,44,91.0,0.387616909050417,143.76788002600708,143.76788002600708,,1,143.76788002600708,0.0,0.0,0.0,0.0,0.0,0.0,0.0,0.0,0.0,34.0,6.0,4.0,3.0,44.0,187.76788002600708,990.0,964.608607280156,25.391392719843907,0.1018004635190603,0.0079702698022106,989.8902292666788,0.1365866380351095,0.01,0.01,0.01,25.145035348487514,25.27162198652262,25.27162198652262,25.27162198652262,,0.936330761643831,0.0,0.0,0.0,33.19572135022133,0.0,0.0,0.0,0.7138864806499211,0.0,0.0,0.0,0.97,0.96,0.96,0.96,32.19984970971469,0.0,0.0,0.0,32.19984970971469,772.7963930331525,0.1371561122677755,6.221419343127936e-05
1936-10-15,1936-10-26,206.1864,0.9756711054590376,201.1701128186193,0.952,1936,10,15,1936.1,1936,1,15,3,0.0173810977475287,0.0,0.0,0.72,4,Mod_Dry,31,4,3,2,33,73.0,0.3628769650580197,128.1701128186193,128.1701128186193,,1,128.1701128186193,0.0,0.0,0.0,0.0,0.0,0.0,0.0,0.0,0.0,31.0,4.0,3.0,2.0,33.0,166.1701128186193,990.0,964.4070206769117,25.592979323088343,0.094177913431737,0.0066444595895826,989.8991776269788,0.115529652305136,0.01,0.01,0.01,25.37662729776192,25.48215695006705,25.48215695006705,25.48215695006705,,0.9296910032988696,0.0,0.0,0.0,29.655004595607043,0.0,0.0,0.0,0.6377420343141299,0.0,0.0,0.0,0.97,0.96,0.96,0.96,28.76535445773883,0.0,0.0,0.0,28.76535445773883,690.368506985732,0.142990198964965,6.234196149587866e-05
1936-11-15,1936-11-26,247.5017,0.9485505757172864,234.76788002600708,0.898,1936,11,15,1936.11,1936,2,46,7,0.020283944834247,0.0,0.0,0.67,3,Normal,36,5,3,2,47,93.0,0.39613596199658,141.76788002600708,141.76788002600708,,1,141.76788002600708,0.0,0.0,0.0,0.0,0.0,0.0,0.0,0.0,0.0,36.0,5.0,3.0,2.0,47.0,185.76788002600708,990.0,964.608607280156,25.391392719843907,0.1010945988790603,0.0078002698022106,989.8911051313188,0.1338866380351095,0.01,0.01,0.01,25.14861121312748,25.272497851162587,25.272497851162587,25.272497851162587,,0.935511894381205,0.0,0.0,0.0,32.709948855371465,0.0,0.0,0.0,0.7034397603305691,0.0,0.0,0.0,0.97,0.96,0.96,0.96,31.72865038971032,0.0,0.0,0.0,31.72865038971032,761.4876093530477,0.1351490262901189,6.216862377800198e-05
1936-12-15,1936-12-26,374.7305,0.908907350449394,340.5953058875766,0.721,1936,12,15,1936.12,1936,3,76,11,0.0294274344286866,2.2742641845769067,0.0066773209884683,0.72,4,Mod_Dry,31,5,3,2,36,77.0,0.226074754023228,263.5953058875766,263.5953058875766,,1,263.5953058875766,0.0,0.0,0.0,0.0,0.0,0.0,0.0,0.0,0.0,31.0,5.0,3.0,2.0,36.0,302.5953058875766,990.0,965.102976529438,24.89702347056209,0.1423270348517422,0.0234169843789361,989.8342559807692,0.28,0.01,0.01,0.01,24.451279451331374,24.721279451331373,24.721279451331373,24.721279451331373,,0.949508185095417,0.0,0.0,0.0,60.01733036035235,0.0,0.0,0.0,1.2906952765667172,0.0,0.0,0.0,0.98,0.96,0.96,0.96,48.2,0.0,0.0,0.0,48.2,1156.8000000000002,0.1415169239470077,5.079335098098921e-05
1937-01-15,1937-01-26,653.5614,0.8750395785925671,571.8920920403683,0.4970000000000001,1937,1,15,1937.01,1936,4,107,16,0.0494114767522878,0.0,0.0,0.59,3,Normal,41,6,4,3,66,120.0,0.2098297942394516,451.8920920403683,451.8920920403683,,2,225.94604602018416,225.94604602018416,0.0,0.0,0.0,0.0,0.0,0.0,0.0,0.0,41.0,6.0,4.0,3.0,66.0,502.8920920403683,990.0,966.1735144141816,23.826485585818432,0.2130179852587491,0.1122930674430538,989.6746889472984,0.2475271621272486,0.2475271621272486,0.01,0.01,23.253647370989437,23.253647370989437,23.49117453311668,23.49117453311668,,0.958069926638516,0.958069926638516,0.0,0.0,49.36643157669664,49.36643157669664,0.0,0.0,1.0616436898214332,1.0616436898214332,0.0,0.0,0.98,0.98,0.96,0.96,48.2,48.2,0.0,0.0,96.4,2313.6000000000004,0.1685632680390261,5.9257017879803214e-05
1937-02-15,1937-02-26,1689.8676,0.97387137230227,1645.7136786211431,0.213,1937,2,15,1937.02,1936,5,138,20,0.1421896618328668,94.55801939463186,0.057457151036052,0.24,2,Mod_Wet,49,8,7,5,93,162.0,0.0984375363129577,1483.7136786211431,1100.0,,4,275.0,275.0,275.0,275.0,383.7136786211431,50.99999999999999,10.0,16.580220681160505,11.843014772257504,294.2904431677252,100.0,18.0,23.580220681160505,16.843014772257504,387.29044316772513,1241.5802206811604,990.0,969.9553826540068,20.04461734599317,0.9226117094314918,0.648,988.4293882905685,0.28,0.28,0.28,0.28,18.194005636561627,18.194005636561627,18.194005636561627,18.194005636561627,,0.951492507045702,0.951492507045702,0.951492507045702,0.951492507045702,46.687980715630616,46.687980715630616,46.687980715630616,46.687980715630616,1.004042596035067,1.004042596035067,1.004042596035067,1.004042596035067,0.98,0.98,0.98,0.98,45.754221101318,45.754221101318,45.754221101318,45.754221101318,183.016884405272,4392.405225726528,0.1112082173119033,4.621638495082627e-05
1937-03-15,1937-03-26,2690.1084,1.0194753303873465,2742.499149867776,0.106,1937,3,15,1937.03,1936,6,166,24,0.2369519265485758,60.310211225979394,0.0219909680660747,0.2,2,Mod_Wet,59,11,12,13,144,239.0,0.0871467909156956,2503.499149867776,1100.0,,4,275.0,275.0,275.0,275.0,1403.499149867776,41.0,7.0,13.0,67.0,1275.499149867776,100.0,18.0,25.0,80.0,1419.499149867776,1243.0,990.0,972.892239327267,17.10776067273298,0.9262894125183112,0.648,988.4257105874816,0.28,0.28,0.28,0.28,15.253471260214695,15.253471260214695,15.253471260214695,15.253471260214695,,0.9420138850408588,0.9420138850408588,0.9420138850408588,0.9420138850408588,38.752291264916366,38.752291264916366,38.752291264916366,38.752291264916366,0.8333826078476638,0.8333826078476638,0.8333826078476638,0.8333826078476638,0.9733382607847664,0.9733382607847664,0.9733382607847664,0.9733382607847664,37.71908778121839,37.71908778121839,37.71908778121839,37.71908778121839,150.87635112487357,3621.0324269969656,0.0550141833707214,3.810008866789736e-05
1937-04-15,1937-04-26,2859.6787,1.0192399753140005,2914.698847593973,0.093,1937,4,15,1937.04,1936,7,197,29,0.2518299804321192,134.84848171108388,0.046264979252453,0.41,3,Normal,54,13,14,19,117,217.0,0.0744502301426884,2697.698847593973,1100.0,,4,275.0,275.0,275.0,275.0,1597.698847593973,46.0,5.0,11.0,61.0,1474.6988475939731,100.0,18.0,25.0,80.0,1591.6988475939731,1243.0,990.0,973.3078937700544,16.69210622994558,0.9262894125183112,0.648,988.4257105874816,0.28,0.28,0.28,0.28,14.837816817427298,14.837816817427298,14.837816817427298,14.837816817427298,,0.9400269009045638,0.9400269009045638,0.9400269009045638,0.9400269009045638,37.61678548667408,37.61678548667408,37.61678548667408,37.61678548667408,0.8089631287456792,0.8089631287456792,0.8089631287456792,0.8089631287456792,0.970896312874568,0.970896312874568,0.970896312874568,0.970896312874568,36.521998331205424,36.521998331205424,36.521998331205424,36.521998331205424,146.0879933248217,3506.1118397957207,0.0501211277609055,3.6890907405258e-05
1937-05-15,1937-05-26,2356.3647,1.0031685153704124,2363.830877770248,0.136,1937,5,15,1937.05,1936,8,227,33,0.2042349878393492,0.0,0.0,0.53,3,Normal,55,13,13,17,178,276.0,0.1167596221013683,2087.830877770248,1100.0,,4,275.0,275.0,275.0,275.0,987.8308777702478,45.0,5.0,12.0,60.8446555148341,864.9862222554137,100.0,18.0,25.0,77.8446555148341,1042.9862222554138,1243.0,990.0,971.9782124635834,18.021787536416586,0.9262894125183112,0.648,988.4257105874816,0.28,0.28,0.28,0.28,16.167498123898298,16.167498123898298,16.167498123898298,16.167498123898298,,0.9455024943716948,0.9455024943716948,0.9455024943716948,0.9455024943716948,41.22654037484465,41.22654037484465,41.22654037484465,41.22654037484465,0.8865922661256914,0.8865922661256914,0.8865922661256914,0.8865922661256914,0.9786592266125692,0.9786592266125692,0.9786592266125692,0.9786592266125692,40.346734119157325,40.346734119157325,40.346734119157325,40.346734119157325,161.3869364766293,3873.286475439103,0.0682734699822781,4.07542768880377e-05
1937-06-15,1937-06-26,1463.3217,0.94550510416192,1383.5781363808978,0.248,1937,6,15,1937.06,1936,9,258,37,0.1195411509833096,16.044391685440587,0.0115963032831732,0.3,2,Mod_Wet,62,12,14,16,153,257.0,0.1857502610385628,1126.5781363808978,1100.0,,4,275.0,275.0,275.0,275.0,26.57813638089783,6.411846130800255,1.2410024769290815,1.4478362230839286,1.6546699692387754,15.82278158084579,68.41184613080026,13.24100247692908,15.447836223083929,17.654669969238775,168.8227815808458,1197.1006848308132,990.0,969.108483209846,20.89151679015401,0.8407736525554267,0.648,988.5112263474446,0.28,0.28,0.28,0.28,19.122743137598576,19.122743137598576,19.122743137598576,19.122743137598576,,0.9528068578439964,0.9528068578439964,0.9528068578439964,0.9528068578439964,49.13901640562603,49.13901640562603,49.13901640562603,49.13901640562603,1.056753040981205,1.056753040981205,1.056753040981205,1.056753040981205,0.98,0.98,0.98,0.98,48.15623607751351,48.15623607751351,48.15623607751351,48.15623607751351,192.62494431005405,4622.998663441297,0.1392223100705492,4.86426627045591e-05
1937-07-15,1937-07-26,691.4282,0.8804892019345739,608.7950640130589,0.48,1937,7,15,1937.07,1936,10,288,42,0.0525998935307282,9.855565616698302,0.0161886424501084,0.39,2,Mod_Wet,58,11,11,11,136,227.0,0.372867674884977,381.7950640130589,381.7950640130589,,2,190.89753200652945,190.89753200652945,0.0,0.0,0.0,0.0,0.0,0.0,0.0,0.0,58.0,11.0,11.0,11.0,136.0,461.7950640130589,990.0,966.3351802560522,23.66481974394776,0.1985135689575422,0.0792072702141638,989.7222791608284,0.2002116682088147,0.2002116682088147,0.01,0.01,23.18688723656724,23.18688723656724,23.37709890477605,23.37709890477605,,0.9525591966174768,0.9525591966174768,0.0,0.0,41.349802301763205,41.349802301763205,0.0,0.0,0.8892430602529722,0.8892430602529722,0.0,0.0,0.9789243060252972,0.9789243060252972,0.96,0.96,40.47832652253678,40.47832652253678,0.0,0.0,80.95665304507357,1942.9596730817657,0.1329784977417901,5.8900602178602096e-05
1937-08-15,1937-08-26,453.6742,0.9119592484433596,413.7323824701425,0.64,1937,8,15,1937.08,1936,11,319,46,0.0357464778454203,6.556547466452741,0.0158473151830843,0.34,2,Mod_Wet,54,9,8,6,107,184.0,0.4447319276810018,229.7323824701425,229.7323824701425,,1,229.7323824701425,0.0,0.0,0.0,0.0,0.0,0.0,0.0,0.0,0.0,54.0,9.0,8.0,6.0,107.0,300.7323824701425,990.0,965.4617957211155,24.538204278884336,0.1416695513771275,0.0152772525099621,989.8430531961128,0.2526387163346923,0.01,0.01,0.01,24.12861875866256,24.37125747499725,24.37125747499725,24.37125747499725,,0.9575608508246128,0.0,0.0,0.0,52.05467740645545,0.0,0.0,0.0,1.119455428095816,0.0,0.0,0.0,0.98,0.96,0.96,0.96,48.2,0.0,0.0,0.0,48.2,1156.8000000000002,0.1165004288816537,5.828037277517458e-05
1937-09-15,1937-09-26,312.7836,0.9288272938647332,290.5219447532691,0.797,1937,9,15,1937.09,1936,12,350,50,0.0251010960266824,11.78284711285272,0.0405575114914624,0.36,2,Mod_Wet,46,7,6,4,75,138.0,0.4750071465933457,152.5219447532691,152.5219447532691,,1,152.5219447532691,0.0,0.0,0.0,0.0,0.0,0.0,0.0,0.0,0.0,46.0,7.0,6.0,4.0,75.0,211.5219447532691,990.0,964.8620877790132,25.13791222098689,0.1101841564203289,0.0087143653040278,989.8811014782756,0.1484046254169133,0.01,0.01,0.01,24.87060907384556,25.00901369926247,25.00901369926247,25.00901369926247,,0.9401576639065276,0.0,0.0,0.0,34.97503400785498,0.0,0.0,0.0,0.7521512689861286,0.0,0.0,0.0,0.97,0.96,0.96,0.96,33.92578298761933,0.0,0.0,0.0,33.92578298761933,814.2187917028639,0.116775285310827,6.178670631899379e-05
1937-10-15,1937-10-26,250.8784,0.9414693900674836,236.1943342291061,0.893,1937,10,15,1937.1,1937,1,15,3,0.0204071904773947,3.4469595323380133,0.0145937435103523,0.37,2,Mod_Wet,41,6,4,3,56,110.0,0.46571819920668,126.19433422910612,126.19433422910612,,1,126.19433422910612,0.0,0.0,0.0,0.0,0.0,0.0,0.0,0.0,0.0,41.0,6.0,4.0,3.0,56.0,177.19433422910612,990.0,964.6171660053748,25.382833994625344,0.0980687174703338,0.006476518409474,989.89545476412,0.1128623512092932,0.01,0.01,0.01,25.16542640753618,25.268288758745477,25.268288758745477,25.268288758745477,,0.9291658810156536,0.0,0.0,0.0,28.938505850032964,0.0,0.0,0.0,0.6223334591404939,0.0,0.0,0.0,0.97,0.96,0.96,0.96,28.070350674531973,0.0,0.0,0.0,28.070350674531973,673.6884161887674,0.1188443015203913,6.178819104238376e-05
1937-11-15,1937-11-26,282.5805,0.9441063439037743,266.78604271350054,0.847,1937,11,15,1937.11,1937,2,46,7,0.0230503140904464,0.0,0.0,0.29,2,Mod_Wet,40,6,4,3,53,106.0,0.3973221347033981,160.78604271350054,160.78604271350054,,1,160.78604271350054,0.0,0.0,0.0,0.0,0.0,0.0,0.0,0.0,0.0,40.0,6.0,4.0,3.0,53.0,210.7860427135005,990.0,964.767144170854,25.232855829145933,0.1099244254146618,0.0094168136306475,989.8806587609548,0.1595611576632257,0.01,0.01,0.01,24.95395343243741,25.103514590100637,25.103514590100637,25.103514590100637,,0.9425302871726612,0.0,0.0,0.0,37.087001417812914,0.0,0.0,0.0,0.7975699229637185,0.0,0.0,0.0,0.97,0.96,0.96,0.96,35.97439137527853,0.0,0.0,0.0,35.97439137527853,863.3853930066847,0.1348436035460488,6.215021107857556e-05
1937-12-15,1937-12-26,473.647,0.9007401735700734,426.6328809909446,0.62,1937,12,15,1937.12,1937,3,76,11,0.0368610809176176,4.163062020279028,0.0097579492949756,0.42,3,Normal,38,5,4,3,54,104.0,0.2437693029155139,322.6328809909446,322.6328809909446,,2,161.3164404954723,161.3164404954723,0.0,0.0,0.0,0.0,0.0,0.0,0.0,0.0,38.0,5.0,4.0,3.0,54.0,369.6328809909446,990.0,965.5198479644592,24.480152035540755,0.1659866750689506,0.0512827198277258,989.7827306051032,0.1602771946688876,0.1602771946688876,0.01,0.01,24.10260544597508,24.10260544597508,24.252882640643964,24.252882640643964,,0.944138021698467,0.944138021698467,0.0,0.0,36.001186088874206,36.001186088874206,0.0,0.0,0.7742190556747142,0.7742190556747142,0.0,0.0,0.97,0.97,0.96,0.96,34.92115050620798,34.92115050620798,0.0,0.0,69.84230101241596,1676.215224297983,0.1637058560751166,6.0132244148605744e-05
1938-01-15,1938-01-26,697.8704,0.8821520065429723,615.6277736669467,0.475,1938,1,15,1938.01,1937,4,107,16,0.0531902396448241,6.832709653887832,0.0110987677069688,0.46,3,Normal,41,6,4,3,66,120.0,0.1949229796525063,495.6277736669467,495.6277736669467,,2,247.81388683347336,247.81388683347336,0.0,0.0,0.0,0.0,0.0,0.0,0.0,0.0,41.0,6.0,4.0,3.0,66.0,546.6277736669467,990.0,966.3625110946678,23.637488905332248,0.2371644016445111,0.1329363091707988,989.6298992891848,0.2770487472251891,0.2770487472251891,0.01,0.01,22.990339447291834,22.990339447291834,23.257388194517024,23.257388194517024,,0.955416069715858,0.955416069715858,0.0,0.0,53.38291244438083,53.38291244438083,0.0,0.0,1.1480196224598027,1.1480196224598027,0.0,0.0,0.98,0.98,0.96,0.96,48.2,48.2,0.0,0.0,96.4,2313.6000000000004,0.1565881269875134,5.402800085164716e-05
1938-02-15,1938-02-26,955.5912,0.91769253620946,876.9389119074414,0.3720000000000001,1938,2,15,1938.02,1937,5,138,20,0.0757675219888029,13.453916616292984,0.0153419085795032,0.59,3,Normal,43,7,5,4,78,137.0,0.1562252491476396,739.9389119074414,739.9389119074414,,3,246.6463039691471,246.6463039691471,246.6463039691471,0.0,0.0,0.0,0.0,0.0,0.0,0.0,43.0,7.0,5.0,4.0,78.0,794.9389119074414,990.0,967.4077556476298,22.592244352370244,0.3826741565460072,0.2952791931541708,989.3220466502996,0.2754725103583486,0.2754725103583486,0.2754725103583486,0.01,21.63881849231164,21.63881849231164,21.63881849231164,21.904291002669986,,0.956798743170399,0.956798743170399,0.956798743170399,0.0,50.08036109029168,50.08036109029168,50.08036109029168,0.0,1.0769970126944448,1.0769970126944448,1.0769970126944448,0.0,0.98,0.98,0.98,0.96,48.2,48.2,48.2,0.0,144.60000000000002,3470.4000000000005,0.1648917593193335,5.428376048385344e-05
1938-03-15,1938-03-26,1275.7375,0.914516856089578,1166.683447695578,0.283,1938,3,15,1938.03,1937,6,166,24,0.1008014498808979,40.89497845430674,0.035052334491487,0.71,4,Mod_Dry,41,8,7,6,67,129.0,0.1105698381637277,1037.683447695578,1037.683447695578,,4,259.4208619238945,259.4208619238945,259.4208619238945,259.4208619238945,0.0,0.0,0.0,0.0,0.0,0.0,41.0,8.0,7.0,6.0,67.0,1093.683447695578,990.0,968.423862264186,21.57613773581386,0.6892200606018797,0.5077877573150505,988.802992182083,0.28,0.28,0.28,0.28,20.099129917896875,20.099129917896875,20.099129917896875,20.099129917896875,,0.9552015828409084,0.9552015828409084,0.9552015828409084,0.9552015828409084,48.84452474466158,48.84452474466158,48.84452474466158,48.84452474466158,1.0504198869819694,1.0504198869819694,1.0504198869819694,1.0504198869819694,0.98,0.98,0.98,0.98,47.86763424976834,47.86763424976834,47.86763424976834,47.86763424976834,191.47053699907335,4595.292887977761,0.1641152425512371,5.12548026044292e-05
1938-04-15,1938-04-26,2987.1311,1.0208950418363147,3049.547329305057,0.083,1938,4,15,1938.04,1937,7,197,29,0.2634808892519569,30.59836109677235,0.0100337387135241,0.44,3,Normal,54,13,14,19,117,217.0,0.0711581020286872,2832.547329305057,1100.0,,4,275.0,275.0,275.0,275.0,1732.5473293050568,46.0,5.0,11.0,61.0,1609.5473293050568,100.0,18.0,25.0,80.0,1726.5473293050568,1243.0,990.0,973.6333901052192,16.366609894780936,0.9262894125183112,0.648,988.4257105874816,0.28,0.28,0.28,0.28,14.512320482262654,14.512320482262654,14.512320482262654,14.512320482262654,,0.938073922893576,0.938073922893576,0.938073922893576,0.938073922893576,36.71515087694957,36.71515087694957,36.71515087694957,36.71515087694957,0.7895731371387005,0.7895731371387005,0.7895731371387005,0.7895731371387005,0.97,0.97,0.97,0.97,35.613696350641085,35.613696350641085,35.613696350641085,35.613696350641085,142.45478540256434,3418.9148496615444,0.0467134200652093,3.597343065721322e-05
1938-05-15,1938-05-26,1735.3679,0.9841314895494252,1707.8301963432584,0.206,1938,5,15,1938.05,1937,8,227,33,0.1475565289640575,0.0,0.0,0.73,4,Mod_Dry,47,10,10,10,115,192.0,0.1124233547404789,1515.8301963432584,1100.0,,4,275.0,275.0,275.0,275.0,415.8301963432584,52.99999999999999,8.0,15.0,21.65782272621138,318.1723736170471,100.0,18.0,25.0,31.65782272621138,433.1723736170471,1243.0,990.0,970.156066788186,19.843933211814036,0.9262894125183112,0.648,988.4257105874816,0.28,0.28,0.28,0.28,17.98964379929575,17.98964379929575,17.98964379929575,17.98964379929575,,0.9512163423477112,0.9512163423477112,0.9512163423477112,0.9512163423477112,46.15016527075551,46.15016527075551,46.15016527075551,46.15016527075551,0.9924766724893658,0.9924766724893658,0.9924766724893658,0.9924766724893658,0.98,0.98,0.98,0.98,45.2271619653404,45.2271619653404,45.2271619653404,45.2271619653404,180.9086478613616,4341.807548672678,0.1059289431986367,4.568400198519232e-05
1938-06-15,1938-06-26,901.4559,0.907115570001353,817.7246825595828,0.391,1938,6,15,1938.06,1937,9,258,37,0.0706514125731479,0.0,0.0,0.77,4,Mod_Dry,45,10,9,9,88,161.0,0.1968877831791128,656.7246825595828,656.7246825595828,,3,218.90822751986093,218.90822751986093,218.90822751986093,0.0,0.0,0.0,0.0,0.0,0.0,0.0,45.0,10.0,9.0,9.0,88.0,720.7246825595828,990.0,967.1708987302384,22.829101269761736,0.336101960519668,0.2396920879498013,989.4242059515306,0.2380261071518122,0.2380261071518122,0.2380261071518122,0.01,22.01528111414048,22.01528111414048,22.01528111414048,22.243307221292287,,0.9563118924068218,0.9563118924068218,0.9563118924068218,0.0,45.19855763685382,45.19855763685382,45.19855763685382,0.0,0.9720119921904048,0.9720119921904048,0.9720119921904048,0.0,0.98,0.98,0.98,0.96,44.29458648411674,44.29458648411674,44.29458648411674,0.0,132.88375945235023,3189.210226856406,0.1625042783793771,5.620643838079238e-05
1938-07-15,1938-07-26,483.8375,0.9000891520783358,435.49688511870175,0.611,1938,7,15,1938.07,1937,10,288,42,0.0376269308742558,0.0,0.0,0.8,4,Mod_Dry,42,9,8,6,70,135.0,0.3099907361293837,300.4968851187017,300.4968851187017,,2,150.24844255935088,150.24844255935088,0.0,0.0,0.0,0.0,0.0,0.0,0.0,0.0,42.0,9.0,8.0,6.0,70.0,359.4968851187017,990.0,965.559735983034,24.440264016965894,0.162409367637848,0.0408345297760272,989.7967561025862,0.1453353974551237,0.1453353974551237,0.01,0.01,24.09168472209696,24.09168472209696,24.227020119552083,24.227020119552083,,0.9408510010817404,0.9408510010817404,0.0,0.0,33.39924894301317,33.39924894301317,0.0,0.0,0.7182634181293155,0.7182634181293155,0.0,0.0,0.97,0.97,0.96,0.96,32.39727147472277,32.39727147472277,0.0,0.0,64.79454294944554,1555.069030786693,0.1487830227115969,5.9895742831124616e-05
1938-08-15,1938-08-26,361.7746,0.9166247913690906,331.6115672476363,0.736,1938,8,15,1938.08,1937,11,319,46,0.0286512394101957,0.0,0.0,0.7000000000000001,4,Mod_Dry,39,7,5,4,60,115.0,0.3467912803962049,216.6115672476363,216.6115672476363,,1,216.6115672476363,0.0,0.0,0.0,0.0,0.0,0.0,0.0,0.0,0.0,39.0,7.0,5.0,4.0,60.0,267.6115672476363,990.0,965.0580578362382,24.94194216376184,0.1299801880513087,0.014161983216049,989.8558578287328,0.234925615784309,0.01,0.01,0.01,24.56287437671025,24.78779999249456,24.78779999249456,24.78779999249456,,0.9576540224200504,0.0,0.0,0.0,49.96986410544573,0.0,0.0,0.0,1.0746207334504458,0.0,0.0,0.0,0.98,0.96,0.96,0.96,48.2,0.0,0.0,0.0,48.2,1156.8000000000002,0.1453507801312789,6.181059053777284e-05
1938-09-15,1938-09-26,275.3297,0.9493451834369376,261.382924552137,0.855,1938,9,15,1938.09,1937,12,350,50,0.0225834846813046,2.7222626454365013,0.0104148450022162,0.65,3,Normal,40,6,4,3,65,118.0,0.4514449450062029,143.382924552137,143.382924552137,,1,143.382924552137,0.0,0.0,0.0,0.0,0.0,0.0,0.0,0.0,0.0,40.0,6.0,4.0,3.0,65.0,193.382924552137,990.0,964.7455316982084,25.254468301791466,0.1037821942105707,0.0079375485869316,989.8882802572024,0.1360669481453849,0.01,0.01,0.01,25.00668161084857,25.13274855899396,25.13274855899396,25.13274855899396,,0.9364268645061844,0.0,0.0,0.0,32.928053814735634,0.0,0.0,0.0,0.7081301895642071,0.0,0.0,0.0,0.97,0.96,0.96,0.96,31.94021220029357,0.0,0.0,0.0,31.94021220029357,766.5650928070456,0.1221970113580337,6.18782270933668e-05
1938-10-15,1938-10-26,231.0479,0.97240029822707,224.67104686473823,0.918,1938,10,15,1938.1,1938,1,15,3,0.0194115784491133,2.388210579599729,0.0106298101732598,0.5700000000000001,3,Normal,37,5,3,2,50,97.0,0.431742324405504,127.67104686473824,127.67104686473824,,1,127.67104686473824,0.0,0.0,0.0,0.0,0.0,0.0,0.0,0.0,0.0,37.0,5.0,3.0,2.0,50.0,172.67104686473823,990.0,964.5480262811884,25.451973718811587,0.0964723031668007,0.0066020389835027,989.8969256578496,0.1148559132673966,0.01,0.01,0.01,25.23404346339388,25.33889937666128,25.33889937666128,25.33889937666128,,0.929676227518698,0.0,0.0,0.0,29.37309376258582,0.0,0.0,0.0,0.6316794357545338,0.0,0.0,0.0,0.97,0.96,0.96,0.96,28.49190094970825,0.0,0.0,0.0,28.49190094970825,683.8056227929978,0.1268160777603961,6.199069503095313e-05
1938-11-15,1938-11-26,271.7487,0.9523418217225876,258.7976520087449,0.862,1938,11,15,1938.11,1938,2,46,7,0.0223601171335555,0.0,0.0,0.47,3,Normal,36,5,3,2,47,93.0,0.3593541103566793,165.79765200874488,165.79765200874488,,1,165.79765200874488,0.0,0.0,0.0,0.0,0.0,0.0,0.0,0.0,0.0,36.0,5.0,3.0,2.0,47.0,209.79765200874488,990.0,964.735190608035,25.264809391964945,0.109575580462664,0.0098428004207433,989.8805816191166,0.1663268302118056,0.01,0.01,0.01,24.979064180869724,25.135391011081527,25.135391011081527,25.135391011081527,,0.9440163278462678,0.0,0.0,0.0,38.341821872024056,0.0,0.0,0.0,0.8245553090757861,0.0,0.0,0.0,0.9724555309075786,0.96,0.96,0.96,37.285716744522965,0.0,0.0,0.0,37.285716744522965,894.8572018685511,0.1440728555885934,6.246857789999938e-05
1938-12-15,1938-12-26,509.9149,0.8935905892579125,455.65515596238953,0.59,1938,12,15,1938.12,1938,3,76,11,0.0393686054751504,0.0,0.0,0.56,3,Normal,38,5,4,3,54,104.0,0.2282427810574019,351.6551559623896,351.6551559623896,,2,175.82757798119476,175.82757798119476,0.0,0.0,0.0,0.0,0.0,0.0,0.0,0.0,38.0,5.0,4.0,3.0,54.0,398.65515596238953,990.0,965.6504482018308,24.349551798169276,0.1762295363754716,0.0649812336142478,989.7587892300104,0.1798672302746129,0.1798672302746129,0.01,0.01,23.92847379790494,23.92847379790494,24.09834102817955,24.09834102817955,,0.948637969202572,0.948637969202572,0.0,0.0,39.14183626668199,39.14183626668199,0.0,0.0,0.8417599197135911,0.8417599197135911,0.0,0.0,0.9741759919713592,0.9741759919713592,0.96,0.96,38.13103717267544,38.13103717267544,0.0,0.0,76.26207434535088,1830.2897842884213,0.167367960940281,6.024057711424803e-05
1939-01-15,1939-01-26,764.3804,0.8926299826267534,682.3088631722309,0.445,1939,1,15,1939.01,1938,4,107,16,0.0589514857780807,0.0,0.0,0.32,2,Mod_Wet,46,7,6,4,76,139.0,0.2037200562715145,543.3088631722309,543.3088631722309,,2,271.65443158611544,271.65443158611544,0.0,0.0,0.0,0.0,0.0,0.0,0.0,0.0,46.0,7.0,6.0,4.0,76.0,602.3088631722309,990.0,966.6292354526888,23.37076454731107,0.2688074164814905,0.1639303205990502,989.5672622629194,0.28,0.28,0.01,0.01,22.65802681023044,22.65802681023044,22.92802681023044,22.92802681023044,,0.9490045190285072,0.9490045190285072,0.0,0.0,57.285652015918,57.285652015918,0.0,0.0,1.231949505718667,1.231949505718667,0.0,0.0,0.98,0.98,0.96,0.96,48.2,48.2,0.0,0.0,96.4,2313.6000000000004,0.141284988666,4.928647329887039e-05
1939-02-15,1939-02-26,1156.5974,0.9338086699838878,1080.0406798008228,0.311,1939,2,15,1939.02,1938,5,138,20,0.093315514734791,0.0,0.0,0.34,2,Mod_Wet,49,8,7,5,93,162.0,0.14999435024047,918.0406798008228,918.0406798008228,,4,229.5101699502057,229.5101699502057,229.5101699502057,229.5101699502057,0.0,0.0,0.0,0.0,0.0,0.0,49.0,8.0,7.0,5.0,93.0,982.0406798008228,990.0,968.1515564222312,21.84844357776888,0.5538748159938033,0.3833316890235982,989.0627934949824,0.2523387294327777,0.2523387294327777,0.2523387294327777,0.2523387294327777,20.65889834331864,20.65889834331864,20.65889834331864,20.65889834331864,,0.9552674894409248,0.9552674894409248,0.9552674894409248,0.9552674894409248,44.41941046978103,44.41941046978103,44.41941046978103,44.41941046978103,0.955256139135076,0.955256139135076,0.955256139135076,0.955256139135076,0.98,0.98,0.98,0.98,43.531022260385406,43.531022260385406,43.531022260385406,43.531022260385406,174.12408904154162,4178.978136996999,0.1612199357839493,5.268590333277298e-05
1939-03-15,1939-03-26,2690.1084,1.0194753303873465,2742.499149867776,0.106,1939,3,15,1939.03,1938,6,166,24,0.2369519265485758,0.0,0.0,0.24,2,Mod_Wet,59,11,12,13,144,239.0,0.0871467909156956,2503.499149867776,1100.0,,4,275.0,275.0,275.0,275.0,1403.499149867776,41.0,7.0,13.0,67.0,1275.499149867776,100.0,18.0,25.0,80.0,1419.499149867776,1243.0,990.0,972.892239327267,17.10776067273298,0.9262894125183112,0.648,988.4257105874816,0.28,0.28,0.28,0.28,15.253471260214695,15.253471260214695,15.253471260214695,15.253471260214695,,0.9420138850408588,0.9420138850408588,0.9420138850408588,0.9420138850408588,38.752291264916366,38.752291264916366,38.752291264916366,38.752291264916366,0.8333826078476638,0.8333826078476638,0.8333826078476638,0.8333826078476638,0.9733382607847664,0.9733382607847664,0.9733382607847664,0.9733382607847664,37.71908778121839,37.71908778121839,37.71908778121839,37.71908778121839,150.87635112487357,3621.0324269969656,0.0550141833707214,3.810008866789736e-05
1939-04-15,1939-04-26,2206.4807,1.0070089693244375,2221.9458555412634,0.154,1939,4,15,1939.04,1938,7,197,29,0.1919761219187651,79.58577667189776,0.0358180540148719,0.64,3,Normal,54,13,14,19,117,217.0,0.0976621457533847,2004.9458555412637,1100.0,,4,275.0,275.0,275.0,275.0,904.9458555412634,46.00000000000003,5.000000000000007,11.0,61.0,781.9458555412634,100.0,18.0,25.0,80.0,898.9458555412634,1243.0,990.0,971.6357313754444,18.364268624555507,0.9262894125183112,0.648,988.4257105874816,0.28,0.28,0.28,0.28,16.509979212037223,16.509979212037223,16.509979212037223,16.509979212037223,,0.9465299376361116,0.9465299376361116,0.9465299376361116,0.9465299376361116,42.145603251841855,42.145603251841855,42.145603251841855,42.145603251841855,0.9063570591793948,0.9063570591793948,0.9063570591793948,0.9063570591793948,0.98,0.98,0.98,0.98,41.30269118680502,41.30269118680502,41.30269118680502,41.30269118680502,165.21076474722008,3965.058353933282,0.0743540911832772,4.171989008768184e-05
1939-05-15,1939-05-26,1392.323,0.9273803807430936,1291.2130338573666,0.261,1939,5,15,1939.05,1938,8,227,33,0.1115608061252764,6.280409644496332,0.004863960849074,0.8300000000000001,4,Mod_Dry,47,10,10,10,115,192.0,0.148697383751169,1099.2130338573666,1099.2130338573666,,4,274.80325846434164,274.80325846434164,274.80325846434164,274.80325846434164,0.0,0.0,0.0,0.0,0.0,0.0,47.0,10.0,10.0,10.0,115.0,1166.2130338573666,990.0,968.8152409635516,21.184759036448327,0.795509104964468,0.6462293261790748,988.5582615688564,0.28,0.28,0.28,0.28,19.463020605304763,19.463020605304763,19.463020605304763,19.463020605304763,,0.9536602765482716,0.9536602765482716,0.9536602765482716,0.9536602765482716,50.02239865403286,50.02239865403286,50.02239865403286,50.02239865403286,1.0757505086888788,1.0757505086888788,1.0757505086888788,1.0757505086888788,0.98,0.98,0.98,0.98,48.2,48.2,48.2,48.2,192.8,4627.200000000001,0.1493169561834655,4.8721725367118336e-05
1939-06-15,1939-06-26,710.868,0.8775314292741972,623.8090120652902,0.47,1939,6,15,1939.06,1938,9,258,37,0.053897098642441,0.0,0.0,0.9,4,Mod_Dry,45,10,9,9,88,161.0,0.2580918147799204,462.8090120652902,462.8090120652902,,2,231.4045060326451,231.4045060326451,0.0,0.0,0.0,0.0,0.0,0.0,0.0,0.0,45.0,10.0,9.0,9.0,88.0,526.8090120652902,990.0,966.3952360482612,23.60476395173885,0.2259015945948707,0.1174458536948169,989.6566525517104,0.2548960831440708,0.2548960831440708,0.01,0.01,23.00652042030507,23.00652042030507,23.25141650344914,23.25141650344914,,0.9573531975266312,0.9573531975266312,0.0,0.0,49.9843032513049,49.9843032513049,0.0,0.0,1.0749312527162345,1.0749312527162345,0.0,0.0,0.98,0.98,0.96,0.96,48.2,48.2,0.0,0.0,96.4,2313.6000000000004,0.154534477917915,5.7859240161036765e-05
1939-07-15,1939-07-26,434.2405,0.9023039355474278,391.8169121240828,0.66,1939,7,15,1939.07,1938,10,288,42,0.0338529812075207,16.187634129490846,0.0413142813099513,0.87,4,Mod_Dry,42,9,8,6,70,135.0,0.3445486803215054,256.8169121240828,256.8169121240828,,1,256.8169121240828,0.0,0.0,0.0,0.0,0.0,0.0,0.0,0.0,0.0,42.0,9.0,8.0,6.0,70.0,315.8169121240828,990.0,965.3590845606204,24.64091543937957,0.1469933499170916,0.020217582522567,989.8327890675604,0.28,0.01,0.01,0.01,24.19370450693984,24.46370450693984,24.46370450693984,24.46370450693984,,0.949638375799636,0.0,0.0,0.0,57.86593141315242,0.0,0.0,0.0,1.2444286325409124,0.0,0.0,0.0,0.98,0.96,0.96,0.96,48.2,0.0,0.0,0.0,48.2,1156.8000000000002,0.1230166399370115,5.213398439437648e-05
1939-08-15,1939-08-26,336.7179,0.9260439379072553,311.8155700798613,0.7659999999999999,1939,8,15,1939.08,1938,11,319,46,0.0269408652549,4.706853997526082,0.0150949934806673,0.8300000000000001,4,Mod_Dry,39,7,5,4,60,115.0,0.3688077537967284,196.8155700798613,196.8155700798613,,1,196.8155700798613,0.0,0.0,0.0,0.0,0.0,0.0,0.0,0.0,0.0,39.0,7.0,5.0,4.0,60.0,247.8155700798613,990.0,964.9590778503992,25.04092214960076,0.122993566443826,0.0124793234567882,989.8645271100994,0.2082010196078127,0.01,0.01,0.01,24.69724824009235,24.89544925970016,24.89544925970016,24.89544925970016,,0.9538278005754478,0.0,0.0,0.0,45.46913531766381,0.0,0.0,0.0,0.9778308670465335,0.0,0.0,0.0,0.98,0.96,0.96,0.96,44.559752611310536,0.0,0.0,0.0,44.559752611310536,1069.434062671453,0.142904193654916,6.288988749048109e-05
1939-09-15,1939-09-26,264.675,0.9437959007304476,249.7991800258312,0.875,1939,9,15,1939.09,1938,12,350,50,0.0215826491542318,0.0,0.0,0.68,3,Normal,40,6,4,3,65,118.0,0.4723794529181316,131.7991800258312,131.7991800258312,,1,131.7991800258312,0.0,0.0,0.0,0.0,0.0,0.0,0.0,0.0,0.0,40.0,6.0,4.0,3.0,65.0,181.7991800258312,990.0,964.698795080155,25.301204919844963,0.0996939163806142,0.0069529303021956,989.8933531533172,0.1204288930348721,0.01,0.01,0.01,25.074129180127297,25.18455807316217,25.18455807316217,25.18455807316217,,0.93156973121068,0.0,0.0,0.0,30.192052341101,0.0,0.0,0.0,0.6492914481957205,0.0,0.0,0.0,0.97,0.96,0.96,0.96,29.286290770867968,0.0,0.0,0.0,29.286290770867968,702.8709785008313,0.1172393390876604,6.172330334749548e-05
1939-10-15,1939-10-26,221.5156,0.969471677754902,214.75310038088367,0.933,1939,10,15,1939.1,1939,1,15,3,0.0185546678729083,0.0,0.0,0.56,3,Normal,37,5,3,2,50,97.0,0.4516814883136117,117.75310038088368,117.75310038088368,,1,117.75310038088368,0.0,0.0,0.0,0.0,0.0,0.0,0.0,0.0,0.0,37.0,5.0,3.0,2.0,50.0,162.75310038088367,990.0,964.4885186022854,25.511481397714647,0.0929719393046181,0.0057590135323751,989.901269047163,0.1014666855141929,0.01,0.01,0.01,25.31128375936351,25.4027504448777,25.4027504448777,25.4027504448777,,0.9234963766979865,0.0,0.0,0.0,26.99357579669789,0.0,0.0,0.0,0.5805070063805998,0.0,0.0,0.0,0.97,0.96,0.96,0.96,26.183768522796957,0.0,0.0,0.0,26.183768522796957,628.4104445471269,0.1219249849075879,6.176711280284068e-05
1939-11-15,1939-11-26,312.7836,0.9288272938647332,290.5219447532691,0.797,1939,11,15,1939.11,1939,2,46,7,0.0251010960266824,3.3348747930356235,0.0114789084035212,0.34,2,Mod_Wet,40,6,4,3,53,106.0,0.3648605618760482,184.5219447532691,184.5219447532691,,1,184.5219447532691,0.0,0.0,0.0,0.0,0.0,0.0,0.0,0.0,0.0,40.0,6.0,4.0,3.0,53.0,234.5219447532691,990.0,964.8620877790132,25.13791222098689,0.1183018307947896,0.0114343653040278,989.8702638039013,0.1916046254169133,0.01,0.01,0.01,24.81657139947123,24.998176024888146,24.998176024888146,24.998176024888146,,0.9499934160062536,0.0,0.0,0.0,42.662774755787126,0.0,0.0,0.0,0.9174790270061748,0.0,0.0,0.0,0.98,0.96,0.96,0.96,41.80951926067138,0.0,0.0,0.0,41.80951926067138,1003.4284622561132,0.1439117423510945,6.29396973119683e-05
1939-12-15,1939-12-26,593.4044,0.8886647923374786,527.3375978981461,0.532,1939,12,15,1939.12,1939,3,76,11,0.0455619684583998,4.3183651272617,0.0081889953314039,0.17,2,Mod_Wet,42,7,5,3,61,118.0,0.2237655734586772,409.3375978981461,409.3375978981461,,2,204.66879894907305,204.66879894907305,0.0,0.0,0.0,0.0,0.0,0.0,0.0,0.0,42.0,7.0,5.0,3.0,61.0,463.3375978981461,990.0,965.9730191905415,24.026980809458337,0.1990579770255211,0.0922073462079249,989.7087346767664,0.2188028785812486,0.2188028785812486,0.01,0.01,23.51691260764363,23.51691260764363,23.725715486224875,23.725715486224875,,0.9555564124783424,0.9555564124783424,0.0,0.0,45.10523782373633,45.10523782373633,0.0,0.0,0.9700051144889532,0.9700051144889532,0.0,0.0,0.98,0.98,0.96,0.96,44.2031330672616,44.2031330672616,0.0,0.0,88.40626613452321,2121.750387228557,0.1676464308384069,5.999276947579383e-05
1940-01-15,1940-01-26,863.9982,0.9020463209442272,779.3663976124346,0.405,1940,1,15,1940.01,1939,4,107,16,0.0673372567537143,18.838186293144645,0.02417115537808,0.2,2,Mod_Wet,46,7,6,4,76,139.0,0.1783500038310893,640.3663976124346,640.3663976124346,,3,213.45546587081157,213.45546587081157,213.45546587081157,0.0,0.0,0.0,0.0,0.0,0.0,0.0,46.0,7.0,6.0,4.0,76.0,699.3663976124346,990.0,967.0174655904495,22.98253440955034,0.3239642575134992,0.2287647536051063,989.4472709888814,0.2306648789255956,0.2306648789255956,0.2306648789255956,0.01,22.199140519506173,22.199140519506173,22.199140519506173,22.41980539843177,,0.9558116940325418,0.9558116940325418,0.9558116940325418,0.0,44.41753768778787,44.41753768778787,44.41753768778787,0.0,0.9552158642535026,0.9552158642535026,0.9552158642535026,0.0,0.98,0.98,0.98,0.96,43.52918693403211,43.52918693403211,43.52918693403211,0.0,130.58756080209633,3134.101459250312,0.167556057333428,5.664619908270213e-05
1940-02-15,1940-02-26,1201.5505,0.921902008637954,1107.711819429938,0.298,1940,2,15,1940.02,1939,5,138,20,0.0957063011987466,0.0,0.0,0.31,2,Mod_Wet,49,8,7,5,93,162.0,0.1462474238862686,945.711819429938,945.711819429938,,4,236.4279548574845,236.4279548574845,236.4279548574845,236.4279548574845,0.0,0.0,0.0,0.0,0.0,0.0,49.0,8.0,7.0,5.0,93.0,1009.711819429938,990.0,968.2385228610656,21.761477138934534,0.5791942846739502,0.39672452060409,989.024081194722,0.2616777390576041,0.2616777390576041,0.2616777390576041,0.2616777390576041,20.523880594598975,20.523880594598975,20.523880594598975,20.523880594598975,,0.9553197074477536,0.9553197074477536,0.9553197074477536,0.9553197074477536,45.46170728019202,45.46170728019202,45.46170728019202,45.46170728019202,0.9776711243052048,0.9776711243052048,0.9776711243052048,0.9776711243052048,0.98,0.98,0.98,0.98,44.55247313458818,44.55247313458818,44.55247313458818,44.55247313458818,178.20989253835273,4277.037420920466,0.1608810968813756,5.234443189803821e-05
1940-03-15,1940-03-26,2705.2546,1.016250048483886,2749.2151184112568,0.106,1940,3,15,1940.03,1939,6,167,24,0.2375321862307325,77.81042628586601,0.0283027784056534,0.48,3,Normal,49,9,9,9,107,183.0,0.0665644528048986,2566.2151184112568,1100.0,,4,275.0,275.0,275.0,275.0,1466.2151184112568,51.0,9.0,16.0,71.0,1319.2151184112563,100.0,18.0,25.0,80.0,1426.2151184112563,1243.0,990.0,972.9084502858204,17.091549714179678,0.9262894125183112,0.648,988.4257105874816,0.28,0.28,0.28,0.28,15.237260301661395,15.237260301661395,15.237260301661395,15.237260301661395,,0.9419490412066456,0.9419490412066456,0.9419490412066456,0.9419490412066456,38.70844173229693,38.70844173229693,38.70844173229693,38.70844173229693,0.8324396071461706,0.8324396071461706,0.8324396071461706,0.8324396071461706,0.973243960714617,0.973243960714617,0.973243960714617,0.973243960714617,37.67275714463164,37.67275714463164,37.67275714463164,37.67275714463164,150.69102857852656,3616.584685884637,0.0548123817482894,3.8053290045082464e-05
1940-04-15,1940-04-26,4488.5142,0.9991072065460684,4484.506883904361,0.026,1940,4,15,1940.04,1939,7,198,29,0.3874613947693367,40.65584949251479,0.0090658461554458,0.11,2,Mod_Wet,70,14,18,25,168,295.0,0.0657820374986609,4189.506883904361,1100.0,,4,275.0,275.0,275.0,275.0,3089.5068839043606,30.0,4.0,7.0,55.0,2993.5068839043606,100.0,18.0,25.0,80.0,3161.5068839043606,1243.0,990.0,976.5666475975448,13.433352402455055,0.9262894125183112,0.648,988.4257105874816,0.28,0.28,0.28,0.28,11.579062989936777,11.579062989936777,11.579062989936777,11.579062989936777,,0.915790629899368,0.915790629899368,0.915790629899368,0.915790629899368,28.598351876523665,28.598351876523665,28.598351876523665,28.598351876523665,0.6150183199252401,0.6150183199252401,0.6150183199252401,0.6150183199252401,0.97,0.97,0.97,0.97,27.740401320227956,27.740401320227956,27.740401320227956,27.740401320227956,110.9616052809118,2663.0785267418837,0.0247433236593239,2.8020607394169648e-05
1940-05-15,1940-05-26,2675.0157,1.01532983475929,2716.0232486595064,0.107,1940,5,15,1940.05,1939,8,228,33,0.2346644086841813,53.12582603822602,0.019560151432594,0.24,2,Mod_Wet,65,14,17,23,202,321.0,0.1181875008464782,2395.0232486595064,1100.0,,4,275.0,275.0,275.0,275.0,1295.0232486595064,35.0,4.0,8.0,57.0,1191.0232486595062,100.0,18.0,25.0,80.0,1393.0232486595062,1243.0,990.0,972.8283319795228,17.171668020477114,0.9262894125183112,0.648,988.4257105874816,0.28,0.28,0.28,0.28,15.317378607958831,15.317378607958831,15.317378607958831,15.317378607958831,,0.9422695144318354,0.9422695144318354,0.9422695144318354,0.9422695144318354,38.92521149858056,38.92521149858056,38.92521149858056,38.92521149858056,0.8371013225501196,0.8371013225501196,0.8371013225501196,0.8371013225501196,0.973710132255012,0.973710132255012,0.973710132255012,0.973710132255012,37.90187283633718,37.90187283633718,37.90187283633718,37.90187283633718,151.60749134534873,3638.5797922883694,0.055819658914987,3.828472003670423e-05
1940-06-15,1940-06-26,1463.3217,0.94550510416192,1383.5781363808978,0.248,1940,6,15,1940.06,1939,9,259,37,0.1195411509833096,63.11022252337624,0.0456137755171942,0.32,2,Mod_Wet,62,12,14,16,153,257.0,0.1857502610385628,1126.5781363808978,1100.0,,4,275.0,275.0,275.0,275.0,26.57813638089783,6.411846130800255,1.2410024769290815,1.4478362230839286,1.6546699692387754,15.82278158084579,68.41184613080026,13.24100247692908,15.447836223083929,17.654669969238775,168.8227815808458,1197.1006848308132,990.0,969.108483209846,20.89151679015401,0.8407736525554267,0.648,988.5112263474446,0.28,0.28,0.28,0.28,19.122743137598576,19.122743137598576,19.122743137598576,19.122743137598576,,0.9528068578439964,0.9528068578439964,0.9528068578439964,0.9528068578439964,49.13901640562603,49.13901640562603,49.13901640562603,49.13901640562603,1.056753040981205,1.056753040981205,1.056753040981205,1.056753040981205,0.98,0.98,0.98,0.98,48.15623607751351,48.15623607751351,48.15623607751351,48.15623607751351,192.62494431005405,4622.998663441297,0.1392223100705492,4.86426627045591e-05
1940-07-15,1940-07-26,764.3804,0.8926299826267534,682.3088631722309,0.445,1940,7,15,1940.07,1939,10,289,42,0.0589514857780807,0.0,0.0,0.27,2,Mod_Wet,58,11,11,11,136,227.0,0.3326939048462863,455.3088631722309,455.3088631722309,,2,227.65443158611544,227.65443158611544,0.0,0.0,0.0,0.0,0.0,0.0,0.0,0.0,58.0,11.0,11.0,11.0,136.0,535.3088631722309,990.0,966.6292354526888,23.37076454731107,0.2307319762752348,0.1139057834172929,989.6553622403076,0.2498334826412558,0.2498334826412558,0.01,0.01,22.776293304977266,22.776293304977266,23.01612678761852,23.01612678761852,,0.9576318210645042,0.9576318210645042,0.0,0.0,48.6963515415216,48.6963515415216,0.0,0.0,1.0472333664843354,1.0472333664843354,0.0,0.0,0.98,0.98,0.96,0.96,47.72242451069117,47.72242451069117,0.0,0.0,95.44484902138234,2290.6763765131764,0.1398851080105195,5.822961116279909e-05
1940-08-15,1940-08-26,483.8375,0.9000891520783358,435.49688511870175,0.611,1940,8,15,1940.08,1939,11,320,46,0.0376269308742558,0.0,0.0,0.28,2,Mod_Wet,54,9,8,6,107,184.0,0.4225058922059748,251.49688511870173,251.49688511870173,,1,251.49688511870173,0.0,0.0,0.0,0.0,0.0,0.0,0.0,0.0,0.0,54.0,9.0,8.0,6.0,107.0,322.4968851187017,990.0,965.559735983034,24.440264016965894,0.1493509196452576,0.0177065297760272,989.8329425505788,0.28,0.01,0.01,0.01,23.99320656754466,24.26320656754466,24.26320656754466,24.26320656754466,,0.9510476862475375,0.0,0.0,0.0,56.28101179721708,0.0,0.0,0.0,1.2103443397250984,0.0,0.0,0.0,0.98,0.96,0.96,0.96,48.2,0.0,0.0,0.0,48.2,1156.8000000000002,0.1106781739365651,5.3236798072348255e-05
1940-09-15,1940-09-26,320.6383,0.9330769620260724,299.18021087320443,0.7859999999999999,1940,9,15,1940.09,1939,12,351,51,0.0258491702194448,3.124580992917401,0.0104438090467207,0.35,2,Mod_Wet,46,7,6,4,75,138.0,0.4612604543503239,161.18021087320443,161.18021087320443,,1,161.18021087320443,0.0,0.0,0.0,0.0,0.0,0.0,0.0,0.0,0.0,46.0,7.0,6.0,4.0,75.0,220.18021087320443,990.0,964.8967208434927,25.103279156507256,0.1132400253337663,0.0094503179242223,989.877309656742,0.160093284678826,0.01,0.01,0.01,24.82049552857043,24.97058881324925,24.97058881324925,24.97058881324925,,0.9428772686531752,0.0,0.0,0.0,36.99270017263859,0.0,0.0,0.0,0.7955419391965288,0.0,0.0,0.0,0.97,0.96,0.96,0.96,35.882919167459434,0.0,0.0,0.0,35.882919167459434,861.1900600190264,0.1199374753521615,6.184057889313485e-05
1940-10-15,1940-10-26,278.9403,0.9468161724841248,264.1051871975735,0.852,1940,10,15,1940.1,1940,1,15,3,0.0228186881738703,0.0,0.0,0.37,2,Mod_Wet,41,6,4,3,56,110.0,0.4165007176391068,154.1051871975735,154.1051871975735,,1,154.1051871975735,0.0,0.0,0.0,0.0,0.0,0.0,0.0,0.0,0.0,41.0,6.0,4.0,3.0,56.0,205.1051871975735,990.0,964.7564207487904,25.243579251209667,0.1079194108387203,0.0088489409117937,989.8832316482496,0.1505420027167242,0.01,0.01,0.01,24.97626889674248,25.1168108994592,25.1168108994592,25.1168108994592,,0.9404544430680246,0.0,0.0,0.0,35.49942190700901,0.0,0.0,0.0,0.7634284281077206,0.0,0.0,0.0,0.97,0.96,0.96,0.96,34.434439249798736,0.0,0.0,0.0,34.434439249798736,826.4265419951696,0.1303815332640127,6.206878683174909e-05
1940-11-15,1940-11-26,357.5196,0.9208048873506705,329.2057950036568,0.742,1940,11,15,1940.11,1940,2,46,7,0.0284433806883159,3.544998767869401,0.0107683364681658,0.14,2,Mod_Wet,40,6,4,3,53,106.0,0.3219870415671831,223.2057950036568,223.2057950036568,,1,223.2057950036568,0.0,0.0,0.0,0.0,0.0,0.0,0.0,0.0,0.0,40.0,6.0,4.0,3.0,53.0,273.2057950036568,990.0,965.0460289750184,24.953971024981684,0.1319545645975438,0.0147224925753108,989.8533229428272,0.2438278232549367,0.01,0.01,0.01,24.56346614455391,24.797293967808844,24.797293967808844,24.797293967808844,,0.9587664924491638,0.0,0.0,0.0,51.55213581956546,0.0,0.0,0.0,1.1086480821411926,0.0,0.0,0.0,0.98,0.96,0.96,0.96,48.2,0.0,0.0,0.0,48.2,1156.8000000000002,0.1464129755050776,5.998450393579404e-05
1940-12-15,1940-12-26,443.8904,0.9076618404997884,402.90237744418727,0.648,1940,12,15,1940.12,1940,3,76,11,0.0348107654111777,4.755624117456762,0.0118034153772536,0.48,3,Normal,38,5,4,3,54,104.0,0.2581270447191808,298.90237744418727,298.90237744418727,,2,149.45118872209363,149.45118872209363,0.0,0.0,0.0,0.0,0.0,0.0,0.0,0.0,38.0,5.0,4.0,3.0,54.0,345.90237744418727,990.0,965.4130606984988,24.58693930150116,0.1576114440850772,0.0400819221536563,989.8023066337612,0.1442591047748264,0.1442591047748264,0.01,0.01,24.24498683048764,24.24498683048764,24.379245935262464,24.379245935262464,,0.940269965049409,0.940269965049409,0.0,0.0,33.412778329967736,33.412778329967736,0.0,0.0,0.7185543726874782,0.7185543726874782,0.0,0.0,0.97,0.97,0.96,0.96,32.4103949800687,32.4103949800687,0.0,0.0,64.8207899601374,1555.6989590432977,0.1608846052766636,6.023965129648124e-05
1941-01-15,1941-01-26,717.4235,0.8782993569127185,630.1125986840717,0.468,1941,1,15,1941.01,1940,4,107,16,0.0544417285263038,14.484825017124992,0.0229876771982898,0.52,3,Normal,41,6,4,3,66,120.0,0.1904421531177256,510.1125986840717,510.1125986840717,,2,255.05629934203583,255.05629934203583,0.0,0.0,0.0,0.0,0.0,0.0,0.0,0.0,41.0,6.0,4.0,3.0,66.0,561.1125986840717,990.0,966.4204503947362,23.579549605263765,0.245395985059998,0.1417552159209599,989.612848799019,0.28,0.28,0.01,0.01,22.91239840428281,22.91239840428281,23.18239840428281,23.18239840428281,,0.9533709154373736,0.9533709154373736,0.0,0.0,54.63956141210952,54.63956141210952,0.0,0.0,1.1750443314432153,1.1750443314432153,0.0,0.0,0.98,0.98,0.96,0.96,48.2,48.2,0.0,0.0,96.4,2313.6000000000004,0.1529885296712396,5.24938569383621e-05
1941-02-15,1941-02-26,1294.7235,0.9135144469019452,1182.7486219934508,0.279,1941,2,15,1941.02,1940,5,138,20,0.1021894809402341,16.065174297872776,0.0135829152527744,0.31,2,Mod_Wet,49,8,7,5,93,162.0,0.1369690879258509,1020.7486219934508,1020.7486219934508,,4,255.1871554983627,255.1871554983627,255.1871554983627,255.1871554983627,0.0,0.0,0.0,0.0,0.0,0.0,49.0,8.0,7.0,5.0,93.0,1084.7486219934508,990.0,968.4743528119794,21.52564718802057,0.6761264510050043,0.4696843994852643,988.8541891495098,0.28,0.28,0.28,0.28,20.099836337530377,20.099836337530377,20.099836337530377,20.099836337530377,,0.9552255550291364,0.9552255550291364,0.9552255550291364,0.9552255550291364,48.05028458961922,48.05028458961922,48.05028458961922,48.05028458961922,1.0333394535401983,1.0333394535401983,1.0333394535401983,1.0333394535401983,0.98,0.98,0.98,0.98,47.08927889782684,47.08927889782684,47.08927889782684,47.08927889782684,188.35711559130732,4520.570774191377,0.1592537180671941,5.125789040538237e-05
1941-03-15,1941-03-26,2037.2697,1.0148234027606982,2067.468969295266,0.17,1941,3,15,1941.03,1940,6,166,24,0.1786293189471109,63.2759114262949,0.0306054951082838,0.53,3,Normal,49,9,9,9,107,183.0,0.0885140249831071,1884.468969295266,1100.0,,4,275.0,275.0,275.0,275.0,784.4689692952661,50.99999999999997,9.0,16.0,38.58044111288194,669.8885281823843,100.0,18.0,25.0,47.58044111288194,776.8885281823843,1243.0,990.0,971.2628561327816,18.737143867218265,0.9262894125183112,0.648,988.4257105874816,0.28,0.28,0.28,0.28,16.88285445469998,16.88285445469998,16.88285445469998,16.88285445469998,,0.9476485633641,0.9476485633641,0.9476485633641,0.9476485633641,43.148388297859405,43.148388297859405,43.148388297859405,43.148388297859405,0.9279223289862236,0.9279223289862236,0.9279223289862236,0.9279223289862236,0.98,0.98,0.98,0.98,42.28542053190222,42.28542053190222,42.28542053190222,42.28542053190222,169.14168212760887,4059.400371062613,0.0818109894946882,4.271254599182042e-05
1941-04-15,1941-04-26,2705.2546,1.016250048483886,2749.2151184112568,0.106,1941,4,15,1941.04,1940,7,197,29,0.2375321862307325,32.99139308670419,0.0120002952354523,0.53,3,Normal,54,13,14,19,117,217.0,0.0789316188997978,2532.2151184112568,1100.0,,4,275.0,275.0,275.0,275.0,1432.2151184112568,46.0,5.0,11.0,61.000000000000014,1309.2151184112563,100.0,18.0,25.0,80.0,1426.2151184112563,1243.0,990.0,972.9084502858204,17.091549714179678,0.9262894125183112,0.648,988.4257105874816,0.28,0.28,0.28,0.28,15.237260301661395,15.237260301661395,15.237260301661395,15.237260301661395,,0.9419490412066456,0.9419490412066456,0.9419490412066456,0.9419490412066456,38.70844173229693,38.70844173229693,38.70844173229693,38.70844173229693,0.8324396071461706,0.8324396071461706,0.8324396071461706,0.8324396071461706,0.973243960714617,0.973243960714617,0.973243960714617,0.973243960714617,37.67275714463164,37.67275714463164,37.67275714463164,37.67275714463164,150.69102857852656,3616.584685884637,0.0548123817482894,3.8053290045082464e-05
1941-05-15,1941-05-26,1712.5226,0.9796730877109254,1677.712303316742,0.209,1941,5,15,1941.05,1940,8,227,33,0.1449543430065665,38.7800939705694,0.0231148653400844,0.71,4,Mod_Dry,47,10,10,10,115,192.0,0.1144415521185765,1485.712303316742,1100.0,,4,275.0,275.0,275.0,275.0,385.712303316742,53.0,8.0,15.0,20.089182464413646,289.6231208523283,100.0,18.0,25.0,30.089182464413646,404.6231208523283,1243.0,990.0,970.0587628261004,19.941237173899708,0.9262894125183112,0.648,988.4257105874816,0.28,0.28,0.28,0.28,18.086947761381424,18.086947761381424,18.086947761381424,18.086947761381424,,0.9513586847017268,0.9513586847017268,0.9513586847017268,0.9513586847017268,46.40672970770447,46.40672970770447,46.40672970770447,46.40672970770447,0.9979941872624616,0.9979941872624616,0.9979941872624616,0.9979941872624616,0.98,0.98,0.98,0.98,45.478595113550384,45.478595113550384,45.478595113550384,45.478595113550384,181.91438045420156,4365.945130900836,0.1084300211034795,4.59379748621721e-05
1941-06-15,1941-06-26,893.8841,0.8990978772765416,803.6892968412517,0.396,1941,6,15,1941.06,1940,9,258,37,0.0694387552470841,14.0353857183311,0.0174636961988849,0.8,4,Mod_Dry,45,10,9,9,88,161.0,0.2003261716098248,642.6892968412517,642.6892968412517,,3,214.22976561375057,214.22976561375057,214.22976561375057,0.0,0.0,0.0,0.0,0.0,0.0,0.0,45.0,10.0,9.0,9.0,88.0,706.6892968412517,990.0,967.114757187365,22.885242812635056,0.3281257890317568,0.2303164502899561,989.4415577606784,0.2317101835785633,0.2317101835785633,0.2317101835785633,0.01,22.09509038973477,22.09509038973477,22.09509038973477,22.316800573313333,,0.955813162009854,0.955813162009854,0.955813162009854,0.0,44.36978265900166,44.36978265900166,44.36978265900166,0.0,0.9541888743871324,0.9541888743871324,0.9541888743871324,0.0,0.98,0.98,0.98,0.96,43.48238700582162,43.48238700582162,43.48238700582162,0.0,130.44716101746485,3130.7318644191564,0.1623104370434727,5.638077790145881e-05
1941-07-15,1941-07-26,488.9841,0.8998924733267547,440.0331111664572,0.609,1941,7,15,1941.07,1940,10,288,42,0.0380188608047818,2.766070202668743,0.0062860501459454,0.75,4,Mod_Dry,42,9,8,6,70,135.0,0.3067950946739818,305.0331111664572,305.0331111664572,,2,152.5165555832286,152.5165555832286,0.0,0.0,0.0,0.0,0.0,0.0,0.0,0.0,42.0,9.0,8.0,6.0,70.0,364.0331111664572,990.0,965.580149000249,24.41985099975102,0.1640103425548008,0.0429756284705678,989.7930140289748,0.1483973500373586,0.1483973500373586,0.01,0.01,24.064467678688317,24.064467678688317,24.20286502872567,24.20286502872567,,0.9415763491985136,0.9415763491985136,0.0,0.0,33.8912423170833,33.8912423170833,0.0,0.0,0.7288439207974903,0.7288439207974903,0.0,0.0,0.97,0.97,0.96,0.96,32.8745050475708,32.8745050475708,0.0,0.0,65.7490100951416,1577.9762422833985,0.1494183242730337,5.987420134645848e-05
1941-08-15,1941-08-26,336.7179,0.9260439379072553,311.8155700798613,0.7659999999999999,1941,8,15,1941.08,1940,11,319,46,0.0269408652549,8.399472167787906,0.0269373083763477,0.74,4,Mod_Dry,39,7,5,4,60,115.0,0.3688077537967284,196.8155700798613,196.8155700798613,,1,196.8155700798613,0.0,0.0,0.0,0.0,0.0,0.0,0.0,0.0,0.0,39.0,7.0,5.0,4.0,60.0,247.8155700798613,990.0,964.9590778503992,25.04092214960076,0.122993566443826,0.0124793234567882,989.8645271100994,0.2082010196078127,0.01,0.01,0.01,24.69724824009235,24.89544925970016,24.89544925970016,24.89544925970016,,0.9538278005754478,0.0,0.0,0.0,45.46913531766381,0.0,0.0,0.0,0.9778308670465335,0.0,0.0,0.0,0.98,0.96,0.96,0.96,44.559752611310536,0.0,0.0,0.0,44.559752611310536,1069.434062671453,0.142904193654916,6.288988749048109e-05
1941-09-15,1941-09-26,278.9403,0.9468161724841248,264.1051871975735,0.852,1941,9,15,1941.09,1940,12,350,50,0.0228186881738703,0.0,0.0,0.64,3,Normal,40,6,4,3,65,118.0,0.4467916789219509,146.1051871975735,146.1051871975735,,1,146.1051871975735,0.0,0.0,0.0,0.0,0.0,0.0,0.0,0.0,0.0,40.0,6.0,4.0,3.0,65.0,196.1051871975735,990.0,964.7564207487904,25.243579251209667,0.1047429686816739,0.0081689409117937,989.8870880904066,0.1397420027167242,0.01,0.01,0.01,24.99092533889951,25.12066734161623,25.12066734161623,25.12066734161623,,0.9375738989902764,0.0,0.0,0.0,33.573156904287664,0.0,0.0,0.0,0.7220033742857562,0.0,0.0,0.0,0.97,0.96,0.96,0.96,32.56596219715903,0.0,0.0,0.0,32.56596219715903,781.5830927318168,0.1233067875065887,6.191498593468274e-05
1941-10-15,1941-10-26,206.1864,0.9756711054590376,201.1701128186193,0.952,1941,10,15,1941.1,1941,1,15,3,0.0173810977475287,0.0,0.0,0.74,4,Mod_Dry,31,4,3,2,33,73.0,0.3628769650580197,128.1701128186193,128.1701128186193,,1,128.1701128186193,0.0,0.0,0.0,0.0,0.0,0.0,0.0,0.0,0.0,31.0,4.0,3.0,2.0,33.0,166.1701128186193,990.0,964.4070206769117,25.592979323088343,0.094177913431737,0.0066444595895826,989.8991776269788,0.115529652305136,0.01,0.01,0.01,25.37662729776192,25.48215695006705,25.48215695006705,25.48215695006705,,0.9296910032988696,0.0,0.0,0.0,29.655004595607043,0.0,0.0,0.0,0.6377420343141299,0.0,0.0,0.0,0.97,0.96,0.96,0.96,28.76535445773883,0.0,0.0,0.0,28.76535445773883,690.368506985732,0.142990198964965,6.234196149587866e-05
1941-11-15,1941-11-26,244.1538,0.9479000783611428,231.4334061521708,0.906,1941,11,15,1941.11,1941,2,46,7,0.0199958462915475,5.05433541968992,0.0218392647099815,0.64,3,Normal,36,5,3,2,47,93.0,0.4018434570282008,138.4334061521708,138.4334061521708,,1,138.4334061521708,0.0,0.0,0.0,0.0,0.0,0.0,0.0,0.0,0.0,36.0,5.0,3.0,2.0,47.0,182.4334061521708,990.0,964.588600436913,25.411399563087,0.0999177552787879,0.0075168395229345,989.8925654051984,0.1293850983054305,0.01,0.01,0.01,25.17457986997987,25.293964968285295,25.293964968285295,25.293964968285295,,0.934114583887616,0.0,0.0,0.0,31.92581468161445,0.0,0.0,0.0,0.6865766598196656,0.0,0.0,0.0,0.97,0.96,0.96,0.96,30.968040241166012,0.0,0.0,0.0,30.968040241166012,743.2329657879843,0.1338097241709525,6.21398666653338e-05
1941-12-15,1941-12-26,349.1046,0.9270188758292952,323.62655383883583,0.7509999999999999,1941,12,15,1941.12,1941,3,76,11,0.0279613342516754,0.0,0.0,0.72,4,Mod_Dry,31,5,3,2,36,77.0,0.2379285602081514,246.62655383883583,246.62655383883583,,1,246.62655383883583,0.0,0.0,0.0,0.0,0.0,0.0,0.0,0.0,0.0,31.0,5.0,3.0,2.0,36.0,285.62655383883583,990.0,965.0181327691942,24.981867230805847,0.1363382357672113,0.016713257076301,989.8469485071564,0.2754458476824284,0.01,0.01,0.01,24.553369890279946,24.81881573796237,24.81881573796237,24.81881573796237,,0.9565801309485528,0.0,0.0,0.0,56.80819577346669,0.0,0.0,0.0,1.2216816295369182,0.0,0.0,0.0,0.98,0.96,0.96,0.96,48.2,0.0,0.0,0.0,48.2,1156.8000000000002,0.1489370987276999,5.428810758811555e-05
1942-01-15,1942-01-26,536.8608,0.8801028281077824,472.4927083802066,0.5690000000000001,1942,1,15,1942.01,1941,4,107,16,0.0408233700040498,2.313758993316867,0.0048969199995675,0.84,4,Mod_Dry,34,5,4,3,45,91.0,0.1925955647272632,381.4927083802066,381.4927083802066,,2,190.7463541901033,190.7463541901033,0.0,0.0,0.0,0.0,0.0,0.0,0.0,0.0,34.0,5.0,4.0,3.0,45.0,424.4927083802066,990.0,965.7262171877107,24.27378281228914,0.1853484102809823,0.0790645583554575,989.7355870313636,0.2000075781566394,0.2000075781566394,0.01,0.01,23.80936226549609,23.80936226549609,23.999369843652733,23.999369843652733,,0.9526135909363987,0.9526135909363987,0.0,0.0,42.42867618929321,42.42867618929321,0.0,0.0,0.912444649232112,0.912444649232112,0.0,0.0,0.98,0.98,0.96,0.96,41.58010266550735,41.58010266550735,0.0,0.0,83.1602053310147,1995.8449279443523,0.1760031506435378,6.055176554874226e-05
1942-02-15,1942-02-26,764.3804,0.8926299826267534,682.3088631722309,0.445,1942,2,15,1942.02,1941,5,138,20,0.0589514857780807,9.15110634402754,0.0134119704989345,0.92,5,Dry,31,6,4,3,41,85.0,0.1245770128279045,597.3088631722309,597.3088631722309,,3,199.10295439074363,199.10295439074363,199.10295439074363,0.0,0.0,0.0,0.0,0.0,0.0,0.0,31.0,6.0,4.0,3.0,41.0,638.3088631722309,990.0,966.6292354526888,23.37076454731107,0.2892658619654488,0.2000023205990502,989.5107318174356,0.2112889884275039,0.2112889884275039,0.2112889884275039,0.01,22.670207376319063,22.670207376319063,22.670207376319063,22.87149636474657,,0.9542522827254084,0.9542522827254084,0.9542522827254084,0.0,42.24108882484799,42.24108882484799,42.24108882484799,0.0,0.9084105123623224,0.9084105123623224,0.9084105123623224,0.0,0.98,0.98,0.98,0.96,41.39626704835103,41.39626704835103,41.39626704835103,0.0,124.18880114505308,2980.531227481274,0.1820125867450513,5.775385455315468e-05
1942-03-15,1942-03-26,1053.0739999999996,0.9224728423044594,971.4321659369264,0.34,1942,3,15,1942.03,1941,6,166,24,0.0839317391369504,18.997082054007024,0.0195557474007304,0.86,4,Mod_Dry,41,8,7,6,67,129.0,0.1327936262802067,842.4321659369264,842.4321659369264,,4,210.6080414842316,210.6080414842316,210.6080414842316,210.6080414842316,0.0,0.0,0.0,0.0,0.0,0.0,41.0,8.0,7.0,6.0,67.0,898.4321659369264,990.0,967.7857286637476,22.214271336252292,0.4773718899653015,0.3467371683134723,989.1758909417211,0.2268208560037126,0.2268208560037126,0.2268208560037126,0.2268208560037126,21.163341421969847,21.163341421969847,21.163341421969847,21.163341421969847,,0.9542378381771116,0.9542378381771116,0.9542378381771116,0.9542378381771116,41.71137638632689,41.71137638632689,41.71137638632689,41.71137638632689,0.8970188470177826,0.8970188470177826,0.8970188470177826,0.8970188470177826,0.9797018847017782,0.9797018847017782,0.9797018847017782,0.9797018847017782,40.8647140591897,40.8647140591897,40.8647140591897,40.8647140591897,163.4588562367588,3923.012549682211,0.1682658470332883,5.389779697341666e-05
1942-04-15,1942-04-26,1986.9064,1.008700287979832,2004.1930578689712,0.176,1942,4,15,1942.04,1941,7,197,29,0.1731622801998791,51.658590209606025,0.0257752565336863,0.8200000000000001,4,Mod_Dry,45,11,10,10,72,148.0,0.0738451814404377,1856.1930578689712,1100.0,,4,275.0,275.0,275.0,275.0,756.1930578689712,55.0,6.999999999999993,15.0,51.09412553168725,628.098932337284,100.0,18.0,25.0,61.09412553168725,700.098932337284,1243.0,990.0,971.1101211741664,18.88987882583353,0.9262894125183112,0.648,988.4257105874816,0.28,0.28,0.28,0.28,17.03558941331525,17.03558941331525,17.03558941331525,17.03558941331525,,0.9481156655932744,0.9481156655932744,0.9481156655932744,0.9481156655932744,43.5602014997895,43.5602014997895,43.5602014997895,43.5602014997895,0.9367785268771937,0.9367785268771937,0.9367785268771937,0.9367785268771937,0.98,0.98,0.98,0.98,42.68899746979371,42.68899746979371,42.68899746979371,42.68899746979371,170.75598987917485,4098.143757100196,0.0851993719910082,4.312019946443809e-05
1942-05-15,1942-05-26,1623.0388,0.9609360770575194,1559.6365373841434,0.223,1942,5,15,1942.05,1941,8,227,33,0.13475259682999,49.88304605104896,0.0319837634316479,0.75,4,Mod_Dry,47,10,10,10,115,192.0,0.1231056053111109,1367.6365373841434,1100.0,,4,275.0,275.0,275.0,275.0,267.63653738414337,53.0,8.0,13.939402988757468,13.939402988757468,178.7577314066285,100.0,18.0,23.939402988757468,23.939402988757468,293.75773140662847,1241.9394029887576,990.0,969.6772872746257,20.322712725374345,0.9235421116875696,0.648,988.4284578883124,0.28,0.28,0.28,0.28,18.47117061368678,18.47117061368678,18.47117061368678,18.47117061368678,,0.9518389632671084,0.9518389632671084,0.9518389632671084,0.9518389632671084,47.41647792871747,47.41647792871747,47.41647792871747,47.41647792871747,1.0197092027681176,1.0197092027681176,1.0197092027681176,1.0197092027681176,0.98,0.98,0.98,0.98,46.46814837014312,46.46814837014312,46.46814837014312,46.46814837014312,185.87259348057248,4460.942243533739,0.1191768652665204,4.693752360620517e-05
1942-06-15,1942-06-26,666.0345,0.8753352736866753,583.0034913422678,0.493,1942,6,15,1942.06,1941,9,258,37,0.0503715016519719,25.791572670791087,0.044239139308429,0.89,4,Mod_Dry,45,10,9,9,88,161.0,0.2761561506764299,422.0034913422678,422.0034913422678,,2,211.0017456711339,211.0017456711339,0.0,0.0,0.0,0.0,0.0,0.0,0.0,0.0,45.0,10.0,9.0,9.0,88.0,486.0034913422678,990.0,966.22351571104,23.776484288959864,0.2070574740727012,0.0981856479135504,989.6947568780138,0.2273523566560308,0.2273523566560308,0.01,0.01,23.24388881031761,23.24388881031761,23.46124116697364,23.46124116697364,,0.9563016765032656,0.9563016765032656,0.0,0.0,45.996888479536615,45.996888479536615,0.0,0.0,0.9891803974093896,0.9891803974093896,0.0,0.0,0.98,0.98,0.96,0.96,45.07695070994588,45.07695070994588,0.0,0.0,90.15390141989177,2163.6936340774023,0.154636983755153,5.934251945347852e-05
1942-07-15,1942-07-26,415.3399,0.9079714249478594,377.11676084070143,0.68,1942,7,15,1942.07,1941,10,288,42,0.0325828881366366,3.720181518499942,0.0098648002549836,0.9,4,Mod_Dry,42,9,8,6,70,135.0,0.3579793157404255,242.11676084070143,242.11676084070143,,1,242.11676084070143,0.0,0.0,0.0,0.0,0.0,0.0,0.0,0.0,0.0,42.0,9.0,8.0,6.0,70.0,301.11676084070143,990.0,965.2855838042036,24.714416195796503,0.1418052104301389,0.0163299246714596,989.8418648648984,0.2693576271349469,0.01,0.01,0.01,24.286923433559966,24.546281060694916,24.546281060694916,24.546281060694916,,0.9556330158991112,0.0,0.0,0.0,55.109593029989625,0.0,0.0,0.0,1.1851525382793469,0.0,0.0,0.0,0.98,0.96,0.96,0.96,48.2,0.0,0.0,0.0,48.2,1156.8000000000002,0.1278118742125075,5.529930617937678e-05
1942-08-15,1942-08-26,301.2308,0.93390939438871,281.3222739992266,0.8160000000000001,1942,8,15,1942.08,1941,11,319,46,0.0243062444735331,2.2856946167617025,0.008124826322028,0.92,5,Dry,34,7,5,3,44,93.0,0.3305817156883058,188.32227399922655,188.32227399922655,,1,188.32227399922655,0.0,0.0,0.0,0.0,0.0,0.0,0.0,0.0,0.0,34.0,7.0,5.0,3.0,44.0,234.32227399922655,990.0,964.8252890959968,25.174710904003064,0.1182313585268148,0.0117573932899342,989.8700112481832,0.1967350698989559,0.01,0.01,0.01,24.84798708228734,25.03472215218629,25.03472215218629,25.03472215218629,,0.9511227889169818,0.0,0.0,0.0,43.648385995685175,0.0,0.0,0.0,0.9386749676491436,0.0,0.0,0.0,0.98,0.96,0.96,0.96,42.77541827577147,0.0,0.0,0.0,42.77541827577147,1026.610038618515,0.1520513028267682,6.30942924585094e-05
1942-09-15,1942-09-26,218.3943,0.9709568849264008,212.05144921368185,0.936,1942,9,15,1942.09,1941,12,350,50,0.0183212452120621,2.7016511672019305,0.0127405456422017,0.91,5,Dry,30,6,4,2,30,72.0,0.3395402401963611,140.05144921368185,140.05144921368185,,1,140.05144921368185,0.0,0.0,0.0,0.0,0.0,0.0,0.0,0.0,0.0,30.0,6.0,4.0,2.0,30.0,180.05144921368185,990.0,964.472308695282,25.527691304717905,0.0990770856903469,0.0076543731831629,989.8932685411264,0.1315694564384705,0.01,0.01,0.01,25.28939038940585,25.41095984584432,25.41095984584432,25.41095984584432,,0.9345737921279106,0.0,0.0,0.0,32.462223639754065,0.0,0.0,0.0,0.6981123363387971,0.0,0.0,0.0,0.97,0.96,0.96,0.96,31.48835693056144,0.0,0.0,0.0,31.48835693056144,755.7205663334746,0.1484939482721053,6.245394719693024e-05
1942-10-15,1942-10-26,200.2476,0.9942319359830292,199.0925590239552,0.959,1942,10,15,1942.1,1942,1,15,3,0.0172015970996697,3.8848552523827777,0.0195128098781197,0.85,4,Mod_Dry,31,4,3,2,33,73.0,0.366663628002373,126.0925590239552,126.0925590239552,,1,126.0925590239552,0.0,0.0,0.0,0.0,0.0,0.0,0.0,0.0,0.0,31.0,4.0,3.0,2.0,33.0,164.0925590239552,990.0,964.401814881952,25.598185118047923,0.0934446775510614,0.0064678675170361,989.900087454932,0.1127249546823395,0.01,0.01,0.01,25.385547618297547,25.488272572979884,25.488272572979884,25.488272572979884,,0.9288522811886892,0.0,0.0,0.0,29.15824271401306,0.0,0.0,0.0,0.6270589830970551,0.0,0.0,0.0,0.97,0.96,0.96,0.96,28.283495432592662,0.0,0.0,0.0,28.283495432592662,678.8038903822239,0.1420620417520955,6.230761410402437e-05
1942-11-15,1942-11-26,240.8345,0.9523763640910288,229.3650854576809,0.908,1942,11,15,1942.11,1942,2,46,7,0.0198171433835436,2.9860147251999645,0.0130186105668244,0.6900000000000001,3,Normal,36,5,3,2,47,93.0,0.4054671172572994,136.3650854576809,136.3650854576809,,1,136.3650854576809,0.0,0.0,0.0,0.0,0.0,0.0,0.0,0.0,0.0,36.0,5.0,3.0,2.0,47.0,180.3650854576809,990.0,964.576190512746,25.423809487253948,0.0991877780575775,0.0073410322639028,989.8934711896784,0.1265928653678692,0.01,0.01,0.01,25.190687811564587,25.307280676932454,25.307280676932454,25.307280676932454,,0.9332508135349992,0.0,0.0,0.0,31.43983740599719,0.0,0.0,0.0,0.6761255356128427,0.0,0.0,0.0,0.97,0.96,0.96,0.96,30.496642283817277,0.0,0.0,0.0,30.496642283817277,731.9194148116146,0.1329611358370586,6.21221296848124e-05
1942-12-15,1942-12-26,324.6118,0.9312809696570542,302.30479186612183,0.7809999999999999,1942,12,15,1942.12,1942,3,76,11,0.0261191340172329,3.124580992917401,0.0103358632644538,0.93,5,Dry,26,4,3,2,24,59.0,0.1951672669023673,243.30479186612183,243.30479186612183,,1,243.30479186612183,0.0,0.0,0.0,0.0,0.0,0.0,0.0,0.0,0.0,26.0,4.0,3.0,2.0,24.0,276.30479186612183,990.0,964.9115239593306,25.088476040669438,0.1330482967423465,0.0164309073086203,989.850520795949,0.2709614690192645,0.01,0.01,0.01,24.66803536759919,24.928996836618456,24.928996836618456,24.928996836618456,,0.9576265928239652,0.0,0.0,0.0,56.36637712740511,0.0,0.0,0.0,1.2121801532775291,0.0,0.0,0.0,0.98,0.96,0.96,0.96,48.2,0.0,0.0,0.0,48.2,1156.8000000000002,0.1594417332999,5.502928563879708e-05
1943-01-15,1943-01-26,531.4016,0.8847902403509693,470.1789493868897,0.5740000000000001,1943,1,15,1943.01,1942,4,107,16,0.0406234612270272,3.021801061593294,0.0064269169547758,0.92,5,Dry,29,5,4,2,33,73.0,0.1552600347063421,397.1789493868897,397.1789493868897,,2,198.58947469344488,198.58947469344488,0.0,0.0,0.0,0.0,0.0,0.0,0.0,0.0,29.0,5.0,4.0,2.0,33.0,435.1789493868897,990.0,965.715805272241,24.28419472775897,0.1891199162923893,0.0864684641106119,989.724411619597,0.2105957908361505,0.2105957908361505,0.01,0.01,23.79801055651987,23.79801055651987,23.99860634735602,23.99860634735602,,0.9546776080057352,0.9546776080057352,0.0,0.0,44.24786451154372,44.24786451154372,0.0,0.0,0.9515669787428755,0.9515669787428755,0.0,0.0,0.98,0.98,0.96,0.96,43.362907221312845,43.362907221312845,0.0,0.0,86.72581444262569,2081.4195466230167,0.1844527802780528,6.065403025268102e-05
1943-02-15,1943-02-26,691.4282,0.8804892019345739,608.7950640130589,0.48,1943,2,15,1943.02,1942,5,138,20,0.0525998935307282,7.017221854852892,0.0115264105602248,0.95,5,Dry,31,6,4,3,41,85.0,0.1396200544723482,523.7950640130589,523.7950640130589,,2,261.89753200652945,261.89753200652945,0.0,0.0,0.0,0.0,0.0,0.0,0.0,0.0,31.0,6.0,4.0,3.0,41.0,564.7950640130589,990.0,966.3351802560522,23.66481974394776,0.2474886938427661,0.1508951027607233,989.6016162033964,0.28,0.28,0.01,0.01,22.986435947344237,22.986435947344237,23.256435947344237,23.256435947344237,,0.9503788552664554,0.9503788552664554,0.0,0.0,56.10977272965589,56.10977272965589,0.0,0.0,1.2066617791323846,1.2066617791323846,0.0,0.0,0.98,0.98,0.96,0.96,48.2,48.2,0.0,0.0,96.4,2313.6000000000004,0.1583455676604043,5.11226233646031e-05
1943-03-15,1943-03-26,987.4235,0.9179659771125324,906.4211780013768,0.357,1943,3,15,1943.03,1942,6,166,24,0.0783147897793189,0.9999852655314498,0.0011032236335611,0.92,5,Dry,36,8,6,4,53,107.0,0.1180466681459614,799.4211780013768,799.4211780013768,,3,266.4737260004589,266.4737260004589,266.4737260004589,0.0,0.0,0.0,0.0,0.0,0.0,0.0,36.0,8.0,6.0,4.0,53.0,849.4211780013768,990.0,967.5256847120056,22.4743152879945,0.4325261701774722,0.3259198501526663,989.24155397967,0.28,0.28,0.28,0.01,21.4358692676644,21.4358692676644,21.4358692676644,21.7058692676644,,0.9556521717445594,0.9556521717445594,0.9556521717445594,0.0,53.53453624266238,53.53453624266238,53.53453624266238,0.0,1.1512803493045671,1.1512803493045671,1.1512803493045671,0.0,0.98,0.98,0.98,0.96,48.2,48.2,48.2,0.0,144.60000000000002,3470.4000000000005,0.1595284879804302,5.024468674583637e-05
1943-04-15,1943-04-26,1712.5226,0.9796730877109254,1677.712303316742,0.209,1943,4,15,1943.04,1942,7,197,29,0.1449543430065665,17.98901409974519,0.0107223473680093,0.8,4,Mod_Dry,45,11,10,10,72,148.0,0.0882153630914027,1529.712303316742,1100.0,,4,275.0,275.0,275.0,275.0,429.712303316742,55.0,7.000000000000004,15.0,29.03461508896905,323.677688227773,100.0,18.0,25.0,39.034615088969055,395.677688227773,1243.0,990.0,970.0587628261004,19.941237173899708,0.9262894125183112,0.648,988.4257105874816,0.28,0.28,0.28,0.28,18.086947761381424,18.086947761381424,18.086947761381424,18.086947761381424,,0.9513586847017268,0.9513586847017268,0.9513586847017268,0.9513586847017268,46.40672970770447,46.40672970770447,46.40672970770447,46.40672970770447,0.9979941872624616,0.9979941872624616,0.9979941872624616,0.9979941872624616,0.98,0.98,0.98,0.98,45.478595113550384,45.478595113550384,45.478595113550384,45.478595113550384,181.91438045420156,4365.945130900836,0.1084300211034795,4.59379748621721e-05
1943-05-15,1943-05-26,1701.1714,0.9756355469043254,1659.7232892169968,0.212,1943,5,15,1943.05,1942,8,227,33,0.1434000921883485,0.0,0.0,0.79,4,Mod_Dry,47,10,10,10,115,192.0,0.1156819339991182,1467.7232892169968,1100.0,,4,275.0,275.0,275.0,275.0,367.7232892169968,53.0,8.0,15.0,19.152254646718585,272.57103457027824,100.0,18.0,25.0,29.152254646718585,387.57103457027824,1243.0,990.0,970.0006444728548,19.9993555271451,0.9262894125183112,0.648,988.4257105874816,0.28,0.28,0.28,0.28,18.14506611462681,18.14506611462681,18.14506611462681,18.14506611462681,,0.9514313326432836,0.9514313326432836,0.9514313326432836,0.9514313326432836,46.55940244540309,46.55940244540309,46.55940244540309,46.55940244540309,1.0012774719441524,1.0012774719441524,1.0012774719441524,1.0012774719441524,0.98,0.98,0.98,0.98,45.62821439649503,45.62821439649503,45.62821439649503,45.62821439649503,182.5128575859801,4380.308582063522,0.1099658351315198,4.608910545100508e-05
1943-06-15,1943-06-26,1121.4092,0.9368114987301732,1050.5490333418047,0.319,1943,6,15,1943.06,1942,9,258,37,0.0907674364807319,22.746959378681822,0.0216524490116597,0.64,3,Normal,53,12,12,13,120,210.0,0.1998954768745904,840.5490333418047,840.5490333418047,,4,210.1372583354512,210.1372583354512,210.1372583354512,210.1372583354512,0.0,0.0,0.0,0.0,0.0,0.0,53.0,12.0,12.0,13.0,120.0,917.5490333418048,990.0,968.0588683905028,21.941131609497237,0.4948640833482963,0.3458257321374334,989.1593101845144,0.2261852987528591,0.2261852987528591,0.2261852987528591,0.2261852987528591,20.874256495258685,20.874256495258685,20.874256495258685,20.874256495258685,,0.9537821124576904,0.9537821124576904,0.9537821124576904,0.9537821124576904,41.03004091920392,41.03004091920392,41.03004091920392,41.03004091920392,0.8823664713807294,0.8823664713807294,0.8823664713807294,0.8823664713807294,0.9782366471380728,0.9782366471380728,0.9782366471380728,0.9782366471380728,40.13708966073997,40.13708966073997,40.13708966073997,40.13708966073997,160.5483586429599,3853.1606074310375,0.1528232891065106,5.3056709984432345e-05
1943-07-15,1943-07-26,515.2343,0.8913623235036077,459.2604427967548,0.585,1943,7,15,1943.07,1942,10,288,42,0.0396801022576396,3.304624451884536,0.0071955346987003,0.71,4,Mod_Dry,42,9,8,6,70,135.0,0.293950855374984,324.2604427967548,324.2604427967548,,2,162.1302213983774,162.1302213983774,0.0,0.0,0.0,0.0,0.0,0.0,0.0,0.0,42.0,9.0,8.0,6.0,70.0,383.2604427967548,990.0,965.6666719925854,24.333328007414597,0.1707962644502205,0.0520509290000682,989.7771528065496,0.1613757988878094,0.1613757988878094,0.01,0.01,23.949105015076466,23.949105015076466,24.10048081396427,24.10048081396427,,0.9445712790952616,0.9445712790952616,0.0,0.0,35.96886217627713,35.96886217627713,0.0,0.0,0.7735239177694005,0.7735239177694005,0.0,0.0,0.97,0.97,0.96,0.96,34.889796310988814,34.889796310988814,0.0,0.0,69.77959262197763,1674.710222927463,0.1519390439922092,5.97767029662662e-05
1943-08-15,1943-08-26,353.2963,0.921778111561846,325.6607962357874,0.746,1943,8,15,1943.08,1942,11,319,46,0.028137092794772,0.0,0.0,0.72,4,Mod_Dry,39,7,5,4,60,115.0,0.3531281668817662,210.66079623578744,210.66079623578744,,1,210.66079623578744,0.0,0.0,0.0,0.0,0.0,0.0,0.0,0.0,0.0,39.0,7.0,5.0,4.0,60.0,261.6607962357874,990.0,965.028303981179,24.971696018821035,0.1278799763276859,0.0136561676800419,989.8584638559922,0.226892074918313,0.01,0.01,0.01,24.603267799894947,24.82015987481326,24.82015987481326,24.82015987481326,,0.956656168393633,0.0,0.0,0.0,48.62628495777111,0.0,0.0,0.0,1.0457265582316368,0.0,0.0,0.0,0.98,0.96,0.96,0.96,47.653759258615686,0.0,0.0,0.0,47.653759258615686,1143.6902222067763,0.1463294317566952,6.283634917433545e-05
1943-09-15,1943-09-26,254.284,0.9424159355737844,239.64129376144416,0.89,1943,9,15,1943.09,1942,12,350,50,0.0207050077809887,3.638392452842453,0.0151826606998056,0.74,4,Mod_Dry,34,6,4,3,44,91.0,0.3797342209752373,148.64129376144416,148.64129376144416,,1,148.64129376144416,0.0,0.0,0.0,0.0,0.0,0.0,0.0,0.0,0.0,34.0,6.0,4.0,3.0,44.0,192.64129376144416,990.0,964.6378477625686,25.36215223743136,0.103520448735028,0.0083845099697227,989.8880950412952,0.1431657465779496,0.01,0.01,0.01,25.107081532148698,25.240247278726645,25.240247278726645,25.240247278726645,,0.9383867295935572,0.0,0.0,0.0,34.34442633249164,0.0,0.0,0.0,0.7385898136019706,0.0,0.0,0.0,0.97,0.96,0.96,0.96,33.314093542516886,0.0,0.0,0.0,33.314093542516886,799.5382450204053,0.1390164984490531,6.225668950226614e-05
1943-10-15,1943-10-26,188.6959,1.0242652879741163,193.27466035303507,0.97,1943,10,15,1943.1,1943,1,15,3,0.0166989306545022,0.3794232785513429,0.0019631299719181,0.78,4,Mod_Dry,31,4,3,2,33,73.0,0.377700831897251,120.27466035303507,120.27466035303507,,1,120.27466035303507,0.0,0.0,0.0,0.0,0.0,0.0,0.0,0.0,0.0,31.0,4.0,3.0,2.0,33.0,158.27466035303507,990.0,964.413450679294,25.586549320706126,0.0913913530756087,0.0059733461300079,989.9026353007944,0.1048707914765973,0.01,0.01,0.01,25.384313830023903,25.479184621500497,25.479184621500497,25.479184621500497,,0.9250467467582654,0.0,0.0,0.0,27.697587763254788,0.0,0.0,0.0,0.595647048672146,0.0,0.0,0.0,0.97,0.96,0.96,0.96,26.866660130357143,0.0,0.0,0.0,26.866660130357143,644.7998431285714,0.1390076696100904,6.20493221549397e-05
1943-11-15,1943-11-26,206.1864,0.9756711054590376,201.1701128186193,0.952,1943,11,15,1943.11,1943,2,46,7,0.0173810977475287,0.9221305502795192,0.0045838347325029,0.81,4,Mod_Dry,29,4,2,2,30,67.0,0.3330514610806482,134.1701128186193,134.1701128186193,,1,134.1701128186193,0.0,0.0,0.0,0.0,0.0,0.0,0.0,0.0,0.0,29.0,4.0,2.0,2.0,30.0,169.1701128186193,990.0,964.4070206769117,25.592979323088343,0.095236710391737,0.0071544595895826,989.8976088300186,0.123629652305136,0.01,0.01,0.01,25.366958500801815,25.480588153106957,25.480588153106957,25.480588153106957,,0.9320959884610824,0.0,0.0,0.0,31.111684192193717,0.0,0.0,0.0,0.6690684772514777,0.0,0.0,0.0,0.97,0.96,0.96,0.96,30.1783336664279,0.0,0.0,0.0,30.1783336664279,724.2800079942696,0.1500140017997482,6.247941726209324e-05
1943-12-15,1943-12-26,406.0875,0.9120318780949216,370.3647452958713,0.6890000000000001,1943,12,15,1943.12,1943,3,76,11,0.0319995139935632,5.682227715364206,0.0153422478449585,0.58,3,Normal,38,5,4,3,54,104.0,0.2808042647712543,266.3647452958713,266.3647452958713,,1,266.3647452958713,0.0,0.0,0.0,0.0,0.0,0.0,0.0,0.0,0.0,38.0,5.0,4.0,3.0,54.0,313.3647452958713,990.0,965.2518237264792,24.7481762735207,0.1461279041604603,0.0247241597796512,989.8291479360598,0.28,0.01,0.01,0.01,24.297324209580523,24.567324209580523,24.567324209580523,24.567324209580523,,0.9458900317637092,0.0,0.0,0.0,60.03638585225808,0.0,0.0,0.0,1.2911050720915715,0.0,0.0,0.0,0.98,0.96,0.96,0.96,48.2,0.0,0.0,0.0,48.2,1156.8000000000002,0.1301419765574467,5.026524390086552e-05
1944-01-15,1944-01-26,764.3804,0.8926299826267534,682.3088631722309,0.445,1944,1,15,1944.01,1943,4,107,16,0.0589514857780807,9.15110634402754,0.0134119704989345,0.3,2,Mod_Wet,46,7,6,4,76,139.0,0.2037200562715145,543.3088631722309,543.3088631722309,,2,271.65443158611544,271.65443158611544,0.0,0.0,0.0,0.0,0.0,0.0,0.0,0.0,46.0,7.0,6.0,4.0,76.0,602.3088631722309,990.0,966.6292354526888,23.37076454731107,0.2688074164814905,0.1639303205990502,989.5672622629194,0.28,0.28,0.01,0.01,22.65802681023044,22.65802681023044,22.92802681023044,22.92802681023044,,0.9490045190285072,0.9490045190285072,0.0,0.0,57.285652015918,57.285652015918,0.0,0.0,1.231949505718667,1.231949505718667,0.0,0.0,0.98,0.98,0.96,0.96,48.2,48.2,0.0,0.0,96.4,2313.6000000000004,0.141284988666,4.928647329887039e-05
1944-02-15,1944-02-26,1382.3614,0.91853493973922,1269.7472452468237,0.263,1944,2,15,1944.02,1943,5,138,20,0.1097061619893255,53.18525340115593,0.0418864885119852,0.29,2,Mod_Wet,49,8,7,5,93,162.0,0.1275844469097541,1107.7472452468237,1100.0,,4,275.0,275.0,275.0,275.0,7.747245246823695,2.34330257465655,0.3825800121888244,0.3347575106652213,0.2391125076180152,4.447492641695084,51.34330257465655,8.382580012188825,7.334757510665221,5.239112507618016,97.44749264169508,1167.0606400975107,990.0,968.74777705649,21.25222294350999,0.7967512361005774,0.648,988.5552487638994,0.28,0.28,0.28,0.28,19.527471707409376,19.527471707409376,19.527471707409376,19.527471707409376,,0.9538186792685236,0.9538186792685236,0.9538186792685236,0.9538186792685236,50.23231966868837,50.23231966868837,50.23231966868837,50.23231966868837,1.0802649391115775,1.0802649391115775,1.0802649391115775,1.0802649391115775,0.98,0.98,0.98,0.98,48.2,48.2,48.2,48.2,192.8,4627.200000000001,0.1518412429888926,4.8686868686868696e-05
1944-03-15,1944-03-26,2037.2697,1.0148234027606982,2067.468969295266,0.17,1944,3,15,1944.03,1943,6,167,24,0.1786293189471109,0.0,0.0,0.45,3,Normal,49,9,9,9,107,183.0,0.0885140249831071,1884.468969295266,1100.0,,4,275.0,275.0,275.0,275.0,784.4689692952661,50.99999999999997,9.0,16.0,38.58044111288194,669.8885281823843,100.0,18.0,25.0,47.58044111288194,776.8885281823843,1243.0,990.0,971.2628561327816,18.737143867218265,0.9262894125183112,0.648,988.4257105874816,0.28,0.28,0.28,0.28,16.88285445469998,16.88285445469998,16.88285445469998,16.88285445469998,,0.9476485633641,0.9476485633641,0.9476485633641,0.9476485633641,43.148388297859405,43.148388297859405,43.148388297859405,43.148388297859405,0.9279223289862236,0.9279223289862236,0.9279223289862236,0.9279223289862236,0.98,0.98,0.98,0.98,42.28542053190222,42.28542053190222,42.28542053190222,42.28542053190222,169.14168212760887,4059.400371062613,0.0818109894946882,4.271254599182042e-05
1944-04-15,1944-04-26,2454.9977,1.0134122837316493,2487.9248257129457,0.126,1944,4,15,1944.04,1943,7,198,29,0.2149567049415985,37.7951254294253,0.0151914258175363,0.65,3,Normal,54,13,14,19,117,217.0,0.0872212848866186,2270.9248257129457,1100.0,,4,275.0,275.0,275.0,275.0,1170.9248257129457,46.0,5.0,11.0,61.0,1047.9248257129457,100.0,18.0,25.0,80.0,1164.9248257129457,1243.0,990.0,972.2777495793072,17.72225042069283,0.9262894125183112,0.648,988.4257105874816,0.28,0.28,0.28,0.28,15.867961008174548,15.867961008174548,15.867961008174548,15.867961008174548,,0.944471844032698,0.944471844032698,0.944471844032698,0.944471844032698,40.418624843351495,40.418624843351495,40.418624843351495,40.418624843351495,0.8692177385666988,0.8692177385666988,0.8692177385666988,0.8692177385666988,0.97692177385667,0.97692177385667,0.97692177385667,0.97692177385667,39.48583467881421,39.48583467881421,39.48583467881421,39.48583467881421,157.94333871525683,3790.640129166164,0.0634839674747793,3.988468149375173e-05
1944-05-15,1944-05-26,1962.022,1.0050074595714835,1971.8467458433613,0.179,1944,5,15,1944.05,1943,8,228,33,0.1703675588408663,32.346312025609905,0.0164040699886011,0.62,3,Normal,55,13,13,17,178,276.0,0.1399703098538494,1695.8467458433613,1100.0,,4,275.0,275.0,275.0,275.0,595.8467458433613,45.0,5.0,12.0,36.70070535991719,497.1460404834441,100.0,18.0,25.0,53.70070535991719,675.146040483444,1243.0,990.0,971.0090433327248,18.990956667275327,0.9262894125183112,0.648,988.4257105874816,0.28,0.28,0.28,0.28,17.136667254757043,17.136667254757043,17.136667254757043,17.136667254757043,,0.9484441685779604,0.9484441685779604,0.9484441685779604,0.9484441685779604,43.83384100609872,43.83384100609872,43.83384100609872,43.83384100609872,0.9426632474429832,0.9426632474429832,0.9426632474429832,0.9426632474429832,0.98,0.98,0.98,0.98,42.95716418597675,42.95716418597675,42.95716418597675,42.95716418597675,171.828656743907,4123.887761853768,0.0871409794428094,4.3391074935330055e-05
1944-06-15,1944-06-26,939.9208,0.9134042636758518,858.5276662376176,0.375,1944,6,15,1944.06,1943,9,259,37,0.0741767903629301,46.89352649822764,0.0546208681937207,0.71,4,Mod_Dry,45,10,9,9,88,161.0,0.1875303572982812,697.5276662376176,697.5276662376176,,3,232.50922207920587,232.50922207920587,232.50922207920587,0.0,0.0,0.0,0.0,0.0,0.0,0.0,45.0,10.0,9.0,9.0,88.0,761.5276662376176,990.0,967.3341106649503,22.665889335049545,0.3592898943296656,0.2669484810467285,989.3737616246236,0.2563874498069279,0.2563874498069279,0.2563874498069279,0.01,21.78326350986624,21.78326350986624,21.78326350986624,22.02965095967317,,0.9567924654348012,0.9567924654348012,0.9567924654348012,0.0,47.52472082817772,47.52472082817772,47.52472082817772,0.0,1.0220370070575855,1.0220370070575855,1.0220370070575855,0.0,0.98,0.98,0.98,0.96,46.57422641161416,46.57422641161416,46.57422641161416,0.0,139.72267923484247,3353.34430163622,0.1627468568918208,5.564203001776029e-05
1944-07-15,1944-07-26,478.7252,0.9002196493164109,430.9578316629287,0.615,1944,7,15,1944.07,1943,10,289,42,0.037234756655677,9.07527950352852,0.0210583932736757,0.8,4,Mod_Dry,42,9,8,6,70,135.0,0.3132557064320611,295.9578316629287,295.9578316629287,,2,147.97891583146435,147.97891583146435,0.0,0.0,0.0,0.0,0.0,0.0,0.0,0.0,42.0,9.0,8.0,6.0,70.0,354.9578316629287,990.0,965.5393102424832,24.46068975751689,0.1608073948408805,0.0386920965449023,989.8005005086144,0.1422715363724769,0.1422715363724769,0.01,0.01,24.11891872975869,24.11891872975869,24.251190266131164,24.251190266131164,,0.939861640062798,0.939861640062798,0.0,0.0,32.89730332809427,32.89730332809427,0.0,0.0,0.7074688887762208,0.7074688887762208,0.0,0.0,0.97,0.97,0.96,0.96,31.91038422825144,31.91038422825144,0.0,0.0,63.82076845650288,1531.698442956069,0.1480905178361393,5.990039573647156e-05
1944-08-15,1944-08-26,316.6956,0.9306200236043244,294.72326674738565,0.794,1944,8,15,1944.08,1943,11,320,46,0.0254640902469741,4.4569441258187785,0.0151224712422821,0.79,4,Mod_Dry,39,7,5,4,60,115.0,0.3901965435886989,179.72326674738565,179.72326674738565,,1,179.72326674738565,0.0,0.0,0.0,0.0,0.0,0.0,0.0,0.0,0.0,39.0,7.0,5.0,4.0,60.0,230.72326674738565,990.0,964.8788930669896,25.121106933010424,0.1169611163989119,0.0110264776735277,989.8720124059276,0.1851264101089706,0.01,0.01,0.01,24.807992928828988,24.98311933893796,24.98311933893796,24.98311933893796,,0.9485388868990604,0.0,0.0,0.0,41.47532263714452,0.0,0.0,0.0,0.8919424223041831,0.0,0.0,0.0,0.9791942422304184,0.96,0.96,0.96,40.612397120940834,0.0,0.0,0.0,40.612397120940834,974.69753090258,0.137798408551676,6.276995531324364e-05
1944-09-15,1944-09-26,227.8423,0.9755995102100816,222.2828362851385,0.922,1944,9,15,1944.09,1943,12,351,51,0.0192052370550359,2.388210579599729,0.0107440170348384,0.8300000000000001,4,Mod_Dry,34,6,4,3,44,91.0,0.4093883338939747,131.2828362851385,131.2828362851385,,1,131.2828362851385,0.0,0.0,0.0,0.0,0.0,0.0,0.0,0.0,0.0,34.0,6.0,4.0,3.0,44.0,175.2828362851385,990.0,964.5336970177108,25.466302982289108,0.0973940880662941,0.0069090410842367,989.8956968708496,0.1197318289849369,0.01,0.01,0.01,25.24226802415369,25.351999853138626,25.351999853138626,25.351999853138626,,0.9311210282201466,0.0,0.0,0.0,30.260852512585277,0.0,0.0,0.0,0.6507710217760274,0.0,0.0,0.0,0.97,0.96,0.96,0.96,29.35302693720772,0.0,0.0,0.0,29.35302693720772,704.4726464929852,0.1320526021161365,6.210727026006382e-05
1944-10-15,1944-10-26,191.5433,1.0070581277156851,192.89523707448373,0.971,1944,10,15,1944.1,1944,1,15,3,0.0166661484832353,0.0,0.0,0.81,4,Mod_Dry,31,4,3,2,33,73.0,0.3784437661973587,119.89523707448372,119.89523707448372,,1,119.89523707448372,0.0,0.0,0.0,0.0,0.0,0.0,0.0,0.0,0.0,31.0,4.0,3.0,2.0,33.0,157.89523707448373,990.0,964.414209525851,25.585790474149007,0.0912574423376475,0.0059410951513311,989.902801462511,0.104358570050553,0.01,0.01,0.01,25.384233366609436,25.478591936659985,25.478591936659985,25.478591936659985,,0.9247762061766835,0.0,0.0,0.0,27.602049421333827,0.0,0.0,0.0,0.5935924606738457,0.0,0.0,0.0,0.97,0.96,0.96,0.96,26.77398793869381,0.0,0.0,0.0,26.77398793869381,642.5757105286515,0.1388006689266019,6.203097848865417e-05
1944-11-15,1944-11-26,234.2817,0.966268687364318,226.3790707324809,0.913,1944,11,15,1944.11,1944,2,46,7,0.0195591517112863,4.096234447342397,0.0180945810674478,0.75,4,Mod_Dry,29,4,2,2,30,67.0,0.2959637557624572,159.3790707324809,159.3790707324809,,1,159.3790707324809,0.0,0.0,0.0,0.0,0.0,0.0,0.0,0.0,0.0,29.0,4.0,2.0,2.0,30.0,194.3790707324809,990.0,964.5582744243948,25.44172557560512,0.1041337663930585,0.0092972210122608,989.8865690125948,0.1576617454888492,0.01,0.01,0.01,25.17063284271096,25.31829458819981,25.31829458819981,25.31829458819981,,0.9417015018550148,0.0,0.0,0.0,37.04907654829122,0.0,0.0,0.0,0.7967543343718542,0.0,0.0,0.0,0.97,0.96,0.96,0.96,35.93760425184248,0.0,0.0,0.0,35.93760425184248,862.5025020442195,0.1587496765295545,6.263474747252112e-05
1944-12-15,1944-12-26,463.5928,0.9065907191323836,420.28892993659525,0.63,1944,12,15,1944.12,1944,3,76,11,0.0363129635465218,2.4311580009666045,0.0057844921143494,0.48,3,Normal,38,5,4,3,54,104.0,0.2474488205427857,316.28892993659525,316.28892993659525,,2,158.14446496829763,158.14446496829763,0.0,0.0,0.0,0.0,0.0,0.0,0.0,0.0,38.0,5.0,4.0,3.0,54.0,363.28892993659525,990.0,965.4913001847146,24.508699815285357,0.1637476979092003,0.0482883749300729,989.7879639271608,0.1559950277072018,0.1559950277072018,0.01,0.01,24.14066871473887,24.14066871473887,24.28666374244607,24.28666374244607,,0.9431249090825364,0.9431249090825364,0.0,0.0,35.311096784923336,35.311096784923336,0.0,0.0,0.7593784254822222,0.7593784254822222,0.0,0.0,0.97,0.97,0.96,0.96,34.25176388137564,34.25176388137564,0.0,0.0,68.50352776275128,1644.0846663060306,0.1629915110376228,6.016257892961966e-05
1945-01-15,1945-01-26,611.0679,0.8869861279741288,542.0087505502821,0.523,1945,1,15,1945.01,1944,4,107,16,0.0468295560475443,14.671152652136016,0.0270681103160067,0.7000000000000001,4,Mod_Dry,34,5,4,3,45,91.0,0.1678939683309742,451.0087505502821,451.0087505502821,,2,225.50437527514103,225.50437527514103,0.0,0.0,0.0,0.0,0.0,0.0,0.0,0.0,34.0,5.0,4.0,3.0,45.0,494.0087505502821,990.0,966.0390393774762,23.96096062252377,0.2098827784250002,0.1118761302597331,989.6782410913152,0.2469309066214404,0.2469309066214404,0.01,0.01,23.392270807217603,23.392270807217603,23.62920171383904,23.62920171383904,,0.9581811629957824,0.9581811629957824,0.0,0.0,49.5694024773576,49.5694024773576,0.0,0.0,1.0660086554270451,1.0660086554270451,0.0,0.0,0.98,0.98,0.96,0.96,48.2,48.2,0.0,0.0,96.4,2313.6000000000004,0.177856907111054,5.937307811679006e-05
1945-02-15,1945-02-26,963.4877,0.9186515277026396,885.1094475277025,0.3670000000000001,1945,2,15,1945.02,1944,5,138,20,0.0764734562663935,26.581781290084905,0.030032196994771,0.62,3,Normal,43,7,5,4,78,137.0,0.1547831179326691,748.1094475277025,748.1094475277025,,3,249.3698158425675,249.3698158425675,249.3698158425675,0.0,0.0,0.0,0.0,0.0,0.0,0.0,43.0,7.0,5.0,4.0,78.0,803.1094475277025,990.0,967.4404377901108,22.55956220988924,0.3901503076373614,0.3007371109485053,989.3091125814142,0.2791492513874661,0.2791492513874661,0.2791492513874661,0.01,21.589525539915957,21.589525539915957,21.589525539915957,21.858674791303415,,0.9568068790357492,0.9568068790357492,0.9568068790357492,0.0,50.51844467042463,50.51844467042463,50.51844467042463,0.0,1.0864181649553684,1.0864181649553684,1.0864181649553684,0.0,0.98,0.98,0.98,0.96,48.2,48.2,48.2,0.0,144.60000000000002,3470.4000000000005,0.1633696266647004,5.369089616419969e-05
1945-03-15,1945-03-26,2498.0517,1.0179830997411152,2542.9744128795624,0.122,1945,3,15,1945.03,1944,6,166,24,0.2197129892727941,131.92643666797176,0.0518787904431108,0.5,3,Normal,49,9,9,9,107,183.0,0.071962973387836,2359.9744128795624,1100.0,,4,275.0,275.0,275.0,275.0,1259.9744128795624,51.0,9.000000000000007,16.000000000000007,61.96595473178176,1122.0084581477806,100.0,18.0,25.0,70.96595473178175,1229.0084581477806,1243.0,990.0,972.4106278931577,17.58937210684246,0.9262894125183112,0.648,988.4257105874816,0.28,0.28,0.28,0.28,15.73508269432418,15.73508269432418,15.73508269432418,15.73508269432418,,0.9439403307772968,0.9439403307772968,0.9439403307772968,0.9439403307772968,40.057603650400175,40.057603650400175,40.057603650400175,40.057603650400175,0.8614538419440898,0.8614538419440898,0.8614538419440898,0.8614538419440898,0.976145384194409,0.976145384194409,0.976145384194409,0.976145384194409,39.10204490522724,39.10204490522724,39.10204490522724,39.10204490522724,156.40817962090895,3753.796310901815,0.0615059981841494,3.949701505578509e-05
1945-04-15,1945-04-26,3134.7263,1.0242753271445222,3210.822806441037,0.072,1945,4,15,1945.04,1944,7,197,29,0.2774150904765056,67.84175646316544,0.0211290876366868,0.32,2,Mod_Wet,70,14,18,25,168,295.0,0.0918767611243505,2915.822806441037,1100.0,,4,275.0,275.0,275.0,275.0,1815.8228064410368,30.0,4.0,6.999999999999986,55.0,1719.8228064410368,100.0,18.0,25.0,80.0,1887.8228064410368,1243.0,990.0,974.0076959469822,15.992304053017849,0.9262894125183112,0.648,988.4257105874816,0.28,0.28,0.28,0.28,14.138014640499565,14.138014640499565,14.138014640499565,14.138014640499565,,0.9358280878429974,0.9358280878429974,0.9358280878429974,0.9358280878429974,35.682551090734435,35.682551090734435,35.682551090734435,35.682551090734435,0.7673666901233211,0.7673666901233211,0.7673666901233211,0.7673666901233211,0.97,0.97,0.97,0.97,34.6120745580124,34.6120745580124,34.6120745580124,34.6120745580124,138.4482982320496,3322.7591575691904,0.0431192583889453,3.49616914727398e-05
1945-05-15,1945-05-26,1986.9064,1.008700287979832,2004.1930578689712,0.176,1945,5,15,1945.05,1944,8,227,33,0.1731622801998791,37.465117860508826,0.0186933677438963,0.6,3,Normal,55,13,13,17,178,276.0,0.1377112843078434,1728.1930578689712,1100.0,,4,275.0,275.0,275.0,275.0,628.1930578689712,44.99999999999999,4.9999999999999964,11.999999999999996,38.69305066584244,527.5000072031288,100.0,18.0,25.0,55.69305066584244,705.5000072031288,1243.0,990.0,971.1101211741664,18.88987882583353,0.9262894125183112,0.648,988.4257105874816,0.28,0.28,0.28,0.28,17.03558941331525,17.03558941331525,17.03558941331525,17.03558941331525,,0.9481156655932744,0.9481156655932744,0.9481156655932744,0.9481156655932744,43.5602014997895,43.5602014997895,43.5602014997895,43.5602014997895,0.9367785268771937,0.9367785268771937,0.9367785268771937,0.9367785268771937,0.98,0.98,0.98,0.98,42.68899746979371,42.68899746979371,42.68899746979371,42.68899746979371,170.75598987917485,4098.143757100196,0.0851993719910082,4.312019946443809e-05
1945-06-15,1945-06-26,955.5912,0.91769253620946,876.9389119074414,0.3720000000000001,1945,6,15,1945.06,1944,9,258,37,0.0757675219888029,37.11476647244979,0.0423230922570432,0.71,4,Mod_Dry,45,10,9,9,88,161.0,0.1835931760056202,715.9389119074414,715.9389119074414,,3,238.6463039691471,238.6463039691471,238.6463039691471,0.0,0.0,0.0,0.0,0.0,0.0,0.0,45.0,10.0,9.0,9.0,88.0,779.9389119074414,990.0,967.4077556476298,22.592244352370244,0.3697528239359948,0.2792471931541708,989.3509999829098,0.2646725103583486,0.2646725103583486,0.2646725103583486,0.01,21.678571824921693,21.678571824921693,21.678571824921693,21.93324433528004,,0.9567406851551046,0.9567406851551046,0.9567406851551046,0.0,48.54207337676236,48.54207337676236,48.54207337676236,0.0,1.043915556489513,1.043915556489513,1.043915556489513,0.0,0.98,0.98,0.98,0.96,47.57123190922711,47.57123190922711,47.57123190922711,0.0,142.71369572768134,3425.128697464352,0.1627407494294704,5.5371614251376775e-05
1945-07-15,1945-07-26,525.9775,0.8881694527338079,467.1571483252964,0.58,1945,7,15,1945.07,1944,10,288,42,0.0403623776153056,3.021801061593294,0.0064684893989658,0.71,4,Mod_Dry,42,9,8,6,70,135.0,0.2889819849358169,332.1571483252964,332.1571483252964,,2,166.0785741626482,166.0785741626482,0.0,0.0,0.0,0.0,0.0,0.0,0.0,0.0,42.0,9.0,8.0,6.0,70.0,391.1571483252964,990.0,965.7022071674638,24.29779283253617,0.1735832568409573,0.0557781740095399,989.7706385691496,0.1667060751195751,0.1667060751195751,0.01,0.01,23.90172532656607,23.90172532656607,24.05843140168564,24.05843140168564,,0.945764620428881,0.945764620428881,0.0,0.0,36.81837545280581,36.81837545280581,0.0,0.0,0.7917930204904475,0.7917930204904475,0.0,0.0,0.97,0.97,0.96,0.96,35.71382418922163,35.71382418922163,0.0,0.0,71.42764837844327,1714.2635610826385,0.1528985452422231,5.97338143661604e-05
1945-08-15,1945-08-26,370.3799,0.9134433097017404,338.3210417029997,0.727,1945,8,15,1945.08,1944,11,319,46,0.0292309380031391,2.2742641845769067,0.0067222073245252,0.6900000000000001,3,Normal,47,8,6,5,89,155.0,0.4581447231888967,183.3210417029997,183.3210417029997,,1,183.3210417029997,0.0,0.0,0.0,0.0,0.0,0.0,0.0,0.0,0.0,47.0,8.0,6.0,5.0,89.0,244.3210417029997,990.0,965.0916052085148,24.90839479148508,0.121760238955505,0.0113322885447549,989.8669074724996,0.1899834062990496,0.01,0.01,0.01,24.585318857685778,24.765302263984825,24.765302263984825,24.765302263984825,,0.9499125232579346,0.0,0.0,0.0,41.98657744719813,0.0,0.0,0.0,0.9029371494021105,0.0,0.0,0.0,0.98,0.96,0.96,0.96,41.14684589825416,0.0,0.0,0.0,41.14684589825416,987.5243015581,0.1216207117687215,6.234788603644885e-05
1945-09-15,1945-09-26,261.1822,0.9426194585361816,246.1954239432886,0.879,1945,9,15,1945.09,1944,12,350,50,0.0212712846287001,3.603756082542589,0.0146377866201636,0.68,3,Normal,40,6,4,3,65,118.0,0.4792940425536968,128.1954239432886,128.1954239432886,,1,128.1954239432886,0.0,0.0,0.0,0.0,0.0,0.0,0.0,0.0,0.0,40.0,6.0,4.0,3.0,65.0,178.1954239432886,990.0,964.6771725436598,25.32282745634018,0.0984220343856884,0.0066466110351795,989.8949313545792,0.1155638223234396,0.01,0.01,0.01,25.102194988595908,25.207758810919348,25.207758810919348,25.207758810919348,,0.9300602214245082,0.0,0.0,0.0,29.351749424812763,0.0,0.0,0.0,0.6312204177379088,0.0,0.0,0.0,0.97,0.96,0.96,0.96,28.471196942068374,0.0,0.0,0.0,28.471196942068374,683.3087266096411,0.1156447040568339,6.16922630619005e-05
1945-10-15,1945-10-26,203.2033,0.9854563497164652,200.2479822683398,0.956,1945,10,15,1945.1,1945,1,15,3,0.0173014256679845,0.9221305502795192,0.0046049430303064,0.68,3,Normal,37,5,3,2,50,97.0,0.4843993877052722,103.2479822683398,103.2479822683398,,1,103.2479822683398,0.0,0.0,0.0,0.0,0.0,0.0,0.0,0.0,0.0,37.0,5.0,3.0,2.0,50.0,148.2479822683398,990.0,964.40148789361,25.59851210638999,0.087852614317284,0.0045260784928088,989.90762130719,0.0818847760622587,0.01,0.01,0.01,25.424248637517582,25.496133413579845,25.496133413579845,25.496133413579845,,0.0,0.0,0.0,0.0,0.0,0.0,0.0,0.0,0.0,0.0,0.0,0.0,0.96,0.96,0.96,0.96,0.0,0.0,0.0,0.0,0.0,0.0,0.0,0.0
1945-11-15,1945-11-26,240.8345,0.9523763640910288,229.3650854576809,0.908,1945,11,15,1945.11,1945,2,46,7,0.0198171433835436,0.0,0.0,0.66,3,Normal,36,5,3,2,47,93.0,0.4054671172572994,136.3650854576809,136.3650854576809,,1,136.3650854576809,0.0,0.0,0.0,0.0,0.0,0.0,0.0,0.0,0.0,36.0,5.0,3.0,2.0,47.0,180.3650854576809,990.0,964.576190512746,25.423809487253948,0.0991877780575775,0.0073410322639028,989.8934711896784,0.1265928653678692,0.01,0.01,0.01,25.190687811564587,25.307280676932454,25.307280676932454,25.307280676932454,,0.9332508135349992,0.0,0.0,0.0,31.43983740599719,0.0,0.0,0.0,0.6761255356128427,0.0,0.0,0.0,0.97,0.96,0.96,0.96,30.496642283817277,0.0,0.0,0.0,30.496642283817277,731.9194148116146,0.1329611358370586,6.21221296848124e-05
1945-12-15,1945-12-26,424.724,0.9100759486875,386.53109723034976,0.6709999999999999,1945,12,15,1945.12,1945,3,76,11,0.0333962868007022,21.84857964984264,0.056524765552879,0.61,3,Normal,38,5,4,3,54,104.0,0.2690598524806973,282.53109723034976,282.53109723034976,,2,141.26554861517488,141.26554861517488,0.0,0.0,0.0,0.0,0.0,0.0,0.0,0.0,38.0,5.0,4.0,3.0,54.0,329.53109723034976,990.0,965.3326554861516,24.66734451384832,0.1518335113487388,0.032354677892725,989.8158118107584,0.1332084906304861,0.1332084906304861,0.01,0.01,24.34994783397637,24.34994783397637,24.47315632460685,24.47315632460685,,0.9366119294652474,0.9366119294652474,0.0,0.0,31.596041826967344,31.596041826967344,0.0,0.0,0.679484770472416,0.679484770472416,0.0,0.0,0.97,0.97,0.96,0.96,30.64816057215832,30.64816057215832,0.0,0.0,61.29632114431664,1471.1117074635995,0.1585805685067239,6.026506830693842e-05
1946-01-15,1946-01-26,785.0819,0.8950098277210273,702.6560160658968,0.4370000000000001,1946,1,15,1946.01,1945,4,107,16,0.0607094797880934,20.347152893665907,0.0289574876304164,0.49,3,Normal,41,6,4,3,66,120.0,0.1707805772045736,582.6560160658968,582.6560160658968,,3,194.2186720219656,194.2186720219656,194.2186720219656,0.0,0.0,0.0,0.0,0.0,0.0,0.0,41.0,6.0,4.0,3.0,66.0,633.6560160658968,990.0,966.7106240642636,23.289375935736416,0.2866216947746118,0.190214218732019,989.5231640864936,0.2046952072296536,0.2046952072296536,0.2046952072296536,0.01,22.607844815000227,22.607844815000227,22.607844815000227,22.80254002222988,,0.9530895039289656,0.9530895039289656,0.9530895039289656,0.0,41.04143431022724,41.04143431022724,41.04143431022724,0.0,0.8826114905425213,0.8826114905425213,0.8826114905425213,0.0,0.978261149054252,0.978261149054252,0.978261149054252,0.96,40.1492406871575,40.1492406871575,40.1492406871575,0.0,120.4477220614725,2890.74532947534,0.1714177624719527,5.742273253872535e-05
1946-02-15,1946-02-26,1053.0739999999996,0.9224728423044594,971.4321659369264,0.34,1946,2,15,1946.02,1945,5,138,20,0.0839317391369504,0.0,0.0,0.36,2,Mod_Wet,49,8,7,5,93,162.0,0.1667640888170038,809.4321659369264,809.4321659369264,,3,269.81072197897544,269.81072197897544,269.81072197897544,0.0,0.0,0.0,0.0,0.0,0.0,0.0,49.0,8.0,7.0,5.0,93.0,873.4321659369264,990.0,967.7857286637476,22.214271336252292,0.4544965503339099,0.3307651683134723,989.2147382813524,0.28,0.28,0.28,0.01,21.149009617604836,21.149009617604836,21.149009617604836,21.419009617604832,,0.9559743402508164,0.9559743402508164,0.9559743402508164,0.0,53.49758452477612,53.49758452477612,53.49758452477612,0.0,1.150485688704863,1.150485688704863,1.150485688704863,0.0,0.98,0.98,0.98,0.96,48.2,48.2,48.2,0.0,144.60000000000002,3470.4000000000005,0.1488523903885108,4.962326474902728e-05
1946-03-15,1946-03-26,1210.671,0.922658798487674,1117.0362502238706,0.296,1946,3,15,1946.03,1945,6,166,24,0.0965119320193424,9.324430793932606,0.0083474737655683,0.74,4,Mod_Dry,41,8,7,6,67,129.0,0.1154841662248172,988.0362502238706,988.0362502238706,,4,247.0090625559677,247.0090625559677,247.0090625559677,247.0090625559677,0.0,0.0,0.0,0.0,0.0,0.0,41.0,8.0,7.0,6.0,67.0,1044.0362502238706,990.0,968.2678282149892,21.73217178501068,0.6164641901523031,0.4172095451083534,988.9663262647392,0.2759622344505563,0.2759622344505563,0.2759622344505563,0.2759622344505563,20.422535815299454,20.422535815299454,20.422535815299454,20.422535815299454,,0.9555950227673498,0.9555950227673498,0.9555950227673498,0.9555950227673498,47.27539131678718,47.27539131678718,47.27539131678718,47.27539131678718,1.0166750820814447,1.0166750820814447,1.0166750820814447,1.0166750820814447,0.98,0.98,0.98,0.98,46.32988349045144,46.32988349045144,46.32988349045144,46.32988349045144,185.31953396180572,4447.668815083338,0.1659028826724871,5.210097130652842e-05
1946-04-15,1946-04-26,1463.3217,0.94550510416192,1383.5781363808978,0.248,1946,4,15,1946.04,1945,7,197,29,0.1195411509833096,27.988926260331937,0.0202293788289717,0.87,4,Mod_Dry,45,11,10,10,72,148.0,0.10696902192104,1235.5781363808978,1100.0,,4,275.0,275.0,275.0,275.0,135.57813638089783,41.22308200770542,7.0,9.160684890601203,9.160684890601203,69.03368459199001,86.22308200770541,18.0,19.160684890601203,19.160684890601203,141.03368459199,1223.3837668983067,990.0,969.108483209846,20.89151679015401,0.8792903989439391,0.648,988.472709601056,0.28,0.28,0.28,0.28,19.08422639121008,19.08422639121008,19.08422639121008,19.08422639121008,,0.9527105659780252,0.9527105659780252,0.9527105659780252,0.9527105659780252,49.035085276991246,49.035085276991246,49.035085276991246,49.035085276991246,1.0545179629460484,1.0545179629460484,1.0545179629460484,1.0545179629460484,0.98,0.98,0.98,0.98,48.05438357145142,48.05438357145142,48.05438357145142,48.05438357145142,192.21753428580567,4613.220822859336,0.1389278489096392,4.853978138530447e-05
1946-05-15,1946-05-26,1515.4044,0.9482599209629142,1436.9972565708524,0.239,1946,5,15,1946.05,1945,8,227,33,0.1241565629677216,0.0,0.0,0.8200000000000001,4,Mod_Dry,47,10,10,10,115,192.0,0.1336119461064074,1244.9972565708524,1100.0,,4,275.0,275.0,275.0,275.0,144.9972565708524,35.494120098073246,7.5519404463985635,7.5519404463985635,7.5519404463985635,86.84731513358348,82.49412009807324,17.551940446398564,17.551940446398564,17.551940446398564,201.8473151335835,1217.5980009908703,990.0,969.2810680596904,20.71893194030952,0.8708116034378502,0.648,988.4811883965622,0.28,0.28,0.28,0.28,18.92012033687169,18.92012033687169,18.92012033687169,18.92012033687169,,0.9524001504210896,0.9524001504210896,0.9524001504210896,0.9524001504210896,48.59759114330655,48.59759114330655,48.59759114330655,48.59759114330655,1.045109486952829,1.045109486952829,1.045109486952829,1.045109486952829,0.98,0.98,0.98,0.98,47.62563932044042,47.62563932044042,47.62563932044042,47.62563932044042,190.50255728176168,4572.06137476228,0.1325698823784558,4.810670638428325e-05
1946-06-15,1946-06-26,893.8841,0.8990978772765416,803.6892968412517,0.396,1946,6,15,1946.06,1945,9,258,37,0.0694387552470841,31.004270865484727,0.0385774340747613,0.78,4,Mod_Dry,45,10,9,9,88,161.0,0.2003261716098248,642.6892968412517,642.6892968412517,,3,214.22976561375057,214.22976561375057,214.22976561375057,0.0,0.0,0.0,0.0,0.0,0.0,0.0,45.0,10.0,9.0,9.0,88.0,706.6892968412517,990.0,967.114757187365,22.885242812635056,0.3281257890317568,0.2303164502899561,989.4415577606784,0.2317101835785633,0.2317101835785633,0.2317101835785633,0.01,22.09509038973477,22.09509038973477,22.09509038973477,22.316800573313333,,0.955813162009854,0.955813162009854,0.955813162009854,0.0,44.36978265900166,44.36978265900166,44.36978265900166,0.0,0.9541888743871324,0.9541888743871324,0.9541888743871324,0.0,0.98,0.98,0.98,0.96,43.48238700582162,43.48238700582162,43.48238700582162,0.0,130.44716101746485,3130.7318644191564,0.1623104370434727,5.638077790145881e-05
1946-07-15,1946-07-26,443.8904,0.9076618404997884,402.90237744418727,0.648,1946,7,15,1946.07,1945,10,288,42,0.0348107654111777,0.0,0.0,0.85,4,Mod_Dry,42,9,8,6,70,135.0,0.3350687599720136,267.90237744418727,267.90237744418727,,1,267.90237744418727,0.0,0.0,0.0,0.0,0.0,0.0,0.0,0.0,0.0,42.0,9.0,8.0,6.0,70.0,326.90237744418727,990.0,965.4130606984988,24.58693930150116,0.1509057545753686,0.0254499221536563,989.823644323271,0.28,0.01,0.01,0.01,24.13058362477213,24.40058362477213,24.40058362477213,24.40058362477213,,0.9423626535830424,0.0,0.0,0.0,59.74494415512456,0.0,0.0,0.0,1.2848375087123562,0.0,0.0,0.0,0.98,0.96,0.96,0.96,48.2,0.0,0.0,0.0,48.2,1156.8000000000002,0.1196319572640818,4.99767453227556e-05
1946-08-15,1946-08-26,312.7836,0.9288272938647332,290.5219447532691,0.797,1946,8,15,1946.08,1945,11,319,46,0.0251010960266824,0.0,0.0,0.86,4,Mod_Dry,39,7,5,4,60,115.0,0.3958392888277881,175.5219447532691,175.5219447532691,,1,175.5219447532691,0.0,0.0,0.0,0.0,0.0,0.0,0.0,0.0,0.0,39.0,7.0,5.0,4.0,60.0,226.5219447532691,990.0,964.8620877790132,25.13791222098689,0.1154782918819337,0.0106693653040278,989.873852342814,0.1794546254169133,0.01,0.01,0.01,24.832309938384054,25.001764563800965,25.001764563800965,25.001764563800965,,0.9472181698854852,0.0,0.0,0.0,40.48901970811024,0.0,0.0,0.0,0.8707316066260266,0.0,0.0,0.0,0.9770731606626026,0.96,0.96,0.96,39.56073445833368,0.0,0.0,0.0,39.56073445833368,949.4576270000082,0.1361712434216676,6.260808539091813e-05
1946-09-15,1946-09-26,224.6649,0.98159746285063,220.53049583159049,0.926,1946,9,15,1946.09,1945,12,350,50,0.0190538348398494,0.0,0.0,0.87,4,Mod_Dry,34,6,4,3,44,91.0,0.4126413431251373,129.53049583159049,129.53049583159049,,1,129.53049583159049,0.0,0.0,0.0,0.0,0.0,0.0,0.0,0.0,0.0,34.0,6.0,4.0,3.0,44.0,173.53049583159049,990.0,964.5231829749896,25.476817025010405,0.0967756304845935,0.0067600921456851,989.8964642773698,0.1173661693726471,0.01,0.01,0.01,25.25591513300753,25.363281302380177,25.363281302380177,25.363281302380177,,0.9303964213632676,0.0,0.0,0.0,29.84983042451946,0.0,0.0,0.0,0.64193183708644,0.0,0.0,0.0,0.97,0.96,0.96,0.96,28.954335511783874,0.0,0.0,0.0,28.954335511783874,694.9040522828129,0.1312940208228391,6.2092489678666e-05
1946-10-15,1946-10-26,194.4177,1.0019441346365396,194.7956741845264,0.967,1946,10,15,1946.1,1946,1,15,3,0.016830346249543,0.0,0.0,0.81,4,Mod_Dry,31,4,3,2,33,73.0,0.3747516483905511,121.7956741845264,121.7956741845264,,1,121.7956741845264,0.0,0.0,0.0,0.0,0.0,0.0,0.0,0.0,0.0,31.0,4.0,3.0,2.0,33.0,159.7956741845264,990.0,964.410408651631,25.589591348369023,0.091928168015909,0.0061026323056847,989.9019691996784,0.1069241601491106,0.01,0.01,0.01,25.38463638789835,25.481560548047455,25.481560548047455,25.481560548047455,,0.926131463824443,0.0,0.0,0.0,28.081102130967704,0.0,0.0,0.0,0.6038946694831764,0.0,0.0,0.0,0.97,0.96,0.96,0.96,27.23866906703867,0.0,0.0,0.0,27.23866906703867,653.7280576089281,0.1398320018196912,6.212287106028895e-05
1946-11-15,1946-11-26,191.5433,1.0070581277156851,192.89523707448373,0.971,1946,11,15,1946.11,1946,2,46,7,0.0166661484832353,0.0,0.0,0.85,4,Mod_Dry,29,4,2,2,30,67.0,0.3473387991126443,125.89523707448372,125.89523707448372,,1,125.89523707448372,0.0,0.0,0.0,0.0,0.0,0.0,0.0,0.0,0.0,29.0,4.0,2.0,2.0,30.0,160.89523707448373,990.0,964.414209525851,25.585790474149007,0.0923162392976475,0.0064510951513311,989.901232665551,0.112458570050553,0.01,0.01,0.01,25.374564569649447,25.4770231397,25.4770231397,25.4770231397,,0.928787242982404,0.0,0.0,0.0,29.09797990394703,0.0,0.0,0.0,0.6257630086870329,0.0,0.0,0.0,0.97,0.96,0.96,0.96,28.22504050682862,0.0,0.0,0.0,28.22504050682862,677.4009721638869,0.1463231593216059,6.227629584617285e-05
1946-12-15,1946-12-26,410.6973,0.908236127635729,373.01012538244936,0.6880000000000001,1946,12,15,1946.12,1946,3,76,11,0.0322280748330436,2.645380086578029,0.0070919792964486,0.65,3,Normal,38,5,4,3,54,104.0,0.278812806739142,269.01012538244936,269.01012538244936,,1,269.01012538244936,0.0,0.0,0.0,0.0,0.0,0.0,0.0,0.0,0.0,38.0,5.0,4.0,3.0,54.0,316.01012538244936,990.0,965.2650506269122,24.73494937308783,0.1470615408707634,0.0259727791805161,989.8269656799488,0.28,0.01,0.01,0.01,24.281915053036613,24.551915053036613,24.551915053036613,24.551915053036613,,0.9442755904896905,0.0,0.0,0.0,60.49075779852592,0.0,0.0,0.0,1.3008765117962564,0.0,0.0,0.0,0.98,0.96,0.96,0.96,48.2,0.0,0.0,0.0,48.2,1156.8000000000002,0.1292190123541023,4.9770947728655285e-05
1947-01-15,1947-01-26,635.1294,0.8861628436789661,562.8280752081156,0.506,1947,1,15,1947.01,1946,4,107,16,0.0486283456979812,0.0,0.0,0.62,3,Normal,41,6,4,3,66,120.0,0.2132089803011832,442.8280752081156,442.8280752081156,,2,221.4140376040578,221.4140376040578,0.0,0.0,0.0,0.0,0.0,0.0,0.0,0.0,41.0,6.0,4.0,3.0,66.0,493.8280752081156,990.0,966.1327263384364,23.86727366156356,0.209819012490967,0.1080148514982305,989.6821661360108,0.241408950765478,0.241408950765478,0.01,0.01,23.30803084680897,23.30803084680897,23.53943979757445,23.53943979757445,,0.9577481505247576,0.9577481505247576,0.0,0.0,48.4730957838668,48.4730957838668,0.0,0.0,1.0424321673949848,1.0424321673949848,0.0,0.0,0.98,0.98,0.96,0.96,47.50363386818946,47.50363386818946,0.0,0.0,95.00726773637892,2280.174425673094,0.1688033556272904,5.9596283935129406e-05
1947-02-15,1947-02-26,863.9982,0.9020463209442272,779.3663976124346,0.405,1947,2,15,1947.02,1946,5,138,20,0.0673372567537143,18.838186293144645,0.02417115537808,0.77,4,Mod_Dry,36,6,5,4,54,105.0,0.1347248230378732,674.3663976124346,674.3663976124346,,3,224.78879920414488,224.78879920414488,224.78879920414488,0.0,0.0,0.0,0.0,0.0,0.0,0.0,36.0,6.0,5.0,4.0,54.0,721.3663976124346,990.0,967.0174655904495,22.98253440955034,0.336466640864807,0.2514767536051063,989.41205660553,0.2459648789255956,0.2459648789255956,0.2459648789255956,0.01,22.14862613615484,22.14862613615484,22.14862613615484,22.384591015080435,,0.9571742726025876,0.9571742726025876,0.9571742726025876,0.0,46.73596088906075,46.73596088906075,46.73596088906075,0.0,1.0050744277217365,1.0050744277217365,1.0050744277217365,0.0,0.98,0.98,0.98,0.96,45.801241671279534,45.801241671279534,45.801241671279534,0.0,137.4037250138386,3297.6894003321263,0.1763018336879428,5.659786953778252e-05
1947-03-15,1947-03-26,1828.6668,0.9885857895968824,1807.794012387604,0.195,1947,3,15,1947.03,1946,6,166,24,0.1561934026702889,24.37628413736252,0.0134839942882475,0.6,3,Normal,49,9,9,9,107,183.0,0.1012283472265221,1624.794012387604,1100.0,,4,275.0,275.0,275.0,275.0,524.794012387604,51.0,8.999999999999996,15.999999999999996,25.809541592832986,422.984470794771,100.0,18.0,25.0,34.809541592832986,529.984470794771,1243.0,990.0,970.4790268092522,19.52097319074778,0.9262894125183112,0.648,988.4257105874816,0.28,0.28,0.28,0.28,17.666683778229498,17.666683778229498,17.666683778229498,17.666683778229498,,0.9501667222792458,0.9501667222792458,0.9501667222792458,0.9501667222792458,45.27164181957214,45.27164181957214,45.27164181957214,45.27164181957214,0.973583695044562,0.973583695044562,0.973583695044562,0.973583695044562,0.98,0.98,0.98,0.98,44.3662089831807,44.3662089831807,44.3662089831807,44.3662089831807,177.4648359327228,4259.156062385348,0.09816651383768,4.481435250826334e-05
1947-04-15,1947-04-26,4354.3203,0.9996331882875896,4352.723084314373,0.029,1947,4,15,1947.04,1946,7,197,29,0.3760752744847618,62.69225969542731,0.0144029974985882,0.16,2,Mod_Wet,70,14,18,25,168,295.0,0.0677736658835643,4057.723084314373,1100.0,,4,275.0,275.0,275.0,275.0,2957.7230843143734,30.0,4.0,7.0,55.0,2861.723084314373,100.0,18.0,25.0,80.0,3029.723084314373,1243.0,990.0,976.3254832442952,13.674516755704758,0.9262894125183112,0.648,988.4257105874816,0.28,0.28,0.28,0.28,11.820227343186476,11.820227343186476,11.820227343186476,11.820227343186476,,0.9182022734318648,0.9182022734318648,0.9182022734318648,0.9182022734318648,29.27086701687097,29.27086701687097,29.27086701687097,29.27086701687097,0.6294810111155047,0.6294810111155047,0.6294810111155047,0.6294810111155047,0.97,0.97,0.97,0.97,28.39274100636484,28.39274100636484,28.39274100636484,28.39274100636484,113.57096402545936,2725.7031366110245,0.0260919341353755,2.8679536370065493e-05
1947-05-15,1947-05-26,3134.7263,1.0242753271445222,3210.822806441037,0.072,1947,5,15,1947.05,1946,8,227,33,0.2774150904765056,102.21783420448992,0.0318354018164555,0.1,1,Wet,71,14,18,24,213,340.0,0.1058918602789125,2870.822806441037,1100.0,,4,275.0,275.0,275.0,275.0,1770.8228064410368,29.0,4.0,7.0,56.0,1674.8228064410368,100.0,18.0,25.0,80.0,1887.8228064410368,1243.0,990.0,974.0076959469822,15.992304053017849,0.9262894125183112,0.648,988.4257105874816,0.28,0.28,0.28,0.28,14.138014640499565,14.138014640499565,14.138014640499565,14.138014640499565,,0.9358280878429974,0.9358280878429974,0.9358280878429974,0.9358280878429974,35.682551090734435,35.682551090734435,35.682551090734435,35.682551090734435,0.7673666901233211,0.7673666901233211,0.7673666901233211,0.7673666901233211,0.97,0.97,0.97,0.97,34.6120745580124,34.6120745580124,34.6120745580124,34.6120745580124,138.4482982320496,3322.7591575691904,0.0431192583889453,3.49616914727398e-05
1947-06-15,1947-06-26,1645.1264,0.9659758417726594,1589.152359062425,0.219,1947,6,15,1947.06,1946,9,258,37,0.1373027638229935,0.0,0.0,0.17,2,Mod_Wet,62,12,14,16,153,257.0,0.1617214350369941,1332.152359062425,1100.0,,4,275.0,275.0,275.0,275.0,232.1523590624249,37.99999999999999,6.000000000000002,10.999999999999998,14.453065155637349,162.6992939067876,100.0,18.0,25.0,30.453065155637347,315.6992939067876,1243.0,990.0,969.7726460831248,20.227353916875245,0.9262894125183112,0.648,988.4257105874816,0.28,0.28,0.28,0.28,18.37306450435696,18.37306450435696,18.37306450435696,18.37306450435696,,0.9517163306304464,0.9517163306304464,0.9517163306304464,0.9517163306304464,47.1585577474961,47.1585577474961,47.1585577474961,47.1585577474961,1.0141625322042171,1.0141625322042171,1.0141625322042171,1.0141625322042171,0.98,0.98,0.98,0.98,46.215386592546174,46.215386592546174,46.215386592546174,46.215386592546174,184.8615463701847,4436.677112884433,0.1163271383741016,4.668220867933957e-05
1947-07-15,1947-07-26,820.3628,0.8945448145815545,733.8512888156049,0.422,1947,7,15,1947.07,1946,10,288,42,0.0634047513536682,26.676922503685088,0.0363519461098721,0.17,2,Mod_Wet,58,11,11,11,136,227.0,0.309326975995866,506.8512888156049,506.8512888156049,,2,253.42564440780245,253.42564440780245,0.0,0.0,0.0,0.0,0.0,0.0,0.0,0.0,58.0,11.0,11.0,11.0,136.0,586.8512888156049,990.0,966.8354051552624,23.16459484473762,0.2600230291956776,0.1395766609288241,989.6004003098756,0.28,0.28,0.01,0.01,22.484995154613188,22.484995154613188,22.754995154613187,22.754995154613187,,0.9551883775450832,0.9551883775450832,0.0,0.0,53.37908029288182,53.37908029288182,0.0,0.0,1.147937210599609,1.147937210599609,0.0,0.0,0.98,0.98,0.96,0.96,48.2,48.2,0.0,0.0,96.4,2313.6000000000004,0.1313617642555131,5.283162609757056e-05
1947-08-15,1947-08-26,504.6303,0.897830776149602,453.0726139176065,0.595,1947,8,15,1947.08,1946,11,319,46,0.0391454738424812,2.582542044782997,0.0057000621212842,0.22,2,Mod_Wet,54,9,8,6,107,184.0,0.4061159168482898,269.0726139176065,269.0726139176065,,1,269.0726139176065,0.0,0.0,0.0,0.0,0.0,0.0,0.0,0.0,0.0,54.0,9.0,8.0,6.0,107.0,340.0726139176065,990.0,965.6388267626292,24.36117323737085,0.1555539396574838,0.0260022737691102,989.8184437865734,0.28,0.01,0.01,0.01,23.899617023944277,24.169617023944276,24.169617023944276,24.169617023944276,,0.9402431628867776,0.0,0.0,0.0,59.29790131695199,0.0,0.0,0.0,1.275223684235527,0.0,0.0,0.0,0.98,0.96,0.96,0.96,48.2,0.0,0.0,0.0,48.2,1156.8000000000002,0.1063847130004759,4.975938908813939e-05
1947-09-15,1947-09-26,353.2963,0.921778111561846,325.6607962357874,0.746,1947,9,15,1947.09,1946,12,350,50,0.028137092794772,3.544998767869401,0.010885555795616,0.28,2,Mod_Wet,46,7,6,4,75,138.0,0.4237538002581194,187.66079623578744,187.66079623578744,,1,187.66079623578744,0.0,0.0,0.0,0.0,0.0,0.0,0.0,0.0,0.0,46.0,7.0,6.0,4.0,75.0,246.66079623578744,990.0,965.028303981179,24.971696018821035,0.1225860109252843,0.0117011676800419,989.8657128213948,0.195842074918313,0.01,0.01,0.01,24.64156676529743,24.827408840215742,24.827408840215742,24.827408840215742,,0.9511360598885836,0.0,0.0,0.0,43.134346140604414,0.0,0.0,0.0,0.9276203471097724,0.0,0.0,0.0,0.98,0.96,0.96,0.96,42.271659217792326,0.0,0.0,0.0,42.271659217792326,1014.519821227016,0.1298027263533019,6.257102067149076e-05
1947-10-15,1947-10-26,286.2506,0.9441456049247084,270.26224589706084,0.836,1947,10,15,1947.1,1947,1,15,3,0.023350658045506,1.0102650433937583,0.0037380916451739,0.2,2,Mod_Wet,41,6,4,3,56,110.0,0.4070120842624,160.26224589706084,160.26224589706084,,1,160.26224589706084,0.0,0.0,0.0,0.0,0.0,0.0,0.0,0.0,0.0,41.0,6.0,4.0,3.0,56.0,211.26224589706084,990.0,964.7810489835882,25.21895101641178,0.1100924976920628,0.0093722909012501,989.8805352114066,0.1588540319610321,0.01,0.01,0.01,24.940632195857344,25.089486227818373,25.089486227818373,25.089486227818373,,0.9423933255607246,0.0,0.0,0.0,36.94107959679543,0.0,0.0,0.0,0.7944318192859233,0.0,0.0,0.0,0.97,0.96,0.96,0.96,35.83284720889157,0.0,0.0,0.0,35.83284720889157,859.9883330133978,0.1325854711595189,6.210800686975206e-05
1947-11-15,1947-11-26,286.2506,0.9441456049247084,270.26224589706084,0.836,1947,11,15,1947.11,1947,2,46,7,0.023350658045506,3.476203183560301,0.012862333664186,0.29,2,Mod_Wet,40,6,4,3,53,106.0,0.3922116448346764,164.26224589706084,164.26224589706084,,1,164.26224589706084,0.0,0.0,0.0,0.0,0.0,0.0,0.0,0.0,0.0,40.0,6.0,4.0,3.0,53.0,214.26224589706084,990.0,964.7810489835882,25.21895101641178,0.1111513247843838,0.0097122909012501,989.8791363843144,0.1642540319610321,0.01,0.01,0.01,24.93383336876514,25.08808740072617,25.08808740072617,25.08808740072617,,0.943623819521074,0.0,0.0,0.0,37.902198681241,0.0,0.0,0.0,0.8151010469084086,0.0,0.0,0.0,0.9715101046908408,0.96,0.96,0.96,36.82236900882549,0.0,0.0,0.0,36.82236900882549,883.7368562118118,0.1362468105251024,6.226893940190476e-05
1947-12-15,1947-12-26,443.8904,0.9076618404997884,402.90237744418727,0.648,1947,12,15,1947.12,1947,3,76,11,0.0348107654111777,11.085465320104449,0.0275140231001493,0.5,3,Normal,38,5,4,3,54,104.0,0.2581270447191808,298.90237744418727,298.90237744418727,,2,149.45118872209363,149.45118872209363,0.0,0.0,0.0,0.0,0.0,0.0,0.0,0.0,38.0,5.0,4.0,3.0,54.0,345.90237744418727,990.0,965.4130606984988,24.58693930150116,0.1576114440850772,0.0400819221536563,989.8023066337612,0.1442591047748264,0.1442591047748264,0.01,0.01,24.24498683048764,24.24498683048764,24.379245935262464,24.379245935262464,,0.940269965049409,0.940269965049409,0.0,0.0,33.412778329967736,33.412778329967736,0.0,0.0,0.7185543726874782,0.7185543726874782,0.0,0.0,0.97,0.97,0.96,0.96,32.4103949800687,32.4103949800687,0.0,0.0,64.8207899601374,1555.6989590432977,0.1608846052766636,6.023965129648124e-05
1948-01-15,1948-01-26,785.0819,0.8950098277210273,702.6560160658968,0.4370000000000001,1948,1,15,1948.01,1947,4,107,16,0.0607094797880934,29.49825923769345,0.0419810811595286,0.41,3,Normal,41,6,4,3,66,120.0,0.1707805772045736,582.6560160658968,582.6560160658968,,3,194.2186720219656,194.2186720219656,194.2186720219656,0.0,0.0,0.0,0.0,0.0,0.0,0.0,41.0,6.0,4.0,3.0,66.0,633.6560160658968,990.0,966.7106240642636,23.289375935736416,0.2866216947746118,0.190214218732019,989.5231640864936,0.2046952072296536,0.2046952072296536,0.2046952072296536,0.01,22.607844815000227,22.607844815000227,22.607844815000227,22.80254002222988,,0.9530895039289656,0.9530895039289656,0.9530895039289656,0.0,41.04143431022724,41.04143431022724,41.04143431022724,0.0,0.8826114905425213,0.8826114905425213,0.8826114905425213,0.0,0.978261149054252,0.978261149054252,0.978261149054252,0.96,40.1492406871575,40.1492406871575,40.1492406871575,0.0,120.4477220614725,2890.74532947534,0.1714177624719527,5.742273253872535e-05
1948-02-15,1948-02-26,1229.0427,0.91756512366433,1127.726717014242,0.293,1948,2,15,1948.02,1947,5,138,20,0.0974355883500305,38.27066752907922,0.0339361185220513,0.36,2,Mod_Wet,49,8,7,5,93,162.0,0.143651824112946,965.726717014242,965.726717014242,,4,241.4316792535605,241.4316792535605,241.4316792535605,241.4316792535605,0.0,0.0,0.0,0.0,0.0,0.0,49.0,8.0,7.0,5.0,93.0,1029.726717014242,990.0,968.301426824902,21.69857317509809,0.5975081878710891,0.4064117310348931,988.996080081094,0.2684327669923067,0.2684327669923067,0.2684327669923067,0.2684327669923067,20.426220489199864,20.426220489199864,20.426220489199864,20.426220489199864,,0.9553705170813452,0.9553705170813452,0.9553705170813452,0.9553705170813452,46.205407509740375,46.205407509740375,46.205407509740375,46.205407509740375,0.9936646776288252,0.9936646776288252,0.9936646776288252,0.9936646776288252,0.98,0.98,0.98,0.98,45.28129935954557,45.28129935954557,45.28129935954557,45.28129935954557,181.12519743818223,4347.004738516374,0.1606108950914345,5.2098128753745074e-05
1948-03-15,1948-03-26,5772.009,1.026443120707377,5924.638930711067,0.0069999999999999,1948,3,15,1948.03,1947,6,167,24,0.5118888036134361,40.541975405602,0.0068429445034106,0.06,1,Wet,68,14,17,21,195,315.0,0.0531677970056808,5609.638930711067,0.0,,0,275.0,275.0,275.0,275.0,5609.638930711067,1132.0,4.0,8.0,59.0,4406.638930711066,1200.0,18.0,25.0,80.0,4601.638930711066,1243.0,990.0817146175392,978.933943953295,11.147770664244264,0.8957647739399611,0.648,988.5379498435992,0.28,0.28,0.28,0.28,9.32400589030428,9.32400589030428,9.32400589030428,9.32400589030428,1.0,0.8103922679750071,0.8103922679750071,0.8103922679750071,0.8103922679750071,20.378359583543297,20.378359583543297,20.378359583543297,20.378359583543297,0.4382442921192107,0.4382442921192107,0.4382442921192107,0.4382442921192107,0.963824429211921,0.963824429211921,0.963824429211921,0.963824429211921,19.6411607938839,19.6411607938839,19.6411607938839,19.6411607938839,78.5646431755356,1885.5514362128545,0.0132606634926369,inf
1948-04-15,1948-04-26,5042.2522,1.0394378020389885,5241.107544094253,0.014,1948,4,15,1948.04,1947,7,198,29,0.4528316918097435,66.67268657749082,0.012721106372377,0.08,1,Wet,84,14,20,27,219,364.0,0.0694509694635363,4877.107544094253,1100.0,,4,275.0,275.0,275.0,275.0,3777.107544094253,16.0,4.0,5.0,53.0,3699.107544094253,100.0,18.0,25.0,80.0,3918.107544094253,1243.0,990.0261387310876,977.8813056179052,12.144833113182584,0.9165252437150344,0.648,988.4616134873728,0.28,0.28,0.28,0.28,10.30030786946756,10.30030786946756,10.30030786946756,10.30030786946756,,0.8843073049668488,0.8843073049668488,0.8843073049668488,0.8843073049668488,24.56545494702338,24.56545494702338,24.56545494702338,24.56545494702338,0.5282893536994275,0.5282893536994275,0.5282893536994275,0.5282893536994275,0.97,0.97,0.97,0.97,23.82849129861268,23.82849129861268,23.82849129861268,23.82849129861268,95.31396519445072,2287.5351646668173,0.0181858441927702,2.40691831299118e-05
1948-05-15,1948-05-26,3134.7263,1.0242753271445222,3210.822806441037,0.072,1948,5,15,1948.05,1947,8,228,33,0.2774150904765056,40.19403630777924,0.0125182978727908,0.1,1,Wet,71,14,18,24,213,340.0,0.1058918602789125,2870.822806441037,1100.0,,4,275.0,275.0,275.0,275.0,1770.8228064410368,29.0,4.0,7.0,56.0,1674.8228064410368,100.0,18.0,25.0,80.0,1887.8228064410368,1243.0,990.0,974.0076959469822,15.992304053017849,0.9262894125183112,0.648,988.4257105874816,0.28,0.28,0.28,0.28,14.138014640499565,14.138014640499565,14.138014640499565,14.138014640499565,,0.9358280878429974,0.9358280878429974,0.9358280878429974,0.9358280878429974,35.682551090734435,35.682551090734435,35.682551090734435,35.682551090734435,0.7673666901233211,0.7673666901233211,0.7673666901233211,0.7673666901233211,0.97,0.97,0.97,0.97,34.6120745580124,34.6120745580124,34.6120745580124,34.6120745580124,138.4482982320496,3322.7591575691904,0.0431192583889453,3.49616914727398e-05
1948-06-15,1948-06-26,1781.6326,0.9830968663905726,1751.5174261192883,0.201,1948,6,15,1948.06,1947,9,259,37,0.1513311056167065,50.172444797709424,0.0286451302450772,0.15,2,Mod_Wet,62,12,14,16,153,257.0,0.1467299132555115,1494.5174261192883,1100.0,,4,275.0,275.0,275.0,275.0,394.5174261192883,37.99999999999999,6.0,11.0,24.561396178632734,314.9560299406555,100.0,18.0,25.0,40.561396178632734,467.9560299406555,1243.0,990.0,970.2972101459238,19.702789854076173,0.9262894125183112,0.648,988.4257105874816,0.28,0.28,0.28,0.28,17.84850044155789,17.84850044155789,17.84850044155789,17.84850044155789,,0.9507576264350632,0.9507576264350632,0.9507576264350632,0.9507576264350632,45.765998856008,45.765998856008,45.765998856008,45.765998856008,0.9842150291614624,0.9842150291614624,0.9842150291614624,0.9842150291614624,0.98,0.98,0.98,0.98,44.85067887888784,44.85067887888784,44.85067887888784,44.85067887888784,179.40271551555136,4305.665172373233,0.1024270229003893,4.530371603928065e-05
1948-07-15,1948-07-26,955.5912,0.91769253620946,876.9389119074414,0.3720000000000001,1948,7,15,1948.07,1947,10,289,42,0.0757675219888029,14.923077787720104,0.0170172375579283,0.1,1,Wet,63,12,13,13,155,256.0,0.2919245531517937,620.9389119074414,620.9389119074414,,3,206.97963730248048,206.97963730248048,206.97963730248048,0.0,0.0,0.0,0.0,0.0,0.0,0.0,63.0,12.0,13.0,13.0,155.0,708.9389119074414,990.0,967.4077556476298,22.592244352370244,0.3294042231204104,0.2157871931541708,989.4548085837256,0.2219225103583486,0.2219225103583486,0.2219225103583486,0.01,21.825130425737377,21.825130425737377,21.825130425737377,22.037052936095723,,0.954627642349868,0.954627642349868,0.954627642349868,0.0,42.29189784285385,42.29189784285385,42.29189784285385,0.0,0.9095031794162118,0.9095031794162118,0.9095031794162118,0.0,0.98,0.98,0.98,0.96,41.446059885996775,41.446059885996775,41.446059885996775,0.0,124.33817965799032,2984.116311791768,0.1417865919389307,5.562283596019671e-05
1948-08-15,1948-08-26,536.8608,0.8801028281077824,472.4927083802066,0.5690000000000001,1948,8,15,1948.08,1947,11,320,46,0.0408233700040498,4.855778536465948,0.0102769385650679,0.15,2,Mod_Wet,54,9,8,6,107,184.0,0.3894239990089718,288.4927083802066,288.4927083802066,,2,144.2463541901033,144.2463541901033,0.0,0.0,0.0,0.0,0.0,0.0,0.0,0.0,54.0,9.0,8.0,6.0,107.0,359.4927083802066,990.0,965.7262171877107,24.27378281228914,0.1624078935372422,0.0351685583554575,989.8024235481072,0.1372325781566394,0.1372325781566394,0.01,0.01,23.938973782239803,23.938973782239803,24.06620636039644,24.06620636039644,,0.9384785029057916,0.9384785029057916,0.0,0.0,31.78142769308685,31.78142769308685,0.0,0.0,0.6834715632921904,0.6834715632921904,0.0,0.0,0.97,0.97,0.96,0.96,30.827984862294247,30.827984862294247,0.0,0.0,61.655969724588495,1479.743273390124,0.1304908385485073,5.936600045453764e-05
1948-09-15,1948-09-26,361.7746,0.9166247913690906,331.6115672476363,0.736,1948,9,15,1948.09,1947,12,351,51,0.0286512394101957,6.70947445536342,0.0202329324970531,0.2,2,Mod_Wet,46,7,6,4,75,138.0,0.4161495364754459,193.6115672476363,193.6115672476363,,1,193.6115672476363,0.0,0.0,0.0,0.0,0.0,0.0,0.0,0.0,0.0,46.0,7.0,6.0,4.0,75.0,252.6115672476363,990.0,965.0580578362382,24.94194216376184,0.1246862226489071,0.012206983216049,989.863106794135,0.203875615784309,0.01,0.01,0.01,24.601173342112507,24.79504895789681,24.79504895789681,24.79504895789681,,0.9529410765339534,0.0,0.0,0.0,44.51351285628584,0.0,0.0,0.0,0.9572798463717384,0.0,0.0,0.0,0.98,0.96,0.96,0.96,43.62324259916012,0.0,0.0,0.0,43.62324259916012,1046.9578223798428,0.1315492187478,6.258700118447353e-05
1948-10-15,1948-10-26,305.0513,0.9297058187130764,283.6079686159883,0.8130000000000001,1948,10,15,1948.1,1948,1,15,3,0.0245037284884213,0.0,0.0,0.17,2,Mod_Wet,41,6,4,3,56,110.0,0.3878593416708348,173.60796861598828,173.60796861598828,,1,173.60796861598828,0.0,0.0,0.0,0.0,0.0,0.0,0.0,0.0,0.0,41.0,6.0,4.0,3.0,56.0,224.60796861598828,990.0,964.834431874464,25.165568125536083,0.1148027686191975,0.010506677332359,989.8746905540484,0.1768707576315842,0.01,0.01,0.01,24.86338792195297,25.030258679584552,25.030258679584552,25.030258679584552,,0.9465851005582354,0.0,0.0,0.0,40.07082879766254,0.0,0.0,0.0,0.8617382537131729,0.0,0.0,0.0,0.9761738253713172,0.96,0.96,0.96,39.11609423321339,0.0,0.0,0.0,39.11609423321339,938.7862615971212,0.1379231141638953,6.258688364404666e-05
1948-11-15,1948-11-26,383.5279,0.9045977994923856,346.9384943839358,0.7120000000000001,1948,11,15,1948.11,1948,2,46,7,0.029975485914772,7.043816328897831,0.0203027811641531,0.08,1,Wet,42,7,6,3,56,114.0,0.3285885015510649,232.9384943839358,232.9384943839358,,1,232.9384943839358,0.0,0.0,0.0,0.0,0.0,0.0,0.0,0.0,0.0,42.0,7.0,6.0,3.0,56.0,287.9384943839358,990.0,965.1346924719196,24.865307528080397,0.1371541913177558,0.0155497720226345,989.8472960366596,0.2569669674183133,0.01,0.01,0.01,24.45563659732168,24.70260356473999,24.70260356473999,24.70260356473999,,0.957847031786291,0.0,0.0,0.0,53.512481856960974,0.0,0.0,0.0,1.1508060614400208,0.0,0.0,0.0,0.98,0.96,0.96,0.96,48.2,0.0,0.0,0.0,48.2,1156.8000000000002,0.1389295243400116,5.7478215115535805e-05
1948-12-15,1948-12-26,443.8904,0.9076618404997884,402.90237744418727,0.648,1948,12,15,1948.12,1948,3,76,11,0.0348107654111777,0.0,0.0,0.34,2,Mod_Wet,42,7,5,3,61,118.0,0.2928749161236859,284.90237744418727,284.90237744418727,,2,142.45118872209363,142.45118872209363,0.0,0.0,0.0,0.0,0.0,0.0,0.0,0.0,42.0,7.0,5.0,3.0,61.0,338.90237744418727,990.0,965.4130606984988,24.58693930150116,0.1551409268972898,0.0334739221536563,989.811385150949,0.1348091047748264,0.1348091047748264,0.01,0.01,24.26351534767537,24.26351534767537,24.388324452450195,24.388324452450195,,0.9372556798106731,0.9372556798106731,0.0,0.0,31.769953609571733,31.769953609571733,0.0,0.0,0.6832248088079943,0.6832248088079943,0.0,0.0,0.97,0.97,0.96,0.96,30.81685500128458,30.81685500128458,0.0,0.0,61.63371000256916,1479.2090400616598,0.1529743020965595,6.009242588390678e-05
1949-01-15,1949-01-26,488.9841,0.8998924733267547,440.0331111664572,0.609,1949,1,15,1949.01,1948,4,107,16,0.0380188608047818,0.0,0.0,0.86,4,Mod_Dry,34,5,4,3,45,91.0,0.2068026193728321,349.0331111664572,349.0331111664572,,2,174.5165555832286,174.5165555832286,0.0,0.0,0.0,0.0,0.0,0.0,0.0,0.0,34.0,5.0,4.0,3.0,45.0,392.0331111664572,990.0,965.580149000249,24.41985099975102,0.1738924113059503,0.0637436284705678,989.7623639602236,0.1780973500373586,0.1780973500373586,0.01,0.01,24.004117609937182,24.004117609937182,24.172214959974543,24.172214959974543,,0.9482393310553268,0.9482393310553268,0.0,0.0,38.95642034039653,38.95642034039653,0.0,0.0,0.8377724804386352,0.8377724804386352,0.0,0.0,0.9737772480438636,0.9737772480438636,0.96,0.96,37.93487579271133,37.93487579271133,0.0,0.0,75.86975158542265,1820.874038050144,0.1724182786706757,6.038089316374314e-05
1949-02-15,1949-02-26,587.589,0.8901106602929673,523.0192327708844,0.536,1949,2,15,1949.02,1948,5,138,20,0.0451888617114044,6.246230046971049,0.0119426393057849,0.98,5,Dry,31,6,4,3,41,85.0,0.16251792414914,438.0192327708844,438.0192327708844,,2,219.0096163854422,219.0096163854422,0.0,0.0,0.0,0.0,0.0,0.0,0.0,0.0,31.0,6.0,4.0,3.0,41.0,479.0192327708844,990.0,965.953586547469,24.046413452531056,0.2045925125234791,0.1057450778678574,989.6896624096088,0.2381629821203469,0.2381629821203469,0.01,0.01,23.49791288001938,23.49791288001938,23.726075862139727,23.726075862139727,,0.9574956777921322,0.9574956777921322,0.0,0.0,48.3245696860108,48.3245696860108,0.0,0.0,1.039238057763673,1.039238057763673,0.0,0.0,0.98,0.98,0.96,0.96,47.35807829229058,47.35807829229058,0.0,0.0,94.71615658458116,2273.187758029948,0.1810949782530709,6.006595493371643e-05
1949-03-15,1949-03-26,806.1332,0.8935666243082664,720.3337222668207,0.431,1949,3,15,1949.03,1948,6,166,24,0.0622368336038533,0.0,0.0,0.98,5,Dry,36,8,6,4,53,107.0,0.1485422613053312,613.3337222668207,613.3337222668207,,3,204.44457408894024,204.44457408894024,204.44457408894024,0.0,0.0,0.0,0.0,0.0,0.0,0.0,36.0,8.0,6.0,4.0,53.0,663.3337222668207,990.0,966.7813348890672,23.21866511093276,0.3034872429524045,0.2107069264742362,989.4858058305732,0.2185001750200693,0.2185001750200693,0.2185001750200693,0.01,22.48597076648602,22.48597076648602,22.48597076648602,22.694470941506086,,0.9549052485581568,0.9549052485581568,0.9549052485581568,0.0,43.051294092422,43.051294092422,43.051294092422,0.0,0.9258342815574624,0.9258342815574624,0.9258342815574624,0.0,0.98,0.98,0.98,0.96,42.19026821057356,42.19026821057356,42.19026821057356,0.0,126.57080463172068,3037.6993111612965,0.1757113414507578,5.732369763104187e-05
1949-04-15,1949-04-26,963.4877,0.9186515277026396,885.1094475277025,0.3670000000000001,1949,4,15,1949.04,1948,7,197,29,0.0764734562663935,0.0,0.0,0.99,5,Dry,40,10,8,5,62,125.0,0.1412254725663039,760.1094475277025,760.1094475277025,,3,253.3698158425675,253.3698158425675,253.3698158425675,0.0,0.0,0.0,0.0,0.0,0.0,0.0,40.0,10.0,8.0,5.0,62.0,818.1094475277025,990.0,967.4404377901108,22.55956220988924,0.4038755114161964,0.306892972603408,989.2892315159804,0.28,0.28,0.28,0.01,21.56879372586954,21.56879372586954,21.56879372586954,21.83879372586954,,0.9565291430573144,0.9565291430573144,0.9565291430573144,0.0,51.26460775360352,51.26460775360352,51.26460775360352,0.0,1.102464682873194,1.102464682873194,1.102464682873194,0.0,0.98,0.98,0.98,0.96,48.2,48.2,48.2,0.0,144.60000000000002,3470.4000000000005,0.1633696266647004,5.284326723909425e-05
1949-05-15,1949-05-26,806.1332,0.8935666243082664,720.3337222668207,0.431,1949,5,15,1949.05,1948,8,227,33,0.0622368336038533,8.163347965110006,0.0113327305285954,0.98,5,Dry,42,9,8,6,82,147.0,0.2040720786157354,573.3337222668207,573.3337222668207,,3,191.1112407556069,191.1112407556069,191.1112407556069,0.0,0.0,0.0,0.0,0.0,0.0,0.0,42.0,9.0,8.0,6.0,82.0,632.3337222668207,990.0,966.7813348890672,23.21866511093276,0.285870248230107,0.1839869264742362,989.5301428252956,0.2005001750200693,0.2005001750200693,0.2005001750200693,0.01,22.548307761208264,22.548307761208264,22.548307761208264,22.73880793622833,,0.9523457014113392,0.9523457014113392,0.9523457014113392,0.0,40.24699977524574,40.24699977524574,40.24699977524574,0.0,0.8655268768870051,0.8655268768870051,0.8655268768870051,0.0,0.9765526876887004,0.9765526876887004,0.9765526876887004,0.96,39.30331580192275,39.30331580192275,39.30331580192275,0.0,117.90994740576824,2829.838737738438,0.163687945963042,5.712687374950244e-05
1949-06-15,1949-06-26,458.6166,0.911126574868046,417.8577719356288,0.633,1949,6,15,1949.06,1948,9,258,37,0.0361029114952383,2.4311580009666045,0.0058181471406044,0.97,5,Dry,39,9,7,5,59,119.0,0.2847858960448676,298.8577719356288,298.8577719356288,,2,149.4288859678144,149.4288859678144,0.0,0.0,0.0,0.0,0.0,0.0,0.0,0.0,39.0,9.0,7.0,5.0,59.0,353.8577719356288,990.0,965.4803599737104,24.51964002628972,0.1604191496317538,0.0400608683536168,989.7995199820148,0.1442289960565494,0.1442289960565494,0.01,0.01,24.17493101224783,24.17493101224783,24.309160008304374,24.309160008304374,,0.9403843565386356,0.9403843565386356,0.0,0.0,33.315312975364215,33.315312975364215,0.0,0.0,0.7164583435562196,0.7164583435562196,0.0,0.0,0.97,0.97,0.96,0.96,32.31585358610329,32.31585358610329,0.0,0.0,64.63170717220657,1551.1609721329578,0.1546739381508096,6.007289646844644e-05
1949-07-15,1949-07-26,349.1046,0.9270188758292952,323.62655383883583,0.7509999999999999,1949,7,15,1949.07,1948,10,288,42,0.0279613342516754,0.0,0.0,0.97,5,Dry,37,8,6,4,53,108.0,0.3337179805516929,215.62655383883583,215.62655383883583,,1,215.62655383883583,0.0,0.0,0.0,0.0,0.0,0.0,0.0,0.0,0.0,37.0,8.0,6.0,4.0,53.0,266.62655383883583,990.0,965.0181327691942,24.981867230805847,0.1296325462575026,0.014078257076301,989.856289196666,0.2335958476824284,0.01,0.01,0.01,24.604560579789545,24.82815642747197,24.82815642747197,24.82815642747197,,0.9575062726059412,0.0,0.0,0.0,49.8193643992341,0.0,0.0,0.0,1.0713841806286903,0.0,0.0,0.0,0.98,0.96,0.96,0.96,48.2,0.0,0.0,0.0,48.2,1156.8000000000002,0.1489370987276999,6.209295029078863e-05
1949-08-15,1949-08-26,278.9403,0.9468161724841248,264.1051871975735,0.852,1949,8,15,1949.08,1948,11,319,46,0.0228186881738703,2.6808555159270213,0.0101507113297305,0.93,5,Dry,34,7,5,3,44,93.0,0.352132424913063,171.1051871975735,171.1051871975735,,1,171.1051871975735,0.0,0.0,0.0,0.0,0.0,0.0,0.0,0.0,0.0,34.0,7.0,5.0,3.0,44.0,217.1051871975735,990.0,964.7564207487904,25.243579251209667,0.1121547192080041,0.0102939409117937,989.8775513398804,0.1734920027167242,0.01,0.01,0.01,24.9476385883732,25.11113059108992,25.11113059108992,25.11113059108992,,0.945686549744156,0.0,0.0,0.0,39.589364586649054,0.0,0.0,0.0,0.8513841846591195,0.0,0.0,0.0,0.975138418465912,0.96,0.96,0.96,38.605110371095336,0.0,0.0,0.0,38.605110371095336,926.522648906288,0.1461732379463466,6.267280346893408e-05
1949-09-15,1949-09-26,224.6649,0.98159746285063,220.53049583159049,0.926,1949,9,15,1949.09,1948,12,350,50,0.0190538348398494,0.0,0.0,0.93,5,Dry,30,6,4,2,30,72.0,0.3264854582968119,148.53049583159049,148.53049583159049,,1,148.53049583159049,0.0,0.0,0.0,0.0,0.0,0.0,0.0,0.0,0.0,30.0,6.0,4.0,2.0,30.0,188.53049583159049,990.0,964.5231829749896,25.476817025010405,0.1020696152845935,0.0083750921456851,989.8895552925698,0.1430161693726471,0.01,0.01,0.01,25.22335614820751,25.35637231758016,25.35637231758016,25.35637231758016,,0.9381090193570129,0.0,0.0,0.0,34.467557904329475,0.0,0.0,0.0,0.7412378043941823,0.0,0.0,0.0,0.97,0.96,0.96,0.96,33.43353116719959,0.0,0.0,0.0,33.43353116719959,802.4047480127902,0.1516050242444986,6.252649961809077e-05
1949-10-15,1949-10-26,161.6793,1.0585027423930735,171.1379824381925,0.987,1949,10,15,1949.1,1949,1,15,3,0.0147863216826598,0.0,0.0,0.92,5,Dry,24,4,2,2,20,52.0,0.3038483874775146,119.1379824381925,119.1379824381925,,1,119.1379824381925,0.0,0.0,0.0,0.0,0.0,0.0,0.0,0.0,0.0,24.0,4.0,2.0,2.0,20.0,149.1379824381925,990.0,964.4577240351236,25.542275964876357,0.0881667241420305,0.0058767285072463,989.9059565473508,0.1033362762915598,0.01,0.01,0.01,25.34489623593548,25.438232512227035,25.438232512227035,25.438232512227035,,0.9243533719664389,0.0,0.0,0.0,27.372690570564348,0.0,0.0,0.0,0.588660012270201,0.0,0.0,0.0,0.97,0.96,0.96,0.96,26.551509853447417,0.0,0.0,0.0,26.551509853447417,637.236236482738,0.1551467971935257,6.190653268416463e-05
1949-11-15,1949-11-26,191.5433,1.0070581277156851,192.89523707448373,0.971,1949,11,15,1949.11,1949,2,46,7,0.0166661484832353,0.0,0.0,0.92,5,Dry,23,4,2,2,19,50.0,0.2592080590392868,142.89523707448373,142.89523707448373,,1,142.89523707448373,0.0,0.0,0.0,0.0,0.0,0.0,0.0,0.0,0.0,23.0,4.0,2.0,2.0,19.0,171.89523707448373,990.0,964.414209525851,25.585790474149007,0.0961984948176475,0.0078960951513311,989.8959054100312,0.135408570050553,0.01,0.01,0.01,25.34628731412956,25.47169588418011,25.47169588418011,25.47169588418011,,0.9356122823262762,0.0,0.0,0.0,33.23278368704825,0.0,0.0,0.0,0.7146835201515752,0.0,0.0,0.0,0.97,0.96,0.96,0.96,32.2358001764368,0.0,0.0,0.0,32.2358001764368,773.6592042344831,0.1671155839062496,6.266401260968314e-05
1949-12-15,1949-12-26,316.6956,0.9306200236043244,294.72326674738565,0.794,1949,12,15,1949.12,1949,3,76,11,0.0254640902469741,11.115298131397369,0.0377143557550363,0.8300000000000001,4,Mod_Dry,31,5,3,2,36,77.0,0.2612620335333027,217.72326674738565,217.72326674738565,,1,217.72326674738565,0.0,0.0,0.0,0.0,0.0,0.0,0.0,0.0,0.0,31.0,5.0,3.0,2.0,36.0,256.72326674738565,990.0,964.8788930669896,25.121106933010424,0.1261373689753568,0.0142564776735277,989.8596061533513,0.2364264101089706,0.01,0.01,0.01,24.74428667625259,24.97071308636156,24.97071308636156,24.97071308636156,,0.9579444452769846,0.0,0.0,0.0,50.61261813106938,0.0,0.0,0.0,1.0884434006681587,0.0,0.0,0.0,0.98,0.96,0.96,0.96,48.2,0.0,0.0,0.0,48.2,1156.8000000000002,0.1635432469650025,6.149498438503315e-05
1950-01-15,1950-01-26,666.0345,0.8753352736866753,583.0034913422678,0.493,1950,1,15,1950.01,1949,4,107,16,0.0503715016519719,11.111399301899494,0.0190588898126791,0.68,3,Normal,41,6,4,3,66,120.0,0.2058306713116247,463.0034913422678,463.0034913422678,,2,231.5017456711339,231.5017456711339,0.0,0.0,0.0,0.0,0.0,0.0,0.0,0.0,41.0,6.0,4.0,3.0,66.0,514.0034913422678,990.0,966.22351571104,23.776484288959864,0.2186243432724915,0.1175376479135504,989.663838008814,0.2550273566560307,0.2550273566560307,0.01,0.01,23.185294941117803,23.185294941117803,23.43032229777383,23.43032229777383,,0.9572462584160116,0.9572462584160116,0.0,0.0,50.38824961995796,50.38824961995796,0.0,0.0,1.083618271396945,1.083618271396945,0.0,0.0,0.98,0.98,0.96,0.96,48.2,48.2,0.0,0.0,96.4,2313.6000000000004,0.1653506392870052,5.7834937054465417e-05
1950-02-15,1950-02-26,1888.5499,0.9960254141200148,1881.0436962338129,0.188,1950,2,15,1950.02,1949,5,138,20,0.1625221753546014,135.07684756819367,0.0718095214048678,0.39,2,Mod_Wet,49,8,7,5,93,162.0,0.0861224012628484,1719.0436962338129,1100.0,,4,275.0,275.0,275.0,275.0,619.0436962338129,51.0,10.0,18.0,19.10628692079669,520.9374093130161,100.0,18.0,25.0,24.10628692079669,613.9374093130161,1243.0,990.0,970.7156796339862,19.284320366013844,0.9262894125183112,0.648,988.4257105874816,0.28,0.28,0.28,0.28,17.43003095349556,17.43003095349556,17.43003095349556,17.43003095349556,,0.9493976005988604,0.9493976005988604,0.9493976005988604,0.9493976005988604,44.62905402660308,44.62905402660308,44.62905402660308,44.62905402660308,0.9597646027226469,0.9597646027226469,0.9597646027226469,0.9597646027226469,0.98,0.98,0.98,0.98,43.73647294607102,43.73647294607102,43.73647294607102,43.73647294607102,174.94589178428407,4198.701402822818,0.0930046931576109,4.417825550108184e-05
1950-03-15,1950-03-26,4337.6663,0.9996331882875896,4336.075193196632,0.029,1950,3,15,1950.03,1949,6,166,24,0.3746368966921889,79.3401508131683,0.0182976879500738,0.08,1,Wet,68,14,17,21,195,315.0,0.0726463416718971,4021.075193196632,1100.0,,4,275.0,275.0,275.0,275.0,2921.0751931966324,32.0,4.0,8.0,59.0,2818.0751931966324,100.0,18.0,25.0,80.0,3013.0751931966324,1243.0,990.0,976.2950176035498,13.704982396450191,0.9262894125183112,0.648,988.4257105874816,0.28,0.28,0.28,0.28,11.850692983931909,11.850692983931909,11.850692983931909,11.850692983931909,,0.9185069298393193,0.9185069298393193,0.9185069298393193,0.9185069298393193,29.356047218508863,29.356047218508863,29.356047218508863,29.356047218508863,0.6313128434087928,0.6313128434087928,0.6313128434087928,0.6313128434087928,0.97,0.97,0.97,0.97,28.4753658019536,28.4753658019536,28.4753658019536,28.4753658019536,113.9014632078144,2733.635116987545,0.0262683321051552,2.876299575954909e-05
1950-04-15,1950-04-26,3550.5294,1.0250435165353269,3639.447141738064,0.05,1950,4,15,1950.04,1949,7,197,29,0.3144482330461688,0.0,0.0,0.29,2,Mod_Wet,70,14,18,25,168,295.0,0.0810562672052214,3344.447141738064,1100.0,,4,275.0,275.0,275.0,275.0,2244.447141738064,30.0,4.0,7.0,55.0,2148.447141738064,100.0,18.0,25.0,80.0,2316.447141738064,1243.0,990.0,974.9159713241592,15.08402867584084,0.9262894125183112,0.648,988.4257105874816,0.28,0.28,0.28,0.28,13.22973926332256,13.22973926332256,13.22973926332256,13.22973926332256,,0.9303784355799354,0.9303784355799354,0.9303784355799354,0.9303784355799354,33.19573691728365,33.19573691728365,33.19573691728365,33.19573691728365,0.7138868154254547,0.7138868154254547,0.7138868154254547,0.7138868154254547,0.97,0.97,0.97,0.97,32.19986480976514,32.19986480976514,32.19986480976514,32.19986480976514,128.79945923906055,3091.187021737453,0.035389841979557,3.252511596945974e-05
1950-05-15,1950-05-26,2498.0517,1.0179830997411152,2542.9744128795624,0.122,1950,5,15,1950.05,1949,8,227,33,0.2197129892727941,73.92431345968589,0.0290700185913302,0.27,2,Mod_Wet,65,14,17,23,202,321.0,0.1262301336475157,2221.9744128795624,1100.0,,4,275.0,275.0,275.0,275.0,1121.9744128795624,35.00000000000003,4.0,8.0,57.0,1017.9744128795622,100.0,18.0,25.0,80.0,1219.9744128795624,1243.0,990.0,972.4106278931577,17.58937210684246,0.9262894125183112,0.648,988.4257105874816,0.28,0.28,0.28,0.28,15.73508269432418,15.73508269432418,15.73508269432418,15.73508269432418,,0.9439403307772968,0.9439403307772968,0.9439403307772968,0.9439403307772968,40.057603650400175,40.057603650400175,40.057603650400175,40.057603650400175,0.8614538419440898,0.8614538419440898,0.8614538419440898,0.8614538419440898,0.976145384194409,0.976145384194409,0.976145384194409,0.976145384194409,39.10204490522724,39.10204490522724,39.10204490522724,39.10204490522724,156.40817962090895,3753.796310901815,0.0615059981841494,3.949701505578509e-05
1950-06-15,1950-06-26,1294.7235,0.9135144469019452,1182.7486219934508,0.279,1950,6,15,1950.06,1949,9,258,37,0.1021894809402341,25.388933237095213,0.0214660433882423,0.45,3,Normal,53,12,12,13,120,210.0,0.1775525213853623,972.7486219934508,972.7486219934508,,4,243.1871554983627,243.1871554983627,243.1871554983627,243.1871554983627,0.0,0.0,0.0,0.0,0.0,0.0,53.0,12.0,12.0,13.0,120.0,1049.7486219934508,990.0,968.4743528119794,21.52564718802057,0.6248354296500459,0.4098103330448301,988.9653542373052,0.2708026599227897,0.2708026599227897,0.2708026599227897,0.2708026599227897,20.22019876540296,20.22019876540296,20.22019876540296,20.22019876540296,,0.9551304973905242,0.9551304973905242,0.9551304973905242,0.9551304973905242,46.06037454561589,46.06037454561589,46.06037454561589,46.06037454561589,0.99054568915303,0.99054568915303,0.99054568915303,0.99054568915303,0.98,0.98,0.98,0.98,45.13916705470358,45.13916705470358,45.13916705470358,45.13916705470358,180.5566682188143,4333.360037251543,0.1526585318818609,5.1559703017620334e-05
1950-07-15,1950-07-26,611.0679,0.8869861279741288,542.0087505502821,0.523,1950,7,15,1950.07,1949,10,288,42,0.0468295560475443,6.169405374467146,0.0113824829732058,0.5,3,Normal,50,10,9,9,108,186.0,0.3431678913138595,356.0087505502821,356.0087505502821,,2,178.00437527514106,178.00437527514106,0.0,0.0,0.0,0.0,0.0,0.0,0.0,0.0,50.0,10.0,9.0,9.0,108.0,425.0087505502821,990.0,966.0390393774762,23.96096062252377,0.185530537573953,0.0670361302597331,989.7474333321665,0.1828059066214404,0.1828059066214404,0.01,0.01,23.52558804806867,23.52558804806867,23.698393954690108,23.698393954690108,,0.9493299635280362,0.9493299635280362,0.0,0.0,38.98764951537365,38.98764951537365,0.0,0.0,0.8384440755994332,0.8384440755994332,0.0,0.0,0.9738444075599432,0.9738444075599432,0.96,0.96,37.96790444445376,37.96790444445376,0.0,0.0,75.93580888890752,1822.4594133337805,0.1401007065140786,5.924933085019655e-05
1950-08-15,1950-08-26,396.9661,0.9077571128687334,360.34880084276085,0.7000000000000001,1950,8,15,1950.08,1949,11,319,46,0.0311341363928145,10.015944453110476,0.0277951374603878,0.47,3,Normal,47,8,6,5,89,155.0,0.4301387978466859,205.34880084276085,205.34880084276085,,1,205.34880084276085,0.0,0.0,0.0,0.0,0.0,0.0,0.0,0.0,0.0,47.0,8.0,6.0,5.0,89.0,266.34880084276085,990.0,965.2017440042138,24.798255995786235,0.1295345186073936,0.0132046480716346,989.8572608333208,0.2197208811377271,0.01,0.01,0.01,24.435795947969385,24.645516829107112,24.645516829107112,24.645516829107112,,0.9557783468324158,0.0,0.0,0.0,47.034285151703074,0.0,0.0,0.0,1.0114900032624317,0.0,0.0,0.0,0.98,0.96,0.96,0.96,46.09359944866901,0.0,0.0,0.0,46.09359944866901,1106.2463867680565,0.1279138416469493,6.235136300812565e-05
1950-09-15,1950-09-26,282.5805,0.9441063439037743,266.78604271350054,0.847,1950,9,15,1950.09,1949,12,350,50,0.0230503140904464,4.4864682269540594,0.0168167276718146,0.56,3,Normal,40,6,4,3,65,118.0,0.4423019990094433,148.78604271350054,148.78604271350054,,1,148.78604271350054,0.0,0.0,0.0,0.0,0.0,0.0,0.0,0.0,0.0,40.0,6.0,4.0,3.0,65.0,198.7860427135005,990.0,964.767144170854,25.232855829145933,0.1056891292384948,0.0083968136306475,989.8859140571308,0.1433611576632257,0.01,0.01,0.01,24.9754087286136,25.10876988627682,25.10876988627682,25.10876988627682,,0.9387039961717976,0.0,0.0,0.0,34.2091405538016,0.0,0.0,0.0,0.7356804420172386,0.0,0.0,0.0,0.97,0.96,0.96,0.96,33.18286633718755,0.0,0.0,0.0,33.18286633718755,796.3887920925011,0.1243800687610272,6.195112594794896e-05
1950-10-15,1950-10-26,215.3008,0.9720099401276424,209.2745177174335,0.939,1950,10,15,1950.1,1950,1,15,3,0.0180813183307862,2.776931496248324,0.0132693245529194,0.7000000000000001,4,Mod_Dry,31,4,3,2,33,73.0,0.3488241224790015,136.2745177174335,136.2745177174335,,1,136.2745177174335,0.0,0.0,0.0,0.0,0.0,0.0,0.0,0.0,0.0,31.0,4.0,3.0,2.0,33.0,174.2745177174335,990.0,964.4556471063046,25.544352893695415,0.0970382198548949,0.0073333340059818,989.8956284461392,0.1264705989185352,0.01,0.01,0.01,25.31351074091597,25.4299813398345,25.4299813398345,25.4299813398345,,0.9330196895946052,0.0,0.0,0.0,31.56432771748273,0.0,0.0,0.0,0.6788027466125317,0.0,0.0,0.0,0.97,0.96,0.96,0.96,30.617397885958244,0.0,0.0,0.0,30.617397885958244,734.8175492629979,0.1463025609610934,6.240956041197932e-05
1950-11-15,1950-11-26,224.6649,0.98159746285063,220.53049583159049,0.926,1950,11,15,1950.11,1950,2,46,7,0.0190538348398494,0.0,0.0,0.7000000000000001,4,Mod_Dry,29,4,2,2,30,67.0,0.3038128570262,153.53049583159049,153.53049583159049,,1,153.53049583159049,0.0,0.0,0.0,0.0,0.0,0.0,0.0,0.0,0.0,29.0,4.0,2.0,2.0,30.0,188.53049583159049,990.0,964.5231829749896,25.476817025010405,0.1020696152845935,0.0088000921456851,989.8891302925698,0.1497661693726471,0.01,0.01,0.01,25.21618114820756,25.35594731758021,25.35594731758021,25.35594731758021,,0.939808074053543,0.0,0.0,0.0,35.682217776721934,0.0,0.0,0.0,0.7673595220800415,0.0,0.0,0.0,0.97,0.96,0.96,0.96,34.61175124342027,0.0,0.0,0.0,34.61175124342027,830.6820298420865,0.156947687043935,6.262192597841051e-05
1950-12-15,1950-12-26,420.0154,0.9067213782142306,380.8369423592014,0.675,1950,12,15,1950.12,1950,3,76,11,0.032904311819835,16.15442477869425,0.0424182188802933,0.68,3,Normal,38,5,4,3,54,104.0,0.2730827512576453,276.8369423592014,276.8369423592014,,2,138.4184711796007,138.4184711796007,0.0,0.0,0.0,0.0,0.0,0.0,0.0,0.0,38.0,5.0,4.0,3.0,54.0,323.8369423592014,990.0,965.304184711796,24.695815288204017,0.1498238674231537,0.029667036793543,989.8205090957832,0.1293649360924609,0.1293649360924609,0.01,0.01,24.38695944789489,24.38695944789489,24.50632438398735,24.50632438398735,,0.9353468885953532,0.9353468885953532,0.0,0.0,30.9644314158379,30.9644314158379,0.0,0.0,0.6659017508782344,0.6659017508782344,0.0,0.0,0.97,0.97,0.96,0.96,30.03549847336276,30.03549847336276,0.0,0.0,60.07099694672552,1441.7039267214125,0.1577341645865521,6.027514932998419e-05
1951-01-15,1951-01-26,685.0236,0.878477532975807,601.777842158206,0.482,1951,1,15,1951.01,1950,4,107,16,0.051993605562469,7.017221854852892,0.0116608179352141,0.59,3,Normal,41,6,4,3,66,120.0,0.1994091367166893,481.777842158206,481.777842158206,,2,240.888921079103,240.888921079103,0.0,0.0,0.0,0.0,0.0,0.0,0.0,0.0,41.0,6.0,4.0,3.0,66.0,532.777842158206,990.0,966.3071113686328,23.69288863136717,0.2292936219576187,0.1263991414986732,989.6443072365436,0.267700043456789,0.267700043456789,0.01,0.01,23.069495824454066,23.069495824454066,23.32719586791085,23.32719586791085,,0.9560974174213844,0.9560974174213844,0.0,0.0,52.10696453755799,52.10696453755799,0.0,0.0,1.1205798825281288,1.1205798825281288,0.0,0.0,0.98,0.98,0.96,0.96,48.2,48.2,0.0,0.0,96.4,2313.6000000000004,0.1601920064957404,5.5581173384442426e-05
1951-02-15,1951-02-26,955.5912,0.91769253620946,876.9389119074414,0.3720000000000001,1951,2,15,1951.02,1950,5,138,20,0.0757675219888029,42.24534420070495,0.0481736454239629,0.68,3,Normal,43,7,5,4,78,137.0,0.1562252491476396,739.9389119074414,739.9389119074414,,3,246.6463039691471,246.6463039691471,246.6463039691471,0.0,0.0,0.0,0.0,0.0,0.0,0.0,43.0,7.0,5.0,4.0,78.0,794.9389119074414,990.0,967.4077556476298,22.592244352370244,0.3826741565460072,0.2952791931541708,989.3220466502996,0.2754725103583486,0.2754725103583486,0.2754725103583486,0.01,21.63881849231164,21.63881849231164,21.63881849231164,21.904291002669986,,0.956798743170399,0.956798743170399,0.956798743170399,0.0,50.08036109029168,50.08036109029168,50.08036109029168,0.0,1.0769970126944448,1.0769970126944448,1.0769970126944448,0.0,0.98,0.98,0.98,0.96,48.2,48.2,48.2,0.0,144.60000000000002,3470.4000000000005,0.1648917593193335,5.428376048385344e-05
1951-03-15,1951-03-26,4216.6162,0.9976583455247472,4206.742341804848,0.032,1951,3,15,1951.03,1950,6,166,24,0.3634625383319389,26.24052545994892,0.0062377306066933,0.2,2,Mod_Wet,59,11,12,13,144,239.0,0.0568135579935376,3967.742341804848,1100.0,,4,275.0,275.0,275.0,275.0,2867.7423418048484,41.0,7.0,13.0,67.0,2739.7423418048484,100.0,18.0,25.0,80.0,2883.7423418048484,1243.0,990.0,976.0583384855028,13.941661514497127,0.9262894125183112,0.648,988.4257105874816,0.28,0.28,0.28,0.28,12.087372101978843,12.087372101978843,12.087372101978843,12.087372101978843,,0.9207863489178096,0.9207863489178096,0.9207863489178096,0.9207863489178096,30.016645567401604,30.016645567401604,30.016645567401604,30.016645567401604,0.645519259514013,0.645519259514013,0.645519259514013,0.645519259514013,0.97,0.97,0.97,0.97,29.116146200379557,29.116146200379557,29.116146200379557,29.116146200379557,116.4645848015182,2795.1500352364374,0.0276852194260014,2.941024868725208e-05
1951-04-15,1951-04-26,2891.2138,1.0178660401524815,2942.868341840209,0.091,1951,4,15,1951.04,1950,7,197,29,0.254263824734994,20.68500280827766,0.0070288577012395,0.45,3,Normal,54,13,14,19,117,217.0,0.0737375834707941,2725.868341840209,1100.0,,4,275.0,275.0,275.0,275.0,1625.8683418402088,46.0,5.0,11.0,61.0,1502.8683418402088,100.0,18.0,25.0,80.0,1619.8683418402088,1243.0,990.0,973.3758891009936,16.624110899006382,0.9262894125183112,0.648,988.4257105874816,0.28,0.28,0.28,0.28,14.7698214864881,14.7698214864881,14.7698214864881,14.7698214864881,,0.9396189289189286,0.9396189289189286,0.9396189289189286,0.9396189289189286,37.42815305862136,37.42815305862136,37.42815305862136,37.42815305862136,0.8049065173897068,0.8049065173897068,0.8049065173897068,0.8049065173897068,0.9704906517389706,0.9704906517389706,0.9704906517389706,0.9704906517389706,36.32367265524739,36.32367265524739,36.32367265524739,36.32367265524739,145.29469062098957,3487.0725749037497,0.0493717943664904,3.669057843964383e-05
1951-05-15,1951-05-26,2600.3529,1.0174076948207036,2645.619049709331,0.113,1951,5,15,1951.05,1950,8,227,33,0.2285814858948862,25.785642416059545,0.0097465439776344,0.35,2,Mod_Wet,65,14,17,23,202,321.0,0.121332661267036,2324.619049709331,1100.0,,4,275.0,275.0,275.0,275.0,1224.6190497093312,34.99999999999997,4.0,8.0,57.0,1120.6190497093312,100.0,18.0,25.0,80.0,1322.6190497093312,1243.0,990.0,972.6583908096432,17.341609190356735,0.9262894125183112,0.648,988.4257105874816,0.28,0.28,0.28,0.28,15.487319777838453,15.487319777838453,15.487319777838453,15.487319777838453,,0.9429492791113536,0.9429492791113536,0.9429492791113536,0.9429492791113536,39.38546631473056,39.38546631473056,39.38546631473056,39.38546631473056,0.8469992755856035,0.8469992755856035,0.8469992755856035,0.8469992755856035,0.9746999275585604,0.9746999275585604,0.9746999275585604,0.9746999275585604,38.389011163828,38.389011163828,38.389011163828,38.389011163828,153.55604465531198,3685.3450717274873,0.0580416310020835,3.877677895336161e-05
1951-06-15,1951-06-26,1689.8676,0.97387137230227,1645.7136786211431,0.213,1951,6,15,1951.06,1950,9,258,37,0.1421896618328668,31.998624695598888,0.0194436159286279,0.19,2,Mod_Wet,62,12,14,16,153,257.0,0.1561632520520378,1388.7136786211431,1100.0,,4,275.0,275.0,275.0,275.0,288.7136786211431,37.99999999999999,6.000000000000002,11.000000000000002,17.97439244333965,215.73928617780348,100.0,18.0,25.0,33.97439244333965,368.7392861778035,1243.0,990.0,969.9553826540068,20.04461734599317,0.9262894125183112,0.648,988.4257105874816,0.28,0.28,0.28,0.28,18.19032793347489,18.19032793347489,18.19032793347489,18.19032793347489,,0.9514879099168436,0.9514879099168436,0.9514879099168436,0.9514879099168436,46.67831776540711,46.67831776540711,46.67831776540711,46.67831776540711,1.0038347906539162,1.0038347906539162,1.0038347906539162,1.0038347906539162,0.98,0.98,0.98,0.98,45.74475141009896,45.74475141009896,45.74475141009896,45.74475141009896,182.97900564039583,4391.496135369501,0.1111852006928108,4.620681960616057e-05
1951-07-15,1951-07-26,856.6266,0.8970607168566745,768.4460718744957,0.407,1951,7,15,1951.07,1950,10,288,42,0.0663937406099564,25.80876411858151,0.0335856543005358,0.16,2,Mod_Wet,58,11,11,11,136,227.0,0.2954013408465625,541.4460718744957,541.4460718744957,,2,270.72303593724786,270.72303593724786,0.0,0.0,0.0,0.0,0.0,0.0,0.0,0.0,58.0,11.0,11.0,11.0,136.0,621.4460718744957,990.0,966.973784287498,23.026215712502108,0.2796829037301132,0.1626859760121631,989.5576311202576,0.28,0.28,0.01,0.01,22.30384683275983,22.30384683275983,22.57384683275983,22.57384683275983,,0.9519568161581188,0.9519568161581188,0.0,0.0,56.371674160703,56.371674160703,0.0,0.0,1.2122940679721077,1.2122940679721077,0.0,0.0,0.98,0.98,0.96,0.96,48.2,48.2,0.0,0.0,96.4,2313.6000000000004,0.1254479702978354,4.945603850273149e-05
1951-08-15,1951-08-26,509.9149,0.8935905892579125,455.65515596238953,0.59,1951,8,15,1951.08,1950,11,319,46,0.0393686054751504,0.0,0.0,0.19,2,Mod_Wet,54,9,8,6,107,184.0,0.4038141511015573,271.6551559623896,271.6551559623896,,1,271.6551559623896,0.0,0.0,0.0,0.0,0.0,0.0,0.0,0.0,0.0,54.0,9.0,8.0,6.0,107.0,342.6551559623896,990.0,965.6504482018308,24.349551798169276,0.1564653988731724,0.0272212336142478,989.8163133675126,0.28,0.01,0.01,0.01,23.885865165681903,24.155865165681902,24.155865165681902,24.155865165681902,,0.9387256476942544,0.0,0.0,0.0,59.73602387725043,0.0,0.0,0.0,1.2846456747795791,0.0,0.0,0.0,0.98,0.96,0.96,0.96,48.2,0.0,0.0,0.0,48.2,1156.8000000000002,0.1057817504516036,4.928634187507404e-05
1951-09-15,1951-09-26,357.5196,0.9208048873506705,329.2057950036568,0.742,1951,9,15,1951.09,1950,12,350,50,0.0284433806883159,2.40577224397947,0.0073078064860697,0.23,2,Mod_Wet,46,7,6,4,75,138.0,0.419190676757276,191.2057950036568,191.2057950036568,,1,191.2057950036568,0.0,0.0,0.0,0.0,0.0,0.0,0.0,0.0,0.0,46.0,7.0,6.0,4.0,75.0,250.2057950036568,990.0,965.0460289750184,24.953971024981684,0.1238371509805281,0.0120024925753108,989.864160356444,0.2006278232549367,0.01,0.01,0.01,24.61750355817088,24.808131381425813,24.808131381425813,24.808131381425813,,0.9522138700909036,0.0,0.0,0.0,43.95600991073065,0.0,0.0,0.0,0.9452905357146376,0.0,0.0,0.0,0.98,0.96,0.96,0.96,43.07688971251604,0.0,0.0,0.0,43.07688971251604,1033.8453531003847,0.1308509460231024,6.258075335892551e-05
1951-10-15,1951-10-26,275.3297,0.9493451834369376,261.382924552137,0.855,1951,10,15,1951.1,1951,1,15,3,0.0225834846813046,2.7222626454365013,0.0104148450022162,0.35,2,Mod_Wet,41,6,4,3,56,110.0,0.4208385080566299,151.382924552137,151.382924552137,,1,151.382924552137,0.0,0.0,0.0,0.0,0.0,0.0,0.0,0.0,0.0,41.0,6.0,4.0,3.0,56.0,202.382924552137,990.0,964.7455316982084,25.254468301791466,0.1069586090249198,0.0086175485869316,989.8844238423882,0.1468669481453849,0.01,0.01,0.01,24.99202519603425,25.128892144179638,25.128892144179638,25.128892144179638,,0.9395961843187952,0.0,0.0,0.0,34.86248055563996,0.0,0.0,0.0,0.7497307646374185,0.0,0.0,0.0,0.97,0.96,0.96,0.96,33.81660613897076,0.0,0.0,0.0,33.81660613897076,811.5985473352982,0.1293757279551193,6.205126326539219e-05
1951-11-15,1951-11-26,349.1046,0.9270188758292952,323.62655383883583,0.7509999999999999,1951,11,15,1951.11,1951,2,46,7,0.0279613342516754,0.0,0.0,0.19,2,Mod_Wet,40,6,4,3,53,106.0,0.3275380179488837,217.62655383883583,217.62655383883583,,1,217.62655383883583,0.0,0.0,0.0,0.0,0.0,0.0,0.0,0.0,0.0,40.0,6.0,4.0,3.0,53.0,267.62655383883583,990.0,965.0181327691942,24.981867230805847,0.1299854772843294,0.014248257076301,989.8557662656394,0.2362958476824284,0.01,0.01,0.01,24.60133764876285,24.82763349644528,24.82763349644528,24.82763349644528,,0.9578467768698976,0.0,0.0,0.0,50.29274593080272,0.0,0.0,0.0,1.0815644286194133,0.0,0.0,0.0,0.98,0.96,0.96,0.96,48.2,0.0,0.0,0.0,48.2,1156.8000000000002,0.1489370987276999,6.1522312662287e-05
1951-12-15,1951-12-26,576.0661,0.8889914195501405,512.1178199937132,0.544,1951,12,15,1951.12,1951,3,76,11,0.0442469796474568,17.43673680299952,0.0340482914717038,0.22,2,Mod_Wet,42,7,5,3,61,118.0,0.2304157273836879,394.1178199937132,394.1178199937132,,2,197.05890999685656,197.05890999685656,0.0,0.0,0.0,0.0,0.0,0.0,0.0,0.0,42.0,7.0,5.0,3.0,61.0,448.1178199937132,990.0,965.9045301899716,24.09546981002836,0.1936864451816342,0.0850236110370326,989.7212899437814,0.2085295284957564,0.2085295284957564,0.01,0.01,23.608230225313964,23.608230225313964,23.80675975380972,23.80675975380972,,0.9542074024500484,0.9542074024500484,0.0,0.0,43.53524459253416,43.53524459253416,0.0,0.0,0.9362418191942832,0.9362418191942832,0.0,0.0,0.98,0.98,0.96,0.96,42.66453970068348,42.66453970068348,0.0,0.0,85.32907940136695,2047.897905632807,0.1666200160783596,6.014070121547247e-05
1952-01-15,1952-01-26,1601.139,0.9548448794010084,1528.8393753592509,0.226,1952,1,15,1952.01,1951,4,107,16,0.1320917220310392,17.768175729386712,0.0116220029492709,0.02,1,Wet,49,8,7,5,81,150.0,0.0981136425563035,1378.8393753592509,1100.0,,4,275.0,275.0,275.0,275.0,278.8393753592509,50.99999999999999,9.999999999999998,13.012504183431709,9.294645845308365,195.5322253305108,100.0,18.0,20.01250418343171,14.294645845308365,276.5322253305108,1238.0125041834317,990.0,969.5777887511608,20.42221124883929,0.9133701309675112,0.648,988.4386298690324,0.28,0.28,0.28,0.28,18.5808411178717,18.5808411178717,18.5808411178717,18.5808411178717,,0.9519760513973397,0.9519760513973397,0.9519760513973397,0.9519760513973397,47.70487763091416,47.70487763091416,47.70487763091416,47.70487763091416,1.0259113469013796,1.0259113469013796,1.0259113469013796,1.0259113469013796,0.98,0.98,0.98,0.98,46.75078007829587,46.75078007829587,46.75078007829587,46.75078007829587,187.00312031318347,4488.074887516404,0.1223170486888074,4.722301018009684e-05
1952-02-15,1952-02-26,3304.0166,1.0414612372122911,3441.005216005948,0.061,1952,2,15,1952.02,1951,5,138,20,0.2973028506629138,23.772157198494824,0.0069084920557277,0.04,1,Wet,55,10,10,8,114,197.0,0.0572507124033547,3244.005216005948,1100.0,,4,275.0,275.0,275.0,275.0,2144.005216005948,45.0,8.0,15.0,72.0,2004.005216005948,100.0,18.0,25.0,80.0,2118.005216005948,1243.0,990.0,974.4954634339172,15.50453656608272,0.9262894125183112,0.648,988.4257105874816,0.28,0.28,0.28,0.28,13.650247153564438,13.650247153564438,13.650247153564438,13.650247153564438,,0.9329014829213866,0.9329014829213866,0.9329014829213866,0.9329014829213866,34.34374821996255,34.34374821996255,34.34374821996255,34.34374821996255,0.738575230536829,0.738575230536829,0.738575230536829,0.738575230536829,0.97,0.97,0.97,0.97,33.31343577336367,33.31343577336367,33.31343577336367,33.31343577336367,133.2537430934547,3198.0898342429127,0.0387252371701212,3.3649935124609775e-05
1952-03-15,1952-03-26,5753.2628,1.026443120707377,5905.397022681663,0.0069999999999999,1952,3,15,1952.03,1951,6,167,24,0.5102263027596956,59.783883435005926,0.0101236010390809,0.05,1,Wet,68,14,17,21,195,315.0,0.0533410368160068,5590.397022681663,0.0,,0,275.0,275.0,275.0,275.0,5590.397022681663,1132.0,4.0,7.999999999999972,59.0,4387.397022681663,1200.0,18.0,25.0,80.0,4582.397022681663,1243.0,990.0801501157232,978.9043114149296,11.17583870079352,0.8963491963350024,0.648,988.5358009193882,0.28,0.28,0.28,0.28,9.3514895044585,9.3514895044585,9.3514895044585,9.3514895044585,1.0,0.8129490685997742,0.8129490685997742,0.8129490685997742,0.8129490685997742,20.502910783622468,20.502910783622468,20.502910783622468,20.502910783622468,0.4409228125510208,0.4409228125510208,0.4409228125510208,0.4409228125510208,0.964092281255102,0.964092281255102,0.964092281255102,0.964092281255102,19.76669802975242,19.76669802975242,19.76669802975242,19.76669802975242,79.06679211900968,1897.603010856232,0.013388903712202,inf
1952-04-15,1952-04-26,3443.512,1.0251582385453473,3530.1446963297662,0.054,1952,4,15,1952.04,1951,7,198,29,0.3050045017628918,6.907504381124909,0.0019567199011152,0.25,2,Mod_Wet,70,14,18,25,168,295.0,0.083565979691061,3235.1446963297662,1100.0,,4,275.0,275.0,275.0,275.0,2135.1446963297662,30.0,4.0,7.0,55.0,2039.1446963297665,100.0,18.0,25.0,80.0,2207.1446963297667,1243.0,990.0,974.6843542374606,15.31564576253936,0.9262894125183112,0.648,988.4257105874816,0.28,0.28,0.28,0.28,13.46135635002108,13.46135635002108,13.46135635002108,13.46135635002108,,0.9317681381001266,0.9317681381001266,0.9317681381001266,0.9317681381001266,33.82735725074418,33.82735725074418,33.82735725074418,33.82735725074418,0.7274700484031006,0.7274700484031006,0.7274700484031006,0.7274700484031006,0.97,0.97,0.97,0.97,32.81253653322185,32.81253653322185,32.81253653322185,32.81253653322185,131.2501461328874,3150.003507189298,0.0371798204955581,3.314397629618369e-05
1952-05-15,1952-05-26,1769.9945,0.9864250135611264,1745.9668486656192,0.202,1952,5,15,1952.05,1951,8,228,33,0.1508515357247095,61.82716372198479,0.0354114190479831,0.65,3,Normal,55,13,13,17,178,276.0,0.1580786028159338,1469.9668486656192,1100.0,,4,275.0,275.0,275.0,275.0,369.9668486656192,45.000000000000014,5.0,12.0,22.78781314244756,285.17903552317165,100.0,18.0,25.0,39.78781314244756,463.1790355231717,1243.0,990.0,970.2792775110736,19.720722488926413,0.9262894125183112,0.648,988.4257105874816,0.28,0.28,0.28,0.28,17.86643307640813,17.86643307640813,17.86643307640813,17.86643307640813,,0.9508159074983265,0.9508159074983265,0.9508159074983265,0.9508159074983265,45.81478884314367,45.81478884314367,45.81478884314367,45.81478884314367,0.985264276196638,0.985264276196638,0.985264276196638,0.985264276196638,0.98,0.98,0.98,0.98,44.89849306628079,44.89849306628079,44.89849306628079,44.89849306628079,179.59397226512317,4310.255334362956,0.102862189166066,4.535201319826343e-05
1952-06-15,1952-06-26,909.0679,0.9012241447918772,819.2739407352476,0.39,1952,6,15,1952.06,1951,9,259,37,0.0707852684795253,24.25261365112385,0.0296025693547125,0.79,4,Mod_Dry,45,10,9,9,88,161.0,0.1965154657006574,658.2739407352476,658.2739407352476,,3,219.4246469117492,219.4246469117492,219.4246469117492,0.0,0.0,0.0,0.0,0.0,0.0,0.0,45.0,10.0,9.0,9.0,88.0,722.2739407352476,990.0,967.177095762941,22.822904237058992,0.3369823886843184,0.2407269924111454,989.4222906189044,0.2387232733308614,0.2387232733308614,0.2387232733308614,0.01,22.006471582632656,22.006471582632656,22.006471582632656,22.23519485596352,,0.9563662477958318,0.9563662477958318,0.9563662477958318,0.0,45.28962904846939,45.28962904846939,45.28962904846939,0.0,0.9739705171713848,0.9739705171713848,0.9739705171713848,0.0,0.98,0.98,0.98,0.96,44.3838364675,44.3838364675,44.3838364675,0.0,133.1515094025,3195.6362256600005,0.1625237942793649,5.6187140490890286e-05
1952-07-15,1952-07-26,542.3552,0.8801399653154843,477.3484869166725,0.5650000000000001,1952,7,15,1952.07,1951,10,289,42,0.0412429092696005,8.676539474635831,0.0181765307997099,0.68,3,Normal,50,10,9,9,108,186.0,0.3896524344330199,291.3484869166725,291.3484869166725,,2,145.67424345833626,145.67424345833626,0.0,0.0,0.0,0.0,0.0,0.0,0.0,0.0,50.0,10.0,9.0,9.0,108.0,360.3484869166725,990.0,965.748068191125,24.25193180887504,0.1627099243348534,0.0365164858246694,989.8007735898404,0.1391602286687539,0.1391602286687539,0.01,0.01,23.91354517004673,23.91354517004673,24.042705398715487,24.042705398715487,,0.9391014842129358,0.9391014842129358,0.0,0.0,32.083220976258524,32.083220976258524,0.0,0.0,0.6899617414249145,0.6899617414249145,0.0,0.0,0.97,0.97,0.96,0.96,31.120724346970768,31.120724346970768,0.0,0.0,62.241448693941535,1493.7947686545967,0.1303899570227539,5.934230682590601e-05
1952-08-15,1952-08-26,406.0875,0.9120318780949216,370.3647452958713,0.6890000000000001,1952,8,15,1952.08,1951,11,320,46,0.0319995139935632,2.645380086578029,0.0071426347139621,0.54,3,Normal,47,8,6,5,89,155.0,0.4185063561494656,215.36474529587127,215.36474529587127,,1,215.36474529587127,0.0,0.0,0.0,0.0,0.0,0.0,0.0,0.0,0.0,47.0,8.0,6.0,5.0,89.0,276.3647452958713,990.0,965.2518237264792,24.7481762735207,0.1330694561678698,0.014056003350149,989.852874540482,0.2332424061494262,0.01,0.01,0.01,24.36780840785332,24.591050814002745,24.591050814002745,24.591050814002745,,0.957361037456024,0.0,0.0,0.0,49.27260586619733,0.0,0.0,0.0,1.059625932606394,0.0,0.0,0.0,0.98,0.96,0.96,0.96,48.2,0.0,0.0,0.0,48.2,1156.8000000000002,0.1301419765574467,6.216843369835223e-05
1952-09-15,1952-09-26,305.0513,0.9297058187130764,283.6079686159883,0.8130000000000001,1952,9,15,1952.09,1951,12,351,51,0.0245037284884213,0.0,0.0,0.48,3,Normal,40,6,4,3,65,118.0,0.4160672937923501,165.60796861598828,165.60796861598828,,1,165.60796861598828,0.0,0.0,0.0,0.0,0.0,0.0,0.0,0.0,0.0,40.0,6.0,4.0,3.0,65.0,215.60796861598828,990.0,964.834431874464,25.165568125536083,0.1116262873422345,0.009826677332359,989.8785470353254,0.1660707576315842,0.01,0.01,0.01,24.878044403229868,25.03411516086145,25.03411516086145,25.03411516086145,,0.9441269279341368,0.0,0.0,0.0,38.147541373469,0.0,0.0,0.0,0.820377233838043,0.0,0.0,0.0,0.9720377233838042,0.96,0.96,0.96,37.080849269356285,0.0,0.0,0.0,37.080849269356285,889.9403824645508,0.1307468526018907,6.219649932449028e-05
1952-10-15,1952-10-26,234.2817,0.966268687364318,226.3790707324809,0.913,1952,10,15,1952.1,1952,1,15,3,0.0195591517112863,0.0,0.0,0.44,3,Normal,37,5,3,2,50,97.0,0.4284848404322142,129.3790707324809,129.3790707324809,,1,129.3790707324809,0.0,0.0,0.0,0.0,0.0,0.0,0.0,0.0,0.0,37.0,5.0,3.0,2.0,50.0,174.3790707324809,990.0,964.5582744243948,25.44172557560512,0.0970751199930585,0.0067472210122608,989.8961776589948,0.1171617454888492,0.01,0.01,0.01,25.22074148911097,25.32790323459982,25.32790323459982,25.32790323459982,,0.9303829182500531,0.0,0.0,0.0,29.772980010065798,0.0,0.0,0.0,0.640279140001415,0.0,0.0,0.0,0.97,0.96,0.96,0.96,28.87979060976382,0.0,0.0,0.0,28.87979060976382,693.1149746343317,0.1275727058880454,6.200511421863031e-05
1952-11-15,1952-11-26,344.9443,0.9283094176295976,320.2150422476492,0.757,1952,11,15,1952.11,1952,2,46,7,0.0276665796501968,8.399472167787906,0.0262307232940415,0.23,2,Mod_Wet,40,6,4,3,53,106.0,0.3310275471632007,214.2150422476492,214.2150422476492,,1,214.2150422476492,0.0,0.0,0.0,0.0,0.0,0.0,0.0,0.0,0.0,40.0,6.0,4.0,3.0,53.0,264.2150422476492,990.0,965.0010752112382,24.99892478876177,0.1287814489954205,0.0139582785910501,989.8572602724136,0.2316903070343264,0.01,0.01,0.01,24.624494754141,24.846185061175323,24.846185061175323,24.846185061175323,,0.957271744287736,0.0,0.0,0.0,49.52120819082123,0.0,0.0,0.0,1.0649722191574458,0.0,0.0,0.0,0.98,0.96,0.96,0.96,48.2,0.0,0.0,0.0,48.2,1156.8000000000002,0.1505238469176063,6.250209485013802e-05
1952-12-15,1952-12-26,443.8904,0.9076618404997884,402.90237744418727,0.648,1952,12,15,1952.12,1952,3,76,11,0.0348107654111777,0.0,0.0,0.3,2,Mod_Wet,42,7,5,3,61,118.0,0.2928749161236859,284.90237744418727,284.90237744418727,,2,142.45118872209363,142.45118872209363,0.0,0.0,0.0,0.0,0.0,0.0,0.0,0.0,42.0,7.0,5.0,3.0,61.0,338.90237744418727,990.0,965.4130606984988,24.58693930150116,0.1551409268972898,0.0334739221536563,989.811385150949,0.1348091047748264,0.1348091047748264,0.01,0.01,24.26351534767537,24.26351534767537,24.388324452450195,24.388324452450195,,0.9372556798106731,0.9372556798106731,0.0,0.0,31.769953609571733,31.769953609571733,0.0,0.0,0.6832248088079943,0.6832248088079943,0.0,0.0,0.97,0.97,0.96,0.96,30.81685500128458,30.81685500128458,0.0,0.0,61.63371000256916,1479.2090400616598,0.1529743020965595,6.009242588390678e-05
1953-01-15,1953-01-26,672.3268,0.8764068829576366,589.2318351168824,0.488,1953,1,15,1953.01,1952,4,107,16,0.0509096305540986,25.30429113900493,0.0429445417421912,0.53,3,Normal,41,6,4,3,66,120.0,0.203654984079732,469.2318351168824,469.2318351168824,,2,234.6159175584412,234.6159175584412,0.0,0.0,0.0,0.0,0.0,0.0,0.0,0.0,41.0,6.0,4.0,3.0,66.0,520.2318351168824,990.0,966.251543258026,23.74845674197411,0.2221638497049443,0.1204774261751685,989.6573587241198,0.2592314887038956,0.2592314887038956,0.01,0.01,23.146583977390044,23.146583977390044,23.39581546609394,23.39581546609394,,0.9568315852007894,0.9568315852007894,0.0,0.0,50.95872837277488,50.95872837277488,0.0,0.0,1.095886631672578,1.095886631672578,0.0,0.0,0.98,0.98,0.96,0.96,48.2,48.2,0.0,0.0,96.4,2313.6000000000004,0.1636028372107181,5.70672656323662e-05
1953-02-15,1953-02-26,1003.5869,0.9213790990341242,924.6839937244496,0.353,1953,2,15,1953.02,1952,5,138,20,0.0798926970577924,0.0,0.0,0.52,3,Normal,43,7,5,4,78,137.0,0.1481587233365966,787.6839937244496,787.6839937244496,,3,262.5613312414832,262.5613312414832,262.5613312414832,0.0,0.0,0.0,0.0,0.0,0.0,0.0,43.0,7.0,5.0,4.0,78.0,842.6839937244496,990.0,967.5987359748976,22.40126402510225,0.4263615550377129,0.3202390529626336,989.2533993919996,0.28,0.28,0.28,0.01,21.374663417101917,21.374663417101917,21.374663417101917,21.644663417101917,,0.955975468315026,0.955975468315026,0.955975468315026,0.0,52.6157175720353,52.6157175720353,52.6157175720353,0.0,1.1315208080007593,1.1315208080007593,1.1315208080007593,0.0,0.98,0.98,0.98,0.96,48.2,48.2,48.2,0.0,144.60000000000002,3470.4000000000005,0.1563777474049042,5.0993376768701895e-05
1953-03-15,1953-03-26,4038.4235,0.9996429456641102,4036.981563379165,0.036,1953,3,15,1953.03,1952,6,166,24,0.3487952070759598,210.317941521148,0.0520978206660673,0.2,2,Mod_Wet,59,11,12,13,144,239.0,0.0592026483767105,3797.981563379165,1100.0,,4,275.0,275.0,275.0,275.0,2697.981563379165,41.0,6.999999999999986,13.0,67.0,2569.981563379165,100.0,18.0,25.0,80.0,2713.981563379165,1243.0,990.0,975.7476762609838,14.25232373901622,0.9262894125183112,0.648,988.4257105874816,0.28,0.28,0.28,0.28,12.398034326497935,12.398034326497935,12.398034326497935,12.398034326497935,,0.9235823089384816,0.9235823089384816,0.9235823089384816,0.9235823089384816,30.881602835166515,30.881602835166515,30.881602835166515,30.881602835166515,0.6641204910788497,0.6641204910788497,0.6641204910788497,0.6641204910788497,0.97,0.97,0.97,0.97,29.95515475011152,29.95515475011152,29.95515475011152,29.95515475011152,119.82061900044609,2875.6948560107057,0.029680744665118,3.0257732070819717e-05
1953-04-15,1953-04-26,4624.4124,1.0010095903033338,4629.081161917657,0.022,1953,4,15,1953.04,1952,7,197,29,0.3999526123896856,73.72461423771256,0.0159264034608482,0.12,2,Mod_Wet,70,14,18,25,168,295.0,0.0637275497407335,4334.081161917657,1100.0,,4,275.0,275.0,275.0,275.0,3234.0811619176566,30.0,4.0,7.0,55.0,3138.0811619176566,100.0,18.0,25.0,80.0,3306.0811619176566,1243.0,990.0,976.8312185263092,13.168781473690728,0.9262894125183112,0.648,988.4257105874816,0.28,0.28,0.28,0.28,11.314492061172446,11.314492061172446,11.314492061172446,11.314492061172446,,0.9131449206117244,0.9131449206117244,0.9131449206117244,0.9131449206117244,27.864173333218723,27.864173333218723,27.864173333218723,27.864173333218723,0.5992295340477145,0.5992295340477145,0.5992295340477145,0.5992295340477145,0.97,0.97,0.97,0.97,27.02824813322216,27.02824813322216,27.02824813322216,27.02824813322216,108.11299253288864,2594.7118207893272,0.0233551732517261,2.7301260740628444e-05
1953-05-15,1953-05-26,3218.6702,1.035277591399259,3332.217132164571,0.067,1953,5,15,1953.05,1952,8,227,33,0.2879035602190189,72.88438100085115,0.0218726385796793,0.12,2,Mod_Wet,65,14,17,23,202,321.0,0.0963322578536417,3011.217132164571,1100.0,,4,275.0,275.0,275.0,275.0,1911.217132164571,35.0,4.0,8.0,57.0,1807.2171321645708,100.0,18.0,25.0,80.0,2009.2171321645708,1243.0,990.0,974.2649363038726,15.73506369612744,0.9262894125183112,0.648,988.4257105874816,0.28,0.28,0.28,0.28,13.880774283609158,13.880774283609158,13.880774283609158,13.880774283609158,,0.934284645701655,0.934284645701655,0.934284645701655,0.934284645701655,34.975529421084595,34.975529421084595,34.975529421084595,34.975529421084595,0.7521619230340773,0.7521619230340773,0.7521619230340773,0.7521619230340773,0.97,0.97,0.97,0.97,33.926263538452055,33.926263538452055,33.926263538452055,33.926263538452055,135.70505415380822,3256.921299691397,0.0407251534853179,3.4268953069143494e-05
1953-06-15,1953-06-26,1816.8359,0.9916635128780744,1801.689870916998,0.196,1953,6,15,1953.06,1952,9,258,37,0.1556660048472286,6.1041414706060095,0.0033880089848644,0.14,2,Mod_Wet,62,12,14,16,153,257.0,0.1426438612707501,1544.689870916998,1100.0,,4,275.0,275.0,275.0,275.0,444.689870916998,37.99999999999999,6.000000000000004,11.0,27.684972508451235,362.0048984085467,100.0,18.0,25.0,43.68497250845124,515.0048984085468,1243.0,990.0,970.4593057368088,19.5406942631912,0.9262894125183112,0.648,988.4257105874816,0.28,0.28,0.28,0.28,17.686404850672915,17.686404850672915,17.686404850672915,17.686404850672915,,0.950230815764687,0.950230815764687,0.950230815764687,0.950230815764687,45.32523512825901,45.32523512825901,45.32523512825901,45.32523512825901,0.974736239317398,0.974736239317398,0.974736239317398,0.974736239317398,0.98,0.98,0.98,0.98,44.41873042569383,44.41873042569383,44.41873042569383,44.41873042569383,177.67492170277532,4264.198120866608,0.0986157077146384,4.48674044703978e-05
1953-07-15,1953-07-26,878.8611,0.9037319275970654,794.2548359930772,0.399,1953,7,15,1953.07,1952,10,288,42,0.0686236178298018,25.019104742170388,0.0315000974603929,0.11,2,Mod_Wet,58,11,11,11,136,227.0,0.2858024776344938,567.2548359930772,567.2548359930772,,3,189.08494533102572,189.08494533102572,189.08494533102572,0.0,0.0,0.0,0.0,0.0,0.0,0.0,58.0,11.0,11.0,11.0,136.0,647.2548359930772,990.0,967.0770193439724,22.92298065602768,0.2943497702225671,0.1799262304433755,989.525723999334,0.1977646761968848,0.1977646761968848,0.1977646761968848,0.01,22.25093997916489,22.25093997916489,22.25093997916489,22.43870465536178,,0.95174012763949,0.95174012763949,0.95174012763949,0.0,39.270135035298914,39.270135035298914,39.270135035298914,0.0,0.8445190330171809,0.8445190330171809,0.8445190330171809,0.0,0.974451903301718,0.974451903301718,0.974451903301718,0.96,38.266857828062506,38.266857828062506,38.266857828062506,0.0,114.80057348418752,2755.2137636205,0.1445387151349848,5.621644130053968e-05
1953-08-15,1953-08-26,525.9775,0.8881694527338079,467.1571483252964,0.58,1953,8,15,1953.08,1952,11,319,46,0.0403623776153056,5.335560054910161,0.011421338780831,0.18,2,Mod_Wet,54,9,8,6,107,184.0,0.3938717424310393,283.1571483252964,283.1571483252964,,2,141.5785741626482,141.5785741626482,0.0,0.0,0.0,0.0,0.0,0.0,0.0,0.0,54.0,9.0,8.0,6.0,107.0,354.1571483252964,990.0,965.7022071674638,24.29779283253617,0.1605248088483668,0.0326501740095399,989.8068250171422,0.1336310751195751,0.1336310751195751,0.01,0.01,23.97098677455876,23.97098677455876,24.094617849678333,24.094617849678333,,0.9373184663445968,0.9373184663445968,0.0,0.0,31.196747602250085,31.196747602250085,0.0,0.0,0.6708977978978513,0.6708977978978513,0.0,0.0,0.97,0.97,0.96,0.96,30.26084517418258,30.26084517418258,0.0,0.0,60.52169034836516,1452.520568360764,0.1295531719151217,5.937190973900538e-05
1953-09-15,1953-09-26,357.5196,0.9208048873506705,329.2057950036568,0.742,1953,9,15,1953.09,1952,12,350,50,0.0284433806883159,2.40577224397947,0.0073078064860697,0.25,2,Mod_Wet,46,7,6,4,75,138.0,0.419190676757276,191.2057950036568,191.2057950036568,,1,191.2057950036568,0.0,0.0,0.0,0.0,0.0,0.0,0.0,0.0,0.0,46.0,7.0,6.0,4.0,75.0,250.2057950036568,990.0,965.0460289750184,24.953971024981684,0.1238371509805281,0.0120024925753108,989.864160356444,0.2006278232549367,0.01,0.01,0.01,24.61750355817088,24.808131381425813,24.808131381425813,24.808131381425813,,0.9522138700909036,0.0,0.0,0.0,43.95600991073065,0.0,0.0,0.0,0.9452905357146376,0.0,0.0,0.0,0.98,0.96,0.96,0.96,43.07688971251604,0.0,0.0,0.0,43.07688971251604,1033.8453531003847,0.1308509460231024,6.258075335892551e-05
1953-10-15,1953-10-26,282.5805,0.9441063439037743,266.78604271350054,0.847,1953,10,15,1953.1,1953,1,15,3,0.0230503140904464,0.0,0.0,0.23,2,Mod_Wet,41,6,4,3,56,110.0,0.4123154228054132,156.78604271350054,156.78604271350054,,1,156.78604271350054,0.0,0.0,0.0,0.0,0.0,0.0,0.0,0.0,0.0,41.0,6.0,4.0,3.0,56.0,207.7860427135005,990.0,964.767144170854,25.232855829145933,0.1088655983223408,0.0090768136306475,989.882057588047,0.1541611576632257,0.01,0.01,0.01,24.960752259529727,25.10491341719295,25.10491341719295,25.10491341719295,,0.941299043588926,0.0,0.0,0.0,36.12695726825082,0.0,0.0,0.0,0.7769238122204477,0.0,0.0,0.0,0.97,0.96,0.96,0.96,35.04314855020329,0.0,0.0,0.0,35.04314855020329,841.035565204879,0.131353005553727,6.208593419504574e-05
1953-11-15,1953-11-26,297.4406,0.927655743202664,275.9224808516464,0.8220000000000001,1953,11,15,1953.11,1953,2,46,7,0.0238397023455822,2.1580433947750066,0.007821194518526,0.31,2,Mod_Wet,40,6,4,3,53,106.0,0.3841658703300525,169.9224808516464,169.9224808516464,,1,169.9224808516464,0.0,0.0,0.0,0.0,0.0,0.0,0.0,0.0,0.0,40.0,6.0,4.0,3.0,53.0,219.9224808516464,990.0,964.8036899234066,25.196310076593363,0.1131490614906563,0.0101934108723899,989.876657527637,0.1718953491497226,0.01,0.01,0.01,24.90107225508065,25.06296760423037,25.06296760423037,25.06296760423037,,0.9454022421619312,0.0,0.0,0.0,39.23053366706223,0.0,0.0,0.0,0.8436673906895104,0.0,0.0,0.0,0.974366739068951,0.96,0.96,0.96,38.22492716111013,0.0,0.0,0.0,38.22492716111013,917.398251866643,0.138535022746705,6.24875253075009e-05
1953-12-15,1953-12-26,564.6867,0.8760275090430032,494.6810831907137,0.5529999999999999,1953,12,15,1953.12,1953,3,76,11,0.0427404455876776,8.656056799405293,0.0174982571469548,0.09,1,Wet,44,8,6,4,64,126.0,0.2547095578979789,368.6810831907137,368.6810831907137,,2,184.34054159535685,184.34054159535685,0.0,0.0,0.0,0.0,0.0,0.0,0.0,0.0,44.0,8.0,6.0,4.0,64.0,426.6810831907137,990.0,965.8260648743582,24.173935125641837,0.1861207556499364,0.0730174712660168,989.740861773084,0.1913597311537317,0.1913597311537317,0.01,0.01,23.72343716757224,23.72343716757224,23.90479689872597,23.90479689872597,,0.9509295439889518,0.9509295439889518,0.0,0.0,40.78359553221481,40.78359553221481,0.0,0.0,0.8770665705852647,0.8770665705852647,0.0,0.0,0.9777066570585264,0.9777066570585264,0.96,0.96,39.8743928506288,39.8743928506288,0.0,0.0,79.74878570125759,1913.970856830182,0.1612125234037141,6.008564442974796e-05
1954-01-15,1954-01-26,901.4559,0.907115570001353,817.7246825595828,0.391,1954,1,15,1954.01,1953,4,107,16,0.0706514125731479,23.46984656650557,0.0287014041120074,0.22,2,Mod_Wet,46,7,6,4,76,139.0,0.1699838624962527,678.7246825595828,678.7246825595828,,3,226.24156085319427,226.24156085319427,226.24156085319427,0.0,0.0,0.0,0.0,0.0,0.0,0.0,46.0,7.0,6.0,4.0,76.0,737.7246825595828,990.0,967.1708987302384,22.829101269761736,0.3457628931093149,0.2543880879498013,989.3998490189408,0.2479261071518123,0.2479261071518123,0.2479261071518123,0.01,21.98102418155085,21.98102418155085,21.98102418155085,22.21895028870266,,0.9570130639601978,0.9570130639601978,0.9570130639601978,0.0,46.67419949476386,46.67419949476386,46.67419949476386,0.0,1.0037462256938463,1.0037462256938463,1.0037462256938463,0.0,0.98,0.98,0.98,0.96,45.74071550486858,45.74071550486858,45.74071550486858,0.0,137.22214651460575,3293.331516350538,0.1678097157163984,5.616012486385103e-05
1954-02-15,1954-02-26,1112.7189,0.9371977043562544,1042.8375986738165,0.321,1954,2,15,1954.02,1953,5,138,20,0.0901011685254177,0.0,0.0,0.34,2,Mod_Wet,49,8,7,5,93,162.0,0.1553453770807808,880.8375986738165,880.8375986738165,,4,220.20939966845413,220.20939966845413,220.20939966845413,220.20939966845413,0.0,0.0,0.0,0.0,0.0,0.0,49.0,8.0,7.0,5.0,93.0,944.8375986738164,990.0,968.0346324529748,21.965367547025156,0.519833491349224,0.3653253977581271,989.1148411108926,0.239782689552413,0.239782689552413,0.239782689552413,0.239782689552413,20.840425968365334,20.840425968365334,20.840425968365334,20.840425968365334,,0.9548651325417482,0.9548651325417482,0.9548651325417482,0.9548651325417482,42.975721742286055,42.975721742286055,42.975721742286055,42.975721742286055,0.9242090697265818,0.9242090697265818,0.9242090697265818,0.9242090697265818,0.98,0.98,0.98,0.98,42.116207307440334,42.116207307440334,42.116207307440334,42.116207307440334,168.46482922976134,4043.155901514272,0.1615446445774482,5.312646277544392e-05
1954-03-15,1954-03-26,2024.6043,1.0084233130046596,2041.65817572948,0.172,1954,3,15,1954.03,1953,6,166,24,0.176399266383027,69.81142988611873,0.0341934956184206,0.55,3,Normal,49,9,9,9,107,183.0,0.0896330258294165,1858.65817572948,1100.0,,4,275.0,275.0,275.0,275.0,758.65817572948,51.0,9.0,16.0,37.31105782276131,645.3471179067187,100.0,18.0,25.0,46.31105782276131,752.3471179067187,1243.0,990.0,971.200554217278,18.79944578272193,0.9262894125183112,0.648,988.4257105874816,0.28,0.28,0.28,0.28,16.945156370203648,16.945156370203648,16.945156370203648,16.945156370203648,,0.9478354691106108,0.9478354691106108,0.9478354691106108,0.9478354691106108,43.31615814812002,43.31615814812002,43.31615814812002,43.31615814812002,0.9315302827552692,0.9315302827552692,0.9315302827552692,0.9315302827552692,0.98,0.98,0.98,0.98,42.449834985157615,42.449834985157615,42.449834985157615,42.449834985157615,169.79933994063046,4075.184158575131,0.0831673695230405,4.28786211971289e-05
1954-04-15,1954-04-26,3641.2927,1.0362111948982793,3773.148259641381,0.046,1954,4,15,1954.04,1953,7,197,29,0.3260000096330153,29.96635810714588,0.0079420038771532,0.3,2,Mod_Wet,70,14,18,25,168,295.0,0.0781840467694842,3478.148259641381,1100.0,,4,275.0,275.0,275.0,275.0,2378.148259641381,30.0,4.0,7.0,55.0,2282.148259641381,100.0,18.0,25.0,80.0,2450.148259641381,1243.0,990.0,975.1992903597162,14.8007096402838,0.9262894125183112,0.648,988.4257105874816,0.28,0.28,0.28,0.28,12.946420227765516,12.946420227765516,12.946420227765516,12.946420227765516,,0.9285177820498896,0.9285177820498896,0.9285177820498896,0.9285177820498896,32.41987367859341,32.41987367859341,32.41987367859341,32.41987367859341,0.6972015844858798,0.6972015844858798,0.6972015844858798,0.6972015844858798,0.97,0.97,0.97,0.97,31.447277468235608,31.447277468235608,31.447277468235608,31.447277468235608,125.78910987294245,3018.9386369506183,0.0333379716928743,3.176492673559152e-05
1954-05-15,1954-05-26,2314.871,1.0053953122300698,2327.3604518173347,0.14,1954,5,15,1954.05,1953,8,227,33,0.2010839430370177,18.30006131948221,0.0078630112087676,0.4,2,Mod_Wet,65,14,17,23,202,321.0,0.137924488554983,2006.3604518173347,1100.0,,4,275.0,275.0,275.0,275.0,906.3604518173348,35.0,4.0,8.0,57.0,802.3604518173348,100.0,18.0,25.0,80.0,1004.3604518173348,1243.0,990.0,971.8901804009384,18.109819599061552,0.9262894125183112,0.648,988.4257105874816,0.28,0.28,0.28,0.28,16.255530186543268,16.255530186543268,16.255530186543268,16.255530186543268,,0.9457665905596296,0.9457665905596296,0.9457665905596296,0.9457665905596296,41.46259700719784,41.46259700719784,41.46259700719784,41.46259700719784,0.8916687528429643,0.8916687528429643,0.8916687528429643,0.8916687528429643,0.9791668752842964,0.9791668752842964,0.9791668752842964,0.9791668752842964,40.59880155270993,40.59880155270993,40.59880155270993,40.59880155270993,162.39520621083972,3897.484949060153,0.0697765600012805,4.100889045728276e-05
1954-06-15,1954-06-26,1275.7375,0.914516856089578,1166.683447695578,0.283,1954,6,15,1954.06,1953,9,258,37,0.1008014498808979,19.97864892864981,0.0171243099129515,0.48,3,Normal,53,12,12,13,120,210.0,0.179997410964208,956.683447695578,956.683447695578,,4,239.1708619238945,239.1708619238945,239.1708619238945,239.1708619238945,0.0,0.0,0.0,0.0,0.0,0.0,53.0,12.0,12.0,13.0,120.0,1033.683447695578,990.0,968.423862264186,21.57613773581386,0.601292595421951,0.4020347886846597,988.9966726158934,0.2653806635972576,0.2653806635972576,0.2653806635972576,0.2653806635972576,20.30742968811003,20.30742968811003,20.30742968811003,20.30742968811003,,0.9550918454230396,0.9550918454230396,0.9550918454230396,0.9550918454230396,45.49326045927074,45.49326045927074,45.49326045927074,45.49326045927074,0.978349687296145,0.978349687296145,0.978349687296145,0.978349687296145,0.98,0.98,0.98,0.98,44.58339525008533,44.58339525008533,44.58339525008533,44.58339525008533,178.3335810003413,4280.005944008191,0.1528551565144633,5.178003858303517e-05
1954-07-15,1954-07-26,653.5614,0.8750395785925671,571.8920920403683,0.4970000000000001,1954,7,15,1954.07,1953,10,288,42,0.0494114767522878,11.111399301899494,0.0194291885769163,0.43,3,Normal,50,10,9,9,108,186.0,0.32523618107115,385.8920920403683,385.8920920403683,,2,192.94604602018416,192.94604602018416,0.0,0.0,0.0,0.0,0.0,0.0,0.0,0.0,50.0,10.0,9.0,9.0,108.0,454.8920920403683,990.0,966.1735144141816,23.826485585818432,0.1960772959710641,0.0811410674430538,989.722781636586,0.2029771621272486,0.2029771621272486,0.01,0.01,23.346290060277163,23.346290060277163,23.53926722240441,23.53926722240441,,0.9530925116190296,0.9530925116190296,0.0,0.0,42.10440330281021,42.10440330281021,0.0,0.0,0.905471038770112,0.905471038770112,0.0,0.0,0.98,0.98,0.96,0.96,41.262315236754006,41.262315236754006,0.0,0.0,82.52463047350801,1980.5911313641925,0.144301051932858,5.940393425441146e-05
1954-08-15,1954-08-26,453.6742,0.9119592484433596,413.7323824701425,0.64,1954,8,15,1954.08,1953,11,319,46,0.0357464778454203,0.0,0.0,0.39,2,Mod_Wet,54,9,8,6,107,184.0,0.4447319276810018,229.7323824701425,229.7323824701425,,1,229.7323824701425,0.0,0.0,0.0,0.0,0.0,0.0,0.0,0.0,0.0,54.0,9.0,8.0,6.0,107.0,300.7323824701425,990.0,965.4617957211155,24.538204278884336,0.1416695513771275,0.0152772525099621,989.8430531961128,0.2526387163346923,0.01,0.01,0.01,24.12861875866256,24.37125747499725,24.37125747499725,24.37125747499725,,0.9575608508246128,0.0,0.0,0.0,52.05467740645545,0.0,0.0,0.0,1.119455428095816,0.0,0.0,0.0,0.98,0.96,0.96,0.96,48.2,0.0,0.0,0.0,48.2,1156.8000000000002,0.1165004288816537,5.828037277517458e-05
1954-09-15,1954-09-26,332.6514,0.9289857410847936,309.0284073518941,0.77,1954,9,15,1954.09,1953,12,350,50,0.0267000543952036,0.0,0.0,0.36,2,Mod_Wet,46,7,6,4,75,138.0,0.4465608879861257,171.0284073518941,171.0284073518941,,1,171.0284073518941,0.0,0.0,0.0,0.0,0.0,0.0,0.0,0.0,0.0,46.0,7.0,6.0,4.0,75.0,230.0284073518941,990.0,964.9451420367594,25.05485796324058,0.1167158710811451,0.0102874146249109,989.872996714294,0.173388349925057,0.01,0.01,0.01,24.75446632760941,24.917854677534468,24.917854677534468,24.917854677534468,,0.9459777449496656,0.0,0.0,0.0,39.2772830356969,0.0,0.0,0.0,0.8446727534558472,0.0,0.0,0.0,0.9744672753455847,0.96,0.96,0.96,38.27442698277292,0.0,0.0,0.0,38.27442698277292,918.58624758655,0.1238540731926609,6.21638559208318e-05
1954-10-15,1954-10-26,231.0479,0.97240029822707,224.67104686473823,0.918,1954,10,15,1954.1,1954,1,15,3,0.0194115784491133,0.0,0.0,0.44,3,Normal,37,5,3,2,50,97.0,0.431742324405504,127.67104686473824,127.67104686473824,,1,127.67104686473824,0.0,0.0,0.0,0.0,0.0,0.0,0.0,0.0,0.0,37.0,5.0,3.0,2.0,50.0,172.67104686473823,990.0,964.5480262811884,25.451973718811587,0.0964723031668007,0.0066020389835027,989.8969256578496,0.1148559132673966,0.01,0.01,0.01,25.23404346339388,25.33889937666128,25.33889937666128,25.33889937666128,,0.929676227518698,0.0,0.0,0.0,29.37309376258582,0.0,0.0,0.0,0.6316794357545338,0.0,0.0,0.0,0.97,0.96,0.96,0.96,28.49190094970825,0.0,0.0,0.0,28.49190094970825,683.8056227929978,0.1268160777603961,6.199069503095313e-05
1954-11-15,1954-11-26,271.7487,0.9523418217225876,258.7976520087449,0.862,1954,11,15,1954.11,1954,2,46,7,0.0223601171335555,0.0,0.0,0.54,3,Normal,36,5,3,2,47,93.0,0.3593541103566793,165.79765200874488,165.79765200874488,,1,165.79765200874488,0.0,0.0,0.0,0.0,0.0,0.0,0.0,0.0,0.0,36.0,5.0,3.0,2.0,47.0,209.79765200874488,990.0,964.735190608035,25.264809391964945,0.109575580462664,0.0098428004207433,989.8805816191166,0.1663268302118056,0.01,0.01,0.01,24.979064180869724,25.135391011081527,25.135391011081527,25.135391011081527,,0.9440163278462678,0.0,0.0,0.0,38.341821872024056,0.0,0.0,0.0,0.8245553090757861,0.0,0.0,0.0,0.9724555309075786,0.96,0.96,0.96,37.285716744522965,0.0,0.0,0.0,37.285716744522965,894.8572018685511,0.1440728555885934,6.246857789999938e-05
1954-12-15,1954-12-26,504.6303,0.897830776149602,453.0726139176065,0.595,1954,12,15,1954.12,1954,3,76,11,0.0391454738424812,0.0,0.0,0.47,3,Normal,38,5,4,3,54,104.0,0.2295437790881638,349.0726139176065,349.0726139176065,,2,174.53630695880324,174.53630695880324,0.0,0.0,0.0,0.0,0.0,0.0,0.0,0.0,38.0,5.0,4.0,3.0,54.0,396.0726139176065,990.0,965.6388267626292,24.36117323737085,0.175318077159783,0.0637622737691102,989.7609196490712,0.1781240143943843,0.1781240143943843,0.01,0.01,23.94396887204753,23.94396887204753,24.11209288644192,24.11209288644192,,0.9482724574585868,0.9482724574585868,0.0,0.0,38.86456022895671,38.86456022895671,0.0,0.0,0.835796994171112,0.835796994171112,0.0,0.0,0.9735796994171112,0.9735796994171112,0.96,0.96,37.83774686568589,37.83774686568589,0.0,0.0,75.67549373137177,1816.2118495529223,0.1670272963025166,6.021947767549104e-05
1955-01-15,1955-01-26,987.4235,0.9179659771125324,906.4211780013768,0.357,1955,1,15,1955.01,1954,4,107,16,0.0783147897793189,7.632500378514464,0.0084204788720226,0.17,2,Mod_Wet,46,7,6,4,76,139.0,0.1533503446008284,767.4211780013768,767.4211780013768,,3,255.80705933379227,255.80705933379227,255.80705933379227,0.0,0.0,0.0,0.0,0.0,0.0,0.0,46.0,7.0,6.0,4.0,76.0,826.4211780013768,990.0,967.5256847120056,22.4743152879945,0.4114808577165919,0.3104318501526664,989.2780872921307,0.28,0.28,0.28,0.01,21.472402580125248,21.472402580125248,21.472402580125248,21.742402580125248,,0.9563518335371488,0.9563518335371488,0.9563518335371488,0.0,51.51688088821561,51.51688088821561,51.51688088821561,0.0,1.107889911574529,1.107889911574529,1.107889911574529,0.0,0.98,0.98,0.98,0.96,48.2,48.2,48.2,0.0,144.60000000000002,3470.4000000000005,0.1595284879804302,5.2339794389404526e-05
1955-02-15,1955-02-26,2075.5648,1.01276353090847,2102.056335477332,0.166,1955,2,15,1955.02,1954,5,138,20,0.1816176673852414,82.220966381263,0.0391145398881959,0.14,2,Mod_Wet,49,8,7,5,93,162.0,0.0770673921844312,1940.056335477332,1100.0,,4,275.0,275.0,275.0,275.0,840.0563354773321,50.99999999999997,10.0,18.0,25.9276646752263,735.1286708021058,100.0,18.0,25.0,30.9276646752263,828.1286708021058,1243.0,990.0,971.3463428787384,18.65365712126163,0.9262894125183112,0.648,988.4257105874816,0.28,0.28,0.28,0.28,16.799367708743347,16.799367708743347,16.799367708743347,16.799367708743347,,0.94739810312623,0.94739810312623,0.94739810312623,0.94739810312623,42.92366930709655,42.92366930709655,42.92366930709655,42.92366930709655,0.9230896625182052,0.9230896625182052,0.9230896625182052,0.9230896625182052,0.98,0.98,0.98,0.98,42.065195920954615,42.065195920954615,42.065195920954615,42.065195920954615,168.26078368381846,4038.2588084116433,0.0800458012680283,4.249009688985315e-05
1955-03-15,1955-03-26,2690.1084,1.0194753303873465,2742.499149867776,0.106,1955,3,15,1955.03,1954,6,166,24,0.2369519265485758,0.0,0.0,0.27,2,Mod_Wet,59,11,12,13,144,239.0,0.0871467909156956,2503.499149867776,1100.0,,4,275.0,275.0,275.0,275.0,1403.499149867776,41.0,7.0,13.0,67.0,1275.499149867776,100.0,18.0,25.0,80.0,1419.499149867776,1243.0,990.0,972.892239327267,17.10776067273298,0.9262894125183112,0.648,988.4257105874816,0.28,0.28,0.28,0.28,15.253471260214695,15.253471260214695,15.253471260214695,15.253471260214695,,0.9420138850408588,0.9420138850408588,0.9420138850408588,0.9420138850408588,38.752291264916366,38.752291264916366,38.752291264916366,38.752291264916366,0.8333826078476638,0.8333826078476638,0.8333826078476638,0.8333826078476638,0.9733382607847664,0.9733382607847664,0.9733382607847664,0.9733382607847664,37.71908778121839,37.71908778121839,37.71908778121839,37.71908778121839,150.87635112487357,3621.0324269969656,0.0550141833707214,3.810008866789736e-05
1955-04-15,1955-04-26,3235.6269,1.037176891822677,3355.917451239844,0.066,1955,4,15,1955.04,1954,7,197,29,0.2899512677871225,61.31560756760928,0.0182708926719744,0.33,2,Mod_Wet,70,14,18,25,168,295.0,0.0879044268180709,3060.917451239844,1100.0,,4,275.0,275.0,275.0,275.0,1960.917451239844,29.999999999999943,4.0,7.0,55.0,1864.917451239844,100.0,18.0,25.0,80.0,2032.917451239844,1243.0,990.0,974.3151584085796,15.684841591420309,0.9262894125183112,0.648,988.4257105874816,0.28,0.28,0.28,0.28,13.830552178902026,13.830552178902026,13.830552178902026,13.830552178902026,,0.9339833130734122,0.9339833130734122,0.9339833130734122,0.9339833130734122,34.8377445075332,34.8377445075332,34.8377445075332,34.8377445075332,0.7491988066136173,0.7491988066136173,0.7491988066136173,0.7491988066136173,0.97,0.97,0.97,0.97,33.7926121723072,33.7926121723072,33.7926121723072,33.7926121723072,135.1704486892288,3244.090768541492,0.0402782400500614,3.4133951689199194e-05
1955-05-15,1955-05-26,2328.6506,1.0027954239303196,2335.160165612593,0.139,1955,5,15,1955.05,1954,8,227,33,0.201757838308928,28.67071215765418,0.0122778354049786,0.45,3,Normal,55,13,13,17,178,276.0,0.1181931775234765,2059.160165612593,1100.0,,4,275.0,275.0,275.0,275.0,959.1601656125932,45.0,5.0,12.0,59.07870585294958,838.0814597596436,100.0,18.0,25.0,76.07870585294958,1016.0814597596436,1243.0,990.0,971.9090072963064,18.0909927036937,0.9262894125183112,0.648,988.4257105874816,0.28,0.28,0.28,0.28,16.236703291175417,16.236703291175417,16.236703291175417,16.236703291175417,,0.945710109873526,0.945710109873526,0.945710109873526,0.945710109873526,41.41210243294174,41.41210243294174,41.41210243294174,41.41210243294174,0.8905828480202524,0.8905828480202524,0.8905828480202524,0.8905828480202524,0.9790582848020252,0.9790582848020252,0.9790582848020252,0.9790582848020252,40.54486197804172,40.54486197804172,40.54486197804172,40.54486197804172,162.17944791216686,3892.306749892005,0.0694511024555875,4.095440603842597e-05
1955-06-15,1955-06-26,1568.6399,0.9517310164019286,1492.9232463956196,0.231,1955,6,15,1955.06,1954,9,258,37,0.1289885684885815,35.083737371336376,0.023500027517181,0.28,2,Mod_Wet,62,12,14,16,153,257.0,0.1721454874659349,1235.9232463956196,1100.0,,4,275.0,275.0,275.0,275.0,135.92324639561957,32.790822087659194,6.000000000000001,7.404379181084335,8.462147635524953,81.26589749135108,94.7908220876592,18.0,21.40437918108433,24.462147635524957,234.2658974913511,1234.1952012687434,990.0,969.4617520268166,20.53824797318339,0.9034820402435612,0.648,988.4485179597564,0.28,0.28,0.28,0.28,18.70676593293976,18.70676593293976,18.70676593293976,18.70676593293976,,0.9521334574161748,0.9521334574161748,0.9521334574161748,0.9521334574161748,48.03612118618869,48.03612118618869,48.03612118618869,48.03612118618869,1.0330348642191116,1.0330348642191116,1.0330348642191116,1.0330348642191116,0.98,0.98,0.98,0.98,47.075398762464914,47.075398762464914,47.075398762464914,47.075398762464914,188.30159504985969,4519.238281196632,0.126129454748915,4.755090784087365e-05
1955-07-15,1955-07-26,785.0819,0.8950098277210273,702.6560160658968,0.4370000000000001,1955,7,15,1955.07,1954,10,288,42,0.0607094797880934,25.84105416603393,0.0367762512170827,0.23,2,Mod_Wet,58,11,11,11,136,227.0,0.323059925211985,475.6560160658968,475.6560160658968,,2,237.8280080329484,237.8280080329484,0.0,0.0,0.0,0.0,0.0,0.0,0.0,0.0,58.0,11.0,11.0,11.0,136.0,555.6560160658968,990.0,966.7106240642636,23.289375935736416,0.2422950628927023,0.1235096395831032,989.6341952975242,0.2635678108444803,0.2635678108444803,0.01,0.01,22.660003422416164,22.660003422416164,22.913571233260644,22.913571233260644,,0.9567366150489044,0.9567366150489044,0.0,0.0,50.56547183322195,50.56547183322195,0.0,0.0,1.0874295017897193,1.0874295017897193,0.0,0.0,0.98,0.98,0.96,0.96,48.2,48.2,0.0,0.0,96.4,2313.6000000000004,0.1371937303543408,5.6296518646508666e-05
1955-08-15,1955-08-26,515.2343,0.8913623235036077,459.2604427967548,0.585,1955,8,15,1955.08,1954,11,319,46,0.0396801022576396,0.0,0.0,0.22,2,Mod_Wet,54,9,8,6,107,184.0,0.4006441288073857,275.2604427967548,275.2604427967548,,2,137.6302213983774,137.6302213983774,0.0,0.0,0.0,0.0,0.0,0.0,0.0,0.0,54.0,9.0,8.0,6.0,107.0,346.2604427967548,990.0,965.6666719925854,24.333328007414597,0.15773781645763,0.0289229290000682,989.8133392545424,0.1283007988878095,0.1283007988878095,0.01,0.01,24.018366463069157,24.018366463069157,24.13666726195696,24.13666726195696,,0.9355780029443544,0.9355780029443544,0.0,0.0,30.33024909446776,30.33024909446776,0.0,0.0,0.6522634213864035,0.6522634213864035,0.0,0.0,0.97,0.97,0.96,0.96,29.420341621633728,29.420341621633728,0.0,0.0,58.840683243267456,1412.176397838419,0.1281205123719034,5.937879801461127e-05
1955-09-15,1955-09-26,361.7746,0.9166247913690906,331.6115672476363,0.736,1955,9,15,1955.09,1954,12,350,50,0.0286512394101957,0.0,0.0,0.22,2,Mod_Wet,46,7,6,4,75,138.0,0.4161495364754459,193.6115672476363,193.6115672476363,,1,193.6115672476363,0.0,0.0,0.0,0.0,0.0,0.0,0.0,0.0,0.0,46.0,7.0,6.0,4.0,75.0,252.6115672476363,990.0,965.0580578362382,24.94194216376184,0.1246862226489071,0.012206983216049,989.863106794135,0.203875615784309,0.01,0.01,0.01,24.601173342112507,24.79504895789681,24.79504895789681,24.79504895789681,,0.9529410765339534,0.0,0.0,0.0,44.51351285628584,0.0,0.0,0.0,0.9572798463717384,0.0,0.0,0.0,0.98,0.96,0.96,0.96,43.62324259916012,0.0,0.0,0.0,43.62324259916012,1046.9578223798428,0.1315492187478,6.258700118447353e-05
1955-10-15,1955-10-26,271.7487,0.9523418217225876,258.7976520087449,0.862,1955,10,15,1955.1,1955,1,15,3,0.0223601171335555,2.5852725433921364,0.0099895517726906,0.31,2,Mod_Wet,41,6,4,3,56,110.0,0.4250424961208035,148.79765200874488,148.79765200874488,,1,148.79765200874488,0.0,0.0,0.0,0.0,0.0,0.0,0.0,0.0,0.0,41.0,6.0,4.0,3.0,56.0,199.79765200874488,990.0,964.735190608035,25.264809391964945,0.1060461588539989,0.0083978004207433,989.8855560407252,0.1433768302118056,0.01,0.01,0.01,25.00698860247833,25.140365432690132,25.140365432690132,25.140365432690132,,0.9386515535638084,0.0,0.0,0.0,34.25315479067667,0.0,0.0,0.0,0.7366269847457347,0.0,0.0,0.0,0.97,0.96,0.96,0.96,33.22556014695637,0.0,0.0,0.0,33.22556014695637,797.4134435269528,0.1283843183624929,6.202599394848667e-05
1955-11-15,1955-11-26,361.7746,0.9166247913690906,331.6115672476363,0.736,1955,11,15,1955.11,1955,2,46,7,0.0286512394101957,36.88830050025064,0.1112394866271468,0.31,2,Mod_Wet,40,6,4,3,53,106.0,0.3196510932347628,225.6115672476363,225.6115672476363,,1,225.6115672476363,0.0,0.0,0.0,0.0,0.0,0.0,0.0,0.0,0.0,40.0,6.0,4.0,3.0,53.0,275.6115672476363,990.0,965.0580578362382,24.94194216376184,0.1328036362659229,0.014926983216049,989.852269380518,0.247075615784309,0.01,0.01,0.01,24.54713592849554,24.784211544279845,24.784211544279845,24.784211544279845,,0.9589815123587287,0.0,0.0,0.0,52.084814788101305,0.0,0.0,0.0,1.1201035438301357,0.0,0.0,0.0,0.98,0.96,0.96,0.96,48.2,0.0,0.0,0.0,48.2,1156.8000000000002,0.1453507801312789,5.934486893658669e-05
1955-12-15,1955-12-26,463.5928,0.9065907191323836,420.28892993659525,0.63,1955,12,15,1955.12,1955,3,76,11,0.0363129635465218,2.4311580009666045,0.0057844921143494,0.43,3,Normal,38,5,4,3,54,104.0,0.2474488205427857,316.28892993659525,316.28892993659525,,2,158.14446496829763,158.14446496829763,0.0,0.0,0.0,0.0,0.0,0.0,0.0,0.0,38.0,5.0,4.0,3.0,54.0,363.28892993659525,990.0,965.4913001847146,24.508699815285357,0.1637476979092003,0.0482883749300729,989.7879639271608,0.1559950277072018,0.1559950277072018,0.01,0.01,24.14066871473887,24.14066871473887,24.28666374244607,24.28666374244607,,0.9431249090825364,0.9431249090825364,0.0,0.0,35.311096784923336,35.311096784923336,0.0,0.0,0.7593784254822222,0.7593784254822222,0.0,0.0,0.97,0.97,0.96,0.96,34.25176388137564,34.25176388137564,0.0,0.0,68.50352776275128,1644.0846663060306,0.1629915110376228,6.016257892961966e-05
1956-01-15,1956-01-26,730.6486,0.8864028278959922,647.6489852382476,0.462,1956,1,15,1956.01,1955,4,107,16,0.0559568723245846,17.53638655417592,0.0270769922502463,0.48,3,Normal,41,6,4,3,66,120.0,0.1852855524136367,527.6489852382476,527.6489852382476,,2,263.8244926191238,263.8244926191238,0.0,0.0,0.0,0.0,0.0,0.0,0.0,0.0,41.0,6.0,4.0,3.0,66.0,578.6489852382476,990.0,966.490595940953,23.50940405904703,0.2553617408462265,0.1534695221391494,989.5911687370146,0.28,0.28,0.01,0.01,22.82057279606167,22.82057279606167,23.090572796061668,23.090572796061668,,0.9505376682833784,0.9505376682833784,0.0,0.0,56.124138025953535,56.124138025953535,0.0,0.0,1.2069707102355598,1.2069707102355598,0.0,0.0,0.98,0.98,0.96,0.96,48.2,48.2,0.0,0.0,96.4,2313.6000000000004,0.1488460604389548,5.0749226335926514e-05
1956-02-15,1956-02-26,1086.9032,0.940956999887256,1022.729174239858,0.328,1956,2,15,1956.02,1955,5,138,20,0.0883638006543237,0.0,0.0,0.46,3,Normal,43,7,5,4,78,137.0,0.1339553064982477,885.729174239858,885.729174239858,,4,221.4322935599645,221.4322935599645,221.4322935599645,221.4322935599645,0.0,0.0,0.0,0.0,0.0,0.0,43.0,7.0,5.0,4.0,78.0,940.729174239858,990.0,967.971434547611,22.02856545238899,0.5160742271781555,0.3676929203320913,989.1162328524898,0.2414335963059521,0.2414335963059521,0.2414335963059521,0.2414335963059521,20.90336470857285,20.90336470857285,20.90336470857285,20.90336470857285,,0.9551090893455207,0.9551090893455207,0.9551090893455207,0.9551090893455207,43.35596269152618,43.35596269152618,43.35596269152618,43.35596269152618,0.9323862944414232,0.9323862944414232,0.9323862944414232,0.9323862944414232,0.98,0.98,0.98,0.98,42.48884343769566,42.48884343769566,42.48884343769566,42.48884343769566,169.95537375078263,4078.928970018783,0.1661782786993455,5.330052053710438e-05
1956-03-15,1956-03-26,4488.5142,0.9991072065460684,4484.506883904361,0.026,1956,3,15,1956.03,1955,6,167,24,0.3874613947693367,30.666706579260783,0.0068383676005334,0.12,2,Mod_Wet,59,11,12,13,144,239.0,0.0532945998717965,4245.506883904361,1100.0,,4,275.0,275.0,275.0,275.0,3145.5068839043606,41.0,7.0,13.0,67.0,3017.5068839043606,100.0,18.0,25.0,80.0,3161.5068839043606,1243.0,990.0,976.5666475975448,13.433352402455055,0.9262894125183112,0.648,988.4257105874816,0.28,0.28,0.28,0.28,11.579062989936777,11.579062989936777,11.579062989936777,11.579062989936777,,0.915790629899368,0.915790629899368,0.915790629899368,0.915790629899368,28.598351876523665,28.598351876523665,28.598351876523665,28.598351876523665,0.6150183199252401,0.6150183199252401,0.6150183199252401,0.6150183199252401,0.97,0.97,0.97,0.97,27.740401320227956,27.740401320227956,27.740401320227956,27.740401320227956,110.9616052809118,2663.0785267418837,0.0247433236593239,2.8020607394169648e-05
1956-04-15,1956-04-26,3827.1734,1.0193419091144624,3901.198240068088,0.041,1956,4,15,1956.04,1955,7,198,29,0.3370635279418828,34.509638245199305,0.0088459073652706,0.35,2,Mod_Wet,70,14,18,25,168,295.0,0.0756177927515037,3606.198240068088,1100.0,,4,275.0,275.0,275.0,275.0,2506.198240068088,30.0,4.0,7.0,55.0,2410.198240068088,100.0,18.0,25.0,80.0,2578.198240068088,1243.0,990.0,975.4706343658584,14.529365634141527,0.9262894125183112,0.648,988.4257105874816,0.28,0.28,0.28,0.28,12.675076221623245,12.675076221623245,12.675076221623245,12.675076221623245,,0.9260756859946092,0.9260756859946092,0.9260756859946092,0.9260756859946092,31.656905147517605,31.656905147517605,31.656905147517605,31.656905147517605,0.6807936590864001,0.6807936590864001,0.6807936590864001,0.6807936590864001,0.97,0.97,0.97,0.97,30.70719799309208,30.70719799309208,30.70719799309208,30.70719799309208,122.82879197236832,2947.8910073368397,0.0314848885941834,3.1017371710194015e-05
1956-05-15,1956-05-26,5420.2188,1.0284370307265174,5574.353728560048,0.01,1956,5,15,1956.05,1955,8,228,33,0.4816241621475881,94.2830960725878,0.0169137268037962,0.0,1,Wet,71,14,18,24,213,340.0,0.0609936176561633,5234.353728560048,0.0,,0,275.0,275.0,275.0,275.0,5234.353728560048,1129.0,4.0,7.0,56.0,4038.353728560048,1200.0,18.0,25.0,80.0,4251.353728560049,1243.0,990.053233978608,978.3945047419824,11.658729236625618,0.9064037665221378,0.648,988.498830212086,0.28,0.28,0.28,0.28,9.824325470103505,9.824325470103505,9.824325470103505,9.824325470103505,1.0,0.856936998483729,0.856936998483729,0.856936998483729,0.856936998483729,22.705079616378544,22.705079616378544,22.705079616378544,22.705079616378544,0.4882812820726568,0.4882812820726568,0.4882812820726568,0.4882812820726568,0.9688281282072656,0.9688281282072656,0.9688281282072656,0.9688281282072656,21.99731978553297,21.99731978553297,21.99731978553297,21.99731978553297,87.98927914213188,2111.742699411165,0.0157846601465782,inf
1956-06-15,1956-06-26,2751.0152,1.018827290046873,2802.809361093756,0.101,1956,6,15,1956.06,1955,9,259,37,0.2421627287985004,70.24304019109513,0.025061654626301,0.0,1,Wet,67,13,15,17,181,293.0,0.1045379696768463,2509.809361093756,1100.0,,4,275.0,275.0,275.0,275.0,1409.8093610937558,33.0,5.000000000000007,10.0,63.0,1298.8093610937558,100.0,18.0,25.0,80.0,1479.8093610937558,1243.0,990.0,973.0378156991918,16.96218430080819,0.9262894125183112,0.648,988.4257105874816,0.28,0.28,0.28,0.28,15.107894888289907,15.107894888289907,15.107894888289907,15.107894888289907,,0.9414315795531596,0.9414315795531596,0.9414315795531596,0.9414315795531596,38.35872031024805,38.35872031024805,38.35872031024805,38.35872031024805,0.8249187163494205,0.8249187163494205,0.8249187163494205,0.8249187163494205,0.972491871634942,0.972491871634942,0.972491871634942,0.972491871634942,37.30354370803439,37.30354370803439,37.30354370803439,37.30354370803439,149.21417483213756,3581.140195971301,0.053237361378695,3.768034717983271e-05
1956-07-15,1956-07-26,1392.323,0.9273803807430936,1291.2130338573666,0.261,1956,7,15,1956.07,1955,10,289,42,0.1115608061252764,36.4952706022209,0.0282643294679229,0.0,1,Wet,63,12,13,13,155,256.0,0.198263178334892,1035.2130338573666,1035.2130338573666,,4,258.80325846434164,258.80325846434164,258.80325846434164,258.80325846434164,0.0,0.0,0.0,0.0,0.0,0.0,63.0,12.0,13.0,13.0,155.0,1123.2130338573666,990.0,968.8152409635516,21.184759036448327,0.7324944215855191,0.5022293261790748,988.7652762522354,0.28,0.28,0.28,0.28,19.67003528868369,19.67003528868369,19.67003528868369,19.67003528868369,,0.9543404144998195,0.9543404144998195,0.9543404144998195,0.9543404144998195,47.64495206289579,47.64495206289579,47.64495206289579,47.64495206289579,1.0246226250085115,1.0246226250085115,1.0246226250085115,1.0246226250085115,0.98,0.98,0.98,0.98,46.69205302163788,46.69205302163788,46.69205302163788,46.69205302163788,186.7682120865515,4482.437090077236,0.1446455442976753,5.011534555319276e-05
1956-08-15,1956-08-26,737.3183,0.8872912629151888,654.21608557748,0.458,1956,8,15,1956.08,1955,11,320,46,0.0565242697938942,12.590238207789412,0.0192447701689816,0.0,1,Wet,58,10,10,7,117,202.0,0.3087664832051531,452.21608557748,452.21608557748,,2,226.10804278874,226.10804278874,0.0,0.0,0.0,0.0,0.0,0.0,0.0,0.0,58.0,10.0,10.0,7.0,117.0,530.21608557748,990.0,966.51686434231,23.483135657690127,0.22783780092012,0.1124459923925706,989.6597162066872,0.247745857764799,0.247745857764799,0.01,0.01,22.89510600661255,22.89510600661255,23.132851864377347,23.132851864377347,,0.9578883040857994,0.9578883040857994,0.0,0.0,48.63089242902331,48.63089242902331,0.0,0.0,1.04582564363491,1.04582564363491,0.0,0.0,0.98,0.98,0.96,0.96,47.65827458044284,47.65827458044284,0.0,0.0,95.31654916088569,2287.5971798612563,0.1456958201765235,5.854904337944156e-05
1956-09-15,1956-09-26,473.647,0.9007401735700734,426.6328809909446,0.62,1956,9,15,1956.09,1955,12,351,51,0.0368610809176176,4.324950671984085,0.0101374058697456,0.03,1,Wet,48,8,7,4,79,146.0,0.3422145983237023,280.6328809909446,280.6328809909446,,2,140.3164404954723,140.3164404954723,0.0,0.0,0.0,0.0,0.0,0.0,0.0,0.0,48.0,8.0,7.0,4.0,79.0,343.6328809909446,990.0,965.5198479644592,24.480152035540755,0.1568104683714546,0.0314587198277258,989.8117308118008,0.1319271946688876,0.1319271946688876,0.01,0.01,24.159955652672757,24.159955652672757,24.28188284734164,24.28188284734164,,0.936510706881505,0.936510706881505,0.0,0.0,31.13552107085908,31.13552107085908,0.0,0.0,0.6695810982980448,0.6695810982980448,0.0,0.0,0.97,0.97,0.96,0.96,30.20145543873331,30.20145543873331,0.0,0.0,60.40291087746662,1449.6698610591989,0.1415805334487303,5.978838365484779e-05
1956-10-15,1956-10-26,349.1046,0.9270188758292952,323.62655383883583,0.7509999999999999,1956,10,15,1956.1,1956,1,15,3,0.0279613342516754,2.0342423969515835,0.0062857709691047,0.06,1,Wet,44,7,6,3,60,120.0,0.3707977561685476,203.62655383883583,203.62655383883583,,1,203.62655383883583,0.0,0.0,0.0,0.0,0.0,0.0,0.0,0.0,0.0,44.0,7.0,6.0,3.0,60.0,260.62655383883583,990.0,965.0181327691942,24.981867230805847,0.127514960096542,0.013058257076301,989.8594267828272,0.2173958476824284,0.01,0.01,0.01,24.623898165950617,24.831294013633045,24.831294013633045,24.831294013633045,,0.955446786868862,0.0,0.0,0.0,46.982532356444096,0.0,0.0,0.0,1.010377039923529,0.0,0.0,0.0,0.98,0.96,0.96,0.96,46.04288170931521,0.0,0.0,0.0,46.04288170931521,1105.029161023565,0.1422716435445662,6.280953599902945e-05
1956-11-15,1956-11-26,415.3399,0.9079714249478594,377.11676084070143,0.68,1956,11,15,1956.11,1956,2,46,7,0.0325828881366366,4.106635458252072,0.0108895596395588,0.12,2,Mod_Wet,40,6,4,3,53,106.0,0.2810800553221119,271.11676084070143,271.11676084070143,,1,271.11676084070143,0.0,0.0,0.0,0.0,0.0,0.0,0.0,0.0,0.0,40.0,6.0,4.0,3.0,53.0,321.11676084070143,990.0,965.2855838042036,24.714416195796503,0.1488638309666743,0.026967111116811,989.8241690579164,0.28,0.01,0.01,0.01,24.258585253712997,24.528585253712997,24.528585253712997,24.528585253712997,,0.9427615820241724,0.0,0.0,0.0,60.80823705892961,0.0,0.0,0.0,1.30770402277268,0.0,0.0,0.0,0.98,0.96,0.96,0.96,48.2,0.0,0.0,0.0,48.2,1156.8000000000002,0.1278118742125075,4.938421677572242e-05
1956-12-15,1956-12-26,611.0679,0.8869861279741288,542.0087505502821,0.523,1956,12,15,1956.12,1956,3,76,11,0.0468295560475443,0.0,0.0,0.08,1,Wet,44,8,6,4,64,126.0,0.2324685715351951,416.0087505502821,416.0087505502821,,2,208.00437527514103,208.00437527514103,0.0,0.0,0.0,0.0,0.0,0.0,0.0,0.0,44.0,8.0,6.0,4.0,64.0,474.0087505502821,990.0,966.0390393774762,23.96096062252377,0.2028241578884647,0.0953561302597331,989.7018197118518,0.2233059066214404,0.2233059066214404,0.01,0.01,23.43947442775417,23.43947442775417,23.65278033437561,23.65278033437561,,0.9559761141691568,0.9559761141691568,0.0,0.0,45.70945892071877,45.70945892071877,0.0,0.0,0.9829991165745972,0.9829991165745972,0.0,0.0,0.98,0.98,0.96,0.96,44.79526974230439,44.79526974230439,0.0,0.0,89.59053948460878,2150.172947630611,0.1652935296591627,5.982148436788455e-05
1957-01-15,1957-01-26,730.6486,0.8864028278959922,647.6489852382476,0.462,1957,1,15,1957.01,1956,4,107,16,0.0559568723245846,0.0,0.0,0.36,2,Mod_Wet,46,7,6,4,76,139.0,0.2146224315457959,508.6489852382476,508.6489852382476,,2,254.32449261912384,254.32449261912384,0.0,0.0,0.0,0.0,0.0,0.0,0.0,0.0,46.0,7.0,6.0,4.0,76.0,567.6489852382476,990.0,966.490595940953,23.50940405904703,0.2491105491705726,0.1407775221391494,989.6101119286902,0.28,0.28,0.01,0.01,22.839515987737258,22.839515987737258,23.109515987737257,23.109515987737257,,0.9538720827129984,0.9538720827129984,0.0,0.0,54.33803394147275,54.33803394147275,0.0,0.0,1.1685598697090915,1.1685598697090915,0.0,0.0,0.98,0.98,0.96,0.96,48.2,48.2,0.0,0.0,96.4,2313.6000000000004,0.1488460604389548,5.26449055338924e-05
1957-02-15,1957-02-26,901.4559,0.907115570001353,817.7246825595828,0.391,1957,2,15,1957.02,1956,5,138,20,0.0706514125731479,14.0353857183311,0.0171639501872421,0.71,4,Mod_Dry,36,6,5,4,54,105.0,0.1284050759863779,712.7246825595828,712.7246825595828,,3,237.5748941865276,237.5748941865276,237.5748941865276,0.0,0.0,0.0,0.0,0.0,0.0,0.0,36.0,6.0,5.0,4.0,54.0,759.7246825595828,990.0,967.1708987302384,22.829101269761736,0.3582652764606228,0.2771000879498013,989.3646346355896,0.2632261071518122,0.2632261071518122,0.2632261071518122,0.01,21.93050979819952,21.93050979819952,21.93050979819952,22.18373590535133,,0.956957180977274,0.956957180977274,0.956957180977274,0.0,48.89680439571419,48.89680439571419,48.89680439571419,0.0,1.0515441805529933,1.0515441805529933,1.0515441805529933,0.0,0.98,0.98,0.98,0.96,47.918868307799904,47.918868307799904,47.918868307799904,0.0,143.75660492339972,3450.1585181615933,0.1758007407498367,5.602779198426544e-05
1957-03-15,1957-03-26,7858.8783,1.0409845973894611,8180.9712630582735,0.002,1957,3,15,1957.03,1956,6,166,24,0.7068359171282349,178.62306755835468,0.0218339683412578,0.02,1,Wet,68,14,17,21,195,315.0,0.038503985635838,7865.9712630582735,0.0,,0,275.0,275.0,275.0,275.0,7865.9712630582735,1132.0,4.0,8.0,59.0,6662.9712630582735,1200.0,18.0,25.0,80.0,6857.9712630582735,1243.0,990.363433103134,981.3447622643783,9.018670838755495,0.8151339017909313,0.648,988.900299201343,0.28,0.28,0.28,0.28,7.275536936964586,7.275536936964586,7.275536936964586,7.275536936964586,1.0,0.686941273409864,0.686941273409864,0.686941273409864,0.686941273409864,13.478949743929988,13.478949743929988,13.478949743929988,13.478949743929988,0.2898698869662363,0.2898698869662363,0.2898698869662363,0.2898698869662363,0.96,0.96,0.96,0.96,12.939791754172788,12.939791754172788,12.939791754172788,12.939791754172788,51.75916701669115,1242.2200084005876,0.0063267753121702,inf
1957-04-15,1957-04-26,3514.6276,1.0243778615521175,3600.306705040052,0.051,1957,4,15,1957.04,1956,7,197,29,0.3110664993154605,88.64308594591513,0.0246209818240829,0.23,2,Mod_Wet,70,14,18,25,168,295.0,0.0819374637130306,3305.306705040052,1100.0,,4,275.0,275.0,275.0,275.0,2205.306705040052,30.0,4.0,7.0,55.0,2109.306705040052,100.0,18.0,25.0,80.0,2277.306705040052,1243.0,990.0,974.8330308749656,15.166969125034257,0.9262894125183112,0.648,988.4257105874816,0.28,0.28,0.28,0.28,13.312679712515974,13.312679712515974,13.312679712515974,13.312679712515974,,0.930876078275096,0.930876078275096,0.930876078275096,0.930876078275096,33.42171617407801,33.42171617407801,33.42171617407801,33.42171617407801,0.7187465843887744,0.7187465843887744,0.7187465843887744,0.7187465843887744,0.97,0.97,0.97,0.97,32.41906468885566,32.41906468885566,32.41906468885566,32.41906468885566,129.67625875542265,3112.230210130144,0.0360181143939457,3.27465299887431e-05
1957-05-15,1957-05-26,2037.2697,1.0148234027606982,2067.468969295266,0.17,1957,5,15,1957.05,1956,8,227,33,0.1786293189471109,34.58736618206558,0.0167293278379192,0.55,3,Normal,55,13,13,17,178,276.0,0.1334965622696042,1791.468969295266,1100.0,,4,275.0,275.0,275.0,275.0,691.4689692952661,45.0,5.0,12.0,42.59047999282436,586.8784893024418,100.0,18.0,25.0,59.59047999282436,764.8784893024418,1243.0,990.0,971.2628561327816,18.737143867218265,0.9262894125183112,0.648,988.4257105874816,0.28,0.28,0.28,0.28,16.88285445469998,16.88285445469998,16.88285445469998,16.88285445469998,,0.9476485633641,0.9476485633641,0.9476485633641,0.9476485633641,43.148388297859405,43.148388297859405,43.148388297859405,43.148388297859405,0.9279223289862236,0.9279223289862236,0.9279223289862236,0.9279223289862236,0.98,0.98,0.98,0.98,42.28542053190222,42.28542053190222,42.28542053190222,42.28542053190222,169.14168212760887,4059.400371062613,0.0818109894946882,4.271254599182042e-05
1957-06-15,1957-06-26,1165.5017,0.9291100950872416,1082.8793953113418,0.307,1957,6,15,1957.06,1956,9,258,37,0.0935607797548999,13.619427036021536,0.0125770488338692,0.62,3,Normal,53,12,12,13,120,210.0,0.1939274132551227,872.8793953113418,872.8793953113418,,4,218.21984882783545,218.21984882783545,218.21984882783545,218.21984882783545,0.0,0.0,0.0,0.0,0.0,0.0,53.0,12.0,12.0,13.0,120.0,949.8793953113418,990.0,968.16047809955,21.83952190045011,0.5244468037666559,0.3614736273306894,989.1140795689026,0.2370967959175778,0.2370967959175778,0.2370967959175778,0.2370967959175778,20.71650467343517,20.71650467343517,20.71650467343517,20.71650467343517,,0.95443596015592,0.95443596015592,0.95443596015592,0.95443596015592,42.3151832713599,42.3151832713599,42.3151832713599,42.3151832713599,0.9100039413195676,0.9100039413195676,0.9100039413195676,0.9100039413195676,0.98,0.98,0.98,0.98,41.4688796059327,41.4688796059327,41.4688796059327,41.4688796059327,165.8755184237308,3981.012442169539,0.1531800486203169,5.278682615603045e-05
1957-07-15,1957-07-26,666.0345,0.8753352736866753,583.0034913422678,0.493,1957,7,15,1957.07,1956,10,288,42,0.0503715016519719,6.2283437746145855,0.0106832015024041,0.44,3,Normal,50,10,9,9,108,186.0,0.3190375405330183,397.0034913422678,397.0034913422678,,2,198.5017456711339,198.5017456711339,0.0,0.0,0.0,0.0,0.0,0.0,0.0,0.0,50.0,10.0,9.0,9.0,108.0,466.0034913422678,990.0,966.22351571104,23.776484288959864,0.1999988535361657,0.0863856479135504,989.7136154985504,0.2104773566560308,0.2104773566560308,0.01,0.01,23.27962243085416,23.27962243085416,23.480099787510188,23.480099787510188,,0.9544467027541044,0.9544467027541044,0.0,0.0,43.254435060382335,43.254435060382335,0.0,0.0,0.9302029045243512,0.9302029045243512,0.0,0.0,0.98,0.98,0.96,0.96,42.38934635917469,42.38934635917469,0.0,0.0,84.77869271834938,2034.688625240385,0.1454171269594983,5.931846288451243e-05
1957-08-15,1957-08-26,468.6029,0.9015518661337044,422.4698189706656,0.626,1957,8,15,1957.08,1956,11,319,46,0.0365013923590655,4.163062020279028,0.00985410515341,0.32,2,Mod_Wet,54,9,8,6,107,184.0,0.4355340706900914,238.4698189706656,238.4698189706656,,1,238.4698189706656,0.0,0.0,0.0,0.0,0.0,0.0,0.0,0.0,0.0,54.0,9.0,8.0,6.0,107.0,309.4698189706656,990.0,965.501114185368,24.49888581463199,0.1447532638130909,0.0160199346125065,989.8392268015745,0.2644342556103985,0.01,0.01,0.01,24.073678360596045,24.328112616206443,24.328112616206443,24.328112616206443,,0.9553376678943896,0.0,0.0,0.0,53.78627612875926,0.0,0.0,0.0,1.156694110295898,0.0,0.0,0.0,0.98,0.96,0.96,0.96,48.2,0.0,0.0,0.0,48.2,1156.8000000000002,0.1140909902568609,5.614500378572381e-05
1957-09-15,1957-09-26,340.8154,0.928721014594374,316.52242407738737,0.763,1957,9,15,1957.09,1956,12,350,50,0.0273475374402862,0.0,0.0,0.31,2,Mod_Wet,46,7,6,4,75,138.0,0.4359880675192227,178.52242407738737,178.52242407738737,,1,178.52242407738737,0.0,0.0,0.0,0.0,0.0,0.0,0.0,0.0,0.0,46.0,7.0,6.0,4.0,75.0,237.52242407738737,990.0,964.9826121203868,25.017387879613125,0.119360795855895,0.0109244060465779,989.8697147980976,0.1835052725044729,0.01,0.01,0.01,24.703597405206214,24.877102677710685,24.877102677710685,24.877102677710685,,0.9483233555165872,0.0,0.0,0.0,41.01551059644832,0.0,0.0,0.0,0.8820539913214693,0.0,0.0,0.0,0.9782053991321468,0.96,0.96,0.96,40.12159391360753,0.0,0.0,0.0,40.12159391360753,962.9182539265807,0.1267575086680054,6.242850026164296e-05
1957-10-15,1957-10-26,312.7836,0.9288272938647332,290.5219447532691,0.797,1957,10,15,1957.1,1957,1,15,3,0.0251010960266824,0.0,0.0,0.16,2,Mod_Wet,41,6,4,3,56,110.0,0.3786288849657104,180.5219447532691,180.5219447532691,,1,180.5219447532691,0.0,0.0,0.0,0.0,0.0,0.0,0.0,0.0,0.0,41.0,6.0,4.0,3.0,56.0,231.5219447532691,990.0,964.8620877790132,25.13791222098689,0.1172430037024686,0.0110943653040278,989.8716626309936,0.1862046254169133,0.01,0.01,0.01,24.823370226563437,24.999574851980345,24.999574851980345,24.999574851980345,,0.9487617646946332,0.0,0.0,0.0,41.69525380456762,0.0,0.0,0.0,0.8966721248294112,0.0,0.0,0.0,0.9796672124829412,0.96,0.96,0.96,40.84747306848951,0.0,0.0,0.0,40.84747306848951,980.3393536437482,0.1406003016508097,6.285396665934802e-05
1957-11-15,1957-11-26,357.5196,0.9208048873506705,329.2057950036568,0.742,1957,11,15,1957.11,1957,2,46,7,0.0284433806883159,0.0,0.0,0.17,2,Mod_Wet,40,6,4,3,53,106.0,0.3219870415671831,223.2057950036568,223.2057950036568,,1,223.2057950036568,0.0,0.0,0.0,0.0,0.0,0.0,0.0,0.0,0.0,40.0,6.0,4.0,3.0,53.0,273.2057950036568,990.0,965.0460289750184,24.953971024981684,0.1319545645975438,0.0147224925753108,989.8533229428272,0.2438278232549367,0.01,0.01,0.01,24.56346614455391,24.797293967808844,24.797293967808844,24.797293967808844,,0.9587664924491638,0.0,0.0,0.0,51.55213581956546,0.0,0.0,0.0,1.1086480821411926,0.0,0.0,0.0,0.98,0.96,0.96,0.96,48.2,0.0,0.0,0.0,48.2,1156.8000000000002,0.1464129755050776,5.998450393579404e-05
1957-12-15,1957-12-26,570.3586,0.8854392210789449,505.01787451967766,0.547,1957,12,15,1957.12,1957,3,76,11,0.0436335443585001,18.992848128369307,0.0376082691061844,0.39,2,Mod_Wet,42,7,5,3,61,118.0,0.2336550960938358,387.01787451967766,387.01787451967766,,2,193.50893725983883,193.50893725983883,0.0,0.0,0.0,0.0,0.0,0.0,0.0,0.0,42.0,7.0,5.0,3.0,61.0,441.01787451967766,990.0,965.8725804353384,24.127419564661523,0.1911806541350688,0.0816724367732878,989.7271469090916,0.2037370653007824,0.2037370653007824,0.01,0.01,23.65082940845237,23.65082940845237,23.84456647375315,23.84456647375315,,0.9533046271074695,0.9533046271074695,0.0,0.0,42.78758785373024,42.78758785373024,0.0,0.0,0.9201631796501126,0.9201631796501126,0.0,0.0,0.98,0.98,0.96,0.96,41.93183609665563,41.93183609665563,0.0,0.0,83.86367219331126,2012.7281326394705,0.1660607998738143,6.019221858177399e-05
1958-01-15,1958-01-26,1536.5597,0.94671130256109,1454.6784350498776,0.236,1958,1,15,1958.01,1957,4,107,16,0.1256842167883094,11.692101127604928,0.0080375846963071,0.0,1,Wet,49,8,7,5,81,150.0,0.103115572751896,1304.6784350498776,1100.0,,4,275.0,275.0,275.0,275.0,204.67843504987763,51.0,9.999999999999998,9.551660302327624,6.822614501662588,127.30416024588745,100.0,18.0,16.551660302327623,11.822614501662589,208.30416024588743,1234.5516603023275,990.0,969.3381918670842,20.66180813291578,0.9044053883095192,0.648,988.4475946116904,0.28,0.28,0.28,0.28,18.8294027446062,18.8294027446062,18.8294027446062,18.8294027446062,,0.9522867534307576,0.9522867534307576,0.9522867534307576,0.9522867534307576,48.35881845503752,48.35881845503752,48.35881845503752,48.35881845503752,1.0399745904309143,1.0399745904309143,1.0399745904309143,1.0399745904309143,0.98,0.98,0.98,0.98,47.39164208593677,47.39164208593677,47.39164208593677,47.39164208593677,189.5665683437471,4549.59764024993,0.1303151017958462,4.7870345541350274e-05
1958-02-15,1958-02-26,8378.3002,1.0409845973894611,8721.681460505042,0.002,1958,2,15,1958.02,1957,5,138,20,0.7535532781876356,159.2053736663311,0.018253977101465,0.0,1,Wet,55,10,10,8,114,197.0,0.0225873876375889,8524.681460505042,0.0,,0,275.0,275.0,275.0,275.0,8524.681460505042,1145.0,8.0,15.0,72.0,7284.681460505042,1200.0,18.0,25.0,80.0,7398.681460505042,1243.0,990.4932035505212,981.6876516578812,8.805551892639983,0.7948073323398515,0.648,989.0503962181814,0.28,0.28,0.28,0.28,7.082744560300143,7.082744560300143,7.082744560300143,7.082744560300143,1.0,0.6687382126767492,0.6687382126767492,0.6687382126767492,0.6687382126767492,12.774064734081152,12.774064734081152,12.774064734081152,12.774064734081152,0.2747110695501323,0.2747110695501323,0.2747110695501323,0.2747110695501323,0.96,0.96,0.96,0.96,12.263102144717903,12.263102144717903,12.263102144717903,12.263102144717903,49.05240857887162,1177.257805892919,0.0056241917113114,inf
1958-03-15,1958-03-26,7901.6301,1.0409845973894611,8225.475228368949,0.002,1958,3,15,1958.03,1957,6,166,24,0.7106810597310772,201.519627876396,0.0244994510689634,0.0,1,Wet,68,14,17,21,195,315.0,0.0382956596736918,7910.475228368949,0.0,,0,275.0,275.0,275.0,275.0,7910.475228368949,1132.0,4.0,8.0,59.0,6707.475228368949,1200.0,18.0,25.0,80.0,6902.475228368949,1243.0,990.3741140548084,981.3729842911608,9.001129763647668,0.8134608929481062,0.648,988.9126531618604,0.28,0.28,0.28,0.28,7.259668870699529,7.259668870699529,7.259668870699529,7.259668870699529,1.0,0.6854430431429969,0.6854430431429969,0.6854430431429969,0.6854430431429969,13.4202182368657,13.4202182368657,13.4202182368657,13.4202182368657,0.2886068438035634,0.2886068438035634,0.2886068438035634,0.2886068438035634,0.96,0.96,0.96,0.96,12.88340950739107,12.88340950739107,12.88340950739107,12.88340950739107,51.53363802956428,1236.8073127095429,0.0062651259165949,inf
1958-04-15,1958-04-26,4038.4235,0.9996429456641102,4036.981563379165,0.036,1958,4,15,1958.04,1957,7,197,29,0.3487952070759598,73.99606220153237,0.0183295516810816,0.15,2,Mod_Wet,70,14,18,25,168,295.0,0.0730743986239732,3741.981563379165,1100.0,,4,275.0,275.0,275.0,275.0,2641.981563379165,30.0,4.000000000000014,7.0,55.0,2545.981563379165,100.0,18.0,25.0,80.0,2713.981563379165,1243.0,990.0,975.7476762609838,14.25232373901622,0.9262894125183112,0.648,988.4257105874816,0.28,0.28,0.28,0.28,12.398034326497935,12.398034326497935,12.398034326497935,12.398034326497935,,0.9235823089384816,0.9235823089384816,0.9235823089384816,0.9235823089384816,30.881602835166515,30.881602835166515,30.881602835166515,30.881602835166515,0.6641204910788497,0.6641204910788497,0.6641204910788497,0.6641204910788497,0.97,0.97,0.97,0.97,29.95515475011152,29.95515475011152,29.95515475011152,29.95515475011152,119.82061900044609,2875.6948560107057,0.029680744665118,3.0257732070819717e-05
1958-05-15,1958-05-26,2179.8933,1.0070301010933984,2195.2181702718217,0.155,1958,5,15,1958.05,1957,8,227,33,0.1896668499114853,65.88991734913452,0.0300152022434179,0.45,3,Normal,55,13,13,17,178,276.0,0.12572782229013,1919.2181702718217,1100.0,,4,275.0,275.0,275.0,275.0,819.2181702718217,45.0,5.0,12.0,50.459090197902064,706.7590800739197,100.0,18.0,25.0,67.45909019790207,884.7590800739197,1243.0,990.0,971.57121627307,18.42878372693008,0.9262894125183112,0.648,988.4257105874816,0.28,0.28,0.28,0.28,16.574494314411794,16.574494314411794,16.574494314411794,16.574494314411794,,0.9467234829432354,0.9467234829432354,0.9467234829432354,0.9467234829432354,42.31894477548183,42.31894477548183,42.31894477548183,42.31894477548183,0.9100848338813295,0.9100848338813295,0.9100848338813295,0.9100848338813295,0.98,0.98,0.98,0.98,41.47256587997219,41.47256587997219,41.47256587997219,41.47256587997219,165.89026351988875,3981.3663244773297,0.0755689187372877,4.189148068684059e-05
1958-06-15,1958-06-26,1192.4734,0.9195163786021252,1096.498822347363,0.301,1958,6,15,1958.06,1957,9,258,37,0.0947374982508122,20.53742787650731,0.0187300044997232,0.5700000000000001,3,Normal,53,12,12,13,120,210.0,0.1915186735453451,886.4988223473631,886.4988223473631,,4,221.6247055868408,221.6247055868408,221.6247055868408,221.6247055868408,0.0,0.0,0.0,0.0,0.0,0.0,53.0,12.0,12.0,13.0,120.0,963.4988223473632,990.0,968.2032820130916,21.79671798690833,0.5369087645280136,0.3680654300161237,989.095025805456,0.241693352542235,0.241693352542235,0.241693352542235,0.241693352542235,20.65005043982196,20.65005043982196,20.65005043982196,20.65005043982196,,0.954703764903582,0.954703764903582,0.954703764903582,0.954703764903582,42.84958530301526,42.84958530301526,42.84958530301526,42.84958530301526,0.9214964581293604,0.9214964581293604,0.9214964581293604,0.9214964581293604,0.98,0.98,0.98,0.98,41.99259359695496,41.99259359695496,41.99259359695496,41.99259359695496,167.97037438781982,4031.288985307676,0.1531879204650965,5.263226092777306e-05
1958-07-15,1958-07-26,744.0263,0.8869874635023101,659.9420006160087,0.456,1958,7,15,1958.07,1957,10,288,42,0.0570189888532231,6.864323169260729,0.0104014037034366,0.33,2,Mod_Wet,58,11,11,11,136,227.0,0.3439696212517338,432.9420006160087,432.9420006160087,,2,216.4710003080044,216.4710003080044,0.0,0.0,0.0,0.0,0.0,0.0,0.0,0.0,58.0,11.0,11.0,11.0,136.0,512.9420006160087,990.0,966.539768002464,23.46023199753597,0.2180211085459665,0.1033486242907561,989.6786302671632,0.2347358504158059,0.2347358504158059,0.01,0.01,22.90412641428344,22.90412641428344,23.12886226469924,23.12886226469924,,0.9568587068975868,0.9568587068975868,0.0,0.0,46.52645554463684,46.52645554463684,0.0,0.0,1.000568936443803,1.000568936443803,0.0,0.0,0.98,0.98,0.96,0.96,45.5959264337441,45.5959264337441,0.0,0.0,91.1918528674882,2188.604468819717,0.1381816171456993,5.850915412440188e-05
1958-08-15,1958-08-26,581.8096,0.8882166996280455,516.7730027239134,0.54,1958,8,15,1958.08,1957,11,319,46,0.0446491874353461,6.246230046971049,0.0120869898660478,0.12,2,Mod_Wet,54,9,8,6,107,184.0,0.35605575181005,332.7730027239133,332.7730027239133,,2,166.38650136195668,166.38650136195668,0.0,0.0,0.0,0.0,0.0,0.0,0.0,0.0,54.0,9.0,8.0,6.0,107.0,403.77300272391335,990.0,965.9254785122577,24.07452148774246,0.1780357832881582,0.0560688572856871,989.7658953594262,0.1671217768386415,0.1671217768386415,0.01,0.01,23.673295070329985,23.673295070329985,23.830416847168625,23.830416847168625,,0.9459339275689608,0.9459339275689608,0.0,0.0,36.54065291305041,36.54065291305041,0.0,0.0,0.7858204927537722,0.7858204927537722,0.0,0.0,0.97,0.97,0.96,0.96,35.44443332565889,35.44443332565889,0.0,0.0,70.88886665131778,1701.3327996316268,0.137176025600529,5.917352575600999e-05
1958-09-15,1958-09-26,448.7655,0.9091709283658698,408.00454625357366,0.643,1958,9,15,1958.09,1957,12,350,50,0.0352515927963087,5.727836216568846,0.0140386578266434,0.06,1,Wet,48,8,7,4,79,146.0,0.3578391499325632,262.00454625357366,262.00454625357366,,1,262.00454625357366,0.0,0.0,0.0,0.0,0.0,0.0,0.0,0.0,0.0,48.0,8.0,7.0,4.0,79.0,325.00454625357366,990.0,965.436020458141,24.563979541859,0.1502359510645214,0.0226661458316867,989.827097903104,0.28,0.01,0.01,0.01,24.111077444962888,24.381077444962887,24.381077444962887,24.381077444962887,,0.9456025338376548,0.0,0.0,0.0,58.58315702546085,0.0,0.0,0.0,1.2598528392572226,0.0,0.0,0.0,0.98,0.96,0.96,0.96,48.2,0.0,0.0,0.0,48.2,1156.8000000000002,0.1181359385393805,5.110174262369797e-05
1958-10-15,1958-10-26,387.9749,0.9026852126280548,350.2192051008483,0.7090000000000001,1958,10,15,1958.1,1958,1,15,3,0.0302589393207132,3.7631056119853374,0.0107450007229093,0.04,1,Wet,44,7,6,3,60,120.0,0.3426425457320226,230.21920510084828,230.21920510084828,,1,230.21920510084828,0.0,0.0,0.0,0.0,0.0,0.0,0.0,0.0,0.0,44.0,7.0,6.0,3.0,60.0,287.2192051008483,990.0,965.1510960255042,24.848903974495784,0.1369003318124902,0.0153186324335721,989.847781035754,0.2532959268861452,0.01,0.01,0.01,24.44338908336352,24.686685010249665,24.686685010249665,24.686685010249665,,0.9581992216341916,0.0,0.0,0.0,52.88073514871365,0.0,0.0,0.0,1.1372201107250248,0.0,0.0,0.0,0.98,0.96,0.96,0.96,48.2,0.0,0.0,0.0,48.2,1156.8000000000002,0.1376280892023624,5.815713282053878e-05
1958-11-15,1958-11-26,443.8904,0.9076618404997884,402.90237744418727,0.648,1958,11,15,1958.11,1958,2,46,7,0.0348107654111777,4.755624117456762,0.0118034153772536,0.04,1,Wet,42,7,6,3,56,114.0,0.2829469528652559,288.90237744418727,288.90237744418727,,2,144.45118872209363,144.45118872209363,0.0,0.0,0.0,0.0,0.0,0.0,0.0,0.0,42.0,7.0,6.0,3.0,56.0,343.90237744418727,990.0,965.4130606984988,24.58693930150116,0.1569055820314237,0.0353619221536564,989.8077324958148,0.1375091047748264,0.1375091047748264,0.01,0.01,24.257162692541225,24.257162692541225,24.38467179731605,24.38467179731605,,0.938118141929216,0.938118141929216,0.0,0.0,32.23720309616233,32.23720309616233,0.0,0.0,0.693273184863706,0.693273184863706,0.0,0.0,0.97,0.97,0.96,0.96,31.27008700327746,31.27008700327746,0.0,0.0,62.54017400655492,1500.964176157318,0.1552241374282245,6.013197506736509e-05
1958-12-15,1958-12-26,750.7725,0.8881602932782826,666.8063237852695,0.452,1958,12,15,1958.12,1958,3,76,11,0.0576120663750472,0.0,0.0,0.06,1,Wet,44,8,6,4,64,126.0,0.188960415499262,540.8063237852695,540.8063237852695,,2,270.4031618926347,270.4031618926347,0.0,0.0,0.0,0.0,0.0,0.0,0.0,0.0,44.0,8.0,6.0,4.0,64.0,598.8063237852695,990.0,966.567225295141,23.43277470485896,0.2668169578397248,0.16225862428856,989.5709244178717,0.28,0.28,0.01,0.01,22.723699122730608,22.723699122730608,22.993699122730607,22.993699122730607,,0.9489081217686964,0.9489081217686964,0.0,0.0,57.18125187744706,57.18125187744706,0.0,0.0,1.2297043414504745,1.2297043414504745,0.0,0.0,0.98,0.98,0.96,0.96,48.2,48.2,0.0,0.0,96.4,2313.6000000000004,0.1445697147153084,4.9514542637652417e-05
1959-01-15,1959-01-26,901.4559,0.907115570001353,817.7246825595828,0.391,1959,1,15,1959.01,1958,4,107,16,0.0706514125731479,0.0,0.0,0.09,1,Wet,49,8,7,5,81,150.0,0.1834358228376827,667.7246825595828,667.7246825595828,,3,222.5748941865276,222.5748941865276,222.5748941865276,0.0,0.0,0.0,0.0,0.0,0.0,0.0,49.0,8.0,7.0,5.0,81.0,731.7246825595828,990.0,967.1708987302384,22.829101269761736,0.3423531521953219,0.2470400879498013,989.4106067598548,0.2429761071518122,0.2429761071518122,0.2429761071518122,0.01,21.99673192246481,21.99673192246481,21.99673192246481,22.22970802961662,,0.9567397527386056,0.9567397527386056,0.9567397527386056,0.0,45.93744711622724,45.93744711622724,45.93744711622724,0.0,0.987902088521016,0.987902088521016,0.987902088521016,0.0,0.98,0.98,0.98,0.96,45.01869817390269,45.01869817390269,45.01869817390269,0.0,135.05609452170808,3241.346268520994,0.1651608388522225,5.618420704140732e-05
1959-02-15,1959-02-26,1156.5974,0.9338086699838878,1080.0406798008228,0.311,1959,2,15,1959.02,1958,5,138,20,0.093315514734791,13.692555692460244,0.0126778147791483,0.39,2,Mod_Wet,49,8,7,5,93,162.0,0.14999435024047,918.0406798008228,918.0406798008228,,4,229.5101699502057,229.5101699502057,229.5101699502057,229.5101699502057,0.0,0.0,0.0,0.0,0.0,0.0,49.0,8.0,7.0,5.0,93.0,982.0406798008228,990.0,968.1515564222312,21.84844357776888,0.5538748159938033,0.3833316890235982,989.0627934949824,0.2523387294327777,0.2523387294327777,0.2523387294327777,0.2523387294327777,20.65889834331864,20.65889834331864,20.65889834331864,20.65889834331864,,0.9552674894409248,0.9552674894409248,0.9552674894409248,0.9552674894409248,44.41941046978103,44.41941046978103,44.41941046978103,44.41941046978103,0.955256139135076,0.955256139135076,0.955256139135076,0.955256139135076,0.98,0.98,0.98,0.98,43.531022260385406,43.531022260385406,43.531022260385406,43.531022260385406,174.12408904154162,4178.978136996999,0.1612199357839493,5.268590333277298e-05
1959-03-15,1959-03-26,2219.8507,1.0053779694075775,2231.78898915399,0.151,1959,3,15,1959.03,1958,6,166,24,0.1928265686629047,190.13081342450985,0.0851921101629698,0.64,3,Normal,49,9,9,9,107,183.0,0.0819969992187165,2048.78898915399,1100.0,,4,275.0,275.0,275.0,275.0,948.78898915399,50.99999999999997,9.0,16.0,46.66175356495032,826.1272355890396,100.0,18.0,25.0,55.66175356495032,933.1272355890396,1243.0,990.0,971.6594906634753,18.34050933652486,0.9262894125183112,0.648,988.4257105874816,0.28,0.28,0.28,0.28,16.486219924006576,16.486219924006576,16.486219924006576,16.486219924006576,,0.9464586597720196,0.9464586597720196,0.9464586597720196,0.9464586597720196,42.0817829017525,42.0817829017525,42.0817829017525,42.0817829017525,0.9049845785323116,0.9049845785323116,0.9049845785323116,0.9049845785323116,0.98,0.98,0.98,0.98,41.240147243717445,41.240147243717445,41.240147243717445,41.240147243717445,164.96058897486978,3959.0541353968742,0.0739140616682591,4.165671438759338e-05
1959-04-15,1959-04-26,3068.5746,1.0230557447200064,3139.322872631896,0.076,1959,4,15,1959.04,1958,7,197,29,0.2712374961953958,88.58187586746452,0.0282168733390588,0.33,2,Mod_Wet,70,14,18,25,168,295.0,0.0939693086594443,2844.322872631896,1100.0,,4,275.0,275.0,275.0,275.0,1744.3228726318962,30.0,4.0,7.0,55.0,1648.3228726318962,100.0,18.0,25.0,80.0,1816.322872631896,1243.0,990.0,973.8500896925598,16.149910307440223,0.9262894125183112,0.648,988.4257105874816,0.28,0.28,0.28,0.28,14.29562089492194,14.29562089492194,14.29562089492194,14.29562089492194,,0.9367737253695316,0.9367737253695316,0.9367737253695316,0.9367737253695316,36.116787761547904,36.116787761547904,36.116787761547904,36.116787761547904,0.7767051131515679,0.7767051131515679,0.7767051131515679,0.7767051131515679,0.97,0.97,0.97,0.97,35.03328412870147,35.03328412870147,35.03328412870147,35.03328412870147,140.13313651480587,3363.195276355341,0.0446380134189011,3.5387155685557035e-05
1959-05-15,1959-05-26,1912.8444,1.0019327227762016,1916.5413979392097,0.185,1959,5,15,1959.05,1958,8,227,33,0.1655891767819477,35.993069720155525,0.0187802203275429,0.64,3,Normal,55,13,13,17,178,276.0,0.1440094121091113,1640.5413979392097,1100.0,,4,275.0,275.0,275.0,275.0,540.5413979392097,45.000000000000014,5.0,12.0,33.29421653973393,445.2471813994757,100.0,18.0,25.0,50.29421653973393,623.2471813994757,1243.0,990.0,970.830364516419,19.169635483581036,0.9262894125183112,0.648,988.4257105874816,0.28,0.28,0.28,0.28,17.31534607106275,17.31534607106275,17.31534607106275,17.31534607106275,,0.949024874730954,0.949024874730954,0.949024874730954,0.949024874730954,44.31800121524863,44.31800121524863,44.31800121524863,44.31800121524863,0.9530752949515834,0.9530752949515834,0.9530752949515834,0.9530752949515834,0.98,0.98,0.98,0.98,43.43164119094366,43.43164119094366,43.43164119094366,43.43164119094366,173.72656476377463,4169.437554330591,0.0906458712295892,4.387034463731683e-05
1959-06-15,1959-06-26,1130.1421,0.9379332643780708,1059.9978690640885,0.316,1959,6,15,1959.06,1958,9,258,37,0.0915838158871372,29.458180421074303,0.0277907921145954,0.68,3,Normal,53,12,12,13,120,210.0,0.1981136058182992,849.9978690640885,849.9978690640885,,4,212.49946726602207,212.49946726602207,212.49946726602207,212.49946726602207,0.0,0.0,0.0,0.0,0.0,0.0,53.0,12.0,12.0,13.0,120.0,926.9978690640884,990.0,968.0885647313444,21.911435268655737,0.5035098963990351,0.3503989686270188,989.146091134974,0.2293742808091299,0.2293742808091299,0.2293742808091299,0.2293742808091299,20.82815212282058,20.82815212282058,20.82815212282058,20.82815212282058,,0.9539758426066236,0.9539758426066236,0.9539758426066236,0.9539758426066236,41.40803896722339,41.40803896722339,41.40803896722339,41.40803896722339,0.890495461660718,0.890495461660718,0.890495461660718,0.890495461660718,0.9790495461660718,0.9790495461660718,0.9790495461660718,0.9790495461660718,40.540521758487074,40.540521758487074,40.540521758487074,40.540521758487074,162.1620870339483,3891.890088814759,0.1529834085205541,5.299427894530455e-05
1959-07-15,1959-07-26,581.8096,0.8882166996280455,516.7730027239134,0.54,1959,7,15,1959.07,1958,10,288,42,0.0446491874353461,6.246230046971049,0.0120869898660478,0.56,3,Normal,50,10,9,9,108,186.0,0.3599259230253767,330.7730027239133,330.7730027239133,,2,165.38650136195668,165.38650136195668,0.0,0.0,0.0,0.0,0.0,0.0,0.0,0.0,50.0,10.0,9.0,9.0,108.0,399.77300272391335,990.0,965.9254785122577,24.07452148774246,0.1766240591808512,0.0551248572856871,989.7682510835334,0.1657717768386415,0.1657717768386415,0.01,0.01,23.67700079443723,23.67700079443723,23.83277257127587,23.83277257127587,,0.9456335085631992,0.9456335085631992,0.0,0.0,36.31518838094519,36.31518838094519,0.0,0.0,0.7809717931386062,0.7809717931386062,0.0,0.0,0.97,0.97,0.96,0.96,35.22573272951683,35.22573272951683,0.0,0.0,70.45146545903366,1690.8351710168076,0.1363296168485652,5.916399269360148e-05
1959-08-15,1959-08-26,424.724,0.9100759486875,386.53109723034976,0.6709999999999999,1959,8,15,1959.08,1958,11,319,46,0.0333962868007022,0.0,0.0,0.47,3,Normal,47,8,6,5,89,155.0,0.4010026647548855,231.53109723034976,231.53109723034976,,1,231.53109723034976,0.0,0.0,0.0,0.0,0.0,0.0,0.0,0.0,0.0,47.0,8.0,6.0,5.0,89.0,292.53109723034976,990.0,965.3326554861516,24.66734451384832,0.1387750633561482,0.0154301432645797,989.8457947933794,0.2550669812609721,0.01,0.01,0.01,24.258072325966705,24.503139307227677,24.503139307227677,24.503139307227677,,0.9575067800170054,0.0,0.0,0.0,52.74073450838179,0.0,0.0,0.0,1.134209344266275,0.0,0.0,0.0,0.98,0.96,0.96,0.96,48.2,0.0,0.0,0.0,48.2,1156.8000000000002,0.1246988931689386,5.782760522906482e-05
1959-09-15,1959-09-26,301.2308,0.93390939438871,281.3222739992266,0.8160000000000001,1959,9,15,1959.09,1958,12,350,50,0.0243062444735331,2.2856946167617025,0.008124826322028,0.46,3,Normal,40,6,4,3,65,118.0,0.4194477682926891,163.32227399922658,163.32227399922658,,1,163.32227399922658,0.0,0.0,0.0,0.0,0.0,0.0,0.0,0.0,0.0,40.0,6.0,4.0,3.0,65.0,213.32227399922655,990.0,964.8252890959968,25.174710904003064,0.1108195688805681,0.0096323932899342,989.8795480378296,0.1629850698989559,0.01,0.01,0.01,24.89127387193363,25.044258941832584,25.044258941832584,25.044258941832584,,0.9434090614817856,0.0,0.0,0.0,37.61242062488063,0.0,0.0,0.0,0.808869260750121,0.0,0.0,0.0,0.970886926075012,0.96,0.96,0.96,36.517407442730736,0.0,0.0,0.0,36.517407442730736,876.4177786255377,0.1298063140312563,6.210863981538406e-05
1959-10-15,1959-10-26,212.2351,0.9734329677943336,206.5966432631272,0.942,1959,10,15,1959.1,1959,1,15,3,0.0178499499779341,0.0,0.0,0.5700000000000001,3,Normal,37,5,3,2,50,97.0,0.4695139207874647,109.5966432631272,109.5966432631272,,1,109.5966432631272,0.0,0.0,0.0,0.0,0.0,0.0,0.0,0.0,0.0,37.0,5.0,3.0,2.0,50.0,154.5966432631272,990.0,964.4395798595788,25.56042014042123,0.0900932619710678,0.0050657146773658,989.9048410233517,0.0904554684052217,0.01,0.01,0.01,25.374805695367545,25.455261163772764,25.455261163772764,25.455261163772764,,0.9174828251286968,0.0,0.0,0.0,25.02284125746949,0.0,0.0,0.0,0.5381256184402041,0.0,0.0,0.0,0.97,0.96,0.96,0.96,24.27215601974541,0.0,0.0,0.0,24.27215601974541,582.5317444738897,0.1174857230803683,6.151890569178377e-05
1959-11-15,1959-11-26,250.8784,0.9414693900674836,236.1943342291061,0.893,1959,11,15,1959.11,1959,2,46,7,0.0204071904773947,1.4264542030990697,0.0060393243883463,0.59,3,Normal,36,5,3,2,47,93.0,0.3937435684201931,143.19433422910612,143.19433422910612,,1,143.19433422910612,0.0,0.0,0.0,0.0,0.0,0.0,0.0,0.0,0.0,36.0,5.0,3.0,2.0,47.0,187.1943342291061,990.0,964.6171660053748,25.382833994625344,0.1015980406703338,0.007921518409474,989.8904804409202,0.1358123512092932,0.01,0.01,0.01,25.137502084336266,25.26331443554556,25.26331443554556,25.26331443554556,,0.9361114479318982,0.0,0.0,0.0,33.04564325015836,0.0,0.0,0.0,0.7106589946270614,0.0,0.0,0.0,0.97,0.96,0.96,0.96,32.0542739526536,0.0,0.0,0.0,32.0542739526536,769.3025748636865,0.1357114431100675,6.218098666251821e-05
1959-12-15,1959-12-26,424.724,0.9100759486875,386.53109723034976,0.6709999999999999,1959,12,15,1959.12,1959,3,76,11,0.0333962868007022,5.694154871148385,0.0147314275926291,0.68,3,Normal,38,5,4,3,54,104.0,0.2690598524806973,282.53109723034976,282.53109723034976,,2,141.26554861517488,141.26554861517488,0.0,0.0,0.0,0.0,0.0,0.0,0.0,0.0,38.0,5.0,4.0,3.0,54.0,329.53109723034976,990.0,965.3326554861516,24.66734451384832,0.1518335113487388,0.032354677892725,989.8158118107584,0.1332084906304861,0.1332084906304861,0.01,0.01,24.34994783397637,24.34994783397637,24.47315632460685,24.47315632460685,,0.9366119294652474,0.9366119294652474,0.0,0.0,31.596041826967344,31.596041826967344,0.0,0.0,0.679484770472416,0.679484770472416,0.0,0.0,0.97,0.97,0.96,0.96,30.64816057215832,30.64816057215832,0.0,0.0,61.29632114431664,1471.1117074635995,0.1585805685067239,6.026506830693842e-05
1960-01-15,1960-01-26,635.1294,0.8861628436789661,562.8280752081156,0.506,1960,1,15,1960.01,1959,4,107,16,0.0486283456979812,0.0,0.0,0.53,3,Normal,41,6,4,3,66,120.0,0.2132089803011832,442.8280752081156,442.8280752081156,,2,221.4140376040578,221.4140376040578,0.0,0.0,0.0,0.0,0.0,0.0,0.0,0.0,41.0,6.0,4.0,3.0,66.0,493.8280752081156,990.0,966.1327263384364,23.86727366156356,0.209819012490967,0.1080148514982305,989.6821661360108,0.241408950765478,0.241408950765478,0.01,0.01,23.30803084680897,23.30803084680897,23.53943979757445,23.53943979757445,,0.9577481505247576,0.9577481505247576,0.0,0.0,48.4730957838668,48.4730957838668,0.0,0.0,1.0424321673949848,1.0424321673949848,0.0,0.0,0.98,0.98,0.96,0.96,47.50363386818946,47.50363386818946,0.0,0.0,95.00726773637892,2280.174425673094,0.1688033556272904,5.9596283935129406e-05
1960-02-15,1960-02-26,901.4559,0.907115570001353,817.7246825595828,0.391,1960,2,15,1960.02,1959,5,138,20,0.0706514125731479,0.0,0.0,0.67,3,Normal,43,7,5,4,78,137.0,0.1675380515250835,680.7246825595828,680.7246825595828,,3,226.90822751986093,226.90822751986093,226.90822751986093,0.0,0.0,0.0,0.0,0.0,0.0,0.0,43.0,7.0,5.0,4.0,78.0,735.7246825595828,990.0,967.1708987302384,22.829101269761736,0.3446263128046506,0.2557240879498013,989.3996495992455,0.2488261071518122,0.2488261071518122,0.2488261071518122,0.01,21.97992476185547,21.97992476185547,21.97992476185547,22.218750869007284,,0.9570110389277284,0.9570110389277284,0.9570110389277284,0.0,46.80929407463648,46.80929407463648,46.80929407463648,0.0,1.006651485476053,1.006651485476053,1.006651485476053,0.0,0.98,0.98,0.98,0.96,45.87310819314375,45.87310819314375,45.87310819314375,0.0,137.61932457943124,3302.8637899063497,0.1682954269506273,5.615719708768914e-05
1960-03-15,1960-03-26,2287.4661,1.006148957666809,2301.531632213161,0.143,1960,3,15,1960.03,1959,6,167,24,0.1988523330232171,146.3226749490368,0.0635762172029468,0.67,3,Normal,49,9,9,9,107,183.0,0.0795122680212856,2118.531632213161,1100.0,,4,275.0,275.0,275.0,275.0,1018.5316322131612,51.0,9.0,16.0,50.09171961704071,892.4399125961204,100.0,18.0,25.0,59.09171961704071,999.4399125961204,1243.0,990.0,971.8278349743076,18.17216502569238,0.9262894125183112,0.648,988.4257105874816,0.28,0.28,0.28,0.28,16.317875613174095,16.317875613174095,16.317875613174095,16.317875613174095,,0.9459536268395224,0.9459536268395224,0.9459536268395224,0.9459536268395224,41.629851171411005,41.629851171411005,41.629851171411005,41.629851171411005,0.895265616589484,0.895265616589484,0.895265616589484,0.895265616589484,0.9795265616589484,0.9795265616589484,0.9795265616589484,0.9795265616589484,40.77754498030597,40.77754498030597,40.77754498030597,40.77754498030597,163.11017992122387,3914.6443181093728,0.070870275097795,4.118943937404643e-05
1960-04-15,1960-04-26,4337.6663,0.9996331882875896,4336.075193196632,0.029,1960,4,15,1960.04,1959,7,198,29,0.3746368966921889,143.1663672537779,0.0330175010521976,0.16,2,Mod_Wet,70,14,18,25,168,295.0,0.0680338755339989,4041.075193196632,1100.0,,4,275.0,275.0,275.0,275.0,2941.0751931966324,30.0,4.0,7.0,55.00000000000003,2845.075193196632,100.0,18.0,25.0,80.0,3013.075193196632,1243.0,990.0,976.2950176035498,13.704982396450191,0.9262894125183112,0.648,988.4257105874816,0.28,0.28,0.28,0.28,11.850692983931909,11.850692983931909,11.850692983931909,11.850692983931909,,0.9185069298393193,0.9185069298393193,0.9185069298393193,0.9185069298393193,29.356047218508863,29.356047218508863,29.356047218508863,29.356047218508863,0.6313128434087928,0.6313128434087928,0.6313128434087928,0.6313128434087928,0.97,0.97,0.97,0.97,28.4753658019536,28.4753658019536,28.4753658019536,28.4753658019536,113.9014632078144,2733.635116987545,0.0262683321051552,2.876299575954909e-05
1960-05-15,1960-05-26,2179.8933,1.0070301010933984,2195.2181702718217,0.155,1960,5,15,1960.05,1959,8,228,33,0.1896668499114853,36.570818882168176,0.0166593094834122,0.47,3,Normal,55,13,13,17,178,276.0,0.12572782229013,1919.2181702718217,1100.0,,4,275.0,275.0,275.0,275.0,819.2181702718217,45.0,5.0,12.0,50.459090197902064,706.7590800739197,100.0,18.0,25.0,67.45909019790207,884.7590800739197,1243.0,990.0,971.57121627307,18.42878372693008,0.9262894125183112,0.648,988.4257105874816,0.28,0.28,0.28,0.28,16.574494314411794,16.574494314411794,16.574494314411794,16.574494314411794,,0.9467234829432354,0.9467234829432354,0.9467234829432354,0.9467234829432354,42.31894477548183,42.31894477548183,42.31894477548183,42.31894477548183,0.9100848338813295,0.9100848338813295,0.9100848338813295,0.9100848338813295,0.98,0.98,0.98,0.98,41.47256587997219,41.47256587997219,41.47256587997219,41.47256587997219,165.89026351988875,3981.3663244773297,0.0755689187372877,4.189148068684059e-05
1960-06-15,1960-06-26,1392.323,0.9273803807430936,1291.2130338573666,0.261,1960,6,15,1960.06,1959,9,259,37,0.1115608061252764,6.280409644496332,0.004863960849074,0.44,3,Normal,53,12,12,13,120,210.0,0.1626377634778411,1081.2130338573666,1081.2130338573666,,4,270.30325846434164,270.30325846434164,270.30325846434164,270.30325846434164,0.0,0.0,0.0,0.0,0.0,0.0,53.0,12.0,12.0,13.0,120.0,1158.2130338573666,990.0,968.8152409635516,21.184759036448327,0.7837854429404775,0.6057293261790748,988.6104852308804,0.28,0.28,0.28,0.28,19.51524426732871,19.51524426732871,19.51524426732871,19.51524426732871,,0.9538488475250422,0.9538488475250422,0.9538488475250422,0.9538488475250422,49.34504296881122,49.34504296881122,49.34504296881122,49.34504296881122,1.0611837197593812,1.0611837197593812,1.0611837197593812,1.0611837197593812,0.98,0.98,0.98,0.98,48.2,48.2,48.2,48.2,192.8,4627.200000000001,0.1493169561834655,4.953284309243779e-05
1960-07-15,1960-07-26,697.8704,0.8821520065429723,615.6277736669467,0.475,1960,7,15,1960.07,1959,10,289,42,0.0531902396448241,14.484825017124992,0.0235285437673597,0.29,2,Mod_Wet,58,11,11,11,136,227.0,0.368729303175991,388.6277736669467,388.6277736669467,,2,194.31388683347336,194.31388683347336,0.0,0.0,0.0,0.0,0.0,0.0,0.0,0.0,58.0,11.0,11.0,11.0,136.0,468.6277736669467,990.0,966.3625110946678,23.637488905332248,0.200925044191698,0.0824323091707988,989.7166426466376,0.204823747225189,0.204823747225189,0.01,0.01,23.149307804744584,23.149307804744584,23.34413155196977,23.34413155196977,,0.9533805958897938,0.9533805958897938,0.0,0.0,42.05782954632875,42.05782954632875,0.0,0.0,0.9044694526092204,0.9044694526092204,0.0,0.0,0.98,0.98,0.96,0.96,41.216672955402174,41.216672955402174,0.0,0.0,82.43334591080435,1978.4003018593044,0.1339012783971644,5.892052291021736e-05
1960-08-15,1960-08-26,453.6742,0.9119592484433596,413.7323824701425,0.64,1960,8,15,1960.08,1959,11,320,46,0.0357464778454203,4.125389465486137,0.0099711543990247,0.39,2,Mod_Wet,54,9,8,6,107,184.0,0.4447319276810018,229.7323824701425,229.7323824701425,,1,229.7323824701425,0.0,0.0,0.0,0.0,0.0,0.0,0.0,0.0,0.0,54.0,9.0,8.0,6.0,107.0,300.7323824701425,990.0,965.4617957211155,24.538204278884336,0.1416695513771275,0.0152772525099621,989.8430531961128,0.2526387163346923,0.01,0.01,0.01,24.12861875866256,24.37125747499725,24.37125747499725,24.37125747499725,,0.9575608508246128,0.0,0.0,0.0,52.05467740645545,0.0,0.0,0.0,1.119455428095816,0.0,0.0,0.0,0.98,0.96,0.96,0.96,48.2,0.0,0.0,0.0,48.2,1156.8000000000002,0.1165004288816537,5.828037277517458e-05
1960-09-15,1960-09-26,316.6956,0.9306200236043244,294.72326674738565,0.794,1960,9,15,1960.09,1959,12,351,51,0.0254640902469741,7.581525118736181,0.0257242164909718,0.36,2,Mod_Wet,46,7,6,4,75,138.0,0.4682358523064386,156.72326674738565,156.72326674738565,,1,156.72326674738565,0.0,0.0,0.0,0.0,0.0,0.0,0.0,0.0,0.0,46.0,7.0,6.0,4.0,75.0,215.72326674738565,990.0,964.8788930669896,25.121106933010424,0.1116669809373071,0.0090714776735277,989.8792615413892,0.1540764101089706,0.01,0.01,0.01,24.84629206429061,24.990368474399578,24.990368474399578,24.990368474399578,,0.9414781005168036,0.0,0.0,0.0,35.95373254666977,0.0,0.0,0.0,0.7731985493907477,0.0,0.0,0.0,0.97,0.96,0.96,0.96,34.87512057026967,0.0,0.0,0.0,34.87512057026967,837.0028936864721,0.1183317522065944,6.181298854213155e-05
1960-10-15,1960-10-26,224.6649,0.98159746285063,220.53049583159049,0.926,1960,10,15,1960.1,1960,1,15,3,0.0190538348398494,0.0,0.0,0.52,3,Normal,37,5,3,2,50,97.0,0.4398484646498716,123.53049583159049,123.53049583159049,,1,123.53049583159049,0.0,0.0,0.0,0.0,0.0,0.0,0.0,0.0,0.0,37.0,5.0,3.0,2.0,50.0,168.53049583159049,990.0,964.5231829749896,25.476817025010405,0.0950109688845935,0.0062500921456851,989.8987389389696,0.1092661693726471,0.01,0.01,0.01,25.26628979460746,25.365555963980103,25.365555963980103,25.365555963980103,,0.9275646892016616,0.0,0.0,0.0,28.392168551421246,0.0,0.0,0.0,0.6105842699230376,0.0,0.0,0.0,0.97,0.96,0.96,0.96,27.540403494878607,0.0,0.0,0.0,27.540403494878607,660.9696838770866,0.12488251745423,6.19289352836416e-05
1960-11-15,1960-11-26,308.9022,0.9297022486736368,287.1870699602335,0.8029999999999999,1960,11,15,1960.11,1960,2,46,7,0.0248129628445641,3.5791013442452027,0.0124626131139566,0.53,3,Normal,36,5,3,2,47,93.0,0.3238307351820457,194.1870699602335,194.1870699602335,,1,194.1870699602335,0.0,0.0,0.0,0.0,0.0,0.0,0.0,0.0,0.0,36.0,5.0,3.0,2.0,47.0,238.1870699602335,990.0,964.848748279841,25.151251720159053,0.1195953700098041,0.0122559009466198,989.8681487290436,0.2046525444463152,0.01,0.01,0.01,24.81474790475632,25.009400449202637,25.009400449202637,25.009400449202637,,0.952948494693768,0.0,0.0,0.0,45.0337698728453,0.0,0.0,0.0,0.968468169308501,0.0,0.0,0.0,0.98,0.96,0.96,0.96,44.13309447538839,0.0,0.0,0.0,44.13309447538839,1059.1942674093214,0.153673682041115,6.313084034040269e-05
1960-12-15,1960-12-26,420.0154,0.9067213782142306,380.8369423592014,0.675,1960,12,15,1960.12,1960,3,76,11,0.032904311819835,0.0,0.0,0.45,3,Normal,38,5,4,3,54,104.0,0.2730827512576453,276.8369423592014,276.8369423592014,,2,138.4184711796007,138.4184711796007,0.0,0.0,0.0,0.0,0.0,0.0,0.0,0.0,38.0,5.0,4.0,3.0,54.0,323.8369423592014,990.0,965.304184711796,24.695815288204017,0.1498238674231537,0.029667036793543,989.8205090957832,0.1293649360924609,0.1293649360924609,0.01,0.01,24.38695944789489,24.38695944789489,24.50632438398735,24.50632438398735,,0.9353468885953532,0.9353468885953532,0.0,0.0,30.9644314158379,30.9644314158379,0.0,0.0,0.6659017508782344,0.6659017508782344,0.0,0.0,0.97,0.97,0.96,0.96,30.03549847336276,30.03549847336276,0.0,0.0,60.07099694672552,1441.7039267214125,0.1577341645865521,6.027514932998419e-05
1961-01-15,1961-01-26,635.1294,0.8861628436789661,562.8280752081156,0.506,1961,1,15,1961.01,1960,4,107,16,0.0486283456979812,0.0,0.0,0.68,3,Normal,41,6,4,3,66,120.0,0.2132089803011832,442.8280752081156,442.8280752081156,,2,221.4140376040578,221.4140376040578,0.0,0.0,0.0,0.0,0.0,0.0,0.0,0.0,41.0,6.0,4.0,3.0,66.0,493.8280752081156,990.0,966.1327263384364,23.86727366156356,0.209819012490967,0.1080148514982305,989.6821661360108,0.241408950765478,0.241408950765478,0.01,0.01,23.30803084680897,23.30803084680897,23.53943979757445,23.53943979757445,,0.9577481505247576,0.9577481505247576,0.0,0.0,48.4730957838668,48.4730957838668,0.0,0.0,1.0424321673949848,1.0424321673949848,0.0,0.0,0.98,0.98,0.96,0.96,47.50363386818946,47.50363386818946,0.0,0.0,95.00726773637892,2280.174425673094,0.1688033556272904,5.9596283935129406e-05
1961-02-15,1961-02-26,963.4877,0.9186515277026396,885.1094475277025,0.3670000000000001,1961,2,15,1961.02,1960,5,138,20,0.0764734562663935,8.170535620261147,0.0092311020327296,0.54,3,Normal,43,7,5,4,78,137.0,0.1547831179326691,748.1094475277025,748.1094475277025,,3,249.3698158425675,249.3698158425675,249.3698158425675,0.0,0.0,0.0,0.0,0.0,0.0,0.0,43.0,7.0,5.0,4.0,78.0,803.1094475277025,990.0,967.4404377901108,22.55956220988924,0.3901503076373614,0.3007371109485053,989.3091125814142,0.2791492513874661,0.2791492513874661,0.2791492513874661,0.01,21.589525539915957,21.589525539915957,21.589525539915957,21.858674791303415,,0.9568068790357492,0.9568068790357492,0.9568068790357492,0.0,50.51844467042463,50.51844467042463,50.51844467042463,0.0,1.0864181649553684,1.0864181649553684,1.0864181649553684,0.0,0.98,0.98,0.98,0.96,48.2,48.2,48.2,0.0,144.60000000000002,3470.4000000000005,0.1633696266647004,5.369089616419969e-05
1961-03-15,1961-03-26,2037.2697,1.0148234027606982,2067.468969295266,0.17,1961,3,15,1961.03,1960,6,166,24,0.1786293189471109,145.8177369069781,0.0705295891123738,0.61,3,Normal,49,9,9,9,107,183.0,0.0885140249831071,1884.468969295266,1100.0,,4,275.0,275.0,275.0,275.0,784.4689692952661,50.99999999999997,9.0,16.0,38.58044111288194,669.8885281823843,100.0,18.0,25.0,47.58044111288194,776.8885281823843,1243.0,990.0,971.2628561327816,18.737143867218265,0.9262894125183112,0.648,988.4257105874816,0.28,0.28,0.28,0.28,16.88285445469998,16.88285445469998,16.88285445469998,16.88285445469998,,0.9476485633641,0.9476485633641,0.9476485633641,0.9476485633641,43.148388297859405,43.148388297859405,43.148388297859405,43.148388297859405,0.9279223289862236,0.9279223289862236,0.9279223289862236,0.9279223289862236,0.98,0.98,0.98,0.98,42.28542053190222,42.28542053190222,42.28542053190222,42.28542053190222,169.14168212760887,4059.400371062613,0.0818109894946882,4.271254599182042e-05
1961-04-15,1961-04-26,5941.8743,1.0234678093991625,6081.317073546183,0.006,1961,4,15,1961.04,1960,7,197,29,0.5254257951543903,19.421222804377063,0.0031935882588427,0.03,1,Wet,84,14,20,27,219,364.0,0.0598554549282433,5717.317073546183,0.0,,0,275.0,275.0,275.0,275.0,5717.317073546183,1116.0,4.0,4.999999999999972,53.0,4539.317073546183,1200.0,18.0,25.0,80.0,4758.317073546183,1243.0,990.0944536472988,979.1508331711972,10.943620476101614,0.8910060870494588,0.648,988.5554475602491,0.28,0.28,0.28,0.28,9.124614389052086,9.124614389052086,9.124614389052086,9.124614389052086,1.0,0.7918428766135155,0.7918428766135155,0.7918428766135155,0.7918428766135155,19.486100024382733,19.486100024382733,19.486100024382733,19.486100024382733,0.4190559145028544,0.4190559145028544,0.4190559145028544,0.4190559145028544,0.9619055914502854,0.9619055914502854,0.9619055914502854,0.9619055914502854,18.743788569013294,18.743788569013294,18.743788569013294,18.743788569013294,74.97515427605317,1799.4037026252763,0.0123287691415065,inf
1961-05-15,1961-05-26,3304.0166,1.0414612372122911,3441.005216005948,0.061,1961,5,15,1961.05,1960,8,227,33,0.2973028506629138,26.065558701163354,0.0075749837808784,0.08,1,Wet,71,14,18,24,213,340.0,0.0988083361276172,3101.005216005948,1100.0,,4,275.0,275.0,275.0,275.0,2001.005216005948,29.0,4.0,7.0,56.0,1905.005216005948,100.0,18.0,25.0,80.0,2118.005216005948,1243.0,990.0,974.4954634339172,15.50453656608272,0.9262894125183112,0.648,988.4257105874816,0.28,0.28,0.28,0.28,13.650247153564438,13.650247153564438,13.650247153564438,13.650247153564438,,0.9329014829213866,0.9329014829213866,0.9329014829213866,0.9329014829213866,34.34374821996255,34.34374821996255,34.34374821996255,34.34374821996255,0.738575230536829,0.738575230536829,0.738575230536829,0.738575230536829,0.97,0.97,0.97,0.97,33.31343577336367,33.31343577336367,33.31343577336367,33.31343577336367,133.2537430934547,3198.0898342429127,0.0387252371701212,3.3649935124609775e-05
1961-06-15,1961-06-26,1840.5463,0.9955175444855696,1832.2961330880007,0.193,1961,6,15,1961.06,1960,9,258,37,0.1583103858988032,39.40547437067085,0.0215060620710147,0.12,2,Mod_Wet,62,12,14,16,153,257.0,0.1402611703201454,1575.2961330880007,1100.0,,4,275.0,275.0,275.0,275.0,475.2961330880007,38.0,5.9999999999999964,11.0,29.590420736996155,390.7057123510046,100.0,18.0,25.0,45.59042073699615,543.7057123510046,1243.0,990.0,970.5581875068996,19.441812493100315,0.9262894125183112,0.648,988.4257105874816,0.28,0.28,0.28,0.28,17.58752308058203,17.58752308058203,17.58752308058203,17.58752308058203,,0.9499094500118916,0.9499094500118916,0.9499094500118916,0.9499094500118916,45.05658603720922,45.05658603720922,45.05658603720922,45.05658603720922,0.9689588395098756,0.9689588395098756,0.9689588395098756,0.9689588395098756,0.98,0.98,0.98,0.98,44.15545431646504,44.15545431646504,44.15545431646504,44.15545431646504,176.62181726586016,4238.923614380644,0.0963937073687954,4.460146900653034e-05
1961-07-15,1961-07-26,1036.4114,0.9189739555961264,952.4350838829192,0.343,1961,7,15,1961.07,1960,10,288,42,0.0822903912474842,24.34186112682585,0.0255575015439247,0.07,1,Wet,63,12,13,13,155,256.0,0.2687847227932119,696.4350838829192,696.4350838829192,,3,232.14502796097307,232.14502796097307,232.14502796097307,0.0,0.0,0.0,0.0,0.0,0.0,0.0,63.0,12.0,13.0,13.0,155.0,784.4350838829192,990.0,967.7097403355316,22.29025966446829,0.3730630112063803,0.26621863603379,989.3607183527598,0.2558957877473136,0.2558957877473136,0.2558957877473136,0.01,21.3950822294808,21.3950822294808,21.3950822294808,21.64097801722811,,0.9563632062069504,0.9563632062069504,0.9563632062069504,0.0,46.583799219600174,46.583799219600174,46.583799219600174,0.0,1.0018021337548424,1.0018021337548424,1.0018021337548424,0.0,0.98,0.98,0.98,0.96,45.65212323520817,45.65212323520817,45.65212323520817,0.0,136.95636970562452,3286.9528729349886,0.1437960151019177,5.462596142806585e-05
1961-08-15,1961-08-26,587.589,0.8901106602929673,523.0192327708844,0.536,1961,8,15,1961.08,1960,11,319,46,0.0451888617114044,4.3183651272617,0.0082566086611836,0.08,1,Wet,58,10,10,7,117,202.0,0.3862190668014857,321.0192327708844,321.0192327708844,,2,160.5096163854422,160.5096163854422,0.0,0.0,0.0,0.0,0.0,0.0,0.0,0.0,58.0,10.0,10.0,7.0,117.0,399.0192327708844,990.0,965.953586547469,24.046413452531056,0.1763580303773375,0.0505210778678574,989.7731208917548,0.159187982120347,0.159187982120347,0.01,0.01,23.66034636216555,23.66034636216555,23.809534344285897,23.809534344285897,,0.9441798193674308,0.9441798193674308,0.0,0.0,35.16540049662311,35.16540049662311,0.0,0.0,0.7562451719703894,0.7562451719703894,0.0,0.0,0.97,0.97,0.96,0.96,34.110438481724415,34.110438481724415,0.0,0.0,68.22087696344883,1637.301047122772,0.1304366506792187,5.903148991226654e-05
1961-09-15,1961-09-26,410.6973,0.908236127635729,373.01012538244936,0.6880000000000001,1961,9,15,1961.09,1960,12,350,50,0.0322280748330436,4.106635458252072,0.0110094476766321,0.12,2,Mod_Wet,46,7,6,4,75,138.0,0.3699631474038615,235.01012538244936,235.01012538244936,,1,235.01012538244936,0.0,0.0,0.0,0.0,0.0,0.0,0.0,0.0,0.0,46.0,7.0,6.0,4.0,75.0,294.01012538244936,990.0,965.2650506269122,24.73494937308783,0.1392970582805745,0.0157258606575082,989.844977081062,0.2597636692663066,0.01,0.01,0.01,24.320162784883397,24.569926454149694,24.569926454149694,24.569926454149694,,0.9570644117037514,0.0,0.0,0.0,53.64545319710398,0.0,0.0,0.0,1.1536656601527735,0.0,0.0,0.0,0.98,0.96,0.96,0.96,48.2,0.0,0.0,0.0,48.2,1156.8000000000002,0.1292190123541023,5.697154055426404e-05
1961-10-15,1961-10-26,282.5805,0.9441063439037743,266.78604271350054,0.847,1961,10,15,1961.1,1961,1,15,3,0.0230503140904464,0.0,0.0,0.17,2,Mod_Wet,41,6,4,3,56,110.0,0.4123154228054132,156.78604271350054,156.78604271350054,,1,156.78604271350054,0.0,0.0,0.0,0.0,0.0,0.0,0.0,0.0,0.0,41.0,6.0,4.0,3.0,56.0,207.7860427135005,990.0,964.767144170854,25.232855829145933,0.1088655983223408,0.0090768136306475,989.882057588047,0.1541611576632257,0.01,0.01,0.01,24.960752259529727,25.10491341719295,25.10491341719295,25.10491341719295,,0.941299043588926,0.0,0.0,0.0,36.12695726825082,0.0,0.0,0.0,0.7769238122204477,0.0,0.0,0.0,0.97,0.96,0.96,0.96,35.04314855020329,0.0,0.0,0.0,35.04314855020329,841.035565204879,0.131353005553727,6.208593419504574e-05
1961-11-15,1961-11-26,353.2963,0.921778111561846,325.6607962357874,0.746,1961,11,15,1961.11,1961,2,46,7,0.028137092794772,2.0342423969515835,0.0062465068576407,0.25,2,Mod_Wet,40,6,4,3,53,106.0,0.325492049473628,219.66079623578744,219.66079623578744,,1,219.66079623578744,0.0,0.0,0.0,0.0,0.0,0.0,0.0,0.0,0.0,40.0,6.0,4.0,3.0,53.0,269.6607962357874,990.0,965.028303981179,24.971696018821035,0.1307034245423,0.0144211676800419,989.8548754077776,0.239042074918313,0.01,0.01,0.01,24.58752935168035,24.81657142659866,24.81657142659866,24.81657142659866,,0.9581850897725814,0.0,0.0,0.0,50.752279489215695,0.0,0.0,0.0,1.0914468707358214,0.0,0.0,0.0,0.98,0.96,0.96,0.96,48.2,0.0,0.0,0.0,48.2,1156.8000000000002,0.1480067621191403,6.095256467393045e-05
1961-12-15,1961-12-26,542.3552,0.8801399653154843,477.3484869166725,0.5650000000000001,1961,12,15,1961.12,1961,3,76,11,0.0412429092696005,4.855778536465948,0.0101723974612987,0.22,2,Mod_Wet,42,7,5,3,61,118.0,0.2471988562532061,359.3484869166725,359.3484869166725,,2,179.67424345833626,179.67424345833626,0.0,0.0,0.0,0.0,0.0,0.0,0.0,0.0,42.0,7.0,5.0,3.0,61.0,413.3484869166725,990.0,965.748068191125,24.25193180887504,0.1814152687566723,0.0686124858246694,989.7499722454186,0.1850602286687539,0.1850602286687539,0.01,0.01,23.816843825624865,23.816843825624865,23.991904054293617,23.991904054293617,,0.949691732895432,0.949691732895432,0.0,0.0,39.85578713723058,39.85578713723058,0.0,0.0,0.8571137018759264,0.8571137018759264,0.0,0.0,0.9757113701875926,0.9757113701875926,0.96,0.96,38.88774467757228,38.88774467757228,0.0,0.0,77.77548935514456,1866.6117445234693,0.1629323051959758,6.012075571549846e-05
1962-01-15,1962-01-26,901.4559,0.907115570001353,817.7246825595828,0.391,1962,1,15,1962.01,1961,4,107,16,0.0706514125731479,1.5492581756648178,0.0018945963216072,0.28,2,Mod_Wet,46,7,6,4,76,139.0,0.1699838624962527,678.7246825595828,678.7246825595828,,3,226.24156085319427,226.24156085319427,226.24156085319427,0.0,0.0,0.0,0.0,0.0,0.0,0.0,46.0,7.0,6.0,4.0,76.0,737.7246825595828,990.0,967.1708987302384,22.829101269761736,0.3457628931093149,0.2543880879498013,989.3998490189408,0.2479261071518123,0.2479261071518123,0.2479261071518123,0.01,21.98102418155085,21.98102418155085,21.98102418155085,22.21895028870266,,0.9570130639601978,0.9570130639601978,0.9570130639601978,0.0,46.67419949476386,46.67419949476386,46.67419949476386,0.0,1.0037462256938463,1.0037462256938463,1.0037462256938463,0.0,0.98,0.98,0.98,0.96,45.74071550486858,45.74071550486858,45.74071550486858,0.0,137.22214651460575,3293.331516350538,0.1678097157163984,5.616012486385103e-05
1962-02-15,1962-02-26,1962.022,1.0050074595714835,1971.8467458433613,0.179,1962,2,15,1962.02,1961,5,138,20,0.1703675588408663,50.195513455073296,0.025456092650651,0.12,2,Mod_Wet,49,8,7,5,93,162.0,0.0821564862185638,1809.8467458433613,1100.0,,4,275.0,275.0,275.0,275.0,709.8467458433613,51.0,10.0,18.000000000000004,21.90885018035065,608.9378956630106,100.0,18.0,25.0,26.90885018035065,701.9378956630106,1243.0,990.0,971.0090433327248,18.990956667275327,0.9262894125183112,0.648,988.4257105874816,0.28,0.28,0.28,0.28,17.136667254757043,17.136667254757043,17.136667254757043,17.136667254757043,,0.9484441685779604,0.9484441685779604,0.9484441685779604,0.9484441685779604,43.83384100609872,43.83384100609872,43.83384100609872,43.83384100609872,0.9426632474429832,0.9426632474429832,0.9426632474429832,0.9426632474429832,0.98,0.98,0.98,0.98,42.95716418597675,42.95716418597675,42.95716418597675,42.95716418597675,171.828656743907,4123.887761853768,0.0871409794428094,4.3391074935330055e-05
1962-03-15,1962-03-26,4421.2037,1.002491267285598,4432.218100140775,0.027,1962,3,15,1962.03,1961,6,166,24,0.3829436438521629,69.16790073241646,0.01560570783514,0.1,1,Wet,68,14,17,21,195,315.0,0.0710705098176452,4117.218100140775,1100.0,,4,275.0,275.0,275.0,275.0,3017.2181001407757,32.0,4.0,8.0,59.0,2914.2181001407757,100.0,18.0,25.0,80.0,3109.2181001407757,1243.0,990.0,976.4709591232576,13.529040876742442,0.9262894125183112,0.648,988.4257105874816,0.28,0.28,0.28,0.28,11.67475146422416,11.67475146422416,11.67475146422416,11.67475146422416,,0.9167475146422416,0.9167475146422416,0.9167475146422416,0.9167475146422416,28.86481500827168,28.86481500827168,28.86481500827168,28.86481500827168,0.6207487098553048,0.6207487098553048,0.6207487098553048,0.6207487098553048,0.97,0.97,0.97,0.97,27.99887055802353,27.99887055802353,27.99887055802353,27.99887055802353,111.9954822320941,2687.8915735702585,0.0252684953000252,2.8281687432347e-05
1962-04-15,1962-04-26,5220.8071,1.0336196486102478,5396.328800163887,0.012,1962,4,15,1962.04,1961,7,197,29,0.4662428083341599,37.69041065522378,0.0069844540707154,0.06,1,Wet,84,14,20,27,219,364.0,0.0674532656329142,5032.328800163887,1100.0,,4,275.0,275.0,275.0,275.0,3932.328800163887,16.0,4.0,5.0,53.0,3854.328800163887,100.0,18.0,25.0,80.0,4073.328800163887,1243.0,990.038759305755,978.1203463522525,11.91841295350264,0.9118108059318062,0.648,988.4789484998232,0.28,0.28,0.28,0.28,10.078602147570765,10.078602147570765,10.078602147570765,10.078602147570765,,0.8761662708587984,0.8761662708587984,0.8761662708587984,0.8761662708587984,23.815418934543427,23.815418934543427,23.815418934543427,23.815418934543427,0.5121595469794286,0.5121595469794286,0.5121595469794286,0.5121595469794286,0.97,0.97,0.97,0.97,23.100956366507123,23.100956366507123,23.100956366507123,23.100956366507123,92.4038254660285,2217.691811184684,0.0171234609468611,2.333429936010821e-05
1962-05-15,1962-05-26,3408.2971,1.0258396885498031,3496.366435549196,0.056,1962,5,15,1962.05,1961,8,227,33,0.3020860600314505,76.90165566318638,0.0219947357008382,0.07,1,Wet,71,14,18,24,213,340.0,0.0972438119022825,3156.366435549196,1100.0,,4,275.0,275.0,275.0,275.0,2056.366435549196,29.0,4.0,7.0,56.0,1960.366435549196,100.0,18.0,25.0,80.0,2173.3664355491965,1243.0,990.0,974.612776494378,15.387223505621932,0.9262894125183112,0.648,988.4257105874816,0.28,0.28,0.28,0.28,13.53293409310365,13.53293409310365,13.53293409310365,13.53293409310365,,0.932197604558622,0.932197604558622,0.932197604558622,0.932197604558622,34.02290109646704,34.02290109646704,34.02290109646704,34.02290109646704,0.7316752923971406,0.7316752923971406,0.7316752923971406,0.7316752923971406,0.97,0.97,0.97,0.97,33.00221406357303,33.00221406357303,33.00221406357303,33.00221406357303,132.0088562542921,3168.2125501030105,0.037756012903023,3.333556976118487e-05
1962-06-15,1962-06-26,1925.0651,0.9982266222520412,1921.651232388288,0.184,1962,6,15,1962.06,1961,9,258,37,0.166030666478348,30.883235271077183,0.0160711968699411,0.07,1,Wet,67,13,15,17,181,293.0,0.1524730372825512,1628.651232388288,1100.0,,4,275.0,275.0,275.0,275.0,528.651232388288,32.999999999999986,4.9999999999999964,10.000000000000004,30.672597101026952,449.97863528726106,100.0,18.0,25.0,47.67259710102695,630.9786352872611,1243.0,990.0,970.8468732123314,19.15312678766861,0.9262894125183112,0.648,988.4257105874816,0.28,0.28,0.28,0.28,17.298837375150327,17.298837375150327,17.298837375150327,17.298837375150327,,0.9489712214692384,0.9489712214692384,0.9489712214692384,0.9489712214692384,44.273244669949136,44.273244669949136,44.273244669949136,44.273244669949136,0.9521127886010567,0.9521127886010567,0.9521127886010567,0.9521127886010567,0.98,0.98,0.98,0.98,43.38777977655016,43.38777977655016,43.38777977655016,43.38777977655016,173.55111910620062,4165.226858548815,0.0903135367027584,4.382604017833349e-05
1962-07-15,1962-07-26,1044.7218,0.9169267811345148,957.9333972550564,0.342,1962,7,15,1962.07,1961,10,288,42,0.0827654455228368,13.498768681870049,0.0140915524195633,0.08,1,Wet,63,12,13,13,155,256.0,0.2672419614281787,701.9333972550564,701.9333972550564,,3,233.9777990850188,233.9777990850188,233.9777990850188,0.0,0.0,0.0,0.0,0.0,0.0,0.0,63.0,12.0,13.0,13.0,155.0,789.9333972550564,990.0,967.7317335890202,22.268266410979777,0.3780940426378786,0.2698915093663777,989.3520144479958,0.2583700287647754,0.2583700287647754,0.2583700287647754,0.01,21.36191083021077,21.36191083021077,21.36191083021077,21.610280858975543,,0.9563663566142256,0.9563663566142256,0.9563663566142256,0.0,46.87893521627857,46.87893521627857,46.87893521627857,0.0,1.0081491444360984,1.0081491444360984,1.0081491444360984,0.0,0.98,0.98,0.98,0.96,45.941356511953,45.941356511953,45.941356511953,0.0,137.824069535859,3307.777668860616,0.1438764635733463,5.454144782065368e-05
1962-08-15,1962-08-26,635.1294,0.8861628436789661,562.8280752081156,0.506,1962,8,15,1962.08,1961,11,319,46,0.0486283456979812,0.0,0.0,0.04,1,Wet,58,10,10,7,117,202.0,0.3589017835069918,360.8280752081156,360.8280752081156,,2,180.4140376040578,180.4140376040578,0.0,0.0,0.0,0.0,0.0,0.0,0.0,0.0,58.0,10.0,10.0,7.0,117.0,438.8280752081156,990.0,966.1327263384364,23.86727366156356,0.1904078060154946,0.0693108514982305,989.7402813424862,0.186058950765478,0.186058950765478,0.01,0.01,23.42149605328432,23.42149605328432,23.5975550040498,23.5975550040498,,0.9499631056317912,0.9499631056317912,0.0,0.0,39.36682561131354,39.36682561131354,0.0,0.0,0.8465984002433019,0.8465984002433019,0.0,0.0,0.97465984002433,0.97465984002433,0.96,0.96,38.36926395258856,38.36926395258856,0.0,0.0,76.73852790517711,1841.7246697242504,0.1363445273706392,5.907594008349672e-05
1962-09-15,1962-09-26,463.5928,0.9065907191323836,420.28892993659525,0.63,1962,9,15,1962.09,1961,12,350,50,0.0363129635465218,0.0,0.0,0.04,1,Wet,48,8,7,4,79,146.0,0.3473800749927568,274.28892993659525,274.28892993659525,,1,274.28892993659525,0.0,0.0,0.0,0.0,0.0,0.0,0.0,0.0,0.0,48.0,8.0,7.0,4.0,79.0,337.28892993659525,990.0,965.4913001847146,24.508699815285357,0.1545714912117043,0.0284643749300729,989.8169641338582,0.28,0.01,0.01,0.01,24.04566394914352,24.31566394914352,24.31566394914352,24.31566394914352,,0.9369038001301382,0.0,0.0,0.0,60.60085527157493,0.0,0.0,0.0,1.303244199388708,0.0,0.0,0.0,0.98,0.96,0.96,0.96,48.2,0.0,0.0,0.0,48.2,1156.8000000000002,0.1146830110592526,4.881308513611495e-05
1962-10-15,1962-10-26,328.6161,0.9312389803097992,306.020121877383,0.775,1962,10,15,1962.1,1962,1,15,3,0.0264401385302058,14.194920370266177,0.0463855784488375,0.07,1,Wet,44,7,6,3,60,120.0,0.3921310770802252,186.02012187738305,186.02012187738305,,1,186.02012187738305,0.0,0.0,0.0,0.0,0.0,0.0,0.0,0.0,0.0,44.0,7.0,6.0,3.0,60.0,243.02012187738305,990.0,964.9301006093868,25.06989939061316,0.1213011039856308,0.0115617103595775,989.8671371856548,0.1936271645344671,0.01,0.01,0.01,24.743409411733463,24.927036576267927,24.927036576267927,24.927036576267927,,0.9505331692053632,0.0,0.0,0.0,42.906732384796975,0.0,0.0,0.0,0.9227254276300424,0.0,0.0,0.0,0.98,0.96,0.96,0.96,42.04859773710103,0.0,0.0,0.0,42.04859773710103,1009.1663456904248,0.1374046826696879,6.278979886801018e-05
1962-11-15,1962-11-26,357.5196,0.9208048873506705,329.2057950036568,0.742,1962,11,15,1962.11,1962,2,46,7,0.0284433806883159,5.579241164820986,0.0169475788382127,0.16,2,Mod_Wet,40,6,4,3,53,106.0,0.3219870415671831,223.2057950036568,223.2057950036568,,1,223.2057950036568,0.0,0.0,0.0,0.0,0.0,0.0,0.0,0.0,0.0,40.0,6.0,4.0,3.0,53.0,273.2057950036568,990.0,965.0460289750184,24.953971024981684,0.1319545645975438,0.0147224925753108,989.8533229428272,0.2438278232549367,0.01,0.01,0.01,24.56346614455391,24.797293967808844,24.797293967808844,24.797293967808844,,0.9587664924491638,0.0,0.0,0.0,51.55213581956546,0.0,0.0,0.0,1.1086480821411926,0.0,0.0,0.0,0.98,0.96,0.96,0.96,48.2,0.0,0.0,0.0,48.2,1156.8000000000002,0.1464129755050776,5.998450393579404e-05
1962-12-15,1962-12-26,799.0771,0.8911326595966059,712.0837013457431,0.433,1962,12,15,1962.12,1962,3,76,11,0.0615240317962722,9.427685279846289,0.0132395745921851,0.09,1,Wet,44,8,6,4,64,126.0,0.176945490764466,586.0837013457431,586.0837013457431,,3,195.3612337819144,195.3612337819144,195.3612337819144,0.0,0.0,0.0,0.0,0.0,0.0,0.0,44.0,8.0,6.0,4.0,64.0,644.0837013457431,990.0,966.7483348053828,23.25166519461709,0.2925476456307677,0.1925039124989563,989.5149484418704,0.2062376656055844,0.2062376656055844,0.2062376656055844,0.01,22.56037597088178,22.56037597088178,22.56037597088178,22.75661363648736,,0.953322734094586,0.953322734094586,0.953322734094586,0.0,41.20627642816447,41.20627642816447,41.20627642816447,0.0,0.8861564823261175,0.8861564823261175,0.8861564823261175,0.0,0.9786156482326116,0.9786156482326116,0.9786156482326116,0.96,40.32510691800036,40.32510691800036,40.32510691800036,0.0,120.97532075400107,2903.407698096026,0.1698891865175033,5.733695662895843e-05
1963-01-15,1963-01-26,1504.8959,0.9514248483621192,1431.7953534582748,0.241,1963,1,15,1963.01,1962,4,107,16,0.1237071185387949,104.08704899868737,0.0726968758120925,0.03,1,Wet,49,8,7,5,81,150.0,0.1047635750721629,1281.7953534582748,1100.0,,4,275.0,275.0,275.0,275.0,181.7953534582748,51.00000000000001,9.695752184441323,8.483783161386159,6.059845115275826,106.5559729971715,100.0,17.695752184441325,15.48378316138616,11.059845115275827,187.5559729971715,1233.1795353458274,990.0,969.2642619111728,20.735738088827134,0.9008511259526428,0.648,988.4511488740474,0.28,0.28,0.28,0.28,18.90688696287449,18.90688696287449,18.90688696287449,18.90688696287449,,0.9523836087035932,0.9523836087035932,0.9523836087035932,0.9523836087035932,48.56275686484595,48.56275686484595,48.56275686484595,48.56275686484595,1.0443603626848592,1.0443603626848592,1.0443603626848592,1.0443603626848592,0.98,0.98,0.98,0.98,47.59150172754903,47.59150172754903,47.59150172754903,47.59150172754903,190.3660069101961,4568.784165844707,0.1329561563741614,4.807222396722125e-05
1963-02-15,1963-02-26,4321.0391,0.9963276779215,4305.170852711009,0.03,1963,2,15,1963.02,1962,5,138,20,0.3719667616742312,194.19322713031124,0.0451069733987504,0.03,1,Wet,55,10,10,8,114,197.0,0.0457589272853009,4108.170852711009,1100.0,,4,275.0,275.0,275.0,275.0,3008.1708527110086,45.0,8.0,15.0,71.99999999999999,2868.1708527110086,100.0,18.0,25.0,80.0,2982.1708527110086,1243.0,990.0,976.2384626604612,13.761537339538904,0.9262894125183112,0.648,988.4257105874816,0.28,0.28,0.28,0.28,11.907247927020622,11.907247927020622,11.907247927020622,11.907247927020622,,0.9190724792702064,0.9190724792702064,0.9190724792702064,0.9190724792702064,29.51430435653703,29.51430435653703,29.51430435653703,29.51430435653703,0.6347162227212264,0.6347162227212264,0.6347162227212264,0.6347162227212264,0.97,0.97,0.97,0.97,28.62887522584092,28.62887522584092,28.62887522584092,28.62887522584092,114.51550090336367,2748.3720216807283,0.0265995252734864,2.8918055783677692e-05
1963-03-15,1963-03-26,6801.831999999999,1.0461022380857712,7115.411678283417,0.003,1963,3,15,1963.03,1962,6,166,24,0.6147715690036872,0.0,0.0,0.03,1,Wet,68,14,17,21,195,315.0,0.0442701018918406,6800.411678283417,0.0,,0,275.0,275.0,275.0,275.0,6800.411678283417,1132.0,3.999999999999972,8.0,59.0,5597.411678283417,1200.0,18.0,25.0,80.0,5792.411678283417,1243.0,990.1785327773264,980.3984869775863,9.780045799739923,0.8595981806875911,0.648,988.6709345966386,0.28,0.28,0.28,0.28,7.992447619052286,7.992447619052286,7.992447619052286,7.992447619052286,1.0,0.8227823795259029,0.8227823795259029,0.8227823795259029,0.8227823795259029,17.735203430563427,17.735203430563427,17.735203430563427,17.735203430563427,0.381402224313192,0.381402224313192,0.381402224313192,0.381402224313192,0.96,0.96,0.96,0.96,17.025795293340888,17.025795293340888,17.025795293340888,17.025795293340888,68.10318117336355,1634.4763481607251,0.0095712214911215,inf
1963-04-15,1963-04-26,5365.523,1.0345701589618974,5551.009983023717,0.01,1963,4,15,1963.04,1962,7,197,29,0.4796072625332492,23.343745536330967,0.0042053149981213,0.02,1,Wet,84,14,20,27,219,364.0,0.0655736525629024,5187.009983023717,0.0,,0,275.0,275.0,275.0,275.0,5187.009983023717,1116.0,4.0,5.0,53.0,4009.009983023717,1200.0,18.0,25.0,80.0,4228.009983023717,1243.0,990.0513359686896,978.3585553738563,11.692780594833266,0.9071127714532116,0.648,988.4962231972364,0.28,0.28,0.28,0.28,9.857667823380073,9.857667823380073,9.857667823380073,9.857667823380073,1.0,0.860038837609048,0.860038837609048,0.860038837609048,0.860038837609048,22.864601488635905,22.864601488635905,22.864601488635905,22.864601488635905,0.4917118599706646,0.4917118599706646,0.4917118599706646,0.4917118599706646,0.9691711859970664,0.9691711859970664,0.9691711859970664,0.9691711859970664,22.15971294209155,22.15971294209155,22.15971294209155,22.15971294209155,88.6388517683662,2127.332442440789,0.0159680584325094,inf
1963-05-15,1963-05-26,3019.5429,1.0200701869153206,3080.145690401829,0.08,1963,5,15,1963.05,1962,8,227,33,0.2661245876507181,42.39988646125494,0.0137655457640783,0.17,2,Mod_Wet,65,14,17,23,202,321.0,0.104215849594479,2759.145690401829,1100.0,,4,275.0,275.0,275.0,275.0,1659.1456904018291,35.0,4.0,8.0,57.0,1555.1456904018291,100.0,18.0,25.0,80.0,1757.1456904018291,1243.0,990.0,973.7072482182112,16.292751781788752,0.9262894125183112,0.648,988.4257105874816,0.28,0.28,0.28,0.28,14.43846236927047,14.43846236927047,14.43846236927047,14.43846236927047,,0.9376307742156228,0.9376307742156228,0.9376307742156228,0.9376307742156228,36.511038975777616,36.511038975777616,36.511038975777616,36.511038975777616,0.7851836338876906,0.7851836338876906,0.7851836338876906,0.7851836338876906,0.97,0.97,0.97,0.97,35.41570780650429,35.41570780650429,35.41570780650429,35.41570780650429,141.66283122601715,3399.9079494244115,0.045992250193703,3.577344222879221e-05
1963-06-15,1963-06-26,1579.4263,0.9567215637917794,1511.0711996298642,0.229,1963,6,15,1963.06,1962,9,258,37,0.1305565516480202,0.0,0.0,0.21,2,Mod_Wet,62,12,14,16,153,257.0,0.1700780215141099,1254.0711996298642,1100.0,,4,275.0,275.0,275.0,275.0,154.07119962986417,37.16892753716567,6.000000000000001,8.392983637424507,9.591981299913725,92.91730715536026,99.16892753716569,18.0,22.392983637424507,25.591981299913723,245.91730715536028,1239.5619111745905,990.0,969.5203838757272,20.479616124272752,0.9173836130618837,0.648,988.434616386938,0.28,0.28,0.28,0.28,18.6342325112108,18.6342325112108,18.6342325112108,18.6342325112108,,0.9520427906390136,0.9520427906390136,0.9520427906390136,0.9520427906390136,47.84530992727986,47.84530992727986,47.84530992727986,47.84530992727986,1.0289313962855884,1.0289313962855884,1.0289313962855884,1.0289313962855884,0.98,0.98,0.98,0.98,46.88840372873426,46.88840372873426,46.88840372873426,46.88840372873426,187.55361491493704,4501.286757958489,0.1241196410605126,4.736202396841845e-05
1963-07-15,1963-07-26,909.0679,0.9012241447918772,819.2739407352476,0.39,1963,7,15,1963.07,1962,10,288,42,0.0707852684795253,15.41962697148881,0.0188210880449226,0.14,2,Mod_Wet,58,11,11,11,136,227.0,0.2770746007083803,592.2739407352476,592.2739407352476,,3,197.4246469117492,197.4246469117492,197.4246469117492,0.0,0.0,0.0,0.0,0.0,0.0,0.0,58.0,11.0,11.0,11.0,136.0,672.2739407352476,990.0,967.177095762941,22.822904237058992,0.3085678810677097,0.1966389924111454,989.4947931265212,0.2090232733308614,0.2090232733308614,0.2090232733308614,0.01,22.108674090249263,22.108674090249263,22.108674090249263,22.30769736358012,,0.9535011076893276,0.9535011076893276,0.9535011076893276,0.0,40.81539173010982,40.81539173010982,40.81539173010982,0.0,0.877750359787308,0.877750359787308,0.877750359787308,0.0,0.9777750359787308,0.9777750359787308,0.9777750359787308,0.96,39.90827111739412,39.90827111739412,39.90827111739412,0.0,119.72481335218237,2873.395520452377,0.1461352636759528,5.615120016346389e-05
1963-08-15,1963-08-26,623.0255,0.8843912864860217,550.9983234585969,0.515,1963,8,15,1963.08,1962,11,319,46,0.0476062551468227,11.829751749518664,0.0214696692274193,0.06,1,Wet,58,10,10,7,117,202.0,0.3666072860840177,348.99832345859693,348.99832345859693,,2,174.49916172929846,174.49916172929846,0.0,0.0,0.0,0.0,0.0,0.0,0.0,0.0,58.0,10.0,10.0,7.0,117.0,426.9983234585969,990.0,966.0794924555636,23.920507544436305,0.1862327195834312,0.0637272086724577,989.750040071744,0.1780738683345529,0.1780738683345529,0.01,0.01,23.49247374784577,23.49247374784577,23.660547616180327,23.660547616180327,,0.9484276198297744,0.9484276198297744,0.0,0.0,38.12984041284361,38.12984041284361,0.0,0.0,0.8199965680181422,0.8199965680181422,0.0,0.0,0.9719996568018142,0.9719996568018142,0.96,0.96,37.062191795191936,37.062191795191936,0.0,0.0,74.12438359038387,1778.985206169213,0.1345274212906996,5.899772339544519e-05
1963-09-15,1963-09-26,463.5928,0.9065907191323836,420.28892993659525,0.63,1963,9,15,1963.09,1962,12,350,50,0.0363129635465218,0.0,0.0,0.04,1,Wet,48,8,7,4,79,146.0,0.3473800749927568,274.28892993659525,274.28892993659525,,1,274.28892993659525,0.0,0.0,0.0,0.0,0.0,0.0,0.0,0.0,0.0,48.0,8.0,7.0,4.0,79.0,337.28892993659525,990.0,965.4913001847146,24.508699815285357,0.1545714912117043,0.0284643749300729,989.8169641338582,0.28,0.01,0.01,0.01,24.04566394914352,24.31566394914352,24.31566394914352,24.31566394914352,,0.9369038001301382,0.0,0.0,0.0,60.60085527157493,0.0,0.0,0.0,1.303244199388708,0.0,0.0,0.0,0.98,0.96,0.96,0.96,48.2,0.0,0.0,0.0,48.2,1156.8000000000002,0.1146830110592526,4.881308513611495e-05
1963-10-15,1963-10-26,396.9661,0.9077571128687334,360.34880084276085,0.7000000000000001,1963,10,15,1963.1,1963,1,15,3,0.0311341363928145,10.129595741912569,0.0281105299038656,0.04,1,Wet,44,7,6,3,60,120.0,0.3330106822038859,240.34880084276085,240.34880084276085,,1,240.34880084276085,0.0,0.0,0.0,0.0,0.0,0.0,0.0,0.0,0.0,44.0,7.0,6.0,3.0,60.0,297.34880084276085,990.0,965.2017440042138,24.798255995786235,0.1404753804390235,0.0161796480716346,989.8433449714892,0.2669708811377271,0.01,0.01,0.01,24.37463008613778,24.631600967275507,24.631600967275507,24.631600967275507,,0.9564003598046592,0.0,0.0,0.0,54.9488266913414,0.0,0.0,0.0,1.181695197663256,0.0,0.0,0.0,0.98,0.96,0.96,0.96,48.2,0.0,0.0,0.0,48.2,1156.8000000000002,0.1337592906852275,5.5706077342354064e-05
1963-11-15,1963-11-26,499.3804,0.8921883077628417,445.541354005931,0.598,1963,11,15,1963.11,1963,2,46,7,0.0384947729861124,5.50824283947378,0.0123630338462374,0.03,1,Wet,42,7,6,3,56,114.0,0.2558685046292749,331.541354005931,331.541354005931,,2,165.7706770029655,165.7706770029655,0.0,0.0,0.0,0.0,0.0,0.0,0.0,0.0,42.0,7.0,6.0,3.0,56.0,386.541354005931,990.0,965.6049360930268,24.39506390697329,0.1719541998122025,0.0554875190907994,989.7725582810972,0.1662904139540034,0.1662904139540034,0.01,0.01,24.00133177411637,24.00133177411637,24.157622188070366,24.157622188070366,,0.9456374424104084,0.9456374424104084,0.0,0.0,36.89830450970282,36.89830450970282,0.0,0.0,0.7935119249398456,0.7935119249398456,0.0,0.0,0.97,0.97,0.96,0.96,35.79135537441173,35.79135537441173,0.0,0.0,71.58271074882346,1717.9850579717631,0.1606645715492227,5.997467911276588e-05
1963-12-15,1963-12-26,901.4559,0.907115570001353,817.7246825595828,0.391,1963,12,15,1963.12,1963,3,76,11,0.0706514125731479,0.0,0.0,0.0,1,Wet,44,8,6,4,64,126.0,0.1540860911836535,691.7246825595828,691.7246825595828,,3,230.5748941865276,230.5748941865276,230.5748941865276,0.0,0.0,0.0,0.0,0.0,0.0,0.0,44.0,8.0,6.0,4.0,64.0,749.7246825595828,990.0,967.1708987302384,22.829101269761736,0.352582374937301,0.2630720879498013,989.3843455371128,0.2537761071518122,0.2537761071518122,0.2537761071518122,0.01,21.95967069972276,21.95967069972276,21.95967069972276,22.20344680687457,,0.956984416190497,0.956984416190497,0.956984416190497,0.0,47.52054430327464,47.52054430327464,47.52054430327464,0.0,1.021947189317734,1.021947189317734,1.021947189317734,0.0,0.98,0.98,0.98,0.96,46.57013341720915,46.57013341720915,46.57013341720915,0.0,139.71040025162745,3353.0496060390587,0.1708526148609285,5.61038885741917e-05
1964-01-15,1964-01-26,1078.3827,0.9251619817921662,997.6786758623872,0.331,1964,1,15,1964.01,1963,4,107,16,0.0861994375945102,26.24650992546083,0.0263075783420684,0.06,1,Wet,49,8,7,5,81,150.0,0.1503490087831545,847.6786758623872,847.6786758623872,,4,211.9196689655968,211.9196689655968,211.9196689655968,211.9196689655968,0.0,0.0,0.0,0.0,0.0,0.0,49.0,8.0,7.0,5.0,81.0,911.6786758623872,990.0,967.8907147034496,22.109285296550524,0.4894926265043221,0.3492764791173954,989.1612308943784,0.2285915531035557,0.2285915531035557,0.2285915531035557,0.2285915531035557,21.041924637825232,21.041924637825232,21.041924637825232,21.041924637825232,,0.9542364598872332,0.9542364598872332,0.9542364598872332,0.9542364598872332,41.73029294608988,41.73029294608988,41.73029294608988,41.73029294608988,0.897425654754621,0.897425654754621,0.897425654754621,0.897425654754621,0.979742565475462,0.979742565475462,0.979742565475462,0.979742565475462,40.884944269044674,40.884944269044674,40.884944269044674,40.884944269044674,163.5397770761787,3924.954649828289,0.1639202892001434,5.3590726236304255e-05
1964-02-15,1964-02-26,1432.6212,0.9362992295163016,1341.3621257487196,0.254,1964,2,15,1964.02,1963,5,138,20,0.1158936876646893,43.86868224685668,0.0327045779843904,0.22,2,Mod_Wet,49,8,7,5,93,162.0,0.1207727554627167,1179.3621257487196,1100.0,,4,275.0,275.0,275.0,275.0,79.36212574871956,24.00459359066209,3.919117320924423,3.42922765580887,2.449448325577764,45.55973885574642,73.0045935906621,11.919117320924425,10.42922765580887,7.449448325577764,138.55973885574642,1195.3529385673953,990.0,968.9728523952102,21.02714760478977,0.8382124042434262,0.648,988.5137875957564,0.28,0.28,0.28,0.28,19.2609352005463,19.2609352005463,19.2609352005463,19.2609352005463,,0.9531523380013658,0.9531523380013658,0.9531523380013658,0.9531523380013658,49.51206968941055,49.51206968941055,49.51206968941055,49.51206968941055,1.0647756922453882,1.0647756922453882,1.0647756922453882,1.0647756922453882,0.98,0.98,0.98,0.98,48.2,48.2,48.2,48.2,192.8,4627.200000000001,0.1437344892173567,4.8686868686868696e-05
1964-03-15,1964-03-26,2384.2857,1.004803744062384,2395.739198274402,0.132,1964,3,15,1964.03,1963,6,167,24,0.2069918667309084,31.908320504154744,0.0133187788249812,0.41,3,Normal,49,9,9,9,107,183.0,0.0763856099744959,2212.739198274402,1100.0,,4,275.0,275.0,275.0,275.0,1112.739198274402,51.0,9.0,16.0,54.72487860365912,982.0143196707428,100.0,18.0,25.0,63.72487860365912,1089.014319670743,1243.0,990.0,972.055232547559,17.944767452441056,0.9262894125183112,0.648,988.4257105874816,0.28,0.28,0.28,0.28,16.090478039922772,16.090478039922772,16.090478039922772,16.090478039922772,,0.9452714341197684,0.9452714341197684,0.9452714341197684,0.9452714341197684,41.02011504841937,41.02011504841937,41.02011504841937,41.02011504841937,0.882153011793965,0.882153011793965,0.882153011793965,0.882153011793965,0.9782153011793964,0.9782153011793964,0.9782153011793964,0.9782153011793964,40.12650419650305,40.12650419650305,40.12650419650305,40.12650419650305,160.5060167860122,3852.1444028642927,0.0669964480698154,4.053182242071015e-05
1964-04-15,1964-04-26,2287.4661,1.006148957666809,2301.531632213161,0.143,1964,4,15,1964.04,1963,7,198,29,0.1988523330232171,7.568431561833678,0.003288432561996,0.68,3,Normal,54,13,14,19,117,217.0,0.0942850391290655,2084.531632213161,1100.0,,4,275.0,275.0,275.0,275.0,984.5316322131612,46.0,5.0,10.999999999999991,61.0,861.5316322131613,100.0,18.0,25.0,80.0,978.5316322131612,1243.0,990.0,971.8278349743076,18.17216502569238,0.9262894125183112,0.648,988.4257105874816,0.28,0.28,0.28,0.28,16.317875613174095,16.317875613174095,16.317875613174095,16.317875613174095,,0.9459536268395224,0.9459536268395224,0.9459536268395224,0.9459536268395224,41.629851171411005,41.629851171411005,41.629851171411005,41.629851171411005,0.895265616589484,0.895265616589484,0.895265616589484,0.895265616589484,0.9795265616589484,0.9795265616589484,0.9795265616589484,0.9795265616589484,40.77754498030597,40.77754498030597,40.77754498030597,40.77754498030597,163.11017992122387,3914.6443181093728,0.070870275097795,4.118943937404643e-05
1964-05-15,1964-05-26,1758.4044,0.981668277899988,1726.1698191997614,0.204,1964,5,15,1964.05,1963,8,228,33,0.1491410723788594,25.34760691952715,0.0146843066293895,0.6900000000000001,3,Normal,55,13,13,17,178,276.0,0.1598915685641818,1450.1698191997614,1100.0,,4,275.0,275.0,275.0,275.0,350.1698191997614,45.0,5.0,12.0,21.568430892738927,266.60138830702243,100.0,18.0,25.0,38.56843089273893,444.6013883070224,1243.0,990.0,970.2153178774146,19.784682122585423,0.9262894125183112,0.648,988.4257105874816,0.28,0.28,0.28,0.28,17.93039271006714,17.93039271006714,17.93039271006714,17.93039271006714,,0.9510237763077184,0.9510237763077184,0.9510237763077184,0.9510237763077184,45.98885210879331,45.98885210879331,45.98885210879331,45.98885210879331,0.9890075722321142,0.9890075722321142,0.9890075722321142,0.9890075722321142,0.98,0.98,0.98,0.98,45.06907506661744,45.06907506661744,45.06907506661744,45.06907506661744,180.27630026646975,4326.631206395275,0.10443717545128,4.552431824910853e-05
1964-06-15,1964-06-26,901.4559,0.907115570001353,817.7246825595828,0.391,1964,6,15,1964.06,1963,9,259,37,0.0706514125731479,16.968885147153628,0.0207513427307084,0.8200000000000001,4,Mod_Dry,45,10,9,9,88,161.0,0.1968877831791128,656.7246825595828,656.7246825595828,,3,218.90822751986093,218.90822751986093,218.90822751986093,0.0,0.0,0.0,0.0,0.0,0.0,0.0,45.0,10.0,9.0,9.0,88.0,720.7246825595828,990.0,967.1708987302384,22.829101269761736,0.336101960519668,0.2396920879498013,989.4242059515306,0.2380261071518122,0.2380261071518122,0.2380261071518122,0.01,22.01528111414048,22.01528111414048,22.01528111414048,22.243307221292287,,0.9563118924068218,0.9563118924068218,0.9563118924068218,0.0,45.19855763685382,45.19855763685382,45.19855763685382,0.0,0.9720119921904048,0.9720119921904048,0.9720119921904048,0.0,0.98,0.98,0.98,0.96,44.29458648411674,44.29458648411674,44.29458648411674,0.0,132.88375945235023,3189.210226856406,0.1625042783793771,5.620643838079238e-05
1964-07-15,1964-07-26,570.3586,0.8854392210789449,505.01787451967766,0.547,1964,7,15,1964.07,1963,10,289,42,0.0436335443585001,7.099945474035508,0.0140588003559047,0.66,3,Normal,50,10,9,9,108,186.0,0.3683037955377412,319.01787451967766,319.01787451967766,,2,159.50893725983883,159.50893725983883,0.0,0.0,0.0,0.0,0.0,0.0,0.0,0.0,50.0,10.0,9.0,9.0,108.0,388.01787451967766,990.0,965.8725804353384,24.127419564661523,0.1724753097132499,0.0495764367732878,989.7779482535136,0.1578370653007824,0.1578370653007824,0.01,0.01,23.74753075287424,23.74753075287424,23.89536781817502,23.89536781817502,,0.9438529972638584,0.9438529972638584,0.0,0.0,35.06279552590246,35.06279552590246,0.0,0.0,0.7540386134602679,0.7540386134602679,0.0,0.0,0.97,0.97,0.96,0.96,34.01091166012539,34.01091166012539,0.0,0.0,68.02182332025077,1632.5237596860186,0.1346919124099247,5.9228502323704126e-05
1964-08-15,1964-08-26,458.6166,0.911126574868046,417.8577719356288,0.633,1964,8,15,1964.08,1963,11,320,46,0.0361029114952383,0.0,0.0,0.45,3,Normal,47,8,6,5,89,155.0,0.3709396124954158,262.8577719356288,262.8577719356288,,1,262.8577719356288,0.0,0.0,0.0,0.0,0.0,0.0,0.0,0.0,0.0,47.0,8.0,6.0,5.0,89.0,323.8577719356288,990.0,965.4803599737104,24.51964002628972,0.1498312188269506,0.0230688683536168,989.8270999128194,0.28,0.01,0.01,0.01,24.06673993910917,24.33673993910917,24.33673993910917,24.33673993910917,,0.9444694847388404,0.0,0.0,0.0,58.59556113785801,0.0,0.0,0.0,1.2601195943625378,0.0,0.0,0.0,0.98,0.96,0.96,0.96,48.2,0.0,0.0,0.0,48.2,1156.8000000000002,0.1153502536921228,5.093586843674416e-05
1964-09-15,1964-09-26,353.2963,0.921778111561846,325.6607962357874,0.746,1964,9,15,1964.09,1963,12,351,51,0.028137092794772,3.544998767869401,0.010885555795616,0.29,2,Mod_Wet,46,7,6,4,75,138.0,0.4237538002581194,187.66079623578744,187.66079623578744,,1,187.66079623578744,0.0,0.0,0.0,0.0,0.0,0.0,0.0,0.0,0.0,46.0,7.0,6.0,4.0,75.0,246.66079623578744,990.0,965.028303981179,24.971696018821035,0.1225860109252843,0.0117011676800419,989.8657128213948,0.195842074918313,0.01,0.01,0.01,24.64156676529743,24.827408840215742,24.827408840215742,24.827408840215742,,0.9511360598885836,0.0,0.0,0.0,43.134346140604414,0.0,0.0,0.0,0.9276203471097724,0.0,0.0,0.0,0.98,0.96,0.96,0.96,42.271659217792326,0.0,0.0,0.0,42.271659217792326,1014.519821227016,0.1298027263533019,6.257102067149076e-05
1964-10-15,1964-10-26,278.9403,0.9468161724841248,264.1051871975735,0.852,1964,10,15,1964.1,1964,1,15,3,0.0228186881738703,2.6808555159270213,0.0101507113297305,0.23,2,Mod_Wet,41,6,4,3,56,110.0,0.4165007176391068,154.1051871975735,154.1051871975735,,1,154.1051871975735,0.0,0.0,0.0,0.0,0.0,0.0,0.0,0.0,0.0,41.0,6.0,4.0,3.0,56.0,205.1051871975735,990.0,964.7564207487904,25.243579251209667,0.1079194108387203,0.0088489409117937,989.8832316482496,0.1505420027167242,0.01,0.01,0.01,24.97626889674248,25.1168108994592,25.1168108994592,25.1168108994592,,0.9404544430680246,0.0,0.0,0.0,35.49942190700901,0.0,0.0,0.0,0.7634284281077206,0.0,0.0,0.0,0.97,0.96,0.96,0.96,34.434439249798736,0.0,0.0,0.0,34.434439249798736,826.4265419951696,0.1303815332640127,6.206878683174909e-05
1964-11-15,1964-11-26,344.9443,0.9283094176295976,320.2150422476492,0.757,1964,11,15,1964.11,1964,2,46,7,0.0276665796501968,8.399472167787906,0.0262307232940415,0.2,2,Mod_Wet,40,6,4,3,53,106.0,0.3310275471632007,214.2150422476492,214.2150422476492,,1,214.2150422476492,0.0,0.0,0.0,0.0,0.0,0.0,0.0,0.0,0.0,40.0,6.0,4.0,3.0,53.0,264.2150422476492,990.0,965.0010752112382,24.99892478876177,0.1287814489954205,0.0139582785910501,989.8572602724136,0.2316903070343264,0.01,0.01,0.01,24.624494754141,24.846185061175323,24.846185061175323,24.846185061175323,,0.957271744287736,0.0,0.0,0.0,49.52120819082123,0.0,0.0,0.0,1.0649722191574458,0.0,0.0,0.0,0.98,0.96,0.96,0.96,48.2,0.0,0.0,0.0,48.2,1156.8000000000002,0.1505238469176063,6.250209485013802e-05
1964-12-15,1964-12-26,494.165,0.8960553284209241,442.799181369126,0.602,1964,12,15,1964.12,1964,3,76,11,0.0382578492702924,2.766070202668743,0.0062467825575379,0.25,2,Mod_Wet,42,7,5,3,61,118.0,0.2664864908628476,324.799181369126,324.799181369126,,2,162.399590684563,162.399590684563,0.0,0.0,0.0,0.0,0.0,0.0,0.0,0.0,42.0,7.0,5.0,3.0,61.0,378.799181369126,990.0,965.592596316161,24.407403683838996,0.1692217468736248,0.0523052136062274,989.77847303952,0.16173944742416,0.16173944742416,0.01,0.01,24.024137275934955,24.024137275934955,24.175876723359117,24.175876723359117,,0.9445942685776968,0.9445942685776968,0.0,0.0,36.14237908084501,36.14237908084501,0.0,0.0,0.7772554641041937,0.7772554641041937,0.0,0.0,0.97,0.97,0.96,0.96,35.058107708419655,35.058107708419655,0.0,0.0,70.11621541683931,1682.7891700041434,0.1583476627035339,5.996544210049218e-05
1965-01-15,1965-01-26,785.0819,0.8950098277210273,702.6560160658968,0.4370000000000001,1965,1,15,1965.01,1964,4,107,16,0.0607094797880934,20.347152893665907,0.0289574876304164,0.39,2,Mod_Wet,46,7,6,4,76,139.0,0.1978208352619644,563.6560160658968,563.6560160658968,,3,187.88533868863223,187.88533868863223,187.88533868863223,0.0,0.0,0.0,0.0,0.0,0.0,0.0,46.0,7.0,6.0,4.0,76.0,622.6560160658968,990.0,966.7106240642636,23.289375935736416,0.2803705030989579,0.177522218732019,989.5421072781688,0.1961452072296535,0.1961452072296535,0.1961452072296535,0.01,22.635338006675703,22.635338006675703,22.635338006675703,22.82148321390536,,0.9516494940724616,0.9516494940724616,0.9516494940724616,0.0,39.69132496088248,39.69132496088248,39.69132496088248,0.0,0.8535768808791931,0.8535768808791931,0.8535768808791931,0.0,0.9753576880879192,0.9753576880879192,0.9753576880879192,0.96,38.71323895099266,38.71323895099266,38.71323895099266,0.0,116.13971685297798,2787.353204471472,0.1652867323377277,5.723532001721584e-05
1965-02-15,1965-02-26,1112.7189,0.9371977043562544,1042.8375986738165,0.321,1965,2,15,1965.02,1964,5,138,20,0.0901011685254177,17.68051567353109,0.0169542368783169,0.39,2,Mod_Wet,49,8,7,5,93,162.0,0.1553453770807808,880.8375986738165,880.8375986738165,,4,220.20939966845413,220.20939966845413,220.20939966845413,220.20939966845413,0.0,0.0,0.0,0.0,0.0,0.0,49.0,8.0,7.0,5.0,93.0,944.8375986738164,990.0,968.0346324529748,21.965367547025156,0.519833491349224,0.3653253977581271,989.1148411108926,0.239782689552413,0.239782689552413,0.239782689552413,0.239782689552413,20.840425968365334,20.840425968365334,20.840425968365334,20.840425968365334,,0.9548651325417482,0.9548651325417482,0.9548651325417482,0.9548651325417482,42.975721742286055,42.975721742286055,42.975721742286055,42.975721742286055,0.9242090697265818,0.9242090697265818,0.9242090697265818,0.9242090697265818,0.98,0.98,0.98,0.98,42.116207307440334,42.116207307440334,42.116207307440334,42.116207307440334,168.46482922976134,4043.155901514272,0.1615446445774482,5.312646277544392e-05
1965-03-15,1965-03-26,2398.3241,1.0053053197487325,2411.0479762115906,0.131,1965,3,15,1965.03,1964,6,166,24,0.2083145451446814,47.217098441343296,0.01958364118309,0.47,3,Normal,49,9,9,9,107,183.0,0.0759006049674476,2228.0479762115906,1100.0,,4,275.0,275.0,275.0,275.0,1128.0479762115906,51.0,8.999999999999993,15.999999999999991,55.4777693218815,996.5702068897092,100.0,18.0,25.0,64.47776932188151,1103.5702068897092,1243.0,990.0,972.092184770166,17.907815229834114,0.9262894125183112,0.648,988.4257105874816,0.28,0.28,0.28,0.28,16.05352581731583,16.05352581731583,16.05352581731583,16.05352581731583,,0.9451605774519476,0.9451605774519476,0.9451605774519476,0.9451605774519476,40.92111164851576,40.92111164851576,40.92111164851576,40.92111164851576,0.8800239064196936,0.8800239064196936,0.8800239064196936,0.8800239064196936,0.9780023906419694,0.9780023906419694,0.9780023906419694,0.9780023906419694,40.02094501997535,40.02094501997535,40.02094501997535,40.02094501997535,160.0837800799014,3842.0107219176334,0.0663959330794555,4.0425196989874086e-05
1965-04-15,1965-04-26,2570.8598,1.0179079879576662,2616.898726339248,0.115,1965,4,15,1965.04,1964,7,197,29,0.226100049955711,0.0,0.0,0.58,3,Normal,54,13,14,19,117,217.0,0.082922582297848,2399.898726339248,1100.0,,4,275.0,275.0,275.0,275.0,1299.8987263392478,46.0,5.0,11.0,61.0,1176.898726339248,100.0,18.0,25.0,80.0,1293.898726339248,1243.0,990.0,972.5890658911636,17.410934108836273,0.9262894125183112,0.648,988.4257105874816,0.28,0.28,0.28,0.28,15.55664469631799,15.55664469631799,15.55664469631799,15.55664469631799,,0.943226578785272,0.943226578785272,0.943226578785272,0.943226578785272,39.57339921243677,39.57339921243677,39.57339921243677,39.57339921243677,0.8510408432782101,0.8510408432782101,0.8510408432782101,0.8510408432782101,0.975104084327821,0.975104084327821,0.975104084327821,0.975104084327821,38.58818320278247,38.58818320278247,38.58818320278247,38.58818320278247,154.35273281112987,3704.465587467117,0.058983074605662,3.89779628310934e-05
1965-05-15,1965-05-26,1852.4742,0.9909847503011144,1835.7736825262568,0.192,1965,5,15,1965.05,1964,8,227,33,0.1586108461702685,45.270013707556245,0.0246599099542918,0.67,3,Normal,55,13,13,17,178,276.0,0.150345329942953,1559.7736825262568,1100.0,,4,275.0,275.0,275.0,275.0,459.7736825262568,45.0,4.9999999999999964,11.999999999999996,28.31939348893611,369.45428903732073,100.0,18.0,25.0,45.31939348893612,547.4542890373207,1243.0,990.0,970.5694226666232,19.43057733337673,0.9262894125183112,0.648,988.4257105874816,0.28,0.28,0.28,0.28,17.576287920858448,17.576287920858448,17.576287920858448,17.576287920858448,,0.94987293574279,0.94987293574279,0.94987293574279,0.94987293574279,45.02607239273935,45.02607239273935,45.02607239273935,45.02607239273935,0.9683026321019216,0.9683026321019216,0.9683026321019216,0.9683026321019216,0.98,0.98,0.98,0.98,44.125550944884566,44.125550944884566,44.125550944884566,44.125550944884566,176.50220377953826,4236.052890708918,0.0961459495032355,4.457126358069149e-05
1965-06-15,1965-06-26,1019.9159,0.9227467245233664,941.1240560143012,0.348,1965,6,15,1965.06,1964,9,258,37,0.0813131184396356,16.809341240754975,0.0178609197515821,0.73,4,Mod_Dry,45,10,9,9,88,161.0,0.1710720270841249,780.1240560143012,780.1240560143012,,3,260.0413520047671,260.0413520047671,260.0413520047671,0.0,0.0,0.0,0.0,0.0,0.0,0.0,45.0,10.0,9.0,9.0,88.0,844.1240560143012,990.0,967.6644962240572,22.33550377594281,0.4276792315965415,0.3165800431109218,989.2557407252924,0.28,0.28,0.28,0.01,21.311244501235336,21.311244501235336,21.311244501235336,21.581244501235336,,0.9561714106492653,0.9561714106492653,0.9561714106492653,0.0,51.966764823821,51.966764823821,51.966764823821,0.0,1.1175648349208815,1.1175648349208815,1.1175648349208815,0.0,0.98,0.98,0.98,0.96,48.2,48.2,48.2,0.0,144.60000000000002,3470.4000000000005,0.1536460566233817,5.148753759995621e-05
1965-07-15,1965-07-26,576.0661,0.8889914195501405,512.1178199937132,0.544,1965,7,15,1965.07,1964,10,288,42,0.0442469796474568,4.655182730200182,0.0090900619905343,0.59,3,Normal,50,10,9,9,108,186.0,0.3631976719776776,326.1178199937132,326.1178199937132,,2,163.05890999685658,163.05890999685658,0.0,0.0,0.0,0.0,0.0,0.0,0.0,0.0,50.0,10.0,9.0,9.0,108.0,395.1178199937132,990.0,965.9045301899716,24.09546981002836,0.1749811007598154,0.0529276110370326,989.7720912882032,0.1626295284957564,0.1626295284957564,0.01,0.01,23.70493156973572,23.70493156973572,23.857561098231475,23.857561098231475,,0.9449280461190028,0.9449280461190028,0.0,0.0,35.819595703246726,35.819595703246726,0.0,0.0,0.7703138860913274,0.7703138860913274,0.0,0.0,0.97,0.97,0.96,0.96,34.74500783214933,34.74500783214933,0.0,0.0,69.49001566429865,1667.7603759431677,0.1356914619084173,5.918959635307253e-05
1965-08-15,1965-08-26,434.2405,0.9023039355474278,391.8169121240828,0.66,1965,8,15,1965.08,1964,11,319,46,0.0338529812075207,0.0,0.0,0.46,3,Normal,47,8,6,5,89,155.0,0.3955929292580247,236.8169121240828,236.8169121240828,,1,236.8169121240828,0.0,0.0,0.0,0.0,0.0,0.0,0.0,0.0,0.0,47.0,8.0,6.0,5.0,89.0,297.8169121240828,990.0,965.3590845606204,24.64091543937957,0.1406405914342097,0.015879437530547,989.8434799710352,0.2622028313675118,0.01,0.01,0.01,24.222192579047267,24.474395410414772,24.474395410414772,24.474395410414772,,0.9563446592249067,0.0,0.0,0.0,53.79963175482774,0.0,0.0,0.0,1.1569813280608117,0.0,0.0,0.0,0.98,0.96,0.96,0.96,48.2,0.0,0.0,0.0,48.2,1156.8000000000002,0.1230166399370115,5.6536878083578906e-05
1965-09-15,1965-09-26,340.8154,0.928721014594374,316.52242407738737,0.763,1965,9,15,1965.09,1964,12,350,50,0.0273475374402862,7.104129761448463,0.0224443174355051,0.34,2,Mod_Wet,46,7,6,4,75,138.0,0.4359880675192227,178.52242407738737,178.52242407738737,,1,178.52242407738737,0.0,0.0,0.0,0.0,0.0,0.0,0.0,0.0,0.0,46.0,7.0,6.0,4.0,75.0,237.52242407738737,990.0,964.9826121203868,25.017387879613125,0.119360795855895,0.0109244060465779,989.8697147980976,0.1835052725044729,0.01,0.01,0.01,24.703597405206214,24.877102677710685,24.877102677710685,24.877102677710685,,0.9483233555165872,0.0,0.0,0.0,41.01551059644832,0.0,0.0,0.0,0.8820539913214693,0.0,0.0,0.0,0.9782053991321468,0.96,0.96,0.96,40.12159391360753,0.0,0.0,0.0,40.12159391360753,962.9182539265807,0.1267575086680054,6.242850026164296e-05
1965-10-15,1965-10-26,289.9506,0.935581823043148,271.2725109404546,0.835,1965,10,15,1965.1,1965,1,15,3,0.0234379449452552,1.0102650433937583,0.0037241703550844,0.23,2,Mod_Wet,41,6,4,3,56,110.0,0.4054963019240288,161.2725109404546,161.2725109404546,,1,161.2725109404546,0.0,0.0,0.0,0.0,0.0,0.0,0.0,0.0,0.0,41.0,6.0,4.0,3.0,56.0,212.2725109404546,990.0,964.7850900437618,25.214909956238216,0.1104490630248529,0.0094581634299386,989.8800927735452,0.1602178897696137,0.01,0.01,0.01,24.934784840013847,25.085002729783454,25.085002729783454,25.085002729783454,,0.9427111603258502,0.0,0.0,0.0,37.17776867636663,0.0,0.0,0.0,0.7995219070186371,0.0,0.0,0.0,0.97,0.96,0.96,0.96,36.062435616075625,0.0,0.0,0.0,36.062435616075625,865.498454785815,0.1329380389153823,6.211438743200508e-05
1965-11-15,1965-11-26,289.9506,0.935581823043148,271.2725109404546,0.835,1965,11,15,1965.11,1965,2,46,7,0.0234379449452552,0.0,0.0,0.44,3,Normal,36,5,3,2,47,93.0,0.3428286916266789,178.2725109404546,178.2725109404546,,1,178.2725109404546,0.0,0.0,0.0,0.0,0.0,0.0,0.0,0.0,0.0,36.0,5.0,3.0,2.0,47.0,222.2725109404546,990.0,964.7850900437618,25.214909956238216,0.1139784866659228,0.0109031634299386,989.875118349904,0.1831678897696137,0.01,0.01,0.01,24.906860416372744,25.08002830614236,25.08002830614236,25.08002830614236,,0.9479519934713706,0.0,0.0,0.0,41.278928168980975,0.0,0.0,0.0,0.8877188853544296,0.0,0.0,0.0,0.978771888535443,0.96,0.96,0.96,40.4026544806724,0.0,0.0,0.0,40.4026544806724,969.6637075361376,0.1489375179984268,6.295395469979763e-05
1965-12-15,1965-12-26,478.7252,0.9002196493164109,430.9578316629287,0.615,1965,12,15,1965.12,1965,3,76,11,0.037234756655677,4.324950671984085,0.0100356702076754,0.39,2,Mod_Wet,42,7,5,3,61,118.0,0.2738086915480238,312.9578316629287,312.9578316629287,,2,156.47891583146435,156.47891583146435,0.0,0.0,0.0,0.0,0.0,0.0,0.0,0.0,42.0,7.0,5.0,3.0,61.0,366.9578316629287,990.0,965.5393102424832,24.46068975751689,0.1650425671628017,0.0467160965449023,989.7882413362923,0.1537465363724769,0.1537465363724769,0.01,0.01,24.09518455743676,24.09518455743676,24.23893109380923,24.23893109380923,,0.9427057285932388,0.9427057285932388,0.0,0.0,34.85787685043345,34.85787685043345,0.0,0.0,0.7496317602243753,0.7496317602243753,0.0,0.0,0.97,0.97,0.96,0.96,33.812140544920446,33.812140544920446,0.0,0.0,67.62428108984089,1622.9827461561813,0.1569162366278398,6.002253538485554e-05
1966-01-15,1966-01-26,653.5614,0.8750395785925671,571.8920920403683,0.4970000000000001,1966,1,15,1966.01,1965,4,107,16,0.0494114767522878,0.0,0.0,0.53,3,Normal,41,6,4,3,66,120.0,0.2098297942394516,451.8920920403683,451.8920920403683,,2,225.94604602018416,225.94604602018416,0.0,0.0,0.0,0.0,0.0,0.0,0.0,0.0,41.0,6.0,4.0,3.0,66.0,502.8920920403683,990.0,966.1735144141816,23.826485585818432,0.2130179852587491,0.1122930674430538,989.6746889472984,0.2475271621272486,0.2475271621272486,0.01,0.01,23.253647370989437,23.253647370989437,23.49117453311668,23.49117453311668,,0.958069926638516,0.958069926638516,0.0,0.0,49.36643157669664,49.36643157669664,0.0,0.0,1.0616436898214332,1.0616436898214332,0.0,0.0,0.98,0.98,0.96,0.96,48.2,48.2,0.0,0.0,96.4,2313.6000000000004,0.1685632680390261,5.9257017879803214e-05
1966-02-15,1966-02-26,1053.0739999999996,0.9224728423044594,971.4321659369264,0.34,1966,2,15,1966.02,1965,5,138,20,0.0839317391369504,18.997082054007024,0.0195557474007304,0.5,3,Normal,43,7,5,4,78,137.0,0.1410288899254909,834.4321659369264,834.4321659369264,,4,208.6080414842316,208.6080414842316,208.6080414842316,208.6080414842316,0.0,0.0,0.0,0.0,0.0,0.0,43.0,7.0,5.0,4.0,78.0,889.4321659369264,990.0,967.7857286637476,22.214271336252292,0.4691367676980005,0.3428651683134723,989.1879980639884,0.2241208560037126,0.2241208560037126,0.2241208560037126,0.2241208560037126,21.1781485442371,21.1781485442371,21.1781485442371,21.1781485442371,,0.954024848419003,0.954024848419003,0.954024848419003,0.954024848419003,41.3349504906012,41.3349504906012,41.3349504906012,41.3349504906012,0.8889236664645418,0.8889236664645418,0.8889236664645418,0.8889236664645418,0.9788923666464542,0.9788923666464542,0.9788923666464542,0.9788923666464542,40.46246751095862,40.46246751095862,40.46246751095862,40.46246751095862,161.84987004383447,3884.3968810520273,0.166609543845744,5.387891199510255e-05
1966-03-15,1966-03-26,2233.2716,1.0124644434742982,2261.108087620956,0.148,1966,3,15,1966.03,1965,6,166,24,0.1953597387704506,65.88991734913452,0.0291405429531947,0.52,3,Normal,49,9,9,9,107,183.0,0.0809337691558765,2078.108087620956,1100.0,,4,275.0,275.0,275.0,275.0,978.1080876209562,51.0,9.0,16.0,48.1036764403749,854.0044111805813,100.0,18.0,25.0,57.1036764403749,961.0044111805812,1243.0,990.0,971.730260901154,18.269739098846003,0.9262894125183112,0.648,988.4257105874816,0.28,0.28,0.28,0.28,16.41544968632772,16.41544968632772,16.41544968632772,16.41544968632772,,0.9462463490589832,0.9462463490589832,0.9462463490589832,0.9462463490589832,41.89173952464587,41.89173952464587,41.89173952464587,41.89173952464587,0.9008976241859328,0.9008976241859328,0.9008976241859328,0.9008976241859328,0.98,0.98,0.98,0.98,41.05390473415295,41.05390473415295,41.05390473415295,41.05390473415295,164.2156189366118,3941.1748544786833,0.0726261693705198,4.146859064055853e-05
1966-04-15,1966-04-26,4057.9837,0.9948355616753416,4037.026493458881,0.036,1966,4,15,1966.04,1965,7,197,29,0.3487990890348473,123.5729544157475,0.0306098943407903,0.12,2,Mod_Wet,70,14,18,25,168,295.0,0.073073585342574,3742.026493458881,1100.0,,4,275.0,275.0,275.0,275.0,2642.026493458881,30.0,3.999999999999986,7.0,55.0,2546.026493458881,100.0,18.0,25.0,80.0,2714.026493458881,1243.0,990.0,975.7477584830297,14.252241516970344,0.9262894125183112,0.648,988.4257105874816,0.28,0.28,0.28,0.28,12.39795210445206,12.39795210445206,12.39795210445206,12.39795210445206,,0.9235815689400686,0.9235815689400686,0.9235815689400686,0.9235815689400686,30.881373289667724,30.881373289667724,30.881373289667724,30.881373289667724,0.6641155546165102,0.6641155546165102,0.6641155546165102,0.6641155546165102,0.97,0.97,0.97,0.97,29.95493209097769,29.95493209097769,29.95493209097769,29.95493209097769,119.81972836391076,2875.6734807338585,0.0296801937163534,3.025750716260373e-05
1966-05-15,1966-05-26,2301.1428,1.0040153765184947,2310.3827547648234,0.142,1966,5,15,1966.05,1965,8,227,33,0.1996170700116807,24.777410847769712,0.0107243749100316,0.44,3,Normal,55,13,13,17,178,276.0,0.1194607254710461,2034.3827547648236,1100.0,,4,275.0,275.0,275.0,275.0,934.3827547648234,45.0,5.0,12.0,57.5525609818913,814.8301937829319,100.0,18.0,25.0,74.5525609818913,992.830193782932,1243.0,990.0,971.8491997528806,18.150800247119378,0.9262894125183112,0.648,988.4257105874816,0.28,0.28,0.28,0.28,16.296510834601094,16.296510834601094,16.296510834601094,16.296510834601094,,0.9458895325038033,0.9458895325038033,0.9458895325038033,0.9458895325038033,41.57252876585338,41.57252876585338,41.57252876585338,41.57252876585338,0.8940328766850191,0.8940328766850191,0.8940328766850191,0.8940328766850191,0.979403287668502,0.979403287668502,0.979403287668502,0.979403287668502,40.71627134997017,40.71627134997017,40.71627134997017,40.71627134997017,162.86508539988068,3908.762049597136,0.0704926857093247,4.1127546818151687e-05
1966-06-15,1966-06-26,1342.9646,0.905877929951145,1216.5619918456675,0.269,1966,6,15,1966.06,1965,9,258,37,0.1051109560954656,29.51837093923724,0.0242637622555135,0.45,3,Normal,53,12,12,13,120,210.0,0.1726175907249948,1006.5619918456676,1006.5619918456676,,4,251.64049796141688,251.64049796141688,251.64049796141688,251.64049796141688,0.0,0.0,0.0,0.0,0.0,0.0,53.0,12.0,12.0,13.0,120.0,1083.5619918456675,990.0,968.5806234029436,21.419376597056495,0.6743874946549931,0.4377644816527519,988.8878480236924,0.28,0.28,0.28,0.28,20.0272246207488,20.0272246207488,20.0272246207488,20.0272246207488,,0.9551415207787256,0.9551415207787256,0.9551415207787256,0.9551415207787256,47.20714422909012,47.20714422909012,47.20714422909012,47.20714422909012,1.0152074027761315,1.0152074027761315,1.0152074027761315,1.0152074027761315,0.98,0.98,0.98,0.98,46.26300134450832,46.26300134450832,46.26300134450832,46.26300134450832,185.05200537803327,4441.248129072798,0.1521106253675471,5.106822554761529e-05
1966-07-15,1966-07-26,704.3503,0.8783280558406197,618.6506296297572,0.474,1966,7,15,1966.07,1965,10,288,42,0.053451414400011,5.158382435532985,0.0083381187838119,0.33,2,Mod_Wet,58,11,11,11,136,227.0,0.3669276149219347,391.6506296297572,391.6506296297572,,2,195.8253148148786,195.8253148148786,0.0,0.0,0.0,0.0,0.0,0.0,0.0,0.0,58.0,11.0,11.0,11.0,136.0,471.6506296297572,990.0,966.3746025185188,23.62539748148106,0.2019919038506022,0.0838590971852454,989.714148998964,0.2068641750000861,0.2068641750000861,0.01,0.01,23.13268230544508,23.13268230544508,23.329546480445163,23.329546480445163,,0.9537413035666998,0.9537413035666998,0.0,0.0,42.3705515463145,42.3705515463145,0.0,0.0,0.9111946569099892,0.9111946569099892,0.0,0.0,0.98,0.98,0.96,0.96,41.52314051538821,41.52314051538821,0.0,0.0,83.04628103077643,1993.1107447386344,0.1342377701619361,5.890048337020518e-05
1966-08-15,1966-08-26,483.8375,0.9000891520783358,435.49688511870175,0.611,1966,8,15,1966.08,1965,11,319,46,0.0376269308742558,4.536226047755463,0.0104162077910592,0.3,2,Mod_Wet,54,9,8,6,107,184.0,0.4225058922059748,251.49688511870173,251.49688511870173,,1,251.49688511870173,0.0,0.0,0.0,0.0,0.0,0.0,0.0,0.0,0.0,54.0,9.0,8.0,6.0,107.0,322.4968851187017,990.0,965.559735983034,24.440264016965894,0.1493509196452576,0.0177065297760272,989.8329425505788,0.28,0.01,0.01,0.01,23.99320656754466,24.26320656754466,24.26320656754466,24.26320656754466,,0.9510476862475375,0.0,0.0,0.0,56.28101179721708,0.0,0.0,0.0,1.2103443397250984,0.0,0.0,0.0,0.98,0.96,0.96,0.96,48.2,0.0,0.0,0.0,48.2,1156.8000000000002,0.1106781739365651,5.3236798072348255e-05
1966-09-15,1966-09-26,379.1131,0.9090149185803196,344.6194637292325,0.718,1966,9,15,1966.09,1965,12,350,50,0.0297751216662056,2.319030654703284,0.0067292503725945,0.18,2,Mod_Wet,46,7,6,4,75,138.0,0.4004416886575698,206.6194637292325,206.6194637292325,,1,206.6194637292325,0.0,0.0,0.0,0.0,0.0,0.0,0.0,0.0,0.0,46.0,7.0,6.0,4.0,75.0,265.6194637292325,990.0,965.1230973186462,24.87690268135384,0.1292771129110132,0.0133126544169847,989.857410232672,0.2214362760344639,0.01,0.01,0.01,24.512876637991383,24.724312914025848,24.724312914025848,24.724312914025848,,0.9559745029126407,0.0,0.0,0.0,47.48435228665016,0.0,0.0,0.0,1.0211688663795735,0.0,0.0,0.0,0.98,0.96,0.96,0.96,46.53466524091716,0.0,0.0,0.0,46.53466524091716,1116.8319657820118,0.1350320284796201,6.256088205317491e-05
1966-10-15,1966-10-26,293.6805,0.9321845933144058,273.7644374568714,0.8280000000000001,1966,10,15,1966.1,1966,1,15,3,0.0236532473962736,7.557836542355176,0.0276070793290886,0.15,2,Mod_Wet,41,6,4,3,56,110.0,0.4018052929805,163.7644374568714,163.7644374568714,,1,163.7644374568714,0.0,0.0,0.0,0.0,0.0,0.0,0.0,0.0,0.0,41.0,6.0,4.0,3.0,56.0,214.7644374568714,990.0,964.7950577498276,25.204942250172508,0.1113285694607379,0.009669977183834,989.8790014533554,0.1635819905667764,0.01,0.01,0.01,24.92036171296112,25.07394370352789,25.07394370352789,25.07394370352789,,0.9434947699939742,0.0,0.0,0.0,37.761752029424095,0.0,0.0,0.0,0.8120806888048192,0.0,0.0,0.0,0.971208068880482,0.96,0.96,0.96,36.67451826604059,0.0,0.0,0.0,36.67451826604059,880.1884383849742,0.1339637777891376,6.22074385819827e-05
1966-11-15,1966-11-26,301.2308,0.93390939438871,281.3222739992266,0.8160000000000001,1966,11,15,1966.11,1966,2,46,7,0.0243062444735331,5.399793147580169,0.0191943320762259,0.28,2,Mod_Wet,40,6,4,3,53,106.0,0.3767920630425851,175.32227399922658,175.32227399922658,,1,175.32227399922658,0.0,0.0,0.0,0.0,0.0,0.0,0.0,0.0,0.0,40.0,6.0,4.0,3.0,53.0,225.32227399922655,990.0,964.8252890959968,25.174710904003064,0.1150548772498519,0.0106523932899342,989.8742927294604,0.1791850698989559,0.01,0.01,0.01,24.86981856356441,25.03900363346337,25.03900363346337,25.03900363346337,,0.9470975262260368,0.0,0.0,0.0,40.49888939181436,0.0,0.0,0.0,0.8709438578884808,0.0,0.0,0.0,0.977094385788848,0.96,0.96,0.96,39.57123745542535,0.0,0.0,0.0,39.57123745542535,949.7096989302084,0.1406615867733748,6.269602916702592e-05
1966-12-15,1966-12-26,383.5279,0.9045977994923856,346.9384943839358,0.7120000000000001,1966,12,15,1966.12,1966,3,76,11,0.029975485914772,3.2807107169124947,0.009456173846428,0.5,3,Normal,38,5,4,3,54,104.0,0.2997649487834276,242.9384943839358,242.9384943839358,,1,242.9384943839358,0.0,0.0,0.0,0.0,0.0,0.0,0.0,0.0,0.0,38.0,5.0,4.0,3.0,54.0,289.9384943839358,990.0,965.1346924719196,24.865307528080397,0.1378600533714093,0.0163997720226345,989.845740174606,0.2704669674183133,0.01,0.01,0.01,24.4405807352681,24.701047702686413,24.701047702686413,24.701047702686413,,0.9563588324224136,0.0,0.0,0.0,55.68874480697433,0.0,0.0,0.0,1.197607415203749,0.0,0.0,0.0,0.98,0.96,0.96,0.96,48.2,0.0,0.0,0.0,48.2,1156.8000000000002,0.1389295243400116,5.511225762241418e-05
1967-01-15,1967-01-26,617.0284,0.8884164098844547,548.1781559247493,0.519,1967,1,15,1967.01,1966,4,107,16,0.0473625926718983,0.0,0.0,0.74,4,Mod_Dry,34,5,4,3,45,91.0,0.1660044257810447,457.17815592474926,457.17815592474926,,2,228.58907796237463,228.58907796237463,0.0,0.0,0.0,0.0,0.0,0.0,0.0,0.0,34.0,5.0,4.0,3.0,45.0,500.17815592474926,990.0,966.0668017016612,23.93319829833865,0.2120601529987214,0.1147880895964816,989.6731517574048,0.2510952552492058,0.2510952552492058,0.01,0.01,23.355254800494315,23.355254800494315,23.59635005574352,23.59635005574352,,0.9576481635116352,0.9576481635116352,0.0,0.0,50.14005028942537,50.14005028942537,0.0,0.0,1.0782806513854917,1.0782806513854917,0.0,0.0,0.98,0.98,0.96,0.96,48.2,48.2,0.0,0.0,96.4,2313.6000000000004,0.1758552378603594,5.857186619866711e-05
1967-02-15,1967-02-26,856.6266,0.8970607168566745,768.4460718744957,0.407,1967,2,15,1967.02,1966,5,138,20,0.0663937406099564,7.9178605552057215,0.0103037296239818,0.77,4,Mod_Dry,36,6,5,4,54,105.0,0.1366393867351941,663.4460718744957,663.4460718744957,,3,221.14869062483191,221.14869062483191,221.14869062483191,0.0,0.0,0.0,0.0,0.0,0.0,0.0,36.0,6.0,5.0,4.0,54.0,710.4460718744957,990.0,966.973784287498,23.026215712502108,0.3302607272876767,0.2441819760121631,989.4255572967002,0.2410507323435231,0.2410507323435231,0.2410507323435231,0.01,22.210722276858743,22.210722276858743,22.210722276858743,22.44177300920227,,0.9567853846536944,0.9567853846536944,0.9567853846536944,0.0,46.08931847119741,46.08931847119741,46.08931847119741,0.0,0.9911681391655356,0.9911681391655356,0.9911681391655356,0.0,0.98,0.98,0.98,0.96,45.16753210177346,45.16753210177346,45.16753210177346,0.0,135.50259630532037,3252.062311327689,0.1763332539065291,5.6733488493593056e-05
1967-03-15,1967-03-26,1156.5974,0.9338086699838878,1080.0406798008228,0.311,1967,3,15,1967.03,1966,6,166,24,0.093315514734791,13.692555692460244,0.0126778147791483,0.79,4,Mod_Dry,41,8,7,6,67,129.0,0.1194399455618558,951.0406798008228,951.0406798008228,,4,237.7601699502057,237.7601699502057,237.7601699502057,237.7601699502057,0.0,0.0,0.0,0.0,0.0,0.0,41.0,8.0,7.0,6.0,67.0,1007.0406798008228,990.0,968.1515564222312,21.84844357776888,0.5767501556251948,0.3993036890235982,989.0239461553512,0.2634762294327777,0.2634762294327777,0.2634762294327777,0.2634762294327777,20.608913503687365,20.608913503687365,20.608913503687365,20.608913503687365,,0.955507276838381,0.955507276838381,0.955507276838381,0.955507276838381,45.91630133306567,45.91630133306567,45.91630133306567,45.91630133306567,0.987447340496036,0.987447340496036,0.987447340496036,0.987447340496036,0.98,0.98,0.98,0.98,44.99797530640436,44.99797530640436,44.99797530640436,44.99797530640436,179.99190122561745,4319.805629414818,0.166652890573354,5.257162117494318e-05
1967-04-15,1967-04-26,2659.9765,1.0168576574949744,2704.817472781681,0.109,1967,4,15,1967.04,1966,7,197,29,0.2336962296483372,87.91874644243264,0.0325045025504125,0.71,4,Mod_Dry,45,11,10,10,72,148.0,0.0547171857211474,2556.817472781681,1100.0,,4,275.0,275.0,275.0,275.0,1456.8174727816809,55.0,7.0,15.0,70.0,1309.817472781681,100.0,18.0,25.0,80.0,1381.817472781681,1243.0,990.0,972.8012835549904,17.198716445009723,0.9262894125183112,0.648,988.4257105874816,0.28,0.28,0.28,0.28,15.34442703249144,15.34442703249144,15.34442703249144,15.34442703249144,,0.9423777081299658,0.9423777081299658,0.9423777081299658,0.9423777081299658,38.998425552475226,38.998425552475226,38.998425552475226,38.998425552475226,0.8386758183328006,0.8386758183328006,0.8386758183328006,0.8386758183328006,0.97386758183328,0.97386758183328,0.97386758183328,0.97386758183328,37.97930238809425,37.97930238809425,37.97930238809425,37.97930238809425,151.917209552377,3646.013029257048,0.0561654200629452,3.83629317051457e-05
1967-05-15,1967-05-26,2370.2993,1.0061312558588449,2384.832211470341,0.134,1967,5,15,1967.05,1966,8,227,33,0.2060495030710374,38.53337967918196,0.0161576900437052,0.37,2,Mod_Wet,65,14,17,23,202,321.0,0.1346006643385998,2063.832211470341,1100.0,,4,275.0,275.0,275.0,275.0,963.832211470341,35.00000000000003,4.0,8.0,57.0,859.8322114703408,100.0,18.0,25.0,80.0,1061.8322114703408,1243.0,990.0,972.028905338032,17.971094661968095,0.9262894125183112,0.648,988.4257105874816,0.28,0.28,0.28,0.28,16.11680524944981,16.11680524944981,16.11680524944981,16.11680524944981,,0.9453504157483494,0.9453504157483494,0.9453504157483494,0.9453504157483494,41.09066510335429,41.09066510335429,41.09066510335429,41.09066510335429,0.8836702172764364,0.8836702172764364,0.8836702172764364,0.8836702172764364,0.9783670217276436,0.9783670217276436,0.9783670217276436,0.9783670217276436,40.20175163797675,40.20175163797675,40.20175163797675,40.20175163797675,160.807006551907,3859.368157245768,0.0674290651470038,4.0607829937350255e-05
1967-06-15,1967-06-26,1656.2409,0.9717907482149442,1609.5195834351923,0.217,1967,6,15,1967.06,1966,9,258,37,0.1390624920088006,21.886116923755253,0.0135979189995587,0.21,2,Mod_Wet,62,12,14,16,153,257.0,0.159674975467826,1352.5195834351923,1100.0,,4,275.0,275.0,275.0,275.0,252.51958343519232,37.99999999999999,5.999999999999998,11.0,15.721063560167616,181.79851987502477,100.0,18.0,25.0,31.72106356016761,334.79851987502474,1243.0,990.0,969.8384478849443,20.161552115055542,0.9262894125183112,0.648,988.4257105874816,0.28,0.28,0.28,0.28,18.30726270253726,18.30726270253726,18.30726270253726,18.30726270253726,,0.9516340783781716,0.9516340783781716,0.9516340783781716,0.9516340783781716,46.98560169341386,46.98560169341386,46.98560169341386,46.98560169341386,1.0104430471701906,1.0104430471701906,1.0104430471701906,1.0104430471701906,0.98,0.98,0.98,0.98,46.04588965954559,46.04588965954559,46.04588965954559,46.04588965954559,184.18355863818235,4420.405407316376,0.1144338724012788,4.651099965610665e-05
1967-07-15,1967-07-26,827.5366,0.8937943571986156,739.6475434553279,0.419,1967,7,15,1967.07,1966,10,288,42,0.0639055477545403,39.71885415710676,0.0536997040124769,0.15,2,Mod_Wet,58,11,11,11,136,227.0,0.3069029323609319,512.6475434553279,512.6475434553279,,2,256.32377172766394,256.32377172766394,0.0,0.0,0.0,0.0,0.0,0.0,0.0,0.0,58.0,11.0,11.0,11.0,136.0,592.6475434553279,990.0,966.8585901738212,23.141409826178688,0.2633169836278419,0.143448559028159,989.593234457344,0.28,0.28,0.01,0.01,22.454644283522697,22.454644283522697,22.724644283522696,22.724644283522696,,0.9545277170519604,0.9545277170519604,0.0,0.0,53.87934503331627,53.87934503331627,0.0,0.0,1.1586955921143285,1.1586955921143285,0.0,0.0,0.98,0.98,0.96,0.96,48.2,48.2,0.0,0.0,96.4,2313.6000000000004,0.1303323466061403,5.2234284782272046e-05
1967-08-15,1967-08-26,494.165,0.8960553284209241,442.799181369126,0.602,1967,8,15,1967.08,1966,11,319,46,0.0382578492702924,0.0,0.0,0.24,2,Mod_Wet,54,9,8,6,107,184.0,0.4155382569386776,258.799181369126,258.799181369126,,1,258.799181369126,0.0,0.0,0.0,0.0,0.0,0.0,0.0,0.0,0.0,54.0,9.0,8.0,6.0,107.0,329.799181369126,990.0,965.592596316161,24.407403683838996,0.151928126559113,0.0211532136062274,989.8269186598346,0.28,0.01,0.01,0.01,23.954322343673624,24.224322343673624,24.224322343673624,24.224322343673624,,0.9464576772667056,0.0,0.0,0.0,57.54222959164997,0.0,0.0,0.0,1.237467303046236,0.0,0.0,0.0,0.98,0.96,0.96,0.96,48.2,0.0,0.0,0.0,48.2,1156.8000000000002,0.108852956437197,5.173466476229799e-05
1967-09-15,1967-09-26,357.5196,0.9208048873506705,329.2057950036568,0.742,1967,9,15,1967.09,1966,12,350,50,0.0284433806883159,2.40577224397947,0.0073078064860697,0.25,2,Mod_Wet,46,7,6,4,75,138.0,0.419190676757276,191.2057950036568,191.2057950036568,,1,191.2057950036568,0.0,0.0,0.0,0.0,0.0,0.0,0.0,0.0,0.0,46.0,7.0,6.0,4.0,75.0,250.2057950036568,990.0,965.0460289750184,24.953971024981684,0.1238371509805281,0.0120024925753108,989.864160356444,0.2006278232549367,0.01,0.01,0.01,24.61750355817088,24.808131381425813,24.808131381425813,24.808131381425813,,0.9522138700909036,0.0,0.0,0.0,43.95600991073065,0.0,0.0,0.0,0.9452905357146376,0.0,0.0,0.0,0.98,0.96,0.96,0.96,43.07688971251604,0.0,0.0,0.0,43.07688971251604,1033.8453531003847,0.1308509460231024,6.258075335892551e-05
1967-10-15,1967-10-26,268.1972,0.9570673705328404,256.6827889882703,0.865,1967,10,15,1967.1,1967,1,15,3,0.0221773929685865,0.0,0.0,0.32,2,Mod_Wet,41,6,4,3,56,110.0,0.4285445098737286,146.68278898827032,146.68278898827032,,1,146.68278898827032,0.0,0.0,0.0,0.0,0.0,0.0,0.0,0.0,0.0,41.0,6.0,4.0,3.0,56.0,197.68278898827032,990.0,964.7267311559532,25.273268844046925,0.1052997553417007,0.0082180370640029,989.8864822075944,0.1405217651341649,0.01,0.01,0.01,25.019229286507088,25.14975105164125,25.14975105164125,25.14975105164125,,0.9377587115730694,0.0,0.0,0.0,33.75070841528566,0.0,0.0,0.0,0.7258216863502291,0.0,0.0,0.0,0.97,0.96,0.96,0.96,32.73818716282709,0.0,0.0,0.0,32.73818716282709,785.7164919078501,0.1275433670168011,6.199732730259369e-05
1967-11-15,1967-11-26,424.724,0.9100759486875,386.53109723034976,0.6709999999999999,1967,11,15,1967.11,1967,2,46,7,0.0333962868007022,13.520971847900398,0.0349802951037667,0.11,2,Mod_Wet,40,6,4,3,53,106.0,0.2742340804130185,280.53109723034976,280.53109723034976,,2,140.26554861517488,140.26554861517488,0.0,0.0,0.0,0.0,0.0,0.0,0.0,0.0,40.0,6.0,4.0,3.0,53.0,330.53109723034976,990.0,965.3326554861516,24.66734451384832,0.1521864423755655,0.031410677892725,989.8164028797318,0.1318584906304861,0.1318584906304861,0.01,0.01,24.35188890294959,24.35188890294959,24.473747393580076,24.473747393580076,,0.9361846512239856,0.9361846512239856,0.0,0.0,31.36056544007625,31.36056544007625,0.0,0.0,0.6744207621521775,0.6744207621521775,0.0,0.0,0.97,0.97,0.96,0.96,30.419748476873966,30.419748476873966,0.0,0.0,60.83949695374793,1460.1479268899504,0.1573987122632236,6.024237751814432e-05
1967-12-15,1967-12-26,635.1294,0.8861628436789661,562.8280752081156,0.506,1967,12,15,1967.12,1967,3,76,11,0.0486283456979812,11.829751749518664,0.0210184108977584,0.12,2,Mod_Wet,42,7,5,3,61,118.0,0.2096554972961635,444.8280752081156,444.8280752081156,,2,222.4140376040578,222.4140376040578,0.0,0.0,0.0,0.0,0.0,0.0,0.0,0.0,42.0,7.0,5.0,3.0,61.0,498.8280752081156,990.0,966.1327263384364,23.86727366156356,0.2115836676251009,0.1089588514982305,989.6794574808767,0.242758950765478,0.242758950765478,0.01,0.01,23.30397219167483,23.30397219167483,23.536731142440303,23.536731142440303,,0.9578829163619528,0.9578829163619528,0.0,0.0,48.690392425878,48.690392425878,0.0,0.0,1.0471052134597418,1.0471052134597418,0.0,0.0,0.98,0.98,0.96,0.96,47.71658457736044,47.71658457736044,0.0,0.0,95.43316915472089,2290.396059713301,0.1695600723532364,5.959429076432872e-05
1968-01-15,1968-01-26,1201.5505,0.921902008637954,1107.711819429938,0.298,1968,1,15,1968.01,1967,4,107,16,0.0957063011987466,47.71395036584954,0.0430743353360665,0.15,2,Mod_Wet,46,7,6,4,76,139.0,0.1254839007419218,968.711819429938,968.711819429938,,4,242.1779548574845,242.1779548574845,242.1779548574845,242.1779548574845,0.0,0.0,0.0,0.0,0.0,0.0,46.0,7.0,6.0,4.0,76.0,1027.711819429938,990.0,968.2385228610656,21.761477138934534,0.5956645292085521,0.40785652060409,988.9964789501872,0.2694402390576041,0.2694402390576041,0.2694402390576041,0.2694402390576041,20.48851585006427,20.48851585006427,20.48851585006427,20.48851585006427,,0.9554964461094956,0.9554964461094956,0.9554964461094956,0.9554964461094956,46.49570990267331,46.49570990267331,46.49570990267331,46.49570990267331,0.9999077398424367,0.9999077398424367,0.9999077398424367,0.9999077398424367,0.98,0.98,0.98,0.98,45.565795704619845,45.565795704619845,45.565795704619845,45.565795704619845,182.26318281847935,4374.316387643505,0.1645402528179915,5.226390437128733e-05
1968-02-15,1968-02-26,4918.8179,1.0292589936629206,5062.737561765161,0.017,1968,2,15,1968.02,1967,5,138,20,0.43742052533651,52.16438534733879,0.0103035926138646,0.02,1,Wet,55,10,10,8,114,197.0,0.0389117542824626,4865.737561765161,1100.0,,4,275.0,275.0,275.0,275.0,3765.7375617651614,45.0,8.0,15.0,72.0,3625.7375617651614,100.0,18.0,25.0,80.0,3739.7375617651614,1243.0,990.0116360029344,977.6066158451184,12.405020157816123,0.9219427632312428,0.648,988.4416932397032,0.28,0.28,0.28,0.28,10.555077394584917,10.555077394584917,10.555077394584917,10.555077394584917,,0.8936624419291581,0.8936624419291581,0.8936624419291581,0.8936624419291581,25.439368223593757,25.439368223593757,25.439368223593757,25.439368223593757,0.5470831876041667,0.5470831876041667,0.5470831876041667,0.5470831876041667,0.97,0.97,0.97,0.97,24.67618717688594,24.67618717688594,24.67618717688594,24.67618717688594,98.70474870754376,2368.91396898105,0.0194963194325896,2.492544159281408e-05
1968-03-15,1968-03-26,3808.3225,1.025470972214844,3905.3241765826656,0.041,1968,3,15,1968.03,1967,6,167,24,0.3374200088567423,25.68581571472805,0.0065771276732279,0.11,2,Mod_Wet,59,11,12,13,144,239.0,0.0611985047062433,3666.3241765826656,1100.0,,4,275.0,275.0,275.0,275.0,2566.3241765826656,41.0,6.999999999999986,13.0,67.0,2438.324176582665,100.0,18.0,25.0,80.0,2582.324176582665,1243.0,990.0,975.479377421806,14.52062257819398,0.9262894125183112,0.648,988.4257105874816,0.28,0.28,0.28,0.28,12.666333165675695,12.666333165675695,12.666333165675695,12.666333165675695,,0.9259969984910814,0.9259969984910814,0.9259969984910814,0.9259969984910814,31.632380750316457,31.632380750316457,31.632380750316457,31.632380750316457,0.6802662526949775,0.6802662526949775,0.6802662526949775,0.6802662526949775,0.97,0.97,0.97,0.97,30.683409327806963,30.683409327806963,30.683409327806963,30.683409327806963,122.73363731122784,2945.607295469468,0.0314272597514876,3.0993342755360565e-05
1968-04-15,1968-04-26,4779.3249,1.01605202564386,4856.042745855138,0.019,1968,4,15,1968.04,1967,7,198,29,0.4195620932418839,170.63884410301762,0.0351394855921863,0.05,1,Wet,84,14,20,27,219,364.0,0.0749581540052733,4492.042745855138,1100.0,,4,275.0,275.0,275.0,275.0,3392.0427458551376,16.0,4.0,5.0,53.0,3314.042745855138,100.0,18.0,25.0,80.0,3533.042745855138,1243.0,990.0,977.2465582249148,12.753441775085092,0.9262894125183112,0.648,988.4257105874816,0.28,0.28,0.28,0.28,10.899152362566811,10.899152362566811,10.899152362566811,10.899152362566811,,0.9062968747534532,0.9062968747534532,0.9062968747534532,0.9062968747534532,26.64002324619758,26.64002324619758,26.64002324619758,26.64002324619758,0.5729037257246791,0.5729037257246791,0.5729037257246791,0.5729037257246791,0.97,0.97,0.97,0.97,25.84082254881165,25.84082254881165,25.84082254881165,25.84082254881165,103.3632901952466,2480.7189646859188,0.0212854984201842,2.610184095839561e-05
1968-05-15,1968-05-26,2556.1926,1.0139677253419703,2591.896796157977,0.117,1968,5,15,1968.05,1967,8,228,33,0.2239398831880492,53.72225355135425,0.0207270033401746,0.29,2,Mod_Wet,65,14,17,23,202,321.0,0.1238475237423901,2270.896796157977,1100.0,,4,275.0,275.0,275.0,275.0,1170.896796157977,34.99999999999997,4.0,8.0,57.0,1066.896796157977,100.0,18.0,25.0,80.0,1268.896796157977,1243.0,990.0,972.5287164045192,17.471283595480713,0.9262894125183112,0.648,988.4257105874816,0.28,0.28,0.28,0.28,15.616994182962433,15.616994182962433,15.616994182962433,15.616994182962433,,0.9434679767318496,0.9434679767318496,0.9434679767318496,0.9434679767318496,39.73708503776093,39.73708503776093,39.73708503776093,39.73708503776093,0.8545609685539984,0.8545609685539984,0.8545609685539984,0.8545609685539984,0.9754560968553998,0.9754560968553998,0.9754560968553998,0.9754560968553998,38.76178187134538,38.76178187134538,38.76178187134538,38.76178187134538,155.04712748538154,3721.1310596491567,0.0598199464250317,3.915331502156099e-05
1968-06-15,1968-06-26,1484.0171,0.9431309976592172,1399.6225280663384,0.244,1968,6,15,1968.06,1967,9,259,37,0.1209273864249316,47.06583083793566,0.033627517344237,0.3,2,Mod_Wet,62,12,14,16,153,257.0,0.1836209369643833,1142.6225280663384,1100.0,,4,275.0,275.0,275.0,275.0,42.62252806633842,10.282477587988256,1.990156952513856,2.321849777932832,2.6535426033518084,25.374501144551665,72.28247758798825,13.990156952513855,16.321849777932833,18.65354260335181,178.37450114455166,1202.594484318435,990.0,969.1603189368298,20.839681063170246,0.848824583607983,0.648,988.503175416392,0.28,0.28,0.28,0.28,19.06285647956221,19.06285647956221,19.06285647956221,19.06285647956221,,0.9526571411989057,0.9526571411989057,0.9526571411989057,0.9526571411989057,48.97743070083805,48.97743070083805,48.97743070083805,48.97743070083805,1.053278079587915,1.053278079587915,1.053278079587915,1.053278079587915,0.98,0.98,0.98,0.98,47.997882086821285,47.997882086821285,47.997882086821285,47.997882086821285,191.99152834728517,4607.796680334844,0.1371737911453403,4.848270917860736e-05
1968-07-15,1968-07-26,849.2947,0.8954821115912885,760.52821131929,0.409,1968,7,15,1968.07,1967,10,289,42,0.0657096374579866,18.838186293144645,0.0247698717980047,0.17,2,Mod_Wet,58,11,11,11,136,227.0,0.2984767647293748,533.52821131929,533.52821131929,,2,266.764105659645,266.764105659645,0.0,0.0,0.0,0.0,0.0,0.0,0.0,0.0,58.0,11.0,11.0,11.0,136.0,613.52821131929,990.0,966.9421128452772,23.057887154722835,0.2751832615490505,0.1573968451612857,989.5674198932896,0.28,0.28,0.01,0.01,22.345307048012472,22.345307048012472,22.615307048012472,22.615307048012472,,0.9525455752418526,0.9525455752418526,0.0,0.0,55.68499474622117,55.68499474622117,0.0,0.0,1.1975267687359392,1.1975267687359392,0.0,0.0,0.98,0.98,0.96,0.96,48.2,48.2,0.0,0.0,96.4,2313.6000000000004,0.1267540093388182,5.01899940990236e-05
1968-08-15,1968-08-26,587.589,0.8901106602929673,523.0192327708844,0.536,1968,8,15,1968.08,1967,11,320,46,0.0451888617114044,4.3183651272617,0.0082566086611836,0.09,1,Wet,58,10,10,7,117,202.0,0.3862190668014857,321.0192327708844,321.0192327708844,,2,160.5096163854422,160.5096163854422,0.0,0.0,0.0,0.0,0.0,0.0,0.0,0.0,58.0,10.0,10.0,7.0,117.0,399.0192327708844,990.0,965.953586547469,24.046413452531056,0.1763580303773375,0.0505210778678574,989.7731208917548,0.159187982120347,0.159187982120347,0.01,0.01,23.66034636216555,23.66034636216555,23.809534344285897,23.809534344285897,,0.9441798193674308,0.9441798193674308,0.0,0.0,35.16540049662311,35.16540049662311,0.0,0.0,0.7562451719703894,0.7562451719703894,0.0,0.0,0.97,0.97,0.96,0.96,34.110438481724415,34.110438481724415,0.0,0.0,68.22087696344883,1637.301047122772,0.1304366506792187,5.903148991226654e-05
1968-09-15,1968-09-26,443.8904,0.9076618404997884,402.90237744418727,0.648,1968,9,15,1968.09,1967,12,351,51,0.0348107654111777,0.0,0.0,0.08,1,Wet,48,8,7,4,79,146.0,0.3623706589326961,256.90237744418727,256.90237744418727,,1,256.90237744418727,0.0,0.0,0.0,0.0,0.0,0.0,0.0,0.0,0.0,48.0,8.0,7.0,4.0,79.0,319.90237744418727,990.0,965.4130606984988,24.58693930150116,0.1484352373875812,0.0202579221536563,989.8313068404588,0.28,0.01,0.01,0.01,24.13824614195991,24.40824614195991,24.40824614195991,24.40824614195991,,0.9489811511907834,0.0,0.0,0.0,57.71253100769493,0.0,0.0,0.0,1.2411296990902134,0.0,0.0,0.0,0.98,0.96,0.96,0.96,48.2,0.0,0.0,0.0,48.2,1156.8000000000002,0.1196319572640818,5.2116640655836914e-05
1968-10-15,1968-10-26,324.6118,0.9312809696570542,302.30479186612183,0.7809999999999999,1968,10,15,1968.1,1968,1,15,3,0.0261191340172329,0.0,0.0,0.11,2,Mod_Wet,41,6,4,3,56,110.0,0.3638711755806848,192.30479186612183,192.30479186612183,,1,192.30479186612183,0.0,0.0,0.0,0.0,0.0,0.0,0.0,0.0,0.0,41.0,6.0,4.0,3.0,56.0,243.30479186612183,990.0,964.9115239593306,25.088476040669438,0.1214015728570631,0.0120959073086203,989.8665025198344,0.2021114690192645,0.01,0.01,0.01,24.75286709148445,24.94497856050372,24.94497856050372,24.94497856050372,,0.952425736340273,0.0,0.0,0.0,44.46163590480436,0.0,0.0,0.0,0.9561642130065454,0.0,0.0,0.0,0.98,0.96,0.96,0.96,43.57240318670827,0.0,0.0,0.0,43.57240318670827,1045.7376764809983,0.1441340142765738,6.293886497673612e-05
1968-11-15,1968-11-26,370.3799,0.9134433097017404,338.3210417029997,0.727,1968,11,15,1968.11,1968,2,46,7,0.0292309380031391,2.848223915092888,0.0084187016590982,0.18,2,Mod_Wet,40,6,4,3,53,106.0,0.313311875213052,232.3210417029997,232.3210417029997,,1,232.3210417029997,0.0,0.0,0.0,0.0,0.0,0.0,0.0,0.0,0.0,40.0,6.0,4.0,3.0,53.0,282.3210417029997,990.0,965.0916052085148,24.90839479148508,0.1351716179749222,0.0154972885447549,989.8493310934804,0.2561334062990496,0.01,0.01,0.01,24.50159247866629,24.747725884965337,24.747725884965337,24.747725884965337,,0.9580681769943616,0.0,0.0,0.0,53.48327253502177,0.0,0.0,0.0,1.1501779039789628,0.0,0.0,0.0,0.98,0.96,0.96,0.96,48.2,0.0,0.0,0.0,48.2,1156.8000000000002,0.1424682300497085,5.763097819613476e-05
1968-12-15,1968-12-26,617.0284,0.8884164098844547,548.1781559247493,0.519,1968,12,15,1968.12,1968,3,76,11,0.0473625926718983,15.658932960418156,0.0285654085103086,0.11,2,Mod_Wet,42,7,5,3,61,118.0,0.2152584861776184,430.17815592474926,430.17815592474926,,2,215.08907796237463,215.08907796237463,0.0,0.0,0.0,0.0,0.0,0.0,0.0,0.0,42.0,7.0,5.0,3.0,61.0,484.17815592474926,990.0,966.0668017016612,23.93319829833865,0.2064132565694931,0.1020440895964816,989.691542653834,0.2328702552492057,0.2328702552492057,0.01,0.01,23.391870696923508,23.391870696923508,23.614740952172717,23.614740952172717,,0.9569200070010616,0.9569200070010616,0.0,0.0,47.216919183043686,47.216919183043686,0.0,0.0,1.0154176168396492,1.0154176168396492,0.0,0.0,0.98,0.98,0.96,0.96,46.27258079938281,46.27258079938281,0.0,0.0,92.54516159876562,2221.083878370375,0.168823147362825,5.975893703325874e-05
1969-01-15,1969-01-26,849.2947,0.8954821115912885,760.52821131929,0.409,1969,1,15,1969.01,1968,4,107,16,0.0657096374579866,0.0,0.0,0.22,2,Mod_Wet,46,7,6,4,76,139.0,0.182767710561159,621.52821131929,621.52821131929,,3,207.1760704397633,207.1760704397633,207.1760704397633,0.0,0.0,0.0,0.0,0.0,0.0,0.0,46.0,7.0,6.0,4.0,76.0,680.52821131929,990.0,966.9421128452772,23.057887154722835,0.3132587017553061,0.2161808451612857,989.4705604530834,0.2221876950936805,0.2221876950936805,0.2221876950936805,0.01,22.30625991271256,22.30625991271256,22.30625991271256,22.51844760780624,,0.9551132682216888,0.9551132682216888,0.9551132682216888,0.0,43.28724313269549,43.28724313269549,43.28724313269549,0.0,0.9309084544665696,0.9309084544665696,0.9309084544665696,0.0,0.98,0.98,0.98,0.96,42.421498270041575,42.421498270041575,42.421498270041575,0.0,127.26449481012472,3054.3478754429934,0.1673369809508561,5.687794683258137e-05
1969-02-15,1969-02-26,1382.3614,0.91853493973922,1269.7472452468237,0.263,1969,2,15,1969.02,1968,5,138,20,0.1097061619893255,53.18525340115593,0.0418864885119852,0.27,2,Mod_Wet,49,8,7,5,93,162.0,0.1275844469097541,1107.7472452468237,1100.0,,4,275.0,275.0,275.0,275.0,7.747245246823695,2.34330257465655,0.3825800121888244,0.3347575106652213,0.2391125076180152,4.447492641695084,51.34330257465655,8.382580012188825,7.334757510665221,5.239112507618016,97.44749264169508,1167.0606400975107,990.0,968.74777705649,21.25222294350999,0.7967512361005774,0.648,988.5552487638994,0.28,0.28,0.28,0.28,19.527471707409376,19.527471707409376,19.527471707409376,19.527471707409376,,0.9538186792685236,0.9538186792685236,0.9538186792685236,0.9538186792685236,50.23231966868837,50.23231966868837,50.23231966868837,50.23231966868837,1.0802649391115775,1.0802649391115775,1.0802649391115775,1.0802649391115775,0.98,0.98,0.98,0.98,48.2,48.2,48.2,48.2,192.8,4627.200000000001,0.1518412429888926,4.8686868686868696e-05
1969-03-15,1969-03-26,6522.9296,1.0376152240217862,6768.291058182343,0.004,1969,3,15,1969.03,1968,6,166,24,0.5847803474269543,102.12074144843427,0.015088113169273,0.04,1,Wet,68,14,17,21,195,315.0,0.0465405517127088,6453.291058182343,0.0,,0,275.0,275.0,275.0,275.0,6453.291058182343,1132.0,4.0,8.0,59.0,5250.291058182344,1200.0,18.0,25.0,80.0,5445.291058182344,1243.0,990.1503094410676,980.002680912146,10.147628528921588,0.8701410574055234,0.648,988.632168383662,0.28,0.28,0.28,0.28,8.349487471516087,8.349487471516087,8.349487471516087,8.349487471516087,1.0,0.8101215353079814,0.8101215353079814,0.8101215353079814,0.8101215353079814,18.242375366502586,18.242375366502586,18.242375366502586,18.242375366502586,0.3923091476667222,0.3923091476667222,0.3923091476667222,0.3923091476667222,0.96,0.96,0.96,0.96,17.51268035184248,17.51268035184248,17.51268035184248,17.51268035184248,70.05072140736992,1681.2173137768782,0.0103498388005468,inf
1969-04-15,1969-04-26,7353.4722,1.0461022380857712,7692.483726121502,0.003,1969,4,15,1969.04,1968,7,197,29,0.6646305939368976,174.59676496143766,0.0226970600364816,0.0,1,Wet,84,14,20,27,219,364.0,0.0473189171351716,7328.483726121502,0.0,,0,275.0,275.0,275.0,275.0,7328.483726121502,1116.0,4.0,5.0,53.0,6150.483726121502,1200.0,18.0,25.0,80.0,6369.483726121502,1243.0,990.2461960942692,980.9409347025542,9.30526139171502,0.8343224300705008,0.648,988.7638736641986,0.28,0.28,0.28,0.28,7.5429389616444675,7.5429389616444675,7.5429389616444675,7.5429389616444675,1.0,0.7121888240631647,0.7121888240631647,0.7121888240631647,0.7121888240631647,14.487956754300162,14.487956754300162,14.487956754300162,14.487956754300162,0.311568962458068,0.311568962458068,0.311568962458068,0.311568962458068,0.96,0.96,0.96,0.96,13.908438484128157,13.908438484128157,13.908438484128157,13.908438484128157,55.63375393651262,1335.2100944763029,0.0072322225067043,inf
1969-05-15,1969-05-26,3586.6615,1.0285190813200429,3688.949790985967,0.049,1969,5,15,1969.05,1968,8,227,33,0.3187252619411875,122.72715723218928,0.0332688608373244,0.03,1,Wet,71,14,18,24,213,340.0,0.0921671530555384,3348.949790985967,1100.0,,4,275.0,275.0,275.0,275.0,2248.949790985967,28.999999999999943,4.0,6.999999999999986,56.0,2152.9497909859674,100.0,18.0,25.0,80.0,2365.9497909859674,1243.0,990.0,975.0208697951844,14.979130204815531,0.9262894125183112,0.648,988.4257105874816,0.28,0.28,0.28,0.28,13.12484079229725,13.12484079229725,13.12484079229725,13.12484079229725,,0.9297490447537836,0.9297490447537836,0.9297490447537836,0.9297490447537836,32.91024975463305,32.91024975463305,32.91024975463305,32.91024975463305,0.7077473065512484,0.7077473065512484,0.7077473065512484,0.7077473065512484,0.97,0.97,0.97,0.97,31.922942261994056,31.922942261994056,31.922942261994056,31.922942261994056,127.69176904797622,3064.602457151429,0.0346146671228743,3.224539622423642e-05
1969-06-15,1969-06-26,1852.4742,0.9909847503011144,1835.7736825262568,0.192,1969,6,15,1969.06,1968,9,258,37,0.1586108461702685,80.76771541295307,0.0439965537047063,0.09,1,Wet,67,13,15,17,181,293.0,0.1596057307003088,1542.7736825262568,1100.0,,4,275.0,275.0,275.0,275.0,442.7736825262568,33.000000000000014,5.0,10.000000000000004,25.689940624390328,369.08374190186646,100.0,18.0,25.0,42.68994062439033,550.0837419018665,1243.0,990.0,970.5694226666232,19.43057733337673,0.9262894125183112,0.648,988.4257105874816,0.28,0.28,0.28,0.28,17.576287920858448,17.576287920858448,17.576287920858448,17.576287920858448,,0.94987293574279,0.94987293574279,0.94987293574279,0.94987293574279,45.02607239273935,45.02607239273935,45.02607239273935,45.02607239273935,0.9683026321019216,0.9683026321019216,0.9683026321019216,0.9683026321019216,0.98,0.98,0.98,0.98,44.125550944884566,44.125550944884566,44.125550944884566,44.125550944884566,176.50220377953826,4236.052890708918,0.0961459495032355,4.457126358069149e-05
1969-07-15,1969-07-26,1104.0713,0.9309189777098624,1027.8009259147989,0.324,1969,7,15,1969.07,1968,10,288,42,0.0888019999990386,15.03667275901762,0.0146299466948175,0.06,1,Wet,63,12,13,13,155,256.0,0.249075471275866,771.8009259147989,771.8009259147989,,3,257.26697530493294,257.26697530493294,257.26697530493294,0.0,0.0,0.0,0.0,0.0,0.0,0.0,63.0,12.0,13.0,13.0,155.0,859.8009259147989,990.0,967.9873743385892,22.01262566141065,0.4420237805297825,0.3125516481427626,989.2454245713276,0.28,0.28,0.28,0.01,20.978050232738127,20.978050232738127,20.978050232738127,21.248050232738127,,0.9564124999881628,0.9564124999881628,0.9564124999881628,0.0,50.62127791883566,50.62127791883566,50.62127791883566,0.0,1.0886296326631324,1.0886296326631324,1.0886296326631324,0.0,0.98,0.98,0.98,0.96,48.2,48.2,48.2,0.0,144.60000000000002,3470.4000000000005,0.1406887232284774,5.204278113434238e-05
1969-08-15,1969-08-26,730.6486,0.8864028278959922,647.6489852382476,0.462,1969,8,15,1969.08,1968,11,319,46,0.0559568723245846,0.0,0.0,0.03,1,Wet,58,10,10,7,117,202.0,0.3118973465629552,445.6489852382476,445.6489852382476,,2,222.82449261912384,222.82449261912384,0.0,0.0,0.0,0.0,0.0,0.0,0.0,0.0,58.0,10.0,10.0,7.0,117.0,523.6489852382476,990.0,966.490595940953,23.50940405904703,0.2241057824679569,0.1093463210324528,989.6665478964997,0.2433130650358171,0.2433130650358171,0.01,0.01,22.93263889051075,22.93263889051075,23.165951955546564,23.165951955546564,,0.9577509978668768,0.9577509978668768,0.0,0.0,47.99635660301556,47.99635660301556,0.0,0.0,1.0321797118928078,1.0321797118928078,0.0,0.0,0.98,0.98,0.96,0.96,47.03642947095525,47.03642947095525,0.0,0.0,94.0728589419105,2257.748614605852,0.1452528469681834,5.8636618889901e-05
1969-09-15,1969-09-26,525.9775,0.8881694527338079,467.1571483252964,0.58,1969,9,15,1969.09,1968,12,350,50,0.0403623776153056,3.021801061593294,0.0064684893989658,0.02,1,Wet,48,8,7,4,79,146.0,0.3125286651898464,321.1571483252964,321.1571483252964,,2,160.5785741626482,160.5785741626482,0.0,0.0,0.0,0.0,0.0,0.0,0.0,0.0,48.0,8.0,7.0,4.0,79.0,384.1571483252964,990.0,965.7022071674638,24.29779283253617,0.1711127396531699,0.0505861740095399,989.7783010863373,0.1592810751195751,0.1592810751195751,0.01,0.01,23.91681284375385,23.91681284375385,24.066093918873424,24.066093918873424,,0.9441188755096244,0.9441188755096244,0.0,0.0,35.55955212214027,35.55955212214027,0.0,0.0,0.7647215510137692,0.7647215510137692,0.0,0.0,0.97,0.97,0.96,0.96,34.49276555847606,34.49276555847606,0.0,0.0,68.98553111695212,1655.6527468068507,0.1476709312150251,5.966751053934839e-05
1969-10-15,1969-10-26,483.8375,0.9000891520783358,435.49688511870175,0.611,1969,10,15,1969.1,1969,1,15,3,0.0376269308742558,4.5390534557730575,0.0104227001635978,0.02,1,Wet,44,7,6,3,60,120.0,0.2755473210038966,315.4968851187017,315.4968851187017,,2,157.74844255935088,157.74844255935088,0.0,0.0,0.0,0.0,0.0,0.0,0.0,0.0,44.0,7.0,6.0,3.0,60.0,372.49688511870175,990.0,965.559735983034,24.440264016965894,0.1669974709865961,0.0479145297760272,989.7850879992374,0.1554603974551237,0.1554603974551237,0.01,0.01,24.069891618748137,24.069891618748137,24.21535201620326,24.21535201620326,,0.9431285279699064,0.9431285279699064,0.0,0.0,35.119538162387705,35.119538162387705,0.0,0.0,0.7552588852126388,0.7552588852126388,0.0,0.0,0.97,0.97,0.96,0.96,34.065952017516075,34.065952017516075,0.0,0.0,68.13190403503215,1635.1656968407715,0.1564463635978973,5.99864207581623e-05
1969-11-15,1969-11-26,564.6867,0.8760275090430032,494.6810831907137,0.5529999999999999,1969,11,15,1969.11,1969,2,46,7,0.0427404455876776,0.0,0.0,0.02,1,Wet,42,7,6,3,56,114.0,0.230451504764838,380.6810831907137,380.6810831907137,,2,190.34054159535685,190.34054159535685,0.0,0.0,0.0,0.0,0.0,0.0,0.0,0.0,42.0,7.0,6.0,3.0,56.0,435.6810831907137,990.0,965.8260648743582,24.173935125641837,0.1892971348913773,0.0786814712660168,989.7320213938426,0.1994597311537317,0.1994597311537317,0.01,0.01,23.70649678833072,23.70649678833072,23.895956519484447,23.895956519484447,,0.9524928604772188,0.9524928604772188,0.0,0.0,42.15014863306772,42.15014863306772,0.0,0.0,0.906454809313284,0.906454809313284,0.0,0.0,0.98,0.98,0.96,0.96,41.30714566040636,41.30714566040636,0.0,0.0,82.61429132081273,1982.7429916995052,0.1670051557014209,6.028251801596511e-05
1969-12-15,1969-12-26,849.2947,0.8954821115912885,760.52821131929,0.409,1969,12,15,1969.12,1969,3,76,11,0.0657096374579866,0.0,0.0,0.02,1,Wet,44,8,6,4,64,126.0,0.1656743275590362,634.52821131929,634.52821131929,,3,211.50940377309664,211.50940377309664,211.50940377309664,0.0,0.0,0.0,0.0,0.0,0.0,0.0,44.0,8.0,6.0,4.0,64.0,692.52821131929,990.0,966.9421128452772,23.057887154722835,0.3200781835832922,0.2248648451612857,989.4550569712554,0.2280376950936805,0.2280376950936805,0.2280376950936805,0.01,22.284906430884583,22.284906430884583,22.284906430884583,22.502944125978264,,0.955643424129826,0.955643424129826,0.955643424129826,0.0,44.17484874433916,44.17484874433916,44.17484874433916,0.0,0.9499967471900894,0.9499967471900894,0.9499967471900894,0.0,0.98,0.98,0.98,0.96,43.291351769452376,43.291351769452376,43.291351769452376,0.0,129.87405530835713,3116.977327400571,0.1707682284172789,5.6855039430847934e-05
1970-01-15,1970-01-26,1238.2939,0.9143826532177884,1132.2744617454025,0.29,1970,1,15,1970.01,1969,4,107,16,0.0978285134948028,35.775639398039175,0.0315962609833052,0.04,1,Wet,49,8,7,5,81,150.0,0.132476713966307,982.2744617454024,982.2744617454024,,4,245.56861543635063,245.56861543635063,245.56861543635063,245.56861543635063,0.0,0.0,0.0,0.0,0.0,0.0,49.0,8.0,7.0,5.0,81.0,1046.2744617454025,990.0,968.3157197369142,21.68428026308584,0.6197441945793832,0.4144208394847748,988.9658349659358,0.2740176308390734,0.2740176308390734,0.2740176308390734,0.2740176308390734,20.37609759818252,20.37609759818252,20.37609759818252,20.37609759818252,,0.9554664031420744,0.9554664031420744,0.9554664031420744,0.9554664031420744,46.88651935974191,46.88651935974191,46.88651935974191,46.88651935974191,1.008312244295525,1.008312244295525,1.008312244295525,1.008312244295525,0.98,0.98,0.98,0.98,45.94878897254707,45.94878897254707,45.94878897254707,45.94878897254707,183.79515589018828,4411.083741364519,0.1623238553017152,5.197550374951068e-05
1970-02-15,1970-02-26,2797.2606,1.0153902476925185,2840.311133494523,0.098,1970,2,15,1970.02,1969,5,138,20,0.2454028819339268,124.28788483501648,0.0437585458048397,0.1,1,Wet,55,10,10,8,114,197.0,0.0693585986678948,2643.311133494523,1100.0,,4,275.0,275.0,275.0,275.0,1543.311133494523,45.0,8.0,15.0,62.672533339879095,1412.6386001546434,100.0,18.0,25.0,70.6725333398791,1526.6386001546434,1243.0,990.0,973.1283372187798,16.871662781220152,0.9262894125183112,0.648,988.4257105874816,0.28,0.28,0.28,0.28,15.01737336870187,15.01737336870187,15.01737336870187,15.01737336870187,,0.9410694934748076,0.9410694934748076,0.9410694934748076,0.9410694934748076,38.11422268339648,38.11422268339648,38.11422268339648,38.11422268339648,0.8196607028687416,0.8196607028687416,0.8196607028687416,0.8196607028687416,0.971966070286874,0.971966070286874,0.971966070286874,0.971966070286874,37.04573124361972,37.04573124361972,37.04573124361972,37.04573124361972,148.18292497447888,3556.3901993874933,0.0521713706738053,3.741993054911083e-05
1970-03-15,1970-03-26,4744.715,1.0142918534042853,4812.525771225113,0.02,1970,3,15,1970.03,1969,6,166,24,0.4158022266338497,0.0,0.0,0.07,1,Wet,68,14,17,21,195,315.0,0.0654541949434197,4497.525771225113,1100.0,,4,275.0,275.0,275.0,275.0,3397.525771225113,32.0,4.0,8.0,59.0,3294.525771225113,100.0,18.0,25.0,80.0,3489.525771225113,1243.0,990.0,977.166922161342,12.833077838658028,0.9262894125183112,0.648,988.4257105874816,0.28,0.28,0.28,0.28,10.978788426139744,10.978788426139744,10.978788426139744,10.978788426139744,,0.9092211110078516,0.9092211110078516,0.9092211110078516,0.9092211110078516,26.92125613844935,26.92125613844935,26.92125613844935,26.92125613844935,0.5789517449128893,0.5789517449128893,0.5789517449128893,0.5789517449128893,0.97,0.97,0.97,0.97,26.11361845429587,26.11361845429587,26.11361845429587,26.11361845429587,104.45447381718348,2506.9073716124035,0.0217047094982294,2.637739237807664e-05
1970-04-15,1970-04-26,3408.2971,1.0258396885498031,3496.366435549196,0.056,1970,4,15,1970.04,1969,7,197,29,0.3020860600314505,76.90165566318638,0.0219947357008382,0.27,2,Mod_Wet,70,14,18,25,168,295.0,0.0843733073858039,3201.366435549196,1100.0,,4,275.0,275.0,275.0,275.0,2101.366435549196,30.000000000000057,4.0,7.0,55.0,2005.366435549196,100.0,18.0,25.0,80.0,2173.366435549196,1243.0,990.0,974.612776494378,15.387223505621932,0.9262894125183112,0.648,988.4257105874816,0.28,0.28,0.28,0.28,13.53293409310365,13.53293409310365,13.53293409310365,13.53293409310365,,0.932197604558622,0.932197604558622,0.932197604558622,0.932197604558622,34.02290109646704,34.02290109646704,34.02290109646704,34.02290109646704,0.7316752923971406,0.7316752923971406,0.7316752923971406,0.7316752923971406,0.97,0.97,0.97,0.97,33.00221406357303,33.00221406357303,33.00221406357303,33.00221406357303,132.0088562542921,3168.2125501030105,0.037756012903023,3.333556976118487e-05
1970-05-15,1970-05-26,1999.4228,1.0102092309320814,2019.8353690960687,0.174,1970,5,15,1970.05,1969,8,227,33,0.1745137758899003,47.633600199197424,0.0235829122155211,0.59,3,Normal,55,13,13,17,178,276.0,0.1366447999786821,1743.8353690960687,1100.0,,4,275.0,275.0,275.0,275.0,643.8353690960687,45.0,5.0,12.0,39.65652635736655,542.1788427387021,100.0,18.0,25.0,56.65652635736655,720.1788427387021,1243.0,990.0,971.1478784771284,18.852121522871585,0.9262894125183112,0.648,988.4257105874816,0.28,0.28,0.28,0.28,16.9978321103533,16.9978321103533,16.9978321103533,16.9978321103533,,0.94799349633106,0.94799349633106,0.94799349633106,0.94799349633106,43.45805513322748,43.45805513322748,43.45805513322748,43.45805513322748,0.9345818308220962,0.9345818308220962,0.9345818308220962,0.9345818308220962,0.98,0.98,0.98,0.98,42.588894030562926,42.588894030562926,42.588894030562926,42.588894030562926,170.3555761222517,4088.533826934041,0.0843413174799936,4.301908487935649e-05
1970-06-15,1970-06-26,1147.7361,0.9351417914976156,1073.2959927204863,0.312,1970,6,15,1970.06,1969,9,258,37,0.09273277377105,6.7446870803362335,0.0062840885702372,0.64,3,Normal,53,12,12,13,120,210.0,0.195658980769799,863.2959927204863,863.2959927204863,,4,215.8239981801216,215.8239981801216,215.8239981801216,215.8239981801216,0.0,0.0,0.0,0.0,0.0,0.0,53.0,12.0,12.0,13.0,120.0,940.2959927204864,990.0,968.1303588342644,21.86964116573563,0.5156778602030488,0.3568352604767154,989.1274868793204,0.2338623975431641,0.2338623975431641,0.2338623975431641,0.2338623975431641,20.763265647512725,20.763265647512725,20.763265647512725,20.763265647512725,,0.9542448050540202,0.9542448050540202,0.9542448050540202,0.9542448050540202,41.93666572415419,41.93666572415419,41.93666572415419,41.93666572415419,0.9018637790140686,0.9018637790140686,0.9018637790140686,0.9018637790140686,0.98,0.98,0.98,0.98,41.0979324096711,41.0979324096711,41.0979324096711,41.0979324096711,164.3917296386844,3945.401511328426,0.1531653250861397,5.2895379718117126e-05
1970-07-15,1970-07-26,691.4282,0.8804892019345739,608.7950640130589,0.48,1970,7,15,1970.07,1969,10,288,42,0.0525998935307282,9.855565616698302,0.0161886424501084,0.41,3,Normal,50,10,9,9,108,186.0,0.3055215309630208,422.7950640130589,422.7950640130589,,2,211.39753200652945,211.39753200652945,0.0,0.0,0.0,0.0,0.0,0.0,0.0,0.0,50.0,10.0,9.0,9.0,108.0,491.7950640130589,990.0,966.3351802560522,23.66481974394776,0.2091014997623453,0.0985592702141638,989.6923392300234,0.2278866682088147,0.2278866682088147,0.01,0.01,23.12927230576238,23.12927230576238,23.347158973971197,23.347158973971197,,0.95630778845021,0.95630778845021,0.0,0.0,45.85622231865427,45.85622231865427,0.0,0.0,0.9861553186807368,0.9861553186807368,0.0,0.0,0.98,0.98,0.96,0.96,44.93909787228118,44.93909787228118,0.0,0.0,89.87819574456236,2157.0766978694965,0.1476329245380255,5.905027662250456e-05
1970-08-15,1970-08-26,531.4016,0.8847902403509693,470.1789493868897,0.5740000000000001,1970,8,15,1970.08,1969,11,319,46,0.0406234612270272,2.313758993316867,0.0049210178301984,0.19,2,Mod_Wet,54,9,8,6,107,184.0,0.3913403614516022,286.1789493868897,286.1789493868897,,2,143.08947469344486,143.08947469344486,0.0,0.0,0.0,0.0,0.0,0.0,0.0,0.0,54.0,9.0,8.0,6.0,107.0,357.1789493868897,990.0,965.715805272241,24.28419472775897,0.1615912961999012,0.0340764641106119,989.8043322396896,0.1356707908361505,0.1356707908361505,0.01,0.01,23.95285617661235,23.95285617661235,24.0785269674485,24.0785269674485,,0.9379755971207372,0.9379755971207372,0.0,0.0,31.527913859988345,31.527913859988345,0.0,0.0,0.6780196529029752,0.6780196529029752,0.0,0.0,0.97,0.97,0.96,0.96,30.582076444188694,30.582076444188694,0.0,0.0,61.16415288837739,1467.9396693210574,0.1300869657566231,5.9368596136764144e-05
1970-09-15,1970-09-26,415.3399,0.9079714249478594,377.11676084070143,0.68,1970,9,15,1970.09,1969,12,350,50,0.0325828881366366,0.0,0.0,0.1,1,Wet,48,8,7,4,79,146.0,0.3871480007266824,231.11676084070143,231.11676084070143,,1,231.11676084070143,0.0,0.0,0.0,0.0,0.0,0.0,0.0,0.0,0.0,48.0,8.0,7.0,4.0,79.0,294.11676084070143,990.0,965.2855838042036,24.714416195796503,0.1393346932423515,0.0153949246714596,989.845270382086,0.2545076271349469,0.01,0.01,0.01,24.305178950747692,24.549686577882643,24.549686577882643,24.549686577882643,,0.957709396769708,0.0,0.0,0.0,52.75974808388929,0.0,0.0,0.0,1.1346182383632106,0.0,0.0,0.0,0.98,0.96,0.96,0.96,48.2,0.0,0.0,0.0,48.2,1156.8000000000002,0.1278118742125075,5.793127612288258e-05
1970-10-15,1970-10-26,349.1046,0.9270188758292952,323.62655383883583,0.7509999999999999,1970,10,15,1970.1,1970,1,15,3,0.0279613342516754,0.0,0.0,0.09,1,Wet,44,7,6,3,60,120.0,0.3707977561685476,203.62655383883583,203.62655383883583,,1,203.62655383883583,0.0,0.0,0.0,0.0,0.0,0.0,0.0,0.0,0.0,44.0,7.0,6.0,3.0,60.0,260.62655383883583,990.0,965.0181327691942,24.981867230805847,0.127514960096542,0.013058257076301,989.8594267828272,0.2173958476824284,0.01,0.01,0.01,24.623898165950617,24.831294013633045,24.831294013633045,24.831294013633045,,0.955446786868862,0.0,0.0,0.0,46.982532356444096,0.0,0.0,0.0,1.010377039923529,0.0,0.0,0.0,0.98,0.96,0.96,0.96,46.04288170931521,0.0,0.0,0.0,46.04288170931521,1105.029161023565,0.1422716435445662,6.280953599902945e-05
1970-11-15,1970-11-26,420.0154,0.9067213782142306,380.8369423592014,0.675,1970,11,15,1970.11,1970,2,46,7,0.032904311819835,3.720181518499942,0.009768436579325,0.08,1,Wet,42,7,6,3,56,114.0,0.299340708109342,266.8369423592014,266.8369423592014,,1,266.8369423592014,0.0,0.0,0.0,0.0,0.0,0.0,0.0,0.0,0.0,42.0,7.0,6.0,3.0,56.0,321.8369423592014,990.0,965.304184711796,24.695815288204017,0.1491180053695002,0.024947036793543,989.825934957837,0.28,0.01,0.01,0.01,24.24175024604105,24.51175024604105,24.51175024604105,24.51175024604105,,0.9447643403729548,0.0,0.0,0.0,59.933842223278326,0.0,0.0,0.0,1.2888998327586736,0.0,0.0,0.0,0.98,0.96,0.96,0.96,48.2,0.0,0.0,0.0,48.2,1156.8000000000002,0.1265633520251779,5.017629407125157e-05
1970-12-15,1970-12-26,611.0679,0.8869861279741288,542.0087505502821,0.523,1970,12,15,1970.12,1970,3,76,11,0.0468295560475443,4.276218276206691,0.0078895742400195,0.18,2,Mod_Wet,42,7,5,3,61,118.0,0.2177086622313732,424.0087505502821,424.0087505502821,,2,212.00437527514103,212.00437527514103,0.0,0.0,0.0,0.0,0.0,0.0,0.0,0.0,42.0,7.0,5.0,3.0,61.0,478.0087505502821,990.0,966.0390393774762,23.96096062252377,0.2042358819957718,0.0991321302597331,989.6966319877444,0.2287059066214404,0.2287059066214404,0.01,0.01,23.4288867036468,23.4288867036468,23.64759261026824,23.64759261026824,,0.9565155834569552,0.9565155834569552,0.0,0.0,46.59370283053416,46.59370283053416,0.0,0.0,1.0020151146351433,1.0020151146351433,0.0,0.0,0.98,0.98,0.96,0.96,45.66182877392348,45.66182877392348,0.0,0.0,91.32365754784696,2191.7677811483272,0.1684911128374391,5.982820547749857e-05
1971-01-15,1971-01-26,916.7204,0.9105214280240044,834.6935677067364,0.383,1971,1,15,1971.01,1970,4,107,16,0.072117524249862,8.832986679635043,0.0105823107082316,0.16,2,Mod_Wet,46,7,6,4,76,139.0,0.1665281791758537,695.6935677067364,695.6935677067364,,3,231.89785590224548,231.89785590224548,231.89785590224548,0.0,0.0,0.0,0.0,0.0,0.0,0.0,46.0,7.0,6.0,4.0,76.0,754.6935677067364,990.0,967.2387742708268,22.76122572917313,0.355406143434498,0.2657233032280999,989.3788705533374,0.2555621054680314,0.2555621054680314,0.2555621054680314,0.01,21.88453417704248,21.88453417704248,21.88453417704248,22.13009628251051,,0.9569009212958798,0.9569009212958798,0.9569009212958798,0.0,47.62551799850085,47.62551799850085,47.62551799850085,0.0,1.0242046881398033,1.0242046881398033,1.0242046881398033,0.0,0.98,0.98,0.98,0.96,46.67300763853083,46.67300763853083,46.67300763853083,0.0,140.01902291559247,3360.45654997422,0.1677490139288903,5.590704706429673e-05
1971-02-15,1971-02-26,1352.7466,0.9107314904603608,1231.9889272331854,0.267,1971,2,15,1971.02,1970,5,138,20,0.1064438433129472,36.69059398992499,0.0297815939566316,0.27,2,Mod_Wet,49,8,7,5,93,162.0,0.1314946883198223,1069.9889272331854,1069.9889272331854,,4,267.4972318082964,267.4972318082964,267.4972318082964,267.4972318082964,0.0,0.0,0.0,0.0,0.0,0.0,49.0,8.0,7.0,5.0,93.0,1133.9889272331854,990.0,968.6291080570186,21.370891942981416,0.7482860380786015,0.5804750862746673,988.6712388756468,0.28,0.28,0.28,0.28,19.76213081862815,19.76213081862815,19.76213081862815,19.76213081862815,,0.9544697495475828,0.9544697495475828,0.9544697495475828,0.9544697495475828,49.48276168664653,49.48276168664653,49.48276168664653,49.48276168664653,1.0641454126160546,1.0641454126160546,1.0641454126160546,1.0641454126160546,0.98,0.98,0.98,0.98,48.2,48.2,48.2,48.2,192.8,4627.200000000001,0.1564949130127268,5.005243904162764e-05
1971-03-15,1971-03-26,2812.7838,1.0214266739181483,2873.0524012848505,0.096,1971,3,15,1971.03,1970,6,166,24,0.2482317274710111,70.24304019109513,0.0244489241336781,0.3,2,Mod_Wet,59,11,12,13,144,239.0,0.0831867876454733,2634.0524012848505,1100.0,,4,275.0,275.0,275.0,275.0,1534.0524012848505,41.0,7.0,13.0,67.0,1406.0524012848507,100.0,18.0,25.0,80.0,1550.0524012848507,1243.0,990.0,973.2073678651705,16.79263213482966,0.9262894125183112,0.648,988.4257105874816,0.28,0.28,0.28,0.28,14.938342722311376,14.938342722311376,14.938342722311376,14.938342722311376,,0.9406300563338682,0.9406300563338682,0.9406300563338682,0.9406300563338682,37.89593825735333,37.89593825735333,37.89593825735333,37.89593825735333,0.8149664141366307,0.8149664141366307,0.8149664141366307,0.8149664141366307,0.9714966414136632,0.9714966414136632,0.9714966414136632,0.9714966414136632,36.81577674023831,36.81577674023831,36.81577674023831,36.81577674023831,147.26310696095322,3534.3145670628774,0.051256672831688,3.718765327296798e-05
1971-04-15,1971-04-26,2541.5783,1.0133665021153897,2575.550311723379,0.118,1971,4,15,1971.04,1970,7,197,29,0.2225275469328999,41.34841461586939,0.0160542057468882,0.56,3,Normal,54,13,14,19,117,217.0,0.0842538384951209,2358.550311723379,1100.0,,4,275.0,275.0,275.0,275.0,1258.5503117233789,46.0,5.0,11.0,61.000000000000014,1135.5503117233789,100.0,18.0,25.0,80.0,1252.5503117233789,1243.0,990.0,972.4892593731254,17.51074062687462,0.9262894125183112,0.648,988.4257105874816,0.28,0.28,0.28,0.28,15.65645121435634,15.65645121435634,15.65645121435634,15.65645121435634,,0.9436258048574252,0.9436258048574252,0.9436258048574252,0.9436258048574252,39.84414676988505,39.84414676988505,39.84414676988505,39.84414676988505,0.8568633713953774,0.8568633713953774,0.8568633713953774,0.8568633713953774,0.9756863371395376,0.9756863371395376,0.9756863371395376,0.9756863371395376,38.875389618359286,38.875389618359286,38.875389618359286,38.875389618359286,155.50155847343714,3732.037403362491,0.0603760515823068,3.926807032157503e-05
1971-05-15,1971-05-26,1735.3679,0.9841314895494252,1707.8301963432584,0.206,1971,5,15,1971.05,1970,8,227,33,0.1475565289640575,18.339622856502963,0.0107385516989751,0.73,4,Mod_Dry,47,10,10,10,115,192.0,0.1124233547404789,1515.8301963432584,1100.0,,4,275.0,275.0,275.0,275.0,415.8301963432584,52.99999999999999,8.0,15.0,21.65782272621138,318.1723736170471,100.0,18.0,25.0,31.65782272621138,433.1723736170471,1243.0,990.0,970.156066788186,19.843933211814036,0.9262894125183112,0.648,988.4257105874816,0.28,0.28,0.28,0.28,17.98964379929575,17.98964379929575,17.98964379929575,17.98964379929575,,0.9512163423477112,0.9512163423477112,0.9512163423477112,0.9512163423477112,46.15016527075551,46.15016527075551,46.15016527075551,46.15016527075551,0.9924766724893658,0.9924766724893658,0.9924766724893658,0.9924766724893658,0.98,0.98,0.98,0.98,45.2271619653404,45.2271619653404,45.2271619653404,45.2271619653404,180.9086478613616,4341.807548672678,0.1059289431986367,4.568400198519232e-05
1971-06-15,1971-06-26,1138.9177,0.936281984298218,1066.3481241083623,0.314,1971,6,15,1971.06,1970,9,258,37,0.0921324779229625,13.692555692460244,0.0128406055985791,0.67,3,Normal,53,12,12,13,120,210.0,0.1969338110624929,856.3481241083623,856.3481241083623,,4,214.08703102709055,214.08703102709055,214.08703102709055,214.08703102709055,0.0,0.0,0.0,0.0,0.0,0.0,53.0,12.0,12.0,13.0,120.0,933.3481241083624,990.0,968.1085226757692,21.89147732423089,0.5093204660343839,0.3534724920684473,989.1372070418972,0.2315174918865723,0.2315174918865723,0.2315174918865723,0.2315174918865723,20.797166874241437,20.797166874241437,20.797166874241437,20.797166874241437,,0.9541048184892752,0.9541048184892752,0.9541048184892752,0.9541048184892752,41.66096492612605,41.66096492612605,41.66096492612605,41.66096492612605,0.8959347295941086,0.8959347295941086,0.8959347295941086,0.8959347295941086,0.9795934729594108,0.9795934729594108,0.9795934729594108,0.9795934729594108,40.81080931882402,40.81080931882402,40.81080931882402,40.81080931882402,163.24323727529608,3917.8376946071057,0.1530862516514422,5.295199745406839e-05
1971-07-15,1971-07-26,653.5614,0.8750395785925671,571.8920920403683,0.4970000000000001,1971,7,15,1971.07,1970,10,288,42,0.0494114767522878,11.111399301899494,0.0194291885769163,0.44,3,Normal,50,10,9,9,108,186.0,0.32523618107115,385.8920920403683,385.8920920403683,,2,192.94604602018416,192.94604602018416,0.0,0.0,0.0,0.0,0.0,0.0,0.0,0.0,50.0,10.0,9.0,9.0,108.0,454.8920920403683,990.0,966.1735144141816,23.826485585818432,0.1960772959710641,0.0811410674430538,989.722781636586,0.2029771621272486,0.2029771621272486,0.01,0.01,23.346290060277163,23.346290060277163,23.53926722240441,23.53926722240441,,0.9530925116190296,0.9530925116190296,0.0,0.0,42.10440330281021,42.10440330281021,0.0,0.0,0.905471038770112,0.905471038770112,0.0,0.0,0.98,0.98,0.96,0.96,41.262315236754006,41.262315236754006,0.0,0.0,82.52463047350801,1980.5911313641925,0.144301051932858,5.940393425441146e-05
1971-08-15,1971-08-26,488.9841,0.8998924733267547,440.0331111664572,0.609,1971,8,15,1971.08,1970,11,319,46,0.0380188608047818,2.766070202668743,0.0062860501459454,0.3,2,Mod_Wet,54,9,8,6,107,184.0,0.4181503512593529,256.0331111664572,256.0331111664572,,1,256.0331111664572,0.0,0.0,0.0,0.0,0.0,0.0,0.0,0.0,0.0,54.0,9.0,8.0,6.0,107.0,327.0331111664572,990.0,965.580149000249,24.41985099975102,0.1509518945622102,0.0198476284705678,989.8292004769672,0.28,0.01,0.01,0.01,23.96905147671825,24.23905147671825,24.23905147671825,24.23905147671825,,0.9481794570162267,0.0,0.0,0.0,57.06584112112991,0.0,0.0,0.0,1.2272223897017185,0.0,0.0,0.0,0.98,0.96,0.96,0.96,48.2,0.0,0.0,0.0,48.2,1156.8000000000002,0.1095372115798957,5.2293583544294966e-05
1971-09-15,1971-09-26,387.9749,0.9026852126280548,350.2192051008483,0.7090000000000001,1971,9,15,1971.09,1970,12,350,50,0.0302589393207132,3.7631056119853374,0.0107450007229093,0.19,2,Mod_Wet,46,7,6,4,75,138.0,0.3940389275918259,212.21920510084828,212.21920510084828,,1,212.21920510084828,0.0,0.0,0.0,0.0,0.0,0.0,0.0,0.0,0.0,46.0,7.0,6.0,4.0,75.0,271.2192051008483,990.0,965.1510960255042,24.848903974495784,0.1312534353832619,0.0137886324335721,989.8549579321832,0.2289959268861452,0.01,0.01,0.01,24.47486597979272,24.693861906678865,24.693861906678865,24.693861906678865,,0.9568928705918518,0.0,0.0,0.0,48.74241288669075,0.0,0.0,0.0,1.048223933047113,0.0,0.0,0.0,0.98,0.96,0.96,0.96,47.76756462895693,0.0,0.0,0.0,47.76756462895693,1146.4215510949664,0.1363933328990393,6.252387924166718e-05
1971-10-15,1971-10-26,301.2308,0.93390939438871,281.3222739992266,0.8160000000000001,1971,10,15,1971.1,1971,1,15,3,0.0243062444735331,2.2856946167617025,0.008124826322028,0.14,2,Mod_Wet,41,6,4,3,56,110.0,0.3910106314592865,171.32227399922658,171.32227399922658,,1,171.32227399922658,0.0,0.0,0.0,0.0,0.0,0.0,0.0,0.0,0.0,41.0,6.0,4.0,3.0,56.0,222.32227399922655,990.0,964.8252890959968,25.174710904003064,0.113996050157531,0.0103123932899342,989.8756915565524,0.1737850698989559,0.01,0.01,0.01,24.87661739065662,25.040402460555573,25.040402460555573,25.040402460555573,,0.9458682373250124,0.0,0.0,0.0,39.534340488257605,0.0,0.0,0.0,0.8502008707152173,0.0,0.0,0.0,0.9750200870715215,0.96,0.96,0.96,38.546776105176114,0.0,0.0,0.0,38.546776105176114,925.1226265242268,0.1370199933236786,6.249880740575334e-05
1971-11-15,1971-11-26,357.5196,0.9208048873506705,329.2057950036568,0.742,1971,11,15,1971.11,1971,2,46,7,0.0284433806883159,2.40577224397947,0.0073078064860697,0.14,2,Mod_Wet,40,6,4,3,53,106.0,0.3219870415671831,223.2057950036568,223.2057950036568,,1,223.2057950036568,0.0,0.0,0.0,0.0,0.0,0.0,0.0,0.0,0.0,40.0,6.0,4.0,3.0,53.0,273.2057950036568,990.0,965.0460289750184,24.953971024981684,0.1319545645975438,0.0147224925753108,989.8533229428272,0.2438278232549367,0.01,0.01,0.01,24.56346614455391,24.797293967808844,24.797293967808844,24.797293967808844,,0.9587664924491638,0.0,0.0,0.0,51.55213581956546,0.0,0.0,0.0,1.1086480821411926,0.0,0.0,0.0,0.98,0.96,0.96,0.96,48.2,0.0,0.0,0.0,48.2,1156.8000000000002,0.1464129755050776,5.998450393579404e-05
1971-12-15,1971-12-26,483.8375,0.9000891520783358,435.49688511870175,0.611,1971,12,15,1971.12,1971,3,76,11,0.0376269308742558,0.0,0.0,0.34,2,Mod_Wet,42,7,5,3,61,118.0,0.2709548656538317,317.4968851187017,317.4968851187017,,2,158.74844255935088,158.74844255935088,0.0,0.0,0.0,0.0,0.0,0.0,0.0,0.0,42.0,7.0,5.0,3.0,61.0,371.49688511870175,990.0,965.559735983034,24.440264016965894,0.1666445399597693,0.0488585297760272,989.7844969302644,0.1568103974551237,0.1568103974551237,0.01,0.01,24.067950549775027,24.067950549775027,24.21476094723015,24.21476094723015,,0.9434303640267544,0.9434303640267544,0.0,0.0,35.35062796861577,35.35062796861577,0.0,0.0,0.7602285584648553,0.7602285584648553,0.0,0.0,0.97,0.97,0.96,0.96,34.290109129557294,34.290109129557294,0.0,0.0,68.58021825911459,1645.92523821875,0.1574757951263461,6.000077959949002e-05
1972-01-15,1972-01-26,806.1332,0.8935666243082664,720.3337222668207,0.431,1972,1,15,1972.01,1971,4,107,16,0.0622368336038533,8.250020921077635,0.0114530538638613,0.31,2,Mod_Wet,46,7,6,4,76,139.0,0.1929661151536546,581.3337222668207,581.3337222668207,,3,193.7779074222736,193.7779074222736,193.7779074222736,0.0,0.0,0.0,0.0,0.0,0.0,0.0,46.0,7.0,6.0,4.0,76.0,640.3337222668207,990.0,966.7813348890672,23.21866511093276,0.2904165694487645,0.1893309264742362,989.520252504077,0.2041001750200693,0.2041001750200693,0.2041001750200693,0.01,22.5348174399897,22.5348174399897,22.5348174399897,22.728917615009767,,0.9529463800276344,0.9529463800276344,0.9529463800276344,0.0,40.80989430065728,40.80989430065728,40.80989430065728,0.0,0.877632135498006,0.877632135498006,0.877632135498006,0.0,0.9777632135498006,0.9777632135498006,0.9777632135498006,0.96,39.90241339603835,39.90241339603835,39.90241339603835,0.0,119.70724018811504,2872.9737645147607,0.1661830294594676,5.719952221884571e-05
1972-02-15,1972-02-26,909.0679,0.9012241447918772,819.2739407352476,0.39,1972,2,15,1972.02,1971,5,138,20,0.0707852684795253,15.41962697148881,0.0188210880449226,0.58,3,Normal,43,7,5,4,78,137.0,0.1672212347887582,682.2739407352476,682.2739407352476,,3,227.4246469117492,227.4246469117492,227.4246469117492,0.0,0.0,0.0,0.0,0.0,0.0,0.0,43.0,7.0,5.0,4.0,78.0,737.2739407352476,990.0,967.177095762941,22.822904237058992,0.345506740969301,0.2567589924111454,989.3977342666196,0.2495232733308614,0.2495232733308614,0.2495232733308614,0.01,21.971115230347653,21.971115230347653,21.971115230347653,22.210638503678517,,0.9569993865655922,0.9569993865655922,0.9569993865655922,0.0,46.896452307850296,46.896452307850296,46.896452307850296,0.0,1.008525856082802,1.008525856082802,1.008525856082802,0.0,0.98,0.98,0.98,0.96,45.95852326169329,45.95852326169329,45.95852326169329,0.0,137.87556978507985,3309.0136748419163,0.168289949099742,5.613400585616976e-05
1972-03-15,1972-03-26,1053.0739999999996,0.9224728423044594,971.4321659369264,0.34,1972,3,15,1972.03,1971,6,167,24,0.0839317391369504,0.0,0.0,0.8300000000000001,4,Mod_Dry,41,8,7,6,67,129.0,0.1327936262802067,842.4321659369264,842.4321659369264,,4,210.6080414842316,210.6080414842316,210.6080414842316,210.6080414842316,0.0,0.0,0.0,0.0,0.0,0.0,41.0,8.0,7.0,6.0,67.0,898.4321659369264,990.0,967.7857286637476,22.214271336252292,0.4773718899653015,0.3467371683134723,989.1758909417211,0.2268208560037126,0.2268208560037126,0.2268208560037126,0.2268208560037126,21.163341421969847,21.163341421969847,21.163341421969847,21.163341421969847,,0.9542378381771116,0.9542378381771116,0.9542378381771116,0.9542378381771116,41.71137638632689,41.71137638632689,41.71137638632689,41.71137638632689,0.8970188470177826,0.8970188470177826,0.8970188470177826,0.8970188470177826,0.9797018847017782,0.9797018847017782,0.9797018847017782,0.9797018847017782,40.8647140591897,40.8647140591897,40.8647140591897,40.8647140591897,163.4588562367588,3923.012549682211,0.1682658470332883,5.389779697341666e-05
1972-04-15,1972-04-26,1667.4025,0.969982977775391,1617.3520421001313,0.216,1972,4,15,1972.04,1971,7,198,29,0.1397392164374513,7.832458664938713,0.0048427667329422,0.84,4,Mod_Dry,45,11,10,10,72,148.0,0.0915075976951944,1469.3520421001313,1100.0,,4,275.0,275.0,275.0,275.0,369.35204210013126,55.0,7.0,15.000000000000004,24.95621906081968,267.3958230393116,100.0,18.0,25.0,34.95621906081968,339.3958230393116,1243.0,990.0,969.8637527514004,20.1362472485996,0.9262894125183112,0.648,988.4257105874816,0.28,0.28,0.28,0.28,18.28195783608132,18.28195783608132,18.28195783608132,18.28195783608132,,0.9516024472951016,0.9516024472951016,0.9516024472951016,0.9516024472951016,46.91909715531089,46.91909715531089,46.91909715531089,46.91909715531089,1.0090128420496964,1.0090128420496964,1.0090128420496964,1.0090128420496964,0.98,0.98,0.98,0.98,45.98071521220467,45.98071521220467,45.98071521220467,45.98071521220467,183.9228608488187,4414.1486603716485,0.1137185078209657,4.644516688101482e-05
1972-05-15,1972-05-26,1769.9945,0.9864250135611264,1745.9668486656192,0.202,1972,5,15,1972.05,1971,8,228,33,0.1508515357247095,0.0,0.0,0.78,4,Mod_Dry,47,10,10,10,115,192.0,0.1099677236980409,1553.9668486656192,1100.0,,4,275.0,275.0,275.0,275.0,453.9668486656192,53.000000000000014,7.9999999999999964,14.999999999999996,23.644106701334334,354.3227419642849,100.0,18.0,25.0,33.64410670133434,469.3227419642849,1243.0,990.0,970.2792775110736,19.720722488926413,0.9262894125183112,0.648,988.4257105874816,0.28,0.28,0.28,0.28,17.86643307640813,17.86643307640813,17.86643307640813,17.86643307640813,,0.9508159074983265,0.9508159074983265,0.9508159074983265,0.9508159074983265,45.81478884314367,45.81478884314367,45.81478884314367,45.81478884314367,0.985264276196638,0.985264276196638,0.985264276196638,0.985264276196638,0.98,0.98,0.98,0.98,44.89849306628079,44.89849306628079,44.89849306628079,44.89849306628079,179.59397226512317,4310.255334362956,0.102862189166066,4.535201319826343e-05
1972-06-15,1972-06-26,1285.2084,0.9120856039266032,1172.2200796855432,0.281,1972,6,15,1972.06,1971,9,259,37,0.1012798148848309,14.442016938684676,0.0123202265418954,0.56,3,Normal,53,12,12,13,120,210.0,0.1791472468688081,962.2200796855432,962.2200796855432,,4,240.5550199213858,240.5550199213858,240.5550199213858,240.5550199213858,0.0,0.0,0.0,0.0,0.0,0.0,53.0,12.0,12.0,13.0,120.0,1039.2200796855432,990.0,968.4412631075832,21.55873689241685,0.6094062956971467,0.4047145185678029,988.985879185735,0.2672492768938708,0.2672492768938708,0.2672492768938708,0.2672492768938708,20.277366801258005,20.277366801258005,20.277366801258005,20.277366801258005,,0.9551042800180136,0.9551042800180136,0.9551042800180136,0.9551042800180136,45.689401824648975,45.689401824648975,45.689401824648975,45.689401824648975,0.9825677811752468,0.9825677811752468,0.9825677811752468,0.9825677811752468,0.98,0.98,0.98,0.98,44.775613788156,44.775613788156,44.775613788156,44.775613788156,179.10245515262395,4298.458923662975,0.1527891035620798,5.1704057145740185e-05
1972-07-15,1972-07-26,641.2365,0.8794376863729334,563.9275439778775,0.503,1972,7,15,1972.07,1971,10,289,42,0.0487233397996886,7.964548062490849,0.0141233535186273,0.44,3,Normal,50,10,9,9,108,186.0,0.3298296066334661,377.9275439778775,377.9275439778775,,2,188.96377198893876,188.96377198893876,0.0,0.0,0.0,0.0,0.0,0.0,0.0,0.0,50.0,10.0,9.0,9.0,108.0,446.9275439778775,990.0,966.1376739479005,23.862326052099547,0.193266359845158,0.0773818007575581,989.7293518393972,0.1976010921850673,0.1976010921850673,0.01,0.01,23.39407679931176,23.39407679931176,23.581677891496827,23.581677891496827,,0.9521068900931834,0.9521068900931834,0.0,0.0,41.27707061110036,41.27707061110036,0.0,0.0,0.8876789378731259,0.8876789378731259,0.0,0.0,0.9787678937873124,0.9787678937873124,0.96,0.96,40.40067146373687,40.40067146373687,0.0,0.0,80.80134292747374,1939.2322302593695,0.1432831997485186,5.938920789845276e-05
1972-08-15,1972-08-26,463.5928,0.9065907191323836,420.28892993659525,0.63,1972,8,15,1972.08,1971,11,320,46,0.0363129635465218,0.0,0.0,0.34,2,Mod_Wet,54,9,8,6,107,184.0,0.4377940671141593,236.28892993659525,236.28892993659525,,1,236.28892993659525,0.0,0.0,0.0,0.0,0.0,0.0,0.0,0.0,0.0,54.0,9.0,8.0,6.0,107.0,307.28892993659525,990.0,965.4913001847146,24.508699815285357,0.1439835604069012,0.0158345590446105,989.8401818805484,0.2614900554144036,0.01,0.01,0.01,24.087391640419423,24.338881695833823,24.338881695833823,24.338881695833823,,0.9559161375689872,0.0,0.0,0.0,53.35702935754088,0.0,0.0,0.0,1.147462996936363,0.0,0.0,0.0,0.98,0.96,0.96,0.96,48.2,0.0,0.0,0.0,48.2,1156.8000000000002,0.1146830110592526,5.666320843926801e-05
1972-09-15,1972-09-26,361.7746,0.9166247913690906,331.6115672476363,0.736,1972,9,15,1972.09,1971,12,351,51,0.0286512394101957,0.0,0.0,0.31,2,Mod_Wet,46,7,6,4,75,138.0,0.4161495364754459,193.6115672476363,193.6115672476363,,1,193.6115672476363,0.0,0.0,0.0,0.0,0.0,0.0,0.0,0.0,0.0,46.0,7.0,6.0,4.0,75.0,252.6115672476363,990.0,965.0580578362382,24.94194216376184,0.1246862226489071,0.012206983216049,989.863106794135,0.203875615784309,0.01,0.01,0.01,24.601173342112507,24.79504895789681,24.79504895789681,24.79504895789681,,0.9529410765339534,0.0,0.0,0.0,44.51351285628584,0.0,0.0,0.0,0.9572798463717384,0.0,0.0,0.0,0.98,0.96,0.96,0.96,43.62324259916012,0.0,0.0,0.0,43.62324259916012,1046.9578223798428,0.1315492187478,6.258700118447353e-05
1972-10-15,1972-10-26,305.0513,0.9297058187130764,283.6079686159883,0.8130000000000001,1972,10,15,1972.1,1972,1,15,3,0.0245037284884213,0.0,0.0,0.2,2,Mod_Wet,41,6,4,3,56,110.0,0.3878593416708348,173.60796861598828,173.60796861598828,,1,173.60796861598828,0.0,0.0,0.0,0.0,0.0,0.0,0.0,0.0,0.0,41.0,6.0,4.0,3.0,56.0,224.60796861598828,990.0,964.834431874464,25.165568125536083,0.1148027686191975,0.010506677332359,989.8746905540484,0.1768707576315842,0.01,0.01,0.01,24.86338792195297,25.030258679584552,25.030258679584552,25.030258679584552,,0.9465851005582354,0.0,0.0,0.0,40.07082879766254,0.0,0.0,0.0,0.8617382537131729,0.0,0.0,0.0,0.9761738253713172,0.96,0.96,0.96,39.11609423321339,0.0,0.0,0.0,39.11609423321339,938.7862615971212,0.1379231141638953,6.258688364404666e-05
1972-11-15,1972-11-26,344.9443,0.9283094176295976,320.2150422476492,0.757,1972,11,15,1972.11,1972,2,46,7,0.0276665796501968,3.692618170261824,0.0115316824104909,0.2,2,Mod_Wet,40,6,4,3,53,106.0,0.3310275471632007,214.2150422476492,214.2150422476492,,1,214.2150422476492,0.0,0.0,0.0,0.0,0.0,0.0,0.0,0.0,0.0,40.0,6.0,4.0,3.0,53.0,264.2150422476492,990.0,965.0010752112382,24.99892478876177,0.1287814489954205,0.0139582785910501,989.8572602724136,0.2316903070343264,0.01,0.01,0.01,24.624494754141,24.846185061175323,24.846185061175323,24.846185061175323,,0.957271744287736,0.0,0.0,0.0,49.52120819082123,0.0,0.0,0.0,1.0649722191574458,0.0,0.0,0.0,0.98,0.96,0.96,0.96,48.2,0.0,0.0,0.0,48.2,1156.8000000000002,0.1505238469176063,6.250209485013802e-05
1972-12-15,1972-12-26,387.9749,0.9026852126280548,350.2192051008483,0.7090000000000001,1972,12,15,1972.12,1972,3,76,11,0.0302589393207132,0.0,0.0,0.5,3,Normal,38,5,4,3,54,104.0,0.2969568729677529,246.21920510084828,246.21920510084828,,1,246.21920510084828,0.0,0.0,0.0,0.0,0.0,0.0,0.0,0.0,0.0,38.0,5.0,4.0,3.0,54.0,293.2192051008483,990.0,965.1510960255042,24.848903974495784,0.1390179179734509,0.0166786324335721,989.844303449593,0.2748959268861452,0.01,0.01,0.01,24.418311497202623,24.683207424088767,24.683207424088767,24.683207424088767,,0.9557395631812532,0.0,0.0,0.0,56.35284131991076,0.0,0.0,0.0,1.2118890606432422,0.0,0.0,0.0,0.98,0.96,0.96,0.96,48.2,0.0,0.0,0.0,48.2,1156.8000000000002,0.1376280892023624,5.4377922645818685e-05
1973-01-15,1973-01-26,576.0661,0.8889914195501405,512.1178199937132,0.544,1973,1,15,1973.01,1972,4,107,16,0.0442469796474568,7.099945474035508,0.0138638906846136,0.81,4,Mod_Dry,34,5,4,3,45,91.0,0.1776934846772508,421.1178199937132,421.1178199937132,,2,210.55890999685656,210.55890999685656,0.0,0.0,0.0,0.0,0.0,0.0,0.0,0.0,34.0,5.0,4.0,3.0,45.0,464.1178199937132,990.0,965.9045301899716,24.09546981002836,0.1993333416108626,0.0977676110370326,989.702899047352,0.2267545284957564,0.2267545284957564,0.01,0.01,23.571614328884653,23.571614328884653,23.78836885738041,23.78836885738041,,0.9563790091516622,0.9563790091516622,0.0,0.0,46.55128625588068,46.55128625588068,0.0,0.0,1.001102930233993,1.001102930233993,0.0,0.0,0.98,0.98,0.96,0.96,45.62026053076307,45.62026053076307,0.0,0.0,91.24052106152614,2189.7725054766274,0.1781631442987987,6.018408146236991e-05
1973-02-15,1973-02-26,806.1332,0.8935666243082664,720.3337222668207,0.431,1973,2,15,1973.02,1972,5,138,20,0.0622368336038533,0.0,0.0,0.85,4,Mod_Dry,36,6,5,4,54,105.0,0.145765770439811,615.3337222668207,615.3337222668207,,3,205.1112407556069,205.1112407556069,205.1112407556069,0.0,0.0,0.0,0.0,0.0,0.0,0.0,36.0,6.0,5.0,4.0,54.0,662.3337222668207,990.0,966.7813348890672,23.21866511093276,0.3029189528000723,0.2120429264742362,989.4850381207256,0.2194001750200693,0.2194001750200693,0.2194001750200693,0.01,22.484303056638367,22.484303056638367,22.484303056638367,22.69370323165844,,0.9549902094325524,0.9549902094325524,0.9549902094325524,0.0,43.19231788681286,43.19231788681286,43.19231788681286,0.0,0.9288670513293088,0.9288670513293088,0.9288670513293088,0.0,0.98,0.98,0.98,0.96,42.3284715290766,42.3284715290766,42.3284715290766,0.0,126.9854145872298,3047.649950093515,0.1762869218278702,5.7324546011042656e-05
1973-03-15,1973-03-26,955.5912,0.91769253620946,876.9389119074414,0.3720000000000001,1973,3,15,1973.03,1972,6,166,24,0.0757675219888029,29.85136964243407,0.0340404208743616,0.91,5,Dry,36,8,6,4,53,107.0,0.1220153405751637,769.9389119074414,769.9389119074414,,3,256.64630396914714,256.64630396914714,256.64630396914714,0.0,0.0,0.0,0.0,0.0,0.0,0.0,36.0,8.0,6.0,4.0,53.0,819.9389119074414,990.0,967.4077556476298,22.592244352370244,0.4055494961773988,0.3116504333632016,989.2828000704594,0.28,0.28,0.28,0.01,21.59504442282966,21.59504442282966,21.59504442282966,21.86504442282966,,0.9562511509121924,0.9562511509121924,0.9562511509121924,0.0,51.97563289899664,51.97563289899664,51.97563289899664,0.0,1.1177555462149815,1.1177555462149815,1.1177555462149815,0.0,0.98,0.98,0.98,0.96,48.2,48.2,48.2,0.0,144.60000000000002,3470.4000000000005,0.1648917593193335,5.2168640973292346e-05
1973-04-15,1973-04-26,1247.589,0.9151467263536076,1141.726989184771,0.287,1973,4,15,1973.04,1972,7,197,29,0.0986452118655642,0.0,0.0,0.94,5,Dry,40,10,8,5,62,125.0,0.1094832663010392,1016.7269891847708,1016.7269891847708,,4,254.18174729619275,254.18174729619275,254.18174729619275,254.18174729619275,0.0,0.0,0.0,0.0,0.0,0.0,40.0,10.0,8.0,5.0,62.0,1074.726989184771,990.0,968.345427680295,21.65457231970504,0.6614401715078171,0.4606357256657345,988.8779241028265,0.28,0.28,0.28,0.28,20.252496422531493,20.252496422531493,20.252496422531493,20.252496422531493,,0.9554442140475272,0.9554442140475272,0.9554442140475272,0.9554442140475272,48.23551938144921,48.23551938144921,48.23551938144921,48.23551938144921,1.0373229974505207,1.0373229974505207,1.0373229974505207,1.0373229974505207,0.98,0.98,0.98,0.98,47.27080899382023,47.27080899382023,47.27080899382023,47.27080899382023,189.0832359752809,4537.997663406742,0.1656116022187513,5.165902121508413e-05
1973-05-15,1973-05-26,1247.589,0.9151467263536076,1141.726989184771,0.287,1973,5,15,1973.05,1972,8,227,33,0.0986452118655642,9.685428167123291,0.0084831384900859,0.91,5,Dry,42,9,8,6,82,147.0,0.1287523211700221,994.7269891847708,994.7269891847708,,4,248.68174729619275,248.68174729619275,248.68174729619275,248.68174729619275,0.0,0.0,0.0,0.0,0.0,0.0,42.0,9.0,8.0,6.0,82.0,1053.726989184771,990.0,968.345427680295,21.65457231970504,0.6306655586948421,0.4204478627654291,988.9488865785396,0.2782203588498602,0.2782203588498602,0.2782203588498602,0.2782203588498602,20.32523853939489,20.32523853939489,20.32523853939489,20.32523853939489,,0.9555225058340936,0.9555225058340936,0.9555225058340936,0.9555225058340936,47.36517884804478,47.36517884804478,47.36517884804478,47.36517884804478,1.0186059967321457,1.0186059967321457,1.0186059967321457,1.0186059967321457,0.98,0.98,0.98,0.98,46.41787527108388,46.41787527108388,46.41787527108388,46.41787527108388,185.67150108433552,4456.116026024052,0.1626233791818399,5.184881633717373e-05
1973-06-15,1973-06-26,704.3503,0.8783280558406197,618.6506296297572,0.474,1973,6,15,1973.06,1972,9,258,37,0.053451414400011,18.27515873228458,0.029540354211264,0.91,5,Dry,39,9,7,5,59,119.0,0.1923541241220715,499.6506296297572,499.6506296297572,,2,249.8253148148786,249.8253148148786,0.0,0.0,0.0,0.0,0.0,0.0,0.0,0.0,39.0,9.0,7.0,5.0,59.0,554.6506296297572,990.0,966.3746025185188,23.62539748148106,0.2417237116817558,0.1348350971852454,989.623441191133,0.2797641750000861,0.2797641750000861,0.01,0.01,22.96907449761397,22.96907449761397,23.23883867261405,23.23883867261405,,0.9552177086065964,0.9552177086065964,0.0,0.0,53.75526465175951,53.75526465175951,0.0,0.0,1.1560271968120326,1.1560271968120326,0.0,0.0,0.98,0.98,0.96,0.96,48.2,48.2,0.0,0.0,96.4,2313.6000000000004,0.155823004750989,5.359300317027561e-05
1973-07-15,1973-07-26,443.8904,0.9076618404997884,402.90237744418727,0.648,1973,7,15,1973.07,1972,10,288,42,0.0348107654111777,5.102168809386399,0.0126635361194739,0.85,4,Mod_Dry,42,9,8,6,70,135.0,0.3350687599720136,267.90237744418727,267.90237744418727,,1,267.90237744418727,0.0,0.0,0.0,0.0,0.0,0.0,0.0,0.0,0.0,42.0,9.0,8.0,6.0,70.0,326.90237744418727,990.0,965.4130606984988,24.58693930150116,0.1509057545753686,0.0254499221536563,989.823644323271,0.28,0.01,0.01,0.01,24.13058362477213,24.40058362477213,24.40058362477213,24.40058362477213,,0.9423626535830424,0.0,0.0,0.0,59.74494415512456,0.0,0.0,0.0,1.2848375087123562,0.0,0.0,0.0,0.98,0.96,0.96,0.96,48.2,0.0,0.0,0.0,48.2,1156.8000000000002,0.1196319572640818,4.99767453227556e-05
1973-08-15,1973-08-26,349.1046,0.9270188758292952,323.62655383883583,0.7509999999999999,1973,8,15,1973.08,1972,11,319,46,0.0279613342516754,2.0342423969515835,0.0062857709691047,0.77,4,Mod_Dry,39,7,5,4,60,115.0,0.3553478496615248,208.62655383883583,208.62655383883583,,1,208.62655383883583,0.0,0.0,0.0,0.0,0.0,0.0,0.0,0.0,0.0,39.0,7.0,5.0,4.0,60.0,259.62655383883583,990.0,965.0181327691942,24.981867230805847,0.1271620290697152,0.013483257076301,989.859354713854,0.2241458476824284,0.01,0.01,0.01,24.61707609697745,24.83122194465988,24.83122194465988,24.83122194465988,,0.9563083530290136,0.0,0.0,0.0,48.1662351019399,0.0,0.0,0.0,1.035833012944944,0.0,0.0,0.0,0.98,0.96,0.96,0.96,47.2029103999011,0.0,0.0,0.0,47.2029103999011,1132.8698495976264,0.1458561105075694,6.284875685411096e-05
1973-09-15,1973-09-26,264.675,0.9437959007304476,249.7991800258312,0.875,1973,9,15,1973.09,1972,12,350,50,0.0215826491542318,0.0,0.0,0.7000000000000001,4,Mod_Dry,34,6,4,3,44,91.0,0.3642926289453387,158.7991800258312,158.7991800258312,,1,158.7991800258312,0.0,0.0,0.0,0.0,0.0,0.0,0.0,0.0,0.0,34.0,6.0,4.0,3.0,44.0,202.7991800258312,990.0,964.698795080155,25.301204919844963,0.1071055232158779,0.0092479303021956,989.883646546482,0.1568788930348721,0.01,0.01,0.01,25.027972573292036,25.174851466326903,25.174851466326903,25.174851466326903,,0.9417925964113824,0.0,0.0,0.0,36.70860641565574,0.0,0.0,0.0,0.7894323960356072,0.0,0.0,0.0,0.97,0.96,0.96,0.96,35.607348223186065,0.0,0.0,0.0,35.607348223186065,854.5763573564656,0.142543895538424,6.228577540757587e-05
1973-10-15,1973-10-26,257.7185,0.9439744768586136,243.27968621428656,0.884,1973,10,15,1973.1,1973,1,15,3,0.0210193648889143,0.0,0.0,0.62,3,Normal,37,5,3,2,50,97.0,0.398718041400958,146.27968621428656,146.27968621428656,,1,146.27968621428656,0.0,0.0,0.0,0.0,0.0,0.0,0.0,0.0,0.0,37.0,5.0,3.0,2.0,50.0,191.27968621428656,990.0,964.6596781172858,25.340321882714196,0.1030398934244801,0.0081837733282143,989.8887763332472,0.1399775763892868,0.01,0.01,0.01,25.089120639572183,25.21909821596147,25.21909821596147,25.21909821596147,,0.9374587825894872,0.0,0.0,0.0,33.74118580715228,0.0,0.0,0.0,0.7256168990785435,0.0,0.0,0.0,0.97,0.96,0.96,0.96,32.728950232937706,0.0,0.0,0.0,32.728950232937706,785.4948055905049,0.1345321951957356,6.215063280479609e-05
1973-11-15,1973-11-26,289.9506,0.935581823043148,271.2725109404546,0.835,1973,11,15,1973.11,1973,2,46,7,0.0234379449452552,4.4864682269540594,0.0165386024975411,0.44,3,Normal,36,5,3,2,47,93.0,0.3428286916266789,178.2725109404546,178.2725109404546,,1,178.2725109404546,0.0,0.0,0.0,0.0,0.0,0.0,0.0,0.0,0.0,36.0,5.0,3.0,2.0,47.0,222.2725109404546,990.0,964.7850900437618,25.214909956238216,0.1139784866659228,0.0109031634299386,989.875118349904,0.1831678897696137,0.01,0.01,0.01,24.906860416372744,25.08002830614236,25.08002830614236,25.08002830614236,,0.9479519934713706,0.0,0.0,0.0,41.278928168980975,0.0,0.0,0.0,0.8877188853544296,0.0,0.0,0.0,0.978771888535443,0.96,0.96,0.96,40.4026544806724,0.0,0.0,0.0,40.4026544806724,969.6637075361376,0.1489375179984268,6.295395469979763e-05
1973-12-15,1973-12-26,499.3804,0.8921883077628417,445.541354005931,0.598,1973,12,15,1973.12,1973,3,76,11,0.0384947729861124,0.0,0.0,0.34,2,Mod_Wet,42,7,5,3,61,118.0,0.2648463468969688,327.541354005931,327.541354005931,,2,163.7706770029655,163.7706770029655,0.0,0.0,0.0,0.0,0.0,0.0,0.0,0.0,42.0,7.0,5.0,3.0,61.0,381.541354005931,990.0,965.6049360930268,24.39506390697329,0.1701895446780687,0.0535995190907994,989.7762109362312,0.1635904139540034,0.1635904139540034,0.01,0.01,24.0076844292504,24.0076844292504,24.1612748432044,24.1612748432044,,0.9450307453653286,0.9450307453653286,0.0,0.0,36.43938642568939,36.43938642568939,0.0,0.0,0.78364271883203,0.78364271883203,0.0,0.0,0.97,0.97,0.96,0.96,35.34620483291871,35.34620483291871,0.0,0.0,70.69240966583742,1696.617831980098,0.1586663258757712,5.9952064747149575e-05
1974-01-15,1974-01-26,971.4252,0.9180964110207984,891.8619896951615,0.363,1974,1,15,1974.01,1973,4,107,16,0.0770568759096619,72.58804895991386,0.0813893290650546,0.04,1,Wet,49,8,7,5,81,150.0,0.1681874569531436,741.8619896951615,741.8619896951615,,3,247.2873298983872,247.2873298983872,247.2873298983872,0.0,0.0,0.0,0.0,0.0,0.0,0.0,49.0,8.0,7.0,5.0,81.0,805.8619896951615,990.0,967.4674479587808,22.532552041219333,0.3926689211145754,0.2965638091163678,989.310767269769,0.2763378953628226,0.2763378953628226,0.2763378953628226,0.01,21.56698141562554,21.56698141562554,21.56698141562554,21.83331931098836,,0.9567667251381452,0.9567667251381452,0.9567667251381452,0.0,50.042153608202106,50.042153608202106,50.042153608202106,0.0,1.0761753464129484,1.0761753464129484,1.0761753464129484,0.0,0.98,0.98,0.98,0.96,48.2,48.2,48.2,0.0,144.60000000000002,3470.4000000000005,0.1621327085028304,5.4143044426863765e-05
1974-02-15,1974-02-26,1656.2409,0.9717907482149442,1609.5195834351923,0.217,1974,2,15,1974.02,1973,5,138,20,0.1390624920088006,20.367224372767623,0.0126542258835384,0.15,2,Mod_Wet,49,8,7,5,93,162.0,0.1006511518513145,1447.5195834351923,1100.0,,4,275.0,275.0,275.0,275.0,347.5195834351923,51.0,10.0,15.016278296582383,10.725913068987415,260.7773920696225,100.0,18.0,22.016278296582385,15.725913068987415,353.7773920696225,1240.0162782965824,990.0,969.8384478849443,20.161552115055542,0.9185605758087882,0.648,988.4334394241912,0.28,0.28,0.28,0.28,18.314991539246734,18.314991539246734,18.314991539246734,18.314991539246734,,0.9516437394240584,0.9516437394240584,0.9516437394240584,0.9516437394240584,47.00591495988695,47.00591495988695,47.00591495988695,47.00591495988695,1.010879891610472,1.010879891610472,1.010879891610472,1.010879891610472,0.98,0.98,0.98,0.98,46.06579666068921,46.06579666068921,46.06579666068921,46.06579666068921,184.26318664275684,4422.316479426164,0.1144833455517729,4.653110773806991e-05
1974-03-15,1974-03-26,2659.9765,1.0168576574949744,2704.817472781681,0.109,1974,3,15,1974.03,1973,6,166,24,0.2336962296483372,11.205775877825545,0.004142895404436,0.25,2,Mod_Wet,59,11,12,13,144,239.0,0.0883608607253665,2465.817472781681,1100.0,,4,275.0,275.0,275.0,275.0,1365.8174727816809,41.0,6.999999999999993,13.0,67.0,1237.817472781681,100.0,18.0,25.0,80.0,1381.817472781681,1243.0,990.0,972.8012835549904,17.198716445009723,0.9262894125183112,0.648,988.4257105874816,0.28,0.28,0.28,0.28,15.34442703249144,15.34442703249144,15.34442703249144,15.34442703249144,,0.9423777081299658,0.9423777081299658,0.9423777081299658,0.9423777081299658,38.998425552475226,38.998425552475226,38.998425552475226,38.998425552475226,0.8386758183328006,0.8386758183328006,0.8386758183328006,0.8386758183328006,0.97386758183328,0.97386758183328,0.97386758183328,0.97386758183328,37.97930238809425,37.97930238809425,37.97930238809425,37.97930238809425,151.917209552377,3646.013029257048,0.0561654200629452,3.83629317051457e-05
1974-04-15,1974-04-26,2233.2716,1.0124644434742982,2261.108087620956,0.148,1974,4,15,1974.04,1973,7,197,29,0.1953597387704506,29.319098466966352,0.0129666947933544,0.6900000000000001,3,Normal,54,13,14,19,117,217.0,0.0959706442995913,2044.108087620956,1100.0,,4,275.0,275.0,275.0,275.0,944.1080876209562,46.00000000000003,5.000000000000007,11.0,61.0,821.1080876209562,100.0,18.0,25.0,80.0,938.1080876209562,1243.0,990.0,971.730260901154,18.269739098846003,0.9262894125183112,0.648,988.4257105874816,0.28,0.28,0.28,0.28,16.41544968632772,16.41544968632772,16.41544968632772,16.41544968632772,,0.9462463490589832,0.9462463490589832,0.9462463490589832,0.9462463490589832,41.89173952464587,41.89173952464587,41.89173952464587,41.89173952464587,0.9008976241859328,0.9008976241859328,0.9008976241859328,0.9008976241859328,0.98,0.98,0.98,0.98,41.05390473415295,41.05390473415295,41.05390473415295,41.05390473415295,164.2156189366118,3941.1748544786833,0.0726261693705198,4.146859064055853e-05
1974-05-15,1974-05-26,2342.4819,1.0013569424535649,2345.660513136817,0.138,1974,5,15,1974.05,1973,8,227,33,0.2026650683350209,18.170364633430378,0.0077463744355449,0.5,3,Normal,55,13,13,17,178,276.0,0.1176640858531183,2069.660513136817,1100.0,,4,275.0,275.0,275.0,275.0,969.6605131368168,45.0,5.0,12.0,59.72546638886192,847.9350467479551,100.0,18.0,25.0,76.72546638886192,1025.935046747955,1243.0,990.0,971.934352962744,18.065647037255985,0.9262894125183112,0.648,988.4257105874816,0.28,0.28,0.28,0.28,16.2113576247377,16.2113576247377,16.2113576247377,16.2113576247377,,0.9456340728742132,0.9456340728742132,0.9456340728742132,0.9456340728742132,41.34413328187052,41.34413328187052,41.34413328187052,41.34413328187052,0.8891211458466778,0.8891211458466778,0.8891211458466778,0.8891211458466778,0.9789121145846678,0.9789121145846678,0.9789121145846678,0.9789121145846678,40.47227293662621,40.47227293662621,40.47227293662621,40.47227293662621,161.88909174650485,3885.338201916116,0.0690164202534206,4.088108377436991e-05
1974-06-15,1974-06-26,1412.3815,0.928274988254288,1311.0784203230735,0.258,1974,6,15,1974.06,1973,9,258,37,0.1132771755159135,44.51078979749241,0.0339497539640109,0.39,2,Mod_Wet,62,12,14,16,153,257.0,0.1960218366927819,1054.0784203230735,1054.0784203230735,,4,263.5196050807684,263.5196050807684,263.5196050807684,263.5196050807684,0.0,0.0,0.0,0.0,0.0,0.0,62.0,12.0,14.0,16.0,153.0,1142.0784203230735,990.0,968.8776750353012,21.12232496469892,0.7601408484450083,0.5446764457269153,988.695182705828,0.28,0.28,0.28,0.28,19.537507670526992,19.537507670526992,19.537507670526992,19.537507670526992,,0.9539877317787366,0.9539877317787366,0.9539877317787366,0.9539877317787366,48.16855095773473,48.16855095773473,48.16855095773473,48.16855095773473,1.0358828162953706,1.0358828162953706,1.0358828162953706,1.0358828162953706,0.98,0.98,0.98,0.98,47.20517993858004,47.20517993858004,47.20517993858004,47.20517993858004,188.82071975432012,4531.697274103683,0.1440193941318867,4.975929581755377e-05
1974-07-15,1974-07-26,611.0679,0.8869861279741288,542.0087505502821,0.523,1974,7,15,1974.07,1973,10,288,42,0.0468295560475443,8.989572908314813,0.0165856601008526,0.5,3,Normal,50,10,9,9,108,186.0,0.3431678913138595,356.0087505502821,356.0087505502821,,2,178.00437527514106,178.00437527514106,0.0,0.0,0.0,0.0,0.0,0.0,0.0,0.0,50.0,10.0,9.0,9.0,108.0,425.0087505502821,990.0,966.0390393774762,23.96096062252377,0.185530537573953,0.0670361302597331,989.7474333321665,0.1828059066214404,0.1828059066214404,0.01,0.01,23.52558804806867,23.52558804806867,23.698393954690108,23.698393954690108,,0.9493299635280362,0.9493299635280362,0.0,0.0,38.98764951537365,38.98764951537365,0.0,0.0,0.8384440755994332,0.8384440755994332,0.0,0.0,0.9738444075599432,0.9738444075599432,0.96,0.96,37.96790444445376,37.96790444445376,0.0,0.0,75.93580888890752,1822.4594133337805,0.1401007065140786,5.924933085019655e-05
1974-08-15,1974-08-26,415.3399,0.9079714249478594,377.11676084070143,0.68,1974,8,15,1974.08,1973,11,319,46,0.0325828881366366,3.720181518499942,0.0098648002549836,0.47,3,Normal,47,8,6,5,89,155.0,0.4110132884427108,222.11676084070143,222.11676084070143,,1,222.11676084070143,0.0,0.0,0.0,0.0,0.0,0.0,0.0,0.0,0.0,47.0,8.0,6.0,5.0,89.0,283.11676084070143,990.0,965.2855838042036,24.714416195796503,0.135452451947257,0.0146299246714596,989.8499176233812,0.2423576271349469,0.01,0.01,0.01,24.32197619204287,24.554333819177817,24.554333819177817,24.554333819177817,,0.9583812458815456,0.0,0.0,0.0,50.7758493301216,0.0,0.0,0.0,1.0919537490348732,0.0,0.0,0.0,0.98,0.96,0.96,0.96,48.2,0.0,0.0,0.0,48.2,1156.8000000000002,0.1278118742125075,6.027860679316852e-05
1974-09-15,1974-09-26,328.6161,0.9312389803097992,306.020121877383,0.775,1974,9,15,1974.09,1973,12,350,50,0.0264401385302058,3.008285474511069,0.0098303518607068,0.36,2,Mod_Wet,46,7,6,4,75,138.0,0.450950738642259,168.02012187738302,168.02012187738302,,1,168.02012187738302,0.0,0.0,0.0,0.0,0.0,0.0,0.0,0.0,0.0,46.0,7.0,6.0,4.0,75.0,227.02012187738305,990.0,964.9301006093868,25.06989939061316,0.1156541196938625,0.0100317103595775,989.8743141699464,0.169327164534467,0.01,0.01,0.01,24.77488639602519,24.93421356055966,24.93421356055966,24.93421356055966,,0.9450312360750772,0.0,0.0,0.0,38.5796097347948,0.0,0.0,0.0,0.8296690265547269,0.0,0.0,0.0,0.9729669026554728,0.96,0.96,0.96,37.53668338932022,0.0,0.0,0.0,37.53668338932022,900.8804013436852,0.1226608340622794,6.205718922548252e-05
1974-10-15,1974-10-26,237.5439,0.9621267175397727,228.5473327785961,0.91,1974,10,15,1974.1,1974,1,15,3,0.0197464895520707,0.0,0.0,0.48,3,Normal,37,5,3,2,50,97.0,0.4244197419445196,131.5473327785961,131.5473327785961,,1,131.5473327785961,0.0,0.0,0.0,0.0,0.0,0.0,0.0,0.0,0.0,37.0,5.0,3.0,2.0,50.0,176.5473327785961,990.0,964.5712839966716,25.428716003328415,0.0978403697473619,0.0069315232861806,989.8952281069664,0.1200888992511047,0.01,0.01,0.01,25.20385521104376,25.31394411029486,25.31394411029486,25.31394411029486,,0.9312822569165242,0.0,0.0,0.0,30.2809189740166,0.0,0.0,0.0,0.6512025585810022,0.0,0.0,0.0,0.97,0.96,0.96,0.96,29.3724914047961,0.0,0.0,0.0,29.3724914047961,704.9397937151064,0.1285181981679503,6.202349540566803e-05
1974-11-15,1974-11-26,301.2308,0.93390939438871,281.3222739992266,0.8160000000000001,1974,11,15,1974.11,1974,2,46,7,0.0243062444735331,0.0,0.0,0.37,2,Mod_Wet,40,6,4,3,53,106.0,0.3767920630425851,175.32227399922658,175.32227399922658,,1,175.32227399922658,0.0,0.0,0.0,0.0,0.0,0.0,0.0,0.0,0.0,40.0,6.0,4.0,3.0,53.0,225.32227399922655,990.0,964.8252890959968,25.174710904003064,0.1150548772498519,0.0106523932899342,989.8742927294604,0.1791850698989559,0.01,0.01,0.01,24.86981856356441,25.03900363346337,25.03900363346337,25.03900363346337,,0.9470975262260368,0.0,0.0,0.0,40.49888939181436,0.0,0.0,0.0,0.8709438578884808,0.0,0.0,0.0,0.977094385788848,0.96,0.96,0.96,39.57123745542535,0.0,0.0,0.0,39.57123745542535,949.7096989302084,0.1406615867733748,6.269602916702592e-05
1974-12-15,1974-12-26,570.3586,0.8854392210789449,505.01787451967766,0.547,1974,12,15,1974.12,1974,3,76,11,0.0436335443585001,10.336791328964011,0.0204681692480594,0.15,2,Mod_Wet,42,7,5,3,61,118.0,0.2336550960938358,387.01787451967766,387.01787451967766,,2,193.50893725983883,193.50893725983883,0.0,0.0,0.0,0.0,0.0,0.0,0.0,0.0,42.0,7.0,5.0,3.0,61.0,441.01787451967766,990.0,965.8725804353384,24.127419564661523,0.1911806541350688,0.0816724367732878,989.7271469090916,0.2037370653007824,0.2037370653007824,0.01,0.01,23.65082940845237,23.65082940845237,23.84456647375315,23.84456647375315,,0.9533046271074695,0.9533046271074695,0.0,0.0,42.78758785373024,42.78758785373024,0.0,0.0,0.9201631796501126,0.9201631796501126,0.0,0.0,0.98,0.98,0.96,0.96,41.93183609665563,41.93183609665563,0.0,0.0,83.86367219331126,2012.7281326394705,0.1660607998738143,6.019221858177399e-05
1975-01-15,1975-01-26,924.4132,0.9124994692702046,843.5265543863715,0.38,1975,1,15,1975.01,1974,4,107,16,0.0728806942989824,0.0,0.0,0.25,2,Mod_Wet,46,7,6,4,76,139.0,0.1647843796703192,704.5265543863715,704.5265543863715,,3,234.84218479545717,234.84218479545717,234.84218479545717,0.0,0.0,0.0,0.0,0.0,0.0,0.0,46.0,7.0,6.0,4.0,76.0,763.5265543863715,990.0,967.2741062175454,22.72589378245459,0.3604258427802159,0.2716237383300961,989.3679504188898,0.2595369494738671,0.2595369494738671,0.2595369494738671,0.01,21.83430725187052,21.83430725187052,21.83430725187052,22.08384420134438,,0.9568582707095984,0.9568582707095984,0.9568582707095984,0.0,48.11736583527515,48.11736583527515,48.11736583527515,0.0,1.034782060973659,1.034782060973659,1.034782060973659,0.0,0.98,0.98,0.98,0.96,47.15501851856965,47.15501851856965,47.15501851856965,0.0,141.46505555570894,3395.161333337014,0.16770670089766,5.5776249341943695e-05
1975-02-15,1975-02-26,2781.7915,1.0178649970908706,2831.488197054909,0.099,1975,2,15,1975.02,1974,5,138,20,0.2446405802255441,82.2730786436523,0.0290564794616577,0.07,1,Wet,55,10,10,8,114,197.0,0.0695747205320876,2634.488197054909,1100.0,,4,275.0,275.0,275.0,275.0,1534.488197054909,45.0,8.0,15.0,62.31424150476788,1404.1739555501413,100.0,18.0,25.0,70.31424150476788,1518.1739555501413,1243.0,990.0,973.1070404756498,16.892959524350204,0.9262894125183112,0.648,988.4257105874816,0.28,0.28,0.28,0.28,15.03867011183192,15.03867011183192,15.03867011183192,15.03867011183192,,0.9411546804473276,0.9411546804473276,0.9411546804473276,0.9411546804473276,38.17172904790696,38.17172904790696,38.17172904790696,38.17172904790696,0.8208973988797195,0.8208973988797195,0.8208973988797195,0.8208973988797195,0.972089739887972,0.972089739887972,0.972089739887972,0.972089739887972,37.10634616125402,37.10634616125402,37.10634616125402,37.10634616125402,148.42538464501607,3562.209231480386,0.0524195667844903,3.748115773864042e-05
1975-03-15,1975-03-26,3586.6615,1.0285190813200429,3688.949790985967,0.049,1975,3,15,1975.03,1974,6,166,24,0.3187252619411875,18.610847072669912,0.0050450258548234,0.18,2,Mod_Wet,59,11,12,13,144,239.0,0.0647880870008049,3449.949790985967,1100.0,,4,275.0,275.0,275.0,275.0,2349.949790985967,41.0,7.0,13.0,67.0,2221.949790985967,100.0,18.0,25.0,80.0,2365.949790985967,1243.0,990.0,975.0208697951844,14.979130204815531,0.9262894125183112,0.648,988.4257105874816,0.28,0.28,0.28,0.28,13.12484079229725,13.12484079229725,13.12484079229725,13.12484079229725,,0.9297490447537836,0.9297490447537836,0.9297490447537836,0.9297490447537836,32.91024975463305,32.91024975463305,32.91024975463305,32.91024975463305,0.7077473065512484,0.7077473065512484,0.7077473065512484,0.7077473065512484,0.97,0.97,0.97,0.97,31.922942261994056,31.922942261994056,31.922942261994056,31.922942261994056,127.69176904797622,3064.602457151429,0.0346146671228743,3.224539622423642e-05
1975-04-15,1975-04-26,4953.9539,1.0361660584290755,5133.118886202348,0.016,1975,4,15,1975.04,1974,7,197,29,0.4435014717678829,53.43556153241207,0.0104099598542408,0.07,1,Wet,84,14,20,27,219,364.0,0.0709120532895545,4769.118886202348,1100.0,,4,275.0,275.0,275.0,275.0,3669.118886202348,16.0,4.0,5.0,53.0,3591.118886202348,100.0,18.0,25.0,80.0,3810.118886202348,1243.0,990.0173584972804,977.7150030847516,12.302355412528868,0.9198051154401842,0.648,988.4495533818402,0.28,0.28,0.28,0.28,10.454550297088618,10.454550297088618,10.454550297088618,10.454550297088618,,0.889971086909094,0.889971086909094,0.889971086909094,0.889971086909094,25.09300350886798,25.09300350886798,25.09300350886798,25.09300350886798,0.539634484061677,0.539634484061677,0.539634484061677,0.539634484061677,0.97,0.97,0.97,0.97,24.34021340360194,24.34021340360194,24.34021340360194,24.34021340360194,97.36085361440776,2336.6604867457863,0.0189671924170917,2.4586074145052465e-05
1975-05-15,1975-05-26,2922.9672,1.0138852549041557,2963.5533446484865,0.089,1975,5,15,1975.05,1974,8,227,33,0.2560510089776292,0.0,0.0,0.2,2,Mod_Wet,65,14,17,23,202,321.0,0.1083159176397665,2642.5533446484865,1100.0,,4,275.0,275.0,275.0,275.0,1542.5533446484865,35.0,4.0,8.0,57.0,1438.5533446484865,100.0,18.0,25.0,80.0,1640.5533446484865,1243.0,990.0,973.425818418117,16.574181581882954,0.9262894125183112,0.648,988.4257105874816,0.28,0.28,0.28,0.28,14.719892169364671,14.719892169364671,14.719892169364671,14.719892169364671,,0.939319353016188,0.939319353016188,0.939319353016188,0.939319353016188,37.28973458375472,37.28973458375472,37.28973458375472,37.28973458375472,0.801929775994725,0.801929775994725,0.801929775994725,0.801929775994725,0.9701929775994724,0.9701929775994724,0.9701929775994724,0.9701929775994724,36.17823862970701,36.17823862970701,36.17823862970701,36.17823862970701,144.71295451882804,3473.110908451873,0.0488308924083135,3.654367538354243e-05
1975-06-15,1975-06-26,1557.9001,0.953111909397202,1484.853138961092,0.232,1975,6,15,1975.06,1974,9,258,37,0.1282913112062383,26.218060668772296,0.017657005922563,0.28,2,Mod_Wet,62,12,14,16,153,257.0,0.1730810901472823,1227.853138961092,1100.0,,4,275.0,275.0,275.0,275.0,127.8531389610921,30.84394792057475,5.9697963717241445,6.964762433678169,7.959728495632193,76.11490373948284,92.84394792057476,17.969796371724144,20.964762433678167,23.95972849563219,229.11490373948283,1231.778506725977,990.0,969.4356793720282,20.564320627971824,0.8972219934448123,0.648,988.4547780065552,0.28,0.28,0.28,0.28,18.73909863452704,18.73909863452704,18.73909863452704,18.73909863452704,,0.9521738732931588,0.9521738732931588,0.9521738732931588,0.9521738732931588,48.1211891786722,48.1211891786722,48.1211891786722,48.1211891786722,1.0348642834123054,1.0348642834123054,1.0348642834123054,1.0348642834123054,0.98,0.98,0.98,0.98,47.158765395098754,47.158765395098754,47.158765395098754,47.158765395098754,188.63506158039505,4527.24147792948,0.1270395412386556,4.763511656070581e-05
1975-07-15,1975-07-26,799.0771,0.8911326595966059,712.0837013457431,0.433,1975,7,15,1975.07,1974,10,288,42,0.0615240317962722,16.41336888618764,0.023049774703688,0.25,2,Mod_Wet,58,11,11,11,136,227.0,0.3187827492343952,485.0837013457431,485.0837013457431,,2,242.54185067287156,242.54185067287156,0.0,0.0,0.0,0.0,0.0,0.0,0.0,0.0,58.0,11.0,11.0,11.0,136.0,565.0837013457431,990.0,966.7483348053828,23.25166519461709,0.2476527235965259,0.1279595070351907,989.6243877693684,0.2699314984083766,0.2699314984083766,0.01,0.01,22.60612146557707,22.60612146557707,22.86605296398544,22.86605296398544,,0.9564161631344666,0.9564161631344666,0.0,0.0,51.42784783963287,51.42784783963287,0.0,0.0,1.1059752223576962,1.1059752223576962,0.0,0.0,0.98,0.98,0.96,0.96,48.2,48.2,0.0,0.0,96.4,2313.6000000000004,0.1353773437277343,5.520238611087025e-05
1975-08-15,1975-08-26,553.45,0.8781733244038457,486.0250263913084,0.5579999999999999,1975,8,15,1975.08,1974,11,319,46,0.041992562280209,0.0,0.0,0.17,2,Mod_Wet,54,9,8,6,107,184.0,0.378581328138971,302.0250263913084,302.0250263913084,,2,151.0125131956542,151.0125131956542,0.0,0.0,0.0,0.0,0.0,0.0,0.0,0.0,54.0,9.0,8.0,6.0,107.0,373.0250263913084,990.0,965.7871126187608,24.21288738123917,0.1671838684282467,0.0415558124566975,989.791260319115,0.1463668928141332,0.1463668928141332,0.01,0.01,23.85778080754009,23.85778080754009,23.994147700354223,23.994147700354223,,0.9412820687019062,0.9412820687019062,0.0,0.0,33.25840859275908,33.25840859275908,0.0,0.0,0.7152345933926685,0.7152345933926685,0.0,0.0,0.97,0.97,0.96,0.96,32.26065633497631,32.26065633497631,0.0,0.0,64.52131266995262,1548.5115040788628,0.13275306654272,5.934139652898774e-05
1975-09-15,1975-09-26,361.7746,0.9166247913690906,331.6115672476363,0.736,1975,9,15,1975.09,1974,12,350,50,0.0286512394101957,3.861250540270533,0.0116438958155735,0.23,2,Mod_Wet,46,7,6,4,75,138.0,0.4161495364754459,193.6115672476363,193.6115672476363,,1,193.6115672476363,0.0,0.0,0.0,0.0,0.0,0.0,0.0,0.0,0.0,46.0,7.0,6.0,4.0,75.0,252.6115672476363,990.0,965.0580578362382,24.94194216376184,0.1246862226489071,0.012206983216049,989.863106794135,0.203875615784309,0.01,0.01,0.01,24.601173342112507,24.79504895789681,24.79504895789681,24.79504895789681,,0.9529410765339534,0.0,0.0,0.0,44.51351285628584,0.0,0.0,0.0,0.9572798463717384,0.0,0.0,0.0,0.98,0.96,0.96,0.96,43.62324259916012,0.0,0.0,0.0,43.62324259916012,1046.9578223798428,0.1315492187478,6.258700118447353e-05
1975-10-15,1975-10-26,289.9506,0.935581823043148,271.2725109404546,0.835,1975,10,15,1975.1,1975,1,15,3,0.0234379449452552,0.0,0.0,0.22,2,Mod_Wet,41,6,4,3,56,110.0,0.4054963019240288,161.2725109404546,161.2725109404546,,1,161.2725109404546,0.0,0.0,0.0,0.0,0.0,0.0,0.0,0.0,0.0,41.0,6.0,4.0,3.0,56.0,212.2725109404546,990.0,964.7850900437618,25.214909956238216,0.1104490630248529,0.0094581634299386,989.8800927735452,0.1602178897696137,0.01,0.01,0.01,24.934784840013847,25.085002729783454,25.085002729783454,25.085002729783454,,0.9427111603258502,0.0,0.0,0.0,37.17776867636663,0.0,0.0,0.0,0.7995219070186371,0.0,0.0,0.0,0.97,0.96,0.96,0.96,36.062435616075625,0.0,0.0,0.0,36.062435616075625,865.498454785815,0.1329380389153823,6.211438743200508e-05
1975-11-15,1975-11-26,268.1972,0.9570673705328404,256.6827889882703,0.865,1975,11,15,1975.11,1975,2,46,7,0.0221773929685865,0.0,0.0,0.39,2,Mod_Wet,40,6,4,3,53,106.0,0.4129610731510475,150.68278898827032,150.68278898827032,,1,150.68278898827032,0.0,0.0,0.0,0.0,0.0,0.0,0.0,0.0,0.0,40.0,6.0,4.0,3.0,53.0,200.68278898827032,990.0,964.7267311559532,25.273268844046925,0.1063585591597063,0.0085580370640029,989.8850834037764,0.1459217651341649,0.01,0.01,0.01,25.01243048268908,25.148352247823244,25.148352247823244,25.148352247823244,,0.939343057482848,0.0,0.0,0.0,34.72022044952458,0.0,0.0,0.0,0.7466714075166577,0.0,0.0,0.0,0.97,0.96,0.96,0.96,33.67861383603884,0.0,0.0,0.0,33.67861383603884,808.2867320649323,0.1312071369053803,6.208519614498925e-05
1975-12-15,1975-12-26,434.2405,0.9023039355474278,391.8169121240828,0.66,1975,12,15,1975.12,1975,3,76,11,0.0338529812075207,5.285814893733061,0.0134905225634035,0.56,3,Normal,38,5,4,3,54,104.0,0.2654300944699005,287.8169121240828,287.8169121240828,,2,143.9084560620414,143.9084560620414,0.0,0.0,0.0,0.0,0.0,0.0,0.0,0.0,38.0,5.0,4.0,3.0,54.0,334.8169121240828,990.0,965.3590845606204,24.64091543937957,0.1536990394268002,0.034849582522567,989.8114513780506,0.1367764156837559,0.1367764156837559,0.01,0.01,24.31559040174642,24.31559040174642,24.442366817430173,24.442366817430173,,0.9377900239948164,0.9377900239948164,0.0,0.0,32.182178612728144,32.182178612728144,0.0,0.0,0.6920898626393149,0.6920898626393149,0.0,0.0,0.97,0.97,0.96,0.96,31.2167132543463,31.2167132543463,0.0,0.0,62.4334265086926,1498.4022362086223,0.1593433682334794,6.025573114049716e-05
1976-01-15,1976-01-26,659.7793,0.8759751691964408,577.9502839498093,0.495,1976,1,15,1976.01,1975,4,107,16,0.0499349045332635,11.09626274508912,0.0191993378206433,0.58,3,Normal,41,6,4,3,66,120.0,0.2076303158463732,457.9502839498093,457.9502839498093,,2,228.97514197490463,228.97514197490463,0.0,0.0,0.0,0.0,0.0,0.0,0.0,0.0,41.0,6.0,4.0,3.0,66.0,508.9502839498093,990.0,966.200776277774,23.79922372222586,0.2157526552736652,0.11515253402431,989.669094810702,0.2516164416661213,0.2516164416661213,0.01,0.01,23.216702091261688,23.216702091261688,23.45831853292781,23.45831853292781,,0.9576075662815758,0.9576075662815758,0.0,0.0,49.92466208518469,49.92466208518469,0.0,0.0,1.0736486469932192,1.0736486469932192,0.0,0.0,0.98,0.98,0.96,0.96,48.2,48.2,0.0,0.0,96.4,2313.6000000000004,0.1667963537299198,5.847311098231044e-05
1976-02-15,1976-02-26,939.9208,0.9134042636758518,858.5276662376176,0.375,1976,2,15,1976.02,1975,5,138,20,0.0741767903629301,11.440123972610309,0.0133252828330449,0.66,3,Normal,43,7,5,4,78,137.0,0.15957552142773,721.5276662376176,721.5276662376176,,3,240.50922207920587,240.50922207920587,240.50922207920587,0.0,0.0,0.0,0.0,0.0,0.0,0.0,43.0,7.0,5.0,4.0,78.0,776.5276662376176,990.0,967.3341106649503,22.665889335049545,0.3678142466146483,0.2829804810467285,989.3492052723386,0.2671874498069279,0.2671874498069279,0.2671874498069279,0.01,21.747907157581235,21.747907157581235,21.747907157581235,22.005094607388163,,0.9568146543841304,0.9568146543841304,0.9568146543841304,0.0,49.08126207881553,49.08126207881553,49.08126207881553,0.0,1.0555110124476457,1.0555110124476457,1.0555110124476457,0.0,0.98,0.98,0.98,0.96,48.09963683723922,48.09963683723922,48.09963683723922,0.0,144.29891051171765,3463.173852281224,0.1680771816522678,5.555300589748831e-05
1976-03-15,1976-03-26,3733.5042,1.0249522745569744,3826.663621858017,0.044,1976,3,15,1976.03,1975,6,167,24,0.3306237369285326,187.21648011995285,0.048924206206829,0.29,2,Mod_Wet,59,11,12,13,144,239.0,0.0624564956885222,3587.663621858017,1100.0,,4,275.0,275.0,275.0,275.0,2487.663621858017,41.0,7.0,13.0,67.0,2359.663621858017,100.0,18.0,25.0,80.0,2503.663621858017,1243.0,990.0,975.3126919606038,14.687308039396155,0.9262894125183112,0.648,988.4257105874816,0.28,0.28,0.28,0.28,12.833018626877877,12.833018626877877,12.833018626877877,12.833018626877877,,0.9274971676419008,0.9274971676419008,0.9274971676419008,0.9274971676419008,32.10057487121275,32.10057487121275,32.10057487121275,32.10057487121275,0.6903349434669409,0.6903349434669409,0.6903349434669409,0.6903349434669409,0.97,0.97,0.97,0.97,31.137557625076365,31.137557625076365,31.137557625076365,31.137557625076365,124.55023050030546,2989.205532007331,0.0325479955407814,3.1452078409168044e-05
1976-04-15,1976-04-26,4522.3293,0.9984176938383548,4515.173590483621,0.024,1976,4,15,1976.04,1975,7,198,29,0.3901109982177849,96.81012742973508,0.0214410643333351,0.1,1,Wet,84,14,20,27,219,364.0,0.0806170555141406,4151.173590483621,1100.0,,4,275.0,275.0,275.0,275.0,3051.1735904836214,16.0,4.0,5.0,53.0,2973.1735904836214,100.0,18.0,25.0,80.0,3192.1735904836214,1243.0,990.0,976.622767670585,13.377232329415053,0.9262894125183112,0.648,988.4257105874816,0.28,0.28,0.28,0.28,11.522942916896769,11.522942916896769,11.522942916896769,11.522942916896769,,0.9152294291689678,0.9152294291689678,0.9152294291689678,0.9152294291689678,28.442304405130173,28.442304405130173,28.442304405130173,28.442304405130173,0.6116624603253801,0.6116624603253801,0.6116624603253801,0.6116624603253801,0.97,0.97,0.97,0.97,27.58903527297627,27.58903527297627,27.58903527297627,27.58903527297627,110.35614109190507,2648.547386205721,0.0244411734965177,2.7867712396945725e-05
1976-05-15,1976-05-26,3884.0786,1.0120830181699707,3931.0099922973936,0.04,1976,5,15,1976.05,1975,8,228,33,0.3396392633344948,39.80144064875003,0.0101249909633246,0.04,1,Wet,71,14,18,24,213,340.0,0.0864917669164443,3591.0099922973936,1100.0,,4,275.0,275.0,275.0,275.0,2491.0099922973936,29.0,4.0,7.0,56.0,2395.009992297393,100.0,18.0,25.0,80.0,2608.009992297393,1243.0,990.0,975.5338068884396,14.4661931115603,0.9262894125183112,0.648,988.4257105874816,0.28,0.28,0.28,0.28,12.61190369904202,12.61190369904202,12.61190369904202,12.61190369904202,,0.9255071332913782,0.9255071332913782,0.9255071332913782,0.9255071332913782,31.479788776138538,31.479788776138538,31.479788776138538,31.479788776138538,0.6769847048631944,0.6769847048631944,0.6769847048631944,0.6769847048631944,0.97,0.97,0.97,0.97,30.53539511285438,30.53539511285438,30.53539511285438,30.53539511285438,122.14158045141752,2931.3979308340204,0.0310712973741474,3.0843833447327655e-05
1976-06-15,1976-06-26,2114.3104,1.0117799479063805,2139.216866369918,0.162,1976,6,15,1976.06,1975,9,259,37,0.1848283372543609,30.00547720715804,0.0140263839907334,0.03,1,Wet,67,13,15,17,181,293.0,0.1369660106023742,1846.216866369918,1100.0,,4,275.0,275.0,275.0,275.0,746.2168663699181,33.0,5.0,10.0,43.295859140916754,654.9210072290014,100.0,18.0,25.0,60.295859140916754,835.9210072290014,1243.0,990.0,971.4360407119274,18.563959288072624,0.9262894125183112,0.648,988.4257105874816,0.28,0.28,0.28,0.28,16.70966987555434,16.70966987555434,16.70966987555434,16.70966987555434,,0.9471290096266628,0.9471290096266628,0.9471290096266628,0.9471290096266628,42.68235778780786,42.68235778780786,42.68235778780786,42.68235778780786,0.9179001674797388,0.9179001674797388,0.9179001674797388,0.9179001674797388,0.98,0.98,0.98,0.98,41.8287106320517,41.8287106320517,41.8287106320517,41.8287106320517,167.3148425282068,4015.556220676964,0.0782131279715117,4.2251222860658285e-05
1976-07-15,1976-07-26,1138.9177,0.936281984298218,1066.3481241083623,0.314,1976,7,15,1976.07,1975,10,289,42,0.0921324779229625,16.53127120297927,0.015502696379573,0.03,1,Wet,63,12,13,13,155,256.0,0.2400716934857056,810.3481241083623,810.3481241083623,,3,270.1160413694541,270.1160413694541,270.1160413694541,0.0,0.0,0.0,0.0,0.0,0.0,0.0,63.0,12.0,13.0,13.0,155.0,898.3481241083623,990.0,968.1085226757692,21.89147732423089,0.4772949905504356,0.3312084920684473,989.1914965173812,0.28,0.28,0.28,0.01,20.802973841611987,20.802973841611987,20.802973841611987,21.072973841611987,,0.9560097841377246,0.9560097841377246,0.9560097841377246,0.0,52.68376888000993,52.68376888000993,52.68376888000993,0.0,1.132984276989461,1.132984276989461,1.132984276989461,0.0,0.98,0.98,0.98,0.96,48.2,48.2,48.2,0.0,144.60000000000002,3470.4000000000005,0.1356029956173166,4.956717424485018e-05
1976-08-15,1976-08-26,611.0679,0.8869861279741288,542.0087505502821,0.523,1976,8,15,1976.08,1975,11,320,46,0.0468295560475443,8.989572908314813,0.0165856601008526,0.06,1,Wet,58,10,10,7,117,202.0,0.3726877099215033,340.0087505502821,340.0087505502821,,2,170.00437527514106,170.00437527514106,0.0,0.0,0.0,0.0,0.0,0.0,0.0,0.0,58.0,10.0,10.0,7.0,117.0,418.0087505502821,990.0,966.0390393774762,23.96096062252377,0.1830600203861656,0.0594841302597331,989.757455849354,0.1720059066214404,0.1720059066214404,0.01,0.01,23.546410565256405,23.546410565256405,23.708416471877843,23.708416471877843,,0.9470609744575048,0.9470609744575048,0.0,0.0,37.17932077433672,37.17932077433672,0.0,0.0,0.7995552854696067,0.7995552854696067,0.0,0.0,0.97,0.97,0.96,0.96,36.06394115110661,36.06394115110661,0.0,0.0,72.12788230221322,1731.0691752531177,0.1330751251321761,5.892649183087112e-05
1976-09-15,1976-09-26,439.0488,0.9068394067509818,398.1467533267305,0.657,1976,9,15,1976.09,1975,12,351,51,0.0343998794874295,4.755624117456762,0.0119444000929832,0.08,1,Wet,48,8,7,4,79,146.0,0.3666989590649462,252.1467533267305,252.1467533267305,,1,252.1467533267305,0.0,0.0,0.0,0.0,0.0,0.0,0.0,0.0,0.0,48.0,8.0,7.0,4.0,79.0,315.1467533267305,990.0,965.3907337666336,24.609266233366384,0.146756830084605,0.0180132675702168,989.8352299023452,0.28,0.01,0.01,0.01,24.16449613571146,24.43449613571146,24.43449613571146,24.43449613571146,,0.9520144634771088,0.0,0.0,0.0,56.887044402930016,0.0,0.0,0.0,1.2233772989877425,0.0,0.0,0.0,0.98,0.96,0.96,0.96,48.2,0.0,0.0,0.0,48.2,1156.8000000000002,0.1210608892255507,5.309958868096008e-05
1976-10-15,1976-10-26,420.0154,0.9067213782142306,380.8369423592014,0.675,1976,10,15,1976.1,1976,1,15,3,0.032904311819835,0.0,0.0,0.03,1,Wet,44,7,6,3,60,120.0,0.31509548222036,260.8369423592014,260.8369423592014,,1,260.8369423592014,0.0,0.0,0.0,0.0,0.0,0.0,0.0,0.0,0.0,44.0,7.0,6.0,3.0,60.0,317.8369423592014,990.0,965.304184711796,24.695815288204017,0.1477062812621931,0.022115036793543,989.8301786819442,0.28,0.01,0.01,0.01,24.24599397014819,24.51599397014819,24.51599397014819,24.51599397014819,,0.9480525847357812,0.0,0.0,0.0,58.80039174734871,0.0,0.0,0.0,1.264524553706424,0.0,0.0,0.0,0.98,0.96,0.96,0.96,48.2,0.0,0.0,0.0,48.2,1156.8000000000002,0.1265633520251779,5.133049317243915e-05
1976-11-15,1976-11-26,410.6973,0.908236127635729,373.01012538244936,0.6880000000000001,1976,11,15,1976.11,1976,2,46,7,0.0322280748330436,8.327607801942236,0.0223254202373297,0.06,1,Wet,42,7,6,3,56,114.0,0.3056217304640595,259.01012538244936,259.01012538244936,,1,259.01012538244936,0.0,0.0,0.0,0.0,0.0,0.0,0.0,0.0,0.0,42.0,7.0,6.0,3.0,56.0,314.01012538244936,990.0,965.2650506269122,24.73494937308783,0.1463556788171099,0.021252779180516,989.8323915420024,0.28,0.01,0.01,0.01,24.2873409150902,24.5573409150902,24.5573409150902,24.5573409150902,,0.9495305596416695,0.0,0.0,0.0,58.57932420198942,0.0,0.0,0.0,1.259770412946009,0.0,0.0,0.0,0.98,0.96,0.96,0.96,48.2,0.0,0.0,0.0,48.2,1156.8000000000002,0.1292190123541023,5.16925308194771e-05
1976-12-15,1976-12-26,509.9149,0.8935905892579125,455.65515596238953,0.59,1976,12,15,1976.12,1976,3,76,11,0.0393686054751504,10.113801956458529,0.0221961758231335,0.28,2,Mod_Wet,42,7,5,3,61,118.0,0.2589677708151291,337.6551559623896,337.6551559623896,,2,168.82757798119476,168.82757798119476,0.0,0.0,0.0,0.0,0.0,0.0,0.0,0.0,42.0,7.0,5.0,3.0,61.0,391.65515596238953,990.0,965.6504482018308,24.349551798169276,0.1737590191876842,0.0583732336142478,989.767867747198,0.1704172302746129,0.1704172302746129,0.01,0.01,23.947002315092785,23.947002315092785,24.1074195453674,24.1074195453674,,0.9465690497351336,0.9465690497351336,0.0,0.0,37.53060331311091,37.53060331311091,0.0,0.0,0.8071097486690518,0.8071097486690518,0.0,0.0,0.9707109748669052,0.9707109748669052,0.96,0.96,36.43136852941299,36.43136852941299,0.0,0.0,72.86273705882599,1748.7056894118236,0.159907632132314,5.994177439796493e-05
1977-01-15,1977-01-26,730.6486,0.8864028278959922,647.6489852382476,0.462,1977,1,15,1977.01,1976,4,107,16,0.0559568723245846,10.72319687620586,0.0165571121403998,0.4,2,Mod_Wet,46,7,6,4,76,139.0,0.2146224315457959,508.6489852382476,508.6489852382476,,2,254.32449261912384,254.32449261912384,0.0,0.0,0.0,0.0,0.0,0.0,0.0,0.0,46.0,7.0,6.0,4.0,76.0,567.6489852382476,990.0,966.490595940953,23.50940405904703,0.2491105491705726,0.1407775221391494,989.6101119286902,0.28,0.28,0.01,0.01,22.839515987737258,22.839515987737258,23.109515987737257,23.109515987737257,,0.9538720827129984,0.9538720827129984,0.0,0.0,54.33803394147275,54.33803394147275,0.0,0.0,1.1685598697090915,1.1685598697090915,0.0,0.0,0.98,0.98,0.96,0.96,48.2,48.2,0.0,0.0,96.4,2313.6000000000004,0.1488460604389548,5.26449055338924e-05
1977-02-15,1977-02-26,1053.0739999999996,0.9224728423044594,971.4321659369264,0.34,1977,2,15,1977.02,1976,5,138,20,0.0839317391369504,18.997082054007024,0.0195557474007304,0.45,3,Normal,43,7,5,4,78,137.0,0.1410288899254909,834.4321659369264,834.4321659369264,,4,208.6080414842316,208.6080414842316,208.6080414842316,208.6080414842316,0.0,0.0,0.0,0.0,0.0,0.0,43.0,7.0,5.0,4.0,78.0,889.4321659369264,990.0,967.7857286637476,22.214271336252292,0.4691367676980005,0.3428651683134723,989.1879980639884,0.2241208560037126,0.2241208560037126,0.2241208560037126,0.2241208560037126,21.1781485442371,21.1781485442371,21.1781485442371,21.1781485442371,,0.954024848419003,0.954024848419003,0.954024848419003,0.954024848419003,41.3349504906012,41.3349504906012,41.3349504906012,41.3349504906012,0.8889236664645418,0.8889236664645418,0.8889236664645418,0.8889236664645418,0.9788923666464542,0.9788923666464542,0.9788923666464542,0.9788923666464542,40.46246751095862,40.46246751095862,40.46246751095862,40.46246751095862,161.84987004383447,3884.3968810520273,0.166609543845744,5.387891199510255e-05
1977-03-15,1977-03-26,2075.5648,1.01276353090847,2102.056335477332,0.166,1977,3,15,1977.03,1976,6,166,24,0.1816176673852414,25.27420910537421,0.012023564106637,0.49,3,Normal,49,9,9,9,107,183.0,0.0870576096898205,1919.056335477332,1100.0,,4,275.0,275.0,275.0,275.0,819.0563354773321,51.00000000000003,9.0,16.0,40.28145912183601,702.774876355496,100.0,18.0,25.0,49.28145912183601,809.774876355496,1243.0,990.0,971.3463428787384,18.65365712126163,0.9262894125183112,0.648,988.4257105874816,0.28,0.28,0.28,0.28,16.799367708743347,16.799367708743347,16.799367708743347,16.799367708743347,,0.94739810312623,0.94739810312623,0.94739810312623,0.94739810312623,42.92366930709655,42.92366930709655,42.92366930709655,42.92366930709655,0.9230896625182052,0.9230896625182052,0.9230896625182052,0.9230896625182052,0.98,0.98,0.98,0.98,42.065195920954615,42.065195920954615,42.065195920954615,42.065195920954615,168.26078368381846,4038.2588084116433,0.0800458012680283,4.249009688985315e-05
1977-04-15,1977-04-26,2600.3529,1.0174076948207036,2645.619049709331,0.113,1977,4,15,1977.04,1976,7,197,29,0.2285814858948862,0.0,0.0,0.6,3,Normal,54,13,14,19,117,217.0,0.08202239094999,2428.619049709331,1100.0,,4,275.0,275.0,275.0,275.0,1328.6190497093312,46.0,5.0,11.0,61.0,1205.6190497093312,100.0,18.0,25.0,80.0,1322.6190497093312,1243.0,990.0,972.6583908096432,17.341609190356735,0.9262894125183112,0.648,988.4257105874816,0.28,0.28,0.28,0.28,15.487319777838453,15.487319777838453,15.487319777838453,15.487319777838453,,0.9429492791113536,0.9429492791113536,0.9429492791113536,0.9429492791113536,39.38546631473056,39.38546631473056,39.38546631473056,39.38546631473056,0.8469992755856035,0.8469992755856035,0.8469992755856035,0.8469992755856035,0.9746999275585604,0.9746999275585604,0.9746999275585604,0.9746999275585604,38.389011163828,38.389011163828,38.389011163828,38.389011163828,153.55604465531198,3685.3450717274873,0.0580416310020835,3.877677895336161e-05
1977-05-15,1977-05-26,2751.0152,1.018827290046873,2802.809361093756,0.101,1977,5,15,1977.05,1976,8,227,33,0.2421627287985004,17.018240575740947,0.0060718509121504,0.33,2,Mod_Wet,65,14,17,23,202,321.0,0.1145279463012548,2481.809361093756,1100.0,,4,275.0,275.0,275.0,275.0,1381.8093610937558,35.0,4.000000000000007,8.0,57.0,1277.8093610937558,100.0,18.0,25.0,80.0,1479.8093610937558,1243.0,990.0,973.0378156991918,16.96218430080819,0.9262894125183112,0.648,988.4257105874816,0.28,0.28,0.28,0.28,15.107894888289907,15.107894888289907,15.107894888289907,15.107894888289907,,0.9414315795531596,0.9414315795531596,0.9414315795531596,0.9414315795531596,38.35872031024805,38.35872031024805,38.35872031024805,38.35872031024805,0.8249187163494205,0.8249187163494205,0.8249187163494205,0.8249187163494205,0.972491871634942,0.972491871634942,0.972491871634942,0.972491871634942,37.30354370803439,37.30354370803439,37.30354370803439,37.30354370803439,149.21417483213756,3581.140195971301,0.053237361378695,3.768034717983271e-05
1977-06-15,1977-06-26,1689.8676,0.97387137230227,1645.7136786211431,0.213,1977,6,15,1977.06,1976,9,258,37,0.1421896618328668,48.10562846802395,0.0292308614146837,0.17,2,Mod_Wet,62,12,14,16,153,257.0,0.1561632520520378,1388.7136786211431,1100.0,,4,275.0,275.0,275.0,275.0,288.7136786211431,37.99999999999999,6.000000000000002,11.000000000000002,17.97439244333965,215.73928617780348,100.0,18.0,25.0,33.97439244333965,368.7392861778035,1243.0,990.0,969.9553826540068,20.04461734599317,0.9262894125183112,0.648,988.4257105874816,0.28,0.28,0.28,0.28,18.19032793347489,18.19032793347489,18.19032793347489,18.19032793347489,,0.9514879099168436,0.9514879099168436,0.9514879099168436,0.9514879099168436,46.67831776540711,46.67831776540711,46.67831776540711,46.67831776540711,1.0038347906539162,1.0038347906539162,1.0038347906539162,1.0038347906539162,0.98,0.98,0.98,0.98,45.74475141009896,45.74475141009896,45.74475141009896,45.74475141009896,182.97900564039583,4391.496135369501,0.1111852006928108,4.620681960616057e-05
1977-07-15,1977-07-26,849.2947,0.8954821115912885,760.52821131929,0.409,1977,7,15,1977.07,1976,10,288,42,0.0657096374579866,33.72662467378723,0.0443463163782992,0.17,2,Mod_Wet,58,11,11,11,136,227.0,0.2984767647293748,533.52821131929,533.52821131929,,2,266.764105659645,266.764105659645,0.0,0.0,0.0,0.0,0.0,0.0,0.0,0.0,58.0,11.0,11.0,11.0,136.0,613.52821131929,990.0,966.9421128452772,23.057887154722835,0.2751832615490505,0.1573968451612857,989.5674198932896,0.28,0.28,0.01,0.01,22.345307048012472,22.345307048012472,22.615307048012472,22.615307048012472,,0.9525455752418526,0.9525455752418526,0.0,0.0,55.68499474622117,55.68499474622117,0.0,0.0,1.1975267687359392,1.1975267687359392,0.0,0.0,0.98,0.98,0.96,0.96,48.2,48.2,0.0,0.0,96.4,2313.6000000000004,0.1267540093388182,5.01899940990236e-05
1977-08-15,1977-08-26,553.45,0.8781733244038457,486.0250263913084,0.5579999999999999,1977,8,15,1977.08,1976,11,319,46,0.041992562280209,3.3185979214239296,0.0068280391774559,0.15,2,Mod_Wet,54,9,8,6,107,184.0,0.378581328138971,302.0250263913084,302.0250263913084,,2,151.0125131956542,151.0125131956542,0.0,0.0,0.0,0.0,0.0,0.0,0.0,0.0,54.0,9.0,8.0,6.0,107.0,373.0250263913084,990.0,965.7871126187608,24.21288738123917,0.1671838684282467,0.0415558124566975,989.791260319115,0.1463668928141332,0.1463668928141332,0.01,0.01,23.85778080754009,23.85778080754009,23.994147700354223,23.994147700354223,,0.9412820687019062,0.9412820687019062,0.0,0.0,33.25840859275908,33.25840859275908,0.0,0.0,0.7152345933926685,0.7152345933926685,0.0,0.0,0.97,0.97,0.96,0.96,32.26065633497631,32.26065633497631,0.0,0.0,64.52131266995262,1548.5115040788628,0.13275306654272,5.934139652898774e-05
1977-09-15,1977-09-26,410.6973,0.908236127635729,373.01012538244936,0.6880000000000001,1977,9,15,1977.09,1976,12,350,50,0.0322280748330436,4.106635458252072,0.0110094476766321,0.1,1,Wet,48,8,7,4,79,146.0,0.3914102863837956,227.01012538244936,227.01012538244936,,1,227.01012538244936,0.0,0.0,0.0,0.0,0.0,0.0,0.0,0.0,0.0,48.0,8.0,7.0,4.0,79.0,290.01012538244936,990.0,965.2650506269122,24.73494937308783,0.1378853341732674,0.0150458606575081,989.8470688051692,0.2489636692663066,0.01,0.01,0.01,24.333054508990735,24.572018178257043,24.572018178257043,24.572018178257043,,0.9584899606112292,0.0,0.0,0.0,51.92399810567687,0.0,0.0,0.0,1.1166451205521906,0.0,0.0,0.0,0.98,0.96,0.96,0.96,48.2,0.0,0.0,0.0,48.2,1156.8000000000002,0.1292190123541023,5.897925859620716e-05
1977-10-15,1977-10-26,336.7179,0.9260439379072553,311.8155700798613,0.7659999999999999,1977,10,15,1977.1,1977,1,15,3,0.0269408652549,4.706853997526082,0.0150949934806673,0.09,1,Wet,44,7,6,3,60,120.0,0.3848428735270209,191.8155700798613,191.8155700798613,,1,191.8155700798613,0.0,0.0,0.0,0.0,0.0,0.0,0.0,0.0,0.0,44.0,7.0,6.0,3.0,60.0,248.8155700798613,990.0,964.9590778503992,25.04092214960076,0.1233464974706528,0.0120543234567882,989.8645991790726,0.2014510196078127,0.01,0.01,0.01,24.70407030906552,24.89552132867333,24.89552132867333,24.89552132867333,,0.952319886809031,0.0,0.0,0.0,44.25617998102358,0.0,0.0,0.0,0.9517458060435178,0.0,0.0,0.0,0.98,0.96,0.96,0.96,43.37105638140311,0.0,0.0,0.0,43.37105638140311,1040.9053531536747,0.1390920163810134,6.280780885766964e-05
1977-11-15,1977-11-26,308.9022,0.9297022486736368,287.1870699602335,0.8029999999999999,1977,11,15,1977.11,1977,2,46,7,0.0248129628445641,11.264589108587074,0.039223872823198,0.27,2,Mod_Wet,40,6,4,3,53,106.0,0.3690973970892133,181.1870699602335,181.1870699602335,,1,181.1870699602335,0.0,0.0,0.0,0.0,0.0,0.0,0.0,0.0,0.0,40.0,6.0,4.0,3.0,53.0,231.1870699602335,990.0,964.848748279841,25.151251720159053,0.1171248122013348,0.0111509009466198,989.871724286852,0.1871025444463152,0.01,0.01,0.01,24.835873462564724,25.01297600701104,25.01297600701104,25.01297600701104,,0.9489485934401178,0.0,0.0,0.0,41.87820189370117,0.0,0.0,0.0,0.9006064923376595,0.0,0.0,0.0,0.98,0.96,0.96,0.96,41.04063785582714,0.0,0.0,0.0,41.04063785582714,984.9753085398514,0.1429055906364795,6.291937490173162e-05
1977-12-15,1977-12-26,599.256,0.8886339443648977,532.5192229643311,0.53,1977,12,15,1977.12,1977,3,76,11,0.0460096608641182,43.17559865159882,0.0810780095622778,0.32,2,Mod_Wet,42,7,5,3,61,118.0,0.2215882449146888,414.5192229643311,414.5192229643311,,2,207.25961148216555,207.25961148216555,0.0,0.0,0.0,0.0,0.0,0.0,0.0,0.0,42.0,7.0,5.0,3.0,61.0,468.5192229643311,990.0,965.9963365033394,24.00366349666058,0.2008867332807611,0.0946530732391642,989.70446019348,0.2223004755009235,0.2223004755009235,0.01,0.01,23.485823214639687,23.485823214639687,23.69812369014061,23.69812369014061,,0.9558947638561364,0.9558947638561364,0.0,0.0,45.63197326038446,45.63197326038446,0.0,0.0,0.981332758287838,0.981332758287838,0.0,0.0,0.98,0.98,0.96,0.96,44.71933379517677,44.71933379517677,0.0,0.0,89.43866759035355,2146.528022168485,0.167953876091989,5.99346736032832e-05
1978-01-15,1978-01-26,1011.7307,0.9191187179383687,929.9006238828885,0.353,1978,1,15,1978.01,1977,4,107,16,0.0803434139034815,0.0,0.0,0.11,2,Mod_Wet,46,7,6,4,76,139.0,0.1494783382546753,790.9006238828885,790.9006238828885,,3,263.6335412942961,263.6335412942961,263.6335412942961,0.0,0.0,0.0,0.0,0.0,0.0,0.0,46.0,7.0,6.0,4.0,76.0,849.9006238828885,990.0,967.6196024955316,22.38039750446842,0.4329648696724502,0.321795901959318,989.2452392283684,0.28,0.28,0.28,0.01,21.34563673283671,21.34563673283671,21.34563673283671,21.61563673283671,,0.9559458294024984,0.9559458294024984,0.9559458294024984,0.0,52.75720265362247,52.75720265362247,52.75720265362247,0.0,1.1345634979273649,1.1345634979273649,1.1345634979273649,0.0,0.98,0.98,0.98,0.96,48.2,48.2,48.2,0.0,144.60000000000002,3470.4000000000005,0.1555004871340004,5.07859842991024e-05
1978-02-15,1978-02-26,1536.5597,0.94671130256109,1454.6784350498776,0.236,1978,2,15,1978.02,1977,5,138,20,0.1256842167883094,17.681178479025217,0.0121546989719545,0.18,2,Mod_Wet,49,8,7,5,93,162.0,0.1113648185720477,1292.6784350498776,1100.0,,4,275.0,275.0,275.0,275.0,192.67843504987763,51.0,9.514984446907537,8.325611391044095,5.946865279317211,117.8909739326088,100.0,17.514984446907537,15.325611391044095,10.946865279317212,210.8909739326088,1232.8405958379517,990.0,969.3381918670842,20.66180813291578,0.8999731593152795,0.648,988.4520268406848,0.28,0.28,0.28,0.28,18.833834973600432,18.833834973600432,18.833834973600432,18.833834973600432,,0.9522922937170006,0.9522922937170006,0.9522922937170006,0.9522922937170006,48.37048298720739,48.37048298720739,48.37048298720739,48.37048298720739,1.0402254405851052,1.0402254405851052,1.0402254405851052,1.0402254405851052,0.98,0.98,0.98,0.98,47.40307332746324,47.40307332746324,47.40307332746324,47.40307332746324,189.61229330985296,4550.695039436471,0.1303465348363066,4.788189224996287e-05
1978-03-15,1978-03-26,3035.8316,1.025295114645132,3112.6233083653137,0.078,1978,3,15,1978.03,1977,6,166,24,0.2689306538427632,149.06996371682771,0.0478920668993885,0.31,2,Mod_Wet,59,11,12,13,144,239.0,0.0767841066272545,2873.6233083653137,1100.0,,4,275.0,275.0,275.0,275.0,1773.6233083653135,41.0,7.0,13.0,67.0,1645.6233083653135,100.0,18.0,25.0,80.0,1789.6233083653135,1243.0,990.0,973.785642468468,16.214357531532073,0.9262894125183112,0.648,988.4257105874816,0.28,0.28,0.28,0.28,14.36006811901379,14.36006811901379,14.36006811901379,14.36006811901379,,0.9371604087140828,0.9371604087140828,0.9371604087140828,0.9371604087140828,36.294584291235736,36.294584291235736,36.294584291235736,36.294584291235736,0.7805286944351771,0.7805286944351771,0.7805286944351771,0.7805286944351771,0.97,0.97,0.97,0.97,35.20574676249866,35.20574676249866,35.20574676249866,35.20574676249866,140.82298704999465,3379.751689199872,0.0452425408084321,3.5561360366160266e-05
1978-04-15,1978-04-26,6171.566999999999,1.028520756784015,6347.584761383252,0.005,1978,4,15,1978.04,1977,7,197,29,0.548431323383513,39.6347673272021,0.0062440705901759,0.04,1,Wet,84,14,20,27,219,364.0,0.0573446458272544,5983.584761383252,0.0,,0,275.0,275.0,275.0,275.0,5983.584761383252,1116.0,4.0,5.0,53.0,4805.584761383252,1200.0,18.0,25.0,80.0,5024.584761383252,1243.0,990.1161030741938,979.4810051041152,10.635097970078618,0.8829189056944143,0.648,988.5851841684994,0.28,0.28,0.28,0.28,8.824179064384198,8.824179064384198,8.824179064384198,8.824179064384198,1.0,0.7883236973634776,0.7883236973634776,0.7883236973634776,0.7883236973634776,18.76075394737063,18.76075394737063,18.76075394737063,18.76075394737063,0.4034570741370028,0.4034570741370028,0.4034570741370028,0.4034570741370028,0.9603457074137004,0.9603457074137004,0.9603457074137004,0.9603457074137004,18.01680952120202,18.01680952120202,18.01680952120202,18.01680952120202,72.06723808480808,1729.613714035394,0.0113534896805542,inf
1978-05-15,1978-05-26,4675.812,1.009477735901297,4720.128111260116,0.021,1978,5,15,1978.05,1977,8,227,33,0.4078190688128741,74.88550539923199,0.015865142562675,0.02,1,Wet,71,14,18,24,213,340.0,0.0720319431985144,4380.128111260116,1100.0,,4,275.0,275.0,275.0,275.0,3280.1281112601164,29.0,4.0,7.0,56.0,3184.1281112601164,100.0,18.0,25.0,80.0,3397.1281112601164,1243.0,990.0,976.997834443606,13.00216555639406,0.9262894125183112,0.648,988.4257105874816,0.28,0.28,0.28,0.28,11.14787614387578,11.14787614387578,11.14787614387578,11.14787614387578,,0.9114787614387578,0.9114787614387578,0.9114787614387578,0.9114787614387578,27.403755357338984,27.403755357338984,27.403755357338984,27.403755357338984,0.5893280722008384,0.5893280722008384,0.5893280722008384,0.5893280722008384,0.97,0.97,0.97,0.97,26.58164269661881,26.58164269661881,26.58164269661881,26.58164269661881,106.32657078647526,2551.837698875406,0.0225262044334829,2.6850144137998804e-05
1978-06-15,1978-06-26,2426.5566,1.0097146303051494,2450.1297002835204,0.128,1978,6,15,1978.06,1977,9,258,37,0.2116912061044961,46.67098656057261,0.019048373869829,0.02,1,Wet,67,13,15,17,181,293.0,0.1195855060105981,2157.1297002835204,1100.0,,4,275.0,275.0,275.0,275.0,1057.1297002835204,33.00000000000003,5.0,9.999999999999991,61.33517032361723,947.7945299599032,100.0,18.0,25.0,78.33517032361723,1128.7945299599032,1243.0,990.0,972.1865199662016,17.81348003379844,0.9262894125183112,0.648,988.4257105874816,0.28,0.28,0.28,0.28,15.95919062128016,15.95919062128016,15.95919062128016,15.95919062128016,,0.9448367624851206,0.9448367624851206,0.9448367624851206,0.9448367624851206,40.66670995434664,40.66670995434664,40.66670995434664,40.66670995434664,0.8745529022440137,0.8745529022440137,0.8745529022440137,0.8745529022440137,0.9774552902244014,0.9774552902244014,0.9774552902244014,0.9774552902244014,39.749890780897445,39.749890780897445,39.749890780897445,39.749890780897445,158.99956312358978,3815.9895149661543,0.0648943454320768,4.015140482918934e-05
1978-07-15,1978-07-26,1294.7235,0.9135144469019452,1182.7486219934508,0.279,1978,7,15,1978.07,1977,10,288,42,0.1021894809402341,12.54971124980966,0.0106106327383902,0.02,1,Wet,63,12,13,13,155,256.0,0.2164449784507274,926.7486219934508,926.7486219934508,,4,231.6871554983627,231.6871554983627,231.6871554983627,231.6871554983627,0.0,0.0,0.0,0.0,0.0,0.0,63.0,12.0,13.0,13.0,155.0,1014.7486219934508,990.0,968.4743528119794,21.52564718802057,0.5838030274458148,0.3875463330448301,989.0286506395094,0.2552776599227896,0.2552776599227896,0.2552776599227896,0.2552776599227896,20.29902016760713,20.29902016760713,20.29902016760713,20.29902016760713,,0.9547595283844,0.9547595283844,0.9547595283844,0.9547595283844,44.03618964996275,44.03618964996275,44.03618964996275,44.03618964996275,0.9470148311819946,0.9470148311819946,0.9470148311819946,0.9470148311819946,0.98,0.98,0.98,0.98,43.155465856963495,43.155465856963495,43.155465856963495,43.155465856963495,172.62186342785398,4142.924722268495,0.1459497480850244,5.17405869087844e-05
1978-08-15,1978-08-26,764.3804,0.8926299826267534,682.3088631722309,0.445,1978,8,15,1978.08,1977,11,319,46,0.0589514857780807,2.3804867415124136,0.0034888697333417,0.02,1,Wet,58,10,10,7,117,202.0,0.2960536069557262,480.3088631722309,480.3088631722309,,2,240.15443158611544,240.15443158611544,0.0,0.0,0.0,0.0,0.0,0.0,0.0,0.0,58.0,10.0,10.0,7.0,117.0,558.3088631722309,990.0,966.6292354526888,23.37076454731107,0.2438026497788749,0.125705783417293,989.6304915668038,0.2667084826412558,0.2667084826412558,0.01,0.01,22.734547631473625,22.734547631473625,22.99125611411488,22.99125611411488,,0.9564999820964916,0.9564999820964916,0.0,0.0,51.215402236835246,51.215402236835246,0.0,0.0,1.101406499716887,1.101406499716887,0.0,0.0,0.98,0.98,0.96,0.96,48.2,48.2,0.0,0.0,96.4,2313.6000000000004,0.141284988666,5.5751163118086606e-05
1978-09-15,1978-09-26,553.45,0.8781733244038457,486.0250263913084,0.5579999999999999,1978,9,15,1978.09,1977,12,350,50,0.041992562280209,3.3185979214239296,0.0068280391774559,0.0,1,Wet,48,8,7,4,79,146.0,0.3003960538494009,340.0250263913084,340.0250263913084,,2,170.0125131956542,170.0125131956542,0.0,0.0,0.0,0.0,0.0,0.0,0.0,0.0,48.0,8.0,7.0,4.0,79.0,403.0250263913084,990.0,965.7871126187608,24.21288738123917,0.1777717992330499,0.0594918124566975,989.7627363883104,0.1720168928141332,0.1720168928141332,0.01,0.01,23.80360687673529,23.80360687673529,23.965623769549428,23.965623769549428,,0.9469728681587142,0.9469728681587142,0.0,0.0,37.583731093748206,37.583731093748206,0.0,0.0,0.808252281585983,0.808252281585983,0.0,0.0,0.9708252281585984,0.9708252281585984,0.96,0.96,36.48723431413951,36.48723431413951,0.0,0.0,72.97446862827901,1751.3872470786964,0.1501454959430953,5.961527580840344e-05
1978-10-15,1978-10-26,453.6742,0.9119592484433596,413.7323824701425,0.64,1978,10,15,1978.1,1978,1,15,3,0.0357464778454203,0.0,0.0,0.0,1,Wet,44,7,6,3,60,120.0,0.2900425615310881,293.7323824701425,293.7323824701425,,2,146.86619123507126,146.86619123507126,0.0,0.0,0.0,0.0,0.0,0.0,0.0,0.0,44.0,7.0,6.0,3.0,60.0,350.7323824701425,990.0,965.4617957211155,24.538204278884336,0.1593161027184661,0.0376416845259072,989.8030422127556,0.1407693581673462,0.1407693581673462,0.01,0.01,24.200477133472702,24.200477133472702,24.331246491640048,24.331246491640048,,0.9392444175029424,0.9392444175029424,0.0,0.0,32.73882456625047,32.73882456625047,0.0,0.0,0.7040607433602252,0.7040607433602252,0.0,0.0,0.97,0.97,0.96,0.96,31.75665982926296,31.75665982926296,0.0,0.0,63.51331965852592,1524.319671804622,0.1535130493758472,6.006347902696196e-05
1978-11-15,1978-11-26,581.8096,0.8882166996280455,516.7730027239134,0.54,1978,11,15,1978.11,1978,2,46,7,0.0446491874353461,4.655182730200182,0.0090081771022531,0.0,1,Wet,42,7,6,3,56,114.0,0.2205997592736179,402.77300272391335,402.77300272391335,,2,201.38650136195668,201.38650136195668,0.0,0.0,0.0,0.0,0.0,0.0,0.0,0.0,42.0,7.0,6.0,3.0,56.0,457.77300272391335,990.0,965.9254785122577,24.07452148774246,0.1970940587368039,0.0891088572856871,989.7137970839776,0.2143717768386415,0.2143717768386415,0.01,0.01,23.573946794881326,23.573946794881326,23.778318571719968,23.778318571719968,,0.9551362758661212,0.9551362758661212,0.0,0.0,44.46995555231186,44.46995555231186,0.0,0.0,0.9563431301572444,0.9563431301572444,0.0,0.0,0.98,0.98,0.96,0.96,43.58055644126562,43.58055644126562,0.0,0.0,87.16111288253124,2091.8667091807497,0.1686642150869038,6.011182497686826e-05
1978-12-15,1978-12-26,778.1427,0.8891770066630039,691.9065967426677,0.441,1978,12,15,1978.12,1978,3,76,11,0.0597807299585664,7.217246828924432,0.0104309553672439,0.03,1,Wet,44,8,6,4,64,126.0,0.1821055046926538,565.9065967426677,565.9065967426677,,3,188.63553224755591,188.63553224755591,188.63553224755591,0.0,0.0,0.0,0.0,0.0,0.0,0.0,44.0,8.0,6.0,4.0,64.0,623.9065967426677,990.0,966.6676263869706,23.332373613029404,0.2810811957822638,0.179025606624102,989.5398931975936,0.1971579685342005,0.1971579685342005,0.1971579685342005,0.01,22.675108842088846,22.675108842088846,22.675108842088846,22.862266810623044,,0.9518407687403252,0.9518407687403252,0.9518407687403252,0.0,39.927846201161785,39.927846201161785,39.927846201161785,0.0,0.8586633591647695,0.8586633591647695,0.8586633591647695,0.0,0.975866335916477,0.975866335916477,0.975866335916477,0.96,38.964240973364376,38.964240973364376,38.964240973364376,0.0,116.89272292009312,2805.425350082235,0.1689429230338262,5.737731455691445e-05
1979-01-15,1979-01-26,987.4235,0.9179659771125324,906.4211780013768,0.357,1979,1,15,1979.01,1978,4,107,16,0.0783147897793189,0.9999852655314498,0.0011032236335611,0.14,2,Mod_Wet,46,7,6,4,76,139.0,0.1533503446008284,767.4211780013768,767.4211780013768,,3,255.80705933379227,255.80705933379227,255.80705933379227,0.0,0.0,0.0,0.0,0.0,0.0,0.0,46.0,7.0,6.0,4.0,76.0,826.4211780013768,990.0,967.5256847120056,22.4743152879945,0.4114808577165919,0.3104318501526664,989.2780872921307,0.28,0.28,0.28,0.01,21.472402580125248,21.472402580125248,21.472402580125248,21.742402580125248,,0.9563518335371488,0.9563518335371488,0.9563518335371488,0.0,51.51688088821561,51.51688088821561,51.51688088821561,0.0,1.107889911574529,1.107889911574529,1.107889911574529,0.0,0.98,0.98,0.98,0.96,48.2,48.2,48.2,0.0,144.60000000000002,3470.4000000000005,0.1595284879804302,5.2339794389404526e-05
1979-02-15,1979-02-26,1484.0171,0.9431309976592172,1399.6225280663384,0.244,1979,2,15,1979.02,1978,5,138,20,0.1209273864249316,7.50405859244097,0.0053614874310491,0.19,2,Mod_Wet,49,8,7,5,93,162.0,0.1157454933394167,1237.6225280663384,1100.0,,4,275.0,275.0,275.0,275.0,137.62252806633842,41.62656713117644,6.796174225498193,5.946652447310919,4.2476088909363705,79.0055253714165,90.62656713117644,14.796174225498191,12.94665244731092,9.24760889093637,172.0055253714165,1218.3693938039855,990.0,969.1603189368298,20.839681063170246,0.8719420470164375,0.648,988.4800579529837,0.28,0.28,0.28,0.28,19.03973901615379,19.03973901615379,19.03973901615379,19.03973901615379,,0.9525993475403844,0.9525993475403844,0.9525993475403844,0.9525993475403844,48.91506828231249,48.91506828231249,48.91506828231249,48.91506828231249,1.0519369523077955,1.0519369523077955,1.0519369523077955,1.0519369523077955,0.98,0.98,0.98,0.98,47.93676691666624,47.93676691666624,47.93676691666624,47.93676691666624,191.74706766666492,4601.929623999959,0.136999129280646,4.8420976683501247e-05
1979-03-15,1979-03-26,2659.9765,1.0168576574949744,2704.817472781681,0.109,1979,3,15,1979.03,1978,6,166,24,0.2336962296483372,59.19842307234967,0.0218862912814109,0.35,2,Mod_Wet,59,11,12,13,144,239.0,0.0883608607253665,2465.817472781681,1100.0,,4,275.0,275.0,275.0,275.0,1365.8174727816809,41.0,6.999999999999993,13.0,67.0,1237.817472781681,100.0,18.0,25.0,80.0,1381.817472781681,1243.0,990.0,972.8012835549904,17.198716445009723,0.9262894125183112,0.648,988.4257105874816,0.28,0.28,0.28,0.28,15.34442703249144,15.34442703249144,15.34442703249144,15.34442703249144,,0.9423777081299658,0.9423777081299658,0.9423777081299658,0.9423777081299658,38.998425552475226,38.998425552475226,38.998425552475226,38.998425552475226,0.8386758183328006,0.8386758183328006,0.8386758183328006,0.8386758183328006,0.97386758183328,0.97386758183328,0.97386758183328,0.97386758183328,37.97930238809425,37.97930238809425,37.97930238809425,37.97930238809425,151.917209552377,3646.013029257048,0.0561654200629452,3.83629317051457e-05
1979-04-15,1979-04-26,5113.3614,1.0380217268960774,5307.780230671744,0.013,1979,4,15,1979.04,1978,7,197,29,0.4585922119300387,29.770149954381854,0.0056087759214955,0.2,2,Mod_Wet,70,14,18,25,168,295.0,0.0555787894712184,5012.780230671744,1100.0,,4,275.0,275.0,275.0,275.0,3912.780230671744,30.0,4.0,7.0,55.0,3816.780230671744,100.0,18.0,25.0,80.0,3984.780230671744,1243.0,990.0315596872152,977.9839815552344,12.0475781319808,0.9145002360539252,0.648,988.4690594511612,0.28,0.28,0.28,0.28,10.205077895926792,10.205077895926792,10.205077895926792,10.205077895926792,,0.8808104603384318,0.8808104603384318,0.8808104603384318,0.8808104603384318,24.24209679507186,24.24209679507186,24.24209679507186,24.24209679507186,0.5213354149477819,0.5213354149477819,0.5213354149477819,0.5213354149477819,0.97,0.97,0.97,0.97,23.514833891219705,23.514833891219705,23.514833891219705,23.514833891219705,94.0593355648788,2257.424053557092,0.0177210305395358,2.3752357465878487e-05
1979-05-15,1979-05-26,3035.8316,1.025295114645132,3112.6233083653137,0.078,1979,5,15,1979.05,1978,8,227,33,0.2689306538427632,73.21470157367868,0.0235218638172216,0.14,2,Mod_Wet,65,14,17,23,202,321.0,0.1031284444658941,2791.6233083653137,1100.0,,4,275.0,275.0,275.0,275.0,1691.6233083653135,35.0,4.0,8.0,57.0,1587.6233083653135,100.0,18.0,25.0,80.0,1789.6233083653135,1243.0,990.0,973.785642468468,16.214357531532073,0.9262894125183112,0.648,988.4257105874816,0.28,0.28,0.28,0.28,14.36006811901379,14.36006811901379,14.36006811901379,14.36006811901379,,0.9371604087140828,0.9371604087140828,0.9371604087140828,0.9371604087140828,36.294584291235736,36.294584291235736,36.294584291235736,36.294584291235736,0.7805286944351771,0.7805286944351771,0.7805286944351771,0.7805286944351771,0.97,0.97,0.97,0.97,35.20574676249866,35.20574676249866,35.20574676249866,35.20574676249866,140.82298704999465,3379.751689199872,0.0452425408084321,3.5561360366160266e-05
1979-06-15,1979-06-26,1579.4263,0.9567215637917794,1511.0711996298642,0.229,1979,6,15,1979.06,1978,9,258,37,0.1305565516480202,40.08445959664709,0.0265271812515953,0.21,2,Mod_Wet,62,12,14,16,153,257.0,0.1700780215141099,1254.0711996298642,1100.0,,4,275.0,275.0,275.0,275.0,154.07119962986417,37.16892753716567,6.000000000000001,8.392983637424507,9.591981299913725,92.91730715536026,99.16892753716569,18.0,22.392983637424507,25.591981299913723,245.91730715536028,1239.5619111745905,990.0,969.5203838757272,20.479616124272752,0.9173836130618837,0.648,988.434616386938,0.28,0.28,0.28,0.28,18.6342325112108,18.6342325112108,18.6342325112108,18.6342325112108,,0.9520427906390136,0.9520427906390136,0.9520427906390136,0.9520427906390136,47.84530992727986,47.84530992727986,47.84530992727986,47.84530992727986,1.0289313962855884,1.0289313962855884,1.0289313962855884,1.0289313962855884,0.98,0.98,0.98,0.98,46.88840372873426,46.88840372873426,46.88840372873426,46.88840372873426,187.55361491493704,4501.286757958489,0.1241196410605126,4.736202396841845e-05
1979-07-15,1979-07-26,856.6266,0.8970607168566745,768.4460718744957,0.407,1979,7,15,1979.07,1978,10,288,42,0.0663937406099564,25.80876411858151,0.0335856543005358,0.21,2,Mod_Wet,58,11,11,11,136,227.0,0.2954013408465625,541.4460718744957,541.4460718744957,,2,270.72303593724786,270.72303593724786,0.0,0.0,0.0,0.0,0.0,0.0,0.0,0.0,58.0,11.0,11.0,11.0,136.0,621.4460718744957,990.0,966.973784287498,23.026215712502108,0.2796829037301132,0.1626859760121631,989.5576311202576,0.28,0.28,0.01,0.01,22.30384683275983,22.30384683275983,22.57384683275983,22.57384683275983,,0.9519568161581188,0.9519568161581188,0.0,0.0,56.371674160703,56.371674160703,0.0,0.0,1.2122940679721077,1.2122940679721077,0.0,0.0,0.98,0.98,0.96,0.96,48.2,48.2,0.0,0.0,96.4,2313.6000000000004,0.1254479702978354,4.945603850273149e-05
1979-08-15,1979-08-26,593.4044,0.8886647923374786,527.3375978981461,0.532,1979,8,15,1979.08,1978,11,319,46,0.0455619684583998,10.394934375929324,0.0197121055228401,0.11,2,Mod_Wet,54,9,8,6,107,184.0,0.3489225891220051,343.3375978981461,343.3375978981461,,2,171.66879894907305,171.66879894907305,0.0,0.0,0.0,0.0,0.0,0.0,0.0,0.0,54.0,9.0,8.0,6.0,107.0,414.3375978981461,990.0,965.9730191905415,24.026980809458337,0.1817643567110094,0.0610553462079249,989.757180297081,0.1742528785812486,0.1742528785812486,0.01,0.01,23.609908227958137,23.609908227958137,23.774161106539385,23.774161106539385,,0.9475369579356436,0.9475369579356436,0.0,0.0,37.66348696448348,37.66348696448348,0.0,0.0,0.8099674616017953,0.8099674616017953,0.0,0.0,0.9709967461601796,0.9709967461601796,0.96,0.96,36.5711232915598,36.5711232915598,0.0,0.0,73.1422465831196,1755.4139179948704,0.1387009894129468,5.917583987862731e-05
1979-09-15,1979-09-26,448.7655,0.9091709283658698,408.00454625357366,0.643,1979,9,15,1979.09,1978,12,350,50,0.0352515927963087,5.727836216568846,0.0140386578266434,0.06,1,Wet,48,8,7,4,79,146.0,0.3578391499325632,262.00454625357366,262.00454625357366,,1,262.00454625357366,0.0,0.0,0.0,0.0,0.0,0.0,0.0,0.0,0.0,48.0,8.0,7.0,4.0,79.0,325.00454625357366,990.0,965.436020458141,24.563979541859,0.1502359510645214,0.0226661458316867,989.827097903104,0.28,0.01,0.01,0.01,24.111077444962888,24.381077444962887,24.381077444962887,24.381077444962887,,0.9456025338376548,0.0,0.0,0.0,58.58315702546085,0.0,0.0,0.0,1.2598528392572226,0.0,0.0,0.0,0.98,0.96,0.96,0.96,48.2,0.0,0.0,0.0,48.2,1156.8000000000002,0.1181359385393805,5.110174262369797e-05
1979-10-15,1979-10-26,361.7746,0.9166247913690906,331.6115672476363,0.736,1979,10,15,1979.1,1979,1,15,3,0.0286512394101957,3.861250540270533,0.0116438958155735,0.08,1,Wet,44,7,6,3,60,120.0,0.3618691621525616,211.6115672476363,211.6115672476363,,1,211.6115672476363,0.0,0.0,0.0,0.0,0.0,0.0,0.0,0.0,0.0,44.0,7.0,6.0,3.0,60.0,268.6115672476363,990.0,965.0580578362382,24.94194216376184,0.1303331190781355,0.013736983216049,989.8559298977058,0.228175615784309,0.01,0.01,0.01,24.569696445683302,24.787872061467613,24.787872061467613,24.787872061467613,,0.9568122456210432,0.0,0.0,0.0,48.78705679850759,0.0,0.0,0.0,1.0491840171722062,0.0,0.0,0.0,0.98,0.96,0.96,0.96,47.81131566253743,0.0,0.0,0.0,47.81131566253743,1147.4715759008984,0.1441786728351172,6.276084615842217e-05
1979-11-15,1979-11-26,473.647,0.9007401735700734,426.6328809909446,0.62,1979,11,15,1979.11,1979,2,46,7,0.0368610809176176,4.163062020279028,0.0097579492949756,0.05,1,Wet,42,7,6,3,56,114.0,0.2672086589650826,312.6328809909446,312.6328809909446,,2,156.3164404954723,156.3164404954723,0.0,0.0,0.0,0.0,0.0,0.0,0.0,0.0,42.0,7.0,6.0,3.0,56.0,367.6328809909446,990.0,965.5198479644592,24.480152035540755,0.1652808130152971,0.0465627198277258,989.7881564671568,0.1535271946688876,0.1535271946688876,0.01,0.01,24.11478130802878,24.11478130802878,24.258308502697663,24.258308502697663,,0.9426232086063348,0.9426232086063348,0.0,0.0,34.84695325566606,34.84695325566606,0.0,0.0,0.7493968442078722,0.7493968442078722,0.0,0.0,0.97,0.97,0.96,0.96,33.801544657996075,33.801544657996075,0.0,0.0,67.60308931599215,1622.4741435838116,0.158457288052833,6.006609369298187e-05
1979-12-15,1979-12-26,771.2422,0.8877747482097623,684.6893499137433,0.444,1979,12,15,1979.12,1979,3,76,11,0.0591571598325474,11.531593085539953,0.0168420804076953,0.04,1,Wet,44,8,6,4,64,126.0,0.1840250618997847,558.6893499137433,558.6893499137433,,3,186.2297833045811,186.2297833045811,186.2297833045811,0.0,0.0,0.0,0.0,0.0,0.0,0.0,44.0,8.0,6.0,4.0,64.0,616.6893499137433,990.0,966.6387573996548,23.36124260034512,0.2769797054824354,0.1742044857423805,989.5488158087752,0.1939102074611845,0.1939102074611845,0.1939102074611845,0.01,22.71614820165914,22.71614820165914,22.71614820165914,22.900058409120323,,0.9513031823564588,0.9513031823564588,0.9513031823564588,0.0,39.46766928095198,39.46766928095198,39.46766928095198,0.0,0.8487670813107953,0.8487670813107953,0.8487670813107953,0.0,0.9748767081310796,0.9748767081310796,0.9748767081310796,0.96,38.4761115062206,38.4761115062206,38.4761115062206,0.0,115.4283345186618,2770.2800284478826,0.1685849714665539,5.739043756630432e-05
1980-01-15,1980-01-26,1219.8351,0.9229021768936402,1125.7884692412713,0.294,1980,1,15,1980.01,1979,4,107,16,0.0972681237424458,36.33241975610849,0.0322728654172438,0.07,1,Wet,49,8,7,5,81,150.0,0.1332399505753447,975.7884692412712,975.7884692412712,,4,243.94711731031785,243.94711731031785,243.94711731031785,243.94711731031785,0.0,0.0,0.0,0.0,0.0,0.0,49.0,8.0,7.0,5.0,81.0,1039.7884692412713,990.0,968.295335189044,21.704664810956046,0.610239246578312,0.4112816191127753,988.9784791343088,0.2718286083689291,0.2718286083689291,0.2718286083689291,0.2718286083689291,20.41131533689606,20.41131533689606,20.41131533689606,20.41131533689606,,0.955451745488411,0.955451745488411,0.955451745488411,0.955451745488411,46.65671312845247,46.65671312845247,46.65671312845247,46.65671312845247,1.0033701748054296,1.0033701748054296,1.0033701748054296,1.0033701748054296,0.98,0.98,0.98,0.98,45.72357886588343,45.72357886588343,45.72357886588343,45.72357886588343,182.8943154635337,4389.463571124808,0.1624588636858182,5.206453869776828e-05
1980-02-15,1980-02-26,2260.2665,1.007005963056233,2276.101843596241,0.146,1980,2,15,1980.02,1979,5,138,20,0.1966551992867152,80.88367332441929,0.0355360519354543,0.07,1,Wet,55,10,10,8,114,197.0,0.086551487383684,2079.101843596241,1100.0,,4,275.0,275.0,275.0,275.0,979.101843596241,45.0,8.0,15.0,39.760480958222985,871.3413626380179,100.0,18.0,25.0,47.760480958222985,985.341362638018,1243.0,990.0,971.766452725922,18.233547274077974,0.9262894125183112,0.648,988.4257105874816,0.28,0.28,0.28,0.28,16.379257861559694,16.379257861559694,16.379257861559694,16.379257861559694,,0.9461377735846792,0.9461377735846792,0.9461377735846792,0.9461377735846792,41.79458286321074,41.79458286321074,41.79458286321074,41.79458286321074,0.8988082336174353,0.8988082336174353,0.8988082336174353,0.8988082336174353,0.9798808233617436,0.9798808233617436,0.9798808233617436,0.9798808233617436,40.95371026806356,40.95371026806356,40.95371026806356,40.95371026806356,163.81484107225424,3931.5561857341017,0.0719716657376924,4.136738410915511e-05
1980-03-15,1980-03-26,2570.8598,1.0179079879576662,2616.898726339248,0.115,1980,3,15,1980.03,1979,6,167,24,0.226100049955711,41.34841461586939,0.0158005406169123,0.32,2,Mod_Wet,59,11,12,13,144,239.0,0.0913294800423303,2377.898726339248,1100.0,,4,275.0,275.0,275.0,275.0,1277.8987263392478,41.0,7.0,13.0,67.0,1149.8987263392478,100.0,18.0,25.0,80.0,1293.8987263392478,1243.0,990.0,972.5890658911636,17.410934108836273,0.9262894125183112,0.648,988.4257105874816,0.28,0.28,0.28,0.28,15.55664469631799,15.55664469631799,15.55664469631799,15.55664469631799,,0.943226578785272,0.943226578785272,0.943226578785272,0.943226578785272,39.57339921243677,39.57339921243677,39.57339921243677,39.57339921243677,0.8510408432782101,0.8510408432782101,0.8510408432782101,0.8510408432782101,0.975104084327821,0.975104084327821,0.975104084327821,0.975104084327821,38.58818320278247,38.58818320278247,38.58818320278247,38.58818320278247,154.35273281112987,3704.465587467117,0.058983074605662,3.89779628310934e-05
1980-04-15,1980-04-26,2987.1311,1.0208950418363147,3049.547329305057,0.083,1980,4,15,1980.04,1979,7,198,29,0.2634808892519569,18.278455332685105,0.0059938257580184,0.49,3,Normal,54,13,14,19,117,217.0,0.0711581020286872,2832.547329305057,1100.0,,4,275.0,275.0,275.0,275.0,1732.5473293050568,46.0,5.0,11.0,61.0,1609.5473293050568,100.0,18.0,25.0,80.0,1726.5473293050568,1243.0,990.0,973.6333901052192,16.366609894780936,0.9262894125183112,0.648,988.4257105874816,0.28,0.28,0.28,0.28,14.512320482262654,14.512320482262654,14.512320482262654,14.512320482262654,,0.938073922893576,0.938073922893576,0.938073922893576,0.938073922893576,36.71515087694957,36.71515087694957,36.71515087694957,36.71515087694957,0.7895731371387005,0.7895731371387005,0.7895731371387005,0.7895731371387005,0.97,0.97,0.97,0.97,35.613696350641085,35.613696350641085,35.613696350641085,35.613696350641085,142.45478540256434,3418.9148496615444,0.0467134200652093,3.597343065721322e-05
1980-05-15,1980-05-26,2301.1428,1.0040153765184947,2310.3827547648234,0.142,1980,5,15,1980.05,1979,8,228,33,0.1996170700116807,24.777410847769712,0.0107243749100316,0.5,3,Normal,55,13,13,17,178,276.0,0.1194607254710461,2034.3827547648236,1100.0,,4,275.0,275.0,275.0,275.0,934.3827547648234,45.0,5.0,12.0,57.5525609818913,814.8301937829319,100.0,18.0,25.0,74.5525609818913,992.830193782932,1243.0,990.0,971.8491997528806,18.150800247119378,0.9262894125183112,0.648,988.4257105874816,0.28,0.28,0.28,0.28,16.296510834601094,16.296510834601094,16.296510834601094,16.296510834601094,,0.9458895325038033,0.9458895325038033,0.9458895325038033,0.9458895325038033,41.57252876585338,41.57252876585338,41.57252876585338,41.57252876585338,0.8940328766850191,0.8940328766850191,0.8940328766850191,0.8940328766850191,0.979403287668502,0.979403287668502,0.979403287668502,0.979403287668502,40.71627134997017,40.71627134997017,40.71627134997017,40.71627134997017,162.86508539988068,3908.762049597136,0.0704926857093247,4.1127546818151687e-05
1980-06-15,1980-06-26,1352.7466,0.9107314904603608,1231.9889272331854,0.267,1980,6,15,1980.06,1979,9,259,37,0.1064438433129472,59.2241066241811,0.0480719471701643,0.43,3,Normal,53,12,12,13,120,210.0,0.1704560774516215,1021.9889272331854,1021.9889272331854,,4,255.4972318082964,255.4972318082964,255.4972318082964,255.4972318082964,0.0,0.0,0.0,0.0,0.0,0.0,53.0,12.0,12.0,13.0,120.0,1098.9889272331854,990.0,968.6291080570186,21.370891942981416,0.696995016723643,0.4724750862746673,988.8305298970016,0.28,0.28,0.28,0.28,19.921421839983022,19.921421839983022,19.921421839983022,19.921421839983022,,0.9549163386328604,0.9549163386328604,0.9549163386328604,0.9549163386328604,47.66620260643956,47.66620260643956,47.66620260643956,47.66620260643956,1.0250796259449368,1.0250796259449368,1.0250796259449368,1.0250796259449368,0.98,0.98,0.98,0.98,46.71287855431077,46.71287855431077,46.71287855431077,46.71287855431077,186.85151421724308,4484.436341213834,0.1516665532350816,5.0786458649992766e-05
1980-07-15,1980-07-26,724.0169999999998,0.8797110956815125,636.9257883620418,0.466,1980,7,15,1980.07,1979,10,289,42,0.0550303881144804,10.72319687620586,0.0168358654526806,0.31,2,Mod_Wet,58,11,11,11,136,227.0,0.3563994489589869,409.92578836204177,409.92578836204177,,2,204.96289418102089,204.96289418102089,0.0,0.0,0.0,0.0,0.0,0.0,0.0,0.0,58.0,11.0,11.0,11.0,136.0,489.92578836204177,990.0,966.4477031534482,23.552296846551823,0.2084417743874096,0.0924849721068837,989.6990732535056,0.2191999071443782,0.2191999071443782,0.01,0.01,23.032170192913178,23.032170192913178,23.241370100057555,23.241370100057555,,0.95538493862811,0.95538493862811,0.0,0.0,44.23104457198527,44.23104457198527,0.0,0.0,0.9512052596125864,0.9512052596125864,0.0,0.0,0.98,0.98,0.96,0.96,43.34642368054556,43.34642368054556,0.0,0.0,86.69284736109113,2080.628336666187,0.1361113789787596,5.874562462980155e-05
1980-08-15,1980-08-26,525.9775,0.8881694527338079,467.1571483252964,0.58,1980,8,15,1980.08,1979,11,320,46,0.0403623776153056,3.021801061593294,0.0064684893989658,0.21,2,Mod_Wet,54,9,8,6,107,184.0,0.3938717424310393,283.1571483252964,283.1571483252964,,2,141.5785741626482,141.5785741626482,0.0,0.0,0.0,0.0,0.0,0.0,0.0,0.0,54.0,9.0,8.0,6.0,107.0,354.1571483252964,990.0,965.7022071674638,24.29779283253617,0.1605248088483668,0.0326501740095399,989.8068250171422,0.1336310751195751,0.1336310751195751,0.01,0.01,23.97098677455876,23.97098677455876,24.094617849678333,24.094617849678333,,0.9373184663445968,0.9373184663445968,0.0,0.0,31.196747602250085,31.196747602250085,0.0,0.0,0.6708977978978513,0.6708977978978513,0.0,0.0,0.97,0.97,0.96,0.96,30.26084517418258,30.26084517418258,0.0,0.0,60.52169034836516,1452.520568360764,0.1295531719151217,5.937190973900538e-05
1980-09-15,1980-09-26,401.5105,0.9082764151386006,364.6825175805071,0.6940000000000001,1980,9,15,1980.09,1979,12,351,51,0.0315085695189558,0.0,0.0,0.12,2,Mod_Wet,46,7,6,4,75,138.0,0.3784113395826143,226.68251758050712,226.68251758050712,,1,226.68251758050712,0.0,0.0,0.0,0.0,0.0,0.0,0.0,0.0,0.0,46.0,7.0,6.0,4.0,75.0,285.6825175805071,990.0,965.2234125879024,24.776587412097456,0.1363579871080244,0.0150180139943431,989.8486239988976,0.2485213987336846,0.01,0.01,0.01,24.376690012261435,24.61521141099512,24.61521141099512,24.61521141099512,,0.9586097276913088,0.0,0.0,0.0,51.94853364983952,0.0,0.0,0.0,1.1171727666632154,0.0,0.0,0.0,0.98,0.96,0.96,0.96,48.2,0.0,0.0,0.0,48.2,1156.8000000000002,0.1321697577382754,5.906449704103793e-05
1980-10-15,1980-10-26,316.6956,0.9306200236043244,294.72326674738565,0.794,1980,10,15,1980.1,1980,1,15,3,0.0254640902469741,4.4569441258187785,0.0151224712422821,0.12,2,Mod_Wet,41,6,4,3,56,110.0,0.3732314764761468,184.72326674738565,184.72326674738565,,1,184.72326674738565,0.0,0.0,0.0,0.0,0.0,0.0,0.0,0.0,0.0,41.0,6.0,4.0,3.0,56.0,235.72326674738565,990.0,964.8788930669896,25.121106933010424,0.1187258174119946,0.0114514776735277,989.8698227049144,0.1918764101089706,0.01,0.01,0.01,24.799053227815893,24.980929637924863,24.980929637924863,24.980929637924863,,0.9500755430321112,0.0,0.0,0.0,42.68286266405581,0.0,0.0,0.0,0.9179110250334584,0.0,0.0,0.0,0.98,0.96,0.96,0.96,41.8292054107747,0.0,0.0,0.0,41.8292054107747,1003.9009298585928,0.1419270554117042,6.290070509149674e-05
1980-11-15,1980-11-26,401.5105,0.9082764151386006,364.6825175805071,0.6940000000000001,1980,11,15,1980.11,1980,2,46,7,0.0315085695189558,16.15442477869425,0.0442972284108135,0.08,1,Wet,42,7,6,3,56,114.0,0.3126006718291161,250.68251758050712,250.68251758050712,,1,250.68251758050712,0.0,0.0,0.0,0.0,0.0,0.0,0.0,0.0,0.0,42.0,7.0,6.0,3.0,56.0,305.6825175805071,990.0,965.2234125879024,24.776587412097456,0.1434166076445598,0.0173221482979993,989.8392612440574,0.28,0.01,0.01,0.01,24.335848656154862,24.605848656154865,24.605848656154865,24.605848656154865,,0.9542130676741516,0.0,0.0,0.0,57.08928486070303,0.0,0.0,0.0,1.227726556144151,0.0,0.0,0.0,0.98,0.96,0.96,0.96,48.2,0.0,0.0,0.0,48.2,1156.8000000000002,0.1321697577382754,5.340974320073607e-05
1980-12-15,1980-12-26,581.8096,0.8882166996280455,516.7730027239134,0.54,1980,12,15,1980.12,1980,3,76,11,0.0446491874353461,4.655182730200182,0.0090081771022531,0.18,2,Mod_Wet,42,7,5,3,61,118.0,0.2283401017042712,398.77300272391335,398.77300272391335,,2,199.38650136195668,199.38650136195668,0.0,0.0,0.0,0.0,0.0,0.0,0.0,0.0,42.0,7.0,5.0,3.0,61.0,452.77300272391335,990.0,965.9254785122577,24.07452148774246,0.19532940360267,0.0872208572856871,989.7174497391115,0.2116717768386415,0.2116717768386415,0.01,0.01,23.580299450015477,23.580299450015477,23.781971226854115,23.781971226854115,,0.9547939356517136,0.9547939356517136,0.0,0.0,44.02439741374418,44.02439741374418,0.0,0.0,0.946761234704176,0.946761234704176,0.0,0.0,0.98,0.98,0.96,0.96,43.1439094654693,43.1439094654693,0.0,0.0,86.2878189309386,2070.9076543425263,0.1669743165299174,6.0106472675438304e-05
1981-01-15,1981-01-26,785.0819,0.8950098277210273,702.6560160658968,0.4370000000000001,1981,1,15,1981.01,1980,4,107,16,0.0607094797880934,0.0,0.0,0.32,2,Mod_Wet,46,7,6,4,76,139.0,0.1978208352619644,563.6560160658968,563.6560160658968,,3,187.88533868863223,187.88533868863223,187.88533868863223,0.0,0.0,0.0,0.0,0.0,0.0,0.0,46.0,7.0,6.0,4.0,76.0,622.6560160658968,990.0,966.7106240642636,23.289375935736416,0.2803705030989579,0.177522218732019,989.5421072781688,0.1961452072296535,0.1961452072296535,0.1961452072296535,0.01,22.635338006675703,22.635338006675703,22.635338006675703,22.82148321390536,,0.9516494940724616,0.9516494940724616,0.9516494940724616,0.0,39.69132496088248,39.69132496088248,39.69132496088248,0.0,0.8535768808791931,0.8535768808791931,0.8535768808791931,0.0,0.9753576880879192,0.9753576880879192,0.9753576880879192,0.96,38.71323895099266,38.71323895099266,38.71323895099266,0.0,116.13971685297798,2787.353204471472,0.1652867323377277,5.723532001721584e-05
1981-02-15,1981-02-26,1086.9032,0.940956999887256,1022.729174239858,0.328,1981,2,15,1981.02,1980,5,138,20,0.0883638006543237,43.61894986850462,0.0426495605749433,0.43,3,Normal,43,7,5,4,78,137.0,0.1339553064982477,885.729174239858,885.729174239858,,4,221.4322935599645,221.4322935599645,221.4322935599645,221.4322935599645,0.0,0.0,0.0,0.0,0.0,0.0,43.0,7.0,5.0,4.0,78.0,940.729174239858,990.0,967.971434547611,22.02856545238899,0.5160742271781555,0.3676929203320913,989.1162328524898,0.2414335963059521,0.2414335963059521,0.2414335963059521,0.2414335963059521,20.90336470857285,20.90336470857285,20.90336470857285,20.90336470857285,,0.9551090893455207,0.9551090893455207,0.9551090893455207,0.9551090893455207,43.35596269152618,43.35596269152618,43.35596269152618,43.35596269152618,0.9323862944414232,0.9323862944414232,0.9323862944414232,0.9323862944414232,0.98,0.98,0.98,0.98,42.48884343769566,42.48884343769566,42.48884343769566,42.48884343769566,169.95537375078263,4078.928970018783,0.1661782786993455,5.330052053710438e-05
1981-03-15,1981-03-26,2011.9887,1.00817989886424,2028.446564081993,0.174,1981,3,15,1981.03,1980,6,166,24,0.1752577831366842,147.40286784818022,0.0726678584776473,0.58,3,Normal,49,9,9,9,107,183.0,0.0902168207141407,1845.446564081993,1100.0,,4,275.0,275.0,275.0,275.0,745.4465640819931,51.0,9.0,16.0,36.66130643026195,632.785257651731,100.0,18.0,25.0,45.66130643026195,739.785257651731,1243.0,990.0,971.168664120198,18.83133587980205,0.9262894125183112,0.648,988.4257105874816,0.28,0.28,0.28,0.28,16.97704646728377,16.97704646728377,16.97704646728377,16.97704646728377,,0.9479311394018513,0.9479311394018513,0.9479311394018513,0.9479311394018513,43.4020577693669,43.4020577693669,43.4020577693669,43.4020577693669,0.9333775864379978,0.9333775864379978,0.9333775864379978,0.9333775864379978,0.98,0.98,0.98,0.98,42.53401661397956,42.53401661397956,42.53401661397956,42.53401661397956,170.13606645591824,4083.2655949420378,0.0838750546691951,4.29636531454339e-05
1981-04-15,1981-04-26,3003.3095,1.0214817302837893,3067.825784637742,0.0819999999999999,1981,4,15,1981.04,1980,7,197,29,0.2650601477927009,0.0,0.0,0.47,3,Normal,54,13,14,19,117,217.0,0.0707341339546189,2850.825784637742,1100.0,,4,275.0,275.0,275.0,275.0,1750.825784637742,46.0,5.0,11.0,61.0,1627.825784637742,100.0,18.0,25.0,80.0,1744.825784637742,1243.0,990.0,973.6775105146428,16.32248948535721,0.9262894125183112,0.648,988.4257105874816,0.28,0.28,0.28,0.28,14.468200072838927,14.468200072838927,14.468200072838927,14.468200072838927,,0.9378092004370336,0.9378092004370336,0.9378092004370336,0.9378092004370336,36.59319990417747,36.59319990417747,36.59319990417747,36.59319990417747,0.786950535573709,0.786950535573709,0.786950535573709,0.786950535573709,0.97,0.97,0.97,0.97,35.49540390705214,35.49540390705214,35.49540390705214,35.49540390705214,141.98161562820857,3407.558775077005,0.0462808599951102,3.585394334045671e-05
1981-05-15,1981-05-26,2720.4544,1.0178994636696477,2769.1490746977324,0.103,1981,5,15,1981.05,1980,8,227,33,0.239254480053884,50.67852697176386,0.0183011190819676,0.24,2,Mod_Wet,65,14,17,23,202,321.0,0.1159200864023685,2448.1490746977324,1100.0,,4,275.0,275.0,275.0,275.0,1348.1490746977324,35.0,4.0,8.0,57.0,1244.1490746977324,100.0,18.0,25.0,80.0,1446.1490746977324,1243.0,990.0,972.956566732029,17.043433267970954,0.9262894125183112,0.648,988.4257105874816,0.28,0.28,0.28,0.28,15.189143855452672,15.189143855452672,15.189143855452672,15.189143855452672,,0.9417565754218108,0.9417565754218108,0.9417565754218108,0.9417565754218108,38.578323431083554,38.578323431083554,38.578323431083554,38.578323431083554,0.8296413641093238,0.8296413641093238,0.8296413641093238,0.8296413641093238,0.9729641364109324,0.9729641364109324,0.9729641364109324,0.9729641364109324,37.53532514130585,37.53532514130585,37.53532514130585,37.53532514130585,150.1413005652234,3603.391213565361,0.0542192913834413,3.791446983970287e-05
1981-06-15,1981-06-26,1463.3217,0.94550510416192,1383.5781363808978,0.248,1981,6,15,1981.06,1980,9,258,37,0.1195411509833096,8.540333092999617,0.0061726424178247,0.34,2,Mod_Wet,62,12,14,16,153,257.0,0.1857502610385628,1126.5781363808978,1100.0,,4,275.0,275.0,275.0,275.0,26.57813638089783,6.411846130800255,1.2410024769290815,1.4478362230839286,1.6546699692387754,15.82278158084579,68.41184613080026,13.24100247692908,15.447836223083929,17.654669969238775,168.8227815808458,1197.1006848308132,990.0,969.108483209846,20.89151679015401,0.8407736525554267,0.648,988.5112263474446,0.28,0.28,0.28,0.28,19.122743137598576,19.122743137598576,19.122743137598576,19.122743137598576,,0.9528068578439964,0.9528068578439964,0.9528068578439964,0.9528068578439964,49.13901640562603,49.13901640562603,49.13901640562603,49.13901640562603,1.056753040981205,1.056753040981205,1.056753040981205,1.056753040981205,0.98,0.98,0.98,0.98,48.15623607751351,48.15623607751351,48.15623607751351,48.15623607751351,192.62494431005405,4622.998663441297,0.1392223100705492,4.86426627045591e-05
1981-07-15,1981-07-26,717.4235,0.8782993569127185,630.1125986840717,0.468,1981,7,15,1981.07,1980,10,288,42,0.0544417285263038,17.53638655417592,0.0278305601106833,0.31,2,Mod_Wet,58,11,11,11,136,227.0,0.360253072981031,403.1125986840717,403.1125986840717,,2,201.55629934203583,201.55629934203583,0.0,0.0,0.0,0.0,0.0,0.0,0.0,0.0,58.0,11.0,11.0,11.0,136.0,483.1125986840717,990.0,966.4204503947362,23.579549605263765,0.2060371883583981,0.0892691465788818,989.7046936650628,0.2146010041117484,0.2146010041117484,0.01,0.01,23.069642266214693,23.069642266214693,23.27424327032644,23.27424327032644,,0.9549345598137272,0.9549345598137272,0.0,0.0,43.54612817915819,43.54612817915819,0.0,0.0,0.9364758748206062,0.9364758748206062,0.0,0.0,0.98,0.98,0.96,0.96,42.675205615575024,42.675205615575024,0.0,0.0,85.35041123115005,2048.4098695476014,0.135452634036196,5.881346214829962e-05
1981-08-15,1981-08-26,509.9149,0.8935905892579125,455.65515596238953,0.59,1981,8,15,1981.08,1980,11,319,46,0.0393686054751504,0.0,0.0,0.24,2,Mod_Wet,54,9,8,6,107,184.0,0.4038141511015573,271.6551559623896,271.6551559623896,,1,271.6551559623896,0.0,0.0,0.0,0.0,0.0,0.0,0.0,0.0,0.0,54.0,9.0,8.0,6.0,107.0,342.6551559623896,990.0,965.6504482018308,24.349551798169276,0.1564653988731724,0.0272212336142478,989.8163133675126,0.28,0.01,0.01,0.01,23.885865165681903,24.155865165681902,24.155865165681902,24.155865165681902,,0.9387256476942544,0.0,0.0,0.0,59.73602387725043,0.0,0.0,0.0,1.2846456747795791,0.0,0.0,0.0,0.98,0.96,0.96,0.96,48.2,0.0,0.0,0.0,48.2,1156.8000000000002,0.1057817504516036,4.928634187507404e-05
1981-09-15,1981-09-26,383.5279,0.9045977994923856,346.9384943839358,0.7120000000000001,1981,9,15,1981.09,1980,12,350,50,0.029975485914772,3.2807107169124947,0.009456173846428,0.17,2,Mod_Wet,46,7,6,4,75,138.0,0.3977650281933943,208.9384943839358,208.9384943839358,,1,208.9384943839358,0.0,0.0,0.0,0.0,0.0,0.0,0.0,0.0,0.0,46.0,7.0,6.0,4.0,75.0,267.9384943839358,990.0,965.1346924719196,24.865307528080397,0.1300955707812204,0.0135097720226345,989.856394657196,0.2245669674183133,0.01,0.01,0.01,24.4971352178582,24.71170218527651,24.71170218527651,24.71170218527651,,0.9563579680175484,0.0,0.0,0.0,48.005714761027285,0.0,0.0,0.0,1.0323809626027374,0.0,0.0,0.0,0.98,0.96,0.96,0.96,47.045600465806736,0.0,0.0,0.0,47.045600465806736,1129.0944111793615,0.1356021347511361,6.254578597469655e-05
1981-10-15,1981-10-26,286.2506,0.9441456049247084,270.26224589706084,0.836,1981,10,15,1981.1,1981,1,15,3,0.023350658045506,0.0,0.0,0.23,2,Mod_Wet,41,6,4,3,56,110.0,0.4070120842624,160.26224589706084,160.26224589706084,,1,160.26224589706084,0.0,0.0,0.0,0.0,0.0,0.0,0.0,0.0,0.0,41.0,6.0,4.0,3.0,56.0,211.26224589706084,990.0,964.7810489835882,25.21895101641178,0.1100924976920628,0.0093722909012501,989.8805352114066,0.1588540319610321,0.01,0.01,0.01,24.940632195857344,25.089486227818373,25.089486227818373,25.089486227818373,,0.9423933255607246,0.0,0.0,0.0,36.94107959679543,0.0,0.0,0.0,0.7944318192859233,0.0,0.0,0.0,0.97,0.96,0.96,0.96,35.83284720889157,0.0,0.0,0.0,35.83284720889157,859.9883330133978,0.1325854711595189,6.210800686975206e-05
1981-11-15,1981-11-26,301.2308,0.93390939438871,281.3222739992266,0.8160000000000001,1981,11,15,1981.11,1981,2,46,7,0.0243062444735331,7.557836542355176,0.0268654039899306,0.31,2,Mod_Wet,40,6,4,3,53,106.0,0.3767920630425851,175.32227399922658,175.32227399922658,,1,175.32227399922658,0.0,0.0,0.0,0.0,0.0,0.0,0.0,0.0,0.0,40.0,6.0,4.0,3.0,53.0,225.32227399922655,990.0,964.8252890959968,25.174710904003064,0.1150548772498519,0.0106523932899342,989.8742927294604,0.1791850698989559,0.01,0.01,0.01,24.86981856356441,25.03900363346337,25.03900363346337,25.03900363346337,,0.9470975262260368,0.0,0.0,0.0,40.49888939181436,0.0,0.0,0.0,0.8709438578884808,0.0,0.0,0.0,0.977094385788848,0.96,0.96,0.96,39.57123745542535,0.0,0.0,0.0,39.57123745542535,949.7096989302084,0.1406615867733748,6.269602916702592e-05
1981-12-15,1981-12-26,424.724,0.9100759486875,386.53109723034976,0.6709999999999999,1981,12,15,1981.12,1981,3,76,11,0.0333962868007022,0.0,0.0,0.59,3,Normal,38,5,4,3,54,104.0,0.2690598524806973,282.53109723034976,282.53109723034976,,2,141.26554861517488,141.26554861517488,0.0,0.0,0.0,0.0,0.0,0.0,0.0,0.0,38.0,5.0,4.0,3.0,54.0,329.53109723034976,990.0,965.3326554861516,24.66734451384832,0.1518335113487388,0.032354677892725,989.8158118107584,0.1332084906304861,0.1332084906304861,0.01,0.01,24.34994783397637,24.34994783397637,24.47315632460685,24.47315632460685,,0.9366119294652474,0.9366119294652474,0.0,0.0,31.596041826967344,31.596041826967344,0.0,0.0,0.679484770472416,0.679484770472416,0.0,0.0,0.97,0.97,0.96,0.96,30.64816057215832,30.64816057215832,0.0,0.0,61.29632114431664,1471.1117074635995,0.1585805685067239,6.026506830693842e-05
1982-01-15,1982-01-26,542.3552,0.8801399653154843,477.3484869166725,0.5650000000000001,1982,1,15,1982.01,1981,4,107,16,0.0412429092696005,10.191338591376107,0.0213498918938757,0.86,4,Mod_Dry,34,5,4,3,45,91.0,0.1906364060935742,386.3484869166725,386.3484869166725,,2,193.17424345833624,193.17424345833624,0.0,0.0,0.0,0.0,0.0,0.0,0.0,0.0,34.0,5.0,4.0,3.0,45.0,429.3484869166725,990.0,965.748068191125,24.25193180887504,0.1870621651859006,0.0813564858246694,989.7315813489894,0.2032852286687539,0.2032852286687539,0.01,0.01,23.780227929195668,23.780227929195668,23.97351315786442,23.97351315786442,,0.9532473519312078,0.9532473519312078,0.0,0.0,42.94469671354136,42.94469671354136,0.0,0.0,0.9235418648073408,0.9235418648073408,0.0,0.0,0.98,0.98,0.96,0.96,42.08580277927053,42.08580277927053,0.0,0.0,84.17160555854106,2020.1185334049856,0.1763315646022657,6.051790633538054e-05
1982-02-15,1982-02-26,710.868,0.8775314292741972,623.8090120652902,0.47,1982,2,15,1982.02,1981,5,138,20,0.053897098642441,0.0,0.0,0.91,5,Dry,31,6,4,3,41,85.0,0.1362596537657965,538.8090120652902,538.8090120652902,,2,269.4045060326451,269.4045060326451,0.0,0.0,0.0,0.0,0.0,0.0,0.0,0.0,31.0,6.0,4.0,3.0,41.0,579.8090120652902,990.0,966.3952360482612,23.60476395173885,0.256020972668476,0.1609244200596138,989.583054607272,0.28,0.28,0.01,0.01,22.907818559010792,22.907818559010792,23.17781855901079,23.17781855901079,,0.9479211950284026,0.9479211950284026,0.0,0.0,57.371938408893726,57.371938408893726,0.0,0.0,1.2338051270729833,1.2338051270729833,0.0,0.0,0.98,0.98,0.96,0.96,48.2,48.2,0.0,0.0,96.4,2313.6000000000004,0.154534477917915,4.969808815026463e-05
1982-03-15,1982-03-26,878.8611,0.9037319275970654,794.2548359930772,0.399,1982,3,15,1982.03,1981,6,166,24,0.0686236178298018,10.512156769683545,0.0132352442733822,0.97,5,Dry,36,8,6,4,53,107.0,0.1347174674312371,687.2548359930772,687.2548359930772,,3,229.08494533102572,229.08494533102572,229.08494533102572,0.0,0.0,0.0,0.0,0.0,0.0,0.0,36.0,8.0,6.0,4.0,53.0,737.2548359930772,990.0,967.0770193439724,22.92298065602768,0.3454958839324627,0.2600862304433756,989.3944178856242,0.2517646761968847,0.2517646761968847,0.2517646761968847,0.01,22.065633865454984,22.065633865454984,22.065633865454984,22.307398541651867,,0.9570728188376976,0.9570728188376976,0.9570728188376976,0.0,47.44567605138552,47.44567605138552,47.44567605138552,0.0,1.020337119384635,1.020337119384635,1.020337119384635,0.0,0.98,0.98,0.98,0.96,46.496762530357806,46.496762530357806,46.496762530357806,0.0,139.4902875910734,3347.766902185762,0.1756240960329377,5.637981732444558e-05
1982-04-15,1982-04-26,1473.6465,0.944675992155444,1392.1184694738974,0.245,1982,4,15,1982.04,1981,7,197,29,0.1202790357625447,26.17288452434855,0.0188007594886947,0.93,5,Dry,40,10,8,5,62,125.0,0.0897912086801343,1267.1184694738974,1100.0,,4,275.0,275.0,275.0,275.0,167.11846947389745,53.47791023164719,8.0,10.695582046329436,6.684738778955898,88.26023841696492,93.4779102316472,18.0,18.695582046329434,11.684738778955898,150.2602384169649,1230.1734922779765,990.0,969.1360750552234,20.863924944776613,0.8930644694469101,0.648,988.458935530553,0.28,0.28,0.28,0.28,19.04286047532966,19.04286047532966,19.04286047532966,19.04286047532966,,0.952607151188324,0.952607151188324,0.952607151188324,0.952607151188324,48.923488410916114,48.923488410916114,48.923488410916114,48.923488410916114,1.052118030342282,1.052118030342282,1.052118030342282,1.052118030342282,0.98,0.98,0.98,0.98,47.94501864269779,47.94501864269779,47.94501864269779,47.94501864269779,191.7800745707912,4602.721789698988,0.1377613175718211,4.84293117603008e-05
1982-05-15,1982-05-26,1229.0427,0.91756512366433,1127.726717014242,0.293,1982,5,15,1982.05,1981,8,227,33,0.0974355883500305,0.0,0.0,0.91,5,Dry,42,9,8,6,82,147.0,0.1303507292876732,980.726717014242,980.726717014242,,4,245.1816792535605,245.1816792535605,245.1816792535605,245.1816792535605,0.0,0.0,0.0,0.0,0.0,0.0,42.0,9.0,8.0,6.0,82.0,1039.726717014242,990.0,968.301426824902,21.69857317509809,0.610148751298447,0.4136717310348931,988.9761795176668,0.2734952669923067,0.2734952669923067,0.2734952669923067,0.2734952669923067,20.401257425772435,20.401257425772435,20.401257425772435,20.401257425772435,,0.955487821872944,0.955487821872944,0.955487821872944,0.955487821872944,46.87149509024612,46.87149509024612,46.87149509024612,46.87149509024612,1.007989141725723,1.007989141725723,1.007989141725723,1.007989141725723,0.98,0.98,0.98,0.98,45.9340651884412,45.9340651884412,45.9340651884412,45.9340651884412,183.7362607537648,4409.670258090355,0.1629262284751247,5.204084820362647e-05
1982-06-15,1982-06-26,813.2284,0.8958086931444238,728.4970702319307,0.424,1982,6,15,1982.06,1981,9,258,37,0.0629421468680388,23.168517924046,0.0318031724090117,0.86,4,Mod_Dry,45,10,9,9,88,161.0,0.2210029478206997,567.4970702319307,567.4970702319307,,3,189.16569007731024,189.16569007731024,189.16569007731024,0.0,0.0,0.0,0.0,0.0,0.0,0.0,45.0,10.0,9.0,9.0,88.0,631.4970702319307,990.0,966.8139882809276,23.18601171907233,0.2853947871177504,0.1800880429149297,989.5345171699672,0.1978736816043688,0.1978736816043688,0.1978736816043688,0.01,22.52265520743529,22.52265520743529,22.52265520743529,22.71052888903965,,0.9518893943599952,0.9518893943599952,0.9518893943599952,0.0,39.77288962832823,39.77288962832823,39.77288962832823,0.0,0.8553309597489942,0.8553309597489942,0.8553309597489942,0.0,0.9755330959748992,0.9755330959748992,0.9755330959748992,0.96,38.799770154991,38.799770154991,38.799770154991,0.0,116.399310464973,2793.583451159352,0.1597800666897879,5.69749933380477e-05
1982-07-15,1982-07-26,499.3804,0.8921883077628417,445.541354005931,0.598,1982,7,15,1982.07,1981,10,288,42,0.0384947729861124,10.113801956458529,0.0227000296729445,0.77,4,Mod_Dry,42,9,8,6,70,135.0,0.3030021765346677,310.541354005931,310.541354005931,,2,155.2706770029655,155.2706770029655,0.0,0.0,0.0,0.0,0.0,0.0,0.0,0.0,42.0,9.0,8.0,6.0,70.0,369.541354005931,990.0,965.6049360930268,24.39506390697329,0.1659543723561474,0.0455755190907994,989.788470108553,0.1521154139540034,0.1521154139540034,0.01,0.01,24.03141860157233,24.03141860157233,24.17353401552633,24.17353401552633,,0.9424559289366504,0.9424559289366504,0.0,0.0,34.488047296880865,34.488047296880865,0.0,0.0,0.7416784364920616,0.7416784364920616,0.0,0.0,0.97,0.97,0.96,0.96,33.45340587797444,33.45340587797444,0.0,0.0,66.90681175594888,1605.7634821427732,0.1501697006447985,5.98478278271712e-05
1982-08-15,1982-08-26,387.9749,0.9026852126280548,350.2192051008483,0.7090000000000001,1982,8,15,1982.08,1981,11,319,46,0.0302589393207132,0.0,0.0,0.6,3,Normal,47,8,6,5,89,155.0,0.4425799549038625,195.21920510084828,195.21920510084828,,1,195.21920510084828,0.0,0.0,0.0,0.0,0.0,0.0,0.0,0.0,0.0,47.0,8.0,6.0,5.0,89.0,256.2192051008483,990.0,965.1510960255042,24.848903974495784,0.1259594699808603,0.0123436324335721,989.8616968975856,0.2060459268861452,0.01,0.01,0.01,24.504554945195128,24.70060087208127,24.70060087208127,24.70060087208127,,0.9534866915814963,0.0,0.0,0.0,44.732450957597074,0.0,0.0,0.0,0.9619881926364962,0.0,0.0,0.0,0.98,0.96,0.96,0.96,43.83780193844513,0.0,0.0,0.0,43.83780193844513,1052.1072465226832,0.1251724671290419,6.237689165281177e-05
1982-09-15,1982-09-26,297.4406,0.927655743202664,275.9224808516464,0.8220000000000001,1982,9,15,1982.09,1981,12,350,50,0.0238397023455822,0.0,0.0,0.48,3,Normal,40,6,4,3,65,118.0,0.4276563462164736,157.9224808516464,157.9224808516464,,1,157.9224808516464,0.0,0.0,0.0,0.0,0.0,0.0,0.0,0.0,0.0,40.0,6.0,4.0,3.0,65.0,207.9224808516464,990.0,964.8036899234066,25.196310076593363,0.1089137531213724,0.0091734108723899,989.8819128360064,0.1556953491497226,0.01,0.01,0.01,24.92252756344997,25.068222912599698,25.068222912599698,25.068222912599698,,0.9417114229209368,0.0,0.0,0.0,36.34900948189623,0.0,0.0,0.0,0.7816991286429296,0.0,0.0,0.0,0.97,0.96,0.96,0.96,35.25853919743934,0.0,0.0,0.0,35.25853919743934,846.2049407385441,0.1277842207297222,6.201801423798533e-05
1982-10-15,1982-10-26,271.7487,0.9523418217225876,258.7976520087449,0.862,1982,10,15,1982.1,1982,1,15,3,0.0223601171335555,2.5852725433921364,0.0099895517726906,0.23,2,Mod_Wet,41,6,4,3,56,110.0,0.4250424961208035,148.79765200874488,148.79765200874488,,1,148.79765200874488,0.0,0.0,0.0,0.0,0.0,0.0,0.0,0.0,0.0,41.0,6.0,4.0,3.0,56.0,199.79765200874488,990.0,964.735190608035,25.264809391964945,0.1060461588539989,0.0083978004207433,989.8855560407252,0.1433768302118056,0.01,0.01,0.01,25.00698860247833,25.140365432690132,25.140365432690132,25.140365432690132,,0.9386515535638084,0.0,0.0,0.0,34.25315479067667,0.0,0.0,0.0,0.7366269847457347,0.0,0.0,0.0,0.97,0.96,0.96,0.96,33.22556014695637,0.0,0.0,0.0,33.22556014695637,797.4134435269528,0.1283843183624929,6.202599394848667e-05
1982-11-15,1982-11-26,340.8154,0.928721014594374,316.52242407738737,0.763,1982,11,15,1982.11,1982,2,46,7,0.0273475374402862,4.706853997526082,0.0148705230324385,0.22,2,Mod_Wet,40,6,4,3,53,106.0,0.3348893851959246,210.52242407738737,210.52242407738737,,1,210.52242407738737,0.0,0.0,0.0,0.0,0.0,0.0,0.0,0.0,0.0,40.0,6.0,4.0,3.0,53.0,260.52242407738737,990.0,964.9826121203868,25.017387879613125,0.1274782094729107,0.0136444060465779,989.8588773844806,0.2267052725044729,0.01,0.01,0.01,24.649559991589246,24.86626526409372,24.86626526409372,24.86626526409372,,0.9566385028985588,0.0,0.0,0.0,48.68487836401609,0.0,0.0,0.0,1.0469866314842171,0.0,0.0,0.0,0.98,0.96,0.96,0.96,47.71118079673577,0.0,0.0,0.0,47.71118079673577,1145.0683391216585,0.150735547207457,6.29534161738478e-05
1982-12-15,1982-12-26,581.8096,0.8882166996280455,516.7730027239134,0.54,1982,12,15,1982.12,1982,3,76,11,0.0446491874353461,0.0,0.0,0.15,2,Mod_Wet,42,7,5,3,61,118.0,0.2283401017042712,398.77300272391335,398.77300272391335,,2,199.38650136195668,199.38650136195668,0.0,0.0,0.0,0.0,0.0,0.0,0.0,0.0,42.0,7.0,5.0,3.0,61.0,452.77300272391335,990.0,965.9254785122577,24.07452148774246,0.19532940360267,0.0872208572856871,989.7174497391115,0.2116717768386415,0.2116717768386415,0.01,0.01,23.580299450015477,23.580299450015477,23.781971226854115,23.781971226854115,,0.9547939356517136,0.9547939356517136,0.0,0.0,44.02439741374418,44.02439741374418,0.0,0.0,0.946761234704176,0.946761234704176,0.0,0.0,0.98,0.98,0.96,0.96,43.1439094654693,43.1439094654693,0.0,0.0,86.2878189309386,2070.9076543425263,0.1669743165299174,6.0106472675438304e-05
1983-01-15,1983-01-26,806.1332,0.8935666243082664,720.3337222668207,0.431,1983,1,15,1983.01,1982,4,107,16,0.0622368336038533,28.427125524152984,0.0394638271754036,0.32,2,Mod_Wet,46,7,6,4,76,139.0,0.1929661151536546,581.3337222668207,581.3337222668207,,3,193.7779074222736,193.7779074222736,193.7779074222736,0.0,0.0,0.0,0.0,0.0,0.0,0.0,46.0,7.0,6.0,4.0,76.0,640.3337222668207,990.0,966.7813348890672,23.21866511093276,0.2904165694487645,0.1893309264742362,989.520252504077,0.2041001750200693,0.2041001750200693,0.2041001750200693,0.01,22.5348174399897,22.5348174399897,22.5348174399897,22.728917615009767,,0.9529463800276344,0.9529463800276344,0.9529463800276344,0.0,40.80989430065728,40.80989430065728,40.80989430065728,0.0,0.877632135498006,0.877632135498006,0.877632135498006,0.0,0.9777632135498006,0.9777632135498006,0.9777632135498006,0.96,39.90241339603835,39.90241339603835,39.90241339603835,0.0,119.70724018811504,2872.9737645147607,0.1661830294594676,5.719952221884571e-05
1983-02-15,1983-02-26,932.1467,0.9087491724907756,847.0875422650073,0.377,1983,2,15,1983.02,1982,5,138,20,0.0731883636516966,0.0,0.0,0.5700000000000001,3,Normal,43,7,5,4,78,137.0,0.1617306277857409,710.0875422650073,710.0875422650073,,3,236.6958474216691,236.6958474216691,236.6958474216691,0.0,0.0,0.0,0.0,0.0,0.0,0.0,43.0,7.0,5.0,4.0,78.0,765.0875422650073,990.0,967.28835016906,22.71164983094002,0.3613129368195545,0.2753384782330249,989.3633485849474,0.2620393940192533,0.2620393940192533,0.2620393940192533,0.01,21.812959021868167,21.812959021868167,21.812959021868167,22.06499841588742,,0.9568465396536684,0.9568465396536684,0.9568465396536684,0.0,48.44915560516272,48.44915560516272,48.44915560516272,0.0,1.0419173248422091,1.0419173248422091,1.0419173248422091,0.0,0.98,0.98,0.98,0.96,47.48017249305947,47.48017249305947,47.48017249305947,0.0,142.44051747917842,3418.572419500282,0.1681532431681265,5.572103164164007e-05
1983-03-15,1983-03-26,1138.9177,0.936281984298218,1066.3481241083623,0.314,1983,3,15,1983.03,1982,6,166,24,0.0921324779229625,15.79909076655781,0.0148160721713355,0.8,4,Mod_Dry,41,8,7,6,67,129.0,0.1209736267955313,937.3481241083624,937.3481241083624,,4,234.33703102709055,234.33703102709055,234.33703102709055,234.33703102709055,0.0,0.0,0.0,0.0,0.0,0.0,41.0,8.0,7.0,6.0,67.0,993.3481241083624,990.0,968.1085226757692,21.89147732423089,0.5642212811497238,0.3926764920684473,989.043102226782,0.2588549918865723,0.2588549918865723,0.2588549918865723,0.2588549918865723,20.67572455912623,20.67572455912623,20.67572455912623,20.67572455912623,,0.9554810859437908,0.9554810859437908,0.9554810859437908,0.9554810859437908,45.40069018683438,45.40069018683438,45.40069018683438,45.40069018683438,0.9763589287491264,0.9763589287491264,0.9763589287491264,0.9763589287491264,0.98,0.98,0.98,0.98,44.492676383097695,44.492676383097695,44.492676383097695,44.492676383097695,177.97070553239078,4271.296932777379,0.1668973776094019,5.274060492664482e-05
1983-04-15,1983-04-26,1156.5974,0.9338086699838878,1080.0406798008228,0.311,1983,4,15,1983.04,1982,7,197,29,0.093315514734791,6.7446870803362335,0.0062448454085822,0.95,5,Dry,40,10,8,5,62,125.0,0.1157363813583874,955.0406798008228,955.0406798008228,,4,238.7601699502057,238.7601699502057,238.7601699502057,238.7601699502057,0.0,0.0,0.0,0.0,0.0,0.0,40.0,10.0,8.0,5.0,62.0,1013.0406798008228,990.0,968.1515564222312,21.84844357776888,0.5822402371367289,0.4012396890235982,989.0165200738396,0.2648262294327777,0.2648262294327777,0.2648262294327777,0.2648262294327777,20.600137422175827,20.600137422175827,20.600137422175827,20.600137422175827,,0.9555327146631186,0.9555327146631186,0.9555327146631186,0.9555327146631186,46.091013396033226,46.091013396033226,46.091013396033226,46.091013396033226,0.9912045891620048,0.9912045891620048,0.9912045891620048,0.9912045891620048,0.98,0.98,0.98,0.98,45.16919312811256,45.16919312811256,45.16919312811256,45.16919312811256,180.67677251245024,4336.242540298806,0.1672870067688283,5.2550633105007e-05
1983-05-15,1983-05-26,1078.3827,0.9251619817921662,997.6786758623872,0.331,1983,5,15,1983.05,1982,8,227,33,0.0861994375945102,25.05049837747072,0.0251087840038449,0.94,5,Dry,42,9,8,6,82,147.0,0.1473420286074914,850.6786758623872,850.6786758623872,,4,212.6696689655968,212.6696689655968,212.6696689655968,212.6696689655968,0.0,0.0,0.0,0.0,0.0,0.0,42.0,9.0,8.0,6.0,82.0,909.6786758623872,990.0,967.8907147034496,22.109285296550524,0.4876625993338108,0.3507284791173954,989.1616089215488,0.2296040531035557,0.2296040531035557,0.2296040531035557,0.2296040531035557,21.04129016499577,21.04129016499577,21.04129016499577,21.04129016499577,,0.9543216954313968,0.9543216954313968,0.9543216954313968,0.9543216954313968,41.88045748907934,41.88045748907934,41.88045748907934,41.88045748907934,0.9006549997651471,0.9006549997651471,0.9006549997651471,0.9006549997651471,0.98,0.98,0.98,0.98,41.04284833929776,41.04284833929776,41.04284833929776,41.04284833929776,164.17139335719102,3940.113440572584,0.1645533750786868,5.360797927044675e-05
1983-06-15,1983-06-26,605.1438,0.8886028945088347,537.7325322740754,0.526,1983,6,15,1983.06,1982,9,258,37,0.0464600907884801,10.445623650673838,0.0194253146754934,0.93,5,Dry,39,9,7,5,59,119.0,0.2212996106014787,418.7325322740754,418.7325322740754,,2,209.3662661370377,209.3662661370377,0.0,0.0,0.0,0.0,0.0,0.0,0.0,0.0,39.0,9.0,7.0,5.0,59.0,473.7325322740754,990.0,966.0197963952334,23.980203604766643,0.2027266718886148,0.0966417552333636,989.700631572878,0.2251444592850009,0.2251444592850009,0.01,0.01,23.455690718359666,23.455690718359666,23.670835177644665,23.670835177644665,,0.9561681617997392,0.9561681617997392,0.0,0.0,46.04981739805818,46.04981739805818,0.0,0.0,0.9903186537216812,0.9903186537216812,0.0,0.0,0.98,0.98,0.96,0.96,45.12882105009702,45.12882105009702,0.0,0.0,90.25764210019403,2166.183410404657,0.1678485802569796,5.9874897022913085e-05
1983-07-15,1983-07-26,434.2405,0.9023039355474278,391.8169121240828,0.66,1983,7,15,1983.07,1982,10,288,42,0.0338529812075207,6.3298412026476845,0.0161550995038292,0.89,4,Mod_Dry,42,9,8,6,70,135.0,0.3445486803215054,256.8169121240828,256.8169121240828,,1,256.8169121240828,0.0,0.0,0.0,0.0,0.0,0.0,0.0,0.0,0.0,42.0,9.0,8.0,6.0,70.0,315.8169121240828,990.0,965.3590845606204,24.64091543937957,0.1469933499170916,0.020217582522567,989.8327890675604,0.28,0.01,0.01,0.01,24.19370450693984,24.46370450693984,24.46370450693984,24.46370450693984,,0.949638375799636,0.0,0.0,0.0,57.86593141315242,0.0,0.0,0.0,1.2444286325409124,0.0,0.0,0.0,0.98,0.96,0.96,0.96,48.2,0.0,0.0,0.0,48.2,1156.8000000000002,0.1230166399370115,5.213398439437648e-05
1983-08-15,1983-08-26,340.8154,0.928721014594374,316.52242407738737,0.763,1983,8,15,1983.08,1982,11,319,46,0.0273475374402862,7.104129761448463,0.0224443174355051,0.8,4,Mod_Dry,39,7,5,4,60,115.0,0.3633233895993522,201.52242407738737,201.52242407738737,,1,201.52242407738737,0.0,0.0,0.0,0.0,0.0,0.0,0.0,0.0,0.0,39.0,7.0,5.0,4.0,60.0,252.52242407738737,990.0,964.9826121203868,25.017387879613125,0.1246547612582966,0.0128794060465779,989.8624658326952,0.2145552725044729,0.01,0.01,0.01,24.665298439803845,24.86985371230832,24.86985371230832,24.86985371230832,,0.955066893866596,0.0,0.0,0.0,46.55670582994048,0.0,0.0,0.0,1.0012194802137735,0.0,0.0,0.0,0.98,0.96,0.96,0.96,45.625571713341664,0.0,0.0,0.0,45.625571713341664,1095.0137211202,0.1441464118895619,6.289012241886185e-05
1983-09-15,1983-09-26,261.1822,0.9426194585361816,246.1954239432886,0.879,1983,9,15,1983.09,1982,12,350,50,0.0212712846287001,10.487365044981717,0.0425977253232679,0.65,3,Normal,40,6,4,3,65,118.0,0.4792940425536968,128.1954239432886,128.1954239432886,,1,128.1954239432886,0.0,0.0,0.0,0.0,0.0,0.0,0.0,0.0,0.0,40.0,6.0,4.0,3.0,65.0,178.1954239432886,990.0,964.6771725436598,25.32282745634018,0.0984220343856884,0.0066466110351795,989.8949313545792,0.1155638223234396,0.01,0.01,0.01,25.102194988595908,25.207758810919348,25.207758810919348,25.207758810919348,,0.9300602214245082,0.0,0.0,0.0,29.351749424812763,0.0,0.0,0.0,0.6312204177379088,0.0,0.0,0.0,0.97,0.96,0.96,0.96,28.471196942068374,0.0,0.0,0.0,28.471196942068374,683.3087266096411,0.1156447040568339,6.16922630619005e-05
1983-10-15,1983-10-26,227.8423,0.9755995102100816,222.2828362851385,0.922,1983,10,15,1983.1,1983,1,15,3,0.0192052370550359,0.0,0.0,0.62,3,Normal,37,5,3,2,50,97.0,0.4363809712935774,125.2828362851385,125.2828362851385,,1,125.2828362851385,0.0,0.0,0.0,0.0,0.0,0.0,0.0,0.0,0.0,37.0,5.0,3.0,2.0,50.0,170.2828362851385,990.0,964.5336970177108,25.466302982289108,0.0956294264662941,0.0063990410842367,989.8979715324494,0.1116318289849369,0.01,0.01,0.01,25.252642685753617,25.354274514738552,25.354274514738552,25.354274514738552,,0.9286907015359086,0.0,0.0,0.0,28.814308872572017,0.0,0.0,0.0,0.6196625563993983,0.0,0.0,0.0,0.97,0.96,0.96,0.96,27.949879606394852,0.0,0.0,0.0,27.949879606394852,670.7971105534765,0.1257401609296612,6.197062324284056e-05
1983-11-15,1983-11-26,275.3297,0.9493451834369376,261.382924552137,0.855,1983,11,15,1983.11,1983,2,46,7,0.0225834846813046,0.0,0.0,0.39,2,Mod_Wet,40,6,4,3,53,106.0,0.4055352895818434,155.382924552137,155.382924552137,,1,155.382924552137,0.0,0.0,0.0,0.0,0.0,0.0,0.0,0.0,0.0,40.0,6.0,4.0,3.0,53.0,205.382924552137,990.0,964.7455316982084,25.254468301791466,0.1080174361172408,0.0089575485869316,989.8830250152956,0.152266948145385,0.01,0.01,0.01,24.98522636894182,25.127493317087204,25.127493317087204,25.127493317087204,,0.940828593054138,0.0,0.0,0.0,35.820841749771056,0.0,0.0,0.0,0.7703406827907754,0.0,0.0,0.0,0.97,0.96,0.96,0.96,34.74621649727792,0.0,0.0,0.0,34.74621649727792,833.9091959346702,0.1329322355575191,6.211574941467197e-05
1983-12-15,1983-12-26,458.6166,0.911126574868046,417.8577719356288,0.633,1983,12,15,1983.12,1983,3,76,11,0.0361029114952383,28.72383556428701,0.0687406995716043,0.68,3,Normal,38,5,4,3,54,104.0,0.2488885141904725,313.8577719356288,313.8577719356288,,2,156.9288859678144,156.9288859678144,0.0,0.0,0.0,0.0,0.0,0.0,0.0,0.0,38.0,5.0,4.0,3.0,54.0,360.8577719356288,990.0,965.4803599737104,24.51964002628972,0.1628896668195412,0.0471408683536168,989.7899694648268,0.1543539960565494,0.1543539960565494,0.01,0.01,24.15525549506004,24.15525549506004,24.299609491116588,24.299609491116588,,0.9427361986200742,0.9427361986200742,0.0,0.0,35.046399710261305,35.046399710261305,0.0,0.0,0.7536860152744367,0.7536860152744367,0.0,0.0,0.97,0.97,0.96,0.96,33.99500771895347,33.99500771895347,0.0,0.0,67.99001543790693,1631.7603705097663,0.1627109030973841,6.017412053537445e-05
1984-01-15,1984-01-26,587.589,0.8901106602929673,523.0192327708844,0.536,1984,1,15,1984.01,1983,4,107,16,0.0451888617114044,0.0,0.0,0.7000000000000001,4,Mod_Dry,34,5,4,3,45,91.0,0.173989777618491,432.0192327708844,432.0192327708844,,2,216.0096163854422,216.0096163854422,0.0,0.0,0.0,0.0,0.0,0.0,0.0,0.0,34.0,5.0,4.0,3.0,45.0,475.0192327708844,990.0,965.953586547469,24.046413452531056,0.2031807884161721,0.1029130778678574,989.693906133716,0.2341129821203469,0.2341129821203469,0.01,0.01,23.50620660412675,23.50620660412675,23.73031958624709,23.73031958624709,,0.957091620654017,0.957091620654017,0.0,0.0,47.6593207189369,47.6593207189369,0.0,0.0,1.0249316283642345,1.0249316283642345,0.0,0.0,0.98,0.98,0.96,0.96,46.70613430455816,46.70613430455816,0.0,0.0,93.41226860911632,2241.894446618792,0.1786019762872407,6.006179915879415e-05
1984-02-15,1984-02-26,820.3628,0.8945448145815545,733.8512888156049,0.422,1984,2,15,1984.02,1983,5,138,20,0.0634047513536682,5.3542185836741965,0.007296053935281,0.8200000000000001,4,Mod_Dry,36,6,5,4,54,105.0,0.1430807598218763,628.8512888156049,628.8512888156049,,3,209.6170962718683,209.6170962718683,209.6170962718683,0.0,0.0,0.0,0.0,0.0,0.0,0.0,36.0,6.0,5.0,4.0,54.0,675.8512888156049,990.0,966.8354051552624,23.16459484473762,0.3106008527532412,0.221072660928824,989.468326486318,0.2254830799670222,0.2254830799670222,0.2254830799670222,0.01,22.40743825108849,22.40743825108849,22.40743825108849,22.62292133105551,,0.9555080517887904,0.9555080517887904,0.9555080517887904,0.0,44.01411354418666,44.01411354418666,44.01411354418666,0.0,0.946540076219068,0.946540076219068,0.946540076219068,0.0,0.98,0.98,0.98,0.96,43.13383127330293,43.13383127330293,43.13383127330293,0.0,129.4014938199088,3105.6358516778114,0.1763320386460799,5.715955430753528e-05
1984-03-15,1984-03-26,1323.5347,0.9063317221724048,1199.561484005937,0.273,1984,3,15,1984.03,1983,6,167,24,0.1036421122181129,27.341404320393853,0.0227928327851001,0.78,4,Mod_Dry,41,8,7,6,67,129.0,0.1075392980851672,1070.561484005937,1070.561484005937,,4,267.64037100148425,267.64037100148425,267.64037100148425,267.64037100148425,0.0,0.0,0.0,0.0,0.0,0.0,41.0,8.0,7.0,6.0,67.0,1126.561484005937,990.0,968.5271932354472,21.47280676455273,0.7374014338162718,0.5817633390133583,988.6808352271704,0.28,0.28,0.28,0.28,19.873641991723133,19.873641991723133,19.873641991723133,19.873641991723133,,0.9547328544327908,0.9547328544327908,0.9547328544327908,0.9547328544327908,49.80232896132994,49.80232896132994,49.80232896132994,49.80232896132994,1.0710178271253752,1.0710178271253752,1.0710178271253752,1.0710178271253752,0.98,0.98,0.98,0.98,48.2,48.2,48.2,48.2,192.8,4627.200000000001,0.1607254005489941,5.002567003919838e-05
1984-04-15,1984-04-26,1746.8622,0.982614654600295,1716.4923972873114,0.205,1984,4,15,1984.04,1983,7,198,29,0.1483049431256237,8.662200944052984,0.0050464545941143,0.75,4,Mod_Dry,45,11,10,10,72,148.0,0.0862223451929611,1568.4923972873114,1100.0,,4,275.0,275.0,275.0,275.0,468.4923972873114,55.0,7.0,15.0,31.65489170860212,359.8375055787093,100.0,18.0,25.0,41.65489170860212,431.8375055787093,1243.0,990.0,970.1840523604668,19.815947639533302,0.9262894125183112,0.648,988.4257105874816,0.28,0.28,0.28,0.28,17.961658227015022,17.961658227015022,17.961658227015022,17.961658227015022,,0.9511253892377988,0.9511253892377988,0.9511253892377988,0.9511253892377988,46.0739659025099,46.0739659025099,46.0739659025099,46.0739659025099,0.9908379763980624,0.9908379763980624,0.9908379763980624,0.9908379763980624,0.98,0.98,0.98,0.98,45.1524865844597,45.1524865844597,45.1524865844597,45.1524865844597,180.6099463378388,4334.638712108132,0.1052203590434008,4.560857230753506e-05
1984-05-15,1984-05-26,1352.7466,0.9107314904603608,1231.9889272331854,0.267,1984,5,15,1984.05,1983,8,228,33,0.1064438433129472,23.119065044581927,0.0187656435326111,0.89,4,Mod_Dry,47,10,10,10,115,192.0,0.1558455565271968,1039.9889272331854,1039.9889272331854,,4,259.9972318082964,259.9972318082964,259.9972318082964,259.9972318082964,0.0,0.0,0.0,0.0,0.0,0.0,47.0,10.0,10.0,10.0,115.0,1106.9889272331854,990.0,968.6291080570186,21.370891942981416,0.7087186787476336,0.5129750862746673,988.7783062349775,0.28,0.28,0.28,0.28,19.86919817795908,19.86919817795908,19.86919817795908,19.86919817795908,,0.9547735456786476,0.9547735456786476,0.9547735456786476,0.9547735456786476,48.37134265401193,48.37134265401193,48.37134265401193,48.37134265401193,1.0402439280432674,1.0402439280432674,1.0402439280432674,1.0402439280432674,0.98,0.98,0.98,0.98,47.40391580093169,47.40391580093169,47.40391580093169,47.40391580093169,189.6156632037268,4550.775916889443,0.153910200824262,5.064574840880102e-05
1984-06-15,1984-06-26,611.0679,0.8869861279741288,542.0087505502821,0.523,1984,6,15,1984.06,1983,9,259,37,0.0468295560475443,20.81932465783348,0.0384114179645556,0.92,5,Dry,39,9,7,5,59,119.0,0.2195536508943509,423.0087505502821,423.0087505502821,,2,211.50437527514103,211.50437527514103,0.0,0.0,0.0,0.0,0.0,0.0,0.0,0.0,39.0,9.0,7.0,5.0,59.0,478.0087505502821,990.0,966.0390393774762,23.96096062252377,0.2042358819957718,0.0986601302597331,989.6971039877444,0.2280309066214404,0.2280309066214404,0.01,0.01,23.430033703646743,23.430033703646743,23.648064610268182,23.648064610268182,,0.9564480631008888,0.9564480631008888,0.0,0.0,46.48280853281842,46.48280853281842,0.0,0.0,0.9996302910283532,0.9996302910283532,0.0,0.0,0.98,0.98,0.96,0.96,45.55315236216205,45.55315236216205,0.0,0.0,91.1063047243241,2186.5513133837785,0.1680900993421732,5.982691099166655e-05
1984-07-15,1984-07-26,396.9661,0.9077571128687334,360.34880084276085,0.7000000000000001,1984,7,15,1984.07,1983,10,289,42,0.0311341363928145,0.0,0.0,0.92,5,Dry,37,8,6,4,53,108.0,0.2997096139834972,252.34880084276085,252.34880084276085,,1,252.34880084276085,0.0,0.0,0.0,0.0,0.0,0.0,0.0,0.0,0.0,37.0,8.0,6.0,4.0,53.0,303.34880084276085,990.0,965.2017440042138,24.798255995786235,0.1425929665999842,0.0181086339977831,989.8392983994022,0.28,0.01,0.01,0.01,24.35755439518843,24.62755439518843,24.62755439518843,24.62755439518843,,0.9535822739685306,0.0,0.0,0.0,57.48199006803157,0.0,0.0,0.0,1.2361718294200337,0.0,0.0,0.0,0.98,0.96,0.96,0.96,48.2,0.0,0.0,0.0,48.2,1156.8000000000002,0.1337592906852275,5.305707355919452e-05
1984-08-15,1984-08-26,305.0513,0.9297058187130764,283.6079686159883,0.8130000000000001,1984,8,15,1984.08,1983,11,320,46,0.0245037284884213,0.0,0.0,0.9,4,Mod_Dry,39,7,5,4,60,115.0,0.4054893117467819,168.60796861598828,168.60796861598828,,1,168.60796861598828,0.0,0.0,0.0,0.0,0.0,0.0,0.0,0.0,0.0,39.0,7.0,5.0,4.0,60.0,219.60796861598828,990.0,964.834431874464,25.165568125536083,0.1130380567986625,0.010081677332359,989.876880265869,0.1701207576315842,0.01,0.01,0.01,24.87232763377348,25.032448391405055,25.032448391405055,25.032448391405055,,0.9450493036251189,0.0,0.0,0.0,38.867597067797305,0.0,0.0,0.0,0.8358623025332754,0.0,0.0,0.0,0.9735862302533276,0.96,0.96,0.96,37.84095730824206,0.0,0.0,0.0,37.84095730824206,908.1829753978096,0.1334269889978993,6.234211298759753e-05
1984-09-15,1984-09-26,237.5439,0.9621267175397727,228.5473327785961,0.91,1984,9,15,1984.09,1983,12,351,51,0.0197464895520707,0.0,0.0,0.8200000000000001,4,Mod_Dry,34,6,4,3,44,91.0,0.3981669744015596,137.5473327785961,137.5473327785961,,1,137.5473327785961,0.0,0.0,0.0,0.0,0.0,0.0,0.0,0.0,0.0,34.0,6.0,4.0,3.0,44.0,181.5473327785961,990.0,964.5712839966716,25.428716003328415,0.0996050313473619,0.0074415232861806,989.8929534453664,0.1281888992511047,0.01,0.01,0.01,25.19348054944383,25.31166944869493,25.31166944869493,25.31166944869493,,0.933724745974664,0.0,0.0,0.0,31.73203409244836,0.0,0.0,0.0,0.6824093353214702,0.0,0.0,0.0,0.97,0.96,0.96,0.96,30.78007306967491,0.0,0.0,0.0,30.78007306967491,738.7217536721978,0.1346770172089163,6.216056774357458e-05
1984-10-15,1984-10-26,200.2476,0.9942319359830292,199.0925590239552,0.959,1984,10,15,1984.1,1984,1,15,3,0.0172015970996697,0.0,0.0,0.72,4,Mod_Dry,31,4,3,2,33,73.0,0.366663628002373,126.0925590239552,126.0925590239552,,1,126.0925590239552,0.0,0.0,0.0,0.0,0.0,0.0,0.0,0.0,0.0,31.0,4.0,3.0,2.0,33.0,164.0925590239552,990.0,964.401814881952,25.598185118047923,0.0934446775510614,0.0064678675170361,989.900087454932,0.1127249546823395,0.01,0.01,0.01,25.385547618297547,25.488272572979884,25.488272572979884,25.488272572979884,,0.9288522811886892,0.0,0.0,0.0,29.15824271401306,0.0,0.0,0.0,0.6270589830970551,0.0,0.0,0.0,0.97,0.96,0.96,0.96,28.283495432592662,0.0,0.0,0.0,28.283495432592662,678.8038903822239,0.1420620417520955,6.230761410402437e-05
1984-11-15,1984-11-26,268.1972,0.9570673705328404,256.6827889882703,0.865,1984,11,15,1984.11,1984,2,46,7,0.0221773929685865,10.487365044981717,0.0408572973915323,0.56,3,Normal,36,5,3,2,47,93.0,0.3623149038023341,163.68278898827032,163.68278898827032,,1,163.68278898827032,0.0,0.0,0.0,0.0,0.0,0.0,0.0,0.0,0.0,36.0,5.0,3.0,2.0,47.0,207.68278898827032,990.0,964.7267311559532,25.273268844046925,0.1088291557084552,0.0096630370640029,989.8815078072276,0.1634717651341649,0.01,0.01,0.01,24.99130488614029,25.14477665127446,25.14477665127446,25.14477665127446,,0.9433506078933516,0.0,0.0,0.0,37.8445880611631,0.0,0.0,0.0,0.8138621088422172,0.0,0.0,0.0,0.9713862108842216,0.96,0.96,0.96,36.76171099920748,0.0,0.0,0.0,36.76171099920748,882.2810639809795,0.1432184492934093,6.238643935496796e-05
1984-12-15,1984-12-26,410.6973,0.908236127635729,373.01012538244936,0.6880000000000001,1984,12,15,1984.12,1984,3,76,11,0.0322280748330436,26.07163099851357,0.0698952366823345,0.66,3,Normal,38,5,4,3,54,104.0,0.278812806739142,269.01012538244936,269.01012538244936,,1,269.01012538244936,0.0,0.0,0.0,0.0,0.0,0.0,0.0,0.0,0.0,38.0,5.0,4.0,3.0,54.0,316.01012538244936,990.0,965.2650506269122,24.73494937308783,0.1470615408707634,0.0259727791805161,989.8269656799488,0.28,0.01,0.01,0.01,24.281915053036613,24.551915053036613,24.551915053036613,24.551915053036613,,0.9442755904896905,0.0,0.0,0.0,60.49075779852592,0.0,0.0,0.0,1.3008765117962564,0.0,0.0,0.0,0.98,0.96,0.96,0.96,48.2,0.0,0.0,0.0,48.2,1156.8000000000002,0.1292190123541023,4.9770947728655285e-05
1985-01-15,1985-01-26,599.256,0.8886339443648977,532.5192229643311,0.53,1985,1,15,1985.01,1984,4,107,16,0.0460096608641182,0.0,0.0,0.74,4,Mod_Dry,34,5,4,3,45,91.0,0.1708858498918363,441.5192229643311,441.5192229643311,,2,220.75961148216555,220.75961148216555,0.0,0.0,0.0,0.0,0.0,0.0,0.0,0.0,34.0,5.0,4.0,3.0,45.0,484.5192229643311,990.0,965.9963365033394,24.00366349666058,0.2065336297099895,0.1073970732391643,989.6860692970508,0.2405254755009235,0.2405254755009235,0.01,0.01,23.44920731821049,23.44920731821049,23.679732793711413,23.679732793711413,,0.9577142509542248,0.9577142509542248,0.0,0.0,48.62083765429245,48.62083765429245,0.0,0.0,1.0456094119202677,1.0456094119202677,0.0,0.0,0.98,0.98,0.96,0.96,47.64842090120659,47.64842090120659,0.0,0.0,95.29684180241318,2287.1242032579166,0.1789547450924533,5.995513574106219e-05
1985-02-15,1985-02-26,863.9982,0.9020463209442272,779.3663976124346,0.405,1985,2,15,1985.02,1984,5,138,20,0.0673372567537143,4.37628161095904,0.0056151787200033,0.59,3,Normal,43,7,5,4,78,137.0,0.175783816725606,642.3663976124346,642.3663976124346,,3,214.12213253747825,214.12213253747825,214.12213253747825,0.0,0.0,0.0,0.0,0.0,0.0,0.0,43.0,7.0,5.0,4.0,78.0,697.3663976124346,990.0,967.0174655904495,22.98253440955034,0.3228276772088348,0.2301007536051063,989.447071569186,0.2315648789255956,0.2315648789255956,0.2315648789255956,0.01,22.198041099810798,22.198041099810798,22.198041099810798,22.41960597873639,,0.9558940397318628,0.9558940397318628,0.9558940397318628,0.0,44.55789485930807,44.55789485930807,44.55789485930807,0.0,0.958234298049636,0.958234298049636,0.958234298049636,0.0,0.98,0.98,0.98,0.96,43.66673696212191,43.66673696212191,43.66673696212191,0.0,131.00021088636572,3144.0050612727773,0.1680855259960923,5.6648273638979847e-05
1985-03-15,1985-03-26,1121.4092,0.9368114987301732,1050.5490333418047,0.319,1985,3,15,1985.03,1984,6,166,24,0.0907674364807319,22.74810742700605,0.0216535418195989,0.84,4,Mod_Dry,41,8,7,6,67,129.0,0.1227929357943912,921.5490333418048,921.5490333418048,,4,230.3872583354512,230.3872583354512,230.3872583354512,230.3872583354512,0.0,0.0,0.0,0.0,0.0,0.0,41.0,8.0,7.0,6.0,67.0,977.5490333418048,990.0,968.0588683905028,21.941131609497237,0.5497648984636363,0.3850297321374334,989.0652053693988,0.2535227987528591,0.2535227987528591,0.2535227987528591,0.2535227987528591,20.752814180143258,20.752814180143258,20.752814180143258,20.752814180143258,,0.9554572315032466,0.9554572315032466,0.9554572315032466,0.9554572315032466,44.80076246123951,44.80076246123951,44.80076246123951,44.80076246123951,0.9634572572309572,0.9634572572309572,0.9634572572309572,0.9634572572309572,0.98,0.98,0.98,0.98,43.90474721201472,43.90474721201472,43.90474721201472,43.90474721201472,175.61898884805888,4214.855732353413,0.1671687691619814,5.29359271105658e-05
1985-04-15,1985-04-26,1712.5226,0.9796730877109254,1677.712303316742,0.209,1985,4,15,1985.04,1984,7,197,29,0.1449543430065665,17.98901409974519,0.0107223473680093,0.8200000000000001,4,Mod_Dry,45,11,10,10,72,148.0,0.0882153630914027,1529.712303316742,1100.0,,4,275.0,275.0,275.0,275.0,429.712303316742,55.0,7.000000000000004,15.0,29.03461508896905,323.677688227773,100.0,18.0,25.0,39.034615088969055,395.677688227773,1243.0,990.0,970.0587628261004,19.941237173899708,0.9262894125183112,0.648,988.4257105874816,0.28,0.28,0.28,0.28,18.086947761381424,18.086947761381424,18.086947761381424,18.086947761381424,,0.9513586847017268,0.9513586847017268,0.9513586847017268,0.9513586847017268,46.40672970770447,46.40672970770447,46.40672970770447,46.40672970770447,0.9979941872624616,0.9979941872624616,0.9979941872624616,0.9979941872624616,0.98,0.98,0.98,0.98,45.478595113550384,45.478595113550384,45.478595113550384,45.478595113550384,181.91438045420156,4365.945130900836,0.1084300211034795,4.59379748621721e-05
1985-05-15,1985-05-26,1864.4507,0.9977817706837708,1860.314920798596,0.19,1985,5,15,1985.05,1984,8,227,33,0.1607312091569987,20.728775435216907,0.0111426163406346,0.72,4,Mod_Dry,47,10,10,10,115,192.0,0.1032083320159461,1668.314920798596,1100.0,,4,275.0,275.0,275.0,275.0,568.314920798596,53.0,8.0,15.0,29.59973545826021,462.71518534033584,100.0,18.0,25.0,39.599735458260206,577.7151853403359,1243.0,990.0,970.6487097441186,19.351290255881395,0.9262894125183112,0.648,988.4257105874816,0.28,0.28,0.28,0.28,17.49700084336311,17.49700084336311,17.49700084336311,17.49700084336311,,0.94961525274093,0.94961525274093,0.94961525274093,0.94961525274093,44.810799004452846,44.810799004452846,44.810799004452846,44.810799004452846,0.9636730968699536,0.9636730968699536,0.9636730968699536,0.9636730968699536,0.98,0.98,0.98,0.98,43.914583024363786,43.914583024363786,43.914583024363786,43.914583024363786,175.65833209745514,4215.799970338923,0.0944239763566743,4.435816467107453e-05
1985-06-15,1985-06-26,1138.9177,0.936281984298218,1066.3481241083623,0.314,1985,6,15,1985.06,1984,9,258,37,0.0921324779229625,20.07637318297861,0.0188272223011276,0.61,3,Normal,53,12,12,13,120,210.0,0.1969338110624929,856.3481241083623,856.3481241083623,,4,214.08703102709055,214.08703102709055,214.08703102709055,214.08703102709055,0.0,0.0,0.0,0.0,0.0,0.0,53.0,12.0,12.0,13.0,120.0,933.3481241083624,990.0,968.1085226757692,21.89147732423089,0.5093204660343839,0.3534724920684473,989.1372070418972,0.2315174918865723,0.2315174918865723,0.2315174918865723,0.2315174918865723,20.797166874241437,20.797166874241437,20.797166874241437,20.797166874241437,,0.9541048184892752,0.9541048184892752,0.9541048184892752,0.9541048184892752,41.66096492612605,41.66096492612605,41.66096492612605,41.66096492612605,0.8959347295941086,0.8959347295941086,0.8959347295941086,0.8959347295941086,0.9795934729594108,0.9795934729594108,0.9795934729594108,0.9795934729594108,40.81080931882402,40.81080931882402,40.81080931882402,40.81080931882402,163.24323727529608,3917.8376946071057,0.1530862516514422,5.295199745406839e-05
1985-07-15,1985-07-26,520.5884,0.8885427859104034,462.56506724863937,0.581,1985,7,15,1985.07,1984,10,288,42,0.0399656218102824,4.592081076657053,0.0099274273000574,0.71,4,Mod_Dry,42,9,8,6,70,135.0,0.2918508325822935,327.56506724863937,327.56506724863937,,2,163.78253362431968,163.78253362431968,0.0,0.0,0.0,0.0,0.0,0.0,0.0,0.0,42.0,9.0,8.0,6.0,70.0,386.56506724863937,990.0,965.6815428026188,24.31845719738112,0.171962568951301,0.0536107117413577,989.7744267193071,0.1636064203928315,0.1636064203928315,0.01,0.01,23.929277496295548,23.929277496295548,24.082883916688377,24.082883916688377,,0.9450705063681116,0.9450705063681116,0.0,0.0,36.3245364326465,36.3245364326465,0.0,0.0,0.7811728265085269,0.7811728265085269,0.0,0.0,0.97,0.97,0.96,0.96,35.23480033966711,35.23480033966711,0.0,0.0,70.46960067933422,1691.2704163040212,0.1523452713333737,5.975878087981356e-05
1985-08-15,1985-08-26,361.7746,0.9166247913690906,331.6115672476363,0.736,1985,8,15,1985.08,1984,11,319,46,0.0286512394101957,3.861250540270533,0.0116438958155735,0.7000000000000001,4,Mod_Dry,39,7,5,4,60,115.0,0.3467912803962049,216.6115672476363,216.6115672476363,,1,216.6115672476363,0.0,0.0,0.0,0.0,0.0,0.0,0.0,0.0,0.0,39.0,7.0,5.0,4.0,60.0,267.6115672476363,990.0,965.0580578362382,24.94194216376184,0.1299801880513087,0.014161983216049,989.8558578287328,0.234925615784309,0.01,0.01,0.01,24.56287437671025,24.78779999249456,24.78779999249456,24.78779999249456,,0.9576540224200504,0.0,0.0,0.0,49.96986410544573,0.0,0.0,0.0,1.0746207334504458,0.0,0.0,0.0,0.98,0.96,0.96,0.96,48.2,0.0,0.0,0.0,48.2,1156.8000000000002,0.1453507801312789,6.181059053777284e-05
1985-09-15,1985-09-26,268.1972,0.9570673705328404,256.6827889882703,0.865,1985,9,15,1985.09,1984,12,350,50,0.0221773929685865,0.0,0.0,0.65,3,Normal,40,6,4,3,65,118.0,0.4597113833190906,138.68278898827032,138.68278898827032,,1,138.68278898827032,0.0,0.0,0.0,0.0,0.0,0.0,0.0,0.0,0.0,40.0,6.0,4.0,3.0,65.0,188.68278898827032,990.0,964.7267311559532,25.273268844046925,0.1021233644617007,0.0075380370640029,989.8903385984744,0.1297217651341649,0.01,0.01,0.01,25.033885677387037,25.1536074425212,25.1536074425212,25.1536074425212,,0.9344499358996164,0.0,0.0,0.0,31.8159993890255,0.0,0.0,0.0,0.6842150406242042,0.0,0.0,0.0,0.97,0.96,0.96,0.96,30.86151940735473,0.0,0.0,0.0,30.86151940735473,740.6764657765136,0.1202321337125763,6.181476693943491e-05
1985-10-15,1985-10-26,209.197,0.9663848551669614,202.1648125463628,0.946,1985,10,15,1985.1,1985,1,15,3,0.0174670398040057,4.4318307167643525,0.0219218698889451,0.62,3,Normal,37,5,3,2,50,97.0,0.479806543870016,105.1648125463628,105.1648125463628,,1,105.1648125463628,0.0,0.0,0.0,0.0,0.0,0.0,0.0,0.0,0.0,37.0,5.0,3.0,2.0,50.0,150.1648125463628,990.0,964.4129888752782,25.58701112472181,0.0885291256743529,0.0046890090664408,989.9067818652592,0.0844724969375897,0.01,0.01,0.01,25.409320493043516,25.4837929899811,25.4837929899811,25.4837929899811,,0.0,0.0,0.0,0.0,0.0,0.0,0.0,0.0,0.0,0.0,0.0,0.0,0.96,0.96,0.96,0.96,0.0,0.0,0.0,0.0,0.0,0.0,0.0,0.0
1985-11-15,1985-11-26,231.0479,0.97240029822707,224.67104686473823,0.918,1985,11,15,1985.11,1985,2,46,7,0.0194115784491133,0.0,0.0,0.7000000000000001,4,Mod_Dry,29,4,2,2,30,67.0,0.2982137704656574,157.67104686473823,157.67104686473823,,1,157.67104686473823,0.0,0.0,0.0,0.0,0.0,0.0,0.0,0.0,0.0,29.0,4.0,2.0,2.0,30.0,192.67104686473823,990.0,964.5480262811884,25.451973718811587,0.1035309495668008,0.0091520389835027,989.8873170114496,0.1553559132673966,0.01,0.01,0.01,25.183934816993872,25.329290730261267,25.329290730261267,25.329290730261267,,0.9411495346351026,0.0,0.0,0.0,36.64990633589187,0.0,0.0,0.0,0.7881700287288574,0.0,0.0,0.0,0.97,0.96,0.96,0.96,35.55040914581512,0.0,0.0,0.0,35.55040914581512,853.2098194995629,0.1582331575070196,6.263111616229012e-05
1985-12-15,1985-12-26,312.7836,0.9288272938647332,290.5219447532691,0.797,1985,12,15,1985.12,1985,3,76,11,0.0251010960266824,0.0,0.0,0.89,4,Mod_Dry,31,5,3,2,36,77.0,0.2650402194759972,213.5219447532691,213.5219447532691,,1,213.5219447532691,0.0,0.0,0.0,0.0,0.0,0.0,0.0,0.0,0.0,31.0,5.0,3.0,2.0,36.0,252.5219447532691,990.0,964.8620877790132,25.13791222098689,0.1246545920899433,0.0138993653040278,989.861446042606,0.2307546254169133,0.01,0.01,0.01,24.76860363817594,24.98935826359285,24.98935826359285,24.98935826359285,,0.9571972568880704,0.0,0.0,0.0,49.64599103850856,0.0,0.0,0.0,1.0676557212582485,0.0,0.0,0.0,0.98,0.96,0.96,0.96,48.2,0.0,0.0,0.0,48.2,1156.8000000000002,0.1659082932304294,6.270497819022839e-05
1986-01-15,1986-01-26,458.6166,0.911126574868046,417.8577719356288,0.633,1986,1,15,1986.01,1985,4,107,16,0.0361029114952383,4.125389465486137,0.0098727120627103,0.96,5,Dry,29,5,4,2,33,73.0,0.1747005916913894,344.8577719356288,344.8577719356288,,2,172.4288859678144,172.4288859678144,0.0,0.0,0.0,0.0,0.0,0.0,0.0,0.0,29.0,5.0,4.0,2.0,33.0,382.8577719356288,990.0,965.4803599737104,24.51964002628972,0.1706541494097301,0.0617728683536168,989.7675729822366,0.1752789960565494,0.1752789960565494,0.01,0.01,24.111934012469803,24.111934012469803,24.27721300852635,24.27721300852635,,0.947442641473664,0.947442641473664,0.0,0.0,38.63079940705333,38.63079940705333,0.0,0.0,0.830769879721577,0.830769879721577,0.0,0.0,0.9730769879721576,0.9730769879721576,0.96,0.96,37.59074192997207,37.59074192997207,0.0,0.0,75.18148385994414,1804.3556126386595,0.179921228966697,6.055756087338323e-05
1986-02-15,1986-02-26,710.868,0.8775314292741972,623.8090120652902,0.47,1986,2,15,1986.02,1985,5,138,20,0.053897098642441,8.181238398343453,0.0131149730768672,0.97,5,Dry,31,6,4,3,41,85.0,0.1362596537657965,538.8090120652902,538.8090120652902,,2,269.4045060326451,269.4045060326451,0.0,0.0,0.0,0.0,0.0,0.0,0.0,0.0,31.0,6.0,4.0,3.0,41.0,579.8090120652902,990.0,966.3952360482612,23.60476395173885,0.256020972668476,0.1609244200596138,989.583054607272,0.28,0.28,0.01,0.01,22.907818559010792,22.907818559010792,23.17781855901079,23.17781855901079,,0.9479211950284026,0.9479211950284026,0.0,0.0,57.371938408893726,57.371938408893726,0.0,0.0,1.2338051270729833,1.2338051270729833,0.0,0.0,0.98,0.98,0.96,0.96,48.2,48.2,0.0,0.0,96.4,2313.6000000000004,0.154534477917915,4.969808815026463e-05
1986-03-15,1986-03-26,963.4877,0.9186515277026396,885.1094475277025,0.3670000000000001,1986,3,15,1986.03,1985,6,166,24,0.0764734562663935,0.0,0.0,0.94,5,Dry,36,8,6,4,53,107.0,0.1208890045167561,778.1094475277025,778.1094475277025,,3,259.3698158425675,259.3698158425675,259.3698158425675,0.0,0.0,0.0,0.0,0.0,0.0,0.0,36.0,8.0,6.0,4.0,53.0,828.1094475277025,990.0,967.4404377901108,22.55956220988924,0.413025647268753,0.315604972603408,989.2713693801278,0.28,0.28,0.28,0.01,21.55093159001703,21.55093159001703,21.55093159001703,21.82093159001703,,0.9560480500402648,0.9560480500402648,0.9560480500402648,0.0,52.40876207204531,52.40876207204531,52.40876207204531,0.0,1.127070152086996,1.127070152086996,1.127070152086996,0.0,0.98,0.98,0.98,0.96,48.2,48.2,48.2,0.0,144.60000000000002,3470.4000000000005,0.1633696266647004,5.162084433531653e-05
1986-04-15,1986-04-26,2233.2716,1.0124644434742982,2261.108087620956,0.148,1986,4,15,1986.04,1985,7,197,29,0.1953597387704506,99.5371030037877,0.0440213820598538,0.84,4,Mod_Dry,45,11,10,10,72,148.0,0.0654546329785231,2113.108087620956,1100.0,,4,275.0,275.0,275.0,275.0,1013.1080876209562,55.0,7.0,15.0,68.45324916357812,867.6548384573781,100.0,18.0,25.0,78.45324916357812,939.654838457378,1243.0,990.0,971.730260901154,18.269739098846003,0.9262894125183112,0.648,988.4257105874816,0.28,0.28,0.28,0.28,16.41544968632772,16.41544968632772,16.41544968632772,16.41544968632772,,0.9462463490589832,0.9462463490589832,0.9462463490589832,0.9462463490589832,41.89173952464587,41.89173952464587,41.89173952464587,41.89173952464587,0.9008976241859328,0.9008976241859328,0.9008976241859328,0.9008976241859328,0.98,0.98,0.98,0.98,41.05390473415295,41.05390473415295,41.05390473415295,41.05390473415295,164.2156189366118,3941.1748544786833,0.0726261693705198,4.146859064055853e-05
1986-05-15,1986-05-26,2024.6043,1.0084233130046596,2041.65817572948,0.172,1986,5,15,1986.05,1985,8,227,33,0.176399266383027,53.0798350689995,0.0259983946872175,0.5700000000000001,3,Normal,55,13,13,17,178,276.0,0.1351842356771528,1765.65817572948,1100.0,,4,275.0,275.0,275.0,275.0,665.65817572948,45.0,5.0,12.0,41.00068473696073,562.6574909925193,100.0,18.0,25.0,58.00068473696073,740.6574909925193,1243.0,990.0,971.200554217278,18.79944578272193,0.9262894125183112,0.648,988.4257105874816,0.28,0.28,0.28,0.28,16.945156370203648,16.945156370203648,16.945156370203648,16.945156370203648,,0.9478354691106108,0.9478354691106108,0.9478354691106108,0.9478354691106108,43.31615814812002,43.31615814812002,43.31615814812002,43.31615814812002,0.9315302827552692,0.9315302827552692,0.9315302827552692,0.9315302827552692,0.98,0.98,0.98,0.98,42.449834985157615,42.449834985157615,42.449834985157615,42.449834985157615,169.79933994063046,4075.184158575131,0.0831673695230405,4.28786211971289e-05
1986-06-15,1986-06-26,1147.7361,0.9351417914976156,1073.2959927204863,0.312,1986,6,15,1986.06,1985,9,258,37,0.09273277377105,23.202829626876788,0.0216182952179524,0.58,3,Normal,53,12,12,13,120,210.0,0.195658980769799,863.2959927204863,863.2959927204863,,4,215.8239981801216,215.8239981801216,215.8239981801216,215.8239981801216,0.0,0.0,0.0,0.0,0.0,0.0,53.0,12.0,12.0,13.0,120.0,940.2959927204864,990.0,968.1303588342644,21.86964116573563,0.5156778602030488,0.3568352604767154,989.1274868793204,0.2338623975431641,0.2338623975431641,0.2338623975431641,0.2338623975431641,20.763265647512725,20.763265647512725,20.763265647512725,20.763265647512725,,0.9542448050540202,0.9542448050540202,0.9542448050540202,0.9542448050540202,41.93666572415419,41.93666572415419,41.93666572415419,41.93666572415419,0.9018637790140686,0.9018637790140686,0.9018637790140686,0.9018637790140686,0.98,0.98,0.98,0.98,41.0979324096711,41.0979324096711,41.0979324096711,41.0979324096711,164.3917296386844,3945.401511328426,0.1531653250861397,5.2895379718117126e-05
1986-07-15,1986-07-26,520.5884,0.8885427859104034,462.56506724863937,0.581,1986,7,15,1986.07,1985,10,288,42,0.0399656218102824,7.613882138250346,0.0164601321572727,0.6900000000000001,3,Normal,50,10,9,9,108,186.0,0.4021055915578266,276.56506724863937,276.56506724863937,,2,138.28253362431968,138.28253362431968,0.0,0.0,0.0,0.0,0.0,0.0,0.0,0.0,50.0,10.0,9.0,9.0,108.0,345.56506724863937,990.0,965.6815428026188,24.31845719738112,0.1574923968514034,0.0295387117413577,989.8129688914072,0.1291814203928316,0.1291814203928316,0.01,0.01,24.0022446683956,24.0022446683956,24.12142608878843,24.12142608878843,,0.9358839590255916,0.9358839590255916,0.0,0.0,30.46350638110855,30.46350638110855,0.0,0.0,0.6551291694862054,0.6551291694862054,0.0,0.0,0.97,0.97,0.96,0.96,29.549601189675293,29.549601189675293,0.0,0.0,59.09920237935059,1418.3808571044142,0.1277640845878735,5.935834655002304e-05
1986-08-15,1986-08-26,370.3799,0.9134433097017404,338.3210417029997,0.727,1986,8,15,1986.08,1985,11,319,46,0.0292309380031391,2.2742641845769067,0.0067222073245252,0.64,3,Normal,47,8,6,5,89,155.0,0.4581447231888967,183.3210417029997,183.3210417029997,,1,183.3210417029997,0.0,0.0,0.0,0.0,0.0,0.0,0.0,0.0,0.0,47.0,8.0,6.0,5.0,89.0,244.3210417029997,990.0,965.0916052085148,24.90839479148508,0.121760238955505,0.0113322885447549,989.8669074724996,0.1899834062990496,0.01,0.01,0.01,24.585318857685778,24.765302263984825,24.765302263984825,24.765302263984825,,0.9499125232579346,0.0,0.0,0.0,41.98657744719813,0.0,0.0,0.0,0.9029371494021105,0.0,0.0,0.0,0.98,0.96,0.96,0.96,41.14684589825416,0.0,0.0,0.0,41.14684589825416,987.5243015581,0.1216207117687215,6.234788603644885e-05
1986-09-15,1986-09-26,286.2506,0.9441456049247084,270.26224589706084,0.836,1986,9,15,1986.09,1985,12,350,50,0.023350658045506,0.0,0.0,0.59,3,Normal,40,6,4,3,65,118.0,0.4366129631178473,152.26224589706084,152.26224589706084,,1,152.26224589706084,0.0,0.0,0.0,0.0,0.0,0.0,0.0,0.0,0.0,40.0,6.0,4.0,3.0,65.0,202.26224589706084,990.0,964.7810489835882,25.21895101641178,0.1069160164150999,0.0086922909012501,989.8843916926836,0.1480540319610321,0.01,0.01,0.01,24.95528867713447,25.0933427090955,25.0933427090955,25.0933427090955,,0.9399292953368352,0.0,0.0,0.0,35.025852519868586,0.0,0.0,0.0,0.7532441402122276,0.0,0.0,0.0,0.97,0.96,0.96,0.96,33.97507694427253,0.0,0.0,0.0,33.97507694427253,815.4018466625407,0.1257115170914888,6.198201870599895e-05
1986-10-15,1986-10-26,305.0513,0.9297058187130764,283.6079686159883,0.8130000000000001,1986,10,15,1986.1,1986,1,15,3,0.0245037284884213,7.685487764341872,0.0270989838608808,0.41,3,Normal,37,5,3,2,50,97.0,0.3420214194733725,186.60796861598828,186.60796861598828,,1,186.60796861598828,0.0,0.0,0.0,0.0,0.0,0.0,0.0,0.0,0.0,37.0,5.0,3.0,2.0,50.0,231.60796861598828,990.0,964.834431874464,25.165568125536083,0.1172733651679464,0.011611677332359,989.8711149574996,0.1944207576315842,0.01,0.01,0.01,24.842262325404185,25.026683083035767,25.026683083035767,25.026683083035767,,0.950602807027962,0.0,0.0,0.0,43.21744824505536,0.0,0.0,0.0,0.9294074891409756,0.0,0.0,0.0,0.98,0.96,0.96,0.96,42.353099280154254,0.0,0.0,0.0,42.353099280154254,1016.474382723702,0.1493367745865467,6.304527018485995e-05
1986-11-15,1986-11-26,443.8904,0.9076618404997884,402.90237744418727,0.648,1986,11,15,1986.11,1986,2,46,7,0.0348107654111777,11.085465320104449,0.0275140231001493,0.07,1,Wet,42,7,6,3,56,114.0,0.2829469528652559,288.90237744418727,288.90237744418727,,2,144.45118872209363,144.45118872209363,0.0,0.0,0.0,0.0,0.0,0.0,0.0,0.0,42.0,7.0,6.0,3.0,56.0,343.90237744418727,990.0,965.4130606984988,24.58693930150116,0.1569055820314237,0.0353619221536564,989.8077324958148,0.1375091047748264,0.1375091047748264,0.01,0.01,24.257162692541225,24.257162692541225,24.38467179731605,24.38467179731605,,0.938118141929216,0.938118141929216,0.0,0.0,32.23720309616233,32.23720309616233,0.0,0.0,0.693273184863706,0.693273184863706,0.0,0.0,0.97,0.97,0.96,0.96,31.27008700327746,31.27008700327746,0.0,0.0,62.54017400655492,1500.964176157318,0.1552241374282245,6.013197506736509e-05
1986-12-15,1986-12-26,641.2365,0.8794376863729334,563.9275439778775,0.503,1986,12,15,1986.12,1986,3,76,11,0.0487233397996886,1.09946876976187,0.0019496631819157,0.07,1,Wet,44,8,6,4,64,126.0,0.223432959332348,437.9275439778775,437.9275439778775,,2,218.96377198893876,218.96377198893876,0.0,0.0,0.0,0.0,0.0,0.0,0.0,0.0,44.0,8.0,6.0,4.0,64.0,495.9275439778775,990.0,966.1376739479005,23.862326052099547,0.2105599801596698,0.1057018007575581,989.6837382190828,0.2381010921850673,0.2381010921850673,0.01,0.01,23.307963178997262,23.307963178997262,23.53606427118233,23.53606427118233,,0.9574140605456102,0.9574140605456102,0.0,0.0,47.91981027406587,47.91981027406587,0.0,0.0,1.0305335542809864,1.0305335542809864,0.0,0.0,0.98,0.98,0.96,0.96,46.96141406858455,46.96141406858455,0.0,0.0,93.92282813716908,2254.1478752920584,0.1665512336472318,5.9575322085392575e-05
1987-01-15,1987-01-26,806.1332,0.8935666243082664,720.3337222668207,0.431,1987,1,15,1987.01,1986,4,107,16,0.0622368336038533,0.0,0.0,0.25,2,Mod_Wet,46,7,6,4,76,139.0,0.1929661151536546,581.3337222668207,581.3337222668207,,3,193.7779074222736,193.7779074222736,193.7779074222736,0.0,0.0,0.0,0.0,0.0,0.0,0.0,46.0,7.0,6.0,4.0,76.0,640.3337222668207,990.0,966.7813348890672,23.21866511093276,0.2904165694487645,0.1893309264742362,989.520252504077,0.2041001750200693,0.2041001750200693,0.2041001750200693,0.01,22.5348174399897,22.5348174399897,22.5348174399897,22.728917615009767,,0.9529463800276344,0.9529463800276344,0.9529463800276344,0.0,40.80989430065728,40.80989430065728,40.80989430065728,0.0,0.877632135498006,0.877632135498006,0.877632135498006,0.0,0.9777632135498006,0.9777632135498006,0.9777632135498006,0.96,39.90241339603835,39.90241339603835,39.90241339603835,0.0,119.70724018811504,2872.9737645147607,0.1661830294594676,5.719952221884571e-05
1987-02-15,1987-02-26,971.4252,0.9180964110207984,891.8619896951615,0.363,1987,2,15,1987.02,1986,5,138,20,0.0770568759096619,6.752542167458955,0.0075712859674252,0.52,3,Normal,43,7,5,4,78,137.0,0.1536112106838711,754.8619896951615,754.8619896951615,,3,251.6206632317205,251.6206632317205,251.6206632317205,0.0,0.0,0.0,0.0,0.0,0.0,0.0,43.0,7.0,5.0,4.0,78.0,809.8619896951615,990.0,967.4674479587808,22.532552041219333,0.3963289754555981,0.3043532030124581,989.299317821532,0.28,0.28,0.28,0.01,21.551869862751204,21.551869862751204,21.551869862751204,21.821869862751203,,0.9566684592312904,0.9566684592312904,0.9566684592312904,0.0,50.87816202075948,50.87816202075948,50.87816202075948,0.0,1.0941540219518169,1.0941540219518169,1.0941540219518169,0.0,0.98,0.98,0.98,0.96,48.2,48.2,48.2,0.0,144.60000000000002,3470.4000000000005,0.1621327085028304,5.3210609641223714e-05
1987-03-15,1987-03-26,1504.8959,0.9514248483621192,1431.7953534582748,0.241,1987,3,15,1987.03,1986,6,166,24,0.1237071185387949,48.217217077376965,0.0336760536070437,0.6900000000000001,3,Normal,49,9,9,9,107,183.0,0.1278115615880387,1248.7953534582748,1100.0,,4,275.0,275.0,275.0,275.0,148.7953534582748,39.84137879483861,7.317804268439744,7.317804268439744,7.317804268439744,87.00056185811695,88.84137879483862,16.317804268439744,16.317804268439744,16.317804268439744,194.00056185811692,1221.4769873317182,990.0,969.2642619111728,20.735738088827134,0.8764960940448223,0.648,988.4755039059552,0.28,0.28,0.28,0.28,18.93124199478231,18.93124199478231,18.93124199478231,18.93124199478231,,0.952414052493478,0.952414052493478,0.952414052493478,0.952414052493478,48.62686765379214,48.62686765379214,48.62686765379214,48.62686765379214,1.0457390893288632,1.0457390893288632,1.0457390893288632,1.0457390893288632,0.98,0.98,0.98,0.98,47.654330300716296,47.654330300716296,47.654330300716296,47.654330300716296,190.6173212028652,4574.815708868764,0.1331316802659397,4.81356871724407e-05
1987-04-15,1987-04-26,1937.3349,1.0078456066936932,1952.5344676593647,0.182,1987,4,15,1987.04,1986,7,197,29,0.1686989780057691,14.119986516327572,0.0072316195950456,0.73,4,Mod_Dry,45,11,10,10,72,148.0,0.0757989179967806,1804.5344676593647,1100.0,,4,275.0,275.0,275.0,275.0,704.5344676593647,55.0,7.0,15.0,47.60368024725437,579.9307874121104,100.0,18.0,25.0,57.60368024725437,651.9307874121104,1243.0,990.0,970.9466498185918,19.053350181408177,0.9262894125183112,0.648,988.4257105874816,0.28,0.28,0.28,0.28,17.199060768889893,17.199060768889893,17.199060768889893,17.199060768889893,,0.948646947498892,0.948646947498892,0.948646947498892,0.948646947498892,44.002843098794415,44.002843098794415,44.002843098794415,44.002843098794415,0.9462977010493424,0.9462977010493424,0.9462977010493424,0.9462977010493424,0.98,0.98,0.98,0.98,43.12278623681853,43.12278623681853,43.12278623681853,43.12278623681853,172.4911449472741,4139.787478734579,0.0883421766961435,4.3558369936180334e-05
1987-05-15,1987-05-26,1536.5597,0.94671130256109,1454.6784350498776,0.236,1987,5,15,1987.05,1986,8,227,33,0.1256842167883094,38.24481134574194,0.0262909041780292,0.81,4,Mod_Dry,47,10,10,10,115,192.0,0.131987933122427,1262.6784350498776,1100.0,,4,275.0,275.0,275.0,275.0,162.67843504987763,39.82232524658463,8.0,8.472835158847793,8.472835158847793,97.91043948559744,86.82232524658463,18.0,18.472835158847797,18.472835158847797,212.91043948559744,1223.2951604054324,990.0,969.3381918670842,20.66180813291578,0.8791605498719903,0.648,988.472839450128,0.28,0.28,0.28,0.28,18.854647583043715,18.854647583043715,18.854647583043715,18.854647583043715,,0.9523183094788046,0.9523183094788046,0.9523183094788046,0.9523183094788046,48.42525840682221,48.42525840682221,48.42525840682221,48.42525840682221,1.041403406598327,1.041403406598327,1.041403406598327,1.041403406598327,0.98,0.98,0.98,0.98,47.45675323868576,47.45675323868576,47.45675323868576,47.45675323868576,189.82701295474303,4555.848310913833,0.1304941410973995,4.793611438251087e-05
1987-06-15,1987-06-26,813.2284,0.8958086931444238,728.4970702319307,0.424,1987,6,15,1987.06,1986,9,258,37,0.0629421468680388,23.168517924046,0.0318031724090117,0.84,4,Mod_Dry,45,10,9,9,88,161.0,0.2210029478206997,567.4970702319307,567.4970702319307,,3,189.16569007731024,189.16569007731024,189.16569007731024,0.0,0.0,0.0,0.0,0.0,0.0,0.0,45.0,10.0,9.0,9.0,88.0,631.4970702319307,990.0,966.8139882809276,23.18601171907233,0.2853947871177504,0.1800880429149297,989.5345171699672,0.1978736816043688,0.1978736816043688,0.1978736816043688,0.01,22.52265520743529,22.52265520743529,22.52265520743529,22.71052888903965,,0.9518893943599952,0.9518893943599952,0.9518893943599952,0.0,39.77288962832823,39.77288962832823,39.77288962832823,0.0,0.8553309597489942,0.8553309597489942,0.8553309597489942,0.0,0.9755330959748992,0.9755330959748992,0.9755330959748992,0.96,38.799770154991,38.799770154991,38.799770154991,0.0,116.399310464973,2793.583451159352,0.1597800666897879,5.69749933380477e-05
1987-07-15,1987-07-26,478.7252,0.9002196493164109,430.9578316629287,0.615,1987,7,15,1987.07,1986,10,288,42,0.037234756655677,9.07527950352852,0.0210583932736757,0.81,4,Mod_Dry,42,9,8,6,70,135.0,0.3132557064320611,295.9578316629287,295.9578316629287,,2,147.97891583146435,147.97891583146435,0.0,0.0,0.0,0.0,0.0,0.0,0.0,0.0,42.0,9.0,8.0,6.0,70.0,354.9578316629287,990.0,965.5393102424832,24.46068975751689,0.1608073948408805,0.0386920965449023,989.8005005086144,0.1422715363724769,0.1422715363724769,0.01,0.01,24.11891872975869,24.11891872975869,24.251190266131164,24.251190266131164,,0.939861640062798,0.939861640062798,0.0,0.0,32.89730332809427,32.89730332809427,0.0,0.0,0.7074688887762208,0.7074688887762208,0.0,0.0,0.97,0.97,0.96,0.96,31.91038422825144,31.91038422825144,0.0,0.0,63.82076845650288,1531.698442956069,0.1480905178361393,5.990039573647156e-05
1987-08-15,1987-08-26,370.3799,0.9134433097017404,338.3210417029997,0.727,1987,8,15,1987.08,1986,11,319,46,0.0292309380031391,0.0,0.0,0.67,3,Normal,47,8,6,5,89,155.0,0.4581447231888967,183.3210417029997,183.3210417029997,,1,183.3210417029997,0.0,0.0,0.0,0.0,0.0,0.0,0.0,0.0,0.0,47.0,8.0,6.0,5.0,89.0,244.3210417029997,990.0,965.0916052085148,24.90839479148508,0.121760238955505,0.0113322885447549,989.8669074724996,0.1899834062990496,0.01,0.01,0.01,24.585318857685778,24.765302263984825,24.765302263984825,24.765302263984825,,0.9499125232579346,0.0,0.0,0.0,41.98657744719813,0.0,0.0,0.0,0.9029371494021105,0.0,0.0,0.0,0.98,0.96,0.96,0.96,41.14684589825416,0.0,0.0,0.0,41.14684589825416,987.5243015581,0.1216207117687215,6.234788603644885e-05
1987-09-15,1987-09-26,282.5805,0.9441063439037743,266.78604271350054,0.847,1987,9,15,1987.09,1986,12,350,50,0.0230503140904464,3.476203183560301,0.0130299289580653,0.5700000000000001,3,Normal,40,6,4,3,65,118.0,0.4423019990094433,148.78604271350054,148.78604271350054,,1,148.78604271350054,0.0,0.0,0.0,0.0,0.0,0.0,0.0,0.0,0.0,40.0,6.0,4.0,3.0,65.0,198.7860427135005,990.0,964.767144170854,25.232855829145933,0.1056891292384948,0.0083968136306475,989.8859140571308,0.1433611576632257,0.01,0.01,0.01,24.9754087286136,25.10876988627682,25.10876988627682,25.10876988627682,,0.9387039961717976,0.0,0.0,0.0,34.2091405538016,0.0,0.0,0.0,0.7356804420172386,0.0,0.0,0.0,0.97,0.96,0.96,0.96,33.18286633718755,0.0,0.0,0.0,33.18286633718755,796.3887920925011,0.1243800687610272,6.195112594794896e-05
1987-10-15,1987-10-26,254.284,0.9424159355737844,239.64129376144416,0.89,1987,10,15,1987.1,1987,1,15,3,0.0207050077809887,0.0,0.0,0.44,3,Normal,37,5,3,2,50,97.0,0.4047716421384398,142.64129376144416,142.64129376144416,,1,142.64129376144416,0.0,0.0,0.0,0.0,0.0,0.0,0.0,0.0,0.0,37.0,5.0,3.0,2.0,50.0,187.64129376144416,990.0,964.6378477625686,25.36215223743136,0.101755787135028,0.0078745099697227,989.8903697028952,0.1350657465779496,0.01,0.01,0.01,25.117456193748623,25.24252194032657,25.24252194032657,25.24252194032657,,0.9359227018687948,0.0,0.0,0.0,32.88513309818979,0.0,0.0,0.0,0.707207163401931,0.0,0.0,0.0,0.97,0.96,0.96,0.96,31.898579105244096,0.0,0.0,0.0,31.898579105244096,765.5658985258583,0.1331096932609544,6.211887304487143e-05
1987-11-15,1987-11-26,231.0479,0.97240029822707,224.67104686473823,0.918,1987,11,15,1987.11,1987,2,46,7,0.0194115784491133,1.7080238677426678,0.0076023319051474,0.6,3,Normal,36,5,3,2,47,93.0,0.4139385172135244,131.67104686473823,131.67104686473823,,1,131.67104686473823,0.0,0.0,0.0,0.0,0.0,0.0,0.0,0.0,0.0,36.0,5.0,3.0,2.0,47.0,175.67104686473823,990.0,964.5480262811884,25.451973718811587,0.0975311001268008,0.0069420389835027,989.8955268608896,0.1202559132673966,0.01,0.01,0.01,25.22724466643381,25.337500579701203,25.337500579701203,25.337500579701203,,0.9312988982371956,0.0,0.0,0.0,30.338066318840315,0.0,0.0,0.0,0.6524315337385014,0.0,0.0,0.0,0.97,0.96,0.96,0.96,29.427924329275104,0.0,0.0,0.0,29.427924329275104,706.2701839026025,0.1309822727046445,6.208216323514146e-05
1987-12-15,1987-12-26,424.724,0.9100759486875,386.53109723034976,0.6709999999999999,1987,12,15,1987.12,1987,3,76,11,0.0333962868007022,9.414336389648328,0.0243559611557926,0.6,3,Normal,38,5,4,3,54,104.0,0.2690598524806973,282.53109723034976,282.53109723034976,,2,141.26554861517488,141.26554861517488,0.0,0.0,0.0,0.0,0.0,0.0,0.0,0.0,38.0,5.0,4.0,3.0,54.0,329.53109723034976,990.0,965.3326554861516,24.66734451384832,0.1518335113487388,0.032354677892725,989.8158118107584,0.1332084906304861,0.1332084906304861,0.01,0.01,24.34994783397637,24.34994783397637,24.47315632460685,24.47315632460685,,0.9366119294652474,0.9366119294652474,0.0,0.0,31.596041826967344,31.596041826967344,0.0,0.0,0.679484770472416,0.679484770472416,0.0,0.0,0.97,0.97,0.96,0.96,30.64816057215832,30.64816057215832,0.0,0.0,61.29632114431664,1471.1117074635995,0.1585805685067239,6.026506830693842e-05
1988-01-15,1988-01-26,515.2343,0.8913623235036077,459.2604427967548,0.585,1988,1,15,1988.01,1987,4,107,16,0.0396801022576396,16.46126142762887,0.0358429768681684,0.92,5,Dry,29,5,4,2,33,73.0,0.1589512032768432,386.2604427967548,386.2604427967548,,2,193.1302213983774,193.1302213983774,0.0,0.0,0.0,0.0,0.0,0.0,0.0,0.0,29.0,5.0,4.0,2.0,33.0,424.2604427967548,990.0,965.6666719925854,24.333328007414597,0.1852664365501181,0.0813149290000682,989.7334186344498,0.2032257988878094,0.2032257988878094,0.01,0.01,23.86352084297656,23.86352084297656,24.05674664186437,24.05674664186437,,0.9532544968331348,0.9532544968331348,0.0,0.0,43.08561741326595,43.08561741326595,0.0,0.0,0.9265724174895904,0.9265724174895904,0.0,0.0,0.98,0.98,0.96,0.96,42.22390506500063,42.22390506500063,0.0,0.0,84.44781013000126,2026.7474431200303,0.1838778223870971,6.073033227597321e-05
1988-02-15,1988-02-26,963.4877,0.9186515277026396,885.1094475277025,0.3670000000000001,1988,2,15,1988.02,1987,5,138,20,0.0764734562663935,8.170535620261147,0.0092311020327296,0.92,5,Dry,31,6,4,3,41,85.0,0.0960333213450866,800.1094475277025,800.1094475277025,,3,266.7031491759008,266.7031491759008,266.7031491759008,0.0,0.0,0.0,0.0,0.0,0.0,0.0,31.0,6.0,4.0,3.0,41.0,841.1094475277025,990.0,967.4404377901108,22.55956220988924,0.4249208238770767,0.326252972603408,989.2488262035196,0.28,0.28,0.28,0.01,21.528388413408805,21.528388413408805,21.528388413408805,21.798388413408805,,0.9554955993199796,0.9554955993199796,0.9554955993199796,0.0,53.80306970210428,53.80306970210428,53.80306970210428,0.0,1.1570552624108448,1.1570552624108448,1.1570552624108448,0.0,0.98,0.98,0.98,0.96,48.2,48.2,48.2,0.0,144.60000000000002,3470.4000000000005,0.1633696266647004,5.020146530050311e-05
1988-03-15,1988-03-26,1147.7361,0.9351417914976156,1073.2959927204863,0.312,1988,3,15,1988.03,1987,6,167,24,0.09273277377105,13.298123656398046,0.0123899872417218,0.75,4,Mod_Dry,41,8,7,6,67,129.0,0.1201905167585908,944.2959927204864,944.2959927204864,,4,236.0739981801216,236.0739981801216,236.0739981801216,236.0739981801216,0.0,0.0,0.0,0.0,0.0,0.0,41.0,8.0,7.0,6.0,67.0,1000.2959927204864,990.0,968.1303588342644,21.86964116573563,0.5705786753183886,0.3960392604767153,989.0333820642048,0.2611998975431641,0.2611998975431641,0.2611998975431641,0.2611998975431641,20.64182333239729,20.64182333239729,20.64182333239729,20.64182333239729,,0.9554937354833616,0.9554937354833616,0.9554937354833616,0.9554937354833616,45.66282282677751,45.66282282677751,45.66282282677751,45.66282282677751,0.9819961898231722,0.9819961898231722,0.9819961898231722,0.9819961898231722,0.98,0.98,0.98,0.98,44.74956637024196,44.74956637024196,44.74956637024196,44.74956637024196,178.99826548096783,4295.958371543228,0.1667743723027051,5.2654825176302215e-05
1988-04-15,1988-04-26,2246.7435,1.0085781674414218,2266.0164419409257,0.147,1988,4,15,1988.04,1987,7,198,29,0.1957838205836959,44.070586399662254,0.0194484848317844,0.79,4,Mod_Dry,45,11,10,10,72,148.0,0.0653128535436541,2118.0164419409257,1100.0,,4,275.0,275.0,275.0,275.0,1018.0164419409256,55.0,7.0,15.0,68.78489472573823,872.2315472151876,100.0,18.0,25.0,78.78489472573823,944.2315472151876,1243.0,990.0,971.7421086529608,18.257891347039163,0.9262894125183112,0.648,988.4257105874816,0.28,0.28,0.28,0.28,16.40360193452088,16.40360193452088,16.40360193452088,16.40360193452088,,0.9462108058035626,0.9462108058035626,0.9462108058035626,0.9462108058035626,41.85993199698472,41.85993199698472,41.85993199698472,41.85993199698472,0.9002135913330047,0.9002135913330047,0.9002135913330047,0.9002135913330047,0.98,0.98,0.98,0.98,41.02273335704503,41.02273335704503,41.02273335704503,41.02273335704503,164.0909334281801,3938.1824022763226,0.0724138317759204,4.143710440105558e-05
1988-05-15,1988-05-26,1900.6727,1.0007678191571476,1902.1320729105275,0.186,1988,5,15,1988.05,1987,8,228,33,0.1643442110994695,14.409325028682131,0.007575354642243,0.65,3,Normal,55,13,13,17,178,276.0,0.1451003344776588,1626.1320729105275,1100.0,,4,275.0,275.0,275.0,275.0,526.1320729105275,45.000000000000014,5.000000000000004,12.000000000000004,32.40668565028612,431.72538726024135,100.0,18.0,25.0,49.40668565028612,609.7253872602414,1243.0,990.0,970.7838113124802,19.21618868751977,0.9262894125183112,0.648,988.4257105874816,0.28,0.28,0.28,0.28,17.36189927500149,17.36189927500149,17.36189927500149,17.36189927500149,,0.9491761726437548,0.9491761726437548,0.9491761726437548,0.9491761726437548,44.44423683020121,44.44423683020121,44.44423683020121,44.44423683020121,0.9557900393591658,0.9557900393591658,0.9557900393591658,0.9557900393591658,0.98,0.98,0.98,0.98,43.55535209359719,43.55535209359719,43.55535209359719,43.55535209359719,174.22140837438874,4181.31380098533,0.0915926979285963,4.399530514504767e-05
1988-06-15,1988-06-26,1165.5017,0.9291100950872416,1082.8793953113418,0.307,1988,6,15,1988.06,1987,9,259,37,0.0935607797548999,6.576654173820997,0.0060733025323933,0.59,3,Normal,53,12,12,13,120,210.0,0.1939274132551227,872.8793953113418,872.8793953113418,,4,218.21984882783545,218.21984882783545,218.21984882783545,218.21984882783545,0.0,0.0,0.0,0.0,0.0,0.0,53.0,12.0,12.0,13.0,120.0,949.8793953113418,990.0,968.16047809955,21.83952190045011,0.5244468037666559,0.3614736273306894,989.1140795689026,0.2370967959175778,0.2370967959175778,0.2370967959175778,0.2370967959175778,20.71650467343517,20.71650467343517,20.71650467343517,20.71650467343517,,0.95443596015592,0.95443596015592,0.95443596015592,0.95443596015592,42.3151832713599,42.3151832713599,42.3151832713599,42.3151832713599,0.9100039413195676,0.9100039413195676,0.9100039413195676,0.9100039413195676,0.98,0.98,0.98,0.98,41.4688796059327,41.4688796059327,41.4688796059327,41.4688796059327,165.8755184237308,3981.012442169539,0.1531800486203169,5.278682615603045e-05
1988-07-15,1988-07-26,547.8849,0.8752989863551575,479.5630976092969,0.5630000000000001,1988,7,15,1988.07,1987,10,289,42,0.0414342516334432,6.461928782011513,0.0134746164044425,0.67,3,Normal,50,10,9,9,108,186.0,0.387853028990849,293.5630976092969,293.5630976092969,,2,146.78154880464845,146.78154880464845,0.0,0.0,0.0,0.0,0.0,0.0,0.0,0.0,50.0,10.0,9.0,9.0,108.0,362.5630976092969,990.0,965.7580339392418,24.24196606075816,0.1634915291606229,0.0375617820715881,989.7989466887676,0.1406550908862754,0.1406550908862754,0.01,0.01,23.90025765863961,23.90025765863961,24.03091274952589,24.03091274952589,,0.939582314607978,0.939582314607978,0.0,0.0,32.32567349231963,32.32567349231963,0.0,0.0,0.6951757740283792,0.6951757740283792,0.0,0.0,0.97,0.97,0.96,0.96,31.35590328755004,31.35590328755004,0.0,0.0,62.71180657510008,1505.083357802402,0.1307686243744129,5.933970043484601e-05
1988-08-15,1988-08-26,374.7305,0.908907350449394,340.5953058875766,0.721,1988,8,15,1988.08,1987,11,320,46,0.0294274344286866,0.0,0.0,0.64,3,Normal,47,8,6,5,89,155.0,0.4550855438129915,185.5953058875766,185.5953058875766,,1,185.5953058875766,0.0,0.0,0.0,0.0,0.0,0.0,0.0,0.0,0.0,47.0,8.0,6.0,5.0,89.0,246.5953058875766,990.0,965.102976529438,24.89702347056209,0.122562897349443,0.011525601000444,989.86591150165,0.1930536629482284,0.01,0.01,0.01,24.569881309263952,24.752934972212177,24.752934972212177,24.752934972212177,,0.9506021822069224,0.0,0.0,0.0,42.511609982066815,0.0,0.0,0.0,0.9142281716573508,0.0,0.0,0.0,0.98,0.96,0.96,0.96,41.66137778242548,0.0,0.0,0.0,41.66137778242548,999.8730667782114,0.1223192952523456,6.235397433258726e-05
1988-09-15,1988-09-26,297.4406,0.927655743202664,275.9224808516464,0.8220000000000001,1988,9,15,1988.09,1987,12,351,51,0.0238397023455822,0.0,0.0,0.55,3,Normal,40,6,4,3,65,118.0,0.4276563462164736,157.9224808516464,157.9224808516464,,1,157.9224808516464,0.0,0.0,0.0,0.0,0.0,0.0,0.0,0.0,0.0,40.0,6.0,4.0,3.0,65.0,207.9224808516464,990.0,964.8036899234066,25.196310076593363,0.1089137531213724,0.0091734108723899,989.8819128360064,0.1556953491497226,0.01,0.01,0.01,24.92252756344997,25.068222912599698,25.068222912599698,25.068222912599698,,0.9417114229209368,0.0,0.0,0.0,36.34900948189623,0.0,0.0,0.0,0.7816991286429296,0.0,0.0,0.0,0.97,0.96,0.96,0.96,35.25853919743934,0.0,0.0,0.0,35.25853919743934,846.2049407385441,0.1277842207297222,6.201801423798533e-05
1988-10-15,1988-10-26,224.6649,0.98159746285063,220.53049583159049,0.926,1988,10,15,1988.1,1988,1,15,3,0.0190538348398494,1.7523404535480438,0.0079460232787316,0.43,3,Normal,37,5,3,2,50,97.0,0.4398484646498716,123.53049583159049,123.53049583159049,,1,123.53049583159049,0.0,0.0,0.0,0.0,0.0,0.0,0.0,0.0,0.0,37.0,5.0,3.0,2.0,50.0,168.53049583159049,990.0,964.5231829749896,25.476817025010405,0.0950109688845935,0.0062500921456851,989.8987389389696,0.1092661693726471,0.01,0.01,0.01,25.26628979460746,25.365555963980103,25.365555963980103,25.365555963980103,,0.9275646892016616,0.0,0.0,0.0,28.392168551421246,0.0,0.0,0.0,0.6105842699230376,0.0,0.0,0.0,0.97,0.96,0.96,0.96,27.540403494878607,0.0,0.0,0.0,27.540403494878607,660.9696838770866,0.12488251745423,6.19289352836416e-05
1988-11-15,1988-11-26,301.2308,0.93390939438871,281.3222739992266,0.8160000000000001,1988,11,15,1988.11,1988,2,46,7,0.0243062444735331,7.557836542355176,0.0268654039899306,0.39,2,Mod_Wet,40,6,4,3,53,106.0,0.3767920630425851,175.32227399922658,175.32227399922658,,1,175.32227399922658,0.0,0.0,0.0,0.0,0.0,0.0,0.0,0.0,0.0,40.0,6.0,4.0,3.0,53.0,225.32227399922655,990.0,964.8252890959968,25.174710904003064,0.1150548772498519,0.0106523932899342,989.8742927294604,0.1791850698989559,0.01,0.01,0.01,24.86981856356441,25.03900363346337,25.03900363346337,25.03900363346337,,0.9470975262260368,0.0,0.0,0.0,40.49888939181436,0.0,0.0,0.0,0.8709438578884808,0.0,0.0,0.0,0.977094385788848,0.96,0.96,0.96,39.57123745542535,0.0,0.0,0.0,39.57123745542535,949.7096989302084,0.1406615867733748,6.269602916702592e-05
1988-12-15,1988-12-26,429.4657,0.9060885103777592,389.1339363713416,0.6629999999999999,1988,12,15,1988.12,1988,3,76,11,0.0336211721024839,0.0,0.0,0.41,3,Normal,38,5,4,3,54,104.0,0.267260164892828,285.1339363713416,285.1339363713416,,2,142.5669681856708,142.5669681856708,0.0,0.0,0.0,0.0,0.0,0.0,0.0,0.0,38.0,5.0,4.0,3.0,54.0,332.1339363713416,990.0,965.3456696818566,24.65433031814337,0.1527521340394339,0.0335832179672732,989.8136646479932,0.1349654070506555,0.1349654070506555,0.01,0.01,24.33302955908599,24.33302955908599,24.45799496613664,24.45799496613664,,0.9371915924526444,0.9371915924526444,0.0,0.0,31.884688693407703,31.884688693407703,0.0,0.0,0.6856922299657571,0.6856922299657571,0.0,0.0,0.97,0.97,0.96,0.96,30.92814803260547,30.92814803260547,0.0,0.0,61.85629606521094,1484.5511055650627,0.158958883519691,6.026046804958838e-05
1989-01-15,1989-01-26,653.5614,0.8750395785925671,571.8920920403683,0.4970000000000001,1989,1,15,1989.01,1988,4,107,16,0.0494114767522878,20.893768581771383,0.036534459686665,0.64,3,Normal,41,6,4,3,66,120.0,0.2098297942394516,451.8920920403683,451.8920920403683,,2,225.94604602018416,225.94604602018416,0.0,0.0,0.0,0.0,0.0,0.0,0.0,0.0,41.0,6.0,4.0,3.0,66.0,502.8920920403683,990.0,966.1735144141816,23.826485585818432,0.2130179852587491,0.1122930674430538,989.6746889472984,0.2475271621272486,0.2475271621272486,0.01,0.01,23.253647370989437,23.253647370989437,23.49117453311668,23.49117453311668,,0.958069926638516,0.958069926638516,0.0,0.0,49.36643157669664,49.36643157669664,0.0,0.0,1.0616436898214332,1.0616436898214332,0.0,0.0,0.98,0.98,0.96,0.96,48.2,48.2,0.0,0.0,96.4,2313.6000000000004,0.1685632680390261,5.9257017879803214e-05
1989-02-15,1989-02-26,1352.7466,0.9107314904603608,1231.9889272331854,0.267,1989,2,15,1989.02,1988,5,138,20,0.1064438433129472,106.20045799191416,0.0862024452041304,0.47,3,Normal,43,7,5,4,78,137.0,0.1112022981470102,1094.9889272331854,1094.9889272331854,,4,273.7472318082964,273.7472318082964,273.7472318082964,273.7472318082964,0.0,0.0,0.0,0.0,0.0,0.0,43.0,7.0,5.0,4.0,78.0,1149.9889272331854,990.0,968.6291080570186,21.370891942981416,0.7717333621265824,0.6367250862746673,988.5915415515988,0.28,0.28,0.28,0.28,19.68243349458018,19.68243349458018,19.68243349458018,19.68243349458018,,0.9542185978515084,0.9542185978515084,0.9542185978515084,0.9542185978515084,50.42142379906245,50.42142379906245,50.42142379906245,50.42142379906245,1.0843316946034935,1.0843316946034935,1.0843316946034935,1.0843316946034935,0.98,0.98,0.98,0.98,48.2,48.2,48.2,48.2,192.8,4627.200000000001,0.1564949130127268,4.890967773608412e-05
1989-03-15,1989-03-26,3235.6269,1.037176891822677,3355.917451239844,0.066,1989,3,15,1989.03,1988,6,166,24,0.2899512677871225,0.0,0.0,0.2,2,Mod_Wet,59,11,12,13,144,239.0,0.0712174847780303,3116.917451239844,1100.0,,4,275.0,275.0,275.0,275.0,2016.917451239844,40.99999999999994,7.0,13.0,67.0,1888.917451239844,100.0,18.0,25.0,80.0,2032.917451239844,1243.0,990.0,974.3151584085796,15.684841591420309,0.9262894125183112,0.648,988.4257105874816,0.28,0.28,0.28,0.28,13.830552178902026,13.830552178902026,13.830552178902026,13.830552178902026,,0.9339833130734122,0.9339833130734122,0.9339833130734122,0.9339833130734122,34.8377445075332,34.8377445075332,34.8377445075332,34.8377445075332,0.7491988066136173,0.7491988066136173,0.7491988066136173,0.7491988066136173,0.97,0.97,0.97,0.97,33.7926121723072,33.7926121723072,33.7926121723072,33.7926121723072,135.1704486892288,3244.090768541492,0.0402782400500614,3.4133951689199194e-05
1989-04-15,1989-04-26,3218.6702,1.035277591399259,3332.217132164571,0.067,1989,4,15,1989.04,1988,7,197,29,0.2879035602190189,53.55256926036873,0.0160711523698281,0.49,3,Normal,54,13,14,19,117,217.0,0.0651218067110288,3115.217132164571,1100.0,,4,275.0,275.0,275.0,275.0,2015.217132164571,46.0,5.0,11.0,61.0,1892.217132164571,100.0,18.0,25.0,80.0,2009.217132164571,1243.0,990.0,974.2649363038726,15.73506369612744,0.9262894125183112,0.648,988.4257105874816,0.28,0.28,0.28,0.28,13.880774283609158,13.880774283609158,13.880774283609158,13.880774283609158,,0.934284645701655,0.934284645701655,0.934284645701655,0.934284645701655,34.975529421084595,34.975529421084595,34.975529421084595,34.975529421084595,0.7521619230340773,0.7521619230340773,0.7521619230340773,0.7521619230340773,0.97,0.97,0.97,0.97,33.926263538452055,33.926263538452055,33.926263538452055,33.926263538452055,135.70505415380822,3256.921299691397,0.0407251534853179,3.4268953069143494e-05
1989-05-15,1989-05-26,3304.0166,1.0414612372122911,3441.005216005948,0.061,1989,5,15,1989.05,1988,8,227,33,0.2973028506629138,29.22029678816898,0.0084917909023356,0.09,1,Wet,71,14,18,24,213,340.0,0.0988083361276172,3101.005216005948,1100.0,,4,275.0,275.0,275.0,275.0,2001.005216005948,29.0,4.0,7.0,56.0,1905.005216005948,100.0,18.0,25.0,80.0,2118.005216005948,1243.0,990.0,974.4954634339172,15.50453656608272,0.9262894125183112,0.648,988.4257105874816,0.28,0.28,0.28,0.28,13.650247153564438,13.650247153564438,13.650247153564438,13.650247153564438,,0.9329014829213866,0.9329014829213866,0.9329014829213866,0.9329014829213866,34.34374821996255,34.34374821996255,34.34374821996255,34.34374821996255,0.738575230536829,0.738575230536829,0.738575230536829,0.738575230536829,0.97,0.97,0.97,0.97,33.31343577336367,33.31343577336367,33.31343577336367,33.31343577336367,133.2537430934547,3198.0898342429127,0.0387252371701212,3.3649935124609775e-05
1989-06-15,1989-06-26,1864.4507,0.9977817706837708,1860.314920798596,0.19,1989,6,15,1989.06,1988,9,258,37,0.1607312091569987,41.8171521119316,0.0224785339537997,0.08,1,Wet,67,13,15,17,181,293.0,0.1575002150035011,1567.314920798596,1100.0,,4,275.0,275.0,275.0,275.0,467.314920798596,33.0,5.0,10.000000000000004,27.11383499514038,392.2010858034556,100.0,18.0,25.0,44.11383499514038,573.2010858034555,1243.0,990.0,970.6487097441186,19.351290255881395,0.9262894125183112,0.648,988.4257105874816,0.28,0.28,0.28,0.28,17.49700084336311,17.49700084336311,17.49700084336311,17.49700084336311,,0.94961525274093,0.94961525274093,0.94961525274093,0.94961525274093,44.810799004452846,44.810799004452846,44.810799004452846,44.810799004452846,0.9636730968699536,0.9636730968699536,0.9636730968699536,0.9636730968699536,0.98,0.98,0.98,0.98,43.914583024363786,43.914583024363786,43.914583024363786,43.914583024363786,175.65833209745514,4215.799970338923,0.0944239763566743,4.435816467107453e-05
1989-07-15,1989-07-26,863.9982,0.9020463209442272,779.3663976124346,0.405,1989,7,15,1989.07,1988,10,288,42,0.0673372567537143,38.35828494714815,0.0492172681099128,0.12,2,Mod_Wet,58,11,11,11,136,227.0,0.2912622364723545,552.3663976124346,552.3663976124346,,3,184.12213253747825,184.12213253747825,184.12213253747825,0.0,0.0,0.0,0.0,0.0,0.0,0.0,58.0,11.0,11.0,11.0,136.0,632.3663976124346,990.0,967.0174655904495,22.98253440955034,0.2858888173072435,0.1699807536051063,989.5441304290875,0.1910648789255956,0.1910648789255956,0.1910648789255956,0.01,22.33559995971229,22.33559995971229,22.33559995971229,22.516664838637883,,0.950669674925324,0.950669674925324,0.950669674925324,0.0,38.34175247431524,38.34175247431524,38.34175247431524,0.0,0.8245538166519405,0.8245538166519405,0.8245538166519405,0.0,0.972455381665194,0.972455381665194,0.972455381665194,0.96,37.28564353612262,37.28564353612262,37.28564353612262,0.0,111.85693060836786,2684.5663346008287,0.1435229064930669,5.625137544162598e-05
1989-08-15,1989-08-26,473.647,0.9007401735700734,426.6328809909446,0.62,1989,8,15,1989.08,1988,11,319,46,0.0368610809176176,4.324950671984085,0.0101374058697456,0.29,2,Mod_Wet,54,9,8,6,107,184.0,0.4312841513120631,242.6328809909446,242.6328809909446,,1,242.6328809909446,0.0,0.0,0.0,0.0,0.0,0.0,0.0,0.0,0.0,54.0,9.0,8.0,6.0,107.0,313.6328809909446,990.0,965.5198479644592,24.480152035540755,0.1462225375666515,0.0163737948842302,989.8374036675492,0.2700543893377752,0.01,0.01,0.01,24.047501313752075,24.30755570308985,24.30755570308985,24.30755570308985,,0.954189927694864,0.0,0.0,0.0,54.600062459524885,0.0,0.0,0.0,1.1741948916026856,0.0,0.0,0.0,0.98,0.96,0.96,0.96,48.2,0.0,0.0,0.0,48.2,1156.8000000000002,0.1129776961589209,5.51816754357732e-05
1989-09-15,1989-09-26,339.665,0.9260439379072553,314.5447141692678,0.764,1989,9,15,1989.09,1988,12,350,50,0.0271766633042247,4.396468542288631,0.0139772450282624,0.33,2,Mod_Wet,46,7,6,4,75,138.0,0.4387293563793198,176.54471416926782,176.54471416926782,,1,176.54471416926782,0.0,0.0,0.0,0.0,0.0,0.0,0.0,0.0,0.0,46.0,7.0,6.0,4.0,75.0,235.54471416926785,990.0,964.9727235708464,25.02727642915363,0.1186628006672569,0.0107563007043877,989.8705808986284,0.1808353641285116,0.01,0.01,0.01,24.717021963653423,24.887857327781933,24.887857327781933,24.887857327781933,,0.947708128781687,0.0,0.0,0.0,40.556845451197496,0.0,0.0,0.0,0.8721902247569354,0.0,0.0,0.0,0.9772190224756936,0.96,0.96,0.96,39.63292086651699,0.0,0.0,0.0,39.63292086651699,951.1901007964076,0.1260009120521704,6.235895952448762e-05
1989-10-15,1989-10-26,289.9506,0.935581823043148,271.2725109404546,0.835,1989,10,15,1989.1,1989,1,15,3,0.0234379449452552,7.167323742881081,0.0264211206584597,0.29,2,Mod_Wet,41,6,4,3,56,110.0,0.4054963019240288,161.2725109404546,161.2725109404546,,1,161.2725109404546,0.0,0.0,0.0,0.0,0.0,0.0,0.0,0.0,0.0,41.0,6.0,4.0,3.0,56.0,212.2725109404546,990.0,964.7850900437618,25.214909956238216,0.1104490630248529,0.0094581634299386,989.8800927735452,0.1602178897696137,0.01,0.01,0.01,24.934784840013847,25.085002729783454,25.085002729783454,25.085002729783454,,0.9427111603258502,0.0,0.0,0.0,37.17776867636663,0.0,0.0,0.0,0.7995219070186371,0.0,0.0,0.0,0.97,0.96,0.96,0.96,36.062435616075625,0.0,0.0,0.0,36.062435616075625,865.498454785815,0.1329380389153823,6.211438743200508e-05
1989-11-15,1989-11-26,254.284,0.9424159355737844,239.64129376144416,0.89,1989,11,15,1989.11,1989,2,46,7,0.0207050077809887,0.0,0.0,0.47,3,Normal,36,5,3,2,47,93.0,0.3880800280296381,146.64129376144416,146.64129376144416,,1,146.64129376144416,0.0,0.0,0.0,0.0,0.0,0.0,0.0,0.0,0.0,36.0,5.0,3.0,2.0,47.0,190.64129376144416,990.0,964.6378477625686,25.36215223743136,0.102814584095028,0.0082145099697227,989.8889709059353,0.1404657465779496,0.01,0.01,0.01,25.110657396788664,25.24112314336661,25.24112314336661,25.24112314336661,,0.9375646889647128,0.0,0.0,0.0,33.857454860662706,0.0,0.0,0.0,0.7281173088314561,0.0,0.0,0.0,0.97,0.96,0.96,0.96,32.841731214842824,0.0,0.0,0.0,32.841731214842824,788.2015491562278,0.1370453760257854,6.221101083624452e-05
1989-12-15,1989-12-26,271.7487,0.9523418217225876,258.7976520087449,0.862,1989,12,15,1989.12,1989,3,76,11,0.0223601171335555,0.0,0.0,0.95,5,Dry,26,4,3,2,24,59.0,0.2279773388284309,199.79765200874488,199.79765200874488,,1,199.79765200874488,0.0,0.0,0.0,0.0,0.0,0.0,0.0,0.0,0.0,26.0,4.0,3.0,2.0,24.0,232.79765200874488,990.0,964.735190608035,25.264809391964945,0.1176932548371247,0.0127328004207433,989.869573944742,0.2122268302118056,0.01,0.01,0.01,24.922156506495256,25.12438333670706,25.12438333670706,25.12438333670706,,0.95460693061592,0.0,0.0,0.0,46.61645904541268,0.0,0.0,0.0,1.0025044956002729,0.0,0.0,0.0,0.98,0.96,0.96,0.96,45.68412986450442,0.0,0.0,0.0,45.68412986450442,1096.419116748106,0.1765245144610536,6.351444046458576e-05
1990-01-15,1990-01-26,520.5884,0.8885427859104034,462.56506724863937,0.581,1990,1,15,1990.01,1989,4,107,16,0.0399656218102824,3.304624451884536,0.0071441288715133,0.92,5,Dry,29,5,4,2,33,73.0,0.1578156353963513,389.56506724863937,389.56506724863937,,2,194.78253362431968,194.78253362431968,0.0,0.0,0.0,0.0,0.0,0.0,0.0,0.0,29.0,5.0,4.0,2.0,33.0,427.56506724863937,990.0,965.6815428026188,24.31845719738112,0.1864327410511986,0.0828747117413577,989.7306925472074,0.2054564203928316,0.2054564203928316,0.01,0.01,23.843693324195645,23.843693324195645,24.039149744588475,24.039149744588475,,0.9536876952887242,0.9536876952887242,0.0,0.0,43.43785954614719,43.43785954614719,0.0,0.0,0.9341475171214448,0.9341475171214448,0.0,0.0,0.98,0.98,0.96,0.96,42.569102355224246,42.569102355224246,0.0,0.0,85.13820471044849,2043.316913050764,0.1840567105874528,6.070744863107464e-05
1990-02-15,1990-02-26,799.0771,0.8911326595966059,712.0837013457431,0.433,1990,2,15,1990.02,1989,5,138,20,0.0615240317962722,8.250020921077635,0.0115857460372793,0.77,4,Mod_Dry,36,6,5,4,54,105.0,0.147454575637055,607.0837013457431,607.0837013457431,,3,202.3612337819144,202.3612337819144,202.3612337819144,0.0,0.0,0.0,0.0,0.0,0.0,0.0,36.0,6.0,5.0,4.0,54.0,654.0837013457431,990.0,966.7483348053828,23.25166519461709,0.2982305471540895,0.2065319124989563,989.495237540347,0.2156876656055844,0.2156876656055844,0.2156876656055844,0.01,22.531215069358534,22.531215069358534,22.531215069358534,22.73690273496412,,0.9546689867790464,0.9546689867790464,0.9546689867790464,0.0,42.68776780098193,42.68776780098193,42.68776780098193,0.0,0.9180165118490736,0.9180165118490736,0.9180165118490736,0.0,0.98,0.98,0.98,0.96,41.83401244496229,41.83401244496229,41.83401244496229,0.0,125.50203733488686,3012.048896037285,0.1762461872076341,5.74248278453029e-05
1990-03-15,1990-03-26,939.9208,0.9134042636758518,858.5276662376176,0.375,1990,3,15,1990.03,1989,6,166,24,0.0741767903629301,11.440123972610309,0.0133252828330449,0.95,5,Dry,36,8,6,4,53,107.0,0.1246319765895409,751.5276662376176,751.5276662376176,,3,250.50922207920587,250.50922207920587,250.50922207920587,0.0,0.0,0.0,0.0,0.0,0.0,0.0,36.0,8.0,6.0,4.0,53.0,801.5276662376176,990.0,967.3341106649503,22.665889335049545,0.3887029562680305,0.3027393904590069,989.3085576532728,0.28,0.28,0.28,0.01,21.694446988322483,21.694446988322483,21.694446988322483,21.96444698832248,,0.9568130951336408,0.9568130951336408,0.9568130951336408,0.0,50.99623483681677,50.99623483681677,50.99623483681677,0.0,1.0966932222971348,1.0966932222971348,1.0966932222971348,0.0,0.98,0.98,0.98,0.96,48.2,48.2,48.2,0.0,144.60000000000002,3470.4000000000005,0.1684278861200712,5.344669061586722e-05
1990-04-15,1990-04-26,963.4877,0.9186515277026396,885.1094475277025,0.3670000000000001,1990,4,15,1990.04,1989,7,197,29,0.0764734562663935,0.0,0.0,0.97,5,Dry,40,10,8,5,62,125.0,0.1412254725663039,760.1094475277025,760.1094475277025,,3,253.3698158425675,253.3698158425675,253.3698158425675,0.0,0.0,0.0,0.0,0.0,0.0,0.0,40.0,10.0,8.0,5.0,62.0,818.1094475277025,990.0,967.4404377901108,22.55956220988924,0.4038755114161964,0.306892972603408,989.2892315159804,0.28,0.28,0.28,0.01,21.56879372586954,21.56879372586954,21.56879372586954,21.83879372586954,,0.9565291430573144,0.9565291430573144,0.9565291430573144,0.0,51.26460775360352,51.26460775360352,51.26460775360352,0.0,1.102464682873194,1.102464682873194,1.102464682873194,0.0,0.98,0.98,0.98,0.96,48.2,48.2,48.2,0.0,144.60000000000002,3470.4000000000005,0.1633696266647004,5.284326723909425e-05
1990-05-15,1990-05-26,1069.9044,0.9248279637273736,989.4775076349576,0.333,1990,5,15,1990.05,1989,8,227,33,0.0854908566596603,12.700562625212342,0.0128356253954363,0.97,5,Dry,42,9,8,6,82,147.0,0.1485632557240825,842.4775076349576,842.4775076349576,,4,210.6193769087394,210.6193769087394,210.6193769087394,210.6193769087394,0.0,0.0,0.0,0.0,0.0,0.0,42.0,9.0,8.0,6.0,82.0,901.4775076349576,990.0,967.8579100305398,22.142089969460244,0.4801584189907457,0.3467591136953195,989.173082467314,0.2268361588267982,0.2268361588267982,0.2268361588267982,0.2268361588267982,21.08833627794742,21.08833627794742,21.08833627794742,21.08833627794742,,0.954145339542908,0.954145339542908,0.954145339542908,0.954145339542908,41.56175469747125,41.56175469747125,41.56175469747125,41.56175469747125,0.8938011762897041,0.8938011762897041,0.8938011762897041,0.8938011762897041,0.9793801176289704,0.9793801176289704,0.9793801176289704,0.9793801176289704,40.7047562044758,40.7047562044758,40.7047562044758,40.7047562044758,162.8190248179032,3907.6565956296768,0.1645505062637271,5.368393397329595e-05
1990-06-15,1990-06-26,863.9982,0.9020463209442272,779.3663976124346,0.405,1990,6,15,1990.06,1989,9,258,37,0.0673372567537143,4.37628161095904,0.0056151787200033,0.85,4,Mod_Dry,45,10,9,9,88,161.0,0.2065780619914056,618.3663976124346,618.3663976124346,,3,206.12213253747825,206.12213253747825,206.12213253747825,0.0,0.0,0.0,0.0,0.0,0.0,0.0,45.0,10.0,9.0,9.0,88.0,682.3663976124346,990.0,967.0174655904495,22.98253440955034,0.3143033249238522,0.2140687536051063,989.471627921471,0.2207648789255956,0.2207648789255956,0.2207648789255956,0.01,22.2333974520958,22.2333974520958,22.2333974520958,22.444162331021392,,0.9549219975161012,0.9549219975161012,0.9549219975161012,0.0,42.91776090689073,42.91776090689073,42.91776090689073,0.0,0.9229626001481877,0.9229626001481877,0.9229626001481877,0.0,0.98,0.98,0.98,0.96,42.05940568875291,42.05940568875291,42.05940568875291,0.0,126.17821706625872,3028.277209590209,0.1618984568141529,5.6680804254494666e-05
1990-07-15,1990-07-26,448.7655,0.9091709283658698,408.00454625357366,0.643,1990,7,15,1990.07,1989,10,288,42,0.0352515927963087,5.727836216568846,0.0140386578266434,0.84,4,Mod_Dry,42,9,8,6,70,135.0,0.3308786660335345,273.00454625357366,273.00454625357366,,1,273.00454625357366,0.0,0.0,0.0,0.0,0.0,0.0,0.0,0.0,0.0,42.0,9.0,8.0,6.0,70.0,332.00454625357366,990.0,965.436020458141,24.563979541859,0.1527064682523088,0.0278581458316867,989.819435385916,0.28,0.01,0.01,0.01,24.103414927774992,24.37341492777499,24.37341492777499,24.37341492777499,,0.9388164124728224,0.0,0.0,0.0,60.58537901101353,0.0,0.0,0.0,1.302911376580936,0.0,0.0,0.0,0.98,0.96,0.96,0.96,48.2,0.0,0.0,0.0,48.2,1156.8000000000002,0.1181359385393805,4.904273233769868e-05
1990-08-15,1990-08-26,336.7179,0.9260439379072553,311.8155700798613,0.7659999999999999,1990,8,15,1990.08,1989,11,319,46,0.0269408652549,0.0,0.0,0.8200000000000001,4,Mod_Dry,39,7,5,4,60,115.0,0.3688077537967284,196.8155700798613,196.8155700798613,,1,196.8155700798613,0.0,0.0,0.0,0.0,0.0,0.0,0.0,0.0,0.0,39.0,7.0,5.0,4.0,60.0,247.8155700798613,990.0,964.9590778503992,25.04092214960076,0.122993566443826,0.0124793234567882,989.8645271100994,0.2082010196078127,0.01,0.01,0.01,24.69724824009235,24.89544925970016,24.89544925970016,24.89544925970016,,0.9538278005754478,0.0,0.0,0.0,45.46913531766381,0.0,0.0,0.0,0.9778308670465335,0.0,0.0,0.0,0.98,0.96,0.96,0.96,44.559752611310536,0.0,0.0,0.0,44.559752611310536,1069.434062671453,0.142904193654916,6.288988749048109e-05
1990-09-15,1990-09-26,227.8423,0.9755995102100816,222.2828362851385,0.922,1990,9,15,1990.09,1989,12,350,50,0.0192052370550359,0.0,0.0,0.8300000000000001,4,Mod_Dry,34,6,4,3,44,91.0,0.4093883338939747,131.2828362851385,131.2828362851385,,1,131.2828362851385,0.0,0.0,0.0,0.0,0.0,0.0,0.0,0.0,0.0,34.0,6.0,4.0,3.0,44.0,175.2828362851385,990.0,964.5336970177108,25.466302982289108,0.0973940880662941,0.0069090410842367,989.8956968708496,0.1197318289849369,0.01,0.01,0.01,25.24226802415369,25.351999853138626,25.351999853138626,25.351999853138626,,0.9311210282201466,0.0,0.0,0.0,30.260852512585277,0.0,0.0,0.0,0.6507710217760274,0.0,0.0,0.0,0.97,0.96,0.96,0.96,29.35302693720772,0.0,0.0,0.0,29.35302693720772,704.4726464929852,0.1320526021161365,6.210727026006382e-05
1990-10-15,1990-10-26,224.6649,0.98159746285063,220.53049583159049,0.926,1990,10,15,1990.1,1990,1,15,3,0.0190538348398494,0.0,0.0,0.68,3,Normal,37,5,3,2,50,97.0,0.4398484646498716,123.53049583159049,123.53049583159049,,1,123.53049583159049,0.0,0.0,0.0,0.0,0.0,0.0,0.0,0.0,0.0,37.0,5.0,3.0,2.0,50.0,168.53049583159049,990.0,964.5231829749896,25.476817025010405,0.0950109688845935,0.0062500921456851,989.8987389389696,0.1092661693726471,0.01,0.01,0.01,25.26628979460746,25.365555963980103,25.365555963980103,25.365555963980103,,0.9275646892016616,0.0,0.0,0.0,28.392168551421246,0.0,0.0,0.0,0.6105842699230376,0.0,0.0,0.0,0.97,0.96,0.96,0.96,27.540403494878607,0.0,0.0,0.0,27.540403494878607,660.9696838770866,0.12488251745423,6.19289352836416e-05
1990-11-15,1990-11-26,218.3943,0.9709568849264008,212.05144921368185,0.936,1990,11,15,1990.11,1990,2,46,7,0.0183212452120621,2.776931496248324,0.0130955553784027,0.72,4,Mod_Dry,29,4,2,2,30,67.0,0.3159610568493916,145.05144921368185,145.05144921368185,,1,145.05144921368185,0.0,0.0,0.0,0.0,0.0,0.0,0.0,0.0,0.0,29.0,4.0,2.0,2.0,30.0,180.05144921368185,990.0,964.472308695282,25.527691304717905,0.0990770856903469,0.0080793731831629,989.8928435411264,0.1383194564384705,0.01,0.01,0.01,25.282215389405906,25.41053484584437,25.41053484584437,25.41053484584437,,0.936594097312747,0.0,0.0,0.0,33.684283589449194,0.0,0.0,0.0,0.7243931954720256,0.0,0.0,0.0,0.97,0.96,0.96,0.96,32.67375508176572,0.0,0.0,0.0,32.67375508176572,784.1701219623773,0.1540840923413862,6.257119889162862e-05
1990-12-15,1990-12-26,336.7179,0.9260439379072553,311.8155700798613,0.7659999999999999,1990,12,15,1990.12,1990,3,76,11,0.0269408652549,5.795448202478268,0.0185861411634895,0.81,4,Mod_Dry,31,5,3,2,36,77.0,0.2469408438465051,234.8155700798613,234.8155700798613,,1,234.8155700798613,0.0,0.0,0.0,0.0,0.0,0.0,0.0,0.0,0.0,31.0,5.0,3.0,2.0,36.0,273.8155700798613,990.0,964.9590778503992,25.04092214960076,0.132169773141322,0.0157093234567882,989.852120903402,0.2595010196078127,0.01,0.01,0.01,24.633542033394843,24.883043053002652,24.883043053002652,24.883043053002652,,0.9582210224325558,0.0,0.0,0.0,54.35733394634012,0.0,0.0,0.0,1.168974923577207,0.0,0.0,0.0,0.98,0.96,0.96,0.96,48.2,0.0,0.0,0.0,48.2,1156.8000000000002,0.1545785542000201,5.701874404808548e-05
1991-01-15,1991-01-26,547.8849,0.8752989863551575,479.5630976092969,0.5630000000000001,1991,1,15,1991.01,1990,4,107,16,0.0414342516334432,7.070389229090267,0.0147433971970265,0.91,5,Dry,29,5,4,2,33,73.0,0.1522218877222149,406.5630976092969,406.5630976092969,,2,203.28154880464845,203.28154880464845,0.0,0.0,0.0,0.0,0.0,0.0,0.0,0.0,29.0,5.0,4.0,2.0,33.0,444.5630976092969,990.0,965.7580339392418,24.24196606075816,0.1924318733604181,0.0908977820715881,989.716670344568,0.2169300908862754,0.2169300908862754,0.01,0.01,23.741706314439885,23.741706314439885,23.94863640532616,23.94863640532616,,0.955467181290181,0.955467181290181,0.0,0.0,45.22352003556812,45.22352003556812,0.0,0.0,0.9725488179692068,0.9725488179692068,0.0,0.0,0.98,0.98,0.96,0.96,44.31904963485676,44.31904963485676,0.0,0.0,88.63809926971352,2127.3143824731246,0.1848309423965051,6.0560573220662285e-05
1991-02-15,1991-02-26,979.4038,0.924461588505012,905.4211927358452,0.359,1991,2,15,1991.02,1990,5,138,20,0.078228391052377,28.48228082840388,0.0314574929954323,0.68,3,Normal,43,7,5,4,78,137.0,0.151310794466868,768.4211927358452,768.4211927358452,,3,256.1403975786151,256.1403975786151,256.1403975786151,0.0,0.0,0.0,0.0,0.0,0.0,0.0,43.0,7.0,5.0,4.0,78.0,823.4211927358452,990.0,967.5216847709434,22.478315229056648,0.4087358304430637,0.3109158572841491,989.2803483122728,0.28,0.28,0.28,0.01,21.478663541329382,21.478663541329382,21.478663541329382,21.748663541329385,,0.956326521270537,0.956326521270537,0.956326521270537,0.0,51.5976870017249,51.5976870017249,51.5976870017249,0.0,1.1096276774564495,1.1096276774564495,1.1096276774564495,0.0,0.98,0.98,0.98,0.96,48.2,48.2,48.2,0.0,144.60000000000002,3470.4000000000005,0.159704677955541,5.227167996715375e-05
1991-03-15,1991-03-26,2273.8406,1.008849609181632,2293.9632006513275,0.144,1991,3,15,1991.03,1990,6,166,24,0.1981984205362747,27.94675871040181,0.0121827406396348,0.45,3,Normal,49,9,9,9,107,183.0,0.0797746014182095,2110.9632006513275,1100.0,,4,275.0,275.0,275.0,275.0,1010.9632006513276,51.0,9.0,16.0,49.71950167137676,885.2436989799508,100.0,18.0,25.0,58.71950167137676,992.2436989799508,1243.0,990.0,971.8095663463996,18.19043365360028,0.9262894125183112,0.648,988.4257105874816,0.28,0.28,0.28,0.28,16.336144241081996,16.336144241081996,16.336144241081996,16.336144241081996,,0.946008432723246,0.946008432723246,0.946008432723246,0.946008432723246,41.67887236076106,41.67887236076106,41.67887236076106,41.67887236076106,0.8963198357152916,0.8963198357152916,0.8963198357152916,0.8963198357152916,0.9796319835715293,0.9796319835715293,0.9796319835715293,0.9796319835715293,40.82995640379694,40.82995640379694,40.82995640379694,40.82995640379694,163.31982561518777,3919.6758147645055,0.0711954862958639,4.12423802058555e-05
1991-04-15,1991-04-26,1888.5499,0.9960254141200148,1881.0436962338129,0.188,1991,4,15,1991.04,1990,7,197,29,0.1625221753546014,0.0,0.0,0.74,4,Mod_Dry,45,11,10,10,72,148.0,0.0786797246105035,1733.0436962338129,1100.0,,4,275.0,275.0,275.0,275.0,633.0436962338129,55.0,7.0,15.0,42.77322271850087,513.270473515312,100.0,18.0,25.0,52.77322271850087,585.270473515312,1243.0,990.0,970.7156796339862,19.284320366013844,0.9262894125183112,0.648,988.4257105874816,0.28,0.28,0.28,0.28,17.43003095349556,17.43003095349556,17.43003095349556,17.43003095349556,,0.9493976005988604,0.9493976005988604,0.9493976005988604,0.9493976005988604,44.62905402660308,44.62905402660308,44.62905402660308,44.62905402660308,0.9597646027226469,0.9597646027226469,0.9597646027226469,0.9597646027226469,0.98,0.98,0.98,0.98,43.73647294607102,43.73647294607102,43.73647294607102,43.73647294607102,174.94589178428407,4198.701402822818,0.0930046931576109,4.417825550108184e-05
1991-05-15,1991-05-26,1623.0388,0.9609360770575194,1559.6365373841434,0.223,1991,5,15,1991.05,1990,8,227,33,0.13475259682999,10.678055418403344,0.0068465024782715,0.8,4,Mod_Dry,47,10,10,10,115,192.0,0.1231056053111109,1367.6365373841434,1100.0,,4,275.0,275.0,275.0,275.0,267.63653738414337,53.0,8.0,13.939402988757468,13.939402988757468,178.7577314066285,100.0,18.0,23.939402988757468,23.939402988757468,293.75773140662847,1241.9394029887576,990.0,969.6772872746257,20.322712725374345,0.9235421116875696,0.648,988.4284578883124,0.28,0.28,0.28,0.28,18.47117061368678,18.47117061368678,18.47117061368678,18.47117061368678,,0.9518389632671084,0.9518389632671084,0.9518389632671084,0.9518389632671084,47.41647792871747,47.41647792871747,47.41647792871747,47.41647792871747,1.0197092027681176,1.0197092027681176,1.0197092027681176,1.0197092027681176,0.98,0.98,0.98,0.98,46.46814837014312,46.46814837014312,46.46814837014312,46.46814837014312,185.87259348057248,4460.942243533739,0.1191768652665204,4.693752360620517e-05
1991-06-15,1991-06-26,724.0169999999998,0.8797110956815125,636.9257883620418,0.466,1991,6,15,1991.06,1990,9,258,37,0.0550303881144804,29.88053542322768,0.0469136844028098,0.86,4,Mod_Dry,45,10,9,9,88,161.0,0.2527767016845678,475.92578836204177,475.92578836204177,,2,237.96289418102089,237.96289418102089,0.0,0.0,0.0,0.0,0.0,0.0,0.0,0.0,45.0,10.0,9.0,9.0,88.0,539.9257883620418,990.0,966.4477031534482,23.552296846551823,0.2333557293946587,0.1236369721068837,989.6430072984984,0.2637499071443782,0.2637499071443782,0.01,0.01,22.931554237905893,22.931554237905893,23.18530414505027,23.18530414505027,,0.9566052427986896,0.9566052427986896,0.0,0.0,51.19342539955556,51.19342539955556,0.0,0.0,1.1009338795603345,1.1009338795603345,0.0,0.0,0.98,0.98,0.96,0.96,48.2,48.2,0.0,0.0,96.4,2313.6000000000004,0.1513520126856667,5.626460770267748e-05
1991-07-15,1991-07-26,406.0875,0.9120318780949216,370.3647452958713,0.6890000000000001,1991,7,15,1991.07,1990,10,288,42,0.0319995139935632,2.645380086578029,0.0071426347139621,0.91,5,Dry,37,8,6,4,53,108.0,0.2916044288009179,262.3647452958713,262.3647452958713,,1,262.3647452958713,0.0,0.0,0.0,0.0,0.0,0.0,0.0,0.0,0.0,37.0,8.0,6.0,4.0,53.0,313.3647452958713,990.0,965.2518237264792,24.7481762735207,0.1461279041604603,0.0228361597796512,989.8310359360598,0.28,0.01,0.01,0.01,24.29921220958053,24.56921220958053,24.56921220958053,24.56921220958053,,0.9479611927529044,0.0,0.0,0.0,59.26890849342401,0.0,0.0,0.0,1.2746001826542797,0.0,0.0,0.0,0.98,0.96,0.96,0.96,48.2,0.0,0.0,0.0,48.2,1156.8000000000002,0.1301419765574467,5.103158533662787e-05
1991-08-15,1991-08-26,305.0513,0.9297058187130764,283.6079686159883,0.8130000000000001,1991,8,15,1991.08,1990,11,319,46,0.0245037284884213,3.5791013442452027,0.0126198899195649,0.9,4,Mod_Dry,39,7,5,4,60,115.0,0.4054893117467819,168.60796861598828,168.60796861598828,,1,168.60796861598828,0.0,0.0,0.0,0.0,0.0,0.0,0.0,0.0,0.0,39.0,7.0,5.0,4.0,60.0,219.60796861598828,990.0,964.834431874464,25.165568125536083,0.1130380567986625,0.010081677332359,989.876880265869,0.1701207576315842,0.01,0.01,0.01,24.87232763377348,25.032448391405055,25.032448391405055,25.032448391405055,,0.9450493036251189,0.0,0.0,0.0,38.867597067797305,0.0,0.0,0.0,0.8358623025332754,0.0,0.0,0.0,0.9735862302533276,0.96,0.96,0.96,37.84095730824206,0.0,0.0,0.0,37.84095730824206,908.1829753978096,0.1334269889978993,6.234211298759753e-05
1991-09-15,1991-09-26,227.8423,0.9755995102100816,222.2828362851385,0.922,1991,9,15,1991.09,1990,12,350,50,0.0192052370550359,0.0,0.0,0.8300000000000001,4,Mod_Dry,34,6,4,3,44,91.0,0.4093883338939747,131.2828362851385,131.2828362851385,,1,131.2828362851385,0.0,0.0,0.0,0.0,0.0,0.0,0.0,0.0,0.0,34.0,6.0,4.0,3.0,44.0,175.2828362851385,990.0,964.5336970177108,25.466302982289108,0.0973940880662941,0.0069090410842367,989.8956968708496,0.1197318289849369,0.01,0.01,0.01,25.24226802415369,25.351999853138626,25.351999853138626,25.351999853138626,,0.9311210282201466,0.0,0.0,0.0,30.260852512585277,0.0,0.0,0.0,0.6507710217760274,0.0,0.0,0.0,0.97,0.96,0.96,0.96,29.35302693720772,0.0,0.0,0.0,29.35302693720772,704.4726464929852,0.1320526021161365,6.210727026006382e-05
1991-10-15,1991-10-26,188.6959,1.0242652879741163,193.27466035303507,0.97,1991,10,15,1991.1,1991,1,15,3,0.0166989306545022,0.3794232785513429,0.0019631299719181,0.81,4,Mod_Dry,31,4,3,2,33,73.0,0.377700831897251,120.27466035303507,120.27466035303507,,1,120.27466035303507,0.0,0.0,0.0,0.0,0.0,0.0,0.0,0.0,0.0,31.0,4.0,3.0,2.0,33.0,158.27466035303507,990.0,964.413450679294,25.586549320706126,0.0913913530756087,0.0059733461300079,989.9026353007944,0.1048707914765973,0.01,0.01,0.01,25.384313830023903,25.479184621500497,25.479184621500497,25.479184621500497,,0.9250467467582654,0.0,0.0,0.0,27.697587763254788,0.0,0.0,0.0,0.595647048672146,0.0,0.0,0.0,0.97,0.96,0.96,0.96,26.866660130357143,0.0,0.0,0.0,26.866660130357143,644.7998431285714,0.1390076696100904,6.20493221549397e-05
1991-11-15,1991-11-26,278.9403,0.9468161724841248,264.1051871975735,0.852,1991,11,15,1991.11,1991,2,46,7,0.0228186881738703,0.0,0.0,0.56,3,Normal,36,5,3,2,47,93.0,0.352132424913063,171.1051871975735,171.1051871975735,,1,171.1051871975735,0.0,0.0,0.0,0.0,0.0,0.0,0.0,0.0,0.0,36.0,5.0,3.0,2.0,47.0,215.1051871975735,990.0,964.7564207487904,25.243579251209667,0.1114488344797902,0.0102939409117937,989.8782572246084,0.1734920027167242,0.01,0.01,0.01,24.948344473101372,25.111836475818095,25.111836475818095,25.111836475818095,,0.9456854005337112,0.0,0.0,0.0,39.5904366430393,0.0,0.0,0.0,0.8514072396352537,0.0,0.0,0.0,0.9751407239635254,0.96,0.96,0.96,38.60624705012543,0.0,0.0,0.0,38.60624705012543,926.5499292030102,0.146177541833908,6.267464879098538e-05
1991-12-15,1991-12-26,605.1438,0.8886028945088347,537.7325322740754,0.526,1991,12,15,1991.12,1991,3,76,11,0.0464600907884801,4.276218276206691,0.0079523146165669,0.62,3,Normal,38,5,4,3,54,104.0,0.1934047017021327,433.7325322740754,433.7325322740754,,2,216.8662661370377,216.8662661370377,0.0,0.0,0.0,0.0,0.0,0.0,0.0,0.0,38.0,5.0,4.0,3.0,54.0,480.7325322740754,990.0,966.0197963952334,23.980203604766643,0.2051971890764022,0.1037217552333636,989.6910810556902,0.2352694592850009,0.2352694592850009,0.01,0.01,23.43601520117188,23.43601520117188,23.661284660456875,23.661284660456875,,0.9571796674989452,0.9571796674989452,0.0,0.0,47.70983750117846,47.70983750117846,0.0,0.0,1.0260180107780317,1.0260180107780317,0.0,0.0,0.98,0.98,0.96,0.96,46.75564075115489,46.75564075115489,0.0,0.0,93.5112815023098,2244.270756055435,0.173899245237869,5.988795868429351e-05
1992-01-15,1992-01-26,611.0679,0.8869861279741288,542.0087505502821,0.523,1992,1,15,1992.01,1991,4,107,16,0.0468295560475443,0.0,0.0,0.72,4,Mod_Dry,34,5,4,3,45,91.0,0.1678939683309742,451.0087505502821,451.0087505502821,,2,225.50437527514103,225.50437527514103,0.0,0.0,0.0,0.0,0.0,0.0,0.0,0.0,34.0,5.0,4.0,3.0,45.0,494.0087505502821,990.0,966.0390393774762,23.96096062252377,0.2098827784250002,0.1118761302597331,989.6782410913152,0.2469309066214404,0.2469309066214404,0.01,0.01,23.392270807217603,23.392270807217603,23.62920171383904,23.62920171383904,,0.9581811629957824,0.9581811629957824,0.0,0.0,49.5694024773576,49.5694024773576,0.0,0.0,1.0660086554270451,1.0660086554270451,0.0,0.0,0.98,0.98,0.96,0.96,48.2,48.2,0.0,0.0,96.4,2313.6000000000004,0.177856907111054,5.937307811679006e-05
1992-02-15,1992-02-26,737.3183,0.8872912629151888,654.21608557748,0.458,1992,2,15,1992.02,1991,5,138,20,0.0565242697938942,0.0,0.0,0.89,4,Mod_Dry,36,6,5,4,54,105.0,0.1604974293888172,549.21608557748,549.21608557748,,2,274.60804278874,274.60804278874,0.0,0.0,0.0,0.0,0.0,0.0,0.0,0.0,36.0,6.0,5.0,4.0,54.0,596.21608557748,990.0,966.51686434231,23.483135657690127,0.2653449509740435,0.1678763451657566,989.5667787038602,0.28,0.28,0.01,0.01,22.76991436155035,22.76991436155035,23.03991436155035,23.03991436155035,,0.9471216758492804,0.9471216758492804,0.0,0.0,58.07899938689823,58.07899938689823,0.0,0.0,1.2490107395031878,1.2490107395031878,0.0,0.0,0.98,0.98,0.96,0.96,48.2,48.2,0.0,0.0,96.4,2313.6000000000004,0.1473519256483998,4.8756361077119503e-05
1992-03-15,1992-03-26,955.5912,0.91769253620946,876.9389119074414,0.3720000000000001,1992,3,15,1992.03,1991,6,167,24,0.0757675219888029,14.923077787720104,0.0170172375579283,0.92,5,Dry,36,8,6,4,53,107.0,0.1220153405751637,769.9389119074414,769.9389119074414,,3,256.64630396914714,256.64630396914714,256.64630396914714,0.0,0.0,0.0,0.0,0.0,0.0,0.0,36.0,8.0,6.0,4.0,53.0,819.9389119074414,990.0,967.4077556476298,22.592244352370244,0.4055494961773988,0.3116504333632016,989.2828000704594,0.28,0.28,0.28,0.01,21.59504442282966,21.59504442282966,21.59504442282966,21.86504442282966,,0.9562511509121924,0.9562511509121924,0.9562511509121924,0.0,51.97563289899664,51.97563289899664,51.97563289899664,0.0,1.1177555462149815,1.1177555462149815,1.1177555462149815,0.0,0.98,0.98,0.98,0.96,48.2,48.2,48.2,0.0,144.60000000000002,3470.4000000000005,0.1648917593193335,5.2168640973292346e-05
1992-04-15,1992-04-26,916.7204,0.9105214280240044,834.6935677067364,0.383,1992,4,15,1992.04,1991,7,198,29,0.072117524249862,15.41962697148881,0.01847339858369,0.98,5,Dry,40,10,8,5,62,125.0,0.1497555568128181,709.6935677067364,709.6935677067364,,3,236.5645225689121,236.5645225689121,236.5645225689121,0.0,0.0,0.0,0.0,0.0,0.0,0.0,40.0,10.0,8.0,5.0,62.0,767.6935677067364,990.0,967.2387742708268,22.76122572917313,0.3627939154148163,0.2750753032280999,989.3621307813572,0.2618621054680314,0.2618621054680314,0.2618621054680314,0.01,21.861494405062214,21.861494405062214,21.861494405062214,22.11335651053024,,0.9568914328940348,0.9568914328940348,0.9568914328940348,0.0,48.53229471404872,48.53229471404872,48.53229471404872,0.0,1.0437052626677146,1.0437052626677146,1.0437052626677146,0.0,0.98,0.98,0.98,0.96,47.56164881976775,47.56164881976775,47.56164881976775,0.0,142.68494645930323,3424.438715023278,0.1709429088465607,5.584763502631115e-05
1992-05-15,1992-05-26,878.8611,0.9037319275970654,794.2548359930772,0.399,1992,5,15,1992.05,1991,8,228,33,0.0686236178298018,6.770307735593632,0.0085241001109279,0.99,5,Dry,42,9,8,6,82,147.0,0.1850791374989893,647.2548359930772,647.2548359930772,,3,215.7516119976924,215.7516119976924,215.7516119976924,0.0,0.0,0.0,0.0,0.0,0.0,0.0,42.0,9.0,8.0,6.0,82.0,706.2548359930772,990.0,967.0770193439724,22.92298065602768,0.3278788892101653,0.2333662304433756,989.4387548803464,0.2337646761968847,0.2337646761968847,0.2337646761968847,0.01,22.12797086017723,22.12797086017723,22.12797086017723,22.35173553637411,,0.9560319156253576,0.9560319156253576,0.9560319156253576,0.0,44.7617163005565,44.7617163005565,44.7617163005565,0.0,0.9626175548506776,0.9626175548506776,0.9626175548506776,0.0,0.98,0.98,0.98,0.96,43.86648197454537,43.86648197454537,43.86648197454537,0.0,131.59944592363613,3158.386702167267,0.165689196917629,5.6477602966639646e-05
1992-06-15,1992-06-26,488.9841,0.8998924733267547,440.0331111664572,0.609,1992,6,15,1992.06,1991,9,259,37,0.0380188608047818,2.766070202668743,0.0062860501459454,0.95,5,Dry,39,9,7,5,59,119.0,0.2704341945644728,321.0331111664572,321.0331111664572,,2,160.5165555832286,160.5165555832286,0.0,0.0,0.0,0.0,0.0,0.0,0.0,0.0,39.0,9.0,7.0,5.0,59.0,376.0331111664572,990.0,965.580149000249,24.41985099975102,0.168245514876722,0.0505276284705678,989.7812268566528,0.1591973500373586,0.1591973500373586,0.01,0.01,24.04188050636633,24.04188050636633,24.191077856403684,24.191077856403684,,0.944002557420916,0.944002557420916,0.0,0.0,35.727295048792406,35.727295048792406,0.0,0.0,0.7683289257804818,0.7683289257804818,0.0,0.0,0.97,0.97,0.96,0.96,34.65547619732863,34.65547619732863,0.0,0.0,69.31095239465726,1663.4628574717744,0.1575130385323164,5.997213889213579e-05
1992-07-15,1992-07-26,353.2963,0.921778111561846,325.6607962357874,0.746,1992,7,15,1992.07,1991,10,289,42,0.028137092794772,0.0,0.0,0.96,5,Dry,37,8,6,4,53,108.0,0.3316334088976587,217.66079623578744,217.66079623578744,,1,217.66079623578744,0.0,0.0,0.0,0.0,0.0,0.0,0.0,0.0,0.0,37.0,8.0,6.0,4.0,53.0,268.6607962357874,990.0,965.028303981179,24.971696018821035,0.1303504935154733,0.0142511676800419,989.8553983388044,0.236342074918313,0.01,0.01,0.01,24.59075228270716,24.817094357625468,24.817094357625468,24.817094357625468,,0.9578466632159048,0.0,0.0,0.0,50.27901009644681,0.0,0.0,0.0,1.0812690343321896,0.0,0.0,0.0,0.98,0.96,0.96,0.96,48.2,0.0,0.0,0.0,48.2,1156.8000000000002,0.1480067621191403,6.151263397192109e-05
1992-08-15,1992-08-26,271.7487,0.9523418217225876,258.7976520087449,0.862,1992,8,15,1992.08,1991,11,320,46,0.0223601171335555,0.0,0.0,0.95,5,Dry,34,7,5,3,44,93.0,0.3593541103566793,165.79765200874488,165.79765200874488,,1,165.79765200874488,0.0,0.0,0.0,0.0,0.0,0.0,0.0,0.0,0.0,34.0,7.0,5.0,3.0,44.0,211.79765200874488,990.0,964.735190608035,25.264809391964945,0.1102814651908779,0.0098428004207433,989.8798757343884,0.1663268302118056,0.01,0.01,0.01,24.978358296141547,25.13468512635335,25.13468512635335,25.13468512635335,,0.9440175040315708,0.0,0.0,0.0,38.34078613856429,0.0,0.0,0.0,0.8245330352379417,0.0,0.0,0.0,0.972453303523794,0.96,0.96,0.96,37.284624140146136,0.0,0.0,0.0,37.284624140146136,894.8309793635073,0.144068633740488,6.246674734804579e-05
1992-09-15,1992-09-26,200.2476,0.9942319359830292,199.0925590239552,0.959,1992,9,15,1992.09,1991,12,351,51,0.0172015970996697,1.155423244384593,0.0058034476529359,0.94,5,Dry,30,6,4,2,30,72.0,0.361640838577683,127.0925590239552,127.0925590239552,,1,127.0925590239552,0.0,0.0,0.0,0.0,0.0,0.0,0.0,0.0,0.0,30.0,6.0,4.0,2.0,30.0,167.0925590239552,990.0,964.401814881952,25.598185118047923,0.0945034745110614,0.0065528675170361,989.898943657972,0.1140749546823395,0.01,0.01,0.01,25.38305382133751,25.487128776019848,25.487128776019848,25.487128776019848,,0.9292535425522084,0.0,0.0,0.0,29.39929525794123,0.0,0.0,0.0,0.6322429087729297,0.0,0.0,0.0,0.97,0.96,0.96,0.96,28.517316400202997,0.0,0.0,0.0,28.517316400202997,684.4155936048719,0.1432364752354794,6.232840725428367e-05
1992-10-15,1992-10-26,154.0815,1.0635632001099886,163.87541321774722,0.991,1992,10,15,1992.1,1992,1,15,3,0.0141588357020133,0.0,0.0,0.95,5,Dry,24,4,2,2,20,52.0,0.3173142265759275,111.87541321774722,111.87541321774722,,1,111.87541321774722,0.0,0.0,0.0,0.0,0.0,0.0,0.0,0.0,0.0,24.0,4.0,2.0,2.0,20.0,141.87541321774722,990.0,964.4722491735644,25.52775082643552,0.0856035287378982,0.0052594101235085,989.9091370611386,0.0935318078439587,0.01,0.01,0.01,25.34335607973017,25.42688788757413,25.42688788757413,25.42688788757413,,0.9192660151143704,0.0,0.0,0.0,25.56104954879096,0.0,0.0,0.0,0.5496999902965798,0.0,0.0,0.0,0.97,0.96,0.96,0.96,24.79421806232723,0.0,0.0,0.0,24.79421806232723,595.0612334958535,0.1512991947692742,6.156207693003937e-05
1992-11-15,1992-11-26,203.2033,0.9854563497164652,200.2479822683398,0.956,1992,11,15,1992.11,1992,2,46,7,0.0173014256679845,0.9221305502795192,0.0046049430303064,0.75,4,Mod_Dry,29,4,2,2,30,67.0,0.3345851440850849,133.2479822683398,133.2479822683398,,1,133.2479822683398,0.0,0.0,0.0,0.0,0.0,0.0,0.0,0.0,0.0,29.0,4.0,2.0,2.0,30.0,168.2479822683398,990.0,964.40148789361,25.59851210638999,0.094911260717284,0.0070760784928088,989.89801266079,0.1223847760622587,0.01,0.01,0.01,25.37413999111769,25.486524767179947,25.486524767179947,25.486524767179947,,0.9317176817189712,0.0,0.0,0.0,30.89406171979357,0.0,0.0,0.0,0.6643884240815822,0.0,0.0,0.0,0.97,0.96,0.96,0.96,29.96723986819976,0.0,0.0,0.0,29.96723986819976,719.2137568367943,0.1496506458079689,6.24717399469397e-05
1992-12-15,1992-12-26,308.9022,0.9297022486736368,287.1870699602335,0.8029999999999999,1992,12,15,1992.12,1992,3,76,11,0.0248129628445641,3.5791013442452027,0.0124626131139566,0.96,5,Dry,26,4,3,2,24,59.0,0.2054410040402225,228.1870699602335,228.1870699602335,,1,228.1870699602335,0.0,0.0,0.0,0.0,0.0,0.0,0.0,0.0,0.0,26.0,4.0,3.0,2.0,24.0,261.1870699602335,990.0,964.848748279841,25.151251720159053,0.1277127836268198,0.0151459009466198,989.8571413154264,0.2505525444463152,0.01,0.01,0.01,24.757840491139213,24.99839303558553,24.99839303558553,24.99839303558553,,0.9590708616883312,0.0,0.0,0.0,53.1365297975422,0.0,0.0,0.0,1.142721070914886,0.0,0.0,0.0,0.98,0.96,0.96,0.96,48.2,0.0,0.0,0.0,48.2,1156.8000000000002,0.167834854148114,5.867505503805362e-05
1993-01-15,1993-01-26,429.4657,0.9060885103777592,389.1339363713416,0.6629999999999999,1993,1,15,1993.01,1992,4,107,16,0.0336211721024839,12.017175530640204,0.0308818491717784,0.97,5,Dry,29,5,4,2,33,73.0,0.1875960772805427,316.1339363713416,316.1339363713416,,2,158.0669681856708,158.0669681856708,0.0,0.0,0.0,0.0,0.0,0.0,0.0,0.0,29.0,5.0,4.0,2.0,33.0,354.1339363713416,990.0,965.3456696818566,24.65433031814337,0.1605166166296229,0.0482152179672732,989.7912681654032,0.1558904070506555,0.1558904070506555,0.01,0.01,24.289708076495863,24.289708076495863,24.43559848354652,24.43559848354652,,0.942845103017188,0.942845103017188,0.0,0.0,35.501153792209735,35.501153792209735,0.0,0.0,0.763465672950747,0.763465672950747,0.0,0.0,0.97,0.97,0.96,0.96,34.43611917844344,34.43611917844344,0.0,0.0,68.87223835688688,1652.933720565285,0.176988517113459,6.05160506997431e-05
1993-02-15,1993-02-26,924.4132,0.9124994692702046,843.5265543863715,0.38,1993,2,15,1993.02,1992,5,138,20,0.0728806942989824,91.86096623039477,0.1089010959438254,0.96,5,Dry,31,6,4,3,41,85.0,0.1007674264171016,758.5265543863715,758.5265543863715,,3,252.84218479545717,252.84218479545717,252.84218479545717,0.0,0.0,0.0,0.0,0.0,0.0,0.0,31.0,6.0,4.0,3.0,41.0,799.5265543863715,990.0,967.2741062175454,22.72589378245459,0.3868719117385242,0.3061268523230038,989.3070012359384,0.28,0.28,0.28,0.01,21.75289501839299,21.75289501839299,21.75289501839299,22.02289501839299,,0.9565933781972802,0.9565933781972802,0.9565933781972802,0.0,51.59797621900674,51.59797621900674,51.59797621900674,0.0,1.1096338971829407,1.1096338971829407,1.1096338971829407,0.0,0.98,0.98,0.98,0.96,48.2,48.2,48.2,0.0,144.60000000000002,3470.4000000000005,0.1714231748225047,5.295354056412762e-05
1993-03-15,1993-03-26,1156.5974,0.9338086699838878,1080.0406798008228,0.311,1993,3,15,1993.03,1992,6,166,24,0.093315514734791,13.692555692460244,0.0126778147791483,0.8200000000000001,4,Mod_Dry,41,8,7,6,67,129.0,0.1194399455618558,951.0406798008228,951.0406798008228,,4,237.7601699502057,237.7601699502057,237.7601699502057,237.7601699502057,0.0,0.0,0.0,0.0,0.0,0.0,41.0,8.0,7.0,6.0,67.0,1007.0406798008228,990.0,968.1515564222312,21.84844357776888,0.5767501556251948,0.3993036890235982,989.0239461553512,0.2634762294327777,0.2634762294327777,0.2634762294327777,0.2634762294327777,20.608913503687365,20.608913503687365,20.608913503687365,20.608913503687365,,0.955507276838381,0.955507276838381,0.955507276838381,0.955507276838381,45.91630133306567,45.91630133306567,45.91630133306567,45.91630133306567,0.987447340496036,0.987447340496036,0.987447340496036,0.987447340496036,0.98,0.98,0.98,0.98,44.99797530640436,44.99797530640436,44.99797530640436,44.99797530640436,179.99190122561745,4319.805629414818,0.166652890573354,5.257162117494318e-05
1993-04-15,1993-04-26,2766.3764,1.0193217385998146,2819.8276016694963,0.1,1993,4,15,1993.04,1992,7,197,29,0.2436331047842445,9.421183101182578,0.0033410493235844,0.67,3,Normal,54,13,14,19,117,217.0,0.0769550591928115,2602.8276016694963,1100.0,,4,275.0,275.0,275.0,275.0,1502.8276016694963,46.0,5.0,11.0,61.0,1379.8276016694963,100.0,18.0,25.0,80.0,1496.8276016694963,1243.0,990.0,973.0788942109264,16.921105789073636,0.9262894125183112,0.648,988.4257105874816,0.28,0.28,0.28,0.28,15.066816376555352,15.066816376555352,15.066816376555352,15.066816376555352,,0.9412672655062212,0.9412672655062212,0.9412672655062212,0.9412672655062212,38.24774579230869,38.24774579230869,38.24774579230869,38.24774579230869,0.822532167576531,0.822532167576531,0.822532167576531,0.822532167576531,0.9722532167576532,0.9722532167576532,0.9722532167576532,0.9722532167576532,37.18649388030112,37.18649388030112,37.18649388030112,37.18649388030112,148.74597552120446,3569.903412508907,0.0527500246586488,3.756211503060719e-05
1993-05-15,1993-05-26,2454.9977,1.0134122837316493,2487.9248257129457,0.126,1993,5,15,1993.05,1992,8,227,33,0.2149567049415985,55.04958716661668,0.0221267084108305,0.32,2,Mod_Wet,65,14,17,23,202,321.0,0.1290231910073944,2166.9248257129457,1100.0,,4,275.0,275.0,275.0,275.0,1066.9248257129457,35.00000000000003,4.0,8.000000000000007,57.0,962.9248257129454,100.0,18.0,25.0,80.0,1164.9248257129454,1243.0,990.0,972.2777495793072,17.72225042069283,0.9262894125183112,0.648,988.4257105874816,0.28,0.28,0.28,0.28,15.867961008174548,15.867961008174548,15.867961008174548,15.867961008174548,,0.944471844032698,0.944471844032698,0.944471844032698,0.944471844032698,40.418624843351495,40.418624843351495,40.418624843351495,40.418624843351495,0.8692177385666988,0.8692177385666988,0.8692177385666988,0.8692177385666988,0.97692177385667,0.97692177385667,0.97692177385667,0.97692177385667,39.48583467881421,39.48583467881421,39.48583467881421,39.48583467881421,157.94333871525683,3790.640129166164,0.0634839674747793,3.988468149375173e-05
1993-06-15,1993-06-26,1266.3107,0.909265330658498,1151.4124173518942,0.285,1993,6,15,1993.06,1992,9,258,37,0.0994820328592036,31.336204641556613,0.0272154478875831,0.48,3,Normal,53,12,12,13,120,210.0,0.1823846927784346,941.4124173518942,941.4124173518942,,4,235.35310433797355,235.35310433797355,235.35310433797355,235.35310433797355,0.0,0.0,0.0,0.0,0.0,0.0,53.0,12.0,12.0,13.0,120.0,1018.4124173518942,990.0,968.3758675973916,21.624132402608325,0.5871554499723872,0.3946436099983167,989.0182009400291,0.2602266908562643,0.2602266908562643,0.2602266908562643,0.2602266908562643,20.38210665178132,20.38210665178132,20.38210665178132,20.38210665178132,,0.9550491591522284,0.9550491591522284,0.9550491591522284,0.9550491591522284,44.92969049321759,44.92969049321759,44.92969049321759,44.92969049321759,0.9662299030799482,0.9662299030799482,0.9662299030799482,0.9662299030799482,0.98,0.98,0.98,0.98,44.03109668335324,44.03109668335324,44.03109668335324,44.03109668335324,176.12438673341296,4226.985281601911,0.1529637722150654,5.196812773821115e-05
1993-07-15,1993-07-26,499.3804,0.8921883077628417,445.541354005931,0.598,1993,7,15,1993.07,1992,10,288,42,0.0384947729861124,10.113801956458529,0.0227000296729445,0.6900000000000001,3,Normal,50,10,9,9,108,186.0,0.4174696654477644,259.541354005931,259.541354005931,,1,259.541354005931,0.0,0.0,0.0,0.0,0.0,0.0,0.0,0.0,0.0,50.0,10.0,9.0,9.0,108.0,328.541354005931,990.0,965.6049360930268,24.39506390697329,0.1514842002562498,0.0215035190907994,989.827012280653,0.28,0.01,0.01,0.01,23.94207618762627,24.21207618762627,24.21207618762627,24.21207618762627,,0.946045172893908,0.0,0.0,0.0,57.6526066756378,0.0,0.0,0.0,1.239841003777157,0.0,0.0,0.0,0.98,0.96,0.96,0.96,48.2,0.0,0.0,0.0,48.2,1156.8000000000002,0.108182999325711,5.158672667086005e-05
1993-08-15,1993-08-26,324.6118,0.9312809696570542,302.30479186612183,0.7809999999999999,1993,8,15,1993.08,1992,11,319,46,0.0261191340172329,0.0,0.0,0.8300000000000001,4,Mod_Dry,39,7,5,4,60,115.0,0.380410774470716,187.30479186612183,187.30479186612183,,1,187.30479186612183,0.0,0.0,0.0,0.0,0.0,0.0,0.0,0.0,0.0,39.0,7.0,5.0,4.0,60.0,238.30479186612183,990.0,964.9115239593306,25.088476040669438,0.1196369177229293,0.0116709073086203,989.8686921749684,0.1953614690192645,0.01,0.01,0.01,24.761806746618657,24.94716821563792,24.94716821563792,24.94716821563792,,0.9509021038920906,0.0,0.0,0.0,43.25195333790839,0.0,0.0,0.0,0.9301495341485676,0.0,0.0,0.0,0.98,0.96,0.96,0.96,42.38691427115022,0.0,0.0,0.0,42.38691427115022,1017.2859425076052,0.1402125120461921,6.286087363698084e-05
1993-09-15,1993-09-26,225.2982,0.98159746285063,221.15214150481376,0.928,1993,9,15,1993.09,1992,12,350,50,0.0191075450260159,1.2464324583278028,0.005636085863092,0.9,4,Mod_Dry,34,6,4,3,44,91.0,0.4114814325594909,130.15214150481376,130.15214150481376,,1,130.15214150481376,0.0,0.0,0.0,0.0,0.0,0.0,0.0,0.0,0.0,34.0,6.0,4.0,3.0,44.0,174.15214150481376,990.0,964.5269128490288,25.47308715097108,0.0969950293342622,0.0068129320279091,989.896192038638,0.1182053910314985,0.01,0.01,0.01,25.251073798577465,25.35927918960896,25.35927918960896,25.35927918960896,,0.93065329072538,0.0,0.0,0.0,29.99561607684594,0.0,0.0,0.0,0.6450670124052891,0.0,0.0,0.0,0.97,0.96,0.96,0.96,29.09574759454056,0.0,0.0,0.0,29.09574759454056,698.2979422689734,0.131564394522977,6.209772667701881e-05
1993-10-15,1993-10-26,185.8753,1.0287508888495398,191.21938009017487,0.974,1993,10,15,1993.1,1993,1,15,3,0.0165213544397911,1.979775362919696,0.0103534242292077,0.86,4,Mod_Dry,31,4,3,2,33,73.0,0.3817604678227426,118.21938009017488,118.21938009017488,,1,118.21938009017488,0.0,0.0,0.0,0.0,0.0,0.0,0.0,0.0,0.0,31.0,4.0,3.0,2.0,33.0,156.21938009017487,990.0,964.4175612398196,25.582438760180366,0.0906659782441872,0.0057986473076648,989.9035353744482,0.102096163121736,0.01,0.01,0.01,25.38387797150684,25.475974134628576,25.475974134628576,25.475974134628576,,0.9235814908819264,0.0,0.0,0.0,27.180695752421784,0.0,0.0,0.0,0.5845310914499309,0.0,0.0,0.0,0.97,0.96,0.96,0.96,26.365274879849128,0.0,0.0,0.0,26.365274879849128,632.7665971163791,0.1378797215398138,6.194997352412461e-05
1993-11-15,1993-11-26,200.2476,0.9942319359830292,199.0925590239552,0.959,1993,11,15,1993.11,1993,2,46,7,0.0172015970996697,10.372730201538587,0.052100039561451,0.89,4,Mod_Dry,29,4,2,2,30,67.0,0.3365268914542327,132.0925590239552,132.0925590239552,,1,132.0925590239552,0.0,0.0,0.0,0.0,0.0,0.0,0.0,0.0,0.0,29.0,4.0,2.0,2.0,30.0,167.0925590239552,990.0,964.401814881952,25.598185118047923,0.0945034745110614,0.0069778675170361,989.898518657972,0.1208249546823395,0.01,0.01,0.01,25.37587882133756,25.486703776019898,25.486703776019898,25.486703776019898,,0.9312547636323548,0.0,0.0,0.0,30.613053632554703,0.0,0.0,0.0,0.6583452394097786,0.0,0.0,0.0,0.97,0.96,0.96,0.96,29.694662023578065,0.0,0.0,0.0,29.694662023578065,712.6718885658736,0.1491500343817728,6.244498016936596e-05
1993-12-15,1993-12-26,320.6383,0.9330769620260724,299.18021087320443,0.7859999999999999,1993,12,15,1993.12,1993,3,76,11,0.0258491702194448,4.4569441258187785,0.0148971889310809,0.78,4,Mod_Dry,31,5,3,2,36,77.0,0.2573699636592387,222.18021087320443,222.18021087320443,,1,222.18021087320443,0.0,0.0,0.0,0.0,0.0,0.0,0.0,0.0,0.0,31.0,5.0,3.0,2.0,36.0,261.18021087320443,990.0,964.8967208434927,25.103279156507256,0.1277103628421916,0.0146353179242223,989.8576543192336,0.242443284678826,0.01,0.01,0.01,24.718490191062006,24.95093347574083,24.95093347574083,24.95093347574083,,0.9587235151919604,0.0,0.0,0.0,51.6368087563379,0.0,0.0,0.0,1.110469005512643,0.0,0.0,0.0,0.98,0.96,0.96,0.96,48.2,0.0,0.0,0.0,48.2,1156.8000000000002,0.1611069123165624,6.026139248076314e-05
1994-01-15,1994-01-26,587.589,0.8901106602929673,523.0192327708844,0.536,1994,1,15,1994.01,1993,4,107,16,0.0451888617114044,50.52652439067782,0.0966054806875747,0.86,4,Mod_Dry,34,5,4,3,45,91.0,0.173989777618491,432.0192327708844,432.0192327708844,,2,216.0096163854422,216.0096163854422,0.0,0.0,0.0,0.0,0.0,0.0,0.0,0.0,34.0,5.0,4.0,3.0,45.0,475.0192327708844,990.0,965.953586547469,24.046413452531056,0.2031807884161721,0.1029130778678574,989.693906133716,0.2341129821203469,0.2341129821203469,0.01,0.01,23.50620660412675,23.50620660412675,23.73031958624709,23.73031958624709,,0.957091620654017,0.957091620654017,0.0,0.0,47.6593207189369,47.6593207189369,0.0,0.0,1.0249316283642345,1.0249316283642345,0.0,0.0,0.98,0.98,0.96,0.96,46.70613430455816,46.70613430455816,0.0,0.0,93.41226860911632,2241.894446618792,0.1786019762872407,6.006179915879415e-05
1994-02-15,1994-02-26,913.6545,0.9039159817454718,825.866904343668,0.387,1994,2,15,1994.02,1993,5,138,20,0.0713549005352929,8.142221784085223,0.0098589999687128,0.7000000000000001,4,Mod_Dry,36,6,5,4,54,105.0,0.1271391303462456,720.866904343668,720.866904343668,,3,240.288968114556,240.288968114556,240.288968114556,0.0,0.0,0.0,0.0,0.0,0.0,0.0,36.0,6.0,5.0,4.0,54.0,767.866904343668,990.0,967.2034676173746,22.7965323826254,0.3628924209186229,0.2825390921015702,989.3545684869798,0.2668901069546506,0.2668901069546506,0.2668901069546506,0.01,21.884210762650564,21.884210762650564,21.884210762650564,22.14110086960521,,0.956922503133887,0.956922503133887,0.956922503133887,0.0,49.34920813028519,49.34920813028519,49.34920813028519,0.0,1.0612732931244129,1.0612732931244129,1.0612732931244129,0.0,0.98,0.98,0.98,0.96,48.2,48.2,48.2,0.0,144.60000000000002,3470.4000000000005,0.1750887452196869,5.571994833531366e-05
1994-03-15,1994-03-26,1570.7935,0.9517310164019286,1494.9728943125424,0.231,1994,3,15,1994.03,1993,6,166,24,0.1291656580686037,10.119755351450747,0.0067691898561841,0.65,3,Normal,49,9,9,9,107,183.0,0.1224102461631265,1311.9728943125424,1100.0,,4,275.0,275.0,275.0,275.0,211.9728943125424,51.00000000000001,9.0,10.424896441600444,10.424896441600444,131.12310142934152,100.0,18.0,19.424896441600445,19.424896441600445,238.12310142934152,1237.4248964416004,990.0,969.4683739662404,20.53162603375949,0.9118480304711196,0.648,988.4401519695288,0.28,0.28,0.28,0.28,18.691778003288363,18.691778003288363,18.691778003288363,18.691778003288363,,0.9521147225041104,0.9521147225041104,0.9521147225041104,0.9521147225041104,47.996690030797474,47.996690030797474,47.996690030797474,47.996690030797474,1.0321868823827414,1.0321868823827414,1.0321868823827414,1.0321868823827414,0.98,0.98,0.98,0.98,47.03675623018152,47.03675623018152,47.03675623018152,47.03675623018152,188.1470249207261,4515.528598097426,0.1258531346197048,4.751187497998133e-05
1994-04-15,1994-04-26,1623.0388,0.9609360770575194,1559.6365373841434,0.223,1994,4,15,1994.04,1993,7,197,29,0.13475259682999,29.515821678281327,0.0189248077810397,0.75,4,Mod_Dry,45,11,10,10,72,148.0,0.0948939040939813,1411.6365373841434,1100.0,,4,275.0,275.0,275.0,275.0,311.63653738414337,55.000000000000014,7.0,15.0,21.056522796225902,213.58001458791745,100.0,18.0,25.0,31.056522796225902,285.58001458791745,1243.0,990.0,969.6772872746257,20.322712725374345,0.9262894125183112,0.648,988.4257105874816,0.28,0.28,0.28,0.28,18.46842331285606,18.46842331285606,18.46842331285606,18.46842331285606,,0.95183552914107,0.95183552914107,0.95183552914107,0.95183552914107,47.40925441350351,47.40925441350351,47.40925441350351,47.40925441350351,1.0195538583549142,1.0195538583549142,1.0195538583549142,1.0195538583549142,0.98,0.98,0.98,0.98,46.46106932523344,46.46106932523344,46.46106932523344,46.46106932523344,185.84427730093373,4460.26265522241,0.1191587096392572,4.693037305579135e-05
1994-05-15,1994-05-26,820.3628,0.8945448145815545,733.8512888156049,0.422,1994,5,15,1994.05,1993,8,227,33,0.0634047513536682,26.676922503685088,0.0363519461098721,0.96,5,Dry,42,9,8,6,82,147.0,0.2003130637506269,586.8512888156049,586.8512888156049,,3,195.6170962718683,195.6170962718683,195.6170962718683,0.0,0.0,0.0,0.0,0.0,0.0,0.0,42.0,9.0,8.0,6.0,82.0,645.8512888156049,990.0,966.8354051552624,23.16459484473762,0.2935521481832759,0.193016660928824,989.513431190888,0.2065830799670222,0.2065830799670222,0.2065830799670222,0.01,22.4714429556585,22.4714429556585,22.4714429556585,22.66802603562552,,0.9533267175974516,0.9533267175974516,0.9533267175974516,0.0,41.09776766460841,41.09776766460841,41.09776766460841,0.0,0.8838229605292132,0.8838229605292132,0.8838229605292132,0.0,0.9783822960529212,0.9783822960529212,0.9783822960529212,0.96,40.209328290349085,40.209328290349085,40.209328290349085,0.0,120.62798487104726,2895.0716369051343,0.1643766069631547,5.709755471938551e-05
1994-06-15,1994-06-26,392.4543,0.9019707790507928,353.9823107128336,0.7040000000000001,1994,6,15,1994.06,1993,9,258,37,0.0305840716455888,6.366490129927229,0.017985334117704,0.98,5,Dry,39,9,7,5,59,119.0,0.3361749906665199,234.9823107128336,234.9823107128336,,1,234.9823107128336,0.0,0.0,0.0,0.0,0.0,0.0,0.0,0.0,0.0,39.0,9.0,7.0,5.0,59.0,289.9823107128336,990.0,965.169911553564,24.830088446435862,0.137875517513359,0.0157234964105908,989.846400986076,0.2597261194623254,0.01,0.01,0.01,24.416763313049533,24.666489432511856,24.666489432511856,24.666489432511856,,0.9574195114368858,0.0,0.0,0.0,53.87214113015214,0.0,0.0,0.0,1.1585406694656373,0.0,0.0,0.0,0.98,0.96,0.96,0.96,48.2,0.0,0.0,0.0,48.2,1156.8000000000002,0.1361649962195484,5.697828423030166e-05
1994-07-15,1994-07-26,297.4406,0.927655743202664,275.9224808516464,0.8220000000000001,1994,7,15,1994.07,1993,10,288,42,0.0238397023455822,7.685487764341872,0.0278537933575411,0.98,5,Dry,37,8,6,4,53,108.0,0.3914142829777893,167.9224808516464,167.9224808516464,,1,167.9224808516464,0.0,0.0,0.0,0.0,0.0,0.0,0.0,0.0,0.0,37.0,8.0,6.0,4.0,53.0,218.9224808516464,990.0,964.8036899234066,25.196310076593363,0.1127961191265493,0.0100234108723899,989.8771804700012,0.1691953491497226,0.01,0.01,0.01,24.90429519744476,25.063490546594483,25.063490546594483,25.063490546594483,,0.9447879457785342,0.0,0.0,0.0,38.74861110913763,0.0,0.0,0.0,0.8333034647126372,0.0,0.0,0.0,0.9733303464712636,0.96,0.96,0.96,37.71519907613718,0.0,0.0,0.0,37.71519907613718,905.1647778272924,0.1366876629976927,6.238857438672225e-05
1994-08-15,1994-08-26,237.5439,0.9621267175397727,228.5473327785961,0.91,1994,8,15,1994.08,1993,11,319,46,0.0197464895520707,0.0,0.0,0.98,5,Dry,34,7,5,3,44,93.0,0.4069178969158796,135.5473327785961,135.5473327785961,,1,135.5473327785961,0.0,0.0,0.0,0.0,0.0,0.0,0.0,0.0,0.0,34.0,7.0,5.0,3.0,44.0,181.5473327785961,990.0,964.5712839966716,25.428716003328415,0.0996050313473619,0.0072715232861806,989.8931234453664,0.1254888992511047,0.01,0.01,0.01,25.196350549443853,25.31183944869496,25.31183944869496,25.31183944869496,,0.9329110294432936,0.0,0.0,0.0,31.246943722997464,0.0,0.0,0.0,0.6719772843655368,0.0,0.0,0.0,0.97,0.96,0.96,0.96,30.30953541130754,0.0,0.0,0.0,30.30953541130754,727.428849871381,0.1326181979146951,6.211347150431973e-05
1994-09-15,1994-09-26,174.8589,1.044845350940404,182.70050873555303,0.981,1994,9,15,1994.09,1993,12,350,50,0.0157853239547517,0.5650523657885742,0.0030927793781157,0.98,5,Dry,30,6,4,2,30,72.0,0.3940875725979245,110.70050873555304,110.70050873555304,,1,110.70050873555304,0.0,0.0,0.0,0.0,0.0,0.0,0.0,0.0,0.0,30.0,6.0,4.0,2.0,30.0,150.70050873555303,990.0,964.4345989825288,25.56540101747112,0.088718190173219,0.005159543242522,989.9061222665842,0.0919456867929965,0.01,0.01,0.01,25.37957759726237,25.461523284055364,25.461523284055364,25.461523284055364,,0.918240821499618,0.0,0.0,0.0,25.300511526079536,0.0,0.0,0.0,0.5440970220662266,0.0,0.0,0.0,0.97,0.96,0.96,0.96,24.54149618029715,0.0,0.0,0.0,24.54149618029715,588.9959083271316,0.1343263702446464,6.158130933787986e-05
1994-10-15,1994-10-26,146.7127,1.0624149410865673,155.86976452715123,0.994,1994,10,15,1994.1,1994,1,15,3,0.0134671476551458,0.9276818348231471,0.0059516471179473,0.97,5,Dry,24,4,2,2,20,52.0,0.3336118467731567,103.86976452715125,103.86976452715125,,1,103.86976452715125,0.0,0.0,0.0,0.0,0.0,0.0,0.0,0.0,0.0,24.0,4.0,2.0,2.0,20.0,133.86976452715123,990.0,964.4882604709456,25.511739529054356,0.0827780765724211,0.0045789299848078,989.9126429934428,0.0827241821116541,0.01,0.01,0.01,25.34165834038547,25.414382522497124,25.414382522497124,25.414382522497124,,0.91366604459453,0.0,0.0,0.0,23.585786507428907,0.0,0.0,0.0,0.5072212152135249,0.0,0.0,0.0,0.97,0.96,0.96,0.96,22.87821291220604,0.0,0.0,0.0,22.87821291220604,549.0771098929449,0.1467777473175103,6.118295512856645e-05
1994-11-15,1994-11-26,154.5809,1.0635632001099886,164.40655667988216,0.991,1994,11,15,1994.11,1994,2,46,7,0.0142047264971418,0.5311434621349349,0.0032306708008557,0.96,5,Dry,23,4,2,2,19,50.0,0.3041241238167621,114.40655667988216,114.40655667988216,,1,114.40655667988216,0.0,0.0,0.0,0.0,0.0,0.0,0.0,0.0,0.0,23.0,4.0,2.0,2.0,19.0,143.40655667988216,990.0,964.4711868866402,25.52881311335977,0.0861439187522423,0.0054745573177899,989.90838152393,0.0969488515178409,0.01,0.01,0.01,25.34024578577189,25.42719463728973,25.42719463728973,25.42719463728973,,0.921054441254778,0.0,0.0,0.0,26.18699939819313,0.0,0.0,0.0,0.5631612773804974,0.0,0.0,0.0,0.97,0.96,0.96,0.96,25.401389416247337,0.0,0.0,0.0,25.401389416247337,609.6333459899361,0.1545035059988919,6.167427557719602e-05
1994-12-15,1994-12-26,250.8784,0.9414693900674836,236.1943342291061,0.893,1994,12,15,1994.12,1994,3,76,11,0.0204071904773947,9.815263496625253,0.0415558803671579,1.0,5,Dry,26,4,3,2,24,59.0,0.2497943068472192,177.19433422910612,177.19433422910612,,1,177.19433422910612,0.0,0.0,0.0,0.0,0.0,0.0,0.0,0.0,0.0,26.0,4.0,3.0,2.0,24.0,210.1943342291061,990.0,964.6171660053748,25.382833994625344,0.1097155864233175,0.010811518409474,989.8794728951672,0.1817123512092932,0.01,0.01,0.01,25.08059453858322,25.25230688979251,25.25230688979251,25.25230688979251,,0.9473606872905695,0.0,0.0,0.0,41.2896989937492,0.0,0.0,0.0,0.8879505159946064,0.0,0.0,0.0,0.9787950515994606,0.96,0.96,0.96,40.41415305711294,0.0,0.0,0.0,40.41415305711294,969.9396733707106,0.1711055144020161,6.335503714504094e-05
1995-01-15,1995-01-26,349.1046,0.9270188758292952,323.62655383883583,0.7509999999999999,1995,1,15,1995.01,1994,4,107,16,0.0279613342516754,0.0,0.0,0.99,5,Dry,29,5,4,2,33,73.0,0.2255686350025331,250.62655383883583,250.62655383883583,,1,250.62655383883583,0.0,0.0,0.0,0.0,0.0,0.0,0.0,0.0,0.0,29.0,5.0,4.0,2.0,33.0,288.62655383883583,990.0,965.0181327691942,24.981867230805847,0.1373970288476916,0.0172957334119305,989.8453072377404,0.28,0.01,0.01,0.01,24.547174468546217,24.817174468546217,24.817174468546217,24.817174468546217,,0.9559039111080196,0.0,0.0,0.0,57.67419346309367,0.0,0.0,0.0,1.2403052357654551,0.0,0.0,0.0,0.98,0.96,0.96,0.96,48.2,0.0,0.0,0.0,48.2,1156.8000000000002,0.1489370987276999,5.342166934752871e-05
1995-02-15,1995-02-26,520.5884,0.8885427859104034,462.56506724863937,0.581,1995,2,15,1995.02,1994,5,138,20,0.0399656218102824,3.304624451884536,0.0071441288715133,0.99,5,Dry,31,6,4,3,41,85.0,0.1837579316258885,377.56506724863937,377.56506724863937,,2,188.78253362431968,188.78253362431968,0.0,0.0,0.0,0.0,0.0,0.0,0.0,0.0,31.0,6.0,4.0,3.0,41.0,418.56506724863937,990.0,965.6815428026188,24.31845719738112,0.1832563618097576,0.0772107117413578,989.7395329264488,0.1973564203928315,0.1973564203928315,0.01,0.01,23.860633703437163,23.860633703437163,24.047990123829997,24.047990123829997,,0.9520998466903688,0.9520998466903688,0.0,0.0,42.05958457556235,42.05958457556235,0.0,0.0,0.9045071951733838,0.9045071951733838,0.0,0.0,0.98,0.98,0.96,0.96,41.2183928840511,41.2183928840511,0.0,0.0,82.4367857681022,1978.4828584344527,0.178216626383917,6.064943275784125e-05
1995-03-15,1995-03-26,764.3804,0.8926299826267534,682.3088631722309,0.445,1995,3,15,1995.03,1994,6,166,24,0.0589514857780807,15.502539386961416,0.0227207064479363,0.99,5,Dry,36,8,6,4,53,107.0,0.1568204749715975,575.3088631722309,575.3088631722309,,3,191.7696210574103,191.7696210574103,191.7696210574103,0.0,0.0,0.0,0.0,0.0,0.0,0.0,36.0,8.0,6.0,4.0,53.0,625.3088631722309,990.0,966.6292354526888,23.37076454731107,0.2818780899851305,0.1853063205990502,989.5328155894158,0.2013889884275039,0.2013889884275039,0.2013889884275039,0.01,22.70219114829937,22.70219114829937,22.70219114829937,22.89358013672687,,0.9525783095126664,0.9525783095126664,0.9525783095126664,0.0,40.671198825319415,40.671198825319415,40.671198825319415,0.0,0.8746494371036433,0.8746494371036433,0.8746494371036433,0.0,0.9774649437103644,0.9774649437103644,0.9774649437103644,0.96,39.75467107042388,39.75467107042388,39.75467107042388,0.0,119.26401321127162,2862.336317070519,0.1747947588673878,5.75845335947288e-05
1995-04-15,1995-04-26,1342.9646,0.905877929951145,1216.5619918456675,0.269,1995,4,15,1995.04,1994,7,197,29,0.1051109560954656,0.0,0.0,0.91,5,Dry,40,10,8,5,62,125.0,0.102748565907735,1091.5619918456675,1091.5619918456675,,4,272.8904979614169,272.8904979614169,272.8904979614169,272.8904979614169,0.0,0.0,0.0,0.0,0.0,0.0,40.0,10.0,8.0,5.0,62.0,1149.5619918456675,990.0,968.5806234029436,21.419376597056495,0.7711077063529148,0.629014481652752,988.5998778119942,0.28,0.28,0.28,0.28,19.739254409050744,19.739254409050744,19.739254409050744,19.739254409050744,,0.9543670985946562,0.9543670985946562,0.9543670985946562,0.9543670985946562,50.41657239957071,50.41657239957071,50.41657239957071,50.41657239957071,1.0842273634316282,1.0842273634316282,1.0842273634316282,1.0842273634316282,0.98,0.98,0.98,0.98,48.2,48.2,48.2,48.2,192.8,4627.200000000001,0.1584793880560905,4.906322861700337e-05
1995-05-15,1995-05-26,901.4559,0.907115570001353,817.7246825595828,0.391,1995,5,15,1995.05,1994,8,227,33,0.0706514125731479,25.80187182678868,0.0315532505953293,0.95,5,Dry,42,9,8,6,82,147.0,0.1797671063809291,670.7246825595828,670.7246825595828,,3,223.5748941865276,223.5748941865276,223.5748941865276,0.0,0.0,0.0,0.0,0.0,0.0,0.0,42.0,9.0,8.0,6.0,82.0,729.7246825595828,990.0,967.1708987302384,22.829101269761736,0.3412165718906575,0.2490440879498013,989.4097393401596,0.2443261071518122,0.2443261071518122,0.2443261071518122,0.01,21.99451450276953,21.99451450276953,21.99451450276953,22.22884060992134,,0.9568587362268692,0.9568587362268692,0.9568587362268692,0.0,46.14492449912406,46.14492449912406,46.14492449912406,0.0,0.992363967723098,0.992363967723098,0.992363967723098,0.0,0.98,0.98,0.98,0.96,45.22202600914158,45.22202600914158,45.22202600914158,0.0,135.66607802742473,3255.9858726581933,0.1659067910274795,5.6185529851791245e-05
1995-06-15,1995-06-26,353.2963,0.921778111561846,325.6607962357874,0.746,1995,6,15,1995.06,1994,9,258,37,0.028137092794772,4.5209267824618,0.0138823181504123,1.0,5,Dry,39,9,7,5,59,119.0,0.3654108857298276,206.66079623578744,206.66079623578744,,1,206.66079623578744,0.0,0.0,0.0,0.0,0.0,0.0,0.0,0.0,0.0,39.0,9.0,7.0,5.0,59.0,261.6607962357874,990.0,965.028303981179,24.971696018821035,0.1278799763276859,0.0133161676800419,989.8588038559924,0.221492074918313,0.01,0.01,0.01,24.609007799895,24.82049987481331,24.82049987481331,24.82049987481331,,0.9559712508292986,0.0,0.0,0.0,47.6799436608842,0.0,0.0,0.0,1.0253751324921334,0.0,0.0,0.0,0.98,0.96,0.96,0.96,46.72634478766651,0.0,0.0,0.0,46.72634478766651,1121.4322749039964,0.1434816389561221,6.280601088939669e-05
1995-07-15,1995-07-26,257.7185,0.9439744768586136,243.27968621428656,0.884,1995,7,15,1995.07,1994,10,288,42,0.0210193648889143,2.915737729001989,0.0119851261499644,1.0,5,Dry,37,8,6,4,53,108.0,0.4439334893948812,135.27968621428656,135.27968621428656,,1,135.27968621428656,0.0,0.0,0.0,0.0,0.0,0.0,0.0,0.0,0.0,37.0,8.0,6.0,4.0,53.0,186.27968621428656,990.0,964.6596781172858,25.340321882714196,0.1012752318244801,0.0072487733282143,989.8914759948472,0.1251275763892868,0.01,0.01,0.01,25.106670301172176,25.22179787756146,25.22179787756146,25.22179787756146,,0.9329417203442774,0.0,0.0,0.0,31.07527073433924,0.0,0.0,0.0,0.6682853921363278,0.0,0.0,0.0,0.97,0.96,0.96,0.96,30.143012612309064,0.0,0.0,0.0,30.143012612309064,723.4323026954175,0.1239027108320025,6.189442992728114e-05
1995-08-15,1995-08-26,203.2033,0.9854563497164652,200.2479822683398,0.956,1995,8,15,1995.08,1994,11,319,46,0.0173014256679845,0.9221305502795192,0.0046049430303064,1.0,5,Dry,34,7,5,3,44,93.0,0.4644241552225805,107.2479822683398,107.2479822683398,,1,107.2479822683398,0.0,0.0,0.0,0.0,0.0,0.0,0.0,0.0,0.0,34.0,7.0,5.0,3.0,44.0,153.2479822683398,990.0,964.40148789361,25.59851210638999,0.089617275917284,0.0048660784928088,989.90551664559,0.0872847760622587,0.01,0.01,0.01,25.416743975917687,25.494028751979943,25.494028751979943,25.494028751979943,,0.0,0.0,0.0,0.0,0.0,0.0,0.0,0.0,0.0,0.0,0.0,0.0,0.96,0.96,0.96,0.96,0.0,0.0,0.0,0.0,0.0,0.0,0.0,0.0
1995-09-15,1995-09-26,144.3068,1.0865561869709144,156.79744636197438,0.994,1995,9,15,1995.09,1994,12,350,50,0.0135472993656745,1.7444503215638747,0.0111255021177878,1.0,5,Dry,30,6,4,2,30,72.0,0.4591911518366477,84.79744636197438,84.79744636197438,,1,84.79744636197438,0.0,0.0,0.0,0.0,0.0,0.0,0.0,0.0,0.0,30.0,6.0,4.0,2.0,30.0,124.79744636197438,990.0,964.486405107276,25.51359489272397,0.0795761622746071,0.0029577829407678,989.9174660547848,0.0569765525886654,0.01,0.01,0.01,25.37408439491996,25.421060947508625,25.421060947508625,25.421060947508625,,0.9281944051339496,0.0,0.0,0.0,19.586227725463623,0.0,0.0,0.0,0.4212091983970671,0.0,0.0,0.0,0.9621209198397068,0.96,0.96,0.96,18.844319435413027,0.0,0.0,0.0,18.844319435413027,452.2636664499127,0.1201825659322921,6.172984448327602e-05
1995-10-15,1995-10-26,105.1722,1.1140747964374855,117.16969730588252,0.999,1995,10,15,1995.1,1995,1,15,3,0.0101234618472282,0.0,0.0,0.98,5,Dry,24,4,2,2,20,52.0,0.4438007539120726,65.16969730588252,65.16969730588252,,1,65.16969730588252,0.0,0.0,0.0,0.0,0.0,0.0,0.0,0.0,0.0,24.0,4.0,2.0,2.0,20.0,95.16969730588252,990.0,964.5,25.5,0.070824342,0.001289424271,989.9278862337288,0.0304790913629414,0.01,0.01,0.01,25.397407142366,25.41788623372894,25.41788623372894,25.41788623372894,,0.8864810693857208,0.0,0.0,0.0,14.3894187149322,0.0,0.0,0.0,0.3094498648372516,0.0,0.0,0.0,0.96,0.96,0.96,0.96,13.81384196633491,0.0,0.0,0.0,13.81384196633491,331.53220719203784,0.117896028443878,5.887979356374206e-05
1995-11-15,1995-11-26,137.2387,1.0772139575724409,147.83544315909697,0.995,1995,11,15,1995.11,1995,2,46,7,0.0127729822889459,0.0,0.0,1.0,5,Dry,23,4,2,2,19,50.0,0.3382138878982572,97.83544315909695,97.83544315909695,,1,97.83544315909695,0.0,0.0,0.0,0.0,0.0,0.0,0.0,0.0,0.0,23.0,4.0,2.0,2.0,19.0,126.83544315909695,990.0,964.5,25.5,0.0802954372123682,0.0040660126685232,989.9156385501192,0.0745778482647809,0.01,0.01,0.01,25.34106070185429,25.40563855011907,25.40563855011907,25.40563855011907,,0.9130583162441068,0.0,0.0,0.0,22.200268226105077,0.0,0.0,0.0,0.4774251231420446,0.0,0.0,0.0,0.9677425123142044,0.96,0.96,0.96,21.48414334718013,0.0,0.0,0.0,21.48414334718013,515.6194403323232,0.1453247129922653,6.099852368158894e-05
1995-12-15,1995-12-26,254.9686,0.9424159355737844,240.286471710938,0.887,1995,12,15,1995.12,1995,3,76,11,0.020760751155825,3.0442676633467163,0.0126693260826141,0.98,5,Dry,26,4,3,2,24,59.0,0.2455402486036598,181.286471710938,181.286471710938,,1,181.286471710938,0.0,0.0,0.0,0.0,0.0,0.0,0.0,0.0,0.0,26.0,4.0,3.0,2.0,24.0,214.286471710938,990.0,964.6417188302656,25.35828116973437,0.111159875100406,0.0111593500954297,989.8776807748042,0.1872367368097663,0.01,0.01,0.01,25.048725207728765,25.22596194453853,25.22596194453853,25.22596194453853,,0.948703387322784,0.0,0.0,0.0,42.24936400421011,0.0,0.0,0.0,0.9085884732088196,0.0,0.0,0.0,0.98,0.96,0.96,0.96,41.4043767241259,0.0,0.0,0.0,41.4043767241259,993.7050413790216,0.1723125585444315,6.344221743716416e-05
1996-01-15,1996-01-26,458.6166,0.911126574868046,417.8577719356288,0.633,1996,1,15,1996.01,1995,4,107,16,0.0361029114952383,14.955394491441384,0.0357906337894925,1.0,5,Dry,29,5,4,2,33,73.0,0.1747005916913894,344.8577719356288,344.8577719356288,,2,172.4288859678144,172.4288859678144,0.0,0.0,0.0,0.0,0.0,0.0,0.0,0.0,29.0,5.0,4.0,2.0,33.0,382.8577719356288,990.0,965.4803599737104,24.51964002628972,0.1706541494097301,0.0617728683536168,989.7675729822366,0.1752789960565494,0.1752789960565494,0.01,0.01,24.111934012469803,24.111934012469803,24.27721300852635,24.27721300852635,,0.947442641473664,0.947442641473664,0.0,0.0,38.63079940705333,38.63079940705333,0.0,0.0,0.830769879721577,0.830769879721577,0.0,0.0,0.9730769879721576,0.9730769879721576,0.96,0.96,37.59074192997207,37.59074192997207,0.0,0.0,75.18148385994414,1804.3556126386595,0.179921228966697,6.055756087338323e-05
1996-02-15,1996-02-26,509.9149,0.8935905892579125,455.65515596238953,0.59,1996,2,15,1996.02,1995,5,138,20,0.0393686054751504,0.0,0.0,1.0,5,Dry,31,6,4,3,41,85.0,0.186544580671915,370.65515596238953,370.65515596238953,,2,185.3275779811948,185.3275779811948,0.0,0.0,0.0,0.0,0.0,0.0,0.0,0.0,31.0,6.0,4.0,3.0,41.0,411.65515596238953,990.0,965.6504482018308,24.349551798169276,0.1808176397242196,0.0739492336142478,989.7452331266616,0.1926922302746129,0.1926922302746129,0.01,0.01,23.90209269455622,23.90209269455622,24.08478492483083,24.08478492483083,,0.9511815061910504,0.9511815061910504,0.0,0.0,41.32168983743248,41.32168983743248,0.0,0.0,0.8886384911275802,0.8886384911275802,0.0,0.0,0.978863849112758,0.978863849112758,0.96,0.96,40.44830836611269,40.44830836611269,0.0,0.0,80.89661673222538,1941.5188015734093,0.1775391228951718,6.06258460570243e-05
1996-03-15,1996-03-26,653.5614,0.8750395785925671,571.8920920403683,0.4970000000000001,1996,3,15,1996.03,1995,6,167,24,0.0494114767522878,0.0,0.0,1.0,5,Dry,36,8,6,4,53,107.0,0.1870982331968443,464.8920920403683,464.8920920403683,,2,232.44604602018416,232.44604602018416,0.0,0.0,0.0,0.0,0.0,0.0,0.0,0.0,36.0,8.0,6.0,4.0,53.0,514.8920920403683,990.0,966.1735144141816,23.826485585818432,0.2191293262985775,0.1184290674430538,989.6624416062584,0.2563021621272486,0.2563021621272486,0.01,0.01,23.23262502994961,23.23262502994961,23.478927192076856,23.478927192076856,,0.9570776368361202,0.9570776368361202,0.0,0.0,50.68813522978433,50.68813522978433,0.0,0.0,1.0900674242964372,1.0900674242964372,0.0,0.0,0.98,0.98,0.96,0.96,48.2,48.2,0.0,0.0,96.4,2313.6000000000004,0.1685632680390261,5.759998553697181e-05
1996-04-15,1996-04-26,849.2947,0.8954821115912885,760.52821131929,0.409,1996,4,15,1996.04,1995,7,198,29,0.0657096374579866,8.862623163313287,0.0116532470872306,1.0,5,Dry,40,10,8,5,62,125.0,0.1643594519434883,635.52821131929,635.52821131929,,3,211.84273710643,211.84273710643,211.84273710643,0.0,0.0,0.0,0.0,0.0,0.0,0.0,40.0,10.0,8.0,5.0,62.0,693.52821131929,990.0,966.9421128452772,23.057887154722835,0.3206464737356244,0.2255328451612857,989.453820681103,0.2284876950936805,0.2284876950936805,0.2284876950936805,0.01,22.28322014073218,22.28322014073218,22.28322014073218,22.501707835825854,,0.95568405037088,0.95568405037088,0.95568405037088,0.0,44.2429999735632,44.2429999735632,44.2429999735632,0.0,0.9514623650228644,0.9514623650228644,0.9514623650228644,0.0,0.98,0.98,0.98,0.96,43.35813997409193,43.35813997409193,43.35813997409193,0.0,130.07441992227578,3121.786078134619,0.1710316829623392,5.68531540665008e-05
1996-05-15,1996-05-26,827.5366,0.8937943571986156,739.6475434553279,0.419,1996,5,15,1996.05,1995,8,228,33,0.0639055477545403,12.01804470064883,0.0162483399113387,1.0,5,Dry,42,9,8,6,82,147.0,0.1987433086213965,592.6475434553279,592.6475434553279,,3,197.549181151776,197.549181151776,197.549181151776,0.0,0.0,0.0,0.0,0.0,0.0,0.0,42.0,9.0,8.0,6.0,82.0,651.6475434553279,990.0,966.8585901738212,23.141409826178688,0.2968461026154402,0.196888559028159,989.5062653383565,0.2091913945548975,0.2091913945548975,0.2091913945548975,0.01,22.438483769980248,22.438483769980248,22.438483769980248,22.637675164535143,,0.9537431278993898,0.9537431278993898,0.9537431278993898,0.0,41.46091307705476,41.46091307705476,41.46091307705476,0.0,0.8916325392915002,0.8916325392915002,0.8916325392915002,0.0,0.97916325392915,0.97916325392915,0.97916325392915,0.96,40.59700255940259,40.59700255940259,40.59700255940259,0.0,121.79100767820776,2922.9841842769865,0.1646608695666729,5.708424145137607e-05
1996-06-15,1996-06-26,374.7305,0.908907350449394,340.5953058875766,0.721,1996,6,15,1996.06,1995,9,259,37,0.0294274344286866,4.024157841655892,0.0118150713532857,0.99,5,Dry,39,9,7,5,59,119.0,0.3493882562177161,221.5953058875766,221.5953058875766,,1,221.5953058875766,0.0,0.0,0.0,0.0,0.0,0.0,0.0,0.0,0.0,39.0,9.0,7.0,5.0,59.0,276.5953058875766,990.0,965.102976529438,24.89702347056209,0.1331508281542462,0.014585601000444,989.8522635708453,0.2416536629482284,0.01,0.01,0.01,24.507633378459115,24.73928704140734,24.73928704140734,24.73928704140734,,0.9584500359719396,0.0,0.0,0.0,51.046986461011855,0.0,0.0,0.0,1.0977846550755237,0.0,0.0,0.0,0.98,0.96,0.96,0.96,48.2,0.0,0.0,0.0,48.2,1156.8000000000002,0.1415169239470077,6.042045356178061e-05
1996-07-15,1996-07-26,268.1972,0.9570673705328404,256.6827889882703,0.865,1996,7,15,1996.07,1995,10,289,42,0.0221773929685865,0.0,0.0,0.99,5,Dry,37,8,6,4,53,108.0,0.4207527915123881,148.68278898827032,148.68278898827032,,1,148.68278898827032,0.0,0.0,0.0,0.0,0.0,0.0,0.0,0.0,0.0,37.0,8.0,6.0,4.0,53.0,199.68278898827032,990.0,964.7267311559532,25.273268844046925,0.1060056199817007,0.0083880370640029,989.8856063429542,0.1432217651341649,0.01,0.01,0.01,25.015653421867007,25.14887518700117,25.14887518700117,25.14887518700117,,0.9385869743583776,0.0,0.0,0.0,34.236217176640054,0.0,0.0,0.0,0.7362627349815065,0.0,0.0,0.0,0.97,0.96,0.96,0.96,33.20913066134085,0.0,0.0,0.0,33.20913066134085,797.0191358721804,0.1293780965690629,6.204321683639437e-05
1996-08-15,1996-08-26,209.197,0.9663848551669614,202.1648125463628,0.946,1996,8,15,1996.08,1995,11,320,46,0.0174670398040057,0.5850493913180799,0.002893922953006,0.99,5,Dry,34,7,5,3,44,93.0,0.4600207070093968,109.1648125463628,109.1648125463628,,1,109.1648125463628,0.0,0.0,0.0,0.0,0.0,0.0,0.0,0.0,0.0,34.0,7.0,5.0,3.0,44.0,155.1648125463628,990.0,964.4129888752782,25.58701112472181,0.0902937872743529,0.0050290090664408,989.9046772036592,0.0898724969375898,0.01,0.01,0.01,25.401815831443383,25.48168832838097,25.48168832838097,25.48168832838097,,0.0,0.0,0.0,0.0,0.0,0.0,0.0,0.0,0.0,0.0,0.0,0.0,0.96,0.96,0.96,0.96,0.0,0.0,0.0,0.0,0.0,0.0,0.0,0.0
1996-09-15,1996-09-26,149.1437,1.0630143726053345,158.54189668353823,0.993,1996,9,15,1996.09,1995,12,351,51,0.0136980198734577,4.239406141290631,0.0267399736597879,0.99,5,Dry,30,6,4,2,30,72.0,0.4541386315297938,86.54189668353823,86.54189668353823,,1,86.54189668353823,0.0,0.0,0.0,0.0,0.0,0.0,0.0,0.0,0.0,30.0,6.0,4.0,2.0,30.0,126.54189668353824,990.0,964.4829162066328,25.51708379336708,0.0801918351737214,0.0031060612181007,989.916702103608,0.0593315605227766,0.01,0.01,0.01,25.374454336452448,25.42378589697522,25.42378589697522,25.42378589697522,,0.9262077772893456,0.0,0.0,0.0,19.94666270030763,0.0,0.0,0.0,0.4289604881786587,0.0,0.0,0.0,0.9628960488178658,0.96,0.96,0.96,19.20656270122892,0.0,0.0,0.0,19.20656270122892,460.9575048294941,0.1211450291878789,6.164824796255894e-05
1996-10-15,1996-10-26,105.1722,1.1140747964374855,117.16969730588252,0.999,1996,10,15,1996.1,1996,1,15,3,0.0101234618472282,2.820812336502115,0.0240745892612329,0.99,5,Dry,24,4,2,2,20,52.0,0.4438007539120726,65.16969730588252,65.16969730588252,,1,65.16969730588252,0.0,0.0,0.0,0.0,0.0,0.0,0.0,0.0,0.0,24.0,4.0,2.0,2.0,20.0,95.16969730588252,990.0,964.5,25.5,0.070824342,0.001289424271,989.9278862337288,0.0304790913629414,0.01,0.01,0.01,25.397407142366,25.41788623372894,25.41788623372894,25.41788623372894,,0.8864810693857208,0.0,0.0,0.0,14.3894187149322,0.0,0.0,0.0,0.3094498648372516,0.0,0.0,0.0,0.96,0.96,0.96,0.96,13.81384196633491,0.0,0.0,0.0,13.81384196633491,331.53220719203784,0.117896028443878,5.887979356374206e-05
1996-11-15,1996-11-26,146.7127,1.0624149410865673,155.86976452715123,0.994,1996,11,15,1996.11,1996,2,46,7,0.0134671476551458,29.90894104476192,0.1918841741725479,0.97,5,Dry,23,4,2,2,19,50.0,0.3207806218972661,105.86976452715125,105.86976452715125,,1,105.86976452715125,0.0,0.0,0.0,0.0,0.0,0.0,0.0,0.0,0.0,23.0,4.0,2.0,2.0,19.0,134.86976452715123,990.0,964.4882604709456,25.511739529054356,0.0831310088924211,0.0047489299848078,989.9121200611228,0.0854241821116541,0.01,0.01,0.01,25.338435408065475,25.41385959017713,25.41385959017713,25.41385959017713,,0.9150899286144788,0.0,0.0,0.0,24.07433041651254,0.0,0.0,0.0,0.5177275358389793,0.0,0.0,0.0,0.97,0.96,0.96,0.96,23.35210050401717,0.0,0.0,0.0,23.35210050401717,560.450412096412,0.1498180264457217,6.127051111732326e-05
1996-12-15,1996-12-26,229.1212,0.9755995102100816,223.5305304987461,0.92,1996,12,15,1996.12,1996,3,76,11,0.0193130378350916,6.948715692113267,0.0310862040930567,0.99,5,Dry,26,4,3,2,24,59.0,0.2639460474072957,164.5305304987461,164.5305304987461,,1,164.5305304987461,0.0,0.0,0.0,0.0,0.0,0.0,0.0,0.0,0.0,26.0,4.0,3.0,2.0,24.0,197.5305304987461,990.0,964.5411831829924,25.45881681700746,0.1052460183997532,0.0097350950923934,989.885018886508,0.1646162161733072,0.01,0.01,0.01,25.179219487342003,25.33383570351531,25.33383570351531,25.33383570351531,,0.9432741927352484,0.0,0.0,0.0,38.32352191635727,0.0,0.0,0.0,0.8241617616420918,0.0,0.0,0.0,0.9724161761642092,0.96,0.96,0.96,37.2664126390494,0.0,0.0,0.0,37.2664126390494,894.3939033371855,0.1667173274089216,6.291708449030816e-05
1997-01-15,1997-01-26,442.9194,0.9034510418651028,400.15599339226617,0.654,1997,1,15,1997.01,1996,4,107,16,0.0345734778290917,9.42240667938853,0.0235468338222586,0.98,5,Dry,29,5,4,2,33,73.0,0.1824288557598569,327.15599339226617,327.15599339226617,,2,163.57799669613308,163.57799669613308,0.0,0.0,0.0,0.0,0.0,0.0,0.0,0.0,29.0,5.0,4.0,2.0,33.0,365.15599339226617,990.0,965.4007019702652,24.59929802973477,0.164406642531761,0.0534176288811496,989.7821757285872,0.1633302955397796,0.1633302955397796,0.01,0.01,24.21814346278215,24.21814346278215,24.37147375832193,24.37147375832193,,0.9446192737004572,0.9446192737004572,0.0,0.0,36.69959188387767,36.69959188387767,0.0,0.0,0.7892385351371541,0.7892385351371541,0.0,0.0,0.97,0.97,0.96,0.96,35.598604127361334,35.598604127361334,0.0,0.0,71.19720825472267,1708.732998113344,0.1779236333589767,6.045129140967784e-05
1997-02-15,1997-02-26,834.7498,0.8963571399655789,748.233943314839,0.416,1997,2,15,1997.02,1996,5,138,20,0.0646474127024021,0.0,0.0,0.8,4,Mod_Dry,36,6,5,4,54,105.0,0.1403304420203488,643.233943314839,643.233943314839,,3,214.41131443827967,214.41131443827967,214.41131443827967,0.0,0.0,0.0,0.0,0.0,0.0,0.0,36.0,6.0,5.0,4.0,54.0,690.233943314839,990.0,966.8929357732592,23.107064226740704,0.3187743736695519,0.2306802741343125,989.4505453521962,0.2319552744916775,0.2319552744916775,0.2319552744916775,0.01,22.3256543044452,22.3256543044452,22.3256543044452,22.547609578936875,,0.9560474735945906,0.9560474735945906,0.9560474735945906,0.0,44.88177793996804,44.88177793996804,44.88177793996804,0.0,0.9651995255907104,0.9651995255907104,0.9651995255907104,0.0,0.98,0.98,0.98,0.96,43.98414238116868,43.98414238116868,43.98414238116868,0.0,131.95242714350604,3166.858251444145,0.176351832635296,5.698308114061501e-05
1997-03-15,1997-03-26,955.5912,0.91769253620946,876.9389119074414,0.3720000000000001,1997,3,15,1997.03,1996,6,166,24,0.0757675219888029,0.0,0.0,0.96,5,Dry,36,8,6,4,53,107.0,0.1220153405751637,769.9389119074414,769.9389119074414,,3,256.64630396914714,256.64630396914714,256.64630396914714,0.0,0.0,0.0,0.0,0.0,0.0,0.0,36.0,8.0,6.0,4.0,53.0,819.9389119074414,990.0,967.4077556476298,22.592244352370244,0.4055494961773988,0.3116504333632016,989.2828000704594,0.28,0.28,0.28,0.01,21.59504442282966,21.59504442282966,21.59504442282966,21.86504442282966,,0.9562511509121924,0.9562511509121924,0.9562511509121924,0.0,51.97563289899664,51.97563289899664,51.97563289899664,0.0,1.1177555462149815,1.1177555462149815,1.1177555462149815,0.0,0.98,0.98,0.98,0.96,48.2,48.2,48.2,0.0,144.60000000000002,3470.4000000000005,0.1648917593193335,5.2168640973292346e-05
1997-04-15,1997-04-26,1372.4449,0.9145051960029634,1255.1079922777674,0.265,1997,4,15,1997.04,1996,7,197,29,0.1084413305327991,9.027629492862618,0.0071927113430927,0.92,5,Dry,40,10,8,5,62,125.0,0.099593023683285,1130.1079922777674,1100.0,,4,275.0,275.0,275.0,275.0,30.10799227776738,9.634557528885562,2.4086393822213905,1.9269115057771125,1.2043196911106953,14.93356416977262,49.634557528885566,12.408639382221391,9.926911505777111,6.204319691110696,76.93356416977262,1171.9701084168842,990.0,968.70176797573,21.29823202426985,0.8039458545123053,0.648,988.5480541454876,0.28,0.28,0.28,0.28,19.56628616975749,19.56628616975749,19.56628616975749,19.56628616975749,,0.9539157154243936,0.9539157154243936,0.9539157154243936,0.9539157154243936,50.337286208236286,50.337286208236286,50.337286208236286,50.337286208236286,1.082522284048092,1.082522284048092,1.082522284048092,1.082522284048092,0.98,0.98,0.98,0.98,48.2,48.2,48.2,48.2,192.8,4627.200000000001,0.1536122797290988,4.8686868686868696e-05
1997-05-15,1997-05-26,1463.3217,0.94550510416192,1383.5781363808978,0.248,1997,5,15,1997.05,1996,8,227,33,0.1195411509833096,0.0,0.0,0.86,4,Mod_Dry,47,10,10,10,115,192.0,0.1387706230327006,1191.5781363808978,1100.0,,4,275.0,275.0,275.0,275.0,91.57813638089785,22.41756463490728,4.769694603171763,4.769694603171763,4.769694603171763,54.85148793647527,69.41756463490728,14.769694603171764,14.769694603171764,14.769694603171764,169.85148793647528,1198.9569538412509,990.0,969.108483209846,20.89151679015401,0.8434939363684241,0.648,988.5085060636316,0.28,0.28,0.28,0.28,19.12002285378557,19.12002285378557,19.12002285378557,19.12002285378557,,0.952800057134464,0.952800057134464,0.952800057134464,0.952800057134464,49.13167550896539,49.13167550896539,49.13167550896539,49.13167550896539,1.056595172235815,1.056595172235815,1.056595172235815,1.056595172235815,0.98,0.98,0.98,0.98,48.14904199878608,48.14904199878608,48.14904199878608,48.14904199878608,192.5961679951443,4622.308031883464,0.1392015115958169,4.8635395958369775e-05
1997-06-15,1997-06-26,792.06,0.8911767402221192,705.8654488603318,0.435,1997,6,15,1997.06,1996,9,258,37,0.0609867747815326,42.3684944545073,0.0600234712194996,0.8300000000000001,4,Mod_Dry,45,10,9,9,88,161.0,0.2280887954778712,544.8654488603318,544.8654488603318,,2,272.4327244301659,272.4327244301659,0.0,0.0,0.0,0.0,0.0,0.0,0.0,0.0,45.0,10.0,9.0,9.0,88.0,608.8654488603318,990.0,966.7234617954412,23.276538204558733,0.2725334595609603,0.1649701198387016,989.5624964206004,0.28,0.28,0.01,0.01,22.559034625159114,22.559034625159114,22.829034625159117,22.829034625159117,,0.949551062010824,0.949551062010824,0.0,0.0,57.231721266920616,57.231721266920616,0.0,0.0,1.2307897046649594,1.2307897046649594,0.0,0.0,0.98,0.98,0.96,0.96,48.2,48.2,0.0,0.0,96.4,2313.6000000000004,0.1365699371681167,4.914567042888761e-05
1997-07-15,1997-07-26,377.3562,0.9047288410004722,341.4050374703424,0.72,1997,7,15,1997.07,1996,10,288,42,0.0294973952374375,3.2144262588901142,0.0094152865543741,0.93,5,Dry,37,8,6,4,53,108.0,0.3163397962731639,233.4050374703424,233.4050374703424,,1,233.4050374703424,0.0,0.0,0.0,0.0,0.0,0.0,0.0,0.0,0.0,37.0,8.0,6.0,4.0,53.0,284.4050374703424,990.0,965.1070251873516,24.89297481264828,0.1359071247409932,0.0155894281849791,989.848503447074,0.2575968005849622,0.01,0.01,0.01,24.483881459137308,24.73147825972227,24.73147825972227,24.73147825972227,,0.957872337496784,0.0,0.0,0.0,53.68300571634666,0.0,0.0,0.0,1.1544732412117562,0.0,0.0,0.0,0.98,0.96,0.96,0.96,48.2,0.0,0.0,0.0,48.2,1156.8000000000002,0.1411812794478379,5.736332443377598e-05
1997-08-15,1997-08-26,250.8784,0.9414693900674836,236.1943342291061,0.893,1997,8,15,1997.08,1996,11,319,46,0.0204071904773947,3.4469595323380133,0.0145937435103523,0.97,5,Dry,34,7,5,3,44,93.0,0.3937435684201931,143.19433422910612,143.19433422910612,,1,143.19433422910612,0.0,0.0,0.0,0.0,0.0,0.0,0.0,0.0,0.0,34.0,7.0,5.0,3.0,44.0,189.1943342291061,990.0,964.6171660053748,25.382833994625344,0.1023039053103338,0.007921518409474,989.8897745762802,0.1358123512092932,0.01,0.01,0.01,25.13679621969621,25.262608570905503,25.262608570905503,25.262608570905503,,0.9361127316225304,0.0,0.0,0.0,33.04476063804119,0.0,0.0,0.0,0.7106400137213159,0.0,0.0,0.0,0.97,0.96,0.96,0.96,32.05341781889995,0.0,0.0,0.0,32.05341781889995,769.2820276535988,0.1357078184094308,6.217932587801266e-05
1997-09-15,1997-09-26,188.6959,1.0242652879741163,193.27466035303507,0.97,1997,9,15,1997.09,1996,12,350,50,0.0166989306545022,0.0,0.0,0.97,5,Dry,30,6,4,2,30,72.0,0.3725268478986586,121.27466035303507,121.27466035303507,,1,121.27466035303507,0.0,0.0,0.0,0.0,0.0,0.0,0.0,0.0,0.0,30.0,6.0,4.0,2.0,30.0,161.27466035303507,990.0,964.413450679294,25.586549320706126,0.0924501500356086,0.0060583461300079,989.9014915038344,0.1062207914765973,0.01,0.01,0.01,25.381820033063978,25.47804082454057,25.47804082454057,25.47804082454057,,0.925766188556184,0.0,0.0,0.0,27.946848595080823,0.0,0.0,0.0,0.6010074966684048,0.0,0.0,0.0,0.97,0.96,0.96,0.96,27.1084431372284,0.0,0.0,0.0,27.1084431372284,650.6026352934816,0.1402586510187738,6.209147955355294e-05
1997-10-15,1997-10-26,153.4252,1.0737560039606149,164.74122965885817,0.991,1997,10,15,1997.1,1997,1,15,3,0.0142336422425253,0.6997485894509339,0.0042475620152887,0.94,5,Dry,24,4,2,2,20,52.0,0.3156465452375233,112.74122965885816,112.74122965885816,,1,112.74122965885816,0.0,0.0,0.0,0.0,0.0,0.0,0.0,0.0,0.0,24.0,4.0,2.0,2.0,20.0,142.74122965885817,990.0,964.4705175406824,25.529482459317705,0.0859091033431536,0.0053330045210029,989.9087578921358,0.0947006600394585,0.01,0.01,0.01,25.34353969141403,25.42824035145349,25.42824035145349,25.42824035145349,,0.9198721526139122,0.0,0.0,0.0,25.776040794963222,0.0,0.0,0.0,0.5543234579561983,0.0,0.0,0.0,0.97,0.96,0.96,0.96,25.002759571114325,0.0,0.0,0.0,25.002759571114325,600.0662297067438,0.1517698976928203,6.160311549724622e-05
1997-11-15,1997-11-26,157.162,1.0617930438264065,166.8735183538457,0.989,1997,11,15,1997.11,1997,2,46,7,0.0144178719857722,0.0,0.0,0.91,5,Dry,23,4,2,2,19,50.0,0.2996281284965651,116.8735183538457,116.8735183538457,,1,116.8735183538457,0.0,0.0,0.0,0.0,0.0,0.0,0.0,0.0,0.0,23.0,4.0,2.0,2.0,19.0,145.8735183538457,990.0,964.4662529632924,25.533747036707723,0.0870145892591853,0.0056842490600768,989.9073011616808,0.1002792497776916,0.01,0.01,0.01,25.34076894861075,25.43104819838844,25.43104819838844,25.43104819838844,,0.922779821562929,0.0,0.0,0.0,26.802339008763447,0.0,0.0,0.0,0.5763943872852354,0.0,0.0,0.0,0.97,0.96,0.96,0.96,25.998268838500543,0.0,0.0,0.0,25.998268838500543,623.9584521240131,0.1557962527246097,6.179108360683915e-05
1997-12-15,1997-12-26,282.0511,0.9362353611713602,264.06621347727946,0.853,1997,12,15,1997.12,1997,3,76,11,0.0228153208444369,7.419148445008204,0.0280957883528956,0.97,5,Dry,26,4,3,2,24,59.0,0.223428810611837,205.06621347727943,205.06621347727943,,1,205.06621347727943,0.0,0.0,0.0,0.0,0.0,0.0,0.0,0.0,0.0,26.0,4.0,3.0,2.0,24.0,238.06621347727943,990.0,964.7562648539092,25.2437351460909,0.1195527160071764,0.0131806281455687,989.8672666558472,0.2193393881943273,0.01,0.01,0.01,24.891662413743745,25.10100180193807,25.10100180193807,25.10100180193807,,0.9556408062703088,0.0,0.0,0.0,47.83892370243692,0.0,0.0,0.0,1.028794058116923,0.0,0.0,0.0,0.98,0.96,0.96,0.96,46.88214522838818,0.0,0.0,0.0,46.88214522838818,1125.1714854813165,0.1775393550391556,6.350543026162423e-05
1998-01-15,1998-01-26,591.2615,0.8901106602929673,526.2881641708102,0.536,1998,1,15,1998.01,1997,4,107,16,0.045471297384358,6.647060694109314,0.0126300782473078,0.78,4,Mod_Dry,34,5,4,3,45,91.0,0.1729090756646113,435.2881641708102,435.2881641708102,,2,217.6440820854051,217.6440820854051,0.0,0.0,0.0,0.0,0.0,0.0,0.0,0.0,34.0,5.0,4.0,3.0,45.0,478.2881641708102,990.0,965.9682967387686,24.031703261231428,0.2043344957317742,0.1044560134886224,989.6912094907796,0.2363195108152969,0.2363195108152969,0.01,0.01,23.48659324119569,23.48659324119569,23.712912752010983,23.712912752010983,,0.957305695645604,0.957305695645604,0.0,0.0,47.9906057298606,47.9906057298606,0.0,0.0,1.0320560372013032,1.0320560372013032,0.0,0.0,0.98,0.98,0.96,0.96,47.03079361526338,47.03079361526338,0.0,0.0,94.06158723052675,2257.4780935326426,0.1787263967425998,6.002510710328761e-05
1998-02-15,1998-02-26,980.5704,0.924461588505012,906.4996696249948,0.357,1998,2,15,1998.02,1997,5,138,20,0.0783215714555995,0.0,0.0,0.55,3,Normal,43,7,5,4,78,137.0,0.151130777639086,769.4996696249948,769.4996696249948,,3,256.49988987499825,256.49988987499825,256.49988987499825,0.0,0.0,0.0,0.0,0.0,0.0,0.0,43.0,7.0,5.0,4.0,78.0,824.4996696249948,990.0,967.5259986785,22.47400132150005,0.4097226514480198,0.3114378400984974,989.2788395084536,0.28,0.28,0.28,0.01,21.472840829953583,21.472840829953583,21.472840829953583,21.742840829953582,,0.956302687865874,0.956302687865874,0.956302687865874,0.0,51.6548094456524,51.6548094456524,51.6548094456524,0.0,1.1108561171108042,1.1108561171108042,1.1108561171108042,0.0,0.98,0.98,0.98,0.96,48.2,48.2,48.2,0.0,144.60000000000002,3470.4000000000005,0.1595146747927871,5.219841963836236e-05
1998-03-15,1998-03-26,2349.8899,1.0014195225473477,2353.225621696834,0.1369999999999999,1998,3,15,1998.03,1997,6,166,24,0.2033186937146064,0.0,0.0,0.33,2,Mod_Wet,59,11,12,13,144,239.0,0.1015627221616195,2114.225621696834,1100.0,,4,275.0,275.0,275.0,275.0,1014.225621696834,41.0,7.0,13.0,55.1670840253508,898.0585376714831,100.0,18.0,25.0,68.1670840253508,1042.058537671483,1243.0,990.0,971.952613569613,18.04738643038695,0.9262894125183112,0.648,988.4257105874816,0.28,0.28,0.28,0.28,16.193097017868666,16.193097017868666,16.193097017868666,16.193097017868666,,0.945579291053606,0.945579291053606,0.945579291053606,0.945579291053606,41.29517048739736,41.29517048739736,41.29517048739736,41.29517048739736,0.8880681825246743,0.8880681825246743,0.8880681825246743,0.8880681825246743,0.9788068182524674,0.9788068182524674,0.9788068182524674,0.9788068182524674,40.4199944339626,40.4199944339626,40.4199944339626,40.4199944339626,161.6799777358504,3880.3194656604096,0.0687056847610167,4.082827720602283e-05
1998-04-15,1998-04-26,3188.9642,1.0315586851813885,3289.6037172425176,0.069,1998,4,15,1998.04,1997,7,197,29,0.2842217611697536,56.533653888248864,0.0171855514364622,0.36,2,Mod_Wet,70,14,18,25,168,295.0,0.0896764550859886,2994.6037172425176,1100.0,,4,275.0,275.0,275.0,275.0,1894.6037172425176,30.000000000000057,4.0,7.0,55.0,1798.6037172425176,100.0,18.0,25.0,80.0,1966.6037172425176,1243.0,990.0,974.1746364484424,15.82536355155753,0.9262894125183112,0.648,988.4257105874816,0.28,0.28,0.28,0.28,13.971074139039247,13.971074139039247,13.971074139039247,13.971074139039247,,0.9348264448342356,0.9348264448342356,0.9348264448342356,0.9348264448342356,35.22347342874633,35.22347342874633,35.22347342874633,35.22347342874633,0.7574940522311039,0.7574940522311039,0.7574940522311039,0.7574940522311039,0.97,0.97,0.97,0.97,34.16676922588394,34.16676922588394,34.16676922588394,34.16676922588394,136.66707690353576,3280.009845684858,0.0415451490971975,3.451188810695347e-05
1998-05-15,1998-05-26,2595.6253,1.0142806012961758,2632.6923900235674,0.114,1998,5,15,1998.05,1997,8,227,33,0.2274646224980362,15.849265029906292,0.0060201735265259,0.31,2,Mod_Wet,65,14,17,23,202,321.0,0.1219284110883636,2311.6923900235674,1100.0,,4,275.0,275.0,275.0,275.0,1211.6923900235674,35.0,4.0,8.0,57.0,1107.6923900235674,100.0,18.0,25.0,80.0,1309.6923900235674,1243.0,990.0,972.627188527643,17.372811472356943,0.9262894125183112,0.648,988.4257105874816,0.28,0.28,0.28,0.28,15.51852205983866,15.51852205983866,15.51852205983866,15.51852205983866,,0.9430740882393548,0.9430740882393548,0.9430740882393548,0.9430740882393548,39.47003973810615,39.47003973810615,39.47003973810615,39.47003973810615,0.8488180588840031,0.8488180588840031,0.8488180588840031,0.8488180588840031,0.9748818058884002,0.9748818058884002,0.9748818058884002,0.9748818058884002,38.47862361837184,38.47862361837184,38.47862361837184,38.47862361837184,153.91449447348737,3693.947867363697,0.0584627718212493,3.886729658421398e-05
1998-06-15,1998-06-26,1286.0988,0.9120856039266032,1173.0322007072791,0.281,1998,6,15,1998.06,1997,9,258,37,0.1013499821411089,25.563766995533115,0.0217928945003551,0.47,3,Normal,53,12,12,13,120,210.0,0.1790232185215211,963.0322007072792,963.0322007072792,,4,240.75805017681975,240.75805017681975,240.75805017681975,240.75805017681975,0.0,0.0,0.0,0.0,0.0,0.0,53.0,12.0,12.0,13.0,120.0,1040.0322007072791,990.0,968.4438154879372,21.556184512062828,0.610596424744823,0.4051075851423231,988.9842959901129,0.2675233677387067,0.2675233677387067,0.2675233677387067,0.2675233677387067,20.27295713443697,20.27295713443697,20.27295713443697,20.27295713443697,,0.9551061823304948,0.9551061823304948,0.9551061823304948,0.9551061823304948,45.71811074052224,45.71811074052224,45.71811074052224,45.71811074052224,0.983185177215532,0.983185177215532,0.983185177215532,0.983185177215532,0.98,0.98,0.98,0.98,44.8037485257118,44.8037485257118,44.8037485257118,44.8037485257118,179.2149941028472,4301.1598584683325,0.1527792621505101,5.1692916155643725e-05
1998-07-15,1998-07-26,567.6156,0.8793554915679047,499.1358949596112,0.55,1998,7,15,1998.07,1997,10,288,42,0.0431253413245104,13.149944412396906,0.0263454192439134,0.54,3,Normal,50,10,9,9,108,186.0,0.3726440071296628,313.1358949596112,313.1358949596112,,2,156.5679474798056,156.5679474798056,0.0,0.0,0.0,0.0,0.0,0.0,0.0,0.0,50.0,10.0,9.0,9.0,108.0,382.1358949596112,990.0,965.8461115273184,24.15388847268173,0.1703993766273416,0.0468001424209365,989.7828004809518,0.1538667290977376,0.1538667290977376,0.01,0.01,23.782822224535767,23.782822224535767,23.926688953633505,23.926688953633505,,0.9429631932101148,0.9429631932101148,0.0,0.0,34.43496837696463,34.43496837696463,0.0,0.0,0.7405369543433254,0.7405369543433254,0.0,0.0,0.97,0.97,0.96,0.96,33.40191932565569,33.40191932565569,0.0,0.0,66.80383865131138,1603.2921276314732,0.133838979175635,5.926060265297902e-05
1998-08-15,1998-08-26,386.4594,0.9011465145423716,348.25654132213623,0.711,1998,8,15,1998.08,1997,11,319,46,0.0300893651702325,5.983561035691366,0.0171814749350439,0.56,3,Normal,47,8,6,5,89,155.0,0.445074195624729,193.25654132213623,193.25654132213623,,1,193.25654132213623,0.0,0.0,0.0,0.0,0.0,0.0,0.0,0.0,0.0,47.0,8.0,6.0,5.0,89.0,254.25654132213623,990.0,965.1412827066108,24.858717293389304,0.1252667850381238,0.0121768060123815,989.8625564089496,0.2033963307848839,0.01,0.01,0.01,24.51787737155398,24.71127370233886,24.71127370233886,24.71127370233886,,0.9529028850865142,0.0,0.0,0.0,44.2796737818376,0.0,0.0,0.0,0.9522510490717764,0.0,0.0,0.0,0.98,0.96,0.96,0.96,43.39408030620085,0.0,0.0,0.0,43.39408030620085,1041.4579273488202,0.124603776691337,6.2372590928627e-05
1998-09-15,1998-09-26,260.6582,0.9411384160257336,245.3154454721189,0.882,1998,9,15,1998.09,1997,12,350,50,0.021195254488791,1.5335195937600758,0.0062512150052711,0.62,3,Normal,40,6,4,3,65,118.0,0.4810133327434989,127.31544547211892,127.31544547211892,,1,127.31544547211892,0.0,0.0,0.0,0.0,0.0,0.0,0.0,0.0,0.0,40.0,6.0,4.0,3.0,65.0,177.3154454721189,990.0,964.6718926728328,25.32810732716723,0.0981114615423084,0.0065718128651301,989.8953167255926,0.1143758513873605,0.01,0.01,0.01,25.10904820137245,25.21342405275981,25.21342405275981,25.21342405275981,,0.9296926685009088,0.0,0.0,0.0,29.14670396660473,0.0,0.0,0.0,0.6268108379914995,0.0,0.0,0.0,0.97,0.96,0.96,0.96,28.272302847606586,0.0,0.0,0.0,28.272302847606586,678.535268342558,0.1152487679411928,6.168471883789097e-05
1998-10-15,1998-10-26,197.7856,0.9912735433022318,196.05963252615788,0.962,1998,10,15,1998.1,1998,1,15,3,0.01693955225026,0.6188520730835876,0.0031564481944085,0.77,4,Mod_Dry,31,4,3,2,33,73.0,0.3723356973560607,123.05963252615788,123.05963252615788,,1,123.05963252615788,0.0,0.0,0.0,0.0,0.0,0.0,0.0,0.0,0.0,31.0,4.0,3.0,2.0,33.0,161.05963252615788,990.0,964.4078807349476,25.59211926505236,0.0923742597658043,0.0062100687647234,989.9014156714694,0.1086305039103131,0.01,0.01,0.01,25.384904432611457,25.483534936521767,25.483534936521767,25.483534936521767,,0.927033088426786,0.0,0.0,0.0,28.400440865345573,0.0,0.0,0.0,0.6107621691472166,0.0,0.0,0.0,0.97,0.96,0.96,0.96,27.548427639385206,0.0,0.0,0.0,27.548427639385206,661.1622633452449,0.1405104522763488,6.218400667914991e-05
1998-11-15,1998-11-26,197.7856,0.9912735433022318,196.05963252615788,0.962,1998,11,15,1998.11,1998,2,46,7,0.01693955225026,0.0,0.0,0.9,4,Mod_Dry,29,4,2,2,30,67.0,0.3417327633267955,129.05963252615788,129.05963252615788,,1,129.05963252615788,0.0,0.0,0.0,0.0,0.0,0.0,0.0,0.0,0.0,29.0,4.0,2.0,2.0,30.0,164.05963252615788,990.0,964.4078807349476,25.59211926505236,0.0934330567258043,0.0067200687647234,989.8998468745096,0.1167305039103131,0.01,0.01,0.01,25.37523563565158,25.48196613956189,25.48196613956189,25.48196613956189,,0.9300472452930644,0.0,0.0,0.0,29.87061871177509,0.0,0.0,0.0,0.6423788970274213,0.0,0.0,0.0,0.97,0.96,0.96,0.96,28.97450015042184,0.0,0.0,0.0,28.97450015042184,695.3880036101241,0.1477841194390493,6.236242972700855e-05
1998-12-15,1998-12-26,362.9525,0.9155446385130294,332.29921540990034,0.735,1998,12,15,1998.12,1998,3,76,11,0.0287106522114153,2.7608554779954493,0.0083083418496485,0.79,4,Mod_Dry,31,5,3,2,36,77.0,0.2317188739221618,255.29921540990037,255.29921540990037,,1,255.29921540990037,0.0,0.0,0.0,0.0,0.0,0.0,0.0,0.0,0.0,31.0,5.0,3.0,2.0,36.0,294.29921540990034,990.0,965.0614960770496,24.93850392295053,0.1393990871208081,0.0195012296734729,989.8410996832056,0.28,0.01,0.01,0.01,24.499603606156228,24.769603606156227,24.769603606156227,24.769603606156227,,0.9536090436862766,0.0,0.0,0.0,58.49484552751624,0.0,0.0,0.0,1.2579536672584135,0.0,0.0,0.0,0.98,0.96,0.96,0.96,48.2,0.0,0.0,0.0,48.2,1156.8000000000002,0.1450499964032234,5.24439092669835e-05
1999-01-15,1999-01-26,663.2533,0.8749645092220418,580.3230981243996,0.494,1999,1,15,1999.01,1998,4,107,16,0.0501399156779481,7.444735387682384,0.0128286042925806,0.78,4,Mod_Dry,34,5,4,3,45,91.0,0.1568091986931269,489.3230981243996,489.3230981243996,,2,244.6615490621998,244.6615490621998,0.0,0.0,0.0,0.0,0.0,0.0,0.0,0.0,34.0,5.0,4.0,3.0,45.0,532.3230981243996,990.0,966.2114539415596,23.78854605844026,0.2290351954013747,0.1299605023147166,989.641004302284,0.2727930912339698,0.2727930912339698,0.01,0.01,23.15675726949022,23.15675726949022,23.41955036072419,23.41955036072419,,0.9554031855736026,0.9554031855736026,0.0,0.0,53.08463663923202,53.08463663923202,0.0,0.0,1.1416050890157423,1.1416050890157423,0.0,0.0,0.98,0.98,0.96,0.96,48.2,48.2,0.0,0.0,96.4,2313.6000000000004,0.1661143599342576,5.47241237546692e-05
1999-02-15,1999-02-26,989.3226,0.9166643109381613,906.87671942455,0.357,1999,2,15,1999.02,1998,5,138,20,0.0783541485582811,0.0,0.0,0.56,3,Normal,43,7,5,4,78,137.0,0.1510679423846408,769.87671942455,769.87671942455,,3,256.62557314151667,256.62557314151667,256.62557314151667,0.0,0.0,0.0,0.0,0.0,0.0,0.0,43.0,7.0,5.0,4.0,78.0,824.87671942455,990.0,967.5275068776982,22.472493122301785,0.4100676571369306,0.3116203322014821,989.2783120106616,0.28,0.28,0.28,0.01,21.470805132963363,21.470805132963363,21.470805132963363,21.740805132963363,,0.9562944723322272,0.9562944723322272,0.9562944723322272,0.0,51.674776577735855,51.674776577735855,51.674776577735855,0.0,1.111285517800771,1.111285517800771,1.111285517800771,0.0,0.98,0.98,0.98,0.96,48.2,48.2,48.2,0.0,144.60000000000002,3470.4000000000005,0.1594483537870005,5.217285528089425e-05
1999-03-15,1999-03-26,2373.8032,1.003751458435271,2382.708424038313,0.135,1999,3,15,1999.03,1998,6,166,24,0.2058660078369102,0.0,0.0,0.43,3,Normal,49,9,9,9,107,183.0,0.0768033546000748,2199.708424038313,1100.0,,4,275.0,275.0,275.0,275.0,1099.7084240383128,51.0,9.0,16.0,54.08402085434325,969.6244031839695,100.0,18.0,25.0,63.08402085434325,1076.6244031839697,1243.0,990.0,972.0237789545752,17.976221045424722,0.9262894125183112,0.648,988.4257105874816,0.28,0.28,0.28,0.28,16.12193163290644,16.12193163290644,16.12193163290644,16.12193163290644,,0.9453657948987192,0.9453657948987192,0.9453657948987192,0.9453657948987192,41.10440377855728,41.10440377855728,41.10440377855728,41.10440377855728,0.8839656726571458,0.8839656726571458,0.8839656726571458,0.8839656726571458,0.9783965672657146,0.9783965672657146,0.9783965672657146,0.9783965672657146,40.21640755644431,40.21640755644431,40.21640755644431,40.21640755644431,160.86563022577724,3860.7751254186537,0.0675137707169119,4.0622633895398295e-05
1999-04-15,1999-04-26,2802.899000000001,1.0180822492206687,2853.581718258364,0.097,1999,4,15,1999.04,1998,7,197,29,0.2465494604575225,19.45979552348217,0.0068194281589942,0.5700000000000001,3,Normal,54,13,14,19,117,217.0,0.076044782110688,2636.581718258364,1100.0,,4,275.0,275.0,275.0,275.0,1536.5817182583642,46.0,5.0,11.0,61.0,1413.581718258364,100.0,18.0,25.0,80.0,1530.581718258364,1243.0,990.0,973.1603696647616,16.83963033523844,0.9262894125183112,0.648,988.4257105874816,0.28,0.28,0.28,0.28,14.985340922720155,14.985340922720155,14.985340922720155,14.985340922720155,,0.9409120455363208,0.9409120455363208,0.9409120455363208,0.9409120455363208,38.026560868586,38.026560868586,38.026560868586,38.026560868586,0.8177755025502367,0.8177755025502367,0.8177755025502367,0.8177755025502367,0.9717775502550235,0.9717775502550235,0.9717775502550235,0.9717775502550235,36.95335816549805,36.95335816549805,36.95335816549805,36.95335816549805,147.8134326619922,3547.522383887813,0.0517992639622767,3.732662440959399e-05
1999-05-15,1999-05-26,2750.1807,1.018827290046873,2801.959149720212,0.101,1999,5,15,1999.05,1998,8,227,33,0.2420892705358263,79.98895861045912,0.0285475106296415,0.23,2,Mod_Wet,65,14,17,23,202,321.0,0.1145626980436361,2480.959149720212,1100.0,,4,275.0,275.0,275.0,275.0,1380.9591497202118,35.0,4.000000000000007,8.0,57.0,1276.9591497202118,100.0,18.0,25.0,80.0,1478.9591497202118,1243.0,990.0,973.035763464842,16.96423653515808,0.9262894125183112,0.648,988.4257105874816,0.28,0.28,0.28,0.28,15.109947122639795,15.109947122639795,15.109947122639795,15.109947122639795,,0.9414397884905592,0.9414397884905592,0.9414397884905592,0.9414397884905592,38.364265422103216,38.364265422103216,38.364265422103216,38.364265422103216,0.8250379660667359,0.8250379660667359,0.8250379660667359,0.8250379660667359,0.9725037966066736,0.9725037966066736,0.9725037966066736,0.9725037966066736,37.30939377702151,37.30939377702151,37.30939377702151,37.30939377702151,149.23757510808602,3581.701802594064,0.0532618668344925,3.768625634042576e-05
1999-06-15,1999-06-26,1328.0906,0.9063317221724048,1203.6906406989826,0.273,1999,6,15,1999.06,1998,9,258,37,0.103998871356392,35.04616936647085,0.0291155951383983,0.29,2,Mod_Wet,62,12,14,16,153,257.0,0.2135100093914165,946.6906406989826,946.6906406989826,,4,236.6726601747457,236.6726601747457,236.6726601747457,236.6726601747457,0.0,0.0,0.0,0.0,0.0,0.0,62.0,12.0,14.0,16.0,153.0,1034.6906406989826,990.0,968.540170585054,21.459829414946057,0.6027685942175565,0.3971982700983076,989.000033135684,0.2620080912359067,0.2620080912359067,0.2620080912359067,0.2620080912359067,20.19785445939429,20.19785445939429,20.19785445939429,20.19785445939429,,0.9548113857740684,0.9548113857740684,0.9548113857740684,0.9548113857740684,44.762014063621855,44.762014063621855,44.762014063621855,44.762014063621855,0.9626239583574592,0.9626239583574592,0.9626239583574592,0.9626239583574592,0.98,0.98,0.98,0.98,43.86677378234942,43.86677378234942,43.86677378234942,43.86677378234942,175.46709512939768,4211.2102831055445,0.1457742456379855,5.148551983378492e-05
1999-07-15,1999-07-26,560.2769999999998,0.8777197698734913,491.76619950541016,0.5539999999999999,1999,7,15,1999.07,1998,10,288,42,0.0424885996372674,9.532822027908937,0.0193848662992627,0.54,3,Normal,50,10,9,9,108,186.0,0.3782285162889763,305.76619950541016,305.76619950541016,,2,152.88309975270508,152.88309975270508,0.0,0.0,0.0,0.0,0.0,0.0,0.0,0.0,50.0,10.0,9.0,9.0,108.0,374.76619950541016,990.0,965.8129478977744,24.18705210222572,0.1677983824432898,0.0433216461665535,989.7888799713902,0.1488921846661518,0.1488921846661518,0.01,0.01,23.82703988894977,23.82703988894977,23.96593207361592,23.96593207361592,,0.9418493877379124,0.9418493877379124,0.0,0.0,33.64726206765326,33.64726206765326,0.0,0.0,0.7235970337129733,0.7235970337129733,0.0,0.0,0.97,0.97,0.96,0.96,32.63784420562366,32.63784420562366,0.0,0.0,65.27568841124732,1566.6165218699357,0.1327372407393957,5.930065422247596e-05
1999-08-15,1999-08-26,376.9428,0.9047288410004722,341.0310225674728,0.72,1999,8,15,1999.08,1998,11,319,46,0.0294650803498296,4.075652623808423,0.0119509732373454,0.66,3,Normal,47,8,6,5,89,155.0,0.4545041059111663,186.0310225674728,186.0310225674728,,1,186.0310225674728,0.0,0.0,0.0,0.0,0.0,0.0,0.0,0.0,0.0,47.0,8.0,6.0,5.0,89.0,247.0310225674728,990.0,965.1051551128372,24.894844887162662,0.1227166752846843,0.0115626369182351,989.8657206877972,0.1936418804660883,0.01,0.01,0.01,24.566923694493653,24.75056557495974,24.75056557495974,24.75056557495974,,0.9507339615977924,0.0,0.0,0.0,42.61219026504838,0.0,0.0,0.0,0.916391188495664,0.0,0.0,0.0,0.98,0.96,0.96,0.96,41.75994645974742,0.0,0.0,0.0,41.75994645974742,1002.238715033938,0.1224520459908753,6.23551113551523e-05
1999-09-15,1999-09-26,251.8195,0.9405520044132718,236.8493354753479,0.892,1999,9,15,1999.09,1998,12,350,50,0.02046378258507,6.7005629439070455,0.0282904021261417,0.77,4,Mod_Dry,34,6,4,3,44,91.0,0.3842104932123467,145.8493354753479,145.8493354753479,,1,145.8493354753479,0.0,0.0,0.0,0.0,0.0,0.0,0.0,0.0,0.0,34.0,6.0,4.0,3.0,44.0,189.8493354753479,990.0,964.621096012852,25.37890398714785,0.1025350764197728,0.0081471935154045,989.8893177300648,0.1393966028917197,0.01,0.01,0.01,25.12882511432095,25.258221717212667,25.258221717212667,25.258221717212667,,0.9372073353973898,0.0,0.0,0.0,33.686121997113624,0.0,0.0,0.0,0.724432731120723,0.0,0.0,0.0,0.97,0.96,0.96,0.96,32.675538337200216,0.0,0.0,0.0,32.675538337200216,784.2129200928052,0.1379591725331279,6.22322919567516e-05
1999-10-15,1999-10-26,197.7856,0.9912735433022318,196.05963252615788,0.962,1999,10,15,1999.1,1999,1,15,3,0.01693955225026,0.0,0.0,0.8,4,Mod_Dry,31,4,3,2,33,73.0,0.3723356973560607,123.05963252615788,123.05963252615788,,1,123.05963252615788,0.0,0.0,0.0,0.0,0.0,0.0,0.0,0.0,0.0,31.0,4.0,3.0,2.0,33.0,161.05963252615788,990.0,964.4078807349476,25.59211926505236,0.0923742597658043,0.0062100687647234,989.9014156714694,0.1086305039103131,0.01,0.01,0.01,25.384904432611457,25.483534936521767,25.483534936521767,25.483534936521767,,0.927033088426786,0.0,0.0,0.0,28.400440865345573,0.0,0.0,0.0,0.6107621691472166,0.0,0.0,0.0,0.97,0.96,0.96,0.96,27.548427639385206,0.0,0.0,0.0,27.548427639385206,661.1622633452449,0.1405104522763488,6.218400667914991e-05
1999-11-15,1999-11-26,210.5129,0.9644233220649272,203.02355035552185,0.945,1999,11,15,1999.11,1999,2,46,7,0.017541234750717,1.6753521884399731,0.0082520091167069,0.8200000000000001,4,Mod_Dry,29,4,2,2,30,67.0,0.3300109759812292,136.02355035552185,136.02355035552185,,1,136.02355035552185,0.0,0.0,0.0,0.0,0.0,0.0,0.0,0.0,0.0,29.0,4.0,2.0,2.0,30.0,171.02355035552185,990.0,964.4181413021332,25.58185869786689,0.0958908484016111,0.0073120017802193,989.8967971498182,0.1261317929799545,0.01,0.01,0.01,25.35252405470515,25.468655847685103,25.468655847685103,25.468655847685103,,0.9328577287738128,0.0,0.0,0.0,31.54927787158622,0.0,0.0,0.0,0.6784790940126069,0.0,0.0,0.0,0.97,0.96,0.96,0.96,30.60279953543863,0.0,0.0,0.0,30.60279953543863,734.4671888505271,0.1507352200365374,6.249489611552301e-05
1999-12-15,1999-12-26,312.8435,0.9288272938647332,290.5775815081716,0.797,1999,12,15,1999.12,1999,3,76,11,0.025105903042306,2.8299010919878924,0.0097388830800366,0.9,4,Mod_Dry,31,5,3,2,36,77.0,0.2649894723479712,213.5775815081716,213.5775815081716,,1,213.5775815081716,0.0,0.0,0.0,0.0,0.0,0.0,0.0,0.0,0.0,31.0,5.0,3.0,2.0,36.0,252.5775815081716,990.0,964.8623103260328,25.13768967396732,0.1246742280269804,0.0139040944281945,989.8614216775449,0.2308297350360316,0.01,0.01,0.01,24.768281616476138,24.989111351512168,24.989111351512168,24.989111351512168,,0.9572072328314468,0.0,0.0,0.0,49.658799055792365,0.0,0.0,0.0,1.0679311624901584,0.0,0.0,0.0,0.98,0.96,0.96,0.96,48.2,0.0,0.0,0.0,48.2,1156.8000000000002,0.1658765268463924,6.268864360362009e-05
2000-01-15,2000-01-26,507.1746,0.897830776149602,455.356964761364,0.595,2000,1,15,2000.01,1999,4,107,16,0.0393428417553818,8.145179979974216,0.0178874610696748,0.85,4,Mod_Dry,34,5,4,3,45,91.0,0.1998432154160413,364.356964761364,364.356964761364,,2,182.178482380682,182.178482380682,0.0,0.0,0.0,0.0,0.0,0.0,0.0,0.0,34.0,5.0,4.0,3.0,45.0,407.356964761364,990.0,965.649106341426,24.35089365857391,0.1793006746901438,0.0709764873673638,989.7497228379424,0.1884409512139207,0.1884409512139207,0.01,0.01,23.91217554530249,23.91217554530249,24.090616496516407,24.090616496516407,,0.9503400066523612,0.9503400066523612,0.0,0.0,40.60073371002326,40.60073371002326,0.0,0.0,0.8731340582800702,0.8731340582800702,0.0,0.0,0.977313405828007,0.977313405828007,0.96,0.96,39.67964134125881,39.67964134125881,0.0,0.0,79.35928268251762,1904.622784380423,0.1742792771910427,6.050178073040577e-05
2000-02-15,2000-02-26,746.4925,0.8869874635023101,662.1294890984982,0.455,2000,2,15,2000.02,1999,5,138,20,0.0572079878581102,35.78961288580183,0.0540522865618476,0.9,4,Mod_Dry,36,6,5,4,54,105.0,0.1585792533465916,557.1294890984982,557.1294890984982,,3,185.7098296994994,185.7098296994994,185.7098296994994,0.0,0.0,0.0,0.0,0.0,0.0,0.0,36.0,6.0,5.0,4.0,54.0,604.1294890984982,990.0,966.548517956394,23.451482043606006,0.2698420602664689,0.1731624987177968,989.5569954410156,0.1932082700943242,0.1932082700943242,0.1932082700943242,0.01,22.8152692145274,22.8152692145274,22.8152692145274,22.99847748462172,,0.9512238567425736,0.9512238567425736,0.9512238567425736,0.0,39.52591413023813,39.52591413023813,39.52591413023813,0.0,0.8500196587147985,0.8500196587147985,0.8500196587147985,0.0,0.9750019658714798,0.9750019658714798,0.9750019658714798,0.96,38.53784397984948,38.53784397984948,38.53784397984948,0.0,115.61353193954844,2774.7247665491623,0.174608643540342,5.764345742167332e-05
2000-03-15,2000-03-26,1061.1535,0.916755206218143,972.817995721604,0.336,2000,3,15,2000.03,1999,6,167,24,0.0840514748303465,0.0,0.0,0.85,4,Mod_Dry,41,8,7,6,67,129.0,0.1326044548593204,843.817995721604,843.817995721604,,4,210.954498930401,210.954498930401,210.954498930401,210.954498930401,0.0,0.0,0.0,0.0,0.0,0.0,41.0,8.0,7.0,6.0,67.0,899.817995721604,990.0,967.7912719828864,22.20872801711357,0.4786399430451335,0.3474079099292563,989.1739521470256,0.2272885735560413,0.2272885735560413,0.2272885735560413,0.2272885735560413,21.15539159058313,21.15539159058313,21.15539159058313,21.15539159058313,,0.9542679398399178,0.9542679398399178,0.9542679398399178,0.9542679398399178,41.76561619154892,41.76561619154892,41.76561619154892,41.76561619154892,0.8981852944419123,0.8981852944419123,0.8981852944419123,0.8981852944419123,0.9798185294441912,0.9798185294441912,0.9798185294441912,0.9798185294441912,40.92272463813397,40.92272463813397,40.92272463813397,40.92272463813397,163.69089855253588,3928.581565260861,0.1682646695193127,5.388566524169346e-05
2000-04-15,2000-04-26,2950.9948,1.022231970362161,3016.601228932492,0.086,2000,4,15,2000.04,1999,7,198,29,0.2606343461797672,312.9166117592945,0.1037315137175187,0.39,2,Mod_Wet,70,14,18,25,168,295.0,0.0977921765630235,2721.601228932492,1100.0,,4,275.0,275.0,275.0,275.0,1621.6012289324915,30.0,4.0,7.0,55.0,1525.6012289324915,100.0,18.0,25.0,80.0,1693.6012289324915,1243.0,990.0,973.5538650353544,16.446134964645694,0.9262894125183112,0.648,988.4257105874816,0.28,0.28,0.28,0.28,14.591845552127412,14.591845552127412,14.591845552127412,14.591845552127412,,0.9385510733127644,0.9385510733127644,0.9385510733127644,0.9385510733127644,36.93512117812368,36.93512117812368,36.93512117812368,36.93512117812368,0.7943036812499716,0.7943036812499716,0.7943036812499716,0.7943036812499716,0.97,0.97,0.97,0.97,35.82706754277997,35.82706754277997,35.82706754277997,35.82706754277997,143.3082701711199,3439.3984841068773,0.047506534439036,3.6188957113919166e-05
2000-05-15,2000-05-26,2175.0,1.0097605349112566,2196.229163431983,0.155,2000,5,15,2000.05,1999,8,228,33,0.1897541997205233,6.145667659279297,0.0027982816008488,0.56,3,Normal,55,13,13,17,178,276.0,0.1256699458305629,1920.2291634319831,1100.0,,4,275.0,275.0,275.0,275.0,820.2291634319831,45.0,5.0,12.0,50.52136151573809,707.7078019162449,100.0,18.0,25.0,67.52136151573809,885.7078019162449,1243.0,990.0,971.5736566013876,18.426343398612403,0.9262894125183112,0.648,988.4257105874816,0.28,0.28,0.28,0.28,16.57205398609412,16.57205398609412,16.57205398609412,16.57205398609412,,0.9467161619582825,0.9467161619582825,0.9467161619582825,0.9467161619582825,42.31238678697628,42.31238678697628,42.31238678697628,42.31238678697628,0.9099438018704576,0.9099438018704576,0.9099438018704576,0.9099438018704576,0.98,0.98,0.98,0.98,41.46613905123675,41.46613905123675,41.46613905123675,41.46613905123675,165.864556204947,3980.749348918728,0.0755224267879929,4.188498894064318e-05
2000-06-15,2000-06-26,1175.0,0.9250503042586872,1086.9341075039572,0.306,2000,6,15,2000.06,1999,9,259,37,0.0939111068883419,23.957812904777484,0.022041642395227,0.55,3,Normal,53,12,12,13,120,210.0,0.1932039840779726,876.9341075039572,876.9341075039572,,4,219.2335268759893,219.2335268759893,219.2335268759893,219.2335268759893,0.0,0.0,0.0,0.0,0.0,0.0,53.0,12.0,12.0,13.0,120.0,953.9341075039572,990.0,968.1732214807269,21.82677851927326,0.5281569205072008,0.3634361080319153,989.1084069714608,0.2384652612825855,0.2384652612825855,0.2384652612825855,0.2384652612825855,20.696720229451586,20.696720229451586,20.696720229451586,20.696720229451586,,0.9545161628157292,0.9545161628157292,0.9545161628157292,0.9545161628157292,42.47471620420473,42.47471620420473,42.47471620420473,42.47471620420473,0.9134347570796716,0.9134347570796716,0.9134347570796716,0.9134347570796716,0.98,0.98,0.98,0.98,41.62522188012064,41.62522188012064,41.62522188012064,41.62522188012064,166.50088752048254,3996.021300491581,0.1531839753403601,5.2740845791835806e-05
2000-07-15,2000-07-26,484.6547,0.9000891520783358,436.2324379737803,0.611,2000,7,15,2000.07,1999,10,289,42,0.0376904826409346,8.06091565548752,0.0184784875075521,0.74,4,Mod_Dry,42,9,8,6,70,135.0,0.3094680455837953,301.2324379737803,301.2324379737803,,2,150.61621898689015,150.61621898689015,0.0,0.0,0.0,0.0,0.0,0.0,0.0,0.0,42.0,9.0,8.0,6.0,70.0,360.2324379737803,990.0,965.563045970882,24.436954029118056,0.1626689670622763,0.0411817107236243,989.796149322214,0.1458318956323017,0.1458318956323017,0.01,0.01,24.087271455699845,24.087271455699845,24.223103351332146,24.223103351332146,,0.9409686772709092,0.9409686772709092,0.0,0.0,33.479056826261605,33.479056826261605,0.0,0.0,0.7199797166937979,0.7199797166937979,0.0,0.0,0.97,0.97,0.96,0.96,32.474685121473755,32.474685121473755,0.0,0.0,64.94937024294751,1558.7848858307402,0.1488870716369131,5.9892260792054674e-05
2000-08-15,2000-08-26,329.8819,0.9312389803097992,307.1988841786591,0.775,2000,8,15,2000.08,1999,11,320,46,0.0265419835930361,4.924717865381241,0.0160310408631469,0.85,4,Mod_Dry,39,7,5,4,60,115.0,0.3743503180601362,192.1988841786591,192.1988841786591,,1,192.1988841786591,0.0,0.0,0.0,0.0,0.0,0.0,0.0,0.0,0.0,39.0,7.0,5.0,4.0,60.0,243.1988841786591,990.0,964.9359944208932,25.06400557910672,0.121364194748178,0.012086905155186,989.8665489000966,0.2019684936411898,0.01,0.01,0.01,24.72858598556216,24.92055447920335,24.92055447920335,24.92055447920335,,0.9524143069080612,0.0,0.0,0.0,44.39302665802755,0.0,0.0,0.0,0.954688745333926,0.0,0.0,0.0,0.98,0.96,0.96,0.96,43.505166124867,0.0,0.0,0.0,43.505166124867,1044.123986996808,0.1416188937052437,6.287637110725979e-05
2000-09-15,2000-09-26,230.5719,0.9683461980261908,223.27342273667512,0.921,2000,9,15,2000.09,1999,12,351,51,0.0192908237244487,3.6345752884034255,0.0162785845438038,0.8,4,Mod_Dry,34,6,4,3,44,91.0,0.4075720203712909,132.27342273667512,132.27342273667512,,1,132.27342273667512,0.0,0.0,0.0,0.0,0.0,0.0,0.0,0.0,0.0,34.0,6.0,4.0,3.0,44.0,176.27342273667512,990.0,964.53964053642,25.460359463579948,0.0977436980407955,0.0069932409326173,989.8952630610266,0.1210691206945114,0.01,0.01,0.01,25.23455340391208,25.345622524606583,25.345622524606583,25.345622524606583,,0.931531363138553,0.0,0.0,0.0,30.49329783412964,0.0,0.0,0.0,0.655769845895261,0.0,0.0,0.0,0.97,0.96,0.96,0.96,29.57849889910575,0.0,0.0,0.0,29.57849889910575,709.883973578538,0.1324765775369069,6.211565047766728e-05
2000-10-15,2000-10-26,136.5781,1.0772139575724409,147.12383561872463,0.995,2000,10,15,2000.1,2000,1,15,3,0.0127114993974578,0.0,0.0,0.93,5,Dry,24,4,2,2,20,52.0,0.3534437488073611,95.12383561872464,95.12383561872464,,1,95.12383561872464,0.0,0.0,0.0,0.0,0.0,0.0,0.0,0.0,0.0,24.0,4.0,2.0,2.0,20.0,125.12383561872464,990.0,964.5,25.5,0.0796913555922151,0.0038355260275915,989.9164731183802,0.0709171780852782,0.01,0.01,0.01,25.34555594029489,25.40647311838017,25.40647311838017,25.40647311838017,,0.9157688820023084,0.0,0.0,0.0,21.652884381971965,0.0,0.0,0.0,0.4656534275692895,0.0,0.0,0.0,0.966565342756929,0.96,0.96,0.96,20.928927614336885,0.0,0.0,0.0,20.928927614336885,502.2942627440853,0.1422538198947909,6.111602802986734e-05
2000-11-15,2000-11-26,156.0885,1.0635632001099886,166.00998456036797,0.99,2000,11,15,2000.11,2000,2,46,7,0.0143432626660157,2.4037149976961416,0.0144793399268226,0.98,5,Dry,23,4,2,2,19,50.0,0.3011867035131129,116.00998456036795,116.00998456036795,,1,116.00998456036795,0.0,0.0,0.0,0.0,0.0,0.0,0.0,0.0,0.0,23.0,4.0,2.0,2.0,19.0,145.00998456036797,990.0,964.4679800308792,25.53201996912071,0.0867098202740548,0.0056108486876312,989.9076793310384,0.0991134791564967,0.01,0.01,0.01,25.340585821002467,25.42969930015896,25.42969930015896,25.42969930015896,,0.9221757809108542,0.0,0.0,0.0,26.586699767199995,0.0,0.0,0.0,0.5717569842408601,0.0,0.0,0.0,0.97,0.96,0.96,0.96,25.789098774183994,0.0,0.0,0.0,25.789098774183994,618.9383705804158,0.1553466729274107,6.175018965420781e-05
2000-12-15,2000-12-26,360.1952,0.914888260398542,329.5383599319049,0.74,2000,12,15,2000.12,2000,3,76,11,0.0284721142981165,6.113223718092513,0.0185508713442518,0.9,4,Mod_Dry,31,5,3,2,36,77.0,0.2336602027633781,252.5383599319049,252.5383599319049,,1,252.5383599319049,0.0,0.0,0.0,0.0,0.0,0.0,0.0,0.0,0.0,31.0,5.0,3.0,2.0,36.0,291.5383599319049,990.0,965.0476917996594,24.952308200340557,0.1384246955620389,0.0181981058878591,989.84337719855,0.28,0.01,0.01,0.01,24.515685398890557,24.785685398890557,24.785685398890557,24.785685398890557,,0.9548855716888636,0.0,0.0,0.0,57.977759171390346,0.0,0.0,0.0,1.2468335305675344,0.0,0.0,0.0,0.98,0.96,0.96,0.96,48.2,0.0,0.0,0.0,48.2,1156.8000000000002,0.146265217833699,5.301724812222232e-05
2001-01-15,2001-01-26,656.4879,0.872641160235729,572.8783627367172,0.496,2001,1,15,2001.01,2000,4,107,16,0.0494966905404523,0.0,0.0,0.61,3,Normal,41,6,4,3,66,120.0,0.2094685500544021,452.8783627367173,452.8783627367173,,2,226.43918136835865,226.43918136835865,0.0,0.0,0.0,0.0,0.0,0.0,0.0,0.0,41.0,6.0,4.0,3.0,66.0,503.8783627367173,990.0,966.1779526323152,23.82204736768483,0.2133660707883407,0.1127585872117305,989.673875342,0.2481928948472841,0.2481928948472841,0.01,0.01,23.24772981483752,23.24772981483752,23.485922709684804,23.485922709684804,,0.95799253036053,0.95799253036053,0.0,0.0,49.45758978205572,49.45758978205572,0.0,0.0,1.0636040813345315,1.0636040813345315,0.0,0.0,0.98,0.98,0.96,0.96,48.2,48.2,0.0,0.0,96.4,2313.6000000000004,0.168273068543703,5.912796896712232e-05
2001-02-15,2001-02-26,1107.7035,0.9356652067230063,1036.4396243152978,0.3229999999999999,2001,2,15,2001.02,2000,5,138,20,0.0895483835408417,11.803977097968302,0.0113889674044123,0.48,3,Normal,43,7,5,4,78,137.0,0.1321832905515419,899.4396243152978,899.4396243152978,,4,224.85990607882445,224.85990607882445,224.85990607882445,224.85990607882445,0.0,0.0,0.0,0.0,0.0,0.0,43.0,7.0,5.0,4.0,78.0,954.4396243152978,990.0,968.0145245335624,21.98547546643761,0.5286194752571525,0.3743287781686041,989.0970517465742,0.246060873206413,0.246060873206413,0.246060873206413,0.246060873206413,20.836466339805344,20.836466339805344,20.836466339805344,20.836466339805344,,0.9553829244605998,0.9553829244605998,0.9553829244605998,0.9553829244605998,43.89876152697759,43.89876152697759,43.89876152697759,43.89876152697759,0.9440593876769372,0.9440593876769372,0.9440593876769372,0.9440593876769372,0.98,0.98,0.98,0.98,43.02078629643803,43.02078629643803,43.02078629643803,43.02078629643803,172.08314518575213,4129.995484458052,0.1660329662708865,5.3145172138816487e-05
2001-03-15,2001-03-26,3047.6373,1.0200513347160902,3108.7464955955406,0.079,2001,3,15,2001.03,2000,6,166,24,0.2685956972194546,74.32465130465152,0.023908238066357,0.28,2,Mod_Wet,59,11,12,13,144,239.0,0.0768798614935679,2869.7464955955406,1100.0,,4,275.0,275.0,275.0,275.0,1769.7464955955406,41.0,7.0,13.0,67.0,1641.7464955955406,100.0,18.0,25.0,80.0,1785.7464955955406,1243.0,990.0,973.776284644541,16.223715355459035,0.9262894125183112,0.648,988.4257105874816,0.28,0.28,0.28,0.28,14.369425942940753,14.369425942940753,14.369425942940753,14.369425942940753,,0.9372165556576446,0.9372165556576446,0.9372165556576446,0.9372165556576446,36.32041176325817,36.32041176325817,36.32041176325817,36.32041176325817,0.781084123941036,0.781084123941036,0.781084123941036,0.781084123941036,0.97,0.97,0.97,0.97,35.230799410360426,35.230799410360426,35.230799410360426,35.230799410360426,140.9231976414417,3382.156743394601,0.0453311963008566,3.558666607107114e-05
2001-04-15,2001-04-26,3117.8186,1.021722491686134,3185.545388617374,0.074,2001,4,15,2001.04,2000,7,197,29,0.2752311215765411,53.36139897213479,0.0167511030176516,0.48,3,Normal,54,13,14,19,117,217.0,0.0681202034588446,2968.545388617374,1100.0,,4,275.0,275.0,275.0,275.0,1868.545388617374,46.00000000000006,5.0,10.999999999999986,61.0,1745.545388617374,100.0,18.0,25.0,80.0,1862.5453886173736,1243.0,990.0,973.9541318949272,16.045868105072714,0.9262894125183112,0.648,988.4257105874816,0.28,0.28,0.28,0.28,14.191578692554431,14.191578692554431,14.191578692554431,14.191578692554431,,0.9361494721553266,0.9361494721553266,0.9361494721553266,0.9361494721553266,35.830040560262034,35.830040560262034,35.830040560262034,35.830040560262034,0.7705385066723018,0.7705385066723018,0.7705385066723018,0.7705385066723018,0.97,0.97,0.97,0.97,34.755139343454175,34.755139343454175,34.755139343454175,34.755139343454175,139.0205573738167,3336.493376971601,0.0436410537016884,3.5106201357024417e-05
2001-05-15,2001-05-26,3019.8338,1.025295114645132,3096.2208421802447,0.079,2001,5,15,2001.05,2000,8,227,33,0.2675134807643731,42.437624465805136,0.0137062653566798,0.19,2,Mod_Wet,65,14,17,23,202,321.0,0.1036747752702173,2775.2208421802447,1100.0,,4,275.0,275.0,275.0,275.0,1675.2208421802447,35.0,4.0,8.0,57.0,1571.2208421802447,100.0,18.0,25.0,80.0,1773.2208421802447,1243.0,990.0,973.7460503087108,16.253949691289108,0.9262894125183112,0.648,988.4257105874816,0.28,0.28,0.28,0.28,14.399660278770826,14.399660278770826,14.399660278770826,14.399660278770826,,0.9373979616726248,0.9373979616726248,0.9373979616726248,0.9373979616726248,36.40387750604398,36.40387750604398,36.40387750604398,36.40387750604398,0.7828790861514835,0.7828790861514835,0.7828790861514835,0.7828790861514835,0.97,0.97,0.97,0.97,35.31176118086266,35.31176118086266,35.31176118086266,35.31176118086266,141.24704472345064,3389.9290733628154,0.0456191763840688,3.566844563723501e-05
2001-06-15,2001-06-26,1683.6732,0.9730775912922432,1638.344661979303,0.214,2001,6,15,2001.06,2000,9,258,37,0.1415529787950118,28.52662107208857,0.0174118558408981,0.16,2,Mod_Wet,62,12,14,16,153,257.0,0.1568656498013765,1381.344661979303,1100.0,,4,275.0,275.0,275.0,275.0,281.34466197930305,37.99999999999999,6.0,11.0,17.515620979256223,208.82904100004689,100.0,18.0,25.0,33.51562097925623,361.82904100004686,1243.0,990.0,969.9315750617792,20.068424938220687,0.9262894125183112,0.648,988.4257105874816,0.28,0.28,0.28,0.28,18.214135525702403,18.214135525702403,18.214135525702403,18.214135525702403,,0.951517669407128,0.951517669407128,0.951517669407128,0.951517669407128,46.74087244015047,46.74087244015047,46.74087244015047,46.74087244015047,1.005180052476354,1.005180052476354,1.005180052476354,1.005180052476354,0.98,0.98,0.98,0.98,45.80605499134746,45.80605499134746,45.80605499134746,45.80605499134746,183.22421996538984,4397.381279169356,0.1118349662421059,4.6268742415502486e-05
2001-07-15,2001-07-26,733.3846,0.8847747252467206,648.8801579651763,0.46,2001,7,15,2001.07,2000,10,288,42,0.0560632456481912,12.529180533569276,0.019308928435814,0.22,2,Mod_Wet,58,11,11,11,136,227.0,0.3498334741993798,421.8801579651763,421.8801579651763,,2,210.94007898258812,210.94007898258812,0.0,0.0,0.0,0.0,0.0,0.0,0.0,0.0,58.0,11.0,11.0,11.0,136.0,501.8801579651763,990.0,966.4955206318608,23.5044793681393,0.2126608423265106,0.0981274345595632,989.689211723114,0.227269106626494,0.227269106626494,0.01,0.01,22.96642198462669,22.96642198462669,23.183691091253184,23.183691091253184,,0.956161890564318,0.956161890564318,0.0,0.0,45.42789091245033,45.42789091245033,0.0,0.0,0.9769438905903296,0.9769438905903296,0.0,0.0,0.98,0.98,0.96,0.96,44.51933309420132,44.51933309420132,0.0,0.0,89.03866618840264,2136.927988521664,0.1372189688580077,5.862556549093121e-05
2001-08-15,2001-08-26,441.566,0.9034510418651028,398.9332627522059,0.654,2001,8,15,2001.08,2000,11,319,46,0.0344678339017905,4.402174410110091,0.0110348642771471,0.43,3,Normal,47,8,6,5,89,155.0,0.3885361649982969,243.9332627522059,243.9332627522059,,1,243.9332627522059,0.0,0.0,0.0,0.0,0.0,0.0,0.0,0.0,0.0,47.0,8.0,6.0,5.0,89.0,304.9332627522059,990.0,965.394666313761,24.605333686238964,0.1431521723686525,0.0164843273339375,989.8403635002974,0.271809904715478,0.01,0.01,0.01,24.173887281820857,24.43569718653633,24.43569718653633,24.43569718653633,,0.9546231215863136,0.0,0.0,0.0,55.20623961090768,0.0,0.0,0.0,1.1872309593743586,0.0,0.0,0.0,0.98,0.96,0.96,0.96,48.2,0.0,0.0,0.0,48.2,1156.8000000000002,0.1208222138897929,5.48875079102668e-05
2001-09-15,2001-09-26,314.5212,0.9268556891837528,291.51576358890105,0.7959999999999999,2001,9,15,2001.09,2000,12,350,50,0.025186961974081,0.0,0.0,0.44,3,Normal,40,6,4,3,65,118.0,0.4047808548919673,173.51576358890105,173.51576358890105,,1,173.51576358890105,0.0,0.0,0.0,0.0,0.0,0.0,0.0,0.0,0.0,40.0,6.0,4.0,3.0,65.0,223.51576358890105,990.0,964.8660630543555,25.13393694564445,0.1144172831948477,0.0104988399050565,989.8750838769,0.1767462808450164,0.01,0.01,0.01,24.83227454169957,24.999020822544583,24.999020822544583,24.999020822544583,,0.9466071641790856,0.0,0.0,0.0,40.000362155439774,0.0,0.0,0.0,0.8602228420524682,0.0,0.0,0.0,0.9760222842052468,0.96,0.96,0.96,39.04124483998944,0.0,0.0,0.0,39.04124483998944,936.9898761597464,0.1339249869693011,6.250031702608999e-05
2001-10-15,2001-10-26,204.0855,0.982689153992868,200.55260733721147,0.955,2001,10,15,2001.1,2001,1,15,3,0.017327745273935,2.4709430183103507,0.0123206726211027,0.61,3,Normal,37,5,3,2,50,97.0,0.4836636196751263,103.55260733721148,103.55260733721148,,1,103.55260733721148,0.0,0.0,0.0,0.0,0.0,0.0,0.0,0.0,0.0,37.0,5.0,3.0,2.0,50.0,148.55260733721147,990.0,964.4033156440232,25.596684355976777,0.087960126349571,0.0045519716236629,989.9074879020268,0.0822960199052354,0.01,0.01,0.01,25.421876238098328,25.49417225800356,25.49417225800356,25.49417225800356,,0.0,0.0,0.0,0.0,0.0,0.0,0.0,0.0,0.0,0.0,0.0,0.0,0.96,0.96,0.96,0.96,0.0,0.0,0.0,0.0,0.0,0.0,0.0,0.0
2001-11-15,2001-11-26,285.986,0.9347322974487192,267.32035081816935,0.841,2001,11,15,2001.11,2001,2,46,7,0.0230964783106898,5.624285959959708,0.0210394979010981,0.52,3,Normal,36,5,3,2,47,93.0,0.3478971941917672,174.32035081816937,174.32035081816937,,1,174.32035081816937,0.0,0.0,0.0,0.0,0.0,0.0,0.0,0.0,0.0,36.0,5.0,3.0,2.0,47.0,218.32035081816932,990.0,964.7692814032728,25.230718596727343,0.1125836019290341,0.0105672298195443,989.8768491682514,0.1778324736045286,0.01,0.01,0.01,24.92973529137421,25.097567764978734,25.097567764978734,25.097567764978734,,0.946695338442039,0.0,0.0,0.0,40.347320346068734,0.0,0.0,0.0,0.8676843085176071,0.0,0.0,0.0,0.9767684308517608,0.96,0.96,0.96,39.40998878350288,0.0,0.0,0.0,39.40998878350288,945.839730804069,0.1474260701173082,6.279943251116697e-05
2001-12-15,2001-12-26,452.097,0.9071994654414656,410.1421567276903,0.6409999999999999,2001,12,15,2001.12,2001,3,76,11,0.0354362823412724,0.0,0.0,0.31,2,Mod_Wet,42,7,5,3,61,118.0,0.2877051238562265,292.1421567276903,292.1421567276903,,2,146.07107836384515,146.07107836384515,0.0,0.0,0.0,0.0,0.0,0.0,0.0,0.0,42.0,7.0,5.0,3.0,61.0,346.1421567276903,990.0,965.4456397052746,24.55436029472537,0.1576960696338157,0.0368910979754698,989.8054128323906,0.1396959557911909,0.1396959557911909,0.01,0.01,24.22007717132481,24.22007717132481,24.349773127116,24.349773127116,,0.9388714049447326,0.9388714049447326,0.0,0.0,32.575010887097605,32.575010887097605,0.0,0.0,0.7005378685397334,0.7005378685397334,0.0,0.0,0.97,0.97,0.96,0.96,31.59776056048468,31.59776056048468,0.0,0.0,63.19552112096935,1516.6925069032643,0.1540819934853158,6.0088251620782354e-05
2002-01-15,2002-01-26,629.8704,0.8842087083672124,556.9368928227394,0.513,2002,1,15,2002.01,2001,4,107,16,0.0481193475398846,3.2112460662935973,0.005765906528508,0.66,3,Normal,41,6,4,3,66,120.0,0.2154642681180636,436.9368928227394,436.9368928227394,,2,218.4684464113697,218.4684464113697,0.0,0.0,0.0,0.0,0.0,0.0,0.0,0.0,41.0,6.0,4.0,3.0,66.0,487.9368928227394,990.0,966.1062160177024,23.89378398229769,0.2077398314424724,0.105234213412333,989.6870259551451,0.2374324026553491,0.2374324026553491,0.01,0.01,23.34337753478749,23.34337753478749,23.570809937442835,23.570809937442835,,0.957360634119414,0.957360634119414,0.0,0.0,47.88138227565701,47.88138227565701,0.0,0.0,1.029707145713054,1.029707145713054,0.0,0.0,0.98,0.98,0.96,0.96,46.92375463014387,46.92375463014387,0.0,0.0,93.84750926028774,2252.340222246906,0.1685065408122591,5.966251191079432e-05
2002-02-15,2002-02-26,785.2032,0.8950098277210273,702.7645807579994,0.4370000000000001,2002,2,15,2002.02,2001,5,138,20,0.0607188597774911,33.337070951385606,0.0474370391795049,0.87,4,Mod_Dry,36,6,5,4,54,105.0,0.1494099202989817,597.7645807579994,597.7645807579994,,3,199.25486025266648,199.25486025266648,199.25486025266648,0.0,0.0,0.0,0.0,0.0,0.0,0.0,36.0,6.0,5.0,4.0,54.0,644.7645807579994,990.0,966.711058323032,23.28894167696808,0.2929345826956787,0.2003067399463436,989.506758677358,0.2114940613410997,0.2114940613410997,0.2114940613410997,0.01,22.584206292984973,22.584206292984973,22.584206292984973,22.78570035432607,,0.9542283937453778,0.9542283937453778,0.9542283937453778,0.0,42.11189554684853,42.11189554684853,42.11189554684853,0.0,0.9056321622978178,0.9056321622978178,0.9056321622978178,0.0,0.98,0.98,0.98,0.96,41.26965763591156,41.26965763591156,41.26965763591156,0.0,123.80897290773468,2971.4153497856323,0.1761741788042231,5.753332075923503e-05
2002-03-15,2002-03-26,1296.5155,0.9135144469019452,1184.385639882299,0.279,2002,3,15,2002.03,2001,6,166,24,0.1023309192858306,53.09675773898857,0.0448306328201219,0.81,4,Mod_Dry,41,8,7,6,67,129.0,0.1089172273422866,1055.385639882299,1055.385639882299,,4,263.8464099705748,263.8464099705748,263.8464099705748,263.8464099705748,0.0,0.0,0.0,0.0,0.0,0.0,41.0,8.0,7.0,6.0,67.0,1111.385639882299,990.0,968.4794977253443,21.52050227465565,0.7151618753869851,0.5476176897351729,988.7372204348778,0.28,0.28,0.28,0.28,19.97772270953348,19.97772270953348,19.97772270953348,19.97772270953348,,0.954997755673024,0.954997755673024,0.954997755673024,0.954997755673024,49.36716873069735,49.36716873069735,49.36716873069735,49.36716873069735,1.061659542595642,1.061659542595642,1.061659542595642,1.061659542595642,0.98,0.98,0.98,0.98,48.2,48.2,48.2,48.2,192.8,4627.200000000001,0.1627848172991695,5.0745010668828406e-05
2002-04-15,2002-04-26,1797.234,0.9856727560705408,1771.4845900836826,0.199,2002,4,15,2002.04,2001,7,197,29,0.1530562685832302,15.050366265355024,0.0084959058349155,0.78,4,Mod_Dry,45,11,10,10,72,148.0,0.0835457450933901,1623.4845900836826,1100.0,,4,275.0,275.0,275.0,275.0,523.4845900836826,55.0,7.0,15.0,35.37058041105964,411.114009672623,100.0,18.0,25.0,45.37058041105964,483.114009672623,1243.0,990.0,970.3617194448858,19.638280555114196,0.9262894125183112,0.648,988.4257105874816,0.28,0.28,0.28,0.28,17.78399114259591,17.78399114259591,17.78399114259591,17.78399114259591,,0.9505479712134368,0.9505479712134368,0.9505479712134368,0.9505479712134368,45.59053262007336,45.59053262007336,45.59053262007336,45.59053262007336,0.9804415617220076,0.9804415617220076,0.9804415617220076,0.9804415617220076,0.98,0.98,0.98,0.98,44.67872196767188,44.67872196767188,44.67872196767188,44.67872196767188,178.71488787068753,4289.157308896501,0.100884246394853,4.513002218956756e-05
2002-05-15,2002-05-26,1958.9797,1.008719832298274,1976.0616744597232,0.179,2002,5,15,2002.05,2001,8,227,33,0.17073172867332,5.63715950981782,0.0028527244785308,0.68,3,Normal,55,13,13,17,178,276.0,0.1396717539575081,1700.0616744597232,1100.0,,4,275.0,275.0,275.0,275.0,600.0616744597232,45.000000000000014,5.0,12.0,36.96032052831629,501.10135393140695,100.0,18.0,25.0,53.96032052831629,679.101353931407,1243.0,990.0,971.0226607944084,18.977339205591647,0.9262894125183112,0.648,988.4257105874816,0.28,0.28,0.28,0.28,17.123049793073363,17.123049793073363,17.123049793073363,17.123049793073363,,0.9483999118274884,0.9483999118274884,0.9483999118274884,0.9483999118274884,43.7969651626999,43.7969651626999,43.7969651626999,43.7969651626999,0.941870218552686,0.941870218552686,0.941870218552686,0.941870218552686,0.98,0.98,0.98,0.98,42.9210258594459,42.9210258594459,42.9210258594459,42.9210258594459,171.6841034377836,4120.418482506806,0.0868819559919474,4.335457157519788e-05
2002-06-15,2002-06-26,1381.8066,0.9090674921632216,1256.1554605165877,0.264,2002,6,15,2002.06,2001,9,258,37,0.1085318317886331,59.698172614595926,0.0475245098962873,0.4,2,Mod_Wet,62,12,14,16,153,257.0,0.2045925111007438,999.1554605165876,999.1554605165876,,4,249.78886512914693,249.78886512914693,249.78886512914693,249.78886512914693,0.0,0.0,0.0,0.0,0.0,0.0,62.0,12.0,14.0,16.0,153.0,1087.1554605165877,990.0,968.7050600187664,21.2949399812336,0.6796535711789515,0.4225912428900285,988.897755185931,0.2797149679243483,0.2797149679243483,0.2797149679243483,0.2797149679243483,19.91298019924028,19.91298019924028,19.91298019924028,19.91298019924028,,0.9549212989255088,0.9549212989255088,0.9549212989255088,0.9549212989255088,46.58173027873124,46.58173027873124,46.58173027873124,46.58173027873124,1.0017576404028223,1.0017576404028223,1.0017576404028223,1.0017576404028223,0.98,0.98,0.98,0.98,45.65009567315662,45.65009567315662,45.65009567315662,45.65009567315662,182.60038269262648,4382.409184623036,0.1453644779106664,5.076520174298493e-05
2002-07-15,2002-07-26,597.5875,0.8886647923374786,531.054971590973,0.532,2002,7,15,2002.07,2001,10,288,42,0.04588314954546,11.321310549516056,0.0213185285048718,0.48,3,Normal,50,10,9,9,108,186.0,0.350246226756465,345.05497159097297,345.05497159097297,,2,172.52748579548648,172.52748579548648,0.0,0.0,0.0,0.0,0.0,0.0,0.0,0.0,50.0,10.0,9.0,9.0,108.0,414.05497159097297,990.0,965.9897473721592,24.010252627840718,0.1816646091182105,0.0618659465909392,989.7564694442908,0.1754121058239067,0.1754121058239067,0.01,0.01,23.591309966307623,23.591309966307623,23.756722072131527,23.756722072131527,,0.9478007683086324,0.9478007683086324,0.0,0.0,37.832592816827706,37.832592816827706,0.0,0.0,0.8136041465984453,0.8136041465984453,0.0,0.0,0.9713604146598444,0.9713604146598444,0.96,0.96,36.749083046210814,36.749083046210814,0.0,0.0,73.49816609242163,1763.955986218119,0.1384002975666163,5.916783970322312e-05
2002-08-15,2002-08-26,376.9428,0.9047288410004722,341.0310225674728,0.72,2002,8,15,2002.08,2001,11,319,46,0.0294650803498296,5.059227300022712,0.0148350940683753,0.59,3,Normal,47,8,6,5,89,155.0,0.4545041059111663,186.0310225674728,186.0310225674728,,1,186.0310225674728,0.0,0.0,0.0,0.0,0.0,0.0,0.0,0.0,0.0,47.0,8.0,6.0,5.0,89.0,247.0310225674728,990.0,965.1051551128372,24.894844887162662,0.1227166752846843,0.0115626369182351,989.8657206877972,0.1936418804660883,0.01,0.01,0.01,24.566923694493653,24.75056557495974,24.75056557495974,24.75056557495974,,0.9507339615977924,0.0,0.0,0.0,42.61219026504838,0.0,0.0,0.0,0.916391188495664,0.0,0.0,0.0,0.98,0.96,0.96,0.96,41.75994645974742,0.0,0.0,0.0,41.75994645974742,1002.238715033938,0.1224520459908753,6.23551113551523e-05
2002-09-15,2002-09-26,266.66,0.9440969037746996,251.75288036056145,0.871,2002,9,15,2002.09,2001,12,350,50,0.0217514488631525,8.729083394082068,0.0346732215400286,0.72,4,Mod_Dry,34,6,4,3,44,91.0,0.3614655763607131,160.75288036056145,160.75288036056145,,1,160.75288036056145,0.0,0.0,0.0,0.0,0.0,0.0,0.0,0.0,0.0,34.0,6.0,4.0,3.0,44.0,204.75288036056145,990.0,964.7070115214424,25.29298847855773,0.1077950668307742,0.0094139948306477,989.8827909383384,0.1595163884867579,0.01,0.01,0.01,25.016263028409504,25.16577941689626,25.16577941689626,25.16577941689626,,0.942411587616982,0.0,0.0,0.0,37.1672573529565,0.0,0.0,0.0,0.7992958570528279,0.0,0.0,0.0,0.97,0.96,0.96,0.96,36.0522396323678,0.0,0.0,0.0,36.0522396323678,865.2537511768272,0.1432048744814106,6.229755253236496e-05
2002-10-15,2002-10-26,204.0855,0.982689153992868,200.55260733721147,0.955,2002,10,15,2002.1,2002,1,15,3,0.017327745273935,0.0,0.0,0.67,3,Normal,37,5,3,2,50,97.0,0.4836636196751263,103.55260733721148,103.55260733721148,,1,103.55260733721148,0.0,0.0,0.0,0.0,0.0,0.0,0.0,0.0,0.0,37.0,5.0,3.0,2.0,50.0,148.55260733721147,990.0,964.4033156440232,25.596684355976777,0.087960126349571,0.0045519716236629,989.9074879020268,0.0822960199052354,0.01,0.01,0.01,25.421876238098328,25.49417225800356,25.49417225800356,25.49417225800356,,0.0,0.0,0.0,0.0,0.0,0.0,0.0,0.0,0.0,0.0,0.0,0.0,0.96,0.96,0.96,0.96,0.0,0.0,0.0,0.0,0.0,0.0,0.0,0.0
2002-11-15,2002-11-26,213.7748,0.9766384108330144,208.78068094814552,0.941,2002,11,15,2002.11,2002,2,46,7,0.0180386508339197,0.0,0.0,0.8300000000000001,4,Mod_Dry,29,4,2,2,30,67.0,0.3209109180779071,141.78068094814552,141.78068094814552,,1,141.78068094814552,0.0,0.0,0.0,0.0,0.0,0.0,0.0,0.0,0.0,29.0,4.0,2.0,2.0,30.0,176.78068094814552,990.0,964.4526840856888,25.547315914311184,0.0979227258582088,0.0078013578805923,989.8942759162612,0.1339039192799964,0.01,0.01,0.01,25.30768791129241,25.431591830572405,25.431591830572405,25.431591830572405,,0.9352354412815124,0.0,0.0,0.0,32.91009862970245,0.0,0.0,0.0,0.707744056552741,0.0,0.0,0.0,0.97,0.96,0.96,0.96,31.92279567081138,0.0,0.0,0.0,31.92279567081138,766.1470960994731,0.1529010994975152,6.254338166943354e-05
2002-12-15,2002-12-26,323.8523,0.925945706320608,299.8696466670535,0.7859999999999999,2002,12,15,2002.12,2002,3,76,11,0.0259087374720334,3.317029902488457,0.0110615727178662,0.86,4,Mod_Dry,31,5,3,2,36,77.0,0.2567782396645613,222.86964666705347,222.86964666705347,,1,222.86964666705347,0.0,0.0,0.0,0.0,0.0,0.0,0.0,0.0,0.0,31.0,5.0,3.0,2.0,36.0,261.8696466670535,990.0,964.8994785866682,25.10052141333176,0.1279536861248458,0.0146939199666995,989.8573523939084,0.2433740230005222,0.01,0.01,0.01,24.71449978423964,24.94787380724016,24.94787380724016,24.94787380724016,,0.958842779364732,0.0,0.0,0.0,51.79512088541232,0.0,0.0,0.0,1.113873567428222,0.0,0.0,0.0,0.98,0.96,0.96,0.96,48.2,0.0,0.0,0.0,48.2,1156.8000000000002,0.1607365084653488,6.007497696126672e-05
2003-01-15,2003-01-26,619.4209999999998,0.8884164098844547,550.3037810270389,0.519,2003,1,15,2003.01,2002,4,107,16,0.0475462466807361,15.875861213606411,0.0288492679152178,0.8,4,Mod_Dry,34,5,4,3,45,91.0,0.1653632105346715,459.3037810270389,459.3037810270389,,2,229.65189051351945,229.65189051351945,0.0,0.0,0.0,0.0,0.0,0.0,0.0,0.0,34.0,5.0,4.0,3.0,45.0,502.3037810270389,990.0,966.0763670146216,23.92363298537839,0.2128103520487212,0.1157913846447623,989.6713982633064,0.2525300521932512,0.2525300521932512,0.01,0.01,23.342501196491654,23.342501196491654,23.585031248684903,23.585031248684903,,0.9574719488648726,0.9574719488648726,0.0,0.0,50.33640247075977,50.33640247075977,0.0,0.0,1.0825032789410705,1.0825032789410705,0.0,0.0,0.98,0.98,0.96,0.96,48.2,48.2,0.0,0.0,96.4,2313.6000000000004,0.1751759724784871,5.83007997841877e-05
2003-02-15,2003-02-26,958.0479,0.91769253620946,879.1934071611473,0.3720000000000001,2003,2,15,2003.02,2002,5,138,20,0.0759623103787231,9.442663636929638,0.0107401438182064,0.65,3,Normal,43,7,5,4,78,137.0,0.1558246443662074,742.1934071611473,742.1934071611473,,3,247.3978023870491,247.3978023870491,247.3978023870491,0.0,0.0,0.0,0.0,0.0,0.0,0.0,43.0,7.0,5.0,4.0,78.0,797.1934071611473,990.0,967.4167736286446,22.58322637135541,0.3847370503310425,0.2967851959836464,989.3184777536852,0.2764870332225163,0.2764870332225163,0.2764870332225163,0.01,21.62521709181822,21.62521709181822,21.62521709181822,21.891704125040736,,0.9568000117730175,0.9568000117730175,0.9568000117730175,0.0,50.20144117174849,50.20144117174849,50.20144117174849,0.0,1.079600885413946,1.079600885413946,1.079600885413946,0.0,0.98,0.98,0.98,0.96,48.2,48.2,48.2,0.0,144.60000000000002,3470.4000000000005,0.1644689312069605,5.4118867506924056e-05
2003-03-15,2003-03-26,1516.372,0.9482599209629142,1437.9147928703762,0.239,2003,3,15,2003.03,2002,6,166,24,0.1242358381040005,31.691112150744857,0.0220396314912949,0.68,3,Normal,49,9,9,9,107,183.0,0.1272676245542296,1254.9147928703762,1100.0,,4,275.0,275.0,275.0,275.0,154.91479287037623,41.47991721665812,7.61876030510047,7.61876030510047,7.61876030510047,90.5785947384167,90.47991721665812,16.61876030510047,16.61876030510047,16.61876030510047,197.5785947384167,1223.7174378268592,990.0,969.284032407735,20.71596759226497,0.8797793795931366,0.648,988.4722206204068,0.28,0.28,0.28,0.28,18.90818821267177,18.90818821267177,18.90818821267177,18.90818821267177,,0.9523852352658396,0.9523852352658396,0.9523852352658396,0.9523852352658396,48.56618209903934,48.56618209903934,48.56618209903934,48.56618209903934,1.0444340236352545,1.0444340236352545,1.0444340236352545,1.0444340236352545,0.98,0.98,0.98,0.98,47.59485845705855,47.59485845705855,47.59485845705855,47.59485845705855,190.3794338282342,4569.106411877621,0.1323996628814127,4.8075614603089447e-05
2003-04-15,2003-04-26,2654.2357,1.019687481531927,2706.490916325132,0.109,2003,4,15,2003.04,2002,7,197,29,0.2338408151704914,144.06009639398238,0.0532276297419046,0.7000000000000001,4,Mod_Dry,45,11,10,10,72,148.0,0.0546833536766323,2558.490916325132,1100.0,,4,275.0,275.0,275.0,275.0,1458.4909163251318,55.0,7.0,15.0,70.0,1311.4909163251318,100.0,18.0,25.0,80.0,1383.4909163251318,1243.0,990.0,972.8053229014744,17.194677098525517,0.9262894125183112,0.648,988.4257105874816,0.28,0.28,0.28,0.28,15.340387686007237,15.340387686007237,15.340387686007237,15.340387686007237,,0.9423615507440288,0.9423615507440288,0.9423615507440288,0.9423615507440288,38.98749093961218,38.98749093961218,38.98749093961218,38.98749093961218,0.8384406653680039,0.8384406653680039,0.8384406653680039,0.8384406653680039,0.9738440665368004,0.9738440665368004,0.9738440665368004,0.9738440665368004,37.96773672069858,37.96773672069858,37.96773672069858,37.96773672069858,151.87094688279433,3644.902725187064,0.0561135993351141,3.835124921282685e-05
2003-05-15,2003-05-26,3098.0708,1.021769199507664,3165.513321334068,0.075,2003,5,15,2003.05,2002,8,227,33,0.2735003509632635,57.02166376273635,0.0180134019270862,0.15,2,Mod_Wet,65,14,17,23,202,321.0,0.1014053543343543,2844.513321334068,1100.0,,4,275.0,275.0,275.0,275.0,1744.5133213340682,35.0,4.0,8.0,57.000000000000014,1640.5133213340682,100.0,18.0,25.0,80.0,1842.513321334068,1243.0,990.0,973.911682990446,16.088317009553975,0.9262894125183112,0.648,988.4257105874816,0.28,0.28,0.28,0.28,14.234027597035691,14.234027597035691,14.234027597035691,14.234027597035691,,0.9364041655822142,0.9364041655822142,0.9364041655822142,0.9364041655822142,35.94699024473945,35.94699024473945,35.94699024473945,35.94699024473945,0.7730535536503108,0.7730535536503108,0.7730535536503108,0.7730535536503108,0.97,0.97,0.97,0.97,34.86858053739727,34.86858053739727,34.86858053739727,34.86858053739727,139.47432214958909,3347.3837315901383,0.0440605702745263,3.522078842161341e-05
2003-06-15,2003-06-26,1810.1471,0.988013942331584,1788.450572471084,0.198,2003,6,15,2003.06,2002,9,258,37,0.1545221294615016,62.07942534569474,0.0347112893703963,0.11,2,Mod_Wet,62,12,14,16,153,257.0,0.1436998058296381,1531.450572471084,1100.0,,4,275.0,275.0,275.0,275.0,431.4505724710839,37.99999999999999,5.9999999999999964,11.0,26.86073602932818,349.5898364417557,100.0,18.0,25.0,42.86073602932818,502.5898364417557,1243.0,990.0,970.4165326187529,19.58346738124726,0.9262894125183112,0.648,988.4257105874816,0.28,0.28,0.28,0.28,17.729177968728976,17.729177968728976,17.729177968728976,17.729177968728976,,0.9503698283983693,0.9503698283983693,0.9503698283983693,0.9503698283983693,45.44149731346019,45.44149731346019,45.44149731346019,45.44149731346019,0.9772365013647352,0.9772365013647352,0.9772365013647352,0.9772365013647352,0.98,0.98,0.98,0.98,44.53266736719098,44.53266736719098,44.53266736719098,44.53266736719098,178.13066946876393,4275.136067250334,0.0996005549220421,4.49824922900919e-05
2003-07-15,2003-07-26,791.2707,0.8937443198709781,707.1936936053328,0.435,2003,7,15,2003.07,2002,10,288,42,0.0611015351275007,18.364993235614747,0.0259688306070554,0.2,2,Mod_Wet,58,11,11,11,136,227.0,0.3209870252698874,480.1936936053328,480.1936936053328,,2,240.0968468026664,240.0968468026664,0.0,0.0,0.0,0.0,0.0,0.0,0.0,0.0,58.0,11.0,11.0,11.0,136.0,560.1936936053328,990.0,966.7287747744213,23.271225225578743,0.2448737803528226,0.1256514233817171,989.6294747962656,0.2666307431835996,0.2666307431835996,0.01,0.01,22.63406927866067,22.63406927866067,22.89070002184427,22.89070002184427,,0.9565749201268324,0.9565749201268324,0.0,0.0,50.9808165271347,50.9808165271347,0.0,0.0,1.0963616457448322,1.0963616457448322,0.0,0.0,0.98,0.98,0.96,0.96,48.2,48.2,0.0,0.0,96.4,2313.6000000000004,0.1363134327577848,5.576453446676503e-05
2003-08-15,2003-08-26,446.8115,0.9026970817947076,403.335437162316,0.647,2003,8,15,2003.08,2002,11,319,46,0.0348481817708241,11.487401067276606,0.0284810111109916,0.36,2,Mod_Wet,54,9,8,6,107,184.0,0.4561959675414092,219.335437162316,219.335437162316,,1,219.335437162316,0.0,0.0,0.0,0.0,0.0,0.0,0.0,0.0,0.0,54.0,9.0,8.0,6.0,107.0,290.335437162316,990.0,965.4150094672304,24.584990532769552,0.1380001467937746,0.0143935121587968,989.8476063410476,0.2386028401691266,0.01,0.01,0.01,24.193994033647908,24.42259687381703,24.42259687381703,24.42259687381703,,0.9578678041318608,0.0,0.0,0.0,49.84948194171866,0.0,0.0,0.0,1.0720318697143798,0.0,0.0,0.0,0.98,0.96,0.96,0.96,48.2,0.0,0.0,0.0,48.2,1156.8000000000002,0.1195035088885648,6.104298084299363e-05
2003-09-15,2003-09-26,285.986,0.9347322974487192,267.32035081816935,0.841,2003,9,15,2003.09,2002,12,350,50,0.0230964783106898,11.329246453074973,0.0423807855196969,0.52,3,Normal,40,6,4,3,65,118.0,0.4414179453185863,149.32035081816937,149.32035081816937,,1,149.32035081816937,0.0,0.0,0.0,0.0,0.0,0.0,0.0,0.0,0.0,40.0,6.0,4.0,3.0,65.0,199.32035081816932,990.0,964.7692814032728,25.230718596727343,0.1058777038374704,0.0084422298195443,989.885680066343,0.1440824736045286,0.01,0.01,0.01,24.97231618946577,25.106398663070298,25.106398663070298,25.106398663070298,,0.9389294291335986,0.0,0.0,0.0,34.335982404821166,0.0,0.0,0.0,0.738408223759595,0.0,0.0,0.0,0.97,0.96,0.96,0.96,33.30590293267653,0.0,0.0,0.0,33.30590293267653,799.3416703842367,0.1245917223688335,6.195833088275545e-05
2003-10-15,2003-10-26,202.1822,0.9954878983912542,201.2699333701202,0.949,2003,10,15,2003.1,2003,1,15,3,0.0173897222431783,0.7173260329087441,0.0035639999521917,0.47,3,Normal,37,5,3,2,50,97.0,0.4819398425577273,104.2699333701202,104.2699333701202,,1,104.2699333701202,0.0,0.0,0.0,0.0,0.0,0.0,0.0,0.0,0.0,37.0,5.0,3.0,2.0,50.0,149.2699333701202,990.0,964.4076196002208,25.592380399779245,0.0882132938905619,0.0046129443364602,989.9071737617728,0.0832644100496622,0.01,0.01,0.01,25.416289751502507,25.489554161552167,25.489554161552167,25.489554161552167,,0.0,0.0,0.0,0.0,0.0,0.0,0.0,0.0,0.0,0.0,0.0,0.0,0.96,0.96,0.96,0.96,0.0,0.0,0.0,0.0,0.0,0.0,0.0,0.0
2003-11-15,2003-11-26,223.755,0.9676137142007584,216.50840662099068,0.932,2003,11,15,2003.11,2003,2,46,7,0.0187063263320535,7.727725672845167,0.0356924970879904,0.68,3,Normal,36,5,3,2,47,93.0,0.4295445218568412,123.50840662099068,123.50840662099068,,1,123.50840662099068,0.0,0.0,0.0,0.0,0.0,0.0,0.0,0.0,0.0,36.0,5.0,3.0,2.0,47.0,167.50840662099068,990.0,964.499050439726,25.50094956027408,0.0946502405682496,0.0062482145627842,989.8991015448688,0.1092363489383374,0.01,0.01,0.01,25.290814756204668,25.390051105143005,25.390051105143005,25.390051105143005,,0.927509133905027,0.0,0.0,0.0,28.41294392010513,0.0,0.0,0.0,0.6110310520452715,0.0,0.0,0.0,0.97,0.96,0.96,0.96,27.56055560250197,0.0,0.0,0.0,27.56055560250197,661.4533344600474,0.1272955449288774,6.198533443214842e-05
2003-12-15,2003-12-26,355.6296,0.923062402987668,328.2683131495432,0.7440000000000001,2003,12,15,2003.12,2003,3,76,11,0.0283623822561205,7.336244707716844,0.0223483181709798,0.8,4,Mod_Dry,31,5,3,2,36,77.0,0.2345642174879136,251.2683131495432,251.2683131495432,,1,251.2683131495432,0.0,0.0,0.0,0.0,0.0,0.0,0.0,0.0,0.0,31.0,5.0,3.0,2.0,36.0,290.2683131495432,990.0,965.0413415657476,24.95865843425236,0.1379764566470219,0.0175986438065843,989.8444248995464,0.28,0.01,0.01,0.01,24.52308333379878,24.79308333379878,24.79308333379878,24.79308333379878,,0.9554580083019992,0.0,0.0,0.0,57.73818165014312,0.0,0.0,0.0,1.2416813258095294,0.0,0.0,0.0,0.98,0.96,0.96,0.96,48.2,0.0,0.0,0.0,48.2,1156.8000000000002,0.1468311075703563,5.328522614357843e-05
2004-01-15,2004-01-26,653.7943,0.8750395785925671,572.0958887582224,0.4970000000000001,2004,1,15,2004.01,2003,4,107,16,0.0494290847887104,8.518252300741551,0.0148895534264912,0.67,3,Normal,41,6,4,3,66,120.0,0.2097550469388429,452.0958887582224,452.0958887582224,,2,226.0479443791112,226.0479443791112,0.0,0.0,0.0,0.0,0.0,0.0,0.0,0.0,41.0,6.0,4.0,3.0,66.0,503.0958887582224,990.0,966.174431499412,23.82556850058802,0.2130899114436453,0.1123892594938809,989.6745208290624,0.2476647249118001,0.2476647249118001,0.01,0.01,23.252424604738763,23.252424604738763,23.49008932965056,23.49008932965056,,0.9580538667966364,0.9580538667966364,0.0,0.0,49.38527022249152,49.38527022249152,0.0,0.0,1.062048821989065,1.062048821989065,0.0,0.0,0.98,0.98,0.96,0.96,48.2,48.2,0.0,0.0,96.4,2313.6000000000004,0.1685032210408705,5.9230305878977685e-05
2004-02-15,2004-02-26,1061.1535,0.916755206218143,972.817995721604,0.336,2004,2,15,2004.02,2003,5,138,20,0.0840514748303465,14.427501119443946,0.0148306272940007,0.49,3,Normal,43,7,5,4,78,137.0,0.1408279869436193,835.817995721604,835.817995721604,,4,208.954498930401,208.954498930401,208.954498930401,208.954498930401,0.0,0.0,0.0,0.0,0.0,0.0,43.0,7.0,5.0,4.0,78.0,890.817995721604,990.0,967.7912719828864,22.20872801711357,0.4704048207778324,0.3435359099292563,989.1860592692929,0.2245885735560413,0.2245885735560413,0.2245885735560413,0.2245885735560413,21.170198712850382,21.170198712850382,21.170198712850382,21.170198712850382,,0.9540551099075336,0.9540551099075336,0.9540551099075336,0.9540551099075336,41.3893705974429,41.3893705974429,41.3893705974429,41.3893705974429,0.890093991342858,0.890093991342858,0.890093991342858,0.890093991342858,0.9790093991342858,0.9790093991342858,0.9790093991342858,0.9790093991342858,40.52058283914885,40.52058283914885,40.52058283914885,40.52058283914885,162.08233135659538,3889.975952558289,0.1666111565261168,5.386683470772362e-05
2004-03-15,2004-03-26,2802.899000000001,1.0180822492206687,2853.581718258364,0.097,2004,3,15,2004.03,2003,6,167,24,0.2465494604575225,98.49043881676334,0.0345146726258378,0.39,2,Mod_Wet,59,11,12,13,144,239.0,0.0837543913569328,2614.581718258364,1100.0,,4,275.0,275.0,275.0,275.0,1514.5817182583642,41.0,7.0,13.0,67.0,1386.5817182583644,100.0,18.0,25.0,80.0,1530.5817182583644,1243.0,990.0,973.1603696647616,16.83963033523844,0.9262894125183112,0.648,988.4257105874816,0.28,0.28,0.28,0.28,14.985340922720155,14.985340922720155,14.985340922720155,14.985340922720155,,0.9409120455363208,0.9409120455363208,0.9409120455363208,0.9409120455363208,38.026560868586,38.026560868586,38.026560868586,38.026560868586,0.8177755025502367,0.8177755025502367,0.8177755025502367,0.8177755025502367,0.9717775502550235,0.9717775502550235,0.9717775502550235,0.9717775502550235,36.95335816549805,36.95335816549805,36.95335816549805,36.95335816549805,147.8134326619922,3547.522383887813,0.0517992639622767,3.732662440959399e-05
2004-04-15,2004-04-26,3889.5171,1.0120830181699707,3936.514205791712,0.039,2004,4,15,2004.04,2003,7,198,29,0.3401148273804039,32.762443006085505,0.0083227041218047,0.24,2,Mod_Wet,70,14,18,25,168,295.0,0.0749393967805254,3641.514205791712,1100.0,,4,275.0,275.0,275.0,275.0,2541.514205791712,30.0,4.000000000000014,7.0,55.0,2445.514205791712,100.0,18.0,25.0,80.0,2613.514205791712,1243.0,990.0,975.5454705789396,14.454529421060442,0.9262894125183112,0.648,988.4257105874816,0.28,0.28,0.28,0.28,12.60024000854216,12.60024000854216,12.60024000854216,12.60024000854216,,0.9254021600768796,0.9254021600768796,0.9254021600768796,0.9254021600768796,31.44710855313033,31.44710855313033,31.44710855313033,31.44710855313033,0.6762819043683942,0.6762819043683942,0.6762819043683942,0.6762819043683942,0.97,0.97,0.97,0.97,30.50369529653642,30.50369529653642,30.50369529653642,30.50369529653642,122.01478118614568,2928.3547484674964,0.0309956410182968,3.081181343084487e-05
2004-05-15,2004-05-26,3275.6178,1.0414080913697863,3411.254881154899,0.064,2004,5,15,2004.05,2003,8,228,33,0.2947324217317833,18.586707512068187,0.005448642262045,0.15,2,Mod_Wet,65,14,17,23,202,321.0,0.0941002684300516,3090.254881154899,1100.0,,4,275.0,275.0,275.0,275.0,1990.254881154899,35.0,4.0,8.0,57.0,1886.2548811548995,100.0,18.0,25.0,80.0,2088.2548811548995,1243.0,990.0,974.4324210576854,15.56757894231464,0.9262894125183112,0.648,988.4257105874816,0.28,0.28,0.28,0.28,13.713289529796358,13.713289529796358,13.713289529796358,13.713289529796358,,0.9332797371787782,0.9332797371787782,0.9332797371787782,0.9332797371787782,34.51635090322378,34.51635090322378,34.51635090322378,34.51635090322378,0.7422871161983609,0.7422871161983609,0.7422871161983609,0.7422871161983609,0.97,0.97,0.97,0.97,33.48086037612707,33.48086037612707,33.48086037612707,33.48086037612707,133.92344150450828,3214.1625961081986,0.0392592890799082,3.381905088497684e-05
2004-06-15,2004-06-26,1862.3957,0.9936287964028152,1850.5299978167784,0.191,2004,6,15,2004.06,2003,9,259,37,0.1598857918113696,68.77623347093231,0.0371656949912042,0.1,1,Wet,67,13,15,17,181,293.0,0.1583330182951241,1557.5299978167784,1100.0,,4,275.0,275.0,275.0,275.0,457.5299978167784,33.000000000000014,5.000000000000004,10.000000000000004,26.546109088345503,382.9838887284329,100.0,18.0,25.0,43.5461090883455,563.9838887284329,1243.0,990.0,970.6170969160236,19.382903083976544,0.9262894125183112,0.648,988.4257105874816,0.28,0.28,0.28,0.28,17.52861367145826,17.52861367145826,17.52861367145826,17.52861367145826,,0.9497179944322394,0.9497179944322394,0.9497179944322394,0.9497179944322394,44.89661820036805,44.89661820036805,44.89661820036805,44.89661820036805,0.965518670975657,0.965518670975657,0.965518670975657,0.965518670975657,0.98,0.98,0.98,0.98,43.99868583636069,43.99868583636069,43.99868583636069,43.99868583636069,175.99474334544277,4223.8738402906265,0.0951050475015688,4.444311700642494e-05
2004-07-15,2004-07-26,777.6610000000002,0.8867385733002777,689.5820056512672,0.443,2004,7,15,2004.07,2003,10,289,42,0.0595798852882694,22.78649840377113,0.0330439283754956,0.24,2,Mod_Wet,58,11,11,11,136,227.0,0.3291849238229652,462.5820056512672,462.5820056512672,,2,231.2910028256336,231.2910028256336,0.0,0.0,0.0,0.0,0.0,0.0,0.0,0.0,58.0,11.0,11.0,11.0,136.0,542.5820056512672,990.0,966.658328022605,23.34167197739498,0.23486523152258,0.1173387066673981,989.64779606181,0.2547428538146054,0.2547428538146054,0.01,0.01,22.734725185390403,22.734725185390403,22.97946803920501,22.97946803920501,,0.9572798717893396,0.9572798717893396,0.0,0.0,49.3657881141861,49.3657881141861,0.0,0.0,1.0616298519179808,1.0616298519179808,0.0,0.0,0.98,0.98,0.96,0.96,48.2,48.2,0.0,0.0,96.4,2313.6000000000004,0.1397948310860522,5.788763386953945e-05
2004-08-15,2004-08-26,446.8115,0.9026970817947076,403.335437162316,0.647,2004,8,15,2004.08,2003,11,320,46,0.0348481817708241,11.487401067276606,0.0284810111109916,0.33,2,Mod_Wet,54,9,8,6,107,184.0,0.4561959675414092,219.335437162316,219.335437162316,,1,219.335437162316,0.0,0.0,0.0,0.0,0.0,0.0,0.0,0.0,0.0,54.0,9.0,8.0,6.0,107.0,290.335437162316,990.0,965.4150094672304,24.584990532769552,0.1380001467937746,0.0143935121587968,989.8476063410476,0.2386028401691266,0.01,0.01,0.01,24.193994033647908,24.42259687381703,24.42259687381703,24.42259687381703,,0.9578678041318608,0.0,0.0,0.0,49.84948194171866,0.0,0.0,0.0,1.0720318697143798,0.0,0.0,0.0,0.98,0.96,0.96,0.96,48.2,0.0,0.0,0.0,48.2,1156.8000000000002,0.1195035088885648,6.104298084299363e-05
2004-09-15,2004-09-26,292.3549,0.9336960918380738,272.97062755971086,0.8300000000000001,2004,9,15,2004.09,2003,12,351,51,0.023584662221159,3.004346216617023,0.0110061153592792,0.45,3,Normal,40,6,4,3,65,118.0,0.4322809419273073,154.97062755971086,154.97062755971086,,1,154.97062755971086,0.0,0.0,0.0,0.0,0.0,0.0,0.0,0.0,0.0,40.0,6.0,4.0,3.0,65.0,204.9706275597109,990.0,964.7918825102388,25.208117489761094,0.1078719190420197,0.0089225033425754,989.8832055776154,0.1517103472056097,0.01,0.01,0.01,24.93961272017088,25.08132306737649,25.08132306737649,25.08132306737649,,0.9407823637180424,0.0,0.0,0.0,35.658819677337995,0.0,0.0,0.0,0.7668563371470537,0.0,0.0,0.0,0.97,0.96,0.96,0.96,34.589055087017854,0.0,0.0,0.0,34.589055087017854,830.1373220884285,0.1267134687575559,6.199930276337642e-05
2004-10-15,2004-10-26,220.3957,0.9683274042580268,213.4151960906308,0.934,2004,10,15,2004.1,2004,1,15,3,0.0184390729422305,3.0932105303598973,0.014493862606889,0.55,3,Normal,37,5,3,2,50,97.0,0.4545130889311514,116.4151960906308,116.4151960906308,,1,116.4151960906308,0.0,0.0,0.0,0.0,0.0,0.0,0.0,0.0,0.0,37.0,5.0,3.0,2.0,50.0,161.4151960906308,990.0,964.4804911765438,25.51950882345625,0.0924997496395212,0.0056452916677036,989.9018549586928,0.0996605147223515,0.01,0.01,0.01,25.32170326742665,25.411363782149,25.411363782149,25.411363782149,,0.9225316423898426,0.0,0.0,0.0,26.669972009111326,0.0,0.0,0.0,0.5735477851421791,0.0,0.0,0.0,0.97,0.96,0.96,0.96,25.869872848837986,0.0,0.0,0.0,25.869872848837986,620.8769483721117,0.1212185135956853,6.172798769113809e-05
2004-11-15,2004-11-26,227.147,0.9687089756752432,220.03933769770444,0.932,2004,11,15,2004.11,2004,2,46,7,0.0190113987770816,3.234085038970676,0.0146977584681414,0.74,4,Mod_Dry,29,4,2,2,30,67.0,0.3044910092033011,153.03933769770444,153.03933769770444,,1,153.03933769770444,0.0,0.0,0.0,0.0,0.0,0.0,0.0,0.0,0.0,29.0,4.0,2.0,2.0,30.0,188.03933769770444,990.0,964.5202360261862,25.47976397381376,0.1018962697049142,0.0087583437043048,989.8893453865908,0.149103105891901,0.01,0.01,0.01,25.22000625451264,25.35910936040453,25.35910936040453,25.35910936040453,,0.9396486291630438,0.0,0.0,0.0,35.56742721821751,0.0,0.0,0.0,0.7648909079186561,0.0,0.0,0.0,0.97,0.96,0.96,0.96,34.500404401670984,0.0,0.0,0.0,34.500404401670984,828.0097056401037,0.1567919843908479,6.262079940558041e-05
2004-12-15,2004-12-26,376.9428,0.9047288410004722,341.0310225674728,0.72,2004,12,15,2004.12,2004,3,76,11,0.0294650803498296,0.0,0.0,0.74,4,Mod_Dry,31,5,3,2,36,77.0,0.2257859106784503,264.0310225674728,264.0310225674728,,1,264.0310225674728,0.0,0.0,0.0,0.0,0.0,0.0,0.0,0.0,0.0,31.0,5.0,3.0,2.0,36.0,303.0310225674728,990.0,965.1051551128372,24.894844887162662,0.1424808127869835,0.0236226426518471,989.8338965445612,0.28,0.01,0.01,0.01,24.44874143172385,24.71874143172385,24.71874143172385,24.71874143172385,,0.949281812929498,0.0,0.0,0.0,60.09596662868273,0.0,0.0,0.0,1.2923863791114565,0.0,0.0,0.0,0.98,0.96,0.96,0.96,48.2,0.0,0.0,0.0,48.2,1156.8000000000002,0.1413361155156014,5.070952935262513e-05
2005-01-15,2005-01-26,683.8179,0.8777769920279594,600.239619356876,0.485,2005,1,15,2005.01,2004,4,107,16,0.051860703112434,57.863337216386974,0.0964003963590147,0.8200000000000001,4,Mod_Dry,34,5,4,3,45,91.0,0.1516061203982195,509.239619356876,509.239619356876,,2,254.619809678438,254.619809678438,0.0,0.0,0.0,0.0,0.0,0.0,0.0,0.0,34.0,5.0,4.0,3.0,45.0,552.239619356876,990.0,966.3009584774276,23.699041522572543,0.2403535582865057,0.1411720657303931,989.618474375983,0.28,0.28,0.01,0.01,23.0375158985556,23.0375158985556,23.3075158985556,23.3075158985556,,0.953103118144593,0.953103118144593,0.0,0.0,54.82850787560764,54.82850787560764,0.0,0.0,1.1791076962496263,1.1791076962496263,0.0,0.0,0.98,0.98,0.96,0.96,48.2,48.2,0.0,0.0,96.4,2313.6000000000004,0.1606025275427292,5.258384611078713e-05
2005-02-15,2005-02-26,892.4834,0.8993466698857421,802.6519737183047,0.398,2005,2,15,2005.02,2004,5,138,20,0.0693491305292615,3.488246640905686,0.0043459017795051,0.75,4,Mod_Dry,36,6,5,4,54,105.0,0.1308163481036307,697.6519737183047,697.6519737183047,,3,232.5506579061016,232.5506579061016,232.5506579061016,0.0,0.0,0.0,0.0,0.0,0.0,0.0,36.0,6.0,5.0,4.0,54.0,744.6519737183047,990.0,967.1106078948732,22.88939210512683,0.3496996044571543,0.2670315184438275,989.3832688770992,0.2564433881732371,0.2564433881732371,0.2564433881732371,0.01,22.016217594052705,22.016217594052705,22.016217594052705,22.262660982225945,,0.9570310334167682,0.9570310334167682,0.9570310334167682,0.0,48.053497390875634,48.053497390875634,48.053497390875634,0.0,1.0334085460403362,1.0334085460403362,1.0334085460403362,0.0,0.98,0.98,0.98,0.96,47.09242744305812,47.09242744305812,47.09242744305812,0.0,141.27728232917437,3390.654775900185,0.1760131251838875,5.625109798904896e-05
2005-03-15,2005-03-26,1290.259,0.9120856039266032,1176.826659236735,0.281,2005,3,15,2005.03,2004,6,166,24,0.1016778233580538,8.253088102990887,0.0070130023297939,0.73,4,Mod_Dry,41,8,7,6,67,129.0,0.1096168233337496,1047.826659236735,1047.826659236735,,4,261.95666480918374,261.95666480918374,261.95666480918374,261.95666480918374,0.0,0.0,0.0,0.0,0.0,0.0,41.0,8.0,7.0,6.0,67.0,1103.826659236735,990.0,968.4557409290296,21.54425907097027,0.7040845085951751,0.5306099832826536,988.7653055081222,0.28,0.28,0.28,0.28,20.029564579092465,20.029564579092465,20.029564579092465,20.029564579092465,,0.9550962873336034,0.9550962873336034,0.9550962873336034,0.9550962873336034,49.1458461863668,49.1458461863668,49.1458461863668,49.1458461863668,1.0568999179863827,1.0568999179863827,1.0568999179863827,1.0568999179863827,0.98,0.98,0.98,0.98,48.16292926263946,48.16292926263946,48.16292926263946,48.16292926263946,192.65171705055783,4623.641209213388,0.163704412657942,5.1071773537770526e-05
2005-04-15,2005-04-26,1349.4128,0.9058260264313204,1222.3332346395623,0.268,2005,4,15,2005.04,2004,7,197,29,0.1056095914728582,10.527171556844678,0.0086123581184871,0.89,4,Mod_Dry,45,11,10,10,72,148.0,0.121079911603354,1074.3332346395623,1074.3332346395623,,4,268.5833086598906,268.5833086598906,268.5833086598906,268.5833086598906,0.0,0.0,0.0,0.0,0.0,0.0,45.0,11.0,10.0,10.0,72.0,1140.3332346395623,990.0,968.5987615945814,21.401238405418557,0.7575833525546842,0.5902497779390152,988.6521668695063,0.28,0.28,0.28,0.28,19.773405274924897,19.773405274924897,19.773405274924897,19.773405274924897,,0.9544873368252266,0.9544873368252266,0.9544873368252266,0.9544873368252266,49.7129296870904,49.7129296870904,49.7129296870904,49.7129296870904,1.0690952620879657,1.0690952620879657,1.0690952620879657,1.0690952620879657,0.98,0.98,0.98,0.98,48.2,48.2,48.2,48.2,192.8,4627.200000000001,0.1577311280886936,4.985004077763953e-05
2005-05-15,2005-05-26,1414.6961,0.930700821060786,1316.6588218214915,0.257,2005,5,15,2005.05,2004,8,227,33,0.1137593222053768,12.05024907777488,0.0091521424366445,0.9,4,Mod_Dry,47,10,10,10,115,192.0,0.1458236536435334,1124.6588218214915,1100.0,,4,275.0,275.0,275.0,275.0,24.65882182149153,6.03627409171928,1.2843136365360173,1.2843136365360173,1.2843136365360173,14.769606820164196,53.03627409171928,11.284313636536018,11.284313636536018,11.284313636536018,129.7696068201642,1175.6049013647912,990.0,968.8952134400104,21.104786559989638,0.8092724900183612,0.648,988.5427275099815,0.28,0.28,0.28,0.28,19.367514069971293,19.367514069971293,19.367514069971293,19.367514069971293,,0.9534187851749284,0.9534187851749284,0.9534187851749284,0.9534187851749284,49.79995817621487,49.79995817621487,49.79995817621487,49.79995817621487,1.0709668424992445,1.0709668424992445,1.0709668424992445,1.0709668424992445,0.98,0.98,0.98,0.98,48.2,48.2,48.2,48.2,192.8,4627.200000000001,0.1464312522003815,4.8686868686868696e-05
2005-06-15,2005-06-26,940.9512,0.9134042636758518,859.4688379909093,0.375,2005,6,15,2005.06,2004,9,258,37,0.0742581076024145,1.5535179716598575,0.0018075326329356,0.81,4,Mod_Dry,45,10,9,9,88,161.0,0.1873249999108204,698.4688379909093,698.4688379909093,,3,232.82294599696976,232.82294599696976,232.82294599696976,0.0,0.0,0.0,0.0,0.0,0.0,0.0,45.0,10.0,9.0,9.0,88.0,762.4688379909093,990.0,967.3378753519636,22.66212464803641,0.3598247529687144,0.2675771837779274,989.3725980632532,0.2568109770959091,0.2568109770959091,0.2568109770959091,0.01,21.77791173419385,21.77791173419385,21.77791173419385,22.02472271128976,,0.956788684041071,0.956788684041071,0.956788684041071,0.0,47.57696597675393,47.57696597675393,47.57696597675393,0.0,1.0231605586398695,1.0231605586398695,1.0231605586398695,0.0,0.98,0.98,0.98,0.96,46.62542665721885,46.62542665721885,46.62542665721885,0.0,139.87627997165657,3357.0307193197577,0.1627473548646985,5.562813986964834e-05
2005-07-15,2005-07-26,468.1939,0.8984041256306261,420.6273313550929,0.627,2005,7,15,2005.07,2004,10,288,42,0.03634220142908,6.383874830848014,0.0151770328625144,0.8200000000000001,4,Mod_Dry,42,9,8,6,70,135.0,0.3209491869324897,285.6273313550929,285.6273313550929,,2,142.81366567754645,142.81366567754645,0.0,0.0,0.0,0.0,0.0,0.0,0.0,0.0,42.0,9.0,8.0,6.0,70.0,344.6273313550929,990.0,965.492822991098,24.50717700890209,0.1571614407596017,0.0338161003996038,989.8090224588408,0.1352984486646877,0.1352984486646877,0.01,0.01,24.18090101907819,24.18090101907819,24.306199467742875,24.306199467742875,,0.9375452491302462,0.9375452491302462,0.0,0.0,31.752153310847348,31.752153310847348,0.0,0.0,0.6828420066848891,0.6828420066848891,0.0,0.0,0.97,0.97,0.96,0.96,30.799588711521928,30.799588711521928,0.0,0.0,61.599177423043855,1478.3802581530526,0.1464459697010081,5.99063210664524e-05
2005-08-15,2005-08-26,327.2891,0.9219204039075074,301.7344992665246,0.785,2005,8,15,2005.08,2004,11,319,46,0.0260698607366277,3.666292721561604,0.0121507243304092,0.81,4,Mod_Dry,39,7,5,4,60,115.0,0.3811297689841543,186.7344992665246,186.7344992665246,,1,186.7344992665246,0.0,0.0,0.0,0.0,0.0,0.0,0.0,0.0,0.0,39.0,7.0,5.0,4.0,60.0,237.7344992665246,990.0,964.9086724963328,25.091327503667344,0.1194356437701617,0.0116224324376545,989.868941923792,0.1945915740098082,0.01,0.01,0.01,24.76567785344967,24.95026942745948,24.95026942745948,24.95026942745948,,0.9507249695311852,0.0,0.0,0.0,43.11897024037105,0.0,0.0,0.0,0.9272896825886248,0.0,0.0,0.0,0.98,0.96,0.96,0.96,42.25659083556363,0.0,0.0,0.0,42.25659083556363,1014.1581800535272,0.1400456061149243,6.285898933980168e-05
2005-09-15,2005-09-26,230.5719,0.9683461980261908,223.27342273667512,0.921,2005,9,15,2005.09,2004,12,350,50,0.0192908237244487,9.333063181988734,0.0418010485421544,0.72,4,Mod_Dry,34,6,4,3,44,91.0,0.4075720203712909,132.27342273667512,132.27342273667512,,1,132.27342273667512,0.0,0.0,0.0,0.0,0.0,0.0,0.0,0.0,0.0,34.0,6.0,4.0,3.0,44.0,176.27342273667512,990.0,964.53964053642,25.460359463579948,0.0977436980407955,0.0069932409326173,989.8952630610266,0.1210691206945114,0.01,0.01,0.01,25.23455340391208,25.345622524606583,25.345622524606583,25.345622524606583,,0.931531363138553,0.0,0.0,0.0,30.49329783412964,0.0,0.0,0.0,0.655769845895261,0.0,0.0,0.0,0.97,0.96,0.96,0.96,29.57849889910575,0.0,0.0,0.0,29.57849889910575,709.883973578538,0.1324765775369069,6.211565047766728e-05
2005-10-15,2005-10-26,160.4111,1.0632992128626273,170.5649963644282,0.989,2005,10,15,2005.1,2005,1,15,3,0.0147368156858865,3.274359007954501,0.0191971335135992,0.9,4,Mod_Dry,31,4,3,2,33,73.0,0.4279893387036377,97.5649963644282,97.5649963644282,,1,97.5649963644282,0.0,0.0,0.0,0.0,0.0,0.0,0.0,0.0,0.0,31.0,4.0,3.0,2.0,33.0,135.5649963644282,990.0,964.4588700072712,25.541129992728884,0.0833763786776892,0.0040430246909763,989.9125805966312,0.074212745091978,0.01,0.01,0.01,25.379497844268208,25.443710589360183,25.443710589360183,25.443710589360183,,0.9135012730302212,0.0,0.0,0.0,22.183236740811683,0.0,0.0,0.0,0.4770588546411115,0.0,0.0,0.0,0.9677058854641112,0.96,0.96,0.96,21.46684875272717,0.0,0.0,0.0,21.46684875272717,515.204370065452,0.1258572931743933,6.111836995463985e-05
2005-11-15,2005-11-26,186.7636,1.0287508888495398,192.1332195047399,0.974,2005,11,15,2005.11,2005,2,46,7,0.0166003101652095,2.8893494770521784,0.0150382608718056,0.93,5,Dry,23,4,2,2,19,50.0,0.2602361014346429,142.1332195047399,142.1332195047399,,1,142.1332195047399,0.0,0.0,0.0,0.0,0.0,0.0,0.0,0.0,0.0,23.0,4.0,2.0,2.0,19.0,171.1332195047399,990.0,964.4157335609904,25.584266439009525,0.0959295541888771,0.0078313236579028,989.8962391221532,0.1343798463313988,0.01,0.01,0.01,25.346125714831373,25.47050556116277,25.47050556116277,25.47050556116277,,0.9353082005757044,0.0,0.0,0.0,33.04460917447507,0.0,0.0,0.0,0.7106367564403241,0.0,0.0,0.0,0.97,0.96,0.96,0.96,32.053270899240815,0.0,0.0,0.0,32.053270899240815,769.2785015817796,0.1668283651409383,6.264324689136661e-05
2005-12-15,2005-12-26,351.1014,0.9295836506121732,326.37812114704485,0.746,2005,12,15,2005.12,2005,3,76,11,0.0281990696671046,14.010749669647453,0.0429279683956974,0.86,4,Mod_Dry,31,5,3,2,36,77.0,0.235922676830745,249.37812114704485,249.37812114704485,,1,249.37812114704485,0.0,0.0,0.0,0.0,0.0,0.0,0.0,0.0,0.0,31.0,5.0,3.0,2.0,36.0,288.37812114704485,990.0,965.0318906057352,24.968109394264843,0.1373093492426804,0.0169471402974988,989.84574351046,0.2791604635485106,0.01,0.01,0.01,24.53469244117623,24.80385290472474,24.80385290472474,24.80385290472474,,0.9561265959579548,0.0,0.0,0.0,57.37108523370013,0.0,0.0,0.0,1.2337867792193575,0.0,0.0,0.0,0.98,0.96,0.96,0.96,48.2,0.0,0.0,0.0,48.2,1156.8000000000002,0.1476814678343105,5.36891080392501e-05
2006-01-15,2006-01-26,629.8704,0.8842087083672124,556.9368928227394,0.513,2006,1,15,2006.01,2005,4,107,16,0.0481193475398846,0.0,0.0,0.37,2,Mod_Wet,46,7,6,4,76,139.0,0.2495794439034237,417.9368928227394,417.9368928227394,,2,208.9684464113697,208.9684464113697,0.0,0.0,0.0,0.0,0.0,0.0,0.0,0.0,46.0,7.0,6.0,4.0,76.0,476.9368928227394,990.0,966.1062160177024,23.89378398229769,0.2038575901473779,0.096266213412333,989.6998761964404,0.2246074026553491,0.2246074026553491,0.01,0.01,23.369052776082643,23.369052776082643,23.58366017873799,23.58366017873799,,0.9560772770727504,0.9560772770727504,0.0,0.0,45.78819453807261,45.78819453807261,0.0,0.0,0.9846923556574756,0.9846923556574756,0.0,0.0,0.98,0.98,0.96,0.96,44.87243064731116,44.87243064731116,0.0,0.0,89.74486129462231,2153.876671070936,0.1611400904683577,5.964806784350655e-05
2006-02-15,2006-02-26,1088.9293,0.940956999887256,1024.6356472173295,0.328,2006,2,15,2006.02,2005,5,138,20,0.0885285199195772,25.81282353206018,0.0251921974432197,0.44,3,Normal,43,7,5,4,78,137.0,0.1337060645626178,887.6356472173295,887.6356472173295,,4,221.9089118043324,221.9089118043324,221.9089118043324,221.9089118043324,0.0,0.0,0.0,0.0,0.0,0.0,43.0,7.0,5.0,4.0,78.0,942.6356472173296,990.0,967.977426319826,22.022573680174105,0.5178186758524648,0.3686156532531874,989.1135656708944,0.2420770309358487,0.2420770309358487,0.2420770309358487,0.2420770309358487,20.894062320132587,20.894062320132587,20.894062320132587,20.894062320132587,,0.9551474413281608,0.9551474413281608,0.9551474413281608,0.9551474413281608,43.43169167590937,43.43169167590937,43.43169167590937,43.43169167590937,0.9340148747507392,0.9340148747507392,0.9340148747507392,0.9340148747507392,0.98,0.98,0.98,0.98,42.56305784239118,42.56305784239118,42.56305784239118,42.56305784239118,170.25223136956473,4086.0535528695536,0.1661588017476553,5.327894011445292e-05
2006-03-15,2006-03-26,1555.9703,0.953111909397202,1483.0138235983377,0.233,2006,3,15,2006.03,2005,6,166,24,0.1281323943588963,38.51782239850263,0.0259726657874599,0.66,3,Normal,49,9,9,9,107,183.0,0.1233973662875067,1300.0138235983377,1100.0,,4,275.0,275.0,275.0,275.0,200.0138235983377,50.99999999999999,9.000000000000002,9.836745422869068,9.836745422869068,120.34033275259958,100.0,18.0,18.836745422869065,18.836745422869065,227.3403327525996,1236.8367454228692,990.0,969.4297369685484,20.57026303145153,0.9103245227059328,0.648,988.441675477294,0.28,0.28,0.28,0.28,18.73193850874563,18.73193850874563,18.73193850874563,18.73193850874563,,0.952164923135932,0.952164923135932,0.952164923135932,0.952164923135932,48.1023501351608,48.1023501351608,48.1023501351608,48.1023501351608,1.03445914269163,1.03445914269163,1.03445914269163,1.03445914269163,0.98,0.98,0.98,0.98,47.14030313245758,47.14030313245758,47.14030313245758,47.14030313245758,188.56121252983036,4525.469100715928,0.1271473060664474,4.7616467810563216e-05
2006-04-15,2006-04-26,2633.7601,1.019244741793797,2684.4461330713057,0.11,2006,4,15,2006.04,2005,7,197,29,0.2319361458973608,0.0,0.0,0.62,3,Normal,54,13,14,19,117,217.0,0.0808360418660097,2467.4461330713057,1100.0,,4,275.0,275.0,275.0,275.0,1367.4461330713057,46.0,5.0,11.0,61.0,1244.4461330713057,100.0,18.0,25.0,80.0,1361.4461330713057,1243.0,990.0,972.7521113556894,17.247888644310592,0.9262894125183112,0.648,988.4257105874816,0.28,0.28,0.28,0.28,15.39359923179231,15.39359923179231,15.39359923179231,15.39359923179231,,0.9425743969271692,0.9425743969271692,0.9425743969271692,0.9425743969271692,39.13156416330233,39.13156416330233,39.13156416330233,39.13156416330233,0.8415390142645662,0.8415390142645662,0.8415390142645662,0.8415390142645662,0.9741539014264566,0.9741539014264566,0.9741539014264566,0.9741539014264566,38.12016589860068,38.12016589860068,38.12016589860068,38.12016589860068,152.48066359440273,3659.5359262656657,0.0568015359726916,3.850521807939463e-05
2006-05-15,2006-05-26,2397.8624,1.004803744062384,2409.381117266414,0.132,2006,5,15,2006.05,2005,8,227,33,0.2081705285318181,13.351321615552024,0.0055413904923019,0.48,3,Normal,55,13,13,17,178,276.0,0.114552238341246,2133.381117266414,1100.0,,4,275.0,275.0,275.0,275.0,1033.381117266414,45.0,5.0,12.0,62.99999999999999,908.381117266414,100.0,18.0,25.0,80.0,1086.381117266414,1243.0,990.0,972.0881613175396,17.91183868246037,0.9262894125183112,0.648,988.4257105874816,0.28,0.28,0.28,0.28,16.057549269942086,16.057549269942086,16.057549269942086,16.057549269942086,,0.9451726478098262,0.9451726478098262,0.9451726478098262,0.9451726478098262,40.93189032029782,40.93189032029782,40.93189032029782,40.93189032029782,0.8802557058128563,0.8802557058128563,0.8802557058128563,0.8802557058128563,0.9780255705812856,0.9780255705812856,0.9780255705812856,0.9780255705812856,40.03243538547987,40.03243538547987,40.03243538547987,40.03243538547987,160.1297415419195,3843.113797006068,0.0664609431834496,4.043680341967664e-05
2006-06-15,2006-06-26,1574.8324,0.9517310164019286,1498.8168407146884,0.231,2006,6,15,2006.06,2005,9,258,37,0.1294977750377491,34.46896079446901,0.0229974469582507,0.2,2,Mod_Wet,62,12,14,16,153,257.0,0.1714685830974873,1241.8168407146884,1100.0,,4,275.0,275.0,275.0,275.0,141.8168407146884,34.212623051792534,6.000000000000001,7.725431011695088,8.829064013365814,85.04972263783496,96.21262305179252,18.0,21.72543101169509,24.829064013365816,238.04972263783495,1235.9380540634877,990.0,969.4807928700012,20.51920712999868,0.9079966116407144,0.648,988.4440033883592,0.28,0.28,0.28,0.28,18.68321051835798,18.68321051835798,18.68321051835798,18.68321051835798,,0.9521040131479476,0.9521040131479476,0.9521040131479476,0.9521040131479476,47.97415085156574,47.97415085156574,47.97415085156574,47.97415085156574,1.031702168850876,1.031702168850876,1.031702168850876,1.031702168850876,0.98,0.98,0.98,0.98,47.01466783453442,47.01466783453442,47.01466783453442,47.01466783453442,188.05867133813769,4513.408112115305,0.1254714160060176,4.748956346922669e-05
2006-07-15,2006-07-26,643.0906,0.8794376863729334,565.5581093921818,0.503,2006,7,15,2006.07,2005,10,288,42,0.0488642206514845,7.320253344535557,0.0129434150496096,0.37,2,Mod_Wet,58,11,11,11,136,227.0,0.401373433127786,338.5581093921818,338.5581093921818,,2,169.2790546960909,169.2790546960909,0.0,0.0,0.0,0.0,0.0,0.0,0.0,0.0,58.0,11.0,11.0,11.0,136.0,418.5581093921818,990.0,966.1450114922648,23.854988507735243,0.1832539061663336,0.0587994276331098,989.7579466662006,0.1710267238397227,0.1710267238397227,0.01,0.01,23.44190845009613,23.44190845009613,23.60293517393585,23.60293517393585,,0.9468801580524658,0.9468801580524658,0.0,0.0,36.84935632477468,36.84935632477468,0.0,0.0,0.792459275801606,0.792459275801606,0.0,0.0,0.97,0.97,0.96,0.96,35.74387563503144,35.74387563503144,0.0,0.0,71.48775127006289,1715.7060304815093,0.1264021328363453,5.865376765536471e-05
2006-08-15,2006-08-26,389.3441,0.9026852126280548,351.45516169397865,0.7070000000000001,2006,8,15,2006.08,2005,11,319,46,0.0303657259703597,2.7849406638489427,0.0079240283466767,0.55,3,Normal,47,8,6,5,89,155.0,0.4410235412475251,196.45516169397865,196.45516169397865,,1,196.45516169397865,0.0,0.0,0.0,0.0,0.0,0.0,0.0,0.0,0.0,47.0,8.0,6.0,5.0,89.0,257.45516169397865,990.0,965.15727580847,24.842724191530124,0.1263956774103872,0.0124486887439881,989.8611556338456,0.2077144682868712,0.01,0.01,0.01,24.49616535708881,24.69387982537568,24.69387982537568,24.69387982537568,,0.9538531645132317,0.0,0.0,0.0,45.01754147514958,0.0,0.0,0.0,0.9681191715085932,0.0,0.0,0.0,0.98,0.96,0.96,0.96,44.11719064564659,0.0,0.0,0.0,44.11719064564659,1058.812575495518,0.1255272235382919,6.237950214021729e-05
2006-09-15,2006-09-26,255.4785,0.9395358309241366,240.03120478075203,0.887,2006,9,15,2006.09,2005,12,350,50,0.0207386960930569,0.0,0.0,0.6,3,Normal,40,6,4,3,65,118.0,0.4916027485167309,122.03120478075203,122.03120478075203,,1,122.03120478075203,0.0,0.0,0.0,0.0,0.0,0.0,0.0,0.0,0.0,40.0,6.0,4.0,3.0,65.0,172.03120478075203,990.0,964.6401872286846,25.359812771315436,0.0962464822156659,0.0061226524063639,989.897630865378,0.1072421264540152,0.01,0.01,0.01,25.150201510239423,25.24744363669344,25.24744363669344,25.24744363669344,,0.9267931638736688,0.0,0.0,0.0,27.895483244686258,0.0,0.0,0.0,0.5999028654771238,0.0,0.0,0.0,0.97,0.96,0.96,0.96,27.05861874734567,0.0,0.0,0.0,27.05861874734567,649.4068499362961,0.1127295876886565,6.159312283180326e-05
2006-10-15,2006-10-26,237.5208,0.955318431165096,226.9079980250785,0.912,2006,10,15,2006.1,2006,1,15,3,0.0196048510293667,2.180706502719147,0.0096105316767112,0.66,3,Normal,37,5,3,2,50,97.0,0.4274860333009473,129.9079980250785,129.9079980250785,,1,129.9079980250785,0.0,0.0,0.0,0.0,0.0,0.0,0.0,0.0,0.0,37.0,5.0,3.0,2.0,50.0,174.9079980250785,990.0,964.5614479881503,25.438552011849534,0.0972617955295463,0.0067921798321316,989.8959460246384,0.1178757973338559,0.01,0.01,0.01,25.21662223915399,25.32449803648784,25.32449803648784,25.32449803648784,,0.9306020739291808,0.0,0.0,0.0,29.89685589194644,0.0,0.0,0.0,0.6429431374612138,0.0,0.0,0.0,0.97,0.96,0.96,0.96,28.999950215188047,0.0,0.0,0.0,28.999950215188047,695.9988051645131,0.1278048833341823,6.2009590240056e-05
2006-11-15,2006-11-26,271.9838,0.9523418217225876,259.021547571032,0.862,2006,11,15,2006.11,2006,2,46,7,0.0223794617101371,12.172582505152944,0.0469944783331774,0.5,3,Normal,36,5,3,2,47,93.0,0.359043488358807,166.021547571032,166.021547571032,,1,166.021547571032,0.0,0.0,0.0,0.0,0.0,0.0,0.0,0.0,0.0,36.0,5.0,3.0,2.0,47.0,210.021547571032,990.0,964.736086190284,25.26391380971586,0.1096546026917306,0.0098618315435377,989.8804835657648,0.1666290892208932,0.01,0.01,0.01,24.9777682862597,25.134397375480592,25.134397375480592,25.134397375480592,,0.9440867842266298,0.0,0.0,0.0,38.39447274225135,0.0,0.0,0.0,0.8256875858548677,0.0,0.0,0.0,0.9725687585854867,0.96,0.96,0.96,37.3412646914757,0.0,0.0,0.0,37.3412646914757,896.1903525954168,0.14416277348986,6.247727284298463e-05
2006-12-15,2006-12-26,466.0267,0.9051697978701698,421.8332938411023,0.627,2006,12,15,2006.12,2006,3,76,11,0.0364463965878712,7.0104556115097125,0.0166190192046586,0.46,3,Normal,38,5,4,3,54,104.0,0.2465428915129091,317.8332938411023,317.8332938411023,,2,158.91664692055116,158.91664692055116,0.0,0.0,0.0,0.0,0.0,0.0,0.0,0.0,38.0,5.0,4.0,3.0,54.0,364.8332938411023,990.0,965.498249822285,24.501750177715053,0.1642927518478122,0.0490173146930002,989.7866899334592,0.1570374733427441,0.1570374733427441,0.01,0.01,24.13140263783154,24.13140263783154,24.27844011117428,24.27844011117428,,0.9433717001176511,0.9433717001176511,0.0,0.0,35.479174166270404,35.479174166270404,0.0,0.0,0.7629929928230195,0.7629929928230195,0.0,0.0,0.97,0.97,0.96,0.96,34.41479894128229,34.41479894128229,0.0,0.0,68.82959788256458,1651.91034918155,0.1631677700349834,6.015522324327467e-05
2007-01-15,2007-01-26,815.842,0.8958086931444238,730.838355832333,0.424,2007,1,15,2007.01,2006,4,107,16,0.0631444339439135,9.415316574258556,0.012882898795775,0.35,2,Mod_Wet,46,7,6,4,76,139.0,0.1901925355870197,591.838355832333,591.838355832333,,3,197.279451944111,197.279451944111,197.279451944111,0.0,0.0,0.0,0.0,0.0,0.0,0.0,46.0,7.0,6.0,4.0,76.0,650.838355832333,990.0,966.8233534233292,23.17664657667069,0.2963862492579031,0.1963480216959984,989.507265729046,0.2088272601245498,0.2088272601245498,0.2088272601245498,0.01,22.475085045592166,22.475085045592166,22.475085045592166,22.67391230571672,,0.9537058066602322,0.9537058066602322,0.9537058066602322,0.0,41.470218430645936,41.470218430645936,41.470218430645936,0.0,0.8918326544224933,0.8918326544224933,0.8918326544224933,0.0,0.9791832654422492,0.9791832654422492,0.9791832654422492,0.96,40.60694390152324,40.60694390152324,40.60694390152324,0.0,121.82083170456973,2923.699960909673,0.1666864235195087,5.717628738398734e-05
2007-02-15,2007-02-26,3408.2305,1.0258396885498031,3496.2981146259385,0.057,2007,2,15,2007.02,2006,5,138,20,0.3020801571036811,310.7527260085644,0.0888805004094484,0.06,1,Wet,55,10,10,8,114,197.0,0.0563453096793711,3299.2981146259385,1100.0,,4,275.0,275.0,275.0,275.0,2199.2981146259385,45.0,8.0,15.0,72.0,2059.2981146259385,100.0,18.0,25.0,80.0,2173.2981146259385,1243.0,990.0,974.6126317190884,15.387368280911687,0.9262894125183112,0.648,988.4257105874816,0.28,0.28,0.28,0.28,13.533078868393403,13.533078868393403,13.533078868393403,13.533078868393403,,0.9321984732103604,0.9321984732103604,0.9321984732103604,0.9321984732103604,34.02329677733821,34.02329677733821,34.02329677733821,34.02329677733821,0.7316838016631874,0.7316838016631874,0.7316838016631874,0.7316838016631874,0.97,0.97,0.97,0.97,33.002597874018065,33.002597874018065,33.002597874018065,33.002597874018065,132.01039149607226,3168.249395905734,0.0377571897956406,3.3335957448503095e-05
2007-03-15,2007-03-26,3938.1347,1.0074330404372898,3967.407014472593,0.039,2007,3,15,2007.03,2006,6,166,24,0.3427839660504321,84.13894676771997,0.021207540960832,0.09,1,Wet,68,14,17,21,195,315.0,0.0793969458769721,3652.407014472593,1100.0,,4,275.0,275.0,275.0,275.0,2552.407014472593,32.0,4.0,8.0,59.0,2449.4070144725924,100.0,18.0,25.0,80.0,2644.4070144725924,1243.0,990.0,975.6109339116204,14.389066088379536,0.9262894125183112,0.648,988.4257105874816,0.28,0.28,0.28,0.28,12.534776675861254,12.534776675861254,12.534776675861254,12.534776675861254,,0.9248129900827512,0.9248129900827512,0.9248129900827512,0.9248129900827512,31.263810916049675,31.263810916049675,31.263810916049675,31.263810916049675,0.672340019699993,0.672340019699993,0.672340019699993,0.672340019699993,0.97,0.97,0.97,0.97,30.325896588568185,30.325896588568185,30.325896588568185,30.325896588568185,121.30358635427274,2911.2860725025457,0.0305750294617549,3.06322187763315e-05
2007-04-15,2007-04-26,3246.5778,1.037176891822677,3367.2754716645045,0.066,2007,4,15,2007.04,2006,7,197,29,0.2909326007518131,0.0,0.0,0.37,2,Mod_Wet,70,14,18,25,168,295.0,0.0876079199585581,3072.2754716645045,1100.0,,4,275.0,275.0,275.0,275.0,1972.2754716645045,30.0,4.0,7.000000000000014,55.0,1876.2754716645045,100.0,18.0,25.0,80.0,2044.2754716645045,1243.0,990.0,974.3392265947176,15.660773405282384,0.9262894125183112,0.648,988.4257105874816,0.28,0.28,0.28,0.28,13.806483992764102,13.806483992764102,13.806483992764102,13.806483992764102,,0.9338389039565846,0.9338389039565846,0.9338389039565846,0.9338389039565846,34.771742099347655,34.771742099347655,34.771742099347655,34.771742099347655,0.7477793999859711,0.7477793999859711,0.7477793999859711,0.7477793999859711,0.97,0.97,0.97,0.97,33.72858983636723,33.72858983636723,33.72858983636723,33.72858983636723,134.9143593454689,3237.9446242912536,0.040066326762027,3.40692826629972e-05
2007-05-15,2007-05-26,2507.9427,1.0179830997411152,2553.043283719102,0.122,2007,5,15,2007.05,2006,8,227,33,0.2205829397133304,20.6147170137574,0.0080745662030951,0.34,2,Mod_Wet,65,14,17,23,202,321.0,0.1257322984091318,2232.043283719102,1100.0,,4,275.0,275.0,275.0,275.0,1132.043283719102,35.0,4.0,8.0,57.0,1028.0432837191015,100.0,18.0,25.0,80.0,1230.0432837191015,1243.0,990.0,972.4349320641496,17.565067935850493,0.9262894125183112,0.648,988.4257105874816,0.28,0.28,0.28,0.28,15.71077852333221,15.71077852333221,15.71077852333221,15.71077852333221,,0.9438431140933288,0.9438431140933288,0.9438431140933288,0.9438431140933288,39.99161210924754,39.99161210924754,39.99161210924754,39.99161210924754,0.8600346690160762,0.8600346690160762,0.8600346690160762,0.8600346690160762,0.9760034669016076,0.9760034669016076,0.9760034669016076,0.9760034669016076,39.03195206560991,39.03195206560991,39.03195206560991,39.03195206560991,156.12780826243963,3747.067398298551,0.061153608032451,3.942621420768677e-05
2007-06-15,2007-06-26,1481.9755,0.944675992155444,1399.9866758125604,0.244,2007,6,15,2007.06,2006,9,258,37,0.1209588487902052,24.01628734088172,0.0171546542233643,0.33,2,Mod_Wet,62,12,14,16,153,257.0,0.1835731756881441,1142.9866758125604,1100.0,,4,275.0,275.0,275.0,275.0,42.98667581256041,10.370326460617688,2.007159960119552,2.3416866201394773,2.676213280159403,25.59128949152429,72.37032646061769,14.007159960119552,16.341686620139477,18.6762132801594,178.5912894915243,1202.7191730408767,990.0,969.1614954141636,20.83850458583629,0.8490073096629966,0.648,988.502992690337,0.28,0.28,0.28,0.28,19.0614972761733,19.0614972761733,19.0614972761733,19.0614972761733,,0.9526537431904332,0.9526537431904332,0.9526537431904332,0.9526537431904332,48.973763870326806,48.973763870326806,48.973763870326806,48.973763870326806,1.053199223017781,1.053199223017781,1.053199223017781,1.053199223017781,0.98,0.98,0.98,0.98,47.99428859292027,47.99428859292027,47.99428859292027,47.99428859292027,191.97715437168108,4607.451704920346,0.1371278439205547,4.847907938678815e-05
2007-07-15,2007-07-26,750.8951,0.8881602932782826,666.9152122372253,0.452,2007,7,15,2007.07,2006,10,288,42,0.0576214743372962,20.55760464749937,0.0308249148771657,0.28,2,Mod_Wet,58,11,11,11,136,227.0,0.340373102659495,439.9152122372253,439.9152122372253,,2,219.95760611861263,219.95760611861263,0.0,0.0,0.0,0.0,0.0,0.0,0.0,0.0,58.0,11.0,11.0,11.0,136.0,519.9152122372253,990.0,966.5676608489488,23.43233915105111,0.2219839160404322,0.1066399801759703,989.6713761037836,0.2394427682601271,0.2394427682601271,0.01,0.01,22.86427248657457,22.86427248657457,23.09371525483469,23.09371525483469,,0.9572920005970392,0.9572920005970392,0.0,0.0,47.21494639894168,47.21494639894168,0.0,0.0,1.01537519137509,1.01537519137509,0.0,0.0,0.98,0.98,0.96,0.96,46.27064747096284,46.27064747096284,0.0,0.0,92.54129494192568,2220.9910786062164,0.1387602100595184,5.843379484632155e-05
2007-08-15,2007-08-26,476.9275,0.9007401735700734,429.5877591303412,0.618,2007,8,15,2007.08,2006,11,319,46,0.0371163823888614,0.0,0.0,0.27,2,Mod_Wet,54,9,8,6,107,184.0,0.4283176047019826,245.58775913034123,245.58775913034123,,1,245.58775913034123,0.0,0.0,0.0,0.0,0.0,0.0,0.0,0.0,0.0,54.0,9.0,8.0,6.0,107.0,316.5877591303412,990.0,965.5331449160864,24.466855083913515,0.1472654057425367,0.016624959526079,989.8361096347312,0.2740434748259607,0.01,0.01,0.01,24.028921243818868,24.29296471864483,24.29296471864483,24.29296471864483,,0.9533406291696116,0.0,0.0,0.0,55.173151535534906,0.0,0.0,0.0,1.1865193878609657,0.0,0.0,0.0,0.98,0.96,0.96,0.96,48.2,0.0,0.0,0.0,48.2,1156.8000000000002,0.1122005899273671,5.451773710668936e-05
2007-09-15,2007-09-26,331.6178,0.920942096558406,305.4007919880862,0.779,2007,9,15,2007.09,2006,12,350,50,0.0263866284277706,6.9665794893111865,0.0228112685758292,0.3,2,Mod_Wet,46,7,6,4,75,138.0,0.4518652329015028,167.4007919880862,167.4007919880862,,1,167.4007919880862,0.0,0.0,0.0,0.0,0.0,0.0,0.0,0.0,0.0,46.0,7.0,6.0,4.0,75.0,226.4007919880862,990.0,964.9270039599404,25.072996040059596,0.115435531938572,0.0099790673189873,989.8745854007424,0.1684910691839164,0.01,0.01,0.01,24.779090371618054,24.937581440801967,24.937581440801967,24.937581440801967,,0.944836264035344,0.0,0.0,0.0,38.43599437355943,0.0,0.0,0.0,0.8265805241625684,0.0,0.0,0.0,0.9726580524162568,0.96,0.96,0.96,37.38507943006852,0.0,0.0,0.0,37.38507943006852,897.2419063216446,0.1224131711862978,6.203521597955892e-05
2007-10-15,2007-10-26,266.66,0.9440969037746996,251.75288036056145,0.871,2007,10,15,2007.1,2007,1,15,3,0.0217514488631525,7.6149647835196115,0.0302477762026532,0.33,2,Mod_Wet,41,6,4,3,56,110.0,0.4369364109854774,141.75288036056145,141.75288036056145,,1,141.75288036056145,0.0,0.0,0.0,0.0,0.0,0.0,0.0,0.0,0.0,41.0,6.0,4.0,3.0,56.0,192.75288036056145,990.0,964.7070115214424,25.29298847855773,0.1035598312523354,0.0077989948306477,989.888641173917,0.1338663884867579,0.01,0.01,0.01,25.047763263987967,25.171629652474724,25.171629652474724,25.171629652474724,,0.9356842626310716,0.0,0.0,0.0,32.58133436866882,0.0,0.0,0.0,0.7006738573907273,0.0,0.0,0.0,0.97,0.96,0.96,0.96,31.603894337608757,0.0,0.0,0.0,31.603894337608757,758.4934641026101,0.1255353833185365,6.193073125494749e-05
2007-11-15,2007-11-26,289.956,0.9356305656121396,271.29169628263355,0.8310000000000001,2007,11,15,2007.11,2007,2,46,7,0.0234396025588195,0.0,0.0,0.42,3,Normal,36,5,3,2,47,93.0,0.342804447295401,178.29169628263355,178.29169628263355,,1,178.29169628263355,0.0,0.0,0.0,0.0,0.0,0.0,0.0,0.0,0.0,36.0,5.0,3.0,2.0,47.0,222.29169628263355,990.0,964.7851667851304,25.214833214869486,0.1139852579859476,0.0109047941840238,989.87510994783,0.1831937899815553,0.01,0.01,0.01,24.9067493727179,25.07994316269945,25.07994316269945,25.07994316269945,,0.9479580938182828,0.0,0.0,0.0,41.2834521405898,0.0,0.0,0.0,0.8878161750664472,0.0,0.0,0.0,0.9787816175066448,0.96,0.96,0.96,40.40748406242464,0.0,0.0,0.0,40.40748406242464,969.7796174981912,0.1489447875335183,6.295470491602804e-05
2007-12-15,2007-12-26,501.4829,0.8917787321988244,447.2117847813898,0.597,2007,12,15,2007.12,2007,3,76,11,0.038639098205112,6.708714200506962,0.0150012017321644,0.37,2,Mod_Wet,42,7,5,3,61,118.0,0.2638570896732559,329.2117847813898,329.2117847813898,,2,164.6058923906949,164.6058923906949,0.0,0.0,0.0,0.0,0.0,0.0,0.0,0.0,42.0,7.0,5.0,3.0,61.0,383.2117847813898,990.0,965.6124530315162,24.387546968483772,0.1707790915268944,0.0543879624168159,989.7748329460562,0.1647179547274381,0.1647179547274381,0.01,0.01,23.99766195981256,23.99766195981256,24.15237991454,24.15237991454,,0.9452933335206676,0.9452933335206676,0.0,0.0,36.62010655092842,36.62010655092842,0.0,0.0,0.7875291731382456,0.7875291731382456,0.0,0.0,0.97,0.97,0.96,0.96,35.521503354400565,35.521503354400565,0.0,0.0,71.04300670880113,1705.0321610112271,0.1588576355239141,5.994368805274343e-05
2008-01-15,2008-01-26,1098.2906,0.9334653512202716,1025.216220670923,0.325,2008,1,15,2008.01,2007,4,107,16,0.0885786814659677,66.82572606876283,0.0651820803469444,0.1,1,Wet,49,8,7,5,81,150.0,0.1463105996331553,875.2162206709229,875.2162206709229,,4,218.80405516773072,218.80405516773072,218.80405516773072,218.80405516773072,0.0,0.0,0.0,0.0,0.0,0.0,49.0,8.0,7.0,5.0,81.0,939.2162206709228,990.0,967.9792509792514,22.020749020748557,0.5146898541087189,0.3626046508047267,989.1227054950864,0.2378854744764365,0.2378854744764365,0.2378854744764365,0.2378854744764365,20.905569041358625,20.905569041358625,20.905569041358625,20.905569041358625,,0.9548146135524272,0.9548146135524272,0.9548146135524272,0.9548146135524272,42.8326670006332,42.8326670006332,42.8326670006332,42.8326670006332,0.9211326236695312,0.9211326236695312,0.9211326236695312,0.9211326236695312,0.98,0.98,0.98,0.98,41.97601366062053,41.97601366062053,41.97601366062053,41.97601366062053,167.90405464248212,4029.6973114195703,0.1637742861038642,5.328970610566835e-05
2008-02-15,2008-02-26,2373.8032,1.003751458435271,2382.708424038313,0.135,2008,2,15,2008.02,2007,5,138,20,0.2058660078369102,99.4853363731272,0.0417530468140601,0.11,2,Mod_Wet,49,8,7,5,93,162.0,0.0679898548918695,2220.708424038313,1100.0,,4,275.0,275.0,275.0,275.0,1120.7084240383128,51.0,10.0,18.0,34.589766174022,1007.1186578642908,100.0,18.0,25.0,39.589766174022,1100.118657864291,1243.0,990.0,972.0237789545752,17.976221045424722,0.9262894125183112,0.648,988.4257105874816,0.28,0.28,0.28,0.28,16.12193163290644,16.12193163290644,16.12193163290644,16.12193163290644,,0.9453657948987192,0.9453657948987192,0.9453657948987192,0.9453657948987192,41.10440377855728,41.10440377855728,41.10440377855728,41.10440377855728,0.8839656726571458,0.8839656726571458,0.8839656726571458,0.8839656726571458,0.9783965672657146,0.9783965672657146,0.9783965672657146,0.9783965672657146,40.21640755644431,40.21640755644431,40.21640755644431,40.21640755644431,160.86563022577724,3860.7751254186537,0.0675137707169119,4.0622633895398295e-05
2008-03-15,2008-03-26,2883.1094,1.019515904042514,2939.375886394469,0.092,2008,3,15,2008.03,2007,6,167,24,0.2539620765844821,0.0,0.0,0.19,2,Mod_Wet,59,11,12,13,144,239.0,0.0813097777341995,2700.375886394469,1100.0,,4,275.0,275.0,275.0,275.0,1600.375886394469,41.0,7.0,13.0,67.0,1472.375886394469,100.0,18.0,25.0,80.0,1616.375886394469,1243.0,990.0,973.3674590361246,16.632540963875385,0.9262894125183112,0.648,988.4257105874816,0.28,0.28,0.28,0.28,14.778251551357105,14.778251551357105,14.778251551357105,14.778251551357105,,0.9396695093081426,0.9396695093081426,0.9396695093081426,0.9396695093081426,37.451531591989024,37.451531591989024,37.451531591989024,37.451531591989024,0.8054092815481511,0.8054092815481511,0.8054092815481511,0.8054092815481511,0.9705409281548152,0.9705409281548152,0.9705409281548152,0.9705409281548152,36.34824423210841,36.34824423210841,36.34824423210841,36.34824423210841,145.39297692843363,3489.431446282407,0.0494638938835336,3.671539821425091e-05
2008-04-15,2008-04-26,3103.7054,1.021722491686134,3171.125614747709,0.074,2008,4,15,2008.04,2007,7,198,29,0.2739852531142019,0.0,0.0,0.46,3,Normal,54,13,14,19,117,217.0,0.0684299603241243,2954.125614747709,1100.0,,4,275.0,275.0,275.0,275.0,1854.1256147477088,46.0,5.0,11.0,61.0,1731.1256147477088,100.0,18.0,25.0,80.0,1848.1256147477088,1243.0,990.0,973.9235757074416,16.0764242925585,0.9262894125183112,0.648,988.4257105874816,0.28,0.28,0.28,0.28,14.222134880040215,14.222134880040215,14.222134880040215,14.222134880040215,,0.9363328092802412,0.9363328092802412,0.9363328092802412,0.9363328092802412,35.91421910184535,35.91421910184535,35.91421910184535,35.91421910184535,0.7723487978891472,0.7723487978891472,0.7723487978891472,0.7723487978891472,0.97,0.97,0.97,0.97,34.836792528789985,34.836792528789985,34.836792528789985,34.836792528789985,139.34717011515994,3344.3320827638386,0.0439424945726239,3.5188679322010085e-05
2008-05-15,2008-05-26,2361.8284,1.0061312558588449,2376.3093742150863,0.135,2008,5,15,2008.05,2007,8,228,33,0.2053131299321834,20.96606850361286,0.0088229540863289,0.42,3,Normal,55,13,13,17,178,276.0,0.1161464929587145,2100.3093742150863,1100.0,,4,275.0,275.0,275.0,275.0,1000.3093742150865,45.0,5.0,12.0,61.613258556726336,876.6961156583599,100.0,18.0,25.0,78.61325855672634,1054.6961156583598,1243.0,990.0,972.0083329722434,17.991667027756648,0.9262894125183112,0.648,988.4257105874816,0.28,0.28,0.28,0.28,16.137377615238364,16.137377615238364,16.137377615238364,16.137377615238364,,0.945412132845715,0.945412132845715,0.945412132845715,0.945412132845715,41.145801484344176,41.145801484344176,41.145801484344176,41.145801484344176,0.8848559458998747,0.8848559458998747,0.8848559458998747,0.8848559458998747,0.9784855945899874,0.9784855945899874,0.9784855945899874,0.9784855945899874,40.260574030290094,40.260574030290094,40.260574030290094,40.260574030290094,161.04229612116038,3865.015106907849,0.0677699199727955,4.066724649524252e-05
2008-06-15,2008-06-26,1436.8995,0.9370899924756442,1346.5041416432566,0.253,2008,6,15,2008.06,2007,9,259,37,0.1163379578379773,25.3478331879362,0.0188249203281335,0.37,2,Mod_Wet,62,12,14,16,153,257.0,0.1908646190173321,1089.5041416432566,1089.5041416432566,,4,272.3760354108141,272.3760354108141,272.3760354108141,272.3760354108141,0.0,0.0,0.0,0.0,0.0,0.0,62.0,12.0,14.0,16.0,153.0,1177.5041416432566,990.0,968.989013016593,21.01098698340695,0.8120557464092459,0.6243843186973275,988.5635599348934,0.28,0.28,0.28,0.28,19.29454691830037,19.29454691830037,19.29454691830037,19.29454691830037,,0.9532804918166838,0.9532804918166838,0.9532804918166838,0.9532804918166838,49.13182361354944,49.13182361354944,49.13182361354944,49.13182361354944,1.0565983572806332,1.0565983572806332,1.0565983572806332,1.0565983572806332,0.98,0.98,0.98,0.98,48.14918714127845,48.14918714127845,48.14918714127845,48.14918714127845,192.5967485651138,4622.321965562732,0.1430346499566434,4.910407843237028e-05
2008-07-15,2008-07-26,643.0906,0.8794376863729334,565.5581093921818,0.503,2008,7,15,2008.07,2007,10,289,42,0.0488642206514845,0.0,0.0,0.42,3,Normal,50,10,9,9,108,186.0,0.328878672078274,379.5581093921818,379.5581093921818,,2,189.7790546960909,189.7790546960909,0.0,0.0,0.0,0.0,0.0,0.0,0.0,0.0,50.0,10.0,9.0,9.0,108.0,448.5581093921818,990.0,966.1450114922648,23.854988507735243,0.1938418369711367,0.0781514276331098,989.7280067353958,0.1987017238397227,0.1987017238397227,0.01,0.01,23.384293519291276,23.384293519291276,23.572995243130997,23.572995243130997,,0.9523096906058384,0.9523096906058384,0.0,0.0,41.446650209626696,41.446650209626696,0.0,0.0,0.8913258109597139,0.8913258109597139,0.0,0.0,0.9791325810959712,0.9791325810959712,0.96,0.96,40.58176559753367,40.58176559753367,0.0,0.0,81.16353119506734,1947.924748681616,0.1435105073151468,5.939914014238039e-05
2008-08-15,2008-08-26,413.9237,0.9090128563565548,376.2619648506736,0.684,2008,8,15,2008.08,2007,11,320,46,0.0325090337630982,1.847982483482724,0.0049114251668146,0.5,3,Normal,47,8,6,5,89,155.0,0.4119470328644952,221.2619648506736,221.2619648506736,,1,221.2619648506736,0.0,0.0,0.0,0.0,0.0,0.0,0.0,0.0,0.0,47.0,8.0,6.0,5.0,89.0,282.2619648506736,990.0,965.2813098242532,24.7186901757467,0.1351507679207691,0.0145572670123072,989.850291965067,0.2412036525484094,0.01,0.01,0.01,24.32777848826525,24.558982140813654,24.558982140813654,24.558982140813654,,0.9582541693004504,0.0,0.0,0.0,50.585801379634674,0.0,0.0,0.0,1.0878666963362296,0.0,0.0,0.0,0.98,0.96,0.96,0.96,48.2,0.0,0.0,0.0,48.2,1156.8000000000002,0.1281022386068946,6.05114796748951e-05
2008-09-15,2008-09-26,291.5539,0.9336960918380738,272.2227369901486,0.8310000000000001,2008,9,15,2008.09,2007,12,351,51,0.0235200444759488,4.162463753371242,0.0152906542612635,0.52,3,Normal,40,6,4,3,65,118.0,0.4334685680728802,154.22273699014858,154.22273699014858,,1,154.22273699014858,0.0,0.0,0.0,0.0,0.0,0.0,0.0,0.0,0.0,40.0,6.0,4.0,3.0,65.0,204.22273699014855,990.0,964.7888909479606,25.211109052039436,0.107607956776305,0.0088589326441626,989.8835331105796,0.1507006949367006,0.01,0.01,0.01,24.943941467682222,25.084642162618923,25.084642162618923,25.084642162618923,,0.9405468591297652,0.0,0.0,0.0,35.48400420140237,0.0,0.0,0.0,0.7630968645462876,0.0,0.0,0.0,0.97,0.96,0.96,0.96,34.4194840753603,0.0,0.0,0.0,34.4194840753603,826.0676178086472,0.1264386819996079,6.199454104696591e-05
2008-10-15,2008-10-26,196.5408,1.0019441346365396,196.9229017767732,0.962,2008,10,15,2008.1,2008,1,15,3,0.0170141387135132,0.2444171775317159,0.0012411820835789,0.75,4,Mod_Dry,31,4,3,2,33,73.0,0.3707034547091478,123.9229017767732,123.9229017767732,,1,123.9229017767732,0.0,0.0,0.0,0.0,0.0,0.0,0.0,0.0,0.0,31.0,4.0,3.0,2.0,33.0,161.9229017767732,990.0,964.4061541964464,25.593845803553563,0.0926789353852086,0.0062834466510257,989.9010376179637,0.1097959173986438,0.01,0.01,0.01,25.385087504118573,25.48488342151721,25.48488342151721,25.48488342151721,,0.927649006609451,0.0,0.0,0.0,28.618879260477,0.0,0.0,0.0,0.6154597690425161,0.0,0.0,0.0,0.97,0.96,0.96,0.96,27.76031288266269,0.0,0.0,0.0,27.76031288266269,666.2475091839045,0.140970464238492,6.222577031687265e-05
2008-11-15,2008-11-26,266.66,0.9440969037746996,251.75288036056145,0.871,2008,11,15,2008.11,2008,2,46,7,0.0217514488631525,31.81541052580019,0.1263755571742974,0.55,3,Normal,36,5,3,2,47,93.0,0.3694098747422673,158.75288036056145,158.75288036056145,,1,158.75288036056145,0.0,0.0,0.0,0.0,0.0,0.0,0.0,0.0,0.0,36.0,5.0,3.0,2.0,47.0,202.75288036056145,990.0,964.7070115214424,25.29298847855773,0.1070891821025602,0.0092439948306477,989.8836668230668,0.1568163884867579,0.01,0.01,0.01,25.01983891313782,25.166655301624576,25.166655301624576,25.166655301624576,,0.941793834971508,0.0,0.0,0.0,36.68602567286335,0.0,0.0,0.0,0.788946788663728,0.0,0.0,0.0,0.97,0.96,0.96,0.96,35.58544490267745,0.0,0.0,0.0,35.58544490267745,854.0506776642588,0.1413506961736121,6.226561548898334e-05
2008-12-15,2008-12-26,578.739,0.8862841167709412,512.9271834558979,0.542,2008,12,15,2008.12,2008,3,76,11,0.0443169086505895,14.870609426637088,0.0289916578927341,0.14,2,Mod_Wet,42,7,5,3,61,118.0,0.2300521473729726,394.9271834558979,394.9271834558979,,2,197.4635917279489,197.4635917279489,0.0,0.0,0.0,0.0,0.0,0.0,0.0,0.0,42.0,7.0,5.0,3.0,61.0,448.9271834558979,990.0,965.9081723255516,24.091827674448496,0.1939720946594191,0.0854056305911838,989.7206222747494,0.2090758488327311,0.2090758488327311,0.01,0.01,23.60337410036518,23.60337410036518,23.80244994919791,23.80244994919791,,0.9543096850826888,0.9543096850826888,0.0,0.0,43.62035070280409,43.62035070280409,0.0,0.0,0.9380720581248192,0.9380720581248192,0.0,0.0,0.98,0.98,0.96,0.96,42.74794368874801,42.74794368874801,0.0,0.0,85.49588737749602,2051.901297059904,0.1666823091758541,6.013477572508521e-05
2009-01-15,2009-01-26,946.0594,0.9134042636758518,864.1346896506183,0.373,2009,1,15,2009.01,2008,4,107,16,0.0746612371858134,25.8216171632007,0.0298814727292579,0.18,2,Mod_Wet,46,7,6,4,76,139.0,0.1608545538846492,725.1346896506183,725.1346896506183,,3,241.71156321687275,241.71156321687275,241.71156321687275,0.0,0.0,0.0,0.0,0.0,0.0,0.0,46.0,7.0,6.0,4.0,76.0,784.1346896506183,990.0,967.3565387586024,22.64346124139752,0.3727881464028925,0.285389972686613,989.3418218809104,0.2688106103427782,0.2688106103427782,0.2688106103427782,0.01,21.716472511965254,21.716472511965254,21.716472511965254,21.97528312230803,,0.9568001341415822,0.9568001341415822,0.9568001341415822,0.0,49.25458187407284,49.25458187407284,49.25458187407284,0.0,1.059238319872534,1.059238319872534,1.059238319872534,0.0,0.98,0.98,0.98,0.96,48.2,48.2,48.2,0.0,144.60000000000002,3470.4000000000005,0.1673350251202897,5.539200818818864e-05
2009-02-15,2009-02-26,1574.8324,0.9517310164019286,1498.8168407146884,0.231,2009,2,15,2009.02,2008,5,138,20,0.1294977750377491,20.275685373579787,0.013527793939059,0.17,2,Mod_Wet,49,8,7,5,93,162.0,0.1080852547151476,1336.8168407146884,1100.0,,4,275.0,275.0,275.0,275.0,236.8168407146884,51.0,10.0,10.232826450634684,7.309161750453345,158.2748525136004,100.0,18.0,17.232826450634683,12.309161750453343,251.2748525136004,1235.2328264506348,990.0,969.4807928700012,20.51920712999868,0.9061698363564968,0.648,988.4458301636434,0.28,0.28,0.28,0.28,18.685037293642125,18.685037293642125,18.685037293642125,18.685037293642125,,0.9521062966170526,0.9521062966170526,0.9521062966170526,0.9521062966170526,47.97895665632966,47.97895665632966,47.97895665632966,47.97895665632966,1.0318055194909603,1.0318055194909603,1.0318055194909603,1.0318055194909603,0.98,0.98,0.98,0.98,47.01937752320306,47.01937752320306,47.01937752320306,47.01937752320306,188.07751009281225,4513.860242227494,0.1254839850899529,4.749432073050815e-05
2009-03-15,2009-03-26,5158.6618,1.0380217268960774,5354.8030301088265,0.013,2009,3,15,2009.03,2008,6,166,24,0.4626549818014026,244.3486185689217,0.0456316725741368,0.17,2,Mod_Wet,59,11,12,13,144,239.0,0.044632827511331,5115.8030301088265,1100.0,,4,275.0,275.0,275.0,275.0,4015.8030301088265,41.0,7.0,13.0,67.0,3887.8030301088265,100.0,18.0,25.0,80.0,4031.8030301088265,1243.0,990.0353829699692,978.0563966663676,11.97898630360146,0.913072042081314,0.648,988.4743109278876,0.28,0.28,0.28,0.28,10.137914261520082,10.137914261520082,10.137914261520082,10.137914261520082,,0.8783442116830174,0.8783442116830174,0.8783442116830174,0.8783442116830174,24.015119438352485,24.015119438352485,24.015119438352485,24.015119438352485,0.5164541814699459,0.5164541814699459,0.5164541814699459,0.5164541814699459,0.97,0.97,0.97,0.97,23.29466585520191,23.29466585520191,23.29466585520191,23.29466585520191,93.17866342080764,2236.287922099383,0.0174009506786496,2.352996551030496e-05
2009-04-15,2009-04-26,4462.0015,1.0054853034328617,4486.476932145383,0.026,2009,4,15,2009.04,2008,7,197,29,0.3876316069373611,56.52805076282947,0.0125996526044319,0.09,1,Wet,84,14,20,27,219,364.0,0.0811327028992299,4122.476932145383,1100.0,,4,275.0,275.0,275.0,275.0,3022.476932145383,16.0,4.0,5.0,53.0,2944.476932145383,100.0,18.0,25.0,80.0,3163.476932145383,1243.0,990.0,976.570252785826,13.429747214173972,0.9262894125183112,0.648,988.4257105874816,0.28,0.28,0.28,0.28,11.57545780165569,11.57545780165569,11.57545780165569,11.57545780165569,,0.915754578016557,0.915754578016557,0.915754578016557,0.915754578016557,28.588322184215897,28.588322184215897,28.588322184215897,28.588322184215897,0.6148026276175462,0.6148026276175462,0.6148026276175462,0.6148026276175462,0.97,0.97,0.97,0.97,27.73067251868942,27.73067251868942,27.73067251868942,27.73067251868942,110.92269007475768,2662.1445617941845,0.0247237847764249,2.8010780321908507e-05
2009-05-15,2009-05-26,2582.9881,1.0179079879576662,2629.244219789596,0.115,2009,5,15,2009.05,2008,8,227,33,0.2271667005898211,48.11816532196599,0.0183011395289162,0.28,2,Mod_Wet,65,14,17,23,202,321.0,0.1220883163244865,2308.244219789596,1100.0,,4,275.0,275.0,275.0,275.0,1208.2442197895962,35.0,4.000000000000007,8.0,57.0,1104.2442197895962,100.0,18.0,25.0,80.0,1306.2442197895962,1243.0,990.0,972.6188653581128,17.38113464188723,0.9262894125183112,0.648,988.4257105874816,0.28,0.28,0.28,0.28,15.526845229368949,15.526845229368949,15.526845229368949,15.526845229368949,,0.9431073809174756,0.9431073809174756,0.9431073809174756,0.9431073809174756,39.49260314148485,39.49260314148485,39.49260314148485,39.49260314148485,0.8493032933652656,0.8493032933652656,0.8493032933652656,0.8493032933652656,0.9749303293365266,0.9749303293365266,0.9749303293365266,0.9749303293365266,38.50253658708457,38.50253658708457,38.50253658708457,38.50253658708457,154.01014634833828,3696.243512360119,0.0585758238771227,3.889145109806522e-05
2009-06-15,2009-06-26,1516.372,0.9482599209629142,1437.9147928703762,0.239,2009,6,15,2009.06,2008,9,258,37,0.1242358381040005,45.97686962192325,0.0319746829574956,0.25,2,Mod_Wet,62,12,14,16,153,257.0,0.1787310355761586,1180.9147928703762,1100.0,,4,275.0,275.0,275.0,275.0,80.91479287037623,19.52030022553824,3.778122624297723,4.407809728347344,5.037496832396964,48.17106345979597,81.52030022553824,15.778122624297724,18.407809728347345,21.037496832396965,201.171063459796,1215.7062325781833,990.0,969.284032407735,20.71596759226497,0.8680392967505999,0.648,988.4839607032494,0.28,0.28,0.28,0.28,18.91992829551438,18.91992829551438,18.91992829551438,18.91992829551438,,0.952399910369393,0.952399910369393,0.952399910369393,0.952399910369393,48.59708562341061,48.59708562341061,48.59708562341061,48.59708562341061,1.0450986155572173,1.0450986155572173,1.0450986155572173,1.0450986155572173,0.98,0.98,0.98,0.98,47.62514391094239,47.62514391094239,47.62514391094239,47.62514391094239,190.5005756437696,4572.013815450469,0.1324839111387754,4.810620597064888e-05
2009-07-15,2009-07-26,704.7879,0.8788007677329247,619.3681476088757,0.473,2009,7,15,2009.07,2008,10,288,42,0.0535134079534068,13.610008971224032,0.0219740214665004,0.3,2,Mod_Wet,58,11,11,11,136,227.0,0.3665025411402784,392.3681476088757,392.3681476088757,,2,196.18407380443784,196.18407380443784,0.0,0.0,0.0,0.0,0.0,0.0,0.0,0.0,58.0,11.0,11.0,11.0,136.0,472.3681476088757,990.0,966.3774725904354,23.622527409564555,0.2022451382077391,0.0841977656713893,989.7135570961208,0.2073484996359911,0.2073484996359911,0.01,0.01,23.128736006049344,23.128736006049344,23.326084505685333,23.326084505685333,,0.9538266806043272,0.9538266806043272,0.0,0.0,42.44473373385513,42.44473373385513,0.0,0.0,0.912789972771078,0.912789972771078,0.0,0.0,0.98,0.98,0.96,0.96,41.595839059178026,41.595839059178026,0.0,0.0,83.19167811835605,1996.6002748405451,0.1343170107141039,5.889570704999396e-05
2009-08-15,2009-08-26,446.8115,0.9026970817947076,403.335437162316,0.647,2009,8,15,2009.08,2008,11,319,46,0.0348481817708241,6.806719565374294,0.0168760761842878,0.36,2,Mod_Wet,54,9,8,6,107,184.0,0.4561959675414092,219.335437162316,219.335437162316,,1,219.335437162316,0.0,0.0,0.0,0.0,0.0,0.0,0.0,0.0,0.0,54.0,9.0,8.0,6.0,107.0,290.335437162316,990.0,965.4150094672304,24.584990532769552,0.1380001467937746,0.0143935121587968,989.8476063410476,0.2386028401691266,0.01,0.01,0.01,24.193994033647908,24.42259687381703,24.42259687381703,24.42259687381703,,0.9578678041318608,0.0,0.0,0.0,49.84948194171866,0.0,0.0,0.0,1.0720318697143798,0.0,0.0,0.0,0.98,0.96,0.96,0.96,48.2,0.0,0.0,0.0,48.2,1156.8000000000002,0.1195035088885648,6.104298084299363e-05
2009-09-15,2009-09-26,293.9613,0.9336938545407444,274.4698592828081,0.8240000000000001,2009,9,15,2009.09,2008,12,350,50,0.0237141958420346,7.643716146284077,0.0278490183448819,0.5,3,Normal,40,6,4,3,65,118.0,0.4299197015961422,156.4698592828081,156.4698592828081,,1,156.4698592828081,0.0,0.0,0.0,0.0,0.0,0.0,0.0,0.0,0.0,40.0,6.0,4.0,3.0,65.0,206.4698592828081,990.0,964.7978794371312,25.2021205628688,0.1084010614307138,0.0090499380390386,989.8825490005302,0.1537343100317909,0.01,0.01,0.01,24.93093525336717,25.07466956339896,25.07466956339896,25.07466956339896,,0.9412543190599364,0.0,0.0,0.0,36.00932199887621,0.0,0.0,0.0,0.7743940214812088,0.0,0.0,0.0,0.97,0.96,0.96,0.96,34.92904233890992,0.0,0.0,0.0,34.92904233890992,838.2970161338382,0.1272600293168065,6.200882269135115e-05
2009-10-15,2009-10-26,223.755,0.9676137142007584,216.50840662099068,0.932,2009,10,15,2009.1,2009,1,15,3,0.0187063263320535,0.0,0.0,0.54,3,Normal,37,5,3,2,50,97.0,0.4480195550549849,119.50840662099068,119.50840662099068,,1,119.50840662099068,0.0,0.0,0.0,0.0,0.0,0.0,0.0,0.0,0.0,37.0,5.0,3.0,2.0,50.0,164.50840662099068,990.0,964.499050439726,25.50094956027408,0.0935914436082496,0.0059082145627842,989.900500341829,0.1038363489383374,0.01,0.01,0.01,25.297613553164744,25.39144990210308,25.39144990210308,25.39144990210308,,0.924749193796452,0.0,0.0,0.0,27.41830927700713,0.0,0.0,0.0,0.5896410597205834,0.0,0.0,0.0,0.97,0.96,0.96,0.96,26.595759998696916,0.0,0.0,0.0,26.595759998696916,638.298239968726,0.1228393872264469,6.18175015434567e-05
2009-11-15,2009-11-26,310.3376,0.9297022486736368,288.5215645679796,0.8029999999999999,2009,11,15,2009.11,2009,2,46,7,0.0249282631786734,4.953273681617986,0.0171677763117457,0.45,3,Normal,36,5,3,2,47,93.0,0.3223329255795988,195.5215645679796,195.5215645679796,,1,195.5215645679796,0.0,0.0,0.0,0.0,0.0,0.0,0.0,0.0,0.0,36.0,5.0,3.0,2.0,47.0,239.5215645679796,990.0,964.854086258272,25.145913741728123,0.1200663545620107,0.0123693329882782,989.8675643124496,0.2064541121667725,0.01,0.01,0.01,24.807023942011,25.00347805417777,25.00347805417777,25.00347805417777,,0.9533616609016544,0.0,0.0,0.0,45.34879087430482,0.0,0.0,0.0,0.9752428145011788,0.0,0.0,0.0,0.98,0.96,0.96,0.96,44.44181505681872,0.0,0.0,0.0,44.44181505681872,1066.6035613636493,0.154032906078837,6.313855279427223e-05
2009-12-15,2009-12-26,495.8325,0.8960553284209241,444.2933536292678,0.601,2009,12,15,2009.12,2009,3,76,11,0.0383869457535687,3.790283048384993,0.0085310370218765,0.29,2,Mod_Wet,42,7,5,3,61,118.0,0.2655902885697067,326.2933536292678,326.2933536292678,,2,163.1466768146339,163.1466768146339,0.0,0.0,0.0,0.0,0.0,0.0,0.0,0.0,42.0,7.0,5.0,3.0,61.0,380.2933536292678,990.0,965.5993200913316,24.40067990866828,0.1697490866236528,0.0530104629130144,989.7772404504634,0.1627480136997557,0.1627480136997557,0.01,0.01,24.01517234543193,24.01517234543193,24.16792035913169,24.16792035913169,,0.9448321390705298,0.9448321390705298,0.0,0.0,36.30423558722947,36.30423558722947,0.0,0.0,0.7807362491877305,0.7807362491877305,0.0,0.0,0.97,0.97,0.96,0.96,35.215108519612585,35.215108519612585,0.0,0.0,70.43021703922517,1690.325208941404,0.1585218785379228,5.995816022593879e-05
2010-01-15,2010-01-26,847.2388,0.8927374761764421,756.3618280307572,0.413,2010,1,15,2010.01,2009,4,107,16,0.0653496619418574,13.220889330318528,0.0174795829725305,0.24,2,Mod_Wet,46,7,6,4,76,139.0,0.1837744778341029,617.3618280307572,617.3618280307572,,3,205.7872760102524,205.7872760102524,205.7872760102524,0.0,0.0,0.0,0.0,0.0,0.0,0.0,46.0,7.0,6.0,4.0,76.0,676.3618280307572,990.0,966.925447312123,23.07455268787703,0.3108909871615916,0.2133977011245458,989.475711311714,0.2203128226138407,0.2203128226138407,0.2203128226138407,0.01,22.329951176977083,22.329951176977083,22.329951176977083,22.540263999590923,,0.9549560381788073,0.9549560381788073,0.9549560381788073,0.0,43.03565037319468,43.03565037319468,43.03565037319468,0.0,0.9254978574880576,0.9254978574880576,0.9254978574880576,0.0,0.98,0.98,0.98,0.96,42.174937365730784,42.174937365730784,42.174937365730784,0.0,126.52481209719237,3036.5954903326165,0.1672808005483418,5.6928983202955664e-05
2010-02-15,2010-02-26,1563.0265,0.9493707640224268,1483.8916624922997,0.233,2010,2,15,2010.02,2009,5,138,20,0.1282082396393346,35.31516326157679,0.0237990172424464,0.2,2,Mod_Wet,49,8,7,5,93,162.0,0.109172390474861,1321.8916624922997,1100.0,,4,275.0,275.0,275.0,275.0,221.8916624922997,51.0,10.0,9.587911342259863,6.848508101614188,144.45524304842564,100.0,18.0,16.587911342259865,11.848508101614188,237.45524304842564,1234.5879113422598,990.0,969.4325730634366,20.56742693656338,0.9044992906221456,0.648,988.4475007093778,0.28,0.28,0.28,0.28,18.73492764594116,18.73492764594116,18.73492764594116,18.73492764594116,,0.9521686595574264,0.9521686595574264,0.9521686595574264,0.9521686595574264,48.1102148272713,48.1102148272713,48.1102148272713,48.1102148272713,1.0346282758552967,1.0346282758552967,1.0346282758552967,1.0346282758552967,0.98,0.98,0.98,0.98,47.14801053072587,47.14801053072587,47.14801053072587,47.14801053072587,188.59204212290348,4526.209010949684,0.1270928645869941,4.762425306133927e-05
2010-03-15,2010-03-26,4784.4181,1.01605202564386,4861.217702032149,0.019,2010,3,15,2010.03,2009,6,166,24,0.4200092094555776,82.2820312578533,0.0169262181414867,0.14,2,Mod_Wet,59,11,12,13,144,239.0,0.0491646362392061,4622.217702032149,1100.0,,4,275.0,275.0,275.0,275.0,3522.2177020321487,41.0,7.0,13.0,67.0,3394.2177020321487,100.0,18.0,25.0,80.0,3538.2177020321487,1243.0,990.0,977.2560283947188,12.743971605281216,0.9262894125183112,0.648,988.4257105874816,0.28,0.28,0.28,0.28,10.889682192762937,10.889682192762937,10.889682192762937,10.889682192762937,,0.9059491301182552,0.9059491301182552,0.9059491301182552,0.9059491301182552,26.6066631314494,26.6066631314494,26.6066631314494,26.6066631314494,0.5721863039021376,0.5721863039021376,0.5721863039021376,0.5721863039021376,0.97,0.97,0.97,0.97,25.808463237505915,25.808463237505915,25.808463237505915,25.808463237505915,103.23385295002366,2477.612470800568,0.0212362126688686,2.6069154785359508e-05
2010-04-15,2010-04-26,4514.7987,0.9984176938383548,4507.654906198402,0.024,2010,4,15,2010.04,2009,7,197,29,0.389461383895542,38.79005462794976,0.0086053736222376,0.21,2,Mod_Wet,70,14,18,25,168,295.0,0.0654442290145925,4212.654906198402,1100.0,,4,275.0,275.0,275.0,275.0,3112.6549061984024,30.0,4.0,7.0,55.0,3016.6549061984024,100.0,18.0,25.0,80.0,3184.6549061984024,1243.0,990.0,976.6090084783432,13.390991521656929,0.9262894125183112,0.648,988.4257105874816,0.28,0.28,0.28,0.28,11.536702109138648,11.536702109138648,11.536702109138648,11.536702109138648,,0.9153670210913863,0.9153670210913863,0.9153670210913863,0.9153670210913863,28.48054749501117,28.48054749501117,28.48054749501117,28.48054749501117,0.6124848923658316,0.6124848923658316,0.6124848923658316,0.6124848923658316,0.97,0.97,0.97,0.97,27.626131070160834,27.626131070160834,27.626131070160834,27.626131070160834,110.50452428064334,2652.10858273544,0.0245148589632916,2.790518289915236e-05
2010-05-15,2010-05-26,3889.5171,1.0120830181699707,3936.514205791712,0.039,2010,5,15,2010.05,2009,8,227,33,0.3401148273804039,47.30056838057226,0.0120158510570036,0.05,1,Wet,71,14,18,24,213,340.0,0.0863708301877242,3596.514205791712,1100.0,,4,275.0,275.0,275.0,275.0,2496.514205791712,29.0,4.0,7.0,56.0,2400.514205791712,100.0,18.0,25.0,80.0,2613.514205791712,1243.0,990.0,975.5454705789396,14.454529421060442,0.9262894125183112,0.648,988.4257105874816,0.28,0.28,0.28,0.28,12.60024000854216,12.60024000854216,12.60024000854216,12.60024000854216,,0.9254021600768796,0.9254021600768796,0.9254021600768796,0.9254021600768796,31.44710855313033,31.44710855313033,31.44710855313033,31.44710855313033,0.6762819043683942,0.6762819043683942,0.6762819043683942,0.6762819043683942,0.97,0.97,0.97,0.97,30.50369529653642,30.50369529653642,30.50369529653642,30.50369529653642,122.01478118614568,2928.3547484674964,0.0309956410182968,3.081181343084487e-05
2010-06-15,2010-06-26,2129.9338,1.0131069972131326,2157.8508363807573,0.16,2010,6,15,2010.06,2009,9,258,37,0.1864383122632974,21.73860596717805,0.0100741930816863,0.04,1,Wet,67,13,15,17,181,293.0,0.1357832501951027,1864.8508363807573,1100.0,,4,275.0,275.0,275.0,275.0,764.8508363807573,33.0,5.0,10.0,44.37701098454906,672.4738253962082,100.0,18.0,25.0,61.37701098454906,853.4738253962082,1243.0,990.0,971.4810192602296,18.51898073977054,0.9262894125183112,0.648,988.4257105874816,0.28,0.28,0.28,0.28,16.664691327252257,16.664691327252257,16.664691327252257,16.664691327252257,,0.9469940739817568,0.9469940739817568,0.9469940739817568,0.9469940739817568,42.56140229422611,42.56140229422611,42.56140229422611,42.56140229422611,0.9152989740693788,0.9152989740693788,0.9152989740693788,0.9152989740693788,0.98,0.98,0.98,0.98,41.71017424834159,41.71017424834159,41.71017424834159,41.71017424834159,166.84069699336635,4004.176727840792,0.0773179935241487,4.213148913973898e-05
2010-07-15,2010-07-26,1061.1535,0.916755206218143,972.817995721604,0.336,2010,7,15,2010.07,2009,10,288,42,0.0840514748303465,52.398224949318895,0.0538623105038796,0.04,1,Wet,63,12,13,13,155,256.0,0.2631530266975661,716.817995721604,716.817995721604,,3,238.9393319072013,238.9393319072013,238.9393319072013,0.0,0.0,0.0,0.0,0.0,0.0,0.0,63.0,12.0,13.0,13.0,155.0,804.817995721604,990.0,967.7912719828864,22.20872801711357,0.3917136524458454,0.2798344211420315,989.328451926412,0.2650680980747218,0.2650680980747218,0.2650680980747218,0.01,21.27211184545092,21.27211184545092,21.27211184545092,21.52717994352564,,0.9563970935733856,0.9563970935733856,0.9563970935733856,0.0,47.67329831358239,47.67329831358239,47.67329831358239,0.0,1.0252322217974708,1.0252322217974708,1.0252322217974708,0.0,0.98,0.98,0.98,0.96,46.719832347310735,46.719832347310735,46.719832347310735,0.0,140.1594970419322,3363.827929006373,0.1440757651054415,5.431391769617308e-05
2010-08-15,2010-08-26,603.9569,0.8886339443648977,536.6966022733961,0.53,2010,8,15,2010.08,2009,11,319,46,0.0463705864364214,5.679679867092887,0.0105826641030226,0.05,1,Wet,58,10,10,7,117,202.0,0.3763765210071148,334.69660227339614,334.69660227339614,,2,167.34830113669807,167.34830113669807,0.0,0.0,0.0,0.0,0.0,0.0,0.0,0.0,58.0,10.0,10.0,7.0,117.0,412.69660227339614,990.0,966.0151347102302,23.9848652897698,0.1811851984401481,0.0569767962730429,989.7618380052868,0.1684202065345424,0.1684202065345424,0.01,0.01,23.57828308852205,23.57828308852205,23.73670329505659,23.73670329505659,,0.9462542123330588,0.9462542123330588,0.0,0.0,36.61676820864111,36.61676820864111,0.0,0.0,0.7874573808309915,0.7874573808309915,0.0,0.0,0.97,0.97,0.96,0.96,35.51826516238187,35.51826516238187,0.0,0.0,71.03653032476375,1704.8767277943298,0.1323588225151039,5.895598999400135e-05
2010-09-15,2010-09-26,391.275,0.8968269965349236,350.9059830692022,0.7090000000000001,2010,9,15,2010.09,2009,12,350,50,0.030318276937179,3.3341192886254016,0.0095014603611585,0.15,2,Mod_Wet,46,7,6,4,75,138.0,0.3932677316954867,212.9059830692022,212.9059830692022,,1,212.9059830692022,0.0,0.0,0.0,0.0,0.0,0.0,0.0,0.0,0.0,46.0,7.0,6.0,4.0,75.0,271.9059830692022,990.0,965.154529915346,24.84547008465404,0.1314958206368351,0.0138470085608821,989.8546571708024,0.2299230771434229,0.01,0.01,0.01,24.4702041783129,24.69012725545632,24.69012725545632,24.69012725545632,,0.9570037215811552,0.0,0.0,0.0,48.89650133206492,0.0,0.0,0.0,1.0515376630551594,0.0,0.0,0.0,0.98,0.96,0.96,0.96,47.91857130542362,0.0,0.0,0.0,47.91857130542362,1150.0457113301668,0.1365567235026984,6.251921181181694e-05
2010-10-15,2010-10-26,266.66,0.9440969037746996,251.75288036056145,0.871,2010,10,15,2010.1,2010,1,15,3,0.0217514488631525,4.894184671709809,0.0194404316832456,0.3,2,Mod_Wet,41,6,4,3,56,110.0,0.4369364109854774,141.75288036056145,141.75288036056145,,1,141.75288036056145,0.0,0.0,0.0,0.0,0.0,0.0,0.0,0.0,0.0,41.0,6.0,4.0,3.0,56.0,192.75288036056145,990.0,964.7070115214424,25.29298847855773,0.1035598312523354,0.0077989948306477,989.888641173917,0.1338663884867579,0.01,0.01,0.01,25.047763263987967,25.171629652474724,25.171629652474724,25.171629652474724,,0.9356842626310716,0.0,0.0,0.0,32.58133436866882,0.0,0.0,0.0,0.7006738573907273,0.0,0.0,0.0,0.97,0.96,0.96,0.96,31.603894337608757,0.0,0.0,0.0,31.603894337608757,758.4934641026101,0.1255353833185365,6.193073125494749e-05
2010-11-15,2010-11-26,266.66,0.9440969037746996,251.75288036056145,0.871,2010,11,15,2010.11,2010,2,46,7,0.0217514488631525,8.20298194130649,0.0325834680801194,0.58,3,Normal,36,5,3,2,47,93.0,0.3694098747422673,158.75288036056145,158.75288036056145,,1,158.75288036056145,0.0,0.0,0.0,0.0,0.0,0.0,0.0,0.0,0.0,36.0,5.0,3.0,2.0,47.0,202.75288036056145,990.0,964.7070115214424,25.29298847855773,0.1070891821025602,0.0092439948306477,989.8836668230668,0.1568163884867579,0.01,0.01,0.01,25.01983891313782,25.166655301624576,25.166655301624576,25.166655301624576,,0.941793834971508,0.0,0.0,0.0,36.68602567286335,0.0,0.0,0.0,0.788946788663728,0.0,0.0,0.0,0.97,0.96,0.96,0.96,35.58544490267745,0.0,0.0,0.0,35.58544490267745,854.0506776642588,0.1413506961736121,6.226561548898334e-05
2010-12-15,2010-12-26,457.4224,0.9068704073731252,414.8228382295926,0.637,2010,12,15,2010.12,2010,3,76,11,0.0358406932230368,11.487401067276606,0.027692306229578,0.44,3,Normal,38,5,4,3,54,104.0,0.2507094364520956,310.8228382295926,310.8228382295926,,2,155.4114191147963,155.4114191147963,0.0,0.0,0.0,0.0,0.0,0.0,0.0,0.0,38.0,5.0,4.0,3.0,54.0,357.8228382295926,990.0,965.4667027720332,24.53329722796684,0.1618185445503186,0.0457083796443677,989.7924730758052,0.152305415804975,0.152305415804975,0.01,0.01,24.1734648879672,24.1734648879672,24.31577030377217,24.31577030377217,,0.9422505939723432,0.9422505939723432,0.0,0.0,34.71578177588131,34.71578177588131,0.0,0.0,0.7465759521694906,0.7465759521694906,0.0,0.0,0.97,0.97,0.96,0.96,33.67430832260487,33.67430832260487,0.0,0.0,67.34861664520975,1616.366799485034,0.1623551319706611,6.018846354621791e-05
2011-01-15,2011-01-26,1165.2711,0.9338086699838878,1088.1402560616616,0.305,2011,1,15,2011.01,2010,4,107,16,0.0940153181237275,39.57182856015993,0.0363664778871277,0.12,2,Mod_Wet,46,7,6,4,76,139.0,0.127740885630945,949.1402560616616,949.1402560616616,,4,237.2850640154154,237.2850640154154,237.2850640154154,237.2850640154154,0.0,0.0,0.0,0.0,0.0,0.0,46.0,7.0,6.0,4.0,76.0,1008.1402560616616,990.0,968.1770122333368,21.822987766663346,0.577756282841887,0.3983838839338442,989.0238598332244,0.2628348364208108,0.2628348364208108,0.2628348364208108,0.2628348364208108,20.5840127634668,20.5840127634668,20.5840127634668,20.5840127634668,,0.955449258995,0.955449258995,0.955449258995,0.955449258995,45.76640212590537,45.76640212590537,45.76640212590537,45.76640212590537,0.9842237016323736,0.9842237016323736,0.9842237016323736,0.9842237016323736,0.98,0.98,0.98,0.98,44.85107408338727,44.85107408338727,44.85107408338727,44.85107408338727,179.40429633354907,4305.703112005178,0.1648724007168638,5.2504913200185295e-05
2011-02-15,2011-02-26,2737.0952,1.0169969211617809,2783.6173913266907,0.102,2011,2,15,2011.02,2010,5,138,20,0.240504542610626,106.25500621512856,0.0381715556693252,0.09,1,Wet,55,10,10,8,114,197.0,0.0707712204320251,2586.6173913266907,1100.0,,4,275.0,275.0,275.0,275.0,1486.6173913266907,45.0,8.0,15.0,60.37024939397728,1358.2471419327132,100.0,18.0,25.0,68.37024939397728,1472.2471419327132,1243.0,990.0,972.9914902549264,17.008509745073525,0.9262894125183112,0.648,988.4257105874816,0.28,0.28,0.28,0.28,15.154220332555242,15.154220332555242,15.154220332555242,15.154220332555242,,0.9416168813302208,0.9416168813302208,0.9416168813302208,0.9416168813302208,38.4839132136807,38.4839132136807,38.4839132136807,38.4839132136807,0.8276110368533484,0.8276110368533484,0.8276110368533484,0.8276110368533484,0.9727611036853347,0.9727611036853347,0.9727611036853347,0.9727611036853347,37.43565389187068,37.43565389187068,37.43565389187068,37.43565389187068,149.74261556748272,3593.822773619585,0.053794252052763,3.781379180997038e-05
2011-03-15,2011-03-26,3698.669,1.0311736660449222,3813.9700722167054,0.044,2011,3,15,2011.03,2010,6,166,24,0.3295270142395233,5.662108055199496,0.0014845706568191,0.15,2,Mod_Wet,59,11,12,13,144,239.0,0.062664361668966,3574.9700722167054,1100.0,,4,275.0,275.0,275.0,275.0,2474.9700722167054,41.0,7.0,13.000000000000014,67.0,2346.9700722167054,100.0,18.0,25.0,80.0,2490.9700722167054,1243.0,990.0,975.2857937244592,14.714206275540846,0.9262894125183112,0.648,988.4257105874816,0.28,0.28,0.28,0.28,12.859916863022564,12.859916863022564,12.859916863022564,12.859916863022564,,0.9277392517672032,0.9277392517672032,0.9277392517672032,0.9277392517672032,32.176254315645025,32.176254315645025,32.176254315645025,32.176254315645025,0.6919624584009683,0.6919624584009683,0.6919624584009683,0.6919624584009683,0.97,0.97,0.97,0.97,31.210966686175677,31.210966686175677,31.210966686175677,31.210966686175677,124.8438667447027,2996.2528018728644,0.0327333105349047,3.1526228975935024e-05
2011-04-15,2011-04-26,4288.7031,0.9991151427865818,4284.908210125755,0.031,2011,4,15,2011.04,2010,7,197,29,0.3702160693548653,40.33236924441553,0.0094126565299824,0.22,2,Mod_Wet,70,14,18,25,168,295.0,0.0688462822384104,3989.908210125755,1100.0,,4,275.0,275.0,275.0,275.0,2889.9082101257554,30.0,4.0,7.0,55.00000000000003,2793.908210125755,100.0,18.0,25.0,80.0,2961.908210125755,1243.0,990.0,976.20138202453,13.798617975469938,0.9262894125183112,0.648,988.4257105874816,0.28,0.28,0.28,0.28,11.944328562951656,11.944328562951656,11.944328562951656,11.944328562951656,,0.9194432856295166,0.9194432856295166,0.9194432856295166,0.9194432856295166,29.618160372990616,29.618160372990616,29.618160372990616,29.618160372990616,0.6369496854406584,0.6369496854406584,0.6369496854406584,0.6369496854406584,0.97,0.97,0.97,0.97,28.729615561800895,28.729615561800895,28.729615561800895,28.729615561800895,114.9184622472036,2758.043093932886,0.0268193521568647,2.9019813698788787e-05
2011-05-15,2011-05-26,3574.6356,1.0285190813200429,3676.580923365921,0.049,2011,5,15,2011.05,2010,8,227,33,0.3176565917788155,123.64249858695848,0.0336297503479845,0.06,1,Wet,71,14,18,24,213,340.0,0.0924772246516279,3336.580923365921,1100.0,,4,275.0,275.0,275.0,275.0,2236.580923365921,28.999999999999943,4.0,6.999999999999986,56.0,2140.580923365921,100.0,18.0,25.0,80.0,2353.580923365921,1243.0,990.0,974.994659575704,15.005340424296037,0.9262894125183112,0.648,988.4257105874816,0.28,0.28,0.28,0.28,13.151051011777756,13.151051011777756,13.151051011777756,13.151051011777756,,0.9299063060706666,0.9299063060706666,0.9299063060706666,0.9299063060706666,32.98154898595731,32.98154898595731,32.98154898595731,32.98154898595731,0.7092806233539206,0.7092806233539206,0.7092806233539206,0.7092806233539206,0.97,0.97,0.97,0.97,31.99210251637859,31.99210251637859,31.99210251637859,31.99210251637859,127.96841006551436,3071.2418415723446,0.0348063629586477,3.231525506704908e-05
2011-06-15,2011-06-26,1942.5703,1.0078456066936932,1957.8109425486496,0.182,2011,6,15,2011.06,2010,9,258,37,0.1691548654362033,17.426698463306366,0.0089011140374057,0.06,1,Wet,67,13,15,17,181,293.0,0.1496569426762815,1664.8109425486496,1100.0,,4,275.0,275.0,275.0,275.0,564.8109425486496,33.0,4.9999999999999964,10.0,32.77060076220834,484.0403417864412,100.0,18.0,25.0,49.77060076220834,665.0403417864412,1243.0,990.0,970.9636968913112,19.036303108688912,0.9262894125183112,0.648,988.4257105874816,0.28,0.28,0.28,0.28,17.18201369617063,17.18201369617063,17.18201369617063,17.18201369617063,,0.9485915445125545,0.9485915445125545,0.9485915445125545,0.9485915445125545,43.956661796820136,43.956661796820136,43.956661796820136,43.956661796820136,0.9453045547703256,0.9453045547703256,0.9453045547703256,0.9453045547703256,0.98,0.98,0.98,0.98,43.077528560883735,43.077528560883735,43.077528560883735,43.077528560883735,172.31011424353494,4135.442741844839,0.0880116207846014,4.3512655112003774e-05
2011-07-15,2011-07-26,954.6127,0.9111032605413876,869.7507435242177,0.373,2011,7,15,2011.07,2010,10,288,42,0.0751464642404924,22.51787107138489,0.0258900279638081,0.09,1,Wet,63,12,13,13,155,256.0,0.2943372016707817,613.7507435242177,613.7507435242177,,3,204.58358117473924,204.58358117473924,204.58358117473924,0.0,0.0,0.0,0.0,0.0,0.0,0.0,63.0,12.0,13.0,13.0,155.0,701.7507435242177,990.0,967.3790029740968,22.620997025903197,0.325319257814919,0.2109854966741774,989.4636952455108,0.218687834585898,0.218687834585898,0.218687834585898,0.01,21.866004436828145,21.866004436828145,21.866004436828145,22.07469227141404,,0.9543877543298966,0.9543877543298966,0.9543877543298966,0.0,41.870077640816646,41.870077640816646,41.870077640816646,0.0,0.9004317772218634,0.9004317772218634,0.9004317772218634,0.0,0.98,0.98,0.98,0.96,41.03267608800032,41.03267608800032,41.03267608800032,0.0,123.09802826400094,2954.3526783360226,0.1415325358219407,5.571300255158228e-05
2011-08-15,2011-08-26,566.3882,0.8793554915679047,498.0565740292608,0.5529999999999999,2011,8,15,2011.08,2010,11,319,46,0.0430320879961281,8.894745573564705,0.0178589060708636,0.1,1,Wet,58,10,10,7,117,202.0,0.4055764154779182,296.0565740292608,296.0565740292608,,2,148.0282870146304,148.0282870146304,0.0,0.0,0.0,0.0,0.0,0.0,0.0,0.0,58.0,10.0,10.0,7.0,117.0,374.0565740292608,990.0,965.8412545831316,24.158745416868328,0.16754793359533,0.038738702941811,989.7937133634628,0.142338187469751,0.142338187469751,0.01,0.01,23.81012059286145,23.81012059286145,23.9424587803312,23.9424587803312,,0.940145509431018,0.940145509431018,0.0,0.0,32.49676157155281,32.49676157155281,0.0,0.0,0.6988550875602755,0.6988550875602755,0.0,0.0,0.97,0.97,0.96,0.96,31.521858724406226,31.521858724406226,0.0,0.0,63.04371744881245,1513.0492187714988,0.1265794304024358,5.915134225004718e-05
2011-09-15,2011-09-26,391.275,0.8968269965349236,350.9059830692022,0.7090000000000001,2011,9,15,2011.09,2010,12,350,50,0.030318276937179,3.3341192886254016,0.0095014603611585,0.16,2,Mod_Wet,46,7,6,4,75,138.0,0.3932677316954867,212.9059830692022,212.9059830692022,,1,212.9059830692022,0.0,0.0,0.0,0.0,0.0,0.0,0.0,0.0,0.0,46.0,7.0,6.0,4.0,75.0,271.9059830692022,990.0,965.154529915346,24.84547008465404,0.1314958206368351,0.0138470085608821,989.8546571708024,0.2299230771434229,0.01,0.01,0.01,24.4702041783129,24.69012725545632,24.69012725545632,24.69012725545632,,0.9570037215811552,0.0,0.0,0.0,48.89650133206492,0.0,0.0,0.0,1.0515376630551594,0.0,0.0,0.0,0.98,0.96,0.96,0.96,47.91857130542362,0.0,0.0,0.0,47.91857130542362,1150.0457113301668,0.1365567235026984,6.251921181181694e-05
2011-10-15,2011-10-26,310.3376,0.9297022486736368,288.5215645679796,0.8029999999999999,2011,10,15,2011.1,2011,1,15,3,0.0249282631786734,2.994199020921428,0.0103777304320556,0.19,2,Mod_Wet,41,6,4,3,56,110.0,0.3812539979973749,178.52156456797962,178.52156456797962,,1,178.52156456797962,0.0,0.0,0.0,0.0,0.0,0.0,0.0,0.0,0.0,41.0,6.0,4.0,3.0,56.0,229.5215645679796,990.0,964.854086258272,25.145913741728123,0.1165369847907598,0.0109243329882782,989.872538682221,0.1835041121667725,0.01,0.01,0.01,24.834948311782384,25.008452423949155,25.008452423949155,25.008452423949155,,0.9481331032779444,0.0,0.0,0.0,41.225122437554944,0.0,0.0,0.0,0.886561772850644,0.0,0.0,0.0,0.9786561772850644,0.96,0.96,0.96,40.34522073284626,0.0,0.0,0.0,40.34522073284626,968.2852975883102,0.1398343336771292,6.277676193486653e-05
2011-11-15,2011-11-26,331.6178,0.920942096558406,305.4007919880862,0.779,2011,11,15,2011.11,2011,2,46,7,0.0263866284277706,19.303241962571235,0.0632062603273283,0.35,2,Mod_Wet,40,6,4,3,53,106.0,0.3470848890402848,199.4007919880862,199.4007919880862,,1,199.4007919880862,0.0,0.0,0.0,0.0,0.0,0.0,0.0,0.0,0.0,40.0,6.0,4.0,3.0,53.0,249.4007919880862,990.0,964.9270039599404,25.072996040059596,0.1235530404396441,0.0126990673189873,989.8637478922412,0.2116910691839164,0.01,0.01,0.01,24.725052863117025,24.92674393230094,24.92674393230094,24.92674393230094,,0.9545894945302632,0.0,0.0,0.0,46.15507465564725,0.0,0.0,0.0,0.9925822506590806,0.0,0.0,0.0,0.98,0.96,0.96,0.96,45.2319731625343,0.0,0.0,0.0,45.2319731625343,1085.5673559008233,0.1481069281716165,6.301096833328305e-05
2011-12-15,2011-12-26,566.3882,0.8793554915679047,498.0565740292608,0.5529999999999999,2011,12,15,2011.12,2011,3,76,11,0.0430320879961281,11.778200741460807,0.0236483189975298,0.23,2,Mod_Wet,42,7,5,3,61,118.0,0.2369208763682888,380.0565740292608,380.0565740292608,,2,190.0282870146304,190.0282870146304,0.0,0.0,0.0,0.0,0.0,0.0,0.0,0.0,42.0,7.0,5.0,3.0,61.0,434.0565740292608,990.0,965.8412545831316,24.158745416868328,0.1887237952049362,0.0783867029418111,989.7328895018532,0.199038187469751,0.199038187469751,0.01,0.01,23.692596731251843,23.692596731251843,23.88163491872159,23.88163491872159,,0.952409849082082,0.952409849082082,0.0,0.0,42.05266207256419,42.05266207256419,0.0,0.0,0.9043583241411652,0.9043583241411652,0.0,0.0,0.98,0.98,0.96,0.96,41.211608831112905,41.211608831112905,0.0,0.0,82.42321766222581,1978.1572238934195,0.1654896691663454,6.024192134549012e-05
2012-01-15,2012-01-26,887.5632,0.8993466698857421,798.2270082331329,0.398,2012,1,15,2012.01,2011,4,107,16,0.0689668135113426,12.284151713222284,0.0153892960104333,0.21,2,Mod_Wet,46,7,6,4,76,139.0,0.1741359269560109,659.2270082331329,659.2270082331329,,3,219.74233607771097,219.74233607771097,219.74233607771097,0.0,0.0,0.0,0.0,0.0,0.0,0.0,46.0,7.0,6.0,4.0,76.0,718.2270082331329,990.0,967.0929080329324,22.90709196706746,0.3346825567962136,0.2413636414997327,989.423953801704,0.2391521537049098,0.2391521537049098,0.2391521537049098,0.01,22.09189361506653,22.09189361506653,22.09189361506653,22.321045768771445,,0.9564904662904344,0.9564904662904344,0.9564904662904344,0.0,45.53716878943456,45.53716878943456,45.53716878943456,0.0,0.9792939524609584,0.9792939524609584,0.9792939524609584,0.0,0.98,0.98,0.98,0.96,44.62642541364587,44.62642541364587,44.62642541364587,0.0,133.8792762409376,3213.1026297825024,0.1677208048087448,5.6412567113077474e-05
2012-02-15,2012-02-26,1683.6732,0.9730775912922432,1638.344661979303,0.214,2012,2,15,2012.02,2011,5,138,20,0.1415529787950118,67.39293275064529,0.0411347711593402,0.16,2,Mod_Wet,49,8,7,5,93,162.0,0.0988802928709066,1476.344661979303,1100.0,,4,275.0,275.0,275.0,275.0,376.3446619793031,51.0,10.0,16.261806381821735,11.615575987015523,287.4672796104658,100.0,18.0,23.26180638182173,16.615575987015525,380.4672796104658,1241.2618063818218,990.0,969.9315750617792,20.068424938220687,0.9217869099460884,0.648,988.430213090054,0.28,0.28,0.28,0.28,18.218638028274626,18.218638028274626,18.218638028274626,18.218638028274626,,0.9515232975353434,0.9515232975353434,0.9515232975353434,0.9515232975353434,46.75270323814274,46.75270323814274,46.75270323814274,46.75270323814274,1.005434478239629,1.005434478239629,1.005434478239629,1.005434478239629,0.98,0.98,0.98,0.98,45.81764917337989,45.81764917337989,45.81764917337989,45.81764917337989,183.27059669351956,4398.494320644469,0.1118632733066729,4.628045371048473e-05
2012-03-15,2012-03-26,2279.0226,1.008849609181632,2299.1910593261064,0.144,2012,3,15,2012.03,2011,6,167,24,0.1986501075257756,0.0,0.0,0.42,3,Normal,49,9,9,9,107,183.0,0.0795932113852414,2116.1910593261064,1100.0,,4,275.0,275.0,275.0,275.0,1016.1910593261064,51.0,9.0,16.0,49.97660947505441,890.2144498510519,100.0,18.0,25.0,58.97660947505441,997.214449851052,1243.0,990.0,971.8221853156148,18.177814684385226,0.9262894125183112,0.648,988.4257105874816,0.28,0.28,0.28,0.28,16.32352527186694,16.32352527186694,16.32352527186694,16.32352527186694,,0.9459705758156008,0.9459705758156008,0.9459705758156008,0.9459705758156008,41.6450106268594,41.6450106268594,41.6450106268594,41.6450106268594,0.8955916263840732,0.8955916263840732,0.8955916263840732,0.8955916263840732,0.9795591626384073,0.9795591626384073,0.9795591626384073,0.9795591626384073,40.79375173771397,40.79375173771397,40.79375173771397,40.79375173771397,163.17500695085587,3916.200166820541,0.0709706165083481,4.120580983607472e-05
2012-04-15,2012-04-26,3117.8186,1.021722491686134,3185.545388617374,0.074,2012,4,15,2012.04,2011,7,198,29,0.2752311215765411,46.88692197132423,0.0147186482223298,0.55,3,Normal,54,13,14,19,117,217.0,0.0681202034588446,2968.545388617374,1100.0,,4,275.0,275.0,275.0,275.0,1868.545388617374,46.00000000000006,5.0,10.999999999999986,61.0,1745.545388617374,100.0,18.0,25.0,80.0,1862.5453886173736,1243.0,990.0,973.9541318949272,16.045868105072714,0.9262894125183112,0.648,988.4257105874816,0.28,0.28,0.28,0.28,14.191578692554431,14.191578692554431,14.191578692554431,14.191578692554431,,0.9361494721553266,0.9361494721553266,0.9361494721553266,0.9361494721553266,35.830040560262034,35.830040560262034,35.830040560262034,35.830040560262034,0.7705385066723018,0.7705385066723018,0.7705385066723018,0.7705385066723018,0.97,0.97,0.97,0.97,34.755139343454175,34.755139343454175,34.755139343454175,34.755139343454175,139.0205573738167,3336.493376971601,0.0436410537016884,3.5106201357024417e-05
2012-05-15,2012-05-26,2789.6629,1.0178649970908706,2839.5002195930097,0.099,2012,5,15,2012.05,2011,8,228,33,0.245332818972836,57.107016020840994,0.0201116434599276,0.21,2,Mod_Wet,65,14,17,23,202,321.0,0.1130480631010514,2518.5002195930097,1100.0,,4,275.0,275.0,275.0,275.0,1418.5002195930097,35.0,4.0,8.0,57.0,1314.5002195930097,100.0,18.0,25.0,80.0,1516.5002195930097,1243.0,990.0,973.1263798403968,16.873620159603092,0.9262894125183112,0.648,988.4257105874816,0.28,0.28,0.28,0.28,15.01933074708481,15.01933074708481,15.01933074708481,15.01933074708481,,0.9410773229883392,0.9410773229883392,0.9410773229883392,0.9410773229883392,38.1195076707415,38.1195076707415,38.1195076707415,38.1195076707415,0.8197743585105699,0.8197743585105699,0.8197743585105699,0.8197743585105699,0.971977435851057,0.971977435851057,0.971977435851057,0.971977435851057,37.05130132171202,37.05130132171202,37.05130132171202,37.05130132171202,148.20520528684807,3556.9249268843537,0.0521941165083236,3.74255568906182e-05
2012-06-15,2012-06-26,1493.3847,0.9416352536085518,1406.2236807196314,0.243,2012,6,15,2012.06,2011,9,259,37,0.1214977260141761,42.3528185110913,0.0301181235188824,0.24,2,Mod_Wet,62,12,14,16,153,257.0,0.182758976060253,1149.2236807196314,1100.0,,4,275.0,275.0,275.0,275.0,49.223680719631375,11.874973558821576,2.298381979126757,2.6814456423145496,3.0645093055023422,29.30437023386615,73.87497355882158,14.298381979126756,16.68144564231455,19.06450930550234,182.3043702338661,1204.854801180263,990.0,969.1816457377096,20.818354262290427,0.8521369824773827,0.648,988.4998630175226,0.28,0.28,0.28,0.28,19.038217279812983,19.038217279812983,19.038217279812983,19.038217279812983,,0.9525955431995324,0.9525955431995324,0.9525955431995324,0.9525955431995324,48.91096344984039,48.91096344984039,48.91096344984039,48.91096344984039,1.0518486763406536,1.0518486763406536,1.0518486763406536,1.0518486763406536,0.98,0.98,0.98,0.98,47.93274418084358,47.93274418084358,47.93274418084358,47.93274418084358,191.7309767233743,4601.543441360984,0.136344579708156,4.841691331398341e-05
2012-07-15,2012-07-26,663.2533,0.8749645092220418,580.3230981243996,0.494,2012,7,15,2012.07,2011,10,289,42,0.0501399156779481,15.343036044202565,0.0264387822814414,0.4,2,Mod_Wet,58,11,11,11,136,227.0,0.391161407729009,353.3230981243996,353.3230981243996,,2,176.6615490621998,176.6615490621998,0.0,0.0,0.0,0.0,0.0,0.0,0.0,0.0,58.0,11.0,11.0,11.0,136.0,433.3230981243996,990.0,966.2114539415596,23.78854605844026,0.1884649288006809,0.0657685023147166,989.7457665688844,0.1809930912339697,0.1809930912339697,0.01,0.01,23.3533195360908,23.3533195360908,23.524312627324765,23.524312627324765,,0.9490426467031984,0.9490426467031984,0.0,0.0,38.398572904493406,38.398572904493406,0.0,0.0,0.825775761386955,0.825775761386955,0.0,0.0,0.9725775761386954,0.9725775761386954,0.96,0.96,37.34559096263718,37.34559096263718,0.0,0.0,74.69118192527436,1792.5883662065849,0.1287062020565367,5.872118365579809e-05
2012-08-15,2012-08-26,457.4224,0.9068704073731252,414.8228382295926,0.637,2012,8,15,2012.08,2011,11,320,46,0.0358406932230368,0.0,0.0,0.41,3,Normal,47,8,6,5,89,155.0,0.3736534870199502,259.8228382295926,259.8228382295926,,1,259.8228382295926,0.0,0.0,0.0,0.0,0.0,0.0,0.0,0.0,0.0,47.0,8.0,6.0,5.0,89.0,320.8228382295926,990.0,965.4667027720332,24.53329722796684,0.1487600965577281,0.0216363796443677,989.829603523798,0.28,0.01,0.01,0.01,24.082900751764758,24.352900751764757,24.352900751764757,24.352900751764757,,0.9465693469118396,0.0,0.0,0.0,58.08677358982925,0.0,0.0,0.0,1.2491779266629943,0.0,0.0,0.0,0.98,0.96,0.96,0.96,48.2,0.0,0.0,0.0,48.2,1156.8000000000002,0.1161941811249135,5.153083916764003e-05
2012-09-15,2012-09-26,310.3376,0.9297022486736368,288.5215645679796,0.8029999999999999,2012,9,15,2012.09,2011,12,351,51,0.0249282631786734,2.994199020921428,0.0103777304320556,0.41,3,Normal,40,6,4,3,65,118.0,0.4089815614880931,170.52156456797962,170.52156456797962,,1,170.52156456797962,0.0,0.0,0.0,0.0,0.0,0.0,0.0,0.0,0.0,40.0,6.0,4.0,3.0,65.0,220.5215645679796,990.0,964.854086258272,25.145913741728123,0.1133605035137969,0.0102443329882782,989.876395163498,0.1727041121667725,0.01,0.01,0.01,24.84960479305928,25.012308905226053,25.012308905226053,25.012308905226053,,0.9456686632908622,0.0,0.0,0.0,39.298546911502704,0.0,0.0,0.0,0.845130041107585,0.0,0.0,0.0,0.9745130041107584,0.96,0.96,0.96,38.29694500791607,0.0,0.0,0.0,38.29694500791607,919.1266801899858,0.1327351217759419,6.238530772884011e-05
2012-10-15,2012-10-26,255.4785,0.9395358309241366,240.03120478075203,0.887,2012,10,15,2012.1,2012,1,15,3,0.0207386960930569,0.0,0.0,0.42,3,Normal,37,5,3,2,50,97.0,0.4041141237807026,143.03120478075203,143.03120478075203,,1,143.03120478075203,0.0,0.0,0.0,0.0,0.0,0.0,0.0,0.0,0.0,37.0,5.0,3.0,2.0,50.0,188.03120478075203,990.0,964.6401872286846,25.359812771315436,0.1018933993356659,0.0079076524063639,989.890198948258,0.1355921264540152,0.01,0.01,0.01,25.11441959311929,25.240011719573307,25.240011719573307,25.240011719573307,,0.9360869817082104,0.0,0.0,0.0,32.97682561268336,0.0,0.0,0.0,0.7091790454340506,0.0,0.0,0.0,0.97,0.96,0.96,0.96,31.987520844302853,0.0,0.0,0.0,31.987520844302853,767.7005002632685,0.1332640098753856,6.212226535021482e-05
2012-11-15,2012-11-26,349.3005,0.9295836506121732,324.70403395065745,0.75,2012,11,15,2012.11,2012,2,46,7,0.0280544285333368,50.23417466784935,0.1547075780262188,0.35,2,Mod_Wet,40,6,4,3,53,106.0,0.3264511336995214,218.70403395065745,218.70403395065745,,1,218.70403395065745,0.0,0.0,0.0,0.0,0.0,0.0,0.0,0.0,0.0,40.0,6.0,4.0,3.0,53.0,268.70403395065745,990.0,965.0235201697532,24.97647983024672,0.13036575344658,0.0143398428858058,989.8552944036676,0.2377504458333875,0.01,0.01,0.01,24.594023788081028,24.82177423391441,24.82177423391441,24.82177423391441,,0.9580263970099128,0.0,0.0,0.0,50.53619706631152,0.0,0.0,0.0,1.0867999369099253,0.0,0.0,0.0,0.98,0.96,0.96,0.96,48.2,0.0,0.0,0.0,48.2,1156.8000000000002,0.1484428740029899,6.12192132309256e-05
2012-12-15,2012-12-26,518.6822,0.8913623235036077,462.3337709519629,0.584,2012,12,15,2012.12,2012,3,76,11,0.0399456378102496,15.121986170573107,0.0327079420121882,0.33,2,Mod_Wet,42,7,5,3,61,118.0,0.2552268672847183,344.3337709519629,344.3337709519629,,2,172.16688547598145,172.16688547598145,0.0,0.0,0.0,0.0,0.0,0.0,0.0,0.0,42.0,7.0,5.0,3.0,61.0,398.3337709519629,990.0,965.6805019692838,24.319498030716204,0.176116109633735,0.0615255398893264,989.7623583504768,0.1749252953925749,0.1749252953925749,0.01,0.01,23.906931085800544,23.906931085800544,24.07185638119312,24.07185638119312,,0.9475792181404832,0.9475792181404832,0.0,0.0,38.24966885665711,38.24966885665711,0.0,0.0,0.8225735237990777,0.8225735237990777,0.0,0.0,0.9722573523799076,0.9722573523799076,0.96,0.96,37.188521771981655,37.188521771981655,0.0,0.0,74.37704354396331,1785.0490450551194,0.1608730493358037,6.000076558336012e-05
2013-01-15,2013-01-26,1098.2906,0.9334653512202716,1025.216220670923,0.325,2013,1,15,2013.01,2012,4,107,16,0.0885786814659677,35.316621553320154,0.0344479738432232,0.08,1,Wet,49,8,7,5,81,150.0,0.1463105996331553,875.2162206709229,875.2162206709229,,4,218.80405516773072,218.80405516773072,218.80405516773072,218.80405516773072,0.0,0.0,0.0,0.0,0.0,0.0,49.0,8.0,7.0,5.0,81.0,939.2162206709228,990.0,967.9792509792514,22.020749020748557,0.5146898541087189,0.3626046508047267,989.1227054950864,0.2378854744764365,0.2378854744764365,0.2378854744764365,0.2378854744764365,20.905569041358625,20.905569041358625,20.905569041358625,20.905569041358625,,0.9548146135524272,0.9548146135524272,0.9548146135524272,0.9548146135524272,42.8326670006332,42.8326670006332,42.8326670006332,42.8326670006332,0.9211326236695312,0.9211326236695312,0.9211326236695312,0.9211326236695312,0.98,0.98,0.98,0.98,41.97601366062053,41.97601366062053,41.97601366062053,41.97601366062053,167.90405464248212,4029.6973114195703,0.1637742861038642,5.328970610566835e-05
2013-02-15,2013-02-26,3146.1609,1.0242753271445222,3222.534985096804,0.072,2013,2,15,2013.02,2012,5,138,20,0.2784270227123638,51.4093703490953,0.0159530837017587,0.05,1,Wet,55,10,10,8,114,197.0,0.0611319972974885,3025.534985096804,1100.0,,4,275.0,275.0,275.0,275.0,1925.534985096804,45.0,8.0,15.0,72.0,1785.5349850968037,100.0,18.0,25.0,80.0,1899.534985096804,1243.0,990.0,974.0325146112764,15.967485388723505,0.9262894125183112,0.648,988.4257105874816,0.28,0.28,0.28,0.28,14.11319597620522,14.11319597620522,14.11319597620522,14.11319597620522,,0.9356791758572314,0.9356791758572314,0.9356791758572314,0.9356791758572314,35.614243982770645,35.614243982770645,35.614243982770645,35.614243982770645,0.7658977200595838,0.7658977200595838,0.7658977200595838,0.7658977200595838,0.97,0.97,0.97,0.97,34.545816663287525,34.545816663287525,34.545816663287525,34.545816663287525,138.1832666531501,3316.3983996756024,0.0428802999167436,3.489476430635103e-05
2013-03-15,2013-03-26,3393.3391,1.0310770263443272,3498.793988605936,0.056,2013,3,15,2013.03,2012,6,166,24,0.3022958006155528,12.820528073863445,0.0036642706360003,0.16,2,Mod_Wet,59,11,12,13,144,239.0,0.0683092519246117,3259.793988605936,1100.0,,4,275.0,275.0,275.0,275.0,2159.793988605936,41.0,7.0,13.0,67.0,2031.793988605936,100.0,18.0,25.0,80.0,2175.793988605936,1243.0,990.0,974.617920594903,15.382079405096988,0.9262894125183112,0.648,988.4257105874816,0.28,0.28,0.28,0.28,13.527789992578706,13.527789992578706,13.527789992578706,13.527789992578706,,0.9321667399554724,0.9321667399554724,0.9321667399554724,0.9321667399554724,34.00884235451066,34.00884235451066,34.00884235451066,34.00884235451066,0.7313729538604443,0.7313729538604443,0.7313729538604443,0.7313729538604443,0.97,0.97,0.97,0.97,32.98857708387534,32.98857708387534,32.98857708387534,32.98857708387534,131.95430833550137,3166.903400052033,0.0377142263206178,3.332179503421752e-05
2013-04-15,2013-04-26,2978.4157,1.0206875929295791,3040.031951576668,0.084,2013,4,15,2013.04,2012,7,197,29,0.2626587606162241,0.0,0.0,0.52,3,Normal,54,13,14,19,117,217.0,0.0713808287072299,2823.031951576668,1100.0,,4,275.0,275.0,275.0,275.0,1723.0319515766678,46.0,5.0,11.0,61.0,1600.0319515766678,100.0,18.0,25.0,80.0,1717.0319515766678,1243.0,990.0,973.6104219520817,16.389578047918462,0.9262894125183112,0.648,988.4257105874816,0.28,0.28,0.28,0.28,14.53528863540018,14.53528863540018,14.53528863540018,14.53528863540018,,0.938211731812401,0.938211731812401,0.938211731812401,0.938211731812401,36.77866091155912,36.77866091155912,36.77866091155912,36.77866091155912,0.7909389443346048,0.7909389443346048,0.7909389443346048,0.7909389443346048,0.97,0.97,0.97,0.97,35.67530108421235,35.67530108421235,35.67530108421235,35.67530108421235,142.7012043368494,3424.8289040843856,0.0469406922722767,3.603565766082056e-05
2013-05-15,2013-05-26,2302.4999,1.007823219789474,2320.512862782941,0.141,2013,5,15,2013.05,2012,8,227,33,0.2004923113444461,32.71275891389314,0.0140972107668739,0.41,3,Normal,55,13,13,17,178,276.0,0.1189392243527576,2044.5128627829408,1100.0,,4,275.0,275.0,275.0,275.0,944.5128627829408,45.0,5.0,12.0,58.17651691054346,824.3363458723973,100.0,18.0,25.0,75.17651691054346,1002.3363458723971,1243.0,990.0,971.873651737752,18.12634826224803,0.9262894125183112,0.648,988.4257105874816,0.28,0.28,0.28,0.28,16.272058849729746,16.272058849729746,16.272058849729746,16.272058849729746,,0.9458161765491891,0.9458161765491891,0.9458161765491891,0.9458161765491891,41.5069323482114,41.5069323482114,41.5069323482114,41.5069323482114,0.8926222010368043,0.8926222010368043,0.8926222010368043,0.8926222010368043,0.9792622201036804,0.9792622201036804,0.9792622201036804,0.9792622201036804,40.64617072100277,40.64617072100277,40.64617072100277,40.64617072100277,162.58468288401107,3902.032389216266,0.0700641162096497,4.1056738102023e-05
2013-06-15,2013-06-26,1042.8919,0.9189739555961264,958.39049460216,0.341,2013,6,15,2013.06,2012,9,258,37,0.0828049387336266,14.427501119443946,0.0150538858645848,0.6900000000000001,3,Normal,53,12,12,13,120,210.0,0.2191173651896178,748.39049460216,748.39049460216,,3,249.46349820072,249.46349820072,249.46349820072,0.0,0.0,0.0,0.0,0.0,0.0,0.0,53.0,12.0,12.0,13.0,120.0,825.39049460216,990.0,967.7335619784086,22.2664380215914,0.4105377684042109,0.3009248503942429,989.2885373812016,0.279275722570972,0.279275722570972,0.279275722570972,0.01,21.27569968022196,21.27569968022196,21.27569968022196,21.54497540279293,,0.9566607786403168,0.9566607786403168,0.9566607786403168,0.0,49.79520538504398,49.79520538504398,49.79520538504398,0.0,1.0708646319364297,1.0708646319364297,1.0708646319364297,0.0,0.98,0.98,0.98,0.96,48.2,48.2,48.2,0.0,144.60000000000002,3470.4000000000005,0.1508779571734226,5.36707333355684e-05
2013-07-15,2013-07-26,578.739,0.8862841167709412,512.9271834558979,0.542,2013,7,15,2013.07,2012,10,288,42,0.0443169086505895,4.439148023367012,0.0086545384345937,0.61,3,Normal,50,10,9,9,108,186.0,0.3626245712828213,326.9271834558979,326.9271834558979,,2,163.46359172794894,163.46359172794894,0.0,0.0,0.0,0.0,0.0,0.0,0.0,0.0,50.0,10.0,9.0,9.0,108.0,395.9271834558979,990.0,965.9081723255516,24.091827674448496,0.1752667502376003,0.0533096305911838,989.7714236191712,0.1631758488327311,0.1631758488327311,0.01,0.01,23.700075444786936,23.700075444786936,23.853251293619667,23.853251293619667,,0.9450506662327264,0.9450506662327264,0.0,0.0,35.90579590048562,35.90579590048562,0.0,0.0,0.7721676537738843,0.7721676537738843,0.0,0.0,0.97,0.97,0.96,0.96,34.82862202347105,34.82862202347105,0.0,0.0,69.6572440469421,1671.7738571266104,0.1358033777379851,5.918515020056173e-05
2013-08-15,2013-08-26,391.275,0.8968269965349236,350.9059830692022,0.7090000000000001,2013,8,15,2013.08,2012,11,319,46,0.030318276937179,3.3341192886254016,0.0095014603611585,0.5700000000000001,3,Normal,47,8,6,5,89,155.0,0.4417137566144959,195.9059830692022,195.9059830692022,,1,195.9059830692022,0.0,0.0,0.0,0.0,0.0,0.0,0.0,0.0,0.0,47.0,8.0,6.0,5.0,89.0,256.9059830692022,990.0,965.154529915346,24.84547008465404,0.1262018552344335,0.0124020085608821,989.8613961362048,0.2069730771434229,0.01,0.01,0.01,24.499893143715305,24.696866220858727,24.696866220858727,24.696866220858727,,0.9536904394300532,0.0,0.0,0.0,44.8908696004662,0.0,0.0,0.0,0.965395045171316,0.0,0.0,0.0,0.98,0.96,0.96,0.96,43.99305220845688,0.0,0.0,0.0,43.99305220845688,1055.833253002965,0.125369911973775,6.237835153717686e-05
2013-09-15,2013-09-26,274.2861,0.9456106056562148,259.36784514408106,0.858,2013,9,15,2013.09,2012,12,350,50,0.0224093818204486,2.328219714128579,0.0089765163944483,0.58,3,Normal,40,6,4,3,65,118.0,0.4549523088895232,141.36784514408106,141.36784514408106,,1,141.36784514408106,0.0,0.0,0.0,0.0,0.0,0.0,0.0,0.0,0.0,40.0,6.0,4.0,3.0,65.0,191.36784514408103,990.0,964.7374713805764,25.26252861942362,0.1030710075601012,0.0077662668372468,989.8891627256028,0.1333465909445094,0.01,0.01,0.01,25.01834475408177,25.14169134502628,25.14169134502628,25.14169134502628,,0.9355782352391514,0.0,0.0,0.0,32.450995225498005,0.0,0.0,0.0,0.6978708650644733,0.0,0.0,0.0,0.97,0.96,0.96,0.96,31.477465368733064,0.0,0.0,0.0,31.477465368733064,755.4591688495935,0.1213622504025009,6.185098436841896e-05
2013-10-15,2013-10-26,204.0855,0.982689153992868,200.55260733721147,0.955,2013,10,15,2013.1,2013,1,15,3,0.017327745273935,0.0,0.0,0.59,3,Normal,37,5,3,2,50,97.0,0.4836636196751263,103.55260733721148,103.55260733721148,,1,103.55260733721148,0.0,0.0,0.0,0.0,0.0,0.0,0.0,0.0,0.0,37.0,5.0,3.0,2.0,50.0,148.55260733721147,990.0,964.4033156440232,25.596684355976777,0.087960126349571,0.0045519716236629,989.9074879020268,0.0822960199052354,0.01,0.01,0.01,25.421876238098328,25.49417225800356,25.49417225800356,25.49417225800356,,0.0,0.0,0.0,0.0,0.0,0.0,0.0,0.0,0.0,0.0,0.0,0.0,0.96,0.96,0.96,0.96,0.0,0.0,0.0,0.0,0.0,0.0,0.0,0.0
2013-11-15,2013-11-26,263.5231,0.943172030013286,248.5476171823941,0.877,2013,11,15,2013.11,2013,2,46,7,0.0214745141245588,1.6986521165151487,0.0068343126189321,0.65,3,Normal,36,5,3,2,47,93.0,0.3741737742420315,155.5476171823941,155.5476171823941,,1,155.5476171823941,0.0,0.0,0.0,0.0,0.0,0.0,0.0,0.0,0.0,36.0,5.0,3.0,2.0,47.0,199.5476171823941,990.0,964.6912857030944,25.308714296905578,0.1059579134826542,0.0089715474605035,989.8850705390568,0.152489283196232,0.01,0.01,0.01,25.04129555276621,25.183784835962445,25.183784835962445,25.183784835962445,,0.9407726005354216,0.0,0.0,0.0,35.93714041021702,0.0,0.0,0.0,0.7728417292519789,0.0,0.0,0.0,0.97,0.96,0.96,0.96,34.85902619791051,0.0,0.0,0.0,34.85902619791051,836.6166287498522,0.1402508967620863,6.225143790790845e-05
2013-12-15,2013-12-26,524.4984,0.8885427859104034,466.03926954154906,0.581,2013,12,15,2013.12,2013,3,76,11,0.0402657928883898,7.709775663628478,0.0165431888845176,0.27,2,Mod_Wet,42,7,5,3,61,118.0,0.2531975473141537,348.03926954154906,348.03926954154906,,2,174.01963477077453,174.01963477077453,0.0,0.0,0.0,0.0,0.0,0.0,0.0,0.0,42.0,7.0,5.0,3.0,61.0,402.03926954154906,990.0,965.697176712937,24.302823287063006,0.1774238950558628,0.0632745352236111,989.7593015697204,0.1774265069405456,0.1774265069405456,0.01,0.01,23.884698349842957,23.884698349842957,24.052124856783497,24.052124856783497,,0.9481401058364256,0.9481401058364256,0.0,0.0,38.64819631310522,38.64819631310522,0.0,0.0,0.8311440067334456,0.8311440067334456,0.0,0.0,0.9731144006733444,0.9731144006733444,0.96,0.96,37.60911639233315,37.60911639233315,0.0,0.0,75.2182327846663,1805.2375868319912,0.1613989157151065,6.003332204098271e-05
2014-01-15,2014-01-26,815.842,0.8958086931444238,730.838355832333,0.424,2014,1,15,2014.01,2013,4,107,16,0.0631444339439135,9.415316574258556,0.012882898795775,0.18,2,Mod_Wet,46,7,6,4,76,139.0,0.1901925355870197,591.838355832333,591.838355832333,,3,197.279451944111,197.279451944111,197.279451944111,0.0,0.0,0.0,0.0,0.0,0.0,0.0,46.0,7.0,6.0,4.0,76.0,650.838355832333,990.0,966.8233534233292,23.17664657667069,0.2963862492579031,0.1963480216959984,989.507265729046,0.2088272601245498,0.2088272601245498,0.2088272601245498,0.01,22.475085045592166,22.475085045592166,22.475085045592166,22.67391230571672,,0.9537058066602322,0.9537058066602322,0.9537058066602322,0.0,41.470218430645936,41.470218430645936,41.470218430645936,0.0,0.8918326544224933,0.8918326544224933,0.8918326544224933,0.0,0.9791832654422492,0.9791832654422492,0.9791832654422492,0.96,40.60694390152324,40.60694390152324,40.60694390152324,0.0,121.82083170456973,2923.699960909673,0.1666864235195087,5.717628738398734e-05
2014-02-15,2014-02-26,1470.6225,0.94550510416192,1390.4810800453631,0.248,2014,2,15,2014.02,2013,5,138,20,0.1201375653159193,31.35328014547508,0.0225485125942542,0.21,2,Mod_Wet,49,8,7,5,93,162.0,0.1165064396235545,1228.4810800453631,1100.0,,4,275.0,275.0,275.0,275.0,128.48108004536311,38.86156124828885,6.344744693598178,5.551651606898406,3.965465433498861,73.75765706307882,87.86156124828884,14.344744693598178,12.551651606898409,8.965465433498862,166.75765706307882,1214.7579575487855,990.0,969.1307850278388,20.869214972161103,0.8666496397567935,0.648,988.4853503602432,0.28,0.28,0.28,0.28,19.074565332404266,19.074565332404266,19.074565332404266,19.074565332404266,,0.9526864133310108,0.9526864133310108,0.9526864133310108,0.9526864133310108,49.0090196311183,49.0090196311183,49.0090196311183,49.0090196311183,1.0539574114218988,1.0539574114218988,1.0539574114218988,1.0539574114218988,0.98,0.98,0.98,0.98,48.028839238495934,48.028839238495934,48.028839238495934,48.028839238495934,192.1153569539837,4610.768566895609,0.1381646681217094,4.851397902878376e-05
2014-03-15,2014-03-26,2141.187,1.0098948620755834,2162.373750043032,0.159,2014,3,15,2014.03,2013,6,166,24,0.186829092003718,26.02205405457653,0.0120340223580954,0.44,3,Normal,49,9,9,9,107,183.0,0.0846292182359123,1979.373750043032,1100.0,,4,275.0,275.0,275.0,275.0,879.373750043032,50.99999999999997,9.0,16.0,43.24788934637862,760.1258606966535,100.0,18.0,25.0,52.24788934637862,867.1258606966535,1243.0,990.0,971.4919366380348,18.508063361965128,0.9262894125183112,0.648,988.4257105874816,0.28,0.28,0.28,0.28,16.653773949446844,16.653773949446844,16.653773949446844,16.653773949446844,,0.9469613218483404,0.9469613218483404,0.9469613218483404,0.9469613218483404,42.53204841782293,42.53204841782293,42.53204841782293,42.53204841782293,0.9146677079101704,0.9146677079101704,0.9146677079101704,0.9146677079101704,0.98,0.98,0.98,0.98,41.68140744946647,41.68140744946647,41.68140744946647,41.68140744946647,166.72562979786588,4001.415115148781,0.0771030585228608,4.210243176713785e-05
2014-04-15,2014-04-26,3363.6740000000004,1.0340492705415865,3478.2046460397005,0.058,2014,4,15,2014.04,2013,7,197,29,0.3005168814178301,5.275683463266431,0.0015167835133776,0.31,2,Mod_Wet,70,14,18,25,168,295.0,0.0848138709537658,3183.2046460397005,1100.0,,4,275.0,275.0,275.0,275.0,2083.2046460397005,30.0,4.0,7.0,55.0,1987.2046460397007,100.0,18.0,25.0,80.0,2155.2046460397005,1243.0,990.0,974.5742907975604,15.425709202439748,0.9262894125183112,0.648,988.4257105874816,0.28,0.28,0.28,0.28,13.571419789921466,13.571419789921466,13.571419789921466,13.571419789921466,,0.9324285187395288,0.9324285187395288,0.9324285187395288,0.9324285187395288,34.128109042572646,34.128109042572646,34.128109042572646,34.128109042572646,0.73393782887253,0.73393782887253,0.73393782887253,0.73393782887253,0.97,0.97,0.97,0.97,33.104265771295466,33.104265771295466,33.104265771295466,33.104265771295466,132.4170630851819,3178.009514044365,0.0380705210189264,3.3438652294237844e-05
2014-05-15,2014-05-26,3261.0784,1.039721484844799,3390.613276243302,0.065,2014,5,15,2014.05,2013,8,227,33,0.2929489870674213,20.641604911596914,0.0060878676598786,0.18,2,Mod_Wet,65,14,17,23,202,321.0,0.0946731384110128,3069.613276243302,1100.0,,4,275.0,275.0,275.0,275.0,1969.6132762433024,35.0,4.0,8.0,57.0,1865.613276243302,100.0,18.0,25.0,80.0,2067.6132762433017,1243.0,990.0,974.388680513944,15.61131948605589,0.9262894125183112,0.648,988.4257105874816,0.28,0.28,0.28,0.28,13.757030073537608,13.757030073537608,13.757030073537608,13.757030073537608,,0.9335421804412256,0.9335421804412256,0.9335421804412256,0.9335421804412256,34.636182997607186,34.636182997607186,34.636182997607186,34.636182997607186,0.744864150486176,0.744864150486176,0.744864150486176,0.744864150486176,0.97,0.97,0.97,0.97,33.59709750767897,33.59709750767897,33.59709750767897,33.59709750767897,134.38839003071587,3225.321360737181,0.0396354225863275,3.393646212896865e-05
2014-06-15,2014-06-26,2074.2022,1.0155075573385,2106.3680095481427,0.166,2014,6,15,2014.06,2013,9,258,37,0.1819901960249595,16.327165637645972,0.0077513357417294,0.05,1,Wet,67,13,15,17,181,293.0,0.1391019986402348,1813.3680095481427,1100.0,,4,275.0,275.0,275.0,275.0,713.3680095481427,33.0,5.0,10.0,41.38995277241784,623.9780567757248,100.0,18.0,25.0,58.38995277241784,804.9780567757248,1243.0,990.0,971.3567503678748,18.64324963212516,0.9262894125183112,0.648,988.4257105874816,0.28,0.28,0.28,0.28,16.788960219606878,16.788960219606878,16.788960219606878,16.788960219606878,,0.9473668806588206,0.9473668806588206,0.9473668806588206,0.9473668806588206,42.89566365960596,42.89566365960596,42.89566365960596,42.89566365960596,0.9224873905291604,0.9224873905291604,0.9224873905291604,0.9224873905291604,0.98,0.98,0.98,0.98,42.03775038641384,42.03775038641384,42.03775038641384,42.03775038641384,168.15100154565536,4035.624037095729,0.0798298306769893,4.246237412769074e-05
2014-07-15,2014-07-26,1051.9972,0.9169267811345148,964.6044063585224,0.341,2014,7,15,2014.07,2013,10,288,42,0.0833418207093763,34.218417326747044,0.0354740421059499,0.05,1,Wet,63,12,13,13,155,256.0,0.2653937700392905,708.6044063585224,708.6044063585224,,3,236.20146878617413,236.20146878617413,236.20146878617413,0.0,0.0,0.0,0.0,0.0,0.0,0.0,63.0,12.0,13.0,13.0,155.0,796.6044063585224,990.0,967.758417625434,22.24158237456595,0.3841981065949143,0.2743477434474929,989.3414541499576,0.2613719828613351,0.2613719828613351,0.2613719828613351,0.01,21.321664541662216,21.321664541662216,21.321664541662216,21.57303652452355,,0.9563761214926604,0.9563761214926604,0.9563761214926604,0.0,47.23578354846519,47.23578354846519,47.23578354846519,0.0,1.015823302117531,1.015823302117531,1.015823302117531,0.0,0.98,0.98,0.98,0.96,46.29106787749589,46.29106787749589,46.29106787749589,0.0,138.87320363248764,3332.956887179704,0.143969074490078,5.443924642827518e-05
2014-08-15,2014-08-26,536.2561,0.885781756478211,475.0058701801551,0.5680000000000001,2014,8,15,2014.08,2013,11,319,46,0.0410405071835654,6.560893143277895,0.0138122359220309,0.14,2,Mod_Wet,54,9,8,6,107,184.0,0.387363633906702,291.0058701801551,291.0058701801551,,2,145.50293509007756,145.50293509007756,0.0,0.0,0.0,0.0,0.0,0.0,0.0,0.0,54.0,9.0,8.0,6.0,107.0,362.0058701801551,990.0,965.7375264158106,24.262473584189365,0.1632948663118798,0.0363547707250332,989.8003503629632,0.1389289623716047,0.1389289623716047,0.01,0.01,23.923894984780933,23.923894984780933,24.052823947152536,24.052823947152536,,0.939024502309618,0.939024502309618,0.0,0.0,32.05673340707562,32.05673340707562,0.0,0.0,0.6893921162811961,0.6893921162811961,0.0,0.0,0.97,0.97,0.96,0.96,31.09503140486335,31.09503140486335,0.0,0.0,62.1900628097267,1492.5615074334407,0.1309248300155531,5.936312362514108e-05
2014-09-15,2014-09-26,358.3644,0.921348231477836,330.1784061646158,0.74,2014,9,15,2014.09,2013,12,350,50,0.0285274142926228,2.120809245284533,0.0064232221298783,0.21,2,Mod_Wet,46,7,6,4,75,138.0,0.4179558609026595,192.1784061646158,192.1784061646158,,1,192.1784061646158,0.0,0.0,0.0,0.0,0.0,0.0,0.0,0.0,0.0,46.0,7.0,6.0,4.0,75.0,251.1784061646158,990.0,965.0508920308232,24.949107969176907,0.1241804156362685,0.0120851645239923,989.8637344198396,0.2019408483222313,0.01,0.01,0.01,24.610901540694396,24.80284238901662,24.80284238901662,24.80284238901662,,0.9525082793242944,0.0,0.0,0.0,44.18140971700973,0.0,0.0,0.0,0.9501378433765532,0.0,0.0,0.0,0.98,0.96,0.96,0.96,43.29778152266953,0.0,0.0,0.0,43.29778152266953,1039.1467565440687,0.1311345039962508,6.258331398467664e-05
2014-10-15,2014-10-26,259.1714,0.9397252104948886,243.54989841925496,0.883,2014,10,15,2014.1,2014,1,15,3,0.0210427112234236,0.0,0.0,0.33,2,Mod_Wet,41,6,4,3,56,110.0,0.4516528264390499,133.54989841925496,133.54989841925496,,1,133.54989841925496,0.0,0.0,0.0,0.0,0.0,0.0,0.0,0.0,0.0,41.0,6.0,4.0,3.0,56.0,184.54989841925496,990.0,964.6612993905156,25.33870060948448,0.1006647338048719,0.0071017413656366,989.8922335248296,0.1227923628659942,0.01,0.01,0.01,25.108141771448004,25.220934134314,25.220934134314,25.220934134314,,0.9322345116647942,0.0,0.0,0.0,30.65646044579336,0.0,0.0,0.0,0.6592787192643733,0.0,0.0,0.0,0.97,0.96,0.96,0.96,29.73676663241956,0.0,0.0,0.0,29.73676663241956,713.6823991780694,0.122097224533552,6.185113617622144e-05
2014-11-15,2014-11-26,274.2861,0.9456106056562148,259.36784514408106,0.858,2014,11,15,2014.11,2014,2,46,7,0.0224093818204486,4.6983683331984025,0.0181146908576443,0.45,3,Normal,36,5,3,2,47,93.0,0.3585641078536073,166.36784514408106,166.36784514408106,,1,166.36784514408106,0.0,0.0,0.0,0.0,0.0,0.0,0.0,0.0,0.0,36.0,5.0,3.0,2.0,47.0,210.36784514408103,990.0,964.7374713805764,25.26252861942362,0.1097768257758471,0.0098912668372468,989.8803319073868,0.1670965909445094,0.01,0.01,0.01,24.975763935866013,25.13286052681052,25.13286052681052,25.13286052681052,,0.9441957503486904,0.0,0.0,0.0,38.47591116312815,0.0,0.0,0.0,0.8274389497446913,0.0,0.0,0.0,0.9727438949744692,0.96,0.96,0.96,37.427207687512926,0.0,0.0,0.0,37.427207687512926,898.2529845003103,0.1443016487518789,6.249072091341312e-05
2014-12-15,2014-12-26,410.923,0.9090128563565548,373.5342899726045,0.684,2014,12,15,2014.12,2014,3,76,11,0.032273362653633,0.0,0.0,0.55,3,Normal,38,5,4,3,54,104.0,0.2784215607290766,269.5342899726045,269.5342899726045,,1,269.5342899726045,0.0,0.0,0.0,0.0,0.0,0.0,0.0,0.0,0.0,38.0,5.0,4.0,3.0,54.0,316.5342899726045,990.0,965.267671449863,24.732328550137023,0.1472465348177931,0.0262201848670693,989.8265332803152,0.28,0.01,0.01,0.01,24.2788618304522,24.5488618304522,24.5488618304522,24.5488618304522,,0.9439508996620056,0.0,0.0,0.0,60.5801649450695,0.0,0.0,0.0,1.3027992461305269,0.0,0.0,0.0,0.98,0.96,0.96,0.96,48.2,0.0,0.0,0.0,48.2,1156.8000000000002,0.1290376848763605,4.9674157934598e-05
2015-01-15,2015-01-26,663.2533,0.8749645092220418,580.3230981243996,0.494,2015,1,15,2015.01,2014,4,107,16,0.0501399156779481,11.023810642544843,0.018995988059365,0.56,3,Normal,41,6,4,3,66,120.0,0.2067813609140135,460.3230981243996,460.3230981243996,,2,230.1615490621998,230.1615490621998,0.0,0.0,0.0,0.0,0.0,0.0,0.0,0.0,41.0,6.0,4.0,3.0,66.0,511.3230981243996,990.0,966.2114539415596,23.78854605844026,0.217101102202399,0.1162725023147166,989.6666263954828,0.2532180912339697,0.2532180912339697,0.01,0.01,23.20195436268921,23.20195436268921,23.44517245392318,23.44517245392318,,0.9574351334214788,0.9574351334214788,0.0,0.0,50.14243261850567,50.14243261850567,0.0,0.0,1.0783318842689391,1.0783318842689391,0.0,0.0,0.98,0.98,0.96,0.96,48.2,48.2,0.0,0.0,96.4,2313.6000000000004,0.1661143599342576,5.817170132649143e-05
2015-02-15,2015-02-26,937.5556,0.9107544726488778,853.8829560570023,0.376,2015,2,15,2015.02,2014,5,138,20,0.0737754874033249,6.07878665858584,0.0071189928496242,0.61,3,Normal,43,7,5,4,78,137.0,0.1604435350631994,716.8829560570023,716.8829560570023,,3,238.9609853523341,238.9609853523341,238.9609853523341,0.0,0.0,0.0,0.0,0.0,0.0,0.0,43.0,7.0,5.0,4.0,78.0,771.8829560570023,990.0,967.315531824228,22.684468175772054,0.3651747035585675,0.2798778146460775,989.3549474817954,0.2650973302256511,0.2650973302256511,0.2650973302256511,0.01,21.774318327341824,21.774318327341824,21.774318327341824,22.029415657567476,,0.9568254222309774,0.9568254222309774,0.9568254222309774,0.0,48.825081103503855,48.825081103503855,48.825081103503855,0.0,1.0500017441613732,1.0500017441613732,1.0500017441613732,0.0,0.98,0.98,0.98,0.96,47.848579481433774,47.848579481433774,47.848579481433774,0.0,143.54573844430132,3445.097722663232,0.1681093848121249,5.562109671827324e-05
2015-03-15,2015-03-26,1234.8221,0.9161553572318718,1131.2888821433105,0.293,2015,3,15,2015.03,2014,6,166,24,0.097743359417182,0.0,0.0,0.72,4,Mod_Dry,41,8,7,6,67,129.0,0.1140292298776948,1002.2888821433104,1002.2888821433104,,4,250.57222053582765,250.57222053582765,250.57222053582765,250.57222053582765,0.0,0.0,0.0,0.0,0.0,0.0,41.0,8.0,7.0,6.0,67.0,1058.2888821433105,990.0,968.3126222010218,21.68737779897822,0.6373508200992846,0.4281499848224486,988.9344991950784,0.28,0.28,0.28,0.28,20.34187699405649,20.34187699405649,20.34187699405649,20.34187699405649,,0.9555977505591018,0.9555977505591018,0.9555977505591018,0.9555977505591018,47.76807760618114,47.76807760618114,47.76807760618114,47.76807760618114,1.0272704861544333,1.0272704861544333,1.0272704861544333,1.0272704861544333,0.98,0.98,0.98,0.98,46.81271605405752,46.81271605405752,46.81271605405752,46.81271605405752,187.25086421623007,4494.020741189522,0.1655199367481358,5.189534661676078e-05
2015-04-15,2015-04-26,1448.0846,0.9385693348992789,1359.127799899888,0.251,2015,4,15,2015.04,2014,7,197,29,0.1174286419113503,0.0,0.0,0.86,4,Mod_Dry,45,11,10,10,72,148.0,0.1088933652971424,1211.127799899888,1100.0,,4,275.0,275.0,275.0,275.0,111.12779989988805,33.78885807766866,7.0,7.508635128370813,7.508635128370813,55.32167156547776,78.78885807766866,18.0,17.508635128370813,17.508635128370813,127.32167156547776,1214.2974932060397,990.0,969.0294898150612,20.970510184938803,0.8659748487157369,0.648,988.4860251512844,0.28,0.28,0.28,0.28,19.17653533622305,19.17653533622305,19.17653533622305,19.17653533622305,,0.9529413383405576,0.9529413383405576,0.9529413383405576,0.9529413383405576,49.28419931818302,49.28419931818302,49.28419931818302,49.28419931818302,1.0598752541544736,1.0598752541544736,1.0598752541544736,1.0598752541544736,0.98,0.98,0.98,0.98,48.2,48.2,48.2,48.2,192.8,4627.200000000001,0.1418556812789801,4.8686868686868696e-05
2015-05-15,2015-05-26,1527.9505,0.9480519815469955,1448.576499230723,0.237,2015,5,15,2015.05,2014,8,227,33,0.1251570095335344,0.0,0.0,0.85,4,Mod_Dry,47,10,10,10,115,192.0,0.132543914734198,1256.576499230723,1100.0,,4,275.0,275.0,275.0,275.0,156.5764992307229,38.32862220752071,8.0,8.155026001600152,8.155026001600152,93.9378250200019,85.32862220752071,18.0,18.155026001600152,18.155026001600152,208.9378250200019,1221.483648209121,990.0,969.3184779205916,20.68152207940841,0.876505855279254,0.648,988.4754941447208,0.28,0.28,0.28,0.28,18.877016224129164,18.877016224129164,18.877016224129164,18.877016224129164,,0.9523462702801616,0.9523462702801616,0.9523462702801616,0.9523462702801616,48.484132306120166,48.484132306120166,48.484132306120166,48.484132306120166,1.0426695119595737,1.0426695119595737,1.0426695119595737,1.0426695119595737,0.98,0.98,0.98,0.98,47.51444965999776,47.51444965999776,47.51444965999776,47.51444965999776,190.05779863999103,4561.387167359785,0.1312031492578559,4.7994393595957335e-05
2015-06-15,2015-06-26,1175.0486,0.9250503042586872,1086.9790649487445,0.305,2015,6,15,2015.06,2014,9,258,37,0.0939149912115715,23.633519151372862,0.0217423866875368,0.6,3,Normal,53,12,12,13,120,210.0,0.1931959931628511,876.9790649487445,876.9790649487445,,4,219.24476623718613,219.24476623718613,219.24476623718613,219.24476623718613,0.0,0.0,0.0,0.0,0.0,0.0,53.0,12.0,12.0,13.0,120.0,953.9790649487444,990.0,968.1733627755532,21.826637224446813,0.5281980571799395,0.3634578674351923,989.1083440753848,0.2384804344202012,0.2384804344202012,0.2384804344202012,0.2384804344202012,20.696500865411547,20.696500865411547,20.696500865411547,20.696500865411547,,0.9545170498307056,0.9545170498307056,0.9545170498307056,0.9545170498307056,42.47648300023296,42.47648300023296,42.47648300023296,42.47648300023296,0.913472752693182,0.913472752693182,0.913472752693182,0.913472752693182,0.98,0.98,0.98,0.98,41.6269533402283,41.6269533402283,41.6269533402283,41.6269533402283,166.5078133609132,3996.187520661917,0.1531840112935061,5.274033580349455e-05
2015-07-15,2015-07-26,554.2083,0.8774288896211047,486.2783732878,0.557,2015,7,15,2015.07,2014,10,288,42,0.0420144514520659,11.778200741460807,0.0242211074735375,0.6,3,Normal,50,10,9,9,108,186.0,0.3824969610357674,300.2783732878,300.2783732878,,2,150.1391866439,150.1391866439,0.0,0.0,0.0,0.0,0.0,0.0,0.0,0.0,50.0,10.0,9.0,9.0,108.0,369.2783732878,990.0,965.788252679795,24.21174732020495,0.1658615583012618,0.0407313921918415,989.793407049507,0.145187901969265,0.145187901969265,0.01,0.01,23.859966467742662,23.859966467742662,23.99515436971193,23.99515436971193,,0.9410207571757848,0.9410207571757848,0.0,0.0,33.05991940954417,33.05991940954417,0.0,0.0,0.7109660088074016,0.7109660088074016,0.0,0.0,0.97,0.97,0.96,0.96,32.06812182725785,32.06812182725785,0.0,0.0,64.1362436545157,1539.2698477083768,0.1318920338177515,5.933035750227072e-05
2015-08-15,2015-08-26,367.5781,0.9139547410507114,335.9497472014125,0.73,2015,8,15,2015.08,2014,11,319,46,0.029026058158202,5.081275366060312,0.0151251054908933,0.62,3,Normal,47,8,6,5,89,155.0,0.4613785284591168,180.9497472014125,180.9497472014125,,1,180.9497472014125,0.0,0.0,0.0,0.0,0.0,0.0,0.0,0.0,0.0,47.0,8.0,6.0,5.0,89.0,241.9497472014125,990.0,965.079748736007,24.92025126399301,0.1209233355521511,0.01113072851212,989.8679459359356,0.1867821587219068,0.01,0.01,0.01,24.601415041206824,24.77819719992873,24.77819719992873,24.77819719992873,,0.9491901801396329,0.0,0.0,0.0,41.43907042766869,0.0,0.0,0.0,0.8911628048961009,0.0,0.0,0.0,0.97911628048961,0.96,0.96,0.96,40.573668504085965,0.0,0.0,0.0,40.573668504085965,973.7680440980632,0.120773028829698,6.228504680259226e-05
2015-09-15,2015-09-26,244.603,0.9492227163041036,232.1827240761327,0.903,2015,9,15,2015.09,2014,12,350,50,0.0200605873601778,0.0,0.0,0.75,4,Mod_Dry,34,6,4,3,44,91.0,0.3919326916422994,141.1827240761327,141.1827240761327,,1,141.1827240761327,0.0,0.0,0.0,0.0,0.0,0.0,0.0,0.0,0.0,34.0,6.0,4.0,3.0,44.0,185.1827240761327,990.0,964.5930963444569,25.406903655543147,0.1008880784321093,0.0077505315464712,989.8913613900214,0.1330966775027791,0.01,0.01,0.01,25.165168368061785,25.28826504556456,25.28826504556456,25.28826504556456,,0.9352452563781324,0.0,0.0,0.0,32.5870923372368,0.0,0.0,0.0,0.7007976846717591,0.0,0.0,0.0,0.97,0.96,0.96,0.96,31.60947956711969,0.0,0.0,0.0,31.60947956711969,758.6275096108726,0.1361405319577306,6.219182303163204e-05
2015-10-15,2015-10-26,197.7856,0.9912735433022318,196.05963252615788,0.962,2015,10,15,2015.1,2015,1,15,3,0.01693955225026,3.953497372243419,0.0201647698779398,0.71,4,Mod_Dry,31,4,3,2,33,73.0,0.3723356973560607,123.05963252615788,123.05963252615788,,1,123.05963252615788,0.0,0.0,0.0,0.0,0.0,0.0,0.0,0.0,0.0,31.0,4.0,3.0,2.0,33.0,161.05963252615788,990.0,964.4078807349476,25.59211926505236,0.0923742597658043,0.0062100687647234,989.9014156714694,0.1086305039103131,0.01,0.01,0.01,25.384904432611457,25.483534936521767,25.483534936521767,25.483534936521767,,0.927033088426786,0.0,0.0,0.0,28.400440865345573,0.0,0.0,0.0,0.6107621691472166,0.0,0.0,0.0,0.97,0.96,0.96,0.96,27.548427639385206,0.0,0.0,0.0,27.548427639385206,661.1622633452449,0.1405104522763488,6.218400667914991e-05
2015-11-15,2015-11-26,207.2832,0.9713676659135028,201.34819816708185,0.949,2015,11,15,2015.11,2015,2,46,7,0.0173964843216358,0.0,0.0,0.87,4,Mod_Dry,29,4,2,2,30,67.0,0.3327568888617636,134.34819816708185,134.34819816708185,,1,134.34819816708185,0.0,0.0,0.0,0.0,0.0,0.0,0.0,0.0,0.0,29.0,4.0,2.0,2.0,30.0,169.34819816708185,990.0,964.4080891890025,25.591910810997547,0.0952995624669279,0.0071695968442019,989.8975308406888,0.1238700675255605,0.01,0.01,0.01,25.36557158416087,25.479441651686432,25.479441651686432,25.479441651686432,,0.9321691003744694,0.0,0.0,0.0,31.15371923250732,0.0,0.0,0.0,0.6699724566130607,0.0,0.0,0.0,0.97,0.96,0.96,0.96,30.2191076555321,0.0,0.0,0.0,30.2191076555321,725.2585837327704,0.1500838245915457,6.24809017575488e-05
2015-12-15,2015-12-26,310.3376,0.9297022486736368,288.5215645679796,0.8029999999999999,2015,12,15,2015.12,2015,3,76,11,0.0249282631786734,6.407989138887444,0.0222097407120417,0.92,5,Dry,26,4,3,2,24,59.0,0.2044907807440465,229.5215645679796,229.5215645679796,,1,229.5215645679796,0.0,0.0,0.0,0.0,0.0,0.0,0.0,0.0,0.0,26.0,4.0,3.0,2.0,24.0,262.5215645679796,990.0,964.854086258272,25.145913741728123,0.1281837681790265,0.0152593329882782,989.8565568988328,0.2523541121667725,0.01,0.01,0.01,24.750116528394,24.99247064056077,24.99247064056077,24.99247064056077,,0.9589724450147906,0.0,0.0,0.0,53.42512802764351,0.0,0.0,0.0,1.1489274844654518,0.0,0.0,0.0,0.98,0.96,0.96,0.96,48.2,0.0,0.0,0.0,48.2,1156.8000000000002,0.167058570031577,5.8333903893040845e-05
2016-01-15,2016-01-26,548.182,0.8784797080594273,481.566763323433,0.561,2016,1,15,2016.01,2015,4,107,16,0.0416073683511446,0.0,0.0,0.9,4,Mod_Dry,34,5,4,3,45,91.0,0.1889665295253816,390.566763323433,390.566763323433,,2,195.2833816617165,195.2833816617165,0.0,0.0,0.0,0.0,0.0,0.0,0.0,0.0,34.0,5.0,4.0,3.0,45.0,433.566763323433,990.0,965.7670504349554,24.232949565044574,0.1885509258095777,0.0833475122886603,989.7281015619018,0.2061325652433173,0.2061325652433173,0.01,0.01,23.75491856170304,23.75491856170304,23.95105112694636,23.95105112694636,,0.9537941417453146,0.9537941417453146,0.0,0.0,43.3922513017482,43.3922513017482,0.0,0.0,0.9331666946612516,0.9331666946612516,0.0,0.0,0.98,0.98,0.96,0.96,42.52440627571323,42.52440627571323,0.0,0.0,85.04881255142647,2041.1715012342352,0.1766085598692064,6.048817352543168e-05
2016-02-15,2016-02-26,863.2239999999998,0.8970607168566745,774.364340247886,0.407,2016,2,15,2016.02,2015,5,138,20,0.0669050789974173,18.002512217128807,0.0232481162696179,0.81,4,Mod_Dry,36,6,5,4,54,105.0,0.1355950868894452,669.364340247886,669.364340247886,,3,223.12144674929536,223.12144674929536,223.12144674929536,0.0,0.0,0.0,0.0,0.0,0.0,0.0,36.0,6.0,5.0,4.0,54.0,716.364340247886,990.0,966.9974573609916,23.00254263900854,0.3336240209231334,0.2481353792855878,989.4182405997911,0.2437139531115487,0.2437139531115487,0.2437139531115487,0.01,22.17706928568825,22.17706928568825,22.17706928568825,22.4107832387998,,0.9569969952939076,0.9569969952939076,0.9569969952939076,0.0,46.4402708842546,46.4402708842546,46.4402708842546,0.0,0.9987155028871958,0.9987155028871958,0.9987155028871958,0.0,0.98,0.98,0.98,0.96,45.51146546656951,45.51146546656951,45.51146546656951,0.0,136.53439639970853,3276.825513593005,0.1763180318401564,5.666005632761377e-05
2016-03-15,2016-03-26,2483.2232,1.0111383888554557,2510.882305616489,0.124,2016,3,15,2016.03,2015,6,167,24,0.2169402312052646,19.25528214861379,0.0076687314676368,0.34,2,Mod_Wet,59,11,12,13,144,239.0,0.0951856642047262,2271.882305616489,1100.0,,4,275.0,275.0,275.0,275.0,1171.8823056164888,41.0,6.999999999999993,13.000000000000009,63.74255218834458,1047.1397534281443,100.0,18.0,25.0,76.74255218834458,1191.1397534281443,1243.0,990.0,972.3331641859708,17.666835814029128,0.9262894125183112,0.648,988.4257105874816,0.28,0.28,0.28,0.28,15.812546401510843,15.812546401510843,15.812546401510843,15.812546401510843,,0.9442501856060432,0.9442501856060432,0.9442501856060432,0.9442501856060432,40.26802088004199,40.26802088004199,40.26802088004199,40.26802088004199,0.8659789436568169,0.8659789436568169,0.8659789436568169,0.8659789436568169,0.9765978943656816,0.9765978943656816,0.9765978943656816,0.9765978943656816,39.32566440172231,39.32566440172231,39.32566440172231,39.32566440172231,157.30265760688923,3775.263782565341,0.0626483596045204,3.972289333507304e-05
2016-04-15,2016-04-26,2923.7265,1.017716395401773,2975.5243947206427,0.088,2016,4,15,2016.04,2015,7,198,29,0.2570853077038635,0.0,0.0,0.54,3,Normal,54,13,14,19,117,217.0,0.0729283216044253,2758.5243947206427,1100.0,,4,275.0,275.0,275.0,275.0,1658.5243947206427,46.0,5.0,11.0,61.0,1535.5243947206425,100.0,18.0,25.0,80.0,1652.5243947206425,1243.0,990.0,973.4547140562222,16.5452859437778,0.9262894125183112,0.648,988.4257105874816,0.28,0.28,0.28,0.28,14.690996531259517,14.690996531259517,14.690996531259517,14.690996531259517,,0.939145979187557,0.939145979187557,0.939145979187557,0.939145979187557,37.2096643935763,37.2096643935763,37.2096643935763,37.2096643935763,0.8002078364209957,0.8002078364209957,0.8002078364209957,0.8002078364209957,0.9700207836420996,0.9700207836420996,0.9700207836420996,0.9700207836420996,36.09414781411641,36.09414781411641,36.09414781411641,36.09414781411641,144.37659125646564,3465.0381901551755,0.0485213939138349,3.645873516577415e-05
2016-05-15,2016-05-26,2483.2232,1.0111383888554557,2510.882305616489,0.124,2016,5,15,2016.05,2015,8,228,33,0.2169402312052646,42.16097810261317,0.0167913000176491,0.36,2,Mod_Wet,65,14,17,23,202,321.0,0.1278435071536282,2189.882305616489,1100.0,,4,275.0,275.0,275.0,275.0,1089.8823056164888,34.99999999999997,4.0,8.000000000000007,57.0,985.8823056164888,100.0,18.0,25.0,80.0,1187.8823056164888,1243.0,990.0,972.3331641859708,17.666835814029128,0.9262894125183112,0.648,988.4257105874816,0.28,0.28,0.28,0.28,15.812546401510843,15.812546401510843,15.812546401510843,15.812546401510843,,0.9442501856060432,0.9442501856060432,0.9442501856060432,0.9442501856060432,40.26802088004199,40.26802088004199,40.26802088004199,40.26802088004199,0.8659789436568169,0.8659789436568169,0.8659789436568169,0.8659789436568169,0.9765978943656816,0.9765978943656816,0.9765978943656816,0.9765978943656816,39.32566440172231,39.32566440172231,39.32566440172231,39.32566440172231,157.30265760688923,3775.263782565341,0.0626483596045204,3.972289333507304e-05
2016-06-15,2016-06-26,1349.4128,0.9058260264313204,1222.3332346395623,0.268,2016,6,15,2016.06,2015,9,259,37,0.1056095914728582,33.82222587702495,0.0276702170231003,0.4,2,Mod_Wet,62,12,14,16,153,257.0,0.2102536302842026,965.3332346395624,965.3332346395624,,4,241.33330865989055,241.33330865989055,241.33330865989055,241.33330865989055,0.0,0.0,0.0,0.0,0.0,0.0,62.0,12.0,14.0,16.0,153.0,1053.3332346395623,990.0,968.5987615945814,21.401238405418557,0.6300885280437876,0.4062212855655481,988.9636901863907,0.2682999666908523,0.2682999666908523,0.2682999666908523,0.2682999666908523,20.09662862511845,20.09662862511845,20.09662862511845,20.09662862511845,,0.954859856863773,0.954859856863773,0.954859856863773,0.954859856863773,45.41703822576768,45.41703822576768,45.41703822576768,45.41703822576768,0.9767104994788748,0.9767104994788748,0.9767104994788748,0.9767104994788748,0.98,0.98,0.98,0.98,44.50869746125233,44.50869746125233,44.50869746125233,44.50869746125233,178.03478984500933,4272.834956280224,0.1456515987618611,5.123008979251152e-05
2016-07-15,2016-07-26,548.182,0.8784797080594273,481.566763323433,0.561,2016,7,15,2016.07,2015,10,289,42,0.0416073683511446,10.199436181977148,0.0211796929497124,0.65,3,Normal,50,10,9,9,108,186.0,0.3862392801288021,295.566763323433,295.566763323433,,2,147.7833816617165,147.7833816617165,0.0,0.0,0.0,0.0,0.0,0.0,0.0,0.0,50.0,10.0,9.0,9.0,108.0,364.566763323433,990.0,965.7670504349554,24.232949565044574,0.1641986849585305,0.0385075122886603,989.7972938027528,0.1420075652433172,0.1420075652433172,0.01,0.01,23.888235802554107,23.888235802554107,24.020243367797423,24.020243367797423,,0.9400171727700904,0.9400171727700904,0.0,0.0,32.544991658096194,32.544991658096194,0.0,0.0,0.6998922937224988,0.6998922937224988,0.0,0.0,0.97,0.97,0.96,0.96,31.568641908353307,31.568641908353307,0.0,0.0,63.13728381670661,1515.2948116009588,0.1311080594121109,5.9337302328333766e-05
2016-08-15,2016-08-26,367.5781,0.9139547410507114,335.9497472014125,0.73,2016,8,15,2016.08,2015,11,320,46,0.029026058158202,4.071760566927877,0.0121201477329486,0.68,3,Normal,47,8,6,5,89,155.0,0.4613785284591168,180.9497472014125,180.9497472014125,,1,180.9497472014125,0.0,0.0,0.0,0.0,0.0,0.0,0.0,0.0,0.0,47.0,8.0,6.0,5.0,89.0,241.9497472014125,990.0,965.079748736007,24.92025126399301,0.1209233355521511,0.01113072851212,989.8679459359356,0.1867821587219068,0.01,0.01,0.01,24.601415041206824,24.77819719992873,24.77819719992873,24.77819719992873,,0.9491901801396329,0.0,0.0,0.0,41.43907042766869,0.0,0.0,0.0,0.8911628048961009,0.0,0.0,0.0,0.97911628048961,0.96,0.96,0.96,40.573668504085965,0.0,0.0,0.0,40.573668504085965,973.7680440980632,0.120773028829698,6.228504680259226e-05
2016-09-15,2016-09-26,251.8195,0.9405520044132718,236.8493354753479,0.892,2016,9,15,2016.09,2015,12,351,51,0.02046378258507,0.0,0.0,0.71,4,Mod_Dry,34,6,4,3,44,91.0,0.3842104932123467,145.8493354753479,145.8493354753479,,1,145.8493354753479,0.0,0.0,0.0,0.0,0.0,0.0,0.0,0.0,0.0,34.0,6.0,4.0,3.0,44.0,189.8493354753479,990.0,964.621096012852,25.37890398714785,0.1025350764197728,0.0081471935154045,989.8893177300648,0.1393966028917197,0.01,0.01,0.01,25.12882511432095,25.258221717212667,25.258221717212667,25.258221717212667,,0.9372073353973898,0.0,0.0,0.0,33.686121997113624,0.0,0.0,0.0,0.724432731120723,0.0,0.0,0.0,0.97,0.96,0.96,0.96,32.675538337200216,0.0,0.0,0.0,32.675538337200216,784.2129200928052,0.1379591725331279,6.22322919567516e-05
2016-10-15,2016-10-26,182.5865,1.0466171465371623,191.09816162620763,0.975,2016,10,15,2016.1,2016,1,15,3,0.0165108811645043,0.6851929357543725,0.0035855548265012,0.84,4,Mod_Dry,31,4,3,2,33,73.0,0.3820026282764021,118.09816162620764,118.09816162620764,,1,118.09816162620764,0.0,0.0,0.0,0.0,0.0,0.0,0.0,0.0,0.0,31.0,4.0,3.0,2.0,33.0,156.09816162620763,990.0,964.4178036767476,25.582196323252447,0.0906231963304724,0.0057883437382276,989.9035884599313,0.1019325181953803,0.01,0.01,0.01,25.383852264988324,25.475784783183705,25.475784783183705,25.475784783183705,,0.9234950885567134,0.0,0.0,0.0,27.15025783527928,0.0,0.0,0.0,0.5838765125866511,0.0,0.0,0.0,0.97,0.96,0.96,0.96,26.3357501002209,0.0,0.0,0.0,26.3357501002209,632.0580024053015,0.1378126815878753,6.194411528694652e-05
2016-11-15,2016-11-26,185.5639,1.0261315303809266,190.41296869045323,0.976,2016,11,15,2016.11,2016,2,46,7,0.0164516804948551,0.0,0.0,0.95,5,Dry,23,4,2,2,19,50.0,0.2625871564519484,140.41296869045323,140.41296869045323,,1,140.41296869045323,0.0,0.0,0.0,0.0,0.0,0.0,0.0,0.0,0.0,23.0,4.0,2.0,2.0,19.0,169.41296869045323,990.0,964.419174062619,25.58082593738095,0.095322422078009,0.0076851023386885,989.8969924755834,0.1320575077321118,0.01,0.01,0.01,25.34576090523221,25.467818412964323,25.467818412964323,25.467818412964323,,0.934621706771007,0.0,0.0,0.0,32.62023745614533,0.0,0.0,0.0,0.7015104829278566,0.0,0.0,0.0,0.97,0.96,0.96,0.96,31.64163033246097,0.0,0.0,0.0,31.64163033246097,759.3991279790632,0.1661737146900929,6.259636727995858e-05
2016-12-15,2016-12-26,358.3644,0.921348231477836,330.1784061646158,0.74,2016,12,15,2016.12,2016,3,76,11,0.0285274142926228,5.474372213958361,0.0165800431274388,0.77,4,Mod_Dry,31,5,3,2,36,77.0,0.2332072557210491,253.1784061646158,253.1784061646158,,1,253.1784061646158,0.0,0.0,0.0,0.0,0.0,0.0,0.0,0.0,0.0,31.0,5.0,3.0,2.0,36.0,292.1784061646158,990.0,965.0508920308232,24.949107969176907,0.1386505877361661,0.0185002077096986,989.842849204554,0.28,0.01,0.01,0.01,24.51195717373102,24.78195717373102,24.78195717373102,24.78195717373102,,0.9545935573393124,0.0,0.0,0.0,58.098089212551805,0.0,0.0,0.0,1.2494212733882109,0.0,0.0,0.0,0.98,0.96,0.96,0.96,48.2,0.0,0.0,0.0,48.2,1156.8000000000002,0.1459816847500593,5.288321816902298e-05
2017-01-15,2017-01-26,1006.9774,0.9213790990341242,927.8079295597248,0.353,2017,1,15,2017.01,2016,4,107,16,0.0801626051139602,0.0,0.0,0.47,3,Normal,41,6,4,3,66,120.0,0.1293371140478869,807.8079295597248,807.8079295597248,,3,269.2693098532416,269.2693098532416,269.2693098532416,0.0,0.0,0.0,0.0,0.0,0.0,0.0,41.0,6.0,4.0,3.0,66.0,858.8079295597248,990.0,967.6112317182389,22.388768281761145,0.4411151753747804,0.3299790379069068,989.2289057867184,0.28,0.28,0.28,0.01,21.33767406847946,21.33767406847946,21.33767406847946,21.607674068479454,,0.9556463687884036,0.9556463687884036,0.9556463687884036,0.0,53.84803349333823,53.84803349333823,53.84803349333823,0.0,1.1580222256631878,1.1580222256631878,1.1580222256631878,0.0,0.98,0.98,0.98,0.96,48.2,48.2,48.2,0.0,144.60000000000002,3470.4000000000005,0.1558512224277038,4.972304083293475e-05
2017-02-15,2017-02-26,1360.1559,0.9107314904603608,1238.7368100654537,0.267,2017,2,15,2017.02,2016,5,138,20,0.1070268603896551,54.3511701831544,0.0438762856980754,0.25,2,Mod_Wet,49,8,7,5,93,162.0,0.1307783854355955,1076.7368100654537,1076.7368100654537,,4,269.1842025163634,269.1842025163634,269.1842025163634,269.1842025163634,0.0,0.0,0.0,0.0,0.0,0.0,49.0,8.0,7.0,5.0,93.0,1140.7368100654537,990.0,968.6503156887773,21.34968431122286,0.7581747752914766,0.5956578226472709,988.6461674020612,0.28,0.28,0.28,0.28,19.715851713284195,19.715851713284195,19.715851713284195,19.715851713284195,,0.9543443036526176,0.9543443036526176,0.9543443036526176,0.9543443036526176,49.67168551904156,49.67168551904156,49.67168551904156,49.67168551904156,1.0682082907320765,1.0682082907320765,1.0682082907320765,1.0682082907320765,0.98,0.98,0.98,0.98,48.2,48.2,48.2,48.2,192.8,4627.200000000001,0.1556424241480421,4.9738761649933726e-05
2017-03-15,2017-03-26,2019.3579,1.00817989886424,2035.876043392704,0.173,2017,3,15,2017.03,2016,6,166,24,0.1758996901491296,74.86699063045194,0.036773845280722,0.54,3,Normal,49,9,9,9,107,183.0,0.0898875943817473,1852.876043392704,1100.0,,4,275.0,275.0,275.0,275.0,752.8760433927041,51.0,9.0,16.0,37.02669065865758,639.8493527340465,100.0,18.0,25.0,46.02669065865758,746.8493527340465,1243.0,990.0,971.1865973461204,18.81340265387962,0.9262894125183112,0.648,988.4257105874816,0.28,0.28,0.28,0.28,16.959113241361337,16.959113241361337,16.959113241361337,16.959113241361337,,0.947877339724084,0.947877339724084,0.947877339724084,0.947877339724084,43.35375055066682,43.35375055066682,43.35375055066682,43.35375055066682,0.9323387215197164,0.9323387215197164,0.9323387215197164,0.9323387215197164,0.98,0.98,0.98,0.98,42.48667553965348,42.48667553965348,42.48667553965348,42.48667553965348,169.94670215861393,4078.720851806735,0.0834759575417984,4.291583387843786e-05
2017-04-15,2017-04-26,3378.487,1.0310770263443272,3483.480329502967,0.058,2017,4,15,2017.04,2016,7,197,29,0.3009727004690564,12.8177851229716,0.0036795916470125,0.28,2,Mod_Wet,70,14,18,25,168,295.0,0.0846854215026072,3188.480329502967,1100.0,,4,275.0,275.0,275.0,275.0,2088.480329502967,29.999999999999943,4.0,6.999999999999986,55.0,1992.480329502967,100.0,18.0,25.0,80.0,2160.480329502967,1243.0,990.0,974.585470222042,15.414529777958023,0.9262894125183112,0.648,988.4257105874816,0.28,0.28,0.28,0.28,13.56024036543974,13.56024036543974,13.56024036543974,13.56024036543974,,0.9323614421926384,0.9323614421926384,0.9323614421926384,0.9323614421926384,34.09754302726956,34.09754302726956,34.09754302726956,34.09754302726956,0.7332804952100981,0.7332804952100981,0.7332804952100981,0.7332804952100981,0.97,0.97,0.97,0.97,33.074616736451475,33.074616736451475,33.074616736451475,33.074616736451475,132.2984669458059,3175.1632066993416,0.0379788184320485,3.340870377419341e-05
2017-05-15,2017-05-26,2175.1611,1.0097605349112566,2196.3918358541573,0.155,2017,5,15,2017.05,2016,8,227,33,0.1897682546177992,28.551885388784736,0.0129994497897417,0.49,3,Normal,55,13,13,17,178,276.0,0.1256606382770795,1920.3918358541573,1100.0,,4,275.0,275.0,275.0,275.0,820.3918358541573,45.0,5.0,12.0,50.531381193915486,707.8604546602419,100.0,18.0,25.0,67.53138119391548,885.8604546602419,1243.0,990.0,971.5740492589584,18.425950741041675,0.9262894125183112,0.648,988.4257105874816,0.28,0.28,0.28,0.28,16.57166132852339,16.57166132852339,16.57166132852339,16.57166132852339,,0.9467149839855702,0.9467149839855702,0.9467149839855702,0.9467149839855702,42.31133159212672,42.31133159212672,42.31133159212672,42.31133159212672,0.9099211095081016,0.9099211095081016,0.9099211095081016,0.9099211095081016,0.98,0.98,0.98,0.98,41.46510496028419,41.46510496028419,41.46510496028419,41.46510496028419,165.86041984113675,3980.650076187282,0.0755149500802233,4.1883944404327465e-05
2017-06-15,2017-06-26,1234.8221,0.9161553572318718,1131.2888821433105,0.293,2017,6,15,2017.06,2016,9,258,37,0.097743359417182,13.043988962710044,0.0115302016740385,0.53,3,Normal,53,12,12,13,120,210.0,0.185628978870666,921.2888821433104,921.2888821433104,,4,230.32222053582765,230.32222053582765,230.32222053582765,230.32222053582765,0.0,0.0,0.0,0.0,0.0,0.0,53.0,12.0,12.0,13.0,120.0,998.2888821433104,990.0,968.3126222010218,21.68737779897822,0.5687421418731624,0.3849038189573622,989.0463540391696,0.2534349977233673,0.2534349977233673,0.2534349977233673,0.2534349977233673,20.48029684042435,20.48029684042435,20.48029684042435,20.48029684042435,,0.955002302758255,0.955002302758255,0.955002302758255,0.955002302758255,44.178931118917866,44.178931118917866,44.178931118917866,44.178931118917866,0.950084540191782,0.950084540191782,0.950084540191782,0.950084540191782,0.98,0.98,0.98,0.98,43.29535249653951,43.29535249653951,43.29535249653951,43.29535249653951,173.18140998615803,4156.353839667792,0.1530832775957746,5.221592070715354e-05
2017-07-15,2017-07-26,536.2561,0.885781756478211,475.0058701801551,0.5680000000000001,2017,7,15,2017.07,2016,10,288,42,0.0410405071835654,2.7549791737266105,0.0057998844786522,0.64,3,Normal,50,10,9,9,108,186.0,0.3915741081882965,289.0058701801551,289.0058701801551,,2,144.50293509007756,144.50293509007756,0.0,0.0,0.0,0.0,0.0,0.0,0.0,0.0,50.0,10.0,9.0,9.0,108.0,358.0058701801551,990.0,965.7375264158106,24.262473584189365,0.1618831422045727,0.0354107707250332,989.8027060870704,0.1375789623716047,0.1375789623716047,0.01,0.01,23.92760070888818,23.92760070888818,24.055179671259783,24.055179671259783,,0.9385926437008508,0.9385926437008508,0.0,0.0,31.826704126467074,31.826704126467074,0.0,0.0,0.68444525003155,0.68444525003155,0.0,0.0,0.97,0.97,0.96,0.96,30.87190300267306,30.87190300267306,0.0,0.0,61.74380600534612,1481.851344128307,0.1299853536166376,5.934501334874599e-05
2017-08-15,2017-08-26,349.3005,0.9295836506121732,324.70403395065745,0.75,2017,8,15,2017.08,2016,11,319,46,0.0280544285333368,1.8881824875407456,0.005815087864993,0.73,4,Mod_Dry,39,7,5,4,60,115.0,0.3541686827872166,209.70403395065745,209.70403395065745,,1,209.70403395065745,0.0,0.0,0.0,0.0,0.0,0.0,0.0,0.0,0.0,39.0,7.0,5.0,4.0,60.0,260.70403395065745,990.0,965.0235201697532,24.97647983024672,0.1275423052319658,0.0135748428858058,989.8588828518824,0.2256004458333875,0.01,0.01,0.01,24.60976223629563,24.82536268212901,24.82536268212901,24.82536268212901,,0.9564930063517824,0.0,0.0,0.0,48.40995746620232,0.0,0.0,0.0,1.041074354111878,0.0,0.0,0.0,0.98,0.96,0.96,0.96,47.44175831687827,0.0,0.0,0.0,47.44175831687827,1138.6021996050786,0.1461076961060717,6.284221600731653e-05
2017-09-15,2017-09-26,227.147,0.9687089756752432,220.03933769770444,0.932,2017,9,15,2017.09,2016,12,350,50,0.0190113987770816,0.0,0.0,0.8,4,Mod_Dry,34,6,4,3,44,91.0,0.4135624154850806,129.03933769770444,129.03933769770444,,1,129.03933769770444,0.0,0.0,0.0,0.0,0.0,0.0,0.0,0.0,0.0,34.0,6.0,4.0,3.0,44.0,173.03933769770444,990.0,964.5202360261862,25.47976397381376,0.0966022849049142,0.0067183437043048,989.8966793713907,0.116703105891901,0.01,0.01,0.01,25.25974023931272,25.36644334520462,25.36644334520462,25.36644334520462,,0.9301936153037518,0.0,0.0,0.0,29.73466563425176,0.0,0.0,0.0,0.6394551749301454,0.0,0.0,0.0,0.97,0.96,0.96,0.96,28.842625665224205,0.0,0.0,0.0,28.842625665224205,692.2230159653809,0.1310794059235396,6.208835697321475e-05
