WaterYear,Class,Flow_Exceedance,Flow_min,Flow_mean,Flow_max,Volume,ExceedanceMean,ExceedanceMedian,ExceedanceMeanQ3070
1967,Very Wet,Q3,256.6659042898363,1868.2022331219625,5594.069795175452,59.077038296675966,0.042,0.062,0.021
2013,Wet,Q12,200.08712330781785,1345.00258710523,3618.0674289186213,42.41600158695054,0.258,0.139,0.114
2002,Median,Q50,197.8839798091028,1078.1266682325302,3880.4025356116854,33.999802609381064,0.516,0.464,0.495
1990,Dry,Q90,202.36918649496602,772.5465503201293,2294.569526323532,24.36302801089556,0.774,0.918,0.887
1996,Very Dry,Q97,130.2268076635365,554.6828960384553,1400.0244225869644,17.492479809468726,0.9390000000000001,0.97,0.9590000000000001
