WaterYear,Class,Flow_Exceedance,Flow_min,Flow_mean,Flow_max,Volume,ExceedanceMean,ExceedanceMedian,ExceedanceMeanQ3070
1967,Very Wet,Q3,256.6659042898368,1868.2022331219625,5594.069795175452,59.07703829667598,0.042,0.062,0.021
2013,Wet,Q12,200.08712330781853,1345.002587105231,3618.0674289186213,42.416001586950564,0.258,0.14200000000000002,0.114
2002,Median,Q50,197.88397980910338,1078.1266682325313,3880.402535611687,33.99980260938108,0.516,0.464,0.495
1990,Dry,Q90,202.36918649496658,772.54655032013,2294.569526323533,24.363028010895583,0.774,0.918,0.887
1996,Very Dry,Q97,130.2268076635365,554.6828960384561,1400.0244225869653,17.49247980946875,0.9390000000000001,0.97,0.9590000000000001
