WaterYear,Class,Flow_Exceedance,Flow_min,Flow_mean,Flow_max,Volume,ExceedanceMean,ExceedanceMedian,ExceedanceMeanQ3070
1967,Very Wet,Q3,256.6827889882703,1845.0807839731212,5513.419393582916,58.345882583111624,0.044,0.063,0.022
2013,Wet,Q12,195.0615901578589,1340.5784294070934,3574.946118586839,42.276481349782074,0.24,0.149,0.109
2002,Median,Q50,193.63700368409016,1072.8000932973546,3846.3561435461793,33.83182374222537,0.5,0.446,0.47900000000000004
1990,Dry,Q90,199.0925590239552,770.9793800759568,2293.9632006513275,24.313605730075412,0.772,0.914,0.881
1996,Very Dry,Q97,102.69188909931223,547.1654487850737,1399.6225280663384,17.255409592886107,0.9460000000000001,0.968,0.9570000000000001
