Return,Q
1.0101,730.4938325833406
2,3107.1625000570775
5,4824.885157657805
10,5922.755947074643
25,7266.093448029117
50,8227.482379516581
100,9149.854371015588
200,10049.343082813532
