Flow,FlowLabel,Elevation
3418,R2,988.8014
5124,R5,989.2899404
6248,R10,989.577402
6724,R15,989.6898416
7231,R20,989.7999
8489,R50,990.0699486
9395,R100,990.2501051
